ISO-10303-21;
HEADER;
FILE_DESCRIPTION (( 'STEP AP214' ),
    '1' );
FILE_NAME ('Chassis.STEP',
    '2026-01-01T15:27:58',
    ( '' ),
    ( '' ),
    'SwSTEP 2.0',
    'SolidWorks 2025',
    '' );
FILE_SCHEMA (( 'AUTOMOTIVE_DESIGN' ));
ENDSEC;

DATA;
#1 = ORIENTED_EDGE ( 'NONE', *, *, #2078, .F. ) ;
#2 = DIRECTION ( 'NONE',  ( 1.000000000000000000, 0.000000000000000000, 9.645899640478401470E-17 ) ) ;
#3 = EDGE_CURVE ( 'NONE', #7427, #193, #528, .T. ) ;
#4 = CARTESIAN_POINT ( 'NONE',  ( 52.36501998304115091, 8.274999999999998579, 17.92115427297832397 ) ) ;
#5 = AXIS2_PLACEMENT_3D ( 'NONE', #10876, #6396, #8453 ) ;
#6 = FACE_OUTER_BOUND ( 'NONE', #2331, .T. ) ;
#7 = CARTESIAN_POINT ( 'NONE',  ( -43.40689872104514535, 74.78999999999417980, -23.92998592831960991 ) ) ;
#8 = ORIENTED_EDGE ( 'NONE', *, *, #5296, .F. ) ;
#9 = CARTESIAN_POINT ( 'NONE',  ( -74.43749999996865085, 90.00000000000004263, -37.08269145387477295 ) ) ;
#10 = DIRECTION ( 'NONE',  ( 0.000000000000000000, -0.000000000000000000, -1.000000000000000000 ) ) ;
#11 = ORIENTED_EDGE ( 'NONE', *, *, #6375, .F. ) ;
#12 = ORIENTED_EDGE ( 'NONE', *, *, #1428, .T. ) ;
#13 = ORIENTED_EDGE ( 'NONE', *, *, #6534, .F. ) ;
#14 = VECTOR ( 'NONE', #8209, 1000.000000000000000 ) ;
#15 = VERTEX_POINT ( 'NONE', #1474 ) ;
#16 = EDGE_CURVE ( 'NONE', #10782, #3522, #5261, .T. ) ;
#17 = EDGE_CURVE ( 'NONE', #2427, #11497, #8857, .T. ) ;
#18 = LINE ( 'NONE', #8992, #10545 ) ;
#19 = VECTOR ( 'NONE', #2869, 1000.000000000000000 ) ;
#20 = LINE ( 'NONE', #3608, #7738 ) ;
#21 = ORIENTED_EDGE ( 'NONE', *, *, #4768, .F. ) ;
#22 = LINE ( 'NONE', #3610, #1347 ) ;
#23 = DIRECTION ( 'NONE',  ( 0.000000000000000000, 0.000000000000000000, 1.000000000000000000 ) ) ;
#24 = PLANE ( 'NONE',  #7600 ) ;
#25 = ORIENTED_EDGE ( 'NONE', *, *, #7888, .T. ) ;
#26 = CARTESIAN_POINT ( 'NONE',  ( 82.54999999999999716, 61.63999999999999346, 5.399999999999991473 ) ) ;
#27 = CARTESIAN_POINT ( 'NONE',  ( -33.55000000000002558, 97.32583987928822467, 33.89999999999999147 ) ) ;
#28 = ORIENTED_EDGE ( 'NONE', *, *, #348, .F. ) ;
#29 = EDGE_CURVE ( 'NONE', #950, #2634, #2423, .T. ) ;
#30 = EDGE_LOOP ( 'NONE', ( #10216, #7792, #11059, #5240 ) ) ;
#31 = EDGE_CURVE ( 'NONE', #9553, #5638, #7747, .T. ) ;
#32 = DIRECTION ( 'NONE',  ( -0.000000000000000000, -1.000000000000000000, -0.000000000000000000 ) ) ;
#33 = ORIENTED_EDGE ( 'NONE', *, *, #2277, .T. ) ;
#34 = EDGE_CURVE ( 'NONE', #9686, #9620, #6155, .T. ) ;
#35 = CARTESIAN_POINT ( 'NONE',  ( -46.58189872104514251, 94.56476577691782381, -21.83805926787198715 ) ) ;
#36 = VECTOR ( 'NONE', #8464, 1000.000000000000000 ) ;
#37 = CARTESIAN_POINT ( 'NONE',  ( 173.3018692371333032, -4.758722840904956009, -40.25769145387477721 ) ) ;
#38 = VECTOR ( 'NONE', #3395, 1000.000000000000000 ) ;
#39 = PLANE ( 'NONE',  #8420 ) ;
#40 = CARTESIAN_POINT ( 'NONE',  ( -80.07520753820969617, 66.63999999999998636, 10.39999999999999325 ) ) ;
#41 = VERTEX_POINT ( 'NONE', #11523 ) ;
#42 = PLANE ( 'NONE',  #8126 ) ;
#43 = DIRECTION ( 'NONE',  ( -0.000000000000000000, -1.000000000000000000, -0.000000000000000000 ) ) ;
#44 = CARTESIAN_POINT ( 'NONE',  ( -50.48689872104514365, 74.67980196068272392, -26.29001273249923898 ) ) ;
#45 = ORIENTED_EDGE ( 'NONE', *, *, #4638, .F. ) ;
#46 = VERTEX_POINT ( 'NONE', #10443 ) ;
#47 = AXIS2_PLACEMENT_3D ( 'NONE', #11385, #5126, #4244 ) ;
#48 = AXIS2_PLACEMENT_3D ( 'NONE', #11437, #3337, #6825 ) ;
#49 = ORIENTED_EDGE ( 'NONE', *, *, #10852, .T. ) ;
#50 = PLANE ( 'NONE',  #1554 ) ;
#51 = CARTESIAN_POINT ( 'NONE',  ( -41.55000000000002558, 97.32583987928822467, 10.19715292348722890 ) ) ;
#52 = LINE ( 'NONE', #10666, #9674 ) ;
#53 = DIRECTION ( 'NONE',  ( 0.000000000000000000, 0.000000000000000000, 1.000000000000000000 ) ) ;
#54 = DIRECTION ( 'NONE',  ( 0.000000000000000000, 0.7213349599943349455, 0.6925863668092024916 ) ) ;
#55 = VECTOR ( 'NONE', #10754, 1000.000000000000000 ) ;
#56 = AXIS2_PLACEMENT_3D ( 'NONE', #9627, #10460, #1546 ) ;
#57 = CYLINDRICAL_SURFACE ( 'NONE', #7582, 10.94291382678908064 ) ;
#58 = CARTESIAN_POINT ( 'NONE',  ( -50.48689872104515075, 74.43999999999417128, -7.959769997217391868 ) ) ;
#59 = VERTEX_POINT ( 'NONE', #6975 ) ;
#60 = ORIENTED_EDGE ( 'NONE', *, *, #9339, .F. ) ;
#61 = AXIS2_PLACEMENT_3D ( 'NONE', #10738, #6265, #5382 ) ;
#62 = VECTOR ( 'NONE', #2083, 1000.000000000000000 ) ;
#63 = ADVANCED_FACE ( 'NONE', ( #2483 ), #7866, .F. ) ;
#64 = AXIS2_PLACEMENT_3D ( 'NONE', #6728, #7831, #3335 ) ;
#65 = CARTESIAN_POINT ( 'NONE',  ( 69.20000000000776197, 8.275000000000277467, -0.6211324209935975560 ) ) ;
#66 = DIRECTION ( 'NONE',  ( 0.000000000000000000, -1.000000000000000000, 1.365923996832131116E-16 ) ) ;
#67 = CARTESIAN_POINT ( 'NONE',  ( -72.76808532237741645, 8.274999999999998579, 18.26344096711973819 ) ) ;
#68 = ORIENTED_EDGE ( 'NONE', *, *, #939, .F. ) ;
#69 = CARTESIAN_POINT ( 'NONE',  ( -1.719395645048214183, 124.8258398793072956, 32.58733106431238724 ) ) ;
#70 = CARTESIAN_POINT ( 'NONE',  ( 74.43750000000000000, 82.35514882866895903, -32.75769145387477010 ) ) ;
#71 = CARTESIAN_POINT ( 'NONE',  ( -5.461913016040046642, 96.12583987928823603, 21.29351081815998370 ) ) ;
#72 = ORIENTED_EDGE ( 'NONE', *, *, #377, .F. ) ;
#73 = ORIENTED_EDGE ( 'NONE', *, *, #10474, .T. ) ;
#74 = EDGE_CURVE ( 'NONE', #1174, #4850, #11467, .T. ) ;
#75 = VECTOR ( 'NONE', #5925, 1000.000000000000000 ) ;
#76 = VERTEX_POINT ( 'NONE', #7037 ) ;
#77 = EDGE_LOOP ( 'NONE', ( #9066, #1048, #10958, #10102 ) ) ;
#78 = AXIS2_PLACEMENT_3D ( 'NONE', #8739, #7097, #6976 ) ;
#79 = DIRECTION ( 'NONE',  ( 1.000000000000000000, 0.000000000000000000, 1.335278419062900361E-16 ) ) ;
#80 = LINE ( 'NONE', #2847, #1122 ) ;
#81 = ORIENTED_EDGE ( 'NONE', *, *, #9644, .F. ) ;
#82 = DIRECTION ( 'NONE',  ( 0.000000000000000000, 0.000000000000000000, 1.000000000000000000 ) ) ;
#83 = DIRECTION ( 'NONE',  ( 2.244742081187875711E-15, 1.000000000000000000, -0.000000000000000000 ) ) ;
#84 = VECTOR ( 'NONE', #4235, 1000.000000000000000 ) ;
#85 = EDGE_LOOP ( 'NONE', ( #10747, #1020, #7809, #414, #11463 ) ) ;
#86 = PLANE ( 'NONE',  #8488 ) ;
#87 = CARTESIAN_POINT ( 'NONE',  ( -79.37500000000001421, 5.099999999999993427, -127.1386775125482842 ) ) ;
#88 = VERTEX_POINT ( 'NONE', #6030 ) ;
#89 = ADVANCED_FACE ( 'NONE', ( #1593 ), #8682, .F. ) ;
#90 = EDGE_CURVE ( 'NONE', #3072, #11449, #5209, .T. ) ;
#91 = ORIENTED_EDGE ( 'NONE', *, *, #9681, .F. ) ;
#92 = EDGE_LOOP ( 'NONE', ( #2455, #8874, #3898, #147, #5876, #11306 ) ) ;
#93 = COLOUR_RGB ( '',0.7921568627450980005, 0.8196078431372548767, 0.9333333333333333481 ) ;
#95 = EDGE_CURVE ( 'NONE', #9854, #11606, #902, .T. ) ;
#94 = LINE ( 'NONE', #3741, #10099 ) ;
#96 = DIRECTION ( 'NONE',  ( 1.000000000000000000, 1.753511094850201891E-16, 1.351936382943306622E-32 ) ) ;
#97 = EDGE_CURVE ( 'NONE', #272, #656, #5351, .T. ) ;
#98 = LINE ( 'NONE', #2095, #673 ) ;
#99 = CARTESIAN_POINT ( 'NONE',  ( 50.48689872104515075, 75.48946397805705999, -21.83805926787198715 ) ) ;
#100 = VERTEX_POINT ( 'NONE', #1624 ) ;
#101 = CARTESIAN_POINT ( 'NONE',  ( 43.40689872104514535, 95.28999999999417980, 0.5200140716803907104 ) ) ;
#102 = CARTESIAN_POINT ( 'NONE',  ( 79.37500000000000000, 53.23979246179030156, -0.2576914538747754335 ) ) ;
#103 = LINE ( 'NONE', #9822, #108 ) ;
#104 = VECTOR ( 'NONE', #5542, 1000.000000000000000 ) ;
#105 = ADVANCED_FACE ( 'NONE', ( #4513 ), #723, .T. ) ;
#106 = ORIENTED_EDGE ( 'NONE', *, *, #8956, .F. ) ;
#107 = VECTOR ( 'NONE', #9072, 1000.000000000000000 ) ;
#108 = VECTOR ( 'NONE', #6364, 1000.000000000000000 ) ;
#109 = ORIENTED_EDGE ( 'NONE', *, *, #803, .F. ) ;
#110 = EDGE_LOOP ( 'NONE', ( #9053, #7070, #4615, #4201 ) ) ;
#111 = DIRECTION ( 'NONE',  ( 1.000000000000000000, -0.000000000000000000, -1.335278419062900115E-16 ) ) ;
#112 = VECTOR ( 'NONE', #6801, 1000.000000000000000 ) ;
#114 = EDGE_CURVE ( 'NONE', #2897, #3547, #2686, .T. ) ;
#113 = DIRECTION ( 'NONE',  ( -0.04985863843715559324, 0.000000000000000000, 0.9987562846726888433 ) ) ;
#115 = VECTOR ( 'NONE', #1511, 1000.000000000000000 ) ;
#116 = VECTOR ( 'NONE', #5553, 1000.000000000000000 ) ;
#117 = EDGE_CURVE ( 'NONE', #8617, #3234, #2008, .T. ) ;
#118 = LINE ( 'NONE', #915, #7805 ) ;
#119 = CARTESIAN_POINT ( 'NONE',  ( -11.25499999999998302, -27.00000000000000355, 13.89999999999999680 ) ) ;
#120 = CARTESIAN_POINT ( 'NONE',  ( 0.8588234648531480886, 124.8258398792884947, -15.76649027099538358 ) ) ;
#121 = EDGE_LOOP ( 'NONE', ( #3453, #2609, #10763, #546, #2497, #3844, #5922, #3600 ) ) ;
#122 = VECTOR ( 'NONE', #1496, 1000.000000000000227 ) ;
#123 = ORIENTED_EDGE ( 'NONE', *, *, #3527, .F. ) ;
#124 = DIRECTION ( 'NONE',  ( -1.000000000000000000, 0.000000000000000000, 0.000000000000000000 ) ) ;
#125 = CARTESIAN_POINT ( 'NONE',  ( -78.20449038585984169, 109.7936094382511811, 44.38388477948123523 ) ) ;
#126 = CYLINDRICAL_SURFACE ( 'NONE', #6280, 2.500000000000000444 ) ;
#127 = DIRECTION ( 'NONE',  ( 1.000000000000000000, -0.000000000000000000, 1.335278419062900115E-16 ) ) ;
#128 = VECTOR ( 'NONE', #9121, 1000.000000000000000 ) ;
#129 = ORIENTED_EDGE ( 'NONE', *, *, #5423, .T. ) ;
#130 = CARTESIAN_POINT ( 'NONE',  ( 0.000000000000000000, 72.64000000000000057, 19.12967496797186939 ) ) ;
#131 = DIRECTION ( 'NONE',  ( 0.000000000000000000, 0.000000000000000000, -1.000000000000000000 ) ) ;
#132 = FACE_OUTER_BOUND ( 'NONE', #2487, .T. ) ;
#133 = ORIENTED_EDGE ( 'NONE', *, *, #6874, .F. ) ;
#134 = ORIENTED_EDGE ( 'NONE', *, *, #8596, .T. ) ;
#135 = ORIENTED_EDGE ( 'NONE', *, *, #2517, .F. ) ;
#136 = ORIENTED_EDGE ( 'NONE', *, *, #31, .F. ) ;
#137 = FACE_OUTER_BOUND ( 'NONE', #10901, .T. ) ;
#138 = EDGE_CURVE ( 'NONE', #3329, #320, #5471, .T. ) ;
#139 = LINE ( 'NONE', #4499, #200 ) ;
#140 = ORIENTED_EDGE ( 'NONE', *, *, #4313, .T. ) ;
#141 = DIRECTION ( 'NONE',  ( 6.879417016859792209E-17, -0.8918917311500192957, -0.4522489799946727840 ) ) ;
#142 = CARTESIAN_POINT ( 'NONE',  ( -30.00042949693185079, 119.8258398792882105, 4.963509728450992142 ) ) ;
#143 = CARTESIAN_POINT ( 'NONE',  ( 2.324487692553086219E-12, 90.00000000000000000, 21.29350972844527234 ) ) ;
#144 = ORIENTED_EDGE ( 'NONE', *, *, #10925, .T. ) ;
#145 = DIRECTION ( 'NONE',  ( -1.000000000000000000, -0.000000000000000000, 0.000000000000000000 ) ) ;
#146 = DIRECTION ( 'NONE',  ( 1.000000000000000000, -0.000000000000000000, -0.000000000000000000 ) ) ;
#147 = ORIENTED_EDGE ( 'NONE', *, *, #9755, .T. ) ;
#148 = VERTEX_POINT ( 'NONE', #6359 ) ;
#149 = ORIENTED_EDGE ( 'NONE', *, *, #1947, .F. ) ;
#150 = CARTESIAN_POINT ( 'NONE',  ( -50.48689872104515075, 95.28999999999417980, -25.07998592831960849 ) ) ;
#151 = CARTESIAN_POINT ( 'NONE',  ( -80.07520753820969617, 61.63999999999999346, -5.257691453874764775 ) ) ;
#152 = CARTESIAN_POINT ( 'NONE',  ( 52.36501998304115091, 5.099999999999999645, 17.92115427297832397 ) ) ;
#153 = EDGE_CURVE ( 'NONE', #6680, #9754, #10711, .T. ) ;
#154 = EDGE_CURVE ( 'NONE', #6636, #9677, #5234, .T. ) ;
#155 = LINE ( 'NONE', #10167, #2887 ) ;
#156 = CARTESIAN_POINT ( 'NONE',  ( 0.000000000000000000, -27.00000000000000355, 25.39999999999999858 ) ) ;
#157 = FACE_OUTER_BOUND ( 'NONE', #1132, .T. ) ;
#158 = CARTESIAN_POINT ( 'NONE',  ( 52.36501998304115091, 5.099999999999999645, 20.22115427297831403 ) ) ;
#159 = VERTEX_POINT ( 'NONE', #10827 ) ;
#160 = CARTESIAN_POINT ( 'NONE',  ( 72.76808532237744487, 5.099999999999999645, 0.5788675790057377091 ) ) ;
#161 = DIRECTION ( 'NONE',  ( 0.000000000000000000, 1.000000000000000000, -0.000000000000000000 ) ) ;
#162 = DIRECTION ( 'NONE',  ( 0.000000000000000000, 0.000000000000000000, 1.000000000000000000 ) ) ;
#163 = ORIENTED_EDGE ( 'NONE', *, *, #3694, .F. ) ;
#164 = ORIENTED_EDGE ( 'NONE', *, *, #3775, .F. ) ;
#165 = CARTESIAN_POINT ( 'NONE',  ( 41.54999999999999716, 92.00000000000000000, 33.89999999999999147 ) ) ;
#166 = ADVANCED_FACE ( 'NONE', ( #9759 ), #8826, .T. ) ;
#167 = DIRECTION ( 'NONE',  ( 0.000000000000000000, 0.6427876096865373645, -0.7660444431189796788 ) ) ;
#168 = DIRECTION ( 'NONE',  ( 0.000000000000000000, 1.000000000000000000, 0.000000000000000000 ) ) ;
#169 = LINE ( 'NONE', #394, #1932 ) ;
#170 = CARTESIAN_POINT ( 'NONE',  ( 50.48689872104515075, 95.10731456396575823, 3.358535111626433700 ) ) ;
#171 = CARTESIAN_POINT ( 'NONE',  ( 53.40689872104514535, 74.43999999999417128, -2.374168628343576337 ) ) ;
#172 = CARTESIAN_POINT ( 'NONE',  ( -77.61249999996866222, 82.35514882866895903, -32.75769145387477010 ) ) ;
#173 = ORIENTED_EDGE ( 'NONE', *, *, #10696, .T. ) ;
#174 = ADVANCED_FACE ( 'NONE', ( #6296 ), #39, .F. ) ;
#175 = EDGE_CURVE ( 'NONE', #1654, #7005, #10868, .T. ) ;
#176 = ORIENTED_EDGE ( 'NONE', *, *, #3693, .F. ) ;
#177 = CARTESIAN_POINT ( 'NONE',  ( 6.616791707254730426, 79.82583987928821045, -1.926688377379035311 ) ) ;
#178 = CARTESIAN_POINT ( 'NONE',  ( -31.00042949693185435, 110.8258398792882247, 36.89999999999998437 ) ) ;
#179 = PLANE ( 'NONE',  #9652 ) ;
#180 = VECTOR ( 'NONE', #9675, 1000.000000000000000 ) ;
#181 = DIRECTION ( 'NONE',  ( 0.000000000000000000, 7.709882115452476934E-17, -1.000000000000000000 ) ) ;
#182 = CARTESIAN_POINT ( 'NONE',  ( 4.238803242514923575, 124.8258398792633699, 32.27348496173113546 ) ) ;
#183 = LINE ( 'NONE', #70, #10292 ) ;
#184 = AXIS2_PLACEMENT_3D ( 'NONE', #401, #7675, #3167 ) ;
#185 = CARTESIAN_POINT ( 'NONE',  ( 6.616791707254753518, 90.00000000000000000, -1.926688377379035311 ) ) ;
#186 = DIRECTION ( 'NONE',  ( 0.000000000000000000, 0.000000000000000000, -1.000000000000000000 ) ) ;
#187 = EDGE_LOOP ( 'NONE', ( #5252, #11439, #5422, #1093 ) ) ;
#188 = ORIENTED_EDGE ( 'NONE', *, *, #3059, .T. ) ;
#189 = EDGE_CURVE ( 'NONE', #9123, #8170, #3509, .T. ) ;
#190 = ORIENTED_EDGE ( 'NONE', *, *, #7023, .F. ) ;
#191 = VECTOR ( 'NONE', #8730, 1000.000000000000000 ) ;
#192 = LINE ( 'NONE', #8099, #4530 ) ;
#193 = VERTEX_POINT ( 'NONE', #8883 ) ;
#194 = CARTESIAN_POINT ( 'NONE',  ( 82.54999999999999716, 6.349999999999995204, -5.957898992084480483 ) ) ;
#195 = DIRECTION ( 'NONE',  ( -1.000000000000000000, 0.000000000000000000, 0.000000000000000000 ) ) ;
#196 = FACE_OUTER_BOUND ( 'NONE', #5722, .T. ) ;
#197 = EDGE_LOOP ( 'NONE', ( #8372, #11146, #8821, #2344 ) ) ;
#198 = CARTESIAN_POINT ( 'NONE',  ( -5.452947808417635045, 124.6954348578367444, 36.89929541667876833 ) ) ;
#199 = CARTESIAN_POINT ( 'NONE',  ( 50.48689872104515075, 95.28999999999417980, -22.77998592831961133 ) ) ;
#200 = VECTOR ( 'NONE', #10101, 1000.000000000000000 ) ;
#201 = ORIENTED_EDGE ( 'NONE', *, *, #868, .F. ) ;
#202 = ORIENTED_EDGE ( 'NONE', *, *, #5716, .T. ) ;
#203 = PLANE ( 'NONE',  #5508 ) ;
#204 = VERTEX_POINT ( 'NONE', #6116 ) ;
#205 = ADVANCED_FACE ( 'NONE', ( #2574 ), #7242, .T. ) ;
#206 = ADVANCED_FACE ( 'NONE', ( #4396 ), #3514, .T. ) ;
#207 = LINE ( 'NONE', #4142, #7552 ) ;
#208 = CYLINDRICAL_SURFACE ( 'NONE', #8417, 1.149999999999999467 ) ;
#209 = CARTESIAN_POINT ( 'NONE',  ( -69.20000000000000284, 18.84999999999999787, -37.08269145387476584 ) ) ;
#210 = PLANE ( 'NONE',  #3705 ) ;
#211 = DIRECTION ( 'NONE',  ( 0.000000000000000000, 0.000000000000000000, 1.000000000000000000 ) ) ;
#212 = ORIENTED_EDGE ( 'NONE', *, *, #2093, .T. ) ;
#213 = DIRECTION ( 'NONE',  ( 1.527355698137925406E-16, 0.000000000000000000, 1.000000000000000000 ) ) ;
#214 = CARTESIAN_POINT ( 'NONE',  ( 54.81499993151516748, 8.274999999999998579, 15.82115373010225312 ) ) ;
#215 = AXIS2_PLACEMENT_3D ( 'NONE', #7125, #8887, #9881 ) ;
#216 = VERTEX_POINT ( 'NONE', #11673 ) ;
#217 = ORIENTED_EDGE ( 'NONE', *, *, #6391, .F. ) ;
#218 = ADVANCED_FACE ( 'NONE', ( #3569 ), #1806, .F. ) ;
#219 = EDGE_CURVE ( 'NONE', #3428, #9616, #9296, .T. ) ;
#220 = CARTESIAN_POINT ( 'NONE',  ( -50.48689872104515075, 74.97269081489451992, 3.358530552390480040 ) ) ;
#221 = CIRCLE ( 'NONE', #4170, 12.50000000000000000 ) ;
#222 = PLANE ( 'NONE',  #8972 ) ;
#223 = PLANE ( 'NONE',  #11007 ) ;
#224 = CARTESIAN_POINT ( 'NONE',  ( 4.999570503068137661, 119.8299752807307357, -20.03649027154900963 ) ) ;
#225 = CARTESIAN_POINT ( 'NONE',  ( -5.000429496931850792, 109.8258398792882247, 11.89999999999998614 ) ) ;
#226 = CARTESIAN_POINT ( 'NONE',  ( -50.48689872104515075, 95.10731456396575823, 3.358535111626433700 ) ) ;
#227 = VECTOR ( 'NONE', #10072, 1000.000000000000000 ) ;
#228 = CARTESIAN_POINT ( 'NONE',  ( -0.0004294969318460739593, 124.8258398792882247, -15.76649027154901006 ) ) ;
#229 = VECTOR ( 'NONE', #5235, 1000.000000000000000 ) ;
#230 = ORIENTED_EDGE ( 'NONE', *, *, #3060, .T. ) ;
#231 = EDGE_CURVE ( 'NONE', #8357, #10730, #2568, .T. ) ;
#232 = ADVANCED_FACE ( 'NONE', ( #4691 ), #2949, .T. ) ;
#233 = VERTEX_POINT ( 'NONE', #330 ) ;
#234 = CIRCLE ( 'NONE', #6828, 25.00000000000000000 ) ;
#235 = LINE ( 'NONE', #5616, #10606 ) ;
#236 = DIRECTION ( 'NONE',  ( -9.348077867343818070E-13, -1.000000000000000000, 0.000000000000000000 ) ) ;
#237 = DIRECTION ( 'NONE',  ( 1.000000000000000000, -0.000000000000000000, -0.000000000000000000 ) ) ;
#238 = DIRECTION ( 'NONE',  ( -1.000000000000000000, 0.000000000000000000, 1.335278419062900361E-16 ) ) ;
#239 = EDGE_CURVE ( 'NONE', #5526, #1506, #1085, .T. ) ;
#240 = CARTESIAN_POINT ( 'NONE',  ( -4.167096163598520420, 119.8370416424499609, -20.03649027154900608 ) ) ;
#241 = EDGE_CURVE ( 'NONE', #7099, #1841, #8295, .T. ) ;
#242 = FACE_OUTER_BOUND ( 'NONE', #11629, .T. ) ;
#243 = FACE_OUTER_BOUND ( 'NONE', #9365, .T. ) ;
#244 = DIRECTION ( 'NONE',  ( -4.937420151055313657E-11, 0.000000000000000000, -1.000000000000000000 ) ) ;
#245 = PLANE ( 'NONE',  #3855 ) ;
#246 = ORIENTED_EDGE ( 'NONE', *, *, #1444, .F. ) ;
#247 = ADVANCED_FACE ( 'NONE', ( #1198 ), #6473, .F. ) ;
#248 = ORIENTED_EDGE ( 'NONE', *, *, #5714, .F. ) ;
#249 = AXIS2_PLACEMENT_3D ( 'NONE', #1127, #3731, #7520 ) ;
#250 = ORIENTED_EDGE ( 'NONE', *, *, #11211, .F. ) ;
#251 = AXIS2_PLACEMENT_3D ( 'NONE', #5109, #9639, #11308 ) ;
#252 = DIRECTION ( 'NONE',  ( -1.902368341696336056E-08, 0.000000000000000000, 0.9999999999999998890 ) ) ;
#253 = ORIENTED_EDGE ( 'NONE', *, *, #219, .F. ) ;
#254 = CARTESIAN_POINT ( 'NONE',  ( 46.58189872104514251, 94.56476577691782381, -8.504985928319962696 ) ) ;
#255 = LINE ( 'NONE', #10155, #4252 ) ;
#256 = EDGE_CURVE ( 'NONE', #8347, #9745, #8415, .T. ) ;
#257 = LINE ( 'NONE', #7466, #3236 ) ;
#258 = AXIS2_PLACEMENT_3D ( 'NONE', #178, #3766, #11039 ) ;
#259 = VERTEX_POINT ( 'NONE', #10120 ) ;
#260 = CARTESIAN_POINT ( 'NONE',  ( 82.54999999999999716, 90.00000000000000000, -40.25769145387477010 ) ) ;
#261 = LINE ( 'NONE', #10048, #9338 ) ;
#262 = EDGE_LOOP ( 'NONE', ( #5134, #8023 ) ) ;
#263 = VERTEX_POINT ( 'NONE', #2159 ) ;
#264 = CARTESIAN_POINT ( 'NONE',  ( -5.461913016040046642, 96.12583987928823603, 21.29351081815998370 ) ) ;
#265 = ORIENTED_EDGE ( 'NONE', *, *, #153, .T. ) ;
#266 = VECTOR ( 'NONE', #9369, 1000.000000000000000 ) ;
#267 = DIRECTION ( 'NONE',  ( 0.000000000000000000, -1.000000000000000000, 1.365923996832131116E-16 ) ) ;
#268 = LINE ( 'NONE', #6536, #8978 ) ;
#269 = DIRECTION ( 'NONE',  ( 0.000000000000000000, 0.000000000000000000, 1.000000000000000000 ) ) ;
#270 = CARTESIAN_POINT ( 'NONE',  ( 79.37500000000000000, 67.34020753820968253, -0.2576914538747651640 ) ) ;
#271 = DIRECTION ( 'NONE',  ( -0.000000000000000000, 1.000000000000000000, -0.000000000000000000 ) ) ;
#272 = VERTEX_POINT ( 'NONE', #2985 ) ;
#273 = DIRECTION ( 'NONE',  ( 0.000000000000000000, -0.5735764363510428288, 0.8191520442889941300 ) ) ;
#274 = CARTESIAN_POINT ( 'NONE',  ( 79.16107829884211355, 107.1981551393067775, 46.64463052003668508 ) ) ;
#275 = VERTEX_POINT ( 'NONE', #10170 ) ;
#276 = ORIENTED_EDGE ( 'NONE', *, *, #8257, .T. ) ;
#277 = AXIS2_PLACEMENT_3D ( 'NONE', #5321, #879, #9787 ) ;
#278 = ORIENTED_EDGE ( 'NONE', *, *, #6643, .F. ) ;
#279 = DIRECTION ( 'NONE',  ( -1.190923780745271205E-16, 0.4522489799946727840, -0.8918917311500192957 ) ) ;
#280 = CARTESIAN_POINT ( 'NONE',  ( -74.43749999996866507, -4.758722840905003082, -32.75769145387477721 ) ) ;
#281 = FACE_OUTER_BOUND ( 'NONE', #972, .T. ) ;
#282 = EDGE_CURVE ( 'NONE', #954, #2326, #98, .T. ) ;
#283 = AXIS2_PLACEMENT_3D ( 'NONE', #11556, #43, #1683 ) ;
#284 = LINE ( 'NONE', #341, #1940 ) ;
#285 = AXIS2_PLACEMENT_3D ( 'NONE', #9211, #1118, #832 ) ;
#286 = CARTESIAN_POINT ( 'NONE',  ( 82.54999999999999716, 58.93999999999998352, -0.2576914538747649974 ) ) ;
#287 = ORIENTED_EDGE ( 'NONE', *, *, #4409, .T. ) ;
#288 = EDGE_LOOP ( 'NONE', ( #9079, #1780, #7279, #3923, #9007, #6578, #8852, #11471, #8219, #2771, #10241, #3156, #520, #7484, #10914, #2975, #3414 ) ) ;
#289 = AXIS2_PLACEMENT_3D ( 'NONE', #5816, #5977, #9397 ) ;
#290 = AXIS2_PLACEMENT_3D ( 'NONE', #2681, #7355, #1803 ) ;
#291 = VECTOR ( 'NONE', #11574, 999.9999999999998863 ) ;
#292 = AXIS2_PLACEMENT_3D ( 'NONE', #3906, #4732, #5457 ) ;
#293 = DIRECTION ( 'NONE',  ( -0.000000000000000000, 0.000000000000000000, 1.000000000000000000 ) ) ;
#294 = CARTESIAN_POINT ( 'NONE',  ( -50.48689872104515075, 74.78999999999417980, 0.5200140716803901553 ) ) ;
#295 = ADVANCED_FACE ( 'NONE', ( #3690 ), #210, .F. ) ;
#296 = EDGE_CURVE ( 'NONE', #6680, #950, #4748, .T. ) ;
#297 = FACE_OUTER_BOUND ( 'NONE', #7841, .T. ) ;
#298 = CARTESIAN_POINT ( 'NONE',  ( 3.332903836401472031, 119.8510169627761712, -20.03649027154900253 ) ) ;
#299 = FACE_BOUND ( 'NONE', #6605, .T. ) ;
#300 = FACE_BOUND ( 'NONE', #6198, .T. ) ;
#301 = CARTESIAN_POINT ( 'NONE',  ( 43.40689872104514535, 74.78999999999417980, -23.92998592831960991 ) ) ;
#302 = AXIS2_PLACEMENT_3D ( 'NONE', #2108, #167, #5660 ) ;
#303 = CARTESIAN_POINT ( 'NONE',  ( -73.96808532237744771, 8.274999999999998579, 0.5788675790057360437 ) ) ;
#304 = AXIS2_PLACEMENT_3D ( 'NONE', #9032, #2721, #2783 ) ;
#305 = ORIENTED_EDGE ( 'NONE', *, *, #9482, .F. ) ;
#306 = ORIENTED_EDGE ( 'NONE', *, *, #4903, .F. ) ;
#307 = ORIENTED_EDGE ( 'NONE', *, *, #6938, .T. ) ;
#308 = CIRCLE ( 'NONE', #2762, 20.00000000000000000 ) ;
#309 = VECTOR ( 'NONE', #7612, 1000.000000000000000 ) ;
#310 = VECTOR ( 'NONE', #4262, 1000.000000000000000 ) ;
#311 = EDGE_CURVE ( 'NONE', #9888, #9161, #6648, .T. ) ;
#312 = CARTESIAN_POINT ( 'NONE',  ( 61.81289880791658931, 8.274999999999998579, 18.26344096711873277 ) ) ;
#313 = ORIENTED_EDGE ( 'NONE', *, *, #11591, .T. ) ;
#314 = DIRECTION ( 'NONE',  ( 0.000000000000000000, -0.000000000000000000, 1.000000000000000000 ) ) ;
#315 = LINE ( 'NONE', #1126, #5949 ) ;
#316 = CARTESIAN_POINT ( 'NONE',  ( 8.384417448465057987, 99.82583987928821045, 20.56133305602351413 ) ) ;
#317 = ORIENTED_EDGE ( 'NONE', *, *, #4254, .F. ) ;
#318 = DIRECTION ( 'NONE',  ( -0.000000000000000000, 0.000000000000000000, 1.000000000000000000 ) ) ;
#319 = FACE_OUTER_BOUND ( 'NONE', #8817, .T. ) ;
#320 = VERTEX_POINT ( 'NONE', #6415 ) ;
#321 = VERTEX_POINT ( 'NONE', #270 ) ;
#322 = LINE ( 'NONE', #1255, #7039 ) ;
#323 = CIRCLE ( 'NONE', #5025, 5.700207538209718372 ) ;
#324 = ORIENTED_EDGE ( 'NONE', *, *, #4044, .F. ) ;
#325 = EDGE_CURVE ( 'NONE', #11148, #3967, #6590, .T. ) ;
#326 = EDGE_CURVE ( 'NONE', #5791, #3904, #10059, .T. ) ;
#327 = ADVANCED_FACE ( 'NONE', ( #157 ), #5406, .F. ) ;
#328 = DIRECTION ( 'NONE',  ( 0.000000000000000000, 1.000000000000000000, 0.000000000000000000 ) ) ;
#329 = PLANE ( 'NONE',  #8594 ) ;
#330 = CARTESIAN_POINT ( 'NONE',  ( 46.58189872104514251, 72.67997248461419701, -24.29018084517760911 ) ) ;
#331 = CARTESIAN_POINT ( 'NONE',  ( -79.37500000000001421, 6.349999999999999645, 0.000000000000000000 ) ) ;
#332 = EDGE_LOOP ( 'NONE', ( #2918, #400, #1502, #6446, #2019, #5448 ) ) ;
#333 = CARTESIAN_POINT ( 'NONE',  ( -43.40689872104514535, 95.28999999999417980, 0.5200140716803907104 ) ) ;
#334 = CARTESIAN_POINT ( 'NONE',  ( 77.87725294080564709, 107.3258398792836772, 46.90000000000009805 ) ) ;
#335 = ORIENTED_EDGE ( 'NONE', *, *, #11438, .T. ) ;
#336 = ORIENTED_EDGE ( 'NONE', *, *, #7387, .T. ) ;
#337 = ORIENTED_EDGE ( 'NONE', *, *, #9521, .T. ) ;
#338 = DIRECTION ( 'NONE',  ( -1.066750355020279212E-16, 0.000000000000000000, 1.000000000000000000 ) ) ;
#339 = CYLINDRICAL_SURFACE ( 'NONE', #11202, 1.149999999999994804 ) ;
#340 = DIRECTION ( 'NONE',  ( -1.000000000000000000, -0.000000000000000000, -0.000000000000000000 ) ) ;
#341 = CARTESIAN_POINT ( 'NONE',  ( -3.955775492216536751E-11, 90.00000000000000000, -4.426490271437707236 ) ) ;
#342 = ORIENTED_EDGE ( 'NONE', *, *, #6493, .T. ) ;
#343 = FACE_OUTER_BOUND ( 'NONE', #8191, .T. ) ;
#344 = EDGE_LOOP ( 'NONE', ( #9219, #7141 ) ) ;
#345 = DIRECTION ( 'NONE',  ( 2.244742081187875711E-15, 1.000000000000000000, 0.000000000000000000 ) ) ;
#346 = ORIENTED_EDGE ( 'NONE', *, *, #3589, .T. ) ;
#347 = EDGE_CURVE ( 'NONE', #6849, #4568, #3743, .T. ) ;
#348 = EDGE_CURVE ( 'NONE', #6790, #11241, #4811, .T. ) ;
#349 = DIRECTION ( 'NONE',  ( 0.9987562846726890653, 0.000000000000000000, -0.04985863843715404586 ) ) ;
#350 = EDGE_CURVE ( 'NONE', #2316, #4561, #2927, .T. ) ;
#351 = CYLINDRICAL_SURFACE ( 'NONE', #7419, 2.500000000000002220 ) ;
#352 = CARTESIAN_POINT ( 'NONE',  ( -82.41986337973824561, 105.4802095945364044, 43.20873943049566890 ) ) ;
#353 = DIRECTION ( 'NONE',  ( 0.000000000000000000, 1.000000000000000000, 0.000000000000000000 ) ) ;
#354 = DIRECTION ( 'NONE',  ( 1.000000000000000000, 0.000000000000000000, 0.000000000000000000 ) ) ;
#355 = CARTESIAN_POINT ( 'NONE',  ( -5.000429496931849016, 110.8258398792882247, 36.89999999999999147 ) ) ;
#356 = CYLINDRICAL_SURFACE ( 'NONE', #11550, 5.000000000000000000 ) ;
#357 = DIRECTION ( 'NONE',  ( -0.000000000000000000, -1.000000000000000000, -0.000000000000000000 ) ) ;
#358 = CARTESIAN_POINT ( 'NONE',  ( 79.37500000000000000, 8.274999999999998579, 24.62763407003640381 ) ) ;
#359 = ORIENTED_EDGE ( 'NONE', *, *, #6076, .F. ) ;
#360 = ORIENTED_EDGE ( 'NONE', *, *, #4203, .T. ) ;
#361 = VERTEX_POINT ( 'NONE', #596 ) ;
#362 = ADVANCED_FACE ( 'NONE', ( #8639 ), #2437, .T. ) ;
#363 = AXIS2_PLACEMENT_3D ( 'NONE', #9179, #2037, #8287 ) ;
#364 = CARTESIAN_POINT ( 'NONE',  ( -67.12500000000000000, 104.8258398792882247, 37.90000000000004121 ) ) ;
#365 = ORIENTED_EDGE ( 'NONE', *, *, #5871, .F. ) ;
#366 = CARTESIAN_POINT ( 'NONE',  ( -76.81501998216512561, 5.099999999999999645, -2.578845727014059008 ) ) ;
#367 = CARTESIAN_POINT ( 'NONE',  ( 0.000000000000000000, 6.349999999999999645, 0.000000000000000000 ) ) ;
#368 = CARTESIAN_POINT ( 'NONE',  ( -82.54999999999999716, 72.64000000000000057, 19.12967496797186939 ) ) ;
#369 = ORIENTED_EDGE ( 'NONE', *, *, #6083, .T. ) ;
#370 = CARTESIAN_POINT ( 'NONE',  ( -79.37500000000001421, 52.94000000000002615, -0.2576914538747649974 ) ) ;
#371 = DIRECTION ( 'NONE',  ( 0.000000000000000000, 1.000000000000000000, 0.000000000000000000 ) ) ;
#372 = EDGE_LOOP ( 'NONE', ( #585, #4155, #3778, #11162 ) ) ;
#373 = VERTEX_POINT ( 'NONE', #10516 ) ;
#374 = LINE ( 'NONE', #6697, #7222 ) ;
#375 = AXIS2_PLACEMENT_3D ( 'NONE', #6756, #9458, #8634 ) ;
#376 = EDGE_LOOP ( 'NONE', ( #1816, #8391, #6399, #1672 ) ) ;
#377 = EDGE_CURVE ( 'NONE', #8923, #2688, #2223, .T. ) ;
#378 = ADVANCED_FACE ( 'NONE', ( #9572 ), #3321, .T. ) ;
#379 = DIRECTION ( 'NONE',  ( 0.000000000000000000, 0.000000000000000000, -1.000000000000000000 ) ) ;
#380 = CIRCLE ( 'NONE', #6980, 1.000000000000000888 ) ;
#381 = CARTESIAN_POINT ( 'NONE',  ( 46.58189872104514251, 74.97269081489451992, 3.358530552390480484 ) ) ;
#382 = FACE_OUTER_BOUND ( 'NONE', #500, .T. ) ;
#383 = ADVANCED_FACE ( 'NONE', ( #539 ), #11298, .F. ) ;
#384 = EDGE_LOOP ( 'NONE', ( #6653, #5916, #2724, #6034 ) ) ;
#385 = ADVANCED_FACE ( 'NONE', ( #4873, #9463, #6935 ), #8471, .T. ) ;
#386 = CARTESIAN_POINT ( 'NONE',  ( 79.37500000000000000, 61.63999999999999346, -0.2576914538747651640 ) ) ;
#387 = CARTESIAN_POINT ( 'NONE',  ( 78.20449038586031065, 107.3097246587698947, 46.86776955896298347 ) ) ;
#388 = VERTEX_POINT ( 'NONE', #381 ) ;
#389 = VERTEX_POINT ( 'NONE', #3150 ) ;
#390 = EDGE_CURVE ( 'NONE', #3319, #2540, #1369, .T. ) ;
#391 = CIRCLE ( 'NONE', #6989, 1.149999999999998135 ) ;
#392 = LINE ( 'NONE', #6715, #8021 ) ;
#393 = CARTESIAN_POINT ( 'NONE',  ( -82.54999999999999716, -27.00000000000000355, -10.25769145387463688 ) ) ;
#394 = CARTESIAN_POINT ( 'NONE',  ( -13.75499999999998479, -27.00000000000000355, 7.542308546125213731 ) ) ;
#395 = AXIS2_PLACEMENT_3D ( 'NONE', #7115, #9691, #2740 ) ;
#396 = ORIENTED_EDGE ( 'NONE', *, *, #17, .F. ) ;
#397 = CARTESIAN_POINT ( 'NONE',  ( -69.20000000000000284, 18.84999999999999787, -24.58269145387476584 ) ) ;
#398 = EDGE_CURVE ( 'NONE', #5022, #9225, #3974, .T. ) ;
#399 = LINE ( 'NONE', #1389, #10663 ) ;
#400 = ORIENTED_EDGE ( 'NONE', *, *, #7881, .T. ) ;
#401 = CARTESIAN_POINT ( 'NONE',  ( -11.25499999999998302, 4.249377385370907589, 7.542308546125213731 ) ) ;
#402 = ORIENTED_EDGE ( 'NONE', *, *, #6380, .T. ) ;
#403 = PLANE ( 'NONE',  #3457 ) ;
#404 = CARTESIAN_POINT ( 'NONE',  ( -80.85413375701730843, 106.7093069067126407, 45.66693405484826229 ) ) ;
#405 = LINE ( 'NONE', #4003, #3669 ) ;
#406 = DIRECTION ( 'NONE',  ( 2.037326371931608774E-06, 0.000000000000000000, -0.9999999999979246601 ) ) ;
#407 = AXIS2_PLACEMENT_3D ( 'NONE', #9170, #5519, #8229 ) ;
#408 = AXIS2_PLACEMENT_3D ( 'NONE', #11262, #7551, #5665 ) ;
#409 = FACE_BOUND ( 'NONE', #10570, .T. ) ;
#410 = FACE_OUTER_BOUND ( 'NONE', #3102, .T. ) ;
#411 = DIRECTION ( 'NONE',  ( 0.000000000000000000, 0.000000000000000000, -1.000000000000000000 ) ) ;
#412 = DIRECTION ( 'NONE',  ( 0.000000000000000000, 0.000000000000000000, 1.000000000000000000 ) ) ;
#413 = ORIENTED_EDGE ( 'NONE', *, *, #7663, .F. ) ;
#414 = ORIENTED_EDGE ( 'NONE', *, *, #9891, .F. ) ;
#415 = ORIENTED_EDGE ( 'NONE', *, *, #10181, .F. ) ;
#416 = AXIS2_PLACEMENT_3D ( 'NONE', #7759, #11355, #3260 ) ;
#417 = CONICAL_SURFACE ( 'NONE', #7021, 5.499999999999973355, 0.9599310885968850293 ) ;
#418 = CARTESIAN_POINT ( 'NONE',  ( -5.461913016039824598, 96.12583987928823603, -1.124087247170217685 ) ) ;
#419 = FACE_OUTER_BOUND ( 'NONE', #4633, .T. ) ;
#420 = VERTEX_POINT ( 'NONE', #11188 ) ;
#421 = CARTESIAN_POINT ( 'NONE',  ( -50.48689872104515075, 78.54000537782802382, -2.374168628343575449 ) ) ;
#422 = LINE ( 'NONE', #527, #6144 ) ;
#423 = EDGE_CURVE ( 'NONE', #4088, #216, #9178, .T. ) ;
#424 = VECTOR ( 'NONE', #9501, 1000.000000000000000 ) ;
#425 = VERTEX_POINT ( 'NONE', #8528 ) ;
#426 = LINE ( 'NONE', #4024, #4854 ) ;
#427 = CARTESIAN_POINT ( 'NONE',  ( -77.61249999996864801, -4.758722840905003082, -32.75769145387477721 ) ) ;
#428 = ORIENTED_EDGE ( 'NONE', *, *, #2702, .F. ) ;
#429 = ORIENTED_EDGE ( 'NONE', *, *, #2243, .F. ) ;
#430 = CARTESIAN_POINT ( 'NONE',  ( 30.99957050306814210, 110.8258398792882247, 11.89999999999998437 ) ) ;
#431 = EDGE_LOOP ( 'NONE', ( #1656, #1404, #9690, #7517 ) ) ;
#432 = CIRCLE ( 'NONE', #7609, 2.499806426103014179 ) ;
#433 = FACE_OUTER_BOUND ( 'NONE', #9711, .T. ) ;
#434 = VECTOR ( 'NONE', #4714, 1000.000000000000000 ) ;
#435 = CARTESIAN_POINT ( 'NONE',  ( 61.81289880791658931, 5.099999999999999645, 18.26344096711873277 ) ) ;
#436 = DIRECTION ( 'NONE',  ( 1.091641407263116552E-13, -2.450453404450669636E-28, 1.000000000000000000 ) ) ;
#437 = EDGE_CURVE ( 'NONE', #320, #3323, #4924, .T. ) ;
#438 = EDGE_CURVE ( 'NONE', #3314, #5954, #4034, .T. ) ;
#439 = ORIENTED_EDGE ( 'NONE', *, *, #8031, .T. ) ;
#440 = DIRECTION ( 'NONE',  ( 1.000000000000000000, -0.000000000000000000, -0.000000000000000000 ) ) ;
#441 = CARTESIAN_POINT ( 'NONE',  ( -51.69999999999999574, 10.00808511372026999, 6.954673577913530913 ) ) ;
#442 = CARTESIAN_POINT ( 'NONE',  ( -50.48689872104515075, 74.78999999999417980, -0.6299859283196093118 ) ) ;
#443 = VERTEX_POINT ( 'NONE', #11356 ) ;
#444 = VERTEX_POINT ( 'NONE', #7817 ) ;
#445 = VECTOR ( 'NONE', #5983, 1000.000000000000000 ) ;
#446 = ADVANCED_FACE ( 'NONE', ( #11246 ), #8584, .T. ) ;
#447 = ADVANCED_FACE ( 'NONE', ( #494 ), #4094, .F. ) ;
#448 = CARTESIAN_POINT ( 'NONE',  ( 9.877393833881008334, 99.82583987928819624, -2.201337213713970620 ) ) ;
#449 = CARTESIAN_POINT ( 'NONE',  ( 82.55000000000001137, 104.8258398792882105, 36.89999999999998437 ) ) ;
#450 = LINE ( 'NONE', #11436, #7996 ) ;
#451 = CARTESIAN_POINT ( 'NONE',  ( -69.20000000000000284, 8.274999999999996803, -0.6211324209939358409 ) ) ;
#452 = EDGE_CURVE ( 'NONE', #4545, #420, #5987, .T. ) ;
#453 = VECTOR ( 'NONE', #6660, 1000.000000000000000 ) ;
#454 = ORIENTED_EDGE ( 'NONE', *, *, #8721, .T. ) ;
#455 = CARTESIAN_POINT ( 'NONE',  ( -5.461913016040050195, 96.12583987928823603, 21.29350972844586920 ) ) ;
#456 = AXIS2_PLACEMENT_3D ( 'NONE', #2784, #7211, #5566 ) ;
#457 = VERTEX_POINT ( 'NONE', #4211 ) ;
#458 = CARTESIAN_POINT ( 'NONE',  ( -5.042792600556134097, 124.8258398792882247, -15.23534267996138780 ) ) ;
#459 = ORIENTED_EDGE ( 'NONE', *, *, #9426, .F. ) ;
#460 = VERTEX_POINT ( 'NONE', #658 ) ;
#461 = ADVANCED_FACE ( 'NONE', ( #765 ), #7102, .F. ) ;
#462 = EDGE_CURVE ( 'NONE', #9935, #7208, #4502, .T. ) ;
#463 = VECTOR ( 'NONE', #10833, 1000.000000000000000 ) ;
#464 = CARTESIAN_POINT ( 'NONE',  ( 79.37500000000002842, 10.00000000000000000, -3.738845726937403580 ) ) ;
#465 = DIRECTION ( 'NONE',  ( 0.000000000000000000, -0.000000000000000000, 1.000000000000000000 ) ) ;
#466 = CARTESIAN_POINT ( 'NONE',  ( 2.629020911857209811E-15, 69.46500000000000341, -29.66122071973760654 ) ) ;
#467 = CARTESIAN_POINT ( 'NONE',  ( 50.48689872104515075, 75.48946397805705999, -8.504985928319609201 ) ) ;
#468 = CARTESIAN_POINT ( 'NONE',  ( 43.40689872104514535, 95.63999999999417412, -7.959769997217390092 ) ) ;
#469 = DIRECTION ( 'NONE',  ( 1.521157000053560499E-16, -0.000000000000000000, 1.000000000000000000 ) ) ;
#470 = CARTESIAN_POINT ( 'NONE',  ( 0.000000000000000000, 90.00000000000000000, 22.30467496797187010 ) ) ;
#471 = CARTESIAN_POINT ( 'NONE',  ( 0.000000000000000000, -27.00000000000000355, 2.042308546125238600 ) ) ;
#472 = EDGE_LOOP ( 'NONE', ( #6203, #7335, #11577, #8914 ) ) ;
#473 = ORIENTED_EDGE ( 'NONE', *, *, #2835, .F. ) ;
#474 = VECTOR ( 'NONE', #1044, 1000.000000000000000 ) ;
#475 = AXIS2_PLACEMENT_3D ( 'NONE', #5420, #971, #7247 ) ;
#476 = ORIENTED_EDGE ( 'NONE', *, *, #10830, .F. ) ;
#477 = CARTESIAN_POINT ( 'NONE',  ( -50.48689872104515075, 74.78999999999417980, -25.07998592831960849 ) ) ;
#478 = AXIS2_PLACEMENT_3D ( 'NONE', #6959, #3170, #11320 ) ;
#479 = PLANE ( 'NONE',  #10746 ) ;
#480 = VECTOR ( 'NONE', #5739, 1000.000000000000114 ) ;
#481 = ORIENTED_EDGE ( 'NONE', *, *, #4999, .F. ) ;
#482 = CARTESIAN_POINT ( 'NONE',  ( 5.452088814553350815, 124.6954348578410787, 36.89929541667874702 ) ) ;
#483 = CARTESIAN_POINT ( 'NONE',  ( 41.54999999999999716, 96.82583987928822467, 22.30467496797187010 ) ) ;
#484 = ORIENTED_EDGE ( 'NONE', *, *, #9440, .F. ) ;
#485 = CARTESIAN_POINT ( 'NONE',  ( 76.81501998216512561, 8.274999999999998579, -0.2788457270140529132 ) ) ;
#486 = DIRECTION ( 'NONE',  ( 1.000000000000000000, 0.000000000000000000, -1.521157000053560499E-16 ) ) ;
#487 = ORIENTED_EDGE ( 'NONE', *, *, #4569, .F. ) ;
#488 = VERTEX_POINT ( 'NONE', #827 ) ;
#489 = EDGE_LOOP ( 'NONE', ( #10698, #11264, #7846, #4685 ) ) ;
#490 = AXIS2_PLACEMENT_3D ( 'NONE', #6232, #1556, #9813 ) ;
#491 = EDGE_CURVE ( 'NONE', #6790, #8473, #9747, .T. ) ;
#492 = CARTESIAN_POINT ( 'NONE',  ( -13.75499999999998479, 4.249377385370907589, 7.542308546125213731 ) ) ;
#493 = DIRECTION ( 'NONE',  ( 1.000000000000000000, 0.000000000000000000, -0.000000000000000000 ) ) ;
#494 = FACE_OUTER_BOUND ( 'NONE', #9348, .T. ) ;
#495 = CARTESIAN_POINT ( 'NONE',  ( -82.54999999999999716, 6.349999999999999645, 25.39999999999999858 ) ) ;
#496 = EDGE_LOOP ( 'NONE', ( #5024, #7284, #2582, #2117 ) ) ;
#497 = CARTESIAN_POINT ( 'NONE',  ( -11.25499999999998302, -27.00000000000000355, 19.39999999999997371 ) ) ;
#498 = CARTESIAN_POINT ( 'NONE',  ( 81.55000000000001137, 66.63999999999998636, 5.399999999999991473 ) ) ;
#499 = PLANE ( 'NONE',  #7075 ) ;
#500 = EDGE_LOOP ( 'NONE', ( #3417, #614, #5700, #10900, #569 ) ) ;
#501 = ORIENTED_EDGE ( 'NONE', *, *, #6311, .F. ) ;
#502 = EDGE_CURVE ( 'NONE', #5814, #11526, #1545, .T. ) ;
#503 = LINE ( 'NONE', #4105, #1049 ) ;
#504 = CARTESIAN_POINT ( 'NONE',  ( -61.59000000000155950, 8.274999999999998579, 19.62115427306273219 ) ) ;
#505 = LINE ( 'NONE', #8770, #5523 ) ;
#506 = ORIENTED_EDGE ( 'NONE', *, *, #10927, .F. ) ;
#507 = CARTESIAN_POINT ( 'NONE',  ( -23.90689872104513469, 90.00000000000000000, -29.66122071973760299 ) ) ;
#508 = VERTEX_POINT ( 'NONE', #6042 ) ;
#509 = ORIENTED_EDGE ( 'NONE', *, *, #10765, .F. ) ;
#510 = EDGE_CURVE ( 'NONE', #2965, #15, #9542, .T. ) ;
#511 = DIRECTION ( 'NONE',  ( 0.000000000000000000, -1.000000000000000000, 0.000000000000000000 ) ) ;
#512 = FACE_OUTER_BOUND ( 'NONE', #8860, .T. ) ;
#513 = CARTESIAN_POINT ( 'NONE',  ( 46.58189872104514251, 96.40000537621601495, 3.358535111626435921 ) ) ;
#514 = DIRECTION ( 'NONE',  ( 0.000000000000000000, 0.000000000000000000, 1.000000000000000000 ) ) ;
#515 = DIRECTION ( 'NONE',  ( -1.335278419062900361E-16, 0.000000000000000000, -1.000000000000000000 ) ) ;
#516 = ADVANCED_FACE ( 'NONE', ( #8814, #7167 ), #7876, .T. ) ;
#517 = LINE ( 'NONE', #4073, #6335 ) ;
#518 = EDGE_CURVE ( 'NONE', #7766, #8361, #323, .T. ) ;
#519 = ORIENTED_EDGE ( 'NONE', *, *, #11381, .T. ) ;
#520 = ORIENTED_EDGE ( 'NONE', *, *, #6369, .T. ) ;
#521 = ORIENTED_EDGE ( 'NONE', *, *, #219, .T. ) ;
#522 = ADVANCED_FACE ( 'NONE', ( #10755 ), #3611, .F. ) ;
#523 = CARTESIAN_POINT ( 'NONE',  ( 79.37500000000000000, 90.00000000000000000, 22.30467496797187010 ) ) ;
#524 = CARTESIAN_POINT ( 'NONE',  ( -31.00042949693185435, 109.8258398792882247, 0.000000000000000000 ) ) ;
#525 = ORIENTED_EDGE ( 'NONE', *, *, #10258, .T. ) ;
#526 = DIRECTION ( 'NONE',  ( 0.000000000000000000, -1.000000000000000000, 0.000000000000000000 ) ) ;
#527 = CARTESIAN_POINT ( 'NONE',  ( 46.58189872104514251, 80.55480016497972429, -15.60897897643324050 ) ) ;
#528 = LINE ( 'NONE', #698, #3316 ) ;
#529 = FACE_BOUND ( 'NONE', #6264, .T. ) ;
#530 = CARTESIAN_POINT ( 'NONE',  ( -74.43749999996865085, 82.35514882866895903, -40.25769145387477010 ) ) ;
#531 = EDGE_CURVE ( 'NONE', #9014, #5638, #2561, .T. ) ;
#532 = ORIENTED_EDGE ( 'NONE', *, *, #5228, .T. ) ;
#533 = ORIENTED_EDGE ( 'NONE', *, *, #926, .F. ) ;
#534 = ORIENTED_EDGE ( 'NONE', *, *, #10916, .F. ) ;
#535 = DIRECTION ( 'NONE',  ( 0.000000000000000000, 0.000000000000000000, -1.000000000000000000 ) ) ;
#536 = CARTESIAN_POINT ( 'NONE',  ( -50.48689872104515075, 95.10731456396575823, 3.358535111626433700 ) ) ;
#537 = ORIENTED_EDGE ( 'NONE', *, *, #10551, .F. ) ;
#538 = DIRECTION ( 'NONE',  ( -1.000000000000000000, 0.000000000000000000, 0.000000000000000000 ) ) ;
#539 = FACE_OUTER_BOUND ( 'NONE', #4026, .T. ) ;
#540 = FACE_BOUND ( 'NONE', #431, .T. ) ;
#541 = ORIENTED_EDGE ( 'NONE', *, *, #7732, .F. ) ;
#542 = PLANE ( 'NONE',  #5870 ) ;
#543 = CARTESIAN_POINT ( 'NONE',  ( -11.25499999999998302, 6.350000000000001421, 7.542308546125213731 ) ) ;
#544 = AXIS2_PLACEMENT_3D ( 'NONE', #10085, #3891, #7449 ) ;
#545 = EDGE_CURVE ( 'NONE', #8489, #5267, #7112, .T. ) ;
#546 = ORIENTED_EDGE ( 'NONE', *, *, #6783, .T. ) ;
#547 = ORIENTED_EDGE ( 'NONE', *, *, #1233, .F. ) ;
#548 = EDGE_CURVE ( 'NONE', #8313, #11341, #10572, .T. ) ;
#549 = VECTOR ( 'NONE', #8881, 1000.000000000000000 ) ;
#550 = CARTESIAN_POINT ( 'NONE',  ( -82.54999999999999716, 61.63999999999999346, 11.39999999999999325 ) ) ;
#551 = CARTESIAN_POINT ( 'NONE',  ( 33.75500000000002387, -27.00000000000000355, 0.000000000000000000 ) ) ;
#552 = LINE ( 'NONE', #4107, #8333 ) ;
#553 = VERTEX_POINT ( 'NONE', #5399 ) ;
#554 = CARTESIAN_POINT ( 'NONE',  ( -0.0004294969318460739593, 124.8258398792882247, 8.433509728450992782 ) ) ;
#555 = EDGE_CURVE ( 'NONE', #5840, #6628, #2385, .T. ) ;
#556 = ORIENTED_EDGE ( 'NONE', *, *, #6987, .F. ) ;
#557 = EDGE_LOOP ( 'NONE', ( #1477, #5236, #10390, #7712, #9920 ) ) ;
#558 = CIRCLE ( 'NONE', #9988, 5.000000000000004441 ) ;
#559 = ORIENTED_EDGE ( 'NONE', *, *, #8809, .F. ) ;
#560 = VERTEX_POINT ( 'NONE', #9688 ) ;
#561 = DIRECTION ( 'NONE',  ( 0.000000000000000000, 0.000000000000000000, -1.000000000000000000 ) ) ;
#562 = CARTESIAN_POINT ( 'NONE',  ( -80.07520753820969617, 61.63999999999999346, -5.257691453874764775 ) ) ;
#563 = LINE ( 'NONE', #9598, #643 ) ;
#564 = PLANE ( 'NONE',  #10013 ) ;
#565 = CARTESIAN_POINT ( 'NONE',  ( -5.041172241961261236, 124.6347516102852637, -20.03649027154900608 ) ) ;
#566 = EDGE_CURVE ( 'NONE', #10451, #9663, #1665, .T. ) ;
#567 = EDGE_CURVE ( 'NONE', #9330, #3726, #865, .T. ) ;
#568 = LINE ( 'NONE', #9434, #6533 ) ;
#569 = ORIENTED_EDGE ( 'NONE', *, *, #11657, .F. ) ;
#570 = VERTEX_POINT ( 'NONE', #3557 ) ;
#571 = EDGE_LOOP ( 'NONE', ( #4157, #1560, #429, #1493, #10930 ) ) ;
#572 = EDGE_CURVE ( 'NONE', #7614, #9153, #4324, .T. ) ;
#573 = EDGE_CURVE ( 'NONE', #3728, #1191, #3440, .T. ) ;
#574 = VECTOR ( 'NONE', #7066, 1000.000000000000227 ) ;
#575 = DIRECTION ( 'NONE',  ( -1.000000000000000000, 0.000000000000000000, 0.000000000000000000 ) ) ;
#576 = PLANE ( 'NONE',  #11315 ) ;
#577 = ORIENTED_EDGE ( 'NONE', *, *, #7233, .F. ) ;
#578 = LINE ( 'NONE', #11169, #7029 ) ;
#579 = DIRECTION ( 'NONE',  ( 0.000000000000000000, 0.7071063548969745982, -0.7071072074758634196 ) ) ;
#580 = EDGE_CURVE ( 'NONE', #9587, #259, #9801, .T. ) ;
#581 = ORIENTED_EDGE ( 'NONE', *, *, #1060, .T. ) ;
#582 = CARTESIAN_POINT ( 'NONE',  ( 76.81501998216515403, 5.099999999999999645, 20.22115427298596302 ) ) ;
#583 = CARTESIAN_POINT ( 'NONE',  ( 81.55000000000001137, 66.63999999999998636, -5.257691453874765664 ) ) ;
#584 = VERTEX_POINT ( 'NONE', #8931 ) ;
#585 = ORIENTED_EDGE ( 'NONE', *, *, #904, .F. ) ;
#586 = CIRCLE ( 'NONE', #6449, 5.000000000000000888 ) ;
#587 = VECTOR ( 'NONE', #8428, 1000.000000000000000 ) ;
#588 = ORIENTED_EDGE ( 'NONE', *, *, #311, .F. ) ;
#589 = EDGE_CURVE ( 'NONE', #656, #609, #9895, .T. ) ;
#590 = EDGE_CURVE ( 'NONE', #4110, #2296, #8164, .T. ) ;
#591 = CARTESIAN_POINT ( 'NONE',  ( 81.55000000000001137, 53.93999999999999062, -5.257691453874763887 ) ) ;
#592 = VECTOR ( 'NONE', #5206, 1000.000000000000000 ) ;
#593 = VECTOR ( 'NONE', #83, 1000.000000000000000 ) ;
#594 = EDGE_LOOP ( 'NONE', ( #541, #5628, #3684, #6410 ) ) ;
#595 = CARTESIAN_POINT ( 'NONE',  ( 79.37500000000000000, 61.63999999999999346, 5.399999999999991473 ) ) ;
#596 = CARTESIAN_POINT ( 'NONE',  ( 10.60957050304422999, 99.82583987928821045, -0.4337073862334295815 ) ) ;
#597 = PLANE ( 'NONE',  #56 ) ;
#598 = EDGE_LOOP ( 'NONE', ( #3303, #537, #9825, #6018 ) ) ;
#599 = DIRECTION ( 'NONE',  ( 0.000000000000000000, 0.000000000000000000, -1.000000000000000000 ) ) ;
#600 = DIRECTION ( 'NONE',  ( 1.593062912007103154E-16, -1.000000000000000000, 8.295151110468893303E-17 ) ) ;
#601 = LINE ( 'NONE', #4216, #1595 ) ;
#602 = ORIENTED_EDGE ( 'NONE', *, *, #9906, .F. ) ;
#603 = ORIENTED_EDGE ( 'NONE', *, *, #9608, .T. ) ;
#604 = TOROIDAL_SURFACE ( 'NONE', #11182, 26.00000000000000355, 1.000000000000000000 ) ;
#605 = AXIS2_PLACEMENT_3D ( 'NONE', #7526, #1192, #2917 ) ;
#606 = AXIS2_PLACEMENT_3D ( 'NONE', #6560, #6496, #5560 ) ;
#607 = CARTESIAN_POINT ( 'NONE',  ( -72.76808532237744487, 5.099999999999999645, 0.5788675790057377091 ) ) ;
#608 = DIRECTION ( 'NONE',  ( 0.000000000000000000, -0.000000000000000000, -1.000000000000000000 ) ) ;
#609 = VERTEX_POINT ( 'NONE', #7293 ) ;
#610 = CARTESIAN_POINT ( 'NONE',  ( 80.37500000000000000, 61.63999999999999346, 10.39999999999999325 ) ) ;
#611 = CARTESIAN_POINT ( 'NONE',  ( -82.54999999999999716, 67.63999999999998636, 5.399999999999991473 ) ) ;
#612 = CIRCLE ( 'NONE', #9483, 1.149999999999998801 ) ;
#613 = ORIENTED_EDGE ( 'NONE', *, *, #11226, .T. ) ;
#614 = ORIENTED_EDGE ( 'NONE', *, *, #10634, .T. ) ;
#615 = ORIENTED_EDGE ( 'NONE', *, *, #11208, .F. ) ;
#616 = CARTESIAN_POINT ( 'NONE',  ( -43.40689872104514535, 95.63999999999417412, -7.959769997217390092 ) ) ;
#617 = ORIENTED_EDGE ( 'NONE', *, *, #2431, .T. ) ;
#618 = CIRCLE ( 'NONE', #11378, 1.149999999999994804 ) ;
#619 = EDGE_CURVE ( 'NONE', #10353, #6033, #6576, .T. ) ;
#620 = CONICAL_SURFACE ( 'NONE', #5915, 5.700207538209718372, 0.6108652381980274049 ) ;
#621 = CARTESIAN_POINT ( 'NONE',  ( 31.40689872104514180, 97.50000000000000000, -29.66122071973760299 ) ) ;
#622 = FACE_OUTER_BOUND ( 'NONE', #3101, .T. ) ;
#623 = CARTESIAN_POINT ( 'NONE',  ( -82.54999999999999716, 72.64000000000000057, -26.48622071973760228 ) ) ;
#624 = FACE_OUTER_BOUND ( 'NONE', #4673, .T. ) ;
#625 = VECTOR ( 'NONE', #353, 1000.000000000000000 ) ;
#626 = DIRECTION ( 'NONE',  ( 0.000000000000000000, 0.000000000000000000, 1.000000000000000000 ) ) ;
#627 = CARTESIAN_POINT ( 'NONE',  ( -3.408521261516510137, 124.8258398792690969, -15.54036673684846370 ) ) ;
#628 = DIRECTION ( 'NONE',  ( -1.000000000000000000, 0.000000000000000000, -0.000000000000000000 ) ) ;
#629 = ORIENTED_EDGE ( 'NONE', *, *, #7858, .T. ) ;
#630 = ORIENTED_EDGE ( 'NONE', *, *, #2471, .T. ) ;
#631 = VERTEX_POINT ( 'NONE', #5690 ) ;
#632 = AXIS2_PLACEMENT_3D ( 'NONE', #5736, #3009, #11275 ) ;
#633 = EDGE_CURVE ( 'NONE', #11444, #2534, #2027, .T. ) ;
#634 = ADVANCED_FACE ( 'NONE', ( #10934 ), #4795, .T. ) ;
#635 = CARTESIAN_POINT ( 'NONE',  ( -0.0004294969318460739593, 109.8258398792882247, 8.433509728450992782 ) ) ;
#636 = CARTESIAN_POINT ( 'NONE',  ( -69.20000000000000284, 8.275000000000003908, -6.985329661611390684 ) ) ;
#637 = CARTESIAN_POINT ( 'NONE',  ( -74.43749999996866507, -4.758722840905003082, -32.75769145387477721 ) ) ;
#638 = ORIENTED_EDGE ( 'NONE', *, *, #3479, .F. ) ;
#639 = FACE_BOUND ( 'NONE', #4457, .T. ) ;
#640 = DIRECTION ( 'NONE',  ( 0.8191520442889926867, 7.834618184293497677E-17, 0.5735764363510449382 ) ) ;
#641 = VECTOR ( 'NONE', #10952, 1000.000000000000000 ) ;
#642 = DIRECTION ( 'NONE',  ( -0.000000000000000000, -1.000000000000000000, -0.000000000000000000 ) ) ;
#643 = VECTOR ( 'NONE', #7902, 1000.000000000000000 ) ;
#644 = LINE ( 'NONE', #6091, #7244 ) ;
#645 = CARTESIAN_POINT ( 'NONE',  ( 33.75500000000002387, 10.00000000000000000, -3.738845726937403580 ) ) ;
#646 = ORIENTED_EDGE ( 'NONE', *, *, #5856, .F. ) ;
#647 = ORIENTED_EDGE ( 'NONE', *, *, #11381, .F. ) ;
#648 = VERTEX_POINT ( 'NONE', #8336 ) ;
#649 = AXIS2_PLACEMENT_3D ( 'NONE', #9224, #10108, #5640 ) ;
#650 = EDGE_CURVE ( 'NONE', #4370, #5397, #8399, .T. ) ;
#651 = AXIS2_PLACEMENT_3D ( 'NONE', #6931, #2430, #3900 ) ;
#652 = AXIS2_PLACEMENT_3D ( 'NONE', #4303, #8789, #9724 ) ;
#653 = CIRCLE ( 'NONE', #7282, 2.499999999999995115 ) ;
#654 = DIRECTION ( 'NONE',  ( 0.000000000000000000, 0.000000000000000000, -1.000000000000000000 ) ) ;
#655 = LINE ( 'NONE', #6277, #11401 ) ;
#656 = VERTEX_POINT ( 'NONE', #142 ) ;
#657 = DIRECTION ( 'NONE',  ( -1.000000000000000000, -0.000000000000000000, 1.335278419062900115E-16 ) ) ;
#658 = CARTESIAN_POINT ( 'NONE',  ( 50.48689872104515075, 95.28999999999417980, -0.6299859283196093118 ) ) ;
#659 = CARTESIAN_POINT ( 'NONE',  ( 43.40689872104513825, 97.50000000000000000, -29.66122071973760299 ) ) ;
#660 = ORIENTED_EDGE ( 'NONE', *, *, #3901, .F. ) ;
#661 = CARTESIAN_POINT ( 'NONE',  ( -81.84979246179028678, 53.93999999999999062, 5.399999999999993250 ) ) ;
#662 = DIRECTION ( 'NONE',  ( 0.000000000000000000, 0.000000000000000000, 1.000000000000000000 ) ) ;
#663 = CARTESIAN_POINT ( 'NONE',  ( -5.000429496931850792, 109.8258398792882247, -21.03649027154900963 ) ) ;
#664 = AXIS2_PLACEMENT_3D ( 'NONE', #4654, #10906, #113 ) ;
#665 = EDGE_CURVE ( 'NONE', #9949, #4125, #315, .T. ) ;
#666 = VERTEX_POINT ( 'NONE', #2082 ) ;
#667 = ADVANCED_FACE ( 'NONE', ( #5634 ), #6520, .T. ) ;
#668 = AXIS2_PLACEMENT_3D ( 'NONE', #9267, #6502, #5445 ) ;
#669 = ORIENTED_EDGE ( 'NONE', *, *, #7446, .F. ) ;
#670 = VECTOR ( 'NONE', #4510, 1000.000000000000000 ) ;
#671 = DIRECTION ( 'NONE',  ( -0.000000000000000000, -1.000000000000000000, -0.000000000000000000 ) ) ;
#672 = DIRECTION ( 'NONE',  ( 1.000000000000000000, 0.000000000000000000, -8.936595925086526584E-12 ) ) ;
#673 = VECTOR ( 'NONE', #1923, 1000.000000000000000 ) ;
#674 = CARTESIAN_POINT ( 'NONE',  ( -80.07520753820969617, 66.63999999999998636, 5.399999999999991473 ) ) ;
#675 = FACE_OUTER_BOUND ( 'NONE', #4698, .T. ) ;
#676 = ORIENTED_EDGE ( 'NONE', *, *, #5253, .F. ) ;
#677 = CARTESIAN_POINT ( 'NONE',  ( 79.37500000000000000, 58.93999999999998352, -5.957898992084452061 ) ) ;
#678 = LINE ( 'NONE', #5950, #7199 ) ;
#679 = ORIENTED_EDGE ( 'NONE', *, *, #10861, .T. ) ;
#680 = EDGE_CURVE ( 'NONE', #3471, #666, #7403, .T. ) ;
#681 = ORIENTED_EDGE ( 'NONE', *, *, #7514, .T. ) ;
#682 = LINE ( 'NONE', #6189, #9412 ) ;
#683 = EDGE_LOOP ( 'NONE', ( #6998, #4168, #7690, #7896 ) ) ;
#684 = PLANE ( 'NONE',  #805 ) ;
#685 = DIRECTION ( 'NONE',  ( 0.000000000000000000, 0.000000000000000000, 1.000000000000000000 ) ) ;
#686 = DIRECTION ( 'NONE',  ( 0.000000000000000000, 0.000000000000000000, 1.000000000000000000 ) ) ;
#687 = DIRECTION ( 'NONE',  ( 0.000000000000000000, 0.000000000000000000, -1.000000000000000000 ) ) ;
#688 = DIRECTION ( 'NONE',  ( 0.000000000000000000, 0.000000000000000000, 1.000000000000000000 ) ) ;
#689 = ORIENTED_EDGE ( 'NONE', *, *, #9118, .T. ) ;
#690 = EDGE_CURVE ( 'NONE', #7913, #5220, #6517, .T. ) ;
#691 = EDGE_LOOP ( 'NONE', ( #5478, #2552, #3241, #10522, #3576, #8270 ) ) ;
#692 = ORIENTED_EDGE ( 'NONE', *, *, #11140, .F. ) ;
#693 = DIRECTION ( 'NONE',  ( 0.000000000000000000, 0.000000000000000000, 1.000000000000000000 ) ) ;
#694 = DIRECTION ( 'NONE',  ( -1.000000000000000000, 2.244742081187875711E-15, 6.544275553939909236E-12 ) ) ;
#695 = VERTEX_POINT ( 'NONE', #1971 ) ;
#696 = CARTESIAN_POINT ( 'NONE',  ( -33.11062444888669631, 97.50000000000000000, 21.29350972850267709 ) ) ;
#697 = LINE ( 'NONE', #3540, #4063 ) ;
#698 = CARTESIAN_POINT ( 'NONE',  ( -50.02648654977334530, 8.274999999999998579, 24.62763407003638960 ) ) ;
#699 = DIRECTION ( 'NONE',  ( 0.000000000000000000, 0.000000000000000000, 1.000000000000000000 ) ) ;
#700 = DIRECTION ( 'NONE',  ( -1.000000000000000000, 0.000000000000000000, -0.000000000000000000 ) ) ;
#701 = ORIENTED_EDGE ( 'NONE', *, *, #1842, .F. ) ;
#702 = EDGE_CURVE ( 'NONE', #11588, #6581, #7519, .T. ) ;
#703 = EDGE_CURVE ( 'NONE', #4678, #6847, #255, .T. ) ;
#704 = ORIENTED_EDGE ( 'NONE', *, *, #3460, .F. ) ;
#705 = ORIENTED_EDGE ( 'NONE', *, *, #1301, .T. ) ;
#706 = CARTESIAN_POINT ( 'NONE',  ( 82.54999999999999716, 61.63999999999999346, -5.957898992084487588 ) ) ;
#707 = DIRECTION ( 'NONE',  ( 1.000000000000000000, -0.000000000000000000, -0.000000000000000000 ) ) ;
#708 = ORIENTED_EDGE ( 'NONE', *, *, #6806, .F. ) ;
#709 = LINE ( 'NONE', #4323, #8154 ) ;
#710 = DIRECTION ( 'NONE',  ( 1.000000000000000000, -0.000000000000000000, 1.335278419062900115E-16 ) ) ;
#711 = CARTESIAN_POINT ( 'NONE',  ( -11.25499999999998302, 6.349999999999999645, 2.042308546125241708 ) ) ;
#712 = ORIENTED_EDGE ( 'NONE', *, *, #9608, .F. ) ;
#713 = DIRECTION ( 'NONE',  ( 1.218707698843631781E-16, -0.000000000000000000, 1.000000000000000000 ) ) ;
#714 = DIRECTION ( 'NONE',  ( 0.000000000000000000, 0.000000000000000000, -1.000000000000000000 ) ) ;
#715 = DIRECTION ( 'NONE',  ( -0.000000000000000000, -1.000000000000000000, -0.000000000000000000 ) ) ;
#716 = EDGE_CURVE ( 'NONE', #5160, #159, #11061, .T. ) ;
#717 = EDGE_CURVE ( 'NONE', #7407, #955, #9279, .T. ) ;
#718 = ORIENTED_EDGE ( 'NONE', *, *, #665, .T. ) ;
#719 = ORIENTED_EDGE ( 'NONE', *, *, #958, .T. ) ;
#720 = EDGE_CURVE ( 'NONE', #488, #4850, #6401, .T. ) ;
#721 = EDGE_CURVE ( 'NONE', #10675, #2631, #8279, .T. ) ;
#722 = VECTOR ( 'NONE', #4407, 1000.000000000000227 ) ;
#723 = PLANE ( 'NONE',  #6544 ) ;
#724 = CARTESIAN_POINT ( 'NONE',  ( 79.37500000000000000, 72.64000000000000057, 22.30467496797187010 ) ) ;
#725 = ORIENTED_EDGE ( 'NONE', *, *, #6601, .F. ) ;
#726 = CARTESIAN_POINT ( 'NONE',  ( 50.48689872104514365, 74.67980196068272392, -26.29001273249923898 ) ) ;
#727 = LINE ( 'NONE', #2578, #10071 ) ;
#728 = CARTESIAN_POINT ( 'NONE',  ( 50.48689872104515075, 95.10731456396575823, 3.358535111626433700 ) ) ;
#729 = EDGE_CURVE ( 'NONE', #4226, #2262, #9516, .T. ) ;
#730 = ORIENTED_EDGE ( 'NONE', *, *, #10911, .F. ) ;
#731 = ORIENTED_EDGE ( 'NONE', *, *, #6534, .T. ) ;
#732 = AXIS2_PLACEMENT_3D ( 'NONE', #6023, #9610, #5139 ) ;
#733 = VERTEX_POINT ( 'NONE', #2849 ) ;
#734 = CARTESIAN_POINT ( 'NONE',  ( 31.40689872104514180, 97.49999999999997158, -29.66122071973760299 ) ) ;
#735 = EDGE_CURVE ( 'NONE', #7672, #8535, #1801, .T. ) ;
#736 = DIRECTION ( 'NONE',  ( -0.5735764363510443831, -0.8191520442889929088, 0.000000000000000000 ) ) ;
#737 = PLANE ( 'NONE',  #4618 ) ;
#738 = CYLINDRICAL_SURFACE ( 'NONE', #3228, 2.499806426103014179 ) ;
#739 = CARTESIAN_POINT ( 'NONE',  ( 77.54999999999999716, 107.3258398792882247, 46.90000000000009095 ) ) ;
#740 = VECTOR ( 'NONE', #7033, 1000.000000000000000 ) ;
#741 = CARTESIAN_POINT ( 'NONE',  ( -0.1327752523027176945, 96.12583987928823603, 8.433509402387802112 ) ) ;
#742 = ORIENTED_EDGE ( 'NONE', *, *, #11074, .F. ) ;
#743 = EDGE_LOOP ( 'NONE', ( #7699, #7971, #337, #8918 ) ) ;
#744 = ORIENTED_EDGE ( 'NONE', *, *, #4124, .T. ) ;
#745 = DIRECTION ( 'NONE',  ( 0.000000000000000000, -0.000000000000000000, 1.000000000000000000 ) ) ;
#746 = DIRECTION ( 'NONE',  ( 0.000000000000000000, 0.000000000000000000, 1.000000000000000000 ) ) ;
#747 = PLANE ( 'NONE',  #1309 ) ;
#748 = ORIENTED_EDGE ( 'NONE', *, *, #3918, .F. ) ;
#749 = CARTESIAN_POINT ( 'NONE',  ( -79.37500000000001421, 6.349999999999999645, 24.62763407003638960 ) ) ;
#750 = CARTESIAN_POINT ( 'NONE',  ( -35.61042949681640124, 97.50000000000000000, 15.71614540591393094 ) ) ;
#751 = AXIS2_PLACEMENT_3D ( 'NONE', #1854, #6173, #9049 ) ;
#752 = CARTESIAN_POINT ( 'NONE',  ( 50.48689872104515075, 97.40000406513270548, -24.18005742219565946 ) ) ;
#753 = FACE_OUTER_BOUND ( 'NONE', #1977, .T. ) ;
#754 = CARTESIAN_POINT ( 'NONE',  ( 0.000000000000000000, 6.349999999999999645, 2.042308546125238600 ) ) ;
#755 = ORIENTED_EDGE ( 'NONE', *, *, #6007, .T. ) ;
#756 = EDGE_LOOP ( 'NONE', ( #10899, #4931, #3448, #10501 ) ) ;
#757 = EDGE_LOOP ( 'NONE', ( #9409, #11642 ) ) ;
#758 = AXIS2_PLACEMENT_3D ( 'NONE', #8444, #5796, #1282 ) ;
#759 = CARTESIAN_POINT ( 'NONE',  ( 80.37500000000000000, 66.63999999999998636, -5.257691453874765664 ) ) ;
#760 = EDGE_CURVE ( 'NONE', #7766, #216, #6797, .T. ) ;
#761 = CARTESIAN_POINT ( 'NONE',  ( 11.25500000000000433, 6.349999999999999645, 19.39999999999997371 ) ) ;
#762 = LINE ( 'NONE', #9798, #9697 ) ;
#763 = EDGE_LOOP ( 'NONE', ( #6026, #6650, #8122, #11342 ) ) ;
#764 = DIRECTION ( 'NONE',  ( 2.453477175991254114E-15, 0.7071063548969744872, -0.7071072074758635306 ) ) ;
#765 = FACE_OUTER_BOUND ( 'NONE', #1106, .T. ) ;
#766 = DIRECTION ( 'NONE',  ( 0.000000000000000000, 1.000000000000000000, -0.000000000000000000 ) ) ;
#767 = VERTEX_POINT ( 'NONE', #4909 ) ;
#768 = LINE ( 'NONE', #4386, #6246 ) ;
#769 = CIRCLE ( 'NONE', #8893, 24.20000000000000639 ) ;
#770 = CARTESIAN_POINT ( 'NONE',  ( 1.117740380136122116E-15, 6.349999999999999645, -6.985329661611402230 ) ) ;
#771 = LINE ( 'NONE', #2962, #3487 ) ;
#772 = VERTEX_POINT ( 'NONE', #5914 ) ;
#773 = CARTESIAN_POINT ( 'NONE',  ( -50.02648654977334530, 8.274999999999998579, 24.62763407003638960 ) ) ;
#774 = ORIENTED_EDGE ( 'NONE', *, *, #9682, .F. ) ;
#775 = VECTOR ( 'NONE', #9251, 1000.000000000000000 ) ;
#776 = AXIS2_PLACEMENT_3D ( 'NONE', #10186, #4704, #3875 ) ;
#777 = EDGE_CURVE ( 'NONE', #7743, #2491, #4967, .T. ) ;
#778 = ADVANCED_FACE ( 'NONE', ( #2364 ), #8679, .T. ) ;
#779 = DIRECTION ( 'NONE',  ( 0.5735764363510461594, 0.000000000000000000, -0.8191520442889917986 ) ) ;
#780 = DIRECTION ( 'NONE',  ( 1.000000000000000000, 0.000000000000000000, 0.000000000000000000 ) ) ;
#781 = LINE ( 'NONE', #99, #2302 ) ;
#782 = ORIENTED_EDGE ( 'NONE', *, *, #7189, .F. ) ;
#783 = CARTESIAN_POINT ( 'NONE',  ( 2.554834269181485580E-15, 72.64000000000000057, -26.48622071973760583 ) ) ;
#784 = CARTESIAN_POINT ( 'NONE',  ( -11.25499999999998302, -24.89937738537090794, 16.39999999999999858 ) ) ;
#785 = AXIS2_PLACEMENT_3D ( 'NONE', #2481, #9785, #3539 ) ;
#786 = ORIENTED_EDGE ( 'NONE', *, *, #4601, .T. ) ;
#787 = ORIENTED_EDGE ( 'NONE', *, *, #8062, .T. ) ;
#788 = VECTOR ( 'NONE', #3336, 999.9999999999998863 ) ;
#789 = LINE ( 'NONE', #11317, #6024 ) ;
#790 = ORIENTED_EDGE ( 'NONE', *, *, #8031, .F. ) ;
#791 = EDGE_CURVE ( 'NONE', #8151, #6829, #3295, .T. ) ;
#792 = DIRECTION ( 'NONE',  ( -0.7071067811865462405, -0.7071067811865489050, -0.000000000000000000 ) ) ;
#793 = CARTESIAN_POINT ( 'NONE',  ( -69.20000000000000284, 6.349999999999997868, -24.58269145387476229 ) ) ;
#794 = FACE_OUTER_BOUND ( 'NONE', #1076, .T. ) ;
#795 = DIRECTION ( 'NONE',  ( 0.000000000000000000, -1.000000000000000000, 0.000000000000000000 ) ) ;
#796 = CIRCLE ( 'NONE', #2145, 5.000000000000000000 ) ;
#797 = CARTESIAN_POINT ( 'NONE',  ( 82.55000000000002558, 58.93999999999998352, 5.399999999999993250 ) ) ;
#798 = CARTESIAN_POINT ( 'NONE',  ( -31.40689872093238577, 97.49999999988722266, -4.426490271157039302 ) ) ;
#799 = EDGE_LOOP ( 'NONE', ( #2839, #7456, #129, #5980 ) ) ;
#800 = ORIENTED_EDGE ( 'NONE', *, *, #8173, .F. ) ;
#801 = ADVANCED_FACE ( 'NONE', ( #4084 ), #11115, .T. ) ;
#802 = EDGE_CURVE ( 'NONE', #2087, #9361, #653, .T. ) ;
#803 = EDGE_CURVE ( 'NONE', #7285, #4183, #6689, .T. ) ;
#804 = EDGE_LOOP ( 'NONE', ( #9889, #1870, #6815, #9778, #6719, #11281, #11120, #5340, #7411, #7056, #3881, #5456, #1643, #11181, #5060, #6145, #359 ) ) ;
#805 = AXIS2_PLACEMENT_3D ( 'NONE', #5124, #1515, #10489 ) ;
#806 = DIRECTION ( 'NONE',  ( -0.000000000000000000, 7.709882115452476934E-17, -1.000000000000000000 ) ) ;
#807 = DIRECTION ( 'NONE',  ( 0.000000000000000000, 0.000000000000000000, -1.000000000000000000 ) ) ;
#808 = ORIENTED_EDGE ( 'NONE', *, *, #9069, .T. ) ;
#809 = CARTESIAN_POINT ( 'NONE',  ( 43.40689872104514535, 95.63999999999417412, -2.374168628343573229 ) ) ;
#810 = DIRECTION ( 'NONE',  ( 0.000000000000000000, 0.000000000000000000, -1.000000000000000000 ) ) ;
#811 = DIRECTION ( 'NONE',  ( -0.000000000000000000, -1.000000000000000000, -0.000000000000000000 ) ) ;
#812 = VECTOR ( 'NONE', #1382, 1000.000000000000000 ) ;
#813 = ORIENTED_EDGE ( 'NONE', *, *, #6626, .T. ) ;
#814 = CARTESIAN_POINT ( 'NONE',  ( 24.99957050306814210, 119.8258398792882105, 4.963509728450989478 ) ) ;
#815 = DIRECTION ( 'NONE',  ( 0.000000000000000000, 1.000000000000000000, 7.709882115452476934E-17 ) ) ;
#816 = ORIENTED_EDGE ( 'NONE', *, *, #8198, .T. ) ;
#817 = AXIS2_PLACEMENT_3D ( 'NONE', #1283, #3124, #4848 ) ;
#818 = EDGE_LOOP ( 'NONE', ( #3587, #11641, #5598, #6159 ) ) ;
#819 = ORIENTED_EDGE ( 'NONE', *, *, #11166, .F. ) ;
#820 = CARTESIAN_POINT ( 'NONE',  ( -0.0004294969318460739593, 109.8258398792882247, 8.433509728450992782 ) ) ;
#821 = AXIS2_PLACEMENT_3D ( 'NONE', #5849, #8501, #9709 ) ;
#822 = CARTESIAN_POINT ( 'NONE',  ( 8.384416722923363707, 99.82583987928821045, -3.694314324706627684 ) ) ;
#823 = VECTOR ( 'NONE', #11322, 1000.000000000000000 ) ;
#824 = DIRECTION ( 'NONE',  ( 1.000000000000000000, 0.000000000000000000, -1.490776387223533517E-14 ) ) ;
#825 = VERTEX_POINT ( 'NONE', #1472 ) ;
#826 = CARTESIAN_POINT ( 'NONE',  ( -72.76808532237744487, 8.274999999999998579, 17.06344096711973890 ) ) ;
#827 = CARTESIAN_POINT ( 'NONE',  ( -51.69999999999999574, 99.82583987928822467, 46.90000000000009095 ) ) ;
#828 = LINE ( 'NONE', #11536, #6079 ) ;
#829 = ORIENTED_EDGE ( 'NONE', *, *, #10010, .T. ) ;
#830 = CYLINDRICAL_SURFACE ( 'NONE', #395, 5.000000000000000888 ) ;
#831 = FACE_OUTER_BOUND ( 'NONE', #9629, .T. ) ;
#832 = DIRECTION ( 'NONE',  ( 1.593062912007103154E-16, 1.000000000000000000, 0.000000000000000000 ) ) ;
#833 = ORIENTED_EDGE ( 'NONE', *, *, #7256, .F. ) ;
#834 = ORIENTED_EDGE ( 'NONE', *, *, #10312, .T. ) ;
#835 = DIRECTION ( 'NONE',  ( 0.000000000000000000, 0.000000000000000000, -1.000000000000000000 ) ) ;
#836 = ORIENTED_EDGE ( 'NONE', *, *, #7381, .F. ) ;
#837 = ADVANCED_FACE ( 'NONE', ( #11288 ), #10281, .F. ) ;
#838 = AXIS2_PLACEMENT_3D ( 'NONE', #1189, #2086, #7347 ) ;
#839 = AXIS2_PLACEMENT_3D ( 'NONE', #5107, #11432, #7272 ) ;
#840 = AXIS2_PLACEMENT_3D ( 'NONE', #2758, #851, #9010 ) ;
#841 = PLANE ( 'NONE',  #290 ) ;
#842 = ADVANCED_FACE ( 'NONE', ( #1352 ), #7479, .F. ) ;
#843 = DIRECTION ( 'NONE',  ( 0.000000000000000000, 1.000000000000000000, 0.000000000000000000 ) ) ;
#844 = DIRECTION ( 'NONE',  ( -1.000000000000000000, -0.000000000000000000, -0.000000000000000000 ) ) ;
#845 = DIRECTION ( 'NONE',  ( 0.000000000000000000, -0.5735764363510429398, 0.8191520442889939080 ) ) ;
#846 = VECTOR ( 'NONE', #671, 1000.000000000000000 ) ;
#847 = ORIENTED_EDGE ( 'NONE', *, *, #9440, .T. ) ;
#848 = AXIS2_PLACEMENT_3D ( 'NONE', #1105, #8311, #5666 ) ;
#849 = FACE_OUTER_BOUND ( 'NONE', #7597, .T. ) ;
#850 = LINE ( 'NONE', #8186, #4236 ) ;
#851 = DIRECTION ( 'NONE',  ( 0.000000000000000000, 1.000000000000000000, 0.000000000000000000 ) ) ;
#852 = EDGE_LOOP ( 'NONE', ( #4487, #10114, #8152, #1436, #4628 ) ) ;
#853 = EDGE_LOOP ( 'NONE', ( #2855, #6128, #718, #2229 ) ) ;
#854 = EDGE_CURVE ( 'NONE', #3546, #8273, #9530, .T. ) ;
#855 = EDGE_CURVE ( 'NONE', #1673, #7005, #5811, .T. ) ;
#856 = ORIENTED_EDGE ( 'NONE', *, *, #5102, .F. ) ;
#857 = VECTOR ( 'NONE', #9939, 1000.000000000000000 ) ;
#858 = FACE_OUTER_BOUND ( 'NONE', #7110, .T. ) ;
#859 = CARTESIAN_POINT ( 'NONE',  ( 50.02648654977334530, 5.099999999999999645, 20.18114647173673148 ) ) ;
#860 = LINE ( 'NONE', #8071, #8927 ) ;
#861 = PLANE ( 'NONE',  #1036 ) ;
#862 = DIRECTION ( 'NONE',  ( 0.000000000000000000, 0.5283332255394526111, 0.8490371033064914030 ) ) ;
#863 = FACE_OUTER_BOUND ( 'NONE', #2389, .T. ) ;
#864 = LINE ( 'NONE', #5192, #7086 ) ;
#865 = CIRCLE ( 'NONE', #5968, 1.149999999999998135 ) ;
#866 = ORIENTED_EDGE ( 'NONE', *, *, #11422, .F. ) ;
#867 = ADVANCED_FACE ( 'NONE', ( #10440 ), #9445, .F. ) ;
#868 = EDGE_CURVE ( 'NONE', #3678, #4441, #5081, .T. ) ;
#869 = VERTEX_POINT ( 'NONE', #8513 ) ;
#870 = CARTESIAN_POINT ( 'NONE',  ( -33.55000000000002558, 98.32583987928822467, 33.89999999999999147 ) ) ;
#871 = CARTESIAN_POINT ( 'NONE',  ( -69.20000000000000284, 6.349999999999999645, -6.985329661611390684 ) ) ;
#872 = LINE ( 'NONE', #8145, #8521 ) ;
#873 = EDGE_CURVE ( 'NONE', #2551, #7322, #3139, .T. ) ;
#874 = DIRECTION ( 'NONE',  ( 1.000000000000000000, -0.000000000000000000, -0.000000000000000000 ) ) ;
#875 = EDGE_CURVE ( 'NONE', #9745, #5802, #422, .T. ) ;
#876 = VERTEX_POINT ( 'NONE', #3189 ) ;
#877 = DIRECTION ( 'NONE',  ( 0.000000000000000000, 1.000000000000000000, 0.000000000000000000 ) ) ;
#878 = DIRECTION ( 'NONE',  ( -1.521157000053560499E-16, 5.229285515060565227E-16, -1.000000000000000000 ) ) ;
#879 = DIRECTION ( 'NONE',  ( 0.000000000000000000, 1.000000000000000000, 0.000000000000000000 ) ) ;
#880 = ORIENTED_EDGE ( 'NONE', *, *, #1901, .F. ) ;
#881 = VECTOR ( 'NONE', #2368, 1000.000000000000000 ) ;
#882 = CARTESIAN_POINT ( 'NONE',  ( -28.27338749131105899, 99.82583987928822467, 19.01729097703719518 ) ) ;
#883 = VERTEX_POINT ( 'NONE', #8567 ) ;
#884 = EDGE_CURVE ( 'NONE', #1673, #4023, #1236, .T. ) ;
#885 = ORIENTED_EDGE ( 'NONE', *, *, #6241, .T. ) ;
#886 = ORIENTED_EDGE ( 'NONE', *, *, #3405, .T. ) ;
#887 = DIRECTION ( 'NONE',  ( 0.000000000000000000, 0.000000000000000000, -1.000000000000000000 ) ) ;
#888 = DIRECTION ( 'NONE',  ( -1.335278419062900361E-16, 0.000000000000000000, 1.000000000000000000 ) ) ;
#889 = ADVANCED_FACE ( 'NONE', ( #1531 ), #9849, .F. ) ;
#890 = ORIENTED_EDGE ( 'NONE', *, *, #6392, .F. ) ;
#891 = DIRECTION ( 'NONE',  ( 0.000000000000000000, 0.000000000000000000, -1.000000000000000000 ) ) ;
#892 = DIRECTION ( 'NONE',  ( -1.000000000000000000, 0.000000000000000000, 0.000000000000000000 ) ) ;
#893 = DIRECTION ( 'NONE',  ( -0.000000000000000000, -0.000000000000000000, -1.000000000000000000 ) ) ;
#894 = VERTEX_POINT ( 'NONE', #6922 ) ;
#895 = CARTESIAN_POINT ( 'NONE',  ( -80.07520753820969617, 58.93999999999998352, 10.39999999999999503 ) ) ;
#896 = CARTESIAN_POINT ( 'NONE',  ( 32.54999999999999716, 96.82583987928822467, 33.89999999999999147 ) ) ;
#897 = ORIENTED_EDGE ( 'NONE', *, *, #2571, .F. ) ;
#898 = VERTEX_POINT ( 'NONE', #6974 ) ;
#899 = VERTEX_POINT ( 'NONE', #8983 ) ;
#900 = CARTESIAN_POINT ( 'NONE',  ( 50.48689872104515075, 91.54000537782400215, -2.374168628343573673 ) ) ;
#901 = DIRECTION ( 'NONE',  ( 1.000000000000000000, 0.000000000000000000, 0.000000000000000000 ) ) ;
#902 = LINE ( 'NONE', #7182, #10476 ) ;
#903 = CARTESIAN_POINT ( 'NONE',  ( 50.48689872104515075, 75.48946397805705999, -21.83805926787198715 ) ) ;
#904 = EDGE_CURVE ( 'NONE', #9901, #11449, #697, .T. ) ;
#905 = EDGE_LOOP ( 'NONE', ( #2259, #68, #9243, #109, #10162, #1925, #934, #6789, #7758, #9791 ) ) ;
#906 = DIRECTION ( 'NONE',  ( 0.000000000000000000, 0.000000000000000000, 1.000000000000000000 ) ) ;
#907 = CARTESIAN_POINT ( 'NONE',  ( 77.61250000000001137, 82.35514882866895903, -40.25769145387477010 ) ) ;
#908 = CARTESIAN_POINT ( 'NONE',  ( -5.461913016040045754, 96.12583987928823603, -4.426490271496838602 ) ) ;
#909 = EDGE_LOOP ( 'NONE', ( #3916, #8386 ) ) ;
#910 = ADVANCED_FACE ( 'NONE', ( #11521 ), #6266, .T. ) ;
#911 = EDGE_LOOP ( 'NONE', ( #8285, #1747, #136, #2592, #1871, #6403, #8437, #473 ) ) ;
#912 = ORIENTED_EDGE ( 'NONE', *, *, #296, .T. ) ;
#913 = DIRECTION ( 'NONE',  ( 0.000000000000000000, -0.000000000000000000, 1.000000000000000000 ) ) ;
#914 = DIRECTION ( 'NONE',  ( 1.000000000000000000, 0.000000000000000000, 0.000000000000000000 ) ) ;
#915 = CARTESIAN_POINT ( 'NONE',  ( 61.59000000000065711, 8.274999999999998579, 18.12419718570802019 ) ) ;
#916 = CARTESIAN_POINT ( 'NONE',  ( 30.99957050306814210, 110.8258398792882247, 4.963509728450988590 ) ) ;
#917 = ADVANCED_FACE ( 'NONE', ( #11465 ), #1591, .F. ) ;
#918 = CARTESIAN_POINT ( 'NONE',  ( 72.76808532237741645, 8.274999999999998579, 18.26344096711973819 ) ) ;
#919 = DIRECTION ( 'NONE',  ( 0.000000000000000000, -0.5283332255394526111, -0.8490371033064914030 ) ) ;
#920 = CARTESIAN_POINT ( 'NONE',  ( 50.48689872104515075, 74.78999999999417980, -0.6299859283196093118 ) ) ;
#921 = AXIS2_PLACEMENT_3D ( 'NONE', #11125, #3030, #7350 ) ;
#922 = ORIENTED_EDGE ( 'NONE', *, *, #10913, .F. ) ;
#923 = ORIENTED_EDGE ( 'NONE', *, *, #1587, .F. ) ;
#924 = CARTESIAN_POINT ( 'NONE',  ( 54.81500000380517434, 8.274999999999998579, 19.62115427306273219 ) ) ;
#925 = CIRCLE ( 'NONE', #6414, 1.000000000000000888 ) ;
#926 = EDGE_CURVE ( 'NONE', #8536, #8458, #6205, .T. ) ;
#927 = EDGE_CURVE ( 'NONE', #9677, #10210, #11397, .T. ) ;
#928 = DIRECTION ( 'NONE',  ( 0.000000000000000000, -1.000000000000000000, 0.000000000000000000 ) ) ;
#929 = DIRECTION ( 'NONE',  ( -0.000000000000000000, -1.000000000000000000, -0.000000000000000000 ) ) ;
#930 = EDGE_LOOP ( 'NONE', ( #5801, #1371, #534, #2220 ) ) ;
#931 = CARTESIAN_POINT ( 'NONE',  ( -81.84979246179028678, 58.93999999999998352, 10.39999999999999503 ) ) ;
#932 = CARTESIAN_POINT ( 'NONE',  ( -46.58189872104514251, 71.48073409388391042, 1.159267303877013378 ) ) ;
#933 = DIRECTION ( 'NONE',  ( -0.000000000000000000, -1.000000000000000000, -0.000000000000000000 ) ) ;
#934 = ORIENTED_EDGE ( 'NONE', *, *, #3902, .F. ) ;
#935 = ORIENTED_EDGE ( 'NONE', *, *, #9936, .F. ) ;
#936 = ORIENTED_EDGE ( 'NONE', *, *, #3751, .T. ) ;
#937 = CIRCLE ( 'NONE', #7557, 0.7999999999998941291 ) ;
#938 = EDGE_LOOP ( 'NONE', ( #4277, #276, #9386, #11423 ) ) ;
#939 = EDGE_CURVE ( 'NONE', #4357, #10529, #3305, .T. ) ;
#940 = ADVANCED_FACE ( 'NONE', ( #1708 ), #2422, .F. ) ;
#941 = ORIENTED_EDGE ( 'NONE', *, *, #7138, .T. ) ;
#942 = CARTESIAN_POINT ( 'NONE',  ( 32.54999999999999716, 93.00000000000000000, 33.89999999999999147 ) ) ;
#943 = VECTOR ( 'NONE', #1031, 1000.000000000000000 ) ;
#944 = EDGE_CURVE ( 'NONE', #2006, #7735, #5395, .T. ) ;
#945 = DIRECTION ( 'NONE',  ( 0.000000000000000000, 1.000000000000000000, 0.000000000000000000 ) ) ;
#946 = ORIENTED_EDGE ( 'NONE', *, *, #6008, .T. ) ;
#947 = DIRECTION ( 'NONE',  ( 0.000000000000000000, 0.000000000000000000, -1.000000000000000000 ) ) ;
#948 = DIRECTION ( 'NONE',  ( 0.000000000000000000, 0.000000000000000000, 1.000000000000000000 ) ) ;
#949 = DIRECTION ( 'NONE',  ( 1.000000000000000000, 0.000000000000000000, 1.335278419062900115E-16 ) ) ;
#950 = VERTEX_POINT ( 'NONE', #8736 ) ;
#951 = CARTESIAN_POINT ( 'NONE',  ( 46.58189872104514251, 71.48073409388391042, 1.159267303877013378 ) ) ;
#952 = LINE ( 'NONE', #7297, #4614 ) ;
#953 = VERTEX_POINT ( 'NONE', #9671 ) ;
#954 = VERTEX_POINT ( 'NONE', #750 ) ;
#955 = VERTEX_POINT ( 'NONE', #9735 ) ;
#956 = AXIS2_PLACEMENT_3D ( 'NONE', #11044, #10922, #10144 ) ;
#957 = EDGE_CURVE ( 'NONE', #2435, #1522, #1649, .T. ) ;
#958 = EDGE_CURVE ( 'NONE', #11485, #648, #5207, .T. ) ;
#959 = EDGE_CURVE ( 'NONE', #9212, #9839, #7087, .T. ) ;
#960 = EDGE_CURVE ( 'NONE', #4697, #7766, #2542, .T. ) ;
#961 = CARTESIAN_POINT ( 'NONE',  ( -23.90689872104513469, 90.00000000000000000, 22.30467496797187010 ) ) ;
#962 = DIRECTION ( 'NONE',  ( -1.000000000000000000, 0.000000000000000000, 1.611406140256719229E-11 ) ) ;
#963 = DIRECTION ( 'NONE',  ( 1.000000000000000000, 0.000000000000000000, 0.000000000000000000 ) ) ;
#964 = VECTOR ( 'NONE', #3029, 1000.000000000000000 ) ;
#965 = CARTESIAN_POINT ( 'NONE',  ( 80.47893218813450744, 109.8258398792882247, 44.40000000000009805 ) ) ;
#966 = VECTOR ( 'NONE', #11494, 1000.000000000000000 ) ;
#967 = LINE ( 'NONE', #7183, #11549 ) ;
#968 = ORIENTED_EDGE ( 'NONE', *, *, #3130, .F. ) ;
#969 = DIRECTION ( 'NONE',  ( 0.000000000000000000, 0.000000000000000000, -1.000000000000000000 ) ) ;
#970 = LINE ( 'NONE', #102, #10836 ) ;
#971 = DIRECTION ( 'NONE',  ( 1.000000000000000000, -0.000000000000000000, 0.000000000000000000 ) ) ;
#972 = EDGE_LOOP ( 'NONE', ( #1897, #912, #10510, #8202 ) ) ;
#973 = ORIENTED_EDGE ( 'NONE', *, *, #10550, .F. ) ;
#974 = VECTOR ( 'NONE', #6137, 1000.000000000000000 ) ;
#975 = AXIS2_PLACEMENT_3D ( 'NONE', #5056, #11309, #5174 ) ;
#976 = ORIENTED_EDGE ( 'NONE', *, *, #4792, .F. ) ;
#977 = LINE ( 'NONE', #3580, #2754 ) ;
#978 = DIRECTION ( 'NONE',  ( 0.000000000000000000, -1.000000000000000000, 0.000000000000000000 ) ) ;
#979 = FACE_OUTER_BOUND ( 'NONE', #77, .T. ) ;
#980 = CARTESIAN_POINT ( 'NONE',  ( 82.54999999999999716, 99.82583987928822467, 41.90000000000009805 ) ) ;
#981 = AXIS2_PLACEMENT_3D ( 'NONE', #10103, #3729, #5578 ) ;
#982 = AXIS2_PLACEMENT_3D ( 'NONE', #3021, #3842, #6631 ) ;
#983 = CARTESIAN_POINT ( 'NONE',  ( -82.54999999999999716, 61.63999999999999346, 5.399999999999991473 ) ) ;
#984 = DIRECTION ( 'NONE',  ( -0.000000000000000000, -0.8191520442889941300, -0.5735764363510429398 ) ) ;
#985 = VERTEX_POINT ( 'NONE', #4366 ) ;
#986 = VERTEX_POINT ( 'NONE', #9786 ) ;
#987 = EDGE_CURVE ( 'NONE', #193, #1989, #5320, .T. ) ;
#988 = AXIS2_PLACEMENT_3D ( 'NONE', #1057, #877, #7209 ) ;
#989 = CIRCLE ( 'NONE', #1524, 1.149999999999998135 ) ;
#990 = VECTOR ( 'NONE', #3642, 1000.000000000000000 ) ;
#991 = DIRECTION ( 'NONE',  ( -1.000000000000000000, 0.000000000000000000, 0.000000000000000000 ) ) ;
#992 = CARTESIAN_POINT ( 'NONE',  ( 74.43750000000001421, -4.758722840905002194, -40.25769145387477721 ) ) ;
#993 = CARTESIAN_POINT ( 'NONE',  ( 46.58189872104514251, 75.48946397805705999, -21.83805926787198715 ) ) ;
#994 = LINE ( 'NONE', #10920, #10362 ) ;
#995 = ORIENTED_EDGE ( 'NONE', *, *, #3311, .F. ) ;
#996 = CARTESIAN_POINT ( 'NONE',  ( -1.719666983742914601, 124.2265226045272613, 36.89999999999137970 ) ) ;
#997 = DIRECTION ( 'NONE',  ( 0.000000000000000000, 0.000000000000000000, -1.000000000000000000 ) ) ;
#998 = DIRECTION ( 'NONE',  ( 0.000000000000000000, -1.000000000000000000, 0.000000000000000000 ) ) ;
#999 = ORIENTED_EDGE ( 'NONE', *, *, #8504, .F. ) ;
#1000 = EDGE_LOOP ( 'NONE', ( #2009, #11135 ) ) ;
#1001 = CIRCLE ( 'NONE', #2713, 1.149999999999999467 ) ;
#1002 = ORIENTED_EDGE ( 'NONE', *, *, #9537, .T. ) ;
#1003 = ORIENTED_EDGE ( 'NONE', *, *, #5496, .T. ) ;
#1004 = EDGE_CURVE ( 'NONE', #5840, #6236, #6903, .T. ) ;
#1005 = EDGE_CURVE ( 'NONE', #10532, #4036, #11585, .T. ) ;
#1006 = LINE ( 'NONE', #7162, #1305 ) ;
#1007 = AXIS2_PLACEMENT_3D ( 'NONE', #9720, #978, #10724 ) ;
#1008 = CARTESIAN_POINT ( 'NONE',  ( -11.25499999999998302, -27.00000000000000355, 13.89999999999999680 ) ) ;
#1009 = ORIENTED_EDGE ( 'NONE', *, *, #3703, .F. ) ;
#1010 = DIRECTION ( 'NONE',  ( -0.000000000000000000, -1.000000000000000000, 0.000000000000000000 ) ) ;
#1011 = DIRECTION ( 'NONE',  ( 0.8191520442889943521, 0.5735764363510422736, 0.000000000000000000 ) ) ;
#1012 = CARTESIAN_POINT ( 'NONE',  ( -29.00040951394596078, 96.12583987928823603, 18.68350972841953350 ) ) ;
#1013 = CIRCLE ( 'NONE', #7997, 1.000000000000000888 ) ;
#1014 = ORIENTED_EDGE ( 'NONE', *, *, #10927, .T. ) ;
#1015 = LINE ( 'NONE', #260, #9593 ) ;
#1016 = CARTESIAN_POINT ( 'NONE',  ( -8.300429496984971678, 96.12583987928823603, 15.71614540591397358 ) ) ;
#1017 = ORIENTED_EDGE ( 'NONE', *, *, #5157, .T. ) ;
#1018 = VERTEX_POINT ( 'NONE', #9971 ) ;
#1019 = CARTESIAN_POINT ( 'NONE',  ( 69.50000000000001421, 82.35514882866895903, -30.25769145387476655 ) ) ;
#1020 = ORIENTED_EDGE ( 'NONE', *, *, #531, .F. ) ;
#1021 = EDGE_CURVE ( 'NONE', #4500, #5298, #7287, .T. ) ;
#1022 = VECTOR ( 'NONE', #10323, 1000.000000000000000 ) ;
#1023 = DIRECTION ( 'NONE',  ( 1.000000000000000000, -0.000000000000000000, -0.000000000000000000 ) ) ;
#1024 = LINE ( 'NONE', #11010, #857 ) ;
#1025 = CARTESIAN_POINT ( 'NONE',  ( -77.61249999996866222, 82.35514882866895903, -40.25769145387477010 ) ) ;
#1026 = DIRECTION ( 'NONE',  ( 1.521157000053560499E-16, 0.000000000000000000, -1.000000000000000000 ) ) ;
#1027 = LINE ( 'NONE', #4692, #4179 ) ;
#1028 = ADVANCED_FACE ( 'NONE', ( #8322 ), #3771, .F. ) ;
#1029 = ORIENTED_EDGE ( 'NONE', *, *, #8040, .F. ) ;
#1030 = EDGE_CURVE ( 'NONE', #9579, #3926, #4647, .T. ) ;
#1031 = DIRECTION ( 'NONE',  ( 1.000000000000000000, -0.000000000000000000, 1.335278419062900361E-16 ) ) ;
#1032 = CARTESIAN_POINT ( 'NONE',  ( 33.54999999999999716, 92.00000000000000000, 22.30467496797187010 ) ) ;
#1033 = DIRECTION ( 'NONE',  ( 0.000000000000000000, 1.000000000000000000, 0.000000000000000000 ) ) ;
#1034 = VECTOR ( 'NONE', #4387, 1000.000000000000000 ) ;
#1035 = ORIENTED_EDGE ( 'NONE', *, *, #10889, .F. ) ;
#1036 = AXIS2_PLACEMENT_3D ( 'NONE', #3466, #8195, #10851 ) ;
#1037 = VECTOR ( 'NONE', #3574, 1000.000000000000000 ) ;
#1038 = VERTEX_POINT ( 'NONE', #8212 ) ;
#1039 = VECTOR ( 'NONE', #7771, 1000.000000000000000 ) ;
#1040 = DIRECTION ( 'NONE',  ( 1.902368341696335725E-08, 0.000000000000000000, -0.9999999999999997780 ) ) ;
#1041 = VECTOR ( 'NONE', #7791, 1000.000000000000000 ) ;
#1042 = VECTOR ( 'NONE', #11337, 1000.000000000000000 ) ;
#1043 = DIRECTION ( 'NONE',  ( 0.000000000000000000, 0.000000000000000000, -1.000000000000000000 ) ) ;
#1044 = DIRECTION ( 'NONE',  ( -1.000000000000000000, 0.000000000000000000, 0.000000000000000000 ) ) ;
#1045 = CARTESIAN_POINT ( 'NONE',  ( -43.40689872104514535, 74.78999999999417980, -25.07998592831960849 ) ) ;
#1046 = CARTESIAN_POINT ( 'NONE',  ( 3.407662280439247127, 124.8258398792691963, -15.54036673479086872 ) ) ;
#1047 = DIRECTION ( 'NONE',  ( 0.000000000000000000, -1.000000000000000000, 0.000000000000000000 ) ) ;
#1048 = ORIENTED_EDGE ( 'NONE', *, *, #2475, .F. ) ;
#1049 = VECTOR ( 'NONE', #2390, 1000.000000000000000 ) ;
#1050 = ORIENTED_EDGE ( 'NONE', *, *, #11503, .F. ) ;
#1051 = CARTESIAN_POINT ( 'NONE',  ( -82.54999999999999716, 58.93999999999998352, -0.2576914538747649974 ) ) ;
#1052 = CARTESIAN_POINT ( 'NONE',  ( -81.31693405484818982, 106.4779067577965179, 45.20413375701739511 ) ) ;
#1053 = CARTESIAN_POINT ( 'NONE',  ( 61.59000000000065711, 5.099999999999999645, 18.12419718570802019 ) ) ;
#1054 = DIRECTION ( 'NONE',  ( 1.000000000000000000, 0.000000000000000000, 1.335278419062900361E-16 ) ) ;
#1055 = LINE ( 'NONE', #2834, #6040 ) ;
#1056 = VECTOR ( 'NONE', #6859, 1000.000000000000000 ) ;
#1057 = CARTESIAN_POINT ( 'NONE',  ( -29.00042949692799965, 96.12583987928823603, -1.816490271664826572 ) ) ;
#1058 = LINE ( 'NONE', #932, #3698 ) ;
#1059 = SURFACE_STYLE_USAGE ( .BOTH. , #8213 ) ;
#1060 = EDGE_CURVE ( 'NONE', #10597, #9038, #4543, .T. ) ;
#1061 = EDGE_LOOP ( 'NONE', ( #5615, #5489, #8281, #8520 ) ) ;
#1062 = CARTESIAN_POINT ( 'NONE',  ( -41.55000000000002558, 92.50000000000000000, 22.30467496797187010 ) ) ;
#1063 = ORIENTED_EDGE ( 'NONE', *, *, #1381, .F. ) ;
#1064 = ORIENTED_EDGE ( 'NONE', *, *, #5409, .F. ) ;
#1065 = EDGE_CURVE ( 'NONE', #6920, #1293, #7391, .T. ) ;
#1066 = VERTEX_POINT ( 'NONE', #6331 ) ;
#1067 = CARTESIAN_POINT ( 'NONE',  ( 43.40689872104513825, 69.46500000000000341, -29.66122071973760299 ) ) ;
#1068 = LINE ( 'NONE', #7339, #9978 ) ;
#1069 = CARTESIAN_POINT ( 'NONE',  ( 53.40689872104514535, 95.63999999999417412, -7.959769997217391868 ) ) ;
#1070 = ORIENTED_EDGE ( 'NONE', *, *, #5514, .F. ) ;
#1071 = CARTESIAN_POINT ( 'NONE',  ( -76.81501998216515403, 8.274999999999998579, 19.07115427298596089 ) ) ;
#1072 = DIRECTION ( 'NONE',  ( 1.000000000000000000, 1.593062912007103154E-16, 1.228232725407420948E-32 ) ) ;
#1073 = DIRECTION ( 'NONE',  ( 0.000000000000000000, 0.000000000000000000, 1.000000000000000000 ) ) ;
#1074 = ADVANCED_FACE ( 'NONE', ( #243 ), #3597, .T. ) ;
#1075 = ADVANCED_FACE ( 'NONE', ( #5501 ), #5565, .F. ) ;
#1076 = EDGE_LOOP ( 'NONE', ( #6531, #4612, #2228, #9413 ) ) ;
#1077 = DIRECTION ( 'NONE',  ( 0.7071067812033930977, -1.587272347660564182E-15, -0.7071067811697020478 ) ) ;
#1078 = CARTESIAN_POINT ( 'NONE',  ( 76.81501998216515403, 8.274999999999998579, 19.07115427298596089 ) ) ;
#1079 = ORIENTED_EDGE ( 'NONE', *, *, #9808, .F. ) ;
#1080 = EDGE_LOOP ( 'NONE', ( #521, #2141, #6766, #3018 ) ) ;
#1081 = ORIENTED_EDGE ( 'NONE', *, *, #4769, .T. ) ;
#1082 = ADVANCED_FACE ( 'NONE', ( #10028 ), #9150, .F. ) ;
#1083 = DIRECTION ( 'NONE',  ( -7.012782563145142988E-17, 0.8873916384311677508, -0.4610163555042787187 ) ) ;
#1084 = DIRECTION ( 'NONE',  ( 0.000000000000000000, 0.000000000000000000, -1.000000000000000000 ) ) ;
#1085 = LINE ( 'NONE', #5649, #4459 ) ;
#1086 = CARTESIAN_POINT ( 'NONE',  ( 44.06500000000043826, 5.099999999999999645, 8.821154273062886020 ) ) ;
#1087 = EDGE_CURVE ( 'NONE', #1276, #6880, #10859, .T. ) ;
#1088 = EDGE_CURVE ( 'NONE', #6009, #11481, #1058, .T. ) ;
#1089 = ORIENTED_EDGE ( 'NONE', *, *, #3237, .T. ) ;
#1090 = PRODUCT ( 'Chassis', 'Chassis', '', ( #1504 ) ) ;
#1091 = DIRECTION ( 'NONE',  ( 0.000000000000000000, 0.000000000000000000, -1.000000000000000000 ) ) ;
#1092 = DIRECTION ( 'NONE',  ( 0.000000000000000000, 0.000000000000000000, -1.000000000000000000 ) ) ;
#1093 = ORIENTED_EDGE ( 'NONE', *, *, #4425, .T. ) ;
#1094 = ORIENTED_EDGE ( 'NONE', *, *, #8721, .F. ) ;
#1095 = VERTEX_POINT ( 'NONE', #8088 ) ;
#1096 = EDGE_CURVE ( 'NONE', #7743, #7672, #183, .T. ) ;
#1097 = EDGE_CURVE ( 'NONE', #11495, #2965, #1115, .T. ) ;
#1098 = FACE_OUTER_BOUND ( 'NONE', #5919, .T. ) ;
#1099 = CARTESIAN_POINT ( 'NONE',  ( 50.02648654977334530, 8.274999999999998579, 20.18114647173673148 ) ) ;
#1100 = LINE ( 'NONE', #6603, #7983 ) ;
#1101 = DIRECTION ( 'NONE',  ( 0.000000000000000000, 0.000000000000000000, -1.000000000000000000 ) ) ;
#1102 = ADVANCED_FACE ( 'NONE', ( #5621 ), #7277, .F. ) ;
#1103 = CARTESIAN_POINT ( 'NONE',  ( -54.81499993151516748, 5.099999999999999645, 15.82115373010225312 ) ) ;
#1104 = CARTESIAN_POINT ( 'NONE',  ( 1.717994992794269704, 124.8258398793072530, -15.72034833802699794 ) ) ;
#1105 = CARTESIAN_POINT ( 'NONE',  ( 4.999570503068137661, 109.8258398792882247, 4.963509728450993919 ) ) ;
#1106 = EDGE_LOOP ( 'NONE', ( #6834, #459, #7092, #4298 ) ) ;
#1107 = ORIENTED_EDGE ( 'NONE', *, *, #9580, .F. ) ;
#1108 = EDGE_CURVE ( 'NONE', #5820, #1142, #3607, .T. ) ;
#1109 = CARTESIAN_POINT ( 'NONE',  ( -43.40689872104513825, 97.50000000000000000, -29.66122071973760299 ) ) ;
#1110 = CARTESIAN_POINT ( 'NONE',  ( -81.31693405484888615, 108.1299736363048112, 43.55206687850909475 ) ) ;
#1111 = CARTESIAN_POINT ( 'NONE',  ( -82.54999999999999716, -24.50000000000000355, 25.39999999999999858 ) ) ;
#1112 = AXIS2_PLACEMENT_3D ( 'NONE', #4116, #561, #6726 ) ;
#1113 = CARTESIAN_POINT ( 'NONE',  ( -74.43749999996866507, 18.84999999999999787, -24.58269145387476584 ) ) ;
#1114 = FACE_OUTER_BOUND ( 'NONE', #6506, .T. ) ;
#1115 = LINE ( 'NONE', #10087, #5204 ) ;
#1116 = AXIS2_PLACEMENT_3D ( 'NONE', #9235, #6472, #901 ) ;
#1117 = PRESENTATION_STYLE_ASSIGNMENT (( #1059 ) ) ;
#1118 = DIRECTION ( 'NONE',  ( 1.000000000000000000, -1.593062912007103154E-16, -1.228232725407420811E-32 ) ) ;
#1119 = ORIENTED_EDGE ( 'NONE', *, *, #1097, .T. ) ;
#1120 = ORIENTED_EDGE ( 'NONE', *, *, #3828, .T. ) ;
#1121 = VERTEX_POINT ( 'NONE', #8269 ) ;
#1122 = VECTOR ( 'NONE', #7164, 999.9999999999998863 ) ;
#1123 = CARTESIAN_POINT ( 'NONE',  ( 50.48689872104515075, 74.97269081489451992, 3.358530552390480040 ) ) ;
#1124 = VERTEX_POINT ( 'NONE', #4720 ) ;
#1125 = PLANE ( 'NONE',  #8537 ) ;
#1126 = CARTESIAN_POINT ( 'NONE',  ( -35.61042949709576533, 96.12583987928823603, -1.926685223531122260 ) ) ;
#1127 = CARTESIAN_POINT ( 'NONE',  ( 46.58189872104514251, 72.64000000000000057, -7.085838131530381798E-15 ) ) ;
#1128 = ORIENTED_EDGE ( 'NONE', *, *, #7447, .F. ) ;
#1129 = CARTESIAN_POINT ( 'NONE',  ( -6.268209422258882668, 119.8258398792882105, 36.86783398817240709 ) ) ;
#1130 = CARTESIAN_POINT ( 'NONE',  ( -50.48689872104515075, 74.78999999999417980, -23.92998592831960991 ) ) ;
#1131 = VECTOR ( 'NONE', #2970, 1000.000000000000000 ) ;
#1132 = EDGE_LOOP ( 'NONE', ( #5625, #5540, #4927, #9447 ) ) ;
#1133 = ORIENTED_EDGE ( 'NONE', *, *, #9402, .T. ) ;
#1134 = LINE ( 'NONE', #1303, #7011 ) ;
#1135 = LINE ( 'NONE', #3737, #2624 ) ;
#1136 = ORIENTED_EDGE ( 'NONE', *, *, #9323, .T. ) ;
#1137 = ADVANCED_FACE ( 'NONE', ( #2837 ), #7332, .T. ) ;
#1138 = CARTESIAN_POINT ( 'NONE',  ( -82.54999999999999716, 6.349999999999999645, 25.39999999999999858 ) ) ;
#1139 = FACE_OUTER_BOUND ( 'NONE', #1360, .T. ) ;
#1140 = CARTESIAN_POINT ( 'NONE',  ( 0.000000000000000000, 124.8258398792882247, 0.000000000000000000 ) ) ;
#1141 = CARTESIAN_POINT ( 'NONE',  ( -41.55000000000002558, 97.32583987928822467, 22.30467496797187010 ) ) ;
#1142 = VERTEX_POINT ( 'NONE', #6678 ) ;
#1143 = CARTESIAN_POINT ( 'NONE',  ( 11.53797703293656163, 109.8258398792882531, 36.89999999999999858 ) ) ;
#1144 = CARTESIAN_POINT ( 'NONE',  ( 78.52495334106181701, 109.7609920689830147, 46.83515218969312599 ) ) ;
#1145 = AXIS2_PLACEMENT_3D ( 'NONE', #333, #6476, #10125 ) ;
#1146 = ORIENTED_EDGE ( 'NONE', *, *, #4755, .F. ) ;
#1147 = ORIENTED_EDGE ( 'NONE', *, *, #1983, .F. ) ;
#1148 = ORIENTED_EDGE ( 'NONE', *, *, #1381, .T. ) ;
#1149 = EDGE_CURVE ( 'NONE', #7467, #3926, #2514, .T. ) ;
#1150 = EDGE_CURVE ( 'NONE', #3345, #8482, #5112, .T. ) ;
#1151 = VECTOR ( 'NONE', #10190, 1000.000000000000000 ) ;
#1152 = FACE_OUTER_BOUND ( 'NONE', #9037, .T. ) ;
#1153 = PLANE ( 'NONE',  #4600 ) ;
#1154 = LINE ( 'NONE', #9370, #5891 ) ;
#1155 = CARTESIAN_POINT ( 'NONE',  ( 4.999570503068137661, 110.8258398792882247, 4.963509728450993919 ) ) ;
#1156 = DIRECTION ( 'NONE',  ( -6.544275553939909236E-12, 0.000000000000000000, -1.000000000000000000 ) ) ;
#1157 = VECTOR ( 'NONE', #2705, 1000.000000000000000 ) ;
#1158 = LINE ( 'NONE', #6489, #11047 ) ;
#1159 = VERTEX_POINT ( 'NONE', #2395 ) ;
#1160 = ORIENTED_EDGE ( 'NONE', *, *, #3966, .F. ) ;
#1161 = EDGE_CURVE ( 'NONE', #5425, #11526, #3393, .T. ) ;
#1162 = AXIS2_PLACEMENT_3D ( 'NONE', #1183, #9045, #9278 ) ;
#1163 = CIRCLE ( 'NONE', #9836, 1.000000000000000888 ) ;
#1164 = FACE_OUTER_BOUND ( 'NONE', #11670, .T. ) ;
#1165 = CARTESIAN_POINT ( 'NONE',  ( -81.88915799225159731, 106.0787165668107974, 44.40575337504448328 ) ) ;
#1166 = DIRECTION ( 'NONE',  ( -1.000000000000000000, 0.000000000000000000, 1.335278419062900361E-16 ) ) ;
#1167 = CARTESIAN_POINT ( 'NONE',  ( 1.666237169734807511, 119.8722550523063148, -20.03649027154899898 ) ) ;
#1168 = DIRECTION ( 'NONE',  ( 1.000000000000000000, -2.244742081187875711E-15, 2.787090821298670553E-12 ) ) ;
#1169 = CARTESIAN_POINT ( 'NONE',  ( 5.830801778275840341, 119.8258398792882105, -20.02612620517534836 ) ) ;
#1170 = DIRECTION ( 'NONE',  ( 1.000000000000000000, -0.000000000000000000, -1.335278419062900115E-16 ) ) ;
#1171 = EDGE_CURVE ( 'NONE', #2929, #5526, #10530, .T. ) ;
#1172 = LINE ( 'NONE', #2018, #8764 ) ;
#1173 = EDGE_CURVE ( 'NONE', #2534, #4565, #8381, .T. ) ;
#1174 = VERTEX_POINT ( 'NONE', #2453 ) ;
#1175 = EDGE_CURVE ( 'NONE', #11014, #10343, #4619, .T. ) ;
#1176 = VERTEX_POINT ( 'NONE', #4781 ) ;
#1177 = AXIS2_PLACEMENT_3D ( 'NONE', #3304, #5142, #7914 ) ;
#1178 = AXIS2_PLACEMENT_3D ( 'NONE', #1835, #928, #5562 ) ;
#1179 = ORIENTED_EDGE ( 'NONE', *, *, #7201, .T. ) ;
#1180 = AXIS2_PLACEMENT_3D ( 'NONE', #9260, #8264, #7383 ) ;
#1181 = CARTESIAN_POINT ( 'NONE',  ( 81.55000000000001137, 66.63999999999998636, -0.2576914538747651640 ) ) ;
#1182 = ORIENTED_EDGE ( 'NONE', *, *, #4552, .T. ) ;
#1183 = CARTESIAN_POINT ( 'NONE',  ( -29.00042949698513439, 96.12583987928823603, 18.68350972833517432 ) ) ;
#1184 = DIRECTION ( 'NONE',  ( 0.000000000000000000, 0.000000000000000000, -1.000000000000000000 ) ) ;
#1185 = CARTESIAN_POINT ( 'NONE',  ( 42.54999999999999716, 96.82583987928822467, 33.89999999999999147 ) ) ;
#1186 = CIRCLE ( 'NONE', #11372, 2.499801894116557843 ) ;
#1187 = EDGE_LOOP ( 'NONE', ( #5175, #11161, #1182, #2788 ) ) ;
#1188 = DIRECTION ( 'NONE',  ( -1.593062912007103154E-16, 1.000000000000000000, 7.965314560035515770E-17 ) ) ;
#1189 = CARTESIAN_POINT ( 'NONE',  ( -5.000429496931850792, 124.8258398792882247, 4.963509728450992142 ) ) ;
#1190 = ORIENTED_EDGE ( 'NONE', *, *, #1249, .T. ) ;
#1191 = VERTEX_POINT ( 'NONE', #7838 ) ;
#1192 = DIRECTION ( 'NONE',  ( -9.441838556761602300E-17, 0.7071072074758651960, 0.7071063548969729329 ) ) ;
#1193 = DIRECTION ( 'NONE',  ( 0.000000000000000000, 1.000000000000000000, 7.709882115452476934E-17 ) ) ;
#1194 = ORIENTED_EDGE ( 'NONE', *, *, #3774, .F. ) ;
#1195 = AXIS2_PLACEMENT_3D ( 'NONE', #4475, #2765, #6371 ) ;
#1196 = AXIS2_PLACEMENT_3D ( 'NONE', #5869, #9457, #1362 ) ;
#1197 = DIRECTION ( 'NONE',  ( 0.000000000000000000, 1.000000000000000000, 0.000000000000000000 ) ) ;
#1198 = FACE_OUTER_BOUND ( 'NONE', #10494, .T. ) ;
#1199 = DIRECTION ( 'NONE',  ( 0.000000000000000000, -0.000000000000000000, 1.000000000000000000 ) ) ;
#1200 = ORIENTED_EDGE ( 'NONE', *, *, #5282, .F. ) ;
#1201 = LINE ( 'NONE', #8419, #6622 ) ;
#1202 = FACE_OUTER_BOUND ( 'NONE', #9543, .T. ) ;
#1203 = ADVANCED_FACE ( 'NONE', ( #2195, #6002, #11157, #3894, #300, #1500 ), #6949, .T. ) ;
#1204 = ORIENTED_EDGE ( 'NONE', *, *, #5131, .T. ) ;
#1205 = VERTEX_POINT ( 'NONE', #11492 ) ;
#1206 = VECTOR ( 'NONE', #933, 1000.000000000000000 ) ;
#1207 = ORIENTED_EDGE ( 'NONE', *, *, #10181, .T. ) ;
#1208 = DIRECTION ( 'NONE',  ( 1.335278419062900361E-16, 0.000000000000000000, 1.000000000000000000 ) ) ;
#1209 = DIRECTION ( 'NONE',  ( 0.000000000000000000, 1.000000000000000000, 0.000000000000000000 ) ) ;
#1210 = CARTESIAN_POINT ( 'NONE',  ( 5.041933606692419190, 124.8258398792882247, -15.23534267996139135 ) ) ;
#1211 = VECTOR ( 'NONE', #6303, 1000.000000000000000 ) ;
#1212 = DIRECTION ( 'NONE',  ( 0.000000000000000000, 0.000000000000000000, -1.000000000000000000 ) ) ;
#1213 = VECTOR ( 'NONE', #1459, 1000.000000000000000 ) ;
#1214 = ORIENTED_EDGE ( 'NONE', *, *, #350, .F. ) ;
#1215 = VECTOR ( 'NONE', #6420, 1000.000000000000000 ) ;
#1216 = CARTESIAN_POINT ( 'NONE',  ( -50.48689872104514365, 74.67980196068272392, -26.29001273249923898 ) ) ;
#1217 = ADVANCED_FACE ( 'NONE', ( #4847 ), #356, .F. ) ;
#1218 = CARTESIAN_POINT ( 'NONE',  ( 82.55000000000002558, 58.93999999999998352, 5.399999999999993250 ) ) ;
#1219 = VERTEX_POINT ( 'NONE', #10205 ) ;
#1220 = ORIENTED_EDGE ( 'NONE', *, *, #4375, .F. ) ;
#1221 = VECTOR ( 'NONE', #371, 1000.000000000000000 ) ;
#1222 = CIRCLE ( 'NONE', #2156, 1.149999999999999689 ) ;
#1223 = CIRCLE ( 'NONE', #8973, 5.700207538209718372 ) ;
#1224 = DIRECTION ( 'NONE',  ( -1.000000000000000000, -0.000000000000000000, -0.000000000000000000 ) ) ;
#1225 = CARTESIAN_POINT ( 'NONE',  ( -82.19527286413011780, 106.7944341772956420, 43.86859429800681909 ) ) ;
#1226 = LINE ( 'NONE', #3944, #4426 ) ;
#1227 = DIRECTION ( 'NONE',  ( -0.000000000000000000, -1.000000000000000000, 0.000000000000000000 ) ) ;
#1228 = DIRECTION ( 'NONE',  ( 0.000000000000000000, 0.000000000000000000, 1.000000000000000000 ) ) ;
#1229 = DIRECTION ( 'NONE',  ( -0.000000000000000000, 1.000000000000000000, -0.000000000000000000 ) ) ;
#1230 = CARTESIAN_POINT ( 'NONE',  ( 4.999570503068137661, 119.8299752807307357, -20.03649027154900608 ) ) ;
#1231 = DIRECTION ( 'NONE',  ( -2.281766556891204709E-15, 0.7213349599943349455, 0.6925863668092024916 ) ) ;
#1232 = VECTOR ( 'NONE', #3706, 1000.000000000000000 ) ;
#1233 = EDGE_CURVE ( 'NONE', #5626, #5079, #9637, .T. ) ;
#1234 = EDGE_CURVE ( 'NONE', #5079, #8798, #6057, .T. ) ;
#1235 = DIRECTION ( 'NONE',  ( -1.000000000000000000, 0.000000000000000000, 0.000000000000000000 ) ) ;
#1236 = CIRCLE ( 'NONE', #3129, 5.000000000000000000 ) ;
#1237 = EDGE_LOOP ( 'NONE', ( #4818, #3191, #1107, #10174 ) ) ;
#1238 = VERTEX_POINT ( 'NONE', #4227 ) ;
#1239 = ORIENTED_EDGE ( 'NONE', *, *, #855, .T. ) ;
#1240 = AXIS2_PLACEMENT_3D ( 'NONE', #10168, #5536, #2804 ) ;
#1241 = ADVANCED_FACE ( 'NONE', ( #6617 ), #3069, .F. ) ;
#1242 = ADVANCED_FACE ( 'NONE', ( #410 ), #7892, .T. ) ;
#1243 = AXIS2_PLACEMENT_3D ( 'NONE', #10649, #2752, #3390 ) ;
#1244 = CARTESIAN_POINT ( 'NONE',  ( 43.40689872104514535, 74.78999999999417980, -0.6299859283196088677 ) ) ;
#1245 = CARTESIAN_POINT ( 'NONE',  ( -42.55000000000002558, 98.32583987928822467, 33.89999999999999147 ) ) ;
#1246 = ORIENTED_EDGE ( 'NONE', *, *, #4254, .T. ) ;
#1247 = LINE ( 'NONE', #421, #2301 ) ;
#1248 = CARTESIAN_POINT ( 'NONE',  ( 11.25500000000000433, -27.00000000000000355, 13.89999999999999680 ) ) ;
#1249 = EDGE_CURVE ( 'NONE', #1297, #5981, #1933, .T. ) ;
#1250 = ORIENTED_EDGE ( 'NONE', *, *, #5114, .T. ) ;
#1251 = DIRECTION ( 'NONE',  ( 0.000000000000000000, 1.000000000000000000, 3.354869254291018419E-16 ) ) ;
#1252 = FACE_OUTER_BOUND ( 'NONE', #3289, .T. ) ;
#1253 = ORIENTED_EDGE ( 'NONE', *, *, #10286, .T. ) ;
#1254 = ORIENTED_EDGE ( 'NONE', *, *, #11346, .F. ) ;
#1255 = CARTESIAN_POINT ( 'NONE',  ( -31.40689872093238577, 97.49999999988722266, -4.426490271157039302 ) ) ;
#1256 = DIRECTION ( 'NONE',  ( 0.000000000000000000, -7.709882115452476934E-17, 1.000000000000000000 ) ) ;
#1257 = ORIENTED_EDGE ( 'NONE', *, *, #6770, .F. ) ;
#1258 = CARTESIAN_POINT ( 'NONE',  ( -31.00042949693185435, 109.8258398792882247, 4.963509728450992142 ) ) ;
#1259 = EDGE_CURVE ( 'NONE', #9510, #11485, #8775, .T. ) ;
#1260 = LINE ( 'NONE', #4871, #8729 ) ;
#1261 = CARTESIAN_POINT ( 'NONE',  ( -42.55000000000002558, 97.32583987928822467, 33.89999999999999147 ) ) ;
#1262 = DIRECTION ( 'NONE',  ( 0.000000000000000000, -1.000000000000000000, 0.000000000000000000 ) ) ;
#1263 = CARTESIAN_POINT ( 'NONE',  ( -76.81501998216515403, 5.099999999999999645, 19.07115427298596089 ) ) ;
#1264 = ORIENTED_EDGE ( 'NONE', *, *, #6299, .F. ) ;
#1265 = CARTESIAN_POINT ( 'NONE',  ( 50.02648318102892233, 8.274999999999998579, 18.52763407003732254 ) ) ;
#1266 = FACE_OUTER_BOUND ( 'NONE', #8524, .T. ) ;
#1267 = EDGE_LOOP ( 'NONE', ( #4625, #9112, #6056, #3396 ) ) ;
#1268 = ORIENTED_EDGE ( 'NONE', *, *, #10622, .F. ) ;
#1269 = DIRECTION ( 'NONE',  ( -2.037326371931608774E-06, 0.000000000000000000, -0.9999999999979246601 ) ) ;
#1270 = DIRECTION ( 'NONE',  ( 0.000000000000000000, 0.000000000000000000, 1.000000000000000000 ) ) ;
#1271 = CARTESIAN_POINT ( 'NONE',  ( 5.040313248097533894, 124.6347516102852637, -20.03649027154900608 ) ) ;
#1272 = ORIENTED_EDGE ( 'NONE', *, *, #7395, .F. ) ;
#1273 = CARTESIAN_POINT ( 'NONE',  ( 46.58189872104514251, 73.67999999411362921, 3.358530552390480040 ) ) ;
#1274 = CARTESIAN_POINT ( 'NONE',  ( 6.616786963295058221, 99.82583987928822467, 21.29351169338514538 ) ) ;
#1275 = ORIENTED_EDGE ( 'NONE', *, *, #4030, .F. ) ;
#1276 = VERTEX_POINT ( 'NONE', #5237 ) ;
#1277 = EDGE_CURVE ( 'NONE', #9139, #4433, #3518, .T. ) ;
#1278 = DIRECTION ( 'NONE',  ( 0.000000000000000000, 0.000000000000000000, 1.000000000000000000 ) ) ;
#1279 = LINE ( 'NONE', #11152, #5762 ) ;
#1280 = FACE_BOUND ( 'NONE', #757, .T. ) ;
#1281 = PLANE ( 'NONE',  #7415 ) ;
#1282 = DIRECTION ( 'NONE',  ( 1.335278419062900361E-16, 0.000000000000000000, -1.000000000000000000 ) ) ;
#1283 = CARTESIAN_POINT ( 'NONE',  ( -13.75499999999998657, 4.249377385370907589, 2.100877762788714355E-15 ) ) ;
#1284 = DIRECTION ( 'NONE',  ( 0.000000000000000000, 0.000000000000000000, -1.000000000000000000 ) ) ;
#1285 = ORIENTED_EDGE ( 'NONE', *, *, #153, .F. ) ;
#1286 = ORIENTED_EDGE ( 'NONE', *, *, #1685, .F. ) ;
#1287 = EDGE_LOOP ( 'NONE', ( #287, #1002, #2239, #3277 ) ) ;
#1288 = EDGE_CURVE ( 'NONE', #9450, #9942, #1682, .T. ) ;
#1289 = EDGE_CURVE ( 'NONE', #2491, #3538, #8064, .T. ) ;
#1290 = DIRECTION ( 'NONE',  ( 1.000000000000000000, 0.000000000000000000, -8.863495325085417182E-17 ) ) ;
#1291 = VECTOR ( 'NONE', #6586, 1000.000000000000227 ) ;
#1292 = DIRECTION ( 'NONE',  ( 0.000000000000000000, 1.000000000000000000, -0.000000000000000000 ) ) ;
#1293 = VERTEX_POINT ( 'NONE', #726 ) ;
#1294 = PLANE ( 'NONE',  #7777 ) ;
#1295 = DIRECTION ( 'NONE',  ( -0.000000000000000000, -0.000000000000000000, -1.000000000000000000 ) ) ;
#1296 = PLANE ( 'NONE',  #3467 ) ;
#1297 = VERTEX_POINT ( 'NONE', #3696 ) ;
#1298 = DIRECTION ( 'NONE',  ( -6.697463681984793185E-14, 0.000000000000000000, -1.000000000000000000 ) ) ;
#1299 = PLANE ( 'NONE',  #5945 ) ;
#1300 = VERTEX_POINT ( 'NONE', #3572 ) ;
#1301 = EDGE_CURVE ( 'NONE', #11168, #2248, #5293, .T. ) ;
#1302 = ORIENTED_EDGE ( 'NONE', *, *, #2253, .F. ) ;
#1303 = CARTESIAN_POINT ( 'NONE',  ( -82.54999999999999716, 0.000000000000000000, -40.25769145387477721 ) ) ;
#1304 = EDGE_CURVE ( 'NONE', #5569, #6663, #8831, .T. ) ;
#1305 = VECTOR ( 'NONE', #7981, 1000.000000000000000 ) ;
#1306 = ORIENTED_EDGE ( 'NONE', *, *, #6081, .T. ) ;
#1307 = EDGE_CURVE ( 'NONE', #1467, #9686, #10585, .T. ) ;
#1308 = DIRECTION ( 'NONE',  ( 0.000000000000000000, 1.000000000000000000, 0.000000000000000000 ) ) ;
#1309 = AXIS2_PLACEMENT_3D ( 'NONE', #5202, #694, #6082 ) ;
#1310 = DIRECTION ( 'NONE',  ( 0.000000000000000000, 0.000000000000000000, 1.000000000000000000 ) ) ;
#1311 = CARTESIAN_POINT ( 'NONE',  ( 13.75500000000000433, -27.00000000000000355, 13.89999999999999680 ) ) ;
#1312 = VERTEX_POINT ( 'NONE', #6362 ) ;
#1313 = LINE ( 'NONE', #661, #10194 ) ;
#1314 = CARTESIAN_POINT ( 'NONE',  ( 81.31693405484715242, 108.1299736363065449, 43.55206687850925817 ) ) ;
#1315 = ADVANCED_FACE ( 'NONE', ( #4580 ), #6302, .F. ) ;
#1316 = ORIENTED_EDGE ( 'NONE', *, *, #6924, .T. ) ;
#1317 = EDGE_CURVE ( 'NONE', #5180, #4433, #4399, .T. ) ;
#1318 = EDGE_CURVE ( 'NONE', #7100, #3057, #7185, .T. ) ;
#1319 = ORIENTED_EDGE ( 'NONE', *, *, #1288, .T. ) ;
#1320 = ADVANCED_FACE ( 'NONE', ( #4340 ), #4516, .T. ) ;
#1321 = CIRCLE ( 'NONE', #4344, 1.149999999999998135 ) ;
#1322 = CARTESIAN_POINT ( 'NONE',  ( 82.55000000000002558, 66.63999999999998636, -5.257691453874765664 ) ) ;
#1323 = FACE_OUTER_BOUND ( 'NONE', #3252, .T. ) ;
#1324 = LINE ( 'NONE', #7890, #4945 ) ;
#1325 = VECTOR ( 'NONE', #3632, 1000.000000000000000 ) ;
#1326 = ORIENTED_EDGE ( 'NONE', *, *, #5372, .F. ) ;
#1327 = LINE ( 'NONE', #4941, #3419 ) ;
#1328 = CARTESIAN_POINT ( 'NONE',  ( 52.36501998304115091, 8.274999999999998579, 19.07115427297831900 ) ) ;
#1329 = VERTEX_POINT ( 'NONE', #7246 ) ;
#1330 = DIRECTION ( 'NONE',  ( -1.000000000000000000, 0.000000000000000000, 1.335278419062900361E-16 ) ) ;
#1331 = ORIENTED_EDGE ( 'NONE', *, *, #9858, .F. ) ;
#1332 = VECTOR ( 'NONE', #7006, 1000.000000000000000 ) ;
#1333 = FACE_OUTER_BOUND ( 'NONE', #2250, .T. ) ;
#1334 = DIRECTION ( 'NONE',  ( -1.000000000000000000, 0.000000000000000000, 0.000000000000000000 ) ) ;
#1335 = CARTESIAN_POINT ( 'NONE',  ( 51.69999999999999574, 107.3258398792882247, 46.90000000000009095 ) ) ;
#1336 = CARTESIAN_POINT ( 'NONE',  ( -11.25499999999998302, -27.00000000000000355, 7.542308546125213731 ) ) ;
#1337 = DIRECTION ( 'NONE',  ( 0.000000000000000000, 0.000000000000000000, 1.000000000000000000 ) ) ;
#1338 = VECTOR ( 'NONE', #2408, 1000.000000000000000 ) ;
#1339 = VECTOR ( 'NONE', #5612, 1000.000000000000000 ) ;
#1340 = DIRECTION ( 'NONE',  ( 1.000000000000000000, 0.000000000000000000, -1.335278419062900361E-16 ) ) ;
#1341 = CARTESIAN_POINT ( 'NONE',  ( 79.37500000000000000, 90.00000000000000000, 25.39999999999999147 ) ) ;
#1342 = VERTEX_POINT ( 'NONE', #1865 ) ;
#1343 = EDGE_CURVE ( 'NONE', #9942, #3542, #7309, .T. ) ;
#1344 = ADVANCED_FACE ( 'NONE', ( #7944 ), #42, .F. ) ;
#1345 = ORIENTED_EDGE ( 'NONE', *, *, #11626, .F. ) ;
#1346 = ORIENTED_EDGE ( 'NONE', *, *, #256, .F. ) ;
#1347 = VECTOR ( 'NONE', #4501, 1000.000000000000000 ) ;
#1348 = AXIS2_PLACEMENT_3D ( 'NONE', #1863, #8945, #9059 ) ;
#1349 = CARTESIAN_POINT ( 'NONE',  ( 82.54999999999999716, -24.50000000000000000, 25.39999999999999858 ) ) ;
#1350 = ORIENTED_EDGE ( 'NONE', *, *, #10889, .T. ) ;
#1351 = CARTESIAN_POINT ( 'NONE',  ( 5.042655011336153237, 124.8258398792882247, 32.10220843882515140 ) ) ;
#1352 = FACE_OUTER_BOUND ( 'NONE', #8302, .T. ) ;
#1353 = VECTOR ( 'NONE', #3287, 1000.000000000000000 ) ;
#1354 = EDGE_LOOP ( 'NONE', ( #1423, #4111, #8362, #4863 ) ) ;
#1355 = DIRECTION ( 'NONE',  ( 0.000000000000000000, 1.000000000000000000, 0.000000000000000000 ) ) ;
#1356 = VECTOR ( 'NONE', #7987, 1000.000000000000000 ) ;
#1357 = FACE_OUTER_BOUND ( 'NONE', #2022, .T. ) ;
#1358 = ORIENTED_EDGE ( 'NONE', *, *, #8242, .F. ) ;
#1359 = EDGE_CURVE ( 'NONE', #9395, #10242, #9064, .T. ) ;
#1360 = EDGE_LOOP ( 'NONE', ( #11430, #7793, #2412, #3863 ) ) ;
#1361 = ORIENTED_EDGE ( 'NONE', *, *, #7823, .T. ) ;
#1362 = DIRECTION ( 'NONE',  ( 0.000000000000000000, 0.000000000000000000, 1.000000000000000000 ) ) ;
#1363 = DIRECTION ( 'NONE',  ( 2.551641442053238672E-31, 1.000000000000000000, 1.677434638215118264E-15 ) ) ;
#1364 = CARTESIAN_POINT ( 'NONE',  ( 51.69999999999999574, 109.8258398792883668, 36.89999999999998437 ) ) ;
#1365 = FACE_OUTER_BOUND ( 'NONE', #1237, .T. ) ;
#1366 = PLANE ( 'NONE',  #6851 ) ;
#1367 = DIRECTION ( 'NONE',  ( 0.000000000000000000, -1.000000000000000000, 8.295151110468893303E-17 ) ) ;
#1368 = AXIS2_PLACEMENT_3D ( 'NONE', #1984, #11076, #2320 ) ;
#1369 = LINE ( 'NONE', #6759, #8043 ) ;
#1370 = DIRECTION ( 'NONE',  ( 0.8191520442889983489, -0.5735764363510368335, 0.000000000000000000 ) ) ;
#1371 = ORIENTED_EDGE ( 'NONE', *, *, #9118, .F. ) ;
#1372 = PLANE ( 'NONE',  #9811 ) ;
#1373 = DIRECTION ( 'NONE',  ( -0.000000000000000000, -1.000000000000000000, -0.000000000000000000 ) ) ;
#1374 = DIRECTION ( 'NONE',  ( 1.593062912007103154E-16, 1.000000000000000000, -8.295151110468893303E-17 ) ) ;
#1375 = EDGE_CURVE ( 'NONE', #9662, #3292, #1627, .T. ) ;
#1376 = ORIENTED_EDGE ( 'NONE', *, *, #9906, .T. ) ;
#1377 = VERTEX_POINT ( 'NONE', #8002 ) ;
#1378 = CIRCLE ( 'NONE', #2335, 1.149999999999994804 ) ;
#1380 = EDGE_CURVE ( 'NONE', #7103, #6953, #11623, .T. ) ;
#1379 = DIRECTION ( 'NONE',  ( 1.000000000000000000, 0.000000000000000000, -1.600125454749515028E-16 ) ) ;
#1381 = EDGE_CURVE ( 'NONE', #876, #10886, #1745, .T. ) ;
#1382 = DIRECTION ( 'NONE',  ( 0.5735764363510451602, 0.8191520442889924647, 0.000000000000000000 ) ) ;
#1383 = FACE_OUTER_BOUND ( 'NONE', #1831, .T. ) ;
#1384 = VECTOR ( 'NONE', #11258, 1000.000000000000000 ) ;
#1385 = ORIENTED_EDGE ( 'NONE', *, *, #8481, .F. ) ;
#1386 = DIRECTION ( 'NONE',  ( 0.000000000000000000, 0.000000000000000000, -1.000000000000000000 ) ) ;
#1387 = AXIS2_PLACEMENT_3D ( 'NONE', #301, #2071, #10088 ) ;
#1388 = ADVANCED_FACE ( 'NONE', ( #849 ), #4467, .F. ) ;
#1389 = CARTESIAN_POINT ( 'NONE',  ( 43.40689872104514535, 74.43999999999417128, -2.374168628343575005 ) ) ;
#1390 = ORIENTED_EDGE ( 'NONE', *, *, #3491, .T. ) ;
#1391 = DIRECTION ( 'NONE',  ( 0.000000000000000000, -1.000000000000000000, 0.000000000000000000 ) ) ;
#1392 = EDGE_LOOP ( 'NONE', ( #4380, #149 ) ) ;
#1393 = VECTOR ( 'NONE', #1373, 1000.000000000000000 ) ;
#1394 = DIRECTION ( 'NONE',  ( 0.000000000000000000, 0.000000000000000000, 1.000000000000000000 ) ) ;
#1395 = VECTOR ( 'NONE', #6907, 1000.000000000000000 ) ;
#1396 = CARTESIAN_POINT ( 'NONE',  ( 46.58189872104513540, 95.20641123616282187, -26.28622525258461451 ) ) ;
#1397 = CARTESIAN_POINT ( 'NONE',  ( 3.332821469654274171, 119.8513748760235558, 36.89999999999999147 ) ) ;
#1398 = LINE ( 'NONE', #9381, #9103 ) ;
#1399 = PLANE ( 'NONE',  #5146 ) ;
#1400 = DIRECTION ( 'NONE',  ( -1.000000000000000000, 0.000000000000000000, 0.000000000000000000 ) ) ;
#1401 = LINE ( 'NONE', #10326, #480 ) ;
#1402 = ORIENTED_EDGE ( 'NONE', *, *, #3751, .F. ) ;
#1403 = AXIS2_PLACEMENT_3D ( 'NONE', #8234, #11065, #10224 ) ;
#1404 = ORIENTED_EDGE ( 'NONE', *, *, #10187, .T. ) ;
#1405 = VECTOR ( 'NONE', #2729, 1000.000000000000000 ) ;
#1406 = AXIS2_PLACEMENT_3D ( 'NONE', #7487, #5101, #6108 ) ;
#1407 = VECTOR ( 'NONE', #948, 1000.000000000000000 ) ;
#1408 = EDGE_LOOP ( 'NONE', ( #8728, #5947, #10496, #10929 ) ) ;
#1409 = DIRECTION ( 'NONE',  ( 0.000000000000000000, 0.000000000000000000, -1.000000000000000000 ) ) ;
#1410 = EDGE_CURVE ( 'NONE', #2657, #8602, #1926, .T. ) ;
#1411 = VECTOR ( 'NONE', #8426, 1000.000000000000000 ) ;
#1412 = CARTESIAN_POINT ( 'NONE',  ( 50.48689872104515075, 96.40000537621601495, 3.358535111626435476 ) ) ;
#1413 = AXIS2_PLACEMENT_3D ( 'NONE', #172, #5613, #7378 ) ;
#1414 = VERTEX_POINT ( 'NONE', #2162 ) ;
#1415 = CARTESIAN_POINT ( 'NONE',  ( 4.999570503068142990, 119.8301161607049750, 36.89999999999999147 ) ) ;
#1416 = DIRECTION ( 'NONE',  ( 0.000000000000000000, -0.000000000000000000, -1.000000000000000000 ) ) ;
#1417 = FACE_BOUND ( 'NONE', #3996, .T. ) ;
#1418 = VERTEX_POINT ( 'NONE', #3977 ) ;
#1419 = DIRECTION ( 'NONE',  ( 0.000000000000000000, 0.000000000000000000, -1.000000000000000000 ) ) ;
#1420 = CARTESIAN_POINT ( 'NONE',  ( -46.58189872104514251, 72.64000000000000057, -2.374168628343575449 ) ) ;
#1421 = ORIENTED_EDGE ( 'NONE', *, *, #5920, .F. ) ;
#1422 = EDGE_LOOP ( 'NONE', ( #9289, #8422, #2281, #6244 ) ) ;
#1423 = ORIENTED_EDGE ( 'NONE', *, *, #8619, .F. ) ;
#1424 = VECTOR ( 'NONE', #9294, 1000.000000000000000 ) ;
#1425 =( GEOMETRIC_REPRESENTATION_CONTEXT ( 3 ) GLOBAL_UNCERTAINTY_ASSIGNED_CONTEXT ( ( #10890 ) ) GLOBAL_UNIT_ASSIGNED_CONTEXT ( ( #7722, #7129, #4404 ) ) REPRESENTATION_CONTEXT ( 'NONE', 'WORKASPACE' ) );
#1426 = AXIS2_PLACEMENT_3D ( 'NONE', #8120, #9817, #9703 ) ;
#1427 = CARTESIAN_POINT ( 'NONE',  ( 33.54999999999999716, 96.82583987928822467, 10.19715292348722890 ) ) ;
#1428 = EDGE_CURVE ( 'NONE', #1706, #6197, #6593, .T. ) ;
#1429 = EDGE_CURVE ( 'NONE', #5133, #2711, #3404, .T. ) ;
#1430 = DIRECTION ( 'NONE',  ( -1.000000000000000000, 0.000000000000000000, 0.000000000000000000 ) ) ;
#1431 = CARTESIAN_POINT ( 'NONE',  ( -35.61042949679625735, 96.12583987928823603, 15.71614540591397713 ) ) ;
#1432 = ORIENTED_EDGE ( 'NONE', *, *, #4129, .T. ) ;
#1433 = DIRECTION ( 'NONE',  ( 1.000000000000000000, -0.000000000000000000, -1.335278419062900115E-16 ) ) ;
#1434 = DIRECTION ( 'NONE',  ( -8.863495325085417182E-17, 0.000000000000000000, -1.000000000000000000 ) ) ;
#1435 = CARTESIAN_POINT ( 'NONE',  ( -50.48689872104515075, 95.28999999999417980, 0.5200140716803901553 ) ) ;
#1436 = ORIENTED_EDGE ( 'NONE', *, *, #9814, .T. ) ;
#1437 = FACE_OUTER_BOUND ( 'NONE', #2238, .T. ) ;
#1438 = CARTESIAN_POINT ( 'NONE',  ( -79.37500000000001421, 58.93999999999998352, 5.399999999999993250 ) ) ;
#1439 = AXIS2_PLACEMENT_3D ( 'NONE', #10637, #10813, #2666 ) ;
#1440 = DIRECTION ( 'NONE',  ( 0.000000000000000000, 0.000000000000000000, 1.000000000000000000 ) ) ;
#1441 = EDGE_LOOP ( 'NONE', ( #9926, #7644, #5098, #6407, #4126, #731 ) ) ;
#1442 = ORIENTED_EDGE ( 'NONE', *, *, #2327, .T. ) ;
#1443 = EDGE_CURVE ( 'NONE', #1929, #5390, #2280, .T. ) ;
#1444 = EDGE_CURVE ( 'NONE', #8760, #7735, #7485, .T. ) ;
#1445 = LINE ( 'NONE', #11367, #1616 ) ;
#1446 = CARTESIAN_POINT ( 'NONE',  ( -80.07520753820969617, 61.63999999999999346, 10.39999999999999325 ) ) ;
#1447 = LINE ( 'NONE', #8599, #3808 ) ;
#1448 = ORIENTED_EDGE ( 'NONE', *, *, #1547, .T. ) ;
#1449 = CARTESIAN_POINT ( 'NONE',  ( 51.69999999999999574, 109.8258398792882247, 44.40000000000009095 ) ) ;
#1450 = ORIENTED_EDGE ( 'NONE', *, *, #239, .F. ) ;
#1451 = ORIENTED_EDGE ( 'NONE', *, *, #904, .T. ) ;
#1452 = ORIENTED_EDGE ( 'NONE', *, *, #9699, .T. ) ;
#1453 = EDGE_CURVE ( 'NONE', #6725, #8998, #9124, .T. ) ;
#1454 = EDGE_CURVE ( 'NONE', #5505, #2501, #4535, .T. ) ;
#1455 = ORIENTED_EDGE ( 'NONE', *, *, #8478, .F. ) ;
#1456 = EDGE_CURVE ( 'NONE', #1018, #321, #7192, .T. ) ;
#1457 = PLANE ( 'NONE',  #6215 ) ;
#1458 = CARTESIAN_POINT ( 'NONE',  ( -79.37500000000001421, 61.63999999999999346, 5.399999999999991473 ) ) ;
#1459 = DIRECTION ( 'NONE',  ( 1.218707698843631781E-16, -0.000000000000000000, 1.000000000000000000 ) ) ;
#1460 = DIRECTION ( 'NONE',  ( -1.000000000000000000, 0.000000000000000000, 1.335278419062900361E-16 ) ) ;
#1461 = CARTESIAN_POINT ( 'NONE',  ( 43.40689872104514535, 95.28999999999417980, 1.670014071680389511 ) ) ;
#1462 = LINE ( 'NONE', #5800, #8024 ) ;
#1463 = ORIENTED_EDGE ( 'NONE', *, *, #690, .F. ) ;
#1464 = EDGE_LOOP ( 'NONE', ( #7027, #8834, #8989, #5001 ) ) ;
#1465 = ADVANCED_FACE ( 'NONE', ( #11081 ), #6397, .T. ) ;
#1466 = EDGE_CURVE ( 'NONE', #8954, #425, #9186, .T. ) ;
#1467 = VERTEX_POINT ( 'NONE', #11132 ) ;
#1468 = LINE ( 'NONE', #5969, #11499 ) ;
#1469 = CARTESIAN_POINT ( 'NONE',  ( 82.54999999999999716, 58.93999999999998352, 5.399999999999993250 ) ) ;
#1470 = EDGE_LOOP ( 'NONE', ( #10387, #217, #4171, #7926 ) ) ;
#1471 = CARTESIAN_POINT ( 'NONE',  ( -6.268209422258877339, 119.8258398792882105, 36.86783398817240709 ) ) ;
#1472 = CARTESIAN_POINT ( 'NONE',  ( -29.00040951398291256, 96.12583987928823603, 17.88352971145881298 ) ) ;
#1473 = PLANE ( 'NONE',  #6316 ) ;
#1474 = CARTESIAN_POINT ( 'NONE',  ( -23.07862717547718034, 99.82583987928822467, 1.150873398797775282 ) ) ;
#1475 = CARTESIAN_POINT ( 'NONE',  ( -79.37499999999997158, -27.00000000000000355, 0.000000000000000000 ) ) ;
#1476 = CARTESIAN_POINT ( 'NONE',  ( 13.75500000000000433, -24.89937738537090794, 13.89999999999999680 ) ) ;
#1477 = ORIENTED_EDGE ( 'NONE', *, *, #9781, .T. ) ;
#1478 = ORIENTED_EDGE ( 'NONE', *, *, #3158, .T. ) ;
#1479 = ORIENTED_EDGE ( 'NONE', *, *, #4376, .T. ) ;
#1480 = CARTESIAN_POINT ( 'NONE',  ( 173.3018692371333032, 18.85000000000000497, -37.08269145387476584 ) ) ;
#1481 = FACE_OUTER_BOUND ( 'NONE', #8086, .T. ) ;
#1482 = DIRECTION ( 'NONE',  ( 0.000000000000000000, 0.000000000000000000, 1.000000000000000000 ) ) ;
#1483 = ORIENTED_EDGE ( 'NONE', *, *, #633, .T. ) ;
#1484 = DIRECTION ( 'NONE',  ( 0.000000000000000000, 0.000000000000000000, 1.000000000000000000 ) ) ;
#1485 = DIRECTION ( 'NONE',  ( 0.000000000000000000, 0.000000000000000000, 1.000000000000000000 ) ) ;
#1486 = CARTESIAN_POINT ( 'NONE',  ( 79.37500000000000000, 67.34020753820968253, 5.399999999999991473 ) ) ;
#1487 = VERTEX_POINT ( 'NONE', #4814 ) ;
#1488 = CARTESIAN_POINT ( 'NONE',  ( 173.3018692371333032, 82.35514882866895903, -37.08269145387477295 ) ) ;
#1489 = CARTESIAN_POINT ( 'NONE',  ( 80.59994895389505132, 108.8013780109016722, 43.88776906580621073 ) ) ;
#1490 = AXIS2_PLACEMENT_3D ( 'NONE', #6127, #11447, #6954 ) ;
#1491 = EDGE_LOOP ( 'NONE', ( #3343, #10580, #3499, #3131 ) ) ;
#1492 = B_SPLINE_CURVE_WITH_KNOTS ( 'NONE', 3,
 ( #9240, #1143, #10405, #6875, #6816, #7820, #10462, #9575 ),
 .UNSPECIFIED., .F., .F.,
 ( 4, 2, 2, 4 ),
 ( 3.469446951953614189E-17, 0.001805764900416965664, 0.003611529800833896634, 0.007223059601667752502 ),
 .UNSPECIFIED. ) ;
#1493 = ORIENTED_EDGE ( 'NONE', *, *, #11591, .F. ) ;
#1494 = ADVANCED_FACE ( 'NONE', ( #4876 ), #2098, .F. ) ;
#1495 = CIRCLE ( 'NONE', #2448, 1.149999999999999023 ) ;
#1496 = DIRECTION ( 'NONE',  ( 0.8191520442889834719, 0.000000000000000000, -0.5735764363510578168 ) ) ;
#1497 = DIRECTION ( 'NONE',  ( 0.000000000000000000, 0.000000000000000000, -1.000000000000000000 ) ) ;
#1498 = CARTESIAN_POINT ( 'NONE',  ( -43.40689872104514535, 74.43999999999417128, -7.959769997217390092 ) ) ;
#1499 = EDGE_LOOP ( 'NONE', ( #190, #2225, #1455, #7213, #11092, #1846 ) ) ;
#1500 = FACE_OUTER_BOUND ( 'NONE', #8994, .T. ) ;
#1501 = CARTESIAN_POINT ( 'NONE',  ( 43.40689872104513825, 97.50000000000000000, 22.30467496797187010 ) ) ;
#1502 = ORIENTED_EDGE ( 'NONE', *, *, #7023, .T. ) ;
#1503 = ORIENTED_EDGE ( 'NONE', *, *, #7380, .F. ) ;
#1504 = PRODUCT_CONTEXT ( 'NONE', #2902, 'mechanical' ) ;
#1505 = VECTOR ( 'NONE', #3240, 1000.000000000000000 ) ;
#1506 = VERTEX_POINT ( 'NONE', #7595 ) ;
#1507 = ADVANCED_FACE ( 'NONE', ( #10000 ), #9299, .F. ) ;
#1508 = EDGE_CURVE ( 'NONE', #11485, #6292, #1201, .T. ) ;
#1509 = DIRECTION ( 'NONE',  ( 0.000000000000000000, 1.000000000000000000, 0.000000000000000000 ) ) ;
#1510 = ORIENTED_EDGE ( 'NONE', *, *, #6391, .T. ) ;
#1511 = DIRECTION ( 'NONE',  ( 0.000000000000000000, 1.000000000000000000, 0.000000000000000000 ) ) ;
#1512 = AXIS2_PLACEMENT_3D ( 'NONE', #160, #5708, #9362 ) ;
#1513 = CARTESIAN_POINT ( 'NONE',  ( 8.109770573919284686, 90.00000000000000000, -0.4337067317761473251 ) ) ;
#1514 = CARTESIAN_POINT ( 'NONE',  ( -0.1327752523027176945, 96.12583987928823603, 8.433509402387802112 ) ) ;
#1515 = DIRECTION ( 'NONE',  ( -0.5735764363510341690, 1.118899434348442161E-16, 0.8191520442890002363 ) ) ;
#1516 = DIRECTION ( 'NONE',  ( -0.000000000000000000, -1.000000000000000000, -0.000000000000000000 ) ) ;
#1517 = LINE ( 'NONE', #10427, #1338 ) ;
#1518 = CARTESIAN_POINT ( 'NONE',  ( -4.247708971010254686, 124.4792710389978652, -20.03649027154900253 ) ) ;
#1519 = FACE_OUTER_BOUND ( 'NONE', #4009, .T. ) ;
#1520 = EDGE_LOOP ( 'NONE', ( #9374, #8650, #5004, #10831 ) ) ;
#1521 = EDGE_CURVE ( 'NONE', #9918, #1276, #1492, .T. ) ;
#1522 = VERTEX_POINT ( 'NONE', #4279 ) ;
#1523 = ORIENTED_EDGE ( 'NONE', *, *, #4490, .T. ) ;
#1524 = AXIS2_PLACEMENT_3D ( 'NONE', #3768, #10799, #3593 ) ;
#1525 = DIRECTION ( 'NONE',  ( 0.000000000000000000, 0.000000000000000000, -1.000000000000000000 ) ) ;
#1526 = ADVANCED_FACE ( 'NONE', ( #2383 ), #8532, .T. ) ;
#1527 = CARTESIAN_POINT ( 'NONE',  ( 50.48689872104515075, 78.54000537782802382, -2.374168628343575449 ) ) ;
#1528 = EDGE_CURVE ( 'NONE', #1124, #767, #2328, .T. ) ;
#1529 = ORIENTED_EDGE ( 'NONE', *, *, #5053, .F. ) ;
#1530 = LINE ( 'NONE', #4260, #2693 ) ;
#1531 = FACE_OUTER_BOUND ( 'NONE', #8277, .T. ) ;
#1532 = VERTEX_POINT ( 'NONE', #10300 ) ;
#1533 = DIRECTION ( 'NONE',  ( -0.000000000000000000, -1.000000000000000000, -0.000000000000000000 ) ) ;
#1534 = LINE ( 'NONE', #5864, #8577 ) ;
#1535 = VERTEX_POINT ( 'NONE', #4929 ) ;
#1536 = ORIENTED_EDGE ( 'NONE', *, *, #2181, .F. ) ;
#1537 = AXIS2_PLACEMENT_3D ( 'NONE', #4301, #5959, #686 ) ;
#1538 = AXIS2_PLACEMENT_3D ( 'NONE', #10309, #11259, #2392 ) ;
#1539 = ORIENTED_EDGE ( 'NONE', *, *, #5529, .F. ) ;
#1540 = CARTESIAN_POINT ( 'NONE',  ( -79.82103474459484005, 109.3528504166093143, 46.42701053732059790 ) ) ;
#1541 = CIRCLE ( 'NONE', #5327, 5.499999999999973355 ) ;
#1542 = VECTOR ( 'NONE', #5650, 1000.000000000000000 ) ;
#1543 = ORIENTED_EDGE ( 'NONE', *, *, #8872, .T. ) ;
#1544 = CARTESIAN_POINT ( 'NONE',  ( 77.61249999999999716, -4.758722840905003082, -32.75769145387477721 ) ) ;
#1545 = LINE ( 'NONE', #7225, #3513 ) ;
#1546 = DIRECTION ( 'NONE',  ( 0.000000000000000000, -0.000000000000000000, 1.000000000000000000 ) ) ;
#1547 = EDGE_CURVE ( 'NONE', #883, #6281, #11301, .T. ) ;
#1548 = ORIENTED_EDGE ( 'NONE', *, *, #8745, .F. ) ;
#1549 = FACE_BOUND ( 'NONE', #9060, .T. ) ;
#1550 = CARTESIAN_POINT ( 'NONE',  ( -50.02648654977334530, 8.274999999999998579, 20.18114647173673148 ) ) ;
#1551 = VERTEX_POINT ( 'NONE', #497 ) ;
#1552 = EDGE_LOOP ( 'NONE', ( #7175, #4851, #5116, #936 ) ) ;
#1553 = VECTOR ( 'NONE', #1229, 1000.000000000000000 ) ;
#1554 = AXIS2_PLACEMENT_3D ( 'NONE', #2699, #9193, #10721 ) ;
#1555 = CARTESIAN_POINT ( 'NONE',  ( -46.58189872104514251, 74.97269081489451992, 3.358530552390480484 ) ) ;
#1556 = DIRECTION ( 'NONE',  ( -0.000000000000000000, -1.000000000000000000, -0.000000000000000000 ) ) ;
#1557 = CARTESIAN_POINT ( 'NONE',  ( -20.50068315390130635, 96.12583987928823603, 21.29350972844751055 ) ) ;
#1558 = DIRECTION ( 'NONE',  ( 0.000000000000000000, 0.000000000000000000, 1.000000000000000000 ) ) ;
#1559 = ADVANCED_FACE ( 'NONE', ( #1549, #5931, #7654 ), #4097, .F. ) ;
#1560 = ORIENTED_EDGE ( 'NONE', *, *, #3038, .F. ) ;
#1561 = DIRECTION ( 'NONE',  ( 0.000000000000000000, 0.000000000000000000, -1.000000000000000000 ) ) ;
#1562 = CARTESIAN_POINT ( 'NONE',  ( -50.48689872104515075, 73.67999999411362921, 3.358530552390479595 ) ) ;
#1563 = VECTOR ( 'NONE', #4237, 1000.000000000000000 ) ;
#1564 = VERTEX_POINT ( 'NONE', #5047 ) ;
#1565 = EDGE_CURVE ( 'NONE', #5892, #772, #5165, .T. ) ;
#1566 = EDGE_LOOP ( 'NONE', ( #8929, #6863, #9282, #5093 ) ) ;
#1567 = DIRECTION ( 'NONE',  ( 0.000000000000000000, 1.000000000000000000, 0.000000000000000000 ) ) ;
#1568 = ORIENTED_EDGE ( 'NONE', *, *, #2212, .F. ) ;
#1569 = AXIS2_PLACEMENT_3D ( 'NONE', #8803, #8858, #4436 ) ;
#1570 = VECTOR ( 'NONE', #5014, 1000.000000000000000 ) ;
#1571 = LINE ( 'NONE', #5956, #11571 ) ;
#1572 = LINE ( 'NONE', #8719, #5170 ) ;
#1573 = PLANE ( 'NONE',  #7828 ) ;
#1574 = EDGE_CURVE ( 'NONE', #8861, #1849, #5410, .T. ) ;
#1575 = AXIS2_PLACEMENT_3D ( 'NONE', #635, #1767, #5314 ) ;
#1576 = ADVANCED_FACE ( 'NONE', ( #1437 ), #1372, .T. ) ;
#1577 = PLANE ( 'NONE',  #8332 ) ;
#1578 = CARTESIAN_POINT ( 'NONE',  ( 0.000000000000000000, 109.8258398792882247, 44.40000000000009095 ) ) ;
#1579 = LINE ( 'NONE', #7082, #1800 ) ;
#1580 = ORIENTED_EDGE ( 'NONE', *, *, #4904, .T. ) ;
#1581 = ORIENTED_EDGE ( 'NONE', *, *, #3815, .T. ) ;
#1582 = ORIENTED_EDGE ( 'NONE', *, *, #5062, .F. ) ;
#1583 = CIRCLE ( 'NONE', #1387, 1.149999999999998135 ) ;
#1584 = FACE_BOUND ( 'NONE', #7653, .T. ) ;
#1585 = CARTESIAN_POINT ( 'NONE',  ( 50.02648654977334530, 6.349999999999999645, 0.000000000000000000 ) ) ;
#1586 = EDGE_CURVE ( 'NONE', #7396, #46, #8642, .T. ) ;
#1587 = EDGE_CURVE ( 'NONE', #6966, #8847, #1313, .T. ) ;
#1588 = DIRECTION ( 'NONE',  ( 0.000000000000000000, -1.000000000000000000, 0.000000000000000000 ) ) ;
#1589 = EDGE_LOOP ( 'NONE', ( #72, #10928, #5692, #8670 ) ) ;
#1590 = CARTESIAN_POINT ( 'NONE',  ( 50.48689872104515075, 73.67999999411362921, 3.358530552390479595 ) ) ;
#1591 = CYLINDRICAL_SURFACE ( 'NONE', #8025, 0.7999800169725922450 ) ;
#1592 = CIRCLE ( 'NONE', #6507, 1.149999999999994804 ) ;
#1593 = FACE_OUTER_BOUND ( 'NONE', #9420, .T. ) ;
#1594 = VECTOR ( 'NONE', #1637, 1000.000000000000000 ) ;
#1595 = VECTOR ( 'NONE', #7822, 1000.000000000000000 ) ;
#1596 = CARTESIAN_POINT ( 'NONE',  ( 52.36501998304115091, 8.274999999999998579, 19.07115427297831900 ) ) ;
#1597 = FACE_BOUND ( 'NONE', #11654, .T. ) ;
#1598 = ORIENTED_EDGE ( 'NONE', *, *, #3629, .F. ) ;
#1599 = ORIENTED_EDGE ( 'NONE', *, *, #1277, .T. ) ;
#1600 = ORIENTED_EDGE ( 'NONE', *, *, #11140, .T. ) ;
#1601 = ADVANCED_FACE ( 'NONE', ( #10351 ), #3207, .T. ) ;
#1602 = ADVANCED_FACE ( 'NONE', ( #9468, #3324 ), #542, .F. ) ;
#1603 = FACE_OUTER_BOUND ( 'NONE', #10635, .T. ) ;
#1604 = AXIS2_PLACEMENT_3D ( 'NONE', #754, #4316, #4369 ) ;
#1605 = CIRCLE ( 'NONE', #4635, 25.00000000000000000 ) ;
#1606 = EDGE_CURVE ( 'NONE', #8466, #3782, #7937, .T. ) ;
#1607 = CARTESIAN_POINT ( 'NONE',  ( -53.40689872104514535, 74.43999999999417128, -2.374168628343576337 ) ) ;
#1608 = CARTESIAN_POINT ( 'NONE',  ( 8.109770573919306003, 99.82583987928821045, -0.4337067317761473251 ) ) ;
#1609 = EDGE_LOOP ( 'NONE', ( #5504, #4507, #7707, #1642 ) ) ;
#1610 = CARTESIAN_POINT ( 'NONE',  ( -46.58189872104513540, 97.50000000000000000, -26.48622071973760228 ) ) ;
#1611 = CARTESIAN_POINT ( 'NONE',  ( -61.59000000000155950, 5.099999999999999645, 19.62115427306273219 ) ) ;
#1612 = CARTESIAN_POINT ( 'NONE',  ( -23.90689872104513469, 90.00000000000000000, 21.29350972844879308 ) ) ;
#1613 = VERTEX_POINT ( 'NONE', #4214 ) ;
#1614 = PLANE ( 'NONE',  #2846 ) ;
#1615 = DIRECTION ( 'NONE',  ( -0.000000000000000000, -0.000000000000000000, -1.000000000000000000 ) ) ;
#1616 = VECTOR ( 'NONE', #10414, 1000.000000000000000 ) ;
#1617 = EDGE_LOOP ( 'NONE', ( #4100, #11248, #8006, #2075 ) ) ;
#1618 = AXIS2_PLACEMENT_3D ( 'NONE', #8610, #8551, #11319 ) ;
#1619 = PLANE ( 'NONE',  #6308 ) ;
#1620 = ORIENTED_EDGE ( 'NONE', *, *, #8823, .F. ) ;
#1621 = ADVANCED_FACE ( 'NONE', ( #6940 ), #10519, .F. ) ;
#1622 = LINE ( 'NONE', #3567, #9527 ) ;
#1623 = VECTOR ( 'NONE', #1651, 1000.000000000000000 ) ;
#1624 = CARTESIAN_POINT ( 'NONE',  ( 43.40689872104514535, 74.43999999999417128, -7.959769997217390092 ) ) ;
#1625 = FACE_OUTER_BOUND ( 'NONE', #30, .T. ) ;
#1626 = EDGE_LOOP ( 'NONE', ( #6541, #11032, #4806, #8549 ) ) ;
#1627 = LINE ( 'NONE', #9061, #9615 ) ;
#1628 = LINE ( 'NONE', #470, #6123 ) ;
#1629 = DIRECTION ( 'NONE',  ( -0.000000000000000000, 1.000000000000000000, -0.000000000000000000 ) ) ;
#1630 = ORIENTED_EDGE ( 'NONE', *, *, #2402, .F. ) ;
#1631 = ORIENTED_EDGE ( 'NONE', *, *, #3177, .F. ) ;
#1632 = CARTESIAN_POINT ( 'NONE',  ( 43.40689872104513825, 97.50000000000000000, -29.66122071973760299 ) ) ;
#1633 = ORIENTED_EDGE ( 'NONE', *, *, #2922, .T. ) ;
#1634 = ADVANCED_FACE ( 'NONE', ( #11482 ), #10560, .F. ) ;
#1635 = FACE_OUTER_BOUND ( 'NONE', #9174, .T. ) ;
#1636 = CARTESIAN_POINT ( 'NONE',  ( -82.54999999999999716, 61.63999999999999346, 5.399999999999991473 ) ) ;
#1637 = DIRECTION ( 'NONE',  ( 0.000000000000000000, 0.000000000000000000, -1.000000000000000000 ) ) ;
#1638 = FACE_OUTER_BOUND ( 'NONE', #10875, .T. ) ;
#1639 = CARTESIAN_POINT ( 'NONE',  ( 80.47893218813450744, 107.3258398792882247, 46.90000000000009095 ) ) ;
#1640 = CARTESIAN_POINT ( 'NONE',  ( 81.55000000000001137, 53.93999999999999062, -0.2576914538747649974 ) ) ;
#1641 = ORIENTED_EDGE ( 'NONE', *, *, #7447, .T. ) ;
#1642 = ORIENTED_EDGE ( 'NONE', *, *, #138, .T. ) ;
#1643 = ORIENTED_EDGE ( 'NONE', *, *, #7028, .F. ) ;
#1644 = ADVANCED_FACE ( 'NONE', ( #8053 ), #830, .T. ) ;
#1645 = DIRECTION ( 'NONE',  ( 0.000000000000000000, 0.000000000000000000, -1.000000000000000000 ) ) ;
#1646 = CARTESIAN_POINT ( 'NONE',  ( 50.48689872104514365, 74.67980196068272392, -26.29001273249923898 ) ) ;
#1647 = ORIENTED_EDGE ( 'NONE', *, *, #1724, .T. ) ;
#1648 = CARTESIAN_POINT ( 'NONE',  ( -79.37499999999997158, 5.099999999999999645, 21.38115427306261296 ) ) ;
#1649 = LINE ( 'NONE', #7865, #8592 ) ;
#1650 = CARTESIAN_POINT ( 'NONE',  ( -43.40689872104513825, 97.50000000000000000, 22.30467496797187010 ) ) ;
#1651 = DIRECTION ( 'NONE',  ( 0.000000000000000000, 1.000000000000000000, -0.000000000000000000 ) ) ;
#1652 = CARTESIAN_POINT ( 'NONE',  ( -50.48689872104515075, 72.67999878751419374, 2.358530551520389817 ) ) ;
#1653 = FACE_OUTER_BOUND ( 'NONE', #4860, .T. ) ;
#1654 = VERTEX_POINT ( 'NONE', #8819 ) ;
#1655 = ORIENTED_EDGE ( 'NONE', *, *, #11515, .T. ) ;
#1656 = ORIENTED_EDGE ( 'NONE', *, *, #2606, .F. ) ;
#1657 = EDGE_CURVE ( 'NONE', #5103, #9225, #3504, .T. ) ;
#1658 = ADVANCED_FACE ( 'NONE', ( #10640 ), #1614, .F. ) ;
#1659 = AXIS2_PLACEMENT_3D ( 'NONE', #9804, #2669, #1728 ) ;
#1660 = CARTESIAN_POINT ( 'NONE',  ( -50.48689872104515075, 74.78999999999417980, 1.670014071680389733 ) ) ;
#1661 = LINE ( 'NONE', #8866, #3258 ) ;
#1662 = DIRECTION ( 'NONE',  ( 0.000000000000000000, -1.000000000000000000, 0.000000000000000000 ) ) ;
#1663 = ORIENTED_EDGE ( 'NONE', *, *, #9903, .F. ) ;
#1664 = DIRECTION ( 'NONE',  ( -1.075621078440237758E-16, -0.7071063548969729329, 0.7071072074758651960 ) ) ;
#1665 = LINE ( 'NONE', #1611, #4463 ) ;
#1666 = CARTESIAN_POINT ( 'NONE',  ( -50.48689872104515075, 74.78999999999417980, -22.77998592831961133 ) ) ;
#1667 = AXIS2_PLACEMENT_3D ( 'NONE', #9223, #5522, #10107 ) ;
#1668 = ORIENTED_EDGE ( 'NONE', *, *, #9591, .F. ) ;
#1669 = DIRECTION ( 'NONE',  ( 0.000000000000000000, 0.000000000000000000, -1.000000000000000000 ) ) ;
#1670 = LINE ( 'NONE', #770, #11229 ) ;
#1671 = FACE_OUTER_BOUND ( 'NONE', #9523, .T. ) ;
#1672 = ORIENTED_EDGE ( 'NONE', *, *, #619, .T. ) ;
#1673 = VERTEX_POINT ( 'NONE', #6348 ) ;
#1674 = EDGE_CURVE ( 'NONE', #7860, #1159, #3444, .T. ) ;
#1675 = LINE ( 'NONE', #6357, #5789 ) ;
#1676 = CIRCLE ( 'NONE', #6598, 24.20000000000000639 ) ;
#1677 = DIRECTION ( 'NONE',  ( -0.000000000000000000, -1.000000000000000000, -0.000000000000000000 ) ) ;
#1678 = LINE ( 'NONE', #7123, #4747 ) ;
#1679 = ADVANCED_FACE ( 'NONE', ( #9930 ), #3380, .F. ) ;
#1680 = ORIENTED_EDGE ( 'NONE', *, *, #2048, .F. ) ;
#1681 = EDGE_CURVE ( 'NONE', #631, #8482, #9436, .T. ) ;
#1682 = LINE ( 'NONE', #5474, #10023 ) ;
#1683 = DIRECTION ( 'NONE',  ( 0.000000000000000000, 0.000000000000000000, 1.000000000000000000 ) ) ;
#1684 = LINE ( 'NONE', #1562, #966 ) ;
#1685 = EDGE_CURVE ( 'NONE', #9847, #11495, #8880, .T. ) ;
#1686 = ORIENTED_EDGE ( 'NONE', *, *, #3, .T. ) ;
#1687 = VERTEX_POINT ( 'NONE', #895 ) ;
#1688 = DIRECTION ( 'NONE',  ( -0.000000000000000000, 1.000000000000000000, -0.000000000000000000 ) ) ;
#1689 = AXIS2_PLACEMENT_3D ( 'NONE', #9923, #5454, #887 ) ;
#1690 = EDGE_LOOP ( 'NONE', ( #5477, #6952, #4910, #11389, #1993 ) ) ;
#1691 = AXIS2_PLACEMENT_3D ( 'NONE', #8233, #145, #7346 ) ;
#1692 = DIRECTION ( 'NONE',  ( 0.000000000000000000, 0.000000000000000000, 1.000000000000000000 ) ) ;
#1693 = CARTESIAN_POINT ( 'NONE',  ( 82.54999999999999716, 72.64000000000000057, 22.30467496797187010 ) ) ;
#1694 = DIRECTION ( 'NONE',  ( -1.000000000000000000, 0.000000000000000000, 9.184139537363837425E-14 ) ) ;
#1695 = DIRECTION ( 'NONE',  ( -1.000000000000000000, 0.000000000000000000, -0.000000000000000000 ) ) ;
#1696 = EDGE_CURVE ( 'NONE', #10812, #10595, #7932, .T. ) ;
#1697 = DIRECTION ( 'NONE',  ( 1.000000000000000000, 0.000000000000000000, 0.000000000000000000 ) ) ;
#1698 = AXIS2_PLACEMENT_3D ( 'NONE', #5808, #8396, #11112 ) ;
#1699 = DIRECTION ( 'NONE',  ( -1.000000000000000000, 0.000000000000000000, 0.000000000000000000 ) ) ;
#1700 = ORIENTED_EDGE ( 'NONE', *, *, #7024, .F. ) ;
#1701 = VERTEX_POINT ( 'NONE', #10703 ) ;
#1702 = EDGE_LOOP ( 'NONE', ( #4856, #10375, #8744, #5193 ) ) ;
#1703 = CARTESIAN_POINT ( 'NONE',  ( -80.04999999999999716, -27.00000000000000355, -10.25769145387463688 ) ) ;
#1704 = DIRECTION ( 'NONE',  ( -0.000000000000000000, -1.000000000000000000, -0.000000000000000000 ) ) ;
#1705 = CARTESIAN_POINT ( 'NONE',  ( 50.48689872104514365, 95.20641123616282187, -26.28622525258461451 ) ) ;
#1706 = VERTEX_POINT ( 'NONE', #1793 ) ;
#1707 = CARTESIAN_POINT ( 'NONE',  ( -0.1327752523027176945, 99.82583987928822467, 8.433509402387802112 ) ) ;
#1708 = FACE_OUTER_BOUND ( 'NONE', #6914, .T. ) ;
#1709 = ADVANCED_FACE ( 'NONE', ( #11607 ), #4562, .F. ) ;
#1710 = AXIS2_PLACEMENT_3D ( 'NONE', #2930, #5767, #5600 ) ;
#1711 = ORIENTED_EDGE ( 'NONE', *, *, #3130, .T. ) ;
#1712 = CARTESIAN_POINT ( 'NONE',  ( -8.300429496984964572, 99.82583987928822467, 19.83350972839287607 ) ) ;
#1713 = DIRECTION ( 'NONE',  ( 2.244742081187875711E-15, 1.000000000000000000, -0.000000000000000000 ) ) ;
#1714 = ORIENTED_EDGE ( 'NONE', *, *, #5597, .F. ) ;
#1715 = ORIENTED_EDGE ( 'NONE', *, *, #6010, .F. ) ;
#1716 = ORIENTED_EDGE ( 'NONE', *, *, #3986, .F. ) ;
#1717 = CIRCLE ( 'NONE', #8320, 5.000000000000000000 ) ;
#1718 = CARTESIAN_POINT ( 'NONE',  ( -8.300429496984964572, 96.12583987928823603, 18.68350972839287394 ) ) ;
#1719 = DIRECTION ( 'NONE',  ( 0.000000000000000000, 1.000000000000000000, 0.000000000000000000 ) ) ;
#1720 = ORIENTED_EDGE ( 'NONE', *, *, #3328, .F. ) ;
#1721 = DIRECTION ( 'NONE',  ( 0.000000000000000000, 0.000000000000000000, -1.000000000000000000 ) ) ;
#1722 = CARTESIAN_POINT ( 'NONE',  ( 43.40689872104514535, 95.63999999999417412, -7.959769997217390092 ) ) ;
#1723 = FACE_OUTER_BOUND ( 'NONE', #6255, .T. ) ;
#1724 = EDGE_CURVE ( 'NONE', #2296, #8641, #3614, .T. ) ;
#1725 = EDGE_CURVE ( 'NONE', #2534, #3345, #768, .T. ) ;
#1726 = AXIS2_PLACEMENT_3D ( 'NONE', #9955, #7262, #6250 ) ;
#1727 = ORIENTED_EDGE ( 'NONE', *, *, #11121, .F. ) ;
#1728 = DIRECTION ( 'NONE',  ( -1.000000000000000000, 0.000000000000000000, -0.000000000000000000 ) ) ;
#1729 = CIRCLE ( 'NONE', #6459, 1.149999999999999023 ) ;
#1730 = CARTESIAN_POINT ( 'NONE',  ( -82.55000000000002558, 97.50000000000000000, 19.12967496797186939 ) ) ;
#1731 = CARTESIAN_POINT ( 'NONE',  ( 4.999570503068137661, 119.8299752807307357, -20.03649027154900608 ) ) ;
#1732 =( BOUNDED_CURVE ( )  B_SPLINE_CURVE ( 3, ( #6186, #9764, #2396, #6950 ),
 .UNSPECIFIED., .F., .T. ) 
 B_SPLINE_CURVE_WITH_KNOTS ( ( 4, 4 ),
 ( 1.570796326794896558, 3.141592653589793116 ),
 .UNSPECIFIED. ) 
 CURVE ( )  GEOMETRIC_REPRESENTATION_ITEM ( )  RATIONAL_B_SPLINE_CURVE ( ( 1.000000000000000000, 0.8047378541243649375, 0.8047378541243649375, 1.000000000000000000 ) ) 
 REPRESENTATION_ITEM ( '' )  );
#1733 = VERTEX_POINT ( 'NONE', #10818 ) ;
#1734 = ORIENTED_EDGE ( 'NONE', *, *, #9011, .T. ) ;
#1735 = CYLINDRICAL_SURFACE ( 'NONE', #3653, 5.000000000000000000 ) ;
#1736 = ORIENTED_EDGE ( 'NONE', *, *, #10395, .T. ) ;
#1737 = VECTOR ( 'NONE', #7635, 1000.000000000000000 ) ;
#1738 = VECTOR ( 'NONE', #8051, 1000.000000000000000 ) ;
#1739 = CARTESIAN_POINT ( 'NONE',  ( -5.000429496931850792, 119.8258398792882105, 11.89999999999998614 ) ) ;
#1740 = DIRECTION ( 'NONE',  ( -1.000000000000000000, 0.000000000000000000, -9.169294481193143764E-14 ) ) ;
#1741 = DIRECTION ( 'NONE',  ( 1.000000000000000000, 0.000000000000000000, 0.000000000000000000 ) ) ;
#1742 = CARTESIAN_POINT ( 'NONE',  ( -8.300429496927989703, 96.12583987928823603, -1.816490271607134721 ) ) ;
#1743 = ADVANCED_FACE ( 'NONE', ( #3560 ), #6223, .F. ) ;
#1744 = EDGE_LOOP ( 'NONE', ( #11295, #10567, #123, #6491 ) ) ;
#1745 = LINE ( 'NONE', #5354, #5105 ) ;
#1746 = CARTESIAN_POINT ( 'NONE',  ( 2.627153738752083401E-15, 6.349999999999999645, 24.62763407003638250 ) ) ;
#1747 = ORIENTED_EDGE ( 'NONE', *, *, #10010, .F. ) ;
#1748 = AXIS2_PLACEMENT_3D ( 'NONE', #11605, #3502, #10573 ) ;
#1749 = VERTEX_POINT ( 'NONE', #6288 ) ;
#1750 = CIRCLE ( 'NONE', #4013, 1.200000000000003730 ) ;
#1751 = ORIENTED_EDGE ( 'NONE', *, *, #10954, .F. ) ;
#1752 = EDGE_CURVE ( 'NONE', #9553, #7291, #8999, .T. ) ;
#1753 = EDGE_CURVE ( 'NONE', #2216, #6915, #7229, .T. ) ;
#1754 = DIRECTION ( 'NONE',  ( -1.000000000000000000, -2.209838822900391329E-15, 0.000000000000000000 ) ) ;
#1755 = DIRECTION ( 'NONE',  ( 0.000000000000000000, 0.000000000000000000, 1.000000000000000000 ) ) ;
#1756 = CARTESIAN_POINT ( 'NONE',  ( -79.37500000000001421, 67.63999999999994373, -0.2576914538747754335 ) ) ;
#1757 = ADVANCED_FACE ( 'NONE', ( #3679 ), #10835, .T. ) ;
#1758 = CARTESIAN_POINT ( 'NONE',  ( 82.55000000000002558, 66.63999999999998636, -5.257691453874765664 ) ) ;
#1759 = AXIS2_PLACEMENT_3D ( 'NONE', #10397, #5822, #9406 ) ;
#1760 = CARTESIAN_POINT ( 'NONE',  ( -1.719188405068635017, 124.2291253805701530, -20.03649027155043782 ) ) ;
#1761 = CARTESIAN_POINT ( 'NONE',  ( 80.37500000000000000, 53.93999999999999062, -0.2576914538747649974 ) ) ;
#1762 = ORIENTED_EDGE ( 'NONE', *, *, #4058, .F. ) ;
#1763 = ORIENTED_EDGE ( 'NONE', *, *, #11333, .T. ) ;
#1764 = CARTESIAN_POINT ( 'NONE',  ( -79.37500000000001421, 58.93999999999998352, 11.39999999999994884 ) ) ;
#1765 = CIRCLE ( 'NONE', #3270, 5.499999999999973355 ) ;
#1766 = LINE ( 'NONE', #7203, #8562 ) ;
#1767 = DIRECTION ( 'NONE',  ( -0.000000000000000000, -1.000000000000000000, -0.000000000000000000 ) ) ;
#1768 = CARTESIAN_POINT ( 'NONE',  ( -79.37500000000001421, 61.63999999999999346, 11.39999999999994174 ) ) ;
#1769 = DIRECTION ( 'NONE',  ( -0.000000000000000000, -1.000000000000000000, -0.000000000000000000 ) ) ;
#1770 = DIRECTION ( 'NONE',  ( 0.000000000000000000, 0.000000000000000000, 1.000000000000000000 ) ) ;
#1771 = ORIENTED_EDGE ( 'NONE', *, *, #4045, .F. ) ;
#1772 = CARTESIAN_POINT ( 'NONE',  ( -67.12500000000000000, 99.82583987928822467, 40.40000000000004832 ) ) ;
#1773 = CARTESIAN_POINT ( 'NONE',  ( 0.000000000000000000, 69.46500000000000341, 0.000000000000000000 ) ) ;
#1774 = VERTEX_POINT ( 'NONE', #7468 ) ;
#1775 = DIRECTION ( 'NONE',  ( -0.000000000000000000, -1.000000000000000000, -0.000000000000000000 ) ) ;
#1776 = DIRECTION ( 'NONE',  ( 0.000000000000000000, 0.000000000000000000, -1.000000000000000000 ) ) ;
#1777 = ORIENTED_EDGE ( 'NONE', *, *, #7720, .F. ) ;
#1778 =( GEOMETRIC_REPRESENTATION_CONTEXT ( 3 ) GLOBAL_UNCERTAINTY_ASSIGNED_CONTEXT ( ( #8176 ) ) GLOBAL_UNIT_ASSIGNED_CONTEXT ( ( #3827, #9268, #6503 ) ) REPRESENTATION_CONTEXT ( 'NONE', 'WORKASPACE' ) );
#1779 = ORIENTED_EDGE ( 'NONE', *, *, #4999, .T. ) ;
#1780 = ORIENTED_EDGE ( 'NONE', *, *, #114, .T. ) ;
#1781 = EDGE_CURVE ( 'NONE', #5451, #2326, #2796, .T. ) ;
#1782 = CARTESIAN_POINT ( 'NONE',  ( 14.47287525203407554, 90.00000000000000000, 14.47287525275975106 ) ) ;
#1783 = AXIS2_PLACEMENT_3D ( 'NONE', #11082, #5709, #3041 ) ;
#1784 = LINE ( 'NONE', #10633, #1785 ) ;
#1785 = VECTOR ( 'NONE', #9685, 1000.000000000000114 ) ;
#1786 = LINE ( 'NONE', #5455, #11307 ) ;
#1787 = VECTOR ( 'NONE', #6175, 1000.000000000000000 ) ;
#1788 = ORIENTED_EDGE ( 'NONE', *, *, #8873, .T. ) ;
#1789 = CARTESIAN_POINT ( 'NONE',  ( -82.54999999999999716, 89.17499999999996874, -40.25769145387477010 ) ) ;
#1790 = CARTESIAN_POINT ( 'NONE',  ( 46.58189872104513540, 97.50000000000000000, -26.48622071973760228 ) ) ;
#1791 = DIRECTION ( 'NONE',  ( 0.000000000000000000, -0.000000000000000000, 1.000000000000000000 ) ) ;
#1792 = ORIENTED_EDGE ( 'NONE', *, *, #6668, .T. ) ;
#1793 = CARTESIAN_POINT ( 'NONE',  ( 11.25500000000000433, -24.89937738537090794, 16.39999999999999858 ) ) ;
#1794 = CARTESIAN_POINT ( 'NONE',  ( -82.54999999999999716, 67.63999999999998636, -0.2576914538747651640 ) ) ;
#1795 = ORIENTED_EDGE ( 'NONE', *, *, #1161, .T. ) ;
#1796 = DIRECTION ( 'NONE',  ( -1.000000000000000000, 0.000000000000000000, 1.066750355020279212E-16 ) ) ;
#1797 = ORIENTED_EDGE ( 'NONE', *, *, #7602, .T. ) ;
#1798 = VECTOR ( 'NONE', #8935, 1000.000000000000000 ) ;
#1799 = VECTOR ( 'NONE', #7177, 1000.000000000000114 ) ;
#1800 = VECTOR ( 'NONE', #7855, 1000.000000000000000 ) ;
#1801 = CIRCLE ( 'NONE', #8963, 12.50000000000000000 ) ;
#1802 = ADVANCED_FACE ( 'NONE', ( #6579 ), #6523, .F. ) ;
#1803 = DIRECTION ( 'NONE',  ( 0.000000000000000000, 1.000000000000000000, 1.677434638215118264E-15 ) ) ;
#1804 = DIRECTION ( 'NONE',  ( 0.000000000000000000, 0.000000000000000000, -1.000000000000000000 ) ) ;
#1805 = DIRECTION ( 'NONE',  ( -0.000000000000000000, -1.000000000000000000, -0.000000000000000000 ) ) ;
#1806 = PLANE ( 'NONE',  #7856 ) ;
#1807 = CARTESIAN_POINT ( 'NONE',  ( -81.84979246179028678, 66.63999999999998636, 5.399999999999991473 ) ) ;
#1808 = VECTOR ( 'NONE', #6886, 1000.000000000000000 ) ;
#1809 = ORIENTED_EDGE ( 'NONE', *, *, #3589, .F. ) ;
#1810 = CARTESIAN_POINT ( 'NONE',  ( -43.40689872104513825, 90.00000000000000000, 22.30467496797187010 ) ) ;
#1811 = PLANE ( 'NONE',  #11210 ) ;
#1812 = AXIS2_PLACEMENT_3D ( 'NONE', #5679, #10979, #10803 ) ;
#1813 = DIRECTION ( 'NONE',  ( 2.244742081187875711E-15, 1.000000000000000000, -0.000000000000000000 ) ) ;
#1814 = ORIENTED_EDGE ( 'NONE', *, *, #5530, .F. ) ;
#1815 = ORIENTED_EDGE ( 'NONE', *, *, #4830, .T. ) ;
#1816 = ORIENTED_EDGE ( 'NONE', *, *, #3661, .T. ) ;
#1817 = CIRCLE ( 'NONE', #10298, 1.149999999999998801 ) ;
#1818 = ADVANCED_FACE ( 'NONE', ( #4626 ), #6404, .F. ) ;
#1819 = EDGE_CURVE ( 'NONE', #4096, #767, #11110, .T. ) ;
#1820 = VECTOR ( 'NONE', #1987, 1000.000000000000000 ) ;
#1821 = FACE_OUTER_BOUND ( 'NONE', #804, .T. ) ;
#1822 = DIRECTION ( 'NONE',  ( 0.000000000000000000, 0.000000000000000000, -1.000000000000000000 ) ) ;
#1823 = DIRECTION ( 'NONE',  ( 0.000000000000000000, 1.000000000000000000, 1.057756829634520258E-16 ) ) ;
#1824 = CARTESIAN_POINT ( 'NONE',  ( 43.40689872104513825, 97.50000000000000000, 22.30467496797187010 ) ) ;
#1825 = DIRECTION ( 'NONE',  ( -7.054719541367230563E-17, 0.8490371033064915141, -0.5283332255394527222 ) ) ;
#1826 = LINE ( 'NONE', #10791, #2477 ) ;
#1827 = ADVANCED_FACE ( 'NONE', ( #11001 ), #5582, .T. ) ;
#1828 = LINE ( 'NONE', #10014, #2361 ) ;
#1829 = EDGE_CURVE ( 'NONE', #5954, #6993, #1015, .T. ) ;
#1830 = AXIS2_PLACEMENT_3D ( 'NONE', #7704, #10459, #2378 ) ;
#1831 = EDGE_LOOP ( 'NONE', ( #250, #8435, #6632, #10031, #1331, #10177, #212, #4332, #10450, #3217, #1094, #6848, #176, #1146, #1063, #7859, #5403, #8326, #7701, #1017, #4799, #1009, #6102, #135, #2903, #11190, #9649, #6667, #8493, #9130 ) ) ;
#1832 = ORIENTED_EDGE ( 'NONE', *, *, #34, .T. ) ;
#1833 = ADVANCED_FACE ( 'NONE', ( #2976 ), #86, .F. ) ;
#1834 = DIRECTION ( 'NONE',  ( 0.000000000000000000, -1.000000000000000000, 0.000000000000000000 ) ) ;
#1835 = CARTESIAN_POINT ( 'NONE',  ( -11.25499999999998302, 6.349999999999999645, 7.542308546125213731 ) ) ;
#1836 = CYLINDRICAL_SURFACE ( 'NONE', #9609, 1.000000000000000888 ) ;
#1837 = ORIENTED_EDGE ( 'NONE', *, *, #2243, .T. ) ;
#1838 = DIRECTION ( 'NONE',  ( -0.9999999999979246601, 0.000000000000000000, -2.037326371931608774E-06 ) ) ;
#1839 = DIRECTION ( 'NONE',  ( 0.000000000000000000, 0.000000000000000000, -1.000000000000000000 ) ) ;
#1840 = EDGE_CURVE ( 'NONE', #9239, #7541, #9283, .T. ) ;
#1841 = VERTEX_POINT ( 'NONE', #3909 ) ;
#1842 = EDGE_CURVE ( 'NONE', #3532, #7100, #7372, .T. ) ;
#1843 = EDGE_CURVE ( 'NONE', #5766, #8032, #2853, .T. ) ;
#1844 = ORIENTED_EDGE ( 'NONE', *, *, #8605, .F. ) ;
#1845 = EDGE_LOOP ( 'NONE', ( #1194, #5851, #6687, #7713, #2399 ) ) ;
#1846 = ORIENTED_EDGE ( 'NONE', *, *, #3128, .F. ) ;
#1847 = DIRECTION ( 'NONE',  ( -0.5735764363510368335, -0.8191520442889983489, 0.000000000000000000 ) ) ;
#1848 = DIRECTION ( 'NONE',  ( 0.000000000000000000, 0.000000000000000000, -1.000000000000000000 ) ) ;
#1849 = VERTEX_POINT ( 'NONE', #10047 ) ;
#1850 = CARTESIAN_POINT ( 'NONE',  ( -82.55000000000002558, 99.82583987928822467, 41.90000000000009805 ) ) ;
#1851 = DIRECTION ( 'NONE',  ( 0.000000000000000000, 0.000000000000000000, -1.000000000000000000 ) ) ;
#1852 = CARTESIAN_POINT ( 'NONE',  ( 69.20000000000776197, 8.275000000003331024, -0.6211324209939360630 ) ) ;
#1853 = VERTEX_POINT ( 'NONE', #11118 ) ;
#1854 = CARTESIAN_POINT ( 'NONE',  ( 79.37500000000000000, 61.63999999999999346, 5.399999999999991473 ) ) ;
#1855 = LINE ( 'NONE', #5279, #1034 ) ;
#1856 = ORIENTED_EDGE ( 'NONE', *, *, #11391, .F. ) ;
#1857 = VERTEX_POINT ( 'NONE', #9349 ) ;
#1858 = EDGE_LOOP ( 'NONE', ( #5135, #3398, #6557, #11513, #506, #11051, #615, #7778, #11665, #1779, #6930, #2038, #6568, #8974, #2580, #1630 ) ) ;
#1859 = LINE ( 'NONE', #7354, #3293 ) ;
#1860 = LINE ( 'NONE', #4689, #9360 ) ;
#1861 = CARTESIAN_POINT ( 'NONE',  ( -50.48689872104515075, 94.56476577691782381, -8.504985928319962696 ) ) ;
#1862 = CARTESIAN_POINT ( 'NONE',  ( -50.48689872104515075, 75.48946397805705999, -21.83805926787198715 ) ) ;
#1863 = CARTESIAN_POINT ( 'NONE',  ( -33.55000000000002558, 92.50000000000000000, 33.89999999999999147 ) ) ;
#1864 = ORIENTED_EDGE ( 'NONE', *, *, #11197, .T. ) ;
#1865 = CARTESIAN_POINT ( 'NONE',  ( -50.48689872104515075, 95.63999999999417412, -7.959769997217391868 ) ) ;
#1866 = CARTESIAN_POINT ( 'NONE',  ( -43.40689872104513825, 95.63999999999417412, -7.959769997217391868 ) ) ;
#1867 = LINE ( 'NONE', #10002, #1037 ) ;
#1868 = ADVANCED_FACE ( 'NONE', ( #3024 ), #6633, .F. ) ;
#1869 = EDGE_CURVE ( 'NONE', #7396, #2534, #3032, .T. ) ;
#1870 = ORIENTED_EDGE ( 'NONE', *, *, #3223, .T. ) ;
#1871 = ORIENTED_EDGE ( 'NONE', *, *, #7105, .T. ) ;
#1872 = ORIENTED_EDGE ( 'NONE', *, *, #1466, .F. ) ;
#1873 = VECTOR ( 'NONE', #96, 1000.000000000000000 ) ;
#1874 = CARTESIAN_POINT ( 'NONE',  ( 53.05138322153545261, 5.099999999999999645, 15.82115058466707858 ) ) ;
#1875 = DIRECTION ( 'NONE',  ( 0.000000000000000000, 0.000000000000000000, 1.000000000000000000 ) ) ;
#1876 = LINE ( 'NONE', #6133, #6681 ) ;
#1877 = CARTESIAN_POINT ( 'NONE',  ( 0.000000000000000000, 69.46500000000000341, 22.30467496797187010 ) ) ;
#1878 = CARTESIAN_POINT ( 'NONE',  ( -76.81501998216515403, 5.099999999999999645, 17.92115427298595876 ) ) ;
#1879 = CARTESIAN_POINT ( 'NONE',  ( 4.166235645120520026, 119.8370416567709356, -20.03649027154900253 ) ) ;
#1880 = EDGE_CURVE ( 'NONE', #2603, #4802, #5033, .T. ) ;
#1881 = EDGE_CURVE ( 'NONE', #5526, #9819, #3961, .T. ) ;
#1882 = PLANE ( 'NONE',  #4826 ) ;
#1883 = VECTOR ( 'NONE', #2845, 1000.000000000000000 ) ;
#1884 = ORIENTED_EDGE ( 'NONE', *, *, #10172, .F. ) ;
#1885 = VERTEX_POINT ( 'NONE', #3247 ) ;
#1886 = PLANE ( 'NONE',  #1949 ) ;
#1887 = VECTOR ( 'NONE', #10039, 1000.000000000000000 ) ;
#1888 = CARTESIAN_POINT ( 'NONE',  ( -77.87725294080598815, 109.8258398792882247, 44.39999999999612612 ) ) ;
#1889 = CARTESIAN_POINT ( 'NONE',  ( 32.54999999999999716, 92.00000000000000000, 10.19715292348722890 ) ) ;
#1890 = DIRECTION ( 'NONE',  ( 0.000000000000000000, 0.000000000000000000, 1.000000000000000000 ) ) ;
#1891 = VERTEX_POINT ( 'NONE', #6800 ) ;
#1892 = CARTESIAN_POINT ( 'NONE',  ( 1.717858599635257999, 124.8258398793070398, 32.58738544917789426 ) ) ;
#1893 = CARTESIAN_POINT ( 'NONE',  ( 80.04999999999999716, -24.50000000000000355, 0.000000000000000000 ) ) ;
#1894 = EDGE_CURVE ( 'NONE', #7100, #2551, #8629, .T. ) ;
#1895 = ORIENTED_EDGE ( 'NONE', *, *, #10816, .F. ) ;
#1896 = ORIENTED_EDGE ( 'NONE', *, *, #2461, .F. ) ;
#1897 = ORIENTED_EDGE ( 'NONE', *, *, #8095, .T. ) ;
#1898 = VECTOR ( 'NONE', #874, 1000.000000000000000 ) ;
#1899 = ORIENTED_EDGE ( 'NONE', *, *, #3268, .F. ) ;
#1900 = ADVANCED_FACE ( 'NONE', ( #2311 ), #10506, .T. ) ;
#1901 = EDGE_CURVE ( 'NONE', #7614, #5160, #10446, .T. ) ;
#1902 = DIRECTION ( 'NONE',  ( 0.000000000000000000, 0.000000000000000000, 1.000000000000000000 ) ) ;
#1903 = LINE ( 'NONE', #8865, #10536 ) ;
#1904 = ADVANCED_FACE ( 'NONE', ( #6750 ), #6693, .T. ) ;
#1905 = AXIS2_PLACEMENT_3D ( 'NONE', #783, #9943, #8185 ) ;
#1906 = ORIENTED_EDGE ( 'NONE', *, *, #3092, .F. ) ;
#1907 = CYLINDRICAL_SURFACE ( 'NONE', #7599, 1.150000000000001688 ) ;
#1908 = CARTESIAN_POINT ( 'NONE',  ( 53.05138322153545261, 5.099999999999999645, 15.82115058466708035 ) ) ;
#1909 = FACE_OUTER_BOUND ( 'NONE', #852, .T. ) ;
#1910 = ORIENTED_EDGE ( 'NONE', *, *, #11683, .T. ) ;
#1911 = CARTESIAN_POINT ( 'NONE',  ( -5.369668500624158014, 124.8258398792918058, 32.03271477103213272 ) ) ;
#1912 = DIRECTION ( 'NONE',  ( -1.000000000000000000, -0.000000000000000000, 1.335278419062900115E-16 ) ) ;
#1913 = VERTEX_POINT ( 'NONE', #485 ) ;
#1914 = ORIENTED_EDGE ( 'NONE', *, *, #9904, .T. ) ;
#1915 = DIRECTION ( 'NONE',  ( 0.000000000000000000, 1.000000000000000000, 0.000000000000000000 ) ) ;
#1916 = ORIENTED_EDGE ( 'NONE', *, *, #6267, .T. ) ;
#1917 = CARTESIAN_POINT ( 'NONE',  ( 53.40689872104514535, 74.43999999999417128, -7.959769997217391868 ) ) ;
#1918 = ADVANCED_FACE ( 'NONE', ( #8683, #9562, #529 ), #3308, .F. ) ;
#1919 = FACE_OUTER_BOUND ( 'NONE', #1552, .T. ) ;
#1920 = CIRCLE ( 'NONE', #9842, 0.9999999999999974465 ) ;
#1921 = CARTESIAN_POINT ( 'NONE',  ( 82.54999999999999716, 107.7547720674227634, 43.36446609406736030 ) ) ;
#1922 = VECTOR ( 'NONE', #4764, 1000.000000000000000 ) ;
#1923 = DIRECTION ( 'NONE',  ( 0.000000000000000000, 1.000000000000000000, 0.000000000000000000 ) ) ;
#1924 = DIRECTION ( 'NONE',  ( -0.000000000000000000, -1.000000000000000000, -0.000000000000000000 ) ) ;
#1925 = ORIENTED_EDGE ( 'NONE', *, *, #6380, .F. ) ;
#1926 = LINE ( 'NONE', #10951, #10955 ) ;
#1927 = DIRECTION ( 'NONE',  ( 0.000000000000000000, 0.000000000000000000, -1.000000000000000000 ) ) ;
#1928 = CARTESIAN_POINT ( 'NONE',  ( -8.300429496984964572, 99.82583987928822467, 18.68350972839287394 ) ) ;
#1929 = VERTEX_POINT ( 'NONE', #4086 ) ;
#1930 = EDGE_LOOP ( 'NONE', ( #7627, #6394, #10659, #11627 ) ) ;
#1931 = AXIS2_PLACEMENT_3D ( 'NONE', #7729, #8722, #8841 ) ;
#1932 = VECTOR ( 'NONE', #10070, 1000.000000000000000 ) ;
#1933 = CIRCLE ( 'NONE', #8530, 1.149999999999999689 ) ;
#1934 = FACE_BOUND ( 'NONE', #10495, .T. ) ;
#1935 = EDGE_CURVE ( 'NONE', #6337, #3957, #10339, .T. ) ;
#1936 = FACE_OUTER_BOUND ( 'NONE', #7844, .T. ) ;
#1937 = LINE ( 'NONE', #3933, #4402 ) ;
#1938 = DIRECTION ( 'NONE',  ( 1.000000000000000000, -0.000000000000000000, 0.000000000000000000 ) ) ;
#1939 = PLANE ( 'NONE',  #10780 ) ;
#1940 = VECTOR ( 'NONE', #3876, 1000.000000000000000 ) ;
#1941 = CIRCLE ( 'NONE', #2124, 5.700207538209683733 ) ;
#1942 = CARTESIAN_POINT ( 'NONE',  ( -74.43749999996866507, -4.758722840905003082, -32.75769145387477721 ) ) ;
#1943 = CARTESIAN_POINT ( 'NONE',  ( -51.69999999999999574, 109.8258398792882247, 63.21800789427800282 ) ) ;
#1944 = ORIENTED_EDGE ( 'NONE', *, *, #6882, .F. ) ;
#1945 = ORIENTED_EDGE ( 'NONE', *, *, #7591, .F. ) ;
#1946 = CIRCLE ( 'NONE', #1178, 5.499999999999971578 ) ;
#1947 = EDGE_CURVE ( 'NONE', #8747, #2216, #2768, .T. ) ;
#1948 = EDGE_CURVE ( 'NONE', #772, #5205, #5976, .T. ) ;
#1949 = AXIS2_PLACEMENT_3D ( 'NONE', #8977, #6201, #746 ) ;
#1950 = PLANE ( 'NONE',  #606 ) ;
#1951 = CARTESIAN_POINT ( 'NONE',  ( -78.84641283430131864, 107.2458815018226517, 46.74008324506943524 ) ) ;
#1952 = CARTESIAN_POINT ( 'NONE',  ( 79.37499999999998579, 6.349999999999999645, 25.39999999999999858 ) ) ;
#1953 = CARTESIAN_POINT ( 'NONE',  ( -33.11060426392916156, 96.12583987928823603, -4.426490271141811483 ) ) ;
#1954 = CARTESIAN_POINT ( 'NONE',  ( -5.043514005199860151, 124.8258398792882247, 32.10220843882515140 ) ) ;
#1955 = DIRECTION ( 'NONE',  ( 0.000000000000000000, -1.000000000000000000, 0.000000000000000000 ) ) ;
#1956 = ORIENTED_EDGE ( 'NONE', *, *, #7574, .F. ) ;
#1957 = DIRECTION ( 'NONE',  ( -1.000000000000000000, 0.000000000000000000, 1.335278419062900361E-16 ) ) ;
#1958 = ORIENTED_EDGE ( 'NONE', *, *, #1840, .T. ) ;
#1959 = VECTOR ( 'NONE', #7815, 1000.000000000000114 ) ;
#1960 = ORIENTED_EDGE ( 'NONE', *, *, #580, .F. ) ;
#1961 = EDGE_LOOP ( 'NONE', ( #4961, #10658, #5117, #8001 ) ) ;
#1962 = EDGE_CURVE ( 'NONE', #7643, #4598, #426, .T. ) ;
#1963 = ORIENTED_EDGE ( 'NONE', *, *, #9325, .F. ) ;
#1964 = DIRECTION ( 'NONE',  ( -0.000000000000000000, 0.000000000000000000, 1.000000000000000000 ) ) ;
#1965 = ADVANCED_FACE ( 'NONE', ( #11339 ), #6860, .F. ) ;
#1966 = EDGE_CURVE ( 'NONE', #1297, #8423, #3142, .T. ) ;
#1967 = AXIS2_PLACEMENT_3D ( 'NONE', #1458, #5188, #5064 ) ;
#1968 = CARTESIAN_POINT ( 'NONE',  ( -43.40689872104514535, 95.28999999999417980, -23.92998592831960991 ) ) ;
#1969 = ORIENTED_EDGE ( 'NONE', *, *, #8230, .T. ) ;
#1970 = DIRECTION ( 'NONE',  ( -0.5735764363510581498, -1.118899434348419235E-16, -0.8191520442889834719 ) ) ;
#1971 = CARTESIAN_POINT ( 'NONE',  ( -82.54999999999999716, 104.8258398792882105, 36.89999999999999858 ) ) ;
#1972 = DIRECTION ( 'NONE',  ( -1.000000000000000000, 0.000000000000000000, 1.335278419062900361E-16 ) ) ;
#1973 = CIRCLE ( 'NONE', #11020, 5.000000000000000888 ) ;
#1974 = ORIENTED_EDGE ( 'NONE', *, *, #8828, .T. ) ;
#1975 = CARTESIAN_POINT ( 'NONE',  ( -5.000429496931845463, 119.8301161607049750, 36.89999999999999147 ) ) ;
#1976 = CARTESIAN_POINT ( 'NONE',  ( 33.54999999999999716, 97.82583987928822467, 33.89999999999999147 ) ) ;
#1977 = EDGE_LOOP ( 'NONE', ( #1120, #11595, #5360, #7430 ) ) ;
#1978 = EDGE_CURVE ( 'NONE', #4850, #584, #4972, .T. ) ;
#1979 = ORIENTED_EDGE ( 'NONE', *, *, #1528, .F. ) ;
#1980 = EDGE_CURVE ( 'NONE', #5776, #9641, #11291, .T. ) ;
#1981 = VERTEX_POINT ( 'NONE', #582 ) ;
#1982 = CIRCLE ( 'NONE', #2732, 1.200000000000003064 ) ;
#1983 = EDGE_CURVE ( 'NONE', #148, #4754, #11199, .T. ) ;
#1984 = CARTESIAN_POINT ( 'NONE',  ( 67.12499999999998579, 104.8258398792882247, 40.40000000000004832 ) ) ;
#1985 = DIRECTION ( 'NONE',  ( 0.000000000000000000, 0.000000000000000000, -1.000000000000000000 ) ) ;
#1986 = PLANE ( 'NONE',  #11304 ) ;
#1987 = DIRECTION ( 'NONE',  ( 0.000000000000000000, 1.000000000000000000, 0.000000000000000000 ) ) ;
#1988 = DIRECTION ( 'NONE',  ( -0.000000000000000000, 1.000000000000000000, 0.000000000000000000 ) ) ;
#1989 = VERTEX_POINT ( 'NONE', #7976 ) ;
#1990 = CARTESIAN_POINT ( 'NONE',  ( -6.246895457860716760, 124.8258398792882105, -20.00539738836624082 ) ) ;
#1991 = FACE_OUTER_BOUND ( 'NONE', #8890, .T. ) ;
#1992 = AXIS2_PLACEMENT_3D ( 'NONE', #4862, #8460, #2914 ) ;
#1993 = ORIENTED_EDGE ( 'NONE', *, *, #11466, .F. ) ;
#1994 = VECTOR ( 'NONE', #8698, 1000.000000000000000 ) ;
#1995 = ADVANCED_FACE ( 'NONE', ( #11524 ), #6269, .F. ) ;
#1996 = VERTEX_POINT ( 'NONE', #5387 ) ;
#1997 = ORIENTED_EDGE ( 'NONE', *, *, #4058, .T. ) ;
#1998 = VECTOR ( 'NONE', #2241, 1000.000000000000000 ) ;
#1999 = DIRECTION ( 'NONE',  ( -1.000000000000000000, 0.000000000000000000, 1.335278419062900361E-16 ) ) ;
#2000 = VECTOR ( 'NONE', #3760, 1000.000000000000000 ) ;
#2001 = CARTESIAN_POINT ( 'NONE',  ( -74.43749999996865085, 82.35514882866895903, -37.08269145387477295 ) ) ;
#2002 = PLANE ( 'NONE',  #2490 ) ;
#2003 = DIRECTION ( 'NONE',  ( 0.9987133595268967712, -1.380611894729055781E-16, -0.05071119701308240968 ) ) ;
#2004 = FACE_OUTER_BOUND ( 'NONE', #9451, .T. ) ;
#2005 = PLANE ( 'NONE',  #1413 ) ;
#2006 = VERTEX_POINT ( 'NONE', #1712 ) ;
#2007 = VECTOR ( 'NONE', #8767, 1000.000000000000000 ) ;
#2008 = CIRCLE ( 'NONE', #1426, 1.150000000000001688 ) ;
#2009 = ORIENTED_EDGE ( 'NONE', *, *, #9815, .T. ) ;
#2010 = FACE_OUTER_BOUND ( 'NONE', #8924, .T. ) ;
#2011 = DIRECTION ( 'NONE',  ( 1.000000000000000000, -9.344377123928392131E-13, -0.000000000000000000 ) ) ;
#2012 = CARTESIAN_POINT ( 'NONE',  ( -43.40689872104513825, 95.63999999999417412, -2.374168628343573229 ) ) ;
#2013 = DIRECTION ( 'NONE',  ( 0.000000000000000000, 0.000000000000000000, -1.000000000000000000 ) ) ;
#2014 = AXIS2_PLACEMENT_3D ( 'NONE', #6813, #3204, #1485 ) ;
#2015 = CARTESIAN_POINT ( 'NONE',  ( 1.665852457062824810, 119.8727449721907021, 36.89999999999999147 ) ) ;
#2016 = DIRECTION ( 'NONE',  ( -0.000000000000000000, -1.000000000000000000, -0.000000000000000000 ) ) ;
#2017 = FACE_OUTER_BOUND ( 'NONE', #2654, .T. ) ;
#2018 = CARTESIAN_POINT ( 'NONE',  ( 0.000000000000000000, -27.00000000000000355, -10.25769145387463688 ) ) ;
#2019 = ORIENTED_EDGE ( 'NONE', *, *, #2166, .F. ) ;
#2020 = EDGE_CURVE ( 'NONE', #8058, #9969, #2652, .T. ) ;
#2021 = ORIENTED_EDGE ( 'NONE', *, *, #4552, .F. ) ;
#2022 = EDGE_LOOP ( 'NONE', ( #7553, #2074, #91, #11370 ) ) ;
#2023 = LINE ( 'NONE', #4675, #6608 ) ;
#2024 = CARTESIAN_POINT ( 'NONE',  ( -33.55000000000002558, 97.32583987928822467, 22.30467496797187010 ) ) ;
#2025 = ORIENTED_EDGE ( 'NONE', *, *, #10772, .T. ) ;
#2026 = CARTESIAN_POINT ( 'NONE',  ( -53.40689872104514535, 74.43999999999417128, -2.374168628343576337 ) ) ;
#2027 = LINE ( 'NONE', #3674, #4053 ) ;
#2028 = CARTESIAN_POINT ( 'NONE',  ( -35.61042949717771222, 96.12583987928823603, -1.926685223531119817 ) ) ;
#2029 = ORIENTED_EDGE ( 'NONE', *, *, #9975, .F. ) ;
#2030 = CARTESIAN_POINT ( 'NONE',  ( -5.693303077000391177, 124.8258398792882247, 31.95671644729826255 ) ) ;
#2031 = LINE ( 'NONE', #199, #4817 ) ;
#2032 = EDGE_LOOP ( 'NONE', ( #6942, #439, #11362, #1523 ) ) ;
#2033 = ADVANCED_FACE ( 'NONE', ( #8037 ), #10625, .F. ) ;
#2034 = EDGE_CURVE ( 'NONE', #8954, #7348, #6300, .T. ) ;
#2035 = ORIENTED_EDGE ( 'NONE', *, *, #10124, .T. ) ;
#2036 = DIRECTION ( 'NONE',  ( 1.000000000000000000, -0.000000000000000000, -0.000000000000000000 ) ) ;
#2037 = DIRECTION ( 'NONE',  ( 0.000000000000000000, 1.000000000000000000, 0.000000000000000000 ) ) ;
#2038 = ORIENTED_EDGE ( 'NONE', *, *, #1171, .F. ) ;
#2039 = CARTESIAN_POINT ( 'NONE',  ( -50.48689872104514365, 74.67980196068272392, -26.29001273249923898 ) ) ;
#2040 = LINE ( 'NONE', #9234, #7090 ) ;
#2041 = CARTESIAN_POINT ( 'NONE',  ( 79.37500000000000000, 5.357829746269673579E-16, -127.1386775125482842 ) ) ;
#2042 = DIRECTION ( 'NONE',  ( 1.000000000000000000, 0.000000000000000000, 0.000000000000000000 ) ) ;
#2043 = CARTESIAN_POINT ( 'NONE',  ( 41.54999999999999716, 97.82583987928822467, 22.30467496797187010 ) ) ;
#2044 = EDGE_LOOP ( 'NONE', ( #3521, #8620, #5088, #6075 ) ) ;
#2045 = DIRECTION ( 'NONE',  ( 1.000000000000000000, -0.000000000000000000, -0.000000000000000000 ) ) ;
#2046 = DIRECTION ( 'NONE',  ( -0.000000000000000000, 0.5735764363510444941, -0.8191520442889929088 ) ) ;
#2047 = LINE ( 'NONE', #442, #8390 ) ;
#2048 = EDGE_CURVE ( 'NONE', #8433, #3951, #8181, .T. ) ;
#2049 = ORIENTED_EDGE ( 'NONE', *, *, #8957, .F. ) ;
#2050 = EDGE_LOOP ( 'NONE', ( #7497, #4209, #8709, #6386, #10687, #4991 ) ) ;
#2051 = ORIENTED_EDGE ( 'NONE', *, *, #7289, .T. ) ;
#2053 = EDGE_CURVE ( 'NONE', #2255, #9888, #4217, .T. ) ;
#2052 = LINE ( 'NONE', #7317, #7847 ) ;
#2054 = EDGE_CURVE ( 'NONE', #4556, #10556, #618, .T. ) ;
#2055 = EDGE_CURVE ( 'NONE', #2532, #8706, #644, .T. ) ;
#2056 = DIRECTION ( 'NONE',  ( 0.000000000000000000, -1.000000000000000000, 0.000000000000000000 ) ) ;
#2057 = LINE ( 'NONE', #5662, #3430 ) ;
#2058 = CARTESIAN_POINT ( 'NONE',  ( 50.48689872104515075, 95.28999999999417980, 0.5200140716803901553 ) ) ;
#2059 = DIRECTION ( 'NONE',  ( 1.000000000000000000, -0.000000000000000000, 1.744163787209336818E-14 ) ) ;
#2060 = CARTESIAN_POINT ( 'NONE',  ( 8.384417448465013578, 79.82583987928821045, 20.56133305602351413 ) ) ;
#2061 = ORIENTED_EDGE ( 'NONE', *, *, #1565, .T. ) ;
#2062 = ORIENTED_EDGE ( 'NONE', *, *, #8438, .T. ) ;
#2063 = LINE ( 'NONE', #9144, #5901 ) ;
#2064 = FACE_OUTER_BOUND ( 'NONE', #4075, .T. ) ;
#2065 = CARTESIAN_POINT ( 'NONE',  ( 51.69999999999999574, 109.8258398792882247, 36.89999999999998437 ) ) ;
#2066 = AXIS2_PLACEMENT_3D ( 'NONE', #814, #10562, #5210 ) ;
#2067 = CARTESIAN_POINT ( 'NONE',  ( -1.667096163598520198, 119.8722550523063290, -20.03649027154899542 ) ) ;
#2068 = CARTESIAN_POINT ( 'NONE',  ( -1.667374612198414985, 119.8727376174570622, 36.89999999999999147 ) ) ;
#2069 = CARTESIAN_POINT ( 'NONE',  ( 51.69999999999999574, 109.8258398792882247, 63.21800789427800282 ) ) ;
#2070 = AXIS2_PLACEMENT_3D ( 'NONE', #5648, #4690, #9996 ) ;
#2071 = DIRECTION ( 'NONE',  ( -1.000000000000000000, -0.000000000000000000, 1.335278419062900115E-16 ) ) ;
#2072 = CARTESIAN_POINT ( 'NONE',  ( 11.25500000000000433, -24.89937738537090794, 5.042308546125213731 ) ) ;
#2073 = EDGE_LOOP ( 'NONE', ( #202, #7379, #4483, #5400 ) ) ;
#2074 = ORIENTED_EDGE ( 'NONE', *, *, #5556, .F. ) ;
#2075 = ORIENTED_EDGE ( 'NONE', *, *, #6229, .T. ) ;
#2076 = LINE ( 'NONE', #8508, #115 ) ;
#2077 = CIRCLE ( 'NONE', #9236, 1.150000000000001688 ) ;
#2078 = EDGE_CURVE ( 'NONE', #3957, #7860, #2153, .T. ) ;
#2079 = LINE ( 'NONE', #2207, #10553 ) ;
#2080 = ORIENTED_EDGE ( 'NONE', *, *, #11409, .F. ) ;
#2081 = FACE_OUTER_BOUND ( 'NONE', #2727, .T. ) ;
#2082 = CARTESIAN_POINT ( 'NONE',  ( 54.81499993151516748, 5.099999999999999645, 15.82115373010225312 ) ) ;
#2083 = DIRECTION ( 'NONE',  ( 1.000000000000000000, -0.000000000000000000, -1.066750355020279335E-16 ) ) ;
#2084 = ORIENTED_EDGE ( 'NONE', *, *, #5507, .F. ) ;
#2085 = CARTESIAN_POINT ( 'NONE',  ( -5.043514005199849493, 124.8258398792882247, 32.10220843882515140 ) ) ;
#2086 = DIRECTION ( 'NONE',  ( -0.000000000000000000, 1.000000000000000000, -0.000000000000000000 ) ) ;
#2087 = VERTEX_POINT ( 'NONE', #4263 ) ;
#2088 = ORIENTED_EDGE ( 'NONE', *, *, #11070, .F. ) ;
#2089 = FACE_OUTER_BOUND ( 'NONE', #3039, .T. ) ;
#2090 = ORIENTED_EDGE ( 'NONE', *, *, #11279, .F. ) ;
#2091 = LINE ( 'NONE', #11008, #10815 ) ;
#2092 = ADVANCED_FACE ( 'NONE', ( #7867, #4315, #2601, #3426 ), #2484, .F. ) ;
#2093 = EDGE_CURVE ( 'NONE', #5766, #508, #4368, .T. ) ;
#2094 = LINE ( 'NONE', #8238, #11053 ) ;
#2095 = CARTESIAN_POINT ( 'NONE',  ( -35.61042949679625735, 96.12583987928823603, 15.71614540591397713 ) ) ;
#2096 = PLANE ( 'NONE',  #7770 ) ;
#2097 = ORIENTED_EDGE ( 'NONE', *, *, #6657, .T. ) ;
#2098 = CYLINDRICAL_SURFACE ( 'NONE', #7566, 1.000000000000000888 ) ;
#2099 = LINE ( 'NONE', #214, #641 ) ;
#2100 = VECTOR ( 'NONE', #273, 1000.000000000000227 ) ;
#2101 = ORIENTED_EDGE ( 'NONE', *, *, #2206, .F. ) ;
#2102 = VERTEX_POINT ( 'NONE', #6207 ) ;
#2103 = VERTEX_POINT ( 'NONE', #9789 ) ;
#2104 = CIRCLE ( 'NONE', #11540, 4.999999999999997335 ) ;
#2105 = EDGE_CURVE ( 'NONE', #8641, #11481, #9737, .T. ) ;
#2106 = AXIS2_PLACEMENT_3D ( 'NONE', #4668, #9090, #997 ) ;
#2107 = ADVANCED_FACE ( 'NONE', ( #753 ), #1457, .T. ) ;
#2108 = CARTESIAN_POINT ( 'NONE',  ( 0.000000000000000000, 109.8258398792882247, -22.92957932766295670 ) ) ;
#2109 = FACE_OUTER_BOUND ( 'NONE', #11554, .T. ) ;
#2110 = LINE ( 'NONE', #10961, #6260 ) ;
#2111 = CARTESIAN_POINT ( 'NONE',  ( -44.06500000000043826, 8.274999999999998579, 8.821154273062886020 ) ) ;
#2112 = EDGE_LOOP ( 'NONE', ( #742, #7245, #8331, #2090 ) ) ;
#2113 = DIRECTION ( 'NONE',  ( 0.000000000000000000, 1.000000000000000000, -0.000000000000000000 ) ) ;
#2114 = VECTOR ( 'NONE', #1695, 1000.000000000000000 ) ;
#2115 = CARTESIAN_POINT ( 'NONE',  ( 79.37500000000000000, 69.46500000000000341, 22.30467496797186655 ) ) ;
#2116 = VECTOR ( 'NONE', #10712, 1000.000000000000000 ) ;
#2117 = ORIENTED_EDGE ( 'NONE', *, *, #8581, .T. ) ;
#2118 = ADVANCED_FACE ( 'NONE', ( #11380 ), #5842, .F. ) ;
#2119 = ADVANCED_FACE ( 'NONE', ( #6011 ), #5063, .F. ) ;
#2120 = CARTESIAN_POINT ( 'NONE',  ( 6.616791707254775723, 99.82583987928821045, -1.926688377379035311 ) ) ;
#2121 = ORIENTED_EDGE ( 'NONE', *, *, #2342, .F. ) ;
#2122 = EDGE_CURVE ( 'NONE', #3682, #6406, #6904, .T. ) ;
#2123 = AXIS2_PLACEMENT_3D ( 'NONE', #2058, #1433, #3320 ) ;
#2124 = AXIS2_PLACEMENT_3D ( 'NONE', #9408, #9573, #11421 ) ;
#2125 = FACE_OUTER_BOUND ( 'NONE', #5344, .T. ) ;
#2126 = CARTESIAN_POINT ( 'NONE',  ( -81.52553813077416578, 107.8757888344393479, 43.42497447757553175 ) ) ;
#2127 = CARTESIAN_POINT ( 'NONE',  ( 61.59000000000065711, 8.274999999999998579, 18.12419718570802019 ) ) ;
#2128 = DIRECTION ( 'NONE',  ( -0.000000000000000000, 1.000000000000000000, -0.000000000000000000 ) ) ;
#2129 = DIRECTION ( 'NONE',  ( -1.000000000000000000, 1.593062912007103154E-16, 1.228232725407420948E-32 ) ) ;
#2130 = DIRECTION ( 'NONE',  ( 0.000000000000000000, 0.9999999829769944393, 0.0001845156108989498935 ) ) ;
#2131 = CARTESIAN_POINT ( 'NONE',  ( 67.12499999999998579, 104.8258398792882247, 40.40000000000004832 ) ) ;
#2132 = DIRECTION ( 'NONE',  ( 2.244742081187875711E-15, 1.000000000000000000, 0.000000000000000000 ) ) ;
#2133 = DIRECTION ( 'NONE',  ( -1.000000000000000000, 0.000000000000000000, 0.000000000000000000 ) ) ;
#2134 = ORIENTED_EDGE ( 'NONE', *, *, #8646, .T. ) ;
#2135 = EDGE_LOOP ( 'NONE', ( #2049, #9946, #5585, #10061, #9036 ) ) ;
#2136 = CIRCLE ( 'NONE', #61, 0.7999800169725922450 ) ;
#2137 = AXIS2_PLACEMENT_3D ( 'NONE', #7274, #2779, #10919 ) ;
#2138 = ORIENTED_EDGE ( 'NONE', *, *, #7535, .T. ) ;
#2139 = VECTOR ( 'NONE', #124, 1000.000000000000000 ) ;
#2140 = LINE ( 'NONE', #11167, #4147 ) ;
#2141 = ORIENTED_EDGE ( 'NONE', *, *, #7395, .T. ) ;
#2142 = CARTESIAN_POINT ( 'NONE',  ( -74.43749999996865085, 82.35514882866895903, -32.75769145387477010 ) ) ;
#2143 = DIRECTION ( 'NONE',  ( -0.8191520442889832498, 0.000000000000000000, -0.5735764363510583719 ) ) ;
#2144 = CARTESIAN_POINT ( 'NONE',  ( -35.61042949691171344, 99.82583987928830993, 1.150873398797557901 ) ) ;
#2145 = AXIS2_PLACEMENT_3D ( 'NONE', #5872, #4922, #379 ) ;
#2146 = ORIENTED_EDGE ( 'NONE', *, *, #7783, .T. ) ;
#2147 = CARTESIAN_POINT ( 'NONE',  ( 50.48689872104515075, 74.97269081489451992, 3.358530552390480040 ) ) ;
#2148 = CARTESIAN_POINT ( 'NONE',  ( -46.58189872104513540, 72.64000000000000057, -26.48622071973760228 ) ) ;
#2149 = ORIENTED_EDGE ( 'NONE', *, *, #10842, .F. ) ;
#2150 = ORIENTED_EDGE ( 'NONE', *, *, #2825, .F. ) ;
#2151 = CARTESIAN_POINT ( 'NONE',  ( -50.48689872104515075, 91.54000537782400215, -2.374168628343573673 ) ) ;
#2152 = ORIENTED_EDGE ( 'NONE', *, *, #959, .T. ) ;
#2153 = CIRCLE ( 'NONE', #2066, 5.000000000000000888 ) ;
#2154 = AXIS2_PLACEMENT_3D ( 'NONE', #4413, #6192, #7259 ) ;
#2155 = ADVANCED_FACE ( 'NONE', ( #7849 ), #11269, .F. ) ;
#2156 = AXIS2_PLACEMENT_3D ( 'NONE', #5527, #1915, #4460 ) ;
#2157 = DIRECTION ( 'NONE',  ( -0.008479329218857856176, -0.9999640498417921020, 0.000000000000000000 ) ) ;
#2158 = CARTESIAN_POINT ( 'NONE',  ( -5.997602265674932376, 124.8258398792882247, -15.01161596500278428 ) ) ;
#2159 = CARTESIAN_POINT ( 'NONE',  ( -43.40689872104514535, 95.28999999999417980, -22.77998592831961133 ) ) ;
#2160 = LINE ( 'NONE', #2928, #3623 ) ;
#2161 = ORIENTED_EDGE ( 'NONE', *, *, #7133, .T. ) ;
#2162 = CARTESIAN_POINT ( 'NONE',  ( -50.02648318102892233, 5.099999999999999645, 18.52763407003732254 ) ) ;
#2163 = CARTESIAN_POINT ( 'NONE',  ( 78.84641283430106284, 109.6659231243576045, 44.32004162253514323 ) ) ;
#2164 = ORIENTED_EDGE ( 'NONE', *, *, #1881, .T. ) ;
#2165 = ORIENTED_EDGE ( 'NONE', *, *, #5409, .T. ) ;
#2166 = EDGE_CURVE ( 'NONE', #6753, #553, #7619, .T. ) ;
#2167 = ORIENTED_EDGE ( 'NONE', *, *, #5372, .T. ) ;
#2168 = CARTESIAN_POINT ( 'NONE',  ( -43.40689872104513825, 72.64000000000000057, -29.66122071973760299 ) ) ;
#2169 = CARTESIAN_POINT ( 'NONE',  ( -79.37500000000000000, 69.46500000000000341, 0.000000000000000000 ) ) ;
#2170 = CARTESIAN_POINT ( 'NONE',  ( -35.61042949693185733, 97.50000000000000000, -1.926685223531127367 ) ) ;
#2171 = DIRECTION ( 'NONE',  ( -1.000000000000000000, -0.000000000000000000, -0.000000000000000000 ) ) ;
#2172 = VECTOR ( 'NONE', #2046, 1000.000000000000000 ) ;
#2173 = AXIS2_PLACEMENT_3D ( 'NONE', #5189, #1516, #8786 ) ;
#2174 = EDGE_LOOP ( 'NONE', ( #11680, #5452, #6696, #4864 ) ) ;
#2175 = CIRCLE ( 'NONE', #840, 24.20000000000000639 ) ;
#2176 = LINE ( 'NONE', #5784, #5698 ) ;
#2177 = EDGE_LOOP ( 'NONE', ( #7774, #7489, #9480, #856 ) ) ;
#2178 = CYLINDRICAL_SURFACE ( 'NONE', #3301, 5.000000000000000000 ) ;
#2179 = EDGE_LOOP ( 'NONE', ( #8421, #3602, #346, #3606 ) ) ;
#2180 = EDGE_CURVE ( 'NONE', #8798, #1885, #2346, .T. ) ;
#2181 = EDGE_CURVE ( 'NONE', #5057, #9677, #1571, .T. ) ;
#2182 = DIRECTION ( 'NONE',  ( 0.000000000000000000, -1.000000000000000000, 0.000000000000000000 ) ) ;
#2183 = ORIENTED_EDGE ( 'NONE', *, *, #1725, .F. ) ;
#2184 = CIRCLE ( 'NONE', #3685, 2.499806426103014179 ) ;
#2185 = VECTOR ( 'NONE', #10293, 1000.000000000000000 ) ;
#2186 = AXIS2_PLACEMENT_3D ( 'NONE', #3950, #7564, #3231 ) ;
#2187 = VECTOR ( 'NONE', #9502, 1000.000000000000000 ) ;
#2188 = LINE ( 'NONE', #2888, #434 ) ;
#2189 = CARTESIAN_POINT ( 'NONE',  ( -16.75499999999995993, 6.349999999999999645, 7.542308546125213731 ) ) ;
#2190 = CARTESIAN_POINT ( 'NONE',  ( 69.19999999999558327, -4.758722840904693996, -3.738845726937403580 ) ) ;
#2191 = DIRECTION ( 'NONE',  ( 1.000000000000000000, -0.000000000000000000, -1.335278419062900115E-16 ) ) ;
#2192 = ADVANCED_FACE ( 'NONE', ( #3281, #3119, #10487, #4172 ), #2404, .T. ) ;
#2193 = ADVANCED_FACE ( 'NONE', ( #10317 ), #403, .T. ) ;
#2194 = DIRECTION ( 'NONE',  ( 1.521157000053560499E-16, 0.000000000000000000, -1.000000000000000000 ) ) ;
#2195 = FACE_BOUND ( 'NONE', #3181, .T. ) ;
#2196 = CARTESIAN_POINT ( 'NONE',  ( -82.54999999999999716, -24.50000000000000000, 25.39999999999999858 ) ) ;
#2197 = AXIS2_PLACEMENT_3D ( 'NONE', #6551, #279, #10959 ) ;
#2198 = DIRECTION ( 'NONE',  ( 2.244742081187875711E-15, 1.000000000000000000, -0.000000000000000000 ) ) ;
#2199 = ORIENTED_EDGE ( 'NONE', *, *, #3177, .T. ) ;
#2200 = EDGE_CURVE ( 'NONE', #4838, #876, #1186, .T. ) ;
#2201 = ORIENTED_EDGE ( 'NONE', *, *, #3165, .T. ) ;
#2202 = VERTEX_POINT ( 'NONE', #7726 ) ;
#2203 = CARTESIAN_POINT ( 'NONE',  ( -51.69999999999999574, 109.8258398792882247, 36.89999999999998437 ) ) ;
#2204 = CIRCLE ( 'NONE', #490, 11.39100661779977841 ) ;
#2205 = CARTESIAN_POINT ( 'NONE',  ( -2.629020911857209811E-15, 90.00000000000000000, -29.66122071973760654 ) ) ;
#2206 = EDGE_CURVE ( 'NONE', #3042, #8058, #2240, .T. ) ;
#2207 = CARTESIAN_POINT ( 'NONE',  ( -77.54999999999999716, 99.82583987928822467, 46.90000000000009095 ) ) ;
#2208 = EDGE_CURVE ( 'NONE', #11526, #9740, #3997, .T. ) ;
#2209 = ORIENTED_EDGE ( 'NONE', *, *, #8900, .F. ) ;
#2210 = LINE ( 'NONE', #5810, #1737 ) ;
#2211 = DIRECTION ( 'NONE',  ( 0.000000000000000000, -1.000000000000000000, 0.000000000000000000 ) ) ;
#2212 = EDGE_CURVE ( 'NONE', #6218, #9128, #6958, .T. ) ;
#2213 = ORIENTED_EDGE ( 'NONE', *, *, #9074, .F. ) ;
#2214 = CARTESIAN_POINT ( 'NONE',  ( 24.99957050306814210, 124.8258398792882247, -3.046716903987330677E-15 ) ) ;
#2215 = DIRECTION ( 'NONE',  ( 0.000000000000000000, 0.000000000000000000, 1.000000000000000000 ) ) ;
#2216 = VERTEX_POINT ( 'NONE', #6779 ) ;
#2217 = ORIENTED_EDGE ( 'NONE', *, *, #2731, .T. ) ;
#2218 = DIRECTION ( 'NONE',  ( 2.281766556891204709E-15, 0.7213349599943349455, 0.6925863668092024916 ) ) ;
#2219 = DIRECTION ( 'NONE',  ( -1.000000000000000000, -0.000000000000000000, -0.000000000000000000 ) ) ;
#2220 = ORIENTED_EDGE ( 'NONE', *, *, #10511, .F. ) ;
#2221 = CARTESIAN_POINT ( 'NONE',  ( 82.54999999999999716, 97.50000000000000000, -26.48622071973760228 ) ) ;
#2222 = PLANE ( 'NONE',  #1759 ) ;
#2223 = LINE ( 'NONE', #2323, #4845 ) ;
#2224 = CARTESIAN_POINT ( 'NONE',  ( 0.000000000000000000, 99.82583987928822467, 0.000000000000000000 ) ) ;
#2225 = ORIENTED_EDGE ( 'NONE', *, *, #9195, .F. ) ;
#2226 = CARTESIAN_POINT ( 'NONE',  ( -79.37500000000001421, 66.63999999999998636, -0.2576914538747651640 ) ) ;
#2227 = FACE_OUTER_BOUND ( 'NONE', #7253, .T. ) ;
#2228 = ORIENTED_EDGE ( 'NONE', *, *, #4202, .F. ) ;
#2229 = ORIENTED_EDGE ( 'NONE', *, *, #9567, .T. ) ;
#2230 = DIRECTION ( 'NONE',  ( 0.000000000000000000, 0.000000000000000000, -1.000000000000000000 ) ) ;
#2231 = LINE ( 'NONE', #4046, #9902 ) ;
#2232 = CARTESIAN_POINT ( 'NONE',  ( -79.37500000000001421, 52.94000000000003325, 5.399999999999993250 ) ) ;
#2233 = CARTESIAN_POINT ( 'NONE',  ( 0.000000000000000000, 90.00000000000000000, 0.000000000000000000 ) ) ;
#2234 = ADVANCED_FACE ( 'NONE', ( #1333 ), #10367, .T. ) ;
#2235 = ORIENTED_EDGE ( 'NONE', *, *, #10230, .F. ) ;
#2236 = CARTESIAN_POINT ( 'NONE',  ( 82.55000000000002558, 66.63999999999998636, 10.39999999999999325 ) ) ;
#2237 = CARTESIAN_POINT ( 'NONE',  ( -77.54999999999999716, 107.3258398792882247, 46.90000000000009095 ) ) ;
#2238 = EDGE_LOOP ( 'NONE', ( #4327, #9080, #10674, #9999, #816, #3080, #5258, #834, #2263, #3269, #10713, #360, #689, #10773, #8189, #5466, #9496, #11097 ) ) ;
#2239 = ORIENTED_EDGE ( 'NONE', *, *, #1781, .T. ) ;
#2240 = LINE ( 'NONE', #8717, #10045 ) ;
#2241 = DIRECTION ( 'NONE',  ( 0.000000000000000000, 1.000000000000000000, 0.000000000000000000 ) ) ;
#2242 = CARTESIAN_POINT ( 'NONE',  ( -82.48448200426888377, 105.8194364886401928, 42.89359660935208041 ) ) ;
#2243 = EDGE_CURVE ( 'NONE', #7311, #7931, #4969, .T. ) ;
#2244 = DIRECTION ( 'NONE',  ( 0.000000000000000000, 1.000000000000000000, 0.000000000000000000 ) ) ;
#2245 = DIRECTION ( 'NONE',  ( 0.000000000000000000, 0.000000000000000000, -1.000000000000000000 ) ) ;
#2246 = LINE ( 'NONE', #4957, #10442 ) ;
#2247 = CARTESIAN_POINT ( 'NONE',  ( 8.109770573919261594, 79.82583987928821045, -0.4337067317761473251 ) ) ;
#2248 = VERTEX_POINT ( 'NONE', #6231 ) ;
#2249 = ORIENTED_EDGE ( 'NONE', *, *, #11184, .F. ) ;
#2250 = EDGE_LOOP ( 'NONE', ( #6172, #3663, #1268, #11177 ) ) ;
#2251 = LINE ( 'NONE', #4186, #6035 ) ;
#2252 = CONICAL_SURFACE ( 'NONE', #921, 5.999999999999956479, 0.9599310885968813656 ) ;
#2253 = EDGE_CURVE ( 'NONE', #488, #1467, #3624, .T. ) ;
#2254 = CARTESIAN_POINT ( 'NONE',  ( -50.48689872104515075, 74.97269081489451992, 3.358530552390480040 ) ) ;
#2255 = VERTEX_POINT ( 'NONE', #10709 ) ;
#2256 = DIRECTION ( 'NONE',  ( 0.000000000000000000, -0.000000000000000000, -1.000000000000000000 ) ) ;
#2257 = CARTESIAN_POINT ( 'NONE',  ( 67.12499999999998579, 99.82583987928822467, 40.40000000000004832 ) ) ;
#2258 = DIRECTION ( 'NONE',  ( -0.000000000000000000, -1.000000000000000000, -0.000000000000000000 ) ) ;
#2259 = ORIENTED_EDGE ( 'NONE', *, *, #7214, .F. ) ;
#2260 = DIRECTION ( 'NONE',  ( 0.000000000000000000, 0.000000000000000000, 1.000000000000000000 ) ) ;
#2261 = CARTESIAN_POINT ( 'NONE',  ( -33.75499999999998124, -4.758722840904921370, -3.957691453874788490 ) ) ;
#2262 = VERTEX_POINT ( 'NONE', #8766 ) ;
#2263 = ORIENTED_EDGE ( 'NONE', *, *, #11501, .F. ) ;
#2264 = VECTOR ( 'NONE', #79, 1000.000000000000000 ) ;
#2265 = VERTEX_POINT ( 'NONE', #7885 ) ;
#2266 = EDGE_CURVE ( 'NONE', #9740, #4767, #2509, .T. ) ;
#2267 = EDGE_CURVE ( 'NONE', #10600, #9157, #5591, .T. ) ;
#2268 = CARTESIAN_POINT ( 'NONE',  ( 173.3018692371333032, 82.35514882866895903, -37.08269145387477295 ) ) ;
#2269 = CIRCLE ( 'NONE', #8862, 2.500000000000009326 ) ;
#2270 = DIRECTION ( 'NONE',  ( 0.000000000000000000, -0.000000000000000000, -1.000000000000000000 ) ) ;
#2271 = LINE ( 'NONE', #1486, #5136 ) ;
#2272 = ORIENTED_EDGE ( 'NONE', *, *, #311, .T. ) ;
#2273 = DIRECTION ( 'NONE',  ( 0.000000000000000000, 0.000000000000000000, -1.000000000000000000 ) ) ;
#2274 = CARTESIAN_POINT ( 'NONE',  ( 82.48448200426888377, 105.8194364886401928, 42.89359660935208041 ) ) ;
#2275 = EDGE_LOOP ( 'NONE', ( #2533, #6621, #8162, #3993 ) ) ;
#2276 = VERTEX_POINT ( 'NONE', #10824 ) ;
#2277 = EDGE_CURVE ( 'NONE', #2444, #2006, #155, .T. ) ;
#2278 = CARTESIAN_POINT ( 'NONE',  ( 50.48689872104515075, 97.40000406513270548, -24.18005742219565946 ) ) ;
#2279 = DIRECTION ( 'NONE',  ( -0.000000000000000000, -1.000000000000000000, -0.000000000000000000 ) ) ;
#2280 = CIRCLE ( 'NONE', #1145, 1.149999999999998801 ) ;
#2281 = ORIENTED_EDGE ( 'NONE', *, *, #10053, .F. ) ;
#2282 = DIRECTION ( 'NONE',  ( 1.000000000000000000, -0.000000000000000000, -1.335278419062900115E-16 ) ) ;
#2283 = DIRECTION ( 'NONE',  ( 0.000000000000000000, -0.5735764363510426067, -0.8191520442889942411 ) ) ;
#2284 = ORIENTED_EDGE ( 'NONE', *, *, #2053, .F. ) ;
#2285 = ORIENTED_EDGE ( 'NONE', *, *, #3342, .T. ) ;
#2286 = EDGE_CURVE ( 'NONE', #5390, #1929, #612, .T. ) ;
#2287 = CARTESIAN_POINT ( 'NONE',  ( 96.69213562373100501, 109.8258398792882247, 46.90000000000009095 ) ) ;
#2288 = LINE ( 'NONE', #4952, #1570 ) ;
#2289 = CARTESIAN_POINT ( 'NONE',  ( 82.55000000000002558, 66.63999999999998636, 10.39999999999999325 ) ) ;
#2290 = FACE_OUTER_BOUND ( 'NONE', #1061, .T. ) ;
#2291 = VECTOR ( 'NONE', #6373, 1000.000000000000000 ) ;
#2292 = CIRCLE ( 'NONE', #3792, 5.000000000000000000 ) ;
#2293 = CARTESIAN_POINT ( 'NONE',  ( 10.60957050301870019, 79.82583987928819624, 17.30072581676351362 ) ) ;
#2294 = LINE ( 'NONE', #3070, #4415 ) ;
#2295 = DIRECTION ( 'NONE',  ( 0.000000000000000000, 1.000000000000000000, 0.000000000000000000 ) ) ;
#2296 = VERTEX_POINT ( 'NONE', #7356 ) ;
#2297 = ORIENTED_EDGE ( 'NONE', *, *, #2701, .F. ) ;
#2298 = ORIENTED_EDGE ( 'NONE', *, *, #11028, .T. ) ;
#2299 = ADVANCED_FACE ( 'NONE', ( #10945 ), #2861, .T. ) ;
#2300 = ADVANCED_FACE ( 'NONE', ( #10056 ), #8351, .F. ) ;
#2301 = VECTOR ( 'NONE', #6855, 1000.000000000000000 ) ;
#2302 = VECTOR ( 'NONE', #4337, 1000.000000000000000 ) ;
#2303 = CARTESIAN_POINT ( 'NONE',  ( -35.61042949691171344, 97.50000000000000000, 1.150873398797557901 ) ) ;
#2304 = DIRECTION ( 'NONE',  ( 9.184139537363837425E-14, 0.000000000000000000, -1.000000000000000000 ) ) ;
#2305 = EDGE_LOOP ( 'NONE', ( #8812, #2857 ) ) ;
#2306 = CARTESIAN_POINT ( 'NONE',  ( -5.000429496931849016, 119.8301161607049750, 36.89999999999999147 ) ) ;
#2307 = DIRECTION ( 'NONE',  ( 0.000000000000000000, 0.000000000000000000, 1.000000000000000000 ) ) ;
#2308 = DIRECTION ( 'NONE',  ( -9.299920141340600692E-13, -1.000000000000000000, 9.011550524554845174E-16 ) ) ;
#2309 = AXIS2_PLACEMENT_3D ( 'NONE', #10802, #2720, #9970 ) ;
#2310 = ORIENTED_EDGE ( 'NONE', *, *, #8606, .F. ) ;
#2311 = FACE_OUTER_BOUND ( 'NONE', #10793, .T. ) ;
#2312 = AXIS2_PLACEMENT_3D ( 'NONE', #5045, #3151, #2324 ) ;
#2313 = DIRECTION ( 'NONE',  ( 1.000000000000000000, 0.000000000000000000, 9.169294481193143764E-14 ) ) ;
#2314 = VERTEX_POINT ( 'NONE', #3095 ) ;
#2315 = AXIS2_PLACEMENT_3D ( 'NONE', #5426, #9016, #913 ) ;
#2316 = VERTEX_POINT ( 'NONE', #5091 ) ;
#2317 = VERTEX_POINT ( 'NONE', #8689 ) ;
#2318 = ADVANCED_FACE ( 'NONE', ( #11185 ), #10233, .F. ) ;
#2319 = ADVANCED_FACE ( 'NONE', ( #11296 ), #9357, .T. ) ;
#2320 = DIRECTION ( 'NONE',  ( 0.000000000000000000, 0.000000000000000000, -1.000000000000000000 ) ) ;
#2321 = CIRCLE ( 'NONE', #9119, 5.000000000000000000 ) ;
#2322 = DIRECTION ( 'NONE',  ( -0.000000000000000000, -1.000000000000000000, -0.000000000000000000 ) ) ;
#2323 = CARTESIAN_POINT ( 'NONE',  ( 46.58189872104514251, 72.64000000000000057, -21.83805926787198715 ) ) ;
#2324 = DIRECTION ( 'NONE',  ( 0.000000000000000000, 0.000000000000000000, -1.000000000000000000 ) ) ;
#2325 = EDGE_CURVE ( 'NONE', #9203, #9352, #2374, .T. ) ;
#2326 = VERTEX_POINT ( 'NONE', #9517 ) ;
#2327 = EDGE_CURVE ( 'NONE', #6966, #10807, #796, .T. ) ;
#2328 = LINE ( 'NONE', #8587, #11522 ) ;
#2329 = DIRECTION ( 'NONE',  ( 0.000000000000000000, -0.000000000000000000, -1.000000000000000000 ) ) ;
#2330 = CARTESIAN_POINT ( 'NONE',  ( 77.61250000000001137, 90.00000000000001421, -37.08269145387477295 ) ) ;
#2331 = EDGE_LOOP ( 'NONE', ( #1714, #1815, #1884, #5862 ) ) ;
#2332 = PLANE ( 'NONE',  #8096 ) ;
#2333 = VERTEX_POINT ( 'NONE', #7531 ) ;
#2334 = EDGE_CURVE ( 'NONE', #5046, #2648, #7756, .T. ) ;
#2335 = AXIS2_PLACEMENT_3D ( 'NONE', #7494, #1209, #1270 ) ;
#2336 = DIRECTION ( 'NONE',  ( -1.000000000000000000, 0.000000000000000000, 0.000000000000000000 ) ) ;
#2337 = CARTESIAN_POINT ( 'NONE',  ( -74.43749999996865085, 82.35514882866895903, -32.75769145387477010 ) ) ;
#2338 = DIRECTION ( 'NONE',  ( 0.000000000000000000, 0.000000000000000000, -1.000000000000000000 ) ) ;
#2339 = CIRCLE ( 'NONE', #9495, 1.149999999999998135 ) ;
#2340 = ORIENTED_EDGE ( 'NONE', *, *, #3986, .T. ) ;
#2341 = CARTESIAN_POINT ( 'NONE',  ( 69.20000000000776197, 8.275000000000281020, -6.985329661611392460 ) ) ;
#2342 = EDGE_CURVE ( 'NONE', #7676, #8777, #8582, .T. ) ;
#2343 = CIRCLE ( 'NONE', #3094, 1.200000000000003730 ) ;
#2344 = ORIENTED_EDGE ( 'NONE', *, *, #8606, .T. ) ;
#2345 = ORIENTED_EDGE ( 'NONE', *, *, #4796, .F. ) ;
#2346 = LINE ( 'NONE', #11212, #1563 ) ;
#2347 = LINE ( 'NONE', #623, #11580 ) ;
#2348 = CARTESIAN_POINT ( 'NONE',  ( 79.37500000000000000, 58.93999999999998352, 11.10020753820966277 ) ) ;
#2349 = CARTESIAN_POINT ( 'NONE',  ( -67.12500000000000000, 104.8258398792882247, 42.90000000000005542 ) ) ;
#2350 = CARTESIAN_POINT ( 'NONE',  ( -11.53883431464769238, 109.8258398792882389, 36.89999999999999147 ) ) ;
#2351 = DIRECTION ( 'NONE',  ( -1.335278419062900361E-16, -8.182657905550979512E-17, 1.000000000000000000 ) ) ;
#2352 = ORIENTED_EDGE ( 'NONE', *, *, #9592, .F. ) ;
#2353 = CIRCLE ( 'NONE', #838, 20.00000000000000000 ) ;
#2354 = VERTEX_POINT ( 'NONE', #11351 ) ;
#2355 = VECTOR ( 'NONE', #5254, 1000.000000000000000 ) ;
#2356 = AXIS2_PLACEMENT_3D ( 'NONE', #3562, #6505, #3506 ) ;
#2357 = ORIENTED_EDGE ( 'NONE', *, *, #3350, .T. ) ;
#2358 = DIRECTION ( 'NONE',  ( 1.000000000000000000, 0.000000000000000000, 0.000000000000000000 ) ) ;
#2359 = CIRCLE ( 'NONE', #11427, 1.000000000000000888 ) ;
#2360 = CARTESIAN_POINT ( 'NONE',  ( 79.37500000000000000, 66.63999999999998636, 5.399999999999991473 ) ) ;
#2361 = VECTOR ( 'NONE', #8200, 1000.000000000000000 ) ;
#2362 = ORIENTED_EDGE ( 'NONE', *, *, #927, .F. ) ;
#2363 = DIRECTION ( 'NONE',  ( 0.000000000000000000, -1.000000000000000000, 0.000000000000000000 ) ) ;
#2364 = FACE_OUTER_BOUND ( 'NONE', #9680, .T. ) ;
#2365 = DIRECTION ( 'NONE',  ( 1.000000000000000000, 0.000000000000000000, 0.000000000000000000 ) ) ;
#2366 = EDGE_CURVE ( 'NONE', #11014, #9847, #2321, .T. ) ;
#2367 = ORIENTED_EDGE ( 'NONE', *, *, #11254, .F. ) ;
#2368 = DIRECTION ( 'NONE',  ( 1.593062912007103154E-16, -1.000000000000000000, 8.295151110468893303E-17 ) ) ;
#2369 = DIRECTION ( 'NONE',  ( 0.000000000000000000, 1.000000000000000000, 0.000000000000000000 ) ) ;
#2370 = VERTEX_POINT ( 'NONE', #492 ) ;
#2371 = ORIENTED_EDGE ( 'NONE', *, *, #239, .T. ) ;
#2372 = ORIENTED_EDGE ( 'NONE', *, *, #4188, .F. ) ;
#2373 = AXIS2_PLACEMENT_3D ( 'NONE', #11551, #3625, #1804 ) ;
#2374 = LINE ( 'NONE', #4143, #445 ) ;
#2375 = FACE_OUTER_BOUND ( 'NONE', #6211, .T. ) ;
#2376 = ORIENTED_EDGE ( 'NONE', *, *, #716, .T. ) ;
#2377 = CYLINDRICAL_SURFACE ( 'NONE', #6655, 4.999999999999997335 ) ;
#2378 = DIRECTION ( 'NONE',  ( 1.000000000000000000, 0.000000000000000000, 0.000000000000000000 ) ) ;
#2379 = CARTESIAN_POINT ( 'NONE',  ( -33.11062444888673184, 79.82583987928829572, 21.29350972844888545 ) ) ;
#2380 = EDGE_CURVE ( 'NONE', #7396, #3013, #1260, .T. ) ;
#2381 = EDGE_CURVE ( 'NONE', #7298, #9958, #9304, .T. ) ;
#2382 = ORIENTED_EDGE ( 'NONE', *, *, #11638, .T. ) ;
#2383 = FACE_OUTER_BOUND ( 'NONE', #8128, .T. ) ;
#2384 = FACE_OUTER_BOUND ( 'NONE', #7283, .T. ) ;
#2385 = CIRCLE ( 'NONE', #2958, 5.000000000000000888 ) ;
#2386 = LINE ( 'NONE', #9577, #1994 ) ;
#2387 = ORIENTED_EDGE ( 'NONE', *, *, #3311, .T. ) ;
#2388 = DIRECTION ( 'NONE',  ( 1.000000000000000000, 0.000000000000000000, 1.335278419062900361E-16 ) ) ;
#2389 = EDGE_LOOP ( 'NONE', ( #532, #2827, #9305, #4787, #10430 ) ) ;
#2390 = DIRECTION ( 'NONE',  ( 1.000000000000000000, 0.000000000000000000, 9.184139537363837425E-14 ) ) ;
#2391 = DIRECTION ( 'NONE',  ( 0.000000000000000000, 0.000000000000000000, 1.000000000000000000 ) ) ;
#2392 = DIRECTION ( 'NONE',  ( 0.000000000000000000, 0.000000000000000000, 1.000000000000000000 ) ) ;
#2393 = ADVANCED_FACE ( 'NONE', ( #1481 ), #2222, .F. ) ;
#2394 = ORIENTED_EDGE ( 'NONE', *, *, #6375, .T. ) ;
#2395 = CARTESIAN_POINT ( 'NONE',  ( 29.99957050306814210, 119.8258398792882105, 11.89999999999998437 ) ) ;
#2396 = CARTESIAN_POINT ( 'NONE',  ( 81.51446609406725941, -27.00000000000000355, -10.25769145387463332 ) ) ;
#2397 = EDGE_LOOP ( 'NONE', ( #1316, #4683, #6997, #9191 ) ) ;
#2398 = ORIENTED_EDGE ( 'NONE', *, *, #6213, .F. ) ;
#2399 = ORIENTED_EDGE ( 'NONE', *, *, #6723, .F. ) ;
#2400 = EDGE_LOOP ( 'NONE', ( #5421, #9497, #603, #629, #10004, #6094, #6119, #2025 ) ) ;
#2401 = ADVANCED_FACE ( 'NONE', ( #433 ), #4032, .F. ) ;
#2402 = EDGE_CURVE ( 'NONE', #4370, #6849, #6757, .T. ) ;
#2403 = ADVANCED_FACE ( 'NONE', ( #9459 ), #1366, .T. ) ;
#2404 = PLANE ( 'NONE',  #10055 ) ;
#2405 = CARTESIAN_POINT ( 'NONE',  ( -73.96808532237744771, 8.274999999999998579, 17.06344096893413820 ) ) ;
#2406 = LINE ( 'NONE', #562, #11587 ) ;
#2407 = LINE ( 'NONE', #3285, #1213 ) ;
#2408 = DIRECTION ( 'NONE',  ( 3.225253814698723087E-30, -2.200494895530833667E-16, 1.000000000000000000 ) ) ;
#2409 = CARTESIAN_POINT ( 'NONE',  ( 82.54999999999999716, 104.8258398792882105, 41.90000000000009805 ) ) ;
#2410 = CARTESIAN_POINT ( 'NONE',  ( 50.48689872104515075, 75.48946397805705999, -21.83805926787198715 ) ) ;
#2411 = EDGE_LOOP ( 'NONE', ( #5683, #3331, #1598, #4519 ) ) ;
#2412 = ORIENTED_EDGE ( 'NONE', *, *, #2166, .T. ) ;
#2413 = B_SPLINE_CURVE_WITH_KNOTS ( 'NONE', 3,
 ( #2306, #9444, #3019, #1471 ),
 .UNSPECIFIED., .F., .F.,
 ( 4, 4 ),
 ( 0.000000000000000000, 0.001268195126138660887 ),
 .UNSPECIFIED. ) ;
#2414 = ORIENTED_EDGE ( 'NONE', *, *, #7104, .T. ) ;
#2415 = EDGE_CURVE ( 'NONE', #3013, #11330, #8635, .T. ) ;
#2416 = FACE_BOUND ( 'NONE', #8761, .T. ) ;
#2417 = DIRECTION ( 'NONE',  ( 1.000000000000000000, -0.000000000000000000, 0.000000000000000000 ) ) ;
#2418 = DIRECTION ( 'NONE',  ( -1.000000000000000000, 0.000000000000000000, 9.645899640478401470E-17 ) ) ;
#2419 = DIRECTION ( 'NONE',  ( -2.131755774931517135E-14, 0.000000000000000000, -1.000000000000000000 ) ) ;
#2420 = ORIENTED_EDGE ( 'NONE', *, *, #2208, .F. ) ;
#2421 = CYLINDRICAL_SURFACE ( 'NONE', #9474, 1.150000000000003020 ) ;
#2422 = CYLINDRICAL_SURFACE ( 'NONE', #5780, 1.150000000000001688 ) ;
#2423 = LINE ( 'NONE', #11400, #10302 ) ;
#2424 = CARTESIAN_POINT ( 'NONE',  ( -16.75499999999995637, 6.349999999999999645, 13.89999999999999680 ) ) ;
#2425 = DIRECTION ( 'NONE',  ( 0.8191520442889934639, -7.834618184293484118E-17, -0.5735764363510439390 ) ) ;
#2426 = ORIENTED_EDGE ( 'NONE', *, *, #5131, .F. ) ;
#2427 = VERTEX_POINT ( 'NONE', #8811 ) ;
#2428 = ORIENTED_EDGE ( 'NONE', *, *, #803, .T. ) ;
#2429 = VERTEX_POINT ( 'NONE', #706 ) ;
#2431 = EDGE_CURVE ( 'NONE', #11602, #7298, #8922, .T. ) ;
#2430 = DIRECTION ( 'NONE',  ( -0.000000000000000000, 1.000000000000000000, -0.000000000000000000 ) ) ;
#2432 = PLANE ( 'NONE',  #4602 ) ;
#2433 = CARTESIAN_POINT ( 'NONE',  ( 0.000000000000000000, -27.00000000000000355, -3.738845726937389813 ) ) ;
#2434 = CARTESIAN_POINT ( 'NONE',  ( -82.54999999999999716, 6.349999999999995204, -6.257691453874760334 ) ) ;
#2435 = VERTEX_POINT ( 'NONE', #3497 ) ;
#2436 = CARTESIAN_POINT ( 'NONE',  ( -35.61042949679625735, 96.12583987928823603, 1.150873398797557678 ) ) ;
#2437 = PLANE ( 'NONE',  #6550 ) ;
#2438 = DIRECTION ( 'NONE',  ( -0.000000000000000000, -1.000000000000000000, -3.354869254291017926E-16 ) ) ;
#2439 = VERTEX_POINT ( 'NONE', #11474 ) ;
#2440 = DIRECTION ( 'NONE',  ( -1.000000000000000000, 0.000000000000000000, 0.000000000000000000 ) ) ;
#2441 = DIRECTION ( 'NONE',  ( 0.000000000000000000, -0.7071072074758637527, -0.7071063548969742651 ) ) ;
#2442 = LINE ( 'NONE', #2330, #8962 ) ;
#2443 = VECTOR ( 'NONE', #5699, 1000.000000000000000 ) ;
#2444 = VERTEX_POINT ( 'NONE', #5218 ) ;
#2445 = EDGE_LOOP ( 'NONE', ( #5007, #4902, #5604, #9606 ) ) ;
#2446 = ADVANCED_FACE ( 'NONE', ( #5561 ), #2557, .F. ) ;
#2447 = DIRECTION ( 'NONE',  ( -0.7071067811697020478, 6.572825393394074041E-15, -0.7071067812033930977 ) ) ;
#2448 = AXIS2_PLACEMENT_3D ( 'NONE', #11057, #2904, #5630 ) ;
#2449 = CARTESIAN_POINT ( 'NONE',  ( 81.55000000000001137, 61.63999999999999346, -5.257691453874764775 ) ) ;
#2450 = DIRECTION ( 'NONE',  ( -7.246021204162497556E-08, 0.000000000000000000, 0.9999999999999974465 ) ) ;
#2451 = CARTESIAN_POINT ( 'NONE',  ( 50.48689872104515075, 95.28999999999417980, -25.07998592831960849 ) ) ;
#2452 = VERTEX_POINT ( 'NONE', #4604 ) ;
#2453 = CARTESIAN_POINT ( 'NONE',  ( 51.69999999999999574, 99.82583987928822467, 33.89999999999999147 ) ) ;
#2454 = DIRECTION ( 'NONE',  ( 0.000000000000000000, 0.000000000000000000, 1.000000000000000000 ) ) ;
#2455 = ORIENTED_EDGE ( 'NONE', *, *, #5199, .T. ) ;
#2456 = DIRECTION ( 'NONE',  ( 1.000000000000000000, 0.000000000000000000, 0.000000000000000000 ) ) ;
#2457 = AXIS2_PLACEMENT_3D ( 'NONE', #5631, #8276, #824 ) ;
#2458 = ORIENTED_EDGE ( 'NONE', *, *, #10843, .F. ) ;
#2459 = CARTESIAN_POINT ( 'NONE',  ( 50.48689872104515075, 97.40000406513269127, 2.358535216981981542 ) ) ;
#2460 = ORIENTED_EDGE ( 'NONE', *, *, #8452, .T. ) ;
#2461 = EDGE_CURVE ( 'NONE', #869, #8210, #4321, .T. ) ;
#2462 = ADVANCED_FACE ( 'NONE', ( #5271 ), #3317, .T. ) ;
#2463 = AXIS2_PLACEMENT_3D ( 'NONE', #3153, #4152, #9524 ) ;
#2464 = DIRECTION ( 'NONE',  ( 1.000000000000000000, 0.000000000000000000, -0.000000000000000000 ) ) ;
#2465 = CARTESIAN_POINT ( 'NONE',  ( -52.36501998304115091, 5.099999999999999645, 20.22115427297831403 ) ) ;
#2466 = LINE ( 'NONE', #10541, #1395 ) ;
#2467 = CARTESIAN_POINT ( 'NONE',  ( -82.54999999999999716, 66.63999999999998636, 5.399999999999991473 ) ) ;
#2468 = CARTESIAN_POINT ( 'NONE',  ( 4.999570503068137661, 110.8258398792882247, 4.963509728450993919 ) ) ;
#2469 = EDGE_CURVE ( 'NONE', #9123, #9443, #4206, .T. ) ;
#2470 = CARTESIAN_POINT ( 'NONE',  ( 46.58189872104513540, 97.40000406513270548, -24.18005742219565946 ) ) ;
#2471 = EDGE_CURVE ( 'NONE', #4023, #3432, #11416, .T. ) ;
#2472 = ORIENTED_EDGE ( 'NONE', *, *, #960, .T. ) ;
#2473 = VERTEX_POINT ( 'NONE', #7873 ) ;
#2474 = VERTEX_POINT ( 'NONE', #9744 ) ;
#2475 = EDGE_CURVE ( 'NONE', #3162, #1891, #2778, .T. ) ;
#2476 = AXIS2_PLACEMENT_3D ( 'NONE', #11153, #7622, #7560 ) ;
#2477 = VECTOR ( 'NONE', #4660, 1000.000000000000000 ) ;
#2478 = CARTESIAN_POINT ( 'NONE',  ( 50.48689872104515075, 94.56476577691782381, -21.83805926787198715 ) ) ;
#2479 = FACE_OUTER_BOUND ( 'NONE', #1080, .T. ) ;
#2480 = ORIENTED_EDGE ( 'NONE', *, *, #2553, .T. ) ;
#2481 = CARTESIAN_POINT ( 'NONE',  ( 0.000000000000000000, 72.64000000000000057, 22.30467496797187010 ) ) ;
#2482 = DIRECTION ( 'NONE',  ( 0.000000000000000000, 1.000000000000000000, 0.000000000000000000 ) ) ;
#2483 = FACE_OUTER_BOUND ( 'NONE', #3357, .T. ) ;
#2484 = PLANE ( 'NONE',  #6775 ) ;
#2485 = CARTESIAN_POINT ( 'NONE',  ( 0.000000000000000000, 72.64000000000000057, 19.12967496797186939 ) ) ;
#2486 = EDGE_CURVE ( 'NONE', #3790, #10017, #1661, .T. ) ;
#2487 = EDGE_LOOP ( 'NONE', ( #10590, #1620, #7567, #2051 ) ) ;
#2488 = ORIENTED_EDGE ( 'NONE', *, *, #6444, .T. ) ;
#2489 = AXIS2_PLACEMENT_3D ( 'NONE', #11635, #7137, #5430 ) ;
#2490 = AXIS2_PLACEMENT_3D ( 'NONE', #9250, #6485, #3107 ) ;
#2491 = VERTEX_POINT ( 'NONE', #992 ) ;
#2492 = VECTOR ( 'NONE', #9585, 1000.000000000000000 ) ;
#2493 = DIRECTION ( 'NONE',  ( 0.000000000000000000, 0.000000000000000000, -1.000000000000000000 ) ) ;
#2494 = CARTESIAN_POINT ( 'NONE',  ( 73.96808532237744771, 8.274999999999998579, 17.06344096893413820 ) ) ;
#2495 = AXIS2_PLACEMENT_3D ( 'NONE', #10154, #4083, #10335 ) ;
#2496 = AXIS2_PLACEMENT_3D ( 'NONE', #1086, #1988, #4812 ) ;
#2497 = ORIENTED_EDGE ( 'NONE', *, *, #1466, .T. ) ;
#2498 = DIRECTION ( 'NONE',  ( 0.000000000000000000, 1.000000000000000000, 0.000000000000000000 ) ) ;
#2499 = DIRECTION ( 'NONE',  ( 0.9999628129921691588, 0.008623956910147972943, -1.300994225100990854E-16 ) ) ;
#2500 = FACE_OUTER_BOUND ( 'NONE', #4259, .T. ) ;
#2501 = VERTEX_POINT ( 'NONE', #761 ) ;
#2502 = DIRECTION ( 'NONE',  ( 1.000000000000000000, 0.000000000000000000, 1.335278419062900361E-16 ) ) ;
#2503 = VERTEX_POINT ( 'NONE', #3373 ) ;
#2504 = ORIENTED_EDGE ( 'NONE', *, *, #566, .T. ) ;
#2505 = AXIS2_PLACEMENT_3D ( 'NONE', #11386, #9657, #6138 ) ;
#2506 = VECTOR ( 'NONE', #10262, 1000.000000000000000 ) ;
#2507 = VECTOR ( 'NONE', #7254, 1000.000000000000000 ) ;
#2508 = DIRECTION ( 'NONE',  ( -6.025932307130935509E-13, 0.000000000000000000, 1.000000000000000000 ) ) ;
#2509 = LINE ( 'NONE', #9701, #7618 ) ;
#2510 = CARTESIAN_POINT ( 'NONE',  ( -0.0004294969318460739593, 124.8258398792882247, 8.433509728450992782 ) ) ;
#2511 = DIRECTION ( 'NONE',  ( 1.000000000000000000, 0.000000000000000000, 0.000000000000000000 ) ) ;
#2512 = CARTESIAN_POINT ( 'NONE',  ( -11.25499999999998302, 6.349999999999999645, 2.042308546125241708 ) ) ;
#2513 = ORIENTED_EDGE ( 'NONE', *, *, #5855, .F. ) ;
#2514 = LINE ( 'NONE', #9383, #5121 ) ;
#2515 = DIRECTION ( 'NONE',  ( -1.593062912007103154E-16, -1.000000000000000000, -7.965314560035515770E-17 ) ) ;
#2516 = CARTESIAN_POINT ( 'NONE',  ( 11.25500000000000433, -27.00000000000000355, 13.89999999999999680 ) ) ;
#2517 = EDGE_CURVE ( 'NONE', #1219, #41, #10512, .T. ) ;
#2518 = AXIS2_PLACEMENT_3D ( 'NONE', #9546, #6836, #1394 ) ;
#2519 = ORIENTED_EDGE ( 'NONE', *, *, #11198, .T. ) ;
#2520 = ORIENTED_EDGE ( 'NONE', *, *, #3775, .T. ) ;
#2521 = EDGE_LOOP ( 'NONE', ( #9202, #8752 ) ) ;
#2522 = AXIS2_PLACEMENT_3D ( 'NONE', #1636, #8194, #1755 ) ;
#2523 = CARTESIAN_POINT ( 'NONE',  ( -81.84979246179028678, 58.93999999999998352, -5.257691453874764775 ) ) ;
#2524 = FACE_OUTER_BOUND ( 'NONE', #11117, .T. ) ;
#2525 = FACE_OUTER_BOUND ( 'NONE', #3076, .T. ) ;
#2526 = STYLED_ITEM ( 'NONE', ( #1117 ), #5531 ) ;
#2527 = CARTESIAN_POINT ( 'NONE',  ( 11.25500000000000433, -27.00000000000000355, 19.39999999999997371 ) ) ;
#2528 = CARTESIAN_POINT ( 'NONE',  ( 82.54999999999999716, 104.8258398792882105, 36.89999999999998437 ) ) ;
#2529 = EDGE_CURVE ( 'NONE', #10017, #2603, #7046, .T. ) ;
#2530 = ADVANCED_FACE ( 'NONE', ( #9964 ), #2776, .T. ) ;
#2531 = CARTESIAN_POINT ( 'NONE',  ( 33.54999999999999716, 93.00000000000000000, 22.30467496797187010 ) ) ;
#2532 = VERTEX_POINT ( 'NONE', #3065 ) ;
#2533 = ORIENTED_EDGE ( 'NONE', *, *, #5230, .F. ) ;
#2534 = VERTEX_POINT ( 'NONE', #2889 ) ;
#2535 = AXIS2_PLACEMENT_3D ( 'NONE', #5903, #2132, #9492 ) ;
#2536 = ADVANCED_FACE ( 'NONE', ( #2064 ), #10261, .F. ) ;
#2537 = EDGE_CURVE ( 'NONE', #5179, #6009, #7384, .T. ) ;
#2538 = DIRECTION ( 'NONE',  ( -0.000000000000000000, 0.000000000000000000, -1.000000000000000000 ) ) ;
#2539 = CARTESIAN_POINT ( 'NONE',  ( -50.48689872104515075, 95.63999999999417412, -7.959769997217391868 ) ) ;
#2540 = VERTEX_POINT ( 'NONE', #8497 ) ;
#2541 = CARTESIAN_POINT ( 'NONE',  ( -33.75499999999998124, -27.00000000000000355, -3.738845726937389813 ) ) ;
#2542 = LINE ( 'NONE', #6154, #7848 ) ;
#2543 = CIRCLE ( 'NONE', #6141, 5.999999999999954703 ) ;
#2544 = EDGE_CURVE ( 'NONE', #8798, #11354, #6673, .T. ) ;
#2545 = CARTESIAN_POINT ( 'NONE',  ( 50.48689872104515075, 74.78999999999417980, 1.670014071680389733 ) ) ;
#2546 = AXIS2_PLACEMENT_3D ( 'NONE', #2637, #7955, #11569 ) ;
#2547 = VECTOR ( 'NONE', #10716, 1000.000000000000000 ) ;
#2548 = CARTESIAN_POINT ( 'NONE',  ( -29.00042949692799965, 96.12583987928823603, -1.816490271664826572 ) ) ;
#2549 = DIRECTION ( 'NONE',  ( -0.000000000000000000, 0.000000000000000000, 1.000000000000000000 ) ) ;
#2550 = ORIENTED_EDGE ( 'NONE', *, *, #8872, .F. ) ;
#2551 = VERTEX_POINT ( 'NONE', #8317 ) ;
#2552 = ORIENTED_EDGE ( 'NONE', *, *, #6267, .F. ) ;
#2553 = EDGE_CURVE ( 'NONE', #9153, #2370, #9320, .T. ) ;
#2554 = CIRCLE ( 'NONE', #3686, 5.000000000000000000 ) ;
#2555 = ADVANCED_FACE ( 'NONE', ( #9377 ), #9261, .F. ) ;
#2556 = DIRECTION ( 'NONE',  ( -1.000000000000000000, 0.000000000000000000, 1.091641407263116552E-13 ) ) ;
#2557 = PLANE ( 'NONE',  #8363 ) ;
#2558 = CARTESIAN_POINT ( 'NONE',  ( -77.54999999999999716, 109.8258398792882247, 44.40000000000009095 ) ) ;
#2559 = ORIENTED_EDGE ( 'NONE', *, *, #3930, .F. ) ;
#2560 = DIRECTION ( 'NONE',  ( -0.000000000000000000, 1.000000000000000000, -0.000000000000000000 ) ) ;
#2561 = LINE ( 'NONE', #1722, #11640 ) ;
#2562 = DIRECTION ( 'NONE',  ( 0.000000000000000000, 1.000000000000000000, 0.000000000000000000 ) ) ;
#2563 = ORIENTED_EDGE ( 'NONE', *, *, #6657, .F. ) ;
#2564 = DIRECTION ( 'NONE',  ( 1.075619781533889645E-16, 0.7071072074758637527, 0.7071063548969742651 ) ) ;
#2565 = CARTESIAN_POINT ( 'NONE',  ( -31.00042949693185435, 109.8258398792882247, 11.89999999999998614 ) ) ;
#2566 = VECTOR ( 'NONE', #7001, 1000.000000000000114 ) ;
#2567 = VERTEX_POINT ( 'NONE', #4894 ) ;
#2568 = CIRCLE ( 'NONE', #6163, 2.500000000000000444 ) ;
#2569 = DIRECTION ( 'NONE',  ( 9.823181259100085567E-11, 0.000000000000000000, 1.000000000000000000 ) ) ;
#2570 = ORIENTED_EDGE ( 'NONE', *, *, #6872, .T. ) ;
#2571 = EDGE_CURVE ( 'NONE', #11335, #1564, #4595, .T. ) ;
#2572 = DIRECTION ( 'NONE',  ( 0.000000000000000000, -0.000000000000000000, -1.000000000000000000 ) ) ;
#2573 = AXIS2_PLACEMENT_3D ( 'NONE', #9626, #5162, #10700 ) ;
#2574 = FACE_OUTER_BOUND ( 'NONE', #11358, .T. ) ;
#2575 = DIRECTION ( 'NONE',  ( 0.000000000000000000, -1.000000000000000000, 0.000000000000000000 ) ) ;
#2576 = ORIENTED_EDGE ( 'NONE', *, *, #802, .T. ) ;
#2577 = DIRECTION ( 'NONE',  ( -1.000000000000000000, 0.000000000000000000, 9.169294481193143764E-14 ) ) ;
#2578 = CARTESIAN_POINT ( 'NONE',  ( -33.75499999999998124, -4.758722840904921370, -3.957691453874788490 ) ) ;
#2579 = DIRECTION ( 'NONE',  ( 0.000000000000000000, 0.000000000000000000, 1.000000000000000000 ) ) ;
#2580 = ORIENTED_EDGE ( 'NONE', *, *, #347, .F. ) ;
#2581 = ORIENTED_EDGE ( 'NONE', *, *, #8094, .F. ) ;
#2582 = ORIENTED_EDGE ( 'NONE', *, *, #9259, .F. ) ;
#2583 = EDGE_CURVE ( 'NONE', #4482, #1238, #1001, .T. ) ;
#2584 = DIRECTION ( 'NONE',  ( 0.000000000000000000, 1.000000000000000000, 0.000000000000000000 ) ) ;
#2585 = LINE ( 'NONE', #3644, #4978 ) ;
#2586 = CARTESIAN_POINT ( 'NONE',  ( 51.69999999999999574, 10.00808511372027354, 6.954673577913517590 ) ) ;
#2587 = CARTESIAN_POINT ( 'NONE',  ( -43.40689872104514535, 69.46500000000000341, 22.30467496797187010 ) ) ;
#2588 = FACE_OUTER_BOUND ( 'NONE', #2950, .T. ) ;
#2589 = LINE ( 'NONE', #6196, #10091 ) ;
#2590 = ORIENTED_EDGE ( 'NONE', *, *, #9876, .T. ) ;
#2591 = VERTEX_POINT ( 'NONE', #2465 ) ;
#2592 = ORIENTED_EDGE ( 'NONE', *, *, #7938, .F. ) ;
#2593 = ADVANCED_FACE ( 'NONE', ( #7901 ), #8785, .F. ) ;
#2594 = FACE_BOUND ( 'NONE', #4135, .T. ) ;
#2595 = CARTESIAN_POINT ( 'NONE',  ( -77.54999999999999716, 109.8258398792882247, -22.92957932766295670 ) ) ;
#2596 = ORIENTED_EDGE ( 'NONE', *, *, #7606, .F. ) ;
#2597 = DIRECTION ( 'NONE',  ( 0.000000000000000000, -1.000000000000000000, 1.365923996832131116E-16 ) ) ;
#2598 = DIRECTION ( 'NONE',  ( 0.000000000000000000, 0.000000000000000000, 1.000000000000000000 ) ) ;
#2599 = CARTESIAN_POINT ( 'NONE',  ( -73.96808532237744771, 8.274999999999998579, 17.06344096893413820 ) ) ;
#2600 = ORIENTED_EDGE ( 'NONE', *, *, #4203, .F. ) ;
#2601 = FACE_BOUND ( 'NONE', #10127, .T. ) ;
#2602 = LINE ( 'NONE', #5324, #4432 ) ;
#2603 = VERTEX_POINT ( 'NONE', #6012 ) ;
#2604 = ORIENTED_EDGE ( 'NONE', *, *, #8986, .F. ) ;
#2605 = ORIENTED_EDGE ( 'NONE', *, *, #11490, .F. ) ;
#2606 = EDGE_CURVE ( 'NONE', #5460, #6090, #3407, .T. ) ;
#2607 = DIRECTION ( 'NONE',  ( 0.000000000000000000, -1.000000000000000000, 0.000000000000000000 ) ) ;
#2608 = DIRECTION ( 'NONE',  ( 0.000000000000000000, 1.000000000000000000, 0.000000000000000000 ) ) ;
#2609 = ORIENTED_EDGE ( 'NONE', *, *, #7530, .F. ) ;
#2610 = CARTESIAN_POINT ( 'NONE',  ( -77.54999999999999716, 107.3258398792882247, 46.90000000000009095 ) ) ;
#2611 = DIRECTION ( 'NONE',  ( 1.000000000000000000, 0.000000000000000000, 0.000000000000000000 ) ) ;
#2612 = CARTESIAN_POINT ( 'NONE',  ( -30.00042949693185079, 124.8258398792882247, -20.03649027154900253 ) ) ;
#2613 = VERTEX_POINT ( 'NONE', #1396 ) ;
#2614 = DIRECTION ( 'NONE',  ( 0.000000000000000000, 1.000000000000000000, -1.365923996832131116E-16 ) ) ;
#2615 = FACE_OUTER_BOUND ( 'NONE', #2112, .T. ) ;
#2616 = LINE ( 'NONE', #8936, #6516 ) ;
#2617 = EDGE_CURVE ( 'NONE', #10532, #825, #4220, .T. ) ;
#2618 = ORIENTED_EDGE ( 'NONE', *, *, #2334, .F. ) ;
#2619 = ADVANCED_FACE ( 'NONE', ( #7850 ), #684, .T. ) ;
#2620 = DIRECTION ( 'NONE',  ( 9.007218048341112698E-16, 0.000000000000000000, 1.000000000000000000 ) ) ;
#2621 = VERTEX_POINT ( 'NONE', #5898 ) ;
#2622 = EDGE_CURVE ( 'NONE', #7407, #570, #2288, .T. ) ;
#2623 = LINE ( 'NONE', #4335, #7475 ) ;
#2624 = VECTOR ( 'NONE', #4741, 1000.000000000000000 ) ;
#2625 = DIRECTION ( 'NONE',  ( 0.000000000000000000, 0.6427876096865389188, -0.7660444431189783465 ) ) ;
#2626 = LINE ( 'NONE', #903, #2116 ) ;
#2627 = ORIENTED_EDGE ( 'NONE', *, *, #9682, .T. ) ;
#2628 = DIRECTION ( 'NONE',  ( 0.000000000000000000, 0.000000000000000000, 1.000000000000000000 ) ) ;
#2629 = CARTESIAN_POINT ( 'NONE',  ( 46.58189872104514251, 95.63999999999417412, -7.959769997217391868 ) ) ;
#2630 = LINE ( 'NONE', #6240, #9143 ) ;
#2631 = VERTEX_POINT ( 'NONE', #7017 ) ;
#2632 = ORIENTED_EDGE ( 'NONE', *, *, #3836, .F. ) ;
#2633 = VECTOR ( 'NONE', #2660, 1000.000000000000000 ) ;
#2634 = VERTEX_POINT ( 'NONE', #7786 ) ;
#2635 = DIRECTION ( 'NONE',  ( 0.000000000000000000, -1.000000000000000000, -0.000000000000000000 ) ) ;
#2636 = PLANE ( 'NONE',  #3463 ) ;
#2637 = CARTESIAN_POINT ( 'NONE',  ( -67.12500000000000000, 104.8258398792882247, 40.40000000000004832 ) ) ;
#2638 = FACE_OUTER_BOUND ( 'NONE', #8802, .T. ) ;
#2639 = CARTESIAN_POINT ( 'NONE',  ( -0.8337628151951937960, 119.8794169293981469, -20.03649027154900253 ) ) ;
#2640 = CIRCLE ( 'NONE', #11509, 1.149999999999994804 ) ;
#2641 = DIRECTION ( 'NONE',  ( -1.000000000000000000, 0.000000000000000000, -1.784236281127497767E-14 ) ) ;
#2642 = ORIENTED_EDGE ( 'NONE', *, *, #9891, .T. ) ;
#2643 = EDGE_CURVE ( 'NONE', #9935, #2248, #7680, .T. ) ;
#2644 = ORIENTED_EDGE ( 'NONE', *, *, #8895, .F. ) ;
#2645 = DIRECTION ( 'NONE',  ( -1.000000000000000000, 0.000000000000000000, 1.335278419062900361E-16 ) ) ;
#2646 = CARTESIAN_POINT ( 'NONE',  ( 72.76808532237744487, 8.274999999999998579, 0.5788675790057377091 ) ) ;
#2647 = CARTESIAN_POINT ( 'NONE',  ( 69.20000000007698304, 82.35514882866895903, -37.08269145387477295 ) ) ;
#2648 = VERTEX_POINT ( 'NONE', #1335 ) ;
#2649 = DIRECTION ( 'NONE',  ( -1.593062912007103154E-16, -1.000000000000000000, -7.965314560035515770E-17 ) ) ;
#2650 = CARTESIAN_POINT ( 'NONE',  ( -50.02648654977334530, 6.349999999999999645, 0.000000000000000000 ) ) ;
#2651 = EDGE_LOOP ( 'NONE', ( #2080, #2676, #6379, #6518, #2988, #2605 ) ) ;
#2652 = LINE ( 'NONE', #11589, #5737 ) ;
#2653 = PLANE ( 'NONE',  #8589 ) ;
#2654 = EDGE_LOOP ( 'NONE', ( #9270, #2097, #501, #4589, #7571, #897, #8430, #3736 ) ) ;
#2655 = EDGE_CURVE ( 'NONE', #9054, #5103, #3225, .T. ) ;
#2656 = EDGE_LOOP ( 'NONE', ( #3211, #3052, #5391, #9015 ) ) ;
#2657 = VERTEX_POINT ( 'NONE', #11271 ) ;
#2658 = VECTOR ( 'NONE', #10910, 1000.000000000000000 ) ;
#2659 = AXIS2_PLACEMENT_3D ( 'NONE', #4609, #6565, #9210 ) ;
#2660 = DIRECTION ( 'NONE',  ( -1.000000000000000000, 0.000000000000000000, 1.335278419062900361E-16 ) ) ;
#2661 = CARTESIAN_POINT ( 'NONE',  ( -80.47893218813450744, 109.8258398792882247, 44.40000000000009805 ) ) ;
#2662 = CARTESIAN_POINT ( 'NONE',  ( 0.000000000000000000, -24.89937738537090794, 5.042308546125213731 ) ) ;
#2663 = DIRECTION ( 'NONE',  ( 9.462128050782626284E-16, 0.000000000000000000, -1.000000000000000000 ) ) ;
#2664 = ORIENTED_EDGE ( 'NONE', *, *, #9876, .F. ) ;
#2665 = DIRECTION ( 'NONE',  ( -0.000000000000000000, -1.000000000000000000, -0.000000000000000000 ) ) ;
#2666 = DIRECTION ( 'NONE',  ( 0.000000000000000000, 0.000000000000000000, -1.000000000000000000 ) ) ;
#2667 = DIRECTION ( 'NONE',  ( -1.000000000000000000, 0.000000000000000000, -0.000000000000000000 ) ) ;
#2668 = ORIENTED_EDGE ( 'NONE', *, *, #9659, .T. ) ;
#2669 = DIRECTION ( 'NONE',  ( 0.000000000000000000, 0.000000000000000000, -1.000000000000000000 ) ) ;
#2670 = VECTOR ( 'NONE', #10121, 1000.000000000000000 ) ;
#2671 = DIRECTION ( 'NONE',  ( 0.000000000000000000, -1.000000000000000000, 1.365923996832131116E-16 ) ) ;
#2672 = FACE_OUTER_BOUND ( 'NONE', #1617, .T. ) ;
#2673 = ORIENTED_EDGE ( 'NONE', *, *, #10622, .T. ) ;
#2674 = EDGE_CURVE ( 'NONE', #10762, #4541, #4299, .T. ) ;
#2675 = EDGE_CURVE ( 'NONE', #1377, #3595, #8611, .T. ) ;
#2676 = ORIENTED_EDGE ( 'NONE', *, *, #9537, .F. ) ;
#2677 = CARTESIAN_POINT ( 'NONE',  ( -33.55000000000002558, 91.50000000000000000, 33.89999999999999147 ) ) ;
#2678 = EDGE_LOOP ( 'NONE', ( #5198, #2367, #995, #10988 ) ) ;
#2679 = AXIS2_PLACEMENT_3D ( 'NONE', #225, #5927, #9518 ) ;
#2680 = AXIS2_PLACEMENT_3D ( 'NONE', #659, #9748, #2667 ) ;
#2681 = CARTESIAN_POINT ( 'NONE',  ( 50.48689872104515075, 96.40000537621601495, 3.358535111626435476 ) ) ;
#2683 = ADVANCED_FACE ( 'NONE', ( #512 ), #4067, .T. ) ;
#2682 = FACE_OUTER_BOUND ( 'NONE', #4631, .T. ) ;
#2684 = CARTESIAN_POINT ( 'NONE',  ( -41.55000000000002558, 91.50000000000000000, 33.89999999999999147 ) ) ;
#2685 = EDGE_CURVE ( 'NONE', #11127, #4737, #4117, .T. ) ;
#2686 = LINE ( 'NONE', #3627, #4270 ) ;
#2687 = CARTESIAN_POINT ( 'NONE',  ( 43.40689872104514535, 74.78999999999417980, 0.5200140716803901553 ) ) ;
#2688 = VERTEX_POINT ( 'NONE', #6780 ) ;
#2689 = CARTESIAN_POINT ( 'NONE',  ( 74.43750000000000000, 82.35514882866895903, -40.25769145387477010 ) ) ;
#2690 = CARTESIAN_POINT ( 'NONE',  ( -82.54999999999999716, 58.93999999999998352, 11.39999999999999147 ) ) ;
#2691 = CARTESIAN_POINT ( 'NONE',  ( -0.0004294969318431102927, 109.8258398792882247, 32.63350972845099562 ) ) ;
#2692 = EDGE_CURVE ( 'NONE', #5242, #1121, #2406, .T. ) ;
#2693 = VECTOR ( 'NONE', #11464, 1000.000000000000000 ) ;
#2694 = ORIENTED_EDGE ( 'NONE', *, *, #6135, .F. ) ;
#2695 = VECTOR ( 'NONE', #9147, 999.9999999999998863 ) ;
#2696 = ORIENTED_EDGE ( 'NONE', *, *, #8828, .F. ) ;
#2697 = AXIS2_PLACEMENT_3D ( 'NONE', #1109, #4839, #10973 ) ;
#2698 = ORIENTED_EDGE ( 'NONE', *, *, #1606, .F. ) ;
#2699 = CARTESIAN_POINT ( 'NONE',  ( 53.40689872104514535, 95.63999999999417412, -7.959769997217391868 ) ) ;
#2700 = CYLINDRICAL_SURFACE ( 'NONE', #5778, 1.000000000000000888 ) ;
#2701 = EDGE_CURVE ( 'NONE', #11481, #4598, #1572, .T. ) ;
#2702 = EDGE_CURVE ( 'NONE', #2634, #3428, #2347, .T. ) ;
#2703 = DIRECTION ( 'NONE',  ( -1.317950958372553779E-22, 0.9999999999995129452, -9.870233350266329205E-07 ) ) ;
#2704 = FACE_OUTER_BOUND ( 'NONE', #496, .T. ) ;
#2705 = DIRECTION ( 'NONE',  ( 0.000000000000000000, -1.000000000000000000, 0.000000000000000000 ) ) ;
#2706 = VECTOR ( 'NONE', #1430, 1000.000000000000000 ) ;
#2707 = DIRECTION ( 'NONE',  ( 0.000000000000000000, -0.000000000000000000, 1.000000000000000000 ) ) ;
#2708 = CARTESIAN_POINT ( 'NONE',  ( -80.07520753820969617, 58.93999999999998352, -5.257691453874764775 ) ) ;
#2709 = ORIENTED_EDGE ( 'NONE', *, *, #1005, .F. ) ;
#2710 = AXIS2_PLACEMENT_3D ( 'NONE', #11652, #3488, #5323 ) ;
#2711 = VERTEX_POINT ( 'NONE', #4173 ) ;
#2712 = LINE ( 'NONE', #3651, #5385 ) ;
#2713 = AXIS2_PLACEMENT_3D ( 'NONE', #294, #3889, #7504 ) ;
#2714 = VECTOR ( 'NONE', #1964, 1000.000000000000000 ) ;
#2715 = DIRECTION ( 'NONE',  ( 0.000000000000000000, 0.000000000000000000, 1.000000000000000000 ) ) ;
#2716 = DIRECTION ( 'NONE',  ( -0.000000000000000000, -1.000000000000000000, -0.000000000000000000 ) ) ;
#2717 = CARTESIAN_POINT ( 'NONE',  ( 173.3018692371333032, -5.993773853708700194, -40.25769145387477721 ) ) ;
#2718 = CARTESIAN_POINT ( 'NONE',  ( -35.61042949693185733, 97.50000000000000000, -1.926685223531127367 ) ) ;
#2719 = EDGE_LOOP ( 'NONE', ( #6934, #7899, #5853, #1945 ) ) ;
#2720 = DIRECTION ( 'NONE',  ( 0.8191520442889924647, -0.5735764363510451602, -0.000000000000000000 ) ) ;
#2721 = DIRECTION ( 'NONE',  ( 0.000000000000000000, 1.000000000000000000, -0.000000000000000000 ) ) ;
#2722 = FILL_AREA_STYLE ('',( #8150 ) ) ;
#2723 = ORIENTED_EDGE ( 'NONE', *, *, #7325, .F. ) ;
#2724 = ORIENTED_EDGE ( 'NONE', *, *, #729, .T. ) ;
#2725 = VECTOR ( 'NONE', #7143, 1000.000000000000000 ) ;
#2726 = EDGE_LOOP ( 'NONE', ( #2811, #1580, #2627, #9872 ) ) ;
#2727 = EDGE_LOOP ( 'NONE', ( #1003, #2709, #5072, #7034 ) ) ;
#2728 = EDGE_LOOP ( 'NONE', ( #2504, #10840, #8236, #10719 ) ) ;
#2729 = DIRECTION ( 'NONE',  ( 0.000000000000000000, 1.000000000000000000, 0.000000000000000000 ) ) ;
#2730 = CYLINDRICAL_SURFACE ( 'NONE', #5470, 24.20000000000000284 ) ;
#2731 = EDGE_CURVE ( 'NONE', #8461, #7951, #8368, .T. ) ;
#2732 = AXIS2_PLACEMENT_3D ( 'NONE', #5797, #357, #11493 ) ;
#2733 = AXIS2_PLACEMENT_3D ( 'NONE', #916, #53, #7195 ) ;
#2734 = PLANE ( 'NONE',  #2457 ) ;
#2735 = CIRCLE ( 'NONE', #1406, 1.000000000000000888 ) ;
#2736 = ORIENTED_EDGE ( 'NONE', *, *, #10804, .F. ) ;
#2737 = CARTESIAN_POINT ( 'NONE',  ( -25.00042949693185079, 119.8258398792882105, 4.963509728450992142 ) ) ;
#2738 = PLANE ( 'NONE',  #8341 ) ;
#2739 = ORIENTED_EDGE ( 'NONE', *, *, #5114, .F. ) ;
#2740 = DIRECTION ( 'NONE',  ( -1.000000000000000000, 0.000000000000000000, 1.218707698843631042E-16 ) ) ;
#2741 = FACE_BOUND ( 'NONE', #3115, .T. ) ;
#2742 = ORIENTED_EDGE ( 'NONE', *, *, #5156, .T. ) ;
#2743 = ORIENTED_EDGE ( 'NONE', *, *, #3703, .T. ) ;
#2744 = LINE ( 'NONE', #5407, #6890 ) ;
#2745 = VERTEX_POINT ( 'NONE', #8662 ) ;
#2746 = AXIS2_PLACEMENT_3D ( 'NONE', #6916, #4014, #7798 ) ;
#2747 = AXIS2_PLACEMENT_3D ( 'NONE', #4008, #2351, #11219 ) ;
#2748 = EDGE_CURVE ( 'NONE', #5954, #2452, #11453, .T. ) ;
#2749 = ADVANCED_FACE ( 'NONE', ( #2524 ), #10850, .F. ) ;
#2750 = LINE ( 'NONE', #5172, #2007 ) ;
#2751 = DIRECTION ( 'NONE',  ( 0.000000000000000000, 0.000000000000000000, -1.000000000000000000 ) ) ;
#2752 = DIRECTION ( 'NONE',  ( 0.000000000000000000, 0.000000000000000000, 1.000000000000000000 ) ) ;
#2753 = DIRECTION ( 'NONE',  ( 0.000000000000000000, 1.000000000000000000, -1.365923996832131116E-16 ) ) ;
#2754 = VECTOR ( 'NONE', #2635, 1000.000000000000000 ) ;
#2755 = EDGE_LOOP ( 'NONE', ( #4987, #9484, #2357, #730 ) ) ;
#2756 = DIRECTION ( 'NONE',  ( 1.000000000000000000, 0.000000000000000000, 0.000000000000000000 ) ) ;
#2757 = VECTOR ( 'NONE', #6442, 1000.000000000000114 ) ;
#2758 = CARTESIAN_POINT ( 'NONE',  ( -0.0004294969318460739593, 124.8258398792882247, 8.433509728450992782 ) ) ;
#2759 = ORIENTED_EDGE ( 'NONE', *, *, #1948, .F. ) ;
#2760 = ORIENTED_EDGE ( 'NONE', *, *, #7121, .T. ) ;
#2761 = ORIENTED_EDGE ( 'NONE', *, *, #2431, .F. ) ;
#2762 = AXIS2_PLACEMENT_3D ( 'NONE', #5412, #5233, #11617 ) ;
#2763 = ADVANCED_FACE ( 'NONE', ( #4592 ), #2636, .F. ) ;
#2764 = DIRECTION ( 'NONE',  ( 0.000000000000000000, 0.000000000000000000, -1.000000000000000000 ) ) ;
#2765 = DIRECTION ( 'NONE',  ( 0.000000000000000000, 1.000000000000000000, -0.000000000000000000 ) ) ;
#2766 = CARTESIAN_POINT ( 'NONE',  ( -53.05138322153545261, 8.274999999999998579, 15.82115058466708035 ) ) ;
#2767 = FACE_OUTER_BOUND ( 'NONE', #9185, .T. ) ;
#2768 = CIRCLE ( 'NONE', #3338, 1.149999999999994804 ) ;
#2769 = DIRECTION ( 'NONE',  ( -1.527355698137925406E-16, 0.000000000000000000, -1.000000000000000000 ) ) ;
#2770 = CARTESIAN_POINT ( 'NONE',  ( 61.59000000000155950, 8.274999999999998579, 19.62115427306273219 ) ) ;
#2771 = ORIENTED_EDGE ( 'NONE', *, *, #7041, .T. ) ;
#2772 = EDGE_CURVE ( 'NONE', #11095, #7414, #7076, .T. ) ;
#2773 = ADVANCED_FACE ( 'NONE', ( #7135 ), #8898, .F. ) ;
#2774 = EDGE_CURVE ( 'NONE', #4520, #9212, #8839, .T. ) ;
#2775 = ORIENTED_EDGE ( 'NONE', *, *, #3183, .T. ) ;
#2776 =( BOUNDED_SURFACE ( )  B_SPLINE_SURFACE ( 3, 2, ( 
 ( #6037, #10632, #8207 ),
 ( #1888, #10568, #5494 ),
 ( #125, #7328, #10918 ),
 ( #6098, #10021, #1951 ),
 ( #9622, #1540, #5158 ),
 ( #11214, #10199, #9145 ),
 ( #6561, #9206, #11151 ),
 ( #3004, #6675, #8440 ),
 ( #7558, #5793, #404 ),
 ( #1110, #3120, #1052 ),
 ( #2126, #3822, #11099 ),
 ( #4774, #1225, #1165 ),
 ( #4840, #3943, #6613 ),
 ( #6729, #2242, #352 ),
 ( #10319, #10974, #7445 ),
 ( #8265, #7621, #5675 ) ),
 .UNSPECIFIED., .F., .F., .F. ) 
 B_SPLINE_SURFACE_WITH_KNOTS ( ( 4, 2, 2, 2, 2, 2, 2, 4 ),
 ( 3, 3 ),
 ( 3.141592653589793116, 3.337942194439155408, 3.534291735288517255, 3.730641276137879103, 3.926990816987241395, 4.123340357836603687, 4.319689898685965090, 4.712388980384689674 ),
 ( 0.000000000000000000, 1.000000000000000000 ),
 .UNSPECIFIED. ) 
 GEOMETRIC_REPRESENTATION_ITEM ( )  RATIONAL_B_SPLINE_SURFACE ( (
 ( 1.000000000000000000, 0.7071067811865475727, 1.000000000000000000),
 ( 1.000000000000000000, 0.7070717273042866902, 1.000000000000000000),
 ( 1.000000000000000000, 0.7117460039578998865, 1.000000000000000000),
 ( 1.000000000000000000, 0.7291288925854167990, 1.000000000000000000),
 ( 1.000000000000000000, 0.7418334198131986135, 1.000000000000000000),
 ( 1.000000000000000000, 0.7723968198840052146, 1.000000000000000000),
 ( 1.000000000000000000, 0.7902180103236369213, 1.000000000000000000),
 ( 1.000000000000000000, 0.8275942679197040297, 1.000000000000000000),
 ( 1.000000000000000000, 0.8471316616385886622, 1.000000000000000000),
 ( 1.000000000000000000, 0.8849191459302925278, 1.000000000000000000),
 ( 1.000000000000000000, 0.9031651001990980143, 1.000000000000000000),
 ( 1.000000000000000000, 0.9360421834872965086, 1.000000000000000000),
 ( 1.000000000000000000, 0.9506740358621562637, 1.000000000000000000),
 ( 1.000000000000000000, 0.9867291879191566473, 1.000000000000000000),
 ( 1.000000000000000000, 1.000158581772831567, 1.000000000000000000),
 ( 1.000000000000000000, 1.000000000000000000, 1.000000000000000000) ) ) 
 REPRESENTATION_ITEM ( '' )  SURFACE ( )  );
#2777 = FACE_OUTER_BOUND ( 'NONE', #489, .T. ) ;
#2778 = LINE ( 'NONE', #7982, #7429 ) ;
#2779 = DIRECTION ( 'NONE',  ( 0.000000000000000000, 1.000000000000000000, 0.000000000000000000 ) ) ;
#2780 = CARTESIAN_POINT ( 'NONE',  ( -80.47893218813453586, 109.8258398792882247, -22.92957932766295670 ) ) ;
#2781 = VERTEX_POINT ( 'NONE', #5244 ) ;
#2782 = CARTESIAN_POINT ( 'NONE',  ( 51.69999999999999574, -6.870915176914293987, 63.21800789427800282 ) ) ;
#2783 = DIRECTION ( 'NONE',  ( 0.000000000000000000, 0.000000000000000000, 1.000000000000000000 ) ) ;
#2784 = CARTESIAN_POINT ( 'NONE',  ( -35.61042949679625735, 96.12583987928823603, 15.71614540591397713 ) ) ;
#2785 = ORIENTED_EDGE ( 'NONE', *, *, #8343, .F. ) ;
#2786 = VERTEX_POINT ( 'NONE', #9832 ) ;
#2787 = ORIENTED_EDGE ( 'NONE', *, *, #6658, .F. ) ;
#2788 = ORIENTED_EDGE ( 'NONE', *, *, #4968, .T. ) ;
#2789 = FACE_OUTER_BOUND ( 'NONE', #10422, .T. ) ;
#2790 = DIRECTION ( 'NONE',  ( 1.000000000000000000, 0.000000000000000000, 0.000000000000000000 ) ) ;
#2791 = ORIENTED_EDGE ( 'NONE', *, *, #6285, .T. ) ;
#2792 = DIRECTION ( 'NONE',  ( 0.000000000000000000, 0.000000000000000000, 1.000000000000000000 ) ) ;
#2793 = CARTESIAN_POINT ( 'NONE',  ( 73.96808532237744771, 8.274999999999998579, 17.06344096893413820 ) ) ;
#2794 = CARTESIAN_POINT ( 'NONE',  ( -76.81501998216515403, 8.274999999999998579, 20.22115427298596302 ) ) ;
#2795 = ORIENTED_EDGE ( 'NONE', *, *, #9316, .T. ) ;
#2796 = LINE ( 'NONE', #10222, #7338 ) ;
#2797 = DIRECTION ( 'NONE',  ( 0.000000000000000000, 0.000000000000000000, 1.000000000000000000 ) ) ;
#2798 = ORIENTED_EDGE ( 'NONE', *, *, #5074, .T. ) ;
#2799 = ORIENTED_EDGE ( 'NONE', *, *, #11028, .F. ) ;
#2800 = VERTEX_POINT ( 'NONE', #793 ) ;
#2801 = ADVANCED_FACE ( 'NONE', ( #5428 ), #10623, .F. ) ;
#2802 = LINE ( 'NONE', #9055, #9514 ) ;
#2803 = ADVANCED_FACE ( 'NONE', ( #8964 ), #620, .F. ) ;
#2804 = DIRECTION ( 'NONE',  ( -1.000000000000000000, 0.000000000000000000, 0.000000000000000000 ) ) ;
#2805 = LINE ( 'NONE', #1025, #10526 ) ;
#2806 = CARTESIAN_POINT ( 'NONE',  ( -46.58189872104514251, 72.64000000000000057, -7.085838131530381798E-15 ) ) ;
#2807 = CARTESIAN_POINT ( 'NONE',  ( -32.55000000000002558, 97.32583987928822467, 22.30467496797187010 ) ) ;
#2808 = EDGE_LOOP ( 'NONE', ( #278, #10438, #6390, #7025, #6457, #11612, #2121, #5061 ) ) ;
#2809 = CARTESIAN_POINT ( 'NONE',  ( -43.40689872104514535, 72.64000000000000057, 22.30467496797187010 ) ) ;
#2810 = CARTESIAN_POINT ( 'NONE',  ( 23.90689872104513469, 90.00000000000000000, 22.30467496797187010 ) ) ;
#2811 = ORIENTED_EDGE ( 'NONE', *, *, #326, .T. ) ;
#2812 = ORIENTED_EDGE ( 'NONE', *, *, #1842, .T. ) ;
#2813 = ORIENTED_EDGE ( 'NONE', *, *, #10124, .F. ) ;
#2814 = EDGE_CURVE ( 'NONE', #7322, #5688, #860, .T. ) ;
#2815 = AXIS2_PLACEMENT_3D ( 'NONE', #1019, #1193, #1256 ) ;
#2816 = FACE_BOUND ( 'NONE', #9387, .T. ) ;
#2817 = LINE ( 'NONE', #7373, #3299 ) ;
#2818 = CARTESIAN_POINT ( 'NONE',  ( 52.36501998304115091, 8.274999999999998579, 19.07115427297831900 ) ) ;
#2819 = DIRECTION ( 'NONE',  ( 1.783514045278184436E-06, -0.000000000000000000, 0.9999999999984096055 ) ) ;
#2820 = LINE ( 'NONE', #980, #1157 ) ;
#2821 = CARTESIAN_POINT ( 'NONE',  ( -0.8563802780641620593, 124.1956673215572948, -20.03649027154900253 ) ) ;
#2822 = CARTESIAN_POINT ( 'NONE',  ( -8.300429496927835160, 99.82583987928822467, 1.150873398797555902 ) ) ;
#2823 = AXIS2_PLACEMENT_3D ( 'NONE', #3184, #5076, #11332 ) ;
#2824 = EDGE_LOOP ( 'NONE', ( #8093, #4012, #10255, #4662 ) ) ;
#2825 = EDGE_CURVE ( 'NONE', #7501, #3329, #118, .T. ) ;
#2826 = EDGE_CURVE ( 'NONE', #1377, #9607, #1876, .T. ) ;
#2827 = ORIENTED_EDGE ( 'NONE', *, *, #11658, .F. ) ;
#2828 = AXIS2_PLACEMENT_3D ( 'NONE', #2913, #9110, #4735 ) ;
#2829 = CARTESIAN_POINT ( 'NONE',  ( 72.76808532237741645, 5.099999999999999645, 18.26344096711973819 ) ) ;
#2830 = CONICAL_SURFACE ( 'NONE', #3963, 5.700207538209690838, 0.6108652381980022028 ) ;
#2831 = CARTESIAN_POINT ( 'NONE',  ( 173.3018692371333032, 90.00000000000000000, -37.08269145387477295 ) ) ;
#2832 = DIRECTION ( 'NONE',  ( -0.000000000000000000, -0.000000000000000000, 1.000000000000000000 ) ) ;
#2833 = ADVANCED_FACE ( 'NONE', ( #9896 ), #9953, .F. ) ;
#2834 = CARTESIAN_POINT ( 'NONE',  ( 50.48689872104515075, 72.67999878751419374, 2.358530551520389817 ) ) ;
#2835 = EDGE_CURVE ( 'NONE', #1300, #5310, #2585, .T. ) ;
#2836 = CARTESIAN_POINT ( 'NONE',  ( -4.248283027339765816, 124.4763563714720078, 36.89999999999998437 ) ) ;
#2837 = FACE_OUTER_BOUND ( 'NONE', #8805, .T. ) ;
#2838 = LINE ( 'NONE', #6443, #2911 ) ;
#2839 = ORIENTED_EDGE ( 'NONE', *, *, #1429, .F. ) ;
#2840 = ORIENTED_EDGE ( 'NONE', *, *, #9293, .T. ) ;
#2841 = EDGE_CURVE ( 'NONE', #4110, #5179, #52, .T. ) ;
#2842 = ORIENTED_EDGE ( 'NONE', *, *, #10337, .T. ) ;
#2843 = AXIS2_PLACEMENT_3D ( 'NONE', #1953, #7388, #10800 ) ;
#2844 = ORIENTED_EDGE ( 'NONE', *, *, #4629, .T. ) ;
#2845 = DIRECTION ( 'NONE',  ( 1.075621078440235046E-16, -0.7071063548969745982, 0.7071072074758634196 ) ) ;
#2846 = AXIS2_PLACEMENT_3D ( 'NONE', #5341, #10576, #6994 ) ;
#2847 = CARTESIAN_POINT ( 'NONE',  ( -31.40689872104236002, 97.49999999999720046, 21.29350972844870427 ) ) ;
#2848 = ORIENTED_EDGE ( 'NONE', *, *, #4536, .T. ) ;
#2849 = CARTESIAN_POINT ( 'NONE',  ( 54.81499993151516748, 8.274999999999998579, 15.82115373010225312 ) ) ;
#2850 = EDGE_CURVE ( 'NONE', #6640, #6480, #4351, .T. ) ;
#2851 = CARTESIAN_POINT ( 'NONE',  ( 9.877394556154479588, 79.82583987928821045, 19.06835594837479420 ) ) ;
#2852 = ORIENTED_EDGE ( 'NONE', *, *, #350, .T. ) ;
#2853 = LINE ( 'NONE', #7522, #10740 ) ;
#2854 = DIRECTION ( 'NONE',  ( -0.000000000000000000, 0.000000000000000000, 1.000000000000000000 ) ) ;
#2855 = ORIENTED_EDGE ( 'NONE', *, *, #2994, .T. ) ;
#2856 = ORIENTED_EDGE ( 'NONE', *, *, #9426, .T. ) ;
#2857 = ORIENTED_EDGE ( 'NONE', *, *, #5821, .F. ) ;
#2858 = CARTESIAN_POINT ( 'NONE',  ( 82.54999999999999716, 6.349999999999995204, -5.957898992084480483 ) ) ;
#2859 = PLANE ( 'NONE',  #6514 ) ;
#2860 = LINE ( 'NONE', #6469, #549 ) ;
#2861 = PLANE ( 'NONE',  #7795 ) ;
#2862 = DIRECTION ( 'NONE',  ( 0.000000000000000000, 0.000000000000000000, 1.000000000000000000 ) ) ;
#2863 = AXIS2_PLACEMENT_3D ( 'NONE', #10909, #4528, #9834 ) ;
#2864 = CARTESIAN_POINT ( 'NONE',  ( 79.37500000000000000, 6.349999999999999645, -6.985329661611388907 ) ) ;
#2865 = CIRCLE ( 'NONE', #10577, 2.499806426129909553 ) ;
#2866 = CARTESIAN_POINT ( 'NONE',  ( 77.54999999999999716, 109.8258398792882247, -22.92957932766295670 ) ) ;
#2867 = LINE ( 'NONE', #3922, #2670 ) ;
#2868 = ORIENTED_EDGE ( 'NONE', *, *, #2206, .T. ) ;
#2869 = DIRECTION ( 'NONE',  ( 0.000000000000000000, 1.000000000000000000, 0.000000000000000000 ) ) ;
#2870 = LINE ( 'NONE', #2691, #2547 ) ;
#2871 = ORIENTED_EDGE ( 'NONE', *, *, #8431, .T. ) ;
#2872 = ORIENTED_EDGE ( 'NONE', *, *, #6865, .F. ) ;
#2873 = CIRCLE ( 'NONE', #3235, 1.149999999999998135 ) ;
#2874 = AXIS2_PLACEMENT_3D ( 'NONE', #4997, #6946, #7669 ) ;
#2875 = FACE_OUTER_BOUND ( 'NONE', #4305, .T. ) ;
#2876 = CARTESIAN_POINT ( 'NONE',  ( 81.55000000000001137, 53.93999999999999062, 5.399999999999993250 ) ) ;
#2877 = DIRECTION ( 'NONE',  ( 1.000000000000000000, -0.000000000000000000, -0.000000000000000000 ) ) ;
#2878 = ADVANCED_FACE ( 'NONE', ( #5304 ), #9018, .T. ) ;
#2879 = CARTESIAN_POINT ( 'NONE',  ( -81.84979246179028678, 61.63999999999999346, 10.39999999999999325 ) ) ;
#2880 = CIRCLE ( 'NONE', #8909, 24.20000000000000639 ) ;
#2881 = VECTOR ( 'NONE', #5635, 1000.000000000000000 ) ;
#2882 = CARTESIAN_POINT ( 'NONE',  ( 1.666237182621877366, 119.8722550517800443, -20.03649027154900253 ) ) ;
#2883 = VECTOR ( 'NONE', #4159, 1000.000000000000000 ) ;
#2884 = DIRECTION ( 'NONE',  ( -1.000000000000000000, 0.000000000000000000, 1.335278419062900361E-16 ) ) ;
#2885 = EDGE_LOOP ( 'NONE', ( #1914, #5480, #7692, #705, #7083, #3157, #9190, #3777, #8511, #744, #7362, #4587, #7218, #10581, #7159, #8104, #8971 ) ) ;
#2886 = VERTEX_POINT ( 'NONE', #10785 ) ;
#2887 = VECTOR ( 'NONE', #328, 1000.000000000000000 ) ;
#2888 = CARTESIAN_POINT ( 'NONE',  ( 6.504233276802016843E-15, 6.349999999999999645, 21.38115427306258809 ) ) ;
#2889 = CARTESIAN_POINT ( 'NONE',  ( 80.37500000000000000, 58.93999999999998352, 10.39999999999999503 ) ) ;
#2890 = EDGE_CURVE ( 'NONE', #9587, #9565, #4526, .T. ) ;
#2891 = EDGE_CURVE ( 'NONE', #4494, #1414, #1100, .T. ) ;
#2892 = PLANE ( 'NONE',  #3638 ) ;
#2893 = CARTESIAN_POINT ( 'NONE',  ( -43.40689872104513825, 90.00000000000000000, 22.30467496797187010 ) ) ;
#2894 = CARTESIAN_POINT ( 'NONE',  ( 1.718132580106379148, 124.2264818462169984, 36.89999999999999147 ) ) ;
#2895 = CARTESIAN_POINT ( 'NONE',  ( 82.55000000000002558, 53.93999999999999062, -5.257691453874763887 ) ) ;
#2896 = LINE ( 'NONE', #5502, #1206 ) ;
#2897 = VERTEX_POINT ( 'NONE', #10185 ) ;
#2898 = LINE ( 'NONE', #2072, #3671 ) ;
#2899 = ORIENTED_EDGE ( 'NONE', *, *, #5371, .T. ) ;
#2900 = VECTOR ( 'NONE', #9430, 1000.000000000000000 ) ;
#2901 = ORIENTED_EDGE ( 'NONE', *, *, #10694, .T. ) ;
#2902 = APPLICATION_CONTEXT ( 'automotive_design' ) ;
#2903 = ORIENTED_EDGE ( 'NONE', *, *, #3552, .T. ) ;
#2904 = DIRECTION ( 'NONE',  ( -1.000000000000000000, -0.000000000000000000, 1.335278419062900115E-16 ) ) ;
#2905 = ADVANCED_FACE ( 'NONE', ( #2109 ), #1153, .F. ) ;
#2906 = CARTESIAN_POINT ( 'NONE',  ( -29.00042949692799965, 96.12583987928823603, -2.616490271664720257 ) ) ;
#2907 = EDGE_LOOP ( 'NONE', ( #2352, #9612, #8951, #11511 ) ) ;
#2908 = FACE_OUTER_BOUND ( 'NONE', #3358, .T. ) ;
#2909 = DIRECTION ( 'NONE',  ( 0.000000000000000000, -1.000000000000000000, -3.354869254291017926E-16 ) ) ;
#2910 = LINE ( 'NONE', #9107, #5334 ) ;
#2911 = VECTOR ( 'NONE', #11045, 1000.000000000000000 ) ;
#2912 = EDGE_LOOP ( 'NONE', ( #5669, #7058, #4466, #7412 ) ) ;
#2913 = CARTESIAN_POINT ( 'NONE',  ( -50.48689872104515075, 74.43999999999417128, -7.959769997217391868 ) ) ;
#2914 = DIRECTION ( 'NONE',  ( 0.000000000000000000, 0.000000000000000000, -1.000000000000000000 ) ) ;
#2915 = ORIENTED_EDGE ( 'NONE', *, *, #7389, .F. ) ;
#2916 = ORIENTED_EDGE ( 'NONE', *, *, #6237, .F. ) ;
#2917 = DIRECTION ( 'NONE',  ( 0.000000000000000000, -0.7071063548969729329, 0.7071072074758651960 ) ) ;
#2918 = ORIENTED_EDGE ( 'NONE', *, *, #8328, .T. ) ;
#2919 = ADVANCED_FACE ( 'NONE', ( #5718 ), #4703, .F. ) ;
#2920 = CARTESIAN_POINT ( 'NONE',  ( -11.25499999999998302, 4.249377385370907589, 5.042308546125213731 ) ) ;
#2921 = EDGE_CURVE ( 'NONE', #7920, #2314, #8486, .T. ) ;
#2922 = EDGE_CURVE ( 'NONE', #6915, #2591, #1378, .T. ) ;
#2923 = VECTOR ( 'NONE', #6099, 1000.000000000000000 ) ;
#2924 = DIRECTION ( 'NONE',  ( 0.000000000000000000, 0.5735764363510428288, 0.8191520442889941300 ) ) ;
#2925 = CARTESIAN_POINT ( 'NONE',  ( -5.461913016040046642, 96.12583987928823603, 21.29351081815998370 ) ) ;
#2926 = LINE ( 'NONE', #156, #4700 ) ;
#2927 = LINE ( 'NONE', #9407, #10485 ) ;
#2928 = CARTESIAN_POINT ( 'NONE',  ( -25.00042949693185079, 124.8258398792882247, 0.000000000000000000 ) ) ;
#2929 = VERTEX_POINT ( 'NONE', #2001 ) ;
#2930 = CARTESIAN_POINT ( 'NONE',  ( 72.76808532237744487, 8.274999999999998579, 17.06344096711973890 ) ) ;
#2931 = DIRECTION ( 'NONE',  ( 1.000000000000000000, -0.000000000000000000, 0.000000000000000000 ) ) ;
#2932 = DIRECTION ( 'NONE',  ( 0.000000000000000000, 0.000000000000000000, -1.000000000000000000 ) ) ;
#2933 = ORIENTED_EDGE ( 'NONE', *, *, #3915, .F. ) ;
#2934 = AXIS2_PLACEMENT_3D ( 'NONE', #9934, #32, #2569 ) ;
#2935 = VECTOR ( 'NONE', #4722, 1000.000000000000000 ) ;
#2936 = VECTOR ( 'NONE', #1011, 1000.000000000000114 ) ;
#2937 = ORIENTED_EDGE ( 'NONE', *, *, #1725, .T. ) ;
#2938 = VECTOR ( 'NONE', #7830, 1000.000000000000000 ) ;
#2939 = FACE_OUTER_BOUND ( 'NONE', #7266, .T. ) ;
#2940 = AXIS2_PLACEMENT_3D ( 'NONE', #8725, #3531, #4355 ) ;
#2941 = AXIS2_PLACEMENT_3D ( 'NONE', #7210, #6388, #9915 ) ;
#2942 = LINE ( 'NONE', #3049, #5357 ) ;
#2943 = DIRECTION ( 'NONE',  ( -1.291517902910694707E-16, -0.5283341024775852768, 0.8490365576105686207 ) ) ;
#2944 = DIRECTION ( 'NONE',  ( 0.000000000000000000, 1.000000000000000000, -0.000000000000000000 ) ) ;
#2945 = DIRECTION ( 'NONE',  ( -1.000000000000000000, 0.000000000000000000, 1.335278419062900361E-16 ) ) ;
#2946 = CARTESIAN_POINT ( 'NONE',  ( -31.40689872104236002, 97.49999999999720046, 21.29350972844870427 ) ) ;
#2947 = ORIENTED_EDGE ( 'NONE', *, *, #7502, .T. ) ;
#2948 = AXIS2_PLACEMENT_3D ( 'NONE', #10234, #4144, #4207 ) ;
#2949 = TOROIDAL_SURFACE ( 'NONE', #10664, 20.00000000000000000, 5.000000000000000000 ) ;
#2950 = EDGE_LOOP ( 'NONE', ( #10153, #2644, #1631, #3194 ) ) ;
#2951 = ADVANCED_FACE ( 'NONE', ( #7432 ), #8559, .T. ) ;
#2952 = ADVANCED_FACE ( 'NONE', ( #8427 ), #339, .F. ) ;
#2953 = DIRECTION ( 'NONE',  ( 0.000000000000000000, 0.000000000000000000, 1.000000000000000000 ) ) ;
#2954 = DIRECTION ( 'NONE',  ( 0.000000000000000000, 0.000000000000000000, 1.000000000000000000 ) ) ;
#2955 = CARTESIAN_POINT ( 'NONE',  ( 46.58189872104514251, 86.19928456797940441, 13.55926821917161540 ) ) ;
#2956 = CARTESIAN_POINT ( 'NONE',  ( -29.00040951398291256, 96.12583987928823603, 18.68351409631356930 ) ) ;
#2957 = DIRECTION ( 'NONE',  ( 0.000000000000000000, 1.000000000000000000, 0.000000000000000000 ) ) ;
#2958 = AXIS2_PLACEMENT_3D ( 'NONE', #11663, #2499, #6104 ) ;
#2959 = PLANE ( 'NONE',  #9841 ) ;
#2960 = DIRECTION ( 'NONE',  ( 0.000000000000000000, 0.000000000000000000, -1.000000000000000000 ) ) ;
#2961 = CYLINDRICAL_SURFACE ( 'NONE', #11392, 12.50000000000000000 ) ;
#2962 = CARTESIAN_POINT ( 'NONE',  ( 82.54999999999999716, 58.93999999999998352, 11.10020753820971251 ) ) ;
#2963 = ORIENTED_EDGE ( 'NONE', *, *, #1161, .F. ) ;
#2964 = VERTEX_POINT ( 'NONE', #9133 ) ;
#2965 = VERTEX_POINT ( 'NONE', #11023 ) ;
#2966 = EDGE_CURVE ( 'NONE', #1018, #7005, #1937, .T. ) ;
#2967 = ADVANCED_FACE ( 'NONE', ( #7547 ), #223, .F. ) ;
#2968 = DIRECTION ( 'NONE',  ( 0.000000000000000000, 0.000000000000000000, -1.000000000000000000 ) ) ;
#2969 = CARTESIAN_POINT ( 'NONE',  ( -50.48689872104515075, 75.48946397805705999, -21.83805926787198715 ) ) ;
#2970 = DIRECTION ( 'NONE',  ( 0.000000000000000000, 0.000000000000000000, 1.000000000000000000 ) ) ;
#2971 = ORIENTED_EDGE ( 'NONE', *, *, #11490, .T. ) ;
#2972 = FACE_OUTER_BOUND ( 'NONE', #7178, .T. ) ;
#2973 = CARTESIAN_POINT ( 'NONE',  ( -13.75499999999998479, -27.00000000000000355, 13.89999999999999680 ) ) ;
#2974 = DIRECTION ( 'NONE',  ( 0.000000000000000000, 0.000000000000000000, -1.000000000000000000 ) ) ;
#2975 = ORIENTED_EDGE ( 'NONE', *, *, #6713, .T. ) ;
#2976 = FACE_OUTER_BOUND ( 'NONE', #11407, .T. ) ;
#2977 = CYLINDRICAL_SURFACE ( 'NONE', #1403, 2.499806426103014179 ) ;
#2978 = ORIENTED_EDGE ( 'NONE', *, *, #4161, .T. ) ;
#2979 = ORIENTED_EDGE ( 'NONE', *, *, #1843, .T. ) ;
#2980 = CARTESIAN_POINT ( 'NONE',  ( 13.75500000000000256, -24.89937738537090794, -2.100877762788717116E-15 ) ) ;
#2981 = CARTESIAN_POINT ( 'NONE',  ( -53.05138322153545261, 8.274999999999998579, 15.82115058466708035 ) ) ;
#2982 = ORIENTED_EDGE ( 'NONE', *, *, #5102, .T. ) ;
#2983 = EDGE_CURVE ( 'NONE', #4545, #3613, #4657, .T. ) ;
#2984 = DIRECTION ( 'NONE',  ( 0.8191520442889939080, 0.5735764363510430508, 0.000000000000000000 ) ) ;
#2985 = CARTESIAN_POINT ( 'NONE',  ( -30.00042949693185079, 119.8258398792882105, 11.89999999999998614 ) ) ;
#2986 = DIRECTION ( 'NONE',  ( -9.337945923828023487E-13, -1.000000000000000000, 0.000000000000000000 ) ) ;
#2987 = EDGE_CURVE ( 'NONE', #100, #9014, #2942, .T. ) ;
#2988 = ORIENTED_EDGE ( 'NONE', *, *, #5130, .T. ) ;
#2989 = EDGE_CURVE ( 'NONE', #11172, #8222, #6552, .T. ) ;
#2990 = CARTESIAN_POINT ( 'NONE',  ( -6.246895457860698997, 119.8258398792882105, -20.00539738836623016 ) ) ;
#2991 = CARTESIAN_POINT ( 'NONE',  ( 77.54999999999999716, 109.8258398792882247, 44.40000000000009805 ) ) ;
#2992 = ORIENTED_EDGE ( 'NONE', *, *, #11084, .T. ) ;
#2993 = ORIENTED_EDGE ( 'NONE', *, *, #7617, .T. ) ;
#2994 = EDGE_CURVE ( 'NONE', #5036, #5571, #10249, .T. ) ;
#2995 = CARTESIAN_POINT ( 'NONE',  ( 42.28858522300535583, 97.50000000000000000, 22.30467496797187010 ) ) ;
#2996 = DIRECTION ( 'NONE',  ( 3.042040291059723567E-16, -0.000000000000000000, 1.000000000000000000 ) ) ;
#2997 = PLANE ( 'NONE',  #776 ) ;
#2998 = CARTESIAN_POINT ( 'NONE',  ( -5.000429496931850792, 124.8258398792882247, 4.963509728450992142 ) ) ;
#2999 = ORIENTED_EDGE ( 'NONE', *, *, #3912, .F. ) ;
#3000 = DIRECTION ( 'NONE',  ( -0.000000000000000000, 1.365923996832131116E-16, 1.000000000000000000 ) ) ;
#3001 = ORIENTED_EDGE ( 'NONE', *, *, #6983, .T. ) ;
#3002 = ORIENTED_EDGE ( 'NONE', *, *, #4359, .F. ) ;
#3003 = DIRECTION ( 'NONE',  ( 0.000000000000000000, 0.000000000000000000, 1.000000000000000000 ) ) ;
#3004 = CARTESIAN_POINT ( 'NONE',  ( -80.59994895389591818, 108.8013780109011037, 43.88776906580632442 ) ) ;
#3005 = DIRECTION ( 'NONE',  ( 0.000000000000000000, 0.8873916384311677508, -0.4610163555042787187 ) ) ;
#3006 = CARTESIAN_POINT ( 'NONE',  ( 50.48689872104515075, 74.43999999999417128, -7.959769997217391868 ) ) ;
#3007 = DIRECTION ( 'NONE',  ( 1.000000000000000000, -0.000000000000000000, 1.521157000053560499E-16 ) ) ;
#3008 = CARTESIAN_POINT ( 'NONE',  ( 6.246036463997028498, 119.8258398792882105, -20.00539738836623016 ) ) ;
#3009 = DIRECTION ( 'NONE',  ( 0.000000000000000000, -1.000000000000000000, 0.000000000000000000 ) ) ;
#3010 = ADVANCED_FACE ( 'NONE', ( #5781 ), #9197, .F. ) ;
#3011 = CYLINDRICAL_SURFACE ( 'NONE', #10654, 1.149999999999999689 ) ;
#3012 = ORIENTED_EDGE ( 'NONE', *, *, #10053, .T. ) ;
#3013 = VERTEX_POINT ( 'NONE', #2876 ) ;
#3014 = EDGE_CURVE ( 'NONE', #8458, #2631, #1765, .T. ) ;
#3015 = VERTEX_POINT ( 'NONE', #9248 ) ;
#3016 = LINE ( 'NONE', #418, #9340 ) ;
#3017 = LINE ( 'NONE', #10333, #3386 ) ;
#3018 = ORIENTED_EDGE ( 'NONE', *, *, #3984, .T. ) ;
#3019 = CARTESIAN_POINT ( 'NONE',  ( -5.845883349804445572, 119.8258398792882105, 36.88927823987856414 ) ) ;
#3020 = DIRECTION ( 'NONE',  ( 1.000000000000000000, 0.000000000000000000, 0.000000000000000000 ) ) ;
#3021 = CARTESIAN_POINT ( 'NONE',  ( 76.81501998216512561, 5.099999999999999645, -1.428845727014055988 ) ) ;
#3022 = ADVANCED_FACE ( 'NONE', ( #3106 ), #3272, .F. ) ;
#3023 = ORIENTED_EDGE ( 'NONE', *, *, #8885, .T. ) ;
#3024 = FACE_OUTER_BOUND ( 'NONE', #11108, .T. ) ;
#3025 = CARTESIAN_POINT ( 'NONE',  ( -1.216416450873793024E-15, 109.8258398792882247, -21.03649027154900608 ) ) ;
#3026 = VECTOR ( 'NONE', #9341, 1000.000000000000000 ) ;
#3027 = ORIENTED_EDGE ( 'NONE', *, *, #8184, .T. ) ;
#3028 = ORIENTED_EDGE ( 'NONE', *, *, #1947, .T. ) ;
#3029 = DIRECTION ( 'NONE',  ( -0.000000000000000000, 1.000000000000000000, -0.000000000000000000 ) ) ;
#3030 = DIRECTION ( 'NONE',  ( 1.000000000000000000, -0.000000000000000000, -0.000000000000000000 ) ) ;
#3031 = EDGE_LOOP ( 'NONE', ( #4907, #5374, #7455, #9226 ) ) ;
#3032 = CIRCLE ( 'NONE', #4726, 4.999999999999999112 ) ;
#3033 = VECTOR ( 'NONE', #5461, 1000.000000000000000 ) ;
#3034 = DIRECTION ( 'NONE',  ( 0.000000000000000000, 0.000000000000000000, 1.000000000000000000 ) ) ;
#3035 = DIRECTION ( 'NONE',  ( 0.000000000000000000, 0.000000000000000000, -1.000000000000000000 ) ) ;
#3036 = PLANE ( 'NONE',  #4951 ) ;
#3037 = ADVANCED_FACE ( 'NONE', ( #1323 ), #7668, .T. ) ;
#3038 = EDGE_CURVE ( 'NONE', #7931, #5880, #450, .T. ) ;
#3039 = EDGE_LOOP ( 'NONE', ( #5641, #8807, #8981, #8716, #10408, #2596 ) ) ;
#3040 = DIRECTION ( 'NONE',  ( 0.000000000000000000, 0.000000000000000000, -1.000000000000000000 ) ) ;
#3041 = DIRECTION ( 'NONE',  ( 1.000000000000000000, 0.000000000000000000, -8.405686134351577711E-17 ) ) ;
#3042 = VERTEX_POINT ( 'NONE', #10527 ) ;
#3043 = EDGE_LOOP ( 'NONE', ( #11260, #7613, #9714, #8671 ) ) ;
#3044 = EDGE_CURVE ( 'NONE', #9761, #8923, #8541, .T. ) ;
#3045 = AXIS2_PLACEMENT_3D ( 'NONE', #2956, #7448, #1337 ) ;
#3046 = ADVANCED_FACE ( 'NONE', ( #8598 ), #9478, .T. ) ;
#3047 = VECTOR ( 'NONE', #7894, 1000.000000000000000 ) ;
#3048 = DIRECTION ( 'NONE',  ( 1.000000000000000000, -0.000000000000000000, -0.000000000000000000 ) ) ;
#3049 = CARTESIAN_POINT ( 'NONE',  ( 43.40689872104514535, 74.43999999999417128, -7.959769997217390092 ) ) ;
#3050 = CARTESIAN_POINT ( 'NONE',  ( -82.54999999999999716, 58.93999999999998352, 5.399999999999993250 ) ) ;
#3051 = EDGE_CURVE ( 'NONE', #7474, #7951, #8769, .T. ) ;
#3052 = ORIENTED_EDGE ( 'NONE', *, *, #545, .T. ) ;
#3053 = CARTESIAN_POINT ( 'NONE',  ( -5.000429496931850792, 110.8258398792882247, 4.963509728450992142 ) ) ;
#3054 = VECTOR ( 'NONE', #9898, 1000.000000000000000 ) ;
#3055 = CARTESIAN_POINT ( 'NONE',  ( -52.36501998304115091, 8.274999999999998579, 20.22115427297831403 ) ) ;
#3056 = VECTOR ( 'NONE', #4160, 1000.000000000000000 ) ;
#3057 = VERTEX_POINT ( 'NONE', #2232 ) ;
#3058 = ORIENTED_EDGE ( 'NONE', *, *, #5785, .F. ) ;
#3059 = EDGE_CURVE ( 'NONE', #2202, #4838, #7604, .T. ) ;
#3060 = EDGE_CURVE ( 'NONE', #5003, #8232, #2339, .T. ) ;
#3061 = EDGE_CURVE ( 'NONE', #5829, #9140, #11368, .T. ) ;
#3062 = AXIS2_PLACEMENT_3D ( 'NONE', #2111, #2322, #8429 ) ;
#3063 = VECTOR ( 'NONE', #2438, 1000.000000000000000 ) ;
#3064 = CARTESIAN_POINT ( 'NONE',  ( -73.96808532237744771, 5.099999999999999645, 17.06344096893413820 ) ) ;
#3065 = CARTESIAN_POINT ( 'NONE',  ( 42.54999999999999716, 93.00000000000000000, 33.89999999999999147 ) ) ;
#3066 = DIRECTION ( 'NONE',  ( -0.000000000000000000, -1.000000000000000000, -0.000000000000000000 ) ) ;
#3067 = CARTESIAN_POINT ( 'NONE',  ( 79.37500000000000000, 69.46500000000000341, -29.66122071973760654 ) ) ;
#3068 = CARTESIAN_POINT ( 'NONE',  ( -6.180133445397158809, 110.5899002689743327, 36.89999999999998437 ) ) ;
#3069 = CYLINDRICAL_SURFACE ( 'NONE', #7960, 1.000000000000000888 ) ;
#3070 = CARTESIAN_POINT ( 'NONE',  ( -50.48689872104515075, 96.40000537621601495, 3.358535111626435476 ) ) ;
#3071 = DIRECTION ( 'NONE',  ( 1.075621078440235046E-16, 0.7071063548969745982, -0.7071072074758634196 ) ) ;
#3072 = VERTEX_POINT ( 'NONE', #2278 ) ;
#3073 = ORIENTED_EDGE ( 'NONE', *, *, #2692, .T. ) ;
#3074 = VECTOR ( 'NONE', #469, 1000.000000000000000 ) ;
#3075 = VECTOR ( 'NONE', #406, 1000.000000000000000 ) ;
#3076 = EDGE_LOOP ( 'NONE', ( #2146, #808, #8727, #11583 ) ) ;
#3077 = CIRCLE ( 'NONE', #3451, 1.149999999999998135 ) ;
#3078 = DIRECTION ( 'NONE',  ( 1.000000000000000000, 0.000000000000000000, -8.863495325085417182E-17 ) ) ;
#3079 = CARTESIAN_POINT ( 'NONE',  ( -52.36501998304115091, 8.274999999999998579, 19.07115427297831900 ) ) ;
#3080 = ORIENTED_EDGE ( 'NONE', *, *, #6237, .T. ) ;
#3081 = CARTESIAN_POINT ( 'NONE',  ( 46.58189872104513540, 97.40000406513269127, 2.358535216981981986 ) ) ;
#3082 = DIRECTION ( 'NONE',  ( 0.000000000000000000, -0.000000000000000000, 1.000000000000000000 ) ) ;
#3083 = VECTOR ( 'NONE', #6497, 1000.000000000000114 ) ;
#3084 = VERTEX_POINT ( 'NONE', #3213 ) ;
#3085 = DIRECTION ( 'NONE',  ( -9.344377123928392131E-13, -1.000000000000000000, 0.000000000000000000 ) ) ;
#3086 = CARTESIAN_POINT ( 'NONE',  ( 81.55000000000001137, 58.93999999999998352, 5.399999999999993250 ) ) ;
#3087 = VERTEX_POINT ( 'NONE', #7716 ) ;
#3088 = VERTEX_POINT ( 'NONE', #1446 ) ;
#3089 = DIRECTION ( 'NONE',  ( 0.8191520442889822506, 0.000000000000000000, -0.5735764363510597041 ) ) ;
#3090 = ORIENTED_EDGE ( 'NONE', *, *, #5806, .T. ) ;
#3091 = AXIS2_PLACEMENT_3D ( 'NONE', #2548, #10688, #9850 ) ;
#3092 = EDGE_CURVE ( 'NONE', #3370, #11335, #4224, .T. ) ;
#3093 = AXIS2_PLACEMENT_3D ( 'NONE', #9071, #8131, #9770 ) ;
#3094 = AXIS2_PLACEMENT_3D ( 'NONE', #3895, #7509, #8556 ) ;
#3095 = CARTESIAN_POINT ( 'NONE',  ( -74.43749999996865085, -4.758722840905002194, -40.25769145387477721 ) ) ;
#3096 = DIRECTION ( 'NONE',  ( 8.051187124969273527E-17, -0.2873478854995805132, 0.9578262852411809636 ) ) ;
#3097 = FACE_OUTER_BOUND ( 'NONE', #7916, .T. ) ;
#3098 = EDGE_LOOP ( 'NONE', ( #719, #8448, #9776, #886, #4684, #8406, #9796, #9621, #8068, #7366, #1581, #4132 ) ) ;
#3099 = DIRECTION ( 'NONE',  ( 0.000000000000000000, 1.000000000000000000, -0.000000000000000000 ) ) ;
#3100 = CARTESIAN_POINT ( 'NONE',  ( 80.80989147073570678, 108.7322059174772875, 45.80636603818983588 ) ) ;
#3101 = EDGE_LOOP ( 'NONE', ( #11458, #973, #5164, #3667, #4992, #2458, #7440 ) ) ;
#3102 = EDGE_LOOP ( 'NONE', ( #7943, #3310 ) ) ;
#3103 = VECTOR ( 'NONE', #2308, 1000.000000000000000 ) ;
#3104 = EDGE_CURVE ( 'NONE', #3637, #7326, #4996, .T. ) ;
#3105 = CARTESIAN_POINT ( 'NONE',  ( 50.48689872104515075, 72.67997248461419701, -24.29018084517760911 ) ) ;
#3106 = FACE_OUTER_BOUND ( 'NONE', #3187, .T. ) ;
#3107 = DIRECTION ( 'NONE',  ( 0.000000000000000000, -0.000000000000000000, 1.000000000000000000 ) ) ;
#3108 = VECTOR ( 'NONE', #9692, 1000.000000000000000 ) ;
#3109 = VECTOR ( 'NONE', #11383, 1000.000000000000000 ) ;
#3110 = ORIENTED_EDGE ( 'NONE', *, *, #8609, .F. ) ;
#3111 = AXIS2_PLACEMENT_3D ( 'NONE', #10705, #7991, #4456 ) ;
#3112 = CARTESIAN_POINT ( 'NONE',  ( -61.59000000000155950, 5.099999999999999645, 19.62115427306273219 ) ) ;
#3113 = EDGE_LOOP ( 'NONE', ( #9271, #1128, #1345 ) ) ;
#3114 = DIRECTION ( 'NONE',  ( 0.000000000000000000, -1.000000000000000000, 0.000000000000000000 ) ) ;
#3115 = EDGE_LOOP ( 'NONE', ( #9344, #5544, #8645, #9025, #2856, #10627, #2668, #7228 ) ) ;
#3116 = ADVANCED_FACE ( 'NONE', ( #5055 ), #3442, .F. ) ;
#3117 = CIRCLE ( 'NONE', #6685, 1.150000000000003020 ) ;
#3118 = AXIS2_PLACEMENT_3D ( 'NONE', #5308, #6964, #688 ) ;
#3119 = FACE_BOUND ( 'NONE', #5586, .T. ) ;
#3120 = CARTESIAN_POINT ( 'NONE',  ( -81.83834370240603562, 107.5330774786449126, 44.60723759935817156 ) ) ;
#3121 = LINE ( 'NONE', #8378, #4011 ) ;
#3122 = CARTESIAN_POINT ( 'NONE',  ( -46.58189872104514251, 72.64000000000000057, -7.085838131530381798E-15 ) ) ;
#3123 = DIRECTION ( 'NONE',  ( 0.000000000000000000, -0.000000000000000000, -1.000000000000000000 ) ) ;
#3124 = DIRECTION ( 'NONE',  ( -0.5735764363510426067, -0.8191520442889942411, 8.760552383784100532E-17 ) ) ;
#3125 = AXIS2_PLACEMENT_3D ( 'NONE', #5832, #5108, #1379 ) ;
#3126 = EDGE_CURVE ( 'NONE', #2929, #6309, #6824, .T. ) ;
#3127 = DIRECTION ( 'NONE',  ( 0.000000000000000000, 0.000000000000000000, -1.000000000000000000 ) ) ;
#3128 = EDGE_CURVE ( 'NONE', #3649, #6292, #8648, .T. ) ;
#3129 = AXIS2_PLACEMENT_3D ( 'NONE', #7694, #4133, #3243 ) ;
#3130 = EDGE_CURVE ( 'NONE', #1981, #9161, #11562, .T. ) ;
#3131 = ORIENTED_EDGE ( 'NONE', *, *, #1674, .T. ) ;
#3132 = ORIENTED_EDGE ( 'NONE', *, *, #10829, .F. ) ;
#3133 = EDGE_LOOP ( 'NONE', ( #10874, #3253 ) ) ;
#3134 = CLOSED_SHELL ( 'NONE', ( #2300, #7601, #2555, #917, #6235, #9232, #8082, #10054, #2952, #3022, #9983, #2119, #1102, #3764, #2033, #10990, #8705, #7939, #2593, #1028, #1679, #8394, #5145, #8465, #634, #1602, #6051, #2878, #867, #2749, #5442, #7315, #5636, #2155, #9948, #6896, #2462, #2192, #4498, #3190, #516, #1743, #2919, #7965, #8655, #10157, #6433, #10146, #295, #385, #8370, #11350, #1918, #5137, #6310, #6546, #7324, #837, #206, #1203, #9960, #1344, #6602, #3869, #378, #174, #1320, #6569, #2393, #8360, #4205, #6937, #3388, #1818, #11207, #10196, #6600, #11573, #7568, #5879, #5906, #3676, #1576, #3164, #6793, #11085, #5770, #8540, #5921, #3431, #9545, #7459, #8656, #3046, #3536, #1757, #667, #10122, #7095, #9875, #1465, #232, #10345, #1644, #7843, #2951, #7239, #4187, #166, #5651, #7616, #1621, #2446, #11310, #8746, #4842, #9403, #10150, #778, #801, #5970, #4933, #4868, #105, #6670, #10410, #5866, #10129, #6149, #4869, #5052, #1827, #5934, #10420, #9022, #8371, #1658, #3399, #8480, #383, #446, #2319, #6672, #6722, #3472, #11122, #10407, #1137, #5039, #1802, #4928, #9315, #6835, #3477, #7323, #5670, #9012, #7733, #1868, #10022, #2763, #2905, #4284, #4291, #7813, #4480, #1315, #4711, #7176, #7825, #8114, #8182, #910, #3535, #5392, #4880, #1075, #6742, #7721, #6744, #10965, #5373, #3327, #218, #9569, #9404, #247, #7080, #11054, #9730, #6162, #6866, #7923, #2092, #2683, #8987, #4572, #1388, #4103, #8214, #1526, #1601, #10987, #8732, #1995, #11021, #940, #11660, #7754, #3804, #9456, #4338, #3549, #2536, #10038, #2234, #10115, #4630, #4418, #10379, #4000, #1904, #6582, #2318, #11176, #6161, #8563, #5557, #3037, #5605, #4176, #11323, #1559, #9753, #9099, #8467, #5449, #8595, #4640, #4269, #9823, #9793, #11546, #4289, #9255, #11107, #6512, #8794, #63, #7257, #1900, #2107, #447, #1074, #10245, #2193, #10964, #7303, #4064, #9343, #2773, #7490, #8896, #10708, #9113, #3516, #5658, #2403, #5996, #5303, #6526, #6118, #8029, #461, #3199, #8856, #3116, #842, #11579, #1082, #10535, #3415, #6957, #9389, #3010, #7593, #9831, #10331, #9041, #1217, #4919, #11637, #1507, #1965, #1709, #3387, #6377, #8384, #7258, #9158, #9777, #889, #2801, #4656, #5777, #6019, #5978, #6214, #8158, #10097, #8383, #9379, #2619, #9256, #4016, #7755, #3631, #8968, #9465, #10467, #3565, #9742, #2803, #327, #522, #11055, #1634, #3333, #10077, #362, #6495, #10466, #2401, #8975, #7746, #2299, #1833, #9792, #2967, #4131, #8401, #2118, #5283, #1494, #6251, #2833, #1241, #6683, #7179, #9504, #205, #3620, #3312, #5941, #8925, #2530, #7739, #4710, #89, #1242 ) ) ;
#3135 = DIRECTION ( 'NONE',  ( -0.000000000000000000, -1.000000000000000000, -0.000000000000000000 ) ) ;
#3136 = DIRECTION ( 'NONE',  ( 0.000000000000000000, 0.000000000000000000, 1.000000000000000000 ) ) ;
#3137 = ORIENTED_EDGE ( 'NONE', *, *, #6101, .T. ) ;
#3138 = DIRECTION ( 'NONE',  ( 1.000000000000000000, 0.000000000000000000, 9.169294481193143764E-14 ) ) ;
#3139 = LINE ( 'NONE', #5030, #9356 ) ;
#3140 = LINE ( 'NONE', #5861, #3103 ) ;
#3141 = ORIENTED_EDGE ( 'NONE', *, *, #9380, .F. ) ;
#3142 = LINE ( 'NONE', #9448, #8622 ) ;
#3143 = LINE ( 'NONE', #2261, #8010 ) ;
#3144 = EDGE_CURVE ( 'NONE', #5788, #5569, #5999, .T. ) ;
#3145 = VERTEX_POINT ( 'NONE', #8704 ) ;
#3146 = EDGE_LOOP ( 'NONE', ( #7907, #6287, #3805, #9929 ) ) ;
#3147 = EDGE_LOOP ( 'NONE', ( #9314, #4074, #10334, #10269, #1358, #4885, #3462, #7762, #6597, #7165, #5989, #9768 ) ) ;
#3148 = DIRECTION ( 'NONE',  ( 0.000000000000000000, 0.000000000000000000, -1.000000000000000000 ) ) ;
#3149 = CARTESIAN_POINT ( 'NONE',  ( 33.75500000000002387, 10.00000000000000000, 21.38115427306259875 ) ) ;
#3150 = CARTESIAN_POINT ( 'NONE',  ( -42.55000000000002558, 92.50000000000000000, 33.89999999999999147 ) ) ;
#3151 = DIRECTION ( 'NONE',  ( 1.000000000000000000, -0.000000000000000000, -0.000000000000000000 ) ) ;
#3152 = ORIENTED_EDGE ( 'NONE', *, *, #8823, .T. ) ;
#3153 = CARTESIAN_POINT ( 'NONE',  ( -0.1327752523027176945, 96.12583987928823603, 8.433509402387802112 ) ) ;
#3154 = LINE ( 'NONE', #498, #8387 ) ;
#3155 = EDGE_CURVE ( 'NONE', #894, #11606, #1750, .T. ) ;
#3156 = ORIENTED_EDGE ( 'NONE', *, *, #2772, .T. ) ;
#3157 = ORIENTED_EDGE ( 'NONE', *, *, #11121, .T. ) ;
#3158 = EDGE_CURVE ( 'NONE', #11592, #9054, #10733, .T. ) ;
#3159 = CARTESIAN_POINT ( 'NONE',  ( -52.36501998304115091, 5.099999999999999645, 17.92115427297832397 ) ) ;
#3160 = DIRECTION ( 'NONE',  ( -0.000000000000000000, -1.000000000000000000, -0.000000000000000000 ) ) ;
#3161 = CARTESIAN_POINT ( 'NONE',  ( -81.84979246179028678, 66.63999999999998636, -5.257691453874765664 ) ) ;
#3162 = VERTEX_POINT ( 'NONE', #3420 ) ;
#3163 = LINE ( 'NONE', #5724, #8696 ) ;
#3164 = ADVANCED_FACE ( 'NONE', ( #2594, #4427 ), #1886, .F. ) ;
#3165 = EDGE_CURVE ( 'NONE', #9969, #8575, #4484, .T. ) ;
#3166 = ORIENTED_EDGE ( 'NONE', *, *, #3223, .F. ) ;
#3167 = DIRECTION ( 'NONE',  ( 0.000000000000000000, 0.000000000000000000, -1.000000000000000000 ) ) ;
#3168 = EDGE_LOOP ( 'NONE', ( #11473, #4219, #6899, #4471, #9171, #7836, #5490, #7042 ) ) ;
#3169 = CARTESIAN_POINT ( 'NONE',  ( -82.54999999999999716, 109.8258398792882247, -22.92957932766295670 ) ) ;
#3170 = DIRECTION ( 'NONE',  ( 1.000000000000000000, -0.000000000000000000, 1.521157000053560499E-16 ) ) ;
#3171 = CARTESIAN_POINT ( 'NONE',  ( 72.76808532600743717, 8.274999999999998579, -0.6211324209942632457 ) ) ;
#3172 = DIRECTION ( 'NONE',  ( 0.000000000000000000, -1.000000000000000000, 0.000000000000000000 ) ) ;
#3173 = FACE_BOUND ( 'NONE', #8558, .T. ) ;
#3174 = CARTESIAN_POINT ( 'NONE',  ( -79.37500000000001421, 61.63999999999999346, -0.2576914538747651640 ) ) ;
#3175 = CARTESIAN_POINT ( 'NONE',  ( 50.48689872104515075, 95.28999999999417980, -0.6299859283196093118 ) ) ;
#3176 = EDGE_CURVE ( 'NONE', #444, #10394, #3654, .T. ) ;
#3177 = EDGE_CURVE ( 'NONE', #1329, #8222, #3210, .T. ) ;
#3178 = LINE ( 'NONE', #5021, #8591 ) ;
#3179 = ORIENTED_EDGE ( 'NONE', *, *, #4713, .F. ) ;
#3180 = ORIENTED_EDGE ( 'NONE', *, *, #11391, .T. ) ;
#3181 = EDGE_LOOP ( 'NONE', ( #5753, #5345 ) ) ;
#3182 = EDGE_CURVE ( 'NONE', #10556, #3546, #9731, .T. ) ;
#3183 = EDGE_CURVE ( 'NONE', #3819, #4616, #11517, .T. ) ;
#3184 = CARTESIAN_POINT ( 'NONE',  ( -0.1327752523027176945, 99.82583987928822467, 8.433509402387802112 ) ) ;
#3185 = CIRCLE ( 'NONE', #544, 24.20000000000000639 ) ;
#3186 = DIRECTION ( 'NONE',  ( -0.000000000000000000, -1.000000000000000000, 0.000000000000000000 ) ) ;
#3187 = EDGE_LOOP ( 'NONE', ( #2284, #1432, #1711, #588 ) ) ;
#3188 = FACE_OUTER_BOUND ( 'NONE', #10338, .T. ) ;
#3189 = CARTESIAN_POINT ( 'NONE',  ( 10.60957050304420690, 90.00000000000000000, -0.4337073862334295815 ) ) ;
#3190 = ADVANCED_FACE ( 'NONE', ( #9963 ), #5256, .T. ) ;
#3191 = ORIENTED_EDGE ( 'NONE', *, *, #2415, .F. ) ;
#3192 = CARTESIAN_POINT ( 'NONE',  ( 77.61250000000001137, 82.35514882866895903, -32.75769145387477010 ) ) ;
#3193 = DIRECTION ( 'NONE',  ( 0.8481145238789871144, 0.000000000000000000, 0.5298129428255965445 ) ) ;
#3194 = ORIENTED_EDGE ( 'NONE', *, *, #4968, .F. ) ;
#3195 = EDGE_LOOP ( 'NONE', ( #10653, #1442, #5405, #10643 ) ) ;
#3196 = LINE ( 'NONE', #4114, #4512 ) ;
#3197 = AXIS2_PLACEMENT_3D ( 'NONE', #1739, #8117, #3687 ) ;
#3198 = ORIENTED_EDGE ( 'NONE', *, *, #8095, .F. ) ;
#3199 = ADVANCED_FACE ( 'NONE', ( #2777 ), #8849, .T. ) ;
#3200 = DIRECTION ( 'NONE',  ( 0.000000000000000000, 0.000000000000000000, 1.000000000000000000 ) ) ;
#3201 = DIRECTION ( 'NONE',  ( -0.000000000000000000, -1.000000000000000000, -0.000000000000000000 ) ) ;
#3202 = VECTOR ( 'NONE', #6627, 1000.000000000000000 ) ;
#3203 = CARTESIAN_POINT ( 'NONE',  ( -73.96808532237744771, 8.274999999999998579, 17.06344096893413820 ) ) ;
#3204 = DIRECTION ( 'NONE',  ( 0.000000000000000000, 1.000000000000000000, -0.000000000000000000 ) ) ;
#3205 = CARTESIAN_POINT ( 'NONE',  ( -61.59000000000065711, 8.274999999999998579, 18.12419718570802019 ) ) ;
#3206 = EDGE_LOOP ( 'NONE', ( #11003, #5168, #1960, #3672 ) ) ;
#3207 = PLANE ( 'NONE',  #10764 ) ;
#3208 = CARTESIAN_POINT ( 'NONE',  ( 82.41986337973824561, 105.4802095945364044, 43.20873943049566890 ) ) ;
#3209 = ORIENTED_EDGE ( 'NONE', *, *, #10680, .F. ) ;
#3210 =( BOUNDED_CURVE ( )  B_SPLINE_CURVE ( 3, ( #3592, #7032, #11581, #9782 ),
 .UNSPECIFIED., .F., .T. ) 
 B_SPLINE_CURVE_WITH_KNOTS ( ( 4, 4 ),
 ( 0.000000000000000000, 1.570796326794896558 ),
 .UNSPECIFIED. ) 
 CURVE ( )  GEOMETRIC_REPRESENTATION_ITEM ( )  RATIONAL_B_SPLINE_CURVE ( ( 1.000000000000000000, 0.8047378541243649375, 0.8047378541243649375, 1.000000000000000000 ) ) 
 REPRESENTATION_ITEM ( '' )  );
#3211 = ORIENTED_EDGE ( 'NONE', *, *, #5556, .T. ) ;
#3212 = CARTESIAN_POINT ( 'NONE',  ( 46.58189872104514251, 72.64000000000000057, 3.358530552390479595 ) ) ;
#3213 = CARTESIAN_POINT ( 'NONE',  ( 69.19999999999558327, -4.758722840904693996, -40.25769145387477721 ) ) ;
#3214 = DIRECTION ( 'NONE',  ( 0.000000000000000000, 1.000000000000000000, 0.000000000000000000 ) ) ;
#3215 = ORIENTED_EDGE ( 'NONE', *, *, #4601, .F. ) ;
#3216 = DIRECTION ( 'NONE',  ( 0.000000000000000000, 1.000000000000000000, 0.000000000000000000 ) ) ;
#3217 = ORIENTED_EDGE ( 'NONE', *, *, #8519, .T. ) ;
#3218 = CARTESIAN_POINT ( 'NONE',  ( -11.25499999999998302, 6.349999999999999645, 19.39999999999997371 ) ) ;
#3219 = ORIENTED_EDGE ( 'NONE', *, *, #944, .F. ) ;
#3220 = CARTESIAN_POINT ( 'NONE',  ( -79.37499999999997158, -27.00000000000000355, 21.38115427306259875 ) ) ;
#3221 = AXIS2_PLACEMENT_3D ( 'NONE', #3990, #8545, #10311 ) ;
#3222 = VERTEX_POINT ( 'NONE', #4308 ) ;
#3223 = EDGE_CURVE ( 'NONE', #2540, #1066, #7089, .T. ) ;
#3224 = DIRECTION ( 'NONE',  ( 0.000000000000000000, 0.000000000000000000, 1.000000000000000000 ) ) ;
#3225 = LINE ( 'NONE', #466, #3831 ) ;
#3226 = CARTESIAN_POINT ( 'NONE',  ( -50.48689872104515075, 72.67997248461419701, -24.29018084517760911 ) ) ;
#3227 = FACE_OUTER_BOUND ( 'NONE', #1422, .T. ) ;
#3228 = AXIS2_PLACEMENT_3D ( 'NONE', #5306, #10605, #514 ) ;
#3229 = VECTOR ( 'NONE', #11674, 1000.000000000000227 ) ;
#3230 = DIRECTION ( 'NONE',  ( 1.000000000000000000, 0.000000000000000000, 1.335278419062900361E-16 ) ) ;
#3231 = DIRECTION ( 'NONE',  ( 0.000000000000000000, 0.000000000000000000, -1.000000000000000000 ) ) ;
#3232 = ORIENTED_EDGE ( 'NONE', *, *, #8816, .T. ) ;
#3233 = ORIENTED_EDGE ( 'NONE', *, *, #7823, .F. ) ;
#3234 = VERTEX_POINT ( 'NONE', #10679 ) ;
#3235 = AXIS2_PLACEMENT_3D ( 'NONE', #9800, #657, #11476 ) ;
#3236 = VECTOR ( 'NONE', #2974, 1000.000000000000000 ) ;
#3237 = EDGE_CURVE ( 'NONE', #5829, #10595, #5316, .T. ) ;
#3238 = EDGE_CURVE ( 'NONE', #883, #3422, #10798, .T. ) ;
#3239 = CARTESIAN_POINT ( 'NONE',  ( -25.00042949693185079, 124.8258398792882247, 11.89999999999998614 ) ) ;
#3240 = DIRECTION ( 'NONE',  ( 1.000000000000000000, 0.000000000000000000, 0.000000000000000000 ) ) ;
#3241 = ORIENTED_EDGE ( 'NONE', *, *, #11408, .T. ) ;
#3242 = CARTESIAN_POINT ( 'NONE',  ( 76.81501998216515403, 8.274999999999998579, 17.92115427298595876 ) ) ;
#3243 = DIRECTION ( 'NONE',  ( 0.000000000000000000, 0.000000000000000000, 1.000000000000000000 ) ) ;
#3244 = CARTESIAN_POINT ( 'NONE',  ( 32.81141477699463849, 97.50000000000000000, 22.30467496797187010 ) ) ;
#3245 = AXIS2_PLACEMENT_3D ( 'NONE', #2782, #7390, #9149 ) ;
#3246 = CARTESIAN_POINT ( 'NONE',  ( 53.40689872104514535, 95.63999999999417412, -2.374168628343574561 ) ) ;
#3247 = CARTESIAN_POINT ( 'NONE',  ( 81.55000000000001137, 58.93999999999998352, -5.257691453874764775 ) ) ;
#3248 = VECTOR ( 'NONE', #8208, 1000.000000000000000 ) ;
#3249 = CARTESIAN_POINT ( 'NONE',  ( -81.84979246179028678, 66.63999999999998636, -5.257691453874765664 ) ) ;
#3250 = ORIENTED_EDGE ( 'NONE', *, *, #10903, .T. ) ;
#3251 = AXIS2_PLACEMENT_3D ( 'NONE', #7205, #3476, #6382 ) ;
#3252 = EDGE_LOOP ( 'NONE', ( #8631, #7132, #2428, #8167 ) ) ;
#3253 = ORIENTED_EDGE ( 'NONE', *, *, #6241, .F. ) ;
#3254 = CARTESIAN_POINT ( 'NONE',  ( 46.58189872104514251, 72.64000000000000057, 3.358535111626396397 ) ) ;
#3255 = EDGE_CURVE ( 'NONE', #9352, #2103, #4765, .T. ) ;
#3256 = LINE ( 'NONE', #11348, #2185 ) ;
#3257 = DIRECTION ( 'NONE',  ( -0.5735764363510573727, -0.8191520442889839160, 0.000000000000000000 ) ) ;
#3258 = VECTOR ( 'NONE', #6932, 1000.000000000000000 ) ;
#3259 = ORIENTED_EDGE ( 'NONE', *, *, #10523, .F. ) ;
#3260 = DIRECTION ( 'NONE',  ( 0.000000000000000000, 0.000000000000000000, -1.000000000000000000 ) ) ;
#3261 = DIRECTION ( 'NONE',  ( 0.000000000000000000, -1.000000000000000000, 0.000000000000000000 ) ) ;
#3262 = DIRECTION ( 'NONE',  ( 0.000000000000000000, 0.000000000000000000, 1.000000000000000000 ) ) ;
#3263 = ORIENTED_EDGE ( 'NONE', *, *, #4030, .T. ) ;
#3264 = CARTESIAN_POINT ( 'NONE',  ( -50.48689872104515075, 74.78999999999417980, -23.92998592831960991 ) ) ;
#3265 = FACE_OUTER_BOUND ( 'NONE', #9913, .T. ) ;
#3266 = EDGE_CURVE ( 'NONE', #8479, #272, #11187, .T. ) ;
#3267 = ORIENTED_EDGE ( 'NONE', *, *, #9580, .T. ) ;
#3268 = EDGE_CURVE ( 'NONE', #8461, #3088, #9844, .T. ) ;
#3269 = ORIENTED_EDGE ( 'NONE', *, *, #5155, .F. ) ;
#3270 = AXIS2_PLACEMENT_3D ( 'NONE', #6484, #2056, #5661 ) ;
#3271 = CARTESIAN_POINT ( 'NONE',  ( -77.61249999996864801, -4.758722840905002194, -40.25769145387477721 ) ) ;
#3272 = CYLINDRICAL_SURFACE ( 'NONE', #6305, 1.150000000000001688 ) ;
#3273 = PLANE ( 'NONE',  #975 ) ;
#3274 = EDGE_LOOP ( 'NONE', ( #8863, #476, #1286, #9870, #8835 ) ) ;
#3275 = LINE ( 'NONE', #7840, #4550 ) ;
#3276 = AXIS2_PLACEMENT_3D ( 'NONE', #9091, #1170, #4782 ) ;
#3277 = ORIENTED_EDGE ( 'NONE', *, *, #282, .F. ) ;
#3278 = VERTEX_POINT ( 'NONE', #870 ) ;
#3279 = ORIENTED_EDGE ( 'NONE', *, *, #10732, .F. ) ;
#3280 = CONICAL_SURFACE ( 'NONE', #4993, 5.499999999999973355, 0.9599310885968850293 ) ;
#3281 = FACE_OUTER_BOUND ( 'NONE', #6066, .T. ) ;
#3282 = CIRCLE ( 'NONE', #9886, 5.499999999999973355 ) ;
#3283 = CIRCLE ( 'NONE', #475, 5.999999999999998224 ) ;
#3284 = DIRECTION ( 'NONE',  ( 0.5735764363510464925, 0.000000000000000000, -0.8191520442889915765 ) ) ;
#3285 = CARTESIAN_POINT ( 'NONE',  ( 30.99957050306814210, 109.8258398792882247, -3.777941523293510583E-15 ) ) ;
#3286 = CARTESIAN_POINT ( 'NONE',  ( 79.37500000000000000, 18.85000000000000497, -37.08269145387476584 ) ) ;
#3287 = DIRECTION ( 'NONE',  ( -0.000000000000000000, -0.000000000000000000, 1.000000000000000000 ) ) ;
#3288 = CARTESIAN_POINT ( 'NONE',  ( 81.55000000000001137, 58.93999999999998352, 10.39999999999999503 ) ) ;
#3289 = EDGE_LOOP ( 'NONE', ( #10032, #3028, #8036, #11395 ) ) ;
#3290 = EDGE_CURVE ( 'NONE', #3899, #7908, #9027, .T. ) ;
#3291 = CIRCLE ( 'NONE', #6889, 1.149999999999998135 ) ;
#3292 = VERTEX_POINT ( 'NONE', #65 ) ;
#3293 = VECTOR ( 'NONE', #7416, 1000.000000000000000 ) ;
#3294 = VECTOR ( 'NONE', #6736, 1000.000000000000000 ) ;
#3295 = CIRCLE ( 'NONE', #10849, 1.000000000000000888 ) ;
#3296 = ORIENTED_EDGE ( 'NONE', *, *, #4676, .T. ) ;
#3297 = FACE_BOUND ( 'NONE', #4738, .T. ) ;
#3298 = CARTESIAN_POINT ( 'NONE',  ( -79.37500000000001421, 90.00000000000000000, -127.1386775125482842 ) ) ;
#3299 = VECTOR ( 'NONE', #1999, 1000.000000000000000 ) ;
#3300 = LINE ( 'NONE', #524, #740 ) ;
#3301 = AXIS2_PLACEMENT_3D ( 'NONE', #1218, #5787, #4834 ) ;
#3302 = AXIS2_PLACEMENT_3D ( 'NONE', #8916, #640, #6028 ) ;
#3303 = ORIENTED_EDGE ( 'NONE', *, *, #154, .F. ) ;
#3304 = CARTESIAN_POINT ( 'NONE',  ( -44.06500000000043826, 8.274999999999998579, 8.821154273062886020 ) ) ;
#3305 = LINE ( 'NONE', #4261, #10470 ) ;
#3306 = CARTESIAN_POINT ( 'NONE',  ( 67.12499999999998579, 104.8258398792882247, 37.90000000000004832 ) ) ;
#3307 = DIRECTION ( 'NONE',  ( -1.000000000000000000, 0.000000000000000000, 9.645899640478401470E-17 ) ) ;
#3308 = PLANE ( 'NONE',  #10488 ) ;
#3309 = CARTESIAN_POINT ( 'NONE',  ( -72.76808532600743717, 5.099999999999999645, -0.6211324209942632457 ) ) ;
#3310 = ORIENTED_EDGE ( 'NONE', *, *, #11265, .T. ) ;
#3311 = EDGE_CURVE ( 'NONE', #1551, #5791, #11150, .T. ) ;
#3312 = ADVANCED_FACE ( 'NONE', ( #2125 ), #351, .T. ) ;
#3313 = ORIENTED_EDGE ( 'NONE', *, *, #11501, .T. ) ;
#3314 = VERTEX_POINT ( 'NONE', #8376 ) ;
#3315 = TOROIDAL_SURFACE ( 'NONE', #2373, 20.00000000000000000, 5.000000000000000000 ) ;
#3316 = VECTOR ( 'NONE', #642, 1000.000000000000000 ) ;
#3317 = PLANE ( 'NONE',  #3820 ) ;
#3318 = CARTESIAN_POINT ( 'NONE',  ( 4.999570503068137661, 109.8258398792882247, -21.03649027154900608 ) ) ;
#3319 = VERTEX_POINT ( 'NONE', #8439 ) ;
#3320 = DIRECTION ( 'NONE',  ( 0.000000000000000000, 0.000000000000000000, -1.000000000000000000 ) ) ;
#3321 = PLANE ( 'NONE',  #11071 ) ;
#3322 = CARTESIAN_POINT ( 'NONE',  ( 11.25500000000000433, 6.349999999999999645, 2.042308546125239932 ) ) ;
#3323 = VERTEX_POINT ( 'NONE', #2829 ) ;
#3324 = FACE_OUTER_BOUND ( 'NONE', #3098, .T. ) ;
#3325 = CARTESIAN_POINT ( 'NONE',  ( 82.54999999999999716, 105.4804563465398246, 42.22730823363713881 ) ) ;
#3326 = AXIS2_PLACEMENT_3D ( 'NONE', #8754, #4451, #3377 ) ;
#3327 = ADVANCED_FACE ( 'NONE', ( #2010 ), #1950, .F. ) ;
#3328 = EDGE_CURVE ( 'NONE', #10855, #6847, #235, .T. ) ;
#3329 = VERTEX_POINT ( 'NONE', #10139 ) ;
#3330 = DIRECTION ( 'NONE',  ( 6.084628000214241995E-16, 0.000000000000000000, 1.000000000000000000 ) ) ;
#3331 = ORIENTED_EDGE ( 'NONE', *, *, #10582, .F. ) ;
#3333 = ADVANCED_FACE ( 'NONE', ( #1164 ), #9084, .F. ) ;
#3332 = CARTESIAN_POINT ( 'NONE',  ( -29.00040951398291256, 96.12583987928823603, 17.88353407934097916 ) ) ;
#3334 = EDGE_CURVE ( 'NONE', #7045, #6124, #8723, .T. ) ;
#3335 = DIRECTION ( 'NONE',  ( 1.000000000000000000, 0.000000000000000000, -0.000000000000000000 ) ) ;
#3336 = DIRECTION ( 'NONE',  ( 0.5735764363510438280, 0.000000000000000000, 0.8191520442889934639 ) ) ;
#3337 = DIRECTION ( 'NONE',  ( 1.000000000000000000, 0.000000000000000000, 1.335278419062900115E-16 ) ) ;
#3338 = AXIS2_PLACEMENT_3D ( 'NONE', #9396, #8516, #9508 ) ;
#3339 = ORIENTED_EDGE ( 'NONE', *, *, #8481, .T. ) ;
#3340 = CARTESIAN_POINT ( 'NONE',  ( 5.415312908800172131, 119.8271550059586588, -20.03649027154900608 ) ) ;
#3341 = CARTESIAN_POINT ( 'NONE',  ( -33.11067117007558380, 97.50000000000000000, 21.29350972893928429 ) ) ;
#3342 = EDGE_CURVE ( 'NONE', #7872, #6547, #2063, .T. ) ;
#3343 = ORIENTED_EDGE ( 'NONE', *, *, #9098, .T. ) ;
#3344 = ORIENTED_EDGE ( 'NONE', *, *, #4470, .F. ) ;
#3345 = VERTEX_POINT ( 'NONE', #5673 ) ;
#3346 = VERTEX_POINT ( 'NONE', #10020 ) ;
#3347 = VECTOR ( 'NONE', #5917, 999.9999999999998863 ) ;
#3348 = DIRECTION ( 'NONE',  ( 0.000000000000000000, 1.951983478232497813E-16, -1.000000000000000000 ) ) ;
#3349 = PLANE ( 'NONE',  #478 ) ;
#3350 = EDGE_CURVE ( 'NONE', #7776, #2503, #5152, .T. ) ;
#3351 = DIRECTION ( 'NONE',  ( 9.169294481193143764E-14, -0.000000000000000000, 1.000000000000000000 ) ) ;
#3352 = FACE_OUTER_BOUND ( 'NONE', #11643, .T. ) ;
#3353 = CARTESIAN_POINT ( 'NONE',  ( 80.37500000000000000, 53.93999999999999062, -5.257691453874763887 ) ) ;
#3354 = DIRECTION ( 'NONE',  ( 0.000000000000000000, 0.000000000000000000, 1.000000000000000000 ) ) ;
#3355 = CARTESIAN_POINT ( 'NONE',  ( -81.84979246179028678, 58.93999999999998352, -0.2576914538747649974 ) ) ;
#3356 = ORIENTED_EDGE ( 'NONE', *, *, #8022, .F. ) ;
#3357 = EDGE_LOOP ( 'NONE', ( #6913, #10878, #3384, #8109 ) ) ;
#3358 = EDGE_LOOP ( 'NONE', ( #6764, #3375, #1944, #8449 ) ) ;
#3359 = LINE ( 'NONE', #8047, #7731 ) ;
#3360 = FACE_OUTER_BOUND ( 'NONE', #1470, .T. ) ;
#3361 = ORIENTED_EDGE ( 'NONE', *, *, #491, .F. ) ;
#3362 = PLANE ( 'NONE',  #785 ) ;
#3363 = CARTESIAN_POINT ( 'NONE',  ( 11.25500000000000433, 6.349999999999999645, 2.042308546125238600 ) ) ;
#3364 = VERTEX_POINT ( 'NONE', #3064 ) ;
#3365 = CARTESIAN_POINT ( 'NONE',  ( 44.06500000000043826, 5.099999999999999645, 8.821154273062886020 ) ) ;
#3366 = CARTESIAN_POINT ( 'NONE',  ( 46.58189872104513540, 72.64000000000000057, -26.48622071973760228 ) ) ;
#3367 = ORIENTED_EDGE ( 'NONE', *, *, #7662, .F. ) ;
#3368 = ORIENTED_EDGE ( 'NONE', *, *, #3176, .F. ) ;
#3369 = ORIENTED_EDGE ( 'NONE', *, *, #10325, .T. ) ;
#3370 = VERTEX_POINT ( 'NONE', #3821 ) ;
#3371 = VECTOR ( 'NONE', #5593, 1000.000000000000000 ) ;
#3372 = EDGE_CURVE ( 'NONE', #6547, #5814, #11098, .T. ) ;
#3373 = CARTESIAN_POINT ( 'NONE',  ( -43.40689872104514535, 74.78999999999417980, -0.6299859283196088677 ) ) ;
#3374 = CARTESIAN_POINT ( 'NONE',  ( 77.61250000000001137, 82.35514882866895903, -40.25769145387477010 ) ) ;
#3375 = ORIENTED_EDGE ( 'NONE', *, *, #5250, .F. ) ;
#3376 = CARTESIAN_POINT ( 'NONE',  ( -25.00042949693185079, 119.8258398792882105, 11.89999999999998614 ) ) ;
#3377 = DIRECTION ( 'NONE',  ( 0.000000000000000000, 1.000000000000000000, -1.365923996832131116E-16 ) ) ;
#3378 = DIRECTION ( 'NONE',  ( 0.000000000000000000, 0.000000000000000000, 1.000000000000000000 ) ) ;
#3379 = ORIENTED_EDGE ( 'NONE', *, *, #3334, .T. ) ;
#3380 = CYLINDRICAL_SURFACE ( 'NONE', #4349, 1.149999999999998135 ) ;
#3381 = CARTESIAN_POINT ( 'NONE',  ( 82.54999999999999716, 104.8258398792882105, 41.90000000000008384 ) ) ;
#3382 = LINE ( 'NONE', #6996, #10080 ) ;
#3383 = AXIS2_PLACEMENT_3D ( 'NONE', #9667, #11228, #575 ) ;
#3384 = ORIENTED_EDGE ( 'NONE', *, *, #5484, .F. ) ;
#3385 = ORIENTED_EDGE ( 'NONE', *, *, #6783, .F. ) ;
#3386 = VECTOR ( 'NONE', #252, 999.9999999999998863 ) ;
#3387 = ADVANCED_FACE ( 'NONE', ( #3888 ), #9476, .F. ) ;
#3388 = ADVANCED_FACE ( 'NONE', ( #4664 ), #3716, .F. ) ;
#3389 = CARTESIAN_POINT ( 'NONE',  ( -50.48689872104515075, 72.67999878751419374, 2.358530551520389817 ) ) ;
#3390 = DIRECTION ( 'NONE',  ( 1.000000000000000000, 0.000000000000000000, 0.000000000000000000 ) ) ;
#3391 = DIRECTION ( 'NONE',  ( 0.000000000000000000, 0.000000000000000000, -1.000000000000000000 ) ) ;
#3392 = EDGE_LOOP ( 'NONE', ( #11263, #4151, #5229, #5311 ) ) ;
#3393 = LINE ( 'NONE', #10265, #8324 ) ;
#3394 = DIRECTION ( 'NONE',  ( -0.000000000000000000, -1.000000000000000000, -0.000000000000000000 ) ) ;
#3395 = DIRECTION ( 'NONE',  ( -1.000000000000000000, 0.000000000000000000, 0.000000000000000000 ) ) ;
#3396 = ORIENTED_EDGE ( 'NONE', *, *, #6956, .T. ) ;
#3397 = VECTOR ( 'NONE', #4606, 1000.000000000000000 ) ;
#3398 = ORIENTED_EDGE ( 'NONE', *, *, #3449, .T. ) ;
#3399 = ADVANCED_FACE ( 'NONE', ( #5730 ), #7556, .F. ) ;
#3400 = EDGE_CURVE ( 'NONE', #2314, #6873, #3942, .T. ) ;
#3401 = LINE ( 'NONE', #4233, #6965 ) ;
#3402 = EDGE_LOOP ( 'NONE', ( #1896, #9540, #10448, #946 ) ) ;
#3403 = CARTESIAN_POINT ( 'NONE',  ( 80.47893218813453586, 109.8258398792882247, -22.92957932766295670 ) ) ;
#3404 = CIRCLE ( 'NONE', #1512, 1.200000000000003730 ) ;
#3405 = EDGE_CURVE ( 'NONE', #5727, #1989, #2188, .T. ) ;
#3406 = CARTESIAN_POINT ( 'NONE',  ( 43.40689872104513825, 97.50000000000000000, -29.66122071973760299 ) ) ;
#3407 = LINE ( 'NONE', #6906, #9310 ) ;
#3408 = LINE ( 'NONE', #7018, #1594 ) ;
#3409 = DIRECTION ( 'NONE',  ( 0.9999628129921691588, -0.008623956910148137742, -8.405373552035476396E-17 ) ) ;
#3410 = DIRECTION ( 'NONE',  ( 1.000000000000000000, 0.000000000000000000, 0.000000000000000000 ) ) ;
#3411 = LINE ( 'NONE', #4246, #4820 ) ;
#3412 = ORIENTED_EDGE ( 'NONE', *, *, #4926, .T. ) ;
#3413 = VECTOR ( 'NONE', #6120, 1000.000000000000114 ) ;
#3414 = ORIENTED_EDGE ( 'NONE', *, *, #1429, .T. ) ;
#3415 = ADVANCED_FACE ( 'NONE', ( #10082 ), #8316, .F. ) ;
#3416 = EDGE_CURVE ( 'NONE', #321, #1654, #6180, .T. ) ;
#3417 = ORIENTED_EDGE ( 'NONE', *, *, #7014, .F. ) ;
#3418 = VECTOR ( 'NONE', #2832, 1000.000000000000000 ) ;
#3419 = VECTOR ( 'NONE', #2113, 1000.000000000000000 ) ;
#3420 = CARTESIAN_POINT ( 'NONE',  ( -54.81499993151516748, 8.274999999999998579, 15.82115373010225312 ) ) ;
#3421 = LINE ( 'NONE', #11582, #9056 ) ;
#3422 = VERTEX_POINT ( 'NONE', #4893 ) ;
#3423 = DIRECTION ( 'NONE',  ( -0.000000000000000000, -1.000000000000000000, -0.000000000000000000 ) ) ;
#3424 = DIRECTION ( 'NONE',  ( 0.000000000000000000, 0.000000000000000000, -1.000000000000000000 ) ) ;
#3425 = ORIENTED_EDGE ( 'NONE', *, *, #7105, .F. ) ;
#3426 = FACE_OUTER_BOUND ( 'NONE', #288, .T. ) ;
#3427 = DIRECTION ( 'NONE',  ( 0.000000000000000000, -7.709882115452476934E-17, 1.000000000000000000 ) ) ;
#3428 = VERTEX_POINT ( 'NONE', #4223 ) ;
#3429 = VERTEX_POINT ( 'NONE', #5792 ) ;
#3430 = VECTOR ( 'NONE', #4760, 1000.000000000000000 ) ;
#3431 = ADVANCED_FACE ( 'NONE', ( #6115, #4001, #7620 ), #9702, .T. ) ;
#3432 = VERTEX_POINT ( 'NONE', #8825 ) ;
#3433 = EDGE_CURVE ( 'NONE', #7251, #10566, #11213, .T. ) ;
#3434 = DIRECTION ( 'NONE',  ( -1.000000000000000000, 0.000000000000000000, 0.000000000000000000 ) ) ;
#3435 = CARTESIAN_POINT ( 'NONE',  ( -82.54999999999999716, 104.8258398792882105, 41.90000000000009805 ) ) ;
#3436 = AXIS2_PLACEMENT_3D ( 'NONE', #194, #1970, #3783 ) ;
#3437 = VECTOR ( 'NONE', #893, 1000.000000000000000 ) ;
#3438 = ORIENTED_EDGE ( 'NONE', *, *, #7663, .T. ) ;
#3439 = DIRECTION ( 'NONE',  ( 0.000000000000000000, 1.000000000000000000, 0.000000000000000000 ) ) ;
#3440 = LINE ( 'NONE', #8870, #6917 ) ;
#3441 = LINE ( 'NONE', #9928, #1356 ) ;
#3442 = CONICAL_SURFACE ( 'NONE', #251, 5.499999999999975131, 0.9599310885968853624 ) ;
#3443 = ORIENTED_EDGE ( 'NONE', *, *, #3604, .F. ) ;
#3444 = LINE ( 'NONE', #9868, #5686 ) ;
#3445 = FACE_BOUND ( 'NONE', #187, .T. ) ;
#3446 = DIRECTION ( 'NONE',  ( 0.000000000000000000, -1.000000000000000000, 0.000000000000000000 ) ) ;
#3447 = ORIENTED_EDGE ( 'NONE', *, *, #4918, .F. ) ;
#3448 = ORIENTED_EDGE ( 'NONE', *, *, #1150, .T. ) ;
#3449 = EDGE_CURVE ( 'NONE', #1564, #8535, #4286, .T. ) ;
#3450 = AXIS2_PLACEMENT_3D ( 'NONE', #4069, #354, #9322 ) ;
#3451 = AXIS2_PLACEMENT_3D ( 'NONE', #10006, #6312, #9829 ) ;
#3452 = LINE ( 'NONE', #3515, #3615 ) ;
#3453 = ORIENTED_EDGE ( 'NONE', *, *, #3815, .F. ) ;
#3454 = DIRECTION ( 'NONE',  ( -0.000000000000000000, -1.000000000000000000, 0.000000000000000000 ) ) ;
#3455 = CARTESIAN_POINT ( 'NONE',  ( 50.48689872104515075, 73.67999999411362921, 3.358530552390479595 ) ) ;
#3456 = CARTESIAN_POINT ( 'NONE',  ( -82.55000000000002558, 99.82583987928822467, 0.000000000000000000 ) ) ;
#3457 = AXIS2_PLACEMENT_3D ( 'NONE', #9594, #9487, #7678 ) ;
#3458 = ORIENTED_EDGE ( 'NONE', *, *, #4985, .T. ) ;
#3459 = EDGE_LOOP ( 'NONE', ( #2362, #1536, #5325, #9376 ) ) ;
#3460 = EDGE_CURVE ( 'NONE', #3868, #2688, #10783, .T. ) ;
#3461 = DIRECTION ( 'NONE',  ( 0.000000000000000000, 0.000000000000000000, -1.000000000000000000 ) ) ;
#3462 = ORIENTED_EDGE ( 'NONE', *, *, #2461, .T. ) ;
#3463 = AXIS2_PLACEMENT_3D ( 'NONE', #11633, #2703, #11568 ) ;
#3464 = DIRECTION ( 'NONE',  ( 0.000000000000000000, 0.000000000000000000, -1.000000000000000000 ) ) ;
#3465 = DIRECTION ( 'NONE',  ( -1.521157000053560499E-16, 0.000000000000000000, -1.000000000000000000 ) ) ;
#3466 = CARTESIAN_POINT ( 'NONE',  ( 50.48689872104515075, 78.54000537782802382, -2.374168628343575449 ) ) ;
#3467 = AXIS2_PLACEMENT_3D ( 'NONE', #8568, #11398, #6923 ) ;
#3468 = LINE ( 'NONE', #10962, #227 ) ;
#3469 = DIRECTION ( 'NONE',  ( 0.000000000000000000, 0.000000000000000000, 1.000000000000000000 ) ) ;
#3470 = CARTESIAN_POINT ( 'NONE',  ( 8.109768608907312881, 99.82583987928821045, 17.30073093263340667 ) ) ;
#3471 = VERTEX_POINT ( 'NONE', #1874 ) ;
#3472 = ADVANCED_FACE ( 'NONE', ( #9131 ), #50, .T. ) ;
#3473 = ORIENTED_EDGE ( 'NONE', *, *, #11037, .F. ) ;
#3474 = ORIENTED_EDGE ( 'NONE', *, *, #6642, .F. ) ;
#3475 = VECTOR ( 'NONE', #2515, 1000.000000000000000 ) ;
#3476 = DIRECTION ( 'NONE',  ( 0.5735764363510429398, -0.8191520442889941300, -8.760552383784105463E-17 ) ) ;
#3477 = ADVANCED_FACE ( 'NONE', ( #1098 ), #9068, .F. ) ;
#3478 = DIRECTION ( 'NONE',  ( -1.000000000000000000, 0.000000000000000000, -0.000000000000000000 ) ) ;
#3479 = EDGE_CURVE ( 'NONE', #11470, #2427, #8166, .T. ) ;
#3480 = ORIENTED_EDGE ( 'NONE', *, *, #7966, .T. ) ;
#3481 = DIRECTION ( 'NONE',  ( 0.000000000000000000, 0.000000000000000000, -1.000000000000000000 ) ) ;
#3482 = DIRECTION ( 'NONE',  ( -0.000000000000000000, 0.000000000000000000, -1.000000000000000000 ) ) ;
#3483 = LINE ( 'NONE', #8917, #7631 ) ;
#3484 = AXIS2_PLACEMENT_3D ( 'NONE', #5150, #11175, #8740 ) ;
#3485 = CARTESIAN_POINT ( 'NONE',  ( -82.54999999999999716, 109.8258398792882247, 41.90000000000009805 ) ) ;
#3486 = VECTOR ( 'NONE', #8867, 1000.000000000000000 ) ;
#3487 = VECTOR ( 'NONE', #11609, 1000.000000000000000 ) ;
#3488 = DIRECTION ( 'NONE',  ( -1.000000000000000000, 0.000000000000000000, 1.335278419062900361E-16 ) ) ;
#3489 = CARTESIAN_POINT ( 'NONE',  ( 0.000000000000000000, -27.00000000000000355, -3.738845726937403580 ) ) ;
#3490 = ORIENTED_EDGE ( 'NONE', *, *, #8083, .F. ) ;
#3491 = EDGE_CURVE ( 'NONE', #1774, #1996, #3077, .T. ) ;
#3492 = ORIENTED_EDGE ( 'NONE', *, *, #873, .T. ) ;
#3493 = ORIENTED_EDGE ( 'NONE', *, *, #4567, .T. ) ;
#3494 = VECTOR ( 'NONE', #7073, 1000.000000000000000 ) ;
#3495 = CIRCLE ( 'NONE', #9894, 2.500000000000002220 ) ;
#3496 = CARTESIAN_POINT ( 'NONE',  ( 33.75500000000002387, -4.758722840904771267, -3.738845726937403580 ) ) ;
#3497 = CARTESIAN_POINT ( 'NONE',  ( -32.55000000000002558, 92.50000000000000000, 33.89999999999999147 ) ) ;
#3498 = LINE ( 'NONE', #2434, #3486 ) ;
#3499 = ORIENTED_EDGE ( 'NONE', *, *, #5799, .T. ) ;
#3500 = DIRECTION ( 'NONE',  ( -1.000000000000000000, 0.000000000000000000, 0.000000000000000000 ) ) ;
#3501 = CARTESIAN_POINT ( 'NONE',  ( 82.55000000000002558, 72.64000000000000057, 19.12967496797186939 ) ) ;
#3502 = DIRECTION ( 'NONE',  ( 1.000000000000000000, -0.000000000000000000, 1.335278419062900115E-16 ) ) ;
#3503 = ORIENTED_EDGE ( 'NONE', *, *, #6987, .T. ) ;
#3504 = LINE ( 'NONE', #4328, #3033 ) ;
#3505 = CARTESIAN_POINT ( 'NONE',  ( -80.07520753820969617, 58.93999999999998352, 10.39999999999999503 ) ) ;
#3506 = DIRECTION ( 'NONE',  ( 1.000000000000000000, 0.000000000000000000, 0.000000000000000000 ) ) ;
#3507 = AXIS2_PLACEMENT_3D ( 'NONE', #5823, #4093, #1367 ) ;
#3508 = ORIENTED_EDGE ( 'NONE', *, *, #555, .F. ) ;
#3509 = CIRCLE ( 'NONE', #1243, 1.000000000000000888 ) ;
#3510 = CARTESIAN_POINT ( 'NONE',  ( -54.81500000380517434, 8.274999999999998579, 19.62115427306273219 ) ) ;
#3511 = EDGE_LOOP ( 'NONE', ( #3559, #1680, #4138, #847 ) ) ;
#3512 = CARTESIAN_POINT ( 'NONE',  ( -50.48689872104515075, 74.43999999999417128, -2.374168628343575893 ) ) ;
#3513 = VECTOR ( 'NONE', #9864, 999.9999999999998863 ) ;
#3514 = PLANE ( 'NONE',  #8790 ) ;
#3515 = CARTESIAN_POINT ( 'NONE',  ( -33.11062444888668921, 99.82583987928829572, 21.29350972844888545 ) ) ;
#3516 = ADVANCED_FACE ( 'NONE', ( #858 ), #10989, .F. ) ;
#3517 = VERTEX_POINT ( 'NONE', #8253 ) ;
#3518 = LINE ( 'NONE', #2809, #4566 ) ;
#3519 = CARTESIAN_POINT ( 'NONE',  ( -5.043514005199861039, 124.8258398792882247, 32.10220843882515140 ) ) ;
#3520 = CARTESIAN_POINT ( 'NONE',  ( -81.84979246179028678, 58.93999999999998352, 10.39999999999999503 ) ) ;
#3521 = ORIENTED_EDGE ( 'NONE', *, *, #8305, .T. ) ;
#3522 = VERTEX_POINT ( 'NONE', #165 ) ;
#3523 = LINE ( 'NONE', #7131, #722 ) ;
#3524 = ORIENTED_EDGE ( 'NONE', *, *, #8818, .T. ) ;
#3525 = DIRECTION ( 'NONE',  ( -6.025932307130935509E-13, 0.000000000000000000, -1.000000000000000000 ) ) ;
#3526 = DIRECTION ( 'NONE',  ( 1.000000000000000000, 0.000000000000000000, 1.335278419062900361E-16 ) ) ;
#3527 = EDGE_CURVE ( 'NONE', #1312, #4494, #8958, .T. ) ;
#3528 = EDGE_CURVE ( 'NONE', #4802, #3790, #3753, .T. ) ;
#3529 = DIRECTION ( 'NONE',  ( 0.000000000000000000, 1.000000000000000000, -1.365923996832131116E-16 ) ) ;
#3530 = CARTESIAN_POINT ( 'NONE',  ( 6.246036463997028498, 119.8258398792882105, -20.00539738836623016 ) ) ;
#3531 = DIRECTION ( 'NONE',  ( -0.000000000000000000, 1.000000000000000000, -0.000000000000000000 ) ) ;
#3532 = VERTEX_POINT ( 'NONE', #3579 ) ;
#3533 = ORIENTED_EDGE ( 'NONE', *, *, #4524, .T. ) ;
#3534 = DIRECTION ( 'NONE',  ( 0.000000000000000000, 0.000000000000000000, -1.000000000000000000 ) ) ;
#3535 = ADVANCED_FACE ( 'NONE', ( #2816, #1934, #7371, #1821 ), #10068, .F. ) ;
#3536 = ADVANCED_FACE ( 'NONE', ( #4523 ), #10169, .T. ) ;
#3537 = CARTESIAN_POINT ( 'NONE',  ( -69.20000000000000284, 82.35514882866895903, -40.25769145387477010 ) ) ;
#3538 = VERTEX_POINT ( 'NONE', #8484 ) ;
#3539 = DIRECTION ( 'NONE',  ( 1.000000000000000000, 0.000000000000000000, 0.000000000000000000 ) ) ;
#3540 = CARTESIAN_POINT ( 'NONE',  ( 46.58189872104514251, 97.40000406513269127, 5.861874929533527451E-15 ) ) ;
#3541 = CARTESIAN_POINT ( 'NONE',  ( 77.61249999999999716, -4.758722840905003082, -32.75769145387477721 ) ) ;
#3542 = VERTEX_POINT ( 'NONE', #5535 ) ;
#3543 = DIRECTION ( 'NONE',  ( 0.000000000000000000, 1.000000000000000000, 0.000000000000000000 ) ) ;
#3544 = DIRECTION ( 'NONE',  ( -1.000000000000000000, 0.000000000000000000, 1.335278419062900361E-16 ) ) ;
#3545 = ORIENTED_EDGE ( 'NONE', *, *, #9189, .T. ) ;
#3546 = VERTEX_POINT ( 'NONE', #152 ) ;
#3547 = VERTEX_POINT ( 'NONE', #3740 ) ;
#3548 = EDGE_CURVE ( 'NONE', #3292, #10741, #2860, .T. ) ;
#3549 = ADVANCED_FACE ( 'NONE', ( #8468 ), #5667, .F. ) ;
#3550 = DIRECTION ( 'NONE',  ( 1.000000000000000000, 0.000000000000000000, 0.000000000000000000 ) ) ;
#3551 = DIRECTION ( 'NONE',  ( 0.000000000000000000, 0.000000000000000000, -1.000000000000000000 ) ) ;
#3552 = EDGE_CURVE ( 'NONE', #1219, #5022, #207, .T. ) ;
#3553 = CARTESIAN_POINT ( 'NONE',  ( -77.54999999999999716, 109.8258398792882247, 36.89999999999999858 ) ) ;
#3554 = DIRECTION ( 'NONE',  ( 0.000000000000000000, -0.000000000000000000, -1.000000000000000000 ) ) ;
#3555 = ORIENTED_EDGE ( 'NONE', *, *, #4241, .T. ) ;
#3556 = CARTESIAN_POINT ( 'NONE',  ( -50.48689872104515075, 95.28999999999417980, -0.6299859283196093118 ) ) ;
#3557 = CARTESIAN_POINT ( 'NONE',  ( 73.96808532237744771, 5.099999999999999645, 17.06344096893413820 ) ) ;
#3558 = LINE ( 'NONE', #6284, #3437 ) ;
#3559 = ORIENTED_EDGE ( 'NONE', *, *, #10409, .F. ) ;
#3560 = FACE_OUTER_BOUND ( 'NONE', #6004, .T. ) ;
#3561 = CARTESIAN_POINT ( 'NONE',  ( -50.48689872104515075, 95.28999999999417980, 0.5200140716803901553 ) ) ;
#3562 = CARTESIAN_POINT ( 'NONE',  ( 41.54999999999999716, 96.82583987928822467, 33.89999999999999147 ) ) ;
#3563 = ORIENTED_EDGE ( 'NONE', *, *, #4268, .F. ) ;
#3564 = ORIENTED_EDGE ( 'NONE', *, *, #8674, .T. ) ;
#3565 = ADVANCED_FACE ( 'NONE', ( #1365 ), #11349, .F. ) ;
#3566 = EDGE_CURVE ( 'NONE', #1142, #11330, #1903, .T. ) ;
#3567 = CARTESIAN_POINT ( 'NONE',  ( 82.54999999999999716, 99.82583987928822467, 0.000000000000000000 ) ) ;
#3568 = VECTOR ( 'NONE', #6295, 1000.000000000000000 ) ;
#3569 = FACE_OUTER_BOUND ( 'NONE', #4504, .T. ) ;
#3570 = CARTESIAN_POINT ( 'NONE',  ( -79.37499999999997158, 5.099999999999999645, 21.38115427306261296 ) ) ;
#3571 = ORIENTED_EDGE ( 'NONE', *, *, #703, .T. ) ;
#3572 = CARTESIAN_POINT ( 'NONE',  ( 50.48689872104515075, 74.43999999999417128, -2.374168628343575893 ) ) ;
#3573 = CARTESIAN_POINT ( 'NONE',  ( -50.48689872104515075, 95.28999999999417980, 0.5200140716803901553 ) ) ;
#3574 = DIRECTION ( 'NONE',  ( 1.000000000000000000, 0.000000000000000000, 1.335278419062900361E-16 ) ) ;
#3575 = ORIENTED_EDGE ( 'NONE', *, *, #1234, .F. ) ;
#3576 = ORIENTED_EDGE ( 'NONE', *, *, #282, .T. ) ;
#3577 = CIRCLE ( 'NONE', #5, 2.500000000000002220 ) ;
#3578 = ORIENTED_EDGE ( 'NONE', *, *, #6805, .F. ) ;
#3579 = CARTESIAN_POINT ( 'NONE',  ( -79.37500000000001421, 58.93999999999998352, -6.257691453874722143 ) ) ;
#3580 = CARTESIAN_POINT ( 'NONE',  ( 42.54999999999999716, 97.82583987928822467, 22.30467496797187010 ) ) ;
#3581 = CARTESIAN_POINT ( 'NONE',  ( 61.59000000000155950, 5.099999999999999645, 19.62115427306273219 ) ) ;
#3582 = FACE_OUTER_BOUND ( 'NONE', #2174, .T. ) ;
#3583 = CARTESIAN_POINT ( 'NONE',  ( 82.54999999999999716, 53.23979246179026603, 25.39999999999999858 ) ) ;
#3584 = CARTESIAN_POINT ( 'NONE',  ( -0.1327752523027176945, 96.12583987928823603, 8.433509402387802112 ) ) ;
#3585 = AXIS2_PLACEMENT_3D ( 'NONE', #2024, #5575, #10811 ) ;
#3586 = CARTESIAN_POINT ( 'NONE',  ( -46.58189872104514251, 72.67999878751419374, 2.358530551520390262 ) ) ;
#3587 = ORIENTED_EDGE ( 'NONE', *, *, #7369, .F. ) ;
#3588 = ORIENTED_EDGE ( 'NONE', *, *, #10035, .T. ) ;
#3589 = EDGE_CURVE ( 'NONE', #6465, #4754, #1006, .T. ) ;
#3590 = AXIS2_PLACEMENT_3D ( 'NONE', #101, #9708, #969 ) ;
#3591 = PLANE ( 'NONE',  #5171 ) ;
#3592 = CARTESIAN_POINT ( 'NONE',  ( -80.04999999999999716, -27.00000000000000355, -10.25769145387463688 ) ) ;
#3593 = DIRECTION ( 'NONE',  ( 0.000000000000000000, 0.000000000000000000, -1.000000000000000000 ) ) ;
#3594 = DIRECTION ( 'NONE',  ( 0.000000000000000000, 0.000000000000000000, -1.000000000000000000 ) ) ;
#3595 = VERTEX_POINT ( 'NONE', #5513 ) ;
#3596 = LINE ( 'NONE', #931, #10412 ) ;
#3597 = CYLINDRICAL_SURFACE ( 'NONE', #4258, 2.500000000000002220 ) ;
#3598 = DIRECTION ( 'NONE',  ( -0.5735764363510472696, 0.000000000000000000, -0.8191520442889910214 ) ) ;
#3599 = ORIENTED_EDGE ( 'NONE', *, *, #11409, .T. ) ;
#3600 = ORIENTED_EDGE ( 'NONE', *, *, #4701, .F. ) ;
#3601 = EDGE_LOOP ( 'NONE', ( #5335, #5059, #7010, #2590, #8756 ) ) ;
#3602 = ORIENTED_EDGE ( 'NONE', *, *, #4942, .T. ) ;
#3603 = EDGE_CURVE ( 'NONE', #4482, #7776, #9743, .T. ) ;
#3604 = EDGE_CURVE ( 'NONE', #9932, #8092, #5087, .T. ) ;
#3605 = AXIS2_PLACEMENT_3D ( 'NONE', #3053, #4109, #7671 ) ;
#3606 = ORIENTED_EDGE ( 'NONE', *, *, #5411, .T. ) ;
#3607 = CIRCLE ( 'NONE', #2659, 5.700207538209725477 ) ;
#3608 = CARTESIAN_POINT ( 'NONE',  ( -82.55000000000002558, 97.50000000000000000, 19.12967496797186939 ) ) ;
#3609 = EDGE_LOOP ( 'NONE', ( #10753, #4785, #9001, #2298, #3776, #9424, #3954, #3480 ) ) ;
#3610 = CARTESIAN_POINT ( 'NONE',  ( 0.000000000000000000, 109.8258398792882247, 44.40000000000009095 ) ) ;
#3611 = PLANE ( 'NONE',  #3326 ) ;
#3612 = VECTOR ( 'NONE', #3529, 1000.000000000000000 ) ;
#3613 = VERTEX_POINT ( 'NONE', #8044 ) ;
#3614 = LINE ( 'NONE', #10758, #4728 ) ;
#3615 = VECTOR ( 'NONE', #6182, 1000.000000000000000 ) ;
#3616 = LINE ( 'NONE', #6224, #8762 ) ;
#3617 = ORIENTED_EDGE ( 'NONE', *, *, #8022, .T. ) ;
#3618 = ORIENTED_EDGE ( 'NONE', *, *, #1030, .F. ) ;
#3619 = EDGE_LOOP ( 'NONE', ( #1910, #1254, #880, #5852 ) ) ;
#3620 = ADVANCED_FACE ( 'NONE', ( #8224 ), #7288, .T. ) ;
#3621 = VECTOR ( 'NONE', #7224, 1000.000000000000000 ) ;
#3622 = CARTESIAN_POINT ( 'NONE',  ( -79.37500000000001421, 90.00000000000001421, -37.08269145387477295 ) ) ;
#3623 = VECTOR ( 'NONE', #10060, 1000.000000000000000 ) ;
#3624 = LINE ( 'NONE', #10525, #4393 ) ;
#3625 = DIRECTION ( 'NONE',  ( 0.000000000000000000, -1.000000000000000000, 0.000000000000000000 ) ) ;
#3626 = CARTESIAN_POINT ( 'NONE',  ( 11.25500000000000433, 4.249377385370907589, 5.042308546125213731 ) ) ;
#3627 = CARTESIAN_POINT ( 'NONE',  ( 69.20000000000479190, 5.099999999999999645, 8.821154273062886020 ) ) ;
#3628 = DIRECTION ( 'NONE',  ( 0.8191520442889895781, -7.834618184293558074E-17, -0.5735764363510493791 ) ) ;
#3629 = EDGE_CURVE ( 'NONE', #4915, #3637, #18, .T. ) ;
#3630 = ORIENTED_EDGE ( 'NONE', *, *, #4392, .T. ) ;
#3631 = ADVANCED_FACE ( 'NONE', ( #137 ), #5270, .T. ) ;
#3632 = DIRECTION ( 'NONE',  ( -1.000000000000000000, -0.000000000000000000, -0.000000000000000000 ) ) ;
#3633 = CARTESIAN_POINT ( 'NONE',  ( -82.54999999999999716, 61.63999999999999346, -6.257691453874767440 ) ) ;
#3634 = CARTESIAN_POINT ( 'NONE',  ( 96.69213562373100501, 107.3258398792882247, 46.90000000000009095 ) ) ;
#3635 = EDGE_CURVE ( 'NONE', #10189, #9980, #3727, .T. ) ;
#3636 = VECTOR ( 'NONE', #7151, 1000.000000000000000 ) ;
#3637 = VERTEX_POINT ( 'NONE', #7220 ) ;
#3638 = AXIS2_PLACEMENT_3D ( 'NONE', #1889, #5497, #6499 ) ;
#3639 = VERTEX_POINT ( 'NONE', #3496 ) ;
#3640 = VECTOR ( 'NONE', #5438, 1000.000000000000114 ) ;
#3641 = ORIENTED_EDGE ( 'NONE', *, *, #2180, .F. ) ;
#3642 = DIRECTION ( 'NONE',  ( 2.037326371931608774E-06, 0.000000000000000000, -0.9999999999979246601 ) ) ;
#3643 = DIRECTION ( 'NONE',  ( 0.000000000000000000, 1.000000000000000000, 0.000000000000000000 ) ) ;
#3644 = CARTESIAN_POINT ( 'NONE',  ( 50.48689872104515075, 78.54000537782802382, -2.374168628343575449 ) ) ;
#3645 = DIRECTION ( 'NONE',  ( 1.000000000000000000, -0.000000000000000000, 1.335278419062900361E-16 ) ) ;
#3646 = FACE_OUTER_BOUND ( 'NONE', #11363, .T. ) ;
#3647 = DIRECTION ( 'NONE',  ( 0.000000000000000000, 1.000000000000000000, 0.000000000000000000 ) ) ;
#3648 = DIRECTION ( 'NONE',  ( -0.000000000000000000, -1.000000000000000000, -0.000000000000000000 ) ) ;
#3649 = VERTEX_POINT ( 'NONE', #6164 ) ;
#3650 = ORIENTED_EDGE ( 'NONE', *, *, #97, .F. ) ;
#3651 = CARTESIAN_POINT ( 'NONE',  ( -50.02648654977334530, 5.099999999999999645, 20.18114647173673148 ) ) ;
#3652 = VECTOR ( 'NONE', #11321, 1000.000000000000000 ) ;
#3653 = AXIS2_PLACEMENT_3D ( 'NONE', #8171, #10887, #835 ) ;
#3654 = LINE ( 'NONE', #924, #4199 ) ;
#3655 = LINE ( 'NONE', #9845, #4763 ) ;
#3656 = CARTESIAN_POINT ( 'NONE',  ( -67.12500000000000000, 104.8258398792882247, 40.40000000000004832 ) ) ;
#3657 = EDGE_LOOP ( 'NONE', ( #9192, #9933, #6771, #9765 ) ) ;
#3658 = CARTESIAN_POINT ( 'NONE',  ( -3.408890166425358359, 124.3668708375128062, 36.90000000000873825 ) ) ;
#3659 = DIRECTION ( 'NONE',  ( -1.593062912007103154E-16, 1.000000000000000000, 7.965314560035515770E-17 ) ) ;
#3660 = CARTESIAN_POINT ( 'NONE',  ( 80.37500000000000000, 53.93999999999999062, 5.399999999999987921 ) ) ;
#3661 = EDGE_CURVE ( 'NONE', #6033, #3678, #7106, .T. ) ;
#3662 = ORIENTED_EDGE ( 'NONE', *, *, #9975, .T. ) ;
#3663 = ORIENTED_EDGE ( 'NONE', *, *, #2334, .T. ) ;
#3664 = VECTOR ( 'NONE', #3598, 999.9999999999998863 ) ;
#3665 = ORIENTED_EDGE ( 'NONE', *, *, #7145, .T. ) ;
#3666 = EDGE_CURVE ( 'NONE', #2444, #8760, #2077, .T. ) ;
#3667 = ORIENTED_EDGE ( 'NONE', *, *, #6731, .F. ) ;
#3668 = CIRCLE ( 'NONE', #10270, 1.149999999999999467 ) ;
#3669 = VECTOR ( 'NONE', #6498, 1000.000000000000000 ) ;
#3670 = DIRECTION ( 'NONE',  ( -1.000000000000000000, -0.000000000000000000, 1.335278419062900361E-16 ) ) ;
#3671 = VECTOR ( 'NONE', #8271, 1000.000000000000227 ) ;
#3672 = ORIENTED_EDGE ( 'NONE', *, *, #10098, .T. ) ;
#3673 = DIRECTION ( 'NONE',  ( -0.000000000000000000, -1.000000000000000000, -0.000000000000000000 ) ) ;
#3674 = CARTESIAN_POINT ( 'NONE',  ( 79.37500000000000000, 58.93999999999998352, 10.39999999999999503 ) ) ;
#3675 = DIRECTION ( 'NONE',  ( -0.000000000000000000, -1.000000000000000000, -0.000000000000000000 ) ) ;
#3676 = ADVANCED_FACE ( 'NONE', ( #2789 ), #2730, .F. ) ;
#3677 = EDGE_CURVE ( 'NONE', #4423, #9803, #9043, .T. ) ;
#3678 = VERTEX_POINT ( 'NONE', #942 ) ;
#3679 = FACE_OUTER_BOUND ( 'NONE', #7629, .T. ) ;
#3680 = CARTESIAN_POINT ( 'NONE',  ( 0.000000000000000000, -27.00000000000000355, 0.000000000000000000 ) ) ;
#3681 = ORIENTED_EDGE ( 'NONE', *, *, #6840, .T. ) ;
#3682 = VERTEX_POINT ( 'NONE', #6276 ) ;
#3683 = DIRECTION ( 'NONE',  ( 1.000000000000000000, 0.000000000000000000, 0.000000000000000000 ) ) ;
#3684 = ORIENTED_EDGE ( 'NONE', *, *, #9115, .T. ) ;
#3685 = AXIS2_PLACEMENT_3D ( 'NONE', #10285, #2369, #2215 ) ;
#3686 = AXIS2_PLACEMENT_3D ( 'NONE', #3355, #4481, #11387 ) ;
#3687 = DIRECTION ( 'NONE',  ( 0.000000000000000000, 0.000000000000000000, -1.000000000000000000 ) ) ;
#3688 = CARTESIAN_POINT ( 'NONE',  ( 82.54999999999999716, 67.34020753820971095, 25.39999999999999858 ) ) ;
#3689 = PLANE ( 'NONE',  #3752 ) ;
#3690 = FACE_OUTER_BOUND ( 'NONE', #8600, .T. ) ;
#3691 = DIRECTION ( 'NONE',  ( 0.000000000000000000, 0.000000000000000000, 1.000000000000000000 ) ) ;
#3692 = VECTOR ( 'NONE', #4825, 1000.000000000000000 ) ;
#3693 = EDGE_CURVE ( 'NONE', #3839, #7063, #9857, .T. ) ;
#3694 = EDGE_CURVE ( 'NONE', #2648, #10597, #3577, .T. ) ;
#3695 = ORIENTED_EDGE ( 'NONE', *, *, #4392, .F. ) ;
#3696 = CARTESIAN_POINT ( 'NONE',  ( -8.300429496927989703, 96.12583987928823603, -2.966490271607134854 ) ) ;
#3697 = DIRECTION ( 'NONE',  ( 1.218707698843631781E-16, 0.000000000000000000, 1.000000000000000000 ) ) ;
#3698 = VECTOR ( 'NONE', #8149, 1000.000000000000000 ) ;
#3699 = ORIENTED_EDGE ( 'NONE', *, *, #7677, .F. ) ;
#3700 = ORIENTED_EDGE ( 'NONE', *, *, #9325, .T. ) ;
#3701 = ORIENTED_EDGE ( 'NONE', *, *, #2054, .F. ) ;
#3702 = VECTOR ( 'NONE', #4923, 1000.000000000000000 ) ;
#3703 = EDGE_CURVE ( 'NONE', #2474, #4616, #7457, .T. ) ;
#3704 = EDGE_CURVE ( 'NONE', #7071, #233, #3779, .T. ) ;
#3705 = AXIS2_PLACEMENT_3D ( 'NONE', #1140, #10893, #9237 ) ;
#3706 = DIRECTION ( 'NONE',  ( -0.000000000000000000, -1.000000000000000000, -0.000000000000000000 ) ) ;
#3707 = DIRECTION ( 'NONE',  ( -1.000000000000000000, 0.000000000000000000, 0.000000000000000000 ) ) ;
#3708 = CARTESIAN_POINT ( 'NONE',  ( -50.48689872104515075, 97.40000406513270548, -24.18005742219565946 ) ) ;
#3709 = EDGE_CURVE ( 'NONE', #11559, #373, #7359, .T. ) ;
#3710 = CARTESIAN_POINT ( 'NONE',  ( -5.831660772139526827, 119.8258398792882105, -20.02612620517535191 ) ) ;
#3711 = CARTESIAN_POINT ( 'NONE',  ( 1.718329437453149922, 124.2291253821537396, -20.03649027154325069 ) ) ;
#3712 = ORIENTED_EDGE ( 'NONE', *, *, #10669, .F. ) ;
#3713 = ORIENTED_EDGE ( 'NONE', *, *, #3739, .T. ) ;
#3714 = DIRECTION ( 'NONE',  ( -0.000000000000000000, -0.000000000000000000, -1.000000000000000000 ) ) ;
#3715 = EDGE_CURVE ( 'NONE', #10482, #8078, #10992, .T. ) ;
#3716 = CYLINDRICAL_SURFACE ( 'NONE', #7789, 2.499801894121581824 ) ;
#3717 = DIRECTION ( 'NONE',  ( -1.000000000000000000, 0.000000000000000000, -1.600125454749515028E-16 ) ) ;
#3718 = CARTESIAN_POINT ( 'NONE',  ( 80.37500000000000000, 66.63999999999998636, 10.39999999999999325 ) ) ;
#3719 = LINE ( 'NONE', #6328, #5094 ) ;
#3720 = CARTESIAN_POINT ( 'NONE',  ( 3.407974705332431409, 124.8258398792693953, 32.40734978640096386 ) ) ;
#3721 = CARTESIAN_POINT ( 'NONE',  ( -50.02648654977334530, 8.274999999999998579, 20.18114647173673148 ) ) ;
#3722 = DIRECTION ( 'NONE',  ( 0.000000000000000000, 0.000000000000000000, 1.000000000000000000 ) ) ;
#3723 = AXIS2_PLACEMENT_3D ( 'NONE', #4861, #10284, #3085 ) ;
#3724 = EDGE_LOOP ( 'NONE', ( #9749, #2382, #5742, #5071 ) ) ;
#3725 = ORIENTED_EDGE ( 'NONE', *, *, #1097, .F. ) ;
#3726 = VERTEX_POINT ( 'NONE', #5746 ) ;
#3727 = LINE ( 'NONE', #10631, #5479 ) ;
#3728 = VERTEX_POINT ( 'NONE', #8509 ) ;
#3729 = DIRECTION ( 'NONE',  ( 0.8191520442889930198, 0.5735764363510444941, 0.000000000000000000 ) ) ;
#3730 = DIRECTION ( 'NONE',  ( 0.000000000000000000, 1.000000000000000000, -0.000000000000000000 ) ) ;
#3731 = DIRECTION ( 'NONE',  ( 1.000000000000000000, 0.000000000000000000, -1.521157000053560499E-16 ) ) ;
#3732 = ORIENTED_EDGE ( 'NONE', *, *, #5253, .T. ) ;
#3733 = CARTESIAN_POINT ( 'NONE',  ( -5.041839321984658007, 124.6316574458437287, 36.89999999999999147 ) ) ;
#3734 = DIRECTION ( 'NONE',  ( -0.000000000000000000, -1.000000000000000000, -0.000000000000000000 ) ) ;
#3735 = ORIENTED_EDGE ( 'NONE', *, *, #3038, .T. ) ;
#3736 = ORIENTED_EDGE ( 'NONE', *, *, #959, .F. ) ;
#3737 = CARTESIAN_POINT ( 'NONE',  ( 79.37500000000000000, 90.00000000000000000, 22.30467496797187010 ) ) ;
#3738 = ORIENTED_EDGE ( 'NONE', *, *, #6529, .F. ) ;
#3739 = EDGE_CURVE ( 'NONE', #7063, #2781, #1068, .T. ) ;
#3740 = CARTESIAN_POINT ( 'NONE',  ( 69.20000000000479190, 5.099999999999999645, -3.738845726937403580 ) ) ;
#3741 = CARTESIAN_POINT ( 'NONE',  ( -50.48689872104515075, 97.40000406513270548, -24.18005742219565946 ) ) ;
#3742 = CARTESIAN_POINT ( 'NONE',  ( 82.55000000000002558, 97.50000000000000000, 19.12967496797186939 ) ) ;
#3743 = LINE ( 'NONE', #5705, #3885 ) ;
#3744 = DIRECTION ( 'NONE',  ( 0.5735764363510443831, -0.8191520442889929088, 0.000000000000000000 ) ) ;
#3745 = VERTEX_POINT ( 'NONE', #1244 ) ;
#3746 = CARTESIAN_POINT ( 'NONE',  ( -5.445312805244825860, 124.6975286209410143, -20.03580878106373220 ) ) ;
#3747 = CARTESIAN_POINT ( 'NONE',  ( 78.04149892379764708, 109.8258398791654571, 46.89999999987733759 ) ) ;
#3748 = ORIENTED_EDGE ( 'NONE', *, *, #8139, .F. ) ;
#3749 = ORIENTED_EDGE ( 'NONE', *, *, #4410, .F. ) ;
#3750 = EDGE_CURVE ( 'NONE', #2964, #6993, #2023, .T. ) ;
#3751 = EDGE_CURVE ( 'NONE', #11497, #3745, #1495, .T. ) ;
#3752 = AXIS2_PLACEMENT_3D ( 'NONE', #2041, #10947, #4639 ) ;
#3753 = LINE ( 'NONE', #11682, #2507 ) ;
#3754 = LINE ( 'NONE', #7546, #1411 ) ;
#3755 = CARTESIAN_POINT ( 'NONE',  ( -79.37499999999997158, 10.00000000000000000, 21.38115427306261296 ) ) ;
#3756 = DIRECTION ( 'NONE',  ( -0.000000000000000000, -1.000000000000000000, -0.000000000000000000 ) ) ;
#3757 = DIRECTION ( 'NONE',  ( 0.000000000000000000, 0.000000000000000000, -1.000000000000000000 ) ) ;
#3758 = CARTESIAN_POINT ( 'NONE',  ( -50.48689872104515075, 96.40000537621601495, 3.358535111626435476 ) ) ;
#3759 = EDGE_CURVE ( 'NONE', #3613, #4948, #9216, .T. ) ;
#3760 = DIRECTION ( 'NONE',  ( -1.000000000000000000, -0.000000000000000000, 1.335278419062900361E-16 ) ) ;
#3761 = AXIS2_PLACEMENT_3D ( 'NONE', #4980, #3257, #11415 ) ;
#3762 = ORIENTED_EDGE ( 'NONE', *, *, #6805, .T. ) ;
#3763 = ORIENTED_EDGE ( 'NONE', *, *, #10774, .F. ) ;
#3764 = ADVANCED_FACE ( 'NONE', ( #4015 ), #9498, .F. ) ;
#3765 = CARTESIAN_POINT ( 'NONE',  ( 43.40689872104513825, 90.00000000000000000, 22.30467496797187010 ) ) ;
#3766 = DIRECTION ( 'NONE',  ( 0.000000000000000000, 0.000000000000000000, 1.000000000000000000 ) ) ;
#3767 = DIRECTION ( 'NONE',  ( -0.000000000000000000, -0.000000000000000000, -1.000000000000000000 ) ) ;
#3768 = CARTESIAN_POINT ( 'NONE',  ( -50.48689872104515075, 74.78999999999417980, -23.92998592831960991 ) ) ;
#3769 = LINE ( 'NONE', #8980, #1898 ) ;
#3770 = PLANE ( 'NONE',  #3245 ) ;
#3771 = CYLINDRICAL_SURFACE ( 'NONE', #2941, 1.149999999999998135 ) ;
#3772 = EDGE_CURVE ( 'NONE', #1191, #6422, #8850, .T. ) ;
#3773 = CARTESIAN_POINT ( 'NONE',  ( -51.69999999999998153, 107.3258398792882247, 46.90000000000009095 ) ) ;
#3774 = EDGE_CURVE ( 'NONE', #2102, #5425, #9415, .T. ) ;
#3775 = EDGE_CURVE ( 'NONE', #4561, #9839, #1468, .T. ) ;
#3776 = ORIENTED_EDGE ( 'NONE', *, *, #2055, .F. ) ;
#3777 = ORIENTED_EDGE ( 'NONE', *, *, #9467, .T. ) ;
#3778 = ORIENTED_EDGE ( 'NONE', *, *, #4986, .F. ) ;
#3779 = LINE ( 'NONE', #9165, #1883 ) ;
#3780 = AXIS2_PLACEMENT_3D ( 'NONE', #386, #2045, #10062 ) ;
#3781 = DIRECTION ( 'NONE',  ( -0.000000000000000000, -0.000000000000000000, 1.000000000000000000 ) ) ;
#3782 = VERTEX_POINT ( 'NONE', #477 ) ;
#3783 = DIRECTION ( 'NONE',  ( 0.000000000000000000, -1.000000000000000000, 1.365923996832131116E-16 ) ) ;
#3784 = CARTESIAN_POINT ( 'NONE',  ( 69.20000000007698304, 82.35514882866922903, -37.08269145387477295 ) ) ;
#3785 = CARTESIAN_POINT ( 'NONE',  ( -50.48689872104515075, 72.67999878751419374, 2.358530551520389817 ) ) ;
#3786 = EDGE_LOOP ( 'NONE', ( #7212, #8402, #9317, #525 ) ) ;
#3787 = DIRECTION ( 'NONE',  ( 6.544275553939909236E-12, 0.000000000000000000, 1.000000000000000000 ) ) ;
#3788 = DIRECTION ( 'NONE',  ( 0.000000000000000000, 0.000000000000000000, -1.000000000000000000 ) ) ;
#3789 = ORIENTED_EDGE ( 'NONE', *, *, #5362, .F. ) ;
#3790 = VERTEX_POINT ( 'NONE', #6969 ) ;
#3791 = PLANE ( 'NONE',  #605 ) ;
#3792 = AXIS2_PLACEMENT_3D ( 'NONE', #5191, #6015, #687 ) ;
#3793 = VERTEX_POINT ( 'NONE', #523 ) ;
#3794 = DIRECTION ( 'NONE',  ( 0.000000000000000000, -1.000000000000000000, 8.295151110468893303E-17 ) ) ;
#3795 = DIRECTION ( 'NONE',  ( 0.000000000000000000, 0.000000000000000000, -1.000000000000000000 ) ) ;
#3796 = AXIS2_PLACEMENT_3D ( 'NONE', #9020, #5485, #54 ) ;
#3797 = LINE ( 'NONE', #10892, #3371 ) ;
#3798 = VECTOR ( 'NONE', #10854, 1000.000000000000000 ) ;
#3799 = DIRECTION ( 'NONE',  ( 1.000000000000000000, -0.000000000000000000, -0.000000000000000000 ) ) ;
#3800 = CARTESIAN_POINT ( 'NONE',  ( 50.48689872104515075, 94.56476577691782381, -8.504985928319962696 ) ) ;
#3801 = ORIENTED_EDGE ( 'NONE', *, *, #8970, .F. ) ;
#3802 = DIRECTION ( 'NONE',  ( -1.000000000000000000, 0.000000000000000000, 0.000000000000000000 ) ) ;
#3803 = DIRECTION ( 'NONE',  ( 0.000000000000000000, -0.5283341024775853878, 0.8490365576105686207 ) ) ;
#3804 = ADVANCED_FACE ( 'NONE', ( #6792 ), #8673, .F. ) ;
#3805 = ORIENTED_EDGE ( 'NONE', *, *, #10904, .T. ) ;
#3806 = ORIENTED_EDGE ( 'NONE', *, *, #8539, .F. ) ;
#3807 = AXIS2_PLACEMENT_3D ( 'NONE', #826, #2665, #891 ) ;
#3808 = VECTOR ( 'NONE', #6000, 1000.000000000000000 ) ;
#3809 = DIRECTION ( 'NONE',  ( 0.000000000000000000, 0.000000000000000000, -1.000000000000000000 ) ) ;
#3810 = CARTESIAN_POINT ( 'NONE',  ( -50.48689872104515075, 94.56476577691782381, -8.504985928319962696 ) ) ;
#3811 = LINE ( 'NONE', #10133, #9636 ) ;
#3812 = AXIS2_PLACEMENT_3D ( 'NONE', #3174, #9432, #8380 ) ;
#3813 = VECTOR ( 'NONE', #8871, 1000.000000000000000 ) ;
#3814 = CARTESIAN_POINT ( 'NONE',  ( 3.407483417316657270, 124.3696453025813469, -20.03649027155481832 ) ) ;
#3815 = EDGE_CURVE ( 'NONE', #8473, #9510, #8796, .T. ) ;
#3816 = VECTOR ( 'NONE', #8027, 1000.000000000000000 ) ;
#3817 = CARTESIAN_POINT ( 'NONE',  ( 43.40689872104514535, 74.78999999999417980, 1.670014071680389289 ) ) ;
#3818 = EDGE_LOOP ( 'NONE', ( #188, #1452, #2167, #3058 ) ) ;
#3819 = VERTEX_POINT ( 'NONE', #10332 ) ;
#3820 = AXIS2_PLACEMENT_3D ( 'NONE', #10864, #9085, #3717 ) ;
#3821 = CARTESIAN_POINT ( 'NONE',  ( 69.20000000000597140, 6.350000000000280309, -6.985329661611390684 ) ) ;
#3822 = CARTESIAN_POINT ( 'NONE',  ( -81.97415824328687961, 107.2862838874574862, 44.36044400817009858 ) ) ;
#3823 = DIRECTION ( 'NONE',  ( 0.000000000000000000, 1.000000000000000000, 0.000000000000000000 ) ) ;
#3824 = CARTESIAN_POINT ( 'NONE',  ( 41.54999999999999716, 92.00000000000000000, 22.30467496797186655 ) ) ;
#3825 = CARTESIAN_POINT ( 'NONE',  ( 4.999570503068142102, 119.8301161607049750, 36.89999999999999147 ) ) ;
#3826 = CARTESIAN_POINT ( 'NONE',  ( 50.48689872104515075, 72.67997248461419701, -24.29018084517760911 ) ) ;
#3827 =( LENGTH_UNIT ( ) NAMED_UNIT ( * ) SI_UNIT ( .MILLI., .METRE. ) );
#3828 = EDGE_CURVE ( 'NONE', #1535, #648, #2251, .T. ) ;
#3829 = CARTESIAN_POINT ( 'NONE',  ( -29.00040951398291256, 96.12583987928823603, 19.48348974538025402 ) ) ;
#3830 = EDGE_LOOP ( 'NONE', ( #2460, #4852, #4750, #6710 ) ) ;
#3831 = VECTOR ( 'NONE', #6960, 1000.000000000000000 ) ;
#3832 = ORIENTED_EDGE ( 'NONE', *, *, #5920, .T. ) ;
#3833 = VERTEX_POINT ( 'NONE', #7799 ) ;
#3834 = CARTESIAN_POINT ( 'NONE',  ( -46.58189872104514251, 78.54000537782802382, -2.374168628343575005 ) ) ;
#3835 = EDGE_CURVE ( 'NONE', #41, #2474, #6080, .T. ) ;
#3836 = EDGE_CURVE ( 'NONE', #8210, #443, #925, .T. ) ;
#3837 = VECTOR ( 'NONE', #10357, 1000.000000000000114 ) ;
#3838 = DIRECTION ( 'NONE',  ( 1.000000000000000000, -0.000000000000000000, -0.000000000000000000 ) ) ;
#3839 = VERTEX_POINT ( 'NONE', #5910 ) ;
#3840 = DIRECTION ( 'NONE',  ( -0.000000000000000000, 1.000000000000000000, 0.000000000000000000 ) ) ;
#3841 = DIRECTION ( 'NONE',  ( -6.697463681984793185E-14, 0.000000000000000000, -1.000000000000000000 ) ) ;
#3842 = DIRECTION ( 'NONE',  ( -0.000000000000000000, -1.000000000000000000, -0.000000000000000000 ) ) ;
#3843 = EDGE_CURVE ( 'NONE', #4533, #5046, #5848, .T. ) ;
#3844 = ORIENTED_EDGE ( 'NONE', *, *, #6165, .F. ) ;
#3845 = DIRECTION ( 'NONE',  ( -0.000000000000000000, -0.000000000000000000, -1.000000000000000000 ) ) ;
#3846 = FACE_OUTER_BOUND ( 'NONE', #6160, .T. ) ;
#3847 = ORIENTED_EDGE ( 'NONE', *, *, #1978, .T. ) ;
#3848 = ORIENTED_EDGE ( 'NONE', *, *, #241, .T. ) ;
#3849 = LINE ( 'NONE', #9400, #6664 ) ;
#3850 = CARTESIAN_POINT ( 'NONE',  ( -82.54999999999999716, 58.93999999999998352, -6.257691453874762999 ) ) ;
#3851 = VERTEX_POINT ( 'NONE', #3239 ) ;
#3852 = VECTOR ( 'NONE', #7116, 1000.000000000000000 ) ;
#3853 = VECTOR ( 'NONE', #10667, 1000.000000000000000 ) ;
#3854 = CARTESIAN_POINT ( 'NONE',  ( 82.54999999999999716, 6.349999999999999645, 25.39999999999999858 ) ) ;
#3855 = AXIS2_PLACEMENT_3D ( 'NONE', #6445, #5681, #1957 ) ;
#3856 = DIRECTION ( 'NONE',  ( 1.000000000000000000, 0.000000000000000000, 0.000000000000000000 ) ) ;
#3857 = CARTESIAN_POINT ( 'NONE',  ( -46.58189872104513540, 72.67997248461419701, -24.29018084517760911 ) ) ;
#3858 = CARTESIAN_POINT ( 'NONE',  ( 82.54999999999999716, 61.63999999999999346, -0.2576914538747651640 ) ) ;
#3859 = LINE ( 'NONE', #4874, #7417 ) ;
#3860 = EDGE_LOOP ( 'NONE', ( #10354, #49, #7470, #396 ) ) ;
#3861 = CARTESIAN_POINT ( 'NONE',  ( 80.51634431853905483, 108.9555636286124383, 46.02972374932492983 ) ) ;
#3862 = AXIS2_PLACEMENT_3D ( 'NONE', #6157, #700, #2549 ) ;
#3863 = ORIENTED_EDGE ( 'NONE', *, *, #4425, .F. ) ;
#3864 = AXIS2_PLACEMENT_3D ( 'NONE', #11544, #7057, #2620 ) ;
#3865 = AXIS2_PLACEMENT_3D ( 'NONE', #4582, #5476, #6478 ) ;
#3866 = VECTOR ( 'NONE', #2143, 1000.000000000000114 ) ;
#3867 = EDGE_LOOP ( 'NONE', ( #11316, #45, #6739, #3474 ) ) ;
#3868 = VERTEX_POINT ( 'NONE', #2478 ) ;
#3869 = ADVANCED_FACE ( 'NONE', ( #6852 ), #7861, .F. ) ;
#3870 = CIRCLE ( 'NONE', #11046, 0.7999800169725922450 ) ;
#3871 = CARTESIAN_POINT ( 'NONE',  ( -69.20000000000000284, 82.35514882866895903, -37.08269145387477295 ) ) ;
#3872 = AXIS2_PLACEMENT_3D ( 'NONE', #6787, #8616, #1284 ) ;
#3873 = VECTOR ( 'NONE', #7152, 1000.000000000000000 ) ;
#3874 = DIRECTION ( 'NONE',  ( 0.000000000000000000, -0.7071063548969745982, 0.7071072074758634196 ) ) ;
#3875 = DIRECTION ( 'NONE',  ( 0.000000000000000000, 5.229285515060565227E-16, -1.000000000000000000 ) ) ;
#3876 = DIRECTION ( 'NONE',  ( 1.000000000000000000, 0.000000000000000000, -8.936595925086526584E-12 ) ) ;
#3877 = ORIENTED_EDGE ( 'NONE', *, *, #437, .F. ) ;
#3878 = EDGE_CURVE ( 'NONE', #985, #869, #8483, .T. ) ;
#3879 = CARTESIAN_POINT ( 'NONE',  ( 50.48689872104515075, 72.67997248461419701, -24.29018084517760911 ) ) ;
#3880 = CARTESIAN_POINT ( 'NONE',  ( -82.54999999999999716, 104.8258398792882105, 41.90000000000009805 ) ) ;
#3881 = ORIENTED_EDGE ( 'NONE', *, *, #9439, .F. ) ;
#3882 = AXIS2_PLACEMENT_3D ( 'NONE', #3149, #6758, #493 ) ;
#3883 = AXIS2_PLACEMENT_3D ( 'NONE', #1328, #4056, #7673 ) ;
#3884 = DIRECTION ( 'NONE',  ( 0.000000000000000000, -0.000000000000000000, -1.000000000000000000 ) ) ;
#3885 = VECTOR ( 'NONE', #7421, 1000.000000000000000 ) ;
#3886 = ORIENTED_EDGE ( 'NONE', *, *, #7687, .T. ) ;
#3887 = EDGE_CURVE ( 'NONE', #1174, #3222, #11461, .T. ) ;
#3888 = FACE_OUTER_BOUND ( 'NONE', #3657, .T. ) ;
#3889 = DIRECTION ( 'NONE',  ( 1.000000000000000000, 0.000000000000000000, 1.335278419062900115E-16 ) ) ;
#3890 = LINE ( 'NONE', #5846, #10040 ) ;
#3891 = DIRECTION ( 'NONE',  ( 0.000000000000000000, 1.000000000000000000, 0.000000000000000000 ) ) ;
#3892 = VECTOR ( 'NONE', #8692, 1000.000000000000000 ) ;
#3893 = FACE_OUTER_BOUND ( 'NONE', #10983, .T. ) ;
#3894 = FACE_BOUND ( 'NONE', #9454, .T. ) ;
#3895 = CARTESIAN_POINT ( 'NONE',  ( -72.76808532237744487, 8.274999999999998579, 0.5788675790057377091 ) ) ;
#3896 = CARTESIAN_POINT ( 'NONE',  ( 13.75500000000000433, -24.89937738537090794, 7.542308546125213731 ) ) ;
#3897 = ORIENTED_EDGE ( 'NONE', *, *, #5435, .F. ) ;
#3898 = ORIENTED_EDGE ( 'NONE', *, *, #7353, .T. ) ;
#3899 = VERTEX_POINT ( 'NONE', #636 ) ;
#3900 = DIRECTION ( 'NONE',  ( 0.000000000000000000, 0.000000000000000000, 1.000000000000000000 ) ) ;
#3901 = EDGE_CURVE ( 'NONE', #4948, #3042, #3359, .T. ) ;
#3902 = EDGE_CURVE ( 'NONE', #2333, #8091, #8294, .T. ) ;
#3903 = CARTESIAN_POINT ( 'NONE',  ( 76.81501998216515403, 8.274999999999998579, 20.22115427298596302 ) ) ;
#3904 = VERTEX_POINT ( 'NONE', #5515 ) ;
#3905 = LINE ( 'NONE', #10995, #4573 ) ;
#3906 = CARTESIAN_POINT ( 'NONE',  ( 50.48689872104515075, 95.28999999999417980, -23.92998592831960991 ) ) ;
#3907 = DIRECTION ( 'NONE',  ( 0.7071067812042748368, -6.572825407948979783E-15, -0.7071067811688201976 ) ) ;
#3908 = EDGE_LOOP ( 'NONE', ( #25, #10564, #2376, #5473 ) ) ;
#3909 = CARTESIAN_POINT ( 'NONE',  ( -46.58189872104513540, 97.40000406513269127, 2.358535216981981986 ) ) ;
#3910 = CYLINDRICAL_SURFACE ( 'NONE', #5574, 1.000000000000000888 ) ;
#3911 = ORIENTED_EDGE ( 'NONE', *, *, #1685, .T. ) ;
#3912 = EDGE_CURVE ( 'NONE', #3613, #7103, #8160, .T. ) ;
#3913 = EDGE_LOOP ( 'NONE', ( #6109, #1390, #6525, #4346 ) ) ;
#3914 = DIRECTION ( 'NONE',  ( 1.527355698137925406E-16, 0.000000000000000000, 1.000000000000000000 ) ) ;
#3915 = EDGE_CURVE ( 'NONE', #6292, #3595, #9861, .T. ) ;
#3916 = ORIENTED_EDGE ( 'NONE', *, *, #802, .F. ) ;
#3917 = CARTESIAN_POINT ( 'NONE',  ( -0.0004294969318431102927, 99.82583987928822467, 32.63350972845099562 ) ) ;
#3918 = EDGE_CURVE ( 'NONE', #8078, #9139, #1786, .T. ) ;
#3919 = DIRECTION ( 'NONE',  ( -0.7071067811865462405, -0.7071067811865489050, -0.000000000000000000 ) ) ;
#3920 = LINE ( 'NONE', #10118, #11433 ) ;
#3921 = DIRECTION ( 'NONE',  ( 0.000000000000000000, 0.000000000000000000, -1.000000000000000000 ) ) ;
#3922 = CARTESIAN_POINT ( 'NONE',  ( -51.69999999999999574, 109.8258398792882247, 36.89999999999998437 ) ) ;
#3923 = ORIENTED_EDGE ( 'NONE', *, *, #8669, .F. ) ;
#3924 = CARTESIAN_POINT ( 'NONE',  ( -5.681610738307793618, 124.8258398792882247, -15.09244537956948662 ) ) ;
#3925 = EDGE_CURVE ( 'NONE', #5802, #9014, #10932, .T. ) ;
#3926 = VERTEX_POINT ( 'NONE', #4555 ) ;
#3927 = EDGE_CURVE ( 'NONE', #10915, #4183, #80, .T. ) ;
#3928 = EDGE_CURVE ( 'NONE', #9607, #6654, #9102, .T. ) ;
#3929 = ORIENTED_EDGE ( 'NONE', *, *, #10916, .T. ) ;
#3930 = EDGE_CURVE ( 'NONE', #7658, #4423, #10752, .T. ) ;
#3931 = ORIENTED_EDGE ( 'NONE', *, *, #1453, .T. ) ;
#3932 = LINE ( 'NONE', #5779, #5201 ) ;
#3933 = CARTESIAN_POINT ( 'NONE',  ( 79.37500000000000000, 61.63999999999999346, -5.957898992084453837 ) ) ;
#3934 = CARTESIAN_POINT ( 'NONE',  ( 6.246036463997030275, 124.8258398792882105, -20.00539738836623727 ) ) ;
#3935 = CARTESIAN_POINT ( 'NONE',  ( 50.48689872104515075, 95.63999999999417412, -2.374168628343574117 ) ) ;
#3936 = EDGE_LOOP ( 'NONE', ( #6955, #7584, #6624, #10629, #3847, #9094 ) ) ;
#3937 = CARTESIAN_POINT ( 'NONE',  ( -79.37500000000000000, 69.46500000000000341, -29.66122071973759944 ) ) ;
#3938 = CARTESIAN_POINT ( 'NONE',  ( 80.04999999999999716, -27.00000000000000355, -10.25769145387463688 ) ) ;
#3939 = ORIENTED_EDGE ( 'NONE', *, *, #11009, .T. ) ;
#3940 = CIRCLE ( 'NONE', #10923, 2.500000000000000444 ) ;
#3941 = ORIENTED_EDGE ( 'NONE', *, *, #390, .F. ) ;
#3942 = LINE ( 'NONE', #6674, #4384 ) ;
#3943 = CARTESIAN_POINT ( 'NONE',  ( -82.28307005232315419, 106.5474152028545802, 43.62157532356646072 ) ) ;
#3944 = CARTESIAN_POINT ( 'NONE',  ( -42.55000000000002558, 92.50000000000000000, 22.30467496797187010 ) ) ;
#3945 = CYLINDRICAL_SURFACE ( 'NONE', #2476, 5.000000000000000000 ) ;
#3946 = LINE ( 'NONE', #10428, #8159 ) ;
#3947 = DIRECTION ( 'NONE',  ( 0.8191520442890006803, 0.000000000000000000, 0.5735764363510335029 ) ) ;
#3948 = CIRCLE ( 'NONE', #9033, 2.499801894116292722 ) ;
#3949 = FACE_OUTER_BOUND ( 'NONE', #8988, .T. ) ;
#3950 = CARTESIAN_POINT ( 'NONE',  ( -11.25499999999998302, -24.89937738537090794, 13.89999999999999680 ) ) ;
#3951 = VERTEX_POINT ( 'NONE', #2906 ) ;
#3952 = EDGE_CURVE ( 'NONE', #4085, #2103, #10993, .T. ) ;
#3953 = ORIENTED_EDGE ( 'NONE', *, *, #1565, .F. ) ;
#3954 = ORIENTED_EDGE ( 'NONE', *, *, #16, .F. ) ;
#3955 = VECTOR ( 'NONE', #8993, 1000.000000000000000 ) ;
#3956 = CARTESIAN_POINT ( 'NONE',  ( 81.55000000000001137, 66.63999999999998636, 5.399999999999991473 ) ) ;
#3957 = VERTEX_POINT ( 'NONE', #6515 ) ;
#3958 = CARTESIAN_POINT ( 'NONE',  ( 6.013794443329792294, 124.8258398792882247, 31.87426719053791757 ) ) ;
#3959 = DIRECTION ( 'NONE',  ( 0.000000000000000000, -1.000000000000000000, -8.326672684688674053E-16 ) ) ;
#3960 = ORIENTED_EDGE ( 'NONE', *, *, #8073, .T. ) ;
#3961 = LINE ( 'NONE', #7576, #881 ) ;
#3962 = CARTESIAN_POINT ( 'NONE',  ( -79.37500000000001421, 61.63999999999999346, -0.2576914538747651640 ) ) ;
#3963 = AXIS2_PLACEMENT_3D ( 'NONE', #9390, #9218, #8334 ) ;
#3964 = EDGE_LOOP ( 'NONE', ( #8009, #2664, #6001, #1814 ) ) ;
#3965 = EDGE_CURVE ( 'NONE', #8602, #1551, #8116, .T. ) ;
#3966 = EDGE_CURVE ( 'NONE', #1535, #5727, #139, .T. ) ;
#3967 = VERTEX_POINT ( 'NONE', #6279 ) ;
#3968 = CARTESIAN_POINT ( 'NONE',  ( 50.48689872104514365, 95.20641123616282187, -26.28622525258461451 ) ) ;
#3969 = ORIENTED_EDGE ( 'NONE', *, *, #1840, .F. ) ;
#3970 = VECTOR ( 'NONE', #5827, 1000.000000000000000 ) ;
#3971 = CARTESIAN_POINT ( 'NONE',  ( -29.00042949692799965, 96.12583987928823603, -1.816490271664826572 ) ) ;
#3972 = FACE_OUTER_BOUND ( 'NONE', #1589, .T. ) ;
#3973 = B_SPLINE_CURVE_WITH_KNOTS ( 'NONE', 3,
 ( #355, #3068, #6677, #10264, #7730, #6845, #2350, #11636 ),
 .UNSPECIFIED., .F., .F.,
 ( 4, 2, 2, 4 ),
 ( -3.162277660238026645E-05, 0.003577576601605669641, 0.005382176290709694833, 0.007186775979813720024 ),
 .UNSPECIFIED. ) ;
#3974 = LINE ( 'NONE', #7589, #5606 ) ;
#3975 = DIRECTION ( 'NONE',  ( 0.000000000000000000, 0.000000000000000000, -1.000000000000000000 ) ) ;
#3976 = EDGE_LOOP ( 'NONE', ( #7688, #8548, #7542, #2915 ) ) ;
#3977 = CARTESIAN_POINT ( 'NONE',  ( -6.246895457860702550, 119.8258398792882105, -20.00539738836623016 ) ) ;
#3978 = CARTESIAN_POINT ( 'NONE',  ( 79.16107829884188618, 109.5704703993248756, 44.27231526001804696 ) ) ;
#3979 = EDGE_CURVE ( 'NONE', #388, #9450, #192, .T. ) ;
#3980 = EDGE_LOOP ( 'NONE', ( #5051, #5447, #3533, #9013 ) ) ;
#3981 = ORIENTED_EDGE ( 'NONE', *, *, #5530, .T. ) ;
#3982 = VECTOR ( 'NONE', #6456, 1000.000000000000000 ) ;
#3984 = EDGE_CURVE ( 'NONE', #6090, #3428, #20, .T. ) ;
#3983 = DIRECTION ( 'NONE',  ( 1.000000000000000000, 0.000000000000000000, 1.335278419062900361E-16 ) ) ;
#3985 = EDGE_CURVE ( 'NONE', #263, #7736, #391, .T. ) ;
#3986 = EDGE_CURVE ( 'NONE', #443, #8156, #6230, .T. ) ;
#3987 = DIRECTION ( 'NONE',  ( 0.000000000000000000, 0.000000000000000000, -1.000000000000000000 ) ) ;
#3988 = CARTESIAN_POINT ( 'NONE',  ( 5.846297168027121849, 124.7612853542318589, -20.02535266397525149 ) ) ;
#3989 = ORIENTED_EDGE ( 'NONE', *, *, #1343, .T. ) ;
#3990 = CARTESIAN_POINT ( 'NONE',  ( -43.40689872104514535, 95.28999999999417980, -23.92998592831960991 ) ) ;
#3991 = CIRCLE ( 'NONE', #9273, 5.499999999999975131 ) ;
#3992 = AXIS2_PLACEMENT_3D ( 'NONE', #5549, #5610, #7773 ) ;
#3993 = ORIENTED_EDGE ( 'NONE', *, *, #854, .T. ) ;
#3994 = VECTOR ( 'NONE', #9008, 1000.000000000000000 ) ;
#3995 = FACE_OUTER_BOUND ( 'NONE', #3913, .T. ) ;
#3996 = EDGE_LOOP ( 'NONE', ( #9828, #7750, #7718, #9167 ) ) ;
#3997 = LINE ( 'NONE', #621, #10999 ) ;
#3998 = VECTOR ( 'NONE', #1664, 1000.000000000000000 ) ;
#3999 = CONICAL_SURFACE ( 'NONE', #2312, 5.999999999999956479, 0.9599310885968813656 ) ;
#4000 = ADVANCED_FACE ( 'NONE', ( #4677 ), #2734, .T. ) ;
#4001 = FACE_BOUND ( 'NONE', #7215, .T. ) ;
#4002 = DIRECTION ( 'NONE',  ( 0.000000000000000000, 1.000000000000000000, 0.000000000000000000 ) ) ;
#4003 = CARTESIAN_POINT ( 'NONE',  ( 50.02648654977334530, 8.274999999999998579, 24.62763407003638960 ) ) ;
#4004 = CARTESIAN_POINT ( 'NONE',  ( 50.48689872104515075, 74.78999999999417980, -25.07998592831960849 ) ) ;
#4005 = LINE ( 'NONE', #4846, #5333 ) ;
#4006 = DIRECTION ( 'NONE',  ( 0.000000000000000000, -1.000000000000000000, 0.000000000000000000 ) ) ;
#4007 = CYLINDRICAL_SURFACE ( 'NONE', #7814, 5.000000000000004441 ) ;
#4008 = CARTESIAN_POINT ( 'NONE',  ( -53.40689872104514535, 95.63999999999417412, -2.374168628343574561 ) ) ;
#4009 = EDGE_LOOP ( 'NONE', ( #2021, #11675, #676, #4508, #8463, #782, #1207, #2979, #10630, #1763 ) ) ;
#4010 = ORIENTED_EDGE ( 'NONE', *, *, #8157, .F. ) ;
#4011 = VECTOR ( 'NONE', #2244, 1000.000000000000000 ) ;
#4012 = ORIENTED_EDGE ( 'NONE', *, *, #6732, .F. ) ;
#4013 = AXIS2_PLACEMENT_3D ( 'NONE', #607, #2716, #693 ) ;
#4014 = DIRECTION ( 'NONE',  ( -0.000000000000000000, -0.000000000000000000, -1.000000000000000000 ) ) ;
#4015 = FACE_OUTER_BOUND ( 'NONE', #5803, .T. ) ;
#4016 = ADVANCED_FACE ( 'NONE', ( #4448 ), #2830, .F. ) ;
#4017 = DIRECTION ( 'NONE',  ( -1.000000000000000000, 0.000000000000000000, 1.335278419062900361E-16 ) ) ;
#4018 = EDGE_LOOP ( 'NONE', ( #2723, #5417, #3339, #1529 ) ) ;
#4019 = CARTESIAN_POINT ( 'NONE',  ( 46.58189872104514251, 74.43999999999417128, -7.959769997217391868 ) ) ;
#4020 = CARTESIAN_POINT ( 'NONE',  ( -50.48689872104515075, 72.67999878751419374, 2.358530551520389817 ) ) ;
#4021 = LINE ( 'NONE', #3541, #9873 ) ;
#4022 = AXIS2_PLACEMENT_3D ( 'NONE', #10456, #6703, #10294 ) ;
#4023 = VERTEX_POINT ( 'NONE', #1181 ) ;
#4024 = CARTESIAN_POINT ( 'NONE',  ( -50.48689872104515075, 72.67997248461419701, -24.29018084517760911 ) ) ;
#4025 = DIRECTION ( 'NONE',  ( -0.000000000000000000, 7.709882115452476934E-17, -1.000000000000000000 ) ) ;
#4026 = EDGE_LOOP ( 'NONE', ( #2963, #10209, #5835, #10461, #6187, #11242, #2787, #5668, #5868, #2993, #8604, #10717 ) ) ;
#4027 = ORIENTED_EDGE ( 'NONE', *, *, #7938, .T. ) ;
#4028 = ORIENTED_EDGE ( 'NONE', *, *, #9196, .F. ) ;
#4029 = AXIS2_PLACEMENT_3D ( 'NONE', #10425, #9488, #11505 ) ;
#4030 = EDGE_CURVE ( 'NONE', #7311, #389, #4791, .T. ) ;
#4031 = EDGE_CURVE ( 'NONE', #2216, #8747, #2640, .T. ) ;
#4032 = PLANE ( 'NONE',  #10613 ) ;
#4033 = PLANE ( 'NONE',  #9162 ) ;
#4034 = LINE ( 'NONE', #9519, #5414 ) ;
#4035 = CARTESIAN_POINT ( 'NONE',  ( -50.48689872104515075, 74.43999999999417128, -2.374168628343575893 ) ) ;
#4036 = VERTEX_POINT ( 'NONE', #11284 ) ;
#4037 = DIRECTION ( 'NONE',  ( -0.5735764363510443831, -0.8191520442889929088, 0.000000000000000000 ) ) ;
#4038 = CARTESIAN_POINT ( 'NONE',  ( 82.04416480396550071, 105.9337178930332044, 44.11575602749049807 ) ) ;
#4039 = ORIENTED_EDGE ( 'NONE', *, *, #5282, .T. ) ;
#4040 = LINE ( 'NONE', #11429, #9589 ) ;
#4041 = ORIENTED_EDGE ( 'NONE', *, *, #9729, .T. ) ;
#4042 = CIRCLE ( 'NONE', #6881, 1.200000000000003064 ) ;
#4043 = PLANE ( 'NONE',  #11205 ) ;
#4044 = EDGE_CURVE ( 'NONE', #5964, #5397, #5747, .T. ) ;
#4045 = EDGE_CURVE ( 'NONE', #656, #7235, #2140, .T. ) ;
#4046 = CARTESIAN_POINT ( 'NONE',  ( 81.55000000000001137, 66.63999999999998636, -5.257691453874765664 ) ) ;
#4047 = CARTESIAN_POINT ( 'NONE',  ( 4.999570503068141214, 124.8258398792882247, 11.89999999999998614 ) ) ;
#4048 = CYLINDRICAL_SURFACE ( 'NONE', #2874, 1.149999999999999467 ) ;
#4049 = CIRCLE ( 'NONE', #9705, 1.150000000000001688 ) ;
#4050 = TOROIDAL_SURFACE ( 'NONE', #10646, 26.00000000000000355, 1.000000000000000000 ) ;
#4051 = ORIENTED_EDGE ( 'NONE', *, *, #9644, .T. ) ;
#4052 = CIRCLE ( 'NONE', #9887, 1.149999999999999689 ) ;
#4053 = VECTOR ( 'NONE', #4623, 1000.000000000000000 ) ;
#4054 = CARTESIAN_POINT ( 'NONE',  ( -50.48689872104515075, 95.63999999999417412, -2.374168628343574117 ) ) ;
#4055 = ORIENTED_EDGE ( 'NONE', *, *, #3552, .F. ) ;
#4056 = DIRECTION ( 'NONE',  ( -0.000000000000000000, -1.000000000000000000, -0.000000000000000000 ) ) ;
#4057 = ORIENTED_EDGE ( 'NONE', *, *, #6062, .F. ) ;
#4058 = EDGE_CURVE ( 'NONE', #9579, #1467, #2079, .T. ) ;
#4059 = EDGE_CURVE ( 'NONE', #7658, #9761, #6794, .T. ) ;
#4060 = ORIENTED_EDGE ( 'NONE', *, *, #4278, .F. ) ;
#4061 = AXIS2_PLACEMENT_3D ( 'NONE', #9428, #4238, #1334 ) ;
#4062 = VECTOR ( 'NONE', #7264, 1000.000000000000114 ) ;
#4063 = VECTOR ( 'NONE', #878, 1000.000000000000000 ) ;
#4064 = ADVANCED_FACE ( 'NONE', ( #11058 ), #4906, .T. ) ;
#4065 = DIRECTION ( 'NONE',  ( 1.000000000000000000, 0.000000000000000000, 1.335278419062900361E-16 ) ) ;
#4066 = LINE ( 'NONE', #2405, #4256 ) ;
#4067 = PLANE ( 'NONE',  #9486 ) ;
#4068 = CARTESIAN_POINT ( 'NONE',  ( -53.40689872104514535, 95.63999999999417412, -7.959769997217391868 ) ) ;
#4069 = CARTESIAN_POINT ( 'NONE',  ( -50.48689872104515075, 0.000000000000000000, -9.453771206965333315E-16 ) ) ;
#4070 = FACE_BOUND ( 'NONE', #4888, .T. ) ;
#4071 = FACE_OUTER_BOUND ( 'NONE', #11203, .T. ) ;
#4072 = VECTOR ( 'NONE', #2283, 1000.000000000000114 ) ;
#4073 = CARTESIAN_POINT ( 'NONE',  ( -31.40689872104514180, 97.50000000000000000, -29.66122071973760299 ) ) ;
#4074 = ORIENTED_EDGE ( 'NONE', *, *, #189, .T. ) ;
#4075 = EDGE_LOOP ( 'NONE', ( #3929, #2600, #7979, #7231 ) ) ;
#4076 = EDGE_CURVE ( 'NONE', #2532, #3522, #380, .T. ) ;
#4077 = ORIENTED_EDGE ( 'NONE', *, *, #6178, .T. ) ;
#4078 = CARTESIAN_POINT ( 'NONE',  ( -46.58189872104514251, 97.40000406513269127, 5.861874929533527451E-15 ) ) ;
#4079 = CARTESIAN_POINT ( 'NONE',  ( 50.48689872104515075, 78.54000537782802382, -2.374168628343575449 ) ) ;
#4080 = AXIS2_PLACEMENT_3D ( 'NONE', #10296, #6870, #1310 ) ;
#4081 = DIRECTION ( 'NONE',  ( 0.000000000000000000, -1.000000000000000000, 0.000000000000000000 ) ) ;
#4082 = ORIENTED_EDGE ( 'NONE', *, *, #8674, .F. ) ;
#4083 = DIRECTION ( 'NONE',  ( 0.000000000000000000, 1.000000000000000000, 7.709882115452476934E-17 ) ) ;
#4084 = FACE_OUTER_BOUND ( 'NONE', #5224, .T. ) ;
#4085 = VERTEX_POINT ( 'NONE', #364 ) ;
#4086 = CARTESIAN_POINT ( 'NONE',  ( -43.40689872104514535, 95.28999999999417980, -0.6299859283196082016 ) ) ;
#4087 = CARTESIAN_POINT ( 'NONE',  ( -79.37500000000001421, 58.93999999999998352, 5.399999999999993250 ) ) ;
#4088 = VERTEX_POINT ( 'NONE', #3956 ) ;
#4089 = ORIENTED_EDGE ( 'NONE', *, *, #3528, .F. ) ;
#4090 = ORIENTED_EDGE ( 'NONE', *, *, #3677, .F. ) ;
#4091 = CARTESIAN_POINT ( 'NONE',  ( -34.87827715505559212, 96.12583987928823603, 20.56135746860334734 ) ) ;
#4092 = DIRECTION ( 'NONE',  ( -0.5735764363510426067, 0.8191520442889942411, 8.760552383784100532E-17 ) ) ;
#4093 = DIRECTION ( 'NONE',  ( 0.000000000000000000, 8.295151110468893303E-17, 1.000000000000000000 ) ) ;
#4094 = PLANE ( 'NONE',  #1830 ) ;
#4095 = DIRECTION ( 'NONE',  ( 0.000000000000000000, 0.000000000000000000, -1.000000000000000000 ) ) ;
#4096 = VERTEX_POINT ( 'NONE', #5857 ) ;
#4097 = PLANE ( 'NONE',  #2463 ) ;
#4098 = CARTESIAN_POINT ( 'NONE',  ( 81.50393985163277932, 108.0218215302490421, 45.09598165095877675 ) ) ;
#4099 = DIRECTION ( 'NONE',  ( 0.000000000000000000, 0.000000000000000000, 1.000000000000000000 ) ) ;
#4100 = ORIENTED_EDGE ( 'NONE', *, *, #8290, .T. ) ;
#4101 = FACE_OUTER_BOUND ( 'NONE', #9990, .T. ) ;
#4102 = EDGE_LOOP ( 'NONE', ( #7524, #1832, #11374, #10065, #7169, #1253, #6943, #6508, #6275, #8734, #10508, #1895 ) ) ;
#4103 = ADVANCED_FACE ( 'NONE', ( #419 ), #10383, .T. ) ;
#4104 = PLANE ( 'NONE',  #839 ) ;
#4105 = CARTESIAN_POINT ( 'NONE',  ( 61.81289880791658931, 8.274999999999998579, 18.26344096711873277 ) ) ;
#4106 = DIRECTION ( 'NONE',  ( 6.025932307130935509E-13, 0.000000000000000000, -1.000000000000000000 ) ) ;
#4107 = CARTESIAN_POINT ( 'NONE',  ( 50.48689872104515075, 91.54000537782400215, -2.374168628343573673 ) ) ;
#4108 = VERTEX_POINT ( 'NONE', #1349 ) ;
#4109 = DIRECTION ( 'NONE',  ( 0.000000000000000000, 1.000000000000000000, -0.000000000000000000 ) ) ;
#4110 = VERTEX_POINT ( 'NONE', #2254 ) ;
#4111 = ORIENTED_EDGE ( 'NONE', *, *, #11431, .T. ) ;
#4112 = EDGE_CURVE ( 'NONE', #15, #4500, #9423, .T. ) ;
#4113 = EDGE_CURVE ( 'NONE', #7235, #7045, #4964, .T. ) ;
#4114 = CARTESIAN_POINT ( 'NONE',  ( 77.54999999999999716, 109.8258398792882247, 36.89999999999999147 ) ) ;
#4115 = ORIENTED_EDGE ( 'NONE', *, *, #8315, .F. ) ;
#4116 = CARTESIAN_POINT ( 'NONE',  ( 41.54999999999999716, 93.00000000000000000, 10.19715292348722890 ) ) ;
#4117 = LINE ( 'NONE', #7727, #3652 ) ;
#4118 = DIRECTION ( 'NONE',  ( 0.000000000000000000, 1.000000000000000000, 0.000000000000000000 ) ) ;
#4119 = FACE_OUTER_BOUND ( 'NONE', #6022, .T. ) ;
#4120 = CARTESIAN_POINT ( 'NONE',  ( 173.3018692371333032, 18.85000000000000497, -37.08269145387476584 ) ) ;
#4121 = LINE ( 'NONE', #5017, #1553 ) ;
#4122 = DIRECTION ( 'NONE',  ( 0.000000000000000000, 0.000000000000000000, 1.000000000000000000 ) ) ;
#4123 = VERTEX_POINT ( 'NONE', #1123 ) ;
#4124 = EDGE_CURVE ( 'NONE', #3162, #4915, #3017, .T. ) ;
#4125 = VERTEX_POINT ( 'NONE', #7461 ) ;
#4126 = ORIENTED_EDGE ( 'NONE', *, *, #9544, .T. ) ;
#4127 = CARTESIAN_POINT ( 'NONE',  ( 77.54999999999999716, 107.3258398792882247, 44.40000000000009095 ) ) ;
#4128 = CIRCLE ( 'NONE', #6409, 5.000000000000000000 ) ;
#4129 = EDGE_CURVE ( 'NONE', #2255, #1981, #4729, .T. ) ;
#4130 = FACE_OUTER_BOUND ( 'NONE', #1287, .T. ) ;
#4131 = ADVANCED_FACE ( 'NONE', ( #7570 ), #479, .F. ) ;
#4132 = ORIENTED_EDGE ( 'NONE', *, *, #1259, .T. ) ;
#4133 = DIRECTION ( 'NONE',  ( 1.000000000000000000, -0.000000000000000000, -0.000000000000000000 ) ) ;
#4134 = DIRECTION ( 'NONE',  ( 0.000000000000000000, 0.000000000000000000, 1.000000000000000000 ) ) ;
#4135 = EDGE_LOOP ( 'NONE', ( #7048, #7488 ) ) ;
#4136 = DIRECTION ( 'NONE',  ( -1.000000000000000000, 0.000000000000000000, 0.000000000000000000 ) ) ;
#4137 = DIRECTION ( 'NONE',  ( 0.000000000000000000, 0.000000000000000000, -1.000000000000000000 ) ) ;
#4138 = ORIENTED_EDGE ( 'NONE', *, *, #5627, .T. ) ;
#4139 = ORIENTED_EDGE ( 'NONE', *, *, #9699, .F. ) ;
#4140 = AXIS2_PLACEMENT_3D ( 'NONE', #10214, #5807, #6625 ) ;
#4141 = ORIENTED_EDGE ( 'NONE', *, *, #10598, .T. ) ;
#4142 = CARTESIAN_POINT ( 'NONE',  ( 79.37500000000000000, 90.00000000000000000, -127.1386775125482842 ) ) ;
#4143 = CARTESIAN_POINT ( 'NONE',  ( -67.12500000000000000, 104.8258398792882247, 42.90000000000005542 ) ) ;
#4144 = DIRECTION ( 'NONE',  ( -1.000000000000000000, -0.000000000000000000, -0.000000000000000000 ) ) ;
#4145 = EDGE_CURVE ( 'NONE', #275, #10451, #10152, .T. ) ;
#4146 = VERTEX_POINT ( 'NONE', #10215 ) ;
#4147 = VECTOR ( 'NONE', #3186, 1000.000000000000000 ) ;
#4148 = DIRECTION ( 'NONE',  ( 0.000000000000000000, 0.000000000000000000, 1.000000000000000000 ) ) ;
#4149 = CARTESIAN_POINT ( 'NONE',  ( 3.101698183575731183E-15, 109.8258398792883668, 36.89999999999999147 ) ) ;
#4150 = CARTESIAN_POINT ( 'NONE',  ( 33.54999999999999716, 93.00000000000000000, 10.19715292348722890 ) ) ;
#4151 = ORIENTED_EDGE ( 'NONE', *, *, #1444, .T. ) ;
#4152 = DIRECTION ( 'NONE',  ( 0.000000000000000000, 1.000000000000000000, 0.000000000000000000 ) ) ;
#4153 = CARTESIAN_POINT ( 'NONE',  ( -46.58189872104514251, 73.67999999411362921, 3.358530552390480040 ) ) ;
#4154 = CARTESIAN_POINT ( 'NONE',  ( 80.37500000000000000, 61.63999999999999346, 5.399999999999991473 ) ) ;
#4155 = ORIENTED_EDGE ( 'NONE', *, *, #6511, .F. ) ;
#4156 = CYLINDRICAL_SURFACE ( 'NONE', #11126, 1.149999999999999467 ) ;
#4157 = ORIENTED_EDGE ( 'NONE', *, *, #8263, .F. ) ;
#4158 = CARTESIAN_POINT ( 'NONE',  ( -46.58189872104514251, 75.48946397805705999, -21.83805926787198715 ) ) ;
#4159 = DIRECTION ( 'NONE',  ( -0.000000000000000000, 0.000000000000000000, 1.000000000000000000 ) ) ;
#4160 = DIRECTION ( 'NONE',  ( 0.000000000000000000, 0.000000000000000000, -1.000000000000000000 ) ) ;
#4161 = EDGE_CURVE ( 'NONE', #11083, #488, #3421, .T. ) ;
#4162 = AXIS2_PLACEMENT_3D ( 'NONE', #4694, #8358, #7538 ) ;
#4163 = ORIENTED_EDGE ( 'NONE', *, *, #10366, .F. ) ;
#4164 = DIRECTION ( 'NONE',  ( 0.000000000000000000, 0.000000000000000000, 1.000000000000000000 ) ) ;
#4165 = ORIENTED_EDGE ( 'NONE', *, *, #9473, .T. ) ;
#4166 = ORIENTED_EDGE ( 'NONE', *, *, #4241, .F. ) ;
#4167 = APPLICATION_PROTOCOL_DEFINITION ( 'draft international standard', 'automotive_design', 1998, #2902 ) ;
#4168 = ORIENTED_EDGE ( 'NONE', *, *, #11443, .T. ) ;
#4169 = CARTESIAN_POINT ( 'NONE',  ( 9.877393833880985241, 90.00000000000000000, -2.201337213713970620 ) ) ;
#4170 = AXIS2_PLACEMENT_3D ( 'NONE', #397, #4886, #5002 ) ;
#4171 = ORIENTED_EDGE ( 'NONE', *, *, #10380, .F. ) ;
#4172 = FACE_BOUND ( 'NONE', #1000, .T. ) ;
#4173 = CARTESIAN_POINT ( 'NONE',  ( 72.76808532600743717, 5.099999999999999645, -0.6211324209942660213 ) ) ;
#4174 = CYLINDRICAL_SURFACE ( 'NONE', #2173, 2.500000000000009326 ) ;
#4175 = EDGE_CURVE ( 'NONE', #1733, #4697, #6612, .T. ) ;
#4176 = ADVANCED_FACE ( 'NONE', ( #8797 ), #7862, .T. ) ;
#4177 = DIRECTION ( 'NONE',  ( 0.000000000000000000, 0.000000000000000000, 1.000000000000000000 ) ) ;
#4178 = AXIS2_PLACEMENT_3D ( 'NONE', #595, #10458, #4831 ) ;
#4179 = VECTOR ( 'NONE', #8472, 1000.000000000000000 ) ;
#4180 = CYLINDRICAL_SURFACE ( 'NONE', #8523, 5.000000000000000000 ) ;
#4181 = CARTESIAN_POINT ( 'NONE',  ( 77.54999999999999716, 109.8258398792882247, 36.89999999999998437 ) ) ;
#4182 = VERTEX_POINT ( 'NONE', #7091 ) ;
#4183 = VERTEX_POINT ( 'NONE', #10555 ) ;
#4184 = ORIENTED_EDGE ( 'NONE', *, *, #9371, .F. ) ;
#4185 = VECTOR ( 'NONE', #11584, 1000.000000000000000 ) ;
#4186 = CARTESIAN_POINT ( 'NONE',  ( -33.75499999999998835, 6.349999999999999645, -3.957691453874785825 ) ) ;
#4187 = ADVANCED_FACE ( 'NONE', ( #2479 ), #11462, .T. ) ;
#4188 = EDGE_CURVE ( 'NONE', #4088, #5783, #9611, .T. ) ;
#4189 = DIRECTION ( 'NONE',  ( 8.405686134351577711E-17, -0.000000000000000000, 1.000000000000000000 ) ) ;
#4190 = ORIENTED_EDGE ( 'NONE', *, *, #4904, .F. ) ;
#4191 = FACE_OUTER_BOUND ( 'NONE', #8312, .T. ) ;
#4192 = CARTESIAN_POINT ( 'NONE',  ( 74.43750000000001421, -4.758722840905003082, -32.75769145387477721 ) ) ;
#4193 = VECTOR ( 'NONE', #8211, 1000.000000000000000 ) ;
#4194 = DIRECTION ( 'NONE',  ( -0.000000000000000000, -1.000000000000000000, -0.000000000000000000 ) ) ;
#4195 = CARTESIAN_POINT ( 'NONE',  ( -11.25499999999998302, -24.89937738537090794, 7.542308546125213731 ) ) ;
#4196 = CIRCLE ( 'NONE', #2137, 1.150000000000003020 ) ;
#4197 = DIRECTION ( 'NONE',  ( -1.000000000000000000, -0.000000000000000000, 0.000000000000000000 ) ) ;
#4198 = ORIENTED_EDGE ( 'NONE', *, *, #5855, .T. ) ;
#4199 = VECTOR ( 'NONE', #4362, 1000.000000000000000 ) ;
#4200 = EDGE_LOOP ( 'NONE', ( #8586, #2743, #3789, #9067 ) ) ;
#4201 = ORIENTED_EDGE ( 'NONE', *, *, #4638, .T. ) ;
#4202 = EDGE_CURVE ( 'NONE', #5310, #4123, #9732, .T. ) ;
#4203 = EDGE_CURVE ( 'NONE', #6124, #4934, #3300, .T. ) ;
#4204 = LINE ( 'NONE', #4091, #4250 ) ;
#4205 = ADVANCED_FACE ( 'NONE', ( #4130 ), #747, .F. ) ;
#4206 = LINE ( 'NONE', #6383, #4962 ) ;
#4207 = DIRECTION ( 'NONE',  ( 0.000000000000000000, 0.000000000000000000, 1.000000000000000000 ) ) ;
#4208 = VECTOR ( 'NONE', #5617, 1000.000000000000000 ) ;
#4209 = ORIENTED_EDGE ( 'NONE', *, *, #875, .T. ) ;
#4210 = CARTESIAN_POINT ( 'NONE',  ( 50.02648654977334530, 6.349999999999999645, 21.38115427306259875 ) ) ;
#4211 = CARTESIAN_POINT ( 'NONE',  ( -72.76808532237741645, 5.099999999999999645, 18.26344096711973819 ) ) ;
#4212 = DIRECTION ( 'NONE',  ( -1.000000000000000000, 0.000000000000000000, 0.000000000000000000 ) ) ;
#4213 = ORIENTED_EDGE ( 'NONE', *, *, #11009, .F. ) ;
#4214 = CARTESIAN_POINT ( 'NONE',  ( -80.07520753820969617, 53.93999999999999062, 5.399999999999993250 ) ) ;
#4215 = CARTESIAN_POINT ( 'NONE',  ( 82.54999999999999716, 90.00000000000000000, 33.89999999999999147 ) ) ;
#4216 = CARTESIAN_POINT ( 'NONE',  ( -42.55000000000002558, 98.32583987928822467, 22.30467496797187010 ) ) ;
#4217 = CIRCLE ( 'NONE', #4783, 1.150000000000001688 ) ;
#4218 = EDGE_LOOP ( 'NONE', ( #4579, #10180, #5212, #5858 ) ) ;
#4219 = ORIENTED_EDGE ( 'NONE', *, *, #926, .T. ) ;
#4220 = CIRCLE ( 'NONE', #6112, 0.7999800169607197420 ) ;
#4221 = VECTOR ( 'NONE', #3794, 1000.000000000000000 ) ;
#4222 = CARTESIAN_POINT ( 'NONE',  ( 79.37500000000000000, 53.93999999999999062, -0.2576914538747649974 ) ) ;
#4223 = CARTESIAN_POINT ( 'NONE',  ( -82.55000000000002558, 97.50000000000000000, -26.48622071973760228 ) ) ;
#4224 = LINE ( 'NONE', #5886, #4411 ) ;
#4225 = DIRECTION ( 'NONE',  ( -0.000000000000000000, -0.000000000000000000, -1.000000000000000000 ) ) ;
#4226 = VERTEX_POINT ( 'NONE', #5971 ) ;
#4227 = CARTESIAN_POINT ( 'NONE',  ( -50.48689872104515075, 74.78999999999417980, -0.6299859283196093118 ) ) ;
#4228 = DIRECTION ( 'NONE',  ( -0.008479329218857335759, 0.9999640498417921020, 0.000000000000000000 ) ) ;
#4229 = CIRCLE ( 'NONE', #10628, 1.150000000000003020 ) ;
#4230 = VERTEX_POINT ( 'NONE', #5027 ) ;
#4231 = ORIENTED_EDGE ( 'NONE', *, *, #5588, .T. ) ;
#4232 = ORIENTED_EDGE ( 'NONE', *, *, #2266, .T. ) ;
#4233 = CARTESIAN_POINT ( 'NONE',  ( 82.54999999999999716, 72.64000000000000057, -26.48622071973760228 ) ) ;
#4234 = VERTEX_POINT ( 'NONE', #5140 ) ;
#4235 = DIRECTION ( 'NONE',  ( 0.000000000000000000, -5.229285515060565227E-16, 1.000000000000000000 ) ) ;
#4236 = VECTOR ( 'NONE', #4517, 1000.000000000000000 ) ;
#4237 = DIRECTION ( 'NONE',  ( 1.000000000000000000, -0.000000000000000000, -0.000000000000000000 ) ) ;
#4238 = DIRECTION ( 'NONE',  ( 2.244742081187875711E-15, 1.000000000000000000, -0.000000000000000000 ) ) ;
#4239 = AXIS2_PLACEMENT_3D ( 'NONE', #1608, #9146, #8046 ) ;
#4240 = VECTOR ( 'NONE', #7540, 1000.000000000000114 ) ;
#4241 = EDGE_CURVE ( 'NONE', #7322, #6966, #5911, .T. ) ;
#4242 = CARTESIAN_POINT ( 'NONE',  ( 82.54999999999999716, 90.00000000000000000, 33.89999999999999147 ) ) ;
#4243 = DIRECTION ( 'NONE',  ( 0.000000000000000000, 0.000000000000000000, -1.000000000000000000 ) ) ;
#4244 = DIRECTION ( 'NONE',  ( 0.000000000000000000, 0.000000000000000000, -1.000000000000000000 ) ) ;
#4245 = CARTESIAN_POINT ( 'NONE',  ( -3.408342398413210628, 124.3696453009095109, -20.03649027154754592 ) ) ;
#4246 = CARTESIAN_POINT ( 'NONE',  ( 46.58189872104513540, 96.59681315178001171, -24.95123739735932489 ) ) ;
#4247 = EDGE_LOOP ( 'NONE', ( #8921, #3699, #4693, #3848 ) ) ;
#4248 = CONICAL_SURFACE ( 'NONE', #8771, 5.999999999999953815, 0.9599310885968800333 ) ;
#4249 = ORIENTED_EDGE ( 'NONE', *, *, #1150, .F. ) ;
#4250 = VECTOR ( 'NONE', #5089, 1000.000000000000000 ) ;
#4251 = VECTOR ( 'NONE', #3127, 1000.000000000000000 ) ;
#4252 = VECTOR ( 'NONE', #3841, 1000.000000000000000 ) ;
#4253 = EDGE_LOOP ( 'NONE', ( #10720, #8409, #10841, #2971, #9578, #3571, #1720, #3179, #1326, #5006, #11445, #1856, #4422, #7608, #5284, #8220, #9566, #1306 ) ) ;
#4254 = EDGE_CURVE ( 'NONE', #11206, #5684, #4309, .T. ) ;
#4255 = DIRECTION ( 'NONE',  ( 0.000000000000000000, 0.000000000000000000, 1.000000000000000000 ) ) ;
#4256 = VECTOR ( 'NONE', #8718, 1000.000000000000000 ) ;
#4257 = DIRECTION ( 'NONE',  ( 0.000000000000000000, -1.000000000000000000, -7.709882115452476934E-17 ) ) ;
#4258 = AXIS2_PLACEMENT_3D ( 'NONE', #1893, #2960, #10871 ) ;
#4259 = EDGE_LOOP ( 'NONE', ( #246, #5710, #33, #4322 ) ) ;
#4260 = CARTESIAN_POINT ( 'NONE',  ( -80.07520753820969617, 61.63999999999999346, -5.257691453874764775 ) ) ;
#4261 = CARTESIAN_POINT ( 'NONE',  ( -20.50068315390130635, 96.12583987928823603, 21.29350972844751055 ) ) ;
#4262 = DIRECTION ( 'NONE',  ( 1.000000000000000000, 0.000000000000000000, 0.000000000000000000 ) ) ;
#4263 = CARTESIAN_POINT ( 'NONE',  ( 67.12499999999998579, 99.82583987928822467, 37.90000000000004832 ) ) ;
#4264 = ORIENTED_EDGE ( 'NONE', *, *, #11254, .T. ) ;
#4265 = ORIENTED_EDGE ( 'NONE', *, *, #960, .F. ) ;
#4266 = ORIENTED_EDGE ( 'NONE', *, *, #8462, .T. ) ;
#4267 = VECTOR ( 'NONE', #1482, 1000.000000000000000 ) ;
#4268 = EDGE_CURVE ( 'NONE', #6972, #11148, #558, .T. ) ;
#4269 = ADVANCED_FACE ( 'NONE', ( #7742 ), #576, .T. ) ;
#4270 = VECTOR ( 'NONE', #6233, 1000.000000000000000 ) ;
#4271 = DIRECTION ( 'NONE',  ( 0.000000000000000000, 0.000000000000000000, 1.000000000000000000 ) ) ;
#4272 = EDGE_LOOP ( 'NONE', ( #11113, #3443, #11195, #11240 ) ) ;
#4273 = CARTESIAN_POINT ( 'NONE',  ( 50.02648654977334530, 5.099999999999999645, 21.38115427306259875 ) ) ;
#4274 = DIRECTION ( 'NONE',  ( -1.000000000000000000, 0.000000000000000000, -1.066750355020279212E-16 ) ) ;
#4275 = CYLINDRICAL_SURFACE ( 'NONE', #10789, 1.150000000000001688 ) ;
#4276 = EDGE_CURVE ( 'NONE', #1342, #4545, #9668, .T. ) ;
#4277 = ORIENTED_EDGE ( 'NONE', *, *, #9380, .T. ) ;
#4278 = EDGE_CURVE ( 'NONE', #10394, #11095, #7800, .T. ) ;
#4279 = CARTESIAN_POINT ( 'NONE',  ( -32.55000000000002558, 97.32583987928822467, 33.89999999999999147 ) ) ;
#4280 = LINE ( 'NONE', #5828, #11399 ) ;
#4281 = CARTESIAN_POINT ( 'NONE',  ( 42.54999999999999716, 96.82583987928822467, 22.30467496797187010 ) ) ;
#4282 = ORIENTED_EDGE ( 'NONE', *, *, #7302, .F. ) ;
#4283 = ORIENTED_EDGE ( 'NONE', *, *, #7574, .T. ) ;
#4284 = ADVANCED_FACE ( 'NONE', ( #6853 ), #4363, .F. ) ;
#4285 = CARTESIAN_POINT ( 'NONE',  ( -50.48689872104515075, 97.40000406513269127, 2.358535216981981542 ) ) ;
#4286 = LINE ( 'NONE', #4120, #4588 ) ;
#4287 = DIRECTION ( 'NONE',  ( -2.806772131380966290E-20, 0.9999999829769944393, 0.0001845156108989498935 ) ) ;
#4288 = CARTESIAN_POINT ( 'NONE',  ( -11.25499999999998302, -27.00000000000000355, 7.542308546125213731 ) ) ;
#4289 = ADVANCED_FACE ( 'NONE', ( #3360 ), #8733, .F. ) ;
#4290 = ORIENTED_EDGE ( 'NONE', *, *, #3491, .F. ) ;
#4291 = ADVANCED_FACE ( 'NONE', ( #8146 ), #5317, .F. ) ;
#4292 = DIRECTION ( 'NONE',  ( -1.000000000000000000, 0.000000000000000000, 0.000000000000000000 ) ) ;
#4293 = DIRECTION ( 'NONE',  ( -1.000000000000000000, 0.000000000000000000, 0.000000000000000000 ) ) ;
#4294 = CARTESIAN_POINT ( 'NONE',  ( 6.616786595505097068, 79.82583987928821045, 21.29350972844455114 ) ) ;
#4295 = EDGE_CURVE ( 'NONE', #4085, #9203, #2269, .T. ) ;
#4296 = ORIENTED_EDGE ( 'NONE', *, *, #2537, .T. ) ;
#4297 = ORIENTED_EDGE ( 'NONE', *, *, #6178, .F. ) ;
#4298 = ORIENTED_EDGE ( 'NONE', *, *, #231, .F. ) ;
#4299 = LINE ( 'NONE', #10603, #9127 ) ;
#4300 = DIRECTION ( 'NONE',  ( 0.000000000000000000, 0.000000000000000000, 1.000000000000000000 ) ) ;
#4301 = CARTESIAN_POINT ( 'NONE',  ( -72.76808532237744487, 5.099999999999999645, 17.06344096711973890 ) ) ;
#4302 = DIRECTION ( 'NONE',  ( 0.000000000000000000, -0.7660444431189783465, -0.6427876096865389188 ) ) ;
#4303 = CARTESIAN_POINT ( 'NONE',  ( 67.12499999999998579, 99.82583987928822467, 40.40000000000004832 ) ) ;
#4304 = ORIENTED_EDGE ( 'NONE', *, *, #1318, .T. ) ;
#4305 = EDGE_LOOP ( 'NONE', ( #3361, #5696, #2992, #8933 ) ) ;
#4306 = VERTEX_POINT ( 'NONE', #4540 ) ;
#4307 = PLANE ( 'NONE',  #11384 ) ;
#4308 = CARTESIAN_POINT ( 'NONE',  ( 51.69999999999999574, 99.82583987928822467, 46.90000000000009095 ) ) ;
#4309 = LINE ( 'NONE', #1412, #5674 ) ;
#4310 = ORIENTED_EDGE ( 'NONE', *, *, #6342, .T. ) ;
#4311 = CARTESIAN_POINT ( 'NONE',  ( 12.14099893161103161, 109.8258398792882247, 36.89999999999997726 ) ) ;
#4312 = CARTESIAN_POINT ( 'NONE',  ( -46.58189872104513540, 96.59681315178001171, -24.95123739735932489 ) ) ;
#4313 = EDGE_CURVE ( 'NONE', #6218, #4970, #10374, .T. ) ;
#4314 = VERTEX_POINT ( 'NONE', #67 ) ;
#4315 = FACE_BOUND ( 'NONE', #5912, .T. ) ;
#4316 = DIRECTION ( 'NONE',  ( 0.000000000000000000, 0.8191520442889942411, 0.5735764363510426067 ) ) ;
#4317 = VERTEX_POINT ( 'NONE', #11645 ) ;
#4318 = ORIENTED_EDGE ( 'NONE', *, *, #2529, .F. ) ;
#4319 = EDGE_LOOP ( 'NONE', ( #7883, #833, #5213, #4547, #4867, #10737, #8153, #8608, #7313, #1079, #5577, #9485, #660, #8878, #9989, #8699, #7013, #976, #8779, #4940 ) ) ;
#4320 = VECTOR ( 'NONE', #7898, 1000.000000000000000 ) ;
#4321 = LINE ( 'NONE', #6166, #7047 ) ;
#4322 = ORIENTED_EDGE ( 'NONE', *, *, #944, .T. ) ;
#4323 = CARTESIAN_POINT ( 'NONE',  ( -50.48689872104515075, 78.54000537782802382, -2.374168628343575449 ) ) ;
#4324 = LINE ( 'NONE', #7929, #8991 ) ;
#4325 = FACE_OUTER_BOUND ( 'NONE', #2032, .T. ) ;
#4326 = EDGE_CURVE ( 'NONE', #2501, #10779, #3719, .T. ) ;
#4327 = ORIENTED_EDGE ( 'NONE', *, *, #1060, .F. ) ;
#4328 = CARTESIAN_POINT ( 'NONE',  ( 43.40689872104513825, 72.64000000000000057, -29.66122071973760299 ) ) ;
#4329 = DIRECTION ( 'NONE',  ( 0.000000000000000000, 0.000000000000000000, -1.000000000000000000 ) ) ;
#4330 = FACE_OUTER_BOUND ( 'NONE', #2411, .T. ) ;
#4331 = VECTOR ( 'NONE', #2607, 1000.000000000000000 ) ;
#4332 = ORIENTED_EDGE ( 'NONE', *, *, #5740, .F. ) ;
#4333 = ORIENTED_EDGE ( 'NONE', *, *, #9011, .F. ) ;
#4334 = VECTOR ( 'NONE', #8225, 1000.000000000000000 ) ;
#4335 = CARTESIAN_POINT ( 'NONE',  ( 33.75500000000002387, 10.00000000000000000, -3.738845726937403580 ) ) ;
#4336 = CARTESIAN_POINT ( 'NONE',  ( -46.58189872104514251, 72.64000000000000057, 19.12967496797186939 ) ) ;
#4337 = DIRECTION ( 'NONE',  ( 0.000000000000000000, -1.000000000000000000, -0.000000000000000000 ) ) ;
#4338 = ADVANCED_FACE ( 'NONE', ( #5441 ), #1836, .F. ) ;
#4339 = ORIENTED_EDGE ( 'NONE', *, *, #8581, .F. ) ;
#4340 = FACE_OUTER_BOUND ( 'NONE', #3043, .T. ) ;
#4341 = DIRECTION ( 'NONE',  ( -6.246347130343909381E-16, 1.000000000000000000, 1.951983478232471681E-16 ) ) ;
#4342 = CARTESIAN_POINT ( 'NONE',  ( -30.03273860033339560, 96.12583987928823603, -4.426490271135110177 ) ) ;
#4343 = ORIENTED_EDGE ( 'NONE', *, *, #8534, .T. ) ;
#4344 = AXIS2_PLACEMENT_3D ( 'NONE', #7, #127, #3594 ) ;
#4345 = EDGE_LOOP ( 'NONE', ( #6737, #6463, #10757, #3650 ) ) ;
#4346 = ORIENTED_EDGE ( 'NONE', *, *, #5573, .T. ) ;
#4347 = EDGE_CURVE ( 'NONE', #5964, #6849, #6202, .T. ) ;
#4348 = EDGE_CURVE ( 'NONE', #4314, #457, #5563, .T. ) ;
#4349 = AXIS2_PLACEMENT_3D ( 'NONE', #5225, #2502, #8934 ) ;
#4350 = CARTESIAN_POINT ( 'NONE',  ( 46.58189872104514251, 72.64000000000000057, 19.12967496797186939 ) ) ;
#4351 = LINE ( 'NONE', #7954, #7249 ) ;
#4352 = CARTESIAN_POINT ( 'NONE',  ( -43.40689872104514535, 95.28999999999417980, -25.07998592831960849 ) ) ;
#4353 = CARTESIAN_POINT ( 'NONE',  ( -77.61249999996864801, -4.758722840905003082, -32.75769145387477721 ) ) ;
#4354 = CARTESIAN_POINT ( 'NONE',  ( 5.042655011336155901, 124.8258398792882247, 32.10220843882515140 ) ) ;
#4355 = DIRECTION ( 'NONE',  ( 0.000000000000000000, 0.000000000000000000, -1.000000000000000000 ) ) ;
#4356 = ORIENTED_EDGE ( 'NONE', *, *, #11084, .F. ) ;
#4357 = VERTEX_POINT ( 'NONE', #4486 ) ;
#4358 = VERTEX_POINT ( 'NONE', #8085 ) ;
#4359 = EDGE_CURVE ( 'NONE', #373, #5505, #994, .T. ) ;
#4360 = AXIS2_PLACEMENT_3D ( 'NONE', #5016, #2128, #5677 ) ;
#4361 = AXIS2_PLACEMENT_3D ( 'NONE', #2516, #8651, #6122 ) ;
#4362 = DIRECTION ( 'NONE',  ( -0.000000000000000000, -1.000000000000000000, -0.000000000000000000 ) ) ;
#4363 = PLANE ( 'NONE',  #7921 ) ;
#4364 = ORIENTED_EDGE ( 'NONE', *, *, #11198, .F. ) ;
#4365 = PLANE ( 'NONE',  #4583 ) ;
#4366 = CARTESIAN_POINT ( 'NONE',  ( -33.55000000000002558, 91.50000000000000000, 22.30467496797187010 ) ) ;
#4367 = DIRECTION ( 'NONE',  ( -1.000000000000000000, 0.000000000000000000, 1.335278419062900361E-16 ) ) ;
#4368 = LINE ( 'NONE', #6156, #180 ) ;
#4369 = DIRECTION ( 'NONE',  ( -1.000000000000000000, 0.000000000000000000, 0.000000000000000000 ) ) ;
#4370 = VERTEX_POINT ( 'NONE', #2647 ) ;
#4371 = ORIENTED_EDGE ( 'NONE', *, *, #2814, .T. ) ;
#4372 = AXIS2_PLACEMENT_3D ( 'NONE', #6344, #8227, #8163 ) ;
#4373 = AXIS2_PLACEMENT_3D ( 'NONE', #40, #3628, #2753 ) ;
#4374 = ORIENTED_EDGE ( 'NONE', *, *, #10748, .T. ) ;
#4375 = EDGE_CURVE ( 'NONE', #9140, #10812, #1055, .T. ) ;
#4376 = EDGE_CURVE ( 'NONE', #3951, #8433, #937, .T. ) ;
#4377 = CARTESIAN_POINT ( 'NONE',  ( 81.55000000000001137, 66.63999999999998636, -0.2576914538747651640 ) ) ;
#4378 = LINE ( 'NONE', #8926, #7268 ) ;
#4379 = AXIS2_PLACEMENT_3D ( 'NONE', #1772, #8982, #3481 ) ;
#4380 = ORIENTED_EDGE ( 'NONE', *, *, #4031, .F. ) ;
#4381 = CARTESIAN_POINT ( 'NONE',  ( -82.54999999999999716, 6.349999999999997868, 11.40000000000000036 ) ) ;
#4382 = DIRECTION ( 'NONE',  ( -4.937420151055313657E-11, 0.000000000000000000, -1.000000000000000000 ) ) ;
#4383 = CARTESIAN_POINT ( 'NONE',  ( 50.02648654977334530, 6.349999999999999645, 24.62763407003638960 ) ) ;
#4384 = VECTOR ( 'NONE', #10260, 1000.000000000000000 ) ;
#4385 = ORIENTED_EDGE ( 'NONE', *, *, #5440, .T. ) ;
#4386 = CARTESIAN_POINT ( 'NONE',  ( 80.37500000000000000, 61.63999999999999346, 10.39999999999999325 ) ) ;
#4387 = DIRECTION ( 'NONE',  ( 1.527355698137925406E-16, 0.000000000000000000, 1.000000000000000000 ) ) ;
#4388 = DIRECTION ( 'NONE',  ( -0.000000000000000000, -1.000000000000000000, -0.000000000000000000 ) ) ;
#4389 = VERTEX_POINT ( 'NONE', #6263 ) ;
#4390 = ORIENTED_EDGE ( 'NONE', *, *, #4796, .T. ) ;
#4391 = EDGE_CURVE ( 'NONE', #6581, #4108, #11516, .T. ) ;
#4392 = EDGE_CURVE ( 'NONE', #5727, #3790, #5380, .T. ) ;
#4393 = VECTOR ( 'NONE', #4394, 1000.000000000000000 ) ;
#4394 = DIRECTION ( 'NONE',  ( -1.000000000000000000, 0.000000000000000000, 0.000000000000000000 ) ) ;
#4395 = DIRECTION ( 'NONE',  ( -0.000000000000000000, -1.000000000000000000, -0.000000000000000000 ) ) ;
#4396 = FACE_OUTER_BOUND ( 'NONE', #818, .T. ) ;
#4397 = DIRECTION ( 'NONE',  ( 0.000000000000000000, -0.000000000000000000, -1.000000000000000000 ) ) ;
#4398 = ORIENTED_EDGE ( 'NONE', *, *, #6087, .F. ) ;
#4399 = LINE ( 'NONE', #1810, #1325 ) ;
#4400 = CARTESIAN_POINT ( 'NONE',  ( 29.99957050306813855, 124.8258398792882247, -20.03649027154900608 ) ) ;
#4401 = LINE ( 'NONE', #3634, #7829 ) ;
#4402 = VECTOR ( 'NONE', #5548, 1000.000000000000114 ) ;
#4403 = ORIENTED_EDGE ( 'NONE', *, *, #7144, .T. ) ;
#4404 =( NAMED_UNIT ( * ) SI_UNIT ( $, .STERADIAN. ) SOLID_ANGLE_UNIT ( ) );
#4405 = ORIENTED_EDGE ( 'NONE', *, *, #9176, .F. ) ;
#4406 = EDGE_CURVE ( 'NONE', #1506, #6309, #3769, .T. ) ;
#4407 = DIRECTION ( 'NONE',  ( -0.9999999999984094945, 0.000000000000000000, 1.783514045278184224E-06 ) ) ;
#4408 = ORIENTED_EDGE ( 'NONE', *, *, #4479, .T. ) ;
#4409 = EDGE_CURVE ( 'NONE', #954, #5036, #7330, .T. ) ;
#4410 = EDGE_CURVE ( 'NONE', #3726, #9330, #1321, .T. ) ;
#4411 = VECTOR ( 'NONE', #1497, 1000.000000000000000 ) ;
#4412 = DIRECTION ( 'NONE',  ( 0.000000000000000000, 0.000000000000000000, 1.000000000000000000 ) ) ;
#4413 = CARTESIAN_POINT ( 'NONE',  ( 69.50000000000001421, -4.758722840904973772, 143.6261611216363576 ) ) ;
#4414 = LINE ( 'NONE', #2586, #8763 ) ;
#4415 = VECTOR ( 'NONE', #7007, 1000.000000000000000 ) ;
#4416 = FACE_OUTER_BOUND ( 'NONE', #9391, .T. ) ;
#4417 = DIRECTION ( 'NONE',  ( 0.000000000000000000, 1.000000000000000000, -0.000000000000000000 ) ) ;
#4418 = ADVANCED_FACE ( 'NONE', ( #7207 ), #10026, .T. ) ;
#4419 = DIRECTION ( 'NONE',  ( -1.000000000000000000, 0.000000000000000000, 0.000000000000000000 ) ) ;
#4420 = EDGE_CURVE ( 'NONE', #3522, #2745, #8379, .T. ) ;
#4421 = ORIENTED_EDGE ( 'NONE', *, *, #8040, .T. ) ;
#4422 = ORIENTED_EDGE ( 'NONE', *, *, #8731, .F. ) ;
#4423 = VERTEX_POINT ( 'NONE', #3006 ) ;
#4424 = CIRCLE ( 'NONE', #5937, 1.000000000000000888 ) ;
#4425 = EDGE_CURVE ( 'NONE', #3595, #553, #6615, .T. ) ;
#4426 = VECTOR ( 'NONE', #3767, 1000.000000000000000 ) ;
#4427 = FACE_OUTER_BOUND ( 'NONE', #8653, .T. ) ;
#4428 = DIRECTION ( 'NONE',  ( -1.000000000000000000, 0.000000000000000000, 0.000000000000000000 ) ) ;
#4429 = ORIENTED_EDGE ( 'NONE', *, *, #5362, .T. ) ;
#4430 = DIRECTION ( 'NONE',  ( -0.000000000000000000, -1.000000000000000000, -8.182657905550978279E-17 ) ) ;
#4431 = CARTESIAN_POINT ( 'NONE',  ( -0.0004294969318460739593, 124.8258398792882247, 8.433509728450992782 ) ) ;
#4432 = VECTOR ( 'NONE', #6093, 1000.000000000000000 ) ;
#4433 = VERTEX_POINT ( 'NONE', #2893 ) ;
#4434 = VECTOR ( 'NONE', #6701, 999.9999999999998863 ) ;
#4435 = CIRCLE ( 'NONE', #3865, 1.150000000000001688 ) ;
#4436 = DIRECTION ( 'NONE',  ( 0.000000000000000000, 0.000000000000000000, -1.000000000000000000 ) ) ;
#4437 = CARTESIAN_POINT ( 'NONE',  ( 43.40689872104514535, 95.28999999999417980, -23.92998592831960991 ) ) ;
#4438 = AXIS2_PLACEMENT_3D ( 'NONE', #8228, #3730, #7343 ) ;
#4439 = EDGE_CURVE ( 'NONE', #6978, #9399, #9994, .T. ) ;
#4440 = ORIENTED_EDGE ( 'NONE', *, *, #5331, .T. ) ;
#4441 = VERTEX_POINT ( 'NONE', #6500 ) ;
#4442 = ORIENTED_EDGE ( 'NONE', *, *, #10534, .F. ) ;
#4443 = ORIENTED_EDGE ( 'NONE', *, *, #7797, .T. ) ;
#4444 = CIRCLE ( 'NONE', #664, 5.000000000000000000 ) ;
#4445 = CIRCLE ( 'NONE', #3118, 5.000000000000000000 ) ;
#4446 = AXIS2_PLACEMENT_3D ( 'NONE', #4858, #8457, #2307 ) ;
#4447 = DIRECTION ( 'NONE',  ( -1.000000000000000000, -0.000000000000000000, -0.000000000000000000 ) ) ;
#4448 = FACE_OUTER_BOUND ( 'NONE', #8447, .T. ) ;
#4449 = ORIENTED_EDGE ( 'NONE', *, *, #3927, .T. ) ;
#4450 = CARTESIAN_POINT ( 'NONE',  ( 82.54999999999999716, 53.23979246179026603, 5.399999999999993250 ) ) ;
#4451 = DIRECTION ( 'NONE',  ( -0.5735764363510577057, 1.118899434348419481E-16, 0.8191520442889836939 ) ) ;
#4452 = DIRECTION ( 'NONE',  ( -1.527355698137925406E-16, 0.000000000000000000, -1.000000000000000000 ) ) ;
#4453 = ORIENTED_EDGE ( 'NONE', *, *, #11226, .F. ) ;
#4454 = CARTESIAN_POINT ( 'NONE',  ( -53.40689872104514535, 74.43999999999417128, -7.959769997217391868 ) ) ;
#4455 = CYLINDRICAL_SURFACE ( 'NONE', #8395, 1.149999999999998135 ) ;
#4456 = DIRECTION ( 'NONE',  ( 0.000000000000000000, 0.000000000000000000, -1.000000000000000000 ) ) ;
#4457 = EDGE_LOOP ( 'NONE', ( #9977, #6158 ) ) ;
#4458 = ORIENTED_EDGE ( 'NONE', *, *, #5940, .F. ) ;
#4459 = VECTOR ( 'NONE', #9997, 1000.000000000000000 ) ;
#4460 = DIRECTION ( 'NONE',  ( 0.000000000000000000, 0.000000000000000000, 1.000000000000000000 ) ) ;
#4461 = EDGE_LOOP ( 'NONE', ( #6084, #11068, #4584, #1916 ) ) ;
#4462 = LINE ( 'NONE', #8059, #11630 ) ;
#4463 = VECTOR ( 'NONE', #5275, 1000.000000000000000 ) ;
#4464 = DIRECTION ( 'NONE',  ( 0.000000000000000000, 0.000000000000000000, 1.000000000000000000 ) ) ;
#4465 = CYLINDRICAL_SURFACE ( 'NONE', #7588, 1.149999999999999689 ) ;
#4466 = ORIENTED_EDGE ( 'NONE', *, *, #9904, .F. ) ;
#4467 = CYLINDRICAL_SURFACE ( 'NONE', #1710, 1.200000000000003064 ) ;
#4468 = CARTESIAN_POINT ( 'NONE',  ( 0.000000000000000000, 6.349999999999999645, -24.58269145387476584 ) ) ;
#4469 = CARTESIAN_POINT ( 'NONE',  ( -50.02648654977334530, 10.00000000000000000, 21.38115427306260230 ) ) ;
#4470 = EDGE_CURVE ( 'NONE', #2276, #9847, #3185, .T. ) ;
#4471 = ORIENTED_EDGE ( 'NONE', *, *, #5871, .T. ) ;
#4472 = VERTEX_POINT ( 'NONE', #5619 ) ;
#4473 = VERTEX_POINT ( 'NONE', #10142 ) ;
#4474 = PLANE ( 'NONE',  #8410 ) ;
#4475 = CARTESIAN_POINT ( 'NONE',  ( 11.25500000000000433, -27.00000000000000355, 13.89999999999999680 ) ) ;
#4476 = CARTESIAN_POINT ( 'NONE',  ( 74.43750000000001421, -4.758722840905003082, -32.75769145387477721 ) ) ;
#4477 = DIRECTION ( 'NONE',  ( 0.000000000000000000, 1.000000000000000000, -1.365923996832131116E-16 ) ) ;
#4478 = DIRECTION ( 'NONE',  ( 0.000000000000000000, 1.000000000000000000, 0.000000000000000000 ) ) ;
#4479 = EDGE_CURVE ( 'NONE', #8543, #2886, #9775, .T. ) ;
#4480 = ADVANCED_FACE ( 'NONE', ( #5733 ), #4718, .F. ) ;
#4481 = DIRECTION ( 'NONE',  ( -1.000000000000000000, -0.000000000000000000, -0.000000000000000000 ) ) ;
#4482 = VERTEX_POINT ( 'NONE', #11042 ) ;
#4483 = ORIENTED_EDGE ( 'NONE', *, *, #5701, .T. ) ;
#4484 = LINE ( 'NONE', #7910, #4955 ) ;
#4485 = DIRECTION ( 'NONE',  ( 0.000000000000000000, 0.000000000000000000, 1.000000000000000000 ) ) ;
#4486 = CARTESIAN_POINT ( 'NONE',  ( -20.50068315390130635, 96.12583987928823603, 21.29350972844751055 ) ) ;
#4487 = ORIENTED_EDGE ( 'NONE', *, *, #10651, .F. ) ;
#4488 = FACE_OUTER_BOUND ( 'NONE', #6778, .T. ) ;
#4489 = DIRECTION ( 'NONE',  ( 0.000000000000000000, 1.000000000000000000, 0.000000000000000000 ) ) ;
#4490 = EDGE_CURVE ( 'NONE', #6692, #11014, #7769, .T. ) ;
#4491 = FACE_BOUND ( 'NONE', #11209, .T. ) ;
#4492 = ORIENTED_EDGE ( 'NONE', *, *, #8928, .F. ) ;
#4493 = ORIENTED_EDGE ( 'NONE', *, *, #7368, .T. ) ;
#4494 = VERTEX_POINT ( 'NONE', #10826 ) ;
#4495 = EDGE_CURVE ( 'NONE', #7352, #10483, #3797, .T. ) ;
#4496 = EDGE_CURVE ( 'NONE', #986, #3084, #9120, .T. ) ;
#4497 = EDGE_CURVE ( 'NONE', #259, #9437, #5469, .T. ) ;
#4498 = ADVANCED_FACE ( 'NONE', ( #1139 ), #3689, .T. ) ;
#4499 = CARTESIAN_POINT ( 'NONE',  ( -33.75499999999998124, 6.349999999999999645, 0.000000000000000000 ) ) ;
#4500 = VERTEX_POINT ( 'NONE', #10768 ) ;
#4501 = DIRECTION ( 'NONE',  ( 1.000000000000000000, -0.000000000000000000, -0.000000000000000000 ) ) ;
#4502 = LINE ( 'NONE', #6283, #9921 ) ;
#4503 = FACE_OUTER_BOUND ( 'NONE', #8495, .T. ) ;
#4504 = EDGE_LOOP ( 'NONE', ( #4674, #11000, #8248, #144 ) ) ;
#4505 = CARTESIAN_POINT ( 'NONE',  ( 50.48689872104515075, 95.63999999999417412, -2.374168628343574117 ) ) ;
#4506 = CARTESIAN_POINT ( 'NONE',  ( 0.000000000000000000, -24.89937738537090794, 5.042308546125213731 ) ) ;
#4507 = ORIENTED_EDGE ( 'NONE', *, *, #6782, .F. ) ;
#4508 = ORIENTED_EDGE ( 'NONE', *, *, #3750, .F. ) ;
#4509 = ORIENTED_EDGE ( 'NONE', *, *, #2622, .T. ) ;
#4510 = DIRECTION ( 'NONE',  ( -1.000000000000000000, 0.000000000000000000, 1.335278419062900361E-16 ) ) ;
#4511 = DIRECTION ( 'NONE',  ( -1.000000000000000000, 0.000000000000000000, 0.000000000000000000 ) ) ;
#4512 = VECTOR ( 'NONE', #8373, 1000.000000000000000 ) ;
#4513 = FACE_OUTER_BOUND ( 'NONE', #9177, .T. ) ;
#4514 = CARTESIAN_POINT ( 'NONE',  ( 0.000000000000000000, 69.46500000000000341, 0.000000000000000000 ) ) ;
#4515 = ORIENTED_EDGE ( 'NONE', *, *, #3183, .F. ) ;
#4516 = PLANE ( 'NONE',  #1905 ) ;
#4517 = DIRECTION ( 'NONE',  ( 0.000000000000000000, 1.000000000000000000, 0.000000000000000000 ) ) ;
#4518 = CARTESIAN_POINT ( 'NONE',  ( -0.1327752523027176945, 96.12583987928823603, 8.433509402387802112 ) ) ;
#4519 = ORIENTED_EDGE ( 'NONE', *, *, #7015, .T. ) ;
#4520 = VERTEX_POINT ( 'NONE', #7240 ) ;
#4521 = VECTOR ( 'NONE', #1290, 1000.000000000000000 ) ;
#4522 = ORIENTED_EDGE ( 'NONE', *, *, #8605, .T. ) ;
#4523 = FACE_OUTER_BOUND ( 'NONE', #6078, .T. ) ;
#4524 = EDGE_CURVE ( 'NONE', #2567, #1701, #11011, .T. ) ;
#4525 = CARTESIAN_POINT ( 'NONE',  ( -50.48689872104515075, 95.63999999999417412, -2.374168628343574117 ) ) ;
#4526 = LINE ( 'NONE', #1693, #6492 ) ;
#4527 = LINE ( 'NONE', #6193, #8952 ) ;
#4528 = DIRECTION ( 'NONE',  ( 0.000000000000000000, 1.000000000000000000, 0.000000000000000000 ) ) ;
#4529 = LINE ( 'NONE', #10963, #3798 ) ;
#4530 = VECTOR ( 'NONE', #7340, 1000.000000000000114 ) ;
#4531 = LINE ( 'NONE', #4661, #2000 ) ;
#4532 = ORIENTED_EDGE ( 'NONE', *, *, #1307, .T. ) ;
#4533 = VERTEX_POINT ( 'NONE', #4746 ) ;
#4534 = LINE ( 'NONE', #5491, #84 ) ;
#4535 = CIRCLE ( 'NONE', #10003, 5.499999999999971578 ) ;
#4536 = EDGE_CURVE ( 'NONE', #8506, #11083, #8477, .T. ) ;
#4537 = EDGE_CURVE ( 'NONE', #6033, #6272, #11487, .T. ) ;
#4538 = CARTESIAN_POINT ( 'NONE',  ( -69.20000000000000284, 8.275000000000003908, -6.985329661611390684 ) ) ;
#4539 = DIRECTION ( 'NONE',  ( -0.5735764363510241770, -1.118899434348451529E-16, -0.8191520442890072307 ) ) ;
#4540 = CARTESIAN_POINT ( 'NONE',  ( 43.40689872104514535, 74.43999999999417128, -2.374168628343575005 ) ) ;
#4541 = VERTEX_POINT ( 'NONE', #2684 ) ;
#4542 = CARTESIAN_POINT ( 'NONE',  ( 0.8585786754341748761, 124.8258398792882531, 32.63352240641182789 ) ) ;
#4543 = LINE ( 'NONE', #2069, #11049 ) ;
#4544 = DIRECTION ( 'NONE',  ( -1.521157000053560499E-16, 0.000000000000000000, -1.000000000000000000 ) ) ;
#4545 = VERTEX_POINT ( 'NONE', #1861 ) ;
#4546 = ORIENTED_EDGE ( 'NONE', *, *, #6136, .F. ) ;
#4547 = ORIENTED_EDGE ( 'NONE', *, *, #5231, .F. ) ;
#4548 = VERTEX_POINT ( 'NONE', #8239 ) ;
#4549 = CIRCLE ( 'NONE', #11183, 0.7999800169607197420 ) ;
#4550 = VECTOR ( 'NONE', #1629, 1000.000000000000000 ) ;
#4551 = EDGE_CURVE ( 'NONE', #8847, #5688, #10119, .T. ) ;
#4552 = EDGE_CURVE ( 'NONE', #6581, #5818, #2926, .T. ) ;
#4553 = CARTESIAN_POINT ( 'NONE',  ( -50.02648654977334530, 8.274999999999998579, 20.18114647173673148 ) ) ;
#4554 = DIRECTION ( 'NONE',  ( -0.7071067812042748368, 0.000000000000000000, 0.7071067811688201976 ) ) ;
#4555 = CARTESIAN_POINT ( 'NONE',  ( -77.54999999999999716, 109.8258398792882247, 44.40000000000009095 ) ) ;
#4556 = VERTEX_POINT ( 'NONE', #7358 ) ;
#4557 = CARTESIAN_POINT ( 'NONE',  ( 11.25500000000000433, -27.00000000000000355, 16.39999999999999858 ) ) ;
#4558 = DIRECTION ( 'NONE',  ( -0.000000000000000000, -1.000000000000000000, -0.000000000000000000 ) ) ;
#4559 = DIRECTION ( 'NONE',  ( -1.000000000000000000, 0.000000000000000000, 0.000000000000000000 ) ) ;
#4560 = AXIS2_PLACEMENT_3D ( 'NONE', #4844, #8442, #4177 ) ;
#4561 = VERTEX_POINT ( 'NONE', #2864 ) ;
#4562 = CYLINDRICAL_SURFACE ( 'NONE', #11328, 5.000000000000000000 ) ;
#4563 = AXIS2_PLACEMENT_3D ( 'NONE', #4514, #2575, #4397 ) ;
#4564 = PLANE ( 'NONE',  #8005 ) ;
#4565 = VERTEX_POINT ( 'NONE', #10058 ) ;
#4566 = VECTOR ( 'NONE', #7064, 1000.000000000000000 ) ;
#4567 = EDGE_CURVE ( 'NONE', #7725, #8458, #8293, .T. ) ;
#4568 = VERTEX_POINT ( 'NONE', #209 ) ;
#4569 = EDGE_CURVE ( 'NONE', #6873, #1506, #2805, .T. ) ;
#4570 = DIRECTION ( 'NONE',  ( -1.066750355020279212E-16, 0.000000000000000000, -1.000000000000000000 ) ) ;
#4571 = ORIENTED_EDGE ( 'NONE', *, *, #8731, .T. ) ;
#4572 = ADVANCED_FACE ( 'NONE', ( #5537 ), #1986, .T. ) ;
#4573 = VECTOR ( 'NONE', #7342, 1000.000000000000000 ) ;
#4574 = VECTOR ( 'NONE', #5929, 1000.000000000000000 ) ;
#4575 = CARTESIAN_POINT ( 'NONE',  ( -30.00042949693185079, 110.8258398792882247, 4.963509728450992142 ) ) ;
#4576 = CARTESIAN_POINT ( 'NONE',  ( 4.999570503068137661, 119.8299752807307357, -20.03649027154900608 ) ) ;
#4577 = DIRECTION ( 'NONE',  ( -1.000000000000000000, 0.000000000000000000, 1.335278419062900361E-16 ) ) ;
#4578 = FACE_OUTER_BOUND ( 'NONE', #10257, .T. ) ;
#4579 = ORIENTED_EDGE ( 'NONE', *, *, #1234, .T. ) ;
#4580 = FACE_OUTER_BOUND ( 'NONE', #7130, .T. ) ;
#4581 = FACE_OUTER_BOUND ( 'NONE', #9214, .T. ) ;
#4582 = CARTESIAN_POINT ( 'NONE',  ( 76.81501998216515403, 5.099999999999999645, 19.07115427298596089 ) ) ;
#4583 = AXIS2_PLACEMENT_3D ( 'NONE', #1590, #11647, #11520 ) ;
#4584 = ORIENTED_EDGE ( 'NONE', *, *, #10244, .T. ) ;
#4585 = AXIS2_PLACEMENT_3D ( 'NONE', #7682, #9431, #3005 ) ;
#4586 = EDGE_CURVE ( 'NONE', #4767, #9225, #6537, .T. ) ;
#4587 = ORIENTED_EDGE ( 'NONE', *, *, #3104, .T. ) ;
#4588 = VECTOR ( 'NONE', #10844, 1000.000000000000000 ) ;
#4589 = ORIENTED_EDGE ( 'NONE', *, *, #735, .T. ) ;
#4590 = DIRECTION ( 'NONE',  ( 0.000000000000000000, -0.000000000000000000, 1.000000000000000000 ) ) ;
#4591 = CARTESIAN_POINT ( 'NONE',  ( 67.12499999999998579, 104.8258398792882247, 42.90000000000004121 ) ) ;
#4592 = FACE_OUTER_BOUND ( 'NONE', #8990, .T. ) ;
#4593 = PLANE ( 'NONE',  #6509 ) ;
#4594 = CARTESIAN_POINT ( 'NONE',  ( 79.37500000000000000, 61.63999999999999346, -5.957898992084453837 ) ) ;
#4595 = CIRCLE ( 'NONE', #8550, 12.50000000000000000 ) ;
#4596 = DIRECTION ( 'NONE',  ( 1.000000000000000000, -0.000000000000000000, 0.000000000000000000 ) ) ;
#4597 = DIRECTION ( 'NONE',  ( -0.8481145238789871144, 0.000000000000000000, 0.5298129428255965445 ) ) ;
#4598 = VERTEX_POINT ( 'NONE', #3857 ) ;
#4599 = ORIENTED_EDGE ( 'NONE', *, *, #1456, .F. ) ;
#4600 = AXIS2_PLACEMENT_3D ( 'NONE', #6428, #8365, #3874 ) ;
#4601 = EDGE_CURVE ( 'NONE', #6929, #7401, #9972, .T. ) ;
#4602 = AXIS2_PLACEMENT_3D ( 'NONE', #4553, #5512, #1902 ) ;
#4603 = DIRECTION ( 'NONE',  ( 0.000000000000000000, 1.000000000000000000, 0.000000000000000000 ) ) ;
#4604 = CARTESIAN_POINT ( 'NONE',  ( 82.54999999999999716, 99.82583987928822467, 33.89999999999999147 ) ) ;
#4605 = CARTESIAN_POINT ( 'NONE',  ( 50.48689872104515075, 74.78999999999417980, -22.77998592831961133 ) ) ;
#4606 = DIRECTION ( 'NONE',  ( -6.544275553939909236E-12, 0.000000000000000000, -1.000000000000000000 ) ) ;
#4607 = ORIENTED_EDGE ( 'NONE', *, *, #10325, .F. ) ;
#4608 = LINE ( 'NONE', #9, #4193 ) ;
#4609 = CARTESIAN_POINT ( 'NONE',  ( 82.54999999999999716, 58.93999999999998352, -0.2576914538747649974 ) ) ;
#4610 = PLANE ( 'NONE',  #10259 ) ;
#4611 = EDGE_LOOP ( 'NONE', ( #6559, #9624, #8741, #11194 ) ) ;
#4612 = ORIENTED_EDGE ( 'NONE', *, *, #7952, .F. ) ;
#4613 = EDGE_CURVE ( 'NONE', #4533, #3346, #8045, .T. ) ;
#4614 = VECTOR ( 'NONE', #11667, 1000.000000000000000 ) ;
#4615 = ORIENTED_EDGE ( 'NONE', *, *, #9246, .T. ) ;
#4616 = VERTEX_POINT ( 'NONE', #7527 ) ;
#4617 = AXIS2_PLACEMENT_3D ( 'NONE', #4400, #5355, #3697 ) ;
#4618 = AXIS2_PLACEMENT_3D ( 'NONE', #2766, #2819, #6429 ) ;
#4619 = B_SPLINE_CURVE_WITH_KNOTS ( 'NONE', 3,
 ( #1230, #3340, #1169, #3008 ),
 .UNSPECIFIED., .F., .F.,
 ( 4, 4 ),
 ( 0.000000000000000000, 0.001246860561844864712 ),
 .UNSPECIFIED. ) ;
#4620 = VECTOR ( 'NONE', #9883, 1000.000000000000000 ) ;
#4621 = VECTOR ( 'NONE', #5337, 1000.000000000000000 ) ;
#4622 = VERTEX_POINT ( 'NONE', #7583 ) ;
#4623 = DIRECTION ( 'NONE',  ( -1.000000000000000000, 0.000000000000000000, 0.000000000000000000 ) ) ;
#4624 = CARTESIAN_POINT ( 'NONE',  ( -82.54999999999999716, 6.349999999999999645, 25.39999999999999858 ) ) ;
#4625 = ORIENTED_EDGE ( 'NONE', *, *, #7797, .F. ) ;
#4626 = FACE_OUTER_BOUND ( 'NONE', #3818, .T. ) ;
#4627 = DIRECTION ( 'NONE',  ( 1.000000000000000000, 0.000000000000000000, 1.335278419062900361E-16 ) ) ;
#4628 = ORIENTED_EDGE ( 'NONE', *, *, #3266, .T. ) ;
#4629 = EDGE_CURVE ( 'NONE', #3793, #11592, #1135, .T. ) ;
#4630 = ADVANCED_FACE ( 'NONE', ( #6530 ), #10113, .T. ) ;
#4631 = EDGE_LOOP ( 'NONE', ( #8700, #9648, #1064, #4405 ) ) ;
#4632 = LINE ( 'NONE', #2981, #1291 ) ;
#4633 = EDGE_LOOP ( 'NONE', ( #3877, #5182, #3001, #1136 ) ) ;
#4634 = VECTOR ( 'NONE', #3193, 1000.000000000000114 ) ;
#4635 = AXIS2_PLACEMENT_3D ( 'NONE', #7438, #1047, #6434 ) ;
#4636 = DIRECTION ( 'NONE',  ( 0.000000000000000000, 0.9999999829769944393, 0.0001845156108989498935 ) ) ;
#4638 = EDGE_CURVE ( 'NONE', #4881, #985, #9116, .T. ) ;
#4637 = CARTESIAN_POINT ( 'NONE',  ( -79.37500000000001421, 6.349999999999999645, 25.39999999999999858 ) ) ;
#4639 = DIRECTION ( 'NONE',  ( 0.000000000000000000, 0.000000000000000000, 1.000000000000000000 ) ) ;
#4640 = ADVANCED_FACE ( 'NONE', ( #4805 ), #10164, .F. ) ;
#4641 = DIRECTION ( 'NONE',  ( 0.000000000000000000, 0.000000000000000000, -1.000000000000000000 ) ) ;
#4642 = LINE ( 'NONE', #10237, #1542 ) ;
#4643 = VECTOR ( 'NONE', #6767, 1000.000000000000000 ) ;
#4644 = VERTEX_POINT ( 'NONE', #11180 ) ;
#4645 = CARTESIAN_POINT ( 'NONE',  ( -5.831367388406349939, 119.8258398791773658, -20.02614085110419140 ) ) ;
#4646 = PLANE ( 'NONE',  #9683 ) ;
#4647 = CIRCLE ( 'NONE', #1812, 2.500000000000002220 ) ;
#4648 = DIRECTION ( 'NONE',  ( 0.000000000000000000, -1.000000000000000000, 0.000000000000000000 ) ) ;
#4649 = EDGE_CURVE ( 'NONE', #4234, #6663, #11072, .T. ) ;
#4650 = EDGE_LOOP ( 'NONE', ( #1686, #10417, #7550, #3458, #5037, #1727 ) ) ;
#4651 = ORIENTED_EDGE ( 'NONE', *, *, #4569, .T. ) ;
#4652 = VECTOR ( 'NONE', #4287, 1000.000000000000114 ) ;
#4653 = CARTESIAN_POINT ( 'NONE',  ( 11.25500000000000433, 6.350000000000001421, 13.89999999999999680 ) ) ;
#4655 = EDGE_CURVE ( 'NONE', #2265, #3162, #4632, .T. ) ;
#4654 = CARTESIAN_POINT ( 'NONE',  ( 5.996743271811250331, 119.8258398792882105, -15.01161596500278073 ) ) ;
#4656 = ADVANCED_FACE ( 'NONE', ( #8408 ), #2252, .F. ) ;
#4657 = LINE ( 'NONE', #3810, #7436 ) ;
#4658 = CARTESIAN_POINT ( 'NONE',  ( 79.37500000000000000, 58.93999999999998352, 5.399999999999993250 ) ) ;
#4659 = LINE ( 'NONE', #8197, #3054 ) ;
#4660 = DIRECTION ( 'NONE',  ( -1.000000000000000000, 0.000000000000000000, 1.335278419062900361E-16 ) ) ;
#4661 = CARTESIAN_POINT ( 'NONE',  ( 53.40689872104514535, 74.43999999999417128, -2.374168628343576337 ) ) ;
#4662 = ORIENTED_EDGE ( 'NONE', *, *, #10037, .F. ) ;
#4663 = EDGE_LOOP ( 'NONE', ( #11109, #4890, #9570, #1958 ) ) ;
#4664 = FACE_OUTER_BOUND ( 'NONE', #9104, .T. ) ;
#4665 = CARTESIAN_POINT ( 'NONE',  ( 6.267350428395202400, 119.8258398792882105, 36.86783398817240709 ) ) ;
#4666 = CARTESIAN_POINT ( 'NONE',  ( -82.54999999999999716, 107.7547720674227634, -24.66741156474240526 ) ) ;
#4667 = CARTESIAN_POINT ( 'NONE',  ( 4.247458218168167932, 124.4763630614729237, 36.89999999999998437 ) ) ;
#4668 = CARTESIAN_POINT ( 'NONE',  ( -76.81501998216515403, 8.274999999999998579, 19.07115427298596089 ) ) ;
#4669 = DIRECTION ( 'NONE',  ( 1.000000000000000000, 0.000000000000000000, -4.937420151055313657E-11 ) ) ;
#4670 =( BOUNDED_CURVE ( )  B_SPLINE_CURVE ( 3, ( #2237, #10314, #4766, #3880 ),
 .UNSPECIFIED., .F., .T. ) 
 B_SPLINE_CURVE_WITH_KNOTS ( ( 4, 4 ),
 ( 3.141592653589793116, 4.712388980384689674 ),
 .UNSPECIFIED. ) 
 CURVE ( )  GEOMETRIC_REPRESENTATION_ITEM ( )  RATIONAL_B_SPLINE_CURVE ( ( 1.000000000000000000, 0.8047378541243649375, 0.8047378541243649375, 1.000000000000000000 ) ) 
 REPRESENTATION_ITEM ( '' )  );
#4671 = CARTESIAN_POINT ( 'NONE',  ( 82.54999999999999716, 67.34020753820971095, 25.39999999999999858 ) ) ;
#4672 = ORIENTED_EDGE ( 'NONE', *, *, #8808, .T. ) ;
#4673 = EDGE_LOOP ( 'NONE', ( #3886, #4390, #11178, #7382, #6378 ) ) ;
#4674 = ORIENTED_EDGE ( 'NONE', *, *, #7161, .T. ) ;
#4675 = CARTESIAN_POINT ( 'NONE',  ( 79.37500000000000000, 90.00000000000000000, 25.39999999999999147 ) ) ;
#4676 = EDGE_CURVE ( 'NONE', #5892, #5569, #4128, .T. ) ;
#4677 = FACE_OUTER_BOUND ( 'NONE', #2651, .T. ) ;
#4678 = VERTEX_POINT ( 'NONE', #10942 ) ;
#4679 = DIRECTION ( 'NONE',  ( 9.732078352470914792E-11, 0.000000000000000000, 1.000000000000000000 ) ) ;
#4680 = LINE ( 'NONE', #316, #6092 ) ;
#4681 = ORIENTED_EDGE ( 'NONE', *, *, #10230, .T. ) ;
#4682 = CARTESIAN_POINT ( 'NONE',  ( 43.40689872104514535, 74.78999999999417980, -23.92998592831960991 ) ) ;
#4683 = ORIENTED_EDGE ( 'NONE', *, *, #5623, .T. ) ;
#4684 = ORIENTED_EDGE ( 'NONE', *, *, #987, .F. ) ;
#4685 = ORIENTED_EDGE ( 'NONE', *, *, #1410, .F. ) ;
#4686 = EDGE_CURVE ( 'NONE', #6272, #2102, #5759, .T. ) ;
#4687 = EDGE_CURVE ( 'NONE', #4533, #11148, #3196, .T. ) ;
#4688 = CARTESIAN_POINT ( 'NONE',  ( -43.40689872104514535, 95.28999999999417980, 0.5200140716803907104 ) ) ;
#4689 = CARTESIAN_POINT ( 'NONE',  ( -16.75499999999995637, -27.00000000000000355, 13.89999999999999680 ) ) ;
#4690 = DIRECTION ( 'NONE',  ( 1.000000000000000000, 0.000000000000000000, 0.000000000000000000 ) ) ;
#4691 = FACE_OUTER_BOUND ( 'NONE', #3964, .T. ) ;
#4692 = CARTESIAN_POINT ( 'NONE',  ( -82.54999999999999716, 67.63999999999998636, 25.39999999999999858 ) ) ;
#4693 = ORIENTED_EDGE ( 'NONE', *, *, #7256, .T. ) ;
#4694 = CARTESIAN_POINT ( 'NONE',  ( 82.55000000000002558, 58.93999999999998352, -0.2576914538747649974 ) ) ;
#4695 = FACE_OUTER_BOUND ( 'NONE', #9588, .T. ) ;
#4696 = LINE ( 'NONE', #5769, #6325 ) ;
#4697 = VERTEX_POINT ( 'NONE', #6558 ) ;
#4698 = EDGE_LOOP ( 'NONE', ( #7265, #1147, #4771, #11500 ) ) ;
#4699 = EDGE_LOOP ( 'NONE', ( #5232, #638 ) ) ;
#4700 = VECTOR ( 'NONE', #4511, 1000.000000000000000 ) ;
#4701 = EDGE_CURVE ( 'NONE', #9510, #9607, #10256, .T. ) ;
#4702 = LINE ( 'NONE', #10184, #8782 ) ;
#4703 = PLANE ( 'NONE',  #5558 ) ;
#4704 = DIRECTION ( 'NONE',  ( -6.982552095378596374E-32, -1.000000000000000000, -5.229285515060565227E-16 ) ) ;
#4705 = FACE_OUTER_BOUND ( 'NONE', #756, .T. ) ;
#4706 = CARTESIAN_POINT ( 'NONE',  ( 4.238100518387083682, 124.8258398792646631, -15.40658961031556018 ) ) ;
#4707 = FACE_OUTER_BOUND ( 'NONE', #6698, .T. ) ;
#4708 = VECTOR ( 'NONE', #2790, 1000.000000000000000 ) ;
#4709 = EDGE_LOOP ( 'NONE', ( #3953, #3296, #9435, #10404 ) ) ;
#4710 = ADVANCED_FACE ( 'NONE', ( #4837 ), #9375, .T. ) ;
#4711 = ADVANCED_FACE ( 'NONE', ( #3995 ), #11267, .F. ) ;
#4712 = ORIENTED_EDGE ( 'NONE', *, *, #2053, .T. ) ;
#4713 = EDGE_CURVE ( 'NONE', #7471, #10855, #5465, .T. ) ;
#4714 = DIRECTION ( 'NONE',  ( -1.000000000000000000, 0.000000000000000000, 3.042040291059723567E-16 ) ) ;
#4715 = AXIS2_PLACEMENT_3D ( 'NONE', #7970, #10682, #8851 ) ;
#4716 = DIRECTION ( 'NONE',  ( -1.000000000000000000, -0.000000000000000000, -0.000000000000000000 ) ) ;
#4717 = DIRECTION ( 'NONE',  ( -0.000000000000000000, 1.000000000000000000, -0.000000000000000000 ) ) ;
#4718 = CYLINDRICAL_SURFACE ( 'NONE', #10729, 1.149999999999999467 ) ;
#4719 = DIRECTION ( 'NONE',  ( 0.000000000000000000, 1.000000000000000000, -0.000000000000000000 ) ) ;
#4720 = CARTESIAN_POINT ( 'NONE',  ( 76.81501998216512561, 8.274999999999998579, -2.578845727014059008 ) ) ;
#4721 = PLANE ( 'NONE',  #456 ) ;
#4722 = DIRECTION ( 'NONE',  ( -0.000000000000000000, -0.000000000000000000, -1.000000000000000000 ) ) ;
#4723 = EDGE_LOOP ( 'NONE', ( #4453, #11564, #9044, #10941 ) ) ;
#4724 = ORIENTED_EDGE ( 'NONE', *, *, #5623, .F. ) ;
#4725 = ORIENTED_EDGE ( 'NONE', *, *, #11565, .F. ) ;
#4726 = AXIS2_PLACEMENT_3D ( 'NONE', #11173, #4911, #2260 ) ;
#4727 =( BOUNDED_CURVE ( )  B_SPLINE_CURVE ( 3, ( #5685, #3403, #10213, #11450 ),
 .UNSPECIFIED., .F., .T. ) 
 B_SPLINE_CURVE_WITH_KNOTS ( ( 4, 4 ),
 ( 0.000000000000000000, 1.570796326794897002 ),
 .UNSPECIFIED. ) 
 CURVE ( )  GEOMETRIC_REPRESENTATION_ITEM ( )  RATIONAL_B_SPLINE_CURVE ( ( 1.000000000000000000, 0.8047378541243649375, 0.8047378541243649375, 1.000000000000000000 ) ) 
 REPRESENTATION_ITEM ( '' )  );
#4728 = VECTOR ( 'NONE', #8875, 1000.000000000000114 ) ;
#4729 = LINE ( 'NONE', #3903, #8303 ) ;
#4730 = ORIENTED_EDGE ( 'NONE', *, *, #4439, .F. ) ;
#4731 = CARTESIAN_POINT ( 'NONE',  ( -42.55000000000002558, 98.32583987928822467, 10.19715292348722890 ) ) ;
#4732 = DIRECTION ( 'NONE',  ( 1.000000000000000000, -0.000000000000000000, -1.335278419062900115E-16 ) ) ;
#4733 = LINE ( 'NONE', #10105, #7217 ) ;
#4734 = EDGE_LOOP ( 'NONE', ( #1633, #4041 ) ) ;
#4735 = DIRECTION ( 'NONE',  ( 0.000000000000000000, -0.8873916384311677508, 0.4610163555042787187 ) ) ;
#4736 = DIRECTION ( 'NONE',  ( 0.000000000000000000, 0.000000000000000000, 1.000000000000000000 ) ) ;
#4737 = VERTEX_POINT ( 'NONE', #8494 ) ;
#4738 = EDGE_LOOP ( 'NONE', ( #7337, #8262 ) ) ;
#4739 = DIRECTION ( 'NONE',  ( 0.000000000000000000, 0.000000000000000000, 1.000000000000000000 ) ) ;
#4740 = CIRCLE ( 'NONE', #7012, 25.00000000000000000 ) ;
#4741 = DIRECTION ( 'NONE',  ( 0.000000000000000000, -1.000000000000000000, 0.000000000000000000 ) ) ;
#4742 = ORIENTED_EDGE ( 'NONE', *, *, #1359, .F. ) ;
#4743 = EDGE_CURVE ( 'NONE', #6465, #2370, #7906, .T. ) ;
#4744 = DIRECTION ( 'NONE',  ( 1.000000000000000000, -0.000000000000000000, 1.335278419062900115E-16 ) ) ;
#4745 = CARTESIAN_POINT ( 'NONE',  ( 29.99957050306814210, 110.8258398792882247, 4.963509728450988590 ) ) ;
#4746 = CARTESIAN_POINT ( 'NONE',  ( 77.54999999999999716, 109.8258398792882247, 44.40000000000009095 ) ) ;
#4747 = VECTOR ( 'NONE', #7422, 1000.000000000000000 ) ;
#4748 = LINE ( 'NONE', #2806, #9163 ) ;
#4749 = LINE ( 'NONE', #9359, #6831 ) ;
#4750 = ORIENTED_EDGE ( 'NONE', *, *, #5597, .T. ) ;
#4751 = CARTESIAN_POINT ( 'NONE',  ( -5.997602265674948363, 124.8258398792882247, -15.01161596500278073 ) ) ;
#4752 = CARTESIAN_POINT ( 'NONE',  ( 78.84641283430094916, 107.2458815018226801, 46.74008324506951340 ) ) ;
#4753 = ORIENTED_EDGE ( 'NONE', *, *, #7995, .T. ) ;
#4754 = VERTEX_POINT ( 'NONE', #6776 ) ;
#4755 = EDGE_CURVE ( 'NONE', #10886, #3839, #3948, .T. ) ;
#4756 = VECTOR ( 'NONE', #3439, 1000.000000000000000 ) ;
#4757 = AXIS2_PLACEMENT_3D ( 'NONE', #11247, #10349, #3262 ) ;
#4758 = CARTESIAN_POINT ( 'NONE',  ( 61.59000000000065711, 8.274999999999998579, 18.12419718570802019 ) ) ;
#4759 = DIRECTION ( 'NONE',  ( 0.000000000000000000, -1.000000000000000000, 0.000000000000000000 ) ) ;
#4760 = DIRECTION ( 'NONE',  ( -1.000000000000000000, -2.206006732456125847E-15, 0.000000000000000000 ) ) ;
#4761 = CARTESIAN_POINT ( 'NONE',  ( -35.61042949679625735, 96.12583987928823603, 1.150873398797557678 ) ) ;
#4762 = CIRCLE ( 'NONE', #2505, 10.94291382678908064 ) ;
#4763 = VECTOR ( 'NONE', #6384, 1000.000000000000000 ) ;
#4764 = DIRECTION ( 'NONE',  ( 0.000000000000000000, 0.000000000000000000, -1.000000000000000000 ) ) ;
#4765 = CIRCLE ( 'NONE', #10797, 2.500000000000009326 ) ;
#4766 = CARTESIAN_POINT ( 'NONE',  ( -82.54999999999996874, 106.2903059733554585, 44.82893218813462255 ) ) ;
#4767 = VERTEX_POINT ( 'NONE', #1632 ) ;
#4768 = EDGE_CURVE ( 'NONE', #8347, #3868, #8658, .T. ) ;
#4769 = EDGE_CURVE ( 'NONE', #3319, #2603, #11498, .T. ) ;
#4770 = CARTESIAN_POINT ( 'NONE',  ( 50.48689872104515075, 74.78999999999417980, -23.92998592831960991 ) ) ;
#4771 = ORIENTED_EDGE ( 'NONE', *, *, #8830, .F. ) ;
#4772 = AXIS2_PLACEMENT_3D ( 'NONE', #2287, #3224, #2464 ) ;
#4773 = CARTESIAN_POINT ( 'NONE',  ( 96.69213562373100501, 107.3258398792882247, 44.40000000000009095 ) ) ;
#4774 = CARTESIAN_POINT ( 'NONE',  ( -81.88915799225125625, 107.3315932543331144, 43.15287668752267791 ) ) ;
#4775 = CARTESIAN_POINT ( 'NONE',  ( 77.61249999999999716, -4.758722840905002194, -40.25769145387477721 ) ) ;
#4776 = LINE ( 'NONE', #10370, #2506 ) ;
#4777 = EDGE_CURVE ( 'NONE', #6236, #10299, #1676, .T. ) ;
#4778 = CARTESIAN_POINT ( 'NONE',  ( 4.166237169734801959, 119.8370416424499609, -20.03649027154900963 ) ) ;
#4779 = EDGE_CURVE ( 'NONE', #9565, #5267, #3401, .T. ) ;
#4780 = CARTESIAN_POINT ( 'NONE',  ( 82.54999999999999716, 89.17499999999999716, -40.25769145387477010 ) ) ;
#4781 = CARTESIAN_POINT ( 'NONE',  ( 43.40689872104514535, 74.78999999999417980, -25.07998592831960849 ) ) ;
#4782 = DIRECTION ( 'NONE',  ( 0.000000000000000000, 0.000000000000000000, -1.000000000000000000 ) ) ;
#4783 = AXIS2_PLACEMENT_3D ( 'NONE', #10742, #1775, #699 ) ;
#4784 = DIRECTION ( 'NONE',  ( 1.000000000000000000, 0.000000000000000000, 0.000000000000000000 ) ) ;
#4785 = ORIENTED_EDGE ( 'NONE', *, *, #4537, .T. ) ;
#4786 = EDGE_CURVE ( 'NONE', #2800, #4146, #789, .T. ) ;
#4787 = ORIENTED_EDGE ( 'NONE', *, *, #11566, .F. ) ;
#4788 = ORIENTED_EDGE ( 'NONE', *, *, #8462, .F. ) ;
#4789 = CIRCLE ( 'NONE', #1196, 1.150000000000003020 ) ;
#4790 = CARTESIAN_POINT ( 'NONE',  ( -2.629020911857209811E-15, 69.46500000000000341, -29.66122071973760654 ) ) ;
#4791 = LINE ( 'NONE', #1245, #3026 ) ;
#4792 = EDGE_CURVE ( 'NONE', #10483, #6725, #682, .T. ) ;
#4793 = ORIENTED_EDGE ( 'NONE', *, *, #6748, .T. ) ;
#4794 = FACE_OUTER_BOUND ( 'NONE', #9799, .T. ) ;
#4795 = PLANE ( 'NONE',  #11036 ) ;
#4796 = EDGE_CURVE ( 'NONE', #5838, #8998, #9767, .T. ) ;
#4797 = DIRECTION ( 'NONE',  ( 2.551641442053238672E-31, -1.000000000000000000, -1.677434638215118264E-15 ) ) ;
#4798 = MECHANICAL_DESIGN_GEOMETRIC_PRESENTATION_REPRESENTATION (  '', ( #2526 ), #1778 ) ;
#4799 = ORIENTED_EDGE ( 'NONE', *, *, #7232, .F. ) ;
#4800 = CARTESIAN_POINT ( 'NONE',  ( -6.268209422258880004, 124.8258398792882105, 36.86783398817242130 ) ) ;
#4801 = CARTESIAN_POINT ( 'NONE',  ( -29.00040951398291256, 96.12583987928823603, 18.68351409631356930 ) ) ;
#4802 = VERTEX_POINT ( 'NONE', #3220 ) ;
#4803 = EDGE_LOOP ( 'NONE', ( #5882, #4959, #6695, #7114 ) ) ;
#4804 = CARTESIAN_POINT ( 'NONE',  ( 80.37500000000000000, 58.93999999999998352, -5.257691453874764775 ) ) ;
#4805 = FACE_OUTER_BOUND ( 'NONE', #763, .T. ) ;
#4806 = ORIENTED_EDGE ( 'NONE', *, *, #6583, .T. ) ;
#4807 = AXIS2_PLACEMENT_3D ( 'NONE', #8758, #11426, #2441 ) ;
#4808 = AXIS2_PLACEMENT_3D ( 'NONE', #9321, #237, #10975 ) ;
#4809 = AXIS2_PLACEMENT_3D ( 'NONE', #8300, #7426, #2932 ) ;
#4810 = LINE ( 'NONE', #3688, #7854 ) ;
#4811 = LINE ( 'NONE', #11012, #1820 ) ;
#4812 = DIRECTION ( 'NONE',  ( 0.000000000000000000, 0.000000000000000000, 1.000000000000000000 ) ) ;
#4813 = EDGE_LOOP ( 'NONE', ( #2394, #10702, #4296, #9366, #6393, #10479, #5966, #7842, #2742, #5905, #4522, #1655 ) ) ;
#4814 = CARTESIAN_POINT ( 'NONE',  ( 82.54999999999999716, 104.8258398792882105, -27.12507748354934023 ) ) ;
#4815 = PLANE ( 'NONE',  #7068 ) ;
#4816 = LINE ( 'NONE', #8476, #4240 ) ;
#4817 = VECTOR ( 'NONE', #7410, 1000.000000000000000 ) ;
#4818 = ORIENTED_EDGE ( 'NONE', *, *, #3566, .T. ) ;
#4819 = VECTOR ( 'NONE', #267, 1000.000000000000000 ) ;
#4820 = VECTOR ( 'NONE', #8969, 999.9999999999998863 ) ;
#4821 = VECTOR ( 'NONE', #9982, 1000.000000000000000 ) ;
#4822 = ORIENTED_EDGE ( 'NONE', *, *, #1657, .T. ) ;
#4823 = ORIENTED_EDGE ( 'NONE', *, *, #4359, .T. ) ;
#4824 = AXIS2_PLACEMENT_3D ( 'NONE', #5547, #9194, #3809 ) ;
#4825 = DIRECTION ( 'NONE',  ( 0.000000000000000000, 0.000000000000000000, -1.000000000000000000 ) ) ;
#4826 = AXIS2_PLACEMENT_3D ( 'NONE', #5488, #984, #5953 ) ;
#4827 = AXIS2_PLACEMENT_3D ( 'NONE', #1773, #10739, #3482 ) ;
#4828 = CARTESIAN_POINT ( 'NONE',  ( 4.999570503068137661, 119.8258398792882105, 4.963509728450993919 ) ) ;
#4829 = CARTESIAN_POINT ( 'NONE',  ( 5.996743271811252107, 124.8258398792882247, -15.01161596500278428 ) ) ;
#4830 = EDGE_CURVE ( 'NONE', #10675, #7725, #3940, .T. ) ;
#4831 = DIRECTION ( 'NONE',  ( 0.000000000000000000, 0.000000000000000000, 1.000000000000000000 ) ) ;
#4832 = ORIENTED_EDGE ( 'NONE', *, *, #6782, .T. ) ;
#4833 = LINE ( 'NONE', #4054, #1922 ) ;
#4834 = DIRECTION ( 'NONE',  ( 0.000000000000000000, 0.000000000000000000, -1.000000000000000000 ) ) ;
#4835 = VERTEX_POINT ( 'NONE', #5299 ) ;
#4836 = VECTOR ( 'NONE', #4395, 1000.000000000000000 ) ;
#4837 = FACE_OUTER_BOUND ( 'NONE', #11220, .T. ) ;
#4838 = VERTEX_POINT ( 'NONE', #4169 ) ;
#4839 = DIRECTION ( 'NONE',  ( 0.000000000000000000, 0.000000000000000000, -1.000000000000000000 ) ) ;
#4840 = CARTESIAN_POINT ( 'NONE',  ( -82.04416480396551492, 107.0415959067785963, 43.00787801374509201 ) ) ;
#4841 = DIRECTION ( 'NONE',  ( -1.075621078440237758E-16, 0.7071063548969729329, -0.7071072074758651960 ) ) ;
#4842 = ADVANCED_FACE ( 'NONE', ( #11375 ), #7845, .T. ) ;
#4843 = EDGE_CURVE ( 'NONE', #8531, #11206, #5181, .T. ) ;
#4844 = CARTESIAN_POINT ( 'NONE',  ( -76.81501998216515403, 5.099999999999999645, 19.07115427298596089 ) ) ;
#4845 = VECTOR ( 'NONE', #7651, 1000.000000000000000 ) ;
#4846 = CARTESIAN_POINT ( 'NONE',  ( -50.48689872104515075, 95.63999999999417412, -7.959769997217391868 ) ) ;
#4847 = FACE_OUTER_BOUND ( 'NONE', #4723, .T. ) ;
#4848 = DIRECTION ( 'NONE',  ( 1.527355698137925406E-16, 0.000000000000000000, 1.000000000000000000 ) ) ;
#4849 = LINE ( 'NONE', #4899, #7837 ) ;
#4850 = VERTEX_POINT ( 'NONE', #9713 ) ;
#4851 = ORIENTED_EDGE ( 'NONE', *, *, #3479, .T. ) ;
#4852 = ORIENTED_EDGE ( 'NONE', *, *, #6087, .T. ) ;
#4853 = EDGE_CURVE ( 'NONE', #6454, #1891, #3523, .T. ) ;
#4854 = VECTOR ( 'NONE', #7640, 1000.000000000000000 ) ;
#4855 = CARTESIAN_POINT ( 'NONE',  ( 41.54999999999999716, 93.00000000000000000, 33.89999999999999147 ) ) ;
#4856 = ORIENTED_EDGE ( 'NONE', *, *, #2078, .T. ) ;
#4857 = FACE_OUTER_BOUND ( 'NONE', #7009, .T. ) ;
#4858 = CARTESIAN_POINT ( 'NONE',  ( 52.36501998304115091, 5.099999999999999645, 19.07115427297831900 ) ) ;
#4859 = DIRECTION ( 'NONE',  ( 0.000000000000000000, 0.000000000000000000, -1.000000000000000000 ) ) ;
#4860 = EDGE_LOOP ( 'NONE', ( #1448, #11661, #4493, #6105 ) ) ;
#4861 = CARTESIAN_POINT ( 'NONE',  ( 69.20000000001763851, 18.85000000000027853, -24.58269145387476584 ) ) ;
#4862 = CARTESIAN_POINT ( 'NONE',  ( -52.36501998304115091, 8.274999999999998579, 19.07115427297831900 ) ) ;
#4863 = ORIENTED_EDGE ( 'NONE', *, *, #6583, .F. ) ;
#4864 = ORIENTED_EDGE ( 'NONE', *, *, #1869, .F. ) ;
#4865 = CARTESIAN_POINT ( 'NONE',  ( -69.20000000000000284, -4.758722840904999529, -3.738845726937389813 ) ) ;
#4866 = DIRECTION ( 'NONE',  ( -0.000000000000000000, 0.000000000000000000, -1.000000000000000000 ) ) ;
#4867 = ORIENTED_EDGE ( 'NONE', *, *, #9666, .F. ) ;
#4868 = ADVANCED_FACE ( 'NONE', ( #6765 ), #2332, .T. ) ;
#4869 = ADVANCED_FACE ( 'NONE', ( #4101 ), #4156, .F. ) ;
#4870 = EDGE_CURVE ( 'NONE', #5267, #259, #4040, .T. ) ;
#4871 = CARTESIAN_POINT ( 'NONE',  ( 82.54999999999999716, 53.93999999999999062, 5.399999999999993250 ) ) ;
#4872 = DIRECTION ( 'NONE',  ( 0.000000000000000000, 0.000000000000000000, -1.000000000000000000 ) ) ;
#4873 = FACE_OUTER_BOUND ( 'NONE', #4253, .T. ) ;
#4874 = CARTESIAN_POINT ( 'NONE',  ( -76.81501998216515403, 8.274999999999998579, 20.22115427298596302 ) ) ;
#4875 = ORIENTED_EDGE ( 'NONE', *, *, #10777, .T. ) ;
#4876 = FACE_OUTER_BOUND ( 'NONE', #7336, .T. ) ;
#4877 = DIRECTION ( 'NONE',  ( -7.054731250932863595E-17, 0.8490365576105686207, 0.5283341024775853878 ) ) ;
#4878 = ORIENTED_EDGE ( 'NONE', *, *, #10551, .T. ) ;
#4879 = ORIENTED_EDGE ( 'NONE', *, *, #9303, .T. ) ;
#4880 = ADVANCED_FACE ( 'NONE', ( #6049 ), #1619, .F. ) ;
#4881 = VERTEX_POINT ( 'NONE', #2677 ) ;
#4882 = DIRECTION ( 'NONE',  ( -1.000000000000000000, 0.000000000000000000, 8.936595925086526584E-12 ) ) ;
#4883 = DIRECTION ( 'NONE',  ( 0.000000000000000000, 0.000000000000000000, -1.000000000000000000 ) ) ;
#4884 = CARTESIAN_POINT ( 'NONE',  ( 82.54999999999999716, 0.000000000000000000, -40.25769145387477721 ) ) ;
#4885 = ORIENTED_EDGE ( 'NONE', *, *, #3878, .T. ) ;
#4886 = DIRECTION ( 'NONE',  ( -1.000000000000000000, -0.000000000000000000, -0.000000000000000000 ) ) ;
#4887 = LINE ( 'NONE', #8491, #9716 ) ;
#4888 = EDGE_LOOP ( 'NONE', ( #1402, #9114 ) ) ;
#4889 = DIRECTION ( 'NONE',  ( -1.000000000000000000, 0.000000000000000000, 0.000000000000000000 ) ) ;
#4890 = ORIENTED_EDGE ( 'NONE', *, *, #5741, .T. ) ;
#4891 = EDGE_CURVE ( 'NONE', #3057, #1613, #8938, .T. ) ;
#4892 = EDGE_CURVE ( 'NONE', #3833, #9918, #8217, .T. ) ;
#4893 = CARTESIAN_POINT ( 'NONE',  ( 77.61250000000001137, 82.35514882866895903, -40.25769145387477010 ) ) ;
#4894 = CARTESIAN_POINT ( 'NONE',  ( -5.461913016039824598, 96.12583987928823603, -1.124087247170217685 ) ) ;
#4895 = DIRECTION ( 'NONE',  ( 0.000000000000000000, 0.000000000000000000, 1.000000000000000000 ) ) ;
#4896 = DIRECTION ( 'NONE',  ( 1.335278396332448753E-16, 0.0001845156108989499206, -0.9999999829769945503 ) ) ;
#4897 = DIRECTION ( 'NONE',  ( 0.000000000000000000, 0.000000000000000000, -1.000000000000000000 ) ) ;
#4898 = DIRECTION ( 'NONE',  ( -1.000000000000000000, 0.000000000000000000, 1.335278419062900361E-16 ) ) ;
#4899 = CARTESIAN_POINT ( 'NONE',  ( 79.37500000000000000, 90.00000000000000000, -37.08269145387477295 ) ) ;
#4900 = ORIENTED_EDGE ( 'NONE', *, *, #7870, .T. ) ;
#4901 = ORIENTED_EDGE ( 'NONE', *, *, #10696, .F. ) ;
#4902 = ORIENTED_EDGE ( 'NONE', *, *, #7529, .T. ) ;
#4903 = EDGE_CURVE ( 'NONE', #9980, #10644, #8772, .T. ) ;
#4904 = EDGE_CURVE ( 'NONE', #3904, #11559, #2744, .T. ) ;
#4905 = VECTOR ( 'NONE', #3478, 1000.000000000000000 ) ;
#4906 = PLANE ( 'NONE',  #1698 ) ;
#4907 = ORIENTED_EDGE ( 'NONE', *, *, #4687, .F. ) ;
#4908 = CARTESIAN_POINT ( 'NONE',  ( 79.37500000000000000, 6.349999999999999645, -24.58269145387476584 ) ) ;
#4909 = CARTESIAN_POINT ( 'NONE',  ( 76.81501998216512561, 5.099999999999999645, -2.578845727014059008 ) ) ;
#4910 = ORIENTED_EDGE ( 'NONE', *, *, #5265, .F. ) ;
#4911 = DIRECTION ( 'NONE',  ( -1.000000000000000000, -0.000000000000000000, -0.000000000000000000 ) ) ;
#4912 = LINE ( 'NONE', #6927, #4634 ) ;
#4913 = AXIS2_PLACEMENT_3D ( 'NONE', #10977, #10202, #1228 ) ;
#4914 = ORIENTED_EDGE ( 'NONE', *, *, #5288, .F. ) ;
#4915 = VERTEX_POINT ( 'NONE', #3510 ) ;
#4916 = CARTESIAN_POINT ( 'NONE',  ( -79.37500000000001421, 61.63999999999999346, 11.39999999999994174 ) ) ;
#4917 = ORIENTED_EDGE ( 'NONE', *, *, #10772, .F. ) ;
#4918 = EDGE_CURVE ( 'NONE', #9140, #6920, #7119, .T. ) ;
#4919 = ADVANCED_FACE ( 'NONE', ( #6408 ), #1735, .F. ) ;
#4920 = DIRECTION ( 'NONE',  ( 1.000000000000000000, -0.000000000000000000, -0.000000000000000000 ) ) ;
#4921 = AXIS2_PLACEMENT_3D ( 'NONE', #7708, #7879, #11425 ) ;
#4922 = DIRECTION ( 'NONE',  ( -1.000000000000000000, -0.000000000000000000, -0.000000000000000000 ) ) ;
#4923 = DIRECTION ( 'NONE',  ( 0.000000000000000000, 1.000000000000000000, 0.000000000000000000 ) ) ;
#4924 = LINE ( 'NONE', #435, #6358 ) ;
#4925 = DIRECTION ( 'NONE',  ( 0.000000000000000000, 0.000000000000000000, 1.000000000000000000 ) ) ;
#4926 = EDGE_CURVE ( 'NONE', #3517, #8423, #1222, .T. ) ;
#4927 = ORIENTED_EDGE ( 'NONE', *, *, #2471, .F. ) ;
#4928 = ADVANCED_FACE ( 'NONE', ( #9871 ), #841, .F. ) ;
#4929 = CARTESIAN_POINT ( 'NONE',  ( -33.75499999999998835, 6.349999999999999645, -3.957691453874785825 ) ) ;
#4930 = CARTESIAN_POINT ( 'NONE',  ( 82.54999999999999716, 105.1531481129073029, 42.55461646726071478 ) ) ;
#4931 = ORIENTED_EDGE ( 'NONE', *, *, #10991, .F. ) ;
#4932 = EDGE_LOOP ( 'NONE', ( #6684, #10969, #9180, #4672 ) ) ;
#4933 = ADVANCED_FACE ( 'NONE', ( #10944 ), #2859, .T. ) ;
#4934 = VERTEX_POINT ( 'NONE', #1258 ) ;
#4935 = AXIS2_PLACEMENT_3D ( 'NONE', #119, #795, #3757 ) ;
#4936 = CIRCLE ( 'NONE', #3221, 1.149999999999998135 ) ;
#4937 = LINE ( 'NONE', #3332, #1808 ) ;
#4938 = DIRECTION ( 'NONE',  ( 1.000000000000000000, 0.000000000000000000, 1.335278419062900115E-16 ) ) ;
#4939 = LINE ( 'NONE', #7717, #10212 ) ;
#4940 = ORIENTED_EDGE ( 'NONE', *, *, #5652, .F. ) ;
#4941 = CARTESIAN_POINT ( 'NONE',  ( 77.54999999999999716, 109.8258398792882247, 46.90000000000009095 ) ) ;
#4942 = EDGE_CURVE ( 'NONE', #7725, #6465, #6466, .T. ) ;
#4943 = VECTOR ( 'NONE', #1460, 1000.000000000000000 ) ;
#4944 = DIRECTION ( 'NONE',  ( 0.000000000000000000, 0.000000000000000000, 1.000000000000000000 ) ) ;
#4945 = VECTOR ( 'NONE', #10358, 1000.000000000000000 ) ;
#4946 = ORIENTED_EDGE ( 'NONE', *, *, #3918, .T. ) ;
#4947 = AXIS2_PLACEMENT_3D ( 'NONE', #11676, #3454, #2628 ) ;
#4948 = VERTEX_POINT ( 'NONE', #11514 ) ;
#4949 = CARTESIAN_POINT ( 'NONE',  ( -2.418940361024042315E-29, 9.589183959643058414E-16, -3.957691453874787602 ) ) ;
#4950 = CIRCLE ( 'NONE', #8710, 5.000000000000000888 ) ;
#4951 = AXIS2_PLACEMENT_3D ( 'NONE', #2379, #436, #6043 ) ;
#4952 = CARTESIAN_POINT ( 'NONE',  ( 73.96808532237744771, 8.274999999999998579, 17.06344096893413820 ) ) ;
#4953 = FACE_OUTER_BOUND ( 'NONE', #11418, .T. ) ;
#4954 = DIRECTION ( 'NONE',  ( 0.000000000000000000, 1.000000000000000000, 0.000000000000000000 ) ) ;
#4955 = VECTOR ( 'NONE', #5493, 1000.000000000000000 ) ;
#4956 = CARTESIAN_POINT ( 'NONE',  ( -31.40689872104514180, 97.49999999999998579, 21.29350893818081403 ) ) ;
#4957 = CARTESIAN_POINT ( 'NONE',  ( 76.81501998216512561, 8.274999999999998579, -0.2788457270140529132 ) ) ;
#4958 = CARTESIAN_POINT ( 'NONE',  ( -79.37500000000001421, 8.275000000000003908, -6.985329661611388907 ) ) ;
#4959 = ORIENTED_EDGE ( 'NONE', *, *, #5813, .T. ) ;
#4960 = ORIENTED_EDGE ( 'NONE', *, *, #1586, .F. ) ;
#4961 = ORIENTED_EDGE ( 'NONE', *, *, #6311, .T. ) ;
#4962 = VECTOR ( 'NONE', #7924, 1000.000000000000000 ) ;
#4963 = LINE ( 'NONE', #4078, #2355 ) ;
#4964 = LINE ( 'NONE', #6686, #1131 ) ;
#4965 = ORIENTED_EDGE ( 'NONE', *, *, #1819, .T. ) ;
#4966 = CARTESIAN_POINT ( 'NONE',  ( 5.422131209727258039, 119.8272007361573088, 36.89999999999999147 ) ) ;
#4967 = LINE ( 'NONE', #4192, #7839 ) ;
#4968 = EDGE_CURVE ( 'NONE', #5818, #1329, #9780, .T. ) ;
#4969 = CIRCLE ( 'NONE', #6293, 1.000000000000000888 ) ;
#4970 = VERTEX_POINT ( 'NONE', #6257 ) ;
#4971 = B_SPLINE_CURVE_WITH_KNOTS ( 'NONE', 3,
 ( #7078, #3710, #7320, #6430 ),
 .UNSPECIFIED., .F., .F.,
 ( 4, 4 ),
 ( 0.000000000000000000, 0.001246860561844825681 ),
 .UNSPECIFIED. ) ;
#4972 = LINE ( 'NONE', #8571, #11276 ) ;
#4973 = CARTESIAN_POINT ( 'NONE',  ( -79.37500000000000000, 90.00000000000000000, 22.30467496797187010 ) ) ;
#4974 = EDGE_LOOP ( 'NONE', ( #2165, #2761, #9541, #5830 ) ) ;
#4975 = ORIENTED_EDGE ( 'NONE', *, *, #10651, .T. ) ;
#4976 =( BOUNDED_CURVE ( )  B_SPLINE_CURVE ( 3, ( #2409, #8904, #1639, #739 ),
 .UNSPECIFIED., .F., .T. ) 
 B_SPLINE_CURVE_WITH_KNOTS ( ( 4, 4 ),
 ( 4.712388980384689674, 6.283185307179586232 ),
 .UNSPECIFIED. ) 
 CURVE ( )  GEOMETRIC_REPRESENTATION_ITEM ( )  RATIONAL_B_SPLINE_CURVE ( ( 1.000000000000000000, 0.8047378541243649375, 0.8047378541243649375, 1.000000000000000000 ) ) 
 REPRESENTATION_ITEM ( '' )  );
#4977 = VERTEX_POINT ( 'NONE', #1764 ) ;
#4978 = VECTOR ( 'NONE', #1823, 1000.000000000000000 ) ;
#4979 = FACE_OUTER_BOUND ( 'NONE', #1845, .T. ) ;
#4980 = CARTESIAN_POINT ( 'NONE',  ( 82.54999999999999716, 53.23979246179026603, 25.39999999999999858 ) ) ;
#4981 = CIRCLE ( 'NONE', #277, 0.7999999999998425038 ) ;
#4982 = DIRECTION ( 'NONE',  ( -1.000000000000000000, 0.000000000000000000, 1.335278419062900361E-16 ) ) ;
#4983 = DIRECTION ( 'NONE',  ( 1.000000000000000000, 0.000000000000000000, 9.184139537363837425E-14 ) ) ;
#4984 = DIRECTION ( 'NONE',  ( 0.000000000000000000, 1.000000000000000000, -0.000000000000000000 ) ) ;
#4985 = EDGE_CURVE ( 'NONE', #7521, #4835, #2712, .T. ) ;
#4986 = EDGE_CURVE ( 'NONE', #3072, #8531, #4534, .T. ) ;
#4987 = ORIENTED_EDGE ( 'NONE', *, *, #2583, .F. ) ;
#4988 = CARTESIAN_POINT ( 'NONE',  ( 6.267350428395202400, 119.8258398792882105, 36.86783398817240709 ) ) ;
#4989 = CARTESIAN_POINT ( 'NONE',  ( 80.85413375701898531, 106.7093069067124986, 45.66693405484657831 ) ) ;
#4990 = CARTESIAN_POINT ( 'NONE',  ( 0.000000000000000000, -27.00000000000000355, 16.39999999999999858 ) ) ;
#4991 = ORIENTED_EDGE ( 'NONE', *, *, #377, .T. ) ;
#4992 = ORIENTED_EDGE ( 'NONE', *, *, #2267, .F. ) ;
#4993 = AXIS2_PLACEMENT_3D ( 'NONE', #543, #7655, #662 ) ;
#4994 = AXIS2_PLACEMENT_3D ( 'NONE', #5159, #1662, #5332 ) ;
#4995 = CARTESIAN_POINT ( 'NONE',  ( -34.87827715511264870, 97.50000000000000000, 20.56135746866040037 ) ) ;
#4996 = LINE ( 'NONE', #504, #11017 ) ;
#4997 = CARTESIAN_POINT ( 'NONE',  ( 50.48689872104515075, 95.28999999999417980, 0.5200140716803901553 ) ) ;
#4998 = AXIS2_PLACEMENT_3D ( 'NONE', #10389, #5918, #10626 ) ;
#4999 = EDGE_CURVE ( 'NONE', #1038, #9819, #9181, .T. ) ;
#5000 = VECTOR ( 'NONE', #3526, 1000.000000000000000 ) ;
#5001 = ORIENTED_EDGE ( 'NONE', *, *, #1087, .F. ) ;
#5002 = DIRECTION ( 'NONE',  ( 0.000000000000000000, 0.000000000000000000, -1.000000000000000000 ) ) ;
#5003 = VERTEX_POINT ( 'NONE', #150 ) ;
#5004 = ORIENTED_EDGE ( 'NONE', *, *, #2983, .T. ) ;
#5005 = DIRECTION ( 'NONE',  ( 0.000000000000000000, 0.000000000000000000, -1.000000000000000000 ) ) ;
#5006 = ORIENTED_EDGE ( 'NONE', *, *, #7404, .F. ) ;
#5007 = ORIENTED_EDGE ( 'NONE', *, *, #11265, .F. ) ;
#5008 = AXIS2_PLACEMENT_3D ( 'NONE', #10665, #10784, #2584 ) ;
#5009 = EDGE_CURVE ( 'NONE', #2317, #4473, #4789, .T. ) ;
#5010 = AXIS2_PLACEMENT_3D ( 'NONE', #3470, #10608, #4419 ) ;
#5011 = EDGE_CURVE ( 'NONE', #1066, #7908, #5090, .T. ) ;
#5012 = VECTOR ( 'NONE', #4489, 1000.000000000000000 ) ;
#5013 = DIRECTION ( 'NONE',  ( 0.000000000000000000, 1.000000000000000000, 0.000000000000000000 ) ) ;
#5014 = DIRECTION ( 'NONE',  ( -0.000000000000000000, -1.000000000000000000, -0.000000000000000000 ) ) ;
#5015 = CARTESIAN_POINT ( 'NONE',  ( -0.8339960378707379496, 119.8799349733040032, 36.89999999999998437 ) ) ;
#5016 = CARTESIAN_POINT ( 'NONE',  ( -11.25499999999998302, 6.350000000000001421, 13.89999999999999680 ) ) ;
#5017 = CARTESIAN_POINT ( 'NONE',  ( -79.37500000000001421, 90.00000000000000000, 25.39999999999999858 ) ) ;
#5018 = LINE ( 'NONE', #8615, #3475 ) ;
#5019 = CONICAL_SURFACE ( 'NONE', #2948, 5.999999999999998224, 0.9599310885968821427 ) ;
#5020 = PRODUCT_DEFINITION_FORMATION_WITH_SPECIFIED_SOURCE ( 'ANY', '', #1090, .NOT_KNOWN. ) ;
#5021 = CARTESIAN_POINT ( 'NONE',  ( 82.55000000000002558, 66.63999999999998636, -0.2576914538747651640 ) ) ;
#5022 = VERTEX_POINT ( 'NONE', #9215 ) ;
#5023 = ORIENTED_EDGE ( 'NONE', *, *, #5289, .F. ) ;
#5024 = ORIENTED_EDGE ( 'NONE', *, *, #5074, .F. ) ;
#5025 = AXIS2_PLACEMENT_3D ( 'NONE', #11477, #892, #23 ) ;
#5026 = DIRECTION ( 'NONE',  ( 0.000000000000000000, 0.000000000000000000, -1.000000000000000000 ) ) ;
#5027 = CARTESIAN_POINT ( 'NONE',  ( -31.40689872104514180, 97.50000000000000000, 22.30467496797187010 ) ) ;
#5028 = VERTEX_POINT ( 'NONE', #3834 ) ;
#5029 = CARTESIAN_POINT ( 'NONE',  ( 76.81501998216512561, 8.274999999999998579, -1.428845727014055988 ) ) ;
#5030 = CARTESIAN_POINT ( 'NONE',  ( -82.54999999999999716, 53.93999999999999062, -0.2576914538747649974 ) ) ;
#5031 = FACE_BOUND ( 'NONE', #5655, .T. ) ;
#5032 = ORIENTED_EDGE ( 'NONE', *, *, #8231, .T. ) ;
#5033 = LINE ( 'NONE', #1475, #7753 ) ;
#5034 = CARTESIAN_POINT ( 'NONE',  ( 46.58189872104514251, 72.64000000000000057, -7.085838131530381798E-15 ) ) ;
#5035 = ORIENTED_EDGE ( 'NONE', *, *, #2034, .T. ) ;
#5036 = VERTEX_POINT ( 'NONE', #2303 ) ;
#5037 = ORIENTED_EDGE ( 'NONE', *, *, #5997, .F. ) ;
#5038 = LINE ( 'NONE', #9922, #5196 ) ;
#5039 = ADVANCED_FACE ( 'NONE', ( #5075, #3297, #2416, #7142, #8140 ), #3591, .F. ) ;
#5040 = CARTESIAN_POINT ( 'NONE',  ( 16.75499999999997769, 6.349999999999999645, -2.559084472230090991E-15 ) ) ;
#5041 = CARTESIAN_POINT ( 'NONE',  ( -76.81501998216512561, 8.274999999999998579, -0.2788457270140529132 ) ) ;
#5042 = ORIENTED_EDGE ( 'NONE', *, *, #5740, .T. ) ;
#5043 = CARTESIAN_POINT ( 'NONE',  ( 77.54999999999999716, 6.349999999999999645, 41.90000000000009805 ) ) ;
#5044 = DIRECTION ( 'NONE',  ( 1.000000000000000000, -0.000000000000000000, 0.000000000000000000 ) ) ;
#5045 = CARTESIAN_POINT ( 'NONE',  ( -79.37500000000001421, 61.63999999999999346, 5.399999999999991473 ) ) ;
#5046 = VERTEX_POINT ( 'NONE', #11255 ) ;
#5047 = CARTESIAN_POINT ( 'NONE',  ( 69.20000000001763851, 18.85000000000028209, -37.08269145387476584 ) ) ;
#5048 = DIRECTION ( 'NONE',  ( 0.9999999999999998890, 0.000000000000000000, -1.902368341696336056E-08 ) ) ;
#5049 = ORIENTED_EDGE ( 'NONE', *, *, #6421, .T. ) ;
#5050 = DIRECTION ( 'NONE',  ( 0.000000000000000000, -0.000000000000000000, 1.000000000000000000 ) ) ;
#5051 = ORIENTED_EDGE ( 'NONE', *, *, #703, .F. ) ;
#5052 = ADVANCED_FACE ( 'NONE', ( #7271 ), #4104, .T. ) ;
#5053 = EDGE_CURVE ( 'NONE', #10683, #9852, #3117, .T. ) ;
#5054 = PLANE ( 'NONE',  #3125 ) ;
#5055 = FACE_OUTER_BOUND ( 'NONE', #2678, .T. ) ;
#5056 = CARTESIAN_POINT ( 'NONE',  ( 50.02648654977334530, 8.274999999999998579, 20.18114647173673148 ) ) ;
#5057 = VERTEX_POINT ( 'NONE', #11410 ) ;
#5058 = LINE ( 'NONE', #611, #574 ) ;
#5059 = ORIENTED_EDGE ( 'NONE', *, *, #1087, .T. ) ;
#5060 = ORIENTED_EDGE ( 'NONE', *, *, #4985, .F. ) ;
#5061 = ORIENTED_EDGE ( 'NONE', *, *, #6421, .F. ) ;
#5062 = EDGE_CURVE ( 'NONE', #8543, #4568, #10452, .T. ) ;
#5063 = CYLINDRICAL_SURFACE ( 'NONE', #1618, 1.149999999999994804 ) ;
#5064 = DIRECTION ( 'NONE',  ( 0.000000000000000000, 0.000000000000000000, -1.000000000000000000 ) ) ;
#5065 = LINE ( 'NONE', #2348, #3109 ) ;
#5066 = DIRECTION ( 'NONE',  ( -1.000000000000000000, 0.000000000000000000, 0.000000000000000000 ) ) ;
#5067 = CARTESIAN_POINT ( 'NONE',  ( 33.75500000000002387, -4.758722840904979989, -3.957691453874784493 ) ) ;
#5068 = EDGE_CURVE ( 'NONE', #8091, #6978, #4204, .T. ) ;
#5069 = DIRECTION ( 'NONE',  ( 0.000000000000000000, -1.000000000000000000, 8.295151110468893303E-17 ) ) ;
#5070 = EDGE_CURVE ( 'NONE', #2613, #7071, #5038, .T. ) ;
#5071 = ORIENTED_EDGE ( 'NONE', *, *, #1753, .F. ) ;
#5072 = ORIENTED_EDGE ( 'NONE', *, *, #10258, .F. ) ;
#5073 = ORIENTED_EDGE ( 'NONE', *, *, #5011, .F. ) ;
#5074 = EDGE_CURVE ( 'NONE', #2102, #8313, #8810, .T. ) ;
#5075 = FACE_OUTER_BOUND ( 'NONE', #11405, .T. ) ;
#5076 = DIRECTION ( 'NONE',  ( -0.000000000000000000, -1.000000000000000000, -0.000000000000000000 ) ) ;
#5077 = AXIS2_PLACEMENT_3D ( 'NONE', #2120, #345, #4889 ) ;
#5078 = DIRECTION ( 'NONE',  ( 0.000000000000000000, -0.5283341024775852768, 0.8490365576105687317 ) ) ;
#5079 = VERTEX_POINT ( 'NONE', #11596 ) ;
#5080 = CARTESIAN_POINT ( 'NONE',  ( 82.55000000000002558, 53.93999999999999062, -5.257691453874763887 ) ) ;
#5081 = LINE ( 'NONE', #9393, #9156 ) ;
#5082 = CARTESIAN_POINT ( 'NONE',  ( 82.54999999999999716, 99.82583987928822467, 33.89999999999999147 ) ) ;
#5083 = DIRECTION ( 'NONE',  ( -1.593062912007103154E-16, -1.000000000000000000, -7.965314560035515770E-17 ) ) ;
#5084 = DIRECTION ( 'NONE',  ( 3.225253814698723087E-30, -2.200494895530833667E-16, 1.000000000000000000 ) ) ;
#5085 = ORIENTED_EDGE ( 'NONE', *, *, #2731, .F. ) ;
#5086 = EDGE_LOOP ( 'NONE', ( #2285, #5930, #9093, #8335, #11460, #11050 ) ) ;
#5087 = CIRCLE ( 'NONE', #7173, 5.000000000000000000 ) ;
#5088 = ORIENTED_EDGE ( 'NONE', *, *, #10618, .F. ) ;
#5089 = DIRECTION ( 'NONE',  ( 0.000000000000000000, 1.000000000000000000, 0.000000000000000000 ) ) ;
#5090 = LINE ( 'NONE', #7219, #1405 ) ;
#5091 = CARTESIAN_POINT ( 'NONE',  ( 79.37500000000000000, 8.274999999999998579, -6.985329661611388907 ) ) ;
#5092 = CARTESIAN_POINT ( 'NONE',  ( -5.461913016203100213, 96.12583987928823603, 17.99110605185478562 ) ) ;
#5093 = ORIENTED_EDGE ( 'NONE', *, *, #1443, .T. ) ;
#5094 = VECTOR ( 'NONE', #4428, 1000.000000000000000 ) ;
#5095 = PLANE ( 'NONE',  #10392 ) ;
#5096 = CARTESIAN_POINT ( 'NONE',  ( -50.48689872104515075, 94.56476577691782381, -8.504985928319962696 ) ) ;
#5097 = LINE ( 'NONE', #1311, #6656 ) ;
#5098 = ORIENTED_EDGE ( 'NONE', *, *, #10843, .T. ) ;
#5099 = DIRECTION ( 'NONE',  ( 0.000000000000000000, 0.000000000000000000, 1.000000000000000000 ) ) ;
#5100 = CARTESIAN_POINT ( 'NONE',  ( 81.30193431726874564, 108.2644307485555686, 45.33859086926680959 ) ) ;
#5101 = DIRECTION ( 'NONE',  ( 0.000000000000000000, 0.000000000000000000, -1.000000000000000000 ) ) ;
#5102 = EDGE_CURVE ( 'NONE', #11300, #2532, #5511, .T. ) ;
#5103 = VERTEX_POINT ( 'NONE', #1067 ) ;
#5104 = ORIENTED_EDGE ( 'NONE', *, *, #8251, .T. ) ;
#5105 = VECTOR ( 'NONE', #8947, 1000.000000000000000 ) ;
#5106 = EDGE_CURVE ( 'NONE', #5688, #4234, #7460, .T. ) ;
#5107 = CARTESIAN_POINT ( 'NONE',  ( -50.48689872104515075, 95.63999999999417412, -7.959769997217391868 ) ) ;
#5108 = DIRECTION ( 'NONE',  ( 1.600125454749515028E-16, -0.000000000000000000, 1.000000000000000000 ) ) ;
#5109 = CARTESIAN_POINT ( 'NONE',  ( -11.25499999999998302, -27.00000000000000355, 13.89999999999999680 ) ) ;
#5110 = PLANE ( 'NONE',  #10400 ) ;
#5111 = ORIENTED_EDGE ( 'NONE', *, *, #3925, .T. ) ;
#5112 = LINE ( 'NONE', #610, #3413 ) ;
#5113 = DIRECTION ( 'NONE',  ( -0.000000000000000000, -1.000000000000000000, 0.000000000000000000 ) ) ;
#5114 = EDGE_CURVE ( 'NONE', #3967, #1487, #4727, .T. ) ;
#5115 = EDGE_LOOP ( 'NONE', ( #7826, #4190, #5907, #10034 ) ) ;
#5116 = ORIENTED_EDGE ( 'NONE', *, *, #17, .T. ) ;
#5117 = ORIENTED_EDGE ( 'NONE', *, *, #5484, .T. ) ;
#5118 = VECTOR ( 'NONE', #7581, 1000.000000000000000 ) ;
#5119 = VECTOR ( 'NONE', #1156, 1000.000000000000000 ) ;
#5120 = ORIENTED_EDGE ( 'NONE', *, *, #10195, .F. ) ;
#5121 = VECTOR ( 'NONE', #7562, 1000.000000000000000 ) ;
#5122 = DIRECTION ( 'NONE',  ( 0.000000000000000000, 0.000000000000000000, -1.000000000000000000 ) ) ;
#5123 = LINE ( 'NONE', #5896, #1998 ) ;
#5124 = CARTESIAN_POINT ( 'NONE',  ( 80.37500000000000000, 66.63999999999998636, -5.257691453874765664 ) ) ;
#5125 = CARTESIAN_POINT ( 'NONE',  ( -8.300429496984964572, 96.12583987928823603, 18.68350972839287394 ) ) ;
#5126 = DIRECTION ( 'NONE',  ( 0.000000000000000000, -1.000000000000000000, 0.000000000000000000 ) ) ;
#5127 = AXIS2_PLACEMENT_3D ( 'NONE', #7788, #6014, #626 ) ;
#5128 = VECTOR ( 'NONE', #9297, 1000.000000000000000 ) ;
#5129 = DIRECTION ( 'NONE',  ( 0.000000000000000000, 0.000000000000000000, 1.000000000000000000 ) ) ;
#5130 = EDGE_CURVE ( 'NONE', #5893, #3429, #2076, .T. ) ;
#5131 = EDGE_CURVE ( 'NONE', #4541, #389, #5773, .T. ) ;
#5132 = PLANE ( 'NONE',  #9529 ) ;
#5133 = VERTEX_POINT ( 'NONE', #9665 ) ;
#5134 = ORIENTED_EDGE ( 'NONE', *, *, #1443, .F. ) ;
#5135 = ORIENTED_EDGE ( 'NONE', *, *, #6872, .F. ) ;
#5136 = VECTOR ( 'NONE', #1370, 1000.000000000000000 ) ;
#5137 = ADVANCED_FACE ( 'NONE', ( #1584, #8080 ), #4307, .T. ) ;
#5138 = EDGE_CURVE ( 'NONE', #6972, #3346, #5437, .T. ) ;
#5139 = DIRECTION ( 'NONE',  ( 1.000000000000000000, 0.000000000000000000, 0.000000000000000000 ) ) ;
#5140 = CARTESIAN_POINT ( 'NONE',  ( -82.54999999999999716, 58.93999999999998352, -6.257691453874762999 ) ) ;
#5141 = ORIENTED_EDGE ( 'NONE', *, *, #7381, .T. ) ;
#5142 = DIRECTION ( 'NONE',  ( 0.000000000000000000, 1.000000000000000000, 0.000000000000000000 ) ) ;
#5143 = DIRECTION ( 'NONE',  ( 0.000000000000000000, 1.000000000000000000, 0.000000000000000000 ) ) ;
#5144 = CARTESIAN_POINT ( 'NONE',  ( -29.00040951398291256, 99.82583987928822467, 17.88353407934097916 ) ) ;
#5145 = ADVANCED_FACE ( 'NONE', ( #6259 ), #10678, .F. ) ;
#5146 = AXIS2_PLACEMENT_3D ( 'NONE', #3122, #3007, #2194 ) ;
#5147 = ORIENTED_EDGE ( 'NONE', *, *, #8765, .F. ) ;
#5148 = DIRECTION ( 'NONE',  ( 0.000000000000000000, 0.000000000000000000, 1.000000000000000000 ) ) ;
#5149 = VECTOR ( 'NONE', #1166, 1000.000000000000000 ) ;
#5150 = CARTESIAN_POINT ( 'NONE',  ( 67.12499999999998579, 104.8258398792882247, 40.40000000000004832 ) ) ;
#5151 = ORIENTED_EDGE ( 'NONE', *, *, #2544, .F. ) ;
#5152 = CIRCLE ( 'NONE', #1180, 1.149999999999999023 ) ;
#5153 = ORIENTED_EDGE ( 'NONE', *, *, #7796, .F. ) ;
#5154 = ORIENTED_EDGE ( 'NONE', *, *, #5728, .F. ) ;
#5155 = EDGE_CURVE ( 'NONE', #5993, #10533, #7903, .T. ) ;
#5156 = EDGE_CURVE ( 'NONE', #10210, #1841, #4963, .T. ) ;
#5157 = EDGE_CURVE ( 'NONE', #6050, #10514, #10677, .T. ) ;
#5158 = CARTESIAN_POINT ( 'NONE',  ( -79.16107829884211355, 107.1981551393067775, 46.64463052003668508 ) ) ;
#5159 = CARTESIAN_POINT ( 'NONE',  ( 4.999570503068137661, 124.8258398792882247, 4.963509728450993919 ) ) ;
#5160 = VERTEX_POINT ( 'NONE', #5347 ) ;
#5161 = CYLINDRICAL_SURFACE ( 'NONE', #3807, 1.200000000000003064 ) ;
#5162 = DIRECTION ( 'NONE',  ( 1.000000000000000000, 0.000000000000000000, -0.000000000000000000 ) ) ;
#5163 = DIRECTION ( 'NONE',  ( 1.000000000000000000, 0.000000000000000000, 1.335278419062900361E-16 ) ) ;
#5164 = ORIENTED_EDGE ( 'NONE', *, *, #665, .F. ) ;
#5165 = LINE ( 'NONE', #2226, #6437 ) ;
#5166 = CARTESIAN_POINT ( 'NONE',  ( 50.48689872104515075, 75.48946397805705999, -8.504985928319609201 ) ) ;
#5167 = FACE_OUTER_BOUND ( 'NONE', #2726, .T. ) ;
#5168 = ORIENTED_EDGE ( 'NONE', *, *, #4497, .F. ) ;
#5169 = ORIENTED_EDGE ( 'NONE', *, *, #4295, .F. ) ;
#5170 = VECTOR ( 'NONE', #6841, 1000.000000000000114 ) ;
#5171 = AXIS2_PLACEMENT_3D ( 'NONE', #8795, #7664, #2230 ) ;
#5172 = CARTESIAN_POINT ( 'NONE',  ( -50.48689872104515075, 75.48946397805705999, -21.83805926787198715 ) ) ;
#5173 = DIRECTION ( 'NONE',  ( -0.000000000000000000, 0.000000000000000000, -1.000000000000000000 ) ) ;
#5174 = DIRECTION ( 'NONE',  ( -0.000000000000000000, 0.000000000000000000, 1.000000000000000000 ) ) ;
#5175 = ORIENTED_EDGE ( 'NONE', *, *, #11067, .T. ) ;
#5176 = DIRECTION ( 'NONE',  ( 0.000000000000000000, 0.000000000000000000, 1.000000000000000000 ) ) ;
#5177 = CARTESIAN_POINT ( 'NONE',  ( -76.81501998216512561, 5.099999999999999645, -0.2788457270140529132 ) ) ;
#5178 = VECTOR ( 'NONE', #2365, 1000.000000000000000 ) ;
#5179 = VERTEX_POINT ( 'NONE', #1555 ) ;
#5180 = VERTEX_POINT ( 'NONE', #961 ) ;
#5181 = LINE ( 'NONE', #2459, #8288 ) ;
#5182 = ORIENTED_EDGE ( 'NONE', *, *, #138, .F. ) ;
#5183 =( BOUNDED_CURVE ( )  B_SPLINE_CURVE ( 3, ( #3435, #7109, #2661, #2558 ),
 .UNSPECIFIED., .F., .T. ) 
 B_SPLINE_CURVE_WITH_KNOTS ( ( 4, 4 ),
 ( 1.570796326794896558, 3.141592653589793116 ),
 .UNSPECIFIED. ) 
 CURVE ( )  GEOMETRIC_REPRESENTATION_ITEM ( )  RATIONAL_B_SPLINE_CURVE ( ( 1.000000000000000000, 0.8047378541243649375, 0.8047378541243649375, 1.000000000000000000 ) ) 
 REPRESENTATION_ITEM ( '' )  );
#5184 = EDGE_CURVE ( 'NONE', #41, #1038, #6588, .T. ) ;
#5185 = AXIS2_PLACEMENT_3D ( 'NONE', #8445, #7893, #411 ) ;
#5186 = CARTESIAN_POINT ( 'NONE',  ( 44.06500000000043826, 8.274999999999998579, 8.821154273062886020 ) ) ;
#5187 = AXIS2_PLACEMENT_3D ( 'NONE', #1336, #10200, #11040 ) ;
#5188 = DIRECTION ( 'NONE',  ( -1.000000000000000000, -0.000000000000000000, 0.000000000000000000 ) ) ;
#5189 = CARTESIAN_POINT ( 'NONE',  ( -67.12500000000000000, 104.8258398792882247, 40.40000000000004832 ) ) ;
#5190 = CARTESIAN_POINT ( 'NONE',  ( 43.40689872104513825, 97.50000000000000000, 22.30467496797187010 ) ) ;
#5191 = CARTESIAN_POINT ( 'NONE',  ( -80.07520753820969617, 61.63999999999999346, -0.2576914538747651640 ) ) ;
#5192 = CARTESIAN_POINT ( 'NONE',  ( -8.300429496984971678, 96.12583987928823603, 15.71614540591397358 ) ) ;
#5193 = ORIENTED_EDGE ( 'NONE', *, *, #7104, .F. ) ;
#5194 = VECTOR ( 'NONE', #4025, 1000.000000000000000 ) ;
#5195 = VERTEX_POINT ( 'NONE', #6356 ) ;
#5196 = VECTOR ( 'NONE', #6982, 1000.000000000000114 ) ;
#5197 = VECTOR ( 'NONE', #3648, 1000.000000000000000 ) ;
#5198 = ORIENTED_EDGE ( 'NONE', *, *, #7241, .T. ) ;
#5199 = EDGE_CURVE ( 'NONE', #6953, #8058, #1859, .T. ) ;
#5200 = DIRECTION ( 'NONE',  ( 1.000000000000000000, 0.000000000000000000, 0.000000000000000000 ) ) ;
#5201 = VECTOR ( 'NONE', #10007, 1000.000000000000000 ) ;
#5202 = CARTESIAN_POINT ( 'NONE',  ( -35.61042949693189996, 79.82583987928830993, -1.926685223531127367 ) ) ;
#5203 = AXIS2_PLACEMENT_3D ( 'NONE', #10718, #11496, #2456 ) ;
#5204 = VECTOR ( 'NONE', #2016, 1000.000000000000000 ) ;
#5205 = VERTEX_POINT ( 'NONE', #5467 ) ;
#5206 = DIRECTION ( 'NONE',  ( 1.000000000000000000, -0.000000000000000000, -1.092289335615960627E-13 ) ) ;
#5207 = LINE ( 'NONE', #8800, #6151 ) ;
#5208 = LINE ( 'NONE', #8855, #3664 ) ;
#5209 = LINE ( 'NONE', #752, #10100 ) ;
#5210 = DIRECTION ( 'NONE',  ( -1.000000000000000000, 0.000000000000000000, 1.734723475976806848E-16 ) ) ;
#5211 = FACE_OUTER_BOUND ( 'NONE', #10391, .T. ) ;
#5212 = ORIENTED_EDGE ( 'NONE', *, *, #2966, .F. ) ;
#5213 = ORIENTED_EDGE ( 'NONE', *, *, #5637, .F. ) ;
#5214 = VERTEX_POINT ( 'NONE', #8350 ) ;
#5215 = VECTOR ( 'NONE', #1677, 1000.000000000000000 ) ;
#5216 = EDGE_LOOP ( 'NONE', ( #3545, #1539, #248, #8792 ) ) ;
#5217 = EDGE_CURVE ( 'NONE', #76, #4754, #2091, .T. ) ;
#5218 = CARTESIAN_POINT ( 'NONE',  ( -8.300429496984964572, 96.12583987928823603, 19.83350972839287607 ) ) ;
#5219 = LINE ( 'NONE', #6933, #11601 ) ;
#5220 = VERTEX_POINT ( 'NONE', #6535 ) ;
#5221 = CARTESIAN_POINT ( 'NONE',  ( -61.59000000000065711, 5.099999999999999645, 18.12419718570802019 ) ) ;
#5222 = CARTESIAN_POINT ( 'NONE',  ( -43.40689872104514535, 74.78999999999417980, -23.92998592831960991 ) ) ;
#5223 = DIRECTION ( 'NONE',  ( 0.000000000000000000, 0.000000000000000000, -1.000000000000000000 ) ) ;
#5224 = EDGE_LOOP ( 'NONE', ( #2297, #11280, #941, #6854 ) ) ;
#5225 = CARTESIAN_POINT ( 'NONE',  ( -50.48689872104515075, 95.28999999999417980, -23.92998592831960991 ) ) ;
#5226 = DIRECTION ( 'NONE',  ( 1.000000000000000000, 0.000000000000000000, 0.000000000000000000 ) ) ;
#5227 = CARTESIAN_POINT ( 'NONE',  ( -61.81289880791658931, 8.274999999999998579, 18.26344096711873277 ) ) ;
#5228 = EDGE_CURVE ( 'NONE', #9803, #100, #8175, .T. ) ;
#5229 = ORIENTED_EDGE ( 'NONE', *, *, #10804, .T. ) ;
#5230 = EDGE_CURVE ( 'NONE', #4556, #8273, #2802, .T. ) ;
#5231 = EDGE_CURVE ( 'NONE', #10820, #5057, #9993, .T. ) ;
#5232 = ORIENTED_EDGE ( 'NONE', *, *, #10524, .F. ) ;
#5233 = DIRECTION ( 'NONE',  ( -0.000000000000000000, 1.000000000000000000, -0.000000000000000000 ) ) ;
#5234 = LINE ( 'NONE', #5290, #4652 ) ;
#5235 = DIRECTION ( 'NONE',  ( 1.000000000000000000, -0.000000000000000000, 0.000000000000000000 ) ) ;
#5236 = ORIENTED_EDGE ( 'NONE', *, *, #6806, .T. ) ;
#5237 = CARTESIAN_POINT ( 'NONE',  ( 4.999570503068142990, 110.8258398792882247, 36.89999999999999147 ) ) ;
#5238 = FACE_OUTER_BOUND ( 'NONE', #5115, .T. ) ;
#5239 = ORIENTED_EDGE ( 'NONE', *, *, #5155, .T. ) ;
#5240 = ORIENTED_EDGE ( 'NONE', *, *, #10098, .F. ) ;
#5241 = CARTESIAN_POINT ( 'NONE',  ( -0.0004294969318460739593, 124.8258398792882247, 8.433509728450992782 ) ) ;
#5242 = VERTEX_POINT ( 'NONE', #151 ) ;
#5243 = CARTESIAN_POINT ( 'NONE',  ( 33.54999999999999716, 96.82583987928822467, 22.30467496797187010 ) ) ;
#5244 = CARTESIAN_POINT ( 'NONE',  ( 8.384417448465057987, 99.82583987928821045, 20.56133305602351413 ) ) ;
#5245 = CARTESIAN_POINT ( 'NONE',  ( -33.75499999999998124, -4.758722840904920481, -3.738845726937389813 ) ) ;
#5246 = CARTESIAN_POINT ( 'NONE',  ( -52.55000000000002558, 99.82583987928822467, -31.32057563943574507 ) ) ;
#5247 = DIRECTION ( 'NONE',  ( 1.000000000000000000, -0.000000000000000000, -0.000000000000000000 ) ) ;
#5248 = FACE_OUTER_BOUND ( 'NONE', #4461, .T. ) ;
#5249 = ORIENTED_EDGE ( 'NONE', *, *, #2054, .T. ) ;
#5250 = EDGE_CURVE ( 'NONE', #2429, #5820, #5646, .T. ) ;
#5251 = EDGE_LOOP ( 'NONE', ( #9961, #10547, #8593, #324 ) ) ;
#5252 = ORIENTED_EDGE ( 'NONE', *, *, #6482, .T. ) ;
#5253 = EDGE_CURVE ( 'NONE', #6993, #4108, #9231, .T. ) ;
#5254 = DIRECTION ( 'NONE',  ( -1.521157000053560499E-16, -5.229285515060565227E-16, 1.000000000000000000 ) ) ;
#5255 = LINE ( 'NONE', #11138, #10434 ) ;
#5256 = PLANE ( 'NONE',  #5725 ) ;
#5257 = DIRECTION ( 'NONE',  ( 1.335278396332448753E-16, -0.0001845156108989499206, 0.9999999829769945503 ) ) ;
#5258 = ORIENTED_EDGE ( 'NONE', *, *, #1149, .T. ) ;
#5259 = LINE ( 'NONE', #6153, #592 ) ;
#5260 = DIRECTION ( 'NONE',  ( 0.000000000000000000, 1.000000000000000000, -1.365923996832131116E-16 ) ) ;
#5261 = LINE ( 'NONE', #9788, #310 ) ;
#5262 = DIRECTION ( 'NONE',  ( 1.000000000000000000, 0.000000000000000000, 1.335278419062900361E-16 ) ) ;
#5263 = LINE ( 'NONE', #3489, #11613 ) ;
#5264 = ORIENTED_EDGE ( 'NONE', *, *, #7387, .F. ) ;
#5265 = EDGE_CURVE ( 'NONE', #4230, #5180, #11075, .T. ) ;
#5266 = EDGE_CURVE ( 'NONE', #2333, #9399, #3256, .T. ) ;
#5267 = VERTEX_POINT ( 'NONE', #2221 ) ;
#5268 = ORIENTED_EDGE ( 'NONE', *, *, #6298, .T. ) ;
#5269 = AXIS2_PLACEMENT_3D ( 'NONE', #4770, #1330, #11096 ) ;
#5270 = PLANE ( 'NONE',  #7911 ) ;
#5271 = FACE_OUTER_BOUND ( 'NONE', #9634, .T. ) ;
#5272 = DIRECTION ( 'NONE',  ( 1.000000000000000000, 0.000000000000000000, 1.600125454749515275E-16 ) ) ;
#5273 = ORIENTED_EDGE ( 'NONE', *, *, #11211, .T. ) ;
#5274 = CARTESIAN_POINT ( 'NONE',  ( -46.58189872104514251, 91.54000537782400215, -2.374168628343573229 ) ) ;
#5275 = DIRECTION ( 'NONE',  ( 6.025932307130935509E-13, 0.000000000000000000, -1.000000000000000000 ) ) ;
#5276 = LINE ( 'NONE', #1852, #3813 ) ;
#5277 = ORIENTED_EDGE ( 'NONE', *, *, #2055, .T. ) ;
#5278 = DIRECTION ( 'NONE',  ( 0.000000000000000000, 1.000000000000000000, 0.000000000000000000 ) ) ;
#5279 = CARTESIAN_POINT ( 'NONE',  ( 13.75500000000000256, -24.89937738537090794, -2.100877762788717116E-15 ) ) ;
#5280 = DIRECTION ( 'NONE',  ( 1.000000000000000000, 0.000000000000000000, 0.000000000000000000 ) ) ;
#5281 = AXIS2_PLACEMENT_3D ( 'NONE', #9556, #10498, #2418 ) ;
#5282 = EDGE_CURVE ( 'NONE', #5993, #9918, #10344, .T. ) ;
#5283 = ADVANCED_FACE ( 'NONE', ( #4979 ), #10396, .F. ) ;
#5284 = ORIENTED_EDGE ( 'NONE', *, *, #8184, .F. ) ;
#5285 = ORIENTED_EDGE ( 'NONE', *, *, #716, .F. ) ;
#5286 = VECTOR ( 'NONE', #3554, 1000.000000000000000 ) ;
#5288 = EDGE_CURVE ( 'NONE', #7326, #4644, #10723, .T. ) ;
#5287 = CARTESIAN_POINT ( 'NONE',  ( -30.00042949693185079, 110.8258398792882247, 11.89999999999998614 ) ) ;
#5289 = EDGE_CURVE ( 'NONE', #4146, #3899, #11111, .T. ) ;
#5290 = CARTESIAN_POINT ( 'NONE',  ( -46.58189872104513540, 72.64485098712441413, -26.29038821272766668 ) ) ;
#5291 = CARTESIAN_POINT ( 'NONE',  ( 53.05138322153545261, 8.274999999999998579, 15.82115058466708035 ) ) ;
#5292 = ORIENTED_EDGE ( 'NONE', *, *, #2486, .T. ) ;
#5293 = LINE ( 'NONE', #10896, #3994 ) ;
#5294 = CARTESIAN_POINT ( 'NONE',  ( -80.07520753820969617, 53.93999999999999062, -5.257691453874763887 ) ) ;
#5295 = PLANE ( 'NONE',  #9698 ) ;
#5296 = EDGE_CURVE ( 'NONE', #3542, #7536, #10263, .T. ) ;
#5297 = ORIENTED_EDGE ( 'NONE', *, *, #2286, .T. ) ;
#5298 = VERTEX_POINT ( 'NONE', #3917 ) ;
#5299 = CARTESIAN_POINT ( 'NONE',  ( -50.02648654977334530, 5.099999999999999645, 20.18114647173673148 ) ) ;
#5300 = EDGE_LOOP ( 'NONE', ( #7184, #9472, #692, #2775 ) ) ;
#5301 = VECTOR ( 'NONE', #2564, 1000.000000000000000 ) ;
#5302 = CARTESIAN_POINT ( 'NONE',  ( -33.11070517773367072, 96.12583987928823603, -1.926765952349186017 ) ) ;
#5303 = ADVANCED_FACE ( 'NONE', ( #1603 ), #10847, .F. ) ;
#5304 = FACE_OUTER_BOUND ( 'NONE', #2808, .T. ) ;
#5305 = CARTESIAN_POINT ( 'NONE',  ( 81.55000000000001137, 66.63999999999998636, 10.39999999999999325 ) ) ;
#5306 = CARTESIAN_POINT ( 'NONE',  ( -33.11067117007558380, 96.12583987928823603, 18.79370330280937651 ) ) ;
#5307 = CARTESIAN_POINT ( 'NONE',  ( -80.04999999999999716, -24.50000000000000355, 0.000000000000000000 ) ) ;
#5308 = CARTESIAN_POINT ( 'NONE',  ( 81.55000000000001137, 58.93999999999998352, -0.2576914538747649974 ) ) ;
#5309 = AXIS2_PLACEMENT_3D ( 'NONE', #983, #4596, #9200 ) ;
#5310 = VERTEX_POINT ( 'NONE', #4079 ) ;
#5311 = ORIENTED_EDGE ( 'NONE', *, *, #2277, .F. ) ;
#5312 = ORIENTED_EDGE ( 'NONE', *, *, #4439, .T. ) ;
#5313 = AXIS2_PLACEMENT_3D ( 'NONE', #1155, #9571, #6869 ) ;
#5314 = DIRECTION ( 'NONE',  ( 0.000000000000000000, 0.000000000000000000, -1.000000000000000000 ) ) ;
#5315 = VECTOR ( 'NONE', #845, 1000.000000000000227 ) ;
#5316 = LINE ( 'NONE', #10863, #9843 ) ;
#5317 = PLANE ( 'NONE',  #7370 ) ;
#5318 = ORIENTED_EDGE ( 'NONE', *, *, #6732, .T. ) ;
#5319 = FACE_OUTER_BOUND ( 'NONE', #2885, .T. ) ;
#5320 = LINE ( 'NONE', #2650, #9717 ) ;
#5321 = CARTESIAN_POINT ( 'NONE',  ( -29.00042949698513439, 99.82583987928822467, 18.68350972833517432 ) ) ;
#5322 = ORIENTED_EDGE ( 'NONE', *, *, #4295, .T. ) ;
#5323 = DIRECTION ( 'NONE',  ( 0.000000000000000000, 0.000000000000000000, 1.000000000000000000 ) ) ;
#5324 = CARTESIAN_POINT ( 'NONE',  ( -69.20000000000000284, -4.758722840904999529, -40.25769145387478432 ) ) ;
#5325 = ORIENTED_EDGE ( 'NONE', *, *, #5637, .T. ) ;
#5326 = ORIENTED_EDGE ( 'NONE', *, *, #3979, .T. ) ;
#5327 = AXIS2_PLACEMENT_3D ( 'NONE', #7111, #2560, #10571 ) ;
#5328 = AXIS2_PLACEMENT_3D ( 'NONE', #11489, #9536, #3391 ) ;
#5329 = ORIENTED_EDGE ( 'NONE', *, *, #1088, .F. ) ;
#5330 = DIRECTION ( 'NONE',  ( 0.000000000000000000, 0.000000000000000000, 1.000000000000000000 ) ) ;
#5331 = EDGE_CURVE ( 'NONE', #2567, #4678, #3016, .T. ) ;
#5332 = DIRECTION ( 'NONE',  ( 0.000000000000000000, 0.000000000000000000, -1.000000000000000000 ) ) ;
#5333 = VECTOR ( 'NONE', #3230, 1000.000000000000000 ) ;
#5334 = VECTOR ( 'NONE', #1972, 1000.000000000000000 ) ;
#5335 = ORIENTED_EDGE ( 'NONE', *, *, #8221, .F. ) ;
#5336 = CARTESIAN_POINT ( 'NONE',  ( 72.76808532600743717, 8.274999999999998579, -0.6211324209942660213 ) ) ;
#5337 = DIRECTION ( 'NONE',  ( 0.000000000000000000, 1.000000000000000000, 0.000000000000000000 ) ) ;
#5338 = CYLINDRICAL_SURFACE ( 'NONE', #8910, 2.499806426156745420 ) ;
#5339 = VECTOR ( 'NONE', #8143, 1000.000000000000000 ) ;
#5340 = ORIENTED_EDGE ( 'NONE', *, *, #11547, .F. ) ;
#5341 = CARTESIAN_POINT ( 'NONE',  ( -43.40689872104513825, 97.50000000000000000, 22.30467496797187010 ) ) ;
#5342 = DIRECTION ( 'NONE',  ( 1.000000000000000000, 0.000000000000000000, 1.600125454749515028E-16 ) ) ;
#5343 = DIRECTION ( 'NONE',  ( -0.5735764363510573727, 0.8191520442889839160, 0.000000000000000000 ) ) ;
#5344 = EDGE_LOOP ( 'NONE', ( #163, #2618, #7812, #10046 ) ) ;
#5345 = ORIENTED_EDGE ( 'NONE', *, *, #3985, .F. ) ;
#5346 = VECTOR ( 'NONE', #6985, 1000.000000000000000 ) ;
#5347 = CARTESIAN_POINT ( 'NONE',  ( -13.75499999999998479, 4.249377385370907589, 13.89999999999999680 ) ) ;
#5348 = EDGE_CURVE ( 'NONE', #9932, #3088, #10497, .T. ) ;
#5349 = EDGE_CURVE ( 'NONE', #6480, #9565, #5255, .T. ) ;
#5350 = LINE ( 'NONE', #10767, #6910 ) ;
#5351 = LINE ( 'NONE', #11552, #9725 ) ;
#5352 = CARTESIAN_POINT ( 'NONE',  ( 0.000000000000000000, 72.64000000000000057, 19.12967496797186939 ) ) ;
#5353 = ORIENTED_EDGE ( 'NONE', *, *, #2571, .T. ) ;
#5354 = CARTESIAN_POINT ( 'NONE',  ( 10.60957050306694072, 90.00000000000000000, 2.956983656701899430E-11 ) ) ;
#5355 = DIRECTION ( 'NONE',  ( -1.000000000000000000, 0.000000000000000000, 1.218707698843631781E-16 ) ) ;
#5356 = CARTESIAN_POINT ( 'NONE',  ( -79.37500000000001421, 58.93999999999998352, -6.257691453874721255 ) ) ;
#5357 = VECTOR ( 'NONE', #8255, 1000.000000000000000 ) ;
#5358 = ORIENTED_EDGE ( 'NONE', *, *, #717, .F. ) ;
#5359 = ORIENTED_EDGE ( 'NONE', *, *, #3061, .T. ) ;
#5360 = ORIENTED_EDGE ( 'NONE', *, *, #6643, .T. ) ;
#5361 = DIRECTION ( 'NONE',  ( -0.000000000000000000, 1.000000000000000000, -0.000000000000000000 ) ) ;
#5362 = EDGE_CURVE ( 'NONE', #8078, #4616, #9962, .T. ) ;
#5363 = DIRECTION ( 'NONE',  ( 0.000000000000000000, 0.9999999829769944393, 0.0001845156108989498935 ) ) ;
#5364 = CARTESIAN_POINT ( 'NONE',  ( 82.54999999999999716, 58.93999999999998352, 5.399999999999993250 ) ) ;
#5365 = DIRECTION ( 'NONE',  ( 0.000000000000000000, 1.000000000000000000, 0.000000000000000000 ) ) ;
#5366 = PRESENTATION_LAYER_ASSIGNMENT (  '', '', ( #2526 ) ) ;
#5367 = DIRECTION ( 'NONE',  ( 0.000000000000000000, -1.365923996832131116E-16, -1.000000000000000000 ) ) ;
#5368 = CARTESIAN_POINT ( 'NONE',  ( -1.667096150710902336, 119.8722550520622292, -20.03649027154900253 ) ) ;
#5369 = DIRECTION ( 'NONE',  ( -9.343313978921664063E-13, -1.000000000000000000, -7.965314560035518236E-17 ) ) ;
#5370 = ORIENTED_EDGE ( 'NONE', *, *, #2034, .F. ) ;
#5371 = EDGE_CURVE ( 'NONE', #772, #7474, #1766, .T. ) ;
#5372 = EDGE_CURVE ( 'NONE', #8067, #7471, #6885, .T. ) ;
#5373 = ADVANCED_FACE ( 'NONE', ( #5831 ), #4043, .F. ) ;
#5374 = ORIENTED_EDGE ( 'NONE', *, *, #4613, .T. ) ;
#5375 = VECTOR ( 'NONE', #9576, 1000.000000000000000 ) ;
#5376 = VECTOR ( 'NONE', #4841, 1000.000000000000000 ) ;
#5377 = AXIS2_PLACEMENT_3D ( 'NONE', #4671, #5343, #10147 ) ;
#5378 = CARTESIAN_POINT ( 'NONE',  ( 79.37500000000000000, 69.46500000000000341, 0.000000000000000000 ) ) ;
#5379 = CARTESIAN_POINT ( 'NONE',  ( -50.48689872104515075, 74.43999999999417128, -7.959769997217391868 ) ) ;
#5380 = LINE ( 'NONE', #6440, #6432 ) ;
#5381 = ORIENTED_EDGE ( 'NONE', *, *, #423, .F. ) ;
#5382 = DIRECTION ( 'NONE',  ( 0.000000000000000000, 0.000000000000000000, 1.000000000000000000 ) ) ;
#5383 = CARTESIAN_POINT ( 'NONE',  ( -29.00040951398291256, 96.12583987928823603, 18.68351409631356930 ) ) ;
#5384 = AXIS2_PLACEMENT_3D ( 'NONE', #11525, #815, #3427 ) ;
#5385 = VECTOR ( 'NONE', #3714, 1000.000000000000000 ) ;
#5386 = AXIS2_PLACEMENT_3D ( 'NONE', #2531, #11457, #9838 ) ;
#5387 = CARTESIAN_POINT ( 'NONE',  ( 50.48689872104515075, 74.78999999999417980, -22.77998592831961133 ) ) ;
#5388 = CARTESIAN_POINT ( 'NONE',  ( 80.04999999999999716, -27.00000000000000355, 25.39999999999999858 ) ) ;
#5389 = VECTOR ( 'NONE', #2909, 1000.000000000000000 ) ;
#5390 = VERTEX_POINT ( 'NONE', #8115 ) ;
#5391 = ORIENTED_EDGE ( 'NONE', *, *, #4870, .T. ) ;
#5392 = ADVANCED_FACE ( 'NONE', ( #9700 ), #2432, .F. ) ;
#5393 = ORIENTED_EDGE ( 'NONE', *, *, #8451, .F. ) ;
#5394 = AXIS2_PLACEMENT_3D ( 'NONE', #2060, #9253, #8076 ) ;
#5395 = CIRCLE ( 'NONE', #5590, 1.150000000000001688 ) ;
#5396 = CARTESIAN_POINT ( 'NONE',  ( -33.11060426392916156, 96.12583987928823603, -4.426490271141811483 ) ) ;
#5397 = VERTEX_POINT ( 'NONE', #9164 ) ;
#5398 = CARTESIAN_POINT ( 'NONE',  ( 61.59000000000155950, 8.274999999999998579, 19.62115427306273219 ) ) ;
#5399 = CARTESIAN_POINT ( 'NONE',  ( 79.37500000000002842, -27.00000000000000355, -3.738845726937403580 ) ) ;
#5400 = ORIENTED_EDGE ( 'NONE', *, *, #3739, .F. ) ;
#5401 = DIRECTION ( 'NONE',  ( 1.335278419062900361E-16, 0.000000000000000000, -1.000000000000000000 ) ) ;
#5402 = DIRECTION ( 'NONE',  ( 1.000000000000000000, 0.000000000000000000, -0.000000000000000000 ) ) ;
#5403 = ORIENTED_EDGE ( 'NONE', *, *, #3059, .F. ) ;
#5404 = VECTOR ( 'NONE', #2608, 1000.000000000000000 ) ;
#5405 = ORIENTED_EDGE ( 'NONE', *, *, #7783, .F. ) ;
#5406 = CONICAL_SURFACE ( 'NONE', #6912, 5.700207538209718372, 0.6108652381980274049 ) ;
#5407 = CARTESIAN_POINT ( 'NONE',  ( 0.000000000000000000, 4.249377385370907589, 16.39999999999999858 ) ) ;
#5408 = ORIENTED_EDGE ( 'NONE', *, *, #5184, .F. ) ;
#5409 = EDGE_CURVE ( 'NONE', #1418, #7298, #7261, .T. ) ;
#5410 = B_SPLINE_CURVE_WITH_KNOTS ( 'NONE', 3,
 ( #4988, #11249, #9410, #6707 ),
 .UNSPECIFIED., .F., .F.,
 ( 4, 4 ),
 ( 0.000000000000000000, 0.001268195126138692112 ),
 .UNSPECIFIED. ) ;
#5411 = EDGE_CURVE ( 'NONE', #4754, #8357, #10197, .T. ) ;
#5412 = CARTESIAN_POINT ( 'NONE',  ( 4.999570503068137661, 124.8258398792882247, 4.963509728450993919 ) ) ;
#5413 = DIRECTION ( 'NONE',  ( -1.593062912007103154E-16, 1.000000000000000000, 7.965314560035515770E-17 ) ) ;
#5414 = VECTOR ( 'NONE', #7760, 1000.000000000000000 ) ;
#5415 = CARTESIAN_POINT ( 'NONE',  ( -61.81289880791658931, 8.274999999999998579, 18.26344096711873277 ) ) ;
#5416 = LINE ( 'NONE', #9760, #7958 ) ;
#5417 = ORIENTED_EDGE ( 'NONE', *, *, #5009, .T. ) ;
#5418 = CARTESIAN_POINT ( 'NONE',  ( -79.37500000000001421, 52.94000000000003325, 5.399999999999987921 ) ) ;
#5419 = CARTESIAN_POINT ( 'NONE',  ( 80.37500000000000000, 66.63999999999998636, 5.399999999999991473 ) ) ;
#5420 = CARTESIAN_POINT ( 'NONE',  ( -82.54999999999999716, 61.63999999999999346, -0.2576914538747651640 ) ) ;
#5421 = ORIENTED_EDGE ( 'NONE', *, *, #8243, .T. ) ;
#5422 = ORIENTED_EDGE ( 'NONE', *, *, #3915, .T. ) ;
#5423 = EDGE_CURVE ( 'NONE', #955, #9662, #8748, .T. ) ;
#5424 = EDGE_CURVE ( 'NONE', #9880, #2087, #10441, .T. ) ;
#5425 = VERTEX_POINT ( 'NONE', #3244 ) ;
#5426 = CARTESIAN_POINT ( 'NONE',  ( -44.06500000000043826, 5.099999999999999645, 8.821154273062886020 ) ) ;
#5427 = LINE ( 'NONE', #7134, #10652 ) ;
#5428 = FACE_OUTER_BOUND ( 'NONE', #4272, .T. ) ;
#5429 = DIRECTION ( 'NONE',  ( 0.000000000000000000, 1.000000000000000000, -0.000000000000000000 ) ) ;
#5430 = DIRECTION ( 'NONE',  ( 0.000000000000000000, 0.000000000000000000, 1.000000000000000000 ) ) ;
#5431 = DIRECTION ( 'NONE',  ( -7.054719541367230563E-17, -0.8490371033064915141, 0.5283332255394527222 ) ) ;
#5432 = CARTESIAN_POINT ( 'NONE',  ( 33.75500000000002387, 6.349999999999999645, 21.38115427306259875 ) ) ;
#5433 = ORIENTED_EDGE ( 'NONE', *, *, #7270, .T. ) ;
#5434 = EDGE_CURVE ( 'NONE', #10741, #3370, #3140, .T. ) ;
#5435 = EDGE_CURVE ( 'NONE', #2800, #9438, #6690, .T. ) ;
#5436 = ORIENTED_EDGE ( 'NONE', *, *, #2835, .T. ) ;
#5437 = LINE ( 'NONE', #7146, #10276 ) ;
#5438 = DIRECTION ( 'NONE',  ( -0.5735764363510491570, 0.000000000000000000, -0.8191520442889895781 ) ) ;
#5439 = DIRECTION ( 'NONE',  ( 0.000000000000000000, -1.000000000000000000, 0.000000000000000000 ) ) ;
#5440 = EDGE_CURVE ( 'NONE', #9958, #8479, #1973, .T. ) ;
#5441 = FACE_OUTER_BOUND ( 'NONE', #10226, .T. ) ;
#5442 = ADVANCED_FACE ( 'NONE', ( #5812, #1417, #5031, #6857 ), #1473, .T. ) ;
#5443 = ORIENTED_EDGE ( 'NONE', *, *, #4059, .F. ) ;
#5444 = CYLINDRICAL_SURFACE ( 'NONE', #988, 0.7999999999998392841 ) ;
#5445 = DIRECTION ( 'NONE',  ( 0.000000000000000000, 0.000000000000000000, 1.000000000000000000 ) ) ;
#5446 = SURFACE_STYLE_FILL_AREA ( #2722 ) ;
#5447 = ORIENTED_EDGE ( 'NONE', *, *, #5331, .F. ) ;
#5448 = ORIENTED_EDGE ( 'NONE', *, *, #10431, .F. ) ;
#5449 = ADVANCED_FACE ( 'NONE', ( #10282 ), #1296, .F. ) ;
#5450 = ORIENTED_EDGE ( 'NONE', *, *, #2380, .F. ) ;
#5451 = VERTEX_POINT ( 'NONE', #2144 ) ;
#5452 = ORIENTED_EDGE ( 'NONE', *, *, #8438, .F. ) ;
#5453 = CARTESIAN_POINT ( 'NONE',  ( 42.54999999999999716, 93.00000000000000000, 33.89999999999999147 ) ) ;
#5454 = DIRECTION ( 'NONE',  ( -0.000000000000000000, -1.000000000000000000, 0.000000000000000000 ) ) ;
#5455 = CARTESIAN_POINT ( 'NONE',  ( -43.40689872104514535, 69.46500000000000341, -5.796029510066058939E-15 ) ) ;
#5456 = ORIENTED_EDGE ( 'NONE', *, *, #4853, .F. ) ;
#5457 = DIRECTION ( 'NONE',  ( 0.000000000000000000, 0.000000000000000000, -1.000000000000000000 ) ) ;
#5458 = EDGE_CURVE ( 'NONE', #5195, #10970, #1013, .T. ) ;
#5459 = PLANE ( 'NONE',  #7580 ) ;
#5460 = VERTEX_POINT ( 'NONE', #368 ) ;
#5461 = DIRECTION ( 'NONE',  ( 0.000000000000000000, 1.000000000000000000, 0.000000000000000000 ) ) ;
#5462 = FACE_OUTER_BOUND ( 'NONE', #1187, .T. ) ;
#5463 = EDGE_LOOP ( 'NONE', ( #11528, #4442, #6321, #701 ) ) ;
#5464 = ORIENTED_EDGE ( 'NONE', *, *, #3604, .T. ) ;
#5465 = CIRCLE ( 'NONE', #5077, 2.499801894121581824 ) ;
#5466 = ORIENTED_EDGE ( 'NONE', *, *, #7543, .T. ) ;
#5467 = CARTESIAN_POINT ( 'NONE',  ( -79.37500000000001421, 67.63999999999994373, -0.2576914538747651640 ) ) ;
#5468 = CARTESIAN_POINT ( 'NONE',  ( 50.48689872104515075, 74.78999999999417980, 0.5200140716803901553 ) ) ;
#5469 = LINE ( 'NONE', #3742, #3568 ) ;
#5470 = AXIS2_PLACEMENT_3D ( 'NONE', #820, #11659, #3551 ) ;
#5471 = LINE ( 'NONE', #11618, #5215 ) ;
#5472 = CARTESIAN_POINT ( 'NONE',  ( 9.877393833881008334, 99.82583987928819624, -2.201337213713970620 ) ) ;
#5473 = ORIENTED_EDGE ( 'NONE', *, *, #10435, .T. ) ;
#5474 = CARTESIAN_POINT ( 'NONE',  ( 46.58189872104514251, 72.64000000000000057, -2.374168628343575449 ) ) ;
#5475 = DIRECTION ( 'NONE',  ( -0.000000000000000000, 1.000000000000000000, 0.000000000000000000 ) ) ;
#5476 = DIRECTION ( 'NONE',  ( -0.000000000000000000, -1.000000000000000000, -0.000000000000000000 ) ) ;
#5477 = ORIENTED_EDGE ( 'NONE', *, *, #3927, .F. ) ;
#5478 = ORIENTED_EDGE ( 'NONE', *, *, #6081, .F. ) ;
#5479 = VECTOR ( 'NONE', #2556, 1000.000000000000000 ) ;
#5480 = ORIENTED_EDGE ( 'NONE', *, *, #3290, .F. ) ;
#5481 = CARTESIAN_POINT ( 'NONE',  ( -5.000429496931849016, 119.8301161607049750, 36.89999999999999147 ) ) ;
#5482 = DIRECTION ( 'NONE',  ( 1.000000000000000000, -0.000000000000000000, -0.000000000000000000 ) ) ;
#5483 = DIRECTION ( 'NONE',  ( 0.000000000000000000, 0.000000000000000000, 1.000000000000000000 ) ) ;
#5484 = EDGE_CURVE ( 'NONE', #9641, #7743, #4021, .T. ) ;
#5485 = DIRECTION ( 'NONE',  ( 9.631830049960361025E-17, 0.6925863668092024916, -0.7213349599943349455 ) ) ;
#5486 = PLANE ( 'NONE',  #11155 ) ;
#5487 = AXIS2_PLACEMENT_3D ( 'NONE', #1008, #7290, #2663 ) ;
#5488 = CARTESIAN_POINT ( 'NONE',  ( 0.000000000000000000, -27.00000000000000355, 19.39999999999997371 ) ) ;
#5489 = ORIENTED_EDGE ( 'NONE', *, *, #2617, .F. ) ;
#5490 = ORIENTED_EDGE ( 'NONE', *, *, #7615, .T. ) ;
#5491 = CARTESIAN_POINT ( 'NONE',  ( 50.48689872104515075, 97.40000406513270548, -24.18005742219565946 ) ) ;
#5492 = AXIS2_PLACEMENT_3D ( 'NONE', #4454, #5401, #11539 ) ;
#5493 = DIRECTION ( 'NONE',  ( 1.000000000000000000, -0.000000000000000000, 1.335278419062900361E-16 ) ) ;
#5494 = CARTESIAN_POINT ( 'NONE',  ( -77.87725294080593130, 107.3258398792836772, 46.90000000000009805 ) ) ;
#5495 = EDGE_CURVE ( 'NONE', #9443, #4433, #6088, .T. ) ;
#5496 = EDGE_CURVE ( 'NONE', #6527, #4036, #4981, .T. ) ;
#5497 = DIRECTION ( 'NONE',  ( 0.000000000000000000, -1.000000000000000000, 0.000000000000000000 ) ) ;
#5498 = DIRECTION ( 'NONE',  ( -0.000000000000000000, -1.000000000000000000, -0.000000000000000000 ) ) ;
#5499 = ORIENTED_EDGE ( 'NONE', *, *, #3126, .F. ) ;
#5500 = CARTESIAN_POINT ( 'NONE',  ( -0.8601518485345447385, 124.8258398792881962, 32.63349704522102712 ) ) ;
#5501 = FACE_OUTER_BOUND ( 'NONE', #1744, .T. ) ;
#5502 = CARTESIAN_POINT ( 'NONE',  ( 13.75500000000000433, -27.00000000000000355, 7.542308546125213731 ) ) ;
#5503 = ORIENTED_EDGE ( 'NONE', *, *, #11285, .T. ) ;
#5504 = ORIENTED_EDGE ( 'NONE', *, *, #6369, .F. ) ;
#5505 = VERTEX_POINT ( 'NONE', #7153 ) ;
#5506 = ORIENTED_EDGE ( 'NONE', *, *, #1065, .T. ) ;
#5507 = EDGE_CURVE ( 'NONE', #2964, #8907, #3483, .T. ) ;
#5508 = AXIS2_PLACEMENT_3D ( 'NONE', #2980, #8407, #3914 ) ;
#5509 = EDGE_CURVE ( 'NONE', #4977, #1687, #5208, .T. ) ;
#5510 = CIRCLE ( 'NONE', #5309, 5.999999999999998224 ) ;
#5511 = LINE ( 'NONE', #5453, #2714 ) ;
#5512 = DIRECTION ( 'NONE',  ( -1.000000000000000000, 0.000000000000000000, 0.000000000000000000 ) ) ;
#5513 = CARTESIAN_POINT ( 'NONE',  ( 79.37500000000002842, -27.00000000000000355, 21.38115427306259875 ) ) ;
#5514 = EDGE_CURVE ( 'NONE', #1913, #1124, #4229, .T. ) ;
#5515 = CARTESIAN_POINT ( 'NONE',  ( -11.25499999999998302, 4.249377385370907589, 16.39999999999999858 ) ) ;
#5516 = ORIENTED_EDGE ( 'NONE', *, *, #5881, .F. ) ;
#5517 = CARTESIAN_POINT ( 'NONE',  ( 46.58189872104514251, 75.48946397805705999, -8.504985928319609201 ) ) ;
#5518 = DIRECTION ( 'NONE',  ( 0.000000000000000000, 0.000000000000000000, -1.000000000000000000 ) ) ;
#5519 = DIRECTION ( 'NONE',  ( -1.000000000000000000, 0.000000000000000000, 1.335278419062900361E-16 ) ) ;
#5520 = CIRCLE ( 'NONE', #416, 1.149999999999999467 ) ;
#5521 = VERTEX_POINT ( 'NONE', #5144 ) ;
#5522 = DIRECTION ( 'NONE',  ( -9.441838556761602300E-17, -0.7071072074758651960, -0.7071063548969729329 ) ) ;
#5523 = VECTOR ( 'NONE', #9640, 1000.000000000000000 ) ;
#5524 = DIRECTION ( 'NONE',  ( 0.000000000000000000, 0.000000000000000000, -1.000000000000000000 ) ) ;
#5525 = EDGE_LOOP ( 'NONE', ( #6592, #922, #8984, #10609 ) ) ;
#5526 = VERTEX_POINT ( 'NONE', #8035 ) ;
#5527 = CARTESIAN_POINT ( 'NONE',  ( -8.300429496927989703, 99.82583987928822467, -1.816490271607134721 ) ) ;
#5528 = ORIENTED_EDGE ( 'NONE', *, *, #729, .F. ) ;
#5529 = EDGE_CURVE ( 'NONE', #2786, #3364, #10686, .T. ) ;
#5530 = EDGE_CURVE ( 'NONE', #2621, #6337, #10823, .T. ) ;
#5531 = MANIFOLD_SOLID_BREP ( 'Cut-Extrude20', #3134 ) ;
#5532 = EDGE_CURVE ( 'NONE', #2745, #5935, #7392, .T. ) ;
#5533 = AXIS2_PLACEMENT_3D ( 'NONE', #5080, #2363, #2256 ) ;
#5534 = AXIS2_PLACEMENT_3D ( 'NONE', #4150, #7652, #4212 ) ;
#5535 = CARTESIAN_POINT ( 'NONE',  ( 46.58189872104514251, 95.10731456396575823, 3.358535111626434144 ) ) ;
#5536 = DIRECTION ( 'NONE',  ( 0.000000000000000000, 0.000000000000000000, -1.000000000000000000 ) ) ;
#5537 = FACE_OUTER_BOUND ( 'NONE', #4611, .T. ) ;
#5538 = CARTESIAN_POINT ( 'NONE',  ( 76.81501998216515403, 8.274999999999998579, 17.92115427298595876 ) ) ;
#5539 = DIRECTION ( 'NONE',  ( -1.000000000000000000, 0.000000000000000000, 2.131755774931517135E-14 ) ) ;
#5540 = ORIENTED_EDGE ( 'NONE', *, *, #11197, .F. ) ;
#5541 = CARTESIAN_POINT ( 'NONE',  ( 11.25500000000000433, -24.89937738537090794, 16.39999999999999858 ) ) ;
#5542 = DIRECTION ( 'NONE',  ( 1.000000000000000000, 0.000000000000000000, -1.066750355020279212E-16 ) ) ;
#5543 = DIRECTION ( 'NONE',  ( 0.000000000000000000, 1.000000000000000000, 0.000000000000000000 ) ) ;
#5544 = ORIENTED_EDGE ( 'NONE', *, *, #9290, .T. ) ;
#5545 = ORIENTED_EDGE ( 'NONE', *, *, #11503, .T. ) ;
#5546 = AXIS2_PLACEMENT_3D ( 'NONE', #6438, #9319, #9205 ) ;
#5547 = CARTESIAN_POINT ( 'NONE',  ( -44.06500000000043826, 8.274999999999998579, 8.821154273062886020 ) ) ;
#5548 = DIRECTION ( 'NONE',  ( 0.8191520442890000142, 0.000000000000000000, 0.5735764363510343911 ) ) ;
#5549 = CARTESIAN_POINT ( 'NONE',  ( -79.37500000000001421, 18.84999999999999787, -24.58269145387476584 ) ) ;
#5550 = PLANE ( 'NONE',  #10966 ) ;
#5551 = VECTOR ( 'NONE', #7586, 1000.000000000000000 ) ;
#5552 = CARTESIAN_POINT ( 'NONE',  ( 5.040313248097534782, 124.6347516102852637, -20.03649027154900253 ) ) ;
#5553 = DIRECTION ( 'NONE',  ( -0.000000000000000000, -0.000000000000000000, 1.000000000000000000 ) ) ;
#5554 = ORIENTED_EDGE ( 'NONE', *, *, #10511, .T. ) ;
#5555 = ORIENTED_EDGE ( 'NONE', *, *, #2826, .F. ) ;
#5556 = EDGE_CURVE ( 'NONE', #9437, #8489, #6332, .T. ) ;
#5557 = ADVANCED_FACE ( 'NONE', ( #10145 ), #4721, .T. ) ;
#5558 = AXIS2_PLACEMENT_3D ( 'NONE', #3755, #2996, #10907 ) ;
#5559 = VECTOR ( 'NONE', #10980, 1000.000000000000000 ) ;
#5560 = DIRECTION ( 'NONE',  ( 0.8481145238789871144, 0.000000000000000000, -0.5298129428255965445 ) ) ;
#5561 = FACE_OUTER_BOUND ( 'NONE', #557, .T. ) ;
#5562 = DIRECTION ( 'NONE',  ( 0.000000000000000000, 0.000000000000000000, -1.000000000000000000 ) ) ;
#5563 = LINE ( 'NONE', #7149, #11137 ) ;
#5564 = DIRECTION ( 'NONE',  ( 9.732078352470914792E-11, 0.000000000000000000, 1.000000000000000000 ) ) ;
#5565 = PLANE ( 'NONE',  #8412 ) ;
#5566 = DIRECTION ( 'NONE',  ( 0.000000000000000000, 0.000000000000000000, 1.000000000000000000 ) ) ;
#5567 = ORIENTED_EDGE ( 'NONE', *, *, #6595, .T. ) ;
#5568 = PLANE ( 'NONE',  #5377 ) ;
#5569 = VERTEX_POINT ( 'NONE', #9034 ) ;
#5570 = AXIS2_PLACEMENT_3D ( 'NONE', #9187, #2931, #1092 ) ;
#5571 = VERTEX_POINT ( 'NONE', #9916 ) ;
#5572 = ORIENTED_EDGE ( 'NONE', *, *, #2966, .T. ) ;
#5573 = EDGE_CURVE ( 'NONE', #10193, #1176, #1583, .T. ) ;
#5574 = AXIS2_PLACEMENT_3D ( 'NONE', #7523, #8283, #11119 ) ;
#5575 = DIRECTION ( 'NONE',  ( 0.000000000000000000, -0.000000000000000000, 1.000000000000000000 ) ) ;
#5576 = VECTOR ( 'NONE', #9633, 1000.000000000000000 ) ;
#5577 = ORIENTED_EDGE ( 'NONE', *, *, #8393, .F. ) ;
#5578 = DIRECTION ( 'NONE',  ( 0.000000000000000000, 0.000000000000000000, -1.000000000000000000 ) ) ;
#5579 = CARTESIAN_POINT ( 'NONE',  ( -51.69999999999999574, 99.82583987928822467, 63.21800789427800282 ) ) ;
#5580 = DIRECTION ( 'NONE',  ( 0.000000000000000000, 1.000000000000000000, 0.000000000000000000 ) ) ;
#5581 = ORIENTED_EDGE ( 'NONE', *, *, #10998, .F. ) ;
#5582 = PLANE ( 'NONE',  #2828 ) ;
#5583 = CARTESIAN_POINT ( 'NONE',  ( 74.43750000000000000, 82.35514882866895903, -37.08269145387477295 ) ) ;
#5584 = ORIENTED_EDGE ( 'NONE', *, *, #5230, .T. ) ;
#5585 = ORIENTED_EDGE ( 'NONE', *, *, #11424, .F. ) ;
#5586 = EDGE_LOOP ( 'NONE', ( #7919, #5249 ) ) ;
#5587 = CIRCLE ( 'NONE', #11620, 2.499724320747617856 ) ;
#5588 = EDGE_CURVE ( 'NONE', #1532, #2202, #7059, .T. ) ;
#5589 = VECTOR ( 'NONE', #11326, 1000.000000000000000 ) ;
#5590 = AXIS2_PLACEMENT_3D ( 'NONE', #9614, #5143, #2598 ) ;
#5591 = LINE ( 'NONE', #8413, #8174 ) ;
#5592 = CYLINDRICAL_SURFACE ( 'NONE', #1240, 5.000000000000004441 ) ;
#5593 = DIRECTION ( 'NONE',  ( 0.000000000000000000, -0.5283332255394525001, -0.8490371033064915141 ) ) ;
#5594 = DIRECTION ( 'NONE',  ( 1.000000000000000000, 0.000000000000000000, -9.184139537363837425E-14 ) ) ;
#5595 = DIRECTION ( 'NONE',  ( 0.000000000000000000, 0.000000000000000000, 1.000000000000000000 ) ) ;
#5596 = CIRCLE ( 'NONE', #9909, 24.20000000000000639 ) ;
#5597 = EDGE_CURVE ( 'NONE', #10675, #10730, #2896, .T. ) ;
#5598 = ORIENTED_EDGE ( 'NONE', *, *, #10286, .F. ) ;
#5599 = EDGE_CURVE ( 'NONE', #5220, #7913, #11593, .T. ) ;
#5600 = DIRECTION ( 'NONE',  ( 0.000000000000000000, 0.000000000000000000, -1.000000000000000000 ) ) ;
#5601 = DIRECTION ( 'NONE',  ( 0.000000000000000000, 0.000000000000000000, -1.000000000000000000 ) ) ;
#5602 = VECTOR ( 'NONE', #4641, 1000.000000000000000 ) ;
#5603 = EDGE_LOOP ( 'NONE', ( #6338, #9867, #6256, #9635 ) ) ;
#5604 = ORIENTED_EDGE ( 'NONE', *, *, #11377, .T. ) ;
#5605 = ADVANCED_FACE ( 'NONE', ( #132 ), #4610, .T. ) ;
#5606 = VECTOR ( 'NONE', #5928, 1000.000000000000000 ) ;
#5607 = CARTESIAN_POINT ( 'NONE',  ( 50.48689872104515075, 94.56476577691782381, -8.504985928319962696 ) ) ;
#5608 = CYLINDRICAL_SURFACE ( 'NONE', #4824, 11.39100661779977841 ) ;
#5609 = DIRECTION ( 'NONE',  ( -0.000000000000000000, -1.000000000000000000, -0.000000000000000000 ) ) ;
#5610 = DIRECTION ( 'NONE',  ( 1.000000000000000000, 0.000000000000000000, -0.000000000000000000 ) ) ;
#5611 = CARTESIAN_POINT ( 'NONE',  ( -79.37499999999997158, 10.00000000000000000, 21.38115427306261296 ) ) ;
#5612 = DIRECTION ( 'NONE',  ( 0.000000000000000000, 1.000000000000000000, 0.000000000000000000 ) ) ;
#5613 = DIRECTION ( 'NONE',  ( -1.000000000000000000, -1.593062912007103154E-16, -1.228232725407420811E-32 ) ) ;
#5614 = ORIENTED_EDGE ( 'NONE', *, *, #4843, .F. ) ;
#5615 = ORIENTED_EDGE ( 'NONE', *, *, #6893, .F. ) ;
#5616 = CARTESIAN_POINT ( 'NONE',  ( 6.616786591357619152, 99.82583987928821045, -4.426490271496838602 ) ) ;
#5617 = DIRECTION ( 'NONE',  ( 5.103282850429250674E-32, -1.000000000000000000, -3.354869254291018419E-16 ) ) ;
#5618 = CARTESIAN_POINT ( 'NONE',  ( 50.48689872104515075, 74.78999999999417980, -23.92998592831960991 ) ) ;
#5619 = CARTESIAN_POINT ( 'NONE',  ( -50.48689872104515075, 96.40000537621601495, 3.358535111626435476 ) ) ;
#5620 = CARTESIAN_POINT ( 'NONE',  ( 0.8325418644314438454, 119.8799379955917317, 36.89999999999999147 ) ) ;
#5621 = FACE_OUTER_BOUND ( 'NONE', #938, .T. ) ;
#5622 = DIRECTION ( 'NONE',  ( 0.000000000000000000, 0.000000000000000000, -1.000000000000000000 ) ) ;
#5623 = EDGE_CURVE ( 'NONE', #11354, #7396, #8382, .T. ) ;
#5624 = CARTESIAN_POINT ( 'NONE',  ( 61.59000000000155950, 5.099999999999999645, 19.62115427306273219 ) ) ;
#5625 = ORIENTED_EDGE ( 'NONE', *, *, #6882, .T. ) ;
#5626 = VERTEX_POINT ( 'NONE', #7333 ) ;
#5627 = EDGE_CURVE ( 'NONE', #8433, #2262, #2838, .T. ) ;
#5628 = ORIENTED_EDGE ( 'NONE', *, *, #6893, .T. ) ;
#5629 = CARTESIAN_POINT ( 'NONE',  ( -82.54999999999999716, 58.93999999999998352, -0.2576914538747649974 ) ) ;
#5630 = DIRECTION ( 'NONE',  ( 0.000000000000000000, 0.000000000000000000, -1.000000000000000000 ) ) ;
#5631 = CARTESIAN_POINT ( 'NONE',  ( -8.300429496927835160, 96.12583987928823603, 1.150873398797555902 ) ) ;
#5632 = ORIENTED_EDGE ( 'NONE', *, *, #3433, .F. ) ;
#5633 = DIRECTION ( 'NONE',  ( 1.000000000000000000, -0.000000000000000000, 1.335278419062900361E-16 ) ) ;
#5634 = FACE_OUTER_BOUND ( 'NONE', #4345, .T. ) ;
#5635 = DIRECTION ( 'NONE',  ( 0.000000000000000000, 1.000000000000000000, 0.000000000000000000 ) ) ;
#5636 = ADVANCED_FACE ( 'NONE', ( #2017 ), #2961, .F. ) ;
#5637 = EDGE_CURVE ( 'NONE', #5057, #204, #9384, .T. ) ;
#5638 = VERTEX_POINT ( 'NONE', #11104 ) ;
#5639 = CARTESIAN_POINT ( 'NONE',  ( 9.877393833880962148, 79.82583987928819624, -2.201337213713970620 ) ) ;
#5640 = DIRECTION ( 'NONE',  ( -1.000000000000000000, 0.000000000000000000, 0.000000000000000000 ) ) ;
#5641 = ORIENTED_EDGE ( 'NONE', *, *, #5951, .T. ) ;
#5642 = ORIENTED_EDGE ( 'NONE', *, *, #2105, .T. ) ;
#5643 = CARTESIAN_POINT ( 'NONE',  ( -8.300429496984964572, 96.12583987928823603, 17.53350972839287181 ) ) ;
#5644 = CARTESIAN_POINT ( 'NONE',  ( 82.54999999999999716, 104.8258398792882105, 41.90000000000009805 ) ) ;
#5645 = ORIENTED_EDGE ( 'NONE', *, *, #3887, .T. ) ;
#5646 = LINE ( 'NONE', #2858, #4819 ) ;
#5647 = DIRECTION ( 'NONE',  ( 1.000000000000000000, 0.000000000000000000, -0.000000000000000000 ) ) ;
#5648 = CARTESIAN_POINT ( 'NONE',  ( -51.69999999999998153, 107.3258398792882247, 44.40000000000009095 ) ) ;
#5649 = CARTESIAN_POINT ( 'NONE',  ( -77.61249999996866222, 82.35514882866895903, -32.75769145387477010 ) ) ;
#5650 = DIRECTION ( 'NONE',  ( 1.521157000053560499E-16, 0.000000000000000000, -1.000000000000000000 ) ) ;
#5651 = ADVANCED_FACE ( 'NONE', ( #4071 ), #4007, .T. ) ;
#5652 = EDGE_CURVE ( 'NONE', #4472, #7352, #2294, .T. ) ;
#5653 = ORIENTED_EDGE ( 'NONE', *, *, #7687, .F. ) ;
#5654 = DIRECTION ( 'NONE',  ( -0.000000000000000000, -1.000000000000000000, -0.000000000000000000 ) ) ;
#5655 = EDGE_LOOP ( 'NONE', ( #602, #10706, #487, #8388 ) ) ;
#5656 = VERTEX_POINT ( 'NONE', #2196 ) ;
#5657 = EDGE_CURVE ( 'NONE', #4441, #10353, #10592, .T. ) ;
#5658 = ADVANCED_FACE ( 'NONE', ( #3949 ), #11158, .F. ) ;
#5659 = VECTOR ( 'NONE', #4866, 1000.000000000000000 ) ;
#5660 = DIRECTION ( 'NONE',  ( 1.000000000000000000, 0.000000000000000000, 0.000000000000000000 ) ) ;
#5661 = DIRECTION ( 'NONE',  ( 0.000000000000000000, 0.000000000000000000, -1.000000000000000000 ) ) ;
#5662 = CARTESIAN_POINT ( 'NONE',  ( 33.75500000000005230, -4.758722840904771267, -3.738845726937403580 ) ) ;
#5663 = EDGE_CURVE ( 'NONE', #11106, #9854, #2343, .T. ) ;
#5664 = LINE ( 'NONE', #4761, #775 ) ;
#5665 = DIRECTION ( 'NONE',  ( 0.000000000000000000, -0.000000000000000000, 1.000000000000000000 ) ) ;
#5666 = DIRECTION ( 'NONE',  ( 0.000000000000000000, 0.000000000000000000, 1.000000000000000000 ) ) ;
#5667 = TOROIDAL_SURFACE ( 'NONE', #375, 26.00000000000000355, 1.000000000000000000 ) ;
#5668 = ORIENTED_EDGE ( 'NONE', *, *, #791, .T. ) ;
#5669 = ORIENTED_EDGE ( 'NONE', *, *, #6355, .T. ) ;
#5670 = ADVANCED_FACE ( 'NONE', ( #7684 ), #9433, .F. ) ;
#5671 = EDGE_CURVE ( 'NONE', #1238, #4482, #8942, .T. ) ;
#5672 = DIRECTION ( 'NONE',  ( -0.04985863843715403199, 0.000000000000000000, -0.9987562846726888433 ) ) ;
#5673 = CARTESIAN_POINT ( 'NONE',  ( 80.37500000000000000, 61.63999999999999346, 10.39999999999999325 ) ) ;
#5674 = VECTOR ( 'NONE', #8623, 1000.000000000000000 ) ;
#5675 = CARTESIAN_POINT ( 'NONE',  ( -82.54999999999999716, 104.8258398792882105, 41.90000000000008384 ) ) ;
#5676 = DIRECTION ( 'NONE',  ( -1.000000000000000000, 0.000000000000000000, 0.000000000000000000 ) ) ;
#5677 = DIRECTION ( 'NONE',  ( 0.000000000000000000, 0.000000000000000000, 1.000000000000000000 ) ) ;
#5678 = CARTESIAN_POINT ( 'NONE',  ( 79.37500000000002842, -27.00000000000000355, 0.000000000000000000 ) ) ;
#5679 = CARTESIAN_POINT ( 'NONE',  ( -77.54999999999999716, 107.3258398792882247, 44.40000000000009095 ) ) ;
#5680 = CARTESIAN_POINT ( 'NONE',  ( 46.58189872104514251, 97.50000000000000000, 19.12967496797186939 ) ) ;
#5681 = DIRECTION ( 'NONE',  ( -1.335278419062900361E-16, 8.182657905550979512E-17, -1.000000000000000000 ) ) ;
#5682 = ORIENTED_EDGE ( 'NONE', *, *, #10499, .F. ) ;
#5683 = ORIENTED_EDGE ( 'NONE', *, *, #4145, .T. ) ;
#5684 = VERTEX_POINT ( 'NONE', #6618 ) ;
#5685 = CARTESIAN_POINT ( 'NONE',  ( 77.54999999999999716, 109.8258398792882247, -22.92957932766295670 ) ) ;
#5686 = VECTOR ( 'NONE', #713, 1000.000000000000000 ) ;
#5687 = CARTESIAN_POINT ( 'NONE',  ( -54.81500000380517434, 5.099999999999999645, 19.62115427306273219 ) ) ;
#5688 = VERTEX_POINT ( 'NONE', #10206 ) ;
#5689 = PLANE ( 'NONE',  #3436 ) ;
#5690 = CARTESIAN_POINT ( 'NONE',  ( 79.37500000000000000, 67.34020753820968253, 5.399999999999991473 ) ) ;
#5691 = CYLINDRICAL_SURFACE ( 'NONE', #407, 1.149999999999998135 ) ;
#5692 = ORIENTED_EDGE ( 'NONE', *, *, #8098, .F. ) ;
#5693 = DIRECTION ( 'NONE',  ( -1.000000000000000000, 0.000000000000000000, -0.000000000000000000 ) ) ;
#5694 = FACE_OUTER_BOUND ( 'NONE', #3146, .T. ) ;
#5695 = ORIENTED_EDGE ( 'NONE', *, *, #9175, .T. ) ;
#5696 = ORIENTED_EDGE ( 'NONE', *, *, #348, .T. ) ;
#5697 = LINE ( 'NONE', #3968, #9292 ) ;
#5698 = VECTOR ( 'NONE', #9373, 1000.000000000000000 ) ;
#5699 = DIRECTION ( 'NONE',  ( -0.000000000000000000, -0.000000000000000000, -1.000000000000000000 ) ) ;
#5700 = ORIENTED_EDGE ( 'NONE', *, *, #7248, .T. ) ;
#5701 = EDGE_CURVE ( 'NONE', #11651, #2781, #7827, .T. ) ;
#5702 = DIRECTION ( 'NONE',  ( -1.000000000000000000, 0.000000000000000000, 0.000000000000000000 ) ) ;
#5703 = CIRCLE ( 'NONE', #9826, 0.7999999999998392841 ) ;
#5704 = AXIS2_PLACEMENT_3D ( 'NONE', #5944, #8542, #1558 ) ;
#5705 = CARTESIAN_POINT ( 'NONE',  ( -69.20000000000000284, 82.35514882866895903, -37.08269145387477295 ) ) ;
#5706 = DIRECTION ( 'NONE',  ( 0.5298129428255966555, 0.000000000000000000, -0.8481145238789872254 ) ) ;
#5707 = ORIENTED_EDGE ( 'NONE', *, *, #9290, .F. ) ;
#5708 = DIRECTION ( 'NONE',  ( -0.000000000000000000, 1.000000000000000000, 0.000000000000000000 ) ) ;
#5709 = DIRECTION ( 'NONE',  ( 8.405686134351577711E-17, -0.000000000000000000, 1.000000000000000000 ) ) ;
#5710 = ORIENTED_EDGE ( 'NONE', *, *, #3666, .F. ) ;
#5711 = ORIENTED_EDGE ( 'NONE', *, *, #4629, .F. ) ;
#5712 = AXIS2_PLACEMENT_3D ( 'NONE', #6402, #5580, #1073 ) ;
#5713 = ORIENTED_EDGE ( 'NONE', *, *, #2325, .F. ) ;
#5714 = EDGE_CURVE ( 'NONE', #4314, #2786, #1982, .T. ) ;
#5715 = EDGE_CURVE ( 'NONE', #460, #9395, #7563, .T. ) ;
#5716 = EDGE_CURVE ( 'NONE', #7063, #560, #9331, .T. ) ;
#5717 = PLANE ( 'NONE',  #2197 ) ;
#5718 = FACE_OUTER_BOUND ( 'NONE', #8329, .T. ) ;
#5719 = CARTESIAN_POINT ( 'NONE',  ( -46.58189872104514251, 75.82810341039572677, 1.983876593815330880 ) ) ;
#5720 = DIRECTION ( 'NONE',  ( 1.000000000000000000, -0.000000000000000000, 0.000000000000000000 ) ) ;
#5721 = VECTOR ( 'NONE', #2597, 1000.000000000000000 ) ;
#5722 = EDGE_LOOP ( 'NONE', ( #7349, #11390, #4051, #6878 ) ) ;
#5723 = AXIS2_PLACEMENT_3D ( 'NONE', #9207, #4717, #10866 ) ;
#5724 = CARTESIAN_POINT ( 'NONE',  ( -23.07862717547882170, 96.12583987928823603, 1.150873398797776170 ) ) ;
#5725 = AXIS2_PLACEMENT_3D ( 'NONE', #7273, #8081, #2538 ) ;
#5726 = ORIENTED_EDGE ( 'NONE', *, *, #5296, .T. ) ;
#5727 = VERTEX_POINT ( 'NONE', #6735 ) ;
#5728 = EDGE_CURVE ( 'NONE', #8156, #3278, #6786, .T. ) ;
#5729 = VECTOR ( 'NONE', #5894, 1000.000000000000000 ) ;
#5730 = FACE_OUTER_BOUND ( 'NONE', #5300, .T. ) ;
#5731 = CARTESIAN_POINT ( 'NONE',  ( -46.58189872104514251, 72.64000000000000057, 3.358530552390479595 ) ) ;
#5732 = FACE_OUTER_BOUND ( 'NONE', #4319, .T. ) ;
#5733 = FACE_OUTER_BOUND ( 'NONE', #8250, .T. ) ;
#5734 = LINE ( 'NONE', #11325, #7607 ) ;
#5735 = CARTESIAN_POINT ( 'NONE',  ( 173.3018692371333032, 82.35514882866895903, -37.08269145387477295 ) ) ;
#5736 = CARTESIAN_POINT ( 'NONE',  ( 50.48689872104515075, 75.48946397805705999, -8.504985928319609201 ) ) ;
#5737 = VECTOR ( 'NONE', #7155, 1000.000000000000114 ) ;
#5738 = EDGE_CURVE ( 'NONE', #1913, #4096, #2246, .T. ) ;
#5739 = DIRECTION ( 'NONE',  ( 1.521157000052819462E-16, 9.870233350266327087E-07, 0.9999999999995128341 ) ) ;
#5740 = EDGE_CURVE ( 'NONE', #4433, #508, #1628, .T. ) ;
#5741 = EDGE_CURVE ( 'NONE', #2886, #7920, #5018, .T. ) ;
#5742 = ORIENTED_EDGE ( 'NONE', *, *, #2922, .F. ) ;
#5743 = VERTEX_POINT ( 'NONE', #2690 ) ;
#5744 = ORIENTED_EDGE ( 'NONE', *, *, #10523, .T. ) ;
#5745 = VECTOR ( 'NONE', #10116, 1000.000000000000000 ) ;
#5746 = CARTESIAN_POINT ( 'NONE',  ( -43.40689872104514535, 74.78999999999417980, -22.77998592831961133 ) ) ;
#5747 = LINE ( 'NONE', #7633, #6791 ) ;
#5748 = ORIENTED_EDGE ( 'NONE', *, *, #3176, .T. ) ;
#5749 = CARTESIAN_POINT ( 'NONE',  ( 6.267350428395200623, 119.8258398792882105, 36.86783398817240709 ) ) ;
#5750 = CARTESIAN_POINT ( 'NONE',  ( -33.75499999999998124, 10.00000000000000000, -3.738845726937389813 ) ) ;
#5751 = CARTESIAN_POINT ( 'NONE',  ( -5.000429496931850792, 110.8258398792882247, -21.03649027154900253 ) ) ;
#5752 = VECTOR ( 'NONE', #11218, 1000.000000000000000 ) ;
#5753 = ORIENTED_EDGE ( 'NONE', *, *, #10481, .F. ) ;
#5754 = DIRECTION ( 'NONE',  ( -1.335278419062900361E-16, 3.354869254291018419E-16, -1.000000000000000000 ) ) ;
#5755 = CYLINDRICAL_SURFACE ( 'NONE', #11221, 0.7999800169725922450 ) ;
#5756 = ORIENTED_EDGE ( 'NONE', *, *, #5435, .T. ) ;
#5757 = ORIENTED_EDGE ( 'NONE', *, *, #10024, .F. ) ;
#5758 = CARTESIAN_POINT ( 'NONE',  ( -52.36501998304115091, 8.274999999999998579, 20.22115427297831403 ) ) ;
#5759 = LINE ( 'NONE', #6464, #5659 ) ;
#5760 = VERTEX_POINT ( 'NONE', #9882 ) ;
#5761 = VECTOR ( 'NONE', #7364, 1000.000000000000000 ) ;
#5762 = VECTOR ( 'NONE', #3066, 1000.000000000000000 ) ;
#5763 = AXIS2_PLACEMENT_3D ( 'NONE', #4154, #11361, #10464 ) ;
#5764 = CARTESIAN_POINT ( 'NONE',  ( 4.999570503068141214, 119.8258398792882105, 11.89999999999998614 ) ) ;
#5765 = CARTESIAN_POINT ( 'NONE',  ( -31.40689872104514180, 97.50000000000000000, -29.66122071973760299 ) ) ;
#5766 = VERTEX_POINT ( 'NONE', #6419 ) ;
#5767 = DIRECTION ( 'NONE',  ( -0.000000000000000000, -1.000000000000000000, -0.000000000000000000 ) ) ;
#5768 = LINE ( 'NONE', #10063, #2172 ) ;
#5769 = CARTESIAN_POINT ( 'NONE',  ( -33.11062444888668921, 96.12583987928823603, 21.29350972844888545 ) ) ;
#5770 = ADVANCED_FACE ( 'NONE', ( #7310 ), #9062, .F. ) ;
#5771 = VECTOR ( 'NONE', #6580, 1000.000000000000000 ) ;
#5772 = ORIENTED_EDGE ( 'NONE', *, *, #10035, .F. ) ;
#5773 = CIRCLE ( 'NONE', #2746, 1.000000000000000888 ) ;
#5774 = CIRCLE ( 'NONE', #2940, 2.500000000000000444 ) ;
#5775 = AXIS2_PLACEMENT_3D ( 'NONE', #4020, #5860, #10218 ) ;
#5776 = VERTEX_POINT ( 'NONE', #8003 ) ;
#5777 = ADVANCED_FACE ( 'NONE', ( #4581 ), #1811, .T. ) ;
#5778 = AXIS2_PLACEMENT_3D ( 'NONE', #51, #3464, #7953 ) ;
#5779 = CARTESIAN_POINT ( 'NONE',  ( 69.20000000001763851, 18.85000000000027853, -37.08269145387476584 ) ) ;
#5780 = AXIS2_PLACEMENT_3D ( 'NONE', #8854, #7915, #8034 ) ;
#5781 = FACE_OUTER_BOUND ( 'NONE', #11527, .T. ) ;
#5782 = CARTESIAN_POINT ( 'NONE',  ( 43.40689872104514535, 69.46500000000000341, 22.30467496797187010 ) ) ;
#5783 = VERTEX_POINT ( 'NONE', #5419 ) ;
#5784 = CARTESIAN_POINT ( 'NONE',  ( -61.59000000000155950, 8.274999999999998579, 19.62115427306273219 ) ) ;
#5785 = EDGE_CURVE ( 'NONE', #2202, #7471, #9944, .T. ) ;
#5786 = EDGE_CURVE ( 'NONE', #6826, #6527, #850, .T. ) ;
#5787 = DIRECTION ( 'NONE',  ( 1.000000000000000000, 0.000000000000000000, 0.000000000000000000 ) ) ;
#5788 = VERTEX_POINT ( 'NONE', #3633 ) ;
#5789 = VECTOR ( 'NONE', #10586, 999.9999999999998863 ) ;
#5790 = AXIS2_PLACEMENT_3D ( 'NONE', #7999, #4464, #2511 ) ;
#5791 = VERTEX_POINT ( 'NONE', #784 ) ;
#5792 = CARTESIAN_POINT ( 'NONE',  ( -8.300429496927835160, 99.82583987928822467, 1.150873398797555902 ) ) ;
#5793 = CARTESIAN_POINT ( 'NONE',  ( -81.50393985162827448, 108.0218215302493832, 45.09598165095984257 ) ) ;
#5794 = CARTESIAN_POINT ( 'NONE',  ( -42.53471734642673141, 97.50000000000000000, 22.30467496797187010 ) ) ;
#5795 = FACE_OUTER_BOUND ( 'NONE', #1626, .T. ) ;
#5796 = DIRECTION ( 'NONE',  ( 1.000000000000000000, -0.000000000000000000, 1.335278419062900361E-16 ) ) ;
#5797 = CARTESIAN_POINT ( 'NONE',  ( -72.76808532237744487, 8.274999999999998579, 17.06344096711973890 ) ) ;
#5798 = EDGE_CURVE ( 'NONE', #10556, #4556, #9135, .T. ) ;
#5799 = EDGE_CURVE ( 'NONE', #7202, #7860, #9763, .T. ) ;
#5800 = CARTESIAN_POINT ( 'NONE',  ( -5.000429496931849016, 109.8258398792882247, 36.89999999999999147 ) ) ;
#5801 = ORIENTED_EDGE ( 'NONE', *, *, #5458, .T. ) ;
#5802 = VERTEX_POINT ( 'NONE', #2629 ) ;
#5803 = EDGE_LOOP ( 'NONE', ( #1788, #11086, #5865, #1385 ) ) ;
#5804 = DIRECTION ( 'NONE',  ( -1.000000000000000000, -0.000000000000000000, -0.000000000000000000 ) ) ;
#5805 = EDGE_CURVE ( 'NONE', #9839, #11335, #11624, .T. ) ;
#5806 = EDGE_CURVE ( 'NONE', #3422, #7528, #9009, .T. ) ;
#5807 = DIRECTION ( 'NONE',  ( -0.000000000000000000, 1.000000000000000000, -0.000000000000000000 ) ) ;
#5808 = CARTESIAN_POINT ( 'NONE',  ( 0.000000000000000000, -27.00000000000000355, 5.042308546125213731 ) ) ;
#5809 = ORIENTED_EDGE ( 'NONE', *, *, #8328, .F. ) ;
#5810 = CARTESIAN_POINT ( 'NONE',  ( 79.37500000000000000, 6.349999999999999645, 0.000000000000000000 ) ) ;
#5811 = LINE ( 'NONE', #11235, #1042 ) ;
#5812 = FACE_BOUND ( 'NONE', #5251, .T. ) ;
#5813 = EDGE_CURVE ( 'NONE', #9935, #193, #6185, .T. ) ;
#5814 = VERTEX_POINT ( 'NONE', #2810 ) ;
#5815 = DIRECTION ( 'NONE',  ( -1.218707698843631781E-16, 0.000000000000000000, -1.000000000000000000 ) ) ;
#5816 = CARTESIAN_POINT ( 'NONE',  ( 41.54999999999999716, 93.00000000000000000, 22.30467496797187010 ) ) ;
#5817 = EDGE_LOOP ( 'NONE', ( #8129, #3344, #1257, #7314 ) ) ;
#5818 = VERTEX_POINT ( 'NONE', #10656 ) ;
#5819 = DIRECTION ( 'NONE',  ( 0.000000000000000000, 1.000000000000000000, -1.365923996832131116E-16 ) ) ;
#5820 = VERTEX_POINT ( 'NONE', #6239 ) ;
#5821 = EDGE_CURVE ( 'NONE', #8273, #3546, #1592, .T. ) ;
#5822 = DIRECTION ( 'NONE',  ( 0.000000000000000000, 0.000000000000000000, -1.000000000000000000 ) ) ;
#5823 = CARTESIAN_POINT ( 'NONE',  ( 173.3018692371333032, 90.00000000000000000, -37.08269145387477295 ) ) ;
#5824 = DIRECTION ( 'NONE',  ( 1.000000000000000000, 0.000000000000000000, -0.000000000000000000 ) ) ;
#5825 = DIRECTION ( 'NONE',  ( 1.000000000000000000, -0.000000000000000000, 0.000000000000000000 ) ) ;
#5826 = ORIENTED_EDGE ( 'NONE', *, *, #1428, .F. ) ;
#5827 = DIRECTION ( 'NONE',  ( -0.8191520442890010134, -0.5735764363510329478, 0.000000000000000000 ) ) ;
#5828 = CARTESIAN_POINT ( 'NONE',  ( -32.55000000000002558, 97.32583987928822467, 22.30467496797187010 ) ) ;
#5829 = VERTEX_POINT ( 'NONE', #3455 ) ;
#5830 = ORIENTED_EDGE ( 'NONE', *, *, #9293, .F. ) ;
#5831 = FACE_OUTER_BOUND ( 'NONE', #2728, .T. ) ;
#5832 = CARTESIAN_POINT ( 'NONE',  ( -50.02648496882963514, 8.274999999999998579, -6.985329661611394236 ) ) ;
#5833 = CARTESIAN_POINT ( 'NONE',  ( 50.48689872104515075, 73.67999999411362921, 3.358530552390479595 ) ) ;
#5834 = CARTESIAN_POINT ( 'NONE',  ( -46.58189872104514251, 75.48946397805705999, -8.504985928319609201 ) ) ;
#5835 = ORIENTED_EDGE ( 'NONE', *, *, #5657, .F. ) ;
#5836 = LINE ( 'NONE', #9421, #1151 ) ;
#5837 = CYLINDRICAL_SURFACE ( 'NONE', #3883, 1.149999999999994804 ) ;
#5838 = VERTEX_POINT ( 'NONE', #1866 ) ;
#5839 = VECTOR ( 'NONE', #1805, 1000.000000000000000 ) ;
#5840 = VERTEX_POINT ( 'NONE', #3519 ) ;
#5841 = EDGE_CURVE ( 'NONE', #3323, #570, #4042, .T. ) ;
#5842 = CYLINDRICAL_SURFACE ( 'NONE', #1112, 1.000000000000000888 ) ;
#5843 = CYLINDRICAL_SURFACE ( 'NONE', #4061, 2.499801894116292722 ) ;
#5844 = DIRECTION ( 'NONE',  ( 1.000000000000000000, 0.000000000000000000, -9.169294481193143764E-14 ) ) ;
#5845 = CYLINDRICAL_SURFACE ( 'NONE', #5187, 2.500000000000000444 ) ;
#5846 = CARTESIAN_POINT ( 'NONE',  ( 29.99957050306814210, 109.8258398792882247, 11.89999999999998437 ) ) ;
#5847 = FACE_OUTER_BOUND ( 'NONE', #598, .T. ) ;
#5848 = CIRCLE ( 'NONE', #6970, 2.500000000000002220 ) ;
#5849 = CARTESIAN_POINT ( 'NONE',  ( 6.616786963295035129, 90.00000000000000000, 18.79370979928978969 ) ) ;
#5850 = DIRECTION ( 'NONE',  ( -1.000000000000000000, 0.000000000000000000, 0.000000000000000000 ) ) ;
#5851 = ORIENTED_EDGE ( 'NONE', *, *, #4686, .F. ) ;
#5852 = ORIENTED_EDGE ( 'NONE', *, *, #7615, .F. ) ;
#5853 = ORIENTED_EDGE ( 'NONE', *, *, #9718, .T. ) ;
#5854 = AXIS2_PLACEMENT_3D ( 'NONE', #6971, #2419, #10437 ) ;
#5855 = EDGE_CURVE ( 'NONE', #46, #5626, #970, .T. ) ;
#5856 = EDGE_CURVE ( 'NONE', #898, #1535, #727, .T. ) ;
#5857 = CARTESIAN_POINT ( 'NONE',  ( 76.81501998216512561, 5.099999999999999645, -0.2788457270140529132 ) ) ;
#5858 = ORIENTED_EDGE ( 'NONE', *, *, #9316, .F. ) ;
#5859 = CARTESIAN_POINT ( 'NONE',  ( 5.040980328120962639, 124.6316574458437287, 36.89999999999999147 ) ) ;
#5860 = DIRECTION ( 'NONE',  ( -1.317950958372553779E-22, -0.9999999999995129452, 9.870233350266329205E-07 ) ) ;
#5861 = CARTESIAN_POINT ( 'NONE',  ( 69.20000000000776197, 8.275000000000281020, -6.985329661611392460 ) ) ;
#5862 = ORIENTED_EDGE ( 'NONE', *, *, #231, .T. ) ;
#5863 = DIRECTION ( 'NONE',  ( 0.5735764363510451602, 0.8191520442889924647, 0.000000000000000000 ) ) ;
#5864 = CARTESIAN_POINT ( 'NONE',  ( 0.000000000000000000, 9.393818159531837964, -32.75769145387477721 ) ) ;
#5865 = ORIENTED_EDGE ( 'NONE', *, *, #7145, .F. ) ;
#5866 = ADVANCED_FACE ( 'NONE', ( #7945 ), #8948, .F. ) ;
#5867 = ORIENTED_EDGE ( 'NONE', *, *, #3709, .T. ) ;
#5868 = ORIENTED_EDGE ( 'NONE', *, *, #10598, .F. ) ;
#5869 = CARTESIAN_POINT ( 'NONE',  ( -76.81501998216512561, 8.274999999999998579, -1.428845727014055988 ) ) ;
#5870 = AXIS2_PLACEMENT_3D ( 'NONE', #7763, #11359, #9630 ) ;
#5871 = EDGE_CURVE ( 'NONE', #2631, #5505, #10176, .T. ) ;
#5872 = CARTESIAN_POINT ( 'NONE',  ( -81.84979246179028678, 58.93999999999998352, 5.399999999999993250 ) ) ;
#5873 = LINE ( 'NONE', #1431, #4267 ) ;
#5874 = DIRECTION ( 'NONE',  ( 0.000000000000000000, -0.000000000000000000, 1.000000000000000000 ) ) ;
#5875 = PLANE ( 'NONE',  #9475 ) ;
#5876 = ORIENTED_EDGE ( 'NONE', *, *, #8252, .T. ) ;
#5877 = DIRECTION ( 'NONE',  ( -1.000000000000000000, 0.000000000000000000, -0.000000000000000000 ) ) ;
#5878 = CARTESIAN_POINT ( 'NONE',  ( 81.97415824328687961, 107.2862838874574862, 44.36044400817009858 ) ) ;
#5879 = ADVANCED_FACE ( 'NONE', ( #2227 ), #4815, .F. ) ;
#5880 = VERTEX_POINT ( 'NONE', #6477 ) ;
#5881 = EDGE_CURVE ( 'NONE', #733, #666, #2099, .T. ) ;
#5882 = ORIENTED_EDGE ( 'NONE', *, *, #2643, .F. ) ;
#5883 = VECTOR ( 'NONE', #8664, 1000.000000000000000 ) ;
#5884 = VECTOR ( 'NONE', #10480, 1000.000000000000000 ) ;
#5885 = LINE ( 'NONE', #2449, #122 ) ;
#5886 = CARTESIAN_POINT ( 'NONE',  ( 69.20000000000597140, 6.350000000000280309, -6.985329661611390684 ) ) ;
#5887 = DIRECTION ( 'NONE',  ( 1.000000000000000000, 0.000000000000000000, 0.000000000000000000 ) ) ;
#5888 = ORIENTED_EDGE ( 'NONE', *, *, #4188, .T. ) ;
#5889 = CARTESIAN_POINT ( 'NONE',  ( -28.20042949698529355, 96.12583987928823603, 18.68350972833517432 ) ) ;
#5890 = VECTOR ( 'NONE', #5720, 1000.000000000000000 ) ;
#5891 = VECTOR ( 'NONE', #2877, 1000.000000000000000 ) ;
#5892 = VERTEX_POINT ( 'NONE', #6652 ) ;
#5893 = VERTEX_POINT ( 'NONE', #9125 ) ;
#5894 = DIRECTION ( 'NONE',  ( -0.000000000000000000, -1.000000000000000000, -0.000000000000000000 ) ) ;
#5895 = VECTOR ( 'NONE', #6441, 1000.000000000000000 ) ;
#5896 = CARTESIAN_POINT ( 'NONE',  ( -33.11067117007558380, 96.12583987928823603, 21.29350972891239024 ) ) ;
#5897 = VECTOR ( 'NONE', #2986, 1000.000000000000000 ) ;
#5898 = CARTESIAN_POINT ( 'NONE',  ( 6.013794443329789630, 124.8258398792882247, 31.87426719053791757 ) ) ;
#5899 = CARTESIAN_POINT ( 'NONE',  ( 23.90689872104513469, 90.00000000000000000, 22.30467496797187010 ) ) ;
#5900 = FACE_OUTER_BOUND ( 'NONE', #6177, .T. ) ;
#5901 = VECTOR ( 'NONE', #4603, 1000.000000000000000 ) ;
#5902 = FACE_OUTER_BOUND ( 'NONE', #92, .T. ) ;
#5903 = CARTESIAN_POINT ( 'NONE',  ( 6.616786963295058221, 99.82583987928821045, 18.79370979928978969 ) ) ;
#5904 = DIRECTION ( 'NONE',  ( 0.000000000000000000, 0.000000000000000000, 1.000000000000000000 ) ) ;
#5905 = ORIENTED_EDGE ( 'NONE', *, *, #9592, .T. ) ;
#5906 = ADVANCED_FACE ( 'NONE', ( #1991 ), #9363, .T. ) ;
#5907 = ORIENTED_EDGE ( 'NONE', *, *, #11683, .F. ) ;
#5908 = ORIENTED_EDGE ( 'NONE', *, *, #680, .F. ) ;
#5909 = VECTOR ( 'NONE', #654, 1000.000000000000000 ) ;
#5910 = CARTESIAN_POINT ( 'NONE',  ( 9.877394556154502681, 90.00000000000000000, 19.06835594837479420 ) ) ;
#5911 = LINE ( 'NONE', #9499, #10179 ) ;
#5912 = EDGE_LOOP ( 'NONE', ( #3763, #968 ) ) ;
#5913 = LINE ( 'NONE', #5973, #424 ) ;
#5914 = CARTESIAN_POINT ( 'NONE',  ( -80.07520753820969617, 66.63999999999998636, -0.2576914538747651640 ) ) ;
#5915 = AXIS2_PLACEMENT_3D ( 'NONE', #5364, #5482, #6314 ) ;
#5916 = ORIENTED_EDGE ( 'NONE', *, *, #10409, .T. ) ;
#5917 = DIRECTION ( 'NONE',  ( 0.8191520442889941300, -0.5735764363510428288, 0.000000000000000000 ) ) ;
#5918 = DIRECTION ( 'NONE',  ( 1.000000000000000000, 1.593062912007103154E-16, 1.228232725407420948E-32 ) ) ;
#5919 = EDGE_LOOP ( 'NONE', ( #5120, #704, #21, #10505 ) ) ;
#5920 = EDGE_CURVE ( 'NONE', #59, #6044, #5768, .T. ) ;
#5921 = ADVANCED_FACE ( 'NONE', ( #1266 ), #6543, .F. ) ;
#5922 = ORIENTED_EDGE ( 'NONE', *, *, #3928, .F. ) ;
#5923 = ORIENTED_EDGE ( 'NONE', *, *, #7698, .T. ) ;
#5924 = AXIS2_PLACEMENT_3D ( 'NONE', #6513, #349, #5672 ) ;
#5925 = DIRECTION ( 'NONE',  ( -1.000000000000000000, 0.000000000000000000, 0.000000000000000000 ) ) ;
#5926 = CARTESIAN_POINT ( 'NONE',  ( 50.48689872104515075, 95.63999999999417412, -7.959769997217391868 ) ) ;
#5927 = DIRECTION ( 'NONE',  ( -0.000000000000000000, -1.000000000000000000, 0.000000000000000000 ) ) ;
#5928 = DIRECTION ( 'NONE',  ( -1.000000000000000000, 0.000000000000000000, -8.863495325085417182E-17 ) ) ;
#5929 = DIRECTION ( 'NONE',  ( -0.000000000000000000, -0.000000000000000000, 1.000000000000000000 ) ) ;
#5930 = ORIENTED_EDGE ( 'NONE', *, *, #7617, .F. ) ;
#5931 = FACE_BOUND ( 'NONE', #3786, .T. ) ;
#5932 = CARTESIAN_POINT ( 'NONE',  ( 74.43750000000000000, 89.99999999999998579, -37.08269145387477295 ) ) ;
#5933 = CARTESIAN_POINT ( 'NONE',  ( 50.48689872104515075, 74.78999999999417980, -23.92998592831960991 ) ) ;
#5934 = ADVANCED_FACE ( 'NONE', ( #4695 ), #4646, .T. ) ;
#5935 = VERTEX_POINT ( 'NONE', #1032 ) ;
#5936 = ORIENTED_EDGE ( 'NONE', *, *, #1004, .T. ) ;
#5937 = AXIS2_PLACEMENT_3D ( 'NONE', #27, #1615, #5226 ) ;
#5938 = VECTOR ( 'NONE', #5676, 1000.000000000000000 ) ;
#5940 = EDGE_CURVE ( 'NONE', #7872, #11592, #6594, .T. ) ;
#5939 = CARTESIAN_POINT ( 'NONE',  ( 4.999570503068137661, 110.8258398792882247, -20.03649027154900608 ) ) ;
#5941 = ADVANCED_FACE ( 'NONE', ( #1202 ), #11611, .T. ) ;
#5942 = DIRECTION ( 'NONE',  ( -0.000000000000000000, 7.709882115452476934E-17, -1.000000000000000000 ) ) ;
#5944 = CARTESIAN_POINT ( 'NONE',  ( -5.000429496931850792, 110.8258398792882247, 11.89999999999998614 ) ) ;
#5943 =( BOUNDED_SURFACE ( )  B_SPLINE_SURFACE ( 3, 2, ( 
 ( #9031, #7276, #3825 ),
 ( #182, #4667, #7450 ),
 ( #3720, #11043, #10978 ),
 ( #1892, #2894, #2015 ),
 ( #4542, #6564, #5620 ),
 ( #5500, #10143, #8148 ),
 ( #69, #996, #2068 ),
 ( #7331, #3658, #10870 ),
 ( #10921, #2836, #10027 ),
 ( #1954, #6733, #11274 ) ),
 .UNSPECIFIED., .F., .F., .F. ) 
 B_SPLINE_SURFACE_WITH_KNOTS ( ( 4, 2, 2, 2, 4 ),
 ( 3, 3 ),
 ( 0.01464556878727203693, 0.01717358519510748388, 0.01970160160294293084, 0.02222961801077837779, 0.02475763441861382474 ),
 ( 0.000000000000000000, 1.000000000000000000 ),
 .UNSPECIFIED. ) 
 GEOMETRIC_REPRESENTATION_ITEM ( )  RATIONAL_B_SPLINE_SURFACE ( (
 ( 1.000000000000000000, 0.7212633665191349186, 1.000000000000000000),
 ( 1.000000000000000000, 0.7331392860086075602, 1.000000000000000000),
 ( 1.000000000000000000, 0.7421395897541807063, 1.000000000000000000),
 ( 1.000000000000000000, 0.7541715567376763296, 1.000000000000000000),
 ( 1.000000000000000000, 0.7572002645548556732, 1.000000000000000000),
 ( 1.000000000000000000, 0.7571985898842825691, 1.000000000000000000),
 ( 1.000000000000000000, 0.7541679509104834978, 1.000000000000000000),
 ( 1.000000000000000000, 0.7421360381326342903, 1.000000000000000000),
 ( 1.000000000000000000, 0.7331392538659102787, 1.000000000000000000),
 ( 1.000000000000000000, 0.7212633665191349186, 1.000000000000000000) ) ) 
 REPRESENTATION_ITEM ( '' )  SURFACE ( )  );
#5945 = AXIS2_PLACEMENT_3D ( 'NONE', #3249, #2425, #10340 ) ;
#5946 = VECTOR ( 'NONE', #9275, 1000.000000000000114 ) ;
#5947 = ORIENTED_EDGE ( 'NONE', *, *, #8425, .T. ) ;
#5948 = CIRCLE ( 'NONE', #4809, 5.000000000000000000 ) ;
#5949 = VECTOR ( 'NONE', #4679, 1000.000000000000000 ) ;
#5950 = CARTESIAN_POINT ( 'NONE',  ( 51.69999999999999574, 109.8258398792882247, 46.90000000000009095 ) ) ;
#5951 = EDGE_CURVE ( 'NONE', #6281, #8535, #10520, .T. ) ;
#5952 = ORIENTED_EDGE ( 'NONE', *, *, #4045, .T. ) ;
#5953 = DIRECTION ( 'NONE',  ( -1.000000000000000000, 0.000000000000000000, 0.000000000000000000 ) ) ;
#5954 = VERTEX_POINT ( 'NONE', #4215 ) ;
#5955 = ORIENTED_EDGE ( 'NONE', *, *, #3835, .T. ) ;
#5956 = CARTESIAN_POINT ( 'NONE',  ( -50.48689872104514365, 95.20641123616282187, -26.28622525258461451 ) ) ;
#5957 = DIRECTION ( 'NONE',  ( 0.000000000000000000, 1.000000000000000000, 0.000000000000000000 ) ) ;
#5958 = CARTESIAN_POINT ( 'NONE',  ( -3.333863074174842733, 119.8513719020314028, 36.89999999999999147 ) ) ;
#5959 = DIRECTION ( 'NONE',  ( -0.000000000000000000, -1.000000000000000000, -0.000000000000000000 ) ) ;
#5960 = DIRECTION ( 'NONE',  ( -0.000000000000000000, 0.000000000000000000, -1.000000000000000000 ) ) ;
#5961 = AXIS2_PLACEMENT_3D ( 'NONE', #8943, #7181, #1740 ) ;
#5962 = CARTESIAN_POINT ( 'NONE',  ( -8.300429496927989703, 96.12583987928823603, -1.816490271607134721 ) ) ;
#5963 = VECTOR ( 'NONE', #8240, 1000.000000000000000 ) ;
#5964 = VERTEX_POINT ( 'NONE', #6876 ) ;
#5965 = EDGE_LOOP ( 'NONE', ( #1582, #4408, #1548, #7819, #481, #9512, #3897, #10691 ) ) ;
#5966 = ORIENTED_EDGE ( 'NONE', *, *, #154, .T. ) ;
#5967 = CARTESIAN_POINT ( 'NONE',  ( -23.90689872104513469, 90.00000000000000000, -29.66122071973760299 ) ) ;
#5968 = AXIS2_PLACEMENT_3D ( 'NONE', #5222, #710, #6170 ) ;
#5969 = CARTESIAN_POINT ( 'NONE',  ( 79.37500000000000000, 6.349999999999999645, 0.000000000000000000 ) ) ;
#5970 = ADVANCED_FACE ( 'NONE', ( #6763 ), #10578, .T. ) ;
#5971 = CARTESIAN_POINT ( 'NONE',  ( -29.00042949692799965, 99.82583987928822467, -2.616490271664665634 ) ) ;
#5972 = ORIENTED_EDGE ( 'NONE', *, *, #7369, .T. ) ;
#5973 = CARTESIAN_POINT ( 'NONE',  ( -82.55000000000002558, 90.00000000000000000, 25.39999999999999147 ) ) ;
#5974 = DIRECTION ( 'NONE',  ( 1.000000000000000000, 0.000000000000000000, 0.000000000000000000 ) ) ;
#5975 = CARTESIAN_POINT ( 'NONE',  ( 77.61249999999999716, -4.758722840905003082, -32.75769145387477721 ) ) ;
#5976 = LINE ( 'NONE', #7748, #9937 ) ;
#5977 = DIRECTION ( 'NONE',  ( 0.000000000000000000, -0.000000000000000000, 1.000000000000000000 ) ) ;
#5978 = ADVANCED_FACE ( 'NONE', ( #6046 ), #11598, .F. ) ;
#5979 = ORIENTED_EDGE ( 'NONE', *, *, #5529, .T. ) ;
#5980 = ORIENTED_EDGE ( 'NONE', *, *, #8083, .T. ) ;
#5981 = VERTEX_POINT ( 'NONE', #9632 ) ;
#5982 = EDGE_CURVE ( 'NONE', #4088, #8361, #3154, .T. ) ;
#5983 = DIRECTION ( 'NONE',  ( -0.000000000000000000, -1.000000000000000000, -0.000000000000000000 ) ) ;
#5984 = PLANE ( 'NONE',  #3507 ) ;
#5985 = ORIENTED_EDGE ( 'NONE', *, *, #3405, .F. ) ;
#5986 = DIRECTION ( 'NONE',  ( 0.000000000000000000, 0.000000000000000000, 1.000000000000000000 ) ) ;
#5987 = LINE ( 'NONE', #5096, #3892 ) ;
#5988 = CYLINDRICAL_SURFACE ( 'NONE', #5534, 1.000000000000000888 ) ;
#5989 = ORIENTED_EDGE ( 'NONE', *, *, #1317, .T. ) ;
#5990 = DIRECTION ( 'NONE',  ( -0.000000000000000000, -1.000000000000000000, -0.000000000000000000 ) ) ;
#5991 = LINE ( 'NONE', #1550, #1393 ) ;
#5992 = DIRECTION ( 'NONE',  ( 1.000000000000000000, 0.000000000000000000, -0.000000000000000000 ) ) ;
#5993 = VERTEX_POINT ( 'NONE', #8643 ) ;
#5994 = DIRECTION ( 'NONE',  ( 0.000000000000000000, 0.000000000000000000, -1.000000000000000000 ) ) ;
#5995 = ORIENTED_EDGE ( 'NONE', *, *, #8098, .T. ) ;
#5996 = ADVANCED_FACE ( 'NONE', ( #2384 ), #3280, .F. ) ;
#5997 = EDGE_CURVE ( 'NONE', #1312, #4835, #5991, .T. ) ;
#5998 = CARTESIAN_POINT ( 'NONE',  ( 82.54999999999999716, 90.00000000000000000, 25.39999999999999147 ) ) ;
#5999 = LINE ( 'NONE', #9582, #788 ) ;
#6000 = DIRECTION ( 'NONE',  ( -1.000000000000000000, 0.000000000000000000, 1.335278419062900361E-16 ) ) ;
#6001 = ORIENTED_EDGE ( 'NONE', *, *, #6298, .F. ) ;
#6002 = FACE_BOUND ( 'NONE', #262, .T. ) ;
#6003 = CARTESIAN_POINT ( 'NONE',  ( 69.19999999999558327, -4.758722840904693996, -40.25769145387477721 ) ) ;
#6004 = EDGE_LOOP ( 'NONE', ( #9388, #7394, #3941, #1081, #4318, #3801 ) ) ;
#6005 = ORIENTED_EDGE ( 'NONE', *, *, #8263, .T. ) ;
#6006 = ORIENTED_EDGE ( 'NONE', *, *, #4202, .T. ) ;
#6007 = EDGE_CURVE ( 'NONE', #11329, #7658, #11250, .T. ) ;
#6008 = EDGE_CURVE ( 'NONE', #1522, #8210, #4280, .T. ) ;
#6009 = VERTEX_POINT ( 'NONE', #4153 ) ;
#6010 = EDGE_CURVE ( 'NONE', #4850, #10533, #8533, .T. ) ;
#6011 = FACE_OUTER_BOUND ( 'NONE', #3724, .T. ) ;
#6012 = CARTESIAN_POINT ( 'NONE',  ( -79.37499999999997158, -27.00000000000000355, -3.738845726937389813 ) ) ;
#6013 = DIRECTION ( 'NONE',  ( -0.000000000000000000, 1.365923996832131116E-16, 1.000000000000000000 ) ) ;
#6014 = DIRECTION ( 'NONE',  ( -1.000000000000000000, -0.000000000000000000, -0.000000000000000000 ) ) ;
#6015 = DIRECTION ( 'NONE',  ( 1.000000000000000000, -0.000000000000000000, -0.000000000000000000 ) ) ;
#6016 = CYLINDRICAL_SURFACE ( 'NONE', #10469, 10.94291382678908064 ) ;
#6017 = ORIENTED_EDGE ( 'NONE', *, *, #117, .T. ) ;
#6018 = ORIENTED_EDGE ( 'NONE', *, *, #2181, .T. ) ;
#6019 = ADVANCED_FACE ( 'NONE', ( #3265 ), #10819, .T. ) ;
#6020 = EDGE_CURVE ( 'NONE', #3364, #894, #3616, .T. ) ;
#6021 = EDGE_CURVE ( 'NONE', #4389, #4182, #3668, .T. ) ;
#6022 = EDGE_LOOP ( 'NONE', ( #7767, #2513, #4960, #4724 ) ) ;
#6023 = CARTESIAN_POINT ( 'NONE',  ( -33.55000000000002558, 92.50000000000000000, 22.30467496797187010 ) ) ;
#6024 = VECTOR ( 'NONE', #8715, 1000.000000000000000 ) ;
#6025 = DIRECTION ( 'NONE',  ( 0.000000000000000000, 0.000000000000000000, 1.000000000000000000 ) ) ;
#6026 = ORIENTED_EDGE ( 'NONE', *, *, #4044, .T. ) ;
#6027 = CARTESIAN_POINT ( 'NONE',  ( -6.014653437193473451, 124.8258398792882247, 31.87426719053791757 ) ) ;
#6028 = DIRECTION ( 'NONE',  ( 0.000000000000000000, 1.000000000000000000, -1.365923996832131116E-16 ) ) ;
#6029 = DIRECTION ( 'NONE',  ( -0.000000000000000000, -1.000000000000000000, -0.000000000000000000 ) ) ;
#6030 = CARTESIAN_POINT ( 'NONE',  ( -42.55000000000002558, 92.50000000000000000, 22.30467496797187010 ) ) ;
#6031 = DIRECTION ( 'NONE',  ( -0.5735764363510451602, 0.8191520442889924647, 0.000000000000000000 ) ) ;
#6032 = LINE ( 'NONE', #4973, #7072 ) ;
#6033 = VERTEX_POINT ( 'NONE', #896 ) ;
#6034 = ORIENTED_EDGE ( 'NONE', *, *, #5627, .F. ) ;
#6035 = VECTOR ( 'NONE', #8621, 1000.000000000000000 ) ;
#6036 = ORIENTED_EDGE ( 'NONE', *, *, #4112, .F. ) ;
#6037 = CARTESIAN_POINT ( 'NONE',  ( -77.54999999999999716, 109.8258398792882247, 44.40000000000009805 ) ) ;
#6038 = DIRECTION ( 'NONE',  ( -1.521157000053560499E-16, 0.000000000000000000, 1.000000000000000000 ) ) ;
#6039 = EDGE_LOOP ( 'NONE', ( #1974, #2217, #9040, #11123, #9779, #2812, #4304, #4310 ) ) ;
#6040 = VECTOR ( 'NONE', #9783, 1000.000000000000000 ) ;
#6041 = CARTESIAN_POINT ( 'NONE',  ( 13.75500000000000433, -24.89937738537090794, 13.89999999999999680 ) ) ;
#6042 = CARTESIAN_POINT ( 'NONE',  ( -79.37500000000000000, 90.00000000000000000, 22.30467496797187010 ) ) ;
#6043 = DIRECTION ( 'NONE',  ( 1.000000000000000000, 0.000000000000000000, -1.091641407263116552E-13 ) ) ;
#6044 = VERTEX_POINT ( 'NONE', #7171 ) ;
#6045 = CARTESIAN_POINT ( 'NONE',  ( 54.81500000380517434, 8.274999999999998579, 19.62115427306273219 ) ) ;
#6046 = FACE_OUTER_BOUND ( 'NONE', #5525, .T. ) ;
#6047 = LINE ( 'NONE', #4281, #5576 ) ;
#6048 = ORIENTED_EDGE ( 'NONE', *, *, #1021, .F. ) ;
#6049 = FACE_OUTER_BOUND ( 'NONE', #4803, .T. ) ;
#6050 = VERTEX_POINT ( 'NONE', #10759 ) ;
#6051 = ADVANCED_FACE ( 'NONE', ( #2741, #8106, #3445, #5462 ), #4564, .T. ) ;
#6052 = VECTOR ( 'NONE', #906, 1000.000000000000000 ) ;
#6053 = FACE_OUTER_BOUND ( 'NONE', #1441, .T. ) ;
#6054 = DIRECTION ( 'NONE',  ( 0.000000000000000000, 0.000000000000000000, -1.000000000000000000 ) ) ;
#6055 = CARTESIAN_POINT ( 'NONE',  ( 33.54999999999999716, 93.00000000000000000, 33.89999999999999147 ) ) ;
#6056 = ORIENTED_EDGE ( 'NONE', *, *, #8784, .F. ) ;
#6057 = LINE ( 'NONE', #677, #7592 ) ;
#6058 = CARTESIAN_POINT ( 'NONE',  ( 0.000000000000000000, 4.249377385370907589, 16.39999999999999858 ) ) ;
#6059 = EDGE_LOOP ( 'NONE', ( #9766, #7994, #1899, #2696 ) ) ;
#6060 = EDGE_LOOP ( 'NONE', ( #7579, #6365, #3618, #2149 ) ) ;
#6061 = EDGE_CURVE ( 'NONE', #6480, #8489, #7054, .T. ) ;
#6062 = EDGE_CURVE ( 'NONE', #11014, #6929, #6289, .T. ) ;
#6063 = AXIS2_PLACEMENT_3D ( 'NONE', #5618, #2191, #6676 ) ;
#6064 = DIRECTION ( 'NONE',  ( 0.000000000000000000, -0.7071063548969729329, 0.7071072074758651960 ) ) ;
#6065 = AXIS2_PLACEMENT_3D ( 'NONE', #2236, #3000, #11029 ) ;
#6066 = EDGE_LOOP ( 'NONE', ( #11446, #7555, #10095, #5358, #9669, #10130, #2150, #8042, #7234, #5264, #3748, #5370, #3385, #7124, #4356, #3369, #836 ) ) ;
#6067 = DIRECTION ( 'NONE',  ( 0.000000000000000000, -0.7660444431189796788, -0.6427876096865373645 ) ) ;
#6068 = CARTESIAN_POINT ( 'NONE',  ( -79.37500000000001421, 90.00000000000000000, 24.62763407003640381 ) ) ;
#6069 = CYLINDRICAL_SURFACE ( 'NONE', #9334, 2.499801894095357913 ) ;
#6070 = FACE_OUTER_BOUND ( 'NONE', #1961, .T. ) ;
#6071 = CIRCLE ( 'NONE', #47, 2.500000000000009326 ) ;
#6072 = VECTOR ( 'NONE', #3691, 1000.000000000000000 ) ;
#6073 = FACE_OUTER_BOUND ( 'NONE', #3274, .T. ) ;
#6074 = CARTESIAN_POINT ( 'NONE',  ( 69.20000000000597140, 6.350000000000280309, -24.58269145387476584 ) ) ;
#6075 = ORIENTED_EDGE ( 'NONE', *, *, #8243, .F. ) ;
#6076 = EDGE_CURVE ( 'NONE', #3319, #8147, #10641, .T. ) ;
#6077 = ORIENTED_EDGE ( 'NONE', *, *, #721, .T. ) ;
#6078 = EDGE_LOOP ( 'NONE', ( #8694, #8284, #6939, #2209 ) ) ;
#6079 = VECTOR ( 'NONE', #4452, 1000.000000000000000 ) ;
#6080 = LINE ( 'NONE', #3298, #10931 ) ;
#6081 = EDGE_CURVE ( 'NONE', #6422, #4500, #952, .T. ) ;
#6082 = DIRECTION ( 'NONE',  ( 6.544275553939909236E-12, 0.000000000000000000, 1.000000000000000000 ) ) ;
#6083 = EDGE_CURVE ( 'NONE', #3278, #1522, #4424, .T. ) ;
#6084 = ORIENTED_EDGE ( 'NONE', *, *, #3772, .F. ) ;
#6085 = DIRECTION ( 'NONE',  ( -0.000000000000000000, -1.000000000000000000, -0.000000000000000000 ) ) ;
#6086 = DIRECTION ( 'NONE',  ( -1.053532600013481320E-16, 0.7213349599943349455, 0.6925863668092024916 ) ) ;
#6087 = EDGE_CURVE ( 'NONE', #373, #10675, #9869, .T. ) ;
#6088 = LINE ( 'NONE', #1650, #9318 ) ;
#6089 = AXIS2_PLACEMENT_3D ( 'NONE', #9491, #11216, #2245 ) ;
#6090 = VERTEX_POINT ( 'NONE', #1730 ) ;
#6091 = CARTESIAN_POINT ( 'NONE',  ( 42.54999999999999716, 97.82583987928822467, 33.89999999999999147 ) ) ;
#6092 = VECTOR ( 'NONE', #3907, 1000.000000000000000 ) ;
#6093 = DIRECTION ( 'NONE',  ( 0.000000000000000000, 1.000000000000000000, 1.593062912007103154E-16 ) ) ;
#6094 = ORIENTED_EDGE ( 'NONE', *, *, #5106, .T. ) ;
#6095 = AXIS2_PLACEMENT_3D ( 'NONE', #6245, #111, #6481 ) ;
#6096 = ORIENTED_EDGE ( 'NONE', *, *, #6493, .F. ) ;
#6097 = VERTEX_POINT ( 'NONE', #1794 ) ;
#6098 = CARTESIAN_POINT ( 'NONE',  ( -78.84641283430141812, 109.6659231243575334, 44.32004162253511481 ) ) ;
#6099 = DIRECTION ( 'NONE',  ( 0.000000000000000000, -0.000000000000000000, 1.000000000000000000 ) ) ;
#6100 = AXIS2_PLACEMENT_3D ( 'NONE', #9684, #11599, #4271 ) ;
#6101 = EDGE_CURVE ( 'NONE', #7348, #3471, #8820, .T. ) ;
#6102 = ORIENTED_EDGE ( 'NONE', *, *, #3835, .F. ) ;
#6103 = CARTESIAN_POINT ( 'NONE',  ( -46.58189872104514251, 86.19928456797940441, 13.55926821917161540 ) ) ;
#6104 = DIRECTION ( 'NONE',  ( -0.008623956910147957330, 0.9999628129921692699, 0.000000000000000000 ) ) ;
#6105 = ORIENTED_EDGE ( 'NONE', *, *, #3238, .F. ) ;
#6106 = DIRECTION ( 'NONE',  ( 0.000000000000000000, 0.000000000000000000, -1.000000000000000000 ) ) ;
#6107 = CARTESIAN_POINT ( 'NONE',  ( 46.58189872104513540, 72.64000000000000057, -26.48622071973760228 ) ) ;
#6108 = DIRECTION ( 'NONE',  ( -1.000000000000000000, 0.000000000000000000, 0.000000000000000000 ) ) ;
#6109 = ORIENTED_EDGE ( 'NONE', *, *, #9042, .F. ) ;
#6110 = CARTESIAN_POINT ( 'NONE',  ( -50.48689872104515075, 75.48946397805705999, -8.504985928319609201 ) ) ;
#6111 = ORIENTED_EDGE ( 'NONE', *, *, #9666, .T. ) ;
#6112 = AXIS2_PLACEMENT_3D ( 'NONE', #9597, #9547, #10540 ) ;
#6113 = AXIS2_PLACEMENT_3D ( 'NONE', #11649, #10924, #5622 ) ;
#6114 = DIRECTION ( 'NONE',  ( 0.000000000000000000, 1.000000000000000000, 0.000000000000000000 ) ) ;
#6115 = FACE_BOUND ( 'NONE', #3609, .T. ) ;
#6116 = CARTESIAN_POINT ( 'NONE',  ( -50.48689872104515075, 97.40000406513270548, -24.18005742219565946 ) ) ;
#6117 = LINE ( 'NONE', #9704, #10972 ) ;
#6118 = ADVANCED_FACE ( 'NONE', ( #2615 ), #9000, .F. ) ;
#6119 = ORIENTED_EDGE ( 'NONE', *, *, #7389, .T. ) ;
#6120 = DIRECTION ( 'NONE',  ( -0.8191520442890070086, 0.000000000000000000, 0.5735764363510243991 ) ) ;
#6121 = CARTESIAN_POINT ( 'NONE',  ( 32.54999999999999716, 97.82583987928822467, 22.30467496797187010 ) ) ;
#6122 = DIRECTION ( 'NONE',  ( 0.000000000000000000, 0.000000000000000000, -1.000000000000000000 ) ) ;
#6123 = VECTOR ( 'NONE', #1400, 1000.000000000000000 ) ;
#6124 = VERTEX_POINT ( 'NONE', #2565 ) ;
#6125 = APPLICATION_PROTOCOL_DEFINITION ( 'draft international standard', 'automotive_design', 1998, #9160 ) ;
#6126 = VERTEX_POINT ( 'NONE', #6174 ) ;
#6127 = CARTESIAN_POINT ( 'NONE',  ( -50.48689872104515075, 97.40000406513270548, -24.18005742219565946 ) ) ;
#6128 = ORIENTED_EDGE ( 'NONE', *, *, #8646, .F. ) ;
#6129 = VECTOR ( 'NONE', #6460, 1000.000000000000000 ) ;
#6130 = CARTESIAN_POINT ( 'NONE',  ( -31.40689872104514180, 97.50000000000000000, -29.66122071973760299 ) ) ;
#6131 = AXIS2_PLACEMENT_3D ( 'NONE', #10725, #5365, #8899 ) ;
#6132 = AXIS2_PLACEMENT_3D ( 'NONE', #1928, #5543, #8066 ) ;
#6133 = CARTESIAN_POINT ( 'NONE',  ( 33.75500000000002387, 5.099999999999999645, 21.38115427306259875 ) ) ;
#6134 = PLANE ( 'NONE',  #8389 ) ;
#6135 = EDGE_CURVE ( 'NONE', #3370, #4561, #1670, .T. ) ;
#6136 = EDGE_CURVE ( 'NONE', #10730, #9619, #1855, .T. ) ;
#6137 = DIRECTION ( 'NONE',  ( 1.000000000000000000, 0.000000000000000000, -0.000000000000000000 ) ) ;
#6138 = DIRECTION ( 'NONE',  ( 0.000000000000000000, 0.000000000000000000, 1.000000000000000000 ) ) ;
#6139 = LINE ( 'NONE', #2946, #9154 ) ;
#6140 = ORIENTED_EDGE ( 'NONE', *, *, #7434, .F. ) ;
#6141 = AXIS2_PLACEMENT_3D ( 'NONE', #4087, #4197, #4137 ) ;
#6142 = ORIENTED_EDGE ( 'NONE', *, *, #6626, .F. ) ;
#6143 = CIRCLE ( 'NONE', #2186, 2.500000000000000444 ) ;
#6144 = VECTOR ( 'NONE', #10336, 999.9999999999998863 ) ;
#6145 = ORIENTED_EDGE ( 'NONE', *, *, #9936, .T. ) ;
#6146 = CARTESIAN_POINT ( 'NONE',  ( -69.20000000000000284, 5.099999999999999645, 8.821154273062886020 ) ) ;
#6147 = AXIS2_PLACEMENT_3D ( 'NONE', #1322, #9533, #10473 ) ;
#6148 = EDGE_CURVE ( 'NONE', #3088, #1687, #11608, .T. ) ;
#6149 = ADVANCED_FACE ( 'NONE', ( #831 ), #4455, .F. ) ;
#6150 = CARTESIAN_POINT ( 'NONE',  ( 54.81500000380517434, 5.099999999999999645, 19.62115427306273219 ) ) ;
#6151 = VECTOR ( 'NONE', #3424, 1000.000000000000000 ) ;
#6152 = VERTEX_POINT ( 'NONE', #9173 ) ;
#6153 = CARTESIAN_POINT ( 'NONE',  ( -20.50068315390130635, 96.12583987928823603, 21.29350972844751055 ) ) ;
#6154 = CARTESIAN_POINT ( 'NONE',  ( 82.54999999999999716, 6.349999999999997868, 11.10020753820972317 ) ) ;
#6155 = LINE ( 'NONE', #3485, #1623 ) ;
#6156 = CARTESIAN_POINT ( 'NONE',  ( -79.37500000000000000, 90.00000000000000000, 25.39999999999999147 ) ) ;
#6157 = CARTESIAN_POINT ( 'NONE',  ( 32.54999999999999716, 97.82583987928822467, 10.19715292348722890 ) ) ;
#6158 = ORIENTED_EDGE ( 'NONE', *, *, #5009, .F. ) ;
#6159 = ORIENTED_EDGE ( 'NONE', *, *, #9233, .F. ) ;
#6160 = EDGE_LOOP ( 'NONE', ( #11313, #10611, #5318, #6168 ) ) ;
#6161 = ADVANCED_FACE ( 'NONE', ( #5694 ), #2977, .T. ) ;
#6162 = ADVANCED_FACE ( 'NONE', ( #1252 ), #8404, .F. ) ;
#6163 = AXIS2_PLACEMENT_3D ( 'NONE', #11078, #9184, #8179 ) ;
#6164 = CARTESIAN_POINT ( 'NONE',  ( 33.75500000000002387, -27.00000000000000355, -3.738845726937403580 ) ) ;
#6165 = EDGE_CURVE ( 'NONE', #6654, #425, #261, .T. ) ;
#6166 = CARTESIAN_POINT ( 'NONE',  ( -32.55000000000002558, 97.50000000000000000, 22.30467496797187010 ) ) ;
#6167 = FACE_OUTER_BOUND ( 'NONE', #9414, .T. ) ;
#6168 = ORIENTED_EDGE ( 'NONE', *, *, #5786, .F. ) ;
#6169 = FACE_OUTER_BOUND ( 'NONE', #5216, .T. ) ;
#6170 = DIRECTION ( 'NONE',  ( 0.000000000000000000, 0.000000000000000000, -1.000000000000000000 ) ) ;
#6171 = CARTESIAN_POINT ( 'NONE',  ( 79.37500000000000000, 61.63999999999999346, 11.10020753820966277 ) ) ;
#6172 = ORIENTED_EDGE ( 'NONE', *, *, #10549, .T. ) ;
#6173 = DIRECTION ( 'NONE',  ( 1.000000000000000000, -0.000000000000000000, -0.000000000000000000 ) ) ;
#6174 = CARTESIAN_POINT ( 'NONE',  ( 16.75499999999997769, -27.00000000000000355, 7.542308546125212843 ) ) ;
#6175 = DIRECTION ( 'NONE',  ( 1.000000000000000000, 0.000000000000000000, 0.000000000000000000 ) ) ;
#6176 = ORIENTED_EDGE ( 'NONE', *, *, #720, .T. ) ;
#6177 = EDGE_LOOP ( 'NONE', ( #10822, #4090, #2559, #6417 ) ) ;
#6178 = EDGE_CURVE ( 'NONE', #950, #9616, #8342, .T. ) ;
#6179 = LINE ( 'NONE', #9757, #4836 ) ;
#6180 = LINE ( 'NONE', #10710, #7043 ) ;
#6181 = CARTESIAN_POINT ( 'NONE',  ( -77.54999999999999716, 104.8258398792882105, 25.39999999999999858 ) ) ;
#6182 = DIRECTION ( 'NONE',  ( 1.000000000000000000, -2.095951501945184062E-15, -1.091641407263116678E-13 ) ) ;
#6183 = ORIENTED_EDGE ( 'NONE', *, *, #8343, .T. ) ;
#6184 = DIRECTION ( 'NONE',  ( 1.291518732999867493E-16, 0.5283332255394526111, 0.8490371033064914030 ) ) ;
#6185 = LINE ( 'NONE', #1746, #104 ) ;
#6186 = CARTESIAN_POINT ( 'NONE',  ( 82.54999999999999716, -24.50000000000000355, -13.82806147072993674 ) ) ;
#6187 = ORIENTED_EDGE ( 'NONE', *, *, #5532, .F. ) ;
#6188 = ORIENTED_EDGE ( 'NONE', *, *, #7353, .F. ) ;
#6189 = CARTESIAN_POINT ( 'NONE',  ( -50.48689872104515075, 91.54000537782400215, -2.374168628343573673 ) ) ;
#6190 = ORIENTED_EDGE ( 'NONE', *, *, #1935, .T. ) ;
#6191 = CARTESIAN_POINT ( 'NONE',  ( -5.000429496931850792, 119.8299752807307357, -20.03649027154900253 ) ) ;
#6192 = DIRECTION ( 'NONE',  ( -1.753511094850201891E-16, 1.000000000000000000, 0.000000000000000000 ) ) ;
#6193 = CARTESIAN_POINT ( 'NONE',  ( -53.40689872104514535, 95.63999999999417412, -7.959769997217391868 ) ) ;
#6194 = CARTESIAN_POINT ( 'NONE',  ( 50.48689872104515075, 72.67999878751419374, 2.358530551520389817 ) ) ;
#6195 = CARTESIAN_POINT ( 'NONE',  ( -82.54999999999999716, 93.17499999999999716, -36.90129292916564907 ) ) ;
#6196 = CARTESIAN_POINT ( 'NONE',  ( -50.48689872104515075, 95.28999999999417980, -22.77998592831961133 ) ) ;
#6197 = VERTEX_POINT ( 'NONE', #10160 ) ;
#6198 = EDGE_LOOP ( 'NONE', ( #2345, #7695, #708, #5772 ) ) ;
#6199 = ORIENTED_EDGE ( 'NONE', *, *, #4743, .F. ) ;
#6200 = EDGE_CURVE ( 'NONE', #9888, #2255, #4049, .T. ) ;
#6201 = DIRECTION ( 'NONE',  ( 0.000000000000000000, 1.000000000000000000, -0.000000000000000000 ) ) ;
#6202 = LINE ( 'NONE', #3537, #14 ) ;
#6203 = ORIENTED_EDGE ( 'NONE', *, *, #9755, .F. ) ;
#6204 = PLANE ( 'NONE',  #1177 ) ;
#6205 = LINE ( 'NONE', #3363, #3873 ) ;
#6206 = EDGE_LOOP ( 'NONE', ( #10895, #8937, #9506, #4139 ) ) ;
#6207 = CARTESIAN_POINT ( 'NONE',  ( 33.54999999999999716, 97.82583987928822467, 22.30467496797187010 ) ) ;
#6208 = CARTESIAN_POINT ( 'NONE',  ( 72.76808532600743717, 5.099999999999999645, -0.6211324209942632457 ) ) ;
#6209 = ORIENTED_EDGE ( 'NONE', *, *, #7133, .F. ) ;
#6210 = AXIS2_PLACEMENT_3D ( 'NONE', #11064, #10937, #8403 ) ;
#6211 = EDGE_LOOP ( 'NONE', ( #9590, #10926, #5555, #11006, #2933, #6510 ) ) ;
#6212 = ORIENTED_EDGE ( 'NONE', *, *, #8257, .F. ) ;
#6213 = EDGE_CURVE ( 'NONE', #10970, #7401, #11002, .T. ) ;
#6214 = ADVANCED_FACE ( 'NONE', ( #10938 ), #4248, .F. ) ;
#6215 = AXIS2_PLACEMENT_3D ( 'NONE', #4949, #3348, #7784 ) ;
#6216 = DIRECTION ( 'NONE',  ( -0.8191520442889813625, 0.5735764363510610364, 0.000000000000000000 ) ) ;
#6217 = CARTESIAN_POINT ( 'NONE',  ( -50.02648654977334530, 8.274999999999998579, 24.62763407003638960 ) ) ;
#6218 = VERTEX_POINT ( 'NONE', #9285 ) ;
#6219 = DIRECTION ( 'NONE',  ( -1.000000000000000000, 0.000000000000000000, 1.335278419062900361E-16 ) ) ;
#6220 = DIRECTION ( 'NONE',  ( 0.000000000000000000, 0.000000000000000000, 1.000000000000000000 ) ) ;
#6221 = DIRECTION ( 'NONE',  ( 1.000000000000000000, 0.000000000000000000, -5.782411586589358625E-17 ) ) ;
#6222 = ORIENTED_EDGE ( 'NONE', *, *, #4129, .F. ) ;
#6223 = PLANE ( 'NONE',  #1659 ) ;
#6224 = CARTESIAN_POINT ( 'NONE',  ( -73.96808532237744771, 5.099999999999999645, 17.06344096893413820 ) ) ;
#6225 = CARTESIAN_POINT ( 'NONE',  ( 0.000000000000000000, 124.8258398792882247, 0.000000000000000000 ) ) ;
#6226 = VECTOR ( 'NONE', #3670, 1000.000000000000000 ) ;
#6227 = EDGE_LOOP ( 'NONE', ( #5268, #10287, #1, #9646 ) ) ;
#6228 = ORIENTED_EDGE ( 'NONE', *, *, #5424, .T. ) ;
#6229 = EDGE_CURVE ( 'NONE', #7298, #609, #2353, .T. ) ;
#6230 = CIRCLE ( 'NONE', #3585, 1.000000000000000888 ) ;
#6231 = CARTESIAN_POINT ( 'NONE',  ( -79.37500000000001421, 8.275000000000003908, 24.62763407003640381 ) ) ;
#6232 = CARTESIAN_POINT ( 'NONE',  ( -44.06500000000043826, 5.099999999999999645, 8.821154273062886020 ) ) ;
#6233 = DIRECTION ( 'NONE',  ( -1.815972940785026485E-28, 0.000000000000000000, -1.000000000000000000 ) ) ;
#6234 = CARTESIAN_POINT ( 'NONE',  ( -34.87827715505559212, 96.12583987928823603, 20.56135746860334734 ) ) ;
#6235 = ADVANCED_FACE ( 'NONE', ( #3846 ), #5755, .F. ) ;
#6236 = VERTEX_POINT ( 'NONE', #7469 ) ;
#6237 = EDGE_CURVE ( 'NONE', #4970, #7467, #6405, .T. ) ;
#6238 = DIRECTION ( 'NONE',  ( -0.000000000000000000, -1.000000000000000000, 1.365923996832131116E-16 ) ) ;
#6239 = CARTESIAN_POINT ( 'NONE',  ( 82.54999999999999716, 58.93999999999998352, -5.957898992084490253 ) ) ;
#6240 = CARTESIAN_POINT ( 'NONE',  ( 10.60957050301870019, 79.82583987928819624, 17.30072581676351362 ) ) ;
#6241 = EDGE_CURVE ( 'NONE', #1176, #10193, #3291, .T. ) ;
#6242 = EDGE_LOOP ( 'NONE', ( #8868, #5443, #6587, #3960 ) ) ;
#6243 = ORIENTED_EDGE ( 'NONE', *, *, #2553, .F. ) ;
#6244 = ORIENTED_EDGE ( 'NONE', *, *, #2327, .F. ) ;
#6245 = CARTESIAN_POINT ( 'NONE',  ( 50.48689872104515075, 74.78999999999417980, 0.5200140716803901553 ) ) ;
#6246 = VECTOR ( 'NONE', #2614, 1000.000000000000000 ) ;
#6247 = FACE_OUTER_BOUND ( 'NONE', #1520, .T. ) ;
#6248 = DIRECTION ( 'NONE',  ( 1.000000000000000000, -0.000000000000000000, -0.000000000000000000 ) ) ;
#6249 = LINE ( 'NONE', #8965, #9142 ) ;
#6250 = DIRECTION ( 'NONE',  ( 0.000000000000000000, 0.000000000000000000, 1.000000000000000000 ) ) ;
#6251 = ADVANCED_FACE ( 'NONE', ( #319 ), #3910, .F. ) ;
#6252 = FACE_OUTER_BOUND ( 'NONE', #10639, .T. ) ;
#6253 = CARTESIAN_POINT ( 'NONE',  ( 79.37500000000000000, 72.64000000000000057, -29.66122071973759944 ) ) ;
#6254 = AXIS2_PLACEMENT_3D ( 'NONE', #6665, #2282, #11204 ) ;
#6255 = EDGE_LOOP ( 'NONE', ( #5312, #8906, #8946, #10306 ) ) ;
#6256 = ORIENTED_EDGE ( 'NONE', *, *, #4124, .F. ) ;
#6257 = CARTESIAN_POINT ( 'NONE',  ( -77.54999999999999716, 109.8258398792882247, -22.92957932766295670 ) ) ;
#6258 = CONICAL_SURFACE ( 'NONE', #4178, 5.700207538209687286, 0.6108652381979998713 ) ;
#6259 = FACE_OUTER_BOUND ( 'NONE', #11227, .T. ) ;
#6260 = VECTOR ( 'NONE', #1101, 1000.000000000000000 ) ;
#6261 = DIRECTION ( 'NONE',  ( 0.000000000000000000, 0.000000000000000000, -1.000000000000000000 ) ) ;
#6262 = FACE_OUTER_BOUND ( 'NONE', #6060, .T. ) ;
#6263 = CARTESIAN_POINT ( 'NONE',  ( -50.48689872104515075, 95.28999999999417980, 1.670014071680389733 ) ) ;
#6264 = EDGE_LOOP ( 'NONE', ( #9824, #9039, #8845, #8339 ) ) ;
#6265 = DIRECTION ( 'NONE',  ( 0.000000000000000000, 1.000000000000000000, 0.000000000000000000 ) ) ;
#6266 = PLANE ( 'NONE',  #4827 ) ;
#6267 = EDGE_CURVE ( 'NONE', #1749, #6422, #6634, .T. ) ;
#6268 = ORIENTED_EDGE ( 'NONE', *, *, #4918, .T. ) ;
#6269 = CYLINDRICAL_SURFACE ( 'NONE', #1569, 11.39100661779977841 ) ;
#6270 = DIRECTION ( 'NONE',  ( 0.000000000000000000, 0.000000000000000000, -1.000000000000000000 ) ) ;
#6271 = ORIENTED_EDGE ( 'NONE', *, *, #3566, .F. ) ;
#6272 = VERTEX_POINT ( 'NONE', #1976 ) ;
#6273 = CIRCLE ( 'NONE', #6467, 1.149999999999994804 ) ;
#6274 = VECTOR ( 'NONE', #5223, 1000.000000000000000 ) ;
#6275 = ORIENTED_EDGE ( 'NONE', *, *, #8895, .T. ) ;
#6276 = CARTESIAN_POINT ( 'NONE',  ( 50.02648654977334530, 8.274999999999998579, 24.62763407003638960 ) ) ;
#6277 = CARTESIAN_POINT ( 'NONE',  ( 50.02648496882963514, 8.274999999999998579, -6.985329661611394236 ) ) ;
#6278 = AXIS2_PLACEMENT_3D ( 'NONE', #10492, #7905, #3354 ) ;
#6279 = CARTESIAN_POINT ( 'NONE',  ( 77.54999999999999716, 109.8258398792882247, -22.92957932766295670 ) ) ;
#6280 = AXIS2_PLACEMENT_3D ( 'NONE', #6327, #5439, #10025 ) ;
#6281 = VERTEX_POINT ( 'NONE', #5583 ) ;
#6282 = LINE ( 'NONE', #6103, #3998 ) ;
#6283 = CARTESIAN_POINT ( 'NONE',  ( -79.37500000000001421, 6.349999999999999645, 0.000000000000000000 ) ) ;
#6284 = CARTESIAN_POINT ( 'NONE',  ( -43.40689872104513825, 97.50000000000000000, -29.66122071973760299 ) ) ;
#6285 = EDGE_CURVE ( 'NONE', #5220, #10745, #2031, .T. ) ;
#6286 = VECTOR ( 'NONE', #11038, 1000.000000000000227 ) ;
#6287 = ORIENTED_EDGE ( 'NONE', *, *, #9035, .T. ) ;
#6288 = CARTESIAN_POINT ( 'NONE',  ( -8.300429496984971678, 96.12583987928823603, 15.71614540591397358 ) ) ;
#6289 = LINE ( 'NONE', #9050, #8203 ) ;
#6290 = ORIENTED_EDGE ( 'NONE', *, *, #10911, .T. ) ;
#6291 = ORIENTED_EDGE ( 'NONE', *, *, #8173, .T. ) ;
#6292 = VERTEX_POINT ( 'NONE', #6524 ) ;
#6293 = AXIS2_PLACEMENT_3D ( 'NONE', #9650, #9416, #10766 ) ;
#6294 = PLANE ( 'NONE',  #5961 ) ;
#6295 = DIRECTION ( 'NONE',  ( -1.000000000000000000, 0.000000000000000000, 0.000000000000000000 ) ) ;
#6296 = FACE_OUTER_BOUND ( 'NONE', #7085, .T. ) ;
#6297 = CARTESIAN_POINT ( 'NONE',  ( -33.55000000000002558, 98.32583987928822467, 22.30467496797187010 ) ) ;
#6298 = EDGE_CURVE ( 'NONE', #6337, #1159, #11411, .T. ) ;
#6299 = EDGE_CURVE ( 'NONE', #508, #3087, #6032, .T. ) ;
#6300 = CIRCLE ( 'NONE', #78, 11.39100661779977841 ) ;
#6301 = ORIENTED_EDGE ( 'NONE', *, *, #7964, .T. ) ;
#6302 = CYLINDRICAL_SURFACE ( 'NONE', #215, 1.149999999999998135 ) ;
#6303 = DIRECTION ( 'NONE',  ( -0.000000000000000000, 1.000000000000000000, -0.000000000000000000 ) ) ;
#6304 = DIRECTION ( 'NONE',  ( 0.000000000000000000, 1.000000000000000000, 0.000000000000000000 ) ) ;
#6305 = AXIS2_PLACEMENT_3D ( 'NONE', #9418, #3160, #6054 ) ;
#6306 = ORIENTED_EDGE ( 'NONE', *, *, #10902, .F. ) ;
#6307 = ORIENTED_EDGE ( 'NONE', *, *, #4175, .T. ) ;
#6308 = AXIS2_PLACEMENT_3D ( 'NONE', #773, #4570, #1796 ) ;
#6309 = VERTEX_POINT ( 'NONE', #530 ) ;
#6310 = ADVANCED_FACE ( 'NONE', ( #11404 ), #9618, .F. ) ;
#6311 = EDGE_CURVE ( 'NONE', #7672, #5776, #1534, .T. ) ;
#6312 = DIRECTION ( 'NONE',  ( 1.000000000000000000, -0.000000000000000000, -1.335278419062900115E-16 ) ) ;
#6313 = CARTESIAN_POINT ( 'NONE',  ( 33.75500000000002387, -4.758722840904772156, -3.957691453874788490 ) ) ;
#6314 = DIRECTION ( 'NONE',  ( 0.000000000000000000, 0.000000000000000000, -1.000000000000000000 ) ) ;
#6315 = CARTESIAN_POINT ( 'NONE',  ( -61.81289880791658931, 8.274999999999998579, 18.26344096711873277 ) ) ;
#6316 = AXIS2_PLACEMENT_3D ( 'NONE', #8681, #9394, #7804 ) ;
#6317 = EDGE_CURVE ( 'NONE', #11444, #3013, #7278, .T. ) ;
#6318 = LINE ( 'NONE', #3583, #9082 ) ;
#6319 = FACE_OUTER_BOUND ( 'NONE', #4932, .T. ) ;
#6320 = FACE_OUTER_BOUND ( 'NONE', #8515, .T. ) ;
#6321 = ORIENTED_EDGE ( 'NONE', *, *, #1894, .F. ) ;
#6322 = EDGE_LOOP ( 'NONE', ( #10238, #1220, #9784, #1089 ) ) ;
#6323 = AXIS2_PLACEMENT_3D ( 'NONE', #10704, #7990, #2671 ) ;
#6324 = VECTOR ( 'NONE', #1719, 1000.000000000000000 ) ;
#6325 = VECTOR ( 'NONE', #11193, 1000.000000000000000 ) ;
#6326 = DIRECTION ( 'NONE',  ( 0.000000000000000000, -1.000000000000000000, 0.000000000000000000 ) ) ;
#6327 = CARTESIAN_POINT ( 'NONE',  ( 11.25500000000000433, -27.00000000000000355, 7.542308546125213731 ) ) ;
#6328 = CARTESIAN_POINT ( 'NONE',  ( 0.000000000000000000, 6.349999999999999645, 19.39999999999997371 ) ) ;
#6329 = EDGE_LOOP ( 'NONE', ( #774, #5867, #9222, #4421 ) ) ;
#6330 = DIRECTION ( 'NONE',  ( -1.000000000000000000, 0.000000000000000000, 9.732078352470914792E-11 ) ) ;
#6331 = CARTESIAN_POINT ( 'NONE',  ( -69.20000000000000284, 5.100000000000000533, -0.6211324209939360630 ) ) ;
#6332 = LINE ( 'NONE', #5680, #8375 ) ;
#6333 = VECTOR ( 'NONE', #2313, 1000.000000000000000 ) ;
#6334 = ORIENTED_EDGE ( 'NONE', *, *, #1343, .F. ) ;
#6335 = VECTOR ( 'NONE', #4122, 1000.000000000000000 ) ;
#6336 = ORIENTED_EDGE ( 'NONE', *, *, #8816, .F. ) ;
#6337 = VERTEX_POINT ( 'NONE', #10447 ) ;
#6338 = ORIENTED_EDGE ( 'NONE', *, *, #9439, .T. ) ;
#6339 = VECTOR ( 'NONE', #1754, 1000.000000000000000 ) ;
#6340 = AXIS2_PLACEMENT_3D ( 'NONE', #2895, #1955, #10 ) ;
#6341 = DIRECTION ( 'NONE',  ( 0.000000000000000000, 0.000000000000000000, 1.000000000000000000 ) ) ;
#6342 = EDGE_CURVE ( 'NONE', #3057, #4977, #2543, .T. ) ;
#6343 = ORIENTED_EDGE ( 'NONE', *, *, #4551, .F. ) ;
#6344 = CARTESIAN_POINT ( 'NONE',  ( -8.300429496927989703, 99.82583987928822467, -1.816490271607134721 ) ) ;
#6345 = CARTESIAN_POINT ( 'NONE',  ( 96.69213562373100501, 109.8258398792882247, 46.90000000000009095 ) ) ;
#6346 = CARTESIAN_POINT ( 'NONE',  ( 41.54999999999999716, 96.82583987928822467, 22.30467496797187010 ) ) ;
#6347 = ORIENTED_EDGE ( 'NONE', *, *, #1962, .F. ) ;
#6348 = CARTESIAN_POINT ( 'NONE',  ( 81.55000000000001137, 61.63999999999999346, -5.257691453874764775 ) ) ;
#6349 = DIRECTION ( 'NONE',  ( 0.000000000000000000, -1.000000000000000000, 0.000000000000000000 ) ) ;
#6350 = ORIENTED_EDGE ( 'NONE', *, *, #7478, .T. ) ;
#6351 = CIRCLE ( 'NONE', #6540, 1.150000000000003020 ) ;
#6352 = ORIENTED_EDGE ( 'NONE', *, *, #9814, .F. ) ;
#6353 = VECTOR ( 'NONE', #10588, 1000.000000000000000 ) ;
#6354 = ORIENTED_EDGE ( 'NONE', *, *, #10173, .F. ) ;
#6355 = EDGE_CURVE ( 'NONE', #11606, #1066, #6751, .T. ) ;
#6356 = CARTESIAN_POINT ( 'NONE',  ( -5.000429496931850792, 110.8258398792882247, -20.03649027154900253 ) ) ;
#6357 = CARTESIAN_POINT ( 'NONE',  ( 54.81499993151516748, 5.099999999999999645, 15.82115373010225312 ) ) ;
#6358 = VECTOR ( 'NONE', #4983, 1000.000000000000000 ) ;
#6359 = CARTESIAN_POINT ( 'NONE',  ( -13.75499999999998479, -24.89937738537090794, 7.542308546125213731 ) ) ;
#6360 = DIRECTION ( 'NONE',  ( -1.000000000000000000, -0.000000000000000000, -0.000000000000000000 ) ) ;
#6361 = ORIENTED_EDGE ( 'NONE', *, *, #4479, .F. ) ;
#6362 = CARTESIAN_POINT ( 'NONE',  ( -50.02648654977334530, 8.274999999999998579, 20.18114647173673148 ) ) ;
#6363 = DIRECTION ( 'NONE',  ( -1.000000000000000000, 0.000000000000000000, 0.000000000000000000 ) ) ;
#6364 = DIRECTION ( 'NONE',  ( 1.000000000000000000, -0.000000000000000000, -0.000000000000000000 ) ) ;
#6365 = ORIENTED_EDGE ( 'NONE', *, *, #10312, .F. ) ;
#6366 = ORIENTED_EDGE ( 'NONE', *, *, #3051, .F. ) ;
#6367 = ORIENTED_EDGE ( 'NONE', *, *, #9664, .F. ) ;
#6368 = EDGE_CURVE ( 'NONE', #9880, #6682, #7834, .T. ) ;
#6369 = EDGE_CURVE ( 'NONE', #7414, #320, #4912, .T. ) ;
#6370 = DIRECTION ( 'NONE',  ( 0.000000000000000000, 1.000000000000000000, 0.000000000000000000 ) ) ;
#6371 = DIRECTION ( 'NONE',  ( 0.000000000000000000, 0.000000000000000000, 1.000000000000000000 ) ) ;
#6372 = DIRECTION ( 'NONE',  ( 0.000000000000000000, -0.000000000000000000, 1.000000000000000000 ) ) ;
#6373 = DIRECTION ( 'NONE',  ( -0.000000000000000000, -1.000000000000000000, -0.000000000000000000 ) ) ;
#6374 = CARTESIAN_POINT ( 'NONE',  ( -29.00042949692799965, 96.12583987928823603, -2.616490271664665634 ) ) ;
#6375 = EDGE_CURVE ( 'NONE', #9661, #5028, #7577, .T. ) ;
#6376 = DIRECTION ( 'NONE',  ( -0.8191520442890010134, -0.5735764363510329478, 0.000000000000000000 ) ) ;
#6377 = ADVANCED_FACE ( 'NONE', ( #7749 ), #1299, .F. ) ;
#6378 = ORIENTED_EDGE ( 'NONE', *, *, #10182, .T. ) ;
#6379 = ORIENTED_EDGE ( 'NONE', *, *, #9567, .F. ) ;
#6380 = EDGE_CURVE ( 'NONE', #8091, #7737, #2184, .T. ) ;
#6381 = CARTESIAN_POINT ( 'NONE',  ( -76.81501998216512561, 5.099999999999999645, -1.428845727014055988 ) ) ;
#6382 = DIRECTION ( 'NONE',  ( -1.527355698137925406E-16, 0.000000000000000000, -1.000000000000000000 ) ) ;
#6383 = CARTESIAN_POINT ( 'NONE',  ( -43.40689872104513825, 97.50000000000000000, 22.30467496797187010 ) ) ;
#6384 = DIRECTION ( 'NONE',  ( -0.000000000000000000, -1.000000000000000000, -0.000000000000000000 ) ) ;
#6385 = CARTESIAN_POINT ( 'NONE',  ( -30.00042949693185079, 110.8258398792882247, -21.03649027154900253 ) ) ;
#6386 = ORIENTED_EDGE ( 'NONE', *, *, #7174, .T. ) ;
#6387 = FACE_OUTER_BOUND ( 'NONE', #384, .T. ) ;
#6388 = DIRECTION ( 'NONE',  ( 1.000000000000000000, 0.000000000000000000, 1.335278419062900361E-16 ) ) ;
#6389 = EDGE_CURVE ( 'NONE', #2745, #11300, #10275, .T. ) ;
#6390 = ORIENTED_EDGE ( 'NONE', *, *, #7881, .F. ) ;
#6391 = EDGE_CURVE ( 'NONE', #9239, #6873, #8517, .T. ) ;
#6392 = EDGE_CURVE ( 'NONE', #9619, #10619, #9509, .T. ) ;
#6393 = ORIENTED_EDGE ( 'NONE', *, *, #2701, .T. ) ;
#6394 = ORIENTED_EDGE ( 'NONE', *, *, #5715, .T. ) ;
#6395 = ORIENTED_EDGE ( 'NONE', *, *, #2674, .F. ) ;
#6396 = DIRECTION ( 'NONE',  ( -1.000000000000000000, -0.000000000000000000, -0.000000000000000000 ) ) ;
#6397 =( BOUNDED_SURFACE ( )  B_SPLINE_SURFACE ( 3, 2, ( 
 ( #6418, #6651, #6542 ),
 ( #10175, #3746, #10239 ),
 ( #4645, #7363, #3924 ),
 ( #2990, #1990, #4751 ) ),
 .UNSPECIFIED., .F., .F., .T. ) 
 B_SPLINE_SURFACE_WITH_KNOTS ( ( 4, 4 ),
 ( 3, 3 ),
 ( 0.01214628849625268119, 0.01313556158062854570 ),
 ( 0.000000000000000000, 1.000000000000000000 ),
 .UNSPECIFIED. ) 
 GEOMETRIC_REPRESENTATION_ITEM ( )  RATIONAL_B_SPLINE_SURFACE ( (
 ( 1.000000000000000000, 0.7210306795423045978, 1.000000000000000000),
 ( 1.000000000000000000, 0.7163428999798906460, 1.000000000000000000),
 ( 1.000000000000000000, 0.7117011534221893143, 1.000000000000000000),
 ( 1.000000000000000000, 0.7071067811865463515, 1.000000000000000000) ) ) 
 REPRESENTATION_ITEM ( '' )  SURFACE ( )  );
#6398 = CARTESIAN_POINT ( 'NONE',  ( -50.48689872104515075, 94.56476577691782381, -21.83805926787198715 ) ) ;
#6399 = ORIENTED_EDGE ( 'NONE', *, *, #5657, .T. ) ;
#6400 = FACE_OUTER_BOUND ( 'NONE', #9564, .T. ) ;
#6401 = LINE ( 'NONE', #5579, #11414 ) ;
#6402 = CARTESIAN_POINT ( 'NONE',  ( -5.000429496931850792, 109.8258398792882247, 11.89999999999998614 ) ) ;
#6403 = ORIENTED_EDGE ( 'NONE', *, *, #1288, .F. ) ;
#6404 = PLANE ( 'NONE',  #8079 ) ;
#6405 = LINE ( 'NONE', #9987, #7646 ) ;
#6406 = VERTEX_POINT ( 'NONE', #11239 ) ;
#6407 = ORIENTED_EDGE ( 'NONE', *, *, #11424, .T. ) ;
#6408 = FACE_OUTER_BOUND ( 'NONE', #10888, .T. ) ;
#6409 = AXIS2_PLACEMENT_3D ( 'NONE', #6639, #2219, #10228 ) ;
#6410 = ORIENTED_EDGE ( 'NONE', *, *, #2685, .F. ) ;
#6411 = DIRECTION ( 'NONE',  ( -0.000000000000000000, -1.000000000000000000, -0.000000000000000000 ) ) ;
#6412 = PLANE ( 'NONE',  #8028 ) ;
#6413 = CARTESIAN_POINT ( 'NONE',  ( 4.999570503068137661, 110.8258398792882247, -21.03649027154900608 ) ) ;
#6414 = AXIS2_PLACEMENT_3D ( 'NONE', #10382, #6918, #2358 ) ;
#6415 = CARTESIAN_POINT ( 'NONE',  ( 61.81289880791658931, 5.099999999999999645, 18.26344096711873277 ) ) ;
#6416 = DIRECTION ( 'NONE',  ( -0.8481145238789871144, 0.000000000000000000, -0.5298129428255965445 ) ) ;
#6417 = ORIENTED_EDGE ( 'NONE', *, *, #4059, .T. ) ;
#6418 = CARTESIAN_POINT ( 'NONE',  ( -5.000429496931850792, 119.8299752807307357, -20.03649027154900963 ) ) ;
#6419 = CARTESIAN_POINT ( 'NONE',  ( -79.37500000000000000, 90.00000000000000000, 25.39999999999999147 ) ) ;
#6420 = DIRECTION ( 'NONE',  ( 0.000000000000000000, -1.000000000000000000, 1.365923996832131116E-16 ) ) ;
#6421 = EDGE_CURVE ( 'NONE', #898, #7676, #3143, .T. ) ;
#6422 = VERTEX_POINT ( 'NONE', #8684 ) ;
#6423 = ORIENTED_EDGE ( 'NONE', *, *, #5434, .F. ) ;
#6424 = ORIENTED_EDGE ( 'NONE', *, *, #6010, .T. ) ;
#6425 = VECTOR ( 'NONE', #9557, 999.9999999999998863 ) ;
#6426 = ORIENTED_EDGE ( 'NONE', *, *, #3952, .T. ) ;
#6427 = CARTESIAN_POINT ( 'NONE',  ( -28.27338749131105899, 96.12583987928823603, 19.01729097703719518 ) ) ;
#6428 = CARTESIAN_POINT ( 'NONE',  ( 50.48689872104515075, 72.67997248461419701, -24.29018084517760911 ) ) ;
#6429 = DIRECTION ( 'NONE',  ( 0.9999999999984094945, 0.000000000000000000, -1.783514045278184224E-06 ) ) ;
#6430 = CARTESIAN_POINT ( 'NONE',  ( -5.000429496931850792, 119.8299752807307357, -20.03649027154900253 ) ) ;
#6431 = CARTESIAN_POINT ( 'NONE',  ( 32.54999999999999716, 96.82583987928822467, 22.30467496797187010 ) ) ;
#6432 = VECTOR ( 'NONE', #929, 1000.000000000000000 ) ;
#6433 = ADVANCED_FACE ( 'NONE', ( #9449, #1357 ), #8572, .T. ) ;
#6434 = DIRECTION ( 'NONE',  ( 0.000000000000000000, 0.000000000000000000, -1.000000000000000000 ) ) ;
#6435 = ORIENTED_EDGE ( 'NONE', *, *, #1233, .T. ) ;
#6436 = ORIENTED_EDGE ( 'NONE', *, *, #3051, .T. ) ;
#6437 = VECTOR ( 'NONE', #440, 1000.000000000000000 ) ;
#6438 = CARTESIAN_POINT ( 'NONE',  ( -31.00042949693185435, 110.8258398792882247, 11.89999999999998614 ) ) ;
#6439 = LINE ( 'NONE', #2717, #8161 ) ;
#6440 = CARTESIAN_POINT ( 'NONE',  ( -33.75499999999998124, 10.00000000000000000, 21.38115427306259875 ) ) ;
#6441 = DIRECTION ( 'NONE',  ( -1.000000000000000000, 0.000000000000000000, 0.000000000000000000 ) ) ;
#6442 = DIRECTION ( 'NONE',  ( -2.453477175991254114E-15, 0.7071063548969744872, -0.7071072074758635306 ) ) ;
#6443 = CARTESIAN_POINT ( 'NONE',  ( -29.00042949692799965, 96.12583987928823603, -1.016490271664987288 ) ) ;
#6444 = EDGE_CURVE ( 'NONE', #1885, #1673, #11292, .T. ) ;
#6445 = CARTESIAN_POINT ( 'NONE',  ( 53.40689872104514535, 95.63999999999417412, -2.374168628343574561 ) ) ;
#6446 = ORIENTED_EDGE ( 'NONE', *, *, #6482, .F. ) ;
#6447 = ORIENTED_EDGE ( 'NONE', *, *, #1901, .T. ) ;
#6448 = ORIENTED_EDGE ( 'NONE', *, *, #11547, .T. ) ;
#6449 = AXIS2_PLACEMENT_3D ( 'NONE', #9722, #3409, #6843 ) ;
#6450 = CIRCLE ( 'NONE', #10203, 5.000000000000000000 ) ;
#6451 = EDGE_CURVE ( 'NONE', #7541, #9819, #7458, .T. ) ;
#6452 = EDGE_CURVE ( 'NONE', #986, #5964, #2602, .T. ) ;
#6453 = CARTESIAN_POINT ( 'NONE',  ( 50.48689872104515075, 74.43999999999417128, -7.959769997217391868 ) ) ;
#6454 = VERTEX_POINT ( 'NONE', #8920 ) ;
#6455 = CARTESIAN_POINT ( 'NONE',  ( -25.00042949693185079, 119.8258398792882105, 0.000000000000000000 ) ) ;
#6456 = DIRECTION ( 'NONE',  ( -1.000000000000000000, 0.000000000000000000, 1.091641407263116552E-13 ) ) ;
#6457 = ORIENTED_EDGE ( 'NONE', *, *, #4496, .F. ) ;
#6458 = DIRECTION ( 'NONE',  ( -1.000000000000000000, 0.000000000000000000, 0.000000000000000000 ) ) ;
#6459 = AXIS2_PLACEMENT_3D ( 'NONE', #2687, #7942, #7062 ) ;
#6460 = DIRECTION ( 'NONE',  ( 0.000000000000000000, 1.000000000000000000, 0.000000000000000000 ) ) ;
#6461 = ORIENTED_EDGE ( 'NONE', *, *, #9175, .F. ) ;
#6462 = VECTOR ( 'NONE', #6238, 1000.000000000000000 ) ;
#6463 = ORIENTED_EDGE ( 'NONE', *, *, #8290, .F. ) ;
#6464 = CARTESIAN_POINT ( 'NONE',  ( 33.54999999999999716, 97.82583987928822467, 22.30467496797187010 ) ) ;
#6465 = VERTEX_POINT ( 'NONE', #10689 ) ;
#6466 = LINE ( 'NONE', #2920, #10454 ) ;
#6467 = AXIS2_PLACEMENT_3D ( 'NONE', #10042, #11060, #2792 ) ;
#6468 = VECTOR ( 'NONE', #4559, 1000.000000000000000 ) ;
#6469 = CARTESIAN_POINT ( 'NONE',  ( 69.20000000000776197, 8.275000000000279243, -3.957691453874791154 ) ) ;
#6470 = CARTESIAN_POINT ( 'NONE',  ( 43.40689872104513825, 97.50000000000000000, 22.30467496797187010 ) ) ;
#6471 = VECTOR ( 'NONE', #1704, 1000.000000000000000 ) ;
#6472 = DIRECTION ( 'NONE',  ( -0.000000000000000000, -0.000000000000000000, -1.000000000000000000 ) ) ;
#6473 = CYLINDRICAL_SURFACE ( 'NONE', #11056, 1.200000000000003730 ) ;
#6474 = DIRECTION ( 'NONE',  ( 1.000000000000000000, 0.000000000000000000, 0.000000000000000000 ) ) ;
#6475 = VERTEX_POINT ( 'NONE', #7040 ) ;
#6476 = DIRECTION ( 'NONE',  ( 1.000000000000000000, -0.000000000000000000, 1.335278419062900115E-16 ) ) ;
#6477 = CARTESIAN_POINT ( 'NONE',  ( -41.55000000000002558, 98.32583987928822467, 22.30467496797187010 ) ) ;
#6478 = DIRECTION ( 'NONE',  ( 0.000000000000000000, 0.000000000000000000, 1.000000000000000000 ) ) ;
#6479 = ORIENTED_EDGE ( 'NONE', *, *, #4891, .F. ) ;
#6480 = VERTEX_POINT ( 'NONE', #3366 ) ;
#6481 = DIRECTION ( 'NONE',  ( 0.000000000000000000, 0.000000000000000000, -1.000000000000000000 ) ) ;
#6482 = EDGE_CURVE ( 'NONE', #553, #3649, #5263, .T. ) ;
#6483 = PLANE ( 'NONE',  #6902 ) ;
#6484 = CARTESIAN_POINT ( 'NONE',  ( 11.25500000000000433, 6.349999999999999645, 7.542308546125213731 ) ) ;
#6485 = DIRECTION ( 'NONE',  ( 0.000000000000000000, 1.000000000000000000, 0.000000000000000000 ) ) ;
#6486 = CARTESIAN_POINT ( 'NONE',  ( 67.12499999999998579, 99.82583987928822467, 42.90000000000004121 ) ) ;
#6487 = AXIS2_PLACEMENT_3D ( 'NONE', #4828, #4759, #4883 ) ;
#6488 = LINE ( 'NONE', #7263, #2658 ) ;
#6489 = CARTESIAN_POINT ( 'NONE',  ( -61.59000000000065711, 5.099999999999999645, 18.12419718570802019 ) ) ;
#6490 = EDGE_LOOP ( 'NONE', ( #7120, #3132, #8301, #3412 ) ) ;
#6491 = ORIENTED_EDGE ( 'NONE', *, *, #5997, .T. ) ;
#6492 = VECTOR ( 'NONE', #11089, 1000.000000000000000 ) ;
#6493 = EDGE_CURVE ( 'NONE', #10745, #6475, #11033, .T. ) ;
#6494 = VECTOR ( 'NONE', #11236, 1000.000000000000000 ) ;
#6495 = ADVANCED_FACE ( 'NONE', ( #7868 ), #7098, .F. ) ;
#6496 = DIRECTION ( 'NONE',  ( 0.5298129428255966555, -0.000000000000000000, 0.8481145238789872254 ) ) ;
#6497 = DIRECTION ( 'NONE',  ( 0.8191520442889943521, -0.5735764363510422736, 0.000000000000000000 ) ) ;
#6498 = DIRECTION ( 'NONE',  ( -0.000000000000000000, -1.000000000000000000, -0.000000000000000000 ) ) ;
#6499 = DIRECTION ( 'NONE',  ( 0.000000000000000000, -0.000000000000000000, -1.000000000000000000 ) ) ;
#6500 = CARTESIAN_POINT ( 'NONE',  ( 32.54999999999999716, 93.00000000000000000, 22.30467496797187010 ) ) ;
#6501 = FACE_OUTER_BOUND ( 'NONE', #6968, .T. ) ;
#6502 = DIRECTION ( 'NONE',  ( 0.000000000000000000, 1.000000000000000000, -0.000000000000000000 ) ) ;
#6503 =( NAMED_UNIT ( * ) SI_UNIT ( $, .STERADIAN. ) SOLID_ANGLE_UNIT ( ) );
#6504 = ORIENTED_EDGE ( 'NONE', *, *, #3901, .T. ) ;
#6505 = DIRECTION ( 'NONE',  ( -0.000000000000000000, -0.000000000000000000, -1.000000000000000000 ) ) ;
#6506 = EDGE_LOOP ( 'NONE', ( #2235, #10933, #3379, #305 ) ) ;
#6507 = AXIS2_PLACEMENT_3D ( 'NONE', #7126, #11677, #8065 ) ;
#6508 = ORIENTED_EDGE ( 'NONE', *, *, #2989, .T. ) ;
#6509 = AXIS2_PLACEMENT_3D ( 'NONE', #1824, #6372, #9954 ) ;
#6510 = ORIENTED_EDGE ( 'NONE', *, *, #1508, .F. ) ;
#6511 = EDGE_CURVE ( 'NONE', #8531, #9901, #9676, .T. ) ;
#6512 = ADVANCED_FACE ( 'NONE', ( #1653 ), #8804, .F. ) ;
#6513 = CARTESIAN_POINT ( 'NONE',  ( -5.997602265674932376, 119.8258398792882105, -15.01161596500278428 ) ) ;
#6514 = AXIS2_PLACEMENT_3D ( 'NONE', #220, #6549, #7544 ) ;
#6515 = CARTESIAN_POINT ( 'NONE',  ( 24.99957050306814210, 124.8258398792882247, 4.963509728450989478 ) ) ;
#6516 = VECTOR ( 'NONE', #10092, 1000.000000000000000 ) ;
#6517 = CIRCLE ( 'NONE', #292, 1.149999999999998135 ) ;
#6518 = ORIENTED_EDGE ( 'NONE', *, *, #10550, .T. ) ;
#6519 = PLANE ( 'NONE',  #981 ) ;
#6520 = CYLINDRICAL_SURFACE ( 'NONE', #10081, 5.000000000000000888 ) ;
#6521 = DIRECTION ( 'NONE',  ( 0.000000000000000000, 0.000000000000000000, -1.000000000000000000 ) ) ;
#6522 = ORIENTED_EDGE ( 'NONE', *, *, #10266, .F. ) ;
#6523 = PLANE ( 'NONE',  #1667 ) ;
#6524 = CARTESIAN_POINT ( 'NONE',  ( 33.75500000000002387, -27.00000000000000355, 21.38115427306259875 ) ) ;
#6525 = ORIENTED_EDGE ( 'NONE', *, *, #8986, .T. ) ;
#6526 = ADVANCED_FACE ( 'NONE', ( #5211 ), #8090, .T. ) ;
#6527 = VERTEX_POINT ( 'NONE', #882 ) ;
#6528 = DIRECTION ( 'NONE',  ( 1.593062912007103154E-16, -1.000000000000000000, 0.000000000000000000 ) ) ;
#6529 = EDGE_CURVE ( 'NONE', #2711, #2897, #6977, .T. ) ;
#6530 = FACE_OUTER_BOUND ( 'NONE', #11080, .T. ) ;
#6531 = ORIENTED_EDGE ( 'NONE', *, *, #3979, .F. ) ;
#6532 = VECTOR ( 'NONE', #8364, 1000.000000000000000 ) ;
#6533 = VECTOR ( 'NONE', #5369, 1000.000000000000000 ) ;
#6534 = EDGE_CURVE ( 'NONE', #1532, #10855, #9738, .T. ) ;
#6535 = CARTESIAN_POINT ( 'NONE',  ( 50.48689872104515075, 95.28999999999417980, -22.77998592831961133 ) ) ;
#6536 = CARTESIAN_POINT ( 'NONE',  ( -43.40689872104513825, 90.00000000000000000, -29.66122071973760299 ) ) ;
#6537 = LINE ( 'NONE', #9004, #5839 ) ;
#6538 = CARTESIAN_POINT ( 'NONE',  ( -50.48689872104515075, 97.40000406513269127, 2.358535216981981542 ) ) ;
#6539 = LINE ( 'NONE', #8296, #5897 ) ;
#6540 = AXIS2_PLACEMENT_3D ( 'NONE', #6589, #1197, #2862 ) ;
#6541 = ORIENTED_EDGE ( 'NONE', *, *, #11431, .F. ) ;
#6542 = CARTESIAN_POINT ( 'NONE',  ( -5.042792600556147420, 124.8258398792882247, -15.23534267996138425 ) ) ;
#6543 = PLANE ( 'NONE',  #5570 ) ;
#6544 = AXIS2_PLACEMENT_3D ( 'NONE', #1862, #7061, #10770 ) ;
#6545 = ORIENTED_EDGE ( 'NONE', *, *, #2606, .T. ) ;
#6546 = ADVANCED_FACE ( 'NONE', ( #8985 ), #7918, .F. ) ;
#6547 = VERTEX_POINT ( 'NONE', #11653 ) ;
#6548 = AXIS2_PLACEMENT_3D ( 'NONE', #7807, #9617, #1298 ) ;
#6549 = DIRECTION ( 'NONE',  ( -1.335278419062900361E-16, -3.354869254291018419E-16, 1.000000000000000000 ) ) ;
#6550 = AXIS2_PLACEMENT_3D ( 'NONE', #4149, #3096, #6704 ) ;
#6551 = CARTESIAN_POINT ( 'NONE',  ( 50.48689872104515075, 95.63999999999417412, -7.959769997217391868 ) ) ;
#6552 = LINE ( 'NONE', #393, #453 ) ;
#6553 = CARTESIAN_POINT ( 'NONE',  ( 5.444453811382221176, 124.6975286209352021, -20.03580878106256336 ) ) ;
#6554 = CARTESIAN_POINT ( 'NONE',  ( -29.00042949692799965, 99.82583987928822467, -1.816490271664826572 ) ) ;
#6555 = CARTESIAN_POINT ( 'NONE',  ( -35.61042949693185733, 97.50000000000000000, -1.926685223531127367 ) ) ;
#6556 = CARTESIAN_POINT ( 'NONE',  ( 80.37500000000000000, 53.93999999999999062, -0.2576914538747649974 ) ) ;
#6557 = ORIENTED_EDGE ( 'NONE', *, *, #5951, .F. ) ;
#6558 = CARTESIAN_POINT ( 'NONE',  ( 82.54999999999999716, 58.93999999999998352, 11.10020753820971251 ) ) ;
#6559 = ORIENTED_EDGE ( 'NONE', *, *, #6713, .F. ) ;
#6560 = CARTESIAN_POINT ( 'NONE',  ( -61.59000000000065711, 8.274999999999998579, 18.12419718570802019 ) ) ;
#6561 = CARTESIAN_POINT ( 'NONE',  ( -80.05575337630010324, 109.1649978707007591, 44.06957899570659976 ) ) ;
#6562 = CARTESIAN_POINT ( 'NONE',  ( -5.000429496931850792, 109.8258398792882247, 4.963509728450992142 ) ) ;
#6563 = CARTESIAN_POINT ( 'NONE',  ( -3.333762830265185162, 119.8510169627761712, -20.03649027154900253 ) ) ;
#6564 = CARTESIAN_POINT ( 'NONE',  ( 0.8552467405649410992, 124.1930822837735064, 36.89999999999998437 ) ) ;
#6565 = DIRECTION ( 'NONE',  ( -1.000000000000000000, 0.000000000000000000, 0.000000000000000000 ) ) ;
#6566 = DIRECTION ( 'NONE',  ( 0.000000000000000000, 0.000000000000000000, 1.000000000000000000 ) ) ;
#6567 = CYLINDRICAL_SURFACE ( 'NONE', #8579, 1.150000000000003020 ) ;
#6568 = ORIENTED_EDGE ( 'NONE', *, *, #10052, .F. ) ;
#6569 = ADVANCED_FACE ( 'NONE', ( #7156 ), #2653, .T. ) ;
#6570 = ORIENTED_EDGE ( 'NONE', *, *, #6924, .F. ) ;
#6571 = EDGE_LOOP ( 'NONE', ( #1483, #2937, #4165, #8272 ) ) ;
#6572 = DIRECTION ( 'NONE',  ( -0.000000000000000000, -1.000000000000000000, -0.000000000000000000 ) ) ;
#6573 = CARTESIAN_POINT ( 'NONE',  ( -42.55000000000002558, 91.50000000000000000, 10.19715292348722890 ) ) ;
#6574 = ORIENTED_EDGE ( 'NONE', *, *, #11067, .F. ) ;
#6575 = PLANE ( 'NONE',  #2495 ) ;
#6576 = LINE ( 'NONE', #10043, #4821 ) ;
#6577 = LINE ( 'NONE', #4624, #10223 ) ;
#6578 = ORIENTED_EDGE ( 'NONE', *, *, #3928, .T. ) ;
#6579 = FACE_OUTER_BOUND ( 'NONE', #9552, .T. ) ;
#6580 = DIRECTION ( 'NONE',  ( 1.000000000000000000, -0.000000000000000000, -5.782411586589358625E-17 ) ) ;
#6581 = VERTEX_POINT ( 'NONE', #5388 ) ;
#6582 = ADVANCED_FACE ( 'NONE', ( #1597, #4491, #622 ), #6727, .F. ) ;
#6583 = EDGE_CURVE ( 'NONE', #5003, #7736, #11452, .T. ) ;
#6584 = ORIENTED_EDGE ( 'NONE', *, *, #502, .F. ) ;
#6585 = DIRECTION ( 'NONE',  ( -1.000000000000000000, -1.593062912007103154E-16, -1.228232725407420811E-32 ) ) ;
#6586 = DIRECTION ( 'NONE',  ( -0.9999999999984094945, 0.000000000000000000, 1.783514045278184224E-06 ) ) ;
#6587 = ORIENTED_EDGE ( 'NONE', *, *, #6007, .F. ) ;
#6588 = LINE ( 'NONE', #3622, #4221 ) ;
#6589 = CARTESIAN_POINT ( 'NONE',  ( -76.81501998216512561, 5.099999999999999645, -1.428845727014055988 ) ) ;
#6590 = LINE ( 'NONE', #2866, #5602 ) ;
#6591 = CARTESIAN_POINT ( 'NONE',  ( 4.999570503068142990, 124.8258398792882247, 36.89999999999999147 ) ) ;
#6592 = ORIENTED_EDGE ( 'NONE', *, *, #4891, .T. ) ;
#6593 = LINE ( 'NONE', #5541, #2100 ) ;
#6594 = LINE ( 'NONE', #9300, #7267 ) ;
#6595 = EDGE_CURVE ( 'NONE', #7737, #10644, #5123, .T. ) ;
#6596 = ORIENTED_EDGE ( 'NONE', *, *, #11266, .F. ) ;
#6597 = ORIENTED_EDGE ( 'NONE', *, *, #9303, .F. ) ;
#6598 = AXIS2_PLACEMENT_3D ( 'NONE', #5241, #1567, #8836 ) ;
#6600 = ADVANCED_FACE ( 'NONE', ( #6905 ), #5843, .F. ) ;
#6599 = CARTESIAN_POINT ( 'NONE',  ( -54.81499993151516748, 8.274999999999998579, 15.82115373010225312 ) ) ;
#6601 = EDGE_CURVE ( 'NONE', #2786, #11106, #4066, .T. ) ;
#6602 = ADVANCED_FACE ( 'NONE', ( #7679, #11270 ), #3349, .F. ) ;
#6603 = CARTESIAN_POINT ( 'NONE',  ( -50.02648318102892233, 8.274999999999998579, 18.52763407003732254 ) ) ;
#6604 = CARTESIAN_POINT ( 'NONE',  ( -43.40689872104514535, 74.78999999999417980, 1.670014071680389289 ) ) ;
#6605 = EDGE_LOOP ( 'NONE', ( #4282, #4742 ) ) ;
#6606 = FACE_OUTER_BOUND ( 'NONE', #6571, .T. ) ;
#6607 = CARTESIAN_POINT ( 'NONE',  ( -72.76808532600743717, 5.099999999999999645, -0.6211324209942660213 ) ) ;
#6608 = VECTOR ( 'NONE', #8275, 1000.000000000000000 ) ;
#6609 = ORIENTED_EDGE ( 'NONE', *, *, #5715, .F. ) ;
#6610 = ORIENTED_EDGE ( 'NONE', *, *, #175, .F. ) ;
#6611 = DIRECTION ( 'NONE',  ( 2.244742081187875711E-15, 1.000000000000000000, -0.000000000000000000 ) ) ;
#6612 = CIRCLE ( 'NONE', #7180, 5.700207538209718372 ) ;
#6613 = CARTESIAN_POINT ( 'NONE',  ( -82.04416480396550071, 105.9337178930332044, 44.11575602749049807 ) ) ;
#6614 = CYLINDRICAL_SURFACE ( 'NONE', #3045, 0.7999800169725922450 ) ;
#6615 = LINE ( 'NONE', #5678, #8496 ) ;
#6616 = CYLINDRICAL_SURFACE ( 'NONE', #6089, 1.149999999999998135 ) ;
#6617 = FACE_OUTER_BOUND ( 'NONE', #7128, .T. ) ;
#6618 = CARTESIAN_POINT ( 'NONE',  ( 50.48689872104515075, 95.10731456396575823, 3.358535111626433700 ) ) ;
#6619 = ORIENTED_EDGE ( 'NONE', *, *, #3603, .F. ) ;
#6620 = CARTESIAN_POINT ( 'NONE',  ( 82.54999999999999716, 61.63999999999999346, -0.2576914538747651640 ) ) ;
#6621 = ORIENTED_EDGE ( 'NONE', *, *, #5798, .F. ) ;
#6622 = VECTOR ( 'NONE', #7424, 1000.000000000000000 ) ;
#6623 = ORIENTED_EDGE ( 'NONE', *, *, #791, .F. ) ;
#6624 = ORIENTED_EDGE ( 'NONE', *, *, #11657, .T. ) ;
#6625 = DIRECTION ( 'NONE',  ( 0.000000000000000000, 0.000000000000000000, -1.000000000000000000 ) ) ;
#6626 = EDGE_CURVE ( 'NONE', #8100, #5028, #10424, .T. ) ;
#6627 = DIRECTION ( 'NONE',  ( -1.000000000000000000, 0.000000000000000000, 0.000000000000000000 ) ) ;
#6628 = VERTEX_POINT ( 'NONE', #5481 ) ;
#6629 = DIRECTION ( 'NONE',  ( 1.000000000000000000, -1.593062912007103154E-16, -1.228232725407420811E-32 ) ) ;
#6630 = DIRECTION ( 'NONE',  ( -0.000000000000000000, 7.709882115452476934E-17, -1.000000000000000000 ) ) ;
#6631 = DIRECTION ( 'NONE',  ( 0.000000000000000000, 0.000000000000000000, 1.000000000000000000 ) ) ;
#6632 = ORIENTED_EDGE ( 'NONE', *, *, #1829, .F. ) ;
#6633 = PLANE ( 'NONE',  #10183 ) ;
#6634 = LINE ( 'NONE', #1016, #6129 ) ;
#6635 = ORIENTED_EDGE ( 'NONE', *, *, #4409, .F. ) ;
#6636 = VERTEX_POINT ( 'NONE', #9070 ) ;
#6637 = CARTESIAN_POINT ( 'NONE',  ( 74.43750000000000000, 82.35514882866895903, -32.75769145387477010 ) ) ;
#6638 = VECTOR ( 'NONE', #11456, 1000.000000000000000 ) ;
#6639 = CARTESIAN_POINT ( 'NONE',  ( -81.84979246179028678, 61.63999999999999346, -0.2576914538747651640 ) ) ;
#6640 = VERTEX_POINT ( 'NONE', #4350 ) ;
#6641 = CARTESIAN_POINT ( 'NONE',  ( 173.3018692371333032, 18.85000000000000497, -37.08269145387476584 ) ) ;
#6642 = EDGE_CURVE ( 'NONE', #869, #2435, #10722, .T. ) ;
#6643 = EDGE_CURVE ( 'NONE', #10290, #898, #8070, .T. ) ;
#6644 = CARTESIAN_POINT ( 'NONE',  ( 4.999570503068137661, 119.8299752807307357, -15.03649027154900431 ) ) ;
#6645 = DIRECTION ( 'NONE',  ( -1.000000000000000000, 0.000000000000000000, 1.527355698137925406E-16 ) ) ;
#6646 = CIRCLE ( 'NONE', #4560, 1.150000000000001688 ) ;
#6647 = VECTOR ( 'NONE', #3756, 1000.000000000000000 ) ;
#6648 = LINE ( 'NONE', #5538, #6724 ) ;
#6649 = LINE ( 'NONE', #8356, #5128 ) ;
#6650 = ORIENTED_EDGE ( 'NONE', *, *, #650, .F. ) ;
#6651 = CARTESIAN_POINT ( 'NONE',  ( -5.041172241961261236, 124.6347516102852779, -20.03649027154900608 ) ) ;
#6652 = CARTESIAN_POINT ( 'NONE',  ( -81.84979246179028678, 66.63999999999998636, -0.2576914538747651640 ) ) ;
#6653 = ORIENTED_EDGE ( 'NONE', *, *, #4376, .F. ) ;
#6654 = VERTEX_POINT ( 'NONE', #859 ) ;
#6655 = AXIS2_PLACEMENT_3D ( 'NONE', #5043, #10134, #1484 ) ;
#6656 = VECTOR ( 'NONE', #4984, 1000.000000000000000 ) ;
#6657 = EDGE_CURVE ( 'NONE', #4520, #5776, #10089, .T. ) ;
#6658 = EDGE_CURVE ( 'NONE', #8151, #11300, #977, .T. ) ;
#6659 = LINE ( 'NONE', #8193, #10291 ) ;
#6660 = DIRECTION ( 'NONE',  ( -0.000000000000000000, -0.5735764363510444941, 0.8191520442889929088 ) ) ;
#6661 = DIRECTION ( 'NONE',  ( 0.000000000000000000, 0.000000000000000000, -1.000000000000000000 ) ) ;
#6662 = CIRCLE ( 'NONE', #3812, 5.999999999999953815 ) ;
#6663 = VERTEX_POINT ( 'NONE', #2523 ) ;
#6664 = VECTOR ( 'NONE', #9288, 1000.000000000000000 ) ;
#6665 = CARTESIAN_POINT ( 'NONE',  ( 50.48689872104515075, 74.78999999999417980, 0.5200140716803901553 ) ) ;
#6666 = VECTOR ( 'NONE', #672, 1000.000000000000000 ) ;
#6667 = ORIENTED_EDGE ( 'NONE', *, *, #7662, .T. ) ;
#6668 = EDGE_CURVE ( 'NONE', #1293, #7884, #5427, .T. ) ;
#6669 = PRODUCT_DEFINITION_SHAPE ( 'NONE', 'NONE',  #11289 ) ;
#6670 = ADVANCED_FACE ( 'NONE', ( #6247 ), #8130, .T. ) ;
#6671 = VERTEX_POINT ( 'NONE', #6130 ) ;
#6672 = ADVANCED_FACE ( 'NONE', ( #8960 ), #4474, .T. ) ;
#6673 = CIRCLE ( 'NONE', #10806, 5.000000000000000000 ) ;
#6674 = CARTESIAN_POINT ( 'NONE',  ( -74.43749999996866507, -4.758722840905002194, -40.25769145387477721 ) ) ;
#6675 = CARTESIAN_POINT ( 'NONE',  ( -81.30193431726840458, 108.2644307485533375, 45.33859086926649695 ) ) ;
#6676 = DIRECTION ( 'NONE',  ( 0.000000000000000000, 0.000000000000000000, -1.000000000000000000 ) ) ;
#6677 = CARTESIAN_POINT ( 'NONE',  ( -7.360594334363413260, 110.3527707763611971, 36.89999999999998437 ) ) ;
#6678 = CARTESIAN_POINT ( 'NONE',  ( 82.54999999999999716, 53.23979246179025893, -0.2576914538747649974 ) ) ;
#6679 = FACE_OUTER_BOUND ( 'NONE', #6206, .T. ) ;
#6680 = VERTEX_POINT ( 'NONE', #7193 ) ;
#6681 = VECTOR ( 'NONE', #3707, 1000.000000000000000 ) ;
#6682 = VERTEX_POINT ( 'NONE', #4591 ) ;
#6683 = ADVANCED_FACE ( 'NONE', ( #10846 ), #2700, .F. ) ;
#6684 = ORIENTED_EDGE ( 'NONE', *, *, #11515, .F. ) ;
#6685 = AXIS2_PLACEMENT_3D ( 'NONE', #6381, #10862, #7585 ) ;
#6686 = CARTESIAN_POINT ( 'NONE',  ( -30.00042949693185079, 110.8258398792882247, 36.89999999999998437 ) ) ;
#6687 = ORIENTED_EDGE ( 'NONE', *, *, #4537, .F. ) ;
#6688 = DIRECTION ( 'NONE',  ( -1.000000000000000000, 0.000000000000000000, 1.335278419062900361E-16 ) ) ;
#6689 = LINE ( 'NONE', #9560, #2187 ) ;
#6690 = LINE ( 'NONE', #9503, #6494 ) ;
#6691 = VECTOR ( 'NONE', #2447, 1000.000000000000000 ) ;
#6692 = VERTEX_POINT ( 'NONE', #6191 ) ;
#6693 = PLANE ( 'NONE',  #6548 ) ;
#6694 = DIRECTION ( 'NONE',  ( 0.000000000000000000, 0.000000000000000000, 1.000000000000000000 ) ) ;
#6695 = ORIENTED_EDGE ( 'NONE', *, *, #3, .F. ) ;
#6696 = ORIENTED_EDGE ( 'NONE', *, *, #1173, .F. ) ;
#6697 = CARTESIAN_POINT ( 'NONE',  ( 81.55000000000001137, 58.93999999999998352, -5.257691453874764775 ) ) ;
#6698 = EDGE_LOOP ( 'NONE', ( #10158, #3713, #4571, #4082 ) ) ;
#6699 = AXIS2_PLACEMENT_3D ( 'NONE', #1438, #10406, #6995 ) ;
#6700 = CIRCLE ( 'NONE', #4239, 2.499801894116557843 ) ;
#6701 = DIRECTION ( 'NONE',  ( 0.7071067811865489050, -0.7071067811865462405, 0.000000000000000000 ) ) ;
#6702 = AXIS2_PLACEMENT_3D ( 'NONE', #10579, #5048, #6877 ) ;
#6703 = DIRECTION ( 'NONE',  ( 0.000000000000000000, 1.000000000000000000, 0.000000000000000000 ) ) ;
#6704 = DIRECTION ( 'NONE',  ( -1.000000000000000000, 0.000000000000000000, 8.405686134351577711E-17 ) ) ;
#6705 = LINE ( 'NONE', #4035, #4574 ) ;
#6706 = ORIENTED_EDGE ( 'NONE', *, *, #8062, .F. ) ;
#6707 = CARTESIAN_POINT ( 'NONE',  ( 4.999570503068142990, 119.8301161607049750, 36.89999999999999147 ) ) ;
#6708 = CARTESIAN_POINT ( 'NONE',  ( 80.05575337630097010, 109.1649978707001907, 44.06957899570671344 ) ) ;
#6709 = AXIS2_PLACEMENT_3D ( 'NONE', #3086, #9563, #6694 ) ;
#6710 = ORIENTED_EDGE ( 'NONE', *, *, #6136, .T. ) ;
#6711 = VECTOR ( 'NONE', #7480, 1000.000000000000000 ) ;
#6712 = ORIENTED_EDGE ( 'NONE', *, *, #10366, .T. ) ;
#6713 = EDGE_CURVE ( 'NONE', #570, #5133, #9719, .T. ) ;
#6714 = VECTOR ( 'NONE', #2336, 1000.000000000000000 ) ;
#6715 = CARTESIAN_POINT ( 'NONE',  ( -50.48689872104515075, 95.10731456396575823, 3.358535111626433700 ) ) ;
#6716 = AXIS2_PLACEMENT_3D ( 'NONE', #1248, #7745, #7636 ) ;
#6717 = DIRECTION ( 'NONE',  ( 0.000000000000000000, 1.000000000000000000, 0.000000000000000000 ) ) ;
#6718 = CARTESIAN_POINT ( 'NONE',  ( 5.830508394542632367, 119.8258398791773658, -20.02614085110419140 ) ) ;
#6719 = ORIENTED_EDGE ( 'NONE', *, *, #6020, .F. ) ;
#6720 = PLANE ( 'NONE',  #6065 ) ;
#6721 = ORIENTED_EDGE ( 'NONE', *, *, #5982, .T. ) ;
#6722 = ADVANCED_FACE ( 'NONE', ( #1635 ), #9017, .T. ) ;
#6723 = EDGE_CURVE ( 'NONE', #5425, #10353, #2359, .T. ) ;
#6724 = VECTOR ( 'NONE', #8355, 1000.000000000000000 ) ;
#6725 = VERTEX_POINT ( 'NONE', #4525 ) ;
#6726 = DIRECTION ( 'NONE',  ( -1.000000000000000000, 0.000000000000000000, 0.000000000000000000 ) ) ;
#6727 = PLANE ( 'NONE',  #10465 ) ;
#6728 = CARTESIAN_POINT ( 'NONE',  ( 0.000000000000000000, 0.000000000000000000, 33.89999999999999147 ) ) ;
#6729 = CARTESIAN_POINT ( 'NONE',  ( -82.41986337973824561, 106.1345793097837742, 42.55436971524828493 ) ) ;
#6730 = CARTESIAN_POINT ( 'NONE',  ( -50.02648654977334530, 5.099999999999999645, 20.18114647173673148 ) ) ;
#6731 = EDGE_CURVE ( 'NONE', #9157, #9949, #5587, .T. ) ;
#6732 = EDGE_CURVE ( 'NONE', #4737, #6527, #3870, .T. ) ;
#6733 = CARTESIAN_POINT ( 'NONE',  ( -5.041839321984669553, 124.6316574458437287, 36.89999999999999147 ) ) ;
#6734 = DIRECTION ( 'NONE',  ( 0.000000000000000000, 1.000000000000000000, 0.000000000000000000 ) ) ;
#6735 = CARTESIAN_POINT ( 'NONE',  ( -33.75499999999998124, 6.349999999999999645, 21.38115427306259875 ) ) ;
#6736 = DIRECTION ( 'NONE',  ( 0.8191520442889939080, -0.5735764363510430508, -2.368337136037539313E-16 ) ) ;
#6737 = ORIENTED_EDGE ( 'NONE', *, *, #9658, .T. ) ;
#6738 = EDGE_CURVE ( 'NONE', #4767, #4358, #11504, .T. ) ;
#6739 = ORIENTED_EDGE ( 'NONE', *, *, #8113, .F. ) ;
#6740 = VERTEX_POINT ( 'NONE', #11632 ) ;
#6741 = CARTESIAN_POINT ( 'NONE',  ( -76.81501998216512561, 8.274999999999998579, -1.428845727014055988 ) ) ;
#6742 = ADVANCED_FACE ( 'NONE', ( #1936 ), #5608, .F. ) ;
#6743 = DIRECTION ( 'NONE',  ( 0.000000000000000000, 1.000000000000000000, 0.000000000000000000 ) ) ;
#6744 = ADVANCED_FACE ( 'NONE', ( #9132 ), #222, .F. ) ;
#6745 = EDGE_LOOP ( 'NONE', ( #230, #8628 ) ) ;
#6746 = LINE ( 'NONE', #7864, #9281 ) ;
#6747 = DIRECTION ( 'NONE',  ( -1.000000000000000000, 0.000000000000000000, 0.000000000000000000 ) ) ;
#6748 = EDGE_CURVE ( 'NONE', #4548, #361, #2052, .T. ) ;
#6749 = ORIENTED_EDGE ( 'NONE', *, *, #2180, .T. ) ;
#6750 = FACE_OUTER_BOUND ( 'NONE', #3980, .T. ) ;
#6751 = LINE ( 'NONE', #3309, #6333 ) ;
#6752 = ORIENTED_EDGE ( 'NONE', *, *, #8325, .F. ) ;
#6753 = VERTEX_POINT ( 'NONE', #11139 ) ;
#6754 = ORIENTED_EDGE ( 'NONE', *, *, #7543, .F. ) ;
#6755 = CARTESIAN_POINT ( 'NONE',  ( -37.40689872104517377, 103.4999999999999858, 22.30467496797187010 ) ) ;
#6756 = CARTESIAN_POINT ( 'NONE',  ( -5.000429496931850792, 110.8258398792882247, 4.963509728450992142 ) ) ;
#6757 = LINE ( 'NONE', #2268, #75 ) ;
#6758 = DIRECTION ( 'NONE',  ( 0.000000000000000000, 0.000000000000000000, 1.000000000000000000 ) ) ;
#6759 = CARTESIAN_POINT ( 'NONE',  ( -79.37499999999997158, 5.099999999999999645, -3.738845726937389813 ) ) ;
#6760 = LINE ( 'NONE', #11357, #9096 ) ;
#6761 = EDGE_LOOP ( 'NONE', ( #1762, #8791, #7308, #11233 ) ) ;
#6762 = CARTESIAN_POINT ( 'NONE',  ( 80.37500000000000000, 53.93999999999999062, 5.399999999999993250 ) ) ;
#6763 = FACE_OUTER_BOUND ( 'NONE', #8398, .T. ) ;
#6764 = ORIENTED_EDGE ( 'NONE', *, *, #8809, .T. ) ;
#6765 = FACE_OUTER_BOUND ( 'NONE', #8837, .T. ) ;
#6766 = ORIENTED_EDGE ( 'NONE', *, *, #9591, .T. ) ;
#6767 = DIRECTION ( 'NONE',  ( 1.000000000000000000, 0.000000000000000000, 0.000000000000000000 ) ) ;
#6768 = DIRECTION ( 'NONE',  ( -1.521157000053560499E-16, 0.000000000000000000, -1.000000000000000000 ) ) ;
#6769 = DIRECTION ( 'NONE',  ( 0.000000000000000000, 1.000000000000000000, -1.057759604486138843E-16 ) ) ;
#6770 = EDGE_CURVE ( 'NONE', #10343, #2276, #4444, .T. ) ;
#6771 = ORIENTED_EDGE ( 'NONE', *, *, #4649, .F. ) ;
#6772 = CARTESIAN_POINT ( 'NONE',  ( 52.36501998304115091, 8.274999999999998579, 17.92115427297832397 ) ) ;
#6773 = CARTESIAN_POINT ( 'NONE',  ( -42.55000000000002558, 97.32583987928822467, 33.89999999999999147 ) ) ;
#6774 = ORIENTED_EDGE ( 'NONE', *, *, #10693, .F. ) ;
#6775 = AXIS2_PLACEMENT_3D ( 'NONE', #3365, #3543, #11468 ) ;
#6776 = CARTESIAN_POINT ( 'NONE',  ( -11.25499999999998302, -24.89937738537090794, 5.042308546125213731 ) ) ;
#6777 = VECTOR ( 'NONE', #9183, 1000.000000000000000 ) ;
#6778 = EDGE_LOOP ( 'NONE', ( #9287, #10288, #6366, #9351 ) ) ;
#6779 = CARTESIAN_POINT ( 'NONE',  ( -52.36501998304115091, 8.274999999999998579, 17.92115427297832397 ) ) ;
#6780 = CARTESIAN_POINT ( 'NONE',  ( 46.58189872104514251, 94.56476577691782381, -21.83805926787198715 ) ) ;
#6781 = CARTESIAN_POINT ( 'NONE',  ( 1.666073818051379218, 119.8727425147829280, 36.89999999999998437 ) ) ;
#6782 = EDGE_CURVE ( 'NONE', #7501, #7414, #11022, .T. ) ;
#6783 = EDGE_CURVE ( 'NONE', #6406, #8954, #8254, .T. ) ;
#6784 = DIRECTION ( 'NONE',  ( 0.000000000000000000, 0.000000000000000000, 1.000000000000000000 ) ) ;
#6785 = CARTESIAN_POINT ( 'NONE',  ( 46.58189872104514251, 94.56476577691782381, -7.085838131530381798E-15 ) ) ;
#6786 = LINE ( 'NONE', #10372, #1022 ) ;
#6787 = CARTESIAN_POINT ( 'NONE',  ( 67.12499999999998579, 104.8258398792882247, 40.40000000000004832 ) ) ;
#6788 = ORIENTED_EDGE ( 'NONE', *, *, #3092, .T. ) ;
#6789 = ORIENTED_EDGE ( 'NONE', *, *, #7270, .F. ) ;
#6790 = VERTEX_POINT ( 'NONE', #7431 ) ;
#6791 = VECTOR ( 'NONE', #3838, 1000.000000000000000 ) ;
#6792 = FACE_OUTER_BOUND ( 'NONE', #9695, .T. ) ;
#6793 = ADVANCED_FACE ( 'NONE', ( #1152 ), #9368, .T. ) ;
#6794 = LINE ( 'NONE', #10277, #9795 ) ;
#6795 = ORIENTED_EDGE ( 'NONE', *, *, #8221, .T. ) ;
#6796 = DIRECTION ( 'NONE',  ( -0.000000000000000000, -1.000000000000000000, -0.000000000000000000 ) ) ;
#6797 = LINE ( 'NONE', #7573, #3866 ) ;
#6798 = CARTESIAN_POINT ( 'NONE',  ( 72.76808532237744487, 8.274999999999998579, 0.5788675790057377091 ) ) ;
#6799 = ORIENTED_EDGE ( 'NONE', *, *, #7515, .F. ) ;
#6800 = CARTESIAN_POINT ( 'NONE',  ( -54.81499993151516748, 5.099999999999999645, 15.82115373010225312 ) ) ;
#6801 = DIRECTION ( 'NONE',  ( 0.000000000000000000, 1.000000000000000000, -1.365923996832131116E-16 ) ) ;
#6802 = ORIENTED_EDGE ( 'NONE', *, *, #1880, .T. ) ;
#6803 = ORIENTED_EDGE ( 'NONE', *, *, #6874, .T. ) ;
#6804 = EDGE_LOOP ( 'NONE', ( #11692, #9727, #9311, #5545 ) ) ;
#6805 = EDGE_CURVE ( 'NONE', #3782, #9330, #10131, .T. ) ;
#6806 = EDGE_CURVE ( 'NONE', #5214, #8575, #3754, .T. ) ;
#6807 = AXIS2_PLACEMENT_3D ( 'NONE', #26, #7989, #6106 ) ;
#6808 = DIRECTION ( 'NONE',  ( 1.000000000000000000, 0.000000000000000000, -8.405686134351577711E-17 ) ) ;
#6809 = EDGE_CURVE ( 'NONE', #6152, #10242, #2817, .T. ) ;
#6810 = CARTESIAN_POINT ( 'NONE',  ( 96.69213562373100501, 107.3258398792882247, 46.90000000000009095 ) ) ;
#6811 = CARTESIAN_POINT ( 'NONE',  ( -61.59000000000065711, 8.274999999999998579, 18.12419718570802019 ) ) ;
#6812 = LINE ( 'NONE', #1103, #10583 ) ;
#6813 = CARTESIAN_POINT ( 'NONE',  ( -52.55000000000002558, 99.82583987928822467, -224.5766598799627900 ) ) ;
#6814 = CARTESIAN_POINT ( 'NONE',  ( -79.37500000000001421, 61.63999999999999346, 11.39999999999994174 ) ) ;
#6815 = ORIENTED_EDGE ( 'NONE', *, *, #6355, .F. ) ;
#6816 = CARTESIAN_POINT ( 'NONE',  ( 9.142053049491922323, 110.0692595692233340, 36.89999999999998437 ) ) ;
#6817 = CARTESIAN_POINT ( 'NONE',  ( 82.41986337973824561, 106.1345793097837742, 42.55436971524828493 ) ) ;
#6818 = DIRECTION ( 'NONE',  ( 0.000000000000000000, -0.000000000000000000, 1.000000000000000000 ) ) ;
#6819 = EDGE_LOOP ( 'NONE', ( #11428, #3152, #3027, #9244, #454, #4449, #11543 ) ) ;
#6820 = ORIENTED_EDGE ( 'NONE', *, *, #5289, .T. ) ;
#6821 = VECTOR ( 'NONE', #8787, 1000.000000000000000 ) ;
#6822 = CIRCLE ( 'NONE', #1348, 1.000000000000000888 ) ;
#6823 = DIRECTION ( 'NONE',  ( 0.000000000000000000, 0.000000000000000000, 1.000000000000000000 ) ) ;
#6824 = LINE ( 'NONE', #2337, #8911 ) ;
#6825 = DIRECTION ( 'NONE',  ( 0.000000000000000000, 0.000000000000000000, -1.000000000000000000 ) ) ;
#6826 = VERTEX_POINT ( 'NONE', #6427 ) ;
#6827 = LINE ( 'NONE', #728, #11402 ) ;
#6828 = AXIS2_PLACEMENT_3D ( 'NONE', #9559, #526, #11336 ) ;
#6829 = VERTEX_POINT ( 'NONE', #2995 ) ;
#6830 = FACE_OUTER_BOUND ( 'NONE', #3195, .T. ) ;
#6831 = VECTOR ( 'NONE', #3744, 1000.000000000000227 ) ;
#6832 = ORIENTED_EDGE ( 'NONE', *, *, #5805, .T. ) ;
#6833 = CARTESIAN_POINT ( 'NONE',  ( 11.25500000000000433, 4.249377385370907589, 7.542308546125213731 ) ) ;
#6834 = ORIENTED_EDGE ( 'NONE', *, *, #11074, .T. ) ;
#6835 = ADVANCED_FACE ( 'NONE', ( #2939 ), #5717, .F. ) ;
#6836 = DIRECTION ( 'NONE',  ( -1.000000000000000000, 0.000000000000000000, 0.000000000000000000 ) ) ;
#6837 = AXIS2_PLACEMENT_3D ( 'NONE', #5307, #5129, #3410 ) ;
#6838 = CARTESIAN_POINT ( 'NONE',  ( -50.48689872104515075, 95.28999999999417980, -25.07998592831960849 ) ) ;
#6839 = AXIS2_PLACEMENT_3D ( 'NONE', #2224, #766, #11478 ) ;
#6840 = EDGE_CURVE ( 'NONE', #8726, #9225, #4702, .T. ) ;
#6841 = DIRECTION ( 'NONE',  ( 1.521157000052819462E-16, -9.870233350266327087E-07, -0.9999999999995128341 ) ) ;
#6842 = CARTESIAN_POINT ( 'NONE',  ( 0.8326817686334886393, 119.8799373710760534, 36.89999999999998437 ) ) ;
#6843 = DIRECTION ( 'NONE',  ( 0.008623956910148130803, 0.9999628129921692699, 0.000000000000000000 ) ) ;
#6844 = VECTOR ( 'NONE', #9951, 1000.000000000000000 ) ;
#6845 = CARTESIAN_POINT ( 'NONE',  ( -10.93820217684514340, 109.8653741200301539, 36.89999999999999147 ) ) ;
#6846 = LINE ( 'NONE', #11159, #11413 ) ;
#6847 = VERTEX_POINT ( 'NONE', #9306 ) ;
#6848 = ORIENTED_EDGE ( 'NONE', *, *, #5716, .F. ) ;
#6849 = VERTEX_POINT ( 'NONE', #3871 ) ;
#6850 = EDGE_CURVE ( 'NONE', #5103, #7872, #6659, .T. ) ;
#6851 = AXIS2_PLACEMENT_3D ( 'NONE', #5040, #4092, #7702 ) ;
#6852 = FACE_OUTER_BOUND ( 'NONE', #10940, .T. ) ;
#6853 = FACE_OUTER_BOUND ( 'NONE', #6804, .T. ) ;
#6854 = ORIENTED_EDGE ( 'NONE', *, *, #1962, .T. ) ;
#6855 = DIRECTION ( 'NONE',  ( -0.000000000000000000, 1.000000000000000000, 1.057756829634520258E-16 ) ) ;
#6856 = DIRECTION ( 'NONE',  ( 0.000000000000000000, -1.000000000000000000, 0.000000000000000000 ) ) ;
#6857 = FACE_OUTER_BOUND ( 'NONE', #1267, .T. ) ;
#6858 = AXIS2_PLACEMENT_3D ( 'NONE', #10132, #168, #7374 ) ;
#6859 = DIRECTION ( 'NONE',  ( -1.000000000000000000, -0.000000000000000000, 1.335278419062900361E-16 ) ) ;
#6860 = CYLINDRICAL_SURFACE ( 'NONE', #7316, 5.000000000000000000 ) ;
#6861 = DIRECTION ( 'NONE',  ( 0.000000000000000000, 0.000000000000000000, 1.000000000000000000 ) ) ;
#6862 = ORIENTED_EDGE ( 'NONE', *, *, #10902, .T. ) ;
#6863 = ORIENTED_EDGE ( 'NONE', *, *, #8008, .F. ) ;
#6864 = ORIENTED_EDGE ( 'NONE', *, *, #10681, .T. ) ;
#6865 = EDGE_CURVE ( 'NONE', #3087, #10482, #10248, .T. ) ;
#6866 = ADVANCED_FACE ( 'NONE', ( #2875 ), #6483, .T. ) ;
#6867 = VECTOR ( 'NONE', #811, 1000.000000000000000 ) ;
#6868 = CARTESIAN_POINT ( 'NONE',  ( 43.40689872104514535, 95.28999999999417980, 0.5200140716803907104 ) ) ;
#6869 = DIRECTION ( 'NONE',  ( 0.000000000000000000, 0.000000000000000000, 1.000000000000000000 ) ) ;
#6870 = DIRECTION ( 'NONE',  ( 1.000000000000000000, -0.000000000000000000, -0.000000000000000000 ) ) ;
#6871 = LINE ( 'NONE', #3205, #7030 ) ;
#6872 = EDGE_CURVE ( 'NONE', #1564, #4370, #3932, .T. ) ;
#6873 = VERTEX_POINT ( 'NONE', #3271 ) ;
#6874 = EDGE_CURVE ( 'NONE', #4023, #4088, #2231, .T. ) ;
#6875 = CARTESIAN_POINT ( 'NONE',  ( 9.738646706371746120, 109.9867785292118469, 36.89999999999998437 ) ) ;
#6876 = CARTESIAN_POINT ( 'NONE',  ( -69.20000000000000284, 82.35514882866895903, -40.25769145387477010 ) ) ;
#6877 = DIRECTION ( 'NONE',  ( -1.902368341696335725E-08, 0.000000000000000000, -0.9999999999999997780 ) ) ;
#6878 = ORIENTED_EDGE ( 'NONE', *, *, #6285, .F. ) ;
#6879 = CARTESIAN_POINT ( 'NONE',  ( -50.48689872104515075, 74.78999999999417980, 0.5200140716803901553 ) ) ;
#6880 = VERTEX_POINT ( 'NONE', #7603 ) ;
#6881 = AXIS2_PLACEMENT_3D ( 'NONE', #7065, #5475, #9821 ) ;
#6882 = EDGE_CURVE ( 'NONE', #1673, #2429, #5885, .T. ) ;
#6883 = VECTOR ( 'NONE', #9897, 1000.000000000000000 ) ;
#6884 = AXIS2_PLACEMENT_3D ( 'NONE', #1062, #7510, #5280 ) ;
#6885 = LINE ( 'NONE', #448, #6691 ) ;
#6886 = DIRECTION ( 'NONE',  ( 0.000000000000000000, 1.000000000000000000, 0.000000000000000000 ) ) ;
#6887 = CARTESIAN_POINT ( 'NONE',  ( 76.81501998216515403, 5.099999999999999645, 19.07115427298596089 ) ) ;
#6888 = CARTESIAN_POINT ( 'NONE',  ( -74.43749999996866507, -4.758722840905003082, -32.75769145387477721 ) ) ;
#6889 = AXIS2_PLACEMENT_3D ( 'NONE', #4682, #1912, #5524 ) ;
#6890 = VECTOR ( 'NONE', #3683, 1000.000000000000000 ) ;
#6891 = VERTEX_POINT ( 'NONE', #550 ) ;
#6892 = AXIS2_PLACEMENT_3D ( 'NONE', #2247, #2198, #1235 ) ;
#6893 = EDGE_CURVE ( 'NONE', #825, #5521, #4937, .T. ) ;
#6894 = VECTOR ( 'NONE', #1184, 1000.000000000000000 ) ;
#6895 = LINE ( 'NONE', #3456, #10968 ) ;
#6896 = ADVANCED_FACE ( 'NONE', ( #8485 ), #5054, .F. ) ;
#6897 = EDGE_LOOP ( 'NONE', ( #2698, #7088, #7223, #3578 ) ) ;
#6898 = ORIENTED_EDGE ( 'NONE', *, *, #6865, .T. ) ;
#6899 = ORIENTED_EDGE ( 'NONE', *, *, #3014, .T. ) ;
#6900 = CARTESIAN_POINT ( 'NONE',  ( -79.37499999999997158, 10.00000000000000000, -3.738845726937389813 ) ) ;
#6901 = EDGE_LOOP ( 'NONE', ( #3073, #6354, #2759, #9500 ) ) ;
#6902 = AXIS2_PLACEMENT_3D ( 'NONE', #8307, #338, #10069 ) ;
#6903 = CIRCLE ( 'NONE', #10093, 24.20000000000000639 ) ;
#6904 = LINE ( 'NONE', #9427, #11689 ) ;
#6905 = FACE_OUTER_BOUND ( 'NONE', #8069, .T. ) ;
#6906 = CARTESIAN_POINT ( 'NONE',  ( -82.55000000000002558, 72.64000000000000057, 19.12967496797186939 ) ) ;
#6907 = DIRECTION ( 'NONE',  ( 1.000000000000000000, 0.000000000000000000, 0.000000000000000000 ) ) ;
#6908 = DIRECTION ( 'NONE',  ( 0.000000000000000000, 7.965314560035515770E-17, -1.000000000000000000 ) ) ;
#6909 = CARTESIAN_POINT ( 'NONE',  ( -33.11067117007558380, 97.50000000000000000, 18.79370330280937651 ) ) ;
#6910 = VECTOR ( 'NONE', #843, 1000.000000000000000 ) ;
#6911 = DIRECTION ( 'NONE',  ( 0.000000000000000000, 0.000000000000000000, 1.000000000000000000 ) ) ;
#6912 = AXIS2_PLACEMENT_3D ( 'NONE', #3858, #3799, #7482 ) ;
#6913 = ORIENTED_EDGE ( 'NONE', *, *, #7476, .T. ) ;
#6914 = EDGE_LOOP ( 'NONE', ( #6222, #11655, #2272, #9728 ) ) ;
#6915 = VERTEX_POINT ( 'NONE', #3159 ) ;
#6916 = CARTESIAN_POINT ( 'NONE',  ( -41.55000000000002558, 92.50000000000000000, 33.89999999999999147 ) ) ;
#6917 = VECTOR ( 'NONE', #4382, 1000.000000000000000 ) ;
#6918 = DIRECTION ( 'NONE',  ( 0.000000000000000000, 0.000000000000000000, 1.000000000000000000 ) ) ;
#6919 = DIRECTION ( 'NONE',  ( 0.000000000000000000, 0.000000000000000000, 1.000000000000000000 ) ) ;
#6920 = VERTEX_POINT ( 'NONE', #3105 ) ;
#6921 = FACE_BOUND ( 'NONE', #1392, .T. ) ;
#6922 = CARTESIAN_POINT ( 'NONE',  ( -73.96808532237744771, 5.099999999999999645, 0.5788675790057360437 ) ) ;
#6923 = DIRECTION ( 'NONE',  ( 0.000000000000000000, 0.000000000000000000, 1.000000000000000000 ) ) ;
#6924 = EDGE_CURVE ( 'NONE', #11330, #11354, #11257, .T. ) ;
#6925 = ORIENTED_EDGE ( 'NONE', *, *, #6947, .F. ) ;
#6926 = DIRECTION ( 'NONE',  ( 0.000000000000000000, 0.000000000000000000, 1.000000000000000000 ) ) ;
#6927 = CARTESIAN_POINT ( 'NONE',  ( 61.59000000000065711, 5.099999999999999645, 18.12419718570802019 ) ) ;
#6928 = ORIENTED_EDGE ( 'NONE', *, *, #7380, .T. ) ;
#6929 = VERTEX_POINT ( 'NONE', #5939 ) ;
#6930 = ORIENTED_EDGE ( 'NONE', *, *, #1881, .F. ) ;
#6931 = CARTESIAN_POINT ( 'NONE',  ( 11.25500000000000433, 6.350000000000001421, 7.542308546125213731 ) ) ;
#6932 = DIRECTION ( 'NONE',  ( 0.000000000000000000, 0.000000000000000000, -1.000000000000000000 ) ) ;
#6933 = CARTESIAN_POINT ( 'NONE',  ( -1.117740380136122116E-15, 6.349999999999999645, -6.985329661611402230 ) ) ;
#6934 = ORIENTED_EDGE ( 'NONE', *, *, #1249, .F. ) ;
#6935 = FACE_BOUND ( 'NONE', #11073, .T. ) ;
#6936 = CARTESIAN_POINT ( 'NONE',  ( 50.48689872104515075, 74.97269081489451992, 3.358530552390480040 ) ) ;
#6937 = ADVANCED_FACE ( 'NONE', ( #6053 ), #9638, .F. ) ;
#6938 = EDGE_CURVE ( 'NONE', #7352, #2439, #392, .T. ) ;
#6939 = ORIENTED_EDGE ( 'NONE', *, *, #5440, .F. ) ;
#6940 = FACE_OUTER_BOUND ( 'NONE', #8565, .T. ) ;
#6941 = CARTESIAN_POINT ( 'NONE',  ( 81.88915799225125625, 107.3315932543331144, 43.15287668752267791 ) ) ;
#6942 = ORIENTED_EDGE ( 'NONE', *, *, #6062, .T. ) ;
#6943 = ORIENTED_EDGE ( 'NONE', *, *, #8784, .T. ) ;
#6944 = DIRECTION ( 'NONE',  ( -8.936595925086526584E-12, 2.006035293561381843E-26, -1.000000000000000000 ) ) ;
#6945 = CARTESIAN_POINT ( 'NONE',  ( 6.616786591357574743, 97.50000000000000000, -4.426490271496838602 ) ) ;
#6946 = DIRECTION ( 'NONE',  ( -1.000000000000000000, 0.000000000000000000, 1.335278419062900361E-16 ) ) ;
#6947 = EDGE_CURVE ( 'NONE', #6547, #3793, #9417, .T. ) ;
#6948 = ORIENTED_EDGE ( 'NONE', *, *, #7067, .T. ) ;
#6949 = PLANE ( 'NONE',  #758 ) ;
#6950 = CARTESIAN_POINT ( 'NONE',  ( 80.04999999999999716, -27.00000000000000355, -10.25769145387463688 ) ) ;
#6951 = EDGE_LOOP ( 'NONE', ( #7670, #2901, #5297, #6367 ) ) ;
#6952 = ORIENTED_EDGE ( 'NONE', *, *, #8519, .F. ) ;
#6953 = VERTEX_POINT ( 'NONE', #4158 ) ;
#6954 = DIRECTION ( 'NONE',  ( 0.000000000000000000, -5.229285515060565227E-16, 1.000000000000000000 ) ) ;
#6955 = ORIENTED_EDGE ( 'NONE', *, *, #438, .T. ) ;
#6956 = EDGE_CURVE ( 'NONE', #9679, #10128, #1445, .T. ) ;
#6957 = ADVANCED_FACE ( 'NONE', ( #9477 ), #10356, .F. ) ;
#6958 = LINE ( 'NONE', #3169, #10243 ) ;
#6959 = CARTESIAN_POINT ( 'NONE',  ( -46.58189872104514251, 72.64000000000000057, -7.085838131530381798E-15 ) ) ;
#6960 = DIRECTION ( 'NONE',  ( -1.000000000000000000, 0.000000000000000000, -8.863495325085417182E-17 ) ) ;
#6961 = DIRECTION ( 'NONE',  ( 0.000000000000000000, 1.000000000000000000, -0.000000000000000000 ) ) ;
#6962 = DIRECTION ( 'NONE',  ( -0.5735764363510329478, 0.8191520442890010134, 0.000000000000000000 ) ) ;
#6963 = DIRECTION ( 'NONE',  ( -0.000000000000000000, -1.000000000000000000, -0.000000000000000000 ) ) ;
#6964 = DIRECTION ( 'NONE',  ( 1.000000000000000000, -0.000000000000000000, -0.000000000000000000 ) ) ;
#6965 = VECTOR ( 'NONE', #1509, 1000.000000000000000 ) ;
#6966 = VERTEX_POINT ( 'NONE', #8538 ) ;
#6967 = ORIENTED_EDGE ( 'NONE', *, *, #720, .F. ) ;
#6968 = EDGE_LOOP ( 'NONE', ( #2673, #9425, #581, #3438, #5645 ) ) ;
#6969 = CARTESIAN_POINT ( 'NONE',  ( -33.75499999999998124, -27.00000000000000355, 21.38115427306259875 ) ) ;
#6970 = AXIS2_PLACEMENT_3D ( 'NONE', #4127, #7741, #1525 ) ;
#6971 = CARTESIAN_POINT ( 'NONE',  ( -23.07862738128373081, 96.12583987928823603, 15.71614540591370890 ) ) ;
#6972 = VERTEX_POINT ( 'NONE', #449 ) ;
#6973 = CARTESIAN_POINT ( 'NONE',  ( 76.81501998216512561, 8.274999999999998579, -1.428845727014055988 ) ) ;
#6974 = CARTESIAN_POINT ( 'NONE',  ( -33.75499999999999545, -4.758722840904992424, -3.957691453874784493 ) ) ;
#6975 = CARTESIAN_POINT ( 'NONE',  ( 82.54999999999999716, -24.50000000000000355, -13.82806147072993674 ) ) ;
#6976 = DIRECTION ( 'NONE',  ( 0.000000000000000000, 0.000000000000000000, 1.000000000000000000 ) ) ;
#6977 = LINE ( 'NONE', #6208, #8215 ) ;
#6978 = VERTEX_POINT ( 'NONE', #4995 ) ;
#6979 = ORIENTED_EDGE ( 'NONE', *, *, #3350, .F. ) ;
#6980 = AXIS2_PLACEMENT_3D ( 'NONE', #4855, #9276, #8454 ) ;
#6981 = ORIENTED_EDGE ( 'NONE', *, *, #1574, .F. ) ;
#6982 = DIRECTION ( 'NONE',  ( -2.806772131380966290E-20, -0.9999999829769944393, -0.0001845156108989498935 ) ) ;
#6983 = EDGE_CURVE ( 'NONE', #3329, #1853, #503, .T. ) ;
#6984 = VECTOR ( 'NONE', #1188, 1000.000000000000000 ) ;
#6985 = DIRECTION ( 'NONE',  ( -1.000000000000000000, 0.000000000000000000, 0.000000000000000000 ) ) ;
#6986 = LINE ( 'NONE', #5396, #6324 ) ;
#6987 = EDGE_CURVE ( 'NONE', #10595, #388, #7715, .T. ) ;
#6988 = ORIENTED_EDGE ( 'NONE', *, *, #4112, .T. ) ;
#6989 = AXIS2_PLACEMENT_3D ( 'NONE', #1968, #10877, #7221 ) ;
#6990 = DIRECTION ( 'NONE',  ( -1.000000000000000000, 0.000000000000000000, 0.000000000000000000 ) ) ;
#6991 = DIRECTION ( 'NONE',  ( 0.000000000000000000, 0.000000000000000000, 1.000000000000000000 ) ) ;
#6992 = FACE_OUTER_BOUND ( 'NONE', #7069, .T. ) ;
#6993 = VERTEX_POINT ( 'NONE', #5998 ) ;
#6994 = DIRECTION ( 'NONE',  ( 1.000000000000000000, 0.000000000000000000, -0.000000000000000000 ) ) ;
#6995 = DIRECTION ( 'NONE',  ( 0.000000000000000000, 0.000000000000000000, -1.000000000000000000 ) ) ;
#6996 = CARTESIAN_POINT ( 'NONE',  ( -79.37500000000001421, 90.00000000000000000, -6.985329661611388907 ) ) ;
#6997 = ORIENTED_EDGE ( 'NONE', *, *, #2380, .T. ) ;
#6998 = ORIENTED_EDGE ( 'NONE', *, *, #7882, .F. ) ;
#6999 = VECTOR ( 'NONE', #9820, 1000.000000000000000 ) ;
#7000 = EDGE_CURVE ( 'NONE', #3899, #11168, #9581, .T. ) ;
#7001 = DIRECTION ( 'NONE',  ( 0.000000000000000000, -9.870233350266327087E-07, -0.9999999999995128341 ) ) ;
#7002 = DIRECTION ( 'NONE',  ( 0.000000000000000000, 1.000000000000000000, 0.000000000000000000 ) ) ;
#7003 = CARTESIAN_POINT ( 'NONE',  ( 80.37500000000000000, 61.63999999999999346, -0.2576914538747651640 ) ) ;
#7004 = CARTESIAN_POINT ( 'NONE',  ( 42.54999999999999716, 96.82583987928822467, 22.30467496797187010 ) ) ;
#7005 = VERTEX_POINT ( 'NONE', #11434 ) ;
#7006 = DIRECTION ( 'NONE',  ( -1.000000000000000000, 0.000000000000000000, 0.000000000000000000 ) ) ;
#7007 = DIRECTION ( 'NONE',  ( 0.000000000000000000, -1.000000000000000000, -1.677434638215118067E-15 ) ) ;
#7008 = CARTESIAN_POINT ( 'NONE',  ( 16.75499999999997769, -27.00000000000000355, 13.89999999999999680 ) ) ;
#7009 = EDGE_LOOP ( 'NONE', ( #5695, #6981, #9976, #4901 ) ) ;
#7010 = ORIENTED_EDGE ( 'NONE', *, *, #9098, .F. ) ;
#7011 = VECTOR ( 'NONE', #8286, 1000.000000000000000 ) ;
#7012 = AXIS2_PLACEMENT_3D ( 'NONE', #2468, #4417, #8018 ) ;
#7013 = ORIENTED_EDGE ( 'NONE', *, *, #10475, .F. ) ;
#7014 = EDGE_CURVE ( 'NONE', #9401, #2452, #1622, .T. ) ;
#7015 = EDGE_CURVE ( 'NONE', #4915, #275, #7060, .T. ) ;
#7016 = CARTESIAN_POINT ( 'NONE',  ( -50.48689872104515075, 94.56476577691782381, -8.504985928319962696 ) ) ;
#7017 = CARTESIAN_POINT ( 'NONE',  ( 16.75499999999998124, 6.349999999999999645, 7.542308546125213731 ) ) ;
#7018 = CARTESIAN_POINT ( 'NONE',  ( -82.54999999999999716, 104.8258398792882105, 36.89999999999999147 ) ) ;
#7019 = LINE ( 'NONE', #2527, #974 ) ;
#7020 = TOROIDAL_SURFACE ( 'NONE', #5313, 26.00000000000000355, 1.000000000000000000 ) ;
#7021 = AXIS2_PLACEMENT_3D ( 'NONE', #4288, #2279, #2338 ) ;
#7022 = LINE ( 'NONE', #8842, #9101 ) ;
#7023 = EDGE_CURVE ( 'NONE', #3639, #3649, #2623, .T. ) ;
#7024 = EDGE_CURVE ( 'NONE', #11106, #894, #6179, .T. ) ;
#7025 = ORIENTED_EDGE ( 'NONE', *, *, #10681, .F. ) ;
#7026 = VERTEX_POINT ( 'NONE', #3512 ) ;
#7027 = ORIENTED_EDGE ( 'NONE', *, *, #1521, .F. ) ;
#7028 = EDGE_CURVE ( 'NONE', #1414, #6454, #2204, .T. ) ;
#7029 = VECTOR ( 'NONE', #6688, 1000.000000000000000 ) ;
#7030 = VECTOR ( 'NONE', #7590, 1000.000000000000000 ) ;
#7031 = CARTESIAN_POINT ( 'NONE',  ( 79.37500000000000000, 5.357829746269673579E-16, -127.1386775125482842 ) ) ;
#7032 = CARTESIAN_POINT ( 'NONE',  ( -81.51446609406725941, -27.00000000000000355, -10.25769145387463332 ) ) ;
#7033 = DIRECTION ( 'NONE',  ( -0.000000000000000000, -0.000000000000000000, -1.000000000000000000 ) ) ;
#7034 = ORIENTED_EDGE ( 'NONE', *, *, #5786, .T. ) ;
#7035 = DIRECTION ( 'NONE',  ( 0.000000000000000000, 0.000000000000000000, 1.000000000000000000 ) ) ;
#7036 = CARTESIAN_POINT ( 'NONE',  ( 79.37500000000000000, 18.84999999999999787, -24.58269145387476584 ) ) ;
#7037 = CARTESIAN_POINT ( 'NONE',  ( -11.25499999999998302, -27.00000000000000355, 2.042308546125238600 ) ) ;
#7038 = DIRECTION ( 'NONE',  ( -0.000000000000000000, -1.000000000000000000, -0.000000000000000000 ) ) ;
#7039 = VECTOR ( 'NONE', #11124, 999.9999999999998863 ) ;
#7040 = CARTESIAN_POINT ( 'NONE',  ( 43.40689872104514535, 95.28999999999417980, -25.07998592831960849 ) ) ;
#7041 = EDGE_CURVE ( 'NONE', #666, #10394, #1675, .T. ) ;
#7042 = ORIENTED_EDGE ( 'NONE', *, *, #572, .T. ) ;
#7043 = VECTOR ( 'NONE', #9758, 1000.000000000000000 ) ;
#7044 = ORIENTED_EDGE ( 'NONE', *, *, #4375, .T. ) ;
#7045 = VERTEX_POINT ( 'NONE', #5287 ) ;
#7046 = LINE ( 'NONE', #2433, #5346 ) ;
#7047 = VECTOR ( 'NONE', #7108, 1000.000000000000000 ) ;
#7048 = ORIENTED_EDGE ( 'NONE', *, *, #9968, .F. ) ;
#7049 = LINE ( 'NONE', #5398, #55 ) ;
#7050 = CARTESIAN_POINT ( 'NONE',  ( -0.0004294969318460739593, 99.82583987928822467, 8.433509728450992782 ) ) ;
#7051 = DIRECTION ( 'NONE',  ( 0.000000000000000000, 1.000000000000000000, 0.000000000000000000 ) ) ;
#7052 = ORIENTED_EDGE ( 'NONE', *, *, #4676, .F. ) ;
#7053 = DIRECTION ( 'NONE',  ( 0.000000000000000000, 0.000000000000000000, 1.000000000000000000 ) ) ;
#7054 = LINE ( 'NONE', #6107, #9505 ) ;
#7055 = FACE_OUTER_BOUND ( 'NONE', #9855, .T. ) ;
#7056 = ORIENTED_EDGE ( 'NONE', *, *, #4145, .F. ) ;
#7057 = DIRECTION ( 'NONE',  ( -0.000000000000000000, -1.000000000000000000, 0.000000000000000000 ) ) ;
#7058 = ORIENTED_EDGE ( 'NONE', *, *, #5011, .T. ) ;
#7059 = CIRCLE ( 'NONE', #10067, 2.499801894121581824 ) ;
#7060 = LINE ( 'NONE', #10648, #846 ) ;
#7061 = DIRECTION ( 'NONE',  ( -1.335278419062900361E-16, 0.000000000000000000, 1.000000000000000000 ) ) ;
#7062 = DIRECTION ( 'NONE',  ( 0.000000000000000000, 0.000000000000000000, -1.000000000000000000 ) ) ;
#7063 = VERTEX_POINT ( 'NONE', #8882 ) ;
#7064 = DIRECTION ( 'NONE',  ( 0.000000000000000000, 1.000000000000000000, 0.000000000000000000 ) ) ;
#7065 = CARTESIAN_POINT ( 'NONE',  ( 72.76808532237744487, 5.099999999999999645, 17.06344096711973890 ) ) ;
#7066 = DIRECTION ( 'NONE',  ( 0.5735764363510443831, -0.8191520442889929088, 0.000000000000000000 ) ) ;
#7067 = EDGE_CURVE ( 'NONE', #11545, #3532, #4462, .T. ) ;
#7068 = AXIS2_PLACEMENT_3D ( 'NONE', #8246, #161, #11016 ) ;
#7069 = EDGE_LOOP ( 'NONE', ( #3681, #7512, #7300, #11621 ) ) ;
#7070 = ORIENTED_EDGE ( 'NONE', *, *, #2674, .T. ) ;
#7071 = VERTEX_POINT ( 'NONE', #7998 ) ;
#7072 = VECTOR ( 'NONE', #7808, 1000.000000000000000 ) ;
#7073 = DIRECTION ( 'NONE',  ( -0.000000000000000000, 0.000000000000000000, 1.000000000000000000 ) ) ;
#7074 = CONICAL_SURFACE ( 'NONE', #11614, 5.700207538209683733, 0.6108652381979975399 ) ;
#7075 = AXIS2_PLACEMENT_3D ( 'NONE', #4990, #4099, #5992 ) ;
#7076 = LINE ( 'NONE', #3581, #9860 ) ;
#7077 = LINE ( 'NONE', #1877, #107 ) ;
#7078 = CARTESIAN_POINT ( 'NONE',  ( -6.246895457860702550, 119.8258398792882105, -20.00539738836623016 ) ) ;
#7079 = LINE ( 'NONE', #10671, #9816 ) ;
#7080 = ADVANCED_FACE ( 'NONE', ( #11672 ), #6294, .F. ) ;
#7081 = EDGE_CURVE ( 'NONE', #1701, #6847, #5350, .T. ) ;
#7082 = CARTESIAN_POINT ( 'NONE',  ( -8.300429496927835160, 99.82583987928822467, 1.150873398797555902 ) ) ;
#7083 = ORIENTED_EDGE ( 'NONE', *, *, #8680, .T. ) ;
#7084 = VECTOR ( 'NONE', #9595, 1000.000000000000000 ) ;
#7085 = EDGE_LOOP ( 'NONE', ( #8507, #7922, #7565, #4822 ) ) ;
#7086 = VECTOR ( 'NONE', #2641, 1000.000000000000000 ) ;
#7087 = CIRCLE ( 'NONE', #11232, 12.50000000000000000 ) ;
#7088 = ORIENTED_EDGE ( 'NONE', *, *, #9074, .T. ) ;
#7089 = LINE ( 'NONE', #6146, #3816 ) ;
#7090 = VECTOR ( 'NONE', #9995, 1000.000000000000000 ) ;
#7091 = CARTESIAN_POINT ( 'NONE',  ( -50.48689872104515075, 95.28999999999417980, -0.6299859283196093118 ) ) ;
#7092 = ORIENTED_EDGE ( 'NONE', *, *, #11141, .F. ) ;
#7093 = LINE ( 'NONE', #8799, #5721 ) ;
#7094 = DIRECTION ( 'NONE',  ( 0.000000000000000000, 0.000000000000000000, 1.000000000000000000 ) ) ;
#7095 = ADVANCED_FACE ( 'NONE', ( #2682 ), #3315, .T. ) ;
#7096 = DIRECTION ( 'NONE',  ( -1.000000000000000000, 0.000000000000000000, 1.335278419062900361E-16 ) ) ;
#7097 = DIRECTION ( 'NONE',  ( -0.000000000000000000, 1.000000000000000000, 0.000000000000000000 ) ) ;
#7098 = PLANE ( 'NONE',  #3862 ) ;
#7099 = VERTEX_POINT ( 'NONE', #4285 ) ;
#7100 = VERTEX_POINT ( 'NONE', #7238 ) ;
#7101 = ORIENTED_EDGE ( 'NONE', *, *, #2253, .T. ) ;
#7102 = CONICAL_SURFACE ( 'NONE', #1439, 5.499999999999975131, 0.9599310885968853624 ) ;
#7103 = VERTEX_POINT ( 'NONE', #35 ) ;
#7104 = EDGE_CURVE ( 'NONE', #3957, #2276, #308, .T. ) ;
#7105 = EDGE_CURVE ( 'NONE', #10521, #9942, #7940, .T. ) ;
#7106 = LINE ( 'NONE', #10695, #4331 ) ;
#7107 = PRODUCT_RELATED_PRODUCT_CATEGORY ( 'part', '', ( #1090 ) ) ;
#7108 = DIRECTION ( 'NONE',  ( 0.000000000000000000, 1.000000000000000000, 0.000000000000000000 ) ) ;
#7109 = CARTESIAN_POINT ( 'NONE',  ( -82.54999999999999716, 107.7547720674227634, 43.36446609406736030 ) ) ;
#7110 = EDGE_LOOP ( 'NONE', ( #3250, #11149, #3002, #9810 ) ) ;
#7111 = CARTESIAN_POINT ( 'NONE',  ( -11.25499999999998302, -27.00000000000000355, 7.542308546125213731 ) ) ;
#7112 = LINE ( 'NONE', #1790, #7492 ) ;
#7113 = PLANE ( 'NONE',  #2680 ) ;
#7114 = ORIENTED_EDGE ( 'NONE', *, *, #8680, .F. ) ;
#7115 = CARTESIAN_POINT ( 'NONE',  ( 24.99957050306814210, 119.8258398792882105, -3.046716903987330677E-15 ) ) ;
#7116 = DIRECTION ( 'NONE',  ( -0.000000000000000000, -1.000000000000000000, -0.000000000000000000 ) ) ;
#7117 = CARTESIAN_POINT ( 'NONE',  ( 76.81501998216512561, 8.274999999999998579, -1.428845727014055988 ) ) ;
#7118 = ORIENTED_EDGE ( 'NONE', *, *, #4786, .F. ) ;
#7119 = LINE ( 'NONE', #9991, #1799 ) ;
#7120 = ORIENTED_EDGE ( 'NONE', *, *, #1966, .F. ) ;
#7121 = EDGE_CURVE ( 'NONE', #7467, #695, #9532, .T. ) ;
#7122 = CARTESIAN_POINT ( 'NONE',  ( 0.000000000000000000, 93.17499999999999716, -36.90129292916564907 ) ) ;
#7123 = CARTESIAN_POINT ( 'NONE',  ( -82.55000000000002558, 109.8258398792882247, -22.92957932766295670 ) ) ;
#7124 = ORIENTED_EDGE ( 'NONE', *, *, #2122, .F. ) ;
#7125 = CARTESIAN_POINT ( 'NONE',  ( 50.48689872104515075, 95.28999999999417980, -23.92998592831960991 ) ) ;
#7126 = CARTESIAN_POINT ( 'NONE',  ( 52.36501998304115091, 5.099999999999999645, 19.07115427297831900 ) ) ;
#7127 = LINE ( 'NONE', #4469, #9335 ) ;
#7128 = EDGE_LOOP ( 'NONE', ( #2632, #8052, #8518, #5154, #1716 ) ) ;
#7129 =( NAMED_UNIT ( * ) PLANE_ANGLE_UNIT ( ) SI_UNIT ( $, .RADIAN. ) );
#7130 = EDGE_LOOP ( 'NONE', ( #3110, #9531, #2791, #342 ) ) ;
#7131 = CARTESIAN_POINT ( 'NONE',  ( -53.05138322153545261, 5.099999999999999645, 15.82115058466708035 ) ) ;
#7132 = ORIENTED_EDGE ( 'NONE', *, *, #10904, .F. ) ;
#7133 = EDGE_CURVE ( 'NONE', #4948, #6953, #2750, .T. ) ;
#7134 = CARTESIAN_POINT ( 'NONE',  ( 50.48689872104514365, 74.67980196068272392, -26.29001273249923898 ) ) ;
#7135 = FACE_OUTER_BOUND ( 'NONE', #6329, .T. ) ;
#7136 = CARTESIAN_POINT ( 'NONE',  ( 74.43750000000000000, 9.393818159531837964, -32.75769145387477721 ) ) ;
#7137 = DIRECTION ( 'NONE',  ( -0.000000000000000000, -1.000000000000000000, -0.000000000000000000 ) ) ;
#7138 = EDGE_CURVE ( 'NONE', #8641, #7643, #7886, .T. ) ;
#7139 = DIRECTION ( 'NONE',  ( 1.000000000000000000, 0.000000000000000000, 1.335278419062900361E-16 ) ) ;
#7140 = ORIENTED_EDGE ( 'NONE', *, *, #572, .F. ) ;
#7141 = ORIENTED_EDGE ( 'NONE', *, *, #9718, .F. ) ;
#7142 = FACE_BOUND ( 'NONE', #7891, .T. ) ;
#7143 = DIRECTION ( 'NONE',  ( 0.000000000000000000, 1.000000000000000000, 0.000000000000000000 ) ) ;
#7144 = EDGE_CURVE ( 'NONE', #9958, #5840, #5596, .T. ) ;
#7145 = EDGE_CURVE ( 'NONE', #9852, #10683, #6351, .T. ) ;
#7146 = CARTESIAN_POINT ( 'NONE',  ( 82.54999999999999716, 104.8258398792882105, 46.90000000000009095 ) ) ;
#7147 = CARTESIAN_POINT ( 'NONE',  ( 77.61250000000001137, 82.35514882866895903, -32.75769145387477010 ) ) ;
#7148 = FACE_OUTER_BOUND ( 'NONE', #799, .T. ) ;
#7149 = CARTESIAN_POINT ( 'NONE',  ( -72.76808532237741645, 8.274999999999998579, 18.26344096711973819 ) ) ;
#7150 = ORIENTED_EDGE ( 'NONE', *, *, #1108, .F. ) ;
#7151 = DIRECTION ( 'NONE',  ( 0.000000000000000000, -1.000000000000000000, -8.182657905550978279E-17 ) ) ;
#7152 = DIRECTION ( 'NONE',  ( 1.000000000000000000, 0.000000000000000000, -0.000000000000000000 ) ) ;
#7153 = CARTESIAN_POINT ( 'NONE',  ( 16.75499999999997769, 6.349999999999999645, 13.89999999999999680 ) ) ;
#7154 = ORIENTED_EDGE ( 'NONE', *, *, #7529, .F. ) ;
#7155 = DIRECTION ( 'NONE',  ( -7.012782563145142988E-17, -0.8873916384311677508, 0.4610163555042787187 ) ) ;
#7156 = FACE_OUTER_BOUND ( 'NONE', #3206, .T. ) ;
#7157 = ORIENTED_EDGE ( 'NONE', *, *, #3255, .T. ) ;
#7158 = ORIENTED_EDGE ( 'NONE', *, *, #296, .F. ) ;
#7159 = ORIENTED_EDGE ( 'NONE', *, *, #5714, .T. ) ;
#7160 = AXIS2_PLACEMENT_3D ( 'NONE', #1113, #2129, #2957 ) ;
#7161 = EDGE_CURVE ( 'NONE', #6740, #457, #2040, .T. ) ;
#7162 = CARTESIAN_POINT ( 'NONE',  ( -11.25499999999998302, -27.00000000000000355, 5.042308546125213731 ) ) ;
#7163 = CARTESIAN_POINT ( 'NONE',  ( -80.07520753820969617, 66.63999999999998636, 5.399999999999991473 ) ) ;
#7164 = DIRECTION ( 'NONE',  ( -0.7071067811865489050, 0.7071067811865462405, 7.719070416997786282E-14 ) ) ;
#7165 = ORIENTED_EDGE ( 'NONE', *, *, #5265, .T. ) ;
#7166 = LINE ( 'NONE', #8813, #10594 ) ;
#7167 = FACE_OUTER_BOUND ( 'NONE', #8690, .T. ) ;
#7168 = CARTESIAN_POINT ( 'NONE',  ( -33.11062307129483884, 96.12583987928823603, 18.79375140158797919 ) ) ;
#7169 = ORIENTED_EDGE ( 'NONE', *, *, #2212, .T. ) ;
#7170 = CARTESIAN_POINT ( 'NONE',  ( 82.55000000000002558, 61.63999999999999346, 5.399999999999991473 ) ) ;
#7171 = CARTESIAN_POINT ( 'NONE',  ( 82.54999999999999716, -5.993773853708700194, -40.25769145387477721 ) ) ;
#7172 = CARTESIAN_POINT ( 'NONE',  ( -50.02648654977334530, 8.274999999999998579, 20.18114647173673148 ) ) ;
#7173 = AXIS2_PLACEMENT_3D ( 'NONE', #9797, #4447, #9100 ) ;
#7174 = EDGE_CURVE ( 'NONE', #9803, #9761, #3920, .T. ) ;
#7175 = ORIENTED_EDGE ( 'NONE', *, *, #10852, .F. ) ;
#7176 = ADVANCED_FACE ( 'NONE', ( #1919 ), #208, .F. ) ;
#7177 = DIRECTION ( 'NONE',  ( -0.000000000000000000, -9.870233350266327087E-07, -0.9999999999995128341 ) ) ;
#7178 = EDGE_LOOP ( 'NONE', ( #7367, #2371, #8056, #5499 ) ) ;
#7179 = ADVANCED_FACE ( 'NONE', ( #8414 ), #5592, .T. ) ;
#7180 = AXIS2_PLACEMENT_3D ( 'NONE', #1469, #11394, #6025 ) ;
#7181 = DIRECTION ( 'NONE',  ( 9.169294481193143764E-14, 0.000000000000000000, -1.000000000000000000 ) ) ;
#7182 = CARTESIAN_POINT ( 'NONE',  ( -72.76808532600743717, 8.274999999999998579, -0.6211324209942660213 ) ) ;
#7183 = CARTESIAN_POINT ( 'NONE',  ( 72.76808532600743717, 8.274999999999998579, -0.6211324209942660213 ) ) ;
#7184 = ORIENTED_EDGE ( 'NONE', *, *, #7232, .T. ) ;
#7185 = LINE ( 'NONE', #5418, #6052 ) ;
#7186 = DIRECTION ( 'NONE',  ( 1.000000000000000000, 0.000000000000000000, 1.335278419062900361E-16 ) ) ;
#7187 = CARTESIAN_POINT ( 'NONE',  ( 50.48689872104515075, 74.78999999999417980, -0.6299859283196093118 ) ) ;
#7188 = ORIENTED_EDGE ( 'NONE', *, *, #4830, .F. ) ;
#7189 = EDGE_CURVE ( 'NONE', #7208, #8907, #9057, .T. ) ;
#7190 = ORIENTED_EDGE ( 'NONE', *, *, #7514, .F. ) ;
#7191 = ORIENTED_EDGE ( 'NONE', *, *, #4755, .T. ) ;
#7192 = CIRCLE ( 'NONE', #3780, 5.700207538209690838 ) ;
#7193 = CARTESIAN_POINT ( 'NONE',  ( -46.58189872104514251, 72.64000000000000057, 19.12967496797186939 ) ) ;
#7194 = DIRECTION ( 'NONE',  ( 0.8481145238789871144, 0.000000000000000000, 0.5298129428255965445 ) ) ;
#7195 = DIRECTION ( 'NONE',  ( 1.000000000000000000, 0.000000000000000000, 0.000000000000000000 ) ) ;
#7196 = DIRECTION ( 'NONE',  ( 0.000000000000000000, 0.000000000000000000, 1.000000000000000000 ) ) ;
#7197 = CARTESIAN_POINT ( 'NONE',  ( -0.8596824276377085239, 124.8258398792879404, -15.76649027210263654 ) ) ;
#7198 = CARTESIAN_POINT ( 'NONE',  ( -76.81501998216515403, 8.274999999999998579, 17.92115427298595876 ) ) ;
#7199 = VECTOR ( 'NONE', #3216, 1000.000000000000000 ) ;
#7200 = ORIENTED_EDGE ( 'NONE', *, *, #9521, .F. ) ;
#7201 = EDGE_CURVE ( 'NONE', #11576, #11095, #1024, .T. ) ;
#7202 = VERTEX_POINT ( 'NONE', #4745 ) ;
#7203 = CARTESIAN_POINT ( 'NONE',  ( -80.07520753820969617, 66.63999999999998636, 5.399999999999987921 ) ) ;
#7204 = CIRCLE ( 'NONE', #7587, 5.000000000000000888 ) ;
#7205 = CARTESIAN_POINT ( 'NONE',  ( -16.75499999999995993, -27.00000000000000355, 2.559084472230088230E-15 ) ) ;
#7206 = CARTESIAN_POINT ( 'NONE',  ( 96.69213562373100501, 107.3258398792882247, 44.40000000000009095 ) ) ;
#7207 = FACE_OUTER_BOUND ( 'NONE', #9917, .T. ) ;
#7208 = VERTEX_POINT ( 'NONE', #4637 ) ;
#7209 = DIRECTION ( 'NONE',  ( 0.000000000000000000, 0.000000000000000000, 1.000000000000000000 ) ) ;
#7210 = CARTESIAN_POINT ( 'NONE',  ( -50.48689872104515075, 74.78999999999417980, -23.92998592831960991 ) ) ;
#7211 = DIRECTION ( 'NONE',  ( -1.000000000000000000, 0.000000000000000000, 0.000000000000000000 ) ) ;
#7212 = ORIENTED_EDGE ( 'NONE', *, *, #2617, .T. ) ;
#7213 = ORIENTED_EDGE ( 'NONE', *, *, #958, .F. ) ;
#7214 = EDGE_CURVE ( 'NONE', #10529, #953, #8352, .T. ) ;
#7215 = EDGE_LOOP ( 'NONE', ( #1275, #1837, #4163, #369, #8781, #9466, #7874, #1204 ) ) ;
#7216 = VECTOR ( 'NONE', #6219, 1000.000000000000000 ) ;
#7217 = VECTOR ( 'NONE', #4797, 1000.000000000000000 ) ;
#7218 = ORIENTED_EDGE ( 'NONE', *, *, #5288, .T. ) ;
#7219 = CARTESIAN_POINT ( 'NONE',  ( -69.20000000000000284, 8.274999999999998579, -0.6211324209939360630 ) ) ;
#7220 = CARTESIAN_POINT ( 'NONE',  ( -61.59000000000155950, 8.274999999999998579, 19.62115427306273219 ) ) ;
#7221 = DIRECTION ( 'NONE',  ( 0.000000000000000000, 0.000000000000000000, -1.000000000000000000 ) ) ;
#7222 = VECTOR ( 'NONE', #3089, 1000.000000000000114 ) ;
#7223 = ORIENTED_EDGE ( 'NONE', *, *, #4410, .T. ) ;
#7224 = DIRECTION ( 'NONE',  ( 0.000000000000000000, -1.000000000000000000, 1.365923996832131116E-16 ) ) ;
#7225 = CARTESIAN_POINT ( 'NONE',  ( 37.40689872104517377, 103.4999999999999858, 22.30467496797187010 ) ) ;
#7226 = CARTESIAN_POINT ( 'NONE',  ( -74.43749999996866507, 18.84999999999999787, -37.08269145387476584 ) ) ;
#7227 = AXIS2_PLACEMENT_3D ( 'NONE', #10917, #8206, #293 ) ;
#7228 = ORIENTED_EDGE ( 'NONE', *, *, #1410, .T. ) ;
#7229 = LINE ( 'NONE', #9986, #7706 ) ;
#7230 = DIRECTION ( 'NONE',  ( -1.527355698137925406E-16, 0.000000000000000000, -1.000000000000000000 ) ) ;
#7231 = ORIENTED_EDGE ( 'NONE', *, *, #4113, .F. ) ;
#7232 = EDGE_CURVE ( 'NONE', #4616, #10514, #268, .T. ) ;
#7233 = EDGE_CURVE ( 'NONE', #8361, #3432, #4810, .T. ) ;
#7234 = ORIENTED_EDGE ( 'NONE', *, *, #7537, .F. ) ;
#7235 = VERTEX_POINT ( 'NONE', #4575 ) ;
#7236 = AXIS2_PLACEMENT_3D ( 'NONE', #3971, #1308, #3200 ) ;
#7237 = PRODUCT_DEFINITION_CONTEXT ( 'detailed design', #9160, 'design' ) ;
#7239 = ADVANCED_FACE ( 'NONE', ( #7481 ), #329, .T. ) ;
#7238 = CARTESIAN_POINT ( 'NONE',  ( -79.37500000000001421, 52.94000000000002615, -0.2576914538747649974 ) ) ;
#7240 = CARTESIAN_POINT ( 'NONE',  ( 77.61249999999999716, 18.85000000000000497, -37.08269145387476584 ) ) ;
#7241 = EDGE_CURVE ( 'NONE', #8602, #159, #1860, .T. ) ;
#7242 = CYLINDRICAL_SURFACE ( 'NONE', #9534, 5.000000000000004441 ) ;
#7243 = LINE ( 'NONE', #5352, #229 ) ;
#7244 = VECTOR ( 'NONE', #8919, 1000.000000000000000 ) ;
#7245 = ORIENTED_EDGE ( 'NONE', *, *, #5411, .F. ) ;
#7246 = CARTESIAN_POINT ( 'NONE',  ( -80.04999999999999716, -27.00000000000000355, -10.25769145387463688 ) ) ;
#7247 = DIRECTION ( 'NONE',  ( 0.000000000000000000, 0.000000000000000000, -1.000000000000000000 ) ) ;
#7248 = EDGE_CURVE ( 'NONE', #11286, #3222, #2094, .T. ) ;
#7249 = VECTOR ( 'NONE', #3465, 1000.000000000000000 ) ;
#7250 = ORIENTED_EDGE ( 'NONE', *, *, #7434, .T. ) ;
#7251 = VERTEX_POINT ( 'NONE', #8177 ) ;
#7252 = VECTOR ( 'NONE', #7993, 1000.000000000000000 ) ;
#7253 = EDGE_LOOP ( 'NONE', ( #10471, #3599, #6988, #7723 ) ) ;
#7254 = DIRECTION ( 'NONE',  ( 1.000000000000000000, 0.000000000000000000, 0.000000000000000000 ) ) ;
#7256 = EDGE_CURVE ( 'NONE', #204, #7099, #94, .T. ) ;
#7255 = CARTESIAN_POINT ( 'NONE',  ( -29.00040951398291256, 99.82583987928822467, 18.68351409631356930 ) ) ;
#7257 = ADVANCED_FACE ( 'NONE', ( #10891 ), #6412, .T. ) ;
#7258 = ADVANCED_FACE ( 'NONE', ( #7418 ), #5019, .F. ) ;
#7259 = DIRECTION ( 'NONE',  ( -1.000000000000000000, -1.753511094850201891E-16, 0.000000000000000000 ) ) ;
#7260 = DIRECTION ( 'NONE',  ( 0.000000000000000000, -0.7071063548969729329, 0.7071072074758651960 ) ) ;
#7261 = CIRCLE ( 'NONE', #5924, 5.000000000000000000 ) ;
#7262 = DIRECTION ( 'NONE',  ( -1.000000000000000000, -0.000000000000000000, -0.000000000000000000 ) ) ;
#7263 = CARTESIAN_POINT ( 'NONE',  ( -42.55000000000002558, 98.32583987928822467, 33.89999999999999147 ) ) ;
#7264 = DIRECTION ( 'NONE',  ( 1.291518732999867493E-16, -0.5283332255394526111, -0.8490371033064914030 ) ) ;
#7265 = ORIENTED_EDGE ( 'NONE', *, *, #5217, .T. ) ;
#7266 = EDGE_LOOP ( 'NONE', ( #11252, #1346, #6706, #2642 ) ) ;
#7267 = VECTOR ( 'NONE', #7539, 1000.000000000000000 ) ;
#7268 = VECTOR ( 'NONE', #6038, 1000.000000000000000 ) ;
#7269 = CIRCLE ( 'NONE', #11615, 10.94291382678908064 ) ;
#7270 = EDGE_CURVE ( 'NONE', #4622, #2333, #5873, .T. ) ;
#7271 = FACE_OUTER_BOUND ( 'NONE', #472, .T. ) ;
#7272 = DIRECTION ( 'NONE',  ( 0.000000000000000000, -0.8918917311500192957, -0.4522489799946727840 ) ) ;
#7273 = CARTESIAN_POINT ( 'NONE',  ( -79.37500000000001421, 90.00000000000000000, -127.1386775125482842 ) ) ;
#7274 = CARTESIAN_POINT ( 'NONE',  ( -76.81501998216512561, 8.274999999999998579, -1.428845727014055988 ) ) ;
#7275 = ORIENTED_EDGE ( 'NONE', *, *, #9555, .T. ) ;
#7276 = CARTESIAN_POINT ( 'NONE',  ( 5.040980328120962639, 124.6316574458437287, 36.89999999999999147 ) ) ;
#7277 = CYLINDRICAL_SURFACE ( 'NONE', #2106, 1.150000000000001688 ) ;
#7278 = CIRCLE ( 'NONE', #6709, 4.999999999999999112 ) ;
#7279 = ORIENTED_EDGE ( 'NONE', *, *, #10431, .T. ) ;
#7280 = VECTOR ( 'NONE', #2417, 1000.000000000000000 ) ;
#7281 = VECTOR ( 'NONE', #10672, 999.9999999999998863 ) ;
#7282 = AXIS2_PLACEMENT_3D ( 'NONE', #2257, #6856, #9346 ) ;
#7283 = EDGE_LOOP ( 'NONE', ( #2480, #6199, #2581, #106 ) ) ;
#7284 = ORIENTED_EDGE ( 'NONE', *, *, #3774, .T. ) ;
#7285 = VERTEX_POINT ( 'NONE', #7757 ) ;
#7286 = AXIS2_PLACEMENT_3D ( 'NONE', #7016, #9952, #8011 ) ;
#7287 = CIRCLE ( 'NONE', #304, 24.20000000000000639 ) ;
#7288 = CYLINDRICAL_SURFACE ( 'NONE', #1689, 4.999999999999997335 ) ;
#7289 = EDGE_CURVE ( 'NONE', #953, #1191, #11186, .T. ) ;
#7290 = DIRECTION ( 'NONE',  ( -0.000000000000000000, 1.000000000000000000, -0.000000000000000000 ) ) ;
#7291 = VERTEX_POINT ( 'NONE', #5926 ) ;
#7292 = CARTESIAN_POINT ( 'NONE',  ( 31.40689872104514180, 97.50000000000000000, -29.66122071973760299 ) ) ;
#7293 = CARTESIAN_POINT ( 'NONE',  ( -25.00042949693185079, 124.8258398792882247, 4.963509728450992142 ) ) ;
#7294 = DIRECTION ( 'NONE',  ( 0.000000000000000000, 1.000000000000000000, 0.000000000000000000 ) ) ;
#7295 = ORIENTED_EDGE ( 'NONE', *, *, #10669, .T. ) ;
#7296 = CARTESIAN_POINT ( 'NONE',  ( -5.861669980483213749, 124.7602261446171497, 36.88847664948133342 ) ) ;
#7297 = CARTESIAN_POINT ( 'NONE',  ( -23.07862738128373081, 99.82583987928822467, 15.71614540591370890 ) ) ;
#7298 = VERTEX_POINT ( 'NONE', #2158 ) ;
#7299 = VECTOR ( 'NONE', #707, 1000.000000000000000 ) ;
#7300 = ORIENTED_EDGE ( 'NONE', *, *, #2266, .F. ) ;
#7301 = ORIENTED_EDGE ( 'NONE', *, *, #11208, .T. ) ;
#7302 = EDGE_CURVE ( 'NONE', #10242, #9395, #1817, .T. ) ;
#7303 = ADVANCED_FACE ( 'NONE', ( #10398 ), #11417, .F. ) ;
#7304 = DIRECTION ( 'NONE',  ( 0.000000000000000000, -5.229285515060565227E-16, 1.000000000000000000 ) ) ;
#7305 = DIRECTION ( 'NONE',  ( -1.000000000000000000, 0.000000000000000000, 0.000000000000000000 ) ) ;
#7306 = DIRECTION ( 'NONE',  ( 0.000000000000000000, -1.000000000000000000, 0.000000000000000000 ) ) ;
#7307 = DIRECTION ( 'NONE',  ( 0.000000000000000000, 1.000000000000000000, 0.000000000000000000 ) ) ;
#7308 = ORIENTED_EDGE ( 'NONE', *, *, #34, .F. ) ;
#7309 = LINE ( 'NONE', #8123, #8505 ) ;
#7310 = FACE_OUTER_BOUND ( 'NONE', #1491, .T. ) ;
#7311 = VERTEX_POINT ( 'NONE', #1261 ) ;
#7312 = ORIENTED_EDGE ( 'NONE', *, *, #6020, .T. ) ;
#7313 = ORIENTED_EDGE ( 'NONE', *, *, #9673, .F. ) ;
#7314 = ORIENTED_EDGE ( 'NONE', *, *, #1175, .F. ) ;
#7315 = ADVANCED_FACE ( 'NONE', ( #8583 ), #5984, .T. ) ;
#7316 = AXIS2_PLACEMENT_3D ( 'NONE', #11238, #10388, #1419 ) ;
#7317 = CARTESIAN_POINT ( 'NONE',  ( 10.60957050301874460, 99.82583987928819624, 17.30072581676351362 ) ) ;
#7318 = DIRECTION ( 'NONE',  ( 1.000000000000000000, 0.000000000000000000, 1.335278419062900361E-16 ) ) ;
#7319 = LINE ( 'NONE', #1756, #3853 ) ;
#7320 = CARTESIAN_POINT ( 'NONE',  ( -5.416171902663871940, 119.8271550059586588, -20.03649027154900963 ) ) ;
#7321 = CARTESIAN_POINT ( 'NONE',  ( 4.999570503068137661, 119.8299752807307357, -20.03649027154900253 ) ) ;
#7322 = VERTEX_POINT ( 'NONE', #8470 ) ;
#7323 = ADVANCED_FACE ( 'NONE', ( #3972 ), #4033, .F. ) ;
#7324 = ADVANCED_FACE ( 'NONE', ( #2375 ), #11245, .F. ) ;
#7325 = EDGE_CURVE ( 'NONE', #2317, #10683, #11297, .T. ) ;
#7326 = VERTEX_POINT ( 'NONE', #6811 ) ;
#7327 = DIRECTION ( 'NONE',  ( -1.000000000000000000, 2.095952567089010174E-15, 8.936595925086526584E-12 ) ) ;
#7328 = CARTESIAN_POINT ( 'NONE',  ( -78.52495334106129121, 109.7609920689831284, 46.83515218969326810 ) ) ;
#7329 = DIRECTION ( 'NONE',  ( 0.000000000000000000, 0.000000000000000000, -1.000000000000000000 ) ) ;
#7330 = LINE ( 'NONE', #2718, #3397 ) ;
#7331 = CARTESIAN_POINT ( 'NONE',  ( -3.409160943879172567, 124.8258398792691395, 32.40729707381932911 ) ) ;
#7332 = PLANE ( 'NONE',  #956 ) ;
#7333 = CARTESIAN_POINT ( 'NONE',  ( 79.37500000000000000, 53.23979246179030156, -0.2576914538747649974 ) ) ;
#7334 = ORIENTED_EDGE ( 'NONE', *, *, #326, .F. ) ;
#7335 = ORIENTED_EDGE ( 'NONE', *, *, #10182, .F. ) ;
#7336 = EDGE_LOOP ( 'NONE', ( #6623, #1751, #2799, #11373, #4339 ) ) ;
#7337 = ORIENTED_EDGE ( 'NONE', *, *, #9455, .F. ) ;
#7338 = VECTOR ( 'NONE', #3787, 1000.000000000000000 ) ;
#7339 = CARTESIAN_POINT ( 'NONE',  ( 8.384417448465013578, 79.82583987928821045, 20.56133305602351413 ) ) ;
#7340 = DIRECTION ( 'NONE',  ( -1.291517902910694707E-16, 0.5283341024775852768, -0.8490365576105686207 ) ) ;
#7341 = ORIENTED_EDGE ( 'NONE', *, *, #8504, .T. ) ;
#7342 = DIRECTION ( 'NONE',  ( 2.244742081187875711E-15, 1.000000000000000000, -0.000000000000000000 ) ) ;
#7343 = DIRECTION ( 'NONE',  ( 0.000000000000000000, 0.000000000000000000, 1.000000000000000000 ) ) ;
#7344 = DIRECTION ( 'NONE',  ( 0.000000000000000000, 0.000000000000000000, 1.000000000000000000 ) ) ;
#7345 = ORIENTED_EDGE ( 'NONE', *, *, #10732, .T. ) ;
#7346 = DIRECTION ( 'NONE',  ( 0.000000000000000000, 0.000000000000000000, -1.000000000000000000 ) ) ;
#7347 = DIRECTION ( 'NONE',  ( 0.000000000000000000, 0.000000000000000000, -1.000000000000000000 ) ) ;
#7348 = VERTEX_POINT ( 'NONE', #8636 ) ;
#7349 = ORIENTED_EDGE ( 'NONE', *, *, #5599, .T. ) ;
#7350 = DIRECTION ( 'NONE',  ( 0.000000000000000000, 0.000000000000000000, -1.000000000000000000 ) ) ;
#7351 = VECTOR ( 'NONE', #10660, 1000.000000000000000 ) ;
#7352 = VERTEX_POINT ( 'NONE', #536 ) ;
#7353 = EDGE_CURVE ( 'NONE', #9969, #1095, #11475, .T. ) ;
#7354 = CARTESIAN_POINT ( 'NONE',  ( -46.58189872104514251, 75.48946397805705999, -7.085838131530381798E-15 ) ) ;
#7355 = DIRECTION ( 'NONE',  ( -1.335278419062900361E-16, 1.677434638215118264E-15, -1.000000000000000000 ) ) ;
#7356 = CARTESIAN_POINT ( 'NONE',  ( -50.48689872104515075, 73.67999999411362921, 3.358530552390479595 ) ) ;
#7357 = CARTESIAN_POINT ( 'NONE',  ( -69.20000000000000284, 18.84999999999999787, -24.58269145387476584 ) ) ;
#7358 = CARTESIAN_POINT ( 'NONE',  ( 52.36501998304115091, 8.274999999999998579, 20.22115427297831403 ) ) ;
#7359 = CIRCLE ( 'NONE', #4140, 2.500000000000000444 ) ;
#7360 = CARTESIAN_POINT ( 'NONE',  ( -82.55000000000002558, 97.50000000000000000, -26.48622071973760228 ) ) ;
#7361 = LINE ( 'NONE', #10949, #9647 ) ;
#7362 = ORIENTED_EDGE ( 'NONE', *, *, #3629, .T. ) ;
#7363 = CARTESIAN_POINT ( 'NONE',  ( -5.847156161891129855, 124.7612853542315463, -20.02535266397707403 ) ) ;
#7364 = DIRECTION ( 'NONE',  ( 1.527355698137925406E-16, 0.000000000000000000, 1.000000000000000000 ) ) ;
#7365 = DIRECTION ( 'NONE',  ( -1.000000000000000000, 0.000000000000000000, 0.000000000000000000 ) ) ;
#7366 = ORIENTED_EDGE ( 'NONE', *, *, #491, .T. ) ;
#7367 = ORIENTED_EDGE ( 'NONE', *, *, #1171, .T. ) ;
#7368 = EDGE_CURVE ( 'NONE', #3538, #3422, #10513, .T. ) ;
#7369 = EDGE_CURVE ( 'NONE', #10128, #2354, #1784, .T. ) ;
#7370 = AXIS2_PLACEMENT_3D ( 'NONE', #1705, #9967, #8913 ) ;
#7371 = FACE_BOUND ( 'NONE', #4734, .T. ) ;
#7372 = CIRCLE ( 'NONE', #1691, 5.999999999999956479 ) ;
#7373 = CARTESIAN_POINT ( 'NONE',  ( 50.48689872104515075, 95.28999999999417980, 1.670014071680389733 ) ) ;
#7374 = DIRECTION ( 'NONE',  ( 0.000000000000000000, -0.000000000000000000, 1.000000000000000000 ) ) ;
#7375 = CARTESIAN_POINT ( 'NONE',  ( 82.54999999999999716, 61.63999999999999346, 11.10020753820971606 ) ) ;
#7376 = CARTESIAN_POINT ( 'NONE',  ( -67.12500000000000000, 99.82583987928822467, 42.90000000000005542 ) ) ;
#7377 = DIRECTION ( 'NONE',  ( 0.000000000000000000, -1.000000000000000000, -1.677434638215118264E-15 ) ) ;
#7378 = DIRECTION ( 'NONE',  ( 1.593062912007103154E-16, -1.000000000000000000, 0.000000000000000000 ) ) ;
#7379 = ORIENTED_EDGE ( 'NONE', *, *, #10616, .T. ) ;
#7380 = EDGE_CURVE ( 'NONE', #9157, #7251, #6986, .T. ) ;
#7381 = EDGE_CURVE ( 'NONE', #10741, #2316, #655, .T. ) ;
#7382 = ORIENTED_EDGE ( 'NONE', *, *, #10475, .T. ) ;
#7383 = DIRECTION ( 'NONE',  ( 0.000000000000000000, 0.000000000000000000, -1.000000000000000000 ) ) ;
#7384 = LINE ( 'NONE', #5731, #4208 ) ;
#7385 = LINE ( 'NONE', #2955, #5376 ) ;
#7386 = LINE ( 'NONE', #10976, #2695 ) ;
#7387 = EDGE_CURVE ( 'NONE', #733, #444, #762, .T. ) ;
#7388 = DIRECTION ( 'NONE',  ( -8.936770724137066152E-12, 0.000000000000000000, -1.000000000000000000 ) ) ;
#7389 = EDGE_CURVE ( 'NONE', #4234, #5788, #3498, .T. ) ;
#7390 = DIRECTION ( 'NONE',  ( 1.000000000000000000, 0.000000000000000000, 0.000000000000000000 ) ) ;
#7391 = LINE ( 'NONE', #3826, #2757 ) ;
#7392 = LINE ( 'NONE', #8323, #5559 ) ;
#7393 = PLANE ( 'NONE',  #8013 ) ;
#7394 = ORIENTED_EDGE ( 'NONE', *, *, #9081, .T. ) ;
#7395 = EDGE_CURVE ( 'NONE', #9616, #9754, #4378, .T. ) ;
#7396 = VERTEX_POINT ( 'NONE', #11600 ) ;
#7397 = ORIENTED_EDGE ( 'NONE', *, *, #6452, .T. ) ;
#7398 = CONICAL_SURFACE ( 'NONE', #1726, 5.700207538209687286, 0.6108652381979998713 ) ;
#7399 = VECTOR ( 'NONE', #8776, 1000.000000000000000 ) ;
#7400 = CARTESIAN_POINT ( 'NONE',  ( 0.000000000000000000, -27.00000000000000355, 21.38115427306259875 ) ) ;
#7401 = VERTEX_POINT ( 'NONE', #3318 ) ;
#7402 = CARTESIAN_POINT ( 'NONE',  ( -46.58189872104514251, 80.55480016497972429, -15.60897897643324050 ) ) ;
#7403 = LINE ( 'NONE', #1908, #11616 ) ;
#7404 = EDGE_CURVE ( 'NONE', #361, #8067, #6700, .T. ) ;
#7405 = CARTESIAN_POINT ( 'NONE',  ( -16.75499999999995637, -27.00000000000000355, 13.89999999999999680 ) ) ;
#7406 = VECTOR ( 'NONE', #5633, 1000.000000000000000 ) ;
#7407 = VERTEX_POINT ( 'NONE', #2494 ) ;
#7408 = DIRECTION ( 'NONE',  ( -0.7071067811697020478, 0.000000000000000000, -0.7071067812033930977 ) ) ;
#7409 = CIRCLE ( 'NONE', #5328, 2.500000000000000444 ) ;
#7410 = DIRECTION ( 'NONE',  ( -1.000000000000000000, 0.000000000000000000, 1.335278419062900361E-16 ) ) ;
#7411 = ORIENTED_EDGE ( 'NONE', *, *, #566, .F. ) ;
#7412 = ORIENTED_EDGE ( 'NONE', *, *, #95, .T. ) ;
#7413 = PLANE ( 'NONE',  #10796 ) ;
#7414 = VERTEX_POINT ( 'NONE', #1053 ) ;
#7415 = AXIS2_PLACEMENT_3D ( 'NONE', #9326, #4896, #2130 ) ;
#7416 = DIRECTION ( 'NONE',  ( -1.521157000053560499E-16, 0.000000000000000000, 1.000000000000000000 ) ) ;
#7417 = VECTOR ( 'NONE', #1924, 1000.000000000000000 ) ;
#7418 = FACE_OUTER_BOUND ( 'NONE', #7963, .T. ) ;
#7419 = AXIS2_PLACEMENT_3D ( 'NONE', #4773, #991, #2953 ) ;
#7420 = CARTESIAN_POINT ( 'NONE',  ( 73.96808532237744771, 8.274999999999998579, 17.06344096893413820 ) ) ;
#7421 = DIRECTION ( 'NONE',  ( 0.000000000000000000, -1.000000000000000000, 1.092650601076099465E-16 ) ) ;
#7422 = DIRECTION ( 'NONE',  ( -1.000000000000000000, 0.000000000000000000, 0.000000000000000000 ) ) ;
#7423 = ORIENTED_EDGE ( 'NONE', *, *, #1752, .T. ) ;
#7424 = DIRECTION ( 'NONE',  ( -0.000000000000000000, -1.000000000000000000, -0.000000000000000000 ) ) ;
#7425 = CARTESIAN_POINT ( 'NONE',  ( 78.20449038586021118, 109.7936094382511101, 44.38388477948119260 ) ) ;
#7426 = DIRECTION ( 'NONE',  ( 1.000000000000000000, -0.000000000000000000, -0.000000000000000000 ) ) ;
#7427 = VERTEX_POINT ( 'NONE', #6217 ) ;
#7428 = EDGE_LOOP ( 'NONE', ( #630, #577, #9739, #133 ) ) ;
#7429 = VECTOR ( 'NONE', #11531, 1000.000000000000000 ) ;
#7430 = ORIENTED_EDGE ( 'NONE', *, *, #5856, .T. ) ;
#7431 = CARTESIAN_POINT ( 'NONE',  ( 79.37500000000000000, 6.349999999999999645, 24.62763407003640381 ) ) ;
#7432 = FACE_OUTER_BOUND ( 'NONE', #1702, .T. ) ;
#7433 = LINE ( 'NONE', #11024, #474 ) ;
#7434 = EDGE_CURVE ( 'NONE', #321, #631, #10697, .T. ) ;
#7435 = CARTESIAN_POINT ( 'NONE',  ( -79.37500000000001421, 6.349999999999999645, -24.58269145387476584 ) ) ;
#7436 = VECTOR ( 'NONE', #3987, 1000.000000000000000 ) ;
#7437 = LINE ( 'NONE', #9075, #7950 ) ;
#7438 = CARTESIAN_POINT ( 'NONE',  ( 4.999570503068137661, 119.8258398792882105, 4.963509728450993919 ) ) ;
#7439 = ORIENTED_EDGE ( 'NONE', *, *, #5458, .F. ) ;
#7440 = ORIENTED_EDGE ( 'NONE', *, *, #4524, .F. ) ;
#7441 = VECTOR ( 'NONE', #6768, 1000.000000000000000 ) ;
#7442 = VECTOR ( 'NONE', #2258, 1000.000000000000000 ) ;
#7443 = DIRECTION ( 'NONE',  ( 0.000000000000000000, 0.000000000000000000, -1.000000000000000000 ) ) ;
#7444 = CARTESIAN_POINT ( 'NONE',  ( 82.55000000000002558, 66.63999999999998636, -5.257691453874765664 ) ) ;
#7445 = CARTESIAN_POINT ( 'NONE',  ( -82.54999999999999716, 105.1531481129175774, 42.55461646725560598 ) ) ;
#7446 = EDGE_CURVE ( 'NONE', #4146, #4317, #5219, .T. ) ;
#7447 = EDGE_CURVE ( 'NONE', #9620, #3926, #5183, .T. ) ;
#7448 = DIRECTION ( 'NONE',  ( 0.000000000000000000, 1.000000000000000000, 0.000000000000000000 ) ) ;
#7449 = DIRECTION ( 'NONE',  ( 0.000000000000000000, 0.000000000000000000, 1.000000000000000000 ) ) ;
#7450 = CARTESIAN_POINT ( 'NONE',  ( 4.166322077441870775, 119.8373023278301019, 36.89999999999999147 ) ) ;
#7451 = DIRECTION ( 'NONE',  ( -2.037326371931608774E-06, 0.000000000000000000, 0.9999999999979246601 ) ) ;
#7452 = CYLINDRICAL_SURFACE ( 'NONE', #3111, 1.150000000000003020 ) ;
#7453 = EDGE_LOOP ( 'NONE', ( #1214, #4607, #28, #1663, #2084, #5273, #2844, #1478, #335, #4055, #7301, #2152, #164 ) ) ;
#7454 = VECTOR ( 'NONE', #6363, 1000.000000000000000 ) ;
#7455 = ORIENTED_EDGE ( 'NONE', *, *, #5138, .F. ) ;
#7456 = ORIENTED_EDGE ( 'NONE', *, *, #7887, .F. ) ;
#7457 = LINE ( 'NONE', #2205, #10734 ) ;
#7458 = CIRCLE ( 'NONE', #4998, 12.50000000000000000 ) ;
#7459 = ADVANCED_FACE ( 'NONE', ( #6167 ), #7925, .T. ) ;
#7460 = CIRCLE ( 'NONE', #7835, 5.999999999999998224 ) ;
#7461 = CARTESIAN_POINT ( 'NONE',  ( -35.61042949679625735, 96.12583987928823603, 1.150873398797557678 ) ) ;
#7462 = AXIS2_PLACEMENT_3D ( 'NONE', #5933, #9526, #1440 ) ;
#7463 = VECTOR ( 'NONE', #10880, 1000.000000000000000 ) ;
#7464 = EDGE_LOOP ( 'NONE', ( #3588, #10692, #10432, #813, #11, #11290, #8939, #3931 ) ) ;
#7465 = DIRECTION ( 'NONE',  ( 0.000000000000000000, 0.000000000000000000, 1.000000000000000000 ) ) ;
#7466 = CARTESIAN_POINT ( 'NONE',  ( 79.37500000000000000, 5.099999999999999645, -127.1386775125482842 ) ) ;
#7467 = VERTEX_POINT ( 'NONE', #3553 ) ;
#7468 = CARTESIAN_POINT ( 'NONE',  ( 50.48689872104515075, 74.78999999999417980, -25.07998592831960849 ) ) ;
#7469 = CARTESIAN_POINT ( 'NONE',  ( -0.0004294969318431102927, 124.8258398792882247, 32.63350972845099562 ) ) ;
#7470 = ORIENTED_EDGE ( 'NONE', *, *, #8112, .T. ) ;
#7471 = VERTEX_POINT ( 'NONE', #822 ) ;
#7472 = DIRECTION ( 'NONE',  ( 1.000000000000000000, 0.000000000000000000, 0.000000000000000000 ) ) ;
#7473 = DIRECTION ( 'NONE',  ( 0.5735764363510453823, 0.000000000000000000, 0.8191520442889923537 ) ) ;
#7474 = VERTEX_POINT ( 'NONE', #7163 ) ;
#7475 = VECTOR ( 'NONE', #11486, 1000.000000000000000 ) ;
#7476 = EDGE_CURVE ( 'NONE', #7528, #2491, #10751, .T. ) ;
#7477 = CIRCLE ( 'NONE', #848, 26.00000000000000355 ) ;
#7478 = EDGE_CURVE ( 'NONE', #7474, #3088, #9507, .T. ) ;
#7479 = CONICAL_SURFACE ( 'NONE', #6716, 5.499999999999973355, 0.9599310885968850293 ) ;
#7480 = DIRECTION ( 'NONE',  ( -0.000000000000000000, -1.000000000000000000, -0.000000000000000000 ) ) ;
#7481 = FACE_OUTER_BOUND ( 'NONE', #2656, .T. ) ;
#7482 = DIRECTION ( 'NONE',  ( 0.000000000000000000, 0.000000000000000000, -1.000000000000000000 ) ) ;
#7483 = CARTESIAN_POINT ( 'NONE',  ( -82.54999999999999716, -24.50000000000000355, -13.82806147072993674 ) ) ;
#7484 = ORIENTED_EDGE ( 'NONE', *, *, #437, .T. ) ;
#7485 = LINE ( 'NONE', #8474, #19 ) ;
#7486 = CARTESIAN_POINT ( 'NONE',  ( 79.76575602480896521, 109.3200046843643918, 44.14708240253857952 ) ) ;
#7487 = CARTESIAN_POINT ( 'NONE',  ( -31.00042949693185435, 110.8258398792882247, 4.963509728450992142 ) ) ;
#7488 = ORIENTED_EDGE ( 'NONE', *, *, #3255, .F. ) ;
#7489 = ORIENTED_EDGE ( 'NONE', *, *, #4420, .F. ) ;
#7490 = ADVANCED_FACE ( 'NONE', ( #4953 ), #5845, .F. ) ;
#7491 = ORIENTED_EDGE ( 'NONE', *, *, #95, .F. ) ;
#7492 = VECTOR ( 'NONE', #2611, 1000.000000000000000 ) ;
#7493 = DIRECTION ( 'NONE',  ( 2.787090821298670553E-12, 0.000000000000000000, -1.000000000000000000 ) ) ;
#7494 = CARTESIAN_POINT ( 'NONE',  ( -52.36501998304115091, 5.099999999999999645, 19.07115427297831900 ) ) ;
#7495 = CARTESIAN_POINT ( 'NONE',  ( 5.680751744443683471, 124.8258398792882247, -15.09244537956796073 ) ) ;
#7496 = FACE_OUTER_BOUND ( 'NONE', #7988, .T. ) ;
#7497 = ORIENTED_EDGE ( 'NONE', *, *, #10195, .T. ) ;
#7498 = CARTESIAN_POINT ( 'NONE',  ( -51.69999999999999574, 109.8258398792882247, 36.89999999999998437 ) ) ;
#7499 = LINE ( 'NONE', #3055, #309 ) ;
#7500 = ORIENTED_EDGE ( 'NONE', *, *, #5348, .F. ) ;
#7501 = VERTEX_POINT ( 'NONE', #2127 ) ;
#7502 = EDGE_CURVE ( 'NONE', #389, #88, #1226, .T. ) ;
#7503 = CARTESIAN_POINT ( 'NONE',  ( -11.25499999999998302, -27.00000000000000355, 19.39999999999997371 ) ) ;
#7504 = DIRECTION ( 'NONE',  ( 0.000000000000000000, 0.000000000000000000, -1.000000000000000000 ) ) ;
#7505 = DIRECTION ( 'NONE',  ( 0.000000000000000000, -1.000000000000000000, 0.000000000000000000 ) ) ;
#7506 = CARTESIAN_POINT ( 'NONE',  ( 50.48689872104515075, 95.28999999999417980, 0.5200140716803901553 ) ) ;
#7507 = DIRECTION ( 'NONE',  ( 0.000000000000000000, 0.7660444431189796788, 0.6427876096865373645 ) ) ;
#7508 = CARTESIAN_POINT ( 'NONE',  ( 79.37500000000000000, 58.93999999999998352, -0.2576914538747649974 ) ) ;
#7509 = DIRECTION ( 'NONE',  ( -0.000000000000000000, -1.000000000000000000, -0.000000000000000000 ) ) ;
#7510 = DIRECTION ( 'NONE',  ( 0.000000000000000000, 0.000000000000000000, 1.000000000000000000 ) ) ;
#7511 = VERTEX_POINT ( 'NONE', #2190 ) ;
#7512 = ORIENTED_EDGE ( 'NONE', *, *, #4586, .F. ) ;
#7513 = ORIENTED_EDGE ( 'NONE', *, *, #5652, .T. ) ;
#7514 = EDGE_CURVE ( 'NONE', #7536, #9901, #7385, .T. ) ;
#7515 = EDGE_CURVE ( 'NONE', #10482, #2474, #9378, .T. ) ;
#7516 = DIRECTION ( 'NONE',  ( -0.000000000000000000, -1.000000000000000000, 0.000000000000000000 ) ) ;
#7517 = ORIENTED_EDGE ( 'NONE', *, *, #3984, .F. ) ;
#7518 = CARTESIAN_POINT ( 'NONE',  ( 5.041933606692420078, 124.8258398792882247, -15.23534267996139135 ) ) ;
#7519 = LINE ( 'NONE', #9046, #1407 ) ;
#7520 = DIRECTION ( 'NONE',  ( -1.521157000053560499E-16, 0.000000000000000000, -1.000000000000000000 ) ) ;
#7521 = VERTEX_POINT ( 'NONE', #8441 ) ;
#7522 = CARTESIAN_POINT ( 'NONE',  ( -79.37500000000000000, 90.00000000000000000, 25.39999999999999147 ) ) ;
#7523 = CARTESIAN_POINT ( 'NONE',  ( -41.55000000000002558, 92.50000000000000000, 10.19715292348722890 ) ) ;
#7524 = ORIENTED_EDGE ( 'NONE', *, *, #10693, .T. ) ;
#7525 = ORIENTED_EDGE ( 'NONE', *, *, #462, .F. ) ;
#7526 = CARTESIAN_POINT ( 'NONE',  ( -50.48689872104515075, 97.40000406513269127, 2.358535216981981542 ) ) ;
#7527 = CARTESIAN_POINT ( 'NONE',  ( -43.40689872104513825, 90.00000000000000000, -29.66122071973760299 ) ) ;
#7528 = VERTEX_POINT ( 'NONE', #4775 ) ;
#7529 = EDGE_CURVE ( 'NONE', #6682, #9361, #1279, .T. ) ;
#7530 = EDGE_CURVE ( 'NONE', #3682, #8473, #405, .T. ) ;
#7531 = CARTESIAN_POINT ( 'NONE',  ( -35.61042949676936331, 96.12583987928823603, 18.79369299900851686 ) ) ;
#7532 = DIRECTION ( 'NONE',  ( -1.000000000000000000, 0.000000000000000000, 1.335278419062900361E-16 ) ) ;
#7533 = CARTESIAN_POINT ( 'NONE',  ( 50.48689872104515075, 94.56476577691782381, -8.504985928319962696 ) ) ;
#7534 = CARTESIAN_POINT ( 'NONE',  ( 11.25500000000000433, -24.89937738537090794, 5.042308546125213731 ) ) ;
#7535 = EDGE_CURVE ( 'NONE', #1849, #6628, #7554, .T. ) ;
#7536 = VERTEX_POINT ( 'NONE', #513 ) ;
#7537 = EDGE_CURVE ( 'NONE', #444, #11576, #2466, .T. ) ;
#7538 = DIRECTION ( 'NONE',  ( 0.000000000000000000, 0.000000000000000000, -1.000000000000000000 ) ) ;
#7539 = DIRECTION ( 'NONE',  ( 1.000000000000000000, 0.000000000000000000, 0.000000000000000000 ) ) ;
#7540 = DIRECTION ( 'NONE',  ( 0.000000000000000000, 0.5735764363510426067, 0.8191520442889942411 ) ) ;
#7541 = VERTEX_POINT ( 'NONE', #7851 ) ;
#7542 = ORIENTED_EDGE ( 'NONE', *, *, #3144, .F. ) ;
#7543 = EDGE_CURVE ( 'NONE', #11318, #3833, #2407, .T. ) ;
#7544 = DIRECTION ( 'NONE',  ( 0.000000000000000000, -1.000000000000000000, -3.354869254291018419E-16 ) ) ;
#7545 = AXIS2_PLACEMENT_3D ( 'NONE', #8436, #3114, #3884 ) ;
#7546 = CARTESIAN_POINT ( 'NONE',  ( -43.40689872104514535, 74.43999999999417128, -2.374168628343575005 ) ) ;
#7547 = FACE_OUTER_BOUND ( 'NONE', #3402, .T. ) ;
#7548 = LINE ( 'NONE', #5719, #11027 ) ;
#7549 = CARTESIAN_POINT ( 'NONE',  ( 82.55000000000002558, 61.63999999999999346, 10.39999999999999325 ) ) ;
#7550 = ORIENTED_EDGE ( 'NONE', *, *, #10790, .T. ) ;
#7551 = DIRECTION ( 'NONE',  ( -0.000000000000000000, 1.000000000000000000, 0.000000000000000000 ) ) ;
#7552 = VECTOR ( 'NONE', #11530, 1000.000000000000000 ) ;
#7553 = ORIENTED_EDGE ( 'NONE', *, *, #6061, .T. ) ;
#7554 = B_SPLINE_CURVE_WITH_KNOTS ( 'NONE', 3,
 ( #10604, #9654, #1397, #6781, #6842, #5015, #10490, #5958, #8612, #10426 ),
 .UNSPECIFIED., .F., .F.,
 ( 4, 2, 2, 2, 4 ),
 ( 0.000000000000000000, 0.002500326895772228726, 0.005000653791544455717, 0.007500980687316683576, 0.01000130758308890970 ),
 .UNSPECIFIED. ) ;
#7555 = ORIENTED_EDGE ( 'NONE', *, *, #1375, .F. ) ;
#7556 = PLANE ( 'NONE',  #2697 ) ;
#7557 = AXIS2_PLACEMENT_3D ( 'NONE', #10736, #9088, #1770 ) ;
#7558 = CARTESIAN_POINT ( 'NONE',  ( -80.85413375701661209, 108.5927739341370710, 43.78346702742383911 ) ) ;
#7559 = DIRECTION ( 'NONE',  ( 0.000000000000000000, 1.000000000000000000, 0.000000000000000000 ) ) ;
#7560 = DIRECTION ( 'NONE',  ( 0.000000000000000000, 0.000000000000000000, -1.000000000000000000 ) ) ;
#7561 = FACE_BOUND ( 'NONE', #9471, .T. ) ;
#7562 = DIRECTION ( 'NONE',  ( -0.000000000000000000, -0.000000000000000000, 1.000000000000000000 ) ) ;
#7563 = LINE ( 'NONE', #3175, #9696 ) ;
#7564 = DIRECTION ( 'NONE',  ( -0.000000000000000000, -1.000000000000000000, -0.000000000000000000 ) ) ;
#7565 = ORIENTED_EDGE ( 'NONE', *, *, #2655, .T. ) ;
#7566 = AXIS2_PLACEMENT_3D ( 'NONE', #8245, #1091, #3802 ) ;
#7567 = ORIENTED_EDGE ( 'NONE', *, *, #7214, .T. ) ;
#7568 = ADVANCED_FACE ( 'NONE', ( #9548 ), #6069, .F. ) ;
#7569 = ORIENTED_EDGE ( 'NONE', *, *, #1304, .T. ) ;
#7570 = FACE_OUTER_BOUND ( 'NONE', #110, .T. ) ;
#7571 = ORIENTED_EDGE ( 'NONE', *, *, #3449, .F. ) ;
#7572 = PLANE ( 'NONE',  #5533 ) ;
#7573 = CARTESIAN_POINT ( 'NONE',  ( 82.54999999999999716, 61.63999999999999346, 11.10020753820971606 ) ) ;
#7574 = EDGE_CURVE ( 'NONE', #8482, #4565, #5065, .T. ) ;
#7575 = EDGE_LOOP ( 'NONE', ( #3492, #3555, #4875, #3617 ) ) ;
#7576 = CARTESIAN_POINT ( 'NONE',  ( -77.61249999996866222, 89.99999999999995737, -37.08269145387477295 ) ) ;
#7577 = LINE ( 'NONE', #1420, #9141 ) ;
#7578 = ORIENTED_EDGE ( 'NONE', *, *, #1696, .T. ) ;
#7579 = ORIENTED_EDGE ( 'NONE', *, *, #4536, .F. ) ;
#7580 = AXIS2_PLACEMENT_3D ( 'NONE', #8280, #9047, #11005 ) ;
#7581 = DIRECTION ( 'NONE',  ( 0.000000000000000000, 1.000000000000000000, 0.000000000000000000 ) ) ;
#7582 = AXIS2_PLACEMENT_3D ( 'NONE', #3584, #3647, #9956 ) ;
#7583 = CARTESIAN_POINT ( 'NONE',  ( -35.61042949679625735, 96.12583987928823603, 15.71614540591397713 ) ) ;
#7584 = ORIENTED_EDGE ( 'NONE', *, *, #2748, .T. ) ;
#7585 = DIRECTION ( 'NONE',  ( 0.000000000000000000, 0.000000000000000000, 1.000000000000000000 ) ) ;
#7586 = DIRECTION ( 'NONE',  ( -1.000000000000000000, -2.206006732456125847E-15, 0.000000000000000000 ) ) ;
#7587 = AXIS2_PLACEMENT_3D ( 'NONE', #10726, #2003, #10011 ) ;
#7588 = AXIS2_PLACEMENT_3D ( 'NONE', #1742, #8000, #9941 ) ;
#7589 = CARTESIAN_POINT ( 'NONE',  ( 2.629020911857209811E-15, 90.00000000000000000, -29.66122071973760654 ) ) ;
#7590 = DIRECTION ( 'NONE',  ( -0.000000000000000000, -1.000000000000000000, -0.000000000000000000 ) ) ;
#7591 = EDGE_CURVE ( 'NONE', #5981, #3517, #563, .T. ) ;
#7592 = VECTOR ( 'NONE', #3947, 999.9999999999998863 ) ;
#7593 = ADVANCED_FACE ( 'NONE', ( #2525 ), #1573, .F. ) ;
#7594 = ORIENTED_EDGE ( 'NONE', *, *, #3126, .T. ) ;
#7595 = CARTESIAN_POINT ( 'NONE',  ( -77.61249999996866222, 82.35514882866895903, -40.25769145387477010 ) ) ;
#7596 = CARTESIAN_POINT ( 'NONE',  ( 79.76575602480876626, 107.0729222818260808, 46.39416480507637885 ) ) ;
#7597 = EDGE_LOOP ( 'NONE', ( #9272, #8020, #5032, #4509 ) ) ;
#7598 = ORIENTED_EDGE ( 'NONE', *, *, #29, .F. ) ;
#7599 = AXIS2_PLACEMENT_3D ( 'NONE', #1071, #3673, #947 ) ;
#7600 = AXIS2_PLACEMENT_3D ( 'NONE', #10814, #8755, #9280 ) ;
#7601 = ADVANCED_FACE ( 'NONE', ( #3352 ), #4174, .F. ) ;
#7602 = EDGE_CURVE ( 'NONE', #8760, #2444, #11223, .T. ) ;
#7603 = CARTESIAN_POINT ( 'NONE',  ( 29.99957050306814210, 110.8258398792882247, 11.89999999999998437 ) ) ;
#7604 = LINE ( 'NONE', #9535, #1384 ) ;
#7605 = LINE ( 'NONE', #9134, #6647 ) ;
#7606 = EDGE_CURVE ( 'NONE', #6281, #3538, #8720, .T. ) ;
#7607 = VECTOR ( 'NONE', #9266, 1000.000000000000000 ) ;
#7608 = ORIENTED_EDGE ( 'NONE', *, *, #5701, .F. ) ;
#7609 = AXIS2_PLACEMENT_3D ( 'NONE', #9490, #3823, #6784 ) ;
#7610 = LINE ( 'NONE', #3879, #10381 ) ;
#7611 = AXIS2_PLACEMENT_3D ( 'NONE', #4653, #5361, #10905 ) ;
#7612 = DIRECTION ( 'NONE',  ( -0.000000000000000000, -1.000000000000000000, -0.000000000000000000 ) ) ;
#7613 = ORIENTED_EDGE ( 'NONE', *, *, #545, .F. ) ;
#7614 = VERTEX_POINT ( 'NONE', #8553 ) ;
#7615 = EDGE_CURVE ( 'NONE', #10779, #7614, #3282, .T. ) ;
#7616 = ADVANCED_FACE ( 'NONE', ( #624 ), #6134, .F. ) ;
#7617 = EDGE_CURVE ( 'NONE', #4358, #6547, #11506, .T. ) ;
#7618 = VECTOR ( 'NONE', #1023, 1000.000000000000000 ) ;
#7619 = LINE ( 'NONE', #464, #5729 ) ;
#7620 = FACE_OUTER_BOUND ( 'NONE', #3936, .T. ) ;
#7621 = CARTESIAN_POINT ( 'NONE',  ( -82.54999999999999716, 104.8258398792882105, 41.90000000000009095 ) ) ;
#7622 = DIRECTION ( 'NONE',  ( 1.000000000000000000, 0.000000000000000000, 0.000000000000000000 ) ) ;
#7623 = DIRECTION ( 'NONE',  ( 0.000000000000000000, 0.000000000000000000, -1.000000000000000000 ) ) ;
#7624 = DIRECTION ( 'NONE',  ( 1.000000000000000000, 0.000000000000000000, 0.000000000000000000 ) ) ;
#7625 = DIRECTION ( 'NONE',  ( 0.000000000000000000, 0.000000000000000000, -1.000000000000000000 ) ) ;
#7626 = LINE ( 'NONE', #9551, #5589 ) ;
#7627 = ORIENTED_EDGE ( 'NONE', *, *, #9455, .T. ) ;
#7628 = VECTOR ( 'NONE', #6248, 1000.000000000000000 ) ;
#7629 = EDGE_LOOP ( 'NONE', ( #4385, #6352, #3508, #8829 ) ) ;
#7630 = ORIENTED_EDGE ( 'NONE', *, *, #2093, .F. ) ;
#7631 = VECTOR ( 'NONE', #11586, 1000.000000000000000 ) ;
#7632 = CARTESIAN_POINT ( 'NONE',  ( 33.54999999999999716, 96.82583987928822467, 22.30467496797187010 ) ) ;
#7633 = CARTESIAN_POINT ( 'NONE',  ( 69.50000000000001421, 82.35514882866895903, -40.25769145387477010 ) ) ;
#7634 = ORIENTED_EDGE ( 'NONE', *, *, #7024, .T. ) ;
#7635 = DIRECTION ( 'NONE',  ( 0.000000000000000000, 0.000000000000000000, -1.000000000000000000 ) ) ;
#7636 = DIRECTION ( 'NONE',  ( 0.000000000000000000, 0.000000000000000000, -1.000000000000000000 ) ) ;
#7637 = CARTESIAN_POINT ( 'NONE',  ( -6.014653437193471675, 119.8258398792882105, 31.87426719053791757 ) ) ;
#7638 = AXIS2_PLACEMENT_3D ( 'NONE', #3573, #7186, #5601 ) ;
#7639 = EDGE_LOOP ( 'NONE', ( #5292, #9907, #6802, #8685 ) ) ;
#7640 = DIRECTION ( 'NONE',  ( 1.000000000000000000, 0.000000000000000000, 1.335278419062900361E-16 ) ) ;
#7641 = DIRECTION ( 'NONE',  ( 0.8191520442889939080, -0.5735764363510430508, 0.000000000000000000 ) ) ;
#7642 = ORIENTED_EDGE ( 'NONE', *, *, #9217, .F. ) ;
#7643 = VERTEX_POINT ( 'NONE', #3226 ) ;
#7644 = ORIENTED_EDGE ( 'NONE', *, *, #7081, .F. ) ;
#7645 = EDGE_CURVE ( 'NONE', #9620, #695, #3408, .T. ) ;
#7646 = VECTOR ( 'NONE', #2854, 1000.000000000000000 ) ;
#7647 = CIRCLE ( 'NONE', #2733, 0.9999999999999974465 ) ;
#7648 = VECTOR ( 'NONE', #1033, 1000.000000000000000 ) ;
#7649 = CARTESIAN_POINT ( 'NONE',  ( 42.54999999999999716, 97.82583987928822467, 10.19715292348722890 ) ) ;
#7650 = DIRECTION ( 'NONE',  ( -1.335278419062900361E-16, 0.000000000000000000, -1.000000000000000000 ) ) ;
#7651 = DIRECTION ( 'NONE',  ( 0.000000000000000000, 1.000000000000000000, 0.000000000000000000 ) ) ;
#7652 = DIRECTION ( 'NONE',  ( 0.000000000000000000, 0.000000000000000000, -1.000000000000000000 ) ) ;
#7653 = EDGE_LOOP ( 'NONE', ( #7250, #9097, #4283, #2062, #4198, #6435, #2795, #8879 ) ) ;
#7654 = FACE_OUTER_BOUND ( 'NONE', #905, .T. ) ;
#7655 = DIRECTION ( 'NONE',  ( -0.000000000000000000, 1.000000000000000000, -0.000000000000000000 ) ) ;
#7656 = DIRECTION ( 'NONE',  ( 1.000000000000000000, 0.000000000000000000, 1.335278419062900361E-16 ) ) ;
#7657 = VECTOR ( 'NONE', #4412, 1000.000000000000000 ) ;
#7658 = VERTEX_POINT ( 'NONE', #467 ) ;
#7659 = VECTOR ( 'NONE', #2884, 1000.000000000000000 ) ;
#7660 = AXIS2_PLACEMENT_3D ( 'NONE', #5750, #3020, #8626 ) ;
#7661 = ORIENTED_EDGE ( 'NONE', *, *, #5070, .T. ) ;
#7662 = EDGE_CURVE ( 'NONE', #8726, #5814, #10369, .T. ) ;
#7663 = EDGE_CURVE ( 'NONE', #9038, #1174, #4414, .T. ) ;
#7664 = DIRECTION ( 'NONE',  ( -1.000000000000000000, 0.000000000000000000, 0.000000000000000000 ) ) ;
#7665 = VECTOR ( 'NONE', #1713, 1000.000000000000000 ) ;
#7666 = VECTOR ( 'NONE', #4944, 1000.000000000000000 ) ;
#7667 = VECTOR ( 'NONE', #4577, 1000.000000000000000 ) ;
#7668 = PLANE ( 'NONE',  #11379 ) ;
#7669 = DIRECTION ( 'NONE',  ( 0.000000000000000000, 0.000000000000000000, 1.000000000000000000 ) ) ;
#7670 = ORIENTED_EDGE ( 'NONE', *, *, #6021, .F. ) ;
#7671 = DIRECTION ( 'NONE',  ( 0.000000000000000000, 0.000000000000000000, 1.000000000000000000 ) ) ;
#7672 = VERTEX_POINT ( 'NONE', #7136 ) ;
#7673 = DIRECTION ( 'NONE',  ( 0.000000000000000000, 0.000000000000000000, -1.000000000000000000 ) ) ;
#7674 = ORIENTED_EDGE ( 'NONE', *, *, #3704, .F. ) ;
#7675 = DIRECTION ( 'NONE',  ( -0.000000000000000000, 1.000000000000000000, -0.000000000000000000 ) ) ;
#7676 = VERTEX_POINT ( 'NONE', #5245 ) ;
#7677 = EDGE_CURVE ( 'NONE', #204, #10210, #9771, .T. ) ;
#7678 = DIRECTION ( 'NONE',  ( 1.527355698137925406E-16, 0.000000000000000000, 1.000000000000000000 ) ) ;
#7679 = FACE_BOUND ( 'NONE', #4813, .T. ) ;
#7680 = LINE ( 'NONE', #6068, #10251 ) ;
#7681 = CARTESIAN_POINT ( 'NONE',  ( 6.616786963295012924, 79.82583987928821045, 18.79370979928978969 ) ) ;
#7682 = CARTESIAN_POINT ( 'NONE',  ( 50.48689872104515075, 74.43999999999417128, -7.959769997217391868 ) ) ;
#7683 = PLANE ( 'NONE',  #9291 ) ;
#7684 = FACE_OUTER_BOUND ( 'NONE', #6242, .T. ) ;
#7685 = EDGE_CURVE ( 'NONE', #9139, #3087, #7077, .T. ) ;
#7686 = CYLINDRICAL_SURFACE ( 'NONE', #6892, 2.499801894116557843 ) ;
#7687 = EDGE_CURVE ( 'NONE', #1095, #5838, #4527, .T. ) ;
#7688 = ORIENTED_EDGE ( 'NONE', *, *, #4649, .T. ) ;
#7689 = ORIENTED_EDGE ( 'NONE', *, *, #2987, .F. ) ;
#7690 = ORIENTED_EDGE ( 'NONE', *, *, #873, .F. ) ;
#7691 = DIRECTION ( 'NONE',  ( 0.000000000000000000, -0.000000000000000000, -1.000000000000000000 ) ) ;
#7692 = ORIENTED_EDGE ( 'NONE', *, *, #7000, .T. ) ;
#7693 = CARTESIAN_POINT ( 'NONE',  ( -69.20000000000000284, -4.758722840904999529, -3.957691453874784493 ) ) ;
#7694 = CARTESIAN_POINT ( 'NONE',  ( 81.55000000000001137, 61.63999999999999346, -0.2576914538747651640 ) ) ;
#7695 = ORIENTED_EDGE ( 'NONE', *, *, #7964, .F. ) ;
#7696 = DIRECTION ( 'NONE',  ( -1.000000000000000000, 0.000000000000000000, 0.000000000000000000 ) ) ;
#7697 = DIRECTION ( 'NONE',  ( -1.521157000053560499E-16, 0.000000000000000000, -1.000000000000000000 ) ) ;
#7698 = EDGE_CURVE ( 'NONE', #7202, #11318, #7647, .T. ) ;
#7699 = ORIENTED_EDGE ( 'NONE', *, *, #4769, .F. ) ;
#7700 = ORIENTED_EDGE ( 'NONE', *, *, #7041, .F. ) ;
#7701 = ORIENTED_EDGE ( 'NONE', *, *, #9544, .F. ) ;
#7702 = DIRECTION ( 'NONE',  ( -1.527355698137925406E-16, 0.000000000000000000, -1.000000000000000000 ) ) ;
#7703 = DIRECTION ( 'NONE',  ( 1.527355698137925406E-16, 0.000000000000000000, 1.000000000000000000 ) ) ;
#7704 = CARTESIAN_POINT ( 'NONE',  ( 0.000000000000000000, -27.00000000000000355, -10.25769145387463688 ) ) ;
#7705 = FACE_OUTER_BOUND ( 'NONE', #4102, .T. ) ;
#7706 = VECTOR ( 'NONE', #8168, 1000.000000000000000 ) ;
#7707 = ORIENTED_EDGE ( 'NONE', *, *, #2825, .T. ) ;
#7708 = CARTESIAN_POINT ( 'NONE',  ( 61.59000000000155950, 8.274999999999998579, 19.62115427306273219 ) ) ;
#7709 = CARTESIAN_POINT ( 'NONE',  ( 81.88915799225159731, 106.0787165668107974, 44.40575337504448328 ) ) ;
#7710 = CYLINDRICAL_SURFACE ( 'NONE', #7462, 1.149999999999998135 ) ;
#7711 = EDGE_CURVE ( 'NONE', #7951, #5205, #7319, .T. ) ;
#7712 = ORIENTED_EDGE ( 'NONE', *, *, #8885, .F. ) ;
#7713 = ORIENTED_EDGE ( 'NONE', *, *, #619, .F. ) ;
#7714 = EDGE_CURVE ( 'NONE', #4644, #4314, #10908, .T. ) ;
#7715 = LINE ( 'NONE', #3212, #1039 ) ;
#7716 = CARTESIAN_POINT ( 'NONE',  ( -79.37500000000000000, 69.46500000000000341, 22.30467496797187010 ) ) ;
#7717 = CARTESIAN_POINT ( 'NONE',  ( 50.48689872104515075, 95.63999999999417412, -7.959769997217391868 ) ) ;
#7718 = ORIENTED_EDGE ( 'NONE', *, *, #1289, .F. ) ;
#7719 = LINE ( 'NONE', #9710, #5884 ) ;
#7720 = EDGE_CURVE ( 'NONE', #216, #11444, #8840, .T. ) ;
#7721 = ADVANCED_FACE ( 'NONE', ( #979 ), #737, .F. ) ;
#7722 =( LENGTH_UNIT ( ) NAMED_UNIT ( * ) SI_UNIT ( .MILLI., .METRE. ) );
#7723 = ORIENTED_EDGE ( 'NONE', *, *, #8304, .T. ) ;
#7724 = VECTOR ( 'NONE', #1084, 1000.000000000000000 ) ;
#7725 = VERTEX_POINT ( 'NONE', #10009 ) ;
#7726 = CARTESIAN_POINT ( 'NONE',  ( 8.384416722923340615, 90.00000000000000000, -3.694314324706627684 ) ) ;
#7727 = CARTESIAN_POINT ( 'NONE',  ( -29.00040951398291256, 96.12583987928823603, 19.48349411328616299 ) ) ;
#7728 = CARTESIAN_POINT ( 'NONE',  ( 74.43750000000000000, 82.35514882866895903, -32.75769145387477010 ) ) ;
#7729 = CARTESIAN_POINT ( 'NONE',  ( -5.000429496931850792, 119.8258398792882105, 4.963509728450992142 ) ) ;
#7730 = CARTESIAN_POINT ( 'NONE',  ( -9.739498901003809550, 109.9867793455061786, 36.89999999999999147 ) ) ;
#7731 = VECTOR ( 'NONE', #3781, 1000.000000000000000 ) ;
#7732 = EDGE_CURVE ( 'NONE', #825, #11127, #10444, .T. ) ;
#7733 = ADVANCED_FACE ( 'NONE', ( #794 ), #861, .F. ) ;
#7734 = DIRECTION ( 'NONE',  ( 0.000000000000000000, -1.000000000000000000, 0.000000000000000000 ) ) ;
#7735 = VERTEX_POINT ( 'NONE', #10786 ) ;
#7736 = VERTEX_POINT ( 'NONE', #4352 ) ;
#7737 = VERTEX_POINT ( 'NONE', #8016 ) ;
#7738 = VECTOR ( 'NONE', #1848, 1000.000000000000000 ) ;
#7739 = ADVANCED_FACE ( 'NONE', ( #11634 ), #9833, .F. ) ;
#7740 = EDGE_CURVE ( 'NONE', #7099, #4472, #6249, .T. ) ;
#7741 = DIRECTION ( 'NONE',  ( 1.000000000000000000, 0.000000000000000000, 0.000000000000000000 ) ) ;
#7742 = FACE_OUTER_BOUND ( 'NONE', #4663, .T. ) ;
#7743 = VERTEX_POINT ( 'NONE', #4476 ) ;
#7744 = CARTESIAN_POINT ( 'NONE',  ( 5.692444083137540467, 124.8258398792882247, 31.95671644730049721 ) ) ;
#7745 = DIRECTION ( 'NONE',  ( -0.000000000000000000, -1.000000000000000000, -0.000000000000000000 ) ) ;
#7746 = ADVANCED_FACE ( 'NONE', ( #2704 ), #4593, .T. ) ;
#7747 = LINE ( 'NONE', #3246, #1056 ) ;
#7748 = CARTESIAN_POINT ( 'NONE',  ( -80.07520753820969617, 66.63999999999998636, -0.2576914538747651640 ) ) ;
#7749 = FACE_OUTER_BOUND ( 'NONE', #3976, .T. ) ;
#7750 = ORIENTED_EDGE ( 'NONE', *, *, #7368, .F. ) ;
#7751 = ORIENTED_EDGE ( 'NONE', *, *, #2486, .F. ) ;
#7752 = ORIENTED_EDGE ( 'NONE', *, *, #9081, .F. ) ;
#7753 = VECTOR ( 'NONE', #6926, 1000.000000000000000 ) ;
#7754 = ADVANCED_FACE ( 'NONE', ( #8072 ), #4050, .F. ) ;
#7755 = ADVANCED_FACE ( 'NONE', ( #3582 ), #7074, .F. ) ;
#7756 = LINE ( 'NONE', #6810, #2706 ) ;
#7757 = CARTESIAN_POINT ( 'NONE',  ( -33.11062444888668921, 96.12583987928823603, 21.29350972844888545 ) ) ;
#7758 = ORIENTED_EDGE ( 'NONE', *, *, #11408, .F. ) ;
#7759 = CARTESIAN_POINT ( 'NONE',  ( 50.48689872104515075, 95.28999999999417980, 0.5200140716803901553 ) ) ;
#7760 = DIRECTION ( 'NONE',  ( 1.000000000000000000, 0.000000000000000000, 0.000000000000000000 ) ) ;
#7761 = CARTESIAN_POINT ( 'NONE',  ( -8.300429496927989703, 99.82583987928822467, -2.966490271607134854 ) ) ;
#7762 = ORIENTED_EDGE ( 'NONE', *, *, #3836, .T. ) ;
#7763 = CARTESIAN_POINT ( 'NONE',  ( 0.000000000000000000, 6.349999999999999645, 0.000000000000000000 ) ) ;
#7764 = VECTOR ( 'NONE', #5247, 1000.000000000000000 ) ;
#7765 = DIRECTION ( 'NONE',  ( 0.8191520442889839160, 0.5735764363510573727, 0.000000000000000000 ) ) ;
#7766 = VERTEX_POINT ( 'NONE', #7375 ) ;
#7767 = ORIENTED_EDGE ( 'NONE', *, *, #11480, .T. ) ;
#7768 = VECTOR ( 'NONE', #8017, 1000.000000000000227 ) ;
#7769 = B_SPLINE_CURVE_WITH_KNOTS ( 'NONE', 3,
 ( #11101, #240, #6563, #2067, #9264, #1167, #298, #4778, #4576 ),
 .UNSPECIFIED., .F., .F.,
 ( 4, 2, 1, 2, 4 ),
 ( 0.000000000000000000, 0.002499999999999996149, 0.004999999999999992298, 0.007499999999999988447, 0.009999999999999986330 ),
 .UNSPECIFIED. ) ;
#7770 = AXIS2_PLACEMENT_3D ( 'NONE', #10894, #5706, #6416 ) ;
#7771 = DIRECTION ( 'NONE',  ( 5.103282850429250674E-32, 1.000000000000000000, 3.354869254291018419E-16 ) ) ;
#7772 = CARTESIAN_POINT ( 'NONE',  ( -50.48689872104515075, 95.28999999999417980, -23.92998592831960991 ) ) ;
#7773 = DIRECTION ( 'NONE',  ( 0.000000000000000000, 0.000000000000000000, -1.000000000000000000 ) ) ;
#7774 = ORIENTED_EDGE ( 'NONE', *, *, #6389, .F. ) ;
#7775 = LINE ( 'NONE', #11371, #7648 ) ;
#7776 = VERTEX_POINT ( 'NONE', #6604 ) ;
#7777 = AXIS2_PLACEMENT_3D ( 'NONE', #2142, #6629, #10385 ) ;
#7778 = ORIENTED_EDGE ( 'NONE', *, *, #2517, .T. ) ;
#7779 = CIRCLE ( 'NONE', #9284, 1.150000000000001688 ) ;
#7780 = ORIENTED_EDGE ( 'NONE', *, *, #9968, .T. ) ;
#7781 = DIRECTION ( 'NONE',  ( 0.000000000000000000, 1.000000000000000000, -1.057759604486138843E-16 ) ) ;
#7782 = ORIENTED_EDGE ( 'NONE', *, *, #5799, .F. ) ;
#7783 = EDGE_CURVE ( 'NONE', #1687, #10807, #7433, .T. ) ;
#7784 = DIRECTION ( 'NONE',  ( 0.000000000000000000, 1.000000000000000000, 1.951983478232497813E-16 ) ) ;
#7785 = VECTOR ( 'NONE', #4302, 1000.000000000000114 ) ;
#7786 = CARTESIAN_POINT ( 'NONE',  ( -82.54999999999999716, 72.64000000000000057, -26.48622071973760228 ) ) ;
#7787 = DIRECTION ( 'NONE',  ( -0.000000000000000000, 7.709882115452476934E-17, -1.000000000000000000 ) ) ;
#7788 = CARTESIAN_POINT ( 'NONE',  ( -82.54999999999999716, 58.93999999999998352, 5.399999999999993250 ) ) ;
#7789 = AXIS2_PLACEMENT_3D ( 'NONE', #177, #6611, #10198 ) ;
#7790 = CARTESIAN_POINT ( 'NONE',  ( -5.000429496931850792, 119.8299752807307357, -20.03649027154900253 ) ) ;
#7791 = DIRECTION ( 'NONE',  ( 2.244742081187875711E-15, 1.000000000000000000, -0.000000000000000000 ) ) ;
#7792 = ORIENTED_EDGE ( 'NONE', *, *, #5349, .F. ) ;
#7793 = ORIENTED_EDGE ( 'NONE', *, *, #8669, .T. ) ;
#7794 = ORIENTED_EDGE ( 'NONE', *, *, #9129, .T. ) ;
#7795 = AXIS2_PLACEMENT_3D ( 'NONE', #6470, #8291, #5647 ) ;
#7796 = EDGE_CURVE ( 'NONE', #5028, #5179, #7548, .T. ) ;
#7797 = EDGE_CURVE ( 'NONE', #6044, #10128, #11090, .T. ) ;
#7798 = DIRECTION ( 'NONE',  ( 1.000000000000000000, 0.000000000000000000, 0.000000000000000000 ) ) ;
#7799 = CARTESIAN_POINT ( 'NONE',  ( 30.99957050306814210, 109.8258398792882247, 11.89999999999998437 ) ) ;
#7800 = LINE ( 'NONE', #6150, #1505 ) ;
#7801 = ORIENTED_EDGE ( 'NONE', *, *, #2643, .T. ) ;
#7802 = FACE_OUTER_BOUND ( 'NONE', #6322, .T. ) ;
#7803 = DIRECTION ( 'NONE',  ( 0.000000000000000000, 0.000000000000000000, 1.000000000000000000 ) ) ;
#7804 = DIRECTION ( 'NONE',  ( 0.000000000000000000, 1.000000000000000000, 7.709882115452476934E-17 ) ) ;
#7805 = VECTOR ( 'NONE', #7194, 1000.000000000000114 ) ;
#7806 = DIRECTION ( 'NONE',  ( 0.000000000000000000, 0.000000000000000000, -1.000000000000000000 ) ) ;
#7807 = CARTESIAN_POINT ( 'NONE',  ( -5.461913016039824598, 96.12583987928823603, -1.124087247170217685 ) ) ;
#7808 = DIRECTION ( 'NONE',  ( 0.000000000000000000, -1.000000000000000000, 0.000000000000000000 ) ) ;
#7809 = ORIENTED_EDGE ( 'NONE', *, *, #3925, .F. ) ;
#7810 = VECTOR ( 'NONE', #4920, 1000.000000000000000 ) ;
#7811 = ORIENTED_EDGE ( 'NONE', *, *, #5068, .F. ) ;
#7812 = ORIENTED_EDGE ( 'NONE', *, *, #3843, .F. ) ;
#7813 = ADVANCED_FACE ( 'NONE', ( #9308 ), #2997, .F. ) ;
#7814 = AXIS2_PLACEMENT_3D ( 'NONE', #9328, #7625, #4293 ) ;
#7815 = DIRECTION ( 'NONE',  ( 0.8191520442889839160, 0.5735764363510573727, 0.000000000000000000 ) ) ;
#7816 = LINE ( 'NONE', #5611, #10220 ) ;
#7817 = CARTESIAN_POINT ( 'NONE',  ( 54.81500000380517434, 8.274999999999998579, 19.62115427306273219 ) ) ;
#7818 = LINE ( 'NONE', #6936, #3063 ) ;
#7819 = ORIENTED_EDGE ( 'NONE', *, *, #6451, .T. ) ;
#7820 = CARTESIAN_POINT ( 'NONE',  ( 7.359748786905746520, 110.3527683476242345, 36.89999999999999858 ) ) ;
#7821 = CARTESIAN_POINT ( 'NONE',  ( 81.52553813077381051, 106.3508143568636513, 44.94994895515174704 ) ) ;
#7822 = DIRECTION ( 'NONE',  ( 1.000000000000000000, 0.000000000000000000, 0.000000000000000000 ) ) ;
#7823 = EDGE_CURVE ( 'NONE', #5783, #1654, #2110, .T. ) ;
#7824 = EDGE_LOOP ( 'NONE', ( #134, #7569, #11338, #3662 ) ) ;
#7825 = ADVANCED_FACE ( 'NONE', ( #281 ), #2002, .T. ) ;
#7826 = ORIENTED_EDGE ( 'NONE', *, *, #10903, .F. ) ;
#7827 = CIRCLE ( 'NONE', #2535, 2.499801894095357913 ) ;
#7828 = AXIS2_PLACEMENT_3D ( 'NONE', #2289, #6013, #11454 ) ;
#7829 = VECTOR ( 'NONE', #7365, 1000.000000000000000 ) ;
#7830 = DIRECTION ( 'NONE',  ( -1.000000000000000000, 0.000000000000000000, 1.600125454749515275E-16 ) ) ;
#7831 = DIRECTION ( 'NONE',  ( 0.000000000000000000, 0.000000000000000000, 1.000000000000000000 ) ) ;
#7832 = DIRECTION ( 'NONE',  ( 0.000000000000000000, 0.000000000000000000, -1.000000000000000000 ) ) ;
#7833 = LINE ( 'NONE', #3161, #3056 ) ;
#7834 = CIRCLE ( 'NONE', #3484, 2.499999999999995115 ) ;
#7835 = AXIS2_PLACEMENT_3D ( 'NONE', #5629, #8392, #2968 ) ;
#7836 = ORIENTED_EDGE ( 'NONE', *, *, #4326, .T. ) ;
#7837 = VECTOR ( 'NONE', #5069, 1000.000000000000000 ) ;
#7838 = CARTESIAN_POINT ( 'NONE',  ( -5.461913016203100213, 99.82583987928822467, 17.99110605185478562 ) ) ;
#7839 = VECTOR ( 'NONE', #6630, 1000.000000000000000 ) ;
#7840 = CARTESIAN_POINT ( 'NONE',  ( -30.00042949693185079, 124.8258398792882247, 11.89999999999998614 ) ) ;
#7841 = EDGE_LOOP ( 'NONE', ( #3641, #7897, #6570, #10208 ) ) ;
#7842 = ORIENTED_EDGE ( 'NONE', *, *, #927, .T. ) ;
#7843 = ADVANCED_FACE ( 'NONE', ( #11201 ), #9249, .T. ) ;
#7844 = EDGE_LOOP ( 'NONE', ( #8654, #2088, #10817, #11578 ) ) ;
#7845 = PLANE ( 'NONE',  #1490 ) ;
#7846 = ORIENTED_EDGE ( 'NONE', *, *, #7241, .F. ) ;
#7847 = VECTOR ( 'NONE', #7493, 1000.000000000000000 ) ;
#7848 = VECTOR ( 'NONE', #5260, 1000.000000000000000 ) ;
#7849 = FACE_OUTER_BOUND ( 'NONE', #5965, .T. ) ;
#7850 = FACE_OUTER_BOUND ( 'NONE', #4218, .T. ) ;
#7851 = CARTESIAN_POINT ( 'NONE',  ( -77.61249999996866222, 9.393818159531837964, -32.75769145387477721 ) ) ;
#7852 = LINE ( 'NONE', #2467, #2114 ) ;
#7853 = CARTESIAN_POINT ( 'NONE',  ( -3.333762823851150969, 119.8510169632661899, -20.03649027154900253 ) ) ;
#7854 = VECTOR ( 'NONE', #1985, 1000.000000000000000 ) ;
#7855 = DIRECTION ( 'NONE',  ( 1.000000000000000000, -0.000000000000000000, -1.490776387223533517E-14 ) ) ;
#7856 = AXIS2_PLACEMENT_3D ( 'NONE', #5415, #9005, #5594 ) ;
#7857 = ORIENTED_EDGE ( 'NONE', *, *, #6368, .F. ) ;
#7858 = EDGE_CURVE ( 'NONE', #5743, #8847, #9083, .T. ) ;
#7859 = ORIENTED_EDGE ( 'NONE', *, *, #2200, .F. ) ;
#7860 = VERTEX_POINT ( 'NONE', #8256 ) ;
#7861 = PLANE ( 'NONE',  #5281 ) ;
#7862 = PLANE ( 'NONE',  #5854 ) ;
#7863 = ORIENTED_EDGE ( 'NONE', *, *, #2748, .F. ) ;
#7864 = CARTESIAN_POINT ( 'NONE',  ( -74.43749999996865085, 82.35514882866895903, -40.25769145387477010 ) ) ;
#7865 = CARTESIAN_POINT ( 'NONE',  ( -32.55000000000002558, 98.32583987928822467, 33.89999999999999147 ) ) ;
#7866 = PLANE ( 'NONE',  #11435 ) ;
#7867 = FACE_BOUND ( 'NONE', #2305, .T. ) ;
#7868 = FACE_OUTER_BOUND ( 'NONE', #376, .T. ) ;
#7869 = ORIENTED_EDGE ( 'NONE', *, *, #7888, .F. ) ;
#7870 = EDGE_CURVE ( 'NONE', #11341, #6272, #3811, .T. ) ;
#7871 = EDGE_LOOP ( 'NONE', ( #6832, #1906, #10178, #2520 ) ) ;
#7872 = VERTEX_POINT ( 'NONE', #5782 ) ;
#7873 = CARTESIAN_POINT ( 'NONE',  ( 11.25500000000000433, -27.00000000000000355, 2.042308546125238600 ) ) ;
#7874 = ORIENTED_EDGE ( 'NONE', *, *, #9246, .F. ) ;
#7875 = LINE ( 'NONE', #8049, #7216 ) ;
#7876 = PLANE ( 'NONE',  #2573 ) ;
#7877 = CARTESIAN_POINT ( 'NONE',  ( 46.58189872104513540, 97.50000000000000000, -26.48622071973760228 ) ) ;
#7878 = ORIENTED_EDGE ( 'NONE', *, *, #10324, .F. ) ;
#7879 = DIRECTION ( 'NONE',  ( -1.000000000000000000, 0.000000000000000000, 6.025932307130935509E-13 ) ) ;
#7880 = CARTESIAN_POINT ( 'NONE',  ( 82.19527286413011780, 106.7944341772956420, 43.86859429800681909 ) ) ;
#7881 = EDGE_CURVE ( 'NONE', #7511, #3639, #2057, .T. ) ;
#7882 = EDGE_CURVE ( 'NONE', #6663, #11545, #1154, .T. ) ;
#7883 = ORIENTED_EDGE ( 'NONE', *, *, #7740, .F. ) ;
#7884 = VERTEX_POINT ( 'NONE', #9198 ) ;
#7885 = CARTESIAN_POINT ( 'NONE',  ( -53.05138322153545261, 8.274999999999998579, 15.82115058466707858 ) ) ;
#7887 = EDGE_CURVE ( 'NONE', #955, #5133, #7605, .T. ) ;
#7886 = LINE ( 'NONE', #3389, #2566 ) ;
#7888 = EDGE_CURVE ( 'NONE', #148, #2370, #169, .T. ) ;
#7889 = DIRECTION ( 'NONE',  ( 1.000000000000000000, 0.000000000000000000, 8.863495325085417182E-17 ) ) ;
#7890 = CARTESIAN_POINT ( 'NONE',  ( -30.00042949693185079, 110.8258398792882247, -20.03649027154900253 ) ) ;
#7891 = EDGE_LOOP ( 'NONE', ( #4333, #4290 ) ) ;
#7892 = PLANE ( 'NONE',  #8144 ) ;
#7893 = DIRECTION ( 'NONE',  ( 1.000000000000000000, 0.000000000000000000, 1.335278419062900115E-16 ) ) ;
#7894 = DIRECTION ( 'NONE',  ( 2.244742081187875711E-15, 1.000000000000000000, -0.000000000000000000 ) ) ;
#7895 = EDGE_CURVE ( 'NONE', #9438, #1038, #10019, .T. ) ;
#7896 = ORIENTED_EDGE ( 'NONE', *, *, #10534, .T. ) ;
#7897 = ORIENTED_EDGE ( 'NONE', *, *, #2544, .T. ) ;
#7898 = DIRECTION ( 'NONE',  ( 0.000000000000000000, 0.000000000000000000, 1.000000000000000000 ) ) ;
#7899 = ORIENTED_EDGE ( 'NONE', *, *, #1966, .T. ) ;
#7900 = EDGE_CURVE ( 'NONE', #7045, #3145, #10584, .T. ) ;
#7901 = FACE_OUTER_BOUND ( 'NONE', #2755, .T. ) ;
#7902 = DIRECTION ( 'NONE',  ( 0.000000000000000000, 1.000000000000000000, 0.000000000000000000 ) ) ;
#7903 = LINE ( 'NONE', #2203, #9313 ) ;
#7904 = CARTESIAN_POINT ( 'NONE',  ( -42.55000000000002558, 91.50000000000000000, 33.89999999999999147 ) ) ;
#7905 = DIRECTION ( 'NONE',  ( 0.000000000000000000, 1.000000000000000000, 0.000000000000000000 ) ) ;
#7906 = CIRCLE ( 'NONE', #184, 2.500000000000000444 ) ;
#7907 = ORIENTED_EDGE ( 'NONE', *, *, #6595, .F. ) ;
#7908 = VERTEX_POINT ( 'NONE', #451 ) ;
#7909 = EDGE_LOOP ( 'NONE', ( #999, #6979 ) ) ;
#7910 = CARTESIAN_POINT ( 'NONE',  ( -53.40689872104514535, 74.43999999999417128, -7.959769997217391868 ) ) ;
#7911 = AXIS2_PLACEMENT_3D ( 'NONE', #759, #1847, #11597 ) ;
#7912 = DIRECTION ( 'NONE',  ( 1.000000000000000000, 0.000000000000000000, 0.000000000000000000 ) ) ;
#7913 = VERTEX_POINT ( 'NONE', #2451 ) ;
#7914 = DIRECTION ( 'NONE',  ( 0.000000000000000000, -0.000000000000000000, 1.000000000000000000 ) ) ;
#7915 = DIRECTION ( 'NONE',  ( -0.000000000000000000, -1.000000000000000000, -0.000000000000000000 ) ) ;
#7916 = EDGE_LOOP ( 'NONE', ( #4371, #6343, #923, #4166 ) ) ;
#7917 = DIRECTION ( 'NONE',  ( 0.000000000000000000, 0.000000000000000000, -1.000000000000000000 ) ) ;
#7918 = PLANE ( 'NONE',  #9715 ) ;
#7919 = ORIENTED_EDGE ( 'NONE', *, *, #5798, .T. ) ;
#7920 = VERTEX_POINT ( 'NONE', #6888 ) ;
#7921 = AXIS2_PLACEMENT_3D ( 'NONE', #1646, #5257, #10500 ) ;
#7922 = ORIENTED_EDGE ( 'NONE', *, *, #11438, .F. ) ;
#7923 = ADVANCED_FACE ( 'NONE', ( #11369 ), #3273, .T. ) ;
#7924 = DIRECTION ( 'NONE',  ( -1.000000000000000000, -0.000000000000000000, -0.000000000000000000 ) ) ;
#7925 = CYLINDRICAL_SURFACE ( 'NONE', #4994, 25.00000000000000000 ) ;
#7926 = ORIENTED_EDGE ( 'NONE', *, *, #2921, .T. ) ;
#7927 = AXIS2_PLACEMENT_3D ( 'NONE', #9846, #9148, #8267 ) ;
#7928 = LINE ( 'NONE', #11534, #4756 ) ;
#7929 = CARTESIAN_POINT ( 'NONE',  ( -16.75499999999995993, 6.349999999999999645, 2.559084472230088230E-15 ) ) ;
#7930 = DIRECTION ( 'NONE',  ( 5.782411586589358625E-17, -0.000000000000000000, 1.000000000000000000 ) ) ;
#7931 = VERTEX_POINT ( 'NONE', #10478 ) ;
#7932 = LINE ( 'NONE', #951, #5301 ) ;
#7933 = DIRECTION ( 'NONE',  ( 0.000000000000000000, -1.000000000000000000, 0.000000000000000000 ) ) ;
#7934 = PLANE ( 'NONE',  #6702 ) ;
#7935 = EDGE_LOOP ( 'NONE', ( #10005, #5381, #6721, #8574 ) ) ;
#7936 = ORIENTED_EDGE ( 'NONE', *, *, #3155, .T. ) ;
#7937 = CIRCLE ( 'NONE', #8314, 1.149999999999998135 ) ;
#7938 = EDGE_CURVE ( 'NONE', #10521, #9553, #552, .T. ) ;
#7939 = ADVANCED_FACE ( 'NONE', ( #10528 ), #4048, .F. ) ;
#7940 = LINE ( 'NONE', #900, #670 ) ;
#7941 = CARTESIAN_POINT ( 'NONE',  ( 2.629020911857209811E-15, 72.64000000000000057, -29.66122071973760654 ) ) ;
#7942 = DIRECTION ( 'NONE',  ( -1.000000000000000000, -0.000000000000000000, 1.335278419062900115E-16 ) ) ;
#7943 = ORIENTED_EDGE ( 'NONE', *, *, #6368, .T. ) ;
#7944 = FACE_OUTER_BOUND ( 'NONE', #10468, .T. ) ;
#7945 = FACE_OUTER_BOUND ( 'NONE', #1566, .T. ) ;
#7946 = ORIENTED_EDGE ( 'NONE', *, *, #9233, .T. ) ;
#7947 = ORIENTED_EDGE ( 'NONE', *, *, #7698, .F. ) ;
#7948 = EDGE_CURVE ( 'NONE', #2621, #2276, #8903, .T. ) ;
#7949 = CIRCLE ( 'NONE', #2489, 2.499724320665662525 ) ;
#7950 = VECTOR ( 'NONE', #2769, 1000.000000000000000 ) ;
#7951 = VERTEX_POINT ( 'NONE', #9479 ) ;
#7952 = EDGE_CURVE ( 'NONE', #4123, #388, #1447, .T. ) ;
#7953 = DIRECTION ( 'NONE',  ( -1.000000000000000000, 0.000000000000000000, 0.000000000000000000 ) ) ;
#7954 = CARTESIAN_POINT ( 'NONE',  ( 46.58189872104514251, 72.64000000000000057, -7.085838131530381798E-15 ) ) ;
#7955 = DIRECTION ( 'NONE',  ( -0.000000000000000000, -1.000000000000000000, -0.000000000000000000 ) ) ;
#7956 = LINE ( 'NONE', #7904, #5883 ) ;
#7957 = VECTOR ( 'NONE', #2498, 1000.000000000000000 ) ;
#7958 = VECTOR ( 'NONE', #11619, 1000.000000000000000 ) ;
#7959 = CARTESIAN_POINT ( 'NONE',  ( -13.75499999999998657, 4.249377385370907589, 2.100877762788714355E-15 ) ) ;
#7960 = AXIS2_PLACEMENT_3D ( 'NONE', #10591, #1561, #9327 ) ;
#7961 = LINE ( 'NONE', #10546, #291 ) ;
#7962 = ORIENTED_EDGE ( 'NONE', *, *, #590, .T. ) ;
#7963 = EDGE_LOOP ( 'NONE', ( #11311, #7052, #9794, #4917 ) ) ;
#7964 = EDGE_CURVE ( 'NONE', #8575, #5838, #9583, .T. ) ;
#7965 = ADVANCED_FACE ( 'NONE', ( #1383 ), #5110, .T. ) ;
#7966 = EDGE_CURVE ( 'NONE', #10782, #3678, #10781, .T. ) ;
#7967 = ORIENTED_EDGE ( 'NONE', *, *, #3843, .T. ) ;
#7968 = CIRCLE ( 'NONE', #4379, 2.500000000000009326 ) ;
#7969 = CIRCLE ( 'NONE', #11353, 1.149999999999998135 ) ;
#7970 = CARTESIAN_POINT ( 'NONE',  ( 0.000000000000000000, 97.50000000000000000, 0.000000000000000000 ) ) ;
#7971 = ORIENTED_EDGE ( 'NONE', *, *, #6076, .T. ) ;
#7972 = FACE_OUTER_BOUND ( 'NONE', #10041, .T. ) ;
#7973 = DIRECTION ( 'NONE',  ( 0.000000000000000000, 0.000000000000000000, 1.000000000000000000 ) ) ;
#7974 = DIRECTION ( 'NONE',  ( 0.000000000000000000, 0.000000000000000000, 1.000000000000000000 ) ) ;
#7975 = ORIENTED_EDGE ( 'NONE', *, *, #3290, .T. ) ;
#7976 = CARTESIAN_POINT ( 'NONE',  ( -50.02648654977334530, 6.349999999999999645, 21.38115427306260230 ) ) ;
#7977 = CARTESIAN_POINT ( 'NONE',  ( 6.616786591357574743, 79.82583987928821045, -4.426490271496838602 ) ) ;
#7978 = ORIENTED_EDGE ( 'NONE', *, *, #7000, .F. ) ;
#7979 = ORIENTED_EDGE ( 'NONE', *, *, #3334, .F. ) ;
#7980 = ORIENTED_EDGE ( 'NONE', *, *, #1173, .T. ) ;
#7981 = DIRECTION ( 'NONE',  ( -0.000000000000000000, -1.000000000000000000, 0.000000000000000000 ) ) ;
#7982 = CARTESIAN_POINT ( 'NONE',  ( -54.81499993151516748, 8.274999999999998579, 15.82115373010225312 ) ) ;
#7983 = VECTOR ( 'NONE', #10008, 1000.000000000000000 ) ;
#7984 = ORIENTED_EDGE ( 'NONE', *, *, #10538, .F. ) ;
#7985 = CARTESIAN_POINT ( 'NONE',  ( -46.58189872104514251, 97.50000000000000000, 19.12967496797186939 ) ) ;
#7986 = CARTESIAN_POINT ( 'NONE',  ( -2.627153738752083401E-15, 6.349999999999999645, 24.62763407003638250 ) ) ;
#7987 = DIRECTION ( 'NONE',  ( 2.498538852137597279E-15, -1.000000000000000000, -1.951983478232497813E-16 ) ) ;
#7988 = EDGE_LOOP ( 'NONE', ( #5147, #5554, #1771, #9003, #2840 ) ) ;
#7989 = DIRECTION ( 'NONE',  ( 1.000000000000000000, -0.000000000000000000, -0.000000000000000000 ) ) ;
#7990 = DIRECTION ( 'NONE',  ( 0.8191520442889915765, 7.834618184293517398E-17, 0.5735764363510463815 ) ) ;
#7991 = DIRECTION ( 'NONE',  ( -0.000000000000000000, -1.000000000000000000, -0.000000000000000000 ) ) ;
#7992 = ORIENTED_EDGE ( 'NONE', *, *, #6731, .T. ) ;
#7993 = DIRECTION ( 'NONE',  ( -0.5735764363510478248, 0.8191520442889905773, 0.000000000000000000 ) ) ;
#7994 = ORIENTED_EDGE ( 'NONE', *, *, #6148, .F. ) ;
#7995 = EDGE_CURVE ( 'NONE', #8092, #5892, #7833, .T. ) ;
#7996 = VECTOR ( 'NONE', #5173, 1000.000000000000000 ) ;
#7997 = AXIS2_PLACEMENT_3D ( 'NONE', #5751, #8514, #4859 ) ;
#7998 = CARTESIAN_POINT ( 'NONE',  ( 46.58189872104513540, 74.67980196068272392, -26.29001273249923898 ) ) ;
#7999 = CARTESIAN_POINT ( 'NONE',  ( 77.54999999999999716, 104.8258398792882105, 0.000000000000000000 ) ) ;
#8000 = DIRECTION ( 'NONE',  ( 0.000000000000000000, 1.000000000000000000, 0.000000000000000000 ) ) ;
#8001 = ORIENTED_EDGE ( 'NONE', *, *, #1096, .T. ) ;
#8002 = CARTESIAN_POINT ( 'NONE',  ( 79.37500000000002842, 5.099999999999999645, 21.38115427306259875 ) ) ;
#8003 = CARTESIAN_POINT ( 'NONE',  ( 77.61249999999999716, 9.393818159531857503, -32.75769145387477721 ) ) ;
#8004 = DIRECTION ( 'NONE',  ( -1.000000000000000000, 0.000000000000000000, 1.611406140256719229E-11 ) ) ;
#8005 = AXIS2_PLACEMENT_3D ( 'NONE', #3680, #7933, #8876 ) ;
#8006 = ORIENTED_EDGE ( 'NONE', *, *, #2381, .F. ) ;
#8007 = ORIENTED_EDGE ( 'NONE', *, *, #4313, .F. ) ;
#8008 = EDGE_CURVE ( 'NONE', #4182, #4389, #9462, .T. ) ;
#8009 = ORIENTED_EDGE ( 'NONE', *, *, #9332, .T. ) ;
#8010 = VECTOR ( 'NONE', #5084, 1000.000000000000000 ) ;
#8011 = DIRECTION ( 'NONE',  ( 0.000000000000000000, -0.000000000000000000, -1.000000000000000000 ) ) ;
#8012 = VECTOR ( 'NONE', #9812, 1000.000000000000000 ) ;
#8013 = AXIS2_PLACEMENT_3D ( 'NONE', #6225, #10760, #11105 ) ;
#8014 = VECTOR ( 'NONE', #4558, 1000.000000000000000 ) ;
#8015 = DIRECTION ( 'NONE',  ( 0.000000000000000000, 1.000000000000000000, 0.000000000000000000 ) ) ;
#8016 = CARTESIAN_POINT ( 'NONE',  ( -33.11067117007558380, 96.12583987928823603, 21.29350972891239024 ) ) ;
#8017 = DIRECTION ( 'NONE',  ( -0.5735764363510443831, 0.000000000000000000, 0.8191520442889929088 ) ) ;
#8018 = DIRECTION ( 'NONE',  ( 0.000000000000000000, 0.000000000000000000, 1.000000000000000000 ) ) ;
#8019 = DIRECTION ( 'NONE',  ( 0.000000000000000000, 0.000000000000000000, -1.000000000000000000 ) ) ;
#8020 = ORIENTED_EDGE ( 'NONE', *, *, #9323, .F. ) ;
#8021 = VECTOR ( 'NONE', #3983, 1000.000000000000000 ) ;
#8022 = EDGE_CURVE ( 'NONE', #1613, #2551, #505, .T. ) ;
#8023 = ORIENTED_EDGE ( 'NONE', *, *, #2286, .F. ) ;
#8024 = VECTOR ( 'NONE', #7734, 1000.000000000000000 ) ;
#8025 = AXIS2_PLACEMENT_3D ( 'NONE', #5383, #2482, #7803 ) ;
#8026 = ORIENTED_EDGE ( 'NONE', *, *, #518, .T. ) ;
#8027 = DIRECTION ( 'NONE',  ( 0.000000000000000000, -0.000000000000000000, 1.000000000000000000 ) ) ;
#8028 = AXIS2_PLACEMENT_3D ( 'NONE', #7357, #10946, #3795 ) ;
#8029 = ADVANCED_FACE ( 'NONE', ( #675 ), #417, .F. ) ;
#8030 = DIRECTION ( 'NONE',  ( -1.000000000000000000, 0.000000000000000000, 5.782411586589358625E-17 ) ) ;
#8031 = EDGE_CURVE ( 'NONE', #6929, #5195, #1324, .T. ) ;
#8032 = VERTEX_POINT ( 'NONE', #10416 ) ;
#8033 = CARTESIAN_POINT ( 'NONE',  ( -81.84979246179028678, 61.63999999999999346, 10.39999999999999325 ) ) ;
#8034 = DIRECTION ( 'NONE',  ( 0.000000000000000000, 0.000000000000000000, -1.000000000000000000 ) ) ;
#8035 = CARTESIAN_POINT ( 'NONE',  ( -77.61249999996866222, 82.35514882866895903, -37.08269145387477295 ) ) ;
#8036 = ORIENTED_EDGE ( 'NONE', *, *, #1753, .T. ) ;
#8037 = FACE_OUTER_BOUND ( 'NONE', #3860, .T. ) ;
#8038 = CARTESIAN_POINT ( 'NONE',  ( 50.48689872104515075, 97.40000406513269127, 2.358535216981981542 ) ) ;
#8039 = ORIENTED_EDGE ( 'NONE', *, *, #3666, .T. ) ;
#8040 = EDGE_CURVE ( 'NONE', #9619, #1706, #7409, .T. ) ;
#8041 = ORIENTED_EDGE ( 'NONE', *, *, #11283, .T. ) ;
#8042 = ORIENTED_EDGE ( 'NONE', *, *, #9555, .F. ) ;
#8043 = VECTOR ( 'NONE', #5044, 1000.000000000000000 ) ;
#8044 = CARTESIAN_POINT ( 'NONE',  ( -50.48689872104515075, 94.56476577691782381, -21.83805926787198715 ) ) ;
#8045 =( BOUNDED_CURVE ( )  B_SPLINE_CURVE ( 3, ( #9058, #965, #1921, #5644 ),
 .UNSPECIFIED., .F., .T. ) 
 B_SPLINE_CURVE_WITH_KNOTS ( ( 4, 4 ),
 ( 0.000000000000000000, 1.570796326794896558 ),
 .UNSPECIFIED. ) 
 CURVE ( )  GEOMETRIC_REPRESENTATION_ITEM ( )  RATIONAL_B_SPLINE_CURVE ( ( 1.000000000000000000, 0.8047378541243649375, 0.8047378541243649375, 1.000000000000000000 ) ) 
 REPRESENTATION_ITEM ( '' )  );
#8046 = DIRECTION ( 'NONE',  ( -1.000000000000000000, 0.000000000000000000, 0.000000000000000000 ) ) ;
#8047 = CARTESIAN_POINT ( 'NONE',  ( -50.48689872104515075, 75.48946397805705999, -8.504985928319609201 ) ) ;
#8048 = ORIENTED_EDGE ( 'NONE', *, *, #7685, .T. ) ;
#8049 = CARTESIAN_POINT ( 'NONE',  ( 50.48689872104514365, 95.20641123616282187, -26.28622525258461451 ) ) ;
#8050 = CARTESIAN_POINT ( 'NONE',  ( 41.54999999999999716, 97.82583987928822467, 33.89999999999999147 ) ) ;
#8051 = DIRECTION ( 'NONE',  ( -0.000000000000000000, -1.000000000000000000, -0.000000000000000000 ) ) ;
#8052 = ORIENTED_EDGE ( 'NONE', *, *, #6008, .F. ) ;
#8053 = FACE_OUTER_BOUND ( 'NONE', #6227, .T. ) ;
#8054 = DIRECTION ( 'NONE',  ( 0.000000000000000000, 1.000000000000000000, 0.000000000000000000 ) ) ;
#8055 = CARTESIAN_POINT ( 'NONE',  ( -53.05138322153545261, 8.274999999999998579, 15.82115058466707858 ) ) ;
#8056 = ORIENTED_EDGE ( 'NONE', *, *, #4406, .T. ) ;
#8057 = ORIENTED_EDGE ( 'NONE', *, *, #8580, .T. ) ;
#8058 = VERTEX_POINT ( 'NONE', #5834 ) ;
#8059 = CARTESIAN_POINT ( 'NONE',  ( -80.07520753820969617, 58.93999999999998352, -5.257691453874764775 ) ) ;
#8060 = DIRECTION ( 'NONE',  ( 0.000000000000000000, 0.000000000000000000, 1.000000000000000000 ) ) ;
#8061 = CARTESIAN_POINT ( 'NONE',  ( -50.48689872104515075, 78.54000537782802382, -2.374168628343575449 ) ) ;
#8062 = EDGE_CURVE ( 'NONE', #7291, #8347, #4939, .T. ) ;
#8063 = ORIENTED_EDGE ( 'NONE', *, *, #4613, .F. ) ;
#8064 = LINE ( 'NONE', #2689, #9086 ) ;
#8065 = DIRECTION ( 'NONE',  ( 0.000000000000000000, 0.000000000000000000, 1.000000000000000000 ) ) ;
#8066 = DIRECTION ( 'NONE',  ( 0.000000000000000000, 0.000000000000000000, 1.000000000000000000 ) ) ;
#8067 = VERTEX_POINT ( 'NONE', #5472 ) ;
#8068 = ORIENTED_EDGE ( 'NONE', *, *, #9903, .T. ) ;
#8069 = EDGE_LOOP ( 'NONE', ( #7191, #3564, #3180, #6306 ) ) ;
#8070 = LINE ( 'NONE', #6313, #6339 ) ;
#8071 = CARTESIAN_POINT ( 'NONE',  ( -81.84979246179028678, 53.93999999999999062, -0.2576914538747649974 ) ) ;
#8072 = FACE_OUTER_BOUND ( 'NONE', #1464, .T. ) ;
#8073 = EDGE_CURVE ( 'NONE', #11329, #8923, #2626, .T. ) ;
#8074 = CARTESIAN_POINT ( 'NONE',  ( -35.61042949679625735, 97.50000000000000000, 18.79369299900851686 ) ) ;
#8075 = DIRECTION ( 'NONE',  ( -1.335278419062900361E-16, -1.677434638215118264E-15, 1.000000000000000000 ) ) ;
#8076 = DIRECTION ( 'NONE',  ( 0.7071067812042748368, 0.000000000000000000, -0.7071067811688201976 ) ) ;
#8077 = EDGE_LOOP ( 'NONE', ( #3701, #5584, #9528, #10161 ) ) ;
#8078 = VERTEX_POINT ( 'NONE', #9879 ) ;
#8079 = AXIS2_PLACEMENT_3D ( 'NONE', #5639, #1077, #7408 ) ;
#8080 = FACE_OUTER_BOUND ( 'NONE', #7453, .T. ) ;
#8081 = DIRECTION ( 'NONE',  ( 1.000000000000000000, 0.000000000000000000, -0.000000000000000000 ) ) ;
#8082 = ADVANCED_FACE ( 'NONE', ( #8884 ), #4465, .F. ) ;
#8083 = EDGE_CURVE ( 'NONE', #9662, #2711, #967, .T. ) ;
#8084 = CYLINDRICAL_SURFACE ( 'NONE', #11365, 2.500000000000002220 ) ;
#8085 = CARTESIAN_POINT ( 'NONE',  ( 43.40689872104513825, 97.50000000000000000, 22.30467496797187010 ) ) ;
#8086 = EDGE_LOOP ( 'NONE', ( #8226, #11031, #5711, #6925 ) ) ;
#8087 = CARTESIAN_POINT ( 'NONE',  ( -35.61042949709576533, 96.12583987928823603, -1.926685223531122260 ) ) ;
#8088 = CARTESIAN_POINT ( 'NONE',  ( -46.58189872104514251, 95.63999999999417412, -7.959769997217391868 ) ) ;
#8089 = ORIENTED_EDGE ( 'NONE', *, *, #760, .F. ) ;
#8090 = PLANE ( 'NONE',  #1604 ) ;
#8091 = VERTEX_POINT ( 'NONE', #6234 ) ;
#8092 = VERTEX_POINT ( 'NONE', #1807 ) ;
#8093 = ORIENTED_EDGE ( 'NONE', *, *, #5496, .F. ) ;
#8094 = EDGE_CURVE ( 'NONE', #8536, #6465, #10771, .T. ) ;
#8095 = EDGE_CURVE ( 'NONE', #5460, #6680, #7243, .T. ) ;
#8096 = AXIS2_PLACEMENT_3D ( 'NONE', #6110, #9694, #5050 ) ;
#8097 = DIRECTION ( 'NONE',  ( -1.000000000000000000, 0.000000000000000000, 0.000000000000000000 ) ) ;
#8098 = EDGE_CURVE ( 'NONE', #3868, #11329, #781, .T. ) ;
#8099 = CARTESIAN_POINT ( 'NONE',  ( 46.58189872104514251, 75.82810341039572677, 1.983876593815330880 ) ) ;
#8100 = VERTEX_POINT ( 'NONE', #8061 ) ;
#8101 = LINE ( 'NONE', #2436, #7957 ) ;
#8102 = DIRECTION ( 'NONE',  ( 0.000000000000000000, 0.000000000000000000, 1.000000000000000000 ) ) ;
#8103 = CARTESIAN_POINT ( 'NONE',  ( 50.48689872104515075, 97.40000406513269127, 2.358535216981981542 ) ) ;
#8104 = ORIENTED_EDGE ( 'NONE', *, *, #6601, .T. ) ;
#8105 = DIRECTION ( 'NONE',  ( 0.000000000000000000, 0.000000000000000000, -1.000000000000000000 ) ) ;
#8106 = FACE_BOUND ( 'NONE', #7639, .T. ) ;
#8107 = VECTOR ( 'NONE', #6572, 1000.000000000000000 ) ;
#8108 = ORIENTED_EDGE ( 'NONE', *, *, #6511, .T. ) ;
#8109 = ORIENTED_EDGE ( 'NONE', *, *, #9339, .T. ) ;
#8110 = CARTESIAN_POINT ( 'NONE',  ( -79.37500000000001421, 52.94000000000003325, 5.399999999999993250 ) ) ;
#8111 = EDGE_LOOP ( 'NONE', ( #7978, #5023, #10936, #9973 ) ) ;
#8112 = EDGE_CURVE ( 'NONE', #3745, #11497, #1729, .T. ) ;
#8113 = EDGE_CURVE ( 'NONE', #2435, #4881, #6822, .T. ) ;
#8114 = ADVANCED_FACE ( 'NONE', ( #4578 ), #10828, .T. ) ;
#8115 = CARTESIAN_POINT ( 'NONE',  ( -43.40689872104514535, 95.28999999999417980, 1.670014071680389511 ) ) ;
#8116 = CIRCLE ( 'NONE', #5487, 5.499999999999975131 ) ;
#8117 = DIRECTION ( 'NONE',  ( 0.000000000000000000, -1.000000000000000000, 0.000000000000000000 ) ) ;
#8118 = DIRECTION ( 'NONE',  ( 8.405686134351577711E-17, -0.000000000000000000, 1.000000000000000000 ) ) ;
#8119 = DIRECTION ( 'NONE',  ( 1.000000000000000000, 0.000000000000000000, -0.000000000000000000 ) ) ;
#8120 = CARTESIAN_POINT ( 'NONE',  ( -76.81501998216515403, 8.274999999999998579, 19.07115427298596089 ) ) ;
#8121 = PLANE ( 'NONE',  #4373 ) ;
#8122 = ORIENTED_EDGE ( 'NONE', *, *, #2402, .T. ) ;
#8123 = CARTESIAN_POINT ( 'NONE',  ( 46.58189872104514251, 87.32932506185393606, -9.140776605289593348 ) ) ;
#8124 = DIRECTION ( 'NONE',  ( 0.000000000000000000, 0.000000000000000000, 1.000000000000000000 ) ) ;
#8125 = LINE ( 'NONE', #8949, #11224 ) ;
#8126 = AXIS2_PLACEMENT_3D ( 'NONE', #10832, #11555, #2756 ) ;
#8127 = ORIENTED_EDGE ( 'NONE', *, *, #5663, .F. ) ;
#8128 = EDGE_LOOP ( 'NONE', ( #8652, #11305, #7275, #4832 ) ) ;
#8129 = ORIENTED_EDGE ( 'NONE', *, *, #2366, .T. ) ;
#8130 = PLANE ( 'NONE',  #7286 ) ;
#8131 = DIRECTION ( 'NONE',  ( 0.000000000000000000, 0.000000000000000000, -1.000000000000000000 ) ) ;
#8132 = DIRECTION ( 'NONE',  ( 0.000000000000000000, -0.9578262852411809636, -0.2873478854995805132 ) ) ;
#8133 = CARTESIAN_POINT ( 'NONE',  ( 43.40689872104514535, 95.28999999999417980, -0.6299859283196082016 ) ) ;
#8134 = DIRECTION ( 'NONE',  ( -1.000000000000000000, 0.000000000000000000, 0.000000000000000000 ) ) ;
#8135 = PLANE ( 'NONE',  #5394 ) ;
#8136 = VECTOR ( 'NONE', #8134, 1000.000000000000000 ) ;
#8137 = ORIENTED_EDGE ( 'NONE', *, *, #1301, .F. ) ;
#8138 = ORIENTED_EDGE ( 'NONE', *, *, #10549, .F. ) ;
#8139 = EDGE_CURVE ( 'NONE', #7348, #733, #8180, .T. ) ;
#8140 = FACE_BOUND ( 'NONE', #4699, .T. ) ;
#8141 = VECTOR ( 'NONE', #5066, 1000.000000000000000 ) ;
#8142 = AXIS2_PLACEMENT_3D ( 'NONE', #6055, #4225, #5887 ) ;
#8143 = DIRECTION ( 'NONE',  ( 0.000000000000000000, -1.718887816461048307E-15, 1.000000000000000000 ) ) ;
#8144 = AXIS2_PLACEMENT_3D ( 'NONE', #2131, #4006, #3123 ) ;
#8145 = CARTESIAN_POINT ( 'NONE',  ( 50.48689872104515075, 96.40000537621601495, 3.358535111626435476 ) ) ;
#8146 = FACE_OUTER_BOUND ( 'NONE', #11018, .T. ) ;
#8147 = VERTEX_POINT ( 'NONE', #3570 ) ;
#8148 = CARTESIAN_POINT ( 'NONE',  ( -0.8340933905311623819, 119.8799343483581055, 36.89999999999999147 ) ) ;
#8149 = DIRECTION ( 'NONE',  ( 1.075619781533889645E-16, -0.7071072074758637527, -0.7071063548969742651 ) ) ;
#8150 = FILL_AREA_STYLE_COLOUR ( '', #93 ) ;
#8151 = VERTEX_POINT ( 'NONE', #7004 ) ;
#8152 = ORIENTED_EDGE ( 'NONE', *, *, #11285, .F. ) ;
#8153 = ORIENTED_EDGE ( 'NONE', *, *, #1724, .F. ) ;
#8154 = VECTOR ( 'NONE', #9863, 999.9999999999998863 ) ;
#8155 = VECTOR ( 'NONE', #211, 1000.000000000000000 ) ;
#8156 = VERTEX_POINT ( 'NONE', #6297 ) ;
#8157 = EDGE_CURVE ( 'NONE', #6880, #7202, #5416, .T. ) ;
#8158 = ADVANCED_FACE ( 'NONE', ( #9006 ), #8121, .T. ) ;
#8159 = VECTOR ( 'NONE', #7623, 1000.000000000000000 ) ;
#8160 = LINE ( 'NONE', #6398, #3955 ) ;
#8161 = VECTOR ( 'NONE', #9028, 1000.000000000000000 ) ;
#8162 = ORIENTED_EDGE ( 'NONE', *, *, #3182, .T. ) ;
#8163 = DIRECTION ( 'NONE',  ( 0.000000000000000000, 0.000000000000000000, 1.000000000000000000 ) ) ;
#8164 = LINE ( 'NONE', #9220, #5389 ) ;
#8165 = CYLINDRICAL_SURFACE ( 'NONE', #5712, 25.00000000000000000 ) ;
#8166 = CIRCLE ( 'NONE', #6095, 1.149999999999999467 ) ;
#8167 = ORIENTED_EDGE ( 'NONE', *, *, #11466, .T. ) ;
#8168 = DIRECTION ( 'NONE',  ( -0.000000000000000000, -1.000000000000000000, -0.000000000000000000 ) ) ;
#8169 = ORIENTED_EDGE ( 'NONE', *, *, #6101, .F. ) ;
#8170 = VERTEX_POINT ( 'NONE', #10589 ) ;
#8171 = CARTESIAN_POINT ( 'NONE',  ( 82.55000000000002558, 61.63999999999999346, 5.399999999999991473 ) ) ;
#8172 = ORIENTED_EDGE ( 'NONE', *, *, #9959, .T. ) ;
#8173 = EDGE_CURVE ( 'NONE', #443, #9123, #6117, .T. ) ;
#8174 = VECTOR ( 'NONE', #962, 1000.000000000000000 ) ;
#8175 = LINE ( 'NONE', #1917, #5745 ) ;
#8176 = UNCERTAINTY_MEASURE_WITH_UNIT (LENGTH_MEASURE( 1.000000000000000082E-05 ), #3827, 'distance_accuracy_value', 'NONE');
#8177 = CARTESIAN_POINT ( 'NONE',  ( -33.11060426392916156, 97.50000000000000000, -4.426490271141811483 ) ) ;
#8178 = CARTESIAN_POINT ( 'NONE',  ( -5.461913016039824598, 96.12583987928823603, -1.124087247170217685 ) ) ;
#8179 = DIRECTION ( 'NONE',  ( 0.000000000000000000, 0.000000000000000000, -1.000000000000000000 ) ) ;
#8180 = LINE ( 'NONE', #5291, #3229 ) ;
#8181 = CIRCLE ( 'NONE', #3091, 0.7999999999998941291 ) ;
#8182 = ADVANCED_FACE ( 'NONE', ( #1625 ), #8827, .F. ) ;
#8183 = EDGE_LOOP ( 'NONE', ( #11222, #2249, #5433, #10110 ) ) ;
#8184 = EDGE_CURVE ( 'NONE', #3728, #11651, #3452, .T. ) ;
#8185 = DIRECTION ( 'NONE',  ( 1.000000000000000000, 0.000000000000000000, 9.645899640478401470E-17 ) ) ;
#8186 = CARTESIAN_POINT ( 'NONE',  ( -28.27338749131105899, 96.12583987928823603, 19.01729097703719518 ) ) ;
#8187 = CARTESIAN_POINT ( 'NONE',  ( -11.25499999999998302, 6.349999999999999645, 19.39999999999997371 ) ) ;
#8188 = ORIENTED_EDGE ( 'NONE', *, *, #1004, .F. ) ;
#8189 = ORIENTED_EDGE ( 'NONE', *, *, #11565, .T. ) ;
#8190 = VECTOR ( 'NONE', #1231, 999.9999999999998863 ) ;
#8191 = EDGE_LOOP ( 'NONE', ( #4900, #9494, #2798, #10378 ) ) ;
#8192 = DIRECTION ( 'NONE',  ( 0.000000000000000000, 1.000000000000000000, 0.000000000000000000 ) ) ;
#8193 = CARTESIAN_POINT ( 'NONE',  ( 43.40689872104514535, 69.46500000000000341, -5.796029510066058939E-15 ) ) ;
#8194 = DIRECTION ( 'NONE',  ( -1.000000000000000000, -0.000000000000000000, -0.000000000000000000 ) ) ;
#8195 = DIRECTION ( 'NONE',  ( -7.054731250932863595E-17, -0.8490365576105686207, -0.5283341024775853878 ) ) ;
#8196 = VECTOR ( 'NONE', #3722, 1000.000000000000000 ) ;
#8197 = CARTESIAN_POINT ( 'NONE',  ( 77.61249999999999716, -4.758722840905003082, -32.75769145387477721 ) ) ;
#8198 = EDGE_CURVE ( 'NONE', #3967, #4970, #1678, .T. ) ;
#8199 = CARTESIAN_POINT ( 'NONE',  ( 0.8555213153252462233, 124.1956673223668446, -20.03649027154900253 ) ) ;
#8200 = DIRECTION ( 'NONE',  ( 0.000000000000000000, 0.000000000000000000, 1.000000000000000000 ) ) ;
#8201 = ORIENTED_EDGE ( 'NONE', *, *, #4843, .T. ) ;
#8202 = ORIENTED_EDGE ( 'NONE', *, *, #10187, .F. ) ;
#8203 = VECTOR ( 'NONE', #6349, 1000.000000000000000 ) ;
#8204 = VECTOR ( 'NONE', #5483, 1000.000000000000000 ) ;
#8205 = CIRCLE ( 'NONE', #2356, 1.000000000000000888 ) ;
#8206 = DIRECTION ( 'NONE',  ( -1.000000000000000000, 0.000000000000000000, -0.000000000000000000 ) ) ;
#8207 = CARTESIAN_POINT ( 'NONE',  ( -77.54999999999999716, 107.3258398792882247, 46.90000000000009805 ) ) ;
#8208 = DIRECTION ( 'NONE',  ( -1.000000000000000000, 0.000000000000000000, 1.335278419062900361E-16 ) ) ;
#8209 = DIRECTION ( 'NONE',  ( 0.000000000000000000, 0.000000000000000000, 1.000000000000000000 ) ) ;
#8210 = VERTEX_POINT ( 'NONE', #2807 ) ;
#8211 = DIRECTION ( 'NONE',  ( 1.593062912007103154E-16, 1.000000000000000000, -8.295151110468893303E-17 ) ) ;
#8212 = CARTESIAN_POINT ( 'NONE',  ( -79.37500000000001421, 18.84999999999999076, -37.08269145387476584 ) ) ;
#8213 = SURFACE_SIDE_STYLE ('',( #5446 ) ) ;
#8214 = ADVANCED_FACE ( 'NONE', ( #11079 ), #2096, .T. ) ;
#8215 = VECTOR ( 'NONE', #8859, 1000.000000000000000 ) ;
#8216 = EDGE_LOOP ( 'NONE', ( #10984, #10225, #1997, #1302 ) ) ;
#8217 = CIRCLE ( 'NONE', #3864, 26.00000000000000355 ) ;
#8218 = CIRCLE ( 'NONE', #5010, 2.499801894116292722 ) ;
#8219 = ORIENTED_EDGE ( 'NONE', *, *, #680, .T. ) ;
#8220 = ORIENTED_EDGE ( 'NONE', *, *, #573, .T. ) ;
#8221 = EDGE_CURVE ( 'NONE', #1276, #1849, #9122, .T. ) ;
#8222 = VERTEX_POINT ( 'NONE', #7483 ) ;
#8223 = VECTOR ( 'NONE', #1269, 1000.000000000000000 ) ;
#8224 = FACE_OUTER_BOUND ( 'NONE', #6761, .T. ) ;
#8225 = DIRECTION ( 'NONE',  ( -0.000000000000000000, -1.000000000000000000, -0.000000000000000000 ) ) ;
#8226 = ORIENTED_EDGE ( 'NONE', *, *, #3342, .F. ) ;
#8227 = DIRECTION ( 'NONE',  ( 0.000000000000000000, 1.000000000000000000, 0.000000000000000000 ) ) ;
#8228 = CARTESIAN_POINT ( 'NONE',  ( -29.00042949692799965, 99.82583987928822467, -1.816490271664826572 ) ) ;
#8229 = DIRECTION ( 'NONE',  ( 0.000000000000000000, 0.000000000000000000, 1.000000000000000000 ) ) ;
#8230 = EDGE_CURVE ( 'NONE', #9038, #9918, #2867, .T. ) ;
#8231 = EDGE_CURVE ( 'NONE', #1853, #7407, #11164, .T. ) ;
#8232 = VERTEX_POINT ( 'NONE', #9238 ) ;
#8233 = CARTESIAN_POINT ( 'NONE',  ( -79.37500000000001421, 58.93999999999998352, -0.2576914538747649974 ) ) ;
#8234 = CARTESIAN_POINT ( 'NONE',  ( -33.11067117007558380, 96.12583987928823603, 18.79370330280937651 ) ) ;
#8235 = ORIENTED_EDGE ( 'NONE', *, *, #7948, .F. ) ;
#8236 = ORIENTED_EDGE ( 'NONE', *, *, #3104, .F. ) ;
#8237 = ORIENTED_EDGE ( 'NONE', *, *, #6317, .F. ) ;
#8238 = CARTESIAN_POINT ( 'NONE',  ( 96.69213562373100501, 99.82583987928822467, 46.90000000000009095 ) ) ;
#8239 = CARTESIAN_POINT ( 'NONE',  ( 10.60957050301874460, 99.82583987928819624, 17.30072581676351362 ) ) ;
#8240 = DIRECTION ( 'NONE',  ( 0.000000000000000000, 1.000000000000000000, -0.000000000000000000 ) ) ;
#8241 = LINE ( 'NONE', #5765, #6072 ) ;
#8242 = EDGE_CURVE ( 'NONE', #985, #10762, #6649, .T. ) ;
#8243 = EDGE_CURVE ( 'NONE', #6097, #3015, #1027, .T. ) ;
#8244 = ORIENTED_EDGE ( 'NONE', *, *, #1521, .T. ) ;
#8245 = CARTESIAN_POINT ( 'NONE',  ( 41.54999999999999716, 96.82583987928822467, 10.19715292348722890 ) ) ;
#8246 = CARTESIAN_POINT ( 'NONE',  ( 0.000000000000000000, 99.82583987928822467, 0.000000000000000000 ) ) ;
#8247 = CARTESIAN_POINT ( 'NONE',  ( -8.300429496927989703, 96.12583987928823603, -1.816490271607134721 ) ) ;
#8248 = ORIENTED_EDGE ( 'NONE', *, *, #7714, .F. ) ;
#8249 = ORIENTED_EDGE ( 'NONE', *, *, #11502, .T. ) ;
#8250 = EDGE_LOOP ( 'NONE', ( #6609, #9298, #9159, #10327 ) ) ;
#8251 = EDGE_CURVE ( 'NONE', #6671, #10566, #8241, .T. ) ;
#8252 = EDGE_CURVE ( 'NONE', #420, #7103, #4642, .T. ) ;
#8253 = CARTESIAN_POINT ( 'NONE',  ( -8.300429496927989703, 99.82583987928822467, -0.6664902716071350319 ) ) ;
#8254 = LINE ( 'NONE', #1099, #8223 ) ;
#8255 = DIRECTION ( 'NONE',  ( 0.000000000000000000, 1.000000000000000000, 0.000000000000000000 ) ) ;
#8256 = CARTESIAN_POINT ( 'NONE',  ( 29.99957050306814210, 119.8258398792882105, 4.963509728450988590 ) ) ;
#8257 = EDGE_CURVE ( 'NONE', #8617, #899, #3859, .T. ) ;
#8258 = CYLINDRICAL_SURFACE ( 'NONE', #4935, 2.500000000000000444 ) ;
#8259 = LINE ( 'NONE', #1942, #8136 ) ;
#8260 = LINE ( 'NONE', #6556, #9707 ) ;
#8261 = ORIENTED_EDGE ( 'NONE', *, *, #8970, .T. ) ;
#8262 = ORIENTED_EDGE ( 'NONE', *, *, #9522, .F. ) ;
#8263 = EDGE_CURVE ( 'NONE', #5880, #9123, #1163, .T. ) ;
#8264 = DIRECTION ( 'NONE',  ( 1.000000000000000000, -0.000000000000000000, 1.335278419062900115E-16 ) ) ;
#8265 = CARTESIAN_POINT ( 'NONE',  ( -82.54999999999999716, 104.8258398792882105, 41.90000000000009095 ) ) ;
#8266 = LINE ( 'NONE', #1111, #3418 ) ;
#8267 = DIRECTION ( 'NONE',  ( -1.000000000000000000, 0.000000000000000000, 0.000000000000000000 ) ) ;
#8268 = PLANE ( 'NONE',  #2309 ) ;
#8269 = CARTESIAN_POINT ( 'NONE',  ( -79.37500000000001421, 61.63999999999999346, -6.257691453874721255 ) ) ;
#8270 = ORIENTED_EDGE ( 'NONE', *, *, #8304, .F. ) ;
#8271 = DIRECTION ( 'NONE',  ( 0.000000000000000000, -0.5735764363510428288, -0.8191520442889941300 ) ) ;
#8272 = ORIENTED_EDGE ( 'NONE', *, *, #7720, .T. ) ;
#8273 = VERTEX_POINT ( 'NONE', #158 ) ;
#8274 = ORIENTED_EDGE ( 'NONE', *, *, #2841, .F. ) ;
#8275 = DIRECTION ( 'NONE',  ( 1.000000000000000000, 0.000000000000000000, 0.000000000000000000 ) ) ;
#8276 = DIRECTION ( 'NONE',  ( 1.490776387223533517E-14, -0.000000000000000000, 1.000000000000000000 ) ) ;
#8277 = EDGE_LOOP ( 'NONE', ( #3012, #712, #8330, #10778 ) ) ;
#8278 = CYLINDRICAL_SURFACE ( 'NONE', #1162, 0.7999999999998425038 ) ;
#8279 = LINE ( 'NONE', #9106, #2936 ) ;
#8280 = CARTESIAN_POINT ( 'NONE',  ( 53.05138322153545261, 8.274999999999998579, 15.82115058466708035 ) ) ;
#8281 = ORIENTED_EDGE ( 'NONE', *, *, #1005, .T. ) ;
#8282 = CARTESIAN_POINT ( 'NONE',  ( -6.014653437193468122, 124.8258398792882247, 31.87426719053792468 ) ) ;
#8283 = DIRECTION ( 'NONE',  ( 0.000000000000000000, 0.000000000000000000, -1.000000000000000000 ) ) ;
#8284 = ORIENTED_EDGE ( 'NONE', *, *, #3266, .F. ) ;
#8285 = ORIENTED_EDGE ( 'NONE', *, *, #11529, .T. ) ;
#8286 = DIRECTION ( 'NONE',  ( -0.000000000000000000, -1.000000000000000000, -7.709882115452476934E-17 ) ) ;
#8287 = DIRECTION ( 'NONE',  ( 0.000000000000000000, 0.000000000000000000, 1.000000000000000000 ) ) ;
#8288 = VECTOR ( 'NONE', #6064, 1000.000000000000000 ) ;
#8289 = ORIENTED_EDGE ( 'NONE', *, *, #3759, .T. ) ;
#8290 = EDGE_CURVE ( 'NONE', #609, #3851, #2160, .T. ) ;
#8291 = DIRECTION ( 'NONE',  ( 0.000000000000000000, -0.000000000000000000, 1.000000000000000000 ) ) ;
#8292 = DIRECTION ( 'NONE',  ( 0.000000000000000000, 0.000000000000000000, -1.000000000000000000 ) ) ;
#8293 = LINE ( 'NONE', #3626, #9229 ) ;
#8294 = CIRCLE ( 'NONE', #9051, 2.499806426156745420 ) ;
#8295 = LINE ( 'NONE', #6538, #128 ) ;
#8296 = CARTESIAN_POINT ( 'NONE',  ( 69.20000000000936780, 9.999999999966901143, -3.738845726937403580 ) ) ;
#8297 = ORIENTED_EDGE ( 'NONE', *, *, #11037, .T. ) ;
#8298 = CARTESIAN_POINT ( 'NONE',  ( -53.40689872104514535, 95.63999999999417412, -2.374168628343574561 ) ) ;
#8299 = CARTESIAN_POINT ( 'NONE',  ( 16.75499999999998124, 6.349999999999999645, 13.89999999999999680 ) ) ;
#8300 = CARTESIAN_POINT ( 'NONE',  ( -80.07520753820969617, 58.93999999999998352, 5.399999999999993250 ) ) ;
#8301 = ORIENTED_EDGE ( 'NONE', *, *, #7591, .T. ) ;
#8302 = EDGE_LOOP ( 'NONE', ( #9117, #3209, #5826, #1029 ) ) ;
#8303 = VECTOR ( 'NONE', #8564, 1000.000000000000000 ) ;
#8304 = EDGE_CURVE ( 'NONE', #4500, #2326, #7361, .T. ) ;
#8305 = EDGE_CURVE ( 'NONE', #6097, #5892, #4749, .T. ) ;
#8306 = CARTESIAN_POINT ( 'NONE',  ( 50.48689872104515075, 94.56476577691782381, -21.83805926787198715 ) ) ;
#8307 = CARTESIAN_POINT ( 'NONE',  ( 50.02648654977334530, 8.274999999999998579, 24.62763407003638960 ) ) ;
#8308 = DIRECTION ( 'NONE',  ( 0.000000000000000000, 0.000000000000000000, -1.000000000000000000 ) ) ;
#8309 = FACE_OUTER_BOUND ( 'NONE', #10457, .T. ) ;
#8310 = CARTESIAN_POINT ( 'NONE',  ( 0.8329038514731200715, 119.8794169292362426, -20.03649027154900253 ) ) ;
#8311 = DIRECTION ( 'NONE',  ( -0.000000000000000000, -1.000000000000000000, 0.000000000000000000 ) ) ;
#8312 = EDGE_LOOP ( 'NONE', ( #1070, #10109, #4965, #1979 ) ) ;
#8313 = VERTEX_POINT ( 'NONE', #2043 ) ;
#8314 = AXIS2_PLACEMENT_3D ( 'NONE', #3264, #8695, #599 ) ;
#8315 = EDGE_CURVE ( 'NONE', #425, #3471, #10596, .T. ) ;
#8316 = PLANE ( 'NONE',  #9295 ) ;
#8317 = CARTESIAN_POINT ( 'NONE',  ( -80.07520753820969617, 53.93999999999999062, -0.2576914538747649974 ) ) ;
#8318 = CARTESIAN_POINT ( 'NONE',  ( 50.02648318102892233, 8.274999999999998579, 18.52763407003732254 ) ) ;
#8319 = DIRECTION ( 'NONE',  ( -1.000000000000000000, 0.000000000000000000, 1.335278419062900361E-16 ) ) ;
#8320 = AXIS2_PLACEMENT_3D ( 'NONE', #10135, #8432, #11093 ) ;
#8321 = FACE_OUTER_BOUND ( 'NONE', #853, .T. ) ;
#8322 = FACE_OUTER_BOUND ( 'NONE', #6897, .T. ) ;
#8323 = CARTESIAN_POINT ( 'NONE',  ( 32.54999999999999716, 92.00000000000000000, 22.30467496797187010 ) ) ;
#8324 = VECTOR ( 'NONE', #4292, 1000.000000000000000 ) ;
#8325 = EDGE_CURVE ( 'NONE', #899, #9372, #7779, .T. ) ;
#8326 = ORIENTED_EDGE ( 'NONE', *, *, #5588, .F. ) ;
#8327 = FACE_OUTER_BOUND ( 'NONE', #911, .T. ) ;
#8328 = EDGE_CURVE ( 'NONE', #3547, #7511, #6539, .T. ) ;
#8329 = EDGE_LOOP ( 'NONE', ( #935, #11646, #5985, #3630, #4089, #7200 ) ) ;
#8330 = ORIENTED_EDGE ( 'NONE', *, *, #9347, .F. ) ;
#8331 = ORIENTED_EDGE ( 'NONE', *, *, #5217, .F. ) ;
#8332 = AXIS2_PLACEMENT_3D ( 'NONE', #3353, #6962, #10542 ) ;
#8333 = VECTOR ( 'NONE', #6769, 1000.000000000000000 ) ;
#8334 = DIRECTION ( 'NONE',  ( 0.000000000000000000, 0.000000000000000000, 1.000000000000000000 ) ) ;
#8335 = ORIENTED_EDGE ( 'NONE', *, *, #4586, .T. ) ;
#8336 = CARTESIAN_POINT ( 'NONE',  ( 33.75499999999999545, 6.349999999999999645, -3.957691453874785825 ) ) ;
#8337 = FACE_OUTER_BOUND ( 'NONE', #2050, .T. ) ;
#8338 = VECTOR ( 'NONE', #3138, 1000.000000000000000 ) ;
#8339 = ORIENTED_EDGE ( 'NONE', *, *, #4870, .F. ) ;
#8340 = CARTESIAN_POINT ( 'NONE',  ( -5.422990203590941860, 119.8272007361573515, 36.89999999999999147 ) ) ;
#8341 = AXIS2_PLACEMENT_3D ( 'NONE', #2612, #7930, #6221 ) ;
#8342 = LINE ( 'NONE', #2148, #1221 ) ;
#8343 = EDGE_CURVE ( 'NONE', #9438, #4317, #8416, .T. ) ;
#8344 = EDGE_LOOP ( 'NONE', ( #1963, #9885, #8138, #9065 ) ) ;
#8345 = ORIENTED_EDGE ( 'NONE', *, *, #8094, .T. ) ;
#8346 = LINE ( 'NONE', #264, #5118 ) ;
#8347 = VERTEX_POINT ( 'NONE', #3800 ) ;
#8348 = DIRECTION ( 'NONE',  ( -1.000000000000000000, 0.000000000000000000, 0.000000000000000000 ) ) ;
#8349 = AXIS2_PLACEMENT_3D ( 'NONE', #1707, #3423, #7035 ) ;
#8350 = CARTESIAN_POINT ( 'NONE',  ( -43.40689872104514535, 74.43999999999417128, -2.374168628343575005 ) ) ;
#8351 = CYLINDRICAL_SURFACE ( 'NONE', #1368, 2.499999999999995115 ) ;
#8352 = LINE ( 'NONE', #2925, #1424 ) ;
#8353 = AXIS2_PLACEMENT_3D ( 'NONE', #5607, #8192, #4590 ) ;
#8354 = DIRECTION ( 'NONE',  ( 0.000000000000000000, 0.5735764363510428288, -0.8191520442889941300 ) ) ;
#8355 = DIRECTION ( 'NONE',  ( -0.000000000000000000, -1.000000000000000000, -0.000000000000000000 ) ) ;
#8356 = CARTESIAN_POINT ( 'NONE',  ( -42.55000000000002558, 91.50000000000000000, 22.30467496797187010 ) ) ;
#8357 = VERTEX_POINT ( 'NONE', #7534 ) ;
#8358 = DIRECTION ( 'NONE',  ( 1.000000000000000000, 0.000000000000000000, 0.000000000000000000 ) ) ;
#8359 = CARTESIAN_POINT ( 'NONE',  ( 79.41908516828259224, 109.5216269182746629, 46.59578703898828422 ) ) ;
#8360 = ADVANCED_FACE ( 'NONE', ( #11130 ), #3036, .F. ) ;
#8361 = VERTEX_POINT ( 'NONE', #9464 ) ;
#8362 = ORIENTED_EDGE ( 'NONE', *, *, #3985, .T. ) ;
#8363 = AXIS2_PLACEMENT_3D ( 'NONE', #1607, #8750, #2493 ) ;
#8364 = DIRECTION ( 'NONE',  ( 1.000000000000000000, 0.000000000000000000, 1.335278419062900361E-16 ) ) ;
#8365 = DIRECTION ( 'NONE',  ( 9.441838556761622021E-17, 0.7071072074758634196, 0.7071063548969745982 ) ) ;
#8366 = CARTESIAN_POINT ( 'NONE',  ( 5.362556492410906372, 124.8258398792917774, -15.16703784695386759 ) ) ;
#8367 = CARTESIAN_POINT ( 'NONE',  ( -43.40689872104513825, 97.50000000000000000, 22.30467496797187010 ) ) ;
#8368 = CIRCLE ( 'NONE', #1967, 5.999999999999956479 ) ;
#8369 = PLANE ( 'NONE',  #408 ) ;
#8370 = ADVANCED_FACE ( 'NONE', ( #11189, #540, #7705 ), #5875, .F. ) ;
#8371 = ADVANCED_FACE ( 'NONE', ( #8693 ), #597, .F. ) ;
#8372 = ORIENTED_EDGE ( 'NONE', *, *, #5738, .F. ) ;
#8373 = DIRECTION ( 'NONE',  ( 0.000000000000000000, -0.000000000000000000, -1.000000000000000000 ) ) ;
#8374 = ORIENTED_EDGE ( 'NONE', *, *, #2537, .F. ) ;
#8375 = VECTOR ( 'NONE', #4544, 1000.000000000000000 ) ;
#8376 = CARTESIAN_POINT ( 'NONE',  ( -82.55000000000002558, 90.00000000000000000, 33.89999999999999147 ) ) ;
#8377 = CARTESIAN_POINT ( 'NONE',  ( -8.300429496984964572, 96.12583987928823603, 18.68350972839287394 ) ) ;
#8378 = CARTESIAN_POINT ( 'NONE',  ( -69.20000000000000284, 10.00000000000000000, -3.738845726937389813 ) ) ;
#8379 = LINE ( 'NONE', #3824, #9429 ) ;
#8380 = DIRECTION ( 'NONE',  ( 0.000000000000000000, 0.000000000000000000, -1.000000000000000000 ) ) ;
#8381 = LINE ( 'NONE', #9642, #9441 ) ;
#8382 = LINE ( 'NONE', #3660, #8196 ) ;
#8383 = ADVANCED_FACE ( 'NONE', ( #11299 ), #3999, .F. ) ;
#8384 = ADVANCED_FACE ( 'NONE', ( #3097 ), #8640, .F. ) ;
#8385 = LINE ( 'NONE', #8055, #8953 ) ;
#8386 = ORIENTED_EDGE ( 'NONE', *, *, #11377, .F. ) ;
#8387 = VECTOR ( 'NONE', #7765, 1000.000000000000114 ) ;
#8388 = ORIENTED_EDGE ( 'NONE', *, *, #3400, .F. ) ;
#8389 = AXIS2_PLACEMENT_3D ( 'NONE', #4068, #6961, #4300 ) ;
#8390 = VECTOR ( 'NONE', #7656, 1000.000000000000000 ) ;
#8391 = ORIENTED_EDGE ( 'NONE', *, *, #868, .T. ) ;
#8392 = DIRECTION ( 'NONE',  ( 1.000000000000000000, -0.000000000000000000, 0.000000000000000000 ) ) ;
#8393 = EDGE_CURVE ( 'NONE', #1857, #7026, #6705, .T. ) ;
#8394 = ADVANCED_FACE ( 'NONE', ( #8585 ), #9520, .F. ) ;
#8395 = AXIS2_PLACEMENT_3D ( 'NONE', #1130, #4627, #3788 ) ;
#8396 = DIRECTION ( 'NONE',  ( 0.000000000000000000, 0.000000000000000000, 1.000000000000000000 ) ) ;
#8397 = AXIS2_PLACEMENT_3D ( 'NONE', #10386, #11170, #579 ) ;
#8398 = EDGE_LOOP ( 'NONE', ( #5329, #3712, #1647, #5642 ) ) ;
#8399 = LINE ( 'NONE', #3784, #7463 ) ;
#8400 = LINE ( 'NONE', #143, #3982 ) ;
#8401 = ADVANCED_FACE ( 'NONE', ( #10517 ), #5988, .F. ) ;
#8402 = ORIENTED_EDGE ( 'NONE', *, *, #7732, .T. ) ;
#8403 = DIRECTION ( 'NONE',  ( 0.000000000000000000, 0.000000000000000000, 1.000000000000000000 ) ) ;
#8404 = CYLINDRICAL_SURFACE ( 'NONE', #1992, 1.149999999999994804 ) ;
#8405 = ORIENTED_EDGE ( 'NONE', *, *, #5728, .T. ) ;
#8406 = ORIENTED_EDGE ( 'NONE', *, *, #5813, .F. ) ;
#8407 = DIRECTION ( 'NONE',  ( 0.5735764363510429398, 0.8191520442889941300, -8.760552383784105463E-17 ) ) ;
#8408 = FACE_OUTER_BOUND ( 'NONE', #5463, .T. ) ;
#8409 = ORIENTED_EDGE ( 'NONE', *, *, #9966, .T. ) ;
#8410 = AXIS2_PLACEMENT_3D ( 'NONE', #9830, #792, #2764 ) ;
#8411 = VECTOR ( 'NONE', #8434, 1000.000000000000000 ) ;
#8412 = AXIS2_PLACEMENT_3D ( 'NONE', #3721, #1838, #7451 ) ;
#8413 = CARTESIAN_POINT ( 'NONE',  ( -5.461913016040045754, 96.12583987928823603, -4.426490271496838602 ) ) ;
#8414 = FACE_OUTER_BOUND ( 'NONE', #3031, .T. ) ;
#8415 = LINE ( 'NONE', #7533, #7667 ) ;
#8416 = LINE ( 'NONE', #331, #8155 ) ;
#8417 = AXIS2_PLACEMENT_3D ( 'NONE', #5468, #7532, #3034 ) ;
#8418 = ORIENTED_EDGE ( 'NONE', *, *, #1980, .F. ) ;
#8419 = CARTESIAN_POINT ( 'NONE',  ( 33.75500000000002387, 10.00000000000000000, 21.38115427306259875 ) ) ;
#8420 = AXIS2_PLACEMENT_3D ( 'NONE', #7941, #9940, #7889 ) ;
#8421 = ORIENTED_EDGE ( 'NONE', *, *, #10172, .T. ) ;
#8422 = ORIENTED_EDGE ( 'NONE', *, *, #7858, .F. ) ;
#8423 = VERTEX_POINT ( 'NONE', #7761 ) ;
#8424 = VECTOR ( 'NONE', #11604, 1000.000000000000000 ) ;
#8425 = EDGE_CURVE ( 'NONE', #5935, #10782, #6760, .T. ) ;
#8426 = DIRECTION ( 'NONE',  ( 0.000000000000000000, 0.000000000000000000, -1.000000000000000000 ) ) ;
#8427 = FACE_OUTER_BOUND ( 'NONE', #8077, .T. ) ;
#8428 = DIRECTION ( 'NONE',  ( 0.000000000000000000, 1.000000000000000000, 7.709882115452476934E-17 ) ) ;
#8429 = DIRECTION ( 'NONE',  ( 0.000000000000000000, 0.000000000000000000, 1.000000000000000000 ) ) ;
#8430 = ORIENTED_EDGE ( 'NONE', *, *, #5805, .F. ) ;
#8431 = EDGE_CURVE ( 'NONE', #7326, #9663, #6871, .T. ) ;
#8432 = DIRECTION ( 'NONE',  ( 1.000000000000000000, -0.000000000000000000, -0.000000000000000000 ) ) ;
#8433 = VERTEX_POINT ( 'NONE', #8529 ) ;
#8434 = DIRECTION ( 'NONE',  ( 0.000000000000000000, -1.000000000000000000, 0.000000000000000000 ) ) ;
#8435 = ORIENTED_EDGE ( 'NONE', *, *, #3750, .T. ) ;
#8436 = CARTESIAN_POINT ( 'NONE',  ( -67.12500000000000000, 104.8258398792882247, 40.40000000000004832 ) ) ;
#8437 = ORIENTED_EDGE ( 'NONE', *, *, #9204, .F. ) ;
#8438 = EDGE_CURVE ( 'NONE', #4565, #46, #1941, .T. ) ;
#8439 = CARTESIAN_POINT ( 'NONE',  ( -79.37499999999997158, 5.099999999999999645, -3.738845726937389813 ) ) ;
#8440 = CARTESIAN_POINT ( 'NONE',  ( -80.59994895389560554, 106.8136089450944439, 45.87553813161319027 ) ) ;
#8441 = CARTESIAN_POINT ( 'NONE',  ( -50.02648654977334530, 5.099999999999999645, 21.38115427306260230 ) ) ;
#8442 = DIRECTION ( 'NONE',  ( 0.000000000000000000, 1.000000000000000000, 0.000000000000000000 ) ) ;
#8443 = CARTESIAN_POINT ( 'NONE',  ( 82.54999999999999716, 109.8258398792882247, -22.92957932766295670 ) ) ;
#8444 = CARTESIAN_POINT ( 'NONE',  ( -43.40689872104514535, 72.64000000000000057, -5.796029510066058939E-15 ) ) ;
#8445 = CARTESIAN_POINT ( 'NONE',  ( -50.48689872104515075, 74.78999999999417980, 0.5200140716803901553 ) ) ;
#8446 = LINE ( 'NONE', #1341, #4251 ) ;
#8447 = EDGE_LOOP ( 'NONE', ( #5572, #6610, #11519, #4599 ) ) ;
#8448 = ORIENTED_EDGE ( 'NONE', *, *, #3828, .F. ) ;
#8449 = ORIENTED_EDGE ( 'NONE', *, *, #6444, .F. ) ;
#8450 = DIRECTION ( 'NONE',  ( 0.000000000000000000, 1.000000000000000000, 0.000000000000000000 ) ) ;
#8451 = EDGE_CURVE ( 'NONE', #631, #5783, #2271, .T. ) ;
#8452 = EDGE_CURVE ( 'NONE', #9619, #373, #5097, .T. ) ;
#8453 = DIRECTION ( 'NONE',  ( 0.000000000000000000, 0.000000000000000000, -1.000000000000000000 ) ) ;
#8454 = DIRECTION ( 'NONE',  ( 1.000000000000000000, 0.000000000000000000, 0.000000000000000000 ) ) ;
#8455 = ORIENTED_EDGE ( 'NONE', *, *, #5228, .F. ) ;
#8456 = CARTESIAN_POINT ( 'NONE',  ( 5.844725774950916275, 119.8258398791754615, 36.88929340078460228 ) ) ;
#8457 = DIRECTION ( 'NONE',  ( -0.000000000000000000, -1.000000000000000000, -0.000000000000000000 ) ) ;
#8458 = VERTEX_POINT ( 'NONE', #3322 ) ;
#8459 = DIRECTION ( 'NONE',  ( 0.000000000000000000, 0.000000000000000000, 1.000000000000000000 ) ) ;
#8460 = DIRECTION ( 'NONE',  ( -0.000000000000000000, -1.000000000000000000, -0.000000000000000000 ) ) ;
#8461 = VERTEX_POINT ( 'NONE', #6814 ) ;
#8462 = EDGE_CURVE ( 'NONE', #4123, #5829, #7818, .T. ) ;
#8463 = ORIENTED_EDGE ( 'NONE', *, *, #5507, .T. ) ;
#8464 = DIRECTION ( 'NONE',  ( 1.000000000000000000, 0.000000000000000000, 1.335278419062900361E-16 ) ) ;
#8465 = ADVANCED_FACE ( 'NONE', ( #10403, #382 ), #10297, .F. ) ;
#8466 = VERTEX_POINT ( 'NONE', #1666 ) ;
#8467 = ADVANCED_FACE ( 'NONE', ( #2500 ), #4275, .F. ) ;
#8468 = FACE_OUTER_BOUND ( 'NONE', #930, .T. ) ;
#8469 = DIRECTION ( 'NONE',  ( 1.000000000000000000, -0.000000000000000000, -0.000000000000000000 ) ) ;
#8470 = CARTESIAN_POINT ( 'NONE',  ( -81.84979246179028678, 53.93999999999999062, -0.2576914538747649974 ) ) ;
#8471 = PLANE ( 'NONE',  #2014 ) ;
#8472 = DIRECTION ( 'NONE',  ( 0.000000000000000000, 0.000000000000000000, 1.000000000000000000 ) ) ;
#8473 = VERTEX_POINT ( 'NONE', #4383 ) ;
#8474 = CARTESIAN_POINT ( 'NONE',  ( -8.300429496984964572, 96.12583987928823603, 17.53350972839287181 ) ) ;
#8475 = CARTESIAN_POINT ( 'NONE',  ( 79.82103474459484005, 109.3528504166093143, 46.42701053732059790 ) ) ;
#8476 = CARTESIAN_POINT ( 'NONE',  ( 11.25500000000000433, 4.249377385370907589, 16.39999999999999858 ) ) ;
#8477 = CIRCLE ( 'NONE', #2070, 2.500000000000002220 ) ;
#8478 = EDGE_CURVE ( 'NONE', #648, #10290, #3441, .T. ) ;
#8479 = VERTEX_POINT ( 'NONE', #8932 ) ;
#8480 = ADVANCED_FACE ( 'NONE', ( #6992 ), #7113, .F. ) ;
#8481 = EDGE_CURVE ( 'NONE', #4473, #9852, #11664, .T. ) ;
#8482 = VERTEX_POINT ( 'NONE', #6171 ) ;
#8483 = CIRCLE ( 'NONE', #732, 1.000000000000000888 ) ;
#8484 = CARTESIAN_POINT ( 'NONE',  ( 74.43750000000000000, 82.35514882866895903, -40.25769145387477010 ) ) ;
#8485 = FACE_OUTER_BOUND ( 'NONE', #8111, .T. ) ;
#8486 = LINE ( 'NONE', #280, #8737 ) ;
#8487 = CARTESIAN_POINT ( 'NONE',  ( 5.415018576108158399, 119.8271570027549444, -20.03649027154900963 ) ) ;
#8488 = AXIS2_PLACEMENT_3D ( 'NONE', #10159, #5693, #318 ) ;
#8489 = VERTEX_POINT ( 'NONE', #7877 ) ;
#8490 = FACE_OUTER_BOUND ( 'NONE', #9584, .T. ) ;
#8491 = CARTESIAN_POINT ( 'NONE',  ( 82.54999999999999716, 99.82583987928822467, 33.89999999999999147 ) ) ;
#8492 = AXIS2_PLACEMENT_3D ( 'NONE', #312, #2304, #11230 ) ;
#8493 = ORIENTED_EDGE ( 'NONE', *, *, #3372, .F. ) ;
#8494 = CARTESIAN_POINT ( 'NONE',  ( -29.00040951398291256, 99.82583987928822467, 19.48349411328616299 ) ) ;
#8495 = EDGE_LOOP ( 'NONE', ( #484, #5528 ) ) ;
#8496 = VECTOR ( 'NONE', #2013, 1000.000000000000000 ) ;
#8497 = CARTESIAN_POINT ( 'NONE',  ( -69.20000000000000284, 5.099999999999999645, -3.738845726937389813 ) ) ;
#8498 = CARTESIAN_POINT ( 'NONE',  ( -82.55000000000002558, 99.82583987928822467, -31.32057563943574507 ) ) ;
#8499 = FACE_BOUND ( 'NONE', #3133, .T. ) ;
#8500 = DIRECTION ( 'NONE',  ( -0.8191520442890023457, 0.000000000000000000, 0.5735764363510309494 ) ) ;
#8501 = DIRECTION ( 'NONE',  ( 0.000000000000000000, -1.000000000000000000, 0.000000000000000000 ) ) ;
#8502 = CARTESIAN_POINT ( 'NONE',  ( 42.54999999999999716, 93.00000000000000000, 22.30467496797187010 ) ) ;
#8503 = EDGE_LOOP ( 'NONE', ( #5713, #5169, #6426, #7780 ) ) ;
#8504 = EDGE_CURVE ( 'NONE', #2503, #7776, #8712, .T. ) ;
#8505 = VECTOR ( 'NONE', #6184, 1000.000000000000114 ) ;
#8506 = VERTEX_POINT ( 'NONE', #9689 ) ;
#8507 = ORIENTED_EDGE ( 'NONE', *, *, #398, .F. ) ;
#8508 = CARTESIAN_POINT ( 'NONE',  ( -8.300429496927835160, 96.12583987928823603, 1.150873398797555902 ) ) ;
#8509 = CARTESIAN_POINT ( 'NONE',  ( -5.461913016040057300, 99.82583987928823888, 21.29350972844586920 ) ) ;
#8510 = DIRECTION ( 'NONE',  ( 0.000000000000000000, 0.000000000000000000, 1.000000000000000000 ) ) ;
#8511 = ORIENTED_EDGE ( 'NONE', *, *, #4655, .T. ) ;
#8512 = LINE ( 'NONE', #11234, #8338 ) ;
#8513 = CARTESIAN_POINT ( 'NONE',  ( -32.55000000000002558, 92.50000000000000000, 22.30467496797187010 ) ) ;
#8514 = DIRECTION ( 'NONE',  ( 1.000000000000000000, 0.000000000000000000, -0.000000000000000000 ) ) ;
#8515 = EDGE_LOOP ( 'NONE', ( #2164, #10565, #3969, #1510, #4651, #1450 ) ) ;
#8516 = DIRECTION ( 'NONE',  ( 0.000000000000000000, 1.000000000000000000, 0.000000000000000000 ) ) ;
#8517 = LINE ( 'NONE', #427, #5194 ) ;
#8518 = ORIENTED_EDGE ( 'NONE', *, *, #6083, .F. ) ;
#8519 = EDGE_CURVE ( 'NONE', #5180, #10915, #10638, .T. ) ;
#8520 = ORIENTED_EDGE ( 'NONE', *, *, #10037, .T. ) ;
#8521 = VECTOR ( 'NONE', #238, 1000.000000000000000 ) ;
#8522 = FACE_OUTER_BOUND ( 'NONE', #10096, .T. ) ;
#8523 = AXIS2_PLACEMENT_3D ( 'NONE', #797, #1697, #11508 ) ;
#8524 = EDGE_LOOP ( 'NONE', ( #5952, #8686, #4975, #11512 ) ) ;
#8525 = CARTESIAN_POINT ( 'NONE',  ( -31.40689872104514180, 97.49999999999997158, -29.66122071973760299 ) ) ;
#8526 = CIRCLE ( 'NONE', #10018, 26.00000000000000355 ) ;
#8527 = AXIS2_PLACEMENT_3D ( 'NONE', #3050, #1938, #6661 ) ;
#8528 = CARTESIAN_POINT ( 'NONE',  ( 50.02648318102892233, 5.099999999999999645, 18.52763407003732254 ) ) ;
#8529 = CARTESIAN_POINT ( 'NONE',  ( -29.00042949692799965, 96.12583987928823603, -1.016490271664932443 ) ) ;
#8530 = AXIS2_PLACEMENT_3D ( 'NONE', #11217, #6734, #5176 ) ;
#8531 = VERTEX_POINT ( 'NONE', #8103 ) ;
#8532 = PLANE ( 'NONE',  #4921 ) ;
#8533 = LINE ( 'NONE', #441, #11025 ) ;
#8534 = EDGE_CURVE ( 'NONE', #9443, #3819, #3558, .T. ) ;
#8535 = VERTEX_POINT ( 'NONE', #8815 ) ;
#8536 = VERTEX_POINT ( 'NONE', #711 ) ;
#8537 = AXIS2_PLACEMENT_3D ( 'NONE', #4731, #3840, #314 ) ;
#8539 = EDGE_CURVE ( 'NONE', #10619, #6126, #828, .T. ) ;
#8538 = CARTESIAN_POINT ( 'NONE',  ( -81.84979246179028678, 53.93999999999999062, 5.399999999999993250 ) ) ;
#8540 = ADVANCED_FACE ( 'NONE', ( #4325 ), #2738, .F. ) ;
#8541 = LINE ( 'NONE', #10308, #7441 ) ;
#8542 = DIRECTION ( 'NONE',  ( 0.000000000000000000, 1.000000000000000000, -0.000000000000000000 ) ) ;
#8543 = VERTEX_POINT ( 'NONE', #7226 ) ;
#8544 = CIRCLE ( 'NONE', #6063, 1.149999999999998135 ) ;
#8545 = DIRECTION ( 'NONE',  ( 1.000000000000000000, -0.000000000000000000, 1.335278419062900115E-16 ) ) ;
#8546 = VECTOR ( 'NONE', #1645, 1000.000000000000000 ) ;
#8547 = CARTESIAN_POINT ( 'NONE',  ( 46.58189872104514251, 72.64000000000000057, -7.959769997217390092 ) ) ;
#8548 = ORIENTED_EDGE ( 'NONE', *, *, #1304, .F. ) ;
#8549 = ORIENTED_EDGE ( 'NONE', *, *, #10481, .T. ) ;
#8550 = AXIS2_PLACEMENT_3D ( 'NONE', #10083, #2011, #236 ) ;
#8551 = DIRECTION ( 'NONE',  ( -0.000000000000000000, -1.000000000000000000, -0.000000000000000000 ) ) ;
#8552 = CARTESIAN_POINT ( 'NONE',  ( 79.37500000000002842, 10.00000000000000000, 21.38115427306259875 ) ) ;
#8553 = CARTESIAN_POINT ( 'NONE',  ( -16.75499999999995637, 6.349999999999999645, 13.89999999999999680 ) ) ;
#8554 = DIRECTION ( 'NONE',  ( 0.000000000000000000, 0.000000000000000000, 1.000000000000000000 ) ) ;
#8555 = LINE ( 'NONE', #6785, #3074 ) ;
#8556 = DIRECTION ( 'NONE',  ( 0.000000000000000000, 0.000000000000000000, 1.000000000000000000 ) ) ;
#8557 = DIRECTION ( 'NONE',  ( 1.000000000000000000, -0.000000000000000000, -0.000000000000000000 ) ) ;
#8558 = EDGE_LOOP ( 'NONE', ( #11484, #8590 ) ) ;
#8559 = TOROIDAL_SURFACE ( 'NONE', #6487, 20.00000000000000000, 5.000000000000000000 ) ;
#8560 = ORIENTED_EDGE ( 'NONE', *, *, #8534, .F. ) ;
#8561 = ORIENTED_EDGE ( 'NONE', *, *, #2994, .F. ) ;
#8562 = VECTOR ( 'NONE', #8976, 1000.000000000000000 ) ;
#8563 = ADVANCED_FACE ( 'NONE', ( #1723 ), #5338, .T. ) ;
#8564 = DIRECTION ( 'NONE',  ( -0.000000000000000000, -1.000000000000000000, -0.000000000000000000 ) ) ;
#8565 = EDGE_LOOP ( 'NONE', ( #2201, #6301, #5653, #6188 ) ) ;
#8566 = CARTESIAN_POINT ( 'NONE',  ( -72.76808532600743717, 8.274999999999998579, -0.6211324209942660213 ) ) ;
#8567 = CARTESIAN_POINT ( 'NONE',  ( 77.61250000000001137, 82.35514882866895903, -37.08269145387477295 ) ) ;
#8568 = CARTESIAN_POINT ( 'NONE',  ( 0.000000000000000000, 99.82583987928822467, 0.000000000000000000 ) ) ;
#8569 = VECTOR ( 'NONE', #600, 1000.000000000000000 ) ;
#8570 = ORIENTED_EDGE ( 'NONE', *, *, #1277, .F. ) ;
#8571 = CARTESIAN_POINT ( 'NONE',  ( 82.54999999999999716, 99.82583987928822467, 33.89999999999999147 ) ) ;
#8572 = PLANE ( 'NONE',  #10078 ) ;
#8573 = ORIENTED_EDGE ( 'NONE', *, *, #3704, .T. ) ;
#8574 = ORIENTED_EDGE ( 'NONE', *, *, #518, .F. ) ;
#8575 = VERTEX_POINT ( 'NONE', #9865 ) ;
#8576 = DIRECTION ( 'NONE',  ( 0.000000000000000000, 0.000000000000000000, -1.000000000000000000 ) ) ;
#8577 = VECTOR ( 'NONE', #8630, 1000.000000000000000 ) ;
#8578 = VECTOR ( 'NONE', #7787, 1000.000000000000000 ) ;
#8579 = AXIS2_PLACEMENT_3D ( 'NONE', #7117, #4388, #186 ) ;
#8580 = EDGE_CURVE ( 'NONE', #2897, #3292, #5276, .T. ) ;
#8581 = EDGE_CURVE ( 'NONE', #6829, #8313, #10413, .T. ) ;
#8582 = LINE ( 'NONE', #9568, #5551 ) ;
#8583 = FACE_OUTER_BOUND ( 'NONE', #1858, .T. ) ;
#8584 = PLANE ( 'NONE',  #11448 ) ;
#8585 = FACE_OUTER_BOUND ( 'NONE', #6951, .T. ) ;
#8586 = ORIENTED_EDGE ( 'NONE', *, *, #7515, .T. ) ;
#8587 = CARTESIAN_POINT ( 'NONE',  ( 76.81501998216512561, 8.274999999999998579, -2.578845727014059008 ) ) ;
#8588 = CARTESIAN_POINT ( 'NONE',  ( 81.83834370240175815, 107.5330774786452537, 44.60723759935915211 ) ) ;
#8589 = AXIS2_PLACEMENT_3D ( 'NONE', #2485, #6270, #9851 ) ;
#8590 = ORIENTED_EDGE ( 'NONE', *, *, #1606, .T. ) ;
#8591 = VECTOR ( 'NONE', #8557, 1000.000000000000000 ) ;
#8592 = VECTOR ( 'NONE', #10558, 1000.000000000000000 ) ;
#8593 = ORIENTED_EDGE ( 'NONE', *, *, #11314, .F. ) ;
#8594 = AXIS2_PLACEMENT_3D ( 'NONE', #11077, #9182, #8292 ) ;
#8595 = ADVANCED_FACE ( 'NONE', ( #4503 ), #24, .F. ) ;
#8596 = EDGE_CURVE ( 'NONE', #5242, #5569, #10997, .T. ) ;
#8597 = AXIS2_PLACEMENT_3D ( 'NONE', #7003, #844, #11488 ) ;
#8598 = FACE_OUTER_BOUND ( 'NONE', #3601, .T. ) ;
#8599 = CARTESIAN_POINT ( 'NONE',  ( 50.48689872104515075, 74.97269081489451992, 3.358530552390480040 ) ) ;
#8600 = EDGE_LOOP ( 'NONE', ( #6190, #2414, #8235, #3981 ) ) ;
#8601 = LINE ( 'NONE', #6555, #5119 ) ;
#8602 = VERTEX_POINT ( 'NONE', #7405 ) ;
#8603 = LINE ( 'NONE', #8547, #8411 ) ;
#8604 = ORIENTED_EDGE ( 'NONE', *, *, #3372, .T. ) ;
#8605 = EDGE_CURVE ( 'NONE', #1205, #2439, #4733, .T. ) ;
#8606 = EDGE_CURVE ( 'NONE', #767, #4096, #10986, .T. ) ;
#8607 = AXIS2_PLACEMENT_3D ( 'NONE', #10402, #5874, #5824 ) ;
#8608 = ORIENTED_EDGE ( 'NONE', *, *, #590, .F. ) ;
#8609 = EDGE_CURVE ( 'NONE', #7913, #6475, #2910, .T. ) ;
#8610 = CARTESIAN_POINT ( 'NONE',  ( -52.36501998304115091, 8.274999999999998579, 19.07115427297831900 ) ) ;
#8611 = LINE ( 'NONE', #8552, #2900 ) ;
#8612 = CARTESIAN_POINT ( 'NONE',  ( -4.167128250779221332, 119.8373027819939125, 36.89999999999998437 ) ) ;
#8613 = PLANE ( 'NONE',  #3450 ) ;
#8614 = DIRECTION ( 'NONE',  ( 2.787090821298670553E-12, 0.000000000000000000, -1.000000000000000000 ) ) ;
#8615 = CARTESIAN_POINT ( 'NONE',  ( -74.43749999996865085, 82.35514882866895903, -32.75769145387477010 ) ) ;
#8616 = DIRECTION ( 'NONE',  ( 0.000000000000000000, -1.000000000000000000, 0.000000000000000000 ) ) ;
#8617 = VERTEX_POINT ( 'NONE', #2794 ) ;
#8618 = ORIENTED_EDGE ( 'NONE', *, *, #1983, .T. ) ;
#8619 = EDGE_CURVE ( 'NONE', #8232, #5003, #7969, .T. ) ;
#8620 = ORIENTED_EDGE ( 'NONE', *, *, #7995, .F. ) ;
#8621 = DIRECTION ( 'NONE',  ( 1.000000000000000000, 0.000000000000000000, 0.000000000000000000 ) ) ;
#8622 = VECTOR ( 'NONE', #1355, 1000.000000000000000 ) ;
#8623 = DIRECTION ( 'NONE',  ( -0.000000000000000000, -1.000000000000000000, -1.677434638215118067E-15 ) ) ;
#8624 = EDGE_LOOP ( 'NONE', ( #8, #11406, #317, #1543 ) ) ;
#8625 = CARTESIAN_POINT ( 'NONE',  ( 6.267350428395205064, 124.8258398792882389, 36.86783398817242130 ) ) ;
#8626 = DIRECTION ( 'NONE',  ( 0.000000000000000000, 0.000000000000000000, -1.000000000000000000 ) ) ;
#8627 = DIRECTION ( 'NONE',  ( -0.000000000000000000, 1.000000000000000000, 0.000000000000000000 ) ) ;
#8628 = ORIENTED_EDGE ( 'NONE', *, *, #8619, .T. ) ;
#8629 = LINE ( 'NONE', #370, #11261 ) ;
#8630 = DIRECTION ( 'NONE',  ( 1.000000000000000000, -0.000000000000000000, -0.000000000000000000 ) ) ;
#8631 = ORIENTED_EDGE ( 'NONE', *, *, #3635, .T. ) ;
#8632 = ORIENTED_EDGE ( 'NONE', *, *, #4347, .T. ) ;
#8633 = ORIENTED_EDGE ( 'NONE', *, *, #4777, .T. ) ;
#8634 = DIRECTION ( 'NONE',  ( 0.000000000000000000, 0.000000000000000000, 1.000000000000000000 ) ) ;
#8635 = LINE ( 'NONE', #591, #5909 ) ;
#8636 = CARTESIAN_POINT ( 'NONE',  ( 53.05138322153545261, 8.274999999999998579, 15.82115058466707858 ) ) ;
#8637 = ORIENTED_EDGE ( 'NONE', *, *, #325, .F. ) ;
#8638 = DIRECTION ( 'NONE',  ( 0.000000000000000000, 0.000000000000000000, -1.000000000000000000 ) ) ;
#8639 = FACE_OUTER_BOUND ( 'NONE', #11066, .T. ) ;
#8640 = PLANE ( 'NONE',  #4757 ) ;
#8641 = VERTEX_POINT ( 'NONE', #3785 ) ;
#8642 = LINE ( 'NONE', #6762, #3970 ) ;
#8643 = CARTESIAN_POINT ( 'NONE',  ( -12.14185792547474030, 109.8258398792882247, 36.89999999999997726 ) ) ;
#8644 = ORIENTED_EDGE ( 'NONE', *, *, #10052, .T. ) ;
#8645 = ORIENTED_EDGE ( 'NONE', *, *, #10680, .T. ) ;
#8646 = EDGE_CURVE ( 'NONE', #9949, #5571, #10881, .T. ) ;
#8647 = CARTESIAN_POINT ( 'NONE',  ( 6.616786591357574743, 79.82583987928821045, -4.426490271496838602 ) ) ;
#8648 = LINE ( 'NONE', #551, #2883 ) ;
#8649 = DIRECTION ( 'NONE',  ( -0.000000000000000000, -0.8918917311500192957, -0.4522489799946727840 ) ) ;
#8650 = ORIENTED_EDGE ( 'NONE', *, *, #452, .F. ) ;
#8651 = DIRECTION ( 'NONE',  ( -0.000000000000000000, 1.000000000000000000, -0.000000000000000000 ) ) ;
#8652 = ORIENTED_EDGE ( 'NONE', *, *, #2772, .F. ) ;
#8653 = EDGE_LOOP ( 'NONE', ( #7101, #4532, #6774, #11681, #6967 ) ) ;
#8654 = ORIENTED_EDGE ( 'NONE', *, *, #7028, .T. ) ;
#8655 = ADVANCED_FACE ( 'NONE', ( #8337 ), #9221, .T. ) ;
#8656 = ADVANCED_FACE ( 'NONE', ( #1909 ), #8165, .T. ) ;
#8657 = VECTOR ( 'NONE', #5262, 1000.000000000000000 ) ;
#8658 = LINE ( 'NONE', #11563, #11691 ) ;
#8659 = AXIS2_PLACEMENT_3D ( 'NONE', #6413, #8119, #2751 ) ;
#8660 = ORIENTED_EDGE ( 'NONE', *, *, #74, .F. ) ;
#8661 = DIRECTION ( 'NONE',  ( 0.000000000000000000, -0.000000000000000000, -1.000000000000000000 ) ) ;
#8662 = CARTESIAN_POINT ( 'NONE',  ( 41.54999999999999716, 92.00000000000000000, 22.30467496797187010 ) ) ;
#8663 = DIRECTION ( 'NONE',  ( -1.000000000000000000, 0.000000000000000000, 0.000000000000000000 ) ) ;
#8664 = DIRECTION ( 'NONE',  ( 1.000000000000000000, 0.000000000000000000, 0.000000000000000000 ) ) ;
#8665 = FACE_OUTER_BOUND ( 'NONE', #9301, .T. ) ;
#8666 = VECTOR ( 'NONE', #4554, 1000.000000000000000 ) ;
#8667 = FACE_OUTER_BOUND ( 'NONE', #7464, .T. ) ;
#8668 = ORIENTED_EDGE ( 'NONE', *, *, #3635, .F. ) ;
#8669 = EDGE_CURVE ( 'NONE', #1377, #6753, #257, .T. ) ;
#8670 = ORIENTED_EDGE ( 'NONE', *, *, #3460, .T. ) ;
#8671 = ORIENTED_EDGE ( 'NONE', *, *, #5349, .T. ) ;
#8672 = VECTOR ( 'NONE', #5078, 999.9999999999998863 ) ;
#8673 = CYLINDRICAL_SURFACE ( 'NONE', #3383, 1.000000000000000888 ) ;
#8674 = EDGE_CURVE ( 'NONE', #3839, #5760, #10935, .T. ) ;
#8675 = CARTESIAN_POINT ( 'NONE',  ( 77.54999999999999716, 104.8258398792882105, 36.89999999999998437 ) ) ;
#8676 = EDGE_CURVE ( 'NONE', #8032, #5656, #6577, .T. ) ;
#8677 = ORIENTED_EDGE ( 'NONE', *, *, #4942, .F. ) ;
#8678 = FACE_OUTER_BOUND ( 'NONE', #7575, .T. ) ;
#8679 = PLANE ( 'NONE',  #8397 ) ;
#8680 = EDGE_CURVE ( 'NONE', #2248, #7427, #9984, .T. ) ;
#8681 = CARTESIAN_POINT ( 'NONE',  ( 173.3018692371333032, 0.000000000000000000, -40.25769145387477721 ) ) ;
#8682 = CYLINDRICAL_SURFACE ( 'NONE', #9364, 2.499999999999995115 ) ;
#8683 = FACE_BOUND ( 'NONE', #11268, .T. ) ;
#8684 = CARTESIAN_POINT ( 'NONE',  ( -8.300429496984971678, 99.82583987928822467, 15.71614540591397358 ) ) ;
#8685 = ORIENTED_EDGE ( 'NONE', *, *, #3528, .T. ) ;
#8686 = ORIENTED_EDGE ( 'NONE', *, *, #4113, .T. ) ;
#8687 = ORIENTED_EDGE ( 'NONE', *, *, #6738, .T. ) ;
#8688 = VECTOR ( 'NONE', #5654, 1000.000000000000000 ) ;
#8689 = CARTESIAN_POINT ( 'NONE',  ( -76.81501998216512561, 8.274999999999998579, -0.2788457270140529132 ) ) ;
#8690 = EDGE_LOOP ( 'NONE', ( #7525, #7801, #8137, #10869, #2785, #11671, #5408, #5955, #6799, #2872, #1264, #7630, #415 ) ) ;
#8691 = DIRECTION ( 'NONE',  ( -1.902368341696336056E-08, 0.000000000000000000, 0.9999999999999998890 ) ) ;
#8692 = DIRECTION ( 'NONE',  ( 1.000000000000000000, 0.000000000000000000, 1.335278419062900361E-16 ) ) ;
#8693 = FACE_OUTER_BOUND ( 'NONE', #10612, .T. ) ;
#8694 = ORIENTED_EDGE ( 'NONE', *, *, #9658, .F. ) ;
#8695 = DIRECTION ( 'NONE',  ( 1.000000000000000000, 0.000000000000000000, 1.335278419062900115E-16 ) ) ;
#8696 = VECTOR ( 'NONE', #2059, 1000.000000000000000 ) ;
#8697 = CARTESIAN_POINT ( 'NONE',  ( 80.85413375701828897, 108.5927739341353941, 43.78346702742368990 ) ) ;
#8698 = DIRECTION ( 'NONE',  ( 0.000000000000000000, -0.000000000000000000, -1.000000000000000000 ) ) ;
#8699 = ORIENTED_EDGE ( 'NONE', *, *, #4276, .F. ) ;
#8700 = ORIENTED_EDGE ( 'NONE', *, *, #589, .T. ) ;
#8701 = CIRCLE ( 'NONE', #1537, 1.200000000000003064 ) ;
#8702 = VECTOR ( 'NONE', #271, 1000.000000000000000 ) ;
#8703 = CARTESIAN_POINT ( 'NONE',  ( -50.02648496882963514, 8.274999999999998579, -6.985329661611394236 ) ) ;
#8704 = CARTESIAN_POINT ( 'NONE',  ( -5.000429496931849016, 110.8258398792882247, 36.89999999999999147 ) ) ;
#8705 = ADVANCED_FACE ( 'NONE', ( #196 ), #5691, .F. ) ;
#8706 = VERTEX_POINT ( 'NONE', #1185 ) ;
#8707 = DIRECTION ( 'NONE',  ( 1.000000000000000000, -0.000000000000000000, -0.000000000000000000 ) ) ;
#8708 = DIRECTION ( 'NONE',  ( 0.000000000000000000, 1.000000000000000000, 0.000000000000000000 ) ) ;
#8709 = ORIENTED_EDGE ( 'NONE', *, *, #11650, .T. ) ;
#8710 = AXIS2_PLACEMENT_3D ( 'NONE', #3376, #1721, #6990 ) ;
#8711 = ORIENTED_EDGE ( 'NONE', *, *, #11314, .T. ) ;
#8712 = CIRCLE ( 'NONE', #1748, 1.149999999999999023 ) ;
#8713 = EDGE_CURVE ( 'NONE', #11127, #6826, #4549, .T. ) ;
#8714 = ORIENTED_EDGE ( 'NONE', *, *, #5434, .T. ) ;
#8715 = DIRECTION ( 'NONE',  ( 0.000000000000000000, 9.857861061534082485E-17, 1.000000000000000000 ) ) ;
#8716 = ORIENTED_EDGE ( 'NONE', *, *, #777, .T. ) ;
#8717 = CARTESIAN_POINT ( 'NONE',  ( -50.48689872104515075, 75.48946397805705999, -8.504985928319609201 ) ) ;
#8718 = DIRECTION ( 'NONE',  ( 0.000000000000000000, 0.000000000000000000, -1.000000000000000000 ) ) ;
#8719 = CARTESIAN_POINT ( 'NONE',  ( -46.58189872104514251, 72.67999645958946076, -3.947744601910656847E-08 ) ) ;
#8720 = LINE ( 'NONE', #7728, #8578 ) ;
#8721 = EDGE_CURVE ( 'NONE', #560, #10915, #8400, .T. ) ;
#8722 = DIRECTION ( 'NONE',  ( 0.000000000000000000, -1.000000000000000000, 0.000000000000000000 ) ) ;
#8723 = CIRCLE ( 'NONE', #5546, 1.000000000000000888 ) ;
#8724 = CARTESIAN_POINT ( 'NONE',  ( -4.167094634567128253, 119.8370416568084380, -20.03649027154900253 ) ) ;
#8725 = CARTESIAN_POINT ( 'NONE',  ( -11.25499999999998302, 4.249377385370907589, 13.89999999999999680 ) ) ;
#8726 = VERTEX_POINT ( 'NONE', #10044 ) ;
#8727 = ORIENTED_EDGE ( 'NONE', *, *, #5348, .T. ) ;
#8728 = ORIENTED_EDGE ( 'NONE', *, *, #5532, .T. ) ;
#8729 = VECTOR ( 'NONE', #8469, 1000.000000000000000 ) ;
#8730 = DIRECTION ( 'NONE',  ( -0.000000000000000000, 0.000000000000000000, 1.000000000000000000 ) ) ;
#8731 = EDGE_CURVE ( 'NONE', #2781, #5760, #4680, .T. ) ;
#8732 = ADVANCED_FACE ( 'NONE', ( #10219 ), #5459, .T. ) ;
#8733 = PLANE ( 'NONE',  #9245 ) ;
#8734 = ORIENTED_EDGE ( 'NONE', *, *, #8676, .F. ) ;
#8735 = LINE ( 'NONE', #1648, #4185 ) ;
#8736 = CARTESIAN_POINT ( 'NONE',  ( -46.58189872104513540, 72.64000000000000057, -26.48622071973760228 ) ) ;
#8737 = VECTOR ( 'NONE', #9307, 1000.000000000000000 ) ;
#8738 = ORIENTED_EDGE ( 'NONE', *, *, #11440, .F. ) ;
#8739 = CARTESIAN_POINT ( 'NONE',  ( 44.06500000000043826, 8.274999999999998579, 8.821154273062886020 ) ) ;
#8740 = DIRECTION ( 'NONE',  ( 0.000000000000000000, 0.000000000000000000, -1.000000000000000000 ) ) ;
#8741 = ORIENTED_EDGE ( 'NONE', *, *, #717, .T. ) ;
#8742 = VECTOR ( 'NONE', #9405, 1000.000000000000000 ) ;
#8743 = EDGE_LOOP ( 'NONE', ( #4060, #3368, #10537, #1179 ) ) ;
#8744 = ORIENTED_EDGE ( 'NONE', *, *, #6770, .T. ) ;
#8745 = EDGE_CURVE ( 'NONE', #7541, #2886, #10163, .T. ) ;
#8746 = ADVANCED_FACE ( 'NONE', ( #9353 ), #3791, .T. ) ;
#8747 = VERTEX_POINT ( 'NONE', #5758 ) ;
#8748 = CIRCLE ( 'NONE', #9678, 1.200000000000003730 ) ;
#8749 = EDGE_CURVE ( 'NONE', #10566, #10600, #322, .T. ) ;
#8750 = DIRECTION ( 'NONE',  ( 0.000000000000000000, -1.000000000000000000, 0.000000000000000000 ) ) ;
#8751 = CARTESIAN_POINT ( 'NONE',  ( -46.58189872104514251, 72.64000000000000057, -7.959769997217390092 ) ) ;
#8752 = ORIENTED_EDGE ( 'NONE', *, *, #2583, .T. ) ;
#8753 = LINE ( 'NONE', #7985, #9645 ) ;
#8754 = CARTESIAN_POINT ( 'NONE',  ( 82.54999999999999716, 6.349999999999997868, 11.10020753820972317 ) ) ;
#8755 = DIRECTION ( 'NONE',  ( 0.000000000000000000, 1.000000000000000000, -0.000000000000000000 ) ) ;
#8756 = ORIENTED_EDGE ( 'NONE', *, *, #1574, .T. ) ;
#8757 = CARTESIAN_POINT ( 'NONE',  ( 0.000000000000000000, 109.8258398792882247, 0.000000000000000000 ) ) ;
#8758 = CARTESIAN_POINT ( 'NONE',  ( -50.48689872104515075, 73.67999999411362921, 3.358530552390479595 ) ) ;
#8759 = DIRECTION ( 'NONE',  ( 1.000000000000000000, 0.000000000000000000, -0.000000000000000000 ) ) ;
#8760 = VERTEX_POINT ( 'NONE', #5643 ) ;
#8761 = EDGE_LOOP ( 'NONE', ( #10342, #1463 ) ) ;
#8762 = VECTOR ( 'NONE', #714, 1000.000000000000000 ) ;
#8763 = VECTOR ( 'NONE', #8132, 999.9999999999998863 ) ;
#8764 = VECTOR ( 'NONE', #4784, 1000.000000000000000 ) ;
#8765 = EDGE_CURVE ( 'NONE', #5195, #6692, #10289, .T. ) ;
#8766 = CARTESIAN_POINT ( 'NONE',  ( -29.00042949692799965, 99.82583987928822467, -1.016490271664987288 ) ) ;
#8767 = DIRECTION ( 'NONE',  ( 1.000000000000000000, 0.000000000000000000, 1.335278419062900361E-16 ) ) ;
#8768 = CARTESIAN_POINT ( 'NONE',  ( -61.59000000000065711, 8.274999999999998579, 18.12419718570802019 ) ) ;
#8769 = LINE ( 'NONE', #674, #812 ) ;
#8770 = CARTESIAN_POINT ( 'NONE',  ( -80.07520753820969617, 53.93999999999999062, -0.2576914538747754335 ) ) ;
#8771 = AXIS2_PLACEMENT_3D ( 'NONE', #3962, #146, #9350 ) ;
#8772 = CIRCLE ( 'NONE', #2934, 2.499806426129909553 ) ;
#8773 = ORIENTED_EDGE ( 'NONE', *, *, #11480, .F. ) ;
#8774 = CIRCLE ( 'NONE', #5386, 1.000000000000000888 ) ;
#8775 = LINE ( 'NONE', #11441, #2492 ) ;
#8776 = DIRECTION ( 'NONE',  ( 0.000000000000000000, 0.000000000000000000, 1.000000000000000000 ) ) ;
#8777 = VERTEX_POINT ( 'NONE', #4865 ) ;
#8778 = SHAPE_DEFINITION_REPRESENTATION ( #6669, #10543 ) ;
#8779 = ORIENTED_EDGE ( 'NONE', *, *, #4495, .F. ) ;
#8780 = DIRECTION ( 'NONE',  ( 0.000000000000000000, 0.000000000000000000, -1.000000000000000000 ) ) ;
#8781 = ORIENTED_EDGE ( 'NONE', *, *, #957, .F. ) ;
#8782 = VECTOR ( 'NONE', #3048, 1000.000000000000000 ) ;
#8783 = VECTOR ( 'NONE', #6086, 999.9999999999998863 ) ;
#8784 = EDGE_CURVE ( 'NONE', #9679, #11172, #1134, .T. ) ;
#8785 = CYLINDRICAL_SURFACE ( 'NONE', #4029, 1.149999999999999467 ) ;
#8786 = DIRECTION ( 'NONE',  ( 0.000000000000000000, 0.000000000000000000, -1.000000000000000000 ) ) ;
#8787 = DIRECTION ( 'NONE',  ( -1.000000000000000000, 0.000000000000000000, 0.000000000000000000 ) ) ;
#8788 = VECTOR ( 'NONE', #963, 1000.000000000000000 ) ;
#8789 = DIRECTION ( 'NONE',  ( 0.000000000000000000, -1.000000000000000000, 0.000000000000000000 ) ) ;
#8790 = AXIS2_PLACEMENT_3D ( 'NONE', #7122, #2625, #1741 ) ;
#8791 = ORIENTED_EDGE ( 'NONE', *, *, #11626, .T. ) ;
#8792 = ORIENTED_EDGE ( 'NONE', *, *, #4348, .T. ) ;
#8793 = ORIENTED_EDGE ( 'NONE', *, *, #2381, .T. ) ;
#8794 = ADVANCED_FACE ( 'NONE', ( #2089 ), #7413, .F. ) ;
#8795 = CARTESIAN_POINT ( 'NONE',  ( 50.48689872104515075, 0.000000000000000000, -9.453771206965333315E-16 ) ) ;
#8796 = LINE ( 'NONE', #1585, #11128 ) ;
#8797 = FACE_OUTER_BOUND ( 'NONE', #691, .T. ) ;
#8798 = VERTEX_POINT ( 'NONE', #4804 ) ;
#8799 = CARTESIAN_POINT ( 'NONE',  ( 80.37500000000000000, 58.93999999999998352, -5.257691453874764775 ) ) ;
#8800 = CARTESIAN_POINT ( 'NONE',  ( 33.75500000000002387, 6.349999999999999645, 0.000000000000000000 ) ) ;
#8801 =( BOUNDED_SURFACE ( )  B_SPLINE_SURFACE ( 3, 2, ( 
 ( #1415, #5859, #1351 ),
 ( #4966, #482, #10280 ),
 ( #8456, #9345, #7744 ),
 ( #5749, #8625, #3958 ) ),
 .UNSPECIFIED., .F., .F., .F. ) 
 B_SPLINE_SURFACE_WITH_KNOTS ( ( 4, 4 ),
 ( 3, 3 ),
 ( 0.01213006595044236781, 0.01313628089671391511 ),
 ( 0.000000000000000000, 1.000000000000000000 ),
 .UNSPECIFIED. ) 
 GEOMETRIC_REPRESENTATION_ITEM ( )  RATIONAL_B_SPLINE_SURFACE ( (
 ( 1.000000000000000000, 0.7212633665191349186, 1.000000000000000000),
 ( 1.000000000000000000, 0.7164963675770872342, 1.000000000000000000),
 ( 1.000000000000000000, 0.7117770367767244366, 1.000000000000000000),
 ( 1.000000000000000000, 0.7071067811865460184, 1.000000000000000000) ) ) 
 REPRESENTATION_ITEM ( '' )  SURFACE ( )  );
#8802 = EDGE_LOOP ( 'NONE', ( #8773, #5151, #3575, #547 ) ) ;
#8803 = CARTESIAN_POINT ( 'NONE',  ( 44.06500000000043826, 8.274999999999998579, 8.821154273062886020 ) ) ;
#8804 = PLANE ( 'NONE',  #5384 ) ;
#8805 = EDGE_LOOP ( 'NONE', ( #5111, #7689, #8455, #8886 ) ) ;
#8806 = EDGE_LOOP ( 'NONE', ( #1734, #10192, #885, #2604 ) ) ;
#8807 = ORIENTED_EDGE ( 'NONE', *, *, #735, .F. ) ;
#8808 = EDGE_CURVE ( 'NONE', #10483, #9661, #10111, .T. ) ;
#8809 = EDGE_CURVE ( 'NONE', #1885, #5820, #374, .T. ) ;
#8810 = LINE ( 'NONE', #8864, #9866 ) ;
#8811 = CARTESIAN_POINT ( 'NONE',  ( 50.48689872104515075, 74.78999999999417980, 1.670014071680389733 ) ) ;
#8812 = ORIENTED_EDGE ( 'NONE', *, *, #854, .F. ) ;
#8813 = CARTESIAN_POINT ( 'NONE',  ( -50.48689872104515075, 72.67997248461419701, -24.29018084517760911 ) ) ;
#8814 = FACE_BOUND ( 'NONE', #6039, .T. ) ;
#8815 = CARTESIAN_POINT ( 'NONE',  ( 74.43750000000001421, 18.85000000000000497, -37.08269145387476584 ) ) ;
#8816 = EDGE_CURVE ( 'NONE', #7884, #3072, #5697, .T. ) ;
#8817 = EDGE_LOOP ( 'NONE', ( #9333, #8891, #2426, #6395 ) ) ;
#8818 = EDGE_CURVE ( 'NONE', #6880, #3833, #1920, .T. ) ;
#8819 = CARTESIAN_POINT ( 'NONE',  ( 80.37500000000000000, 66.63999999999998636, -0.2576914538747651640 ) ) ;
#8820 = LINE ( 'NONE', #11541, #3852 ) ;
#8821 = ORIENTED_EDGE ( 'NONE', *, *, #1528, .T. ) ;
#8822 = ORIENTED_EDGE ( 'NONE', *, *, #10268, .T. ) ;
#8823 = EDGE_CURVE ( 'NONE', #10529, #3728, #8346, .T. ) ;
#8824 = CARTESIAN_POINT ( 'NONE',  ( -77.54999999999999716, 104.8258398792882105, 36.89999999999999858 ) ) ;
#8825 = CARTESIAN_POINT ( 'NONE',  ( 82.54999999999999716, 67.34020753820971095, -0.2576914538747651640 ) ) ;
#8826 = CYLINDRICAL_SURFACE ( 'NONE', #5790, 5.000000000000004441 ) ;
#8827 = PLANE ( 'NONE',  #9827 ) ;
#8828 = EDGE_CURVE ( 'NONE', #4977, #8461, #11179, .T. ) ;
#8829 = ORIENTED_EDGE ( 'NONE', *, *, #7144, .F. ) ;
#8830 = EDGE_CURVE ( 'NONE', #2657, #148, #3849, .T. ) ;
#8831 = LINE ( 'NONE', #9762, #6462 ) ;
#8832 = CARTESIAN_POINT ( 'NONE',  ( -50.48689872104514365, 95.20641123616282187, -26.28622525258461451 ) ) ;
#8833 = DIRECTION ( 'NONE',  ( 0.000000000000000000, -0.8191520442889942411, 0.5735764363510426067 ) ) ;
#8834 = ORIENTED_EDGE ( 'NONE', *, *, #4892, .F. ) ;
#8835 = ORIENTED_EDGE ( 'NONE', *, *, #4490, .F. ) ;
#8836 = DIRECTION ( 'NONE',  ( 0.000000000000000000, 0.000000000000000000, 1.000000000000000000 ) ) ;
#8837 = EDGE_LOOP ( 'NONE', ( #9756, #6209, #6504, #2868 ) ) ;
#8838 = DIRECTION ( 'NONE',  ( 0.000000000000000000, -0.000000000000000000, 1.000000000000000000 ) ) ;
#8839 = LINE ( 'NONE', #11685, #7628 ) ;
#8840 = LINE ( 'NONE', #5305, #6883 ) ;
#8841 = DIRECTION ( 'NONE',  ( 0.000000000000000000, 0.000000000000000000, -1.000000000000000000 ) ) ;
#8842 = CARTESIAN_POINT ( 'NONE',  ( 82.54999999999999716, -24.50000000000000355, -10.25769145387463688 ) ) ;
#8843 = CARTESIAN_POINT ( 'NONE',  ( 30.99957050306813855, 109.8258398792882247, 4.963509728450988590 ) ) ;
#8844 = VECTOR ( 'NONE', #7473, 999.9999999999998863 ) ;
#8845 = ORIENTED_EDGE ( 'NONE', *, *, #580, .T. ) ;
#8846 = ORIENTED_EDGE ( 'NONE', *, *, #3237, .F. ) ;
#8847 = VERTEX_POINT ( 'NONE', #11069 ) ;
#8848 = DIRECTION ( 'NONE',  ( -1.000000000000000000, 0.000000000000000000, 0.000000000000000000 ) ) ;
#8849 = PLANE ( 'NONE',  #3251 ) ;
#8850 = CIRCLE ( 'NONE', #2823, 10.94291382678908064 ) ;
#8851 = DIRECTION ( 'NONE',  ( 0.000000000000000000, -0.000000000000000000, -1.000000000000000000 ) ) ;
#8852 = ORIENTED_EDGE ( 'NONE', *, *, #6165, .T. ) ;
#8853 = CARTESIAN_POINT ( 'NONE',  ( -0.0004294969318460739593, 99.82583987928822467, 8.433509728450992782 ) ) ;
#8854 = CARTESIAN_POINT ( 'NONE',  ( 76.81501998216515403, 8.274999999999998579, 19.07115427298596089 ) ) ;
#8855 = CARTESIAN_POINT ( 'NONE',  ( -79.37500000000001421, 58.93999999999998352, 11.39999999999994884 ) ) ;
#8856 = ADVANCED_FACE ( 'NONE', ( #8522 ), #203, .F. ) ;
#8857 = LINE ( 'NONE', #2545, #11631 ) ;
#8858 = DIRECTION ( 'NONE',  ( -0.000000000000000000, -1.000000000000000000, -0.000000000000000000 ) ) ;
#8859 = DIRECTION ( 'NONE',  ( -1.000000000000000000, 0.000000000000000000, 9.169294481193143764E-14 ) ) ;
#8860 = EDGE_LOOP ( 'NONE', ( #10957, #3738, #3490, #11669 ) ) ;
#8861 = VERTEX_POINT ( 'NONE', #4665 ) ;
#8862 = AXIS2_PLACEMENT_3D ( 'NONE', #3656, #9911, #807 ) ;
#8863 = ORIENTED_EDGE ( 'NONE', *, *, #10668, .T. ) ;
#8864 = CARTESIAN_POINT ( 'NONE',  ( 32.54999999999999716, 97.82583987928822467, 22.30467496797187010 ) ) ;
#8865 = CARTESIAN_POINT ( 'NONE',  ( 82.54999999999999716, 53.23979246179025893, -0.2576914538747649974 ) ) ;
#8866 = CARTESIAN_POINT ( 'NONE',  ( -33.75499999999998124, -27.00000000000000355, 0.000000000000000000 ) ) ;
#8867 = DIRECTION ( 'NONE',  ( 0.000000000000000000, 1.000000000000000000, -1.365923996832131116E-16 ) ) ;
#8868 = ORIENTED_EDGE ( 'NONE', *, *, #3044, .F. ) ;
#8869 = LINE ( 'NONE', #4557, #11352 ) ;
#8870 = CARTESIAN_POINT ( 'NONE',  ( -5.461913016040046642, 99.82583987928822467, 21.29351081815998370 ) ) ;
#8871 = DIRECTION ( 'NONE',  ( 9.337945923828023487E-13, 1.000000000000000000, -8.562237602503630569E-26 ) ) ;
#8872 = EDGE_CURVE ( 'NONE', #11206, #7536, #872, .T. ) ;
#8873 = EDGE_CURVE ( 'NONE', #4473, #2317, #4196, .T. ) ;
#8874 = ORIENTED_EDGE ( 'NONE', *, *, #2020, .T. ) ;
#8875 = DIRECTION ( 'NONE',  ( 0.000000000000000000, -0.7071072074758638637, -0.7071063548969741541 ) ) ;
#8876 = DIRECTION ( 'NONE',  ( 0.000000000000000000, -0.000000000000000000, -1.000000000000000000 ) ) ;
#8877 = LINE ( 'NONE', #11048, #1787 ) ;
#8878 = ORIENTED_EDGE ( 'NONE', *, *, #3759, .F. ) ;
#8879 = ORIENTED_EDGE ( 'NONE', *, *, #1456, .T. ) ;
#8880 = CIRCLE ( 'NONE', #10376, 24.20000000000000639 ) ;
#8881 = DIRECTION ( 'NONE',  ( 0.000000000000000000, 5.729626054870175484E-16, -1.000000000000000000 ) ) ;
#8882 = CARTESIAN_POINT ( 'NONE',  ( 8.384417448447280208, 90.00000000000000000, 20.56133305600576122 ) ) ;
#8883 = CARTESIAN_POINT ( 'NONE',  ( -50.02648654977334530, 6.349999999999999645, 24.62763407003638960 ) ) ;
#8884 = FACE_OUTER_BOUND ( 'NONE', #2719, .T. ) ;
#8885 = EDGE_CURVE ( 'NONE', #1857, #9969, #10735, .T. ) ;
#8886 = ORIENTED_EDGE ( 'NONE', *, *, #11650, .F. ) ;
#8887 = DIRECTION ( 'NONE',  ( -1.000000000000000000, 0.000000000000000000, 1.335278419062900361E-16 ) ) ;
#8888 = CARTESIAN_POINT ( 'NONE',  ( 8.384416722923319298, 79.82583987928821045, -3.694314324706627684 ) ) ;
#8889 = DIRECTION ( 'NONE',  ( 1.000000000000000000, 0.000000000000000000, -0.000000000000000000 ) ) ;
#8890 = EDGE_LOOP ( 'NONE', ( #4681, #4039, #8244, #6795, #2138, #5503 ) ) ;
#8891 = ORIENTED_EDGE ( 'NONE', *, *, #7502, .F. ) ;
#8892 = CIRCLE ( 'NONE', #2863, 1.150000000000001688 ) ;
#8893 = AXIS2_PLACEMENT_3D ( 'NONE', #554, #8708, #2454 ) ;
#8894 = ORIENTED_EDGE ( 'NONE', *, *, #633, .F. ) ;
#8895 = EDGE_CURVE ( 'NONE', #8222, #5656, #8266, .T. ) ;
#8896 = ADVANCED_FACE ( 'NONE', ( #6 ), #126, .F. ) ;
#8897 = DIRECTION ( 'NONE',  ( 0.000000000000000000, 0.000000000000000000, 1.000000000000000000 ) ) ;
#8898 = CYLINDRICAL_SURFACE ( 'NONE', #1195, 2.500000000000000444 ) ;
#8899 = DIRECTION ( 'NONE',  ( 0.000000000000000000, 0.000000000000000000, 1.000000000000000000 ) ) ;
#8900 = EDGE_CURVE ( 'NONE', #3851, #9958, #9628, .T. ) ;
#8901 = LINE ( 'NONE', #918, #2291 ) ;
#8902 = AXIS2_PLACEMENT_3D ( 'NONE', #5029, #6796, #10217 ) ;
#8903 = CIRCLE ( 'NONE', #1538, 24.20000000000000639 ) ;
#8904 = CARTESIAN_POINT ( 'NONE',  ( 82.54999999999996874, 106.2903059733554585, 44.82893218813462255 ) ) ;
#8905 = LINE ( 'NONE', #798, #7281 ) ;
#8906 = ORIENTED_EDGE ( 'NONE', *, *, #5266, .F. ) ;
#8907 = VERTEX_POINT ( 'NONE', #1952 ) ;
#8908 = ORIENTED_EDGE ( 'NONE', *, *, #4777, .F. ) ;
#8909 = AXIS2_PLACEMENT_3D ( 'NONE', #8853, #9734, #9848 ) ;
#8910 = AXIS2_PLACEMENT_3D ( 'NONE', #7168, #7051, #10756 ) ;
#8911 = VECTOR ( 'NONE', #5942, 1000.000000000000000 ) ;
#8912 = DIRECTION ( 'NONE',  ( -0.000000000000000000, -1.000000000000000000, -0.000000000000000000 ) ) ;
#8913 = DIRECTION ( 'NONE',  ( 0.000000000000000000, -0.7213349599943349455, -0.6925863668092024916 ) ) ;
#8914 = ORIENTED_EDGE ( 'NONE', *, *, #452, .T. ) ;
#8915 = CARTESIAN_POINT ( 'NONE',  ( -43.40689872104514535, 95.63999999999417412, -2.374168628343573229 ) ) ;
#8916 = CARTESIAN_POINT ( 'NONE',  ( -81.84979246179028678, 66.63999999999998636, 10.39999999999999325 ) ) ;
#8917 = CARTESIAN_POINT ( 'NONE',  ( 79.37500000000000000, 5.357829746269673579E-16, 25.39999999999999858 ) ) ;
#8918 = ORIENTED_EDGE ( 'NONE', *, *, #1880, .F. ) ;
#8919 = DIRECTION ( 'NONE',  ( -0.000000000000000000, 1.000000000000000000, -0.000000000000000000 ) ) ;
#8920 = CARTESIAN_POINT ( 'NONE',  ( -53.05138322153545261, 5.099999999999999645, 15.82115058466707858 ) ) ;
#8921 = ORIENTED_EDGE ( 'NONE', *, *, #5156, .F. ) ;
#8922 = CIRCLE ( 'NONE', #6100, 24.20000000000000639 ) ;
#8923 = VERTEX_POINT ( 'NONE', #993 ) ;
#8924 = EDGE_LOOP ( 'NONE', ( #6448, #11327, #4914, #2871 ) ) ;
#8925 = ADVANCED_FACE ( 'NONE', ( #6262 ), #8084, .T. ) ;
#8926 = CARTESIAN_POINT ( 'NONE',  ( -46.58189872104513540, 97.50000000000000000, -26.48622071973760228 ) ) ;
#8927 = VECTOR ( 'NONE', #736, 1000.000000000000227 ) ;
#8928 = EDGE_CURVE ( 'NONE', #3782, #8466, #989, .T. ) ;
#8929 = ORIENTED_EDGE ( 'NONE', *, *, #10694, .F. ) ;
#8930 = LINE ( 'NONE', #4450, #10399 ) ;
#8931 = CARTESIAN_POINT ( 'NONE',  ( -82.55000000000002558, 99.82583987928822467, 33.89999999999999147 ) ) ;
#8932 = CARTESIAN_POINT ( 'NONE',  ( -6.268209422258877339, 119.8258398792882105, 36.86783398817240709 ) ) ;
#8933 = ORIENTED_EDGE ( 'NONE', *, *, #7530, .T. ) ;
#8934 = DIRECTION ( 'NONE',  ( 0.000000000000000000, 0.000000000000000000, -1.000000000000000000 ) ) ;
#8935 = DIRECTION ( 'NONE',  ( 0.000000000000000000, -1.000000000000000000, 1.365923996832131116E-16 ) ) ;
#8936 = CARTESIAN_POINT ( 'NONE',  ( 50.02648654977334530, 8.274999999999998579, 24.62763407003638960 ) ) ;
#8937 = ORIENTED_EDGE ( 'NONE', *, *, #11166, .T. ) ;
#8938 = LINE ( 'NONE', #8110, #7252 ) ;
#8939 = ORIENTED_EDGE ( 'NONE', *, *, #4792, .T. ) ;
#8940 = AXIS2_PLACEMENT_3D ( 'NONE', #4047, #6717, #11200 ) ;
#8941 = EDGE_CURVE ( 'NONE', #6044, #11172, #6439, .T. ) ;
#8942 = CIRCLE ( 'NONE', #5185, 1.149999999999999467 ) ;
#8943 = CARTESIAN_POINT ( 'NONE',  ( -72.76808532600743717, 8.274999999999998579, -0.6211324209942632457 ) ) ;
#8944 = DIRECTION ( 'NONE',  ( -0.000000000000000000, -0.000000000000000000, -1.000000000000000000 ) ) ;
#8945 = DIRECTION ( 'NONE',  ( -0.000000000000000000, -0.000000000000000000, -1.000000000000000000 ) ) ;
#8946 = ORIENTED_EDGE ( 'NONE', *, *, #3902, .T. ) ;
#8947 = DIRECTION ( 'NONE',  ( -2.787090821298670553E-12, 0.000000000000000000, 1.000000000000000000 ) ) ;
#8948 = CYLINDRICAL_SURFACE ( 'NONE', #7638, 1.149999999999999467 ) ;
#8949 = CARTESIAN_POINT ( 'NONE',  ( -82.55000000000002558, 99.82583987928822467, 33.89999999999999147 ) ) ;
#8950 = VECTOR ( 'NONE', #7230, 1000.000000000000000 ) ;
#8951 = ORIENTED_EDGE ( 'NONE', *, *, #7740, .T. ) ;
#8952 = VECTOR ( 'NONE', #3645, 1000.000000000000000 ) ;
#8953 = VECTOR ( 'NONE', #9155, 1000.000000000000000 ) ;
#8954 = VERTEX_POINT ( 'NONE', #8318 ) ;
#8955 = ORIENTED_EDGE ( 'NONE', *, *, #2987, .T. ) ;
#8956 = EDGE_CURVE ( 'NONE', #9153, #8536, #1946, .T. ) ;
#8957 = EDGE_CURVE ( 'NONE', #10514, #6671, #7386, .T. ) ;
#8958 = LINE ( 'NONE', #9890, #990 ) ;
#8959 = AXIS2_PLACEMENT_3D ( 'NONE', #4437, #10743, #1776 ) ;
#8960 = FACE_OUTER_BOUND ( 'NONE', #2135, .T. ) ;
#8961 = VECTOR ( 'NONE', #1363, 1000.000000000000000 ) ;
#8962 = VECTOR ( 'NONE', #1374, 1000.000000000000000 ) ;
#8963 = AXIS2_PLACEMENT_3D ( 'NONE', #9169, #1072, #3959 ) ;
#8964 = FACE_OUTER_BOUND ( 'NONE', #10994, .T. ) ;
#8965 = CARTESIAN_POINT ( 'NONE',  ( -50.48689872104515075, 97.40000406513269127, 2.358535216981981542 ) ) ;
#8966 = FACE_OUTER_BOUND ( 'NONE', #7824, .T. ) ;
#8967 = CARTESIAN_POINT ( 'NONE',  ( 5.041933606692419190, 124.8258398792882247, -15.23534267996139135 ) ) ;
#8968 = ADVANCED_FACE ( 'NONE', ( #8979 ), #179, .T. ) ;
#8969 = DIRECTION ( 'NONE',  ( -1.053532600013481320E-16, -0.7213349599943349455, -0.6925863668092024916 ) ) ;
#8970 = EDGE_CURVE ( 'NONE', #7676, #10017, #3655, .T. ) ;
#8971 = ORIENTED_EDGE ( 'NONE', *, *, #5663, .T. ) ;
#8972 = AXIS2_PLACEMENT_3D ( 'NONE', #6599, #11088, #1040 ) ;
#8973 = AXIS2_PLACEMENT_3D ( 'NONE', #6620, #2133, #412 ) ;
#8974 = ORIENTED_EDGE ( 'NONE', *, *, #5062, .T. ) ;
#8975 = ADVANCED_FACE ( 'NONE', ( #9965 ), #2892, .F. ) ;
#8976 = DIRECTION ( 'NONE',  ( 0.000000000000000000, 0.000000000000000000, 1.000000000000000000 ) ) ;
#8977 = CARTESIAN_POINT ( 'NONE',  ( 0.000000000000000000, 99.82583987928822467, 0.000000000000000000 ) ) ;
#8978 = VECTOR ( 'NONE', #3856, 1000.000000000000000 ) ;
#8979 = FACE_OUTER_BOUND ( 'NONE', #11538, .T. ) ;
#8980 = CARTESIAN_POINT ( 'NONE',  ( -74.43749999996865085, 82.35514882866895903, -40.25769145387477010 ) ) ;
#8981 = ORIENTED_EDGE ( 'NONE', *, *, #1096, .F. ) ;
#8982 = DIRECTION ( 'NONE',  ( 0.000000000000000000, -1.000000000000000000, 0.000000000000000000 ) ) ;
#8983 = CARTESIAN_POINT ( 'NONE',  ( -76.81501998216515403, 5.099999999999999645, 20.22115427298596302 ) ) ;
#8984 = ORIENTED_EDGE ( 'NONE', *, *, #5509, .F. ) ;
#8986 = EDGE_CURVE ( 'NONE', #1996, #10193, #9087, .T. ) ;
#8985 = FACE_OUTER_BOUND ( 'NONE', #332, .T. ) ;
#8987 = ADVANCED_FACE ( 'NONE', ( #7148 ), #10084, .F. ) ;
#8988 = EDGE_LOOP ( 'NONE', ( #6447, #10090, #6243, #7140 ) ) ;
#8989 = ORIENTED_EDGE ( 'NONE', *, *, #8818, .F. ) ;
#8990 = EDGE_LOOP ( 'NONE', ( #4364, #3259, #3447, #7044 ) ) ;
#8991 = VECTOR ( 'NONE', #11535, 1000.000000000000000 ) ;
#8992 = CARTESIAN_POINT ( 'NONE',  ( -54.81500000380517434, 8.274999999999998579, 19.62115427306273219 ) ) ;
#8993 = DIRECTION ( 'NONE',  ( 1.000000000000000000, 0.000000000000000000, 1.335278419062900361E-16 ) ) ;
#8994 = EDGE_LOOP ( 'NONE', ( #4429, #4515, #8560, #10329, #8570, #748 ) ) ;
#8995 = CARTESIAN_POINT ( 'NONE',  ( 82.54999999999999716, 72.64000000000000057, -26.48622071973760583 ) ) ;
#8996 = DIRECTION ( 'NONE',  ( 0.000000000000000000, 1.000000000000000000, -0.000000000000000000 ) ) ;
#8997 = DIRECTION ( 'NONE',  ( 1.000000000000000000, 0.000000000000000000, 0.000000000000000000 ) ) ;
#8998 = VERTEX_POINT ( 'NONE', #2012 ) ;
#8999 = LINE ( 'NONE', #4505, #11282 ) ;
#9000 = PLANE ( 'NONE',  #10845 ) ;
#9001 = ORIENTED_EDGE ( 'NONE', *, *, #7870, .F. ) ;
#9002 = ORIENTED_EDGE ( 'NONE', *, *, #5053, .T. ) ;
#9003 = ORIENTED_EDGE ( 'NONE', *, *, #9176, .T. ) ;
#9004 = CARTESIAN_POINT ( 'NONE',  ( 43.40689872104513825, 97.50000000000000000, -29.66122071973760299 ) ) ;
#9005 = DIRECTION ( 'NONE',  ( 9.184139537363837425E-14, -0.000000000000000000, 1.000000000000000000 ) ) ;
#9006 = FACE_OUTER_BOUND ( 'NONE', #6059, .T. ) ;
#9007 = ORIENTED_EDGE ( 'NONE', *, *, #2826, .T. ) ;
#9008 = DIRECTION ( 'NONE',  ( 0.000000000000000000, -0.000000000000000000, 1.000000000000000000 ) ) ;
#9009 = LINE ( 'NONE', #907, #463 ) ;
#9010 = DIRECTION ( 'NONE',  ( 0.000000000000000000, 0.000000000000000000, 1.000000000000000000 ) ) ;
#9011 = EDGE_CURVE ( 'NONE', #1996, #1774, #8544, .T. ) ;
#9012 = ADVANCED_FACE ( 'NONE', ( #5900 ), #11100, .F. ) ;
#9013 = ORIENTED_EDGE ( 'NONE', *, *, #7081, .T. ) ;
#9014 = VERTEX_POINT ( 'NONE', #468 ) ;
#9015 = ORIENTED_EDGE ( 'NONE', *, *, #4497, .T. ) ;
#9016 = DIRECTION ( 'NONE',  ( 0.000000000000000000, 1.000000000000000000, 0.000000000000000000 ) ) ;
#9017 = PLANE ( 'NONE',  #9355 ) ;
#9018 = PLANE ( 'NONE',  #2154 ) ;
#9019 = DIRECTION ( 'NONE',  ( 0.000000000000000000, 0.000000000000000000, 1.000000000000000000 ) ) ;
#9020 = CARTESIAN_POINT ( 'NONE',  ( -50.48689872104514365, 95.20641123616282187, -26.28622525258461451 ) ) ;
#9021 = CARTESIAN_POINT ( 'NONE',  ( 4.246849981254618100, 124.4792710398177746, -20.03649027154900253 ) ) ;
#9022 = ADVANCED_FACE ( 'NONE', ( #11273, #3173, #10320, #1280, #5732 ), #8613, .F. ) ;
#9023 = EDGE_CURVE ( 'NONE', #4835, #1414, #9263, .T. ) ;
#9024 = DIRECTION ( 'NONE',  ( 1.000000000000000000, -0.000000000000000000, -1.490776387223533517E-14 ) ) ;
#9025 = ORIENTED_EDGE ( 'NONE', *, *, #8539, .T. ) ;
#9026 = ORIENTED_EDGE ( 'NONE', *, *, #2267, .T. ) ;
#9027 = LINE ( 'NONE', #4538, #5339 ) ;
#9028 = DIRECTION ( 'NONE',  ( -1.000000000000000000, 0.000000000000000000, 0.000000000000000000 ) ) ;
#9029 = DIRECTION ( 'NONE',  ( 0.8191520442889941300, 0.5735764363510428288, 0.000000000000000000 ) ) ;
#9030 = EDGE_LOOP ( 'NONE', ( #2387, #7984, #12, #5707 ) ) ;
#9031 = CARTESIAN_POINT ( 'NONE',  ( 5.042655011336153237, 124.8258398792882247, 32.10220843882515140 ) ) ;
#9032 = CARTESIAN_POINT ( 'NONE',  ( -0.0004294969318460739593, 99.82583987928822467, 8.433509728450992782 ) ) ;
#9033 = AXIS2_PLACEMENT_3D ( 'NONE', #10364, #1391, #8780 ) ;
#9034 = CARTESIAN_POINT ( 'NONE',  ( -81.84979246179028678, 61.63999999999999346, -5.257691453874764775 ) ) ;
#9035 = EDGE_CURVE ( 'NONE', #7737, #7285, #432, .T. ) ;
#9036 = ORIENTED_EDGE ( 'NONE', *, *, #8251, .F. ) ;
#9037 = EDGE_LOOP ( 'NONE', ( #9230, #1250, #2813, #7946, #1568, #140 ) ) ;
#9038 = VERTEX_POINT ( 'NONE', #2065 ) ;
#9039 = ORIENTED_EDGE ( 'NONE', *, *, #2890, .F. ) ;
#9040 = ORIENTED_EDGE ( 'NONE', *, *, #7711, .T. ) ;
#9041 = ADVANCED_FACE ( 'NONE', ( #297 ), #3945, .F. ) ;
#9042 = EDGE_CURVE ( 'NONE', #1774, #1176, #10141, .T. ) ;
#9043 = LINE ( 'NONE', #10750, #2633 ) ;
#9044 = ORIENTED_EDGE ( 'NONE', *, *, #855, .F. ) ;
#9045 = DIRECTION ( 'NONE',  ( 0.000000000000000000, 1.000000000000000000, 0.000000000000000000 ) ) ;
#9046 = CARTESIAN_POINT ( 'NONE',  ( 80.04999999999999716, -27.00000000000000355, 25.39999999999999858 ) ) ;
#9047 = DIRECTION ( 'NONE',  ( 1.783514045278184436E-06, 0.000000000000000000, -0.9999999999984096055 ) ) ;
#9048 = ORIENTED_EDGE ( 'NONE', *, *, #2692, .F. ) ;
#9049 = DIRECTION ( 'NONE',  ( 0.000000000000000000, 0.000000000000000000, 1.000000000000000000 ) ) ;
#9050 = CARTESIAN_POINT ( 'NONE',  ( 4.999570503068137661, 124.8258398792882247, -20.03649027154900608 ) ) ;
#9051 = AXIS2_PLACEMENT_3D ( 'NONE', #9166, #945, #6341 ) ;
#9052 = ORIENTED_EDGE ( 'NONE', *, *, #9673, .T. ) ;
#9053 = ORIENTED_EDGE ( 'NONE', *, *, #8242, .T. ) ;
#9054 = VERTEX_POINT ( 'NONE', #3067 ) ;
#9055 = CARTESIAN_POINT ( 'NONE',  ( 52.36501998304115091, 8.274999999999998579, 20.22115427297831403 ) ) ;
#9056 = VECTOR ( 'NONE', #1588, 1000.000000000000000 ) ;
#9057 = LINE ( 'NONE', #1138, #8788 ) ;
#9058 = CARTESIAN_POINT ( 'NONE',  ( 77.54999999999999716, 109.8258398792882247, 44.40000000000009095 ) ) ;
#9059 = DIRECTION ( 'NONE',  ( 1.000000000000000000, 0.000000000000000000, 0.000000000000000000 ) ) ;
#9060 = EDGE_LOOP ( 'NONE', ( #8039, #1797 ) ) ;
#9061 = CARTESIAN_POINT ( 'NONE',  ( 72.76808532600743717, 8.274999999999998579, -0.6211324209942632457 ) ) ;
#9062 = PLANE ( 'NONE',  #4617 ) ;
#9063 = CARTESIAN_POINT ( 'NONE',  ( 33.54999999999999716, 92.00000000000000000, 33.89999999999999147 ) ) ;
#9064 = CIRCLE ( 'NONE', #3590, 1.149999999999998801 ) ;
#9065 = ORIENTED_EDGE ( 'NONE', *, *, #10634, .F. ) ;
#9066 = ORIENTED_EDGE ( 'NONE', *, *, #4853, .T. ) ;
#9067 = ORIENTED_EDGE ( 'NONE', *, *, #3715, .F. ) ;
#9068 = PLANE ( 'NONE',  #8353 ) ;
#9069 = EDGE_CURVE ( 'NONE', #10807, #9932, #4776, .T. ) ;
#9070 = CARTESIAN_POINT ( 'NONE',  ( -46.58189872104514251, 74.67980196068272392, -26.29001273249923898 ) ) ;
#9071 = CARTESIAN_POINT ( 'NONE',  ( -33.55000000000002558, 92.50000000000000000, 10.19715292348722890 ) ) ;
#9072 = DIRECTION ( 'NONE',  ( -1.000000000000000000, 0.000000000000000000, -0.000000000000000000 ) ) ;
#9073 = LINE ( 'NONE', #2879, #7768 ) ;
#9074 = EDGE_CURVE ( 'NONE', #8466, #3726, #1398, .T. ) ;
#9075 = CARTESIAN_POINT ( 'NONE',  ( -13.75499999999998479, -24.89937738537090794, 7.542308546125212843 ) ) ;
#9076 = VECTOR ( 'NONE', #2036, 1000.000000000000000 ) ;
#9077 = LINE ( 'NONE', #1943, #116 ) ;
#9078 = AXIS2_PLACEMENT_3D ( 'NONE', #226, #5431, #919 ) ;
#9079 = ORIENTED_EDGE ( 'NONE', *, *, #6529, .T. ) ;
#9080 = ORIENTED_EDGE ( 'NONE', *, *, #9602, .T. ) ;
#9081 = EDGE_CURVE ( 'NONE', #8777, #2540, #3121, .T. ) ;
#9082 = VECTOR ( 'NONE', #7196, 1000.000000000000000 ) ;
#9083 = CIRCLE ( 'NONE', #8527, 5.999999999999998224 ) ;
#9084 = PLANE ( 'NONE',  #7227 ) ;
#9085 = DIRECTION ( 'NONE',  ( 1.600125454749515028E-16, 0.000000000000000000, -1.000000000000000000 ) ) ;
#9086 = VECTOR ( 'NONE', #10655, 1000.000000000000000 ) ;
#9087 = LINE ( 'NONE', #4605, #3248 ) ;
#9088 = DIRECTION ( 'NONE',  ( 0.000000000000000000, 1.000000000000000000, 0.000000000000000000 ) ) ;
#9089 = DIRECTION ( 'NONE',  ( 0.000000000000000000, 0.000000000000000000, 1.000000000000000000 ) ) ;
#9090 = DIRECTION ( 'NONE',  ( -0.000000000000000000, -1.000000000000000000, -0.000000000000000000 ) ) ;
#9091 = CARTESIAN_POINT ( 'NONE',  ( 50.48689872104515075, 95.28999999999417980, -23.92998592831960991 ) ) ;
#9092 = ORIENTED_EDGE ( 'NONE', *, *, #7014, .T. ) ;
#9093 = ORIENTED_EDGE ( 'NONE', *, *, #6738, .F. ) ;
#9094 = ORIENTED_EDGE ( 'NONE', *, *, #10816, .T. ) ;
#9095 = CIRCLE ( 'NONE', #8902, 1.150000000000003020 ) ;
#9096 = VECTOR ( 'NONE', #4925, 1000.000000000000000 ) ;
#9097 = ORIENTED_EDGE ( 'NONE', *, *, #1681, .T. ) ;
#9098 = EDGE_CURVE ( 'NONE', #1159, #6880, #3890, .T. ) ;
#9099 = ADVANCED_FACE ( 'NONE', ( #2290 ), #6614, .F. ) ;
#9100 = DIRECTION ( 'NONE',  ( 0.000000000000000000, 0.000000000000000000, -1.000000000000000000 ) ) ;
#9101 = VECTOR ( 'NONE', #5960, 1000.000000000000000 ) ;
#9102 = LINE ( 'NONE', #9979, #5286 ) ;
#9103 = VECTOR ( 'NONE', #11215, 1000.000000000000000 ) ;
#9104 = EDGE_LOOP ( 'NONE', ( #4231, #11345, #11278, #13 ) ) ;
#9105 = FACE_OUTER_BOUND ( 'NONE', #2044, .T. ) ;
#9106 = CARTESIAN_POINT ( 'NONE',  ( 13.75500000000000433, 4.249377385370907589, 7.542308546125213731 ) ) ;
#9107 = CARTESIAN_POINT ( 'NONE',  ( 50.48689872104515075, 95.28999999999417980, -25.07998592831960849 ) ) ;
#9108 = AXIS2_PLACEMENT_3D ( 'NONE', #1051, #1224, #3003 ) ;
#9109 = ORIENTED_EDGE ( 'NONE', *, *, #4986, .T. ) ;
#9110 = DIRECTION ( 'NONE',  ( -1.184914904054006793E-16, 0.4610163555042787742, 0.8873916384311678618 ) ) ;
#9111 = DIRECTION ( 'NONE',  ( -2.037326371931608774E-06, 0.000000000000000000, -0.9999999999979246601 ) ) ;
#9112 = ORIENTED_EDGE ( 'NONE', *, *, #8941, .T. ) ;
#9113 = ADVANCED_FACE ( 'NONE', ( #10201 ), #9452, .F. ) ;
#9114 = ORIENTED_EDGE ( 'NONE', *, *, #8112, .F. ) ;
#9115 = EDGE_CURVE ( 'NONE', #5521, #4737, #11154, .T. ) ;
#9116 = LINE ( 'NONE', #9228, #2443 ) ;
#9117 = ORIENTED_EDGE ( 'NONE', *, *, #6392, .T. ) ;
#9118 = EDGE_CURVE ( 'NONE', #4934, #10970, #8526, .T. ) ;
#9119 = AXIS2_PLACEMENT_3D ( 'NONE', #6644, #10346, #2157 ) ;
#9120 = LINE ( 'NONE', #37, #1873 ) ;
#9121 = DIRECTION ( 'NONE',  ( 1.000000000000000000, 0.000000000000000000, 1.335278419062900361E-16 ) ) ;
#9122 = LINE ( 'NONE', #6591, #8702 ) ;
#9123 = VERTEX_POINT ( 'NONE', #5794 ) ;
#9124 = LINE ( 'NONE', #8298, #943 ) ;
#9125 = CARTESIAN_POINT ( 'NONE',  ( -8.300429496927835160, 96.12583987928823603, 1.150873398797555902 ) ) ;
#9126 = DIRECTION ( 'NONE',  ( 0.000000000000000000, -1.000000000000000000, 0.000000000000000000 ) ) ;
#9127 = VECTOR ( 'NONE', #11382, 1000.000000000000000 ) ;
#9128 = VERTEX_POINT ( 'NONE', #8498 ) ;
#9129 = EDGE_CURVE ( 'NONE', #9372, #899, #6646, .T. ) ;
#9130 = ORIENTED_EDGE ( 'NONE', *, *, #6947, .T. ) ;
#9131 = FACE_OUTER_BOUND ( 'NONE', #85, .T. ) ;
#9132 = FACE_OUTER_BOUND ( 'NONE', #5603, .T. ) ;
#9133 = CARTESIAN_POINT ( 'NONE',  ( 79.37500000000000000, 90.00000000000000000, 25.39999999999999147 ) ) ;
#9134 = CARTESIAN_POINT ( 'NONE',  ( 73.96808532237744771, 8.274999999999998579, 0.5788675790057360437 ) ) ;
#9135 = CIRCLE ( 'NONE', #283, 1.149999999999994804 ) ;
#9136 = LINE ( 'NONE', #4594, #3612 ) ;
#9137 = CARTESIAN_POINT ( 'NONE',  ( 54.81500000380517434, 5.099999999999999645, 19.62115427306273219 ) ) ;
#9138 = LINE ( 'NONE', #10967, #4062 ) ;
#9139 = VERTEX_POINT ( 'NONE', #2587 ) ;
#9140 = VERTEX_POINT ( 'NONE', #6194 ) ;
#9141 = VECTOR ( 'NONE', #11340, 1000.000000000000000 ) ;
#9142 = VECTOR ( 'NONE', #7260, 1000.000000000000000 ) ;
#9143 = VECTOR ( 'NONE', #1813, 1000.000000000000000 ) ;
#9144 = CARTESIAN_POINT ( 'NONE',  ( 43.40689872104514535, 72.64000000000000057, 22.30467496797187010 ) ) ;
#9145 = CARTESIAN_POINT ( 'NONE',  ( -79.76575602480876626, 107.0729222818260808, 46.39416480507637885 ) ) ;
#9146 = DIRECTION ( 'NONE',  ( 2.244742081187875711E-15, 1.000000000000000000, 0.000000000000000000 ) ) ;
#9147 = DIRECTION ( 'NONE',  ( -0.7071067811865489050, 0.7071067811865462405, 0.000000000000000000 ) ) ;
#9148 = DIRECTION ( 'NONE',  ( -0.000000000000000000, -0.000000000000000000, 1.000000000000000000 ) ) ;
#9149 = DIRECTION ( 'NONE',  ( 0.000000000000000000, 0.000000000000000000, -1.000000000000000000 ) ) ;
#9150 = PLANE ( 'NONE',  #6340 ) ;
#9151 = DIRECTION ( 'NONE',  ( -1.000000000000000000, 0.000000000000000000, 0.000000000000000000 ) ) ;
#9152 = AXIS2_PLACEMENT_3D ( 'NONE', #8647, #6944, #4882 ) ;
#9153 = VERTEX_POINT ( 'NONE', #9599 ) ;
#9154 = VECTOR ( 'NONE', #9201, 999.9999999999998863 ) ;
#9155 = DIRECTION ( 'NONE',  ( -0.000000000000000000, -1.000000000000000000, -0.000000000000000000 ) ) ;
#9156 = VECTOR ( 'NONE', #1295, 1000.000000000000000 ) ;
#9157 = VERTEX_POINT ( 'NONE', #11324 ) ;
#9158 = ADVANCED_FACE ( 'NONE', ( #3227 ), #11163, .F. ) ;
#9159 = ORIENTED_EDGE ( 'NONE', *, *, #6809, .T. ) ;
#9160 = APPLICATION_CONTEXT ( 'automotive_design' ) ;
#9161 = VERTEX_POINT ( 'NONE', #11507 ) ;
#9162 = AXIS2_PLACEMENT_3D ( 'NONE', #10347, #7650, #4982 ) ;
#9163 = VECTOR ( 'NONE', #1026, 1000.000000000000000 ) ;
#9164 = CARTESIAN_POINT ( 'NONE',  ( 69.20000000007698304, 82.35514882866922903, -40.25769145387477010 ) ) ;
#9165 = CARTESIAN_POINT ( 'NONE',  ( 46.58189872104514251, 60.51489584382510856, -12.12508953659851763 ) ) ;
#9166 = CARTESIAN_POINT ( 'NONE',  ( -33.11062307129483884, 96.12583987928823603, 18.79375140158797919 ) ) ;
#9167 = ORIENTED_EDGE ( 'NONE', *, *, #7476, .F. ) ;
#9168 = LINE ( 'NONE', #2026, #7406 ) ;
#9169 = CARTESIAN_POINT ( 'NONE',  ( 74.43750000000001421, 18.84999999999999787, -24.58269145387476584 ) ) ;
#9170 = CARTESIAN_POINT ( 'NONE',  ( 50.48689872104515075, 95.28999999999417980, -23.92998592831960991 ) ) ;
#9171 = ORIENTED_EDGE ( 'NONE', *, *, #1454, .T. ) ;
#9172 = CARTESIAN_POINT ( 'NONE',  ( -77.61249999996866222, 82.35514882866895903, -32.75769145387477010 ) ) ;
#9173 = CARTESIAN_POINT ( 'NONE',  ( 50.48689872104515075, 95.28999999999417980, 1.670014071680389733 ) ) ;
#9174 = EDGE_LOOP ( 'NONE', ( #6584, #3367, #10707, #2420 ) ) ;
#9175 = EDGE_CURVE ( 'NONE', #10299, #1849, #586, .T. ) ;
#9176 = EDGE_CURVE ( 'NONE', #656, #1418, #11537, .T. ) ;
#9177 = EDGE_LOOP ( 'NONE', ( #10094, #2999, #8289, #2161 ) ) ;
#9178 = CIRCLE ( 'NONE', #4080, 5.000000000000000888 ) ;
#9179 = CARTESIAN_POINT ( 'NONE',  ( -33.11070517773367072, 96.12583987928823603, -1.926765952349186017 ) ) ;
#9180 = ORIENTED_EDGE ( 'NONE', *, *, #4495, .T. ) ;
#9181 = LINE ( 'NONE', #6641, #8742 ) ;
#9182 = DIRECTION ( 'NONE',  ( 0.000000000000000000, -1.000000000000000000, 0.000000000000000000 ) ) ;
#9183 = DIRECTION ( 'NONE',  ( -6.697463681984793185E-14, 0.000000000000000000, -1.000000000000000000 ) ) ;
#9184 = DIRECTION ( 'NONE',  ( -0.000000000000000000, -1.000000000000000000, -0.000000000000000000 ) ) ;
#9185 = EDGE_LOOP ( 'NONE', ( #5285, #10076, #7334, #4264 ) ) ;
#9186 = LINE ( 'NONE', #1265, #8688 ) ;
#9187 = CARTESIAN_POINT ( 'NONE',  ( -30.00042949693185079, 124.8258398792882247, 36.89999999999998437 ) ) ;
#9188 = CARTESIAN_POINT ( 'NONE',  ( 46.58189872104513540, 72.67999878751419374, 2.358530551520390262 ) ) ;
#9189 = EDGE_CURVE ( 'NONE', #457, #3364, #8701, .T. ) ;
#9190 = ORIENTED_EDGE ( 'NONE', *, *, #3527, .T. ) ;
#9191 = ORIENTED_EDGE ( 'NONE', *, *, #2415, .T. ) ;
#9192 = ORIENTED_EDGE ( 'NONE', *, *, #2814, .F. ) ;
#9193 = DIRECTION ( 'NONE',  ( 0.000000000000000000, -1.000000000000000000, 0.000000000000000000 ) ) ;
#9195 = EDGE_CURVE ( 'NONE', #10290, #3639, #1517, .T. ) ;
#9194 = DIRECTION ( 'NONE',  ( -0.000000000000000000, -1.000000000000000000, -0.000000000000000000 ) ) ;
#9196 = EDGE_CURVE ( 'NONE', #9203, #4085, #6071, .T. ) ;
#9197 = PLANE ( 'NONE',  #6858 ) ;
#9198 = CARTESIAN_POINT ( 'NONE',  ( 50.48689872104514365, 95.20641123616282187, -26.28622525258461451 ) ) ;
#9199 = DIRECTION ( 'NONE',  ( -0.000000000000000000, -1.000000000000000000, -0.000000000000000000 ) ) ;
#9200 = DIRECTION ( 'NONE',  ( 0.000000000000000000, 0.000000000000000000, -1.000000000000000000 ) ) ;
#9201 = DIRECTION ( 'NONE',  ( -0.7071067811865489050, 0.7071067811865462405, 7.719070416997786282E-14 ) ) ;
#9202 = ORIENTED_EDGE ( 'NONE', *, *, #5671, .T. ) ;
#9203 = VERTEX_POINT ( 'NONE', #2349 ) ;
#9204 = EDGE_CURVE ( 'NONE', #5310, #9450, #9549, .T. ) ;
#9205 = DIRECTION ( 'NONE',  ( -1.000000000000000000, 0.000000000000000000, 0.000000000000000000 ) ) ;
#9206 = CARTESIAN_POINT ( 'NONE',  ( -80.80989147073597678, 108.7322059174796607, 45.80636603819022667 ) ) ;
#9207 = CARTESIAN_POINT ( 'NONE',  ( -5.000429496931850792, 124.8258398792882247, 11.89999999999998614 ) ) ;
#9208 = DIRECTION ( 'NONE',  ( -0.000000000000000000, -0.000000000000000000, -1.000000000000000000 ) ) ;
#9209 = DIRECTION ( 'NONE',  ( -0.5735764363510457153, 0.000000000000000000, 0.8191520442889921316 ) ) ;
#9210 = DIRECTION ( 'NONE',  ( 0.000000000000000000, 0.000000000000000000, 1.000000000000000000 ) ) ;
#9211 = CARTESIAN_POINT ( 'NONE',  ( 77.61250000000001137, 82.35514882866895903, -32.75769145387477010 ) ) ;
#9212 = VERTEX_POINT ( 'NONE', #3286 ) ;
#9213 = ORIENTED_EDGE ( 'NONE', *, *, #5130, .F. ) ;
#9214 = EDGE_LOOP ( 'NONE', ( #10872, #3356, #6479, #9733 ) ) ;
#9215 = CARTESIAN_POINT ( 'NONE',  ( 79.37500000000000000, 90.00000000000000000, -29.66122071973759944 ) ) ;
#9216 = LINE ( 'NONE', #2969, #8107 ) ;
#9217 = EDGE_CURVE ( 'NONE', #7474, #8092, #7852, .T. ) ;
#9218 = DIRECTION ( 'NONE',  ( -1.000000000000000000, -0.000000000000000000, -0.000000000000000000 ) ) ;
#9219 = ORIENTED_EDGE ( 'NONE', *, *, #4926, .F. ) ;
#9220 = CARTESIAN_POINT ( 'NONE',  ( -50.48689872104515075, 74.97269081489451992, 3.358530552390480040 ) ) ;
#9221 = PLANE ( 'NONE',  #249 ) ;
#9222 = ORIENTED_EDGE ( 'NONE', *, *, #8452, .F. ) ;
#9223 = CARTESIAN_POINT ( 'NONE',  ( 50.48689872104515075, 97.40000406513269127, 2.358535216981981542 ) ) ;
#9224 = CARTESIAN_POINT ( 'NONE',  ( 24.99957050306814210, 119.8258398792882105, 11.89999999999998437 ) ) ;
#9225 = VERTEX_POINT ( 'NONE', #11570 ) ;
#9226 = ORIENTED_EDGE ( 'NONE', *, *, #4268, .T. ) ;
#9227 = CARTESIAN_POINT ( 'NONE',  ( -5.000429496931850792, 124.8258398792882247, -20.03649027154900253 ) ) ;
#9228 = CARTESIAN_POINT ( 'NONE',  ( -33.55000000000002558, 91.50000000000000000, 22.30467496797187010 ) ) ;
#9229 = VECTOR ( 'NONE', #8354, 999.9999999999998863 ) ;
#9230 = ORIENTED_EDGE ( 'NONE', *, *, #8198, .F. ) ;
#9231 = LINE ( 'NONE', #3854, #6711 ) ;
#9232 = ADVANCED_FACE ( 'NONE', ( #1638 ), #738, .T. ) ;
#9233 = EDGE_CURVE ( 'NONE', #2354, #9128, #11455, .T. ) ;
#9234 = CARTESIAN_POINT ( 'NONE',  ( -61.81289880791658931, 5.099999999999999645, 18.26344096711873277 ) ) ;
#9235 = CARTESIAN_POINT ( 'NONE',  ( 33.54999999999999716, 96.82583987928822467, 33.89999999999999147 ) ) ;
#9236 = AXIS2_PLACEMENT_3D ( 'NONE', #1718, #10809, #5330 ) ;
#9237 = DIRECTION ( 'NONE',  ( 0.000000000000000000, -0.000000000000000000, -1.000000000000000000 ) ) ;
#9238 = CARTESIAN_POINT ( 'NONE',  ( -50.48689872104515075, 95.28999999999417980, -22.77998592831961133 ) ) ;
#9239 = VERTEX_POINT ( 'NONE', #4353 ) ;
#9240 = CARTESIAN_POINT ( 'NONE',  ( 12.14099893161103161, 109.8258398792882247, 36.89999999999997726 ) ) ;
#9241 = CARTESIAN_POINT ( 'NONE',  ( -50.48689872104515075, 78.54000537782802382, -2.374168628343575449 ) ) ;
#9242 = CARTESIAN_POINT ( 'NONE',  ( -23.90689872104513469, 90.00000000000000000, 21.29350972844788004 ) ) ;
#9243 = ORIENTED_EDGE ( 'NONE', *, *, #9938, .F. ) ;
#9244 = ORIENTED_EDGE ( 'NONE', *, *, #10616, .F. ) ;
#9245 = AXIS2_PLACEMENT_3D ( 'NONE', #637, #4257, #181 ) ;
#9246 = EDGE_CURVE ( 'NONE', #4541, #4881, #7956, .T. ) ;
#9247 = CARTESIAN_POINT ( 'NONE',  ( -50.48689872104515075, 74.78999999999417980, -25.07998592831960849 ) ) ;
#9248 = CARTESIAN_POINT ( 'NONE',  ( -82.54999999999999716, 67.63999999999998636, 5.399999999999991473 ) ) ;
#9250 = CARTESIAN_POINT ( 'NONE',  ( -79.37500000000000000, 72.64000000000000057, 22.30467496797187010 ) ) ;
#9249 =( BOUNDED_SURFACE ( )  B_SPLINE_SURFACE ( 3, 2, ( 
 ( #1210, #1271, #224 ),
 ( #8366, #6553, #8487 ),
 ( #7495, #3988, #6718 ),
 ( #4829, #3934, #11143 ) ),
 .UNSPECIFIED., .F., .F., .T. ) 
 B_SPLINE_SURFACE_WITH_KNOTS ( ( 4, 4 ),
 ( 3, 3 ),
 ( 0.01214628849625265170, 0.01313556158062854744 ),
 ( 0.000000000000000000, 1.000000000000000000 ),
 .UNSPECIFIED. ) 
 GEOMETRIC_REPRESENTATION_ITEM ( )  RATIONAL_B_SPLINE_SURFACE ( (
 ( 1.000000000000000000, 0.7210306795423050419, 1.000000000000000000),
 ( 1.000000000000000000, 0.7163428999798905350, 1.000000000000000000),
 ( 1.000000000000000000, 0.7117011534221902025, 1.000000000000000000),
 ( 1.000000000000000000, 0.7071067811865466846, 1.000000000000000000) ) ) 
 REPRESENTATION_ITEM ( '' )  SURFACE ( )  );
#9251 = DIRECTION ( 'NONE',  ( 0.000000000000000000, 1.000000000000000000, 0.000000000000000000 ) ) ;
#9252 = CARTESIAN_POINT ( 'NONE',  ( 50.48689872104515075, 91.54000537782400215, -2.374168628343573673 ) ) ;
#9253 = DIRECTION ( 'NONE',  ( 0.7071067811688201976, -1.587272347582956835E-15, 0.7071067812042748368 ) ) ;
#9254 = EDGE_LOOP ( 'NONE', ( #8297, #1777, #8089, #4265 ) ) ;
#9255 = ADVANCED_FACE ( 'NONE', ( #6070 ), #564, .T. ) ;
#9256 = ADVANCED_FACE ( 'NONE', ( #4119 ), #1577, .T. ) ;
#9257 = CARTESIAN_POINT ( 'NONE',  ( 50.02648654977334530, 10.00000000000000000, 21.38115427306259875 ) ) ;
#9258 = EDGE_LOOP ( 'NONE', ( #5908, #8169, #10433, #9919 ) ) ;
#9259 = EDGE_CURVE ( 'NONE', #6829, #5425, #10670, .T. ) ;
#9260 = CARTESIAN_POINT ( 'NONE',  ( -43.40689872104514535, 74.78999999999417980, 0.5200140716803901553 ) ) ;
#9261 = CYLINDRICAL_SURFACE ( 'NONE', #11196, 1.150000000000001688 ) ;
#9262 = CARTESIAN_POINT ( 'NONE',  ( -79.37500000000000000, 72.64000000000000057, -29.66122071973759944 ) ) ;
#9263 = LINE ( 'NONE', #6730, #3075 ) ;
#9264 = CARTESIAN_POINT ( 'NONE',  ( -0.0004294969318549642003, 119.8865788063280320, -20.03649027154899542 ) ) ;
#9265 = AXIS2_PLACEMENT_3D ( 'NONE', #286, #9481, #1386 ) ;
#9266 = DIRECTION ( 'NONE',  ( 0.000000000000000000, 1.000000000000000000, -0.000000000000000000 ) ) ;
#9267 = CARTESIAN_POINT ( 'NONE',  ( 4.999570503068141214, 110.8258398792882247, 11.89999999999998614 ) ) ;
#9268 =( NAMED_UNIT ( * ) PLANE_ANGLE_UNIT ( ) SI_UNIT ( $, .RADIAN. ) );
#9269 = LINE ( 'NONE', #3896, #3294 ) ;
#9270 = ORIENTED_EDGE ( 'NONE', *, *, #2774, .F. ) ;
#9271 = ORIENTED_EDGE ( 'NONE', *, *, #1030, .T. ) ;
#9272 = ORIENTED_EDGE ( 'NONE', *, *, #5841, .F. ) ;
#9273 = AXIS2_PLACEMENT_3D ( 'NONE', #11026, #11145, #8638 ) ;
#9274 = AXIS2_PLACEMENT_3D ( 'NONE', #11013, #9998, #10171 ) ;
#9275 = DIRECTION ( 'NONE',  ( -0.8481145238789871144, 0.000000000000000000, 0.5298129428255965445 ) ) ;
#9276 = DIRECTION ( 'NONE',  ( -0.000000000000000000, -0.000000000000000000, -1.000000000000000000 ) ) ;
#9277 = ORIENTED_EDGE ( 'NONE', *, *, #10991, .T. ) ;
#9278 = DIRECTION ( 'NONE',  ( 0.000000000000000000, 0.000000000000000000, 1.000000000000000000 ) ) ;
#9279 = LINE ( 'NONE', #2793, #6894 ) ;
#9280 = DIRECTION ( 'NONE',  ( 0.000000000000000000, 0.000000000000000000, 1.000000000000000000 ) ) ;
#9281 = VECTOR ( 'NONE', #2649, 1000.000000000000000 ) ;
#9282 = ORIENTED_EDGE ( 'NONE', *, *, #9664, .T. ) ;
#9283 = LINE ( 'NONE', #9172, #6984 ) ;
#9284 = AXIS2_PLACEMENT_3D ( 'NONE', #1263, #7307, #5595 ) ;
#9285 = CARTESIAN_POINT ( 'NONE',  ( -82.54999999999999716, 104.8258398792882105, -27.12507748354934023 ) ) ;
#9286 = ORIENTED_EDGE ( 'NONE', *, *, #2469, .T. ) ;
#9287 = ORIENTED_EDGE ( 'NONE', *, *, #1948, .T. ) ;
#9288 = DIRECTION ( 'NONE',  ( 0.8191520442889939080, 0.5735764363510430508, -2.368337136037539313E-16 ) ) ;
#9289 = ORIENTED_EDGE ( 'NONE', *, *, #1587, .T. ) ;
#9290 = EDGE_CURVE ( 'NONE', #1551, #6197, #7019, .T. ) ;
#9291 = AXIS2_PLACEMENT_3D ( 'NONE', #11156, #1340, #515 ) ;
#9292 = VECTOR ( 'NONE', #2218, 999.9999999999998863 ) ;
#9293 = EDGE_CURVE ( 'NONE', #1418, #6692, #4971, .T. ) ;
#9294 = DIRECTION ( 'NONE',  ( -4.937420151055313657E-11, 0.000000000000000000, -1.000000000000000000 ) ) ;
#9295 = AXIS2_PLACEMENT_3D ( 'NONE', #7444, #7002, #10587 ) ;
#9296 = LINE ( 'NONE', #7360, #11251 ) ;
#9297 = DIRECTION ( 'NONE',  ( -1.000000000000000000, 0.000000000000000000, 0.000000000000000000 ) ) ;
#9298 = ORIENTED_EDGE ( 'NONE', *, *, #9522, .T. ) ;
#9299 = CYLINDRICAL_SURFACE ( 'NONE', #4162, 5.000000000000000000 ) ;
#9300 = CARTESIAN_POINT ( 'NONE',  ( 0.000000000000000000, 69.46500000000000341, 22.30467496797187010 ) ) ;
#9301 = EDGE_LOOP ( 'NONE', ( #5450, #10359, #8894, #9398 ) ) ;
#9302 = ORIENTED_EDGE ( 'NONE', *, *, #3158, .F. ) ;
#9303 = EDGE_CURVE ( 'NONE', #4230, #443, #3468, .T. ) ;
#9304 = CIRCLE ( 'NONE', #4022, 24.20000000000000639 ) ;
#9305 = ORIENTED_EDGE ( 'NONE', *, *, #11529, .F. ) ;
#9306 = CARTESIAN_POINT ( 'NONE',  ( -5.461913016039825486, 99.82583987928823888, -4.426490271388896502 ) ) ;
#9307 = DIRECTION ( 'NONE',  ( -0.000000000000000000, 7.709882115452476934E-17, -1.000000000000000000 ) ) ;
#9308 = FACE_OUTER_BOUND ( 'NONE', #372, .T. ) ;
#9309 = DIRECTION ( 'NONE',  ( 0.000000000000000000, -1.000000000000000000, 0.000000000000000000 ) ) ;
#9310 = VECTOR ( 'NONE', #10368, 1000.000000000000000 ) ;
#9311 = ORIENTED_EDGE ( 'NONE', *, *, #6668, .F. ) ;
#9312 = LINE ( 'NONE', #1216, #10769 ) ;
#9313 = VECTOR ( 'NONE', #5804, 1000.000000000000000 ) ;
#9314 = ORIENTED_EDGE ( 'NONE', *, *, #2469, .F. ) ;
#9315 = ADVANCED_FACE ( 'NONE', ( #4416 ), #5550, .F. ) ;
#9316 = EDGE_CURVE ( 'NONE', #5079, #1018, #9136, .T. ) ;
#9317 = ORIENTED_EDGE ( 'NONE', *, *, #8713, .T. ) ;
#9318 = VECTOR ( 'NONE', #9672, 1000.000000000000000 ) ;
#9319 = DIRECTION ( 'NONE',  ( 0.000000000000000000, 0.000000000000000000, -1.000000000000000000 ) ) ;
#9320 = LINE ( 'NONE', #2189, #3083 ) ;
#9321 = CARTESIAN_POINT ( 'NONE',  ( -80.07520753820969617, 61.63999999999999346, 5.399999999999991473 ) ) ;
#9322 = DIRECTION ( 'NONE',  ( 0.000000000000000000, 0.000000000000000000, -1.000000000000000000 ) ) ;
#9323 = EDGE_CURVE ( 'NONE', #1853, #3323, #8901, .T. ) ;
#9324 = DIRECTION ( 'NONE',  ( 0.000000000000000000, 0.000000000000000000, 1.000000000000000000 ) ) ;
#9325 = EDGE_CURVE ( 'NONE', #3346, #9401, #2820, .T. ) ;
#9326 = CARTESIAN_POINT ( 'NONE',  ( -50.48689872104514365, 74.67980196068272392, -26.29001273249923898 ) ) ;
#9327 = DIRECTION ( 'NONE',  ( -1.000000000000000000, 0.000000000000000000, 0.000000000000000000 ) ) ;
#9328 = CARTESIAN_POINT ( 'NONE',  ( -77.54999999999999716, 104.8258398792882105, 0.000000000000000000 ) ) ;
#9329 = CARTESIAN_POINT ( 'NONE',  ( 10.60957050304418559, 79.82583987928821045, -0.4337073862334295815 ) ) ;
#9330 = VERTEX_POINT ( 'NONE', #1045 ) ;
#9331 = CIRCLE ( 'NONE', #821, 2.499801894095356136 ) ;
#9332 = EDGE_CURVE ( 'NONE', #2621, #8861, #7204, .T. ) ;
#9333 = ORIENTED_EDGE ( 'NONE', *, *, #11134, .F. ) ;
#9334 = AXIS2_PLACEMENT_3D ( 'NONE', #7681, #9489, #8663 ) ;
#9335 = VECTOR ( 'NONE', #4648, 1000.000000000000000 ) ;
#9336 = EDGE_LOOP ( 'NONE', ( #7500, #5464, #7642, #6350 ) ) ;
#9337 = DIRECTION ( 'NONE',  ( 2.244742081187875711E-15, 1.000000000000000000, -0.000000000000000000 ) ) ;
#9338 = VECTOR ( 'NONE', #9111, 1000.000000000000000 ) ;
#9339 = EDGE_CURVE ( 'NONE', #9641, #7528, #4659, .T. ) ;
#9340 = VECTOR ( 'NONE', #8450, 1000.000000000000000 ) ;
#9341 = DIRECTION ( 'NONE',  ( 0.000000000000000000, -1.000000000000000000, 0.000000000000000000 ) ) ;
#9342 = CIRCLE ( 'NONE', #652, 2.499999999999995115 ) ;
#9343 = ADVANCED_FACE ( 'NONE', ( #2767 ), #8258, .F. ) ;
#9344 = ORIENTED_EDGE ( 'NONE', *, *, #3965, .T. ) ;
#9345 = CARTESIAN_POINT ( 'NONE',  ( 5.860810986618680829, 124.7602261446220240, 36.88847664948200133 ) ) ;
#9346 = DIRECTION ( 'NONE',  ( 0.000000000000000000, 0.000000000000000000, -1.000000000000000000 ) ) ;
#9347 = EDGE_CURVE ( 'NONE', #9932, #6891, #9073, .T. ) ;
#9348 = EDGE_LOOP ( 'NONE', ( #1421, #10661, #6574, #2199, #10050, #10860 ) ) ;
#9349 = CARTESIAN_POINT ( 'NONE',  ( -50.48689872104515075, 74.43999999999417128, -7.959769997217391868 ) ) ;
#9350 = DIRECTION ( 'NONE',  ( 0.000000000000000000, 0.000000000000000000, -1.000000000000000000 ) ) ;
#9351 = ORIENTED_EDGE ( 'NONE', *, *, #5371, .F. ) ;
#9352 = VERTEX_POINT ( 'NONE', #7376 ) ;
#9353 = FACE_OUTER_BOUND ( 'NONE', #2907, .T. ) ;
#9354 = EDGE_LOOP ( 'NONE', ( #4823, #365, #11004, #4398 ) ) ;
#9355 = AXIS2_PLACEMENT_3D ( 'NONE', #734, #9769, #1692 ) ;
#9356 = VECTOR ( 'NONE', #6747, 1000.000000000000000 ) ;
#9357 = PLANE ( 'NONE',  #9853 ) ;
#9358 = CARTESIAN_POINT ( 'NONE',  ( -2.629020911857209811E-15, 72.64000000000000057, -29.66122071973760654 ) ) ;
#9359 = CARTESIAN_POINT ( 'NONE',  ( -82.54999999999999716, 67.63999999999998636, -0.2576914538747651640 ) ) ;
#9360 = VECTOR ( 'NONE', #2984, 1000.000000000000000 ) ;
#9361 = VERTEX_POINT ( 'NONE', #6486 ) ;
#9362 = DIRECTION ( 'NONE',  ( 0.000000000000000000, 0.000000000000000000, 1.000000000000000000 ) ) ;
#9363 = PLANE ( 'NONE',  #1783 ) ;
#9364 = AXIS2_PLACEMENT_3D ( 'NONE', #10624, #4194, #7806 ) ;
#9365 = EDGE_LOOP ( 'NONE', ( #9574, #11253, #9605, #10149 ) ) ;
#9366 = ORIENTED_EDGE ( 'NONE', *, *, #1088, .T. ) ;
#9367 = ORIENTED_EDGE ( 'NONE', *, *, #9259, .T. ) ;
#9368 = PLANE ( 'NONE',  #302 ) ;
#9369 = DIRECTION ( 'NONE',  ( -6.544275553939909236E-12, 0.000000000000000000, -1.000000000000000000 ) ) ;
#9370 = CARTESIAN_POINT ( 'NONE',  ( -79.37500000000001421, 58.93999999999998352, -5.257691453874764775 ) ) ;
#9371 = EDGE_CURVE ( 'NONE', #5571, #7251, #7949, .T. ) ;
#9372 = VERTEX_POINT ( 'NONE', #1878 ) ;
#9373 = DIRECTION ( 'NONE',  ( -0.000000000000000000, -1.000000000000000000, -0.000000000000000000 ) ) ;
#9374 = ORIENTED_EDGE ( 'NONE', *, *, #8252, .F. ) ;
#9375 = PLANE ( 'NONE',  #7545 ) ;
#9376 = ORIENTED_EDGE ( 'NONE', *, *, #7677, .T. ) ;
#9377 = FACE_OUTER_BOUND ( 'NONE', #3392, .T. ) ;
#9378 = LINE ( 'NONE', #9262, #10079 ) ;
#9379 = ADVANCED_FACE ( 'NONE', ( #2638 ), #7398, .F. ) ;
#9380 = EDGE_CURVE ( 'NONE', #3234, #8617, #8892, .T. ) ;
#9381 = CARTESIAN_POINT ( 'NONE',  ( -50.48689872104515075, 74.78999999999417980, -22.77998592831961133 ) ) ;
#9382 = FACE_OUTER_BOUND ( 'NONE', #5086, .T. ) ;
#9383 = CARTESIAN_POINT ( 'NONE',  ( -77.54999999999999716, 109.8258398792882247, 46.90000000000009095 ) ) ;
#9384 = LINE ( 'NONE', #8832, #8190 ) ;
#9385 = PLANE ( 'NONE',  #2747 ) ;
#9386 = ORIENTED_EDGE ( 'NONE', *, *, #9129, .F. ) ;
#9387 = EDGE_LOOP ( 'NONE', ( #3665, #9002 ) ) ;
#9388 = ORIENTED_EDGE ( 'NONE', *, *, #2342, .T. ) ;
#9389 = ADVANCED_FACE ( 'NONE', ( #8966 ), #1939, .F. ) ;
#9390 = CARTESIAN_POINT ( 'NONE',  ( 79.37500000000000000, 61.63999999999999346, -0.2576914538747651640 ) ) ;
#9391 = EDGE_LOOP ( 'NONE', ( #6334, #3425, #3279, #1736 ) ) ;
#9392 = LINE ( 'NONE', #7693, #10788 ) ;
#9393 = CARTESIAN_POINT ( 'NONE',  ( 32.54999999999999716, 93.00000000000000000, 22.30467496797187010 ) ) ;
#9394 = DIRECTION ( 'NONE',  ( 0.000000000000000000, 7.709882115452476934E-17, -1.000000000000000000 ) ) ;
#9395 = VERTEX_POINT ( 'NONE', #8133 ) ;
#9396 = CARTESIAN_POINT ( 'NONE',  ( -52.36501998304115091, 8.274999999999998579, 19.07115427297831900 ) ) ;
#9397 = DIRECTION ( 'NONE',  ( 1.000000000000000000, 0.000000000000000000, 0.000000000000000000 ) ) ;
#9398 = ORIENTED_EDGE ( 'NONE', *, *, #6317, .T. ) ;
#9399 = VERTEX_POINT ( 'NONE', #8074 ) ;
#9400 = CARTESIAN_POINT ( 'NONE',  ( -16.75499999999995637, -27.00000000000000355, 7.542308546125214619 ) ) ;
#9401 = VERTEX_POINT ( 'NONE', #11687 ) ;
#9402 = EDGE_CURVE ( 'NONE', #1142, #1733, #6318, .T. ) ;
#9403 = ADVANCED_FACE ( 'NONE', ( #10853 ), #10787, .T. ) ;
#9404 = ADVANCED_FACE ( 'NONE', ( #3646 ), #5095, .F. ) ;
#9405 = DIRECTION ( 'NONE',  ( 1.000000000000000000, -0.000000000000000000, -0.000000000000000000 ) ) ;
#9406 = DIRECTION ( 'NONE',  ( -1.000000000000000000, 0.000000000000000000, -0.000000000000000000 ) ) ;
#9407 = CARTESIAN_POINT ( 'NONE',  ( 79.37500000000000000, 5.357829746269673579E-16, -6.985329661611388907 ) ) ;
#9408 = CARTESIAN_POINT ( 'NONE',  ( 79.37500000000000000, 58.93999999999998352, 5.399999999999993250 ) ) ;
#9409 = ORIENTED_EDGE ( 'NONE', *, *, #8008, .T. ) ;
#9410 = CARTESIAN_POINT ( 'NONE',  ( 5.422430816540726894, 119.8271986689142636, 36.89999999999999147 ) ) ;
#9411 = CARTESIAN_POINT ( 'NONE',  ( 82.54999999998071303, 105.3166821659470571, 42.39084228666857967 ) ) ;
#9412 = VECTOR ( 'NONE', #7781, 1000.000000000000000 ) ;
#9413 = ORIENTED_EDGE ( 'NONE', *, *, #9204, .T. ) ;
#9414 = EDGE_LOOP ( 'NONE', ( #7782, #2842, #4057, #9992, #8249 ) ) ;
#9415 = CIRCLE ( 'NONE', #9601, 1.000000000000000888 ) ;
#9416 = DIRECTION ( 'NONE',  ( -0.000000000000000000, -0.000000000000000000, -1.000000000000000000 ) ) ;
#9417 = LINE ( 'NONE', #10307, #4643 ) ;
#9418 = CARTESIAN_POINT ( 'NONE',  ( 76.81501998216515403, 8.274999999999998579, 19.07115427298596089 ) ) ;
#9419 = DIRECTION ( 'NONE',  ( 0.000000000000000000, -1.000000000000000000, 0.000000000000000000 ) ) ;
#9420 = EDGE_LOOP ( 'NONE', ( #7154, #7857, #6228, #2576 ) ) ;
#9421 = CARTESIAN_POINT ( 'NONE',  ( -11.25499999999998302, -24.89937738537090794, 16.39999999999999858 ) ) ;
#9422 = FACE_OUTER_BOUND ( 'NONE', #2275, .T. ) ;
#9423 = CIRCLE ( 'NONE', #10939, 24.20000000000000639 ) ;
#9424 = ORIENTED_EDGE ( 'NONE', *, *, #4076, .T. ) ;
#9425 = ORIENTED_EDGE ( 'NONE', *, *, #3694, .T. ) ;
#9426 = EDGE_CURVE ( 'NONE', #6126, #2473, #3991, .T. ) ;
#9427 = CARTESIAN_POINT ( 'NONE',  ( 50.02648654977334530, 8.274999999999998579, 20.18114647173673148 ) ) ;
#9428 = CARTESIAN_POINT ( 'NONE',  ( 8.109768608907268472, 79.82583987928821045, 17.30073093263340667 ) ) ;
#9429 = VECTOR ( 'NONE', #9208, 1000.000000000000000 ) ;
#9430 = DIRECTION ( 'NONE',  ( -0.000000000000000000, -1.000000000000000000, -0.000000000000000000 ) ) ;
#9431 = DIRECTION ( 'NONE',  ( -1.184914904054006793E-16, -0.4610163555042787742, -0.8873916384311678618 ) ) ;
#9432 = DIRECTION ( 'NONE',  ( -1.000000000000000000, -0.000000000000000000, 0.000000000000000000 ) ) ;
#9433 = PLANE ( 'NONE',  #632 ) ;
#9434 = CARTESIAN_POINT ( 'NONE',  ( 69.20000000007698304, 82.35514882866922903, -40.25769145387477010 ) ) ;
#9435 = ORIENTED_EDGE ( 'NONE', *, *, #8596, .F. ) ;
#9436 = CIRCLE ( 'NONE', #751, 5.700207538209687286 ) ;
#9437 = VERTEX_POINT ( 'NONE', #10515 ) ;
#9438 = VERTEX_POINT ( 'NONE', #7435 ) ;
#9439 = EDGE_CURVE ( 'NONE', #1891, #275, #6812, .T. ) ;
#9440 = EDGE_CURVE ( 'NONE', #2262, #4226, #5703, .T. ) ;
#9441 = VECTOR ( 'NONE', #8500, 1000.000000000000114 ) ;
#9442 = CARTESIAN_POINT ( 'NONE',  ( -0.0004294969318460739593, 99.82583987928822467, 8.433509728450992782 ) ) ;
#9443 = VERTEX_POINT ( 'NONE', #8367 ) ;
#9444 = CARTESIAN_POINT ( 'NONE',  ( -5.423289810404422262, 119.8271986689142636, 36.89999999999999147 ) ) ;
#9445 = PLANE ( 'NONE',  #9905 ) ;
#9446 = DIRECTION ( 'NONE',  ( 0.9987133595268967712, -0.000000000000000000, 0.05071119701308110517 ) ) ;
#9447 = ORIENTED_EDGE ( 'NONE', *, *, #884, .F. ) ;
#9448 = CARTESIAN_POINT ( 'NONE',  ( -8.300429496927989703, 96.12583987928823603, -2.966490271607134854 ) ) ;
#9449 = FACE_BOUND ( 'NONE', #10484, .T. ) ;
#9450 = VERTEX_POINT ( 'NONE', #10188 ) ;
#9451 = EDGE_LOOP ( 'NONE', ( #5757, #9213, #679, #4440 ) ) ;
#9452 = CONICAL_SURFACE ( 'NONE', #4360, 5.499999999999975131, 0.9599310885968853624 ) ;
#9453 = CIRCLE ( 'NONE', #4361, 5.499999999999973355 ) ;
#9454 = EDGE_LOOP ( 'NONE', ( #10283, #3749 ) ) ;
#9455 = EDGE_CURVE ( 'NONE', #6152, #460, #5520, .T. ) ;
#9456 = ADVANCED_FACE ( 'NONE', ( #8309 ), #7020, .F. ) ;
#9457 = DIRECTION ( 'NONE',  ( 0.000000000000000000, 1.000000000000000000, 0.000000000000000000 ) ) ;
#9458 = DIRECTION ( 'NONE',  ( 0.000000000000000000, 1.000000000000000000, -0.000000000000000000 ) ) ;
#9459 = FACE_OUTER_BOUND ( 'NONE', #9354, .T. ) ;
#9460 = CARTESIAN_POINT ( 'NONE',  ( -13.75499999999998657, -27.00000000000000355, 2.100877762788714355E-15 ) ) ;
#9461 = VECTOR ( 'NONE', #9687, 1000.000000000000000 ) ;
#9462 = CIRCLE ( 'NONE', #48, 1.149999999999999467 ) ;
#9463 = FACE_BOUND ( 'NONE', #344, .T. ) ;
#9464 = CARTESIAN_POINT ( 'NONE',  ( 82.54999999999999716, 67.34020753820971095, 5.399999999999991473 ) ) ;
#9465 = ADVANCED_FACE ( 'NONE', ( #4705 ), #6258, .F. ) ;
#9466 = ORIENTED_EDGE ( 'NONE', *, *, #8113, .T. ) ;
#9467 = EDGE_CURVE ( 'NONE', #4494, #2265, #11343, .T. ) ;
#9468 = FACE_BOUND ( 'NONE', #3168, .T. ) ;
#9469 = CARTESIAN_POINT ( 'NONE',  ( 82.54999999999999716, 104.8258398792882105, 41.90000000000009095 ) ) ;
#9470 = CARTESIAN_POINT ( 'NONE',  ( -54.81500000380517434, 8.274999999999998579, 19.62115427306273219 ) ) ;
#9471 = EDGE_LOOP ( 'NONE', ( #6096, #81 ) ) ;
#9472 = ORIENTED_EDGE ( 'NONE', *, *, #8957, .T. ) ;
#9473 = EDGE_CURVE ( 'NONE', #3345, #216, #10401, .T. ) ;
#9474 = AXIS2_PLACEMENT_3D ( 'NONE', #6973, #6085, #10557 ) ;
#9475 = AXIS2_PLACEMENT_3D ( 'NONE', #495, #5825, #4095 ) ;
#9476 = CONICAL_SURFACE ( 'NONE', #9108, 5.999999999999998224, 0.9599310885968821427 ) ;
#9477 = FACE_OUTER_BOUND ( 'NONE', #11019, .T. ) ;
#9478 = CYLINDRICAL_SURFACE ( 'NONE', #8940, 25.00000000000000000 ) ;
#9479 = CARTESIAN_POINT ( 'NONE',  ( -79.37500000000001421, 67.63999999999994373, 5.399999999999991473 ) ) ;
#9480 = ORIENTED_EDGE ( 'NONE', *, *, #4076, .F. ) ;
#9481 = DIRECTION ( 'NONE',  ( 1.000000000000000000, -0.000000000000000000, -0.000000000000000000 ) ) ;
#9482 = EDGE_CURVE ( 'NONE', #5993, #6124, #11548, .T. ) ;
#9483 = AXIS2_PLACEMENT_3D ( 'NONE', #4688, #4744, #10117 ) ;
#9484 = ORIENTED_EDGE ( 'NONE', *, *, #3603, .T. ) ;
#9485 = ORIENTED_EDGE ( 'NONE', *, *, #11575, .F. ) ;
#9486 = AXIS2_PLACEMENT_3D ( 'NONE', #3171, #3351, #5844 ) ;
#9487 = DIRECTION ( 'NONE',  ( -1.000000000000000000, 0.000000000000000000, 1.527355698137925406E-16 ) ) ;
#9488 = DIRECTION ( 'NONE',  ( 1.000000000000000000, 0.000000000000000000, 1.335278419062900361E-16 ) ) ;
#9489 = DIRECTION ( 'NONE',  ( 2.244742081187875711E-15, 1.000000000000000000, -0.000000000000000000 ) ) ;
#9490 = CARTESIAN_POINT ( 'NONE',  ( -33.11067117007558380, 96.12583987928823603, 18.79370330280937651 ) ) ;
#9491 = CARTESIAN_POINT ( 'NONE',  ( -50.48689872104515075, 95.28999999999417980, -23.92998592831960991 ) ) ;
#9492 = DIRECTION ( 'NONE',  ( -1.000000000000000000, 0.000000000000000000, 0.000000000000000000 ) ) ;
#9493 = FACE_OUTER_BOUND ( 'NONE', #6490, .T. ) ;
#9494 = ORIENTED_EDGE ( 'NONE', *, *, #4686, .T. ) ;
#9495 = AXIS2_PLACEMENT_3D ( 'NONE', #7772, #4938, #7832 ) ;
#9496 = ORIENTED_EDGE ( 'NONE', *, *, #4892, .T. ) ;
#9497 = ORIENTED_EDGE ( 'NONE', *, *, #10449, .T. ) ;
#9498 = CYLINDRICAL_SURFACE ( 'NONE', #10355, 1.150000000000003020 ) ;
#9499 = CARTESIAN_POINT ( 'NONE',  ( -81.84979246179028678, 53.93999999999999062, -5.257691453874763887 ) ) ;
#9500 = ORIENTED_EDGE ( 'NONE', *, *, #10330, .F. ) ;
#9501 = DIRECTION ( 'NONE',  ( 0.000000000000000000, 0.000000000000000000, 1.000000000000000000 ) ) ;
#9502 = DIRECTION ( 'NONE',  ( 1.000000000000000000, -0.000000000000000000, -1.092289335615960627E-13 ) ) ;
#9503 = CARTESIAN_POINT ( 'NONE',  ( 0.000000000000000000, 6.349999999999999645, -24.58269145387476584 ) ) ;
#9504 = ADVANCED_FACE ( 'NONE', ( #11419 ), #2377, .T. ) ;
#9505 = VECTOR ( 'NONE', #8054, 1000.000000000000000 ) ;
#9506 = ORIENTED_EDGE ( 'NONE', *, *, #7404, .T. ) ;
#9507 = CIRCLE ( 'NONE', #4808, 5.000000000000000000 ) ;
#9508 = DIRECTION ( 'NONE',  ( 0.000000000000000000, 0.000000000000000000, 1.000000000000000000 ) ) ;
#9509 = LINE ( 'NONE', #1476, #10645 ) ;
#9510 = VERTEX_POINT ( 'NONE', #4210 ) ;
#9511 = EDGE_LOOP ( 'NONE', ( #10123, #4712 ) ) ;
#9512 = ORIENTED_EDGE ( 'NONE', *, *, #7895, .F. ) ;
#9513 = AXIS2_PLACEMENT_3D ( 'NONE', #645, #10507, #6861 ) ;
#9514 = VECTOR ( 'NONE', #6411, 1000.000000000000000 ) ;
#9515 = CIRCLE ( 'NONE', #6884, 1.000000000000000888 ) ;
#9516 = CIRCLE ( 'NONE', #4438, 0.7999999999998392841 ) ;
#9517 = CARTESIAN_POINT ( 'NONE',  ( -35.61042949681640124, 99.82583987928830993, 15.71614540591381726 ) ) ;
#9518 = DIRECTION ( 'NONE',  ( 0.000000000000000000, 0.000000000000000000, 1.000000000000000000 ) ) ;
#9519 = CARTESIAN_POINT ( 'NONE',  ( -82.55000000000002558, 90.00000000000000000, 33.89999999999999147 ) ) ;
#9520 = CYLINDRICAL_SURFACE ( 'NONE', #11174, 1.149999999999999467 ) ;
#9521 = EDGE_CURVE ( 'NONE', #8147, #4802, #7816, .T. ) ;
#9522 = EDGE_CURVE ( 'NONE', #460, #6152, #10033, .T. ) ;
#9523 = EDGE_LOOP ( 'NONE', ( #1014, #10363, #3090, #60, #8418, #2563 ) ) ;
#9524 = DIRECTION ( 'NONE',  ( 0.000000000000000000, -0.000000000000000000, 1.000000000000000000 ) ) ;
#9525 = CARTESIAN_POINT ( 'NONE',  ( 82.54999999999999716, 104.8258398792882105, 41.90000000000009095 ) ) ;
#9526 = DIRECTION ( 'NONE',  ( -1.000000000000000000, 0.000000000000000000, 1.335278419062900361E-16 ) ) ;
#9527 = VECTOR ( 'NONE', #2572, 1000.000000000000000 ) ;
#9528 = ORIENTED_EDGE ( 'NONE', *, *, #5821, .T. ) ;
#9529 = AXIS2_PLACEMENT_3D ( 'NONE', #9660, #8019, #628 ) ;
#9530 = CIRCLE ( 'NONE', #4446, 1.149999999999994804 ) ;
#9531 = ORIENTED_EDGE ( 'NONE', *, *, #690, .T. ) ;
#9532 = CIRCLE ( 'NONE', #10662, 5.000000000000004441 ) ;
#9533 = DIRECTION ( 'NONE',  ( 0.000000000000000000, -1.365923996832131116E-16, -1.000000000000000000 ) ) ;
#9534 = AXIS2_PLACEMENT_3D ( 'NONE', #6181, #8060, #780 ) ;
#9535 = CARTESIAN_POINT ( 'NONE',  ( 6.039365524032788812, 90.00000000000000000, -6.039365523745035880 ) ) ;
#9536 = DIRECTION ( 'NONE',  ( -0.000000000000000000, -1.000000000000000000, -0.000000000000000000 ) ) ;
#9537 = EDGE_CURVE ( 'NONE', #5036, #5451, #5664, .T. ) ;
#9538 = ORIENTED_EDGE ( 'NONE', *, *, #3433, .T. ) ;
#9539 = CARTESIAN_POINT ( 'NONE',  ( 43.40689872104514535, 95.28999999999417980, -22.77998592831961133 ) ) ;
#9540 = ORIENTED_EDGE ( 'NONE', *, *, #6642, .T. ) ;
#9541 = ORIENTED_EDGE ( 'NONE', *, *, #10668, .F. ) ;
#9542 = CIRCLE ( 'NONE', #10112, 24.20000000000000639 ) ;
#9543 = EDGE_LOOP ( 'NONE', ( #6522, #8063, #7967 ) ) ;
#9544 = EDGE_CURVE ( 'NONE', #6050, #1532, #284, .T. ) ;
#9545 = ADVANCED_FACE ( 'NONE', ( #7496 ), #11091, .T. ) ;
#9546 = CARTESIAN_POINT ( 'NONE',  ( 0.000000000000000000, 18.84999999999999787, -24.58269145387476584 ) ) ;
#9547 = DIRECTION ( 'NONE',  ( 0.000000000000000000, 1.000000000000000000, 0.000000000000000000 ) ) ;
#9548 = FACE_OUTER_BOUND ( 'NONE', #2073, .T. ) ;
#9549 = LINE ( 'NONE', #9772, #4943 ) ;
#9550 = LINE ( 'NONE', #1578, #7764 ) ;
#9551 = CARTESIAN_POINT ( 'NONE',  ( -35.61042949679625735, 96.12583987928823603, 15.71614540591397713 ) ) ;
#9552 = EDGE_LOOP ( 'NONE', ( #7190, #2550, #5614, #8108 ) ) ;
#9553 = VERTEX_POINT ( 'NONE', #3935 ) ;
#9554 = EDGE_LOOP ( 'NONE', ( #3563, #9706, #2739, #8637 ) ) ;
#9555 = EDGE_CURVE ( 'NONE', #11576, #7501, #7049, .T. ) ;
#9556 = CARTESIAN_POINT ( 'NONE',  ( -2.554834269181485580E-15, 72.64000000000000057, -26.48622071973760583 ) ) ;
#9557 = DIRECTION ( 'NONE',  ( 0.000000000000000000, -0.8918917311500192957, -0.4522489799946727840 ) ) ;
#9558 = ORIENTED_EDGE ( 'NONE', *, *, #4567, .F. ) ;
#9559 = CARTESIAN_POINT ( 'NONE',  ( 4.999570503068141214, 119.8258398792882105, 11.89999999999998614 ) ) ;
#9560 = CARTESIAN_POINT ( 'NONE',  ( -20.50068315390130635, 96.12583987928823603, 21.29350972844751055 ) ) ;
#9561 = DIRECTION ( 'NONE',  ( 0.000000000000000000, -1.000000000000000000, -7.709882115452476934E-17 ) ) ;
#9562 = FACE_OUTER_BOUND ( 'NONE', #10137, .T. ) ;
#9563 = DIRECTION ( 'NONE',  ( 1.000000000000000000, -0.000000000000000000, -0.000000000000000000 ) ) ;
#9564 = EDGE_LOOP ( 'NONE', ( #6212, #6017, #10548, #6752 ) ) ;
#9565 = VERTEX_POINT ( 'NONE', #8995 ) ;
#9566 = ORIENTED_EDGE ( 'NONE', *, *, #3772, .T. ) ;
#9567 = EDGE_CURVE ( 'NONE', #4125, #5036, #8101, .T. ) ;
#9568 = CARTESIAN_POINT ( 'NONE',  ( -79.37499999999994316, -4.758722840905020846, -3.738845726937389813 ) ) ;
#9569 = ADVANCED_FACE ( 'NONE', ( #6169 ), #5161, .F. ) ;
#9570 = ORIENTED_EDGE ( 'NONE', *, *, #10380, .T. ) ;
#9571 = DIRECTION ( 'NONE',  ( 0.000000000000000000, 1.000000000000000000, -0.000000000000000000 ) ) ;
#9572 = FACE_OUTER_BOUND ( 'NONE', #4200, .T. ) ;
#9573 = DIRECTION ( 'NONE',  ( 1.000000000000000000, -0.000000000000000000, -0.000000000000000000 ) ) ;
#9574 = ORIENTED_EDGE ( 'NONE', *, *, #10610, .F. ) ;
#9575 = CARTESIAN_POINT ( 'NONE',  ( 4.999570503068142990, 110.8258398792882247, 36.89999999999999147 ) ) ;
#9576 = DIRECTION ( 'NONE',  ( 0.000000000000000000, 0.000000000000000000, 1.000000000000000000 ) ) ;
#9577 = CARTESIAN_POINT ( 'NONE',  ( -82.54999999999999716, 104.8258398792882105, -22.92957932766295670 ) ) ;
#9578 = ORIENTED_EDGE ( 'NONE', *, *, #10024, .T. ) ;
#9579 = VERTEX_POINT ( 'NONE', #2610 ) ;
#9580 = EDGE_CURVE ( 'NONE', #1733, #3013, #8930, .T. ) ;
#9581 = LINE ( 'NONE', #8703, #2938 ) ;
#9582 = CARTESIAN_POINT ( 'NONE',  ( -82.54999999999999716, 61.63999999999999346, -6.257691453874767440 ) ) ;
#9583 = LINE ( 'NONE', #1498, #11344 ) ;
#9584 = EDGE_LOOP ( 'NONE', ( #559, #866, #6271, #7150 ) ) ;
#9585 = DIRECTION ( 'NONE',  ( -1.000000000000000000, 0.000000000000000000, 0.000000000000000000 ) ) ;
#9586 = LINE ( 'NONE', #4294, #3047 ) ;
#9587 = VERTEX_POINT ( 'NONE', #9746 ) ;
#9588 = EDGE_LOOP ( 'NONE', ( #5153, #6142, #9052, #10274 ) ) ;
#9589 = VECTOR ( 'NONE', #3330, 1000.000000000000000 ) ;
#9590 = ORIENTED_EDGE ( 'NONE', *, *, #1259, .F. ) ;
#9591 = EDGE_CURVE ( 'NONE', #9754, #6090, #8753, .T. ) ;
#9592 = EDGE_CURVE ( 'NONE', #1841, #1205, #6282, .T. ) ;
#9593 = VECTOR ( 'NONE', #3845, 1000.000000000000000 ) ;
#9594 = CARTESIAN_POINT ( 'NONE',  ( 13.75500000000000256, -27.00000000000000355, -2.100877762788717116E-15 ) ) ;
#9595 = DIRECTION ( 'NONE',  ( 1.000000000000000000, 0.000000000000000000, 1.335278419062900361E-16 ) ) ;
#9596 = DIRECTION ( 'NONE',  ( -1.000000000000000000, 0.000000000000000000, 0.000000000000000000 ) ) ;
#9597 = CARTESIAN_POINT ( 'NONE',  ( -29.00040951394596078, 96.12583987928823603, 18.68350972841953350 ) ) ;
#9598 = CARTESIAN_POINT ( 'NONE',  ( -8.300429496927989703, 96.12583987928823603, -0.6664902716071350319 ) ) ;
#9599 = CARTESIAN_POINT ( 'NONE',  ( -16.75499999999995993, 6.349999999999999645, 7.542308546125213731 ) ) ;
#9600 = CARTESIAN_POINT ( 'NONE',  ( -4.238959508018475653, 124.8258398792646631, -15.40658961121715009 ) ) ;
#9601 = AXIS2_PLACEMENT_3D ( 'NONE', #7632, #10436, #5200 ) ;
#9602 = EDGE_CURVE ( 'NONE', #10597, #4533, #22, .T. ) ;
#9603 = DIRECTION ( 'NONE',  ( -0.000000000000000000, -0.000000000000000000, 1.000000000000000000 ) ) ;
#9604 = EDGE_CURVE ( 'NONE', #7884, #2613, #7875, .T. ) ;
#9605 = ORIENTED_EDGE ( 'NONE', *, *, #4391, .F. ) ;
#9606 = ORIENTED_EDGE ( 'NONE', *, *, #5424, .F. ) ;
#9607 = VERTEX_POINT ( 'NONE', #4273 ) ;
#9608 = EDGE_CURVE ( 'NONE', #6891, #5743, #10636, .T. ) ;
#9609 = AXIS2_PLACEMENT_3D ( 'NONE', #6385, #8030, #1890 ) ;
#9610 = DIRECTION ( 'NONE',  ( 0.000000000000000000, 0.000000000000000000, 1.000000000000000000 ) ) ;
#9611 = LINE ( 'NONE', #2360, #4905 ) ;
#9612 = ORIENTED_EDGE ( 'NONE', *, *, #241, .F. ) ;
#9613 = CARTESIAN_POINT ( 'NONE',  ( -46.58189872104514251, 74.43999999999417128, -7.959769997217391868 ) ) ;
#9614 = CARTESIAN_POINT ( 'NONE',  ( -8.300429496984964572, 99.82583987928822467, 18.68350972839287394 ) ) ;
#9615 = VECTOR ( 'NONE', #2577, 1000.000000000000000 ) ;
#9616 = VERTEX_POINT ( 'NONE', #1610 ) ;
#9617 = DIRECTION ( 'NONE',  ( 1.000000000000000000, 0.000000000000000000, -6.697463681984793185E-14 ) ) ;
#9618 = PLANE ( 'NONE',  #9513 ) ;
#9619 = VERTEX_POINT ( 'NONE', #6041 ) ;
#9620 = VERTEX_POINT ( 'NONE', #9625 ) ;
#9621 = ORIENTED_EDGE ( 'NONE', *, *, #7189, .T. ) ;
#9622 = CARTESIAN_POINT ( 'NONE',  ( -79.16107829884190039, 109.5704703993248756, 44.27231526001804696 ) ) ;
#9623 = DIRECTION ( 'NONE',  ( -1.000000000000000000, 0.000000000000000000, 1.600125454749515028E-16 ) ) ;
#9624 = ORIENTED_EDGE ( 'NONE', *, *, #2622, .F. ) ;
#9625 = CARTESIAN_POINT ( 'NONE',  ( -82.54999999999999716, 104.8258398792882105, 41.90000000000009805 ) ) ;
#9626 = CARTESIAN_POINT ( 'NONE',  ( -79.37500000000001421, 90.00000000000000000, -127.1386775125482842 ) ) ;
#9627 = CARTESIAN_POINT ( 'NONE',  ( 0.000000000000000000, 97.50000000000000000, 0.000000000000000000 ) ) ;
#9628 = CIRCLE ( 'NONE', #5723, 20.00000000000000000 ) ;
#9629 = EDGE_LOOP ( 'NONE', ( #2213, #4492, #3762, #11459 ) ) ;
#9630 = DIRECTION ( 'NONE',  ( 0.000000000000000000, -0.000000000000000000, -1.000000000000000000 ) ) ;
#9631 = CIRCLE ( 'NONE', #6254, 1.149999999999999467 ) ;
#9632 = CARTESIAN_POINT ( 'NONE',  ( -8.300429496927989703, 96.12583987928823603, -0.6664902716071350319 ) ) ;
#9633 = DIRECTION ( 'NONE',  ( 0.000000000000000000, -0.000000000000000000, -1.000000000000000000 ) ) ;
#9634 = EDGE_LOOP ( 'NONE', ( #2694, #6423, #5141, #2852 ) ) ;
#9635 = ORIENTED_EDGE ( 'NONE', *, *, #2475, .T. ) ;
#9636 = VECTOR ( 'NONE', #2171, 1000.000000000000000 ) ;
#9637 = CIRCLE ( 'NONE', #11165, 5.700207538209687286 ) ;
#9638 = PLANE ( 'NONE',  #9152 ) ;
#9639 = DIRECTION ( 'NONE',  ( -0.000000000000000000, -1.000000000000000000, -0.000000000000000000 ) ) ;
#9640 = DIRECTION ( 'NONE',  ( 0.000000000000000000, 0.000000000000000000, -1.000000000000000000 ) ) ;
#9641 = VERTEX_POINT ( 'NONE', #1544 ) ;
#9642 = CARTESIAN_POINT ( 'NONE',  ( 80.37500000000000000, 58.93999999999998352, 10.39999999999999503 ) ) ;
#9643 = CARTESIAN_POINT ( 'NONE',  ( 77.54999999999999716, 99.82583987928822467, 41.90000000000009805 ) ) ;
#9644 = EDGE_CURVE ( 'NONE', #6475, #10745, #2873, .T. ) ;
#9645 = VECTOR ( 'NONE', #3500, 1000.000000000000000 ) ;
#9646 = ORIENTED_EDGE ( 'NONE', *, *, #1935, .F. ) ;
#9647 = VECTOR ( 'NONE', #5539, 1000.000000000000000 ) ;
#9648 = ORIENTED_EDGE ( 'NONE', *, *, #6229, .F. ) ;
#9649 = ORIENTED_EDGE ( 'NONE', *, *, #6840, .F. ) ;
#9650 = CARTESIAN_POINT ( 'NONE',  ( -41.55000000000002558, 97.32583987928822467, 33.89999999999999147 ) ) ;
#9651 = AXIS2_PLACEMENT_3D ( 'NONE', #2293, #1168, #8614 ) ;
#9652 = AXIS2_PLACEMENT_3D ( 'NONE', #3718, #4539, #66 ) ;
#9653 = DIRECTION ( 'NONE',  ( 0.000000000000000000, 1.000000000000000000, 0.000000000000000000 ) ) ;
#9654 = CARTESIAN_POINT ( 'NONE',  ( 4.166152324341721780, 119.8373037904529355, 36.89999999999999147 ) ) ;
#9655 = DIRECTION ( 'NONE',  ( 0.000000000000000000, 1.000000000000000000, 7.965314560035515770E-17 ) ) ;
#9656 = VECTOR ( 'NONE', #806, 1000.000000000000000 ) ;
#9657 = DIRECTION ( 'NONE',  ( -0.000000000000000000, -1.000000000000000000, -0.000000000000000000 ) ) ;
#9658 = EDGE_CURVE ( 'NONE', #272, #3851, #4950, .T. ) ;
#9659 = EDGE_CURVE ( 'NONE', #76, #2657, #1541, .T. ) ;
#9660 = CARTESIAN_POINT ( 'NONE',  ( -82.54999999999999716, 6.349999999999999645, 25.39999999999999858 ) ) ;
#9661 = VERTEX_POINT ( 'NONE', #5274 ) ;
#9662 = VERTEX_POINT ( 'NONE', #5336 ) ;
#9663 = VERTEX_POINT ( 'NONE', #5221 ) ;
#9664 = EDGE_CURVE ( 'NONE', #4182, #1929, #11603, .T. ) ;
#9665 = CARTESIAN_POINT ( 'NONE',  ( 73.96808532237744771, 5.099999999999999645, 0.5788675790057360437 ) ) ;
#9666 = EDGE_CURVE ( 'NONE', #7643, #10820, #7166, .T. ) ;
#9667 = CARTESIAN_POINT ( 'NONE',  ( 30.99957050306813855, 110.8258398792882247, -20.03649027154900608 ) ) ;
#9668 = LINE ( 'NONE', #2539, #6425 ) ;
#9669 = ORIENTED_EDGE ( 'NONE', *, *, #8231, .F. ) ;
#9670 = LINE ( 'NONE', #809, #10795 ) ;
#9671 = CARTESIAN_POINT ( 'NONE',  ( -5.461913016203100213, 96.12583987928823603, 17.99110605185478562 ) ) ;
#9672 = DIRECTION ( 'NONE',  ( -0.000000000000000000, -1.000000000000000000, -0.000000000000000000 ) ) ;
#9673 = EDGE_CURVE ( 'NONE', #8100, #4110, #709, .T. ) ;
#9674 = VECTOR ( 'NONE', #7318, 1000.000000000000000 ) ;
#9675 = DIRECTION ( 'NONE',  ( 0.000000000000000000, 0.000000000000000000, -1.000000000000000000 ) ) ;
#9676 = LINE ( 'NONE', #8038, #10453 ) ;
#9677 = VERTEX_POINT ( 'NONE', #10699 ) ;
#9678 = AXIS2_PLACEMENT_3D ( 'NONE', #6798, #8627, #4134 ) ;
#9679 = VERTEX_POINT ( 'NONE', #1789 ) ;
#9680 = EDGE_LOOP ( 'NONE', ( #6596, #6347, #6111, #4878 ) ) ;
#9681 = EDGE_CURVE ( 'NONE', #6640, #9437, #7928, .T. ) ;
#9682 = EDGE_CURVE ( 'NONE', #11559, #1706, #8869, .T. ) ;
#9683 = AXIS2_PLACEMENT_3D ( 'NONE', #9241, #4877, #3803 ) ;
#9684 = CARTESIAN_POINT ( 'NONE',  ( -0.0004294969318460739593, 124.8258398792882247, 8.433509728450992782 ) ) ;
#9685 = DIRECTION ( 'NONE',  ( 0.000000000000000000, 0.7660444431189783465, 0.6427876096865389188 ) ) ;
#9686 = VERTEX_POINT ( 'NONE', #1850 ) ;
#9687 = DIRECTION ( 'NONE',  ( 1.000000000000000000, 0.000000000000000000, 1.335278419062900361E-16 ) ) ;
#9688 = CARTESIAN_POINT ( 'NONE',  ( 6.616786595505119273, 90.00000000000000000, 21.29350972844455114 ) ) ;
#9689 = CARTESIAN_POINT ( 'NONE',  ( -51.69999999999999574, 109.8258398792882247, 44.40000000000009095 ) ) ;
#9690 = ORIENTED_EDGE ( 'NONE', *, *, #2702, .T. ) ;
#9691 = DIRECTION ( 'NONE',  ( -1.218707698843631781E-16, 0.000000000000000000, -1.000000000000000000 ) ) ;
#9692 = DIRECTION ( 'NONE',  ( 0.000000000000000000, -0.000000000000000000, 1.000000000000000000 ) ) ;
#9693 = ORIENTED_EDGE ( 'NONE', *, *, #6658, .T. ) ;
#9694 = DIRECTION ( 'NONE',  ( -0.000000000000000000, 1.000000000000000000, 0.000000000000000000 ) ) ;
#9695 = EDGE_LOOP ( 'NONE', ( #3524, #6754, #7947, #4010 ) ) ;
#9696 = VECTOR ( 'NONE', #4898, 1000.000000000000000 ) ;
#9697 = VECTOR ( 'NONE', #10569, 999.9999999999998863 ) ;
#9698 = AXIS2_PLACEMENT_3D ( 'NONE', #6058, #8833, #8889 ) ;
#9699 = EDGE_CURVE ( 'NONE', #4838, #8067, #3905, .T. ) ;
#9700 = FACE_OUTER_BOUND ( 'NONE', #4650, .T. ) ;
#9701 = CARTESIAN_POINT ( 'NONE',  ( 43.40689872104513825, 97.50000000000000000, -29.66122071973760299 ) ) ;
#9702 = PLANE ( 'NONE',  #64 ) ;
#9703 = DIRECTION ( 'NONE',  ( 0.000000000000000000, 0.000000000000000000, 1.000000000000000000 ) ) ;
#9704 = CARTESIAN_POINT ( 'NONE',  ( -43.40689872104513825, 97.50000000000000000, 22.30467496797187010 ) ) ;
#9705 = AXIS2_PLACEMENT_3D ( 'NONE', #1078, #3734, #4736 ) ;
#9706 = ORIENTED_EDGE ( 'NONE', *, *, #10303, .F. ) ;
#9707 = VECTOR ( 'NONE', #6376, 1000.000000000000000 ) ;
#9708 = DIRECTION ( 'NONE',  ( -1.000000000000000000, -0.000000000000000000, 1.335278419062900115E-16 ) ) ;
#9709 = DIRECTION ( 'NONE',  ( 0.000000000000000000, 0.000000000000000000, -1.000000000000000000 ) ) ;
#9710 = CARTESIAN_POINT ( 'NONE',  ( -50.48689872104515075, 95.28999999999417980, 1.670014071680389733 ) ) ;
#9711 = EDGE_LOOP ( 'NONE', ( #9693, #2982, #5277, #10305 ) ) ;
#9712 = ORIENTED_EDGE ( 'NONE', *, *, #423, .T. ) ;
#9713 = CARTESIAN_POINT ( 'NONE',  ( -51.69999999999998153, 99.82583987928822467, 33.89999999999999147 ) ) ;
#9714 = ORIENTED_EDGE ( 'NONE', *, *, #6061, .F. ) ;
#9715 = AXIS2_PLACEMENT_3D ( 'NONE', #11590, #9790, #11469 ) ;
#9716 = VECTOR ( 'NONE', #11094, 1000.000000000000000 ) ;
#9717 = VECTOR ( 'NONE', #810, 1000.000000000000000 ) ;
#9718 = EDGE_CURVE ( 'NONE', #8423, #3517, #11558, .T. ) ;
#9719 = LINE ( 'NONE', #9892, #10858 ) ;
#9720 = CARTESIAN_POINT ( 'NONE',  ( 0.000000000000000000, 6.349999999999999645, 0.000000000000000000 ) ) ;
#9721 = CARTESIAN_POINT ( 'NONE',  ( 43.40689872104513825, 97.50000000000000000, 22.30467496797187010 ) ) ;
#9722 = CARTESIAN_POINT ( 'NONE',  ( 4.999570503068142102, 119.8301161607049750, 31.89999999999999147 ) ) ;
#9723 = CYLINDRICAL_SURFACE ( 'NONE', #6837, 2.500000000000002220 ) ;
#9724 = DIRECTION ( 'NONE',  ( 0.000000000000000000, 0.000000000000000000, -1.000000000000000000 ) ) ;
#9725 = VECTOR ( 'NONE', #8944, 1000.000000000000000 ) ;
#9726 = ORIENTED_EDGE ( 'NONE', *, *, #1829, .T. ) ;
#9727 = ORIENTED_EDGE ( 'NONE', *, *, #9604, .F. ) ;
#9728 = ORIENTED_EDGE ( 'NONE', *, *, #10774, .T. ) ;
#9729 = EDGE_CURVE ( 'NONE', #2591, #6915, #6273, .T. ) ;
#9730 = ADVANCED_FACE ( 'NONE', ( #6400 ), #1907, .F. ) ;
#9731 = LINE ( 'NONE', #4, #10235 ) ;
#9732 = LINE ( 'NONE', #1527, #8672 ) ;
#9733 = ORIENTED_EDGE ( 'NONE', *, *, #1318, .F. ) ;
#9734 = DIRECTION ( 'NONE',  ( 0.000000000000000000, 1.000000000000000000, -0.000000000000000000 ) ) ;
#9735 = CARTESIAN_POINT ( 'NONE',  ( 73.96808532237744771, 8.274999999999998579, 0.5788675790057360437 ) ) ;
#9736 = DIRECTION ( 'NONE',  ( 0.000000000000000000, 7.709882115452476934E-17, -1.000000000000000000 ) ) ;
#9737 = LINE ( 'NONE', #1652, #8657 ) ;
#9738 = LINE ( 'NONE', #7977, #7665 ) ;
#9739 = ORIENTED_EDGE ( 'NONE', *, *, #5982, .F. ) ;
#9740 = VERTEX_POINT ( 'NONE', #7292 ) ;
#9741 = ORIENTED_EDGE ( 'NONE', *, *, #6850, .F. ) ;
#9742 = ADVANCED_FACE ( 'NONE', ( #2908 ), #5689, .F. ) ;
#9743 = LINE ( 'NONE', #1660, #2264 ) ;
#9744 = CARTESIAN_POINT ( 'NONE',  ( -79.37500000000000000, 90.00000000000000000, -29.66122071973759944 ) ) ;
#9745 = VERTEX_POINT ( 'NONE', #254 ) ;
#9746 = CARTESIAN_POINT ( 'NONE',  ( 82.55000000000002558, 72.64000000000000057, 19.12967496797186939 ) ) ;
#9747 = LINE ( 'NONE', #7986, #10673 ) ;
#9748 = DIRECTION ( 'NONE',  ( 0.000000000000000000, 0.000000000000000000, -1.000000000000000000 ) ) ;
#9749 = ORIENTED_EDGE ( 'NONE', *, *, #4031, .T. ) ;
#9750 = DIRECTION ( 'NONE',  ( 1.000000000000000000, -0.000000000000000000, 0.000000000000000000 ) ) ;
#9751 = CARTESIAN_POINT ( 'NONE',  ( 13.75500000000000433, 4.249377385370907589, 7.542308546125214619 ) ) ;
#9752 = FACE_OUTER_BOUND ( 'NONE', #7428, .T. ) ;
#9753 = ADVANCED_FACE ( 'NONE', ( #2081 ), #8278, .F. ) ;
#9754 = VERTEX_POINT ( 'NONE', #10879 ) ;
#9755 = EDGE_CURVE ( 'NONE', #1095, #420, #9981, .T. ) ;
#9756 = ORIENTED_EDGE ( 'NONE', *, *, #5199, .F. ) ;
#9757 = CARTESIAN_POINT ( 'NONE',  ( -73.96808532237744771, 8.274999999999998579, 0.5788675790057360437 ) ) ;
#9758 = DIRECTION ( 'NONE',  ( 0.8191520442889983489, -0.5735764363510368335, 0.000000000000000000 ) ) ;
#9759 = FACE_OUTER_BOUND ( 'NONE', #9554, .T. ) ;
#9760 = CARTESIAN_POINT ( 'NONE',  ( 29.99957050306813855, 110.8258398792882247, -20.03649027154900608 ) ) ;
#9761 = VERTEX_POINT ( 'NONE', #5517 ) ;
#9762 = CARTESIAN_POINT ( 'NONE',  ( -81.84979246179028678, 66.63999999999998636, -5.257691453874765664 ) ) ;
#9763 = LINE ( 'NONE', #10715, #1211 ) ;
#9764 = CARTESIAN_POINT ( 'NONE',  ( 82.54999999999999716, -25.96446609406726935, -11.73658713754635841 ) ) ;
#9765 = ORIENTED_EDGE ( 'NONE', *, *, #5106, .F. ) ;
#9766 = ORIENTED_EDGE ( 'NONE', *, *, #5509, .T. ) ;
#9767 = LINE ( 'NONE', #616, #4320 ) ;
#9768 = ORIENTED_EDGE ( 'NONE', *, *, #5495, .F. ) ;
#9769 = DIRECTION ( 'NONE',  ( 0.7071067811865462405, -0.7071067811865489050, 0.000000000000000000 ) ) ;
#9770 = DIRECTION ( 'NONE',  ( -1.000000000000000000, 0.000000000000000000, 0.000000000000000000 ) ) ;
#9771 = LINE ( 'NONE', #3708, #5000 ) ;
#9772 = CARTESIAN_POINT ( 'NONE',  ( 50.48689872104515075, 78.54000537782802382, -2.374168628343575449 ) ) ;
#9773 = LINE ( 'NONE', #2528, #1353 ) ;
#9774 = CARTESIAN_POINT ( 'NONE',  ( -80.04999999999999716, -24.50000000000000355, 25.39999999999999858 ) ) ;
#9775 = CIRCLE ( 'NONE', #7160, 12.50000000000000355 ) ;
#9776 = ORIENTED_EDGE ( 'NONE', *, *, #3966, .T. ) ;
#9777 = ADVANCED_FACE ( 'NONE', ( #9105 ), #6519, .F. ) ;
#9778 = ORIENTED_EDGE ( 'NONE', *, *, #3155, .F. ) ;
#9779 = ORIENTED_EDGE ( 'NONE', *, *, #10749, .T. ) ;
#9780 = LINE ( 'NONE', #1703, #10254 ) ;
#9781 = EDGE_CURVE ( 'NONE', #7026, #5214, #9168, .T. ) ;
#9782 = CARTESIAN_POINT ( 'NONE',  ( -82.54999999999999716, -24.50000000000000355, -13.82806147072993674 ) ) ;
#9783 = DIRECTION ( 'NONE',  ( -1.000000000000000000, 0.000000000000000000, 1.335278419062900361E-16 ) ) ;
#9784 = ORIENTED_EDGE ( 'NONE', *, *, #3061, .F. ) ;
#9785 = DIRECTION ( 'NONE',  ( -0.000000000000000000, 0.000000000000000000, 1.000000000000000000 ) ) ;
#9786 = CARTESIAN_POINT ( 'NONE',  ( -69.20000000000000284, -4.758722840904999529, -40.25769145387478432 ) ) ;
#9787 = DIRECTION ( 'NONE',  ( 0.000000000000000000, 0.000000000000000000, 1.000000000000000000 ) ) ;
#9788 = CARTESIAN_POINT ( 'NONE',  ( 32.54999999999999716, 92.00000000000000000, 33.89999999999999147 ) ) ;
#9789 = CARTESIAN_POINT ( 'NONE',  ( -67.12500000000000000, 99.82583987928822467, 37.90000000000004121 ) ) ;
#9790 = DIRECTION ( 'NONE',  ( 0.000000000000000000, 0.000000000000000000, -1.000000000000000000 ) ) ;
#9791 = ORIENTED_EDGE ( 'NONE', *, *, #10244, .F. ) ;
#9792 = ADVANCED_FACE ( 'NONE', ( #4794 ), #1125, .F. ) ;
#9793 = ADVANCED_FACE ( 'NONE', ( #2972 ), #6575, .F. ) ;
#9794 = ORIENTED_EDGE ( 'NONE', *, *, #8305, .F. ) ;
#9795 = VECTOR ( 'NONE', #4017, 1000.000000000000000 ) ;
#9796 = ORIENTED_EDGE ( 'NONE', *, *, #462, .T. ) ;
#9797 = CARTESIAN_POINT ( 'NONE',  ( -81.84979246179028678, 61.63999999999999346, 5.399999999999991473 ) ) ;
#9798 = CARTESIAN_POINT ( 'NONE',  ( 54.81499993151516748, 8.274999999999998579, 15.82115373010225312 ) ) ;
#9799 = EDGE_LOOP ( 'NONE', ( #3939, #8405, #6712, #3735 ) ) ;
#9800 = CARTESIAN_POINT ( 'NONE',  ( 43.40689872104514535, 95.28999999999417980, -23.92998592831960991 ) ) ;
#9801 = LINE ( 'NONE', #3501, #4621 ) ;
#9802 = CARTESIAN_POINT ( 'NONE',  ( -8.300429496984964572, 96.12583987928823603, 18.68350972839287394 ) ) ;
#9803 = VERTEX_POINT ( 'NONE', #4019 ) ;
#9804 = CARTESIAN_POINT ( 'NONE',  ( -79.37499999999997158, 10.00000000000000000, -3.738845726937389813 ) ) ;
#9805 = DIRECTION ( 'NONE',  ( 1.000000000000000000, 0.000000000000000000, 1.335278419062900115E-16 ) ) ;
#9806 = PLANE ( 'NONE',  #285 ) ;
#9807 = EDGE_CURVE ( 'NONE', #8777, #986, #9392, .T. ) ;
#9808 = EDGE_CURVE ( 'NONE', #7026, #8100, #1247, .T. ) ;
#9809 = ORIENTED_EDGE ( 'NONE', *, *, #531, .T. ) ;
#9810 = ORIENTED_EDGE ( 'NONE', *, *, #3709, .F. ) ;
#9811 = AXIS2_PLACEMENT_3D ( 'NONE', #8757, #3099, #5099 ) ;
#9812 = DIRECTION ( 'NONE',  ( 0.000000000000000000, 0.000000000000000000, -1.000000000000000000 ) ) ;
#9814 = EDGE_CURVE ( 'NONE', #6628, #8479, #2413, .T. ) ;
#9813 = DIRECTION ( 'NONE',  ( 0.000000000000000000, 0.000000000000000000, 1.000000000000000000 ) ) ;
#9815 = EDGE_CURVE ( 'NONE', #1124, #1913, #9095, .T. ) ;
#9816 = VECTOR ( 'NONE', #10544, 1000.000000000000000 ) ;
#9817 = DIRECTION ( 'NONE',  ( 0.000000000000000000, 1.000000000000000000, 0.000000000000000000 ) ) ;
#9818 = DIRECTION ( 'NONE',  ( -0.000000000000000000, -1.000000000000000000, -0.000000000000000000 ) ) ;
#9819 = VERTEX_POINT ( 'NONE', #10439 ) ;
#9820 = DIRECTION ( 'NONE',  ( 0.000000000000000000, -1.000000000000000000, 0.000000000000000000 ) ) ;
#9821 = DIRECTION ( 'NONE',  ( 0.000000000000000000, 0.000000000000000000, 1.000000000000000000 ) ) ;
#9822 = CARTESIAN_POINT ( 'NONE',  ( -79.37500000000001421, 53.93999999999999062, 5.399999999999993250 ) ) ;
#9823 = ADVANCED_FACE ( 'NONE', ( #3188 ), #1294, .F. ) ;
#9824 = ORIENTED_EDGE ( 'NONE', *, *, #4779, .F. ) ;
#9825 = ORIENTED_EDGE ( 'NONE', *, *, #5231, .T. ) ;
#9826 = AXIS2_PLACEMENT_3D ( 'NONE', #6554, #2944, #5986 ) ;
#9827 = AXIS2_PLACEMENT_3D ( 'NONE', #724, #11553, #10650 ) ;
#9828 = ORIENTED_EDGE ( 'NONE', *, *, #5806, .F. ) ;
#9829 = DIRECTION ( 'NONE',  ( 0.000000000000000000, 0.000000000000000000, -1.000000000000000000 ) ) ;
#9830 = CARTESIAN_POINT ( 'NONE',  ( -31.40689872104514180, 97.49999999999997158, -29.66122071973760299 ) ) ;
#9831 = ADVANCED_FACE ( 'NONE', ( #8678 ), #7572, .F. ) ;
#9832 = CARTESIAN_POINT ( 'NONE',  ( -73.96808532237744771, 8.274999999999998579, 17.06344096893413820 ) ) ;
#9833 = CYLINDRICAL_SURFACE ( 'NONE', #2546, 2.500000000000009326 ) ;
#9834 = DIRECTION ( 'NONE',  ( 0.000000000000000000, 0.000000000000000000, 1.000000000000000000 ) ) ;
#9835 = VECTOR ( 'NONE', #141, 999.9999999999998863 ) ;
#9836 = AXIS2_PLACEMENT_3D ( 'NONE', #1141, #1199, #6474 ) ;
#9837 = PLANE ( 'NONE',  #10015 ) ;
#9838 = DIRECTION ( 'NONE',  ( 1.000000000000000000, 0.000000000000000000, 0.000000000000000000 ) ) ;
#9839 = VERTEX_POINT ( 'NONE', #4908 ) ;
#9840 = ORIENTED_EDGE ( 'NONE', *, *, #3416, .T. ) ;
#9841 = AXIS2_PLACEMENT_3D ( 'NONE', #8087, #6330, #5564 ) ;
#9842 = AXIS2_PLACEMENT_3D ( 'NONE', #430, #4739, #7472 ) ;
#9843 = VECTOR ( 'NONE', #2645, 1000.000000000000000 ) ;
#9844 = LINE ( 'NONE', #1768, #3640 ) ;
#9845 = CARTESIAN_POINT ( 'NONE',  ( -33.75499999999998124, 10.00000000000000000, -3.738845726937389813 ) ) ;
#9846 = CARTESIAN_POINT ( 'NONE',  ( 80.04999999999999716, -24.50000000000000355, 25.39999999999999858 ) ) ;
#9847 = VERTEX_POINT ( 'NONE', #7518 ) ;
#9848 = DIRECTION ( 'NONE',  ( 0.000000000000000000, 0.000000000000000000, 1.000000000000000000 ) ) ;
#9849 = PLANE ( 'NONE',  #3302 ) ;
#9850 = DIRECTION ( 'NONE',  ( 0.000000000000000000, 0.000000000000000000, 1.000000000000000000 ) ) ;
#9851 = DIRECTION ( 'NONE',  ( -1.000000000000000000, 0.000000000000000000, -0.000000000000000000 ) ) ;
#9852 = VERTEX_POINT ( 'NONE', #366 ) ;
#9853 = AXIS2_PLACEMENT_3D ( 'NONE', #8525, #3919, #535 ) ;
#9854 = VERTEX_POINT ( 'NONE', #8566 ) ;
#9855 = EDGE_LOOP ( 'NONE', ( #7700, #5516, #336, #5748 ) ) ;
#9856 = ORIENTED_EDGE ( 'NONE', *, *, #4768, .T. ) ;
#9857 = LINE ( 'NONE', #1782, #8666 ) ;
#9858 = EDGE_CURVE ( 'NONE', #8032, #3314, #5913, .T. ) ;
#9859 = CARTESIAN_POINT ( 'NONE',  ( 77.61249999999999716, -4.758722840905002194, -40.25769145387477721 ) ) ;
#9860 = VECTOR ( 'NONE', #3525, 1000.000000000000000 ) ;
#9861 = LINE ( 'NONE', #7400, #4708 ) ;
#9862 = ORIENTED_EDGE ( 'NONE', *, *, #9371, .T. ) ;
#9863 = DIRECTION ( 'NONE',  ( 0.000000000000000000, -0.5283341024775852768, 0.8490365576105687317 ) ) ;
#9864 = DIRECTION ( 'NONE',  ( 0.7071067811865489050, 0.7071067811865462405, 0.000000000000000000 ) ) ;
#9865 = CARTESIAN_POINT ( 'NONE',  ( -43.40689872104514535, 74.43999999999417128, -7.959769997217390092 ) ) ;
#9866 = VECTOR ( 'NONE', #3550, 1000.000000000000000 ) ;
#9867 = ORIENTED_EDGE ( 'NONE', *, *, #7015, .F. ) ;
#9868 = CARTESIAN_POINT ( 'NONE',  ( 29.99957050306813855, 119.8258398792882105, -20.03649027154900608 ) ) ;
#9869 = LINE ( 'NONE', #9751, #8950 ) ;
#9870 = ORIENTED_EDGE ( 'NONE', *, *, #2366, .F. ) ;
#9871 = FACE_OUTER_BOUND ( 'NONE', #8624, .T. ) ;
#9872 = ORIENTED_EDGE ( 'NONE', *, *, #10538, .T. ) ;
#9873 = VECTOR ( 'NONE', #10559, 1000.000000000000000 ) ;
#9874 = DIRECTION ( 'NONE',  ( -1.000000000000000000, 0.000000000000000000, -6.025932307130935509E-13 ) ) ;
#9875 = ADVANCED_FACE ( 'NONE', ( #4857 ), #8801, .T. ) ;
#9876 = EDGE_CURVE ( 'NONE', #1159, #8861, #234, .T. ) ;
#9877 = CARTESIAN_POINT ( 'NONE',  ( -82.54999999999999716, 52.93999999999998352, 25.39999999999999858 ) ) ;
#9878 = DIRECTION ( 'NONE',  ( -0.000000000000000000, -1.000000000000000000, -0.000000000000000000 ) ) ;
#9879 = CARTESIAN_POINT ( 'NONE',  ( -43.40689872104513825, 69.46500000000000341, -29.66122071973760299 ) ) ;
#9880 = VERTEX_POINT ( 'NONE', #11114 ) ;
#9881 = DIRECTION ( 'NONE',  ( 0.000000000000000000, 0.000000000000000000, 1.000000000000000000 ) ) ;
#9882 = CARTESIAN_POINT ( 'NONE',  ( 9.877394556154523997, 99.82583987928821045, 19.06835594837479420 ) ) ;
#9883 = DIRECTION ( 'NONE',  ( -1.000000000000000000, 0.000000000000000000, 1.335278419062900361E-16 ) ) ;
#9884 = VECTOR ( 'NONE', #10001, 1000.000000000000000 ) ;
#9885 = ORIENTED_EDGE ( 'NONE', *, *, #10266, .T. ) ;
#9886 = AXIS2_PLACEMENT_3D ( 'NONE', #11272, #3172, #4243 ) ;
#9887 = AXIS2_PLACEMENT_3D ( 'NONE', #8247, #6304, #162 ) ;
#9888 = VERTEX_POINT ( 'NONE', #3242 ) ;
#9889 = ORIENTED_EDGE ( 'NONE', *, *, #390, .T. ) ;
#9890 = CARTESIAN_POINT ( 'NONE',  ( -50.02648654977334530, 8.274999999999998579, 20.18114647173673148 ) ) ;
#9891 = EDGE_CURVE ( 'NONE', #7291, #5802, #578, .T. ) ;
#9892 = CARTESIAN_POINT ( 'NONE',  ( 73.96808532237744771, 5.099999999999999645, 17.06344096893413820 ) ) ;
#9893 = VECTOR ( 'NONE', #4636, 1000.000000000000227 ) ;
#9894 = AXIS2_PLACEMENT_3D ( 'NONE', #9774, #9603, #1699 ) ;
#9895 = CIRCLE ( 'NONE', #11225, 5.000000000000000888 ) ;
#9896 = FACE_OUTER_BOUND ( 'NONE', #3867, .T. ) ;
#9897 = DIRECTION ( 'NONE',  ( 0.000000000000000000, -1.000000000000000000, 1.365923996832131116E-16 ) ) ;
#9898 = DIRECTION ( 'NONE',  ( -0.000000000000000000, 7.709882115452476934E-17, -1.000000000000000000 ) ) ;
#9899 = PLANE ( 'NONE',  #9078 ) ;
#9900 = CARTESIAN_POINT ( 'NONE',  ( 31.40689872104514180, 97.50000000000000000, 22.30467496797187010 ) ) ;
#9901 = VERTEX_POINT ( 'NONE', #3081 ) ;
#9902 = VECTOR ( 'NONE', #6823, 1000.000000000000000 ) ;
#9903 = EDGE_CURVE ( 'NONE', #8907, #6790, #2210, .T. ) ;
#9904 = EDGE_CURVE ( 'NONE', #9854, #7908, #8512, .T. ) ;
#9905 = AXIS2_PLACEMENT_3D ( 'NONE', #367, #2211, #1416 ) ;
#9906 = EDGE_CURVE ( 'NONE', #6309, #2314, #6746, .T. ) ;
#9907 = ORIENTED_EDGE ( 'NONE', *, *, #2529, .T. ) ;
#9908 = CARTESIAN_POINT ( 'NONE',  ( -5.000429496931850792, 119.8258398792882105, 11.89999999999998614 ) ) ;
#9909 = AXIS2_PLACEMENT_3D ( 'NONE', #2510, #6114, #10057 ) ;
#9910 = DIRECTION ( 'NONE',  ( -1.000000000000000000, 0.000000000000000000, 0.000000000000000000 ) ) ;
#9911 = DIRECTION ( 'NONE',  ( 0.000000000000000000, -1.000000000000000000, 0.000000000000000000 ) ) ;
#9912 = VECTOR ( 'NONE', #10561, 1000.000000000000000 ) ;
#9913 = EDGE_LOOP ( 'NONE', ( #6948, #9985, #9048, #2029 ) ) ;
#9914 = CARTESIAN_POINT ( 'NONE',  ( -5.000429496931850792, 110.8258398792882247, 11.89999999999998614 ) ) ;
#9915 = DIRECTION ( 'NONE',  ( 0.000000000000000000, 0.000000000000000000, -1.000000000000000000 ) ) ;
#9916 = CARTESIAN_POINT ( 'NONE',  ( -35.61042949709576533, 97.50000000000000000, -1.926685223531122260 ) ) ;
#9917 = EDGE_LOOP ( 'NONE', ( #9538, #11610, #9026, #6928 ) ) ;
#9918 = VERTEX_POINT ( 'NONE', #4311 ) ;
#9919 = ORIENTED_EDGE ( 'NONE', *, *, #5881, .T. ) ;
#9920 = ORIENTED_EDGE ( 'NONE', *, *, #8393, .T. ) ;
#9921 = VECTOR ( 'NONE', #8102, 1000.000000000000000 ) ;
#9922 = CARTESIAN_POINT ( 'NONE',  ( 46.58189872104513540, 72.64485098712441413, -26.29038821272766668 ) ) ;
#9923 = CARTESIAN_POINT ( 'NONE',  ( -77.54999999999999716, 6.349999999999999645, 41.90000000000009805 ) ) ;
#9924 = VECTOR ( 'NONE', #5815, 1000.000000000000000 ) ;
#9925 = CARTESIAN_POINT ( 'NONE',  ( -67.12500000000000000, 104.8258398792882247, 37.90000000000004121 ) ) ;
#9926 = ORIENTED_EDGE ( 'NONE', *, *, #3328, .T. ) ;
#9927 = DIRECTION ( 'NONE',  ( 1.000000000000000000, 0.000000000000000000, -0.000000000000000000 ) ) ;
#9928 = CARTESIAN_POINT ( 'NONE',  ( 33.75499999999999545, 6.349999999999999645, -3.957691453874785825 ) ) ;
#9929 = ORIENTED_EDGE ( 'NONE', *, *, #4903, .T. ) ;
#9930 = FACE_OUTER_BOUND ( 'NONE', #1354, .T. ) ;
#9931 = DIRECTION ( 'NONE',  ( -0.000000000000000000, 0.8191520442889941300, -0.5735764363510429398 ) ) ;
#9932 = VERTEX_POINT ( 'NONE', #8033 ) ;
#9933 = ORIENTED_EDGE ( 'NONE', *, *, #11443, .F. ) ;
#9934 = CARTESIAN_POINT ( 'NONE',  ( -33.11067117007558380, 97.50000000000000000, 18.79370330280937651 ) ) ;
#9935 = VERTEX_POINT ( 'NONE', #749 ) ;
#9936 = EDGE_CURVE ( 'NONE', #7521, #8147, #8735, .T. ) ;
#9937 = VECTOR ( 'NONE', #5863, 1000.000000000000000 ) ;
#9938 = EDGE_CURVE ( 'NONE', #4183, #4357, #5259, .T. ) ;
#9939 = DIRECTION ( 'NONE',  ( -0.000000000000000000, -1.000000000000000000, -0.000000000000000000 ) ) ;
#9940 = DIRECTION ( 'NONE',  ( -8.863495325085417182E-17, 0.000000000000000000, 1.000000000000000000 ) ) ;
#9941 = DIRECTION ( 'NONE',  ( 0.000000000000000000, 0.000000000000000000, 1.000000000000000000 ) ) ;
#9942 = VERTEX_POINT ( 'NONE', #10684 ) ;
#9943 = DIRECTION ( 'NONE',  ( -9.645899640478401470E-17, 0.000000000000000000, 1.000000000000000000 ) ) ;
#9944 = LINE ( 'NONE', #8888, #9884 ) ;
#9945 = CARTESIAN_POINT ( 'NONE',  ( -41.55000000000002558, 91.50000000000000000, 22.30467496797187010 ) ) ;
#9946 = ORIENTED_EDGE ( 'NONE', *, *, #5157, .F. ) ;
#9947 = ORIENTED_EDGE ( 'NONE', *, *, #5250, .T. ) ;
#9948 = ADVANCED_FACE ( 'NONE', ( #5319, #11396, #639, #6921 ), #6204, .T. ) ;
#9949 = VERTEX_POINT ( 'NONE', #10502 ) ;
#9950 = VECTOR ( 'NONE', #5083, 1000.000000000000000 ) ;
#9951 = DIRECTION ( 'NONE',  ( -1.000000000000000000, 0.000000000000000000, 1.335278419062900361E-16 ) ) ;
#9952 = DIRECTION ( 'NONE',  ( 0.000000000000000000, -1.000000000000000000, 0.000000000000000000 ) ) ;
#9953 = CYLINDRICAL_SURFACE ( 'NONE', #3093, 1.000000000000000888 ) ;
#9954 = DIRECTION ( 'NONE',  ( 1.000000000000000000, 0.000000000000000000, -0.000000000000000000 ) ) ;
#9955 = CARTESIAN_POINT ( 'NONE',  ( 79.37500000000000000, 58.93999999999998352, -0.2576914538747649974 ) ) ;
#9956 = DIRECTION ( 'NONE',  ( 0.000000000000000000, 0.000000000000000000, 1.000000000000000000 ) ) ;
#9957 = FACE_OUTER_BOUND ( 'NONE', #9030, .T. ) ;
#9958 = VERTEX_POINT ( 'NONE', #6027 ) ;
#9959 = EDGE_CURVE ( 'NONE', #7005, #8798, #7093, .T. ) ;
#9960 = ADVANCED_FACE ( 'NONE', ( #7972 ), #3362, .T. ) ;
#9961 = ORIENTED_EDGE ( 'NONE', *, *, #6452, .F. ) ;
#9962 = LINE ( 'NONE', #2168, #2725 ) ;
#9963 = FACE_OUTER_BOUND ( 'NONE', #743, .T. ) ;
#9964 = FACE_OUTER_BOUND ( 'NONE', #3113, .T. ) ;
#9965 = FACE_OUTER_BOUND ( 'NONE', #1408, .T. ) ;
#9966 = EDGE_CURVE ( 'NONE', #5298, #2965, #2880, .T. ) ;
#9967 = DIRECTION ( 'NONE',  ( 9.631830049960361025E-17, -0.6925863668092024916, 0.7213349599943349455 ) ) ;
#9968 = EDGE_CURVE ( 'NONE', #2103, #9352, #7968, .T. ) ;
#9969 = VERTEX_POINT ( 'NONE', #9613 ) ;
#9970 = DIRECTION ( 'NONE',  ( -0.000000000000000000, 0.000000000000000000, -1.000000000000000000 ) ) ;
#9971 = CARTESIAN_POINT ( 'NONE',  ( 79.37500000000000000, 61.63999999999999346, -5.957898992084453837 ) ) ;
#9972 = CIRCLE ( 'NONE', #8659, 1.000000000000000888 ) ;
#9973 = ORIENTED_EDGE ( 'NONE', *, *, #10981, .F. ) ;
#9974 = ORIENTED_EDGE ( 'NONE', *, *, #1065, .F. ) ;
#9975 = EDGE_CURVE ( 'NONE', #11545, #5242, #1530, .T. ) ;
#9976 = ORIENTED_EDGE ( 'NONE', *, *, #9332, .F. ) ;
#9977 = ORIENTED_EDGE ( 'NONE', *, *, #8873, .F. ) ;
#9978 = VECTOR ( 'NONE', #9337, 1000.000000000000000 ) ;
#9979 = CARTESIAN_POINT ( 'NONE',  ( 50.02648654977334530, 5.099999999999999645, 20.18114647173673148 ) ) ;
#9980 = VERTEX_POINT ( 'NONE', #696 ) ;
#9981 = LINE ( 'NONE', #7402, #9835 ) ;
#9982 = DIRECTION ( 'NONE',  ( 0.000000000000000000, 0.000000000000000000, 1.000000000000000000 ) ) ;
#9983 = ADVANCED_FACE ( 'NONE', ( #4191 ), #2421, .F. ) ;
#9984 = LINE ( 'NONE', #10156, #62 ) ;
#9985 = ORIENTED_EDGE ( 'NONE', *, *, #10749, .F. ) ;
#9986 = CARTESIAN_POINT ( 'NONE',  ( -52.36501998304115091, 8.274999999999998579, 17.92115427297832397 ) ) ;
#9987 = CARTESIAN_POINT ( 'NONE',  ( -77.54999999999999716, 109.8258398792882247, 36.89999999999999858 ) ) ;
#9988 = AXIS2_PLACEMENT_3D ( 'NONE', #8675, #4189, #7912 ) ;
#9989 = ORIENTED_EDGE ( 'NONE', *, *, #2983, .F. ) ;
#9990 = EDGE_LOOP ( 'NONE', ( #6619, #11052, #6290, #7341 ) ) ;
#9991 = CARTESIAN_POINT ( 'NONE',  ( 50.48689872104515075, 72.67999878751419374, 2.358530551520389817 ) ) ;
#9992 = ORIENTED_EDGE ( 'NONE', *, *, #1175, .T. ) ;
#9993 = LINE ( 'NONE', #2039, #9893 ) ;
#9994 = CIRCLE ( 'NONE', #4913, 2.499806426183644348 ) ;
#9995 = DIRECTION ( 'NONE',  ( -1.000000000000000000, 0.000000000000000000, 9.184139537363837425E-14 ) ) ;
#9996 = DIRECTION ( 'NONE',  ( 0.000000000000000000, 0.000000000000000000, 1.000000000000000000 ) ) ;
#9997 = DIRECTION ( 'NONE',  ( -0.000000000000000000, 7.709882115452476934E-17, -1.000000000000000000 ) ) ;
#9998 = DIRECTION ( 'NONE',  ( -0.000000000000000000, 1.000000000000000000, 0.000000000000000000 ) ) ;
#9999 = ORIENTED_EDGE ( 'NONE', *, *, #325, .T. ) ;
#10000 = FACE_OUTER_BOUND ( 'NONE', #683, .T. ) ;
#10001 = DIRECTION ( 'NONE',  ( 2.244742081187875711E-15, 1.000000000000000000, -0.000000000000000000 ) ) ;
#10002 = CARTESIAN_POINT ( 'NONE',  ( -50.48689872104515075, 96.40000537621601495, 3.358535111626435476 ) ) ;
#10003 = AXIS2_PLACEMENT_3D ( 'NONE', #11015, #11191, #3040 ) ;
#10004 = ORIENTED_EDGE ( 'NONE', *, *, #4551, .T. ) ;
#10005 = ORIENTED_EDGE ( 'NONE', *, *, #760, .T. ) ;
#10006 = CARTESIAN_POINT ( 'NONE',  ( 50.48689872104515075, 74.78999999999417980, -23.92998592831960991 ) ) ;
#10007 = DIRECTION ( 'NONE',  ( 9.344347940402802430E-13, 1.000000000000000000, -1.092650601076099465E-16 ) ) ;
#10008 = DIRECTION ( 'NONE',  ( -0.000000000000000000, -1.000000000000000000, -0.000000000000000000 ) ) ;
#10009 = CARTESIAN_POINT ( 'NONE',  ( 11.25500000000000433, 4.249377385370907589, 5.042308546125213731 ) ) ;
#10010 = EDGE_CURVE ( 'NONE', #5638, #4306, #9670, .T. ) ;
#10011 = DIRECTION ( 'NONE',  ( 0.05071119701308238886, 0.000000000000000000, 0.9987133595268966602 ) ) ;
#10012 = CARTESIAN_POINT ( 'NONE',  ( -1.718853960308399431, 124.8258398793073383, -15.72034834013812876 ) ) ;
#10013 = AXIS2_PLACEMENT_3D ( 'NONE', #10491, #6908, #9655 ) ;
#10014 = CARTESIAN_POINT ( 'NONE',  ( 50.48689872104515075, 74.43999999999417128, -2.374168628343575893 ) ) ;
#10015 = AXIS2_PLACEMENT_3D ( 'NONE', #171, #4478, #2707 ) ;
#10016 = ORIENTED_EDGE ( 'NONE', *, *, #2921, .F. ) ;
#10017 = VERTEX_POINT ( 'NONE', #2541 ) ;
#10018 = AXIS2_PLACEMENT_3D ( 'NONE', #6562, #1227, #4895 ) ;
#10019 = CIRCLE ( 'NONE', #3992, 12.50000000000000000 ) ;
#10020 = CARTESIAN_POINT ( 'NONE',  ( 82.54999999999999716, 104.8258398792882105, 41.90000000000009805 ) ) ;
#10021 = CARTESIAN_POINT ( 'NONE',  ( -79.41908516828307540, 109.5216269182745350, 46.59578703898814922 ) ) ;
#10022 = ADVANCED_FACE ( 'NONE', ( #7802 ), #4365, .F. ) ;
#10023 = VECTOR ( 'NONE', #10775, 1000.000000000000000 ) ;
#10024 = EDGE_CURVE ( 'NONE', #3429, #4678, #10985, .T. ) ;
#10025 = DIRECTION ( 'NONE',  ( 0.000000000000000000, 0.000000000000000000, -1.000000000000000000 ) ) ;
#10026 = PLANE ( 'NONE',  #2843 ) ;
#10027 = CARTESIAN_POINT ( 'NONE',  ( -4.167147581484299756, 119.8373026166564017, 36.89999999999999147 ) ) ;
#10028 = FACE_OUTER_BOUND ( 'NONE', #2397, .T. ) ;
#10029 = CARTESIAN_POINT ( 'NONE',  ( 0.000000000000000000, 18.84999999999999787, -24.58269145387476584 ) ) ;
#10030 = LINE ( 'NONE', #7172, #2935 ) ;
#10031 = ORIENTED_EDGE ( 'NONE', *, *, #438, .F. ) ;
#10032 = ORIENTED_EDGE ( 'NONE', *, *, #11638, .F. ) ;
#10033 = CIRCLE ( 'NONE', #2123, 1.149999999999999467 ) ;
#10034 = ORIENTED_EDGE ( 'NONE', *, *, #4326, .F. ) ;
#10035 = EDGE_CURVE ( 'NONE', #8998, #5214, #10620, .T. ) ;
#10036 = AXIS2_PLACEMENT_3D ( 'NONE', #6887, #10477, #2391 ) ;
#10037 = EDGE_CURVE ( 'NONE', #4036, #5521, #2136, .T. ) ;
#10038 = ADVANCED_FACE ( 'NONE', ( #1114 ), #604, .F. ) ;
#10039 = DIRECTION ( 'NONE',  ( 0.000000000000000000, -0.8873916384311678618, 0.4610163555042787187 ) ) ;
#10040 = VECTOR ( 'NONE', #7505, 1000.000000000000000 ) ;
#10041 = EDGE_LOOP ( 'NONE', ( #10350, #10075, #1599, #5042 ) ) ;
#10042 = CARTESIAN_POINT ( 'NONE',  ( -52.36501998304115091, 5.099999999999999645, 19.07115427297831900 ) ) ;
#10043 = CARTESIAN_POINT ( 'NONE',  ( 32.54999999999999716, 96.82583987928822467, 33.89999999999999147 ) ) ;
#10044 = CARTESIAN_POINT ( 'NONE',  ( 23.90689872104513469, 90.00000000000000000, -29.66122071973760299 ) ) ;
#10045 = VECTOR ( 'NONE', #10539, 1000.000000000000000 ) ;
#10046 = ORIENTED_EDGE ( 'NONE', *, *, #9602, .F. ) ;
#10047 = CARTESIAN_POINT ( 'NONE',  ( 4.999570503068142990, 119.8301161607049750, 36.89999999999999147 ) ) ;
#10048 = CARTESIAN_POINT ( 'NONE',  ( 50.02648654977334530, 5.099999999999999645, 20.18114647173673148 ) ) ;
#10049 = ORIENTED_EDGE ( 'NONE', *, *, #347, .T. ) ;
#10050 = ORIENTED_EDGE ( 'NONE', *, *, #2989, .F. ) ;
#10051 = ORIENTED_EDGE ( 'NONE', *, *, #11575, .T. ) ;
#10052 = EDGE_CURVE ( 'NONE', #8543, #2929, #4608, .T. ) ;
#10053 = EDGE_CURVE ( 'NONE', #10807, #5743, #3596, .T. ) ;
#10054 = ADVANCED_FACE ( 'NONE', ( #6387 ), #5444, .F. ) ;
#10055 = AXIS2_PLACEMENT_3D ( 'NONE', #5186, #5013, #10423 ) ;
#10056 = FACE_OUTER_BOUND ( 'NONE', #2445, .T. ) ;
#10057 = DIRECTION ( 'NONE',  ( 0.000000000000000000, 0.000000000000000000, 1.000000000000000000 ) ) ;
#10058 = CARTESIAN_POINT ( 'NONE',  ( 79.37500000000000000, 58.93999999999998352, 11.10020753820967698 ) ) ;
#10059 = LINE ( 'NONE', #10236, #5963 ) ;
#10060 = DIRECTION ( 'NONE',  ( 0.000000000000000000, 0.000000000000000000, 1.000000000000000000 ) ) ;
#10061 = ORIENTED_EDGE ( 'NONE', *, *, #8749, .F. ) ;
#10062 = DIRECTION ( 'NONE',  ( 0.000000000000000000, 0.000000000000000000, 1.000000000000000000 ) ) ;
#10063 = CARTESIAN_POINT ( 'NONE',  ( 82.54999999999999716, -27.00000000000000355, -10.25769145387463688 ) ) ;
#10064 = CARTESIAN_POINT ( 'NONE',  ( 10.60957050301872329, 90.00000000000000000, 17.30072581676351362 ) ) ;
#10065 = ORIENTED_EDGE ( 'NONE', *, *, #10998, .T. ) ;
#10066 = ORIENTED_EDGE ( 'NONE', *, *, #4786, .T. ) ;
#10067 = AXIS2_PLACEMENT_3D ( 'NONE', #185, #998, #1839 ) ;
#10068 = PLANE ( 'NONE',  #2315 ) ;
#10069 = DIRECTION ( 'NONE',  ( 1.000000000000000000, 0.000000000000000000, 1.066750355020279212E-16 ) ) ;
#10070 = DIRECTION ( 'NONE',  ( 0.000000000000000000, 1.000000000000000000, -0.000000000000000000 ) ) ;
#10071 = VECTOR ( 'NONE', #4341, 1000.000000000000000 ) ;
#10072 = DIRECTION ( 'NONE',  ( -1.000000000000000000, -0.000000000000000000, -0.000000000000000000 ) ) ;
#10073 = LINE ( 'NONE', #6374, #1339 ) ;
#10074 = LINE ( 'NONE', #2822, #11231 ) ;
#10075 = ORIENTED_EDGE ( 'NONE', *, *, #7685, .F. ) ;
#10076 = ORIENTED_EDGE ( 'NONE', *, *, #11346, .T. ) ;
#10077 = ADVANCED_FACE ( 'NONE', ( #6501 ), #3770, .F. ) ;
#10078 = AXIS2_PLACEMENT_3D ( 'NONE', #5034, #486, #7697 ) ;
#10079 = VECTOR ( 'NONE', #7559, 1000.000000000000000 ) ;
#10080 = VECTOR ( 'NONE', #3446, 1000.000000000000000 ) ;
#10081 = AXIS2_PLACEMENT_3D ( 'NONE', #6455, #7465, #10104 ) ;
#10082 = FACE_OUTER_BOUND ( 'NONE', #11376, .T. ) ;
#10083 = CARTESIAN_POINT ( 'NONE',  ( 69.20000000001763851, 18.85000000000027853, -24.58269145387476584 ) ) ;
#10084 = CYLINDRICAL_SURFACE ( 'NONE', #10232, 1.200000000000003730 ) ;
#10085 = CARTESIAN_POINT ( 'NONE',  ( -0.0004294969318460739593, 124.8258398792882247, 8.433509728450992782 ) ) ;
#10086 = LINE ( 'NONE', #130, #5895 ) ;
#10087 = CARTESIAN_POINT ( 'NONE',  ( -0.0004294969318460739593, 109.8258398792882247, -15.76649027154901006 ) ) ;
#10088 = DIRECTION ( 'NONE',  ( 0.000000000000000000, 0.000000000000000000, -1.000000000000000000 ) ) ;
#10089 = CIRCLE ( 'NONE', #5008, 12.50000000000000355 ) ;
#10090 = ORIENTED_EDGE ( 'NONE', *, *, #10313, .F. ) ;
#10091 = VECTOR ( 'NONE', #7139, 1000.000000000000000 ) ;
#10092 = DIRECTION ( 'NONE',  ( -1.000000000000000000, 0.000000000000000000, -1.066750355020279335E-16 ) ) ;
#10093 = AXIS2_PLACEMENT_3D ( 'NONE', #4431, #11648, #7973 ) ;
#10094 = ORIENTED_EDGE ( 'NONE', *, *, #1380, .F. ) ;
#10095 = ORIENTED_EDGE ( 'NONE', *, *, #5423, .F. ) ;
#10096 = EDGE_LOOP ( 'NONE', ( #11237, #3806, #890, #4546 ) ) ;
#10097 = ADVANCED_FACE ( 'NONE', ( #4488 ), #8268, .T. ) ;
#10098 = EDGE_CURVE ( 'NONE', #9587, #6640, #10086, .T. ) ;
#10099 = VECTOR ( 'NONE', #7304, 1000.000000000000000 ) ;
#10100 = VECTOR ( 'NONE', #4367, 1000.000000000000000 ) ;
#10101 = DIRECTION ( 'NONE',  ( -0.000000000000000000, 0.000000000000000000, 1.000000000000000000 ) ) ;
#10102 = ORIENTED_EDGE ( 'NONE', *, *, #11070, .T. ) ;
#10103 = CARTESIAN_POINT ( 'NONE',  ( -81.84979246179028678, 66.63999999999998636, -5.257691453874765664 ) ) ;
#10104 = DIRECTION ( 'NONE',  ( 1.000000000000000000, 0.000000000000000000, 0.000000000000000000 ) ) ;
#10105 = CARTESIAN_POINT ( 'NONE',  ( -46.58189872104514251, 72.64000000000000057, 3.358535111626396397 ) ) ;
#10106 = ORIENTED_EDGE ( 'NONE', *, *, #9196, .T. ) ;
#10107 = DIRECTION ( 'NONE',  ( 0.000000000000000000, 0.7071063548969729329, -0.7071072074758651960 ) ) ;
#10108 = DIRECTION ( 'NONE',  ( 0.000000000000000000, 0.000000000000000000, -1.000000000000000000 ) ) ;
#10109 = ORIENTED_EDGE ( 'NONE', *, *, #5738, .T. ) ;
#10110 = ORIENTED_EDGE ( 'NONE', *, *, #5266, .T. ) ;
#10111 = LINE ( 'NONE', #2151, #36 ) ;
#10112 = AXIS2_PLACEMENT_3D ( 'NONE', #7050, #8996, #6220 ) ;
#10113 = CYLINDRICAL_SURFACE ( 'NONE', #363, 2.499724320747617856 ) ;
#10114 = ORIENTED_EDGE ( 'NONE', *, *, #7900, .T. ) ;
#10115 = ADVANCED_FACE ( 'NONE', ( #8321 ), #2959, .T. ) ;
#10116 = DIRECTION ( 'NONE',  ( -1.000000000000000000, -0.000000000000000000, 1.335278419062900361E-16 ) ) ;
#10117 = DIRECTION ( 'NONE',  ( 0.000000000000000000, 0.000000000000000000, -1.000000000000000000 ) ) ;
#10118 = CARTESIAN_POINT ( 'NONE',  ( 46.58189872104514251, 69.76620664861324883, -5.531647977673591399 ) ) ;
#10119 = LINE ( 'NONE', #9877, #7724 ) ;
#10120 = CARTESIAN_POINT ( 'NONE',  ( 82.55000000000002558, 97.50000000000000000, 19.12967496797186939 ) ) ;
#10121 = DIRECTION ( 'NONE',  ( -1.000000000000000000, -0.000000000000000000, -0.000000000000000000 ) ) ;
#10122 = ADVANCED_FACE ( 'NONE', ( #242 ), #5943, .T. ) ;
#10123 = ORIENTED_EDGE ( 'NONE', *, *, #6200, .T. ) ;
#10124 = EDGE_CURVE ( 'NONE', #2354, #1487, #10321, .T. ) ;
#10125 = DIRECTION ( 'NONE',  ( 0.000000000000000000, 0.000000000000000000, -1.000000000000000000 ) ) ;
#10126 = CARTESIAN_POINT ( 'NONE',  ( 77.54999999999999716, 107.3258398792882247, 46.90000000000009805 ) ) ;
#10127 = EDGE_LOOP ( 'NONE', ( #2310, #10377 ) ) ;
#10128 = VERTEX_POINT ( 'NONE', #4780 ) ;
#10129 = ADVANCED_FACE ( 'NONE', ( #5795 ), #6616, .F. ) ;
#10130 = ORIENTED_EDGE ( 'NONE', *, *, #6983, .F. ) ;
#10131 = LINE ( 'NONE', #9247, #6532 ) ;
#10132 = CARTESIAN_POINT ( 'NONE',  ( 82.55000000000002558, 66.63999999999998636, -5.257691453874765664 ) ) ;
#10133 = CARTESIAN_POINT ( 'NONE',  ( 32.54999999999999716, 97.82583987928822467, 33.89999999999999147 ) ) ;
#10134 = DIRECTION ( 'NONE',  ( 0.000000000000000000, 1.000000000000000000, -0.000000000000000000 ) ) ;
#10135 = CARTESIAN_POINT ( 'NONE',  ( -80.07520753820969617, 58.93999999999998352, -0.2576914538747649974 ) ) ;
#10136 = CARTESIAN_POINT ( 'NONE',  ( 11.25500000000000433, 4.249377385370907589, 16.39999999999999858 ) ) ;
#10137 = EDGE_LOOP ( 'NONE', ( #10328, #3700, #9092, #7863, #9726, #3732, #8822, #3832, #4443, #5972, #2035, #11628 ) ) ;
#10138 = ORIENTED_EDGE ( 'NONE', *, *, #1108, .T. ) ;
#10139 = CARTESIAN_POINT ( 'NONE',  ( 61.81289880791658931, 8.274999999999998579, 18.26344096711873277 ) ) ;
#10140 = CARTESIAN_POINT ( 'NONE',  ( 80.37500000000000000, 58.93999999999998352, -0.2576914538747649974 ) ) ;
#10141 = LINE ( 'NONE', #4004, #5149 ) ;
#10142 = CARTESIAN_POINT ( 'NONE',  ( -76.81501998216512561, 8.274999999999998579, -2.578845727014059008 ) ) ;
#10143 = CARTESIAN_POINT ( 'NONE',  ( -0.8568190375390745128, 124.1931008956756699, 36.89999999999999147 ) ) ;
#10144 = DIRECTION ( 'NONE',  ( 1.000000000000000000, 0.000000000000000000, -1.335278419062900361E-16 ) ) ;
#10145 = FACE_OUTER_BOUND ( 'NONE', #8183, .T. ) ;
#10146 = ADVANCED_FACE ( 'NONE', ( #5902 ), #1399, .F. ) ;
#10147 = DIRECTION ( 'NONE',  ( 0.000000000000000000, 0.000000000000000000, -1.000000000000000000 ) ) ;
#10148 = EDGE_LOOP ( 'NONE', ( #800, #2340, #4213, #6005 ) ) ;
#10149 = ORIENTED_EDGE ( 'NONE', *, *, #702, .F. ) ;
#10150 = ADVANCED_FACE ( 'NONE', ( #5847 ), #1281, .T. ) ;
#10151 = EDGE_LOOP ( 'NONE', ( #3141, #11491 ) ) ;
#10152 = LINE ( 'NONE', #5687, #3202 ) ;
#10153 = ORIENTED_EDGE ( 'NONE', *, *, #11333, .F. ) ;
#10154 = CARTESIAN_POINT ( 'NONE',  ( -74.43749999996865085, 82.35514882866895903, -32.75769145387477010 ) ) ;
#10155 = CARTESIAN_POINT ( 'NONE',  ( -5.461913016039824598, 99.82583987928822467, -1.124087247170217685 ) ) ;
#10156 = CARTESIAN_POINT ( 'NONE',  ( -50.02648654977334530, 8.274999999999998579, 24.62763407003638960 ) ) ;
#10157 = ADVANCED_FACE ( 'NONE', ( #7561, #299, #4070, #8499, #409, #9382 ), #7683, .F. ) ;
#10158 = ORIENTED_EDGE ( 'NONE', *, *, #3693, .T. ) ;
#10159 = CARTESIAN_POINT ( 'NONE',  ( -42.55000000000002558, 98.32583987928822467, 10.19715292348722890 ) ) ;
#10160 = CARTESIAN_POINT ( 'NONE',  ( 11.25500000000000433, -27.00000000000000355, 19.39999999999997371 ) ) ;
#10161 = ORIENTED_EDGE ( 'NONE', *, *, #3182, .F. ) ;
#10162 = ORIENTED_EDGE ( 'NONE', *, *, #9035, .F. ) ;
#10163 = LINE ( 'NONE', #10227, #9076 ) ;
#10164 = PLANE ( 'NONE',  #2815 ) ;
#10165 = VECTOR ( 'NONE', #2182, 1000.000000000000000 ) ;
#10166 = ORIENTED_EDGE ( 'NONE', *, *, #10337, .F. ) ;
#10167 = CARTESIAN_POINT ( 'NONE',  ( -8.300429496984964572, 96.12583987928823603, 19.83350972839287607 ) ) ;
#10168 = CARTESIAN_POINT ( 'NONE',  ( 77.54999999999999716, 104.8258398792882105, 25.39999999999999858 ) ) ;
#10169 = TOROIDAL_SURFACE ( 'NONE', #3197, 20.00000000000000000, 5.000000000000000000 ) ;
#10170 = CARTESIAN_POINT ( 'NONE',  ( -54.81500000380517434, 5.099999999999999645, 19.62115427306273219 ) ) ;
#10171 = DIRECTION ( 'NONE',  ( 0.000000000000000000, 0.000000000000000000, 1.000000000000000000 ) ) ;
#10172 = EDGE_CURVE ( 'NONE', #8357, #7725, #5734, .T. ) ;
#10173 = EDGE_CURVE ( 'NONE', #5205, #1121, #6662, .T. ) ;
#10174 = ORIENTED_EDGE ( 'NONE', *, *, #9402, .F. ) ;
#10175 = CARTESIAN_POINT ( 'NONE',  ( -5.415877569971860872, 119.8271570027550013, -20.03649027154900963 ) ) ;
#10176 = LINE ( 'NONE', #8299, #5761 ) ;
#10177 = ORIENTED_EDGE ( 'NONE', *, *, #1843, .F. ) ;
#10178 = ORIENTED_EDGE ( 'NONE', *, *, #6135, .T. ) ;
#10179 = VECTOR ( 'NONE', #6919, 1000.000000000000000 ) ;
#10180 = ORIENTED_EDGE ( 'NONE', *, *, #9959, .F. ) ;
#10181 = EDGE_CURVE ( 'NONE', #7208, #5766, #4121, .T. ) ;
#10182 = EDGE_CURVE ( 'NONE', #1342, #1095, #4005, .T. ) ;
#10183 = AXIS2_PLACEMENT_3D ( 'NONE', #2147, #5754, #1251 ) ;
#10184 = CARTESIAN_POINT ( 'NONE',  ( 43.40689872104513825, 90.00000000000000000, -29.66122071973760299 ) ) ;
#10185 = CARTESIAN_POINT ( 'NONE',  ( 69.20000000000479190, 5.100000000000000533, -0.6211324209939360630 ) ) ;
#10186 = CARTESIAN_POINT ( 'NONE',  ( 50.48689872104515075, 97.40000406513270548, -24.18005742219565946 ) ) ;
#10187 = EDGE_CURVE ( 'NONE', #5460, #2634, #3946, .T. ) ;
#10188 = CARTESIAN_POINT ( 'NONE',  ( 46.58189872104514251, 78.54000537782802382, -2.374168628343575005 ) ) ;
#10189 = VERTEX_POINT ( 'NONE', #4956 ) ;
#10190 = DIRECTION ( 'NONE',  ( -1.000000000000000000, 0.000000000000000000, 0.000000000000000000 ) ) ;
#10191 = LINE ( 'NONE', #6773, #7666 ) ;
#10192 = ORIENTED_EDGE ( 'NONE', *, *, #9042, .T. ) ;
#10193 = VERTEX_POINT ( 'NONE', #11102 ) ;
#10194 = VECTOR ( 'NONE', #4037, 1000.000000000000227 ) ;
#10195 = EDGE_CURVE ( 'NONE', #2688, #9745, #8555, .T. ) ;
#10196 = ADVANCED_FACE ( 'NONE', ( #3893 ), #10371, .F. ) ;
#10197 = LINE ( 'NONE', #2662, #5178 ) ;
#10198 = DIRECTION ( 'NONE',  ( -1.000000000000000000, 0.000000000000000000, 0.000000000000000000 ) ) ;
#10199 = CARTESIAN_POINT ( 'NONE',  ( -80.51634431853906904, 108.9555636286124383, 46.02972374932492983 ) ) ;
#10200 = DIRECTION ( 'NONE',  ( 0.000000000000000000, 1.000000000000000000, -0.000000000000000000 ) ) ;
#10201 = FACE_OUTER_BOUND ( 'NONE', #3619, .T. ) ;
#10202 = DIRECTION ( 'NONE',  ( -0.000000000000000000, -1.000000000000000000, -0.000000000000000000 ) ) ;
#10203 = AXIS2_PLACEMENT_3D ( 'NONE', #11557, #10657, #4228 ) ;
#10204 = CARTESIAN_POINT ( 'NONE',  ( -46.58189872104513540, 97.40000406513270548, -24.18005742219565946 ) ) ;
#10205 = CARTESIAN_POINT ( 'NONE',  ( 79.37500000000000000, 90.00000000000000000, -37.08269145387477295 ) ) ;
#10206 = CARTESIAN_POINT ( 'NONE',  ( -82.54999999999999716, 52.93999999999998352, -0.2576914538747649974 ) ) ;
#10207 = LINE ( 'NONE', #9329, #1041 ) ;
#10208 = ORIENTED_EDGE ( 'NONE', *, *, #11422, .T. ) ;
#10209 = ORIENTED_EDGE ( 'NONE', *, *, #6723, .T. ) ;
#10210 = VERTEX_POINT ( 'NONE', #10204 ) ;
#10211 = AXIS2_PLACEMENT_3D ( 'NONE', #11041, #4954, #8554 ) ;
#10212 = VECTOR ( 'NONE', #8649, 999.9999999999998863 ) ;
#10213 = CARTESIAN_POINT ( 'NONE',  ( 82.54999999999999716, 107.7547720674227634, -24.66741156474240526 ) ) ;
#10214 = CARTESIAN_POINT ( 'NONE',  ( 11.25500000000000433, 4.249377385370907589, 13.89999999999999680 ) ) ;
#10215 = CARTESIAN_POINT ( 'NONE',  ( -69.20000000000000284, 6.349999999999999645, -6.985329661611390684 ) ) ;
#10216 = ORIENTED_EDGE ( 'NONE', *, *, #2890, .T. ) ;
#10217 = DIRECTION ( 'NONE',  ( 0.000000000000000000, 0.000000000000000000, 1.000000000000000000 ) ) ;
#10218 = DIRECTION ( 'NONE',  ( 0.000000000000000000, -9.870233350266327087E-07, -0.9999999999995128341 ) ) ;
#10219 = FACE_OUTER_BOUND ( 'NONE', #9258, .T. ) ;
#10220 = VECTOR ( 'NONE', #9199, 1000.000000000000000 ) ;
#10221 = ORIENTED_EDGE ( 'NONE', *, *, #3952, .F. ) ;
#10222 = CARTESIAN_POINT ( 'NONE',  ( -35.61042949693185733, 99.82583987928830993, -1.926685223531127367 ) ) ;
#10223 = VECTOR ( 'NONE', #3675, 1000.000000000000000 ) ;
#10224 = DIRECTION ( 'NONE',  ( 0.000000000000000000, 0.000000000000000000, 1.000000000000000000 ) ) ;
#10225 = ORIENTED_EDGE ( 'NONE', *, *, #10842, .T. ) ;
#10226 = EDGE_LOOP ( 'NONE', ( #786, #2398, #7439, #790 ) ) ;
#10227 = CARTESIAN_POINT ( 'NONE',  ( 0.000000000000000000, 9.393818159531837964, -32.75769145387477721 ) ) ;
#10228 = DIRECTION ( 'NONE',  ( 0.000000000000000000, 0.000000000000000000, -1.000000000000000000 ) ) ;
#10229 = ORIENTED_EDGE ( 'NONE', *, *, #7966, .F. ) ;
#10230 = EDGE_CURVE ( 'NONE', #3145, #5993, #3973, .T. ) ;
#10231 = VECTOR ( 'NONE', #7507, 1000.000000000000114 ) ;
#10232 = AXIS2_PLACEMENT_3D ( 'NONE', #2646, #1769, #7329 ) ;
#10233 = CYLINDRICAL_SURFACE ( 'NONE', #7236, 0.7999999999998392841 ) ;
#10234 = CARTESIAN_POINT ( 'NONE',  ( -82.54999999999999716, 61.63999999999999346, -0.2576914538747651640 ) ) ;
#10235 = VECTOR ( 'NONE', #8912, 1000.000000000000000 ) ;
#10236 = CARTESIAN_POINT ( 'NONE',  ( -11.25499999999998302, 6.350000000000001421, 16.39999999999999858 ) ) ;
#10237 = CARTESIAN_POINT ( 'NONE',  ( -46.58189872104514251, 94.56476577691782381, -7.085838131530381798E-15 ) ) ;
#10238 = ORIENTED_EDGE ( 'NONE', *, *, #1696, .F. ) ;
#10239 = CARTESIAN_POINT ( 'NONE',  ( -5.363415486274369925, 124.8258398792918058, -15.16703784695309487 ) ) ;
#10240 = CARTESIAN_POINT ( 'NONE',  ( 77.54999999999999716, 109.8258398792882247, 46.90000000000009805 ) ) ;
#10241 = ORIENTED_EDGE ( 'NONE', *, *, #4278, .T. ) ;
#10242 = VERTEX_POINT ( 'NONE', #1461 ) ;
#10243 = VECTOR ( 'NONE', #6067, 1000.000000000000114 ) ;
#10244 = EDGE_CURVE ( 'NONE', #953, #1749, #4762, .T. ) ;
#10245 = ADVANCED_FACE ( 'NONE', ( #2588 ), #9723, .T. ) ;
#10246 =( BOUNDED_SURFACE ( )  B_SPLINE_SURFACE ( 3, 2, ( 
 ( #10727, #565, #7790 ),
 ( #9600, #1518, #8724 ),
 ( #627, #4245, #7853 ),
 ( #10012, #1760, #5368 ),
 ( #7197, #2821, #2639 ),
 ( #120, #8199, #8310 ),
 ( #1104, #3711, #2882 ),
 ( #1046, #3814, #11688 ),
 ( #4706, #9021, #1879 ),
 ( #8967, #5552, #7321 ) ),
 .UNSPECIFIED., .F., .F., .F. ) 
 B_SPLINE_SURFACE_WITH_KNOTS ( ( 4, 2, 2, 2, 4 ),
 ( 3, 3 ),
 ( 0.008768465669037658200, 0.01125373931383974804, 0.01373901295864183615, 0.01622428660344392426, 0.01870956024824601410 ),
 ( 0.000000000000000000, 1.000000000000000000 ),
 .UNSPECIFIED. ) 
 GEOMETRIC_REPRESENTATION_ITEM ( )  RATIONAL_B_SPLINE_SURFACE ( (
 ( 1.000000000000000000, 0.7210306795423050419, 1.000000000000000000),
 ( 1.000000000000000000, 0.7329078706065644822, 1.000000000000000000),
 ( 1.000000000000000000, 0.7419055461932683171, 1.000000000000000000),
 ( 1.000000000000000000, 0.7539376630963005033, 1.000000000000000000),
 ( 1.000000000000000000, 0.7569676347840202935, 1.000000000000000000),
 ( 1.000000000000000000, 0.7569676346380259657, 1.000000000000000000),
 ( 1.000000000000000000, 0.7539376629568139698, 1.000000000000000000),
 ( 1.000000000000000000, 0.7419055460540691094, 1.000000000000000000),
 ( 1.000000000000000000, 0.7329078705388970549, 1.000000000000000000),
 ( 1.000000000000000000, 0.7210306795423054860, 1.000000000000000000) ) ) 
 REPRESENTATION_ITEM ( '' )  SURFACE ( )  );
#10247 = AXIS2_PLACEMENT_3D ( 'NONE', #4195, #7038, #7917 ) ;
#10248 = LINE ( 'NONE', #2169, #3692 ) ;
#10249 = LINE ( 'NONE', #2170, #266 ) ;
#10250 = DIRECTION ( 'NONE',  ( 0.000000000000000000, 0.000000000000000000, 1.000000000000000000 ) ) ;
#10251 = VECTOR ( 'NONE', #9653, 1000.000000000000000 ) ;
#10252 = ORIENTED_EDGE ( 'NONE', *, *, #7535, .F. ) ;
#10253 = DIRECTION ( 'NONE',  ( 1.000000000000000000, 0.000000000000000000, 1.335278419062900361E-16 ) ) ;
#10254 = VECTOR ( 'NONE', #8576, 1000.000000000000000 ) ;
#10255 = ORIENTED_EDGE ( 'NONE', *, *, #9115, .F. ) ;
#10256 = LINE ( 'NONE', #9257, #10165 ) ;
#10257 = EDGE_LOOP ( 'NONE', ( #6898, #10885, #4946, #8048 ) ) ;
#10258 = EDGE_CURVE ( 'NONE', #6826, #10532, #11364, .T. ) ;
#10259 = AXIS2_PLACEMENT_3D ( 'NONE', #71, #4669, #244 ) ;
#10260 = DIRECTION ( 'NONE',  ( -1.000000000000000000, 0.000000000000000000, 0.000000000000000000 ) ) ;
#10261 = CYLINDRICAL_SURFACE ( 'NONE', #258, 1.000000000000000888 ) ;
#10262 = DIRECTION ( 'NONE',  ( 0.000000000000000000, 1.000000000000000000, -1.365923996832131116E-16 ) ) ;
#10263 = LINE ( 'NONE', #3254, #8961 ) ;
#10264 = CARTESIAN_POINT ( 'NONE',  ( -9.142903585136082256, 110.0692607697454690, 36.89999999999999147 ) ) ;
#10265 = CARTESIAN_POINT ( 'NONE',  ( 43.40689872104513825, 97.50000000000000000, 22.30467496797187010 ) ) ;
#10266 = EDGE_CURVE ( 'NONE', #3346, #5046, #4976, .T. ) ;
#10267 = LINE ( 'NONE', #471, #10848 ) ;
#10268 = EDGE_CURVE ( 'NONE', #4108, #59, #7022, .T. ) ;
#10269 = ORIENTED_EDGE ( 'NONE', *, *, #11134, .T. ) ;
#10270 = AXIS2_PLACEMENT_3D ( 'NONE', #3561, #9805, #4329 ) ;
#10271 = ORIENTED_EDGE ( 'NONE', *, *, #3548, .T. ) ;
#10272 = AXIS2_PLACEMENT_3D ( 'NONE', #5125, #4118, #685 ) ;
#10273 = AXIS2_PLACEMENT_3D ( 'NONE', #9470, #6818, #8759 ) ;
#10274 = ORIENTED_EDGE ( 'NONE', *, *, #2841, .T. ) ;
#10275 = CIRCLE ( 'NONE', #289, 1.000000000000000888 ) ;
#10276 = VECTOR ( 'NONE', #745, 1000.000000000000000 ) ;
#10277 = CARTESIAN_POINT ( 'NONE',  ( 50.48689872104515075, 75.48946397805705999, -8.504985928319609201 ) ) ;
#10278 = VECTOR ( 'NONE', #11510, 1000.000000000000000 ) ;
#10279 = ORIENTED_EDGE ( 'NONE', *, *, #9473, .F. ) ;
#10280 = CARTESIAN_POINT ( 'NONE',  ( 5.368809506760563011, 124.8258398792917347, 32.03271477103381670 ) ) ;
#10281 = PLANE ( 'NONE',  #7660 ) ;
#10282 = FACE_OUTER_BOUND ( 'NONE', #2824, .T. ) ;
#10283 = ORIENTED_EDGE ( 'NONE', *, *, #567, .F. ) ;
#10284 = DIRECTION ( 'NONE',  ( -1.000000000000000000, 9.344377123928392131E-13, 0.000000000000000000 ) ) ;
#10285 = CARTESIAN_POINT ( 'NONE',  ( -33.11067117007558380, 96.12583987928823603, 18.79370330280937651 ) ) ;
#10286 = EDGE_CURVE ( 'NONE', #9128, #9679, #10607, .T. ) ;
#10287 = ORIENTED_EDGE ( 'NONE', *, *, #1674, .F. ) ;
#10288 = ORIENTED_EDGE ( 'NONE', *, *, #7711, .F. ) ;
#10289 = LINE ( 'NONE', #9227, #964 ) ;
#10290 = VERTEX_POINT ( 'NONE', #5067 ) ;
#10291 = VECTOR ( 'NONE', #1208, 1000.000000000000000 ) ;
#10292 = VECTOR ( 'NONE', #3659, 1000.000000000000000 ) ;
#10293 = DIRECTION ( 'NONE',  ( 0.000000000000000000, 1.000000000000000000, 0.000000000000000000 ) ) ;
#10294 = DIRECTION ( 'NONE',  ( 0.000000000000000000, 0.000000000000000000, 1.000000000000000000 ) ) ;
#10295 = DIRECTION ( 'NONE',  ( -1.000000000000000000, -0.000000000000000000, 1.335278419062900115E-16 ) ) ;
#10296 = CARTESIAN_POINT ( 'NONE',  ( 81.55000000000001137, 61.63999999999999346, 5.399999999999991473 ) ) ;
#10297 = PLANE ( 'NONE',  #6839 ) ;
#10298 = AXIS2_PLACEMENT_3D ( 'NONE', #6868, #10295, #4872 ) ;
#10299 = VERTEX_POINT ( 'NONE', #4354 ) ;
#10300 = CARTESIAN_POINT ( 'NONE',  ( 6.616786591357596947, 90.00000000000000000, -4.426490271496838602 ) ) ;
#10301 = CARTESIAN_POINT ( 'NONE',  ( 80.59994895389594660, 106.8136089450956234, 45.87553813161296290 ) ) ;
#10302 = VECTOR ( 'NONE', #3307, 1000.000000000000000 ) ;
#10303 = EDGE_CURVE ( 'NONE', #1487, #6972, #9773, .T. ) ;
#10304 = ORIENTED_EDGE ( 'NONE', *, *, #4470, .T. ) ;
#10305 = ORIENTED_EDGE ( 'NONE', *, *, #10954, .T. ) ;
#10306 = ORIENTED_EDGE ( 'NONE', *, *, #5068, .T. ) ;
#10307 = CARTESIAN_POINT ( 'NONE',  ( -0.000000000000000000, 90.00000000000000000, 22.30467496797187010 ) ) ;
#10308 = CARTESIAN_POINT ( 'NONE',  ( 46.58189872104514251, 75.48946397805705999, -7.085838131530381798E-15 ) ) ;
#10309 = CARTESIAN_POINT ( 'NONE',  ( -0.0004294969318460739593, 124.8258398792882247, 8.433509728450992782 ) ) ;
#10310 = ORIENTED_EDGE ( 'NONE', *, *, #510, .F. ) ;
#10311 = DIRECTION ( 'NONE',  ( 0.000000000000000000, 0.000000000000000000, -1.000000000000000000 ) ) ;
#10312 = EDGE_CURVE ( 'NONE', #3926, #8506, #9550, .T. ) ;
#10313 = EDGE_CURVE ( 'NONE', #2370, #5160, #11572, .T. ) ;
#10314 = CARTESIAN_POINT ( 'NONE',  ( -80.47893218813450744, 107.3258398792882247, 46.90000000000009095 ) ) ;
#10315 = ORIENTED_EDGE ( 'NONE', *, *, #10830, .T. ) ;
#10316 = ORIENTED_EDGE ( 'NONE', *, *, #90, .F. ) ;
#10317 = FACE_OUTER_BOUND ( 'NONE', #3830, .T. ) ;
#10318 = DIRECTION ( 'NONE',  ( 0.000000000000000000, 1.000000000000000000, 0.000000000000000000 ) ) ;
#10319 = CARTESIAN_POINT ( 'NONE',  ( -82.54999999999999716, 105.4804563465449121, 42.22730823362682884 ) ) ;
#10320 = FACE_BOUND ( 'NONE', #6745, .T. ) ;
#10321 = LINE ( 'NONE', #8443, #10231 ) ;
#10322 = CARTESIAN_POINT ( 'NONE',  ( 82.55000000000002558, 61.63999999999999346, -0.2576914538747651640 ) ) ;
#10323 = DIRECTION ( 'NONE',  ( 0.000000000000000000, -0.000000000000000000, 1.000000000000000000 ) ) ;
#10324 = EDGE_CURVE ( 'NONE', #10644, #6978, #2865, .T. ) ;
#10325 = EDGE_CURVE ( 'NONE', #11241, #2316, #7079, .T. ) ;
#10326 = CARTESIAN_POINT ( 'NONE',  ( 46.58189872104514251, 72.67999645958946076, -3.947744601910656847E-08 ) ) ;
#10327 = ORIENTED_EDGE ( 'NONE', *, *, #7302, .T. ) ;
#10328 = ORIENTED_EDGE ( 'NONE', *, *, #5138, .T. ) ;
#10329 = ORIENTED_EDGE ( 'NONE', *, *, #5495, .T. ) ;
#10330 = EDGE_CURVE ( 'NONE', #5242, #772, #2292, .T. ) ;
#10331 = ADVANCED_FACE ( 'NONE', ( #8665 ), #4180, .F. ) ;
#10332 = CARTESIAN_POINT ( 'NONE',  ( -43.40689872104513825, 97.50000000000000000, -29.66122071973760299 ) ) ;
#10333 = CARTESIAN_POINT ( 'NONE',  ( -54.81499993151516748, 8.274999999999998579, 15.82115373010225312 ) ) ;
#10334 = ORIENTED_EDGE ( 'NONE', *, *, #10748, .F. ) ;
#10335 = DIRECTION ( 'NONE',  ( 0.000000000000000000, -7.709882115452476934E-17, 1.000000000000000000 ) ) ;
#10336 = DIRECTION ( 'NONE',  ( 6.879417016859792209E-17, 0.8918917311500192957, 0.4522489799946727840 ) ) ;
#10337 = EDGE_CURVE ( 'NONE', #7202, #6929, #4740, .T. ) ;
#10338 = EDGE_LOOP ( 'NONE', ( #8644, #7594, #1376, #10016, #10744, #6361 ) ) ;
#10339 = LINE ( 'NONE', #2214, #9924 ) ;
#10340 = DIRECTION ( 'NONE',  ( -0.000000000000000000, -1.000000000000000000, 1.365923996832131116E-16 ) ) ;
#10341 = ORIENTED_EDGE ( 'NONE', *, *, #9807, .T. ) ;
#10342 = ORIENTED_EDGE ( 'NONE', *, *, #5599, .F. ) ;
#10343 = VERTEX_POINT ( 'NONE', #3530 ) ;
#10344 = LINE ( 'NONE', #1364, #11412 ) ;
#10345 = ADVANCED_FACE ( 'NONE', ( #6073 ), #10246, .T. ) ;
#10346 = DIRECTION ( 'NONE',  ( 0.9999640498417923240, -0.008479329218857906483, -5.782203707977998222E-17 ) ) ;
#10347 = CARTESIAN_POINT ( 'NONE',  ( 50.48689872104515075, 75.48946397805705999, -21.83805926787198715 ) ) ;
#10348 = CARTESIAN_POINT ( 'NONE',  ( 0.000000000000000000, 97.50000000000000000, 0.000000000000000000 ) ) ;
#10349 = DIRECTION ( 'NONE',  ( 0.8191520442889930198, -0.5735764363510444941, 0.000000000000000000 ) ) ;
#10350 = ORIENTED_EDGE ( 'NONE', *, *, #6299, .T. ) ;
#10351 = FACE_OUTER_BOUND ( 'NONE', #8743, .T. ) ;
#10352 = CARTESIAN_POINT ( 'NONE',  ( 82.04416480396551492, 107.0415959067785963, 43.00787801374509201 ) ) ;
#10353 = VERTEX_POINT ( 'NONE', #6431 ) ;
#10354 = ORIENTED_EDGE ( 'NONE', *, *, #10524, .T. ) ;
#10355 = AXIS2_PLACEMENT_3D ( 'NONE', #6741, #3135, #11393 ) ;
#10356 = PLANE ( 'NONE',  #6147 ) ;
#10357 = DIRECTION ( 'NONE',  ( -0.000000000000000000, -0.7071072074758638637, -0.7071063548969741541 ) ) ;
#10358 = DIRECTION ( 'NONE',  ( -1.000000000000000000, 0.000000000000000000, 5.782411586589358625E-17 ) ) ;
#10359 = ORIENTED_EDGE ( 'NONE', *, *, #1869, .T. ) ;
#10360 = CARTESIAN_POINT ( 'NONE',  ( -31.40689872104514180, 97.50000000000000000, -4.426490271149424061 ) ) ;
#10361 = LINE ( 'NONE', #3218, #4072 ) ;
#10362 = VECTOR ( 'NONE', #9029, 999.9999999999998863 ) ;
#10363 = ORIENTED_EDGE ( 'NONE', *, *, #3238, .T. ) ;
#10364 = CARTESIAN_POINT ( 'NONE',  ( 8.109768608907291565, 90.00000000000000000, 17.30073093263340667 ) ) ;
#10365 = ORIENTED_EDGE ( 'NONE', *, *, #2655, .F. ) ;
#10366 = EDGE_CURVE ( 'NONE', #3278, #7931, #6488, .T. ) ;
#10367 = PLANE ( 'NONE',  #4772 ) ;
#10368 = DIRECTION ( 'NONE',  ( 0.000000000000000000, 1.000000000000000000, 0.000000000000000000 ) ) ;
#10369 = LINE ( 'NONE', #5899, #8204 ) ;
#10370 = CARTESIAN_POINT ( 'NONE',  ( -81.84979246179028678, 66.63999999999998636, 10.39999999999999325 ) ) ;
#10371 = PLANE ( 'NONE',  #9651 ) ;
#10372 = CARTESIAN_POINT ( 'NONE',  ( -33.55000000000002558, 98.32583987928822467, 33.89999999999999147 ) ) ;
#10373 = CARTESIAN_POINT ( 'NONE',  ( -82.54999999999999716, -5.993773853708698418, -40.25769145387477721 ) ) ;
#10374 =( BOUNDED_CURVE ( )  B_SPLINE_CURVE ( 3, ( #10867, #4666, #2780, #2595 ),
 .UNSPECIFIED., .F., .T. ) 
 B_SPLINE_CURVE_WITH_KNOTS ( ( 4, 4 ),
 ( 1.570796326794896336, 3.141592653589793116 ),
 .UNSPECIFIED. ) 
 CURVE ( )  GEOMETRIC_REPRESENTATION_ITEM ( )  RATIONAL_B_SPLINE_CURVE ( ( 1.000000000000000000, 0.8047378541243649375, 0.8047378541243649375, 1.000000000000000000 ) ) 
 REPRESENTATION_ITEM ( '' )  );
#10375 = ORIENTED_EDGE ( 'NONE', *, *, #11502, .F. ) ;
#10376 = AXIS2_PLACEMENT_3D ( 'NONE', #11666, #5278, #7053 ) ;
#10377 = ORIENTED_EDGE ( 'NONE', *, *, #1819, .F. ) ;
#10378 = ORIENTED_EDGE ( 'NONE', *, *, #548, .T. ) ;
#10379 = ADVANCED_FACE ( 'NONE', ( #2004 ), #57, .F. ) ;
#10380 = EDGE_CURVE ( 'NONE', #7920, #9239, #8259, .T. ) ;
#10381 = VECTOR ( 'NONE', #2945, 1000.000000000000000 ) ;
#10382 = CARTESIAN_POINT ( 'NONE',  ( -33.55000000000002558, 97.32583987928822467, 22.30467496797187010 ) ) ;
#10383 = PLANE ( 'NONE',  #8492 ) ;
#10384 = ORIENTED_EDGE ( 'NONE', *, *, #7645, .F. ) ;
#10385 = DIRECTION ( 'NONE',  ( 1.593062912007103154E-16, 1.000000000000000000, 0.000000000000000000 ) ) ;
#10386 = CARTESIAN_POINT ( 'NONE',  ( -50.48689872104515075, 72.67997248461419701, -24.29018084517760911 ) ) ;
#10387 = ORIENTED_EDGE ( 'NONE', *, *, #3400, .T. ) ;
#10388 = DIRECTION ( 'NONE',  ( 1.000000000000000000, 0.000000000000000000, 0.000000000000000000 ) ) ;
#10389 = CARTESIAN_POINT ( 'NONE',  ( -77.61249999996864801, 18.84999999999999787, -24.58269145387476584 ) ) ;
#10390 = ORIENTED_EDGE ( 'NONE', *, *, #3165, .F. ) ;
#10391 = EDGE_LOOP ( 'NONE', ( #8345, #8677, #3493, #533 ) ) ;
#10392 = AXIS2_PLACEMENT_3D ( 'NONE', #3203, #538, #4148 ) ;
#10393 = CONICAL_SURFACE ( 'NONE', #9265, 5.700207538209721925, 0.6108652381980297363 ) ;
#10394 = VERTEX_POINT ( 'NONE', #9137 ) ;
#10395 = EDGE_CURVE ( 'NONE', #5684, #3542, #1826, .T. ) ;
#10396 = CYLINDRICAL_SURFACE ( 'NONE', #11034, 1.000000000000000888 ) ;
#10397 = CARTESIAN_POINT ( 'NONE',  ( 0.000000000000000000, 72.64000000000000057, 22.30467496797187010 ) ) ;
#10398 = FACE_OUTER_BOUND ( 'NONE', #3908, .T. ) ;
#10399 = VECTOR ( 'NONE', #11662, 1000.000000000000114 ) ;
#10400 = AXIS2_PLACEMENT_3D ( 'NONE', #2233, #9419, #608 ) ;
#10401 = LINE ( 'NONE', #7549, #5890 ) ;
#10402 = CARTESIAN_POINT ( 'NONE',  ( 43.40689872104513825, 97.50000000000000000, 22.30467496797187010 ) ) ;
#10403 = FACE_BOUND ( 'NONE', #909, .T. ) ;
#10404 = ORIENTED_EDGE ( 'NONE', *, *, #10330, .T. ) ;
#10405 = CARTESIAN_POINT ( 'NONE',  ( 10.93734659411067511, 109.8653739022154383, 36.89999999999999147 ) ) ;
#10406 = DIRECTION ( 'NONE',  ( 1.000000000000000000, -0.000000000000000000, -0.000000000000000000 ) ) ;
#10407 = ADVANCED_FACE ( 'NONE', ( #863 ), #9837, .T. ) ;
#10408 = ORIENTED_EDGE ( 'NONE', *, *, #1289, .T. ) ;
#10409 = EDGE_CURVE ( 'NONE', #3951, #4226, #10073, .T. ) ;
#10410 = ADVANCED_FACE ( 'NONE', ( #6252 ), #5486, .T. ) ;
#10411 = EDGE_LOOP ( 'NONE', ( #8687, #4141, #9367, #1795, #10676, #4232 ) ) ;
#10412 = VECTOR ( 'NONE', #9209, 999.9999999999998863 ) ;
#10413 = CIRCLE ( 'NONE', #11560, 1.000000000000000888 ) ;
#10414 = DIRECTION ( 'NONE',  ( 1.000000000000000000, 0.000000000000000000, 0.000000000000000000 ) ) ;
#10415 = DIRECTION ( 'NONE',  ( 0.9999999999999973355, 0.000000000000000000, 7.246021204162496233E-08 ) ) ;
#10416 = CARTESIAN_POINT ( 'NONE',  ( -82.54999999999999716, 90.00000000000000000, 25.39999999999999147 ) ) ;
#10417 = ORIENTED_EDGE ( 'NONE', *, *, #987, .T. ) ;
#10418 = DIRECTION ( 'NONE',  ( -0.000000000000000000, -0.5283332255394525001, -0.8490371033064915141 ) ) ;
#10419 = VECTOR ( 'NONE', #3434, 1000.000000000000000 ) ;
#10420 = ADVANCED_FACE ( 'NONE', ( #6319 ), #9899, .T. ) ;
#10421 = EDGE_LOOP ( 'NONE', ( #11131, #2101, #10051, #3023 ) ) ;
#10422 = EDGE_LOOP ( 'NONE', ( #1035, #8633, #173, #11472, #10304, #3911, #1119, #10690 ) ) ;
#10423 = DIRECTION ( 'NONE',  ( 0.000000000000000000, 0.000000000000000000, 1.000000000000000000 ) ) ;
#10424 = LINE ( 'NONE', #11567, #11243 ) ;
#10425 = CARTESIAN_POINT ( 'NONE',  ( -50.48689872104515075, 74.78999999999417980, 0.5200140716803901553 ) ) ;
#10426 = CARTESIAN_POINT ( 'NONE',  ( -5.000429496931849016, 119.8301161607049750, 36.89999999999999147 ) ) ;
#10427 = CARTESIAN_POINT ( 'NONE',  ( 33.75500000000002387, -4.758722840904772156, -3.957691453874788490 ) ) ;
#10428 = CARTESIAN_POINT ( 'NONE',  ( -82.54999999999999716, 72.64000000000000057, 22.30467496797187010 ) ) ;
#10429 = CARTESIAN_POINT ( 'NONE',  ( 77.54999999999999716, 99.82583987928822467, 46.90000000000009095 ) ) ;
#10430 = ORIENTED_EDGE ( 'NONE', *, *, #3677, .T. ) ;
#10431 = EDGE_CURVE ( 'NONE', #3547, #6753, #4529, .T. ) ;
#10432 = ORIENTED_EDGE ( 'NONE', *, *, #9808, .T. ) ;
#10433 = ORIENTED_EDGE ( 'NONE', *, *, #8139, .T. ) ;
#10434 = VECTOR ( 'NONE', #2, 1000.000000000000000 ) ;
#10435 = EDGE_CURVE ( 'NONE', #159, #148, #7437, .T. ) ;
#10436 = DIRECTION ( 'NONE',  ( 0.000000000000000000, -0.000000000000000000, 1.000000000000000000 ) ) ;
#10437 = DIRECTION ( 'NONE',  ( -1.000000000000000000, 0.000000000000000000, 2.131755774931517135E-14 ) ) ;
#10438 = ORIENTED_EDGE ( 'NONE', *, *, #9195, .T. ) ;
#10439 = CARTESIAN_POINT ( 'NONE',  ( -77.61249999996864801, 18.84999999999999787, -37.08269145387476584 ) ) ;
#10440 = FACE_OUTER_BOUND ( 'NONE', #7871, .T. ) ;
#10441 = LINE ( 'NONE', #3306, #7442 ) ;
#10442 = VECTOR ( 'NONE', #3394, 1000.000000000000000 ) ;
#10443 = CARTESIAN_POINT ( 'NONE',  ( 79.37500000000000000, 53.23979246179030156, 5.399999999999993250 ) ) ;
#10444 = CIRCLE ( 'NONE', #6131, 0.7999800169607197420 ) ;
#10445 = CIRCLE ( 'NONE', #6132, 1.150000000000001688 ) ;
#10446 = LINE ( 'NONE', #2424, #3347 ) ;
#10447 = CARTESIAN_POINT ( 'NONE',  ( 24.99957050306814210, 124.8258398792882247, 11.89999999999998437 ) ) ;
#10448 = ORIENTED_EDGE ( 'NONE', *, *, #957, .T. ) ;
#10449 = EDGE_CURVE ( 'NONE', #3015, #6891, #5510, .T. ) ;
#10450 = ORIENTED_EDGE ( 'NONE', *, *, #1317, .F. ) ;
#10451 = VERTEX_POINT ( 'NONE', #3112 ) ;
#10452 = LINE ( 'NONE', #1480, #7810 ) ;
#10453 = VECTOR ( 'NONE', #3544, 1000.000000000000000 ) ;
#10454 = VECTOR ( 'NONE', #8348, 1000.000000000000000 ) ;
#10455 = VECTOR ( 'NONE', #10856, 1000.000000000000000 ) ;
#10456 = CARTESIAN_POINT ( 'NONE',  ( -0.0004294969318460739593, 124.8258398792882247, 8.433509728450992782 ) ) ;
#10457 = EDGE_LOOP ( 'NONE', ( #5923, #4725, #3215, #10166 ) ) ;
#10458 = DIRECTION ( 'NONE',  ( -1.000000000000000000, -0.000000000000000000, -0.000000000000000000 ) ) ;
#10459 = DIRECTION ( 'NONE',  ( -0.000000000000000000, 0.8191520442889929088, 0.5735764363510444941 ) ) ;
#10460 = DIRECTION ( 'NONE',  ( 0.000000000000000000, 1.000000000000000000, 0.000000000000000000 ) ) ;
#10461 = ORIENTED_EDGE ( 'NONE', *, *, #11440, .T. ) ;
#10462 = CARTESIAN_POINT ( 'NONE',  ( 6.180036174145409511, 110.5897479252194842, 36.89999999999999858 ) ) ;
#10463 = CARTESIAN_POINT ( 'NONE',  ( 81.31693405484645609, 106.4779067577966885, 45.20413375701912173 ) ) ;
#10464 = DIRECTION ( 'NONE',  ( 0.000000000000000000, 0.000000000000000000, 1.000000000000000000 ) ) ;
#10465 = AXIS2_PLACEMENT_3D ( 'NONE', #1514, #10318, #465 ) ;
#10466 = ADVANCED_FACE ( 'NONE', ( #343 ), #8369, .F. ) ;
#10467 = ADVANCED_FACE ( 'NONE', ( #8490 ), #10393, .F. ) ;
#10468 = EDGE_LOOP ( 'NONE', ( #6545, #1668, #1285, #3198 ) ) ;
#10469 = AXIS2_PLACEMENT_3D ( 'NONE', #741, #10493, #6911 ) ;
#10470 = VECTOR ( 'NONE', #10503, 1000.000000000000114 ) ;
#10471 = ORIENTED_EDGE ( 'NONE', *, *, #1781, .F. ) ;
#10472 = VECTOR ( 'NONE', #3201, 1000.000000000000000 ) ;
#10474 = EDGE_CURVE ( 'NONE', #4568, #2800, #221, .T. ) ;
#10473 = DIRECTION ( 'NONE',  ( 0.000000000000000000, 1.000000000000000000, -1.365923996832131116E-16 ) ) ;
#10475 = EDGE_CURVE ( 'NONE', #6725, #1342, #4833, .T. ) ;
#10476 = VECTOR ( 'NONE', #9878, 1000.000000000000000 ) ;
#10477 = DIRECTION ( 'NONE',  ( -0.000000000000000000, -1.000000000000000000, -0.000000000000000000 ) ) ;
#10478 = CARTESIAN_POINT ( 'NONE',  ( -41.55000000000002558, 98.32583987928822467, 33.89999999999999147 ) ) ;
#10479 = ORIENTED_EDGE ( 'NONE', *, *, #11266, .T. ) ;
#10480 = DIRECTION ( 'NONE',  ( 1.000000000000000000, 0.000000000000000000, 1.335278419062900361E-16 ) ) ;
#10481 = EDGE_CURVE ( 'NONE', #7736, #263, #4936, .T. ) ;
#10482 = VERTEX_POINT ( 'NONE', #3937 ) ;
#10483 = VERTEX_POINT ( 'NONE', #11147 ) ;
#10484 = EDGE_LOOP ( 'NONE', ( #1319, #3989, #5726, #681, #1451, #519, #7661, #8573, #2519, #7578, #3503, #5326 ) ) ;
#10485 = VECTOR ( 'NONE', #1262, 1000.000000000000000 ) ;
#10486 = ORIENTED_EDGE ( 'NONE', *, *, #4175, .F. ) ;
#10487 = FACE_BOUND ( 'NONE', #9511, .T. ) ;
#10488 = AXIS2_PLACEMENT_3D ( 'NONE', #11403, #4136, #8459 ) ;
#10489 = DIRECTION ( 'NONE',  ( 0.000000000000000000, 1.000000000000000000, -1.365923996832131116E-16 ) ) ;
#10490 = CARTESIAN_POINT ( 'NONE',  ( -1.667297232263681206, 119.8727384756515448, 36.89999999999999147 ) ) ;
#10491 = CARTESIAN_POINT ( 'NONE',  ( 0.000000000000000000, 2.628410600250725178E-15, -32.75769145387477721 ) ) ;
#10492 = CARTESIAN_POINT ( 'NONE',  ( -29.00042949698513439, 96.12583987928823603, 18.68350972833517432 ) ) ;
#10493 = DIRECTION ( 'NONE',  ( 0.000000000000000000, 1.000000000000000000, 0.000000000000000000 ) ) ;
#10494 = EDGE_LOOP ( 'NONE', ( #7936, #7491, #8127, #7634 ) ) ;
#10495 = EDGE_LOOP ( 'NONE', ( #7794, #11160 ) ) ;
#10496 = ORIENTED_EDGE ( 'NONE', *, *, #16, .T. ) ;
#10497 = LINE ( 'NONE', #10614, #7280 ) ;
#10498 = DIRECTION ( 'NONE',  ( -9.645899640478401470E-17, 0.000000000000000000, -1.000000000000000000 ) ) ;
#10499 = EDGE_CURVE ( 'NONE', #9399, #954, #8601, .T. ) ;
#10500 = DIRECTION ( 'NONE',  ( 0.000000000000000000, -0.9999999829769944393, -0.0001845156108989498935 ) ) ;
#10501 = ORIENTED_EDGE ( 'NONE', *, *, #1681, .F. ) ;
#10502 = CARTESIAN_POINT ( 'NONE',  ( -35.61042949717771222, 96.12583987928823603, -1.926685223531119817 ) ) ;
#10503 = DIRECTION ( 'NONE',  ( 0.9999999999999973355, 0.000000000000000000, 7.246021204162496233E-08 ) ) ;
#10504 = CARTESIAN_POINT ( 'NONE',  ( 76.81501998216512561, 8.274999999999998579, -1.428845727014055988 ) ) ;
#10505 = ORIENTED_EDGE ( 'NONE', *, *, #256, .T. ) ;
#10506 = PLANE ( 'NONE',  #3723 ) ;
#10507 = DIRECTION ( 'NONE',  ( -1.000000000000000000, 0.000000000000000000, 0.000000000000000000 ) ) ;
#10508 = ORIENTED_EDGE ( 'NONE', *, *, #9858, .T. ) ;
#10509 = ORIENTED_EDGE ( 'NONE', *, *, #10324, .T. ) ;
#10510 = ORIENTED_EDGE ( 'NONE', *, *, #29, .T. ) ;
#10511 = EDGE_CURVE ( 'NONE', #5195, #7235, #11331, .T. ) ;
#10512 = LINE ( 'NONE', #2831, #10419 ) ;
#10513 = LINE ( 'NONE', #3374, #7299 ) ;
#10514 = VERTEX_POINT ( 'NONE', #507 ) ;
#10515 = CARTESIAN_POINT ( 'NONE',  ( 46.58189872104514251, 97.50000000000000000, 19.12967496797186939 ) ) ;
#10516 = CARTESIAN_POINT ( 'NONE',  ( 13.75500000000000433, 4.249377385370907589, 13.89999999999999680 ) ) ;
#10517 = FACE_OUTER_BOUND ( 'NONE', #11594, .T. ) ;
#10518 = ORIENTED_EDGE ( 'NONE', *, *, #8425, .F. ) ;
#10519 = PLANE ( 'NONE',  #5492 ) ;
#10520 = LINE ( 'NONE', #5932, #8569 ) ;
#10521 = VERTEX_POINT ( 'NONE', #9252 ) ;
#10522 = ORIENTED_EDGE ( 'NONE', *, *, #11184, .T. ) ;
#10523 = EDGE_CURVE ( 'NONE', #6920, #233, #7610, .T. ) ;
#10524 = EDGE_CURVE ( 'NONE', #2427, #11470, #9631, .T. ) ;
#10525 = CARTESIAN_POINT ( 'NONE',  ( 96.69213562373100501, 99.82583987928822467, 46.90000000000009095 ) ) ;
#10526 = VECTOR ( 'NONE', #5413, 1000.000000000000000 ) ;
#10527 = CARTESIAN_POINT ( 'NONE',  ( -50.48689872104515075, 75.48946397805705999, -8.504985928319609201 ) ) ;
#10528 = FACE_OUTER_BOUND ( 'NONE', #1930, .T. ) ;
#10529 = VERTEX_POINT ( 'NONE', #455 ) ;
#10530 = LINE ( 'NONE', #5735, #1332 ) ;
#10531 = LINE ( 'NONE', #6003, #7399 ) ;
#10532 = VERTEX_POINT ( 'NONE', #5889 ) ;
#10533 = VERTEX_POINT ( 'NONE', #7498 ) ;
#10534 = EDGE_CURVE ( 'NONE', #2551, #11545, #1717, .T. ) ;
#10535 = ADVANCED_FACE ( 'NONE', ( #6606 ), #6720, .F. ) ;
#10536 = VECTOR ( 'NONE', #6216, 1000.000000000000114 ) ;
#10537 = ORIENTED_EDGE ( 'NONE', *, *, #7537, .T. ) ;
#10538 = EDGE_CURVE ( 'NONE', #1706, #5791, #5836, .T. ) ;
#10539 = DIRECTION ( 'NONE',  ( 1.000000000000000000, 0.000000000000000000, 1.335278419062900361E-16 ) ) ;
#10540 = DIRECTION ( 'NONE',  ( 0.000000000000000000, 0.000000000000000000, 1.000000000000000000 ) ) ;
#10541 = CARTESIAN_POINT ( 'NONE',  ( 54.81500000380517434, 8.274999999999998579, 19.62115427306273219 ) ) ;
#10542 = DIRECTION ( 'NONE',  ( 0.000000000000000000, 0.000000000000000000, -1.000000000000000000 ) ) ;
#10543 = ADVANCED_BREP_SHAPE_REPRESENTATION ( 'Chassis', ( #5531, #5203 ), #1425 ) ;
#10544 = DIRECTION ( 'NONE',  ( 0.000000000000000000, 0.000000000000000000, -1.000000000000000000 ) ) ;
#10545 = VECTOR ( 'NONE', #8097, 1000.000000000000000 ) ;
#10546 = CARTESIAN_POINT ( 'NONE',  ( 37.40689872104517377, 103.4999999999999858, -29.66122071973760299 ) ) ;
#10547 = ORIENTED_EDGE ( 'NONE', *, *, #4496, .T. ) ;
#10548 = ORIENTED_EDGE ( 'NONE', *, *, #11479, .T. ) ;
#10549 = EDGE_CURVE ( 'NONE', #11286, #5046, #1327, .T. ) ;
#10550 = EDGE_CURVE ( 'NONE', #4125, #5893, #3163, .T. ) ;
#10551 = EDGE_CURVE ( 'NONE', #10820, #6636, #9312, .T. ) ;
#10552 = ORIENTED_EDGE ( 'NONE', *, *, #11658, .T. ) ;
#10553 = VECTOR ( 'NONE', #7516, 1000.000000000000000 ) ;
#10554 = CARTESIAN_POINT ( 'NONE',  ( 51.69999999999999574, 99.82583987928822467, 63.21800789427800282 ) ) ;
#10555 = CARTESIAN_POINT ( 'NONE',  ( -30.03273860033338494, 96.12583987928823603, 21.29350972844855505 ) ) ;
#10556 = VERTEX_POINT ( 'NONE', #6772 ) ;
#10557 = DIRECTION ( 'NONE',  ( 0.000000000000000000, 0.000000000000000000, -1.000000000000000000 ) ) ;
#10558 = DIRECTION ( 'NONE',  ( -0.000000000000000000, 1.000000000000000000, -0.000000000000000000 ) ) ;
#10559 = DIRECTION ( 'NONE',  ( -1.000000000000000000, 0.000000000000000000, 0.000000000000000000 ) ) ;
#10560 = CONICAL_SURFACE ( 'NONE', #6807, 5.700207538209721925, 0.6108652381980297363 ) ;
#10561 = DIRECTION ( 'NONE',  ( -1.000000000000000000, 0.000000000000000000, 0.000000000000000000 ) ) ;
#10562 = DIRECTION ( 'NONE',  ( -1.734723475976806848E-16, 0.000000000000000000, -1.000000000000000000 ) ) ;
#10563 = DIRECTION ( 'NONE',  ( -1.000000000000000000, 0.000000000000000000, 0.000000000000000000 ) ) ;
#10564 = ORIENTED_EDGE ( 'NONE', *, *, #10313, .T. ) ;
#10565 = ORIENTED_EDGE ( 'NONE', *, *, #6451, .F. ) ;
#10566 = VERTEX_POINT ( 'NONE', #10360 ) ;
#10567 = ORIENTED_EDGE ( 'NONE', *, *, #2891, .F. ) ;
#10568 = CARTESIAN_POINT ( 'NONE',  ( -78.04149892379800235, 109.8258398791654429, 46.89999999987733048 ) ) ;
#10569 = DIRECTION ( 'NONE',  ( 1.902368341696336056E-08, 0.000000000000000000, 0.9999999999999998890 ) ) ;
#10570 = EDGE_LOOP ( 'NONE', ( #8955, #9809, #829, #10552 ) ) ;
#10571 = DIRECTION ( 'NONE',  ( 0.000000000000000000, 0.000000000000000000, -1.000000000000000000 ) ) ;
#10572 = LINE ( 'NONE', #8050, #8424 ) ;
#10573 = DIRECTION ( 'NONE',  ( 0.000000000000000000, 0.000000000000000000, -1.000000000000000000 ) ) ;
#10574 = VECTOR ( 'NONE', #5819, 1000.000000000000000 ) ;
#10575 = EDGE_LOOP ( 'NONE', ( #265, #1272, #4297, #7158 ) ) ;
#10576 = DIRECTION ( 'NONE',  ( 0.000000000000000000, 0.000000000000000000, 1.000000000000000000 ) ) ;
#10577 = AXIS2_PLACEMENT_3D ( 'NONE', #6909, #6963, #3469 ) ;
#10578 = PLANE ( 'NONE',  #4807 ) ;
#10579 = CARTESIAN_POINT ( 'NONE',  ( 54.81499993151516748, 8.274999999999998579, 15.82115373010225312 ) ) ;
#10580 = ORIENTED_EDGE ( 'NONE', *, *, #8157, .T. ) ;
#10581 = ORIENTED_EDGE ( 'NONE', *, *, #7714, .T. ) ;
#10582 = EDGE_CURVE ( 'NONE', #3637, #10451, #2176, .T. ) ;
#10583 = VECTOR ( 'NONE', #8691, 999.9999999999998863 ) ;
#10584 = CIRCLE ( 'NONE', #5704, 25.00000000000000000 ) ;
#10585 = CIRCLE ( 'NONE', #4947, 4.999999999999997335 ) ;
#10586 = DIRECTION ( 'NONE',  ( 1.902368341696336056E-08, 0.000000000000000000, 0.9999999999999998890 ) ) ;
#10587 = DIRECTION ( 'NONE',  ( 0.000000000000000000, -0.000000000000000000, 1.000000000000000000 ) ) ;
#10588 = DIRECTION ( 'NONE',  ( 0.000000000000000000, 1.000000000000000000, 0.000000000000000000 ) ) ;
#10589 = CARTESIAN_POINT ( 'NONE',  ( -42.55000000000002558, 97.32583987928822467, 22.30467496797187010 ) ) ;
#10590 = ORIENTED_EDGE ( 'NONE', *, *, #573, .F. ) ;
#10591 = CARTESIAN_POINT ( 'NONE',  ( -33.55000000000002558, 97.32583987928822467, 10.19715292348722890 ) ) ;
#10592 = LINE ( 'NONE', #6121, #5752 ) ;
#10593 = CARTESIAN_POINT ( 'NONE',  ( 13.75500000000000433, 4.249377385370907589, 7.542308546125213731 ) ) ;
#10594 = VECTOR ( 'NONE', #764, 1000.000000000000114 ) ;
#10595 = VERTEX_POINT ( 'NONE', #1273 ) ;
#10596 = CIRCLE ( 'NONE', #2496, 11.39100661779977841 ) ;
#10597 = VERTEX_POINT ( 'NONE', #1449 ) ;
#10598 = EDGE_CURVE ( 'NONE', #4358, #6829, #11442, .T. ) ;
#10599 = DIRECTION ( 'NONE',  ( 0.000000000000000000, 0.000000000000000000, -1.000000000000000000 ) ) ;
#10600 = VERTEX_POINT ( 'NONE', #4342 ) ;
#10601 = CARTESIAN_POINT ( 'NONE',  ( -32.55000000000002558, 92.50000000000000000, 33.89999999999999147 ) ) ;
#10602 = VECTOR ( 'NONE', #1054, 1000.000000000000000 ) ;
#10603 = CARTESIAN_POINT ( 'NONE',  ( -41.55000000000002558, 91.50000000000000000, 33.89999999999999147 ) ) ;
#10604 = CARTESIAN_POINT ( 'NONE',  ( 4.999570503068142990, 119.8301161607049750, 36.89999999999999147 ) ) ;
#10605 = DIRECTION ( 'NONE',  ( 0.000000000000000000, 1.000000000000000000, 0.000000000000000000 ) ) ;
#10606 = VECTOR ( 'NONE', #7327, 1000.000000000000000 ) ;
#10607 = LINE ( 'NONE', #6195, #7785 ) ;
#10608 = DIRECTION ( 'NONE',  ( 2.244742081187875711E-15, 1.000000000000000000, 0.000000000000000000 ) ) ;
#10609 = ORIENTED_EDGE ( 'NONE', *, *, #6342, .F. ) ;
#10610 = EDGE_CURVE ( 'NONE', #59, #11588, #1732, .T. ) ;
#10611 = ORIENTED_EDGE ( 'NONE', *, *, #2685, .T. ) ;
#10612 = EDGE_LOOP ( 'NONE', ( #8041, #4879, #6291, #9286, #4343, #1600, #5104, #5632, #4184, #8561, #6635, #5682, #4730, #7878, #306, #8668 ) ) ;
#10613 = AXIS2_PLACEMENT_3D ( 'NONE', #7649, #11244, #3148 ) ;
#10614 = CARTESIAN_POINT ( 'NONE',  ( -79.37500000000001421, 61.63999999999999346, 10.39999999999999325 ) ) ;
#10615 = CARTESIAN_POINT ( 'NONE',  ( -43.40689872104513825, 97.50000000000000000, -29.66122071973760299 ) ) ;
#10616 = EDGE_CURVE ( 'NONE', #560, #11651, #9586, .T. ) ;
#10617 = DIRECTION ( 'NONE',  ( 0.000000000000000000, 7.965314560035515770E-17, -1.000000000000000000 ) ) ;
#10618 = EDGE_CURVE ( 'NONE', #3015, #8092, #5058, .T. ) ;
#10619 = VERTEX_POINT ( 'NONE', #7008 ) ;
#10620 = LINE ( 'NONE', #8915, #3636 ) ;
#10621 = DIRECTION ( 'NONE',  ( -1.000000000000000000, 0.000000000000000000, 0.000000000000000000 ) ) ;
#10622 = EDGE_CURVE ( 'NONE', #3222, #2648, #678, .T. ) ;
#10623 = CONICAL_SURFACE ( 'NONE', #2522, 5.999999999999998224, 0.9599310885968821427 ) ;
#10624 = CARTESIAN_POINT ( 'NONE',  ( 67.12499999999998579, 104.8258398792882247, 40.40000000000004832 ) ) ;
#10625 = CYLINDRICAL_SURFACE ( 'NONE', #2710, 1.149999999999999467 ) ;
#10626 = DIRECTION ( 'NONE',  ( 0.000000000000000000, -1.000000000000000000, -8.326672684688674053E-16 ) ) ;
#10627 = ORIENTED_EDGE ( 'NONE', *, *, #11279, .T. ) ;
#10628 = AXIS2_PLACEMENT_3D ( 'NONE', #10504, #6029, #7974 ) ;
#10629 = ORIENTED_EDGE ( 'NONE', *, *, #74, .T. ) ;
#10630 = ORIENTED_EDGE ( 'NONE', *, *, #8676, .T. ) ;
#10631 = CARTESIAN_POINT ( 'NONE',  ( -33.11062444888673184, 97.50000000000000000, 21.29350972844888545 ) ) ;
#10632 = CARTESIAN_POINT ( 'NONE',  ( -77.54999999999999716, 109.8258398792882247, 46.90000000000009805 ) ) ;
#10633 = CARTESIAN_POINT ( 'NONE',  ( 82.54999999999999716, 93.17499999999999716, -36.90129292916564907 ) ) ;
#10634 = EDGE_CURVE ( 'NONE', #9401, #11286, #2104, .T. ) ;
#10635 = EDGE_LOOP ( 'NONE', ( #6077, #11533, #9558, #7188 ) ) ;
#10636 = LINE ( 'NONE', #4381, #3621 ) ;
#10637 = CARTESIAN_POINT ( 'NONE',  ( 11.25500000000000433, -27.00000000000000355, 7.542308546125213731 ) ) ;
#10638 = LINE ( 'NONE', #1612, #6274 ) ;
#10639 = EDGE_LOOP ( 'NONE', ( #1844, #509, #7513, #307 ) ) ;
#10640 = FACE_OUTER_BOUND ( 'NONE', #3147, .T. ) ;
#10641 = LINE ( 'NONE', #87, #3108 ) ;
#10642 = FACE_OUTER_BOUND ( 'NONE', #8806, .T. ) ;
#10643 = ORIENTED_EDGE ( 'NONE', *, *, #10913, .T. ) ;
#10644 = VERTEX_POINT ( 'NONE', #3341 ) ;
#10645 = VECTOR ( 'NONE', #7641, 1000.000000000000000 ) ;
#10646 = AXIS2_PLACEMENT_3D ( 'NONE', #11686, #5429, #9019 ) ;
#10647 = VECTOR ( 'NONE', #715, 1000.000000000000000 ) ;
#10648 = CARTESIAN_POINT ( 'NONE',  ( -54.81500000380517434, 8.274999999999998579, 19.62115427306273219 ) ) ;
#10649 = CARTESIAN_POINT ( 'NONE',  ( -41.55000000000002558, 97.32583987928822467, 22.30467496797187010 ) ) ;
#10650 = DIRECTION ( 'NONE',  ( 0.000000000000000000, -0.000000000000000000, -1.000000000000000000 ) ) ;
#10651 = EDGE_CURVE ( 'NONE', #7045, #272, #3275, .T. ) ;
#10652 = VECTOR ( 'NONE', #5363, 1000.000000000000227 ) ;
#10653 = ORIENTED_EDGE ( 'NONE', *, *, #10777, .F. ) ;
#10654 = AXIS2_PLACEMENT_3D ( 'NONE', #5962, #2295, #5904 ) ;
#10655 = DIRECTION ( 'NONE',  ( -1.593062912007103154E-16, 1.000000000000000000, 7.965314560035515770E-17 ) ) ;
#10656 = CARTESIAN_POINT ( 'NONE',  ( -80.04999999999999716, -27.00000000000000355, 25.39999999999999858 ) ) ;
#10657 = DIRECTION ( 'NONE',  ( 0.9999640498417923240, 0.008479329218857384332, 0.000000000000000000 ) ) ;
#10658 = ORIENTED_EDGE ( 'NONE', *, *, #1980, .T. ) ;
#10659 = ORIENTED_EDGE ( 'NONE', *, *, #1359, .T. ) ;
#10660 = DIRECTION ( 'NONE',  ( -0.000000000000000000, -1.000000000000000000, -0.000000000000000000 ) ) ;
#10661 = ORIENTED_EDGE ( 'NONE', *, *, #10610, .T. ) ;
#10662 = AXIS2_PLACEMENT_3D ( 'NONE', #8824, #8118, #10825 ) ;
#10663 = VECTOR ( 'NONE', #5005, 1000.000000000000000 ) ;
#10664 = AXIS2_PLACEMENT_3D ( 'NONE', #5764, #7306, #3921 ) ;
#10665 = CARTESIAN_POINT ( 'NONE',  ( 77.61249999999999716, 18.84999999999999787, -24.58269145387476584 ) ) ;
#10666 = CARTESIAN_POINT ( 'NONE',  ( -50.48689872104515075, 74.97269081489451992, 3.358530552390480040 ) ) ;
#10667 = DIRECTION ( 'NONE',  ( 0.000000000000000000, 0.000000000000000000, -1.000000000000000000 ) ) ;
#10668 = EDGE_CURVE ( 'NONE', #6692, #11602, #6450, .T. ) ;
#10669 = EDGE_CURVE ( 'NONE', #2296, #6009, #1684, .T. ) ;
#10670 = LINE ( 'NONE', #5190, #6821 ) ;
#10671 = CARTESIAN_POINT ( 'NONE',  ( 79.37500000000000000, 8.274999999999998579, -127.1386775125482842 ) ) ;
#10672 = DIRECTION ( 'NONE',  ( 0.7071067811865489050, -0.7071067811865462405, -6.319127579352777226E-12 ) ) ;
#10673 = VECTOR ( 'NONE', #4274, 1000.000000000000000 ) ;
#10674 = ORIENTED_EDGE ( 'NONE', *, *, #4687, .T. ) ;
#10675 = VERTEX_POINT ( 'NONE', #10593 ) ;
#10676 = ORIENTED_EDGE ( 'NONE', *, *, #2208, .T. ) ;
#10677 = LINE ( 'NONE', #5967, #8012 ) ;
#10678 = CYLINDRICAL_SURFACE ( 'NONE', #1575, 24.20000000000000284 ) ;
#10679 = CARTESIAN_POINT ( 'NONE',  ( -76.81501998216515403, 8.274999999999998579, 17.92115427298595876 ) ) ;
#10680 = EDGE_CURVE ( 'NONE', #6197, #10619, #9453, .T. ) ;
#10681 = EDGE_CURVE ( 'NONE', #3084, #7511, #10531, .T. ) ;
#10682 = DIRECTION ( 'NONE',  ( 0.000000000000000000, -1.000000000000000000, 0.000000000000000000 ) ) ;
#10683 = VERTEX_POINT ( 'NONE', #5177 ) ;
#10684 = CARTESIAN_POINT ( 'NONE',  ( 46.58189872104514251, 91.54000537782400215, -2.374168628343573229 ) ) ;
#10685 = CARTESIAN_POINT ( 'NONE',  ( -28.20042949698529355, 96.12583987928823603, 18.68350972833517432 ) ) ;
#10686 = LINE ( 'NONE', #2599, #6867 ) ;
#10687 = ORIENTED_EDGE ( 'NONE', *, *, #3044, .T. ) ;
#10688 = DIRECTION ( 'NONE',  ( 0.000000000000000000, 1.000000000000000000, 0.000000000000000000 ) ) ;
#10689 = CARTESIAN_POINT ( 'NONE',  ( -11.25499999999998302, 4.249377385370907589, 5.042308546125213731 ) ) ;
#10690 = ORIENTED_EDGE ( 'NONE', *, *, #9966, .F. ) ;
#10691 = ORIENTED_EDGE ( 'NONE', *, *, #10474, .F. ) ;
#10692 = ORIENTED_EDGE ( 'NONE', *, *, #9781, .F. ) ;
#10693 = EDGE_CURVE ( 'NONE', #584, #9686, #6895, .T. ) ;
#10694 = EDGE_CURVE ( 'NONE', #4389, #5390, #7719, .T. ) ;
#10695 = CARTESIAN_POINT ( 'NONE',  ( 32.54999999999999716, 97.82583987928822467, 33.89999999999999147 ) ) ;
#10696 = EDGE_CURVE ( 'NONE', #10299, #2621, #769, .T. ) ;
#10697 = LINE ( 'NONE', #11532, #2923 ) ;
#10698 = ORIENTED_EDGE ( 'NONE', *, *, #8830, .T. ) ;
#10699 = CARTESIAN_POINT ( 'NONE',  ( -46.58189872104513540, 95.20641123616282187, -26.28622525258461451 ) ) ;
#10700 = DIRECTION ( 'NONE',  ( -0.000000000000000000, 0.000000000000000000, -1.000000000000000000 ) ) ;
#10701 = CARTESIAN_POINT ( 'NONE',  ( -76.81501998216512561, 8.274999999999998579, -2.578845727014059008 ) ) ;
#10702 = ORIENTED_EDGE ( 'NONE', *, *, #7796, .T. ) ;
#10703 = CARTESIAN_POINT ( 'NONE',  ( -5.461913016039825486, 96.12583987928823603, -4.426490271388896502 ) ) ;
#10704 = CARTESIAN_POINT ( 'NONE',  ( -80.07520753820969617, 66.63999999999998636, -5.257691453874765664 ) ) ;
#10705 = CARTESIAN_POINT ( 'NONE',  ( -76.81501998216512561, 8.274999999999998579, -1.428845727014055988 ) ) ;
#10706 = ORIENTED_EDGE ( 'NONE', *, *, #4406, .F. ) ;
#10707 = ORIENTED_EDGE ( 'NONE', *, *, #11347, .F. ) ;
#10708 = ADVANCED_FACE ( 'NONE', ( #5238 ), #5295, .F. ) ;
#10709 = CARTESIAN_POINT ( 'NONE',  ( 76.81501998216515403, 8.274999999999998579, 20.22115427298596302 ) ) ;
#10710 = CARTESIAN_POINT ( 'NONE',  ( 79.37500000000000000, 67.34020753820968253, -0.2576914538747651640 ) ) ;
#10711 = LINE ( 'NONE', #4336, #6353 ) ;
#10712 = DIRECTION ( 'NONE',  ( -1.000000000000000000, 0.000000000000000000, 1.335278419062900361E-16 ) ) ;
#10713 = ORIENTED_EDGE ( 'NONE', *, *, #9482, .T. ) ;
#10714 = CARTESIAN_POINT ( 'NONE',  ( -46.58189872104514251, 72.64000000000000057, -21.83805926787198715 ) ) ;
#10715 = CARTESIAN_POINT ( 'NONE',  ( 29.99957050306814210, 124.8258398792882247, 4.963509728450988590 ) ) ;
#10716 = DIRECTION ( 'NONE',  ( -0.000000000000000000, -1.000000000000000000, -0.000000000000000000 ) ) ;
#10717 = ORIENTED_EDGE ( 'NONE', *, *, #502, .T. ) ;
#10718 = CARTESIAN_POINT ( 'NONE',  ( 0.000000000000000000, 0.000000000000000000, 0.000000000000000000 ) ) ;
#10719 = ORIENTED_EDGE ( 'NONE', *, *, #10582, .T. ) ;
#10720 = ORIENTED_EDGE ( 'NONE', *, *, #1021, .T. ) ;
#10721 = DIRECTION ( 'NONE',  ( 0.000000000000000000, -0.000000000000000000, -1.000000000000000000 ) ) ;
#10722 = LINE ( 'NONE', #10601, #3494 ) ;
#10723 = LINE ( 'NONE', #8768, #5946 ) ;
#10724 = DIRECTION ( 'NONE',  ( 0.000000000000000000, -0.000000000000000000, -1.000000000000000000 ) ) ;
#10725 = CARTESIAN_POINT ( 'NONE',  ( -29.00040951394596078, 96.12583987928823603, 18.68350972841953350 ) ) ;
#10726 = CARTESIAN_POINT ( 'NONE',  ( 6.013794443329788741, 119.8258398792882105, 31.87426719053791757 ) ) ;
#10727 = CARTESIAN_POINT ( 'NONE',  ( -5.042792600556147420, 124.8258398792882247, -15.23534267996138425 ) ) ;
#10728 = LINE ( 'NONE', #6253, #10278 ) ;
#10729 = AXIS2_PLACEMENT_3D ( 'NONE', #7506, #8319, #9324 ) ;
#10730 = VERTEX_POINT ( 'NONE', #11312 ) ;
#10731 = EDGE_LOOP ( 'NONE', ( #9302, #4458, #9741, #10365 ) ) ;
#10732 = EDGE_CURVE ( 'NONE', #5684, #10521, #6827, .T. ) ;
#10733 = LINE ( 'NONE', #5378, #8546 ) ;
#10734 = VECTOR ( 'NONE', #3078, 1000.000000000000000 ) ;
#10735 = LINE ( 'NONE', #5379, #10602 ) ;
#10736 = CARTESIAN_POINT ( 'NONE',  ( -29.00042949692799965, 96.12583987928823603, -1.816490271664826572 ) ) ;
#10737 = ORIENTED_EDGE ( 'NONE', *, *, #7138, .F. ) ;
#10738 = CARTESIAN_POINT ( 'NONE',  ( -29.00040951398291256, 99.82583987928822467, 18.68351409631356930 ) ) ;
#10739 = DIRECTION ( 'NONE',  ( 0.000000000000000000, -1.000000000000000000, -0.000000000000000000 ) ) ;
#10740 = VECTOR ( 'NONE', #6458, 1000.000000000000000 ) ;
#10741 = VERTEX_POINT ( 'NONE', #2341 ) ;
#10742 = CARTESIAN_POINT ( 'NONE',  ( 76.81501998216515403, 8.274999999999998579, 19.07115427298596089 ) ) ;
#10743 = DIRECTION ( 'NONE',  ( -1.000000000000000000, -0.000000000000000000, 1.335278419062900115E-16 ) ) ;
#10744 = ORIENTED_EDGE ( 'NONE', *, *, #5741, .F. ) ;
#10745 = VERTEX_POINT ( 'NONE', #9539 ) ;
#10746 = AXIS2_PLACEMENT_3D ( 'NONE', #6573, #4081, #7691 ) ;
#10747 = ORIENTED_EDGE ( 'NONE', *, *, #31, .T. ) ;
#10748 = EDGE_CURVE ( 'NONE', #88, #8170, #7775, .T. ) ;
#10749 = EDGE_CURVE ( 'NONE', #1121, #3532, #10898, .T. ) ;
#10750 = CARTESIAN_POINT ( 'NONE',  ( 50.48689872104515075, 74.43999999999417128, -7.959769997217391868 ) ) ;
#10751 = LINE ( 'NONE', #9859, #5938 ) ;
#10752 = LINE ( 'NONE', #6453, #1887 ) ;
#10753 = ORIENTED_EDGE ( 'NONE', *, *, #3661, .F. ) ;
#10754 = DIRECTION ( 'NONE',  ( -6.025932307130935509E-13, 0.000000000000000000, -1.000000000000000000 ) ) ;
#10755 = FACE_OUTER_BOUND ( 'NONE', #9254, .T. ) ;
#10756 = DIRECTION ( 'NONE',  ( 0.000000000000000000, 0.000000000000000000, 1.000000000000000000 ) ) ;
#10757 = ORIENTED_EDGE ( 'NONE', *, *, #589, .F. ) ;
#10758 = CARTESIAN_POINT ( 'NONE',  ( -50.48689872104515075, 73.67999999411362921, 3.358530552390479595 ) ) ;
#10759 = CARTESIAN_POINT ( 'NONE',  ( -23.90689872104513469, 90.00000000000000000, -4.426490271224061246 ) ) ;
#10760 = DIRECTION ( 'NONE',  ( 0.000000000000000000, -1.000000000000000000, 0.000000000000000000 ) ) ;
#10761 = ORIENTED_EDGE ( 'NONE', *, *, #9604, .T. ) ;
#10762 = VERTEX_POINT ( 'NONE', #9945 ) ;
#10763 = ORIENTED_EDGE ( 'NONE', *, *, #2122, .T. ) ;
#10764 = AXIS2_PLACEMENT_3D ( 'NONE', #6045, #2273, #5877 ) ;
#10765 = EDGE_CURVE ( 'NONE', #4472, #1205, #1867, .T. ) ;
#10766 = DIRECTION ( 'NONE',  ( 1.000000000000000000, 0.000000000000000000, 0.000000000000000000 ) ) ;
#10767 = CARTESIAN_POINT ( 'NONE',  ( -5.461913016040045754, 96.12583987928823603, -4.426490271496838602 ) ) ;
#10768 = CARTESIAN_POINT ( 'NONE',  ( -23.07862738128467228, 99.82583987928822467, 15.71614540591370890 ) ) ;
#10769 = VECTOR ( 'NONE', #10253, 1000.000000000000000 ) ;
#10770 = DIRECTION ( 'NONE',  ( 1.000000000000000000, 0.000000000000000000, 1.335278419062900361E-16 ) ) ;
#10771 = LINE ( 'NONE', #2512, #5315 ) ;
#10772 = EDGE_CURVE ( 'NONE', #5788, #6097, #3283, .T. ) ;
#10773 = ORIENTED_EDGE ( 'NONE', *, *, #6213, .T. ) ;
#10774 = EDGE_CURVE ( 'NONE', #9161, #1981, #4435, .T. ) ;
#10775 = DIRECTION ( 'NONE',  ( 1.244710735207247931E-32, 1.000000000000000000, 8.182657905550979512E-17 ) ) ;
#10776 = DIRECTION ( 'NONE',  ( -0.000000000000000000, -1.000000000000000000, -0.000000000000000000 ) ) ;
#10777 = EDGE_CURVE ( 'NONE', #6966, #1613, #103, .T. ) ;
#10778 = ORIENTED_EDGE ( 'NONE', *, *, #9069, .F. ) ;
#10779 = VERTEX_POINT ( 'NONE', #8187 ) ;
#10780 = AXIS2_PLACEMENT_3D ( 'NONE', #1758, #5367, #4477 ) ;
#10781 = CIRCLE ( 'NONE', #8142, 1.000000000000000888 ) ;
#10782 = VERTEX_POINT ( 'NONE', #9063 ) ;
#10783 = LINE ( 'NONE', #8306, #6844 ) ;
#10784 = DIRECTION ( 'NONE',  ( -1.000000000000000000, 1.593062912007103154E-16, 1.228232725407420948E-32 ) ) ;
#10785 = CARTESIAN_POINT ( 'NONE',  ( -74.43749999996866507, 9.393818159531857503, -32.75769145387477721 ) ) ;
#10786 = CARTESIAN_POINT ( 'NONE',  ( -8.300429496984964572, 99.82583987928822467, 17.53350972839287181 ) ) ;
#10787 = PLANE ( 'NONE',  #3796 ) ;
#10788 = VECTOR ( 'NONE', #11287, 1000.000000000000000 ) ;
#10789 = AXIS2_PLACEMENT_3D ( 'NONE', #9802, #2562, #3378 ) ;
#10790 = EDGE_CURVE ( 'NONE', #1989, #7521, #7127, .T. ) ;
#10791 = CARTESIAN_POINT ( 'NONE',  ( 50.48689872104515075, 95.10731456396575823, 3.358535111626433700 ) ) ;
#10792 = CARTESIAN_POINT ( 'NONE',  ( 50.48689872104514365, 74.67980196068272392, -26.29001273249923898 ) ) ;
#10793 = EDGE_LOOP ( 'NONE', ( #8711, #6864, #5809, #10956, #8057, #10271, #8714, #6788, #5353, #2570, #11679 ) ) ;
#10794 = EDGE_LOOP ( 'NONE', ( #8374, #8274, #7962, #7295 ) ) ;
#10795 = VECTOR ( 'NONE', #4430, 1000.000000000000000 ) ;
#10796 = AXIS2_PLACEMENT_3D ( 'NONE', #6637, #6585, #6528 ) ;
#10797 = AXIS2_PLACEMENT_3D ( 'NONE', #11644, #6326, #3534 ) ;
#10798 = LINE ( 'NONE', #7147, #9656 ) ;
#10799 = DIRECTION ( 'NONE',  ( 1.000000000000000000, 0.000000000000000000, 1.335278419062900115E-16 ) ) ;
#10800 = DIRECTION ( 'NONE',  ( -1.000000000000000000, 0.000000000000000000, 8.936770724137066152E-12 ) ) ;
#10801 = EDGE_LOOP ( 'NONE', ( #10882, #11063, #6436, #5085 ) ) ;
#10802 = CARTESIAN_POINT ( 'NONE',  ( -80.07520753820969617, 66.63999999999998636, -5.257691453874765664 ) ) ;
#10803 = DIRECTION ( 'NONE',  ( 0.000000000000000000, 0.000000000000000000, 1.000000000000000000 ) ) ;
#10804 = EDGE_CURVE ( 'NONE', #7735, #2006, #10445, .T. ) ;
#10805 = ORIENTED_EDGE ( 'NONE', *, *, #7952, .T. ) ;
#10806 = AXIS2_PLACEMENT_3D ( 'NONE', #10140, #4716, #2954 ) ;
#10807 = VERTEX_POINT ( 'NONE', #3520 ) ;
#10808 = EDGE_LOOP ( 'NONE', ( #4115, #1872, #5035, #3137 ) ) ;
#10809 = DIRECTION ( 'NONE',  ( 0.000000000000000000, 1.000000000000000000, 0.000000000000000000 ) ) ;
#10810 = VECTOR ( 'NONE', #8015, 1000.000000000000000 ) ;
#10811 = DIRECTION ( 'NONE',  ( 1.000000000000000000, 0.000000000000000000, 0.000000000000000000 ) ) ;
#10812 = VERTEX_POINT ( 'NONE', #9188 ) ;
#10813 = DIRECTION ( 'NONE',  ( -0.000000000000000000, -1.000000000000000000, -0.000000000000000000 ) ) ;
#10814 = CARTESIAN_POINT ( 'NONE',  ( 0.000000000000000000, 99.82583987928822467, 0.000000000000000000 ) ) ;
#10815 = VECTOR ( 'NONE', #2924, 1000.000000000000227 ) ;
#10816 = EDGE_CURVE ( 'NONE', #584, #3314, #8125, .T. ) ;
#10817 = ORIENTED_EDGE ( 'NONE', *, *, #9467, .F. ) ;
#10818 = CARTESIAN_POINT ( 'NONE',  ( 82.54999999999999716, 53.23979246179026603, 5.399999999999993250 ) ) ;
#10819 = PLANE ( 'NONE',  #6323 ) ;
#10820 = VERTEX_POINT ( 'NONE', #44 ) ;
#10821 = ORIENTED_EDGE ( 'NONE', *, *, #10829, .T. ) ;
#10822 = ORIENTED_EDGE ( 'NONE', *, *, #7174, .F. ) ;
#10823 = CIRCLE ( 'NONE', #6113, 20.00000000000000000 ) ;
#10824 = CARTESIAN_POINT ( 'NONE',  ( 5.996743271811252107, 124.8258398792882247, -15.01161596500278783 ) ) ;
#10825 = DIRECTION ( 'NONE',  ( 1.000000000000000000, 0.000000000000000000, 0.000000000000000000 ) ) ;
#10826 = CARTESIAN_POINT ( 'NONE',  ( -50.02648318102892233, 8.274999999999998579, 18.52763407003732254 ) ) ;
#10827 = CARTESIAN_POINT ( 'NONE',  ( -13.75499999999998479, -24.89937738537090794, 13.89999999999999680 ) ) ;
#10828 = PLANE ( 'NONE',  #4563 ) ;
#10829 = EDGE_CURVE ( 'NONE', #5981, #1297, #4052, .T. ) ;
#10830 = EDGE_CURVE ( 'NONE', #11495, #11602, #2175, .T. ) ;
#10831 = ORIENTED_EDGE ( 'NONE', *, *, #3912, .T. ) ;
#10832 = CARTESIAN_POINT ( 'NONE',  ( 0.000000000000000000, 72.64000000000000057, 19.12967496797186939 ) ) ;
#10833 = DIRECTION ( 'NONE',  ( -1.593062912007103154E-16, -1.000000000000000000, -7.965314560035515770E-17 ) ) ;
#10834 = DIRECTION ( 'NONE',  ( 0.000000000000000000, 0.000000000000000000, 1.000000000000000000 ) ) ;
#10835 =( BOUNDED_SURFACE ( )  B_SPLINE_SURFACE ( 3, 2, ( 
 ( #2085, #3733, #1975 ),
 ( #1911, #198, #8340 ),
 ( #2030, #7296, #10883 ),
 ( #8282, #4800, #1129 ) ),
 .UNSPECIFIED., .F., .F., .T. ) 
 B_SPLINE_SURFACE_WITH_KNOTS ( ( 4, 4 ),
 ( 3, 3 ),
 ( 0.01213006595044237301, 0.01313628089671389776 ),
 ( 0.000000000000000000, 1.000000000000000000 ),
 .UNSPECIFIED. ) 
 GEOMETRIC_REPRESENTATION_ITEM ( )  RATIONAL_B_SPLINE_SURFACE ( (
 ( 1.000000000000000000, 0.7212633665191349186, 1.000000000000000000),
 ( 1.000000000000000000, 0.7164963675770881224, 1.000000000000000000),
 ( 1.000000000000000000, 0.7117770367767228823, 1.000000000000000000),
 ( 1.000000000000000000, 0.7071067811865465735, 1.000000000000000000) ) ) 
 REPRESENTATION_ITEM ( '' )  SURFACE ( )  );
#10836 = VECTOR ( 'NONE', #1927, 1000.000000000000000 ) ;
#10837 = ORIENTED_EDGE ( 'NONE', *, *, #3930, .T. ) ;
#10838 = VECTOR ( 'NONE', #1694, 1000.000000000000000 ) ;
#10839 = CIRCLE ( 'NONE', #5763, 5.000000000000000888 ) ;
#10840 = ORIENTED_EDGE ( 'NONE', *, *, #8431, .F. ) ;
#10841 = ORIENTED_EDGE ( 'NONE', *, *, #510, .T. ) ;
#10842 = EDGE_CURVE ( 'NONE', #11083, #9579, #4401, .T. ) ;
#10843 = EDGE_CURVE ( 'NONE', #1701, #10600, #11678, .T. ) ;
#10844 = DIRECTION ( 'NONE',  ( 1.000000000000000000, -0.000000000000000000, -0.000000000000000000 ) ) ;
#10845 = AXIS2_PLACEMENT_3D ( 'NONE', #4506, #9931, #5402 ) ;
#10846 = FACE_OUTER_BOUND ( 'NONE', #571, .T. ) ;
#10847 = CONICAL_SURFACE ( 'NONE', #651, 5.499999999999975131, 0.9599310885968853624 ) ;
#10848 = VECTOR ( 'NONE', #5850, 1000.000000000000000 ) ;
#10849 = AXIS2_PLACEMENT_3D ( 'NONE', #483, #3082, #5974 ) ;
#10850 = PLANE ( 'NONE',  #1007 ) ;
#10851 = DIRECTION ( 'NONE',  ( 0.000000000000000000, 0.5283341024775853878, -0.8490365576105686207 ) ) ;
#10852 = EDGE_CURVE ( 'NONE', #11470, #3745, #11625, .T. ) ;
#10853 = FACE_OUTER_BOUND ( 'NONE', #3459, .T. ) ;
#10854 = DIRECTION ( 'NONE',  ( 1.000000000000000000, -0.000000000000000000, 0.000000000000000000 ) ) ;
#10855 = VERTEX_POINT ( 'NONE', #10953 ) ;
#10856 = DIRECTION ( 'NONE',  ( -0.000000000000000000, -0.8873916384311678618, 0.4610163555042787187 ) ) ;
#10857 = ORIENTED_EDGE ( 'NONE', *, *, #11566, .T. ) ;
#10858 = VECTOR ( 'NONE', #1822, 1000.000000000000000 ) ;
#10859 = CIRCLE ( 'NONE', #668, 25.00000000000000000 ) ;
#10860 = ORIENTED_EDGE ( 'NONE', *, *, #8941, .F. ) ;
#10861 = EDGE_CURVE ( 'NONE', #5893, #2567, #7269, .T. ) ;
#10862 = DIRECTION ( 'NONE',  ( 0.000000000000000000, 1.000000000000000000, 0.000000000000000000 ) ) ;
#10863 = CARTESIAN_POINT ( 'NONE',  ( 50.48689872104515075, 73.67999999411362921, 3.358530552390479595 ) ) ;
#10864 = CARTESIAN_POINT ( 'NONE',  ( 50.02648496882963514, 8.274999999999998579, -6.985329661611394236 ) ) ;
#10865 = AXIS2_PLACEMENT_3D ( 'NONE', #9460, #6645, #7703 ) ;
#10866 = DIRECTION ( 'NONE',  ( 0.000000000000000000, 0.000000000000000000, -1.000000000000000000 ) ) ;
#10867 = CARTESIAN_POINT ( 'NONE',  ( -82.54999999999999716, 104.8258398792882105, -27.12507748354934023 ) ) ;
#10868 = CIRCLE ( 'NONE', #8597, 5.000000000000000000 ) ;
#10869 = ORIENTED_EDGE ( 'NONE', *, *, #10981, .T. ) ;
#10870 = CARTESIAN_POINT ( 'NONE',  ( -3.333901773146324743, 119.8513712720014013, 36.89999999999999147 ) ) ;
#10871 = DIRECTION ( 'NONE',  ( -1.000000000000000000, 0.000000000000000000, 0.000000000000000000 ) ) ;
#10872 = ORIENTED_EDGE ( 'NONE', *, *, #1894, .T. ) ;
#10873 = ORIENTED_EDGE ( 'NONE', *, *, #2325, .T. ) ;
#10874 = ORIENTED_EDGE ( 'NONE', *, *, #5573, .F. ) ;
#10875 = EDGE_LOOP ( 'NONE', ( #402, #5567, #10509, #7811 ) ) ;
#10876 = CARTESIAN_POINT ( 'NONE',  ( 51.69999999999999574, 107.3258398792882247, 44.40000000000009095 ) ) ;
#10877 = DIRECTION ( 'NONE',  ( 1.000000000000000000, -0.000000000000000000, 1.335278419062900115E-16 ) ) ;
#10878 = ORIENTED_EDGE ( 'NONE', *, *, #777, .F. ) ;
#10879 = CARTESIAN_POINT ( 'NONE',  ( -46.58189872104514251, 97.50000000000000000, 19.12967496797186939 ) ) ;
#10880 = DIRECTION ( 'NONE',  ( 0.000000000000000000, 0.000000000000000000, -1.000000000000000000 ) ) ;
#10881 = LINE ( 'NONE', #2028, #2881 ) ;
#10882 = ORIENTED_EDGE ( 'NONE', *, *, #3268, .T. ) ;
#10883 = CARTESIAN_POINT ( 'NONE',  ( -5.845584768814623189, 119.8258398791754615, 36.88929340078460228 ) ) ;
#10884 = DIRECTION ( 'NONE',  ( 0.000000000000000000, 1.000000000000000000, 0.000000000000000000 ) ) ;
#10885 = ORIENTED_EDGE ( 'NONE', *, *, #3715, .T. ) ;
#10886 = VERTEX_POINT ( 'NONE', #10064 ) ;
#10887 = DIRECTION ( 'NONE',  ( 1.000000000000000000, -0.000000000000000000, 0.000000000000000000 ) ) ;
#10888 = EDGE_LOOP ( 'NONE', ( #10279, #9277, #2372, #9712 ) ) ;
#10889 = EDGE_CURVE ( 'NONE', #6236, #5298, #2870, .T. ) ;
#10890 = UNCERTAINTY_MEASURE_WITH_UNIT (LENGTH_MEASURE( 1.000000000000000082E-05 ), #7722, 'distance_accuracy_value', 'NONE');
#10891 = FACE_OUTER_BOUND ( 'NONE', #10950, .T. ) ;
#10892 = CARTESIAN_POINT ( 'NONE',  ( -50.48689872104515075, 95.10731456396575823, 3.358535111626433700 ) ) ;
#10893 = DIRECTION ( 'NONE',  ( 0.000000000000000000, -1.000000000000000000, 0.000000000000000000 ) ) ;
#10894 = CARTESIAN_POINT ( 'NONE',  ( 61.59000000000065711, 8.274999999999998579, 18.12419718570802019 ) ) ;
#10895 = ORIENTED_EDGE ( 'NONE', *, *, #2200, .T. ) ;
#10896 = CARTESIAN_POINT ( 'NONE',  ( -79.37500000000001421, 8.275000000000003908, -127.1386775125482842 ) ) ;
#10897 = DIRECTION ( 'NONE',  ( 0.8191520442889905773, 0.5735764363510478248, -0.000000000000000000 ) ) ;
#10898 = LINE ( 'NONE', #5356, #1215 ) ;
#10899 = ORIENTED_EDGE ( 'NONE', *, *, #8451, .T. ) ;
#10900 = ORIENTED_EDGE ( 'NONE', *, *, #3887, .F. ) ;
#10901 = EDGE_LOOP ( 'NONE', ( #9840, #3233, #5393, #6140 ) ) ;
#10902 = EDGE_CURVE ( 'NONE', #10886, #4548, #2630, .T. ) ;
#10903 = EDGE_CURVE ( 'NONE', #11559, #2501, #4816, .T. ) ;
#10904 = EDGE_CURVE ( 'NONE', #7285, #9980, #4696, .T. ) ;
#10905 = DIRECTION ( 'NONE',  ( 0.000000000000000000, 0.000000000000000000, 1.000000000000000000 ) ) ;
#10906 = DIRECTION ( 'NONE',  ( 0.9987562846726888433, -1.386602171492393136E-16, 0.04985863843715563487 ) ) ;
#10907 = DIRECTION ( 'NONE',  ( 1.000000000000000000, 0.000000000000000000, -3.042040291059723567E-16 ) ) ;
#10908 = LINE ( 'NONE', #6315, #10838 ) ;
#10909 = CARTESIAN_POINT ( 'NONE',  ( -76.81501998216515403, 8.274999999999998579, 19.07115427298596089 ) ) ;
#10910 = DIRECTION ( 'NONE',  ( -1.000000000000000000, -0.000000000000000000, -0.000000000000000000 ) ) ;
#10911 = EDGE_CURVE ( 'NONE', #1238, #2503, #2047, .T. ) ;
#10912 = LINE ( 'NONE', #7198, #5197 ) ;
#10913 = EDGE_CURVE ( 'NONE', #1687, #1613, #5948, .T. ) ;
#10914 = ORIENTED_EDGE ( 'NONE', *, *, #5841, .T. ) ;
#10915 = VERTEX_POINT ( 'NONE', #9242 ) ;
#10916 = EDGE_CURVE ( 'NONE', #7235, #4934, #2735, .T. ) ;
#10917 = CARTESIAN_POINT ( 'NONE',  ( -51.69999999999999574, -6.870915176914293987, 63.21800789427800282 ) ) ;
#10918 = CARTESIAN_POINT ( 'NONE',  ( -78.20449038585995538, 107.3097246587699232, 46.86776955896306163 ) ) ;
#10919 = DIRECTION ( 'NONE',  ( 0.000000000000000000, 0.000000000000000000, 1.000000000000000000 ) ) ;
#10920 = CARTESIAN_POINT ( 'NONE',  ( 13.75500000000000433, 4.249377385370907589, 13.89999999999999680 ) ) ;
#10921 = CARTESIAN_POINT ( 'NONE',  ( -4.239627261859427954, 124.8258398792643789, 32.27349241371940991 ) ) ;
#10922 = DIRECTION ( 'NONE',  ( 1.335278419062900361E-16, -0.000000000000000000, 1.000000000000000000 ) ) ;
#10923 = AXIS2_PLACEMENT_3D ( 'NONE', #6833, #1688, #10599 ) ;
#10924 = DIRECTION ( 'NONE',  ( -0.000000000000000000, 1.000000000000000000, -0.000000000000000000 ) ) ;
#10925 = EDGE_CURVE ( 'NONE', #4644, #6740, #11303, .T. ) ;
#10926 = ORIENTED_EDGE ( 'NONE', *, *, #4701, .T. ) ;
#10927 = EDGE_CURVE ( 'NONE', #4520, #883, #2442, .T. ) ;
#10928 = ORIENTED_EDGE ( 'NONE', *, *, #8073, .F. ) ;
#10929 = ORIENTED_EDGE ( 'NONE', *, *, #4420, .T. ) ;
#10930 = ORIENTED_EDGE ( 'NONE', *, *, #189, .F. ) ;
#10931 = VECTOR ( 'NONE', #4255, 1000.000000000000000 ) ;
#10932 = LINE ( 'NONE', #1069, #6226 ) ;
#10933 = ORIENTED_EDGE ( 'NONE', *, *, #7900, .F. ) ;
#10934 = FACE_OUTER_BOUND ( 'NONE', #8216, .T. ) ;
#10935 = LINE ( 'NONE', #2851, #593 ) ;
#10936 = ORIENTED_EDGE ( 'NONE', *, *, #7446, .T. ) ;
#10937 = DIRECTION ( 'NONE',  ( -0.000000000000000000, -1.000000000000000000, -0.000000000000000000 ) ) ;
#10938 = FACE_OUTER_BOUND ( 'NONE', #6901, .T. ) ;
#10939 = AXIS2_PLACEMENT_3D ( 'NONE', #9442, #1292, #3136 ) ;
#10940 = EDGE_LOOP ( 'NONE', ( #4077, #253, #428, #7598 ) ) ;
#10941 = ORIENTED_EDGE ( 'NONE', *, *, #884, .T. ) ;
#10942 = CARTESIAN_POINT ( 'NONE',  ( -5.461913016039824598, 99.82583987928822467, -1.124087247170217685 ) ) ;
#10943 = ORIENTED_EDGE ( 'NONE', *, *, #7121, .F. ) ;
#10944 = FACE_OUTER_BOUND ( 'NONE', #10794, .T. ) ;
#10945 = FACE_OUTER_BOUND ( 'NONE', #10148, .T. ) ;
#10946 = DIRECTION ( 'NONE',  ( 1.000000000000000000, 0.000000000000000000, 0.000000000000000000 ) ) ;
#10947 = DIRECTION ( 'NONE',  ( -1.000000000000000000, 0.000000000000000000, 0.000000000000000000 ) ) ;
#10948 = DIRECTION ( 'NONE',  ( -0.000000000000000000, -1.000000000000000000, -0.000000000000000000 ) ) ;
#10949 = CARTESIAN_POINT ( 'NONE',  ( -23.07862738128373081, 99.82583987928822467, 15.71614540591370890 ) ) ;
#10950 = EDGE_LOOP ( 'NONE', ( #10341, #7397, #8632, #10049, #73, #10066, #6820, #7975, #5073, #3166, #7752 ) ) ;
#10951 = CARTESIAN_POINT ( 'NONE',  ( -16.75499999999995637, -27.00000000000000355, 13.89999999999999680 ) ) ;
#10952 = DIRECTION ( 'NONE',  ( -0.000000000000000000, -1.000000000000000000, -0.000000000000000000 ) ) ;
#10953 = CARTESIAN_POINT ( 'NONE',  ( 6.616786591357619152, 99.82583987928821045, -4.426490271496838602 ) ) ;
#10954 = EDGE_CURVE ( 'NONE', #8706, #8151, #6047, .T. ) ;
#10955 = VECTOR ( 'NONE', #213, 1000.000000000000000 ) ;
#10956 = ORIENTED_EDGE ( 'NONE', *, *, #114, .F. ) ;
#10957 = ORIENTED_EDGE ( 'NONE', *, *, #8580, .F. ) ;
#10958 = ORIENTED_EDGE ( 'NONE', *, *, #4655, .F. ) ;
#10959 = DIRECTION ( 'NONE',  ( 0.000000000000000000, 0.8918917311500192957, 0.4522489799946727840 ) ) ;
#10960 = DIRECTION ( 'NONE',  ( 1.000000000000000000, 0.000000000000000000, 0.000000000000000000 ) ) ;
#10961 = CARTESIAN_POINT ( 'NONE',  ( 80.37500000000000000, 66.63999999999998636, -0.2576914538747754335 ) ) ;
#10962 = CARTESIAN_POINT ( 'NONE',  ( -43.40689872104513825, 97.50000000000000000, 22.30467496797187010 ) ) ;
#10963 = CARTESIAN_POINT ( 'NONE',  ( 33.75500000000002387, 5.099999999999999645, -3.738845726937403580 ) ) ;
#10964 = ADVANCED_FACE ( 'NONE', ( #5167 ), #499, .F. ) ;
#10965 = ADVANCED_FACE ( 'NONE', ( #4330 ), #11542, .F. ) ;
#10966 = AXIS2_PLACEMENT_3D ( 'NONE', #170, #1825, #862 ) ;
#10967 = CARTESIAN_POINT ( 'NONE',  ( -46.58189872104514251, 87.32932506185393606, -9.140776605289593348 ) ) ;
#10968 = VECTOR ( 'NONE', #2579, 1000.000000000000000 ) ;
#10969 = ORIENTED_EDGE ( 'NONE', *, *, #6938, .F. ) ;
#10970 = VERTEX_POINT ( 'NONE', #663 ) ;
#10971 = AXIS2_PLACEMENT_3D ( 'NONE', #2998, #9309, #1212 ) ;
#10972 = VECTOR ( 'NONE', #6360, 1000.000000000000000 ) ;
#10973 = DIRECTION ( 'NONE',  ( -1.000000000000000000, 0.000000000000000000, -0.000000000000000000 ) ) ;
#10974 = CARTESIAN_POINT ( 'NONE',  ( -82.54999999998071303, 105.3166821659535231, 42.39084228666219190 ) ) ;
#10975 = DIRECTION ( 'NONE',  ( 0.000000000000000000, 0.000000000000000000, -1.000000000000000000 ) ) ;
#10976 = CARTESIAN_POINT ( 'NONE',  ( -37.40689872104517377, 103.4999999999999858, -29.66122071973760299 ) ) ;
#10977 = CARTESIAN_POINT ( 'NONE',  ( -33.11062307129483884, 97.50000000000000000, 18.79375140158797919 ) ) ;
#10978 = CARTESIAN_POINT ( 'NONE',  ( 3.332714472755211155, 119.8513766280759825, 36.89999999999999147 ) ) ;
#10979 = DIRECTION ( 'NONE',  ( -1.000000000000000000, 0.000000000000000000, 0.000000000000000000 ) ) ;
#10980 = DIRECTION ( 'NONE',  ( -1.000000000000000000, 0.000000000000000000, 0.000000000000000000 ) ) ;
#10981 = EDGE_CURVE ( 'NONE', #11168, #4317, #3382, .T. ) ;
#10982 = FACE_OUTER_BOUND ( 'NONE', #4018, .T. ) ;
#10983 = EDGE_LOOP ( 'NONE', ( #1148, #6862, #4793, #819 ) ) ;
#10984 = ORIENTED_EDGE ( 'NONE', *, *, #4161, .F. ) ;
#10985 = CIRCLE ( 'NONE', #8349, 10.94291382678908064 ) ;
#10986 = CIRCLE ( 'NONE', #982, 1.150000000000003020 ) ;
#10987 = ADVANCED_FACE ( 'NONE', ( #7055 ), #7934, .T. ) ;
#10988 = ORIENTED_EDGE ( 'NONE', *, *, #3965, .F. ) ;
#10989 = CONICAL_SURFACE ( 'NONE', #7611, 5.499999999999975131, 0.9599310885968850293 ) ;
#10990 = ADVANCED_FACE ( 'NONE', ( #10642 ), #7710, .F. ) ;
#10991 = EDGE_CURVE ( 'NONE', #3345, #5783, #10839, .T. ) ;
#10992 = LINE ( 'NONE', #4790, #4521 ) ;
#10993 = LINE ( 'NONE', #9925, #4334 ) ;
#10994 = EDGE_LOOP ( 'NONE', ( #3267, #8237, #3473, #10486 ) ) ;
#10995 = CARTESIAN_POINT ( 'NONE',  ( 9.877393833880962148, 79.82583987928819624, -2.201337213713970620 ) ) ;
#10996 = DIRECTION ( 'NONE',  ( 0.9999999999984094945, 0.000000000000000000, 1.783514045278184224E-06 ) ) ;
#10997 = LINE ( 'NONE', #11062, #6468 ) ;
#10998 = EDGE_CURVE ( 'NONE', #695, #6218, #2386, .T. ) ;
#10999 = VECTOR ( 'NONE', #11451, 1000.000000000000000 ) ;
#11000 = ORIENTED_EDGE ( 'NONE', *, *, #4348, .F. ) ;
#11001 = FACE_OUTER_BOUND ( 'NONE', #10421, .T. ) ;
#11002 = LINE ( 'NONE', #3025, #5771 ) ;
#11003 = ORIENTED_EDGE ( 'NONE', *, *, #9681, .T. ) ;
#11004 = ORIENTED_EDGE ( 'NONE', *, *, #721, .F. ) ;
#11005 = DIRECTION ( 'NONE',  ( -0.9999999999984094945, 0.000000000000000000, -1.783514045278184224E-06 ) ) ;
#11006 = ORIENTED_EDGE ( 'NONE', *, *, #2675, .T. ) ;
#11007 = AXIS2_PLACEMENT_3D ( 'NONE', #11142, #10960, #1043 ) ;
#11008 = CARTESIAN_POINT ( 'NONE',  ( -11.25499999999998302, -27.00000000000000355, 2.042308546125238600 ) ) ;
#11009 = EDGE_CURVE ( 'NONE', #5880, #8156, #601, .T. ) ;
#11010 = CARTESIAN_POINT ( 'NONE',  ( 61.59000000000155950, 8.274999999999998579, 19.62115427306273219 ) ) ;
#11011 = LINE ( 'NONE', #8178, #6777 ) ;
#11012 = CARTESIAN_POINT ( 'NONE',  ( 79.37500000000000000, 5.357829746269673579E-16, 24.62763407003640381 ) ) ;
#11013 = CARTESIAN_POINT ( 'NONE',  ( 72.76808532237744487, 8.274999999999998579, 17.06344096711973890 ) ) ;
#11014 = VERTEX_POINT ( 'NONE', #1731 ) ;
#11015 = CARTESIAN_POINT ( 'NONE',  ( 11.25500000000000433, 6.349999999999999645, 13.89999999999999680 ) ) ;
#11016 = DIRECTION ( 'NONE',  ( 0.000000000000000000, 0.000000000000000000, 1.000000000000000000 ) ) ;
#11017 = VECTOR ( 'NONE', #4106, 1000.000000000000000 ) ;
#11018 = EDGE_LOOP ( 'NONE', ( #647, #10316, #6336, #10761 ) ) ;
#11019 = EDGE_LOOP ( 'NONE', ( #1239, #8172, #6749, #2488 ) ) ;
#11020 = AXIS2_PLACEMENT_3D ( 'NONE', #7637, #9446, #11171 ) ;
#11021 = ADVANCED_FACE ( 'NONE', ( #11668 ), #6567, .F. ) ;
#11022 = LINE ( 'NONE', #4758, #1232 ) ;
#11023 = CARTESIAN_POINT ( 'NONE',  ( -0.0004294969318460739593, 99.82583987928822467, -15.76649027154901006 ) ) ;
#11024 = CARTESIAN_POINT ( 'NONE',  ( -82.54999999999999716, 58.93999999999998352, 10.39999999999999503 ) ) ;
#11025 = VECTOR ( 'NONE', #11360, 999.9999999999998863 ) ;
#11026 = CARTESIAN_POINT ( 'NONE',  ( 11.25500000000000433, -27.00000000000000355, 7.542308546125213731 ) ) ;
#11027 = VECTOR ( 'NONE', #2943, 1000.000000000000114 ) ;
#11028 = EDGE_CURVE ( 'NONE', #11341, #8706, #8205, .T. ) ;
#11029 = DIRECTION ( 'NONE',  ( 0.000000000000000000, -1.000000000000000000, 1.365923996832131116E-16 ) ) ;
#11030 = LINE ( 'NONE', #10792, #7659 ) ;
#11031 = ORIENTED_EDGE ( 'NONE', *, *, #5940, .T. ) ;
#11032 = ORIENTED_EDGE ( 'NONE', *, *, #3060, .F. ) ;
#11033 = CIRCLE ( 'NONE', #8959, 1.149999999999998135 ) ;
#11034 = AXIS2_PLACEMENT_3D ( 'NONE', #1427, #7443, #9596 ) ;
#11035 = VECTOR ( 'NONE', #8004, 1000.000000000000000 ) ;
#11036 = AXIS2_PLACEMENT_3D ( 'NONE', #6345, #82, #9927 ) ;
#11037 = EDGE_CURVE ( 'NONE', #4697, #11444, #771, .T. ) ;
#11038 = DIRECTION ( 'NONE',  ( 0.000000000000000000, 0.5735764363510428288, -0.8191520442889941300 ) ) ;
#11039 = DIRECTION ( 'NONE',  ( 1.000000000000000000, 0.000000000000000000, 0.000000000000000000 ) ) ;
#11040 = DIRECTION ( 'NONE',  ( 0.000000000000000000, 0.000000000000000000, 1.000000000000000000 ) ) ;
#11041 = CARTESIAN_POINT ( 'NONE',  ( -29.00040951398291256, 99.82583987928822467, 18.68351409631356930 ) ) ;
#11042 = CARTESIAN_POINT ( 'NONE',  ( -50.48689872104515075, 74.78999999999417980, 1.670014071680389733 ) ) ;
#11043 = CARTESIAN_POINT ( 'NONE',  ( 3.407704474435778952, 124.3668280965001145, 36.89999999999998437 ) ) ;
#11044 = CARTESIAN_POINT ( 'NONE',  ( 53.40689872104514535, 74.43999999999417128, -7.959769997217391868 ) ) ;
#11045 = DIRECTION ( 'NONE',  ( 0.000000000000000000, 1.000000000000000000, 0.000000000000000000 ) ) ;
#11046 = AXIS2_PLACEMENT_3D ( 'NONE', #7255, #6370, #1875 ) ;
#11047 = VECTOR ( 'NONE', #4597, 1000.000000000000114 ) ;
#11048 = CARTESIAN_POINT ( 'NONE',  ( -43.40689872104513825, 97.50000000000000000, -29.66122071973760299 ) ) ;
#11049 = VECTOR ( 'NONE', #131, 1000.000000000000000 ) ;
#11050 = ORIENTED_EDGE ( 'NONE', *, *, #6850, .T. ) ;
#11051 = ORIENTED_EDGE ( 'NONE', *, *, #2774, .T. ) ;
#11052 = ORIENTED_EDGE ( 'NONE', *, *, #5671, .F. ) ;
#11053 = VECTOR ( 'NONE', #5702, 1000.000000000000000 ) ;
#11054 = ADVANCED_FACE ( 'NONE', ( #10982 ), #7452, .F. ) ;
#11055 = ADVANCED_FACE ( 'NONE', ( #9752 ), #5568, .F. ) ;
#11056 = AXIS2_PLACEMENT_3D ( 'NONE', #11129, #10948, #3035 ) ;
#11057 = CARTESIAN_POINT ( 'NONE',  ( 43.40689872104514535, 74.78999999999417980, 0.5200140716803901553 ) ) ;
#11058 = FACE_OUTER_BOUND ( 'NONE', #2179, .T. ) ;
#11059 = ORIENTED_EDGE ( 'NONE', *, *, #2850, .F. ) ;
#11060 = DIRECTION ( 'NONE',  ( 0.000000000000000000, 1.000000000000000000, 0.000000000000000000 ) ) ;
#11061 = LINE ( 'NONE', #2973, #8014 ) ;
#11062 = CARTESIAN_POINT ( 'NONE',  ( -82.54999999999999716, 61.63999999999999346, -5.257691453874764775 ) ) ;
#11063 = ORIENTED_EDGE ( 'NONE', *, *, #7478, .F. ) ;
#11064 = CARTESIAN_POINT ( 'NONE',  ( 76.81501998216512561, 5.099999999999999645, -1.428845727014055988 ) ) ;
#11065 = DIRECTION ( 'NONE',  ( 0.000000000000000000, 1.000000000000000000, 0.000000000000000000 ) ) ;
#11066 = EDGE_LOOP ( 'NONE', ( #1715, #8660, #413, #1969, #1200, #5239 ) ) ;
#11067 = EDGE_CURVE ( 'NONE', #1329, #11588, #1172, .T. ) ;
#11068 = ORIENTED_EDGE ( 'NONE', *, *, #7289, .F. ) ;
#11069 = CARTESIAN_POINT ( 'NONE',  ( -82.54999999999999716, 52.93999999999998352, 5.399999999999993250 ) ) ;
#11070 = EDGE_CURVE ( 'NONE', #2265, #6454, #8385, .T. ) ;
#11071 = AXIS2_PLACEMENT_3D ( 'NONE', #9358, #1434, #11420 ) ;
#11072 = LINE ( 'NONE', #3850, #8844 ) ;
#11073 = EDGE_LOOP ( 'NONE', ( #3219, #2736 ) ) ;
#11074 = EDGE_CURVE ( 'NONE', #8357, #2473, #2898, .T. ) ;
#11075 = LINE ( 'NONE', #6755, #4434 ) ;
#11076 = DIRECTION ( 'NONE',  ( -0.000000000000000000, -1.000000000000000000, -0.000000000000000000 ) ) ;
#11077 = CARTESIAN_POINT ( 'NONE',  ( 0.000000000000000000, 97.50000000000000000, 0.000000000000000000 ) ) ;
#11078 = CARTESIAN_POINT ( 'NONE',  ( 11.25500000000000433, -24.89937738537090794, 7.542308546125213731 ) ) ;
#11079 = FACE_OUTER_BOUND ( 'NONE', #1609, .T. ) ;
#11080 = EDGE_LOOP ( 'NONE', ( #9862, #1503, #7992, #2134 ) ) ;
#11081 = FACE_OUTER_BOUND ( 'NONE', #4974, .T. ) ;
#11082 = CARTESIAN_POINT ( 'NONE',  ( 3.101698183575731183E-15, 109.8258398792882247, 36.89999999999999147 ) ) ;
#11083 = VERTEX_POINT ( 'NONE', #3773 ) ;
#11084 = EDGE_CURVE ( 'NONE', #11241, #3682, #2616, .T. ) ;
#11085 = ADVANCED_FACE ( 'NONE', ( #2672 ), #7393, .F. ) ;
#11086 = ORIENTED_EDGE ( 'NONE', *, *, #7325, .T. ) ;
#11087 = ORIENTED_EDGE ( 'NONE', *, *, #7233, .T. ) ;
#11088 = DIRECTION ( 'NONE',  ( 0.9999999999999998890, -0.000000000000000000, 1.902368341696336056E-08 ) ) ;
#11089 = DIRECTION ( 'NONE',  ( 0.000000000000000000, 0.000000000000000000, -1.000000000000000000 ) ) ;
#11090 = LINE ( 'NONE', #4884, #587 ) ;
#11091 = CYLINDRICAL_SURFACE ( 'NONE', #10971, 25.00000000000000000 ) ;
#11092 = ORIENTED_EDGE ( 'NONE', *, *, #1508, .T. ) ;
#11093 = DIRECTION ( 'NONE',  ( 0.000000000000000000, 0.000000000000000000, -1.000000000000000000 ) ) ;
#11094 = DIRECTION ( 'NONE',  ( -1.000000000000000000, 0.000000000000000000, 0.000000000000000000 ) ) ;
#11095 = VERTEX_POINT ( 'NONE', #5624 ) ;
#11096 = DIRECTION ( 'NONE',  ( 0.000000000000000000, 0.000000000000000000, 1.000000000000000000 ) ) ;
#11097 = ORIENTED_EDGE ( 'NONE', *, *, #8230, .F. ) ;
#11098 = LINE ( 'NONE', #3765, #2139 ) ;
#11099 = CARTESIAN_POINT ( 'NONE',  ( -81.52553813077381051, 106.3508143568636513, 44.94994895515174704 ) ) ;
#11100 = PLANE ( 'NONE',  #4585 ) ;
#11101 = CARTESIAN_POINT ( 'NONE',  ( -5.000429496931850792, 119.8299752807307357, -20.03649027154900253 ) ) ;
#11102 = CARTESIAN_POINT ( 'NONE',  ( 43.40689872104514535, 74.78999999999417980, -22.77998592831961133 ) ) ;
#11103 = DIRECTION ( 'NONE',  ( 0.000000000000000000, 0.000000000000000000, 1.000000000000000000 ) ) ;
#11104 = CARTESIAN_POINT ( 'NONE',  ( 43.40689872104514535, 95.63999999999417412, -2.374168628343573229 ) ) ;
#11105 = DIRECTION ( 'NONE',  ( 0.000000000000000000, -0.000000000000000000, -1.000000000000000000 ) ) ;
#11106 = VERTEX_POINT ( 'NONE', #303 ) ;
#11107 = ADVANCED_FACE ( 'NONE', ( #1671 ), #9806, .F. ) ;
#11108 = EDGE_LOOP ( 'NONE', ( #556, #8846, #4788, #10805 ) ) ;
#11109 = ORIENTED_EDGE ( 'NONE', *, *, #8745, .T. ) ;
#11110 = CIRCLE ( 'NONE', #6210, 1.150000000000003020 ) ;
#11111 = LINE ( 'NONE', #871, #625 ) ;
#11112 = DIRECTION ( 'NONE',  ( 1.000000000000000000, 0.000000000000000000, -0.000000000000000000 ) ) ;
#11113 = ORIENTED_EDGE ( 'NONE', *, *, #10618, .T. ) ;
#11114 = CARTESIAN_POINT ( 'NONE',  ( 67.12499999999998579, 104.8258398792882247, 37.90000000000004832 ) ) ;
#11115 = PLANE ( 'NONE',  #5775 ) ;
#11116 = CARTESIAN_POINT ( 'NONE',  ( -50.48689872104515075, 95.28999999999417980, -23.92998592831960991 ) ) ;
#11117 = EDGE_LOOP ( 'NONE', ( #669, #7118, #5756, #6183 ) ) ;
#11118 = CARTESIAN_POINT ( 'NONE',  ( 72.76808532237741645, 8.274999999999998579, 18.26344096711973819 ) ) ;
#11119 = DIRECTION ( 'NONE',  ( -1.000000000000000000, 0.000000000000000000, 0.000000000000000000 ) ) ;
#11120 = ORIENTED_EDGE ( 'NONE', *, *, #7161, .F. ) ;
#11121 = EDGE_CURVE ( 'NONE', #7427, #1312, #10030, .T. ) ;
#11122 = ADVANCED_FACE ( 'NONE', ( #8327 ), #245, .T. ) ;
#11123 = ORIENTED_EDGE ( 'NONE', *, *, #10173, .T. ) ;
#11124 = DIRECTION ( 'NONE',  ( 0.7071067811865489050, -0.7071067811865462405, -6.319127579352777226E-12 ) ) ;
#11125 = CARTESIAN_POINT ( 'NONE',  ( -79.37500000000001421, 58.93999999999998352, -0.2576914538747649974 ) ) ;
#11126 = AXIS2_PLACEMENT_3D ( 'NONE', #6879, #2388, #5994 ) ;
#11127 = VERTEX_POINT ( 'NONE', #3829 ) ;
#11128 = VECTOR ( 'NONE', #1409, 1000.000000000000000 ) ;
#11129 = CARTESIAN_POINT ( 'NONE',  ( -72.76808532237744487, 8.274999999999998579, 0.5788675790057377091 ) ) ;
#11130 = FACE_OUTER_BOUND ( 'NONE', #6819, .T. ) ;
#11131 = ORIENTED_EDGE ( 'NONE', *, *, #2020, .F. ) ;
#11132 = CARTESIAN_POINT ( 'NONE',  ( -77.54999999999999716, 99.82583987928822467, 46.90000000000009095 ) ) ;
#11133 = CARTESIAN_POINT ( 'NONE',  ( 77.87725294080570393, 109.8258398792882247, 44.39999999999612612 ) ) ;
#11134 = EDGE_CURVE ( 'NONE', #88, #10762, #9515, .T. ) ;
#11135 = ORIENTED_EDGE ( 'NONE', *, *, #5514, .T. ) ;
#11136 = EDGE_LOOP ( 'NONE', ( #5049, #8261, #7751, #3695, #1160, #646 ) ) ;
#11137 = VECTOR ( 'NONE', #5498, 1000.000000000000000 ) ;
#11138 = CARTESIAN_POINT ( 'NONE',  ( 2.554834269181485580E-15, 72.64000000000000057, -26.48622071973760583 ) ) ;
#11140 = EDGE_CURVE ( 'NONE', #3819, #6671, #8877, .T. ) ;
#11139 = CARTESIAN_POINT ( 'NONE',  ( 79.37500000000002842, 5.099999999999999645, -3.738845726937403580 ) ) ;
#11141 = EDGE_CURVE ( 'NONE', #10730, #6126, #9269, .T. ) ;
#11142 = CARTESIAN_POINT ( 'NONE',  ( -32.55000000000002558, 98.32583987928822467, 10.19715292348722890 ) ) ;
#11143 = CARTESIAN_POINT ( 'NONE',  ( 6.246036463997028498, 119.8258398792882105, -20.00539738836622661 ) ) ;
#11144 = VECTOR ( 'NONE', #2440, 1000.000000000000000 ) ;
#11145 = DIRECTION ( 'NONE',  ( -0.000000000000000000, 1.000000000000000000, -0.000000000000000000 ) ) ;
#11146 = ORIENTED_EDGE ( 'NONE', *, *, #9815, .F. ) ;
#11147 = CARTESIAN_POINT ( 'NONE',  ( -50.48689872104515075, 91.54000537782400215, -2.374168628343573673 ) ) ;
#11148 = VERTEX_POINT ( 'NONE', #4181 ) ;
#11149 = ORIENTED_EDGE ( 'NONE', *, *, #1454, .F. ) ;
#11150 = LINE ( 'NONE', #7503, #6286 ) ;
#11151 = CARTESIAN_POINT ( 'NONE',  ( -80.05575337630041588, 106.9954188749947122, 46.23915799141245486 ) ) ;
#11152 = CARTESIAN_POINT ( 'NONE',  ( 67.12499999999998579, 104.8258398792882247, 42.90000000000004121 ) ) ;
#11153 = CARTESIAN_POINT ( 'NONE',  ( 82.55000000000002558, 58.93999999999998352, -0.2576914538747649974 ) ) ;
#11154 = CIRCLE ( 'NONE', #10211, 0.7999800169725922450 ) ;
#11155 = AXIS2_PLACEMENT_3D ( 'NONE', #3758, #8075, #7377 ) ;
#11156 = CARTESIAN_POINT ( 'NONE',  ( 43.40689872104514535, 72.64000000000000057, -5.796029510066058939E-15 ) ) ;
#11157 = FACE_BOUND ( 'NONE', #7909, .T. ) ;
#11158 = PLANE ( 'NONE',  #817 ) ;
#11159 = CARTESIAN_POINT ( 'NONE',  ( -46.58189872104514251, 60.51489584382510856, -12.12508953659851763 ) ) ;
#11160 = ORIENTED_EDGE ( 'NONE', *, *, #8325, .T. ) ;
#11161 = ORIENTED_EDGE ( 'NONE', *, *, #702, .T. ) ;
#11162 = ORIENTED_EDGE ( 'NONE', *, *, #90, .T. ) ;
#11163 = CONICAL_SURFACE ( 'NONE', #5127, 5.999999999999998224, 0.9599310885968821427 ) ;
#11164 = CIRCLE ( 'NONE', #9274, 1.200000000000003064 ) ;
#11165 = AXIS2_PLACEMENT_3D ( 'NONE', #7508, #8707, #11103 ) ;
#11166 = EDGE_CURVE ( 'NONE', #876, #361, #10207, .T. ) ;
#11167 = CARTESIAN_POINT ( 'NONE',  ( -30.00042949693185079, 124.8258398792882247, 4.963509728450992142 ) ) ;
#11168 = VERTEX_POINT ( 'NONE', #4958 ) ;
#11169 = CARTESIAN_POINT ( 'NONE',  ( 50.48689872104515075, 95.63999999999417412, -7.959769997217391868 ) ) ;
#11170 = DIRECTION ( 'NONE',  ( 9.441838556761622021E-17, -0.7071072074758634196, -0.7071063548969745982 ) ) ;
#11171 = DIRECTION ( 'NONE',  ( 0.05071119701308116762, 0.000000000000000000, -0.9987133595268966602 ) ) ;
#11172 = VERTEX_POINT ( 'NONE', #10373 ) ;
#11173 = CARTESIAN_POINT ( 'NONE',  ( 80.37500000000000000, 58.93999999999998352, 5.399999999999993250 ) ) ;
#11174 = AXIS2_PLACEMENT_3D ( 'NONE', #1435, #5163, #3975 ) ;
#11175 = DIRECTION ( 'NONE',  ( 0.000000000000000000, -1.000000000000000000, 0.000000000000000000 ) ) ;
#11176 = ADVANCED_FACE ( 'NONE', ( #9493 ), #3011, .F. ) ;
#11177 = ORIENTED_EDGE ( 'NONE', *, *, #7248, .F. ) ;
#11178 = ORIENTED_EDGE ( 'NONE', *, *, #1453, .F. ) ;
#11179 = LINE ( 'NONE', #4916, #10574 ) ;
#11180 = CARTESIAN_POINT ( 'NONE',  ( -61.81289880791658931, 8.274999999999998579, 18.26344096711873277 ) ) ;
#11181 = ORIENTED_EDGE ( 'NONE', *, *, #9023, .F. ) ;
#11182 = AXIS2_PLACEMENT_3D ( 'NONE', #9914, #4719, #9089 ) ;
#11183 = AXIS2_PLACEMENT_3D ( 'NONE', #1012, #7294, #7344 ) ;
#11184 = EDGE_CURVE ( 'NONE', #4622, #954, #7626, .T. ) ;
#11185 = FACE_OUTER_BOUND ( 'NONE', #3511, .T. ) ;
#11186 = LINE ( 'NONE', #5092, #3702 ) ;
#11187 = CIRCLE ( 'NONE', #11366, 25.00000000000000000 ) ;
#11188 = CARTESIAN_POINT ( 'NONE',  ( -46.58189872104514251, 94.56476577691782381, -8.504985928319962696 ) ) ;
#11189 = FACE_BOUND ( 'NONE', #2400, .T. ) ;
#11190 = ORIENTED_EDGE ( 'NONE', *, *, #398, .T. ) ;
#11191 = DIRECTION ( 'NONE',  ( 0.000000000000000000, -1.000000000000000000, 0.000000000000000000 ) ) ;
#11192 = CARTESIAN_POINT ( 'NONE',  ( 80.05575337630007482, 106.9954188749935327, 46.23915799141268934 ) ) ;
#11193 = DIRECTION ( 'NONE',  ( 0.000000000000000000, 1.000000000000000000, 0.000000000000000000 ) ) ;
#11194 = ORIENTED_EDGE ( 'NONE', *, *, #7887, .T. ) ;
#11195 = ORIENTED_EDGE ( 'NONE', *, *, #9347, .T. ) ;
#11196 = AXIS2_PLACEMENT_3D ( 'NONE', #8377, #4002, #1278 ) ;
#11197 = EDGE_CURVE ( 'NONE', #3432, #2429, #1223, .T. ) ;
#11198 = EDGE_CURVE ( 'NONE', #233, #10812, #1401, .T. ) ;
#11199 = CIRCLE ( 'NONE', #10247, 2.500000000000000444 ) ;
#11200 = DIRECTION ( 'NONE',  ( 0.000000000000000000, 0.000000000000000000, 1.000000000000000000 ) ) ;
#11201 = FACE_OUTER_BOUND ( 'NONE', #5817, .T. ) ;
#11202 = AXIS2_PLACEMENT_3D ( 'NONE', #2818, #5609, #8308 ) ;
#11203 = EDGE_LOOP ( 'NONE', ( #8007, #5581, #10943, #2916 ) ) ;
#11204 = DIRECTION ( 'NONE',  ( 0.000000000000000000, 0.000000000000000000, -1.000000000000000000 ) ) ;
#11205 = AXIS2_PLACEMENT_3D ( 'NONE', #11256, #9874, #2508 ) ;
#11206 = VERTEX_POINT ( 'NONE', #11277 ) ;
#11207 = ADVANCED_FACE ( 'NONE', ( #6679 ), #7686, .F. ) ;
#11208 = EDGE_CURVE ( 'NONE', #1219, #9212, #4849, .T. ) ;
#11209 = EDGE_LOOP ( 'NONE', ( #11561, #1479 ) ) ;
#11210 = AXIS2_PLACEMENT_3D ( 'NONE', #5294, #10897, #8124 ) ;
#11211 = EDGE_CURVE ( 'NONE', #2964, #3793, #8446, .T. ) ;
#11212 = CARTESIAN_POINT ( 'NONE',  ( 82.55000000000002558, 58.93999999999998352, -5.257691453874764775 ) ) ;
#11213 = LINE ( 'NONE', #6945, #6666 ) ;
#11214 = CARTESIAN_POINT ( 'NONE',  ( -79.76575602480896521, 109.3200046843643918, 44.14708240253857952 ) ) ;
#11215 = DIRECTION ( 'NONE',  ( 1.000000000000000000, 0.000000000000000000, 1.335278419062900361E-16 ) ) ;
#11216 = DIRECTION ( 'NONE',  ( 1.000000000000000000, 0.000000000000000000, 1.335278419062900361E-16 ) ) ;
#11217 = CARTESIAN_POINT ( 'NONE',  ( -8.300429496927989703, 96.12583987928823603, -1.816490271607134721 ) ) ;
#11218 = DIRECTION ( 'NONE',  ( 0.000000000000000000, 1.000000000000000000, 0.000000000000000000 ) ) ;
#11219 = DIRECTION ( 'NONE',  ( 1.000000000000000000, 0.000000000000000000, 1.335278419062900361E-16 ) ) ;
#11220 = EDGE_LOOP ( 'NONE', ( #5322, #10106 ) ) ;
#11221 = AXIS2_PLACEMENT_3D ( 'NONE', #4801, #10884, #2797 ) ;
#11222 = ORIENTED_EDGE ( 'NONE', *, *, #10499, .T. ) ;
#11223 = CIRCLE ( 'NONE', #10272, 1.150000000000001688 ) ;
#11224 = VECTOR ( 'NONE', #9126, 1000.000000000000000 ) ;
#11225 = AXIS2_PLACEMENT_3D ( 'NONE', #2737, #1851, #195 ) ;
#11226 = EDGE_CURVE ( 'NONE', #1654, #4023, #3178, .T. ) ;
#11227 = EDGE_LOOP ( 'NONE', ( #5936, #1350, #6048, #6036, #10310, #3725, #10315, #617, #8793, #4403 ) ) ;
#11228 = DIRECTION ( 'NONE',  ( -1.218707698843631781E-16, 0.000000000000000000, -1.000000000000000000 ) ) ;
#11229 = VECTOR ( 'NONE', #5342, 1000.000000000000000 ) ;
#11230 = DIRECTION ( 'NONE',  ( -1.000000000000000000, 0.000000000000000000, -9.184139537363837425E-14 ) ) ;
#11231 = VECTOR ( 'NONE', #9024, 1000.000000000000000 ) ;
#11232 = AXIS2_PLACEMENT_3D ( 'NONE', #7036, #10621, #7094 ) ;
#11233 = ORIENTED_EDGE ( 'NONE', *, *, #1307, .F. ) ;
#11234 = CARTESIAN_POINT ( 'NONE',  ( -72.76808532600743717, 8.274999999999998579, -0.6211324209942632457 ) ) ;
#11235 = CARTESIAN_POINT ( 'NONE',  ( 79.37500000000000000, 61.63999999999999346, -5.257691453874764775 ) ) ;
#11236 = DIRECTION ( 'NONE',  ( -1.000000000000000000, 0.000000000000000000, 0.000000000000000000 ) ) ;
#11237 = ORIENTED_EDGE ( 'NONE', *, *, #11141, .T. ) ;
#11238 = CARTESIAN_POINT ( 'NONE',  ( 82.55000000000002558, 61.63999999999999346, -0.2576914538747651640 ) ) ;
#11239 = CARTESIAN_POINT ( 'NONE',  ( 50.02648654977334530, 8.274999999999998579, 20.18114647173673148 ) ) ;
#11240 = ORIENTED_EDGE ( 'NONE', *, *, #10449, .F. ) ;
#11241 = VERTEX_POINT ( 'NONE', #358 ) ;
#11242 = ORIENTED_EDGE ( 'NONE', *, *, #6389, .T. ) ;
#11243 = VECTOR ( 'NONE', #11684, 1000.000000000000000 ) ;
#11244 = DIRECTION ( 'NONE',  ( 1.000000000000000000, 0.000000000000000000, 0.000000000000000000 ) ) ;
#11245 = PLANE ( 'NONE',  #3882 ) ;
#11246 = FACE_OUTER_BOUND ( 'NONE', #10411, .T. ) ;
#11247 = CARTESIAN_POINT ( 'NONE',  ( -81.84979246179028678, 53.93999999999999062, -5.257691453874763887 ) ) ;
#11248 = ORIENTED_EDGE ( 'NONE', *, *, #8900, .T. ) ;
#11249 = CARTESIAN_POINT ( 'NONE',  ( 5.845024355940759975, 119.8258398792882105, 36.88927823987856414 ) ) ;
#11250 = LINE ( 'NONE', #5166, #5375 ) ;
#11251 = VECTOR ( 'NONE', #2042, 1000.000000000000000 ) ;
#11252 = ORIENTED_EDGE ( 'NONE', *, *, #875, .F. ) ;
#11253 = ORIENTED_EDGE ( 'NONE', *, *, #10268, .F. ) ;
#11254 = EDGE_CURVE ( 'NONE', #5791, #159, #6143, .T. ) ;
#11255 = CARTESIAN_POINT ( 'NONE',  ( 77.54999999999999716, 107.3258398792882247, 46.90000000000009095 ) ) ;
#11256 = CARTESIAN_POINT ( 'NONE',  ( -61.59000000000155950, 8.274999999999998579, 19.62115427306273219 ) ) ;
#11257 = LINE ( 'NONE', #4222, #6714 ) ;
#11258 = DIRECTION ( 'NONE',  ( 0.7071067811697020478, 0.000000000000000000, 0.7071067812033930977 ) ) ;
#11259 = DIRECTION ( 'NONE',  ( 0.000000000000000000, 1.000000000000000000, 0.000000000000000000 ) ) ;
#11260 = ORIENTED_EDGE ( 'NONE', *, *, #4779, .T. ) ;
#11261 = VECTOR ( 'NONE', #6031, 1000.000000000000000 ) ;
#11262 = CARTESIAN_POINT ( 'NONE',  ( 32.54999999999999716, 97.82583987928822467, 10.19715292348722890 ) ) ;
#11263 = ORIENTED_EDGE ( 'NONE', *, *, #7602, .F. ) ;
#11264 = ORIENTED_EDGE ( 'NONE', *, *, #10435, .F. ) ;
#11265 = EDGE_CURVE ( 'NONE', #6682, #9880, #11622, .T. ) ;
#11266 = EDGE_CURVE ( 'NONE', #4598, #6636, #6846, .T. ) ;
#11267 = CYLINDRICAL_SURFACE ( 'NONE', #5269, 1.149999999999998135 ) ;
#11268 = EDGE_LOOP ( 'NONE', ( #2472, #8026, #11087, #1864, #9947, #10138, #1133, #6307 ) ) ;
#11269 = CYLINDRICAL_SURFACE ( 'NONE', #2518, 12.50000000000000000 ) ;
#11270 = FACE_OUTER_BOUND ( 'NONE', #10575, .T. ) ;
#11271 = CARTESIAN_POINT ( 'NONE',  ( -16.75499999999995637, -27.00000000000000355, 7.542308546125214619 ) ) ;
#11272 = CARTESIAN_POINT ( 'NONE',  ( -11.25499999999998302, 6.349999999999999645, 13.89999999999999680 ) ) ;
#11273 = FACE_BOUND ( 'NONE', #2521, .T. ) ;
#11274 = CARTESIAN_POINT ( 'NONE',  ( -5.000429496931849904, 119.8301161607049750, 36.89999999999999147 ) ) ;
#11275 = DIRECTION ( 'NONE',  ( 0.000000000000000000, -0.000000000000000000, -1.000000000000000000 ) ) ;
#11276 = VECTOR ( 'NONE', #7696, 1000.000000000000000 ) ;
#11277 = CARTESIAN_POINT ( 'NONE',  ( 50.48689872104515075, 96.40000537621601495, 3.358535111626435476 ) ) ;
#11278 = ORIENTED_EDGE ( 'NONE', *, *, #4713, .T. ) ;
#11279 = EDGE_CURVE ( 'NONE', #2473, #76, #10267, .T. ) ;
#11280 = ORIENTED_EDGE ( 'NONE', *, *, #2105, .F. ) ;
#11281 = ORIENTED_EDGE ( 'NONE', *, *, #9189, .F. ) ;
#11282 = VECTOR ( 'NONE', #8105, 1000.000000000000000 ) ;
#11283 = EDGE_CURVE ( 'NONE', #10189, #4230, #517, .T. ) ;
#11284 = CARTESIAN_POINT ( 'NONE',  ( -28.20042949702224533, 99.82583987928822467, 18.68350972833517432 ) ) ;
#11285 = EDGE_CURVE ( 'NONE', #6628, #3145, #1462, .T. ) ;
#11286 = VERTEX_POINT ( 'NONE', #10429 ) ;
#11287 = DIRECTION ( 'NONE',  ( 0.000000000000000000, 0.000000000000000000, -1.000000000000000000 ) ) ;
#11288 = FACE_OUTER_BOUND ( 'NONE', #11136, .T. ) ;
#11289 = PRODUCT_DEFINITION ( 'UNKNOWN', '', #5020, #7237 ) ;
#11290 = ORIENTED_EDGE ( 'NONE', *, *, #8808, .F. ) ;
#11291 = LINE ( 'NONE', #3192, #9950 ) ;
#11292 = LINE ( 'NONE', #583, #112 ) ;
#11293 = ORIENTED_EDGE ( 'NONE', *, *, #555, .T. ) ;
#11294 = ORIENTED_EDGE ( 'NONE', *, *, #9217, .T. ) ;
#11295 = ORIENTED_EDGE ( 'NONE', *, *, #9023, .T. ) ;
#11296 = FACE_OUTER_BOUND ( 'NONE', #1690, .T. ) ;
#11297 = LINE ( 'NONE', #5041, #10472 ) ;
#11298 = PLANE ( 'NONE',  #8607 ) ;
#11299 = FACE_OUTER_BOUND ( 'NONE', #10801, .T. ) ;
#11300 = VERTEX_POINT ( 'NONE', #8502 ) ;
#11301 = LINE ( 'NONE', #1488, #11144 ) ;
#11302 = CARTESIAN_POINT ( 'NONE',  ( 82.28307005232315419, 106.5474152028545802, 43.62157532356646072 ) ) ;
#11303 = LINE ( 'NONE', #5227, #10647 ) ;
#11304 = AXIS2_PLACEMENT_3D ( 'NONE', #7420, #7305, #269 ) ;
#11305 = ORIENTED_EDGE ( 'NONE', *, *, #7201, .F. ) ;
#11306 = ORIENTED_EDGE ( 'NONE', *, *, #1380, .T. ) ;
#11307 = VECTOR ( 'NONE', #888, 1000.000000000000000 ) ;
#11308 = DIRECTION ( 'NONE',  ( 0.000000000000000000, 0.000000000000000000, -1.000000000000000000 ) ) ;
#11309 = DIRECTION ( 'NONE',  ( -1.000000000000000000, 0.000000000000000000, -0.000000000000000000 ) ) ;
#11310 = ADVANCED_FACE ( 'NONE', ( #8667 ), #9385, .F. ) ;
#11311 = ORIENTED_EDGE ( 'NONE', *, *, #3144, .T. ) ;
#11312 = CARTESIAN_POINT ( 'NONE',  ( 13.75500000000000433, -24.89937738537090794, 7.542308546125213731 ) ) ;
#11313 = ORIENTED_EDGE ( 'NONE', *, *, #8713, .F. ) ;
#11314 = EDGE_CURVE ( 'NONE', #5397, #3084, #568, .T. ) ;
#11315 = AXIS2_PLACEMENT_3D ( 'NONE', #11518, #10617, #11334 ) ;
#11316 = ORIENTED_EDGE ( 'NONE', *, *, #3878, .F. ) ;
#11317 = CARTESIAN_POINT ( 'NONE',  ( -69.20000000000000284, 6.349999999999997868, -24.58269145387476229 ) ) ;
#11318 = VERTEX_POINT ( 'NONE', #8843 ) ;
#11319 = DIRECTION ( 'NONE',  ( 0.000000000000000000, 0.000000000000000000, -1.000000000000000000 ) ) ;
#11320 = DIRECTION ( 'NONE',  ( 1.521157000053560499E-16, 0.000000000000000000, -1.000000000000000000 ) ) ;
#11321 = DIRECTION ( 'NONE',  ( 0.000000000000000000, 1.000000000000000000, 0.000000000000000000 ) ) ;
#11322 = DIRECTION ( 'NONE',  ( -0.000000000000000000, -1.000000000000000000, -0.000000000000000000 ) ) ;
#11323 = ADVANCED_FACE ( 'NONE', ( #5248 ), #6016, .F. ) ;
#11324 = CARTESIAN_POINT ( 'NONE',  ( -33.11060426392916156, 96.12583987928823603, -4.426490271141811483 ) ) ;
#11325 = CARTESIAN_POINT ( 'NONE',  ( 11.25500000000000433, 6.350000000000001421, 5.042308546125213731 ) ) ;
#11326 = DIRECTION ( 'NONE',  ( 0.000000000000000000, 1.000000000000000000, 0.000000000000000000 ) ) ;
#11327 = ORIENTED_EDGE ( 'NONE', *, *, #10925, .F. ) ;
#11328 = AXIS2_PLACEMENT_3D ( 'NONE', #7170, #9750, #1669 ) ;
#11329 = VERTEX_POINT ( 'NONE', #2410 ) ;
#11330 = VERTEX_POINT ( 'NONE', #1640 ) ;
#11331 = CIRCLE ( 'NONE', #3605, 25.00000000000000000 ) ;
#11332 = DIRECTION ( 'NONE',  ( 0.000000000000000000, 0.000000000000000000, 1.000000000000000000 ) ) ;
#11333 = EDGE_CURVE ( 'NONE', #5656, #5818, #3495, .T. ) ;
#11334 = DIRECTION ( 'NONE',  ( 0.000000000000000000, 1.000000000000000000, 7.965314560035515770E-17 ) ) ;
#11335 = VERTEX_POINT ( 'NONE', #6074 ) ;
#11336 = DIRECTION ( 'NONE',  ( 0.000000000000000000, 0.000000000000000000, -1.000000000000000000 ) ) ;
#11337 = DIRECTION ( 'NONE',  ( -1.000000000000000000, 0.000000000000000000, 0.000000000000000000 ) ) ;
#11338 = ORIENTED_EDGE ( 'NONE', *, *, #7882, .T. ) ;
#11339 = FACE_OUTER_BOUND ( 'NONE', #4709, .T. ) ;
#11340 = DIRECTION ( 'NONE',  ( 1.244710735207247931E-32, -1.000000000000000000, -8.182657905550979512E-17 ) ) ;
#11341 = VERTEX_POINT ( 'NONE', #11639 ) ;
#11342 = ORIENTED_EDGE ( 'NONE', *, *, #4347, .F. ) ;
#11343 = CIRCLE ( 'NONE', #3062, 11.39100661779977841 ) ;
#11344 = VECTOR ( 'NONE', #3214, 1000.000000000000000 ) ;
#11345 = ORIENTED_EDGE ( 'NONE', *, *, #5785, .T. ) ;
#11346 = EDGE_CURVE ( 'NONE', #5160, #3904, #5774, .T. ) ;
#11347 = EDGE_CURVE ( 'NONE', #9740, #8726, #7961, .T. ) ;
#11348 = CARTESIAN_POINT ( 'NONE',  ( -35.61042949676936331, 96.12583987928823603, 18.79369299900851686 ) ) ;
#11349 = PLANE ( 'NONE',  #3761 ) ;
#11350 = ADVANCED_FACE ( 'NONE', ( #1519 ), #5132, .F. ) ;
#11351 = CARTESIAN_POINT ( 'NONE',  ( 82.54999999999999716, 99.82583987928822467, -31.32057563943574507 ) ) ;
#11352 = VECTOR ( 'NONE', #1010, 1000.000000000000000 ) ;
#11353 = AXIS2_PLACEMENT_3D ( 'NONE', #11116, #949, #6521 ) ;
#11354 = VERTEX_POINT ( 'NONE', #1761 ) ;
#11355 = DIRECTION ( 'NONE',  ( 1.000000000000000000, -0.000000000000000000, -1.335278419062900115E-16 ) ) ;
#11356 = CARTESIAN_POINT ( 'NONE',  ( -32.56528265357331264, 97.50000000000000000, 22.30467496797187010 ) ) ;
#11357 = CARTESIAN_POINT ( 'NONE',  ( 33.54999999999999716, 92.00000000000000000, 33.89999999999999147 ) ) ;
#11358 = EDGE_LOOP ( 'NONE', ( #10384, #1641, #11388, #2760 ) ) ;
#11359 = DIRECTION ( 'NONE',  ( 0.000000000000000000, -1.000000000000000000, 0.000000000000000000 ) ) ;
#11360 = DIRECTION ( 'NONE',  ( 0.000000000000000000, 0.9578262852411809636, 0.2873478854995805132 ) ) ;
#11361 = DIRECTION ( 'NONE',  ( -1.000000000000000000, -0.000000000000000000, -0.000000000000000000 ) ) ;
#11362 = ORIENTED_EDGE ( 'NONE', *, *, #8765, .T. ) ;
#11363 = EDGE_LOOP ( 'NONE', ( #7312, #1700, #725, #5979 ) ) ;
#11364 = CIRCLE ( 'NONE', #6278, 0.7999999999998425038 ) ;
#11365 = AXIS2_PLACEMENT_3D ( 'NONE', #7206, #9910, #4485 ) ;
#11366 = AXIS2_PLACEMENT_3D ( 'NONE', #9908, #1834, #6261 ) ;
#11367 = CARTESIAN_POINT ( 'NONE',  ( 82.54999999999999716, 89.17499999999999716, -40.25769145387477010 ) ) ;
#11368 = LINE ( 'NONE', #5833, #3837 ) ;
#11369 = FACE_OUTER_BOUND ( 'NONE', #121, .T. ) ;
#11370 = ORIENTED_EDGE ( 'NONE', *, *, #2850, .T. ) ;
#11371 = CARTESIAN_POINT ( 'NONE',  ( -42.55000000000002558, 98.32583987928822467, 22.30467496797187010 ) ) ;
#11372 = AXIS2_PLACEMENT_3D ( 'NONE', #1513, #511, #5122 ) ;
#11373 = ORIENTED_EDGE ( 'NONE', *, *, #548, .F. ) ;
#11374 = ORIENTED_EDGE ( 'NONE', *, *, #7645, .T. ) ;
#11375 = FACE_OUTER_BOUND ( 'NONE', #4247, .T. ) ;
#11376 = EDGE_LOOP ( 'NONE', ( #5888, #1361, #613, #6803 ) ) ;
#11377 = EDGE_CURVE ( 'NONE', #9361, #2087, #9342, .T. ) ;
#11378 = AXIS2_PLACEMENT_3D ( 'NONE', #1596, #1533, #5148 ) ;
#11379 = AXIS2_PLACEMENT_3D ( 'NONE', #1557, #2450, #10415 ) ;
#11380 = FACE_OUTER_BOUND ( 'NONE', #2177, .T. ) ;
#11381 = EDGE_CURVE ( 'NONE', #11449, #2613, #3411, .T. ) ;
#11382 = DIRECTION ( 'NONE',  ( 0.000000000000000000, 0.000000000000000000, 1.000000000000000000 ) ) ;
#11383 = DIRECTION ( 'NONE',  ( 0.000000000000000000, -1.000000000000000000, 1.365923996832131116E-16 ) ) ;
#11384 = AXIS2_PLACEMENT_3D ( 'NONE', #7031, #8848, #2715 ) ;
#11385 = CARTESIAN_POINT ( 'NONE',  ( -67.12500000000000000, 104.8258398792882247, 40.40000000000004832 ) ) ;
#11386 = CARTESIAN_POINT ( 'NONE',  ( -0.1327752523027176945, 96.12583987928823603, 8.433509402387802112 ) ) ;
#11387 = DIRECTION ( 'NONE',  ( 0.000000000000000000, 0.000000000000000000, -1.000000000000000000 ) ) ;
#11388 = ORIENTED_EDGE ( 'NONE', *, *, #1149, .F. ) ;
#11389 = ORIENTED_EDGE ( 'NONE', *, *, #11283, .F. ) ;
#11390 = ORIENTED_EDGE ( 'NONE', *, *, #8609, .T. ) ;
#11391 = EDGE_CURVE ( 'NONE', #5760, #4548, #8218, .T. ) ;
#11392 = AXIS2_PLACEMENT_3D ( 'NONE', #10029, #9151, #6566 ) ;
#11393 = DIRECTION ( 'NONE',  ( 0.000000000000000000, 0.000000000000000000, -1.000000000000000000 ) ) ;
#11394 = DIRECTION ( 'NONE',  ( -1.000000000000000000, 0.000000000000000000, 0.000000000000000000 ) ) ;
#11395 = ORIENTED_EDGE ( 'NONE', *, *, #9729, .F. ) ;
#11396 = FACE_BOUND ( 'NONE', #10151, .T. ) ;
#11397 = LINE ( 'NONE', #4312, #8783 ) ;
#11398 = DIRECTION ( 'NONE',  ( 0.000000000000000000, 1.000000000000000000, -0.000000000000000000 ) ) ;
#11399 = VECTOR ( 'NONE', #2329, 1000.000000000000000 ) ;
#11400 = CARTESIAN_POINT ( 'NONE',  ( -2.554834269181485580E-15, 72.64000000000000057, -26.48622071973760583 ) ) ;
#11401 = VECTOR ( 'NONE', #5272, 1000.000000000000000 ) ;
#11402 = VECTOR ( 'NONE', #10418, 1000.000000000000000 ) ;
#11403 = CARTESIAN_POINT ( 'NONE',  ( 82.54999999999999716, 6.349999999999999645, 25.39999999999999858 ) ) ;
#11404 = FACE_OUTER_BOUND ( 'NONE', #1499, .T. ) ;
#11405 = EDGE_LOOP ( 'NONE', ( #8201, #1246, #7345, #4027, #7423, #787, #9856, #5995, #755, #10837, #10857, #5436, #6006, #4266, #5359, #6268, #5506, #1792, #3232, #9109 ) ) ;
#11406 = ORIENTED_EDGE ( 'NONE', *, *, #10395, .F. ) ;
#11407 = EDGE_LOOP ( 'NONE', ( #3263, #2947, #4374, #313 ) ) ;
#11408 = EDGE_CURVE ( 'NONE', #1749, #4622, #864, .T. ) ;
#11409 = EDGE_CURVE ( 'NONE', #5451, #15, #1579, .T. ) ;
#11410 = CARTESIAN_POINT ( 'NONE',  ( -50.48689872104514365, 95.20641123616282187, -26.28622525258461451 ) ) ;
#11411 = CIRCLE ( 'NONE', #649, 5.000000000000000888 ) ;
#11412 = VECTOR ( 'NONE', #6808, 1000.000000000000000 ) ;
#11413 = VECTOR ( 'NONE', #3071, 1000.000000000000000 ) ;
#11414 = VECTOR ( 'NONE', #5518, 1000.000000000000000 ) ;
#11415 = DIRECTION ( 'NONE',  ( 0.000000000000000000, 0.000000000000000000, 1.000000000000000000 ) ) ;
#11416 = LINE ( 'NONE', #4377, #1959 ) ;
#11417 = PLANE ( 'NONE',  #10865 ) ;
#11418 = EDGE_LOOP ( 'NONE', ( #1809, #11656, #7869, #8618 ) ) ;
#11419 = FACE_OUTER_BOUND ( 'NONE', #8344, .T. ) ;
#11420 = DIRECTION ( 'NONE',  ( -1.000000000000000000, 0.000000000000000000, 8.863495325085417182E-17 ) ) ;
#11421 = DIRECTION ( 'NONE',  ( 0.000000000000000000, 0.000000000000000000, 1.000000000000000000 ) ) ;
#11422 = EDGE_CURVE ( 'NONE', #11330, #1885, #4445, .T. ) ;
#11423 = ORIENTED_EDGE ( 'NONE', *, *, #11479, .F. ) ;
#11424 = EDGE_CURVE ( 'NONE', #10600, #6050, #8905, .T. ) ;
#11425 = DIRECTION ( 'NONE',  ( 6.025932307130935509E-13, 0.000000000000000000, 1.000000000000000000 ) ) ;
#11426 = DIRECTION ( 'NONE',  ( -9.441849941063534967E-17, -0.7071063548969742651, 0.7071072074758637527 ) ) ;
#11427 = AXIS2_PLACEMENT_3D ( 'NONE', #5243, #8838, #914 ) ;
#11428 = ORIENTED_EDGE ( 'NONE', *, *, #939, .T. ) ;
#11429 = CARTESIAN_POINT ( 'NONE',  ( 82.54999999999999716, 97.50000000000000000, -26.48622071973760228 ) ) ;
#11430 = ORIENTED_EDGE ( 'NONE', *, *, #2675, .F. ) ;
#11431 = EDGE_CURVE ( 'NONE', #8232, #263, #2589, .T. ) ;
#11432 = DIRECTION ( 'NONE',  ( -1.190923780745271205E-16, -0.4522489799946727840, 0.8918917311500192957 ) ) ;
#11433 = VECTOR ( 'NONE', #1083, 1000.000000000000114 ) ;
#11434 = CARTESIAN_POINT ( 'NONE',  ( 80.37500000000000000, 61.63999999999999346, -5.257691453874764775 ) ) ;
#11435 = AXIS2_PLACEMENT_3D ( 'NONE', #5975, #9561, #9736 ) ;
#11436 = CARTESIAN_POINT ( 'NONE',  ( -41.55000000000002558, 98.32583987928822467, 22.30467496797187010 ) ) ;
#11437 = CARTESIAN_POINT ( 'NONE',  ( -50.48689872104515075, 95.28999999999417980, 0.5200140716803901553 ) ) ;
#11438 = EDGE_CURVE ( 'NONE', #9054, #5022, #10728, .T. ) ;
#11439 = ORIENTED_EDGE ( 'NONE', *, *, #3128, .T. ) ;
#11440 = EDGE_CURVE ( 'NONE', #4441, #5935, #8774, .T. ) ;
#11441 = CARTESIAN_POINT ( 'NONE',  ( 0.000000000000000000, 6.349999999999999645, 21.38115427306259875 ) ) ;
#11442 = LINE ( 'NONE', #1501, #38 ) ;
#11443 = EDGE_CURVE ( 'NONE', #6663, #7322, #2554, .T. ) ;
#11444 = VERTEX_POINT ( 'NONE', #3288 ) ;
#11445 = ORIENTED_EDGE ( 'NONE', *, *, #6748, .F. ) ;
#11446 = ORIENTED_EDGE ( 'NONE', *, *, #3548, .F. ) ;
#11447 = DIRECTION ( 'NONE',  ( -6.982552095378596374E-32, 1.000000000000000000, 5.229285515060565227E-16 ) ) ;
#11448 = AXIS2_PLACEMENT_3D ( 'NONE', #10348, #3261, #2270 ) ;
#11449 = VERTEX_POINT ( 'NONE', #2470 ) ;
#11450 = CARTESIAN_POINT ( 'NONE',  ( 82.54999999999999716, 104.8258398792882105, -27.12507748354934023 ) ) ;
#11451 = DIRECTION ( 'NONE',  ( -0.000000000000000000, -0.000000000000000000, -1.000000000000000000 ) ) ;
#11452 = LINE ( 'NONE', #6838, #7084 ) ;
#11453 = LINE ( 'NONE', #4242, #10810 ) ;
#11454 = DIRECTION ( 'NONE',  ( 0.000000000000000000, -1.000000000000000000, 1.365923996832131116E-16 ) ) ;
#11455 = LINE ( 'NONE', #5246, #8141 ) ;
#11456 = DIRECTION ( 'NONE',  ( 1.527355698137925406E-16, 0.000000000000000000, 1.000000000000000000 ) ) ;
#11457 = DIRECTION ( 'NONE',  ( 0.000000000000000000, -0.000000000000000000, 1.000000000000000000 ) ) ;
#11458 = ORIENTED_EDGE ( 'NONE', *, *, #10861, .F. ) ;
#11459 = ORIENTED_EDGE ( 'NONE', *, *, #567, .T. ) ;
#11460 = ORIENTED_EDGE ( 'NONE', *, *, #1657, .F. ) ;
#11461 = LINE ( 'NONE', #10554, #191 ) ;
#11462 = PLANE ( 'NONE',  #4715 ) ;
#11463 = ORIENTED_EDGE ( 'NONE', *, *, #1752, .F. ) ;
#11464 = DIRECTION ( 'NONE',  ( -0.000000000000000000, 1.000000000000000000, -1.365923996832131116E-16 ) ) ;
#11465 = FACE_OUTER_BOUND ( 'NONE', #594, .T. ) ;
#11466 = EDGE_CURVE ( 'NONE', #4183, #10189, #6139, .T. ) ;
#11467 = LINE ( 'NONE', #5082, #9912 ) ;
#11468 = DIRECTION ( 'NONE',  ( 0.000000000000000000, 0.000000000000000000, 1.000000000000000000 ) ) ;
#11469 = DIRECTION ( 'NONE',  ( -1.000000000000000000, 0.000000000000000000, -0.000000000000000000 ) ) ;
#11470 = VERTEX_POINT ( 'NONE', #920 ) ;
#11471 = ORIENTED_EDGE ( 'NONE', *, *, #8315, .T. ) ;
#11472 = ORIENTED_EDGE ( 'NONE', *, *, #7948, .T. ) ;
#11473 = ORIENTED_EDGE ( 'NONE', *, *, #8956, .T. ) ;
#11474 = CARTESIAN_POINT ( 'NONE',  ( -46.58189872104514251, 95.10731456396575823, 3.358535111626434144 ) ) ;
#11475 = LINE ( 'NONE', #8751, #5404 ) ;
#11476 = DIRECTION ( 'NONE',  ( 0.000000000000000000, 0.000000000000000000, -1.000000000000000000 ) ) ;
#11477 = CARTESIAN_POINT ( 'NONE',  ( 82.54999999999999716, 61.63999999999999346, 5.399999999999991473 ) ) ;
#11478 = DIRECTION ( 'NONE',  ( 0.000000000000000000, 0.000000000000000000, 1.000000000000000000 ) ) ;
#11479 = EDGE_CURVE ( 'NONE', #3234, #9372, #10912, .T. ) ;
#11480 = EDGE_CURVE ( 'NONE', #11354, #5626, #8260, .T. ) ;
#11481 = VERTEX_POINT ( 'NONE', #3586 ) ;
#11482 = FACE_OUTER_BOUND ( 'NONE', #7935, .T. ) ;
#11483 = CARTESIAN_POINT ( 'NONE',  ( 81.52553813077416578, 107.8757888344393479, 43.42497447757553175 ) ) ;
#11484 = ORIENTED_EDGE ( 'NONE', *, *, #8928, .T. ) ;
#11485 = VERTEX_POINT ( 'NONE', #5432 ) ;
#11486 = DIRECTION ( 'NONE',  ( -0.000000000000000000, -1.000000000000000000, -0.000000000000000000 ) ) ;
#11487 = CIRCLE ( 'NONE', #1116, 1.000000000000000888 ) ;
#11488 = DIRECTION ( 'NONE',  ( 0.000000000000000000, 0.000000000000000000, 1.000000000000000000 ) ) ;
#11489 = CARTESIAN_POINT ( 'NONE',  ( 11.25500000000000433, -24.89937738537090794, 13.89999999999999680 ) ) ;
#11490 = EDGE_CURVE ( 'NONE', #15, #3429, #10074, .T. ) ;
#11491 = ORIENTED_EDGE ( 'NONE', *, *, #117, .F. ) ;
#11492 = CARTESIAN_POINT ( 'NONE',  ( -46.58189872104514251, 96.40000537621601495, 3.358535111626435921 ) ) ;
#11493 = DIRECTION ( 'NONE',  ( 0.000000000000000000, 0.000000000000000000, 1.000000000000000000 ) ) ;
#11494 = DIRECTION ( 'NONE',  ( 1.000000000000000000, 0.000000000000000000, 1.335278419062900361E-16 ) ) ;
#11495 = VERTEX_POINT ( 'NONE', #228 ) ;
#11496 = DIRECTION ( 'NONE',  ( 0.000000000000000000, 0.000000000000000000, 1.000000000000000000 ) ) ;
#11497 = VERTEX_POINT ( 'NONE', #3817 ) ;
#11498 = LINE ( 'NONE', #6900, #7351 ) ;
#11499 = VECTOR ( 'NONE', #5026, 1000.000000000000000 ) ;
#11500 = ORIENTED_EDGE ( 'NONE', *, *, #9659, .F. ) ;
#11501 = EDGE_CURVE ( 'NONE', #10533, #8506, #9077, .T. ) ;
#11502 = EDGE_CURVE ( 'NONE', #10343, #7860, #1605, .T. ) ;
#11503 = EDGE_CURVE ( 'NONE', #1293, #7071, #11030, .T. ) ;
#11504 = LINE ( 'NONE', #3406, #7657 ) ;
#11505 = DIRECTION ( 'NONE',  ( 0.000000000000000000, 0.000000000000000000, -1.000000000000000000 ) ) ;
#11506 = LINE ( 'NONE', #9721, #823 ) ;
#11507 = CARTESIAN_POINT ( 'NONE',  ( 76.81501998216515403, 5.099999999999999645, 17.92115427298595876 ) ) ;
#11508 = DIRECTION ( 'NONE',  ( 0.000000000000000000, 0.000000000000000000, -1.000000000000000000 ) ) ;
#11509 = AXIS2_PLACEMENT_3D ( 'NONE', #3079, #6743, #8510 ) ;
#11510 = DIRECTION ( 'NONE',  ( 0.000000000000000000, 1.000000000000000000, 0.000000000000000000 ) ) ;
#11511 = ORIENTED_EDGE ( 'NONE', *, *, #10765, .T. ) ;
#11512 = ORIENTED_EDGE ( 'NONE', *, *, #97, .T. ) ;
#11513 = ORIENTED_EDGE ( 'NONE', *, *, #1547, .F. ) ;
#11514 = CARTESIAN_POINT ( 'NONE',  ( -50.48689872104515075, 75.48946397805705999, -21.83805926787198715 ) ) ;
#11515 = EDGE_CURVE ( 'NONE', #2439, #9661, #9138, .T. ) ;
#11516 = CIRCLE ( 'NONE', #7927, 2.500000000000002220 ) ;
#11517 = LINE ( 'NONE', #10615, #6471 ) ;
#11518 = CARTESIAN_POINT ( 'NONE',  ( 0.000000000000000000, 2.628410600250725178E-15, -32.75769145387477721 ) ) ;
#11519 = ORIENTED_EDGE ( 'NONE', *, *, #3416, .F. ) ;
#11520 = DIRECTION ( 'NONE',  ( 0.000000000000000000, 0.7071072074758637527, 0.7071063548969742651 ) ) ;
#11521 = FACE_OUTER_BOUND ( 'NONE', #10731, .T. ) ;
#11522 = VECTOR ( 'NONE', #5990, 1000.000000000000000 ) ;
#11523 = CARTESIAN_POINT ( 'NONE',  ( -79.37500000000001421, 90.00000000000000000, -37.08269145387477295 ) ) ;
#11524 = FACE_OUTER_BOUND ( 'NONE', #10808, .T. ) ;
#11525 = CARTESIAN_POINT ( 'NONE',  ( 77.61250000000001137, 82.35514882866895903, -32.75769145387477010 ) ) ;
#11526 = VERTEX_POINT ( 'NONE', #9900 ) ;
#11527 = EDGE_LOOP ( 'NONE', ( #11294, #4753, #2061, #2899 ) ) ;
#11528 = ORIENTED_EDGE ( 'NONE', *, *, #7067, .F. ) ;
#11529 = EDGE_CURVE ( 'NONE', #1300, #4306, #4531, .T. ) ;
#11530 = DIRECTION ( 'NONE',  ( 0.000000000000000000, 0.000000000000000000, 1.000000000000000000 ) ) ;
#11531 = DIRECTION ( 'NONE',  ( -0.000000000000000000, -1.000000000000000000, -0.000000000000000000 ) ) ;
#11532 = CARTESIAN_POINT ( 'NONE',  ( 79.37500000000000000, 67.34020753820968253, 5.399999999999987921 ) ) ;
#11533 = ORIENTED_EDGE ( 'NONE', *, *, #3014, .F. ) ;
#11534 = CARTESIAN_POINT ( 'NONE',  ( 46.58189872104514251, 72.64000000000000057, 19.12967496797186939 ) ) ;
#11535 = DIRECTION ( 'NONE',  ( -1.527355698137925406E-16, 0.000000000000000000, -1.000000000000000000 ) ) ;
#11536 = CARTESIAN_POINT ( 'NONE',  ( 16.75499999999997769, -27.00000000000000355, -2.559084472230090991E-15 ) ) ;
#11537 = CIRCLE ( 'NONE', #1931, 25.00000000000000000 ) ;
#11538 = EDGE_LOOP ( 'NONE', ( #7980, #1956, #4249, #2183 ) ) ;
#11539 = DIRECTION ( 'NONE',  ( -1.000000000000000000, 0.000000000000000000, -1.335278419062900361E-16 ) ) ;
#11540 = AXIS2_PLACEMENT_3D ( 'NONE', #9643, #5113, #4164 ) ;
#11541 = CARTESIAN_POINT ( 'NONE',  ( 53.05138322153545261, 8.274999999999998579, 15.82115058466707858 ) ) ;
#11542 = PLANE ( 'NONE',  #10273 ) ;
#11543 = ORIENTED_EDGE ( 'NONE', *, *, #9938, .T. ) ;
#11544 = CARTESIAN_POINT ( 'NONE',  ( 4.999570503068141214, 109.8258398792882247, 11.89999999999998614 ) ) ;
#11545 = VERTEX_POINT ( 'NONE', #2708 ) ;
#11546 = ADVANCED_FACE ( 'NONE', ( #6320 ), #2005, .F. ) ;
#11547 = EDGE_CURVE ( 'NONE', #9663, #6740, #1158, .T. ) ;
#11548 = CIRCLE ( 'NONE', #2679, 26.00000000000000355 ) ;
#11549 = VECTOR ( 'NONE', #9818, 1000.000000000000000 ) ;
#11550 = AXIS2_PLACEMENT_3D ( 'NONE', #10322, #7624, #4897 ) ;
#11551 = CARTESIAN_POINT ( 'NONE',  ( -5.000429496931850792, 119.8258398792882105, 4.963509728450992142 ) ) ;
#11552 = CARTESIAN_POINT ( 'NONE',  ( -30.00042949693185079, 119.8258398792882105, 36.89999999999998437 ) ) ;
#11553 = DIRECTION ( 'NONE',  ( 0.000000000000000000, -1.000000000000000000, 0.000000000000000000 ) ) ;
#11554 = EDGE_LOOP ( 'NONE', ( #7674, #1050, #9974, #5744 ) ) ;
#11555 = DIRECTION ( 'NONE',  ( -0.000000000000000000, 0.000000000000000000, 1.000000000000000000 ) ) ;
#11556 = CARTESIAN_POINT ( 'NONE',  ( 52.36501998304115091, 8.274999999999998579, 19.07115427297831900 ) ) ;
#11557 = CARTESIAN_POINT ( 'NONE',  ( -5.000429496931850792, 119.8299752807307357, -15.03649027154900963 ) ) ;
#11558 = CIRCLE ( 'NONE', #4372, 1.149999999999999689 ) ;
#11559 = VERTEX_POINT ( 'NONE', #10136 ) ;
#11560 = AXIS2_PLACEMENT_3D ( 'NONE', #6346, #1791, #8997 ) ;
#11561 = ORIENTED_EDGE ( 'NONE', *, *, #2048, .T. ) ;
#11562 = CIRCLE ( 'NONE', #10036, 1.150000000000001688 ) ;
#11563 = CARTESIAN_POINT ( 'NONE',  ( 50.48689872104515075, 94.56476577691782381, -8.504985928319962696 ) ) ;
#11564 = ORIENTED_EDGE ( 'NONE', *, *, #175, .T. ) ;
#11565 = EDGE_CURVE ( 'NONE', #7401, #11318, #7477, .T. ) ;
#11566 = EDGE_CURVE ( 'NONE', #4423, #1300, #1828, .T. ) ;
#11567 = CARTESIAN_POINT ( 'NONE',  ( -50.48689872104515075, 78.54000537782802382, -2.374168628343575449 ) ) ;
#11568 = DIRECTION ( 'NONE',  ( 0.000000000000000000, 9.870233350266327087E-07, 0.9999999999995128341 ) ) ;
#11569 = DIRECTION ( 'NONE',  ( 0.000000000000000000, 0.000000000000000000, -1.000000000000000000 ) ) ;
#11570 = CARTESIAN_POINT ( 'NONE',  ( 43.40689872104513825, 90.00000000000000000, -29.66122071973760299 ) ) ;
#11571 = VECTOR ( 'NONE', #4065, 1000.000000000000000 ) ;
#11572 = LINE ( 'NONE', #7959, #6638 ) ;
#11573 = ADVANCED_FACE ( 'NONE', ( #4707 ), #8135, .F. ) ;
#11574 = DIRECTION ( 'NONE',  ( -0.7071067811865489050, -0.7071067811865462405, 0.000000000000000000 ) ) ;
#11575 = EDGE_CURVE ( 'NONE', #3042, #1857, #11690, .T. ) ;
#11576 = VERTEX_POINT ( 'NONE', #2770 ) ;
#11577 = ORIENTED_EDGE ( 'NONE', *, *, #4276, .T. ) ;
#11578 = ORIENTED_EDGE ( 'NONE', *, *, #2891, .T. ) ;
#11579 = ADVANCED_FACE ( 'NONE', ( #9957 ), #1882, .T. ) ;
#11580 = VECTOR ( 'NONE', #5957, 1000.000000000000000 ) ;
#11581 = CARTESIAN_POINT ( 'NONE',  ( -82.54999999999999716, -25.96446609406726935, -11.73658713754635841 ) ) ;
#11582 = CARTESIAN_POINT ( 'NONE',  ( -51.69999999999998153, 109.8258398792882247, 46.90000000000009095 ) ) ;
#11583 = ORIENTED_EDGE ( 'NONE', *, *, #6148, .T. ) ;
#11584 = DIRECTION ( 'NONE',  ( -1.000000000000000000, 0.000000000000000000, 3.042040291059723567E-16 ) ) ;
#11585 = LINE ( 'NONE', #10685, #5012 ) ;
#11586 = DIRECTION ( 'NONE',  ( -0.000000000000000000, -1.000000000000000000, -0.000000000000000000 ) ) ;
#11587 = VECTOR ( 'NONE', #3284, 1000.000000000000000 ) ;
#11588 = VERTEX_POINT ( 'NONE', #3938 ) ;
#11589 = CARTESIAN_POINT ( 'NONE',  ( -46.58189872104514251, 69.76620664861324883, -5.531647977673591399 ) ) ;
#11590 = CARTESIAN_POINT ( 'NONE',  ( 33.75500000000002387, 10.00000000000000000, -3.738845726937403580 ) ) ;
#11591 = EDGE_CURVE ( 'NONE', #8170, #7311, #10191, .T. ) ;
#11592 = VERTEX_POINT ( 'NONE', #2115 ) ;
#11593 = CIRCLE ( 'NONE', #3276, 1.149999999999998135 ) ;
#11594 = EDGE_LOOP ( 'NONE', ( #8738, #201, #10229, #10518 ) ) ;
#11595 = ORIENTED_EDGE ( 'NONE', *, *, #8478, .T. ) ;
#11596 = CARTESIAN_POINT ( 'NONE',  ( 79.37500000000000000, 58.93999999999998352, -5.957898992084452061 ) ) ;
#11597 = DIRECTION ( 'NONE',  ( 0.000000000000000000, -0.000000000000000000, 1.000000000000000000 ) ) ;
#11598 = CONICAL_SURFACE ( 'NONE', #6699, 5.999999999999954703, 0.9599310885968803664 ) ;
#11599 = DIRECTION ( 'NONE',  ( 0.000000000000000000, 1.000000000000000000, 0.000000000000000000 ) ) ;
#11600 = CARTESIAN_POINT ( 'NONE',  ( 80.37500000000000000, 53.93999999999999062, 5.399999999999993250 ) ) ;
#11601 = VECTOR ( 'NONE', #9623, 1000.000000000000000 ) ;
#11602 = VERTEX_POINT ( 'NONE', #458 ) ;
#11603 = LINE ( 'NONE', #3556, #9461 ) ;
#11604 = DIRECTION ( 'NONE',  ( 0.000000000000000000, -0.000000000000000000, 1.000000000000000000 ) ) ;
#11605 = CARTESIAN_POINT ( 'NONE',  ( -43.40689872104514535, 74.78999999999417980, 0.5200140716803901553 ) ) ;
#11606 = VERTEX_POINT ( 'NONE', #6607 ) ;
#11607 = FACE_OUTER_BOUND ( 'NONE', #9336, .T. ) ;
#11608 = LINE ( 'NONE', #3505, #1798 ) ;
#11609 = DIRECTION ( 'NONE',  ( -0.8191520442889852482, 0.000000000000000000, -0.5735764363510553743 ) ) ;
#11610 = ORIENTED_EDGE ( 'NONE', *, *, #8749, .T. ) ;
#11611 =( BOUNDED_SURFACE ( )  B_SPLINE_SURFACE ( 3, 2, ( 
 ( #10126, #10240, #2991 ),
 ( #334, #3747, #11133 ),
 ( #387, #1144, #7425 ),
 ( #4752, #8359, #2163 ),
 ( #274, #8475, #3978 ),
 ( #7596, #3861, #7486 ),
 ( #11192, #3100, #6708 ),
 ( #10301, #5100, #1489 ),
 ( #4989, #4098, #8697 ),
 ( #10463, #8588, #1314 ),
 ( #7821, #5878, #11483 ),
 ( #7709, #7880, #6941 ),
 ( #4038, #11302, #10352 ),
 ( #3208, #2274, #6817 ),
 ( #4930, #9411, #3325 ),
 ( #3381, #9525, #9469 ) ),
 .UNSPECIFIED., .F., .F., .T. ) 
 B_SPLINE_SURFACE_WITH_KNOTS ( ( 4, 2, 2, 2, 2, 2, 2, 4 ),
 ( 3, 3 ),
 ( 6.283185307179586232, 6.479534848028948524, 6.675884388878310816, 6.872233929727672219, 7.068583470577034511, 7.264933011426396803, 7.461282552275758206, 7.853981633974482790 ),
 ( 0.000000000000000000, 1.000000000000000000 ),
 .UNSPECIFIED. ) 
 GEOMETRIC_REPRESENTATION_ITEM ( )  RATIONAL_B_SPLINE_SURFACE ( (
 ( 1.000000000000000000, 0.7071067811865475727, 1.000000000000000000),
 ( 1.000000000000000000, 0.7070717273042794737, 1.000000000000000000),
 ( 1.000000000000000000, 0.7117460039579095454, 1.000000000000000000),
 ( 1.000000000000000000, 0.7291288925854069181, 1.000000000000000000),
 ( 1.000000000000000000, 0.7418334198131985024, 1.000000000000000000),
 ( 1.000000000000000000, 0.7723968198840052146, 1.000000000000000000),
 ( 1.000000000000000000, 0.7902180103237482767, 1.000000000000000000),
 ( 1.000000000000000000, 0.8275942679195926743, 1.000000000000000000),
 ( 1.000000000000000000, 0.8471316616387224441, 1.000000000000000000),
 ( 1.000000000000000000, 0.8849191459301525287, 1.000000000000000000),
 ( 1.000000000000000000, 0.9031651001990980143, 1.000000000000000000),
 ( 1.000000000000000000, 0.9360421834872965086, 1.000000000000000000),
 ( 1.000000000000000000, 0.9506740358621562637, 1.000000000000000000),
 ( 1.000000000000000000, 0.9867291879191566473, 1.000000000000000000),
 ( 1.000000000000000000, 1.000158581772831567, 1.000000000000000000),
 ( 1.000000000000000000, 1.000000000000000000, 1.000000000000000000) ) ) 
 REPRESENTATION_ITEM ( '' )  SURFACE ( )  );
#11612 = ORIENTED_EDGE ( 'NONE', *, *, #9807, .F. ) ;
#11613 = VECTOR ( 'NONE', #10563, 1000.000000000000000 ) ;
#11614 = AXIS2_PLACEMENT_3D ( 'NONE', #4658, #340, #10250 ) ;
#11615 = AXIS2_PLACEMENT_3D ( 'NONE', #4518, #10776, #10834 ) ;
#11616 = VECTOR ( 'NONE', #10996, 1000.000000000000227 ) ;
#11617 = DIRECTION ( 'NONE',  ( -1.778091562876227272E-15, 0.000000000000000000, -1.000000000000000000 ) ) ;
#11618 = CARTESIAN_POINT ( 'NONE',  ( 61.81289880791658931, 8.274999999999998579, 18.26344096711873277 ) ) ;
#11619 = DIRECTION ( 'NONE',  ( -1.218707698843631781E-16, 0.000000000000000000, -1.000000000000000000 ) ) ;
#11620 = AXIS2_PLACEMENT_3D ( 'NONE', #5302, #3643, #8897 ) ;
#11621 = ORIENTED_EDGE ( 'NONE', *, *, #11347, .T. ) ;
#11622 = CIRCLE ( 'NONE', #3872, 2.499999999999995115 ) ;
#11623 = LINE ( 'NONE', #10714, #6999 ) ;
#11624 = LINE ( 'NONE', #4468, #7454 ) ;
#11625 = LINE ( 'NONE', #7187, #4620 ) ;
#11626 = EDGE_CURVE ( 'NONE', #9579, #9620, #4670, .T. ) ;
#11627 = ORIENTED_EDGE ( 'NONE', *, *, #6809, .F. ) ;
#11628 = ORIENTED_EDGE ( 'NONE', *, *, #10303, .T. ) ;
#11629 = EDGE_LOOP ( 'NONE', ( #11293, #10252, #6461, #8908, #8188 ) ) ;
#11630 = VECTOR ( 'NONE', #779, 1000.000000000000000 ) ;
#11631 = VECTOR ( 'NONE', #7096, 1000.000000000000000 ) ;
#11632 = CARTESIAN_POINT ( 'NONE',  ( -61.81289880791658931, 5.099999999999999645, 18.26344096711873277 ) ) ;
#11633 = CARTESIAN_POINT ( 'NONE',  ( 50.48689872104515075, 72.67999878751419374, 2.358530551520389817 ) ) ;
#11634 = FACE_OUTER_BOUND ( 'NONE', #8503, .T. ) ;
#11635 = CARTESIAN_POINT ( 'NONE',  ( -33.11070517773367072, 97.50000000000000000, -1.926765952349186017 ) ) ;
#11636 = CARTESIAN_POINT ( 'NONE',  ( -12.14185792547474030, 109.8258398792882247, 36.89999999999997726 ) ) ;
#11637 = ADVANCED_FACE ( 'NONE', ( #6830 ), #2178, .F. ) ;
#11638 = EDGE_CURVE ( 'NONE', #8747, #2591, #7499, .T. ) ;
#11639 = CARTESIAN_POINT ( 'NONE',  ( 41.54999999999999716, 97.82583987928822467, 33.89999999999999147 ) ) ;
#11640 = VECTOR ( 'NONE', #6991, 1000.000000000000000 ) ;
#11641 = ORIENTED_EDGE ( 'NONE', *, *, #6956, .F. ) ;
#11642 = ORIENTED_EDGE ( 'NONE', *, *, #6021, .T. ) ;
#11643 = EDGE_LOOP ( 'NONE', ( #4028, #10873, #7157, #10221 ) ) ;
#11644 = CARTESIAN_POINT ( 'NONE',  ( -67.12500000000000000, 99.82583987928822467, 40.40000000000004832 ) ) ;
#11645 = CARTESIAN_POINT ( 'NONE',  ( -79.37500000000001421, 6.349999999999999645, -6.985329661611391572 ) ) ;
#11646 = ORIENTED_EDGE ( 'NONE', *, *, #10790, .F. ) ;
#11647 = DIRECTION ( 'NONE',  ( -9.441849941063534967E-17, 0.7071063548969742651, -0.7071072074758637527 ) ) ;
#11648 = DIRECTION ( 'NONE',  ( 0.000000000000000000, 1.000000000000000000, 0.000000000000000000 ) ) ;
#11649 = CARTESIAN_POINT ( 'NONE',  ( 4.999570503068141214, 124.8258398792882247, 11.89999999999998614 ) ) ;
#11650 = EDGE_CURVE ( 'NONE', #5802, #9803, #8603, .T. ) ;
#11651 = VERTEX_POINT ( 'NONE', #1274 ) ;
#11652 = CARTESIAN_POINT ( 'NONE',  ( 50.48689872104515075, 74.78999999999417980, 0.5200140716803901553 ) ) ;
#11653 = CARTESIAN_POINT ( 'NONE',  ( 43.40689872104513825, 90.00000000000000000, 22.30467496797187010 ) ) ;
#11654 = EDGE_LOOP ( 'NONE', ( #10821, #1190 ) ) ;
#11655 = ORIENTED_EDGE ( 'NONE', *, *, #6200, .F. ) ;
#11656 = ORIENTED_EDGE ( 'NONE', *, *, #4743, .T. ) ;
#11657 = EDGE_CURVE ( 'NONE', #2452, #1174, #4887, .T. ) ;
#11658 = EDGE_CURVE ( 'NONE', #4306, #100, #399, .T. ) ;
#11659 = DIRECTION ( 'NONE',  ( -0.000000000000000000, -1.000000000000000000, -0.000000000000000000 ) ) ;
#11660 = ADVANCED_FACE ( 'NONE', ( #9422 ), #5837, .F. ) ;
#11661 = ORIENTED_EDGE ( 'NONE', *, *, #7606, .T. ) ;
#11662 = DIRECTION ( 'NONE',  ( -0.8191520442889839160, 0.5735764363510573727, 0.000000000000000000 ) ) ;
#11663 = CARTESIAN_POINT ( 'NONE',  ( -5.000429496931848128, 119.8301161607049750, 31.89999999999999147 ) ) ;
#11664 = LINE ( 'NONE', #10701, #1738 ) ;
#11665 = ORIENTED_EDGE ( 'NONE', *, *, #5184, .T. ) ;
#11666 = CARTESIAN_POINT ( 'NONE',  ( -0.0004294969318460739593, 124.8258398792882247, 8.433509728450992782 ) ) ;
#11667 = DIRECTION ( 'NONE',  ( -1.000000000000000000, 0.000000000000000000, 2.131755774931517135E-14 ) ) ;
#11668 = FACE_OUTER_BOUND ( 'NONE', #197, .T. ) ;
#11669 = ORIENTED_EDGE ( 'NONE', *, *, #1375, .T. ) ;
#11670 = EDGE_LOOP ( 'NONE', ( #3313, #2848, #2978, #6176, #6424 ) ) ;
#11671 = ORIENTED_EDGE ( 'NONE', *, *, #7895, .T. ) ;
#11672 = FACE_OUTER_BOUND ( 'NONE', #2912, .T. ) ;
#11673 = CARTESIAN_POINT ( 'NONE',  ( 81.55000000000001137, 61.63999999999999346, 10.39999999999999325 ) ) ;
#11674 = DIRECTION ( 'NONE',  ( 0.9999999999984094945, 0.000000000000000000, 1.783514045278184224E-06 ) ) ;
#11675 = ORIENTED_EDGE ( 'NONE', *, *, #4391, .T. ) ;
#11676 = CARTESIAN_POINT ( 'NONE',  ( -77.54999999999999716, 99.82583987928822467, 41.90000000000009805 ) ) ;
#11677 = DIRECTION ( 'NONE',  ( -0.000000000000000000, -1.000000000000000000, -0.000000000000000000 ) ) ;
#11678 = LINE ( 'NONE', #908, #11035 ) ;
#11679 = ORIENTED_EDGE ( 'NONE', *, *, #650, .T. ) ;
#11680 = ORIENTED_EDGE ( 'NONE', *, *, #1586, .T. ) ;
#11681 = ORIENTED_EDGE ( 'NONE', *, *, #1978, .F. ) ;
#11682 = CARTESIAN_POINT ( 'NONE',  ( 0.000000000000000000, -27.00000000000000355, 21.38115427306259875 ) ) ;
#11683 = EDGE_CURVE ( 'NONE', #10779, #3904, #10361, .T. ) ;
#11684 = DIRECTION ( 'NONE',  ( 1.000000000000000000, 0.000000000000000000, 1.335278419062900361E-16 ) ) ;
#11685 = CARTESIAN_POINT ( 'NONE',  ( 173.3018692371333032, 18.85000000000000497, -37.08269145387476584 ) ) ;
#11686 = CARTESIAN_POINT ( 'NONE',  ( 4.999570503068141214, 110.8258398792882247, 11.89999999999998614 ) ) ;
#11687 = CARTESIAN_POINT ( 'NONE',  ( 82.54999999999999716, 99.82583987928822467, 41.90000000000009805 ) ) ;
#11688 = CARTESIAN_POINT ( 'NONE',  ( 3.332903842816064888, 119.8510169630564519, -20.03649027154900253 ) ) ;
#11689 = VECTOR ( 'NONE', #8661, 1000.000000000000000 ) ;
#11690 = LINE ( 'NONE', #58, #10455 ) ;
#11691 = VECTOR ( 'NONE', #3461, 1000.000000000000000 ) ;
#11692 = ORIENTED_EDGE ( 'NONE', *, *, #5070, .F. ) ;
ENDSEC;
END-ISO-10303-21;
