ISO-10303-21;
HEADER;
FILE_DESCRIPTION (( 'STEP AP214' ),
    '1' );
FILE_NAME ('Foot_V2.STEP',
    '2026-02-28T21:57:22',
    ( '' ),
    ( '' ),
    'SwSTEP 2.0',
    'SolidWorks 2025',
    '' );
FILE_SCHEMA (( 'AUTOMOTIVE_DESIGN' ));
ENDSEC;

DATA;
#1 = CARTESIAN_POINT ( 'NONE',  ( -4.341454496251117965E-15, 32.81078131220588290, -68.96083171738970918 ) ) ;
#2 = CARTESIAN_POINT ( 'NONE',  ( -8.348528904774273229, 26.50000000000000355, -75.96690662723524667 ) ) ;
#3 = ORIENTED_EDGE ( 'NONE', *, *, #442, .F. ) ;
#4 = CARTESIAN_POINT ( 'NONE',  ( 26.48396489699503675, 2.999999999999999556, -120.3676642735604929 ) ) ;
#5 = CARTESIAN_POINT ( 'NONE',  ( 15.63465815209762155, 3.000000000000369038, -7.128811628069008144 ) ) ;
#6 = FACE_BOUND ( 'NONE', #7286, .T. ) ;
#7 = CARTESIAN_POINT ( 'NONE',  ( 5.446017554233178792, 7.175214275145758158, -139.6801674495990540 ) ) ;
#8 = CARTESIAN_POINT ( 'NONE',  ( 10.34135249302956261, 7.500000000000012434, -2.936657812420853997 ) ) ;
#9 = CARTESIAN_POINT ( 'NONE',  ( -21.11581871622968265, 20.21024108782597395, -81.39690650690624807 ) ) ;
#10 = DIRECTION ( 'NONE',  ( 0.000000000000000000, 0.000000000000000000, -1.000000000000000000 ) ) ;
#11 = ORIENTED_EDGE ( 'NONE', *, *, #6188, .F. ) ;
#12 = CARTESIAN_POINT ( 'NONE',  ( -1.403188551753369095, 26.50000000000000355, -117.7577527335970728 ) ) ;
#13 = CARTESIAN_POINT ( 'NONE',  ( -25.98195924905037302, -5.423685244530802323E-13, -63.17879004914576768 ) ) ;
#14 = CARTESIAN_POINT ( 'NONE',  ( 18.84999643441695127, 34.00000000000000000, -85.15000000000063096 ) ) ;
#15 = CARTESIAN_POINT ( 'NONE',  ( -16.00369875098198591, 3.000000000000002220, -131.7553307150570561 ) ) ;
#16 = CARTESIAN_POINT ( 'NONE',  ( 23.47013714138561724, 0.000000000000000000, -56.51516646757161766 ) ) ;
#17 = CARTESIAN_POINT ( 'NONE',  ( 21.65406701809513379, 21.21120484276788432, -89.88011095753741131 ) ) ;
#18 = CARTESIAN_POINT ( 'NONE',  ( 12.66394349059243574, 3.000000000000000000, -8.512921481012085678 ) ) ;
#19 = CARTESIAN_POINT ( 'NONE',  ( -24.11845524896610016, 7.267067428138295426, -129.0125319007702842 ) ) ;
#20 = CARTESIAN_POINT ( 'NONE',  ( 13.28879828343542080, 26.50000000000000355, -83.28984584433449356 ) ) ;
#21 = CARTESIAN_POINT ( 'NONE',  ( 15.64174737237652302, 26.50000000000000355, -98.49233062240170966 ) ) ;
#22 = CARTESIAN_POINT ( 'NONE',  ( -18.84999643441695483, 50.10999999999987864, -94.75000000000054001 ) ) ;
#23 = ORIENTED_EDGE ( 'NONE', *, *, #6087, .F. ) ;
#24 = CARTESIAN_POINT ( 'NONE',  ( 31.16705750183906787, 2.999999999999255262, -94.28594962465132312 ) ) ;
#25 = CARTESIAN_POINT ( 'NONE',  ( -0.9081692157425153011, 6.785220137735929136, 0.3567044011520190683 ) ) ;
#26 = EDGE_CURVE ( 'NONE', #6977, #4950, #1735, .T. ) ;
#27 = EDGE_CURVE ( 'NONE', #5312, #3135, #4096, .T. ) ;
#28 = CARTESIAN_POINT ( 'NONE',  ( 21.65406701809513379, 21.21120484276788432, -89.88011095753741131 ) ) ;
#29 = CARTESIAN_POINT ( 'NONE',  ( -28.71549302071671406, 2.999999999999999556, -122.6257821201949980 ) ) ;
#30 = EDGE_LOOP ( 'NONE', ( #7030, #5736, #6890, #4198 ) ) ;
#31 = CYLINDRICAL_SURFACE ( 'NONE', #243, 1.174999999999995381 ) ;
#32 = CARTESIAN_POINT ( 'NONE',  ( -13.08061695048944451, 26.50000000000000355, -82.84998960274268143 ) ) ;
#33 = CARTESIAN_POINT ( 'NONE',  ( 3.986610981599030268, 3.000000000000000888, -3.582751134899485379 ) ) ;
#34 = ORIENTED_EDGE ( 'NONE', *, *, #5935, .F. ) ;
#35 = CARTESIAN_POINT ( 'NONE',  ( 10.87279922748501271, 25.00000000000000000, -107.7737855379074574 ) ) ;
#36 = CARTESIAN_POINT ( 'NONE',  ( 23.77910826147173751, 3.000000000000000000, -17.47480446164992784 ) ) ;
#37 = CARTESIAN_POINT ( 'NONE',  ( -18.33023215511317261, 32.50000000000000000, -88.23753744707904900 ) ) ;
#38 = ADVANCED_FACE ( 'NONE', ( #2233, #5903 ), #6441, .F. ) ;
#39 = CARTESIAN_POINT ( 'NONE',  ( 0.000000000000000000, 31.32599540880228517, -11.89014670506736415 ) ) ;
#40 = CARTESIAN_POINT ( 'NONE',  ( -11.74016100439278176, 25.00000000000545342, -80.35898863331293285 ) ) ;
#41 = ORIENTED_EDGE ( 'NONE', *, *, #4294, .F. ) ;
#42 = CARTESIAN_POINT ( 'NONE',  ( 1.734723475976807094E-15, 25.00000000000000000, -94.80960127224460621 ) ) ;
#43 = CARTESIAN_POINT ( 'NONE',  ( 4.970490606733716454, -9.328533955927865201E-14, -0.7380698117785532419 ) ) ;
#44 = CARTESIAN_POINT ( 'NONE',  ( -1.309339870683365326E-10, 2.999999999999999556, -136.9999975436207933 ) ) ;
#45 = CARTESIAN_POINT ( 'NONE',  ( -2.176400214370350916, 32.72222553081719099, -120.6767537771209504 ) ) ;
#46 = CARTESIAN_POINT ( 'NONE',  ( 6.320501234354344078, 32.50000000000004263, -70.33841534597704026 ) ) ;
#47 = CARTESIAN_POINT ( 'NONE',  ( -18.55979596814833243, 32.49999999999998579, -89.31842464174269480 ) ) ;
#48 = CYLINDRICAL_SURFACE ( 'NONE', #6418, 1.174999999999995381 ) ;
#49 = ORIENTED_EDGE ( 'NONE', *, *, #3200, .T. ) ;
#50 = CARTESIAN_POINT ( 'NONE',  ( -3.552425559569793112, 32.50000000000000000, -117.0797158567762040 ) ) ;
#51 = CARTESIAN_POINT ( 'NONE',  ( -26.04619849446906343, -1.301042606982605321E-15, -35.19038505868159916 ) ) ;
#52 = DIRECTION ( 'NONE',  ( 0.000000000000000000, 0.000000000000000000, 1.000000000000000000 ) ) ;
#53 = DIRECTION ( 'NONE',  ( -0.000000000000000000, -0.000000000000000000, -1.000000000000000000 ) ) ;
#54 = CARTESIAN_POINT ( 'NONE',  ( 23.55183433379660940, 0.000000000000000000, -71.62942834602961284 ) ) ;
#55 = CARTESIAN_POINT ( 'NONE',  ( 18.96200390002344704, 32.73693748834065076, -92.73192306525331219 ) ) ;
#56 = CARTESIAN_POINT ( 'NONE',  ( 17.94225045835929322, -2.168404344971008868E-15, -14.06365757168172514 ) ) ;
#57 = CARTESIAN_POINT ( 'NONE',  ( -24.02398496814987183, 7.499999999999983125, -128.9944585469296499 ) ) ;
#58 = CARTESIAN_POINT ( 'NONE',  ( 14.18066030385104881, 25.00000000000000000, -91.50751358174930772 ) ) ;
#59 = CARTESIAN_POINT ( 'NONE',  ( 12.89454329473649175, 25.00000000000001066, -103.3313716073871689 ) ) ;
#60 = CARTESIAN_POINT ( 'NONE',  ( -26.32977289078465688, 8.673617379884035472E-16, -120.6696818459636660 ) ) ;
#61 = CARTESIAN_POINT ( 'NONE',  ( 29.31268085167754123, 2.999999999999999112, -121.4567171362439524 ) ) ;
#62 = CARTESIAN_POINT ( 'NONE',  ( 2.550324599359290456, 32.65511715125008863, -69.02327312616642985 ) ) ;
#63 = CARTESIAN_POINT ( 'NONE',  ( -0.9046040148777148016, 7.261740045911976082, 0.1189014670506717136 ) ) ;
#64 = CARTESIAN_POINT ( 'NONE',  ( 23.60850989942342792, 25.72682566447453212, -68.76338201594107602 ) ) ;
#65 = CARTESIAN_POINT ( 'NONE',  ( -16.58951208419674472, 2.999999999999999112, -134.9512067506509538 ) ) ;
#66 = ORIENTED_EDGE ( 'NONE', *, *, #2953, .T. ) ;
#67 = DIRECTION ( 'NONE',  ( 0.000000000000000000, -1.000000000000000000, 0.000000000000000000 ) ) ;
#68 = CARTESIAN_POINT ( 'NONE',  ( 13.55986631481220073, 32.50000000000000000, -83.85346395918973883 ) ) ;
#69 = DIRECTION ( 'NONE',  ( -0.000000000000000000, -1.000000000000000000, -0.000000000000000000 ) ) ;
#70 = CARTESIAN_POINT ( 'NONE',  ( -23.21011790662275942, 0.000000000000000000, -58.86009907425686549 ) ) ;
#71 = VERTEX_POINT ( 'NONE', #7655 ) ;
#72 = CARTESIAN_POINT ( 'NONE',  ( 2.071024011822738764, 25.00000000000000711, -116.0567276919223190 ) ) ;
#73 = EDGE_CURVE ( 'NONE', #1341, #4929, #4132, .T. ) ;
#74 = CARTESIAN_POINT ( 'NONE',  ( 25.97899424251969336, 3.000000000000000000, -63.74976148481453464 ) ) ;
#75 = CARTESIAN_POINT ( 'NONE',  ( -26.11299014173909327, 7.141533295172513007, -66.67638683086214257 ) ) ;
#76 = LINE ( 'NONE', #4764, #4578 ) ;
#77 = CARTESIAN_POINT ( 'NONE',  ( -0.3682644870747260324, 32.50000000000000000, -68.55960127224463463 ) ) ;
#78 = CARTESIAN_POINT ( 'NONE',  ( 1.731039294211037971, 3.000000000000000444, -136.9504439426322335 ) ) ;
#79 = ORIENTED_EDGE ( 'NONE', *, *, #1459, .F. ) ;
#80 = CARTESIAN_POINT ( 'NONE',  ( 12.93141326767685229, 2.999999999999999112, 1.908195823574487804E-14 ) ) ;
#81 = CARTESIAN_POINT ( 'NONE',  ( 12.34554791133393081, 9.629649721936179265E-32, -4.453137088557029166 ) ) ;
#82 = DIRECTION ( 'NONE',  ( 0.000000000000000000, 0.000000000000000000, -1.000000000000000000 ) ) ;
#83 = CARTESIAN_POINT ( 'NONE',  ( -6.319968649725856480, 32.49999999999998579, -119.2810891631785921 ) ) ;
#84 = CARTESIAN_POINT ( 'NONE',  ( 21.89060361419295830, 7.500000000000001776, -14.27531450597492402 ) ) ;
#85 = CARTESIAN_POINT ( 'NONE',  ( -18.67683592849847685, 32.86676289992413302, -90.63193322372129046 ) ) ;
#86 = CARTESIAN_POINT ( 'NONE',  ( 23.05795465521409326, 1.734723475976807094E-15, -125.3923252198808314 ) ) ;
#87 = ORIENTED_EDGE ( 'NONE', *, *, #3296, .F. ) ;
#88 = CARTESIAN_POINT ( 'NONE',  ( -2.766707915748435109, 32.50000000000000000, -117.4030239325135341 ) ) ;
#89 = CARTESIAN_POINT ( 'NONE',  ( -22.98166988076193107, -1.301042606982605321E-15, -63.15193544597495645 ) ) ;
#90 = CARTESIAN_POINT ( 'NONE',  ( 26.97035109350845872, 14.87040317393234012, -86.24144097445719126 ) ) ;
#91 = DIRECTION ( 'NONE',  ( 0.000000000000000000, 0.000000000000000000, -1.000000000000000000 ) ) ;
#92 = CARTESIAN_POINT ( 'NONE',  ( 24.24792076567372945, 0.000000000000000000, -76.08087704632967530 ) ) ;
#93 = CARTESIAN_POINT ( 'NONE',  ( 18.50822479098756190, 32.74825313002592253, -89.47877459798115751 ) ) ;
#94 = CARTESIAN_POINT ( 'NONE',  ( 22.76829751493439247, 3.000000000000001776, -22.05352943362345997 ) ) ;
#95 = CARTESIAN_POINT ( 'NONE',  ( -16.05868539246933224, 18.85088939886459514, -131.3470504760116739 ) ) ;
#96 = CARTESIAN_POINT ( 'NONE',  ( 15.64197314818778572, 26.50000000000067502, -91.12897118384758244 ) ) ;
#97 = CARTESIAN_POINT ( 'NONE',  ( 9.826274274375920825, 25.00000000000541434, -111.9884370426465097 ) ) ;
#98 = CARTESIAN_POINT ( 'NONE',  ( 1.734723475976807094E-15, 6.500000000000000888, -89.30960127224460621 ) ) ;
#99 = CARTESIAN_POINT ( 'NONE',  ( 27.88211172005942728, 3.000000000000000000, -123.9135365251705849 ) ) ;
#100 = CARTESIAN_POINT ( 'NONE',  ( 1.104723054562916307, 32.50000000000000711, -68.59898686945258817 ) ) ;
#101 = CARTESIAN_POINT ( 'NONE',  ( -6.227391705983821524, 7.499999999999992895, -1.011250017549533586 ) ) ;
#102 = VECTOR ( 'NONE', #1039, 1000.000000000000000 ) ;
#103 = CARTESIAN_POINT ( 'NONE',  ( 26.80112330114784669, 7.155767731388934294, -72.96664964545502130 ) ) ;
#104 = AXIS2_PLACEMENT_3D ( 'NONE', #4214, #2008, #5525 ) ;
#105 = DIRECTION ( 'NONE',  ( -1.000000000000000000, -0.000000000000000000, -0.000000000000000000 ) ) ;
#106 = ORIENTED_EDGE ( 'NONE', *, *, #5997, .F. ) ;
#107 = CARTESIAN_POINT ( 'NONE',  ( -13.06522956117155942, 26.50000000000000711, -106.8011869083131131 ) ) ;
#108 = CARTESIAN_POINT ( 'NONE',  ( 3.811180109972182706, 32.50000000000000000, -72.65797299787250552 ) ) ;
#109 = CARTESIAN_POINT ( 'NONE',  ( -18.97998068897837598, 3.000000000000000000, -15.52965085100198905 ) ) ;
#110 = CARTESIAN_POINT ( 'NONE',  ( -24.53358006315185591, -0.000000000000000000, -77.61860703092679614 ) ) ;
#111 = ORIENTED_EDGE ( 'NONE', *, *, #5378, .F. ) ;
#112 = CARTESIAN_POINT ( 'NONE',  ( -3.433313127020070521, 25.00000000000000355, -115.4874859790127317 ) ) ;
#113 = CARTESIAN_POINT ( 'NONE',  ( 28.76497723090305314, 2.999999999999999556, -41.88182564025098031 ) ) ;
#114 = CARTESIAN_POINT ( 'NONE',  ( -26.03295408564067870, 6.953195230065762011, -63.91843449435243230 ) ) ;
#115 = CARTESIAN_POINT ( 'NONE',  ( 26.30779710954370643, 19.24577145031748771, -104.1423640481773703 ) ) ;
#116 = VECTOR ( 'NONE', #7518, 1000.000000000000000 ) ;
#117 = CARTESIAN_POINT ( 'NONE',  ( -0.5464129291400050548, 17.11478652446160709, -48.69670794823105098 ) ) ;
#118 = CARTESIAN_POINT ( 'NONE',  ( 23.60836242439689059, -8.673617379884035472E-16, -124.7209831891856879 ) ) ;
#119 = VECTOR ( 'NONE', #6958, 1000.000000000000000 ) ;
#120 = VERTEX_POINT ( 'NONE', #2962 ) ;
#121 = FACE_OUTER_BOUND ( 'NONE', #4462, .T. ) ;
#122 = CARTESIAN_POINT ( 'NONE',  ( 8.674636488189069183, -3.714643292771772083E-13, -2.203941761868782212 ) ) ;
#123 = CARTESIAN_POINT ( 'NONE',  ( 5.726416585224438194, 26.50000000000000355, -73.76298952742077120 ) ) ;
#124 = CARTESIAN_POINT ( 'NONE',  ( -0.7365289741494602804, 32.50000000000000000, -121.0596012722445778 ) ) ;
#125 = AXIS2_PLACEMENT_3D ( 'NONE', #6504, #2363, #6465 ) ;
#126 = EDGE_CURVE ( 'NONE', #4186, #6411, #481, .T. ) ;
#127 = ADVANCED_FACE ( 'NONE', ( #4832 ), #4943, .F. ) ;
#128 = CARTESIAN_POINT ( 'NONE',  ( 1.099328682116282208, 32.65535087357889665, -68.79922591235094842 ) ) ;
#129 = CARTESIAN_POINT ( 'NONE',  ( -18.82921716732311168, 32.86110134946988381, -91.71189028971397761 ) ) ;
#130 = DIRECTION ( 'NONE',  ( -0.000000000000000000, 0.000000000000000000, 1.000000000000000000 ) ) ;
#131 = ORIENTED_EDGE ( 'NONE', *, *, #3531, .F. ) ;
#132 = CARTESIAN_POINT ( 'NONE',  ( 2.235032897157246179, 26.50000000000000355, -117.5753944154084962 ) ) ;
#133 = CARTESIAN_POINT ( 'NONE',  ( -22.99434702387281959, -1.301042606982605321E-15, -64.82604300868025859 ) ) ;
#134 = CARTESIAN_POINT ( 'NONE',  ( 26.89173651746815707, 14.97828829034488507, -86.02835896523548342 ) ) ;
#135 = B_SPLINE_CURVE_WITH_KNOTS ( 'NONE', 3,
 ( #3700, #6014, #4160, #4283, #90, #1922, #134, #6594, #2945, #5895, #1182, #6508, #5353, #7222, #4822, #5478, #5316, #5437 ),
 .UNSPECIFIED., .F., .F.,
 ( 4, 2, 2, 2, 2, 2, 2, 2, 4 ),
 ( 4.266855575893750671E-17, 0.0002506768069678600168, 0.0005013536139356774245, 0.0007520304209034948863, 0.001002707227871312131, 0.001504060841806978280, 0.002005414455742644646, 0.003008121683613997326, 0.004010828911485350874 ),
 .UNSPECIFIED. ) ;
#136 = CARTESIAN_POINT ( 'NONE',  ( -22.02499643441695198, 50.10999999999998522, -94.75000000000055422 ) ) ;
#137 = CARTESIAN_POINT ( 'NONE',  ( 25.95250670957353734, -0.000000000000000000, -84.35970424965225334 ) ) ;
#138 = CARTESIAN_POINT ( 'NONE',  ( 26.04050399977761643, 7.314714726575510362, -61.30109444961936305 ) ) ;
#139 = CARTESIAN_POINT ( 'NONE',  ( 22.59835923614476272, 4.336808689942017736E-16, -21.69391643968600292 ) ) ;
#140 = CARTESIAN_POINT ( 'NONE',  ( -5.425285839554036649, 7.391738091715241765, -139.6387773349126746 ) ) ;
#141 = CARTESIAN_POINT ( 'NONE',  ( 11.92751533297047040, 25.00000000000000000, -83.92049528382048607 ) ) ;
#142 = FACE_OUTER_BOUND ( 'NONE', #2504, .T. ) ;
#143 = CARTESIAN_POINT ( 'NONE',  ( 10.50055203847332841, 26.50000000000000355, -111.1064889517236622 ) ) ;
#144 = DIRECTION ( 'NONE',  ( -5.064886061246151215E-16, 0.000000000000000000, -1.000000000000000000 ) ) ;
#145 = CARTESIAN_POINT ( 'NONE',  ( 25.04560850225495727, -9.357159463510911016E-13, -127.6868699970864469 ) ) ;
#146 = CARTESIAN_POINT ( 'NONE',  ( 18.56807458229602048, 7.500000000000000000, -9.985080617735885511 ) ) ;
#147 = CARTESIAN_POINT ( 'NONE',  ( 19.71043114025810183, 28.16649679646790005, -104.3500000000004775 ) ) ;
#148 = CARTESIAN_POINT ( 'NONE',  ( 27.58788476793964506, 7.165943703663154807, -77.41948165208903276 ) ) ;
#149 = FACE_OUTER_BOUND ( 'NONE', #6125, .T. ) ;
#150 = EDGE_LOOP ( 'NONE', ( #2084, #7660, #5434, #5040 ) ) ;
#151 = CARTESIAN_POINT ( 'NONE',  ( -27.02499643441694133, 14.89938307227276937, -86.65000000000051728 ) ) ;
#152 = CARTESIAN_POINT ( 'NONE',  ( -2.235032935612998983, 26.50000000000000355, -72.04380813334270783 ) ) ;
#153 = FACE_OUTER_BOUND ( 'NONE', #3998, .T. ) ;
#154 = CARTESIAN_POINT ( 'NONE',  ( -23.15096143904480996, 0.000000000000000000, -67.79475816510183961 ) ) ;
#155 = VERTEX_POINT ( 'NONE', #6023 ) ;
#156 = CARTESIAN_POINT ( 'NONE',  ( -14.02937380142885537, 25.00000000000000000, -99.17555557460862303 ) ) ;
#157 = CARTESIAN_POINT ( 'NONE',  ( -16.19787478155119231, 32.49999999999999289, -81.96949489655253274 ) ) ;
#158 = CARTESIAN_POINT ( 'NONE',  ( 26.05451781681862045, 0.000000000000000000, -35.53514947835531501 ) ) ;
#159 = CARTESIAN_POINT ( 'NONE',  ( -6.078654228633178391, 3.000000000000000000, -139.3104783042593340 ) ) ;
#160 = CARTESIAN_POINT ( 'NONE',  ( 21.34506547275826449, 3.000000000000000444, -127.3219490481296248 ) ) ;
#161 = ORIENTED_EDGE ( 'NONE', *, *, #4967, .F. ) ;
#162 = CARTESIAN_POINT ( 'NONE',  ( -11.27015406182059465, 7.499735519343412982, -137.6549551866536945 ) ) ;
#163 = CARTESIAN_POINT ( 'NONE',  ( 15.62711347730239630, 26.11151807250227108, -91.36632360944234676 ) ) ;
#164 = CARTESIAN_POINT ( 'NONE',  ( -4.330374703964046113, 32.50000000000000711, -120.2544406321674870 ) ) ;
#165 = CARTESIAN_POINT ( 'NONE',  ( 13.39023139071482937, 32.64407252800993575, -77.33279310046638955 ) ) ;
#166 = CARTESIAN_POINT ( 'NONE',  ( -23.59110624338353190, 29.29239094962440504, -36.84367463880969495 ) ) ;
#167 = CARTESIAN_POINT ( 'NONE',  ( -24.67846467675999023, -0.000000000000000000, -27.00637649133346230 ) ) ;
#168 = ORIENTED_EDGE ( 'NONE', *, *, #1599, .T. ) ;
#169 = CARTESIAN_POINT ( 'NONE',  ( -7.923162739771359320, 32.50000000000000000, -114.0453663367121351 ) ) ;
#170 = CARTESIAN_POINT ( 'NONE',  ( -26.66421656429167797, 2.581856380614438723E-12, -55.17526783940588331 ) ) ;
#171 = CARTESIAN_POINT ( 'NONE',  ( 20.55000000000000782, 0.000000000000000000, -42.23717174866054336 ) ) ;
#172 = CARTESIAN_POINT ( 'NONE',  ( 25.92836796524884591, 0.000000000000000000, -84.25136460515825831 ) ) ;
#173 = CARTESIAN_POINT ( 'NONE',  ( 26.01628496988422157, 7.499999999999998224, -61.35000506568918865 ) ) ;
#174 = EDGE_CURVE ( 'NONE', #1549, #7637, #7289, .T. ) ;
#175 = CARTESIAN_POINT ( 'NONE',  ( -14.67522994941934300, 2.999999999999999112, -10.36965906506617152 ) ) ;
#176 = CARTESIAN_POINT ( 'NONE',  ( -1.092825858280026985, 25.18157952051091186, -128.5679810145922488 ) ) ;
#177 = EDGE_CURVE ( 'NONE', #5839, #2132, #1227, .T. ) ;
#178 = CARTESIAN_POINT ( 'NONE',  ( 15.51102738413147009, 25.00000000000000355, -90.31849489822539567 ) ) ;
#179 = CARTESIAN_POINT ( 'NONE',  ( -5.288749783225556556, 32.50000000000000000, -116.1492580288135201 ) ) ;
#180 = CARTESIAN_POINT ( 'NONE',  ( 12.29424177370409055, 25.00000000000359179, -108.3109579439773285 ) ) ;
#181 = CARTESIAN_POINT ( 'NONE',  ( 1.327708182048015602E-15, 4.336808689942017736E-16, -137.0000000000000000 ) ) ;
#182 = CARTESIAN_POINT ( 'NONE',  ( 30.99630215689882107, -3.781241416901496055E-13, -117.4483218858983662 ) ) ;
#183 = CARTESIAN_POINT ( 'NONE',  ( 6.263351421472327374, 6.786531884161893124, -0.6602515353324202030 ) ) ;
#184 = FACE_OUTER_BOUND ( 'NONE', #6458, .T. ) ;
#185 = CARTESIAN_POINT ( 'NONE',  ( 28.73207694447829397, 7.178059470652175200, -82.72291567069319740 ) ) ;
#186 = DIRECTION ( 'NONE',  ( 0.000000000000000000, -0.000000000000000000, -1.000000000000000000 ) ) ;
#187 = ORIENTED_EDGE ( 'NONE', *, *, #174, .T. ) ;
#188 = CARTESIAN_POINT ( 'NONE',  ( 17.48095259447546823, 32.50572743980801249, -104.3500000000004775 ) ) ;
#189 = CARTESIAN_POINT ( 'NONE',  ( 12.02273047948376394, 32.50000000000000000, -80.86468299078931921 ) ) ;
#190 = CARTESIAN_POINT ( 'NONE',  ( 20.54999999999999005, 0.1000000000000000056, -83.33717174866055188 ) ) ;
#191 = CARTESIAN_POINT ( 'NONE',  ( -25.56368961755419988, 0.000000000000000000, -82.59948939598693585 ) ) ;
#192 = ORIENTED_EDGE ( 'NONE', *, *, #5502, .F. ) ;
#193 = DIRECTION ( 'NONE',  ( 0.000000000000000000, 0.000000000000000000, -1.000000000000000000 ) ) ;
#194 = CARTESIAN_POINT ( 'NONE',  ( -24.54133535270569766, 28.73509746804358045, -42.41379102181895888 ) ) ;
#195 = CARTESIAN_POINT ( 'NONE',  ( 24.38082673672439071, -0.000000000000000000, -26.07937869300420886 ) ) ;
#196 = CARTESIAN_POINT ( 'NONE',  ( -27.05852810510740269, -1.301042606982605321E-15, -119.2250219274549181 ) ) ;
#197 = DIRECTION ( 'NONE',  ( -0.000000000000000000, -1.000000000000000000, -0.000000000000000000 ) ) ;
#198 = ORIENTED_EDGE ( 'NONE', *, *, #2614, .T. ) ;
#199 = CARTESIAN_POINT ( 'NONE',  ( -29.04588517647042423, 7.501512321750485768, -121.9341077491345970 ) ) ;
#200 = CARTESIAN_POINT ( 'NONE',  ( 22.02499643441695198, 50.10999999999998522, -101.7499981269010192 ) ) ;
#201 = CARTESIAN_POINT ( 'NONE',  ( -8.122140298072451969, 32.57735723517342308, -117.9896710336571175 ) ) ;
#202 = CARTESIAN_POINT ( 'NONE',  ( 29.10566207911455194, 7.083804527462136846, -39.76607443323810998 ) ) ;
#203 = CARTESIAN_POINT ( 'NONE',  ( -14.63657976339214351, 32.49999999999998579, -79.04532793397406465 ) ) ;
#204 = EDGE_LOOP ( 'NONE', ( #6428, #1839, #6738, #7482 ) ) ;
#205 = CARTESIAN_POINT ( 'NONE',  ( -20.75096071201409842, -1.301042606982605321E-15, -18.18882806769746807 ) ) ;
#206 = DIRECTION ( 'NONE',  ( 0.000000000000000000, 0.000000000000000000, -1.000000000000000000 ) ) ;
#207 = CARTESIAN_POINT ( 'NONE',  ( 24.57757180004154662, -0.000000000000000000, -49.42667992107964636 ) ) ;
#208 = CARTESIAN_POINT ( 'NONE',  ( 18.31062388537356256, 32.60331533211783750, -101.4118752390831446 ) ) ;
#209 = CARTESIAN_POINT ( 'NONE',  ( -6.333528685100054290, -1.301042606982605321E-15, -4.414687688619252981 ) ) ;
#210 = B_SPLINE_CURVE_WITH_KNOTS ( 'NONE', 3,
 ( #3737, #4461, #4568, #6818, #976, #167, #5696, #2703, #5143, #388, #6192, #1015, #2131, #6928, #2166, #2742, #1955, #1630, #313, #1556, #1521, #6855, #4315, #905, #4532, #6889, #3254, #5621, #3881, #6228, #3291, #5656, #347, #7440, #3916, #6263, #4722, #7587, #6487, #1699, #2240, #1123, #3989, #2308, #497, #4140, #4678, #4608, #6963, #5293, #4063, #5181, #6449, #457, #7000, #5838, #4027, #3440, #3370, #3517, #7507, #5729, #421, #2198, #5144, #7664, #6374, #2850, #5875, #3480, #535, #2812, #5253, #1161, #5800, #3405, #1631, #7041, #7550, #6339, #2274, #2923, #1746, #4106, #5336, #5911, #3011, #6615, #7160, #70, #4800, #5375, #5956, #1864, #2423, #740, #4225, #4842, #7278, #6575, #1285, #3642, #154, #6033, #5459, #658, #2508, #2544, #1977, #696, #7204, #4758, #4879, #5497, #7242, #616, #3051, #5415, #110, #3722, #2467, #4264, #4301, #1325, #4915, #7119, #1942, #3680, #4343, #3603, #191, #6652, #2971, #1818, #1362, #6076, #4178, #784, #1199, #3134, #6528, #7432, #1514, #2083, #7318, #5649, #3835, #383, #340, #5577, #270, #970, #5027, #857, #2125, #3796, #305, #3873, #2620, #6770, #7467, #4491, #3169, #6696, #1403, #5535, #6112, #3321, #4991, #6184, #1548, #7393, #6219, #6147, #933, #6847, #4414, #6731, #2581, #3282, #1439, #3909, #3760, #6255, #229, #822, #4954, #4377, #3208, #4451, #7358, #2052, #1475, #898, #3245, #5613, #2659, #2694, #6812 ),
 .UNSPECIFIED., .F., .F.,
 ( 4, 1, 1, 1, 2, 2, 1, 2, 2, 1, 1, 2, 2, 1, 1, 1, 2, 2, 1, 1, 1, 1, 1, 2, 2, 1, 1, 1, 2, 2, 1, 1, 1, 1, 1, 2, 2, 1, 1, 1, 1, 1, 1, 1, 2, 2, 1, 1, 1, 1, 1, 1, 1, 2, 2, 1, 1, 1, 2, 2, 1, 1, 1, 2, 2, 1, 1, 1, 1, 2, 2, 1, 1, 1, 2, 2, 1, 1, 1, 1, 1, 2, 2, 1, 1, 1, 1, 1, 2, 2, 1, 1, 1, 1, 1, 1, 1, 2, 2, 1, 1, 1, 1, 1, 2, 2, 1, 1, 1, 1, 2, 2, 1, 1, 1, 1, 1, 2, 2, 1, 1, 1, 1, 1, 2, 2, 1, 1, 1, 1, 1, 1, 1, 1, 1, 2, 2, 1, 1, 1, 1, 2, 2, 1, 1, 1, 1, 2, 2, 1, 4 ),
 ( 0.5940433917874654579, 0.6030022355117898858, 0.6074816573739520997, 0.6086015128394927087, 0.6091614405722629577, 0.6097213683050333177, 0.6119610792361145357, 0.6164405010982769717, 0.6175603565638175807, 0.6186802120293581897, 0.6209199229604394077, 0.6231596338915206257, 0.6253993448226018437, 0.6298787666847642797, 0.6388376104090890406, 0.6399574658746296496, 0.6405173936073998986, 0.6410773213401702586, 0.6433170322712513656, 0.6477964541334134685, 0.6522758759955755714, 0.6545155869266566784, 0.6556354423921972874, 0.6561953701249675364, 0.6564753339913527164, 0.6567552978577378964, 0.6612347197198996662, 0.6634744306509805511, 0.6640343583837508001, 0.6641743403169433346, 0.6643143222501357581, 0.6645942861165208271, 0.6657141415820611030, 0.6701935634442219847, 0.6713134189097621496, 0.6718733466425321765, 0.6719083421258303934, 0.6719433376091284993, 0.6720133285757247110, 0.6721533105089172455, 0.6724332743753022035, 0.6746729853063825333, 0.6791524071685430819, 0.6794323710349281509, 0.6795723529681206854, 0.6797123349013132199, 0.6802722626340831358, 0.6813921180996228566, 0.6836318290307026313, 0.6858715399617822950, 0.6869913954273221268, 0.6872713592937070848, 0.6874113412268996193, 0.6874813321934959420, 0.6875513231600921538, 0.6881112508928621807, 0.6925906727550213970, 0.6948303836861010607, 0.6951103475524860187, 0.6953903114188709766, 0.6959502391516407815, 0.6970700946171805024, 0.7015495164793393856, 0.7026693719448789954, 0.7032292996776488003, 0.7037892274104187162, 0.7060289383414981579, 0.7105083602036569301, 0.7149877820658157024, 0.7172274929968951440, 0.7194672039279745857, 0.7284260476522922412, 0.7329054695144510134, 0.7340253249799907342, 0.7343052888463756922, 0.7345852527127606502, 0.7351451804455306771, 0.7373848913766107849, 0.7463437351009309939, 0.7485834460320109907, 0.7497033014975510445, 0.7499832653639361135, 0.7501232472971285370, 0.7502632292303210715, 0.7508231569630909874, 0.7553025788252503148, 0.7642614225495687474, 0.7653812780151084683, 0.7655212599483010028, 0.7656612418814934262, 0.7659412057478786062, 0.7665011334806488552, 0.7687408444117300732, 0.7732202662738926202, 0.7776996881360551672, 0.7799393990671364962, 0.7810592545326771052, 0.7811992364658698618, 0.7812692274324661845, 0.7813392183990626183, 0.7816191822654481314, 0.7821791099982193796, 0.7866585318603892540, 0.7888982427914741358, 0.7890382247246668923, 0.7891782066578596488, 0.7894581705242452729, 0.7900180982570162991, 0.7911379537225582403, 0.7956173755847268936, 0.7967372310502691679, 0.7972971587830403051, 0.7978570865158114422, 0.8000967974468962129, 0.8090556411712350737, 0.8112953521023198444, 0.8124152075678621188, 0.8124851985344587746, 0.8125551895010552084, 0.8126951714342485200, 0.8129751353006348102, 0.8135350630334077238, 0.8180144848955906989, 0.8269733286199568711, 0.8280931840855026982, 0.8282331660186958988, 0.8283731479518892105, 0.8286531118182757227, 0.8292130395510488583, 0.8314527504821414006, 0.8359321723443264851, 0.8404115942065116807, 0.8426513051376042229, 0.8432112328703774695, 0.8434911967367639818, 0.8436311786699572934, 0.8437711606031504941, 0.8448910160686962101, 0.8538498597930620493, 0.8583292816552450244, 0.8588892093880180489, 0.8591691732544044502, 0.8594491371207908514, 0.8605689925863365675, 0.8628087035174281105, 0.8717675472417943938, 0.8740072581728859369, 0.8745671859056589614, 0.8751271136384317639, 0.8762469691039775910, 0.8807263909661607881 ),
 .UNSPECIFIED. ) ;
#211 = CARTESIAN_POINT ( 'NONE',  ( -31.14490595222205727, 7.052434809674505978, -93.28447762193293613 ) ) ;
#212 = EDGE_CURVE ( 'NONE', #4718, #6826, #1715, .T. ) ;
#213 = CARTESIAN_POINT ( 'NONE',  ( -2.546348527353342828, 25.00000000000272493, -72.13523989734980546 ) ) ;
#214 = CARTESIAN_POINT ( 'NONE',  ( 22.02499643441695198, 43.11000187309952025, -94.75000000000055422 ) ) ;
#215 = LINE ( 'NONE', #2566, #363 ) ;
#216 = CARTESIAN_POINT ( 'NONE',  ( 28.39693375263230735, 7.499139894720329380, -44.70098755539075341 ) ) ;
#217 = FACE_OUTER_BOUND ( 'NONE', #7137, .T. ) ;
#218 = CARTESIAN_POINT ( 'NONE',  ( 29.56379233598683953, 0.000000000000000000, -107.6310283572746727 ) ) ;
#219 = CARTESIAN_POINT ( 'NONE',  ( 1.088539937223013787, 32.96605262073667575, -69.19970399814766893 ) ) ;
#220 = CARTESIAN_POINT ( 'NONE',  ( 4.000000000000000000, 1.500000000000003109, -82.23717174866052915 ) ) ;
#221 = ADVANCED_FACE ( 'NONE', ( #217 ), #3313, .F. ) ;
#222 = ADVANCED_FACE ( 'NONE', ( #3274 ), #5021, .F. ) ;
#223 = CARTESIAN_POINT ( 'NONE',  ( 22.18820987697500513, 22.63116523098846145, -101.8996922322276788 ) ) ;
#224 = CARTESIAN_POINT ( 'NONE',  ( -28.49169456871381456, 3.000000000000001332, -29.89043241049464683 ) ) ;
#225 = ORIENTED_EDGE ( 'NONE', *, *, #2628, .T. ) ;
#226 = CARTESIAN_POINT ( 'NONE',  ( -15.63530707484171067, 26.50000000000000355, -98.53537288621456014 ) ) ;
#227 = CARTESIAN_POINT ( 'NONE',  ( -5.756069468244158216, 32.50000000000000000, -73.78357079659134854 ) ) ;
#228 = CARTESIAN_POINT ( 'NONE',  ( 4.000000000000001776, 5.000000000000000000, -94.80960127224460621 ) ) ;
#229 = CARTESIAN_POINT ( 'NONE',  ( -29.55591964189001075, -0.000000000000000000, -107.4935561628557110 ) ) ;
#230 = ORIENTED_EDGE ( 'NONE', *, *, #5471, .F. ) ;
#231 = PLANE ( 'NONE',  #3081 ) ;
#232 = CARTESIAN_POINT ( 'NONE',  ( -16.98112054229247292, 32.76630445031488392, -84.21705917272656450 ) ) ;
#233 = AXIS2_PLACEMENT_3D ( 'NONE', #974, #7363, #5582 ) ;
#234 = CARTESIAN_POINT ( 'NONE',  ( 24.37074362333578392, 0.000000000000000000, -26.04942951717801947 ) ) ;
#235 = CARTESIAN_POINT ( 'NONE',  ( -6.078654228665210546, 1.036079201281222496E-29, -139.3104783044130386 ) ) ;
#236 = CARTESIAN_POINT ( 'NONE',  ( -15.69776109216355486, 25.00000000000022737, -91.52737442543509871 ) ) ;
#237 = ORIENTED_EDGE ( 'NONE', *, *, #4212, .T. ) ;
#238 = VECTOR ( 'NONE', #197, 1000.000000000000000 ) ;
#239 = AXIS2_PLACEMENT_3D ( 'NONE', #2568, #5449, #6686 ) ;
#240 = CARTESIAN_POINT ( 'NONE',  ( -11.44746116154135684, 26.49999999999999645, -79.92434148331815891 ) ) ;
#241 = CARTESIAN_POINT ( 'NONE',  ( -9.806169444671059665, 32.57920712254188800, -116.5727172947846242 ) ) ;
#242 = VECTOR ( 'NONE', #7497, 1000.000000000000000 ) ;
#243 = AXIS2_PLACEMENT_3D ( 'NONE', #6572, #568, #5372 ) ;
#244 = CARTESIAN_POINT ( 'NONE',  ( 27.68586838593901334, 7.499999999999994671, -26.47753952710739256 ) ) ;
#245 = CARTESIAN_POINT ( 'NONE',  ( -16.15470731481057598, 32.63652379407089654, -82.08512834138200276 ) ) ;
#246 = VERTEX_POINT ( 'NONE', #7063 ) ;
#247 = CARTESIAN_POINT ( 'NONE',  ( 2.766707871705630595, 32.50000000000000000, -72.21617858557944203 ) ) ;
#248 = CARTESIAN_POINT ( 'NONE',  ( -14.45168494963615835, 3.000000000000000000, -6.083148550760313356 ) ) ;
#249 = CARTESIAN_POINT ( 'NONE',  ( -14.10773493642139087, 3.000000000000000000, -132.8985178052836034 ) ) ;
#250 = CARTESIAN_POINT ( 'NONE',  ( 24.41649463806596287, -0.000000000000000000, -50.36855823140388821 ) ) ;
#251 = VECTOR ( 'NONE', #7011, 1000.000000000000114 ) ;
#252 = CARTESIAN_POINT ( 'NONE',  ( 17.64213225485974235, 32.79902569350101516, -103.5700901861299599 ) ) ;
#253 = CIRCLE ( 'NONE', #3088, 1.499999999999999556 ) ;
#254 = CARTESIAN_POINT ( 'NONE',  ( -2.213223908991424960, 2.999999999999997335, -3.158929253992213582 ) ) ;
#255 = VECTOR ( 'NONE', #5452, 1000.000000000000000 ) ;
#256 = CARTESIAN_POINT ( 'NONE',  ( -27.62064101883078848, 7.140154870669713105, -124.8015948768698706 ) ) ;
#257 = CARTESIAN_POINT ( 'NONE',  ( -3.132427324258140633, 25.00000000000001066, -72.35075601246634847 ) ) ;
#258 = DIRECTION ( 'NONE',  ( 0.7071067811865451302, 0.7071067811865499042, 0.000000000000000000 ) ) ;
#259 = FACE_OUTER_BOUND ( 'NONE', #3845, .T. ) ;
#260 = CARTESIAN_POINT ( 'NONE',  ( 27.50821385540272601, 7.500686034879723962, -50.06256134723175677 ) ) ;
#261 = CARTESIAN_POINT ( 'NONE',  ( -27.44948508071156112, 0.000000000000000000, -118.3540111222134215 ) ) ;
#262 = CARTESIAN_POINT ( 'NONE',  ( 21.10431013600519634, 3.000000000000001776, -131.6431856557975664 ) ) ;
#263 = CARTESIAN_POINT ( 'NONE',  ( 11.35575192391689647, 32.64792148721207354, -74.73447331141549910 ) ) ;
#264 = LINE ( 'NONE', #2613, #4346 ) ;
#265 = CARTESIAN_POINT ( 'NONE',  ( 32.06336408546304284, 7.212880375778042641, -98.65620382445833059 ) ) ;
#266 = CARTESIAN_POINT ( 'NONE',  ( -8.549651014616618028, 3.000000000000000444, -2.095269995216134884 ) ) ;
#267 = EDGE_LOOP ( 'NONE', ( #6653, #3141, #5411, #2032, #6181, #3554, #3549, #6252 ) ) ;
#268 = CARTESIAN_POINT ( 'NONE',  ( 8.645978027430832038E-05, 0.000000000000000000, -30.81525988927164761 ) ) ;
#269 = CARTESIAN_POINT ( 'NONE',  ( -15.64197314904172664, 25.00000000000067146, -98.49023126451238852 ) ) ;
#270 = CARTESIAN_POINT ( 'NONE',  ( -27.10684255184826696, 0.000000000000000000, -89.51761536634347749 ) ) ;
#271 = VERTEX_POINT ( 'NONE', #6391 ) ;
#272 = DIRECTION ( 'NONE',  ( 0.000000000000000000, 0.000000000000000000, -1.000000000000000000 ) ) ;
#273 = CARTESIAN_POINT ( 'NONE',  ( 27.56915267403014980, 3.000000000000749623, -49.75340908029426856 ) ) ;
#274 = CARTESIAN_POINT ( 'NONE',  ( -27.02289089611706174, 7.111661251562826358, -53.17426878189249351 ) ) ;
#275 = CARTESIAN_POINT ( 'NONE',  ( 0.7330218439665682206, 3.000000000000000444, -139.9902512629130342 ) ) ;
#276 = CARTESIAN_POINT ( 'NONE',  ( -20.23761152515314166, -2.602085213965210642E-15, -128.3513539164760573 ) ) ;
#277 = CARTESIAN_POINT ( 'NONE',  ( 28.71347895058018551, 2.999999999999999556, -114.5252459130267937 ) ) ;
#278 = EDGE_CURVE ( 'NONE', #5416, #2350, #4562, .T. ) ;
#279 = ORIENTED_EDGE ( 'NONE', *, *, #2906, .T. ) ;
#280 = CARTESIAN_POINT ( 'NONE',  ( -26.53867839502397885, 7.499058672636206957, -56.15234377625173323 ) ) ;
#281 = DIRECTION ( 'NONE',  ( 0.000000000000000000, 0.000000000000000000, 1.000000000000000000 ) ) ;
#282 = CARTESIAN_POINT ( 'NONE',  ( -22.02499643441695198, 50.10999999999998522, -87.75000187310008926 ) ) ;
#283 = CARTESIAN_POINT ( 'NONE',  ( -32.05847386906282281, 7.115112438901087799, -114.8802333110451741 ) ) ;
#284 = CARTESIAN_POINT ( 'NONE',  ( 28.90911914411206851, 7.068826768270992211, -31.62619332489759216 ) ) ;
#285 = CARTESIAN_POINT ( 'NONE',  ( -16.19787478155119231, 32.49999999999999289, -81.96949489655253274 ) ) ;
#286 = ORIENTED_EDGE ( 'NONE', *, *, #4528, .F. ) ;
#287 = CARTESIAN_POINT ( 'NONE',  ( 5.753748364261222825, 32.50000000000000000, -73.78203109268528692 ) ) ;
#288 = CARTESIAN_POINT ( 'NONE',  ( -27.74811071379570038, 3.000000000000369038, -26.76499818792251162 ) ) ;
#289 = CARTESIAN_POINT ( 'NONE',  ( -21.71908605163342187, 3.000000000000001332, -126.8722439659983365 ) ) ;
#290 = CARTESIAN_POINT ( 'NONE',  ( 26.06233372919973590, -0.000000000000000000, -36.06850907728966149 ) ) ;
#291 = CARTESIAN_POINT ( 'NONE',  ( 17.68669731744671836, 32.69935046233400300, -103.5537153250851929 ) ) ;
#292 = CARTESIAN_POINT ( 'NONE',  ( 4.982993335437209126, 3.000000000000001776, -3.895119319781500611 ) ) ;
#293 = CARTESIAN_POINT ( 'NONE',  ( -32.05847386906282281, 7.115112438901087799, -114.8802333110451741 ) ) ;
#294 = CARTESIAN_POINT ( 'NONE',  ( 1.035532771008988107, 25.00000000000000000, -73.30489913186397644 ) ) ;
#295 = CYLINDRICAL_SURFACE ( 'NONE', #608, 40.60695121568846844 ) ;
#296 = CARTESIAN_POINT ( 'NONE',  ( -25.52499643441695198, 9.117047592042126780, -104.3500000000004775 ) ) ;
#297 = CARTESIAN_POINT ( 'NONE',  ( 1.870296576321717197, 7.500047247601684397, -0.1012673476661711952 ) ) ;
#298 = CARTESIAN_POINT ( 'NONE',  ( 6.286953432024510846, 3.000000000001491252, -139.3251024992061105 ) ) ;
#299 = CARTESIAN_POINT ( 'NONE',  ( 14.00631478666192464, 32.64267019403705916, -78.24466244331594567 ) ) ;
#300 = CARTESIAN_POINT ( 'NONE',  ( 16.08797614453499136, 32.68556581774976166, -107.6404820001262976 ) ) ;
#301 = CARTESIAN_POINT ( 'NONE',  ( 22.02499643441695198, 50.10999999999998522, -86.57500187310009210 ) ) ;
#302 = VERTEX_POINT ( 'NONE', #3807 ) ;
#303 = FACE_OUTER_BOUND ( 'NONE', #515, .T. ) ;
#304 = CARTESIAN_POINT ( 'NONE',  ( -10.49539071105419374, 26.50000000000000355, -111.0844429477817670 ) ) ;
#305 = CARTESIAN_POINT ( 'NONE',  ( -27.74914665423327165, 0.000000000000000000, -92.53091325517038968 ) ) ;
#306 = VERTEX_POINT ( 'NONE', #3848 ) ;
#307 = CARTESIAN_POINT ( 'NONE',  ( -16.11153984806995609, 32.77304758814180730, -82.20076178621147278 ) ) ;
#308 = CARTESIAN_POINT ( 'NONE',  ( 27.02499643441695554, 18.17722485578243763, -102.8499999999967969 ) ) ;
#309 = EDGE_CURVE ( 'NONE', #2582, #5505, #5886, .T. ) ;
#310 = CARTESIAN_POINT ( 'NONE',  ( -13.98455097641992317, -5.554895949246474180E-13, -136.4028029507175859 ) ) ;
#311 = CARTESIAN_POINT ( 'NONE',  ( 27.25397608462299814, 3.000000000000002220, -118.9417226122432254 ) ) ;
#312 = EDGE_CURVE ( 'NONE', #4260, #322, #4823, .T. ) ;
#313 = CARTESIAN_POINT ( 'NONE',  ( -25.78368042559702644, 0.000000000000000000, -32.01200659858816522 ) ) ;
#314 = VERTEX_POINT ( 'NONE', #4201 ) ;
#315 = CARTESIAN_POINT ( 'NONE',  ( -12.97645404297771776, 7.500137131526869894, -136.8945077688563856 ) ) ;
#316 = DIRECTION ( 'NONE',  ( 1.000000000000000000, -0.000000000000000000, -0.000000000000000000 ) ) ;
#317 = DIRECTION ( 'NONE',  ( 1.000000000000000000, -0.000000000000000000, -0.000000000000000000 ) ) ;
#318 = CARTESIAN_POINT ( 'NONE',  ( -14.01095194399376176, 32.58660667201568373, -111.4974040568895788 ) ) ;
#319 = EDGE_CURVE ( 'NONE', #2364, #5303, #4387, .T. ) ;
#320 = CARTESIAN_POINT ( 'NONE',  ( 28.95637698492148004, 6.853240152406486096, -31.55185252425790665 ) ) ;
#321 = CARTESIAN_POINT ( 'NONE',  ( -16.06837238132933621, 32.90957138221271094, -82.31639523104094280 ) ) ;
#322 = VERTEX_POINT ( 'NONE', #6015 ) ;
#323 = CARTESIAN_POINT ( 'NONE',  ( -13.54924005400089726, 32.50000000000000000, -83.86817105950923690 ) ) ;
#324 = CARTESIAN_POINT ( 'NONE',  ( -25.84532638662117421, 3.000000000000000888, -21.55413044802664757 ) ) ;
#325 = CARTESIAN_POINT ( 'NONE',  ( -27.27603853872061279, 3.000000000000000000, -118.7429120412237040 ) ) ;
#326 = CARTESIAN_POINT ( 'NONE',  ( 25.10668853388860811, -0.000000000000000000, -46.27883653671068487 ) ) ;
#327 = CARTESIAN_POINT ( 'NONE',  ( 32.11305167246311498, 7.069320563667064405, -98.63253769246925629 ) ) ;
#328 = CARTESIAN_POINT ( 'NONE',  ( 9.937005545864002087, -1.301042606982605321E-15, -6.420859586850344414 ) ) ;
#329 = CARTESIAN_POINT ( 'NONE',  ( -32.01344907953518515, 7.356440187889035975, -98.67836302928340331 ) ) ;
#330 = CARTESIAN_POINT ( 'NONE',  ( 5.497320214998815402, 25.00000000000000711, -75.46289814409738028 ) ) ;
#331 = CARTESIAN_POINT ( 'NONE',  ( 14.19848764347898218, 25.00000000000000000, -97.98348967383877550 ) ) ;
#332 = CARTESIAN_POINT ( 'NONE',  ( 27.71227600565817895, 7.500081225072956492, -26.64095951766583426 ) ) ;
#333 = CARTESIAN_POINT ( 'NONE',  ( 18.14615076960653539, 3.000000000000000000, -133.8865017177690220 ) ) ;
#334 = CARTESIAN_POINT ( 'NONE',  ( 9.854460668436152204, 32.49999999999998579, -72.99214761618914338 ) ) ;
#335 = CARTESIAN_POINT ( 'NONE',  ( 32.01367649846297070, 7.356440187889021765, -98.67986995644740489 ) ) ;
#336 = CARTESIAN_POINT ( 'NONE',  ( -29.04669625584758919, 3.000000000000000444, -35.15909120749943639 ) ) ;
#337 = ORIENTED_EDGE ( 'NONE', *, *, #1229, .T. ) ;
#338 = CARTESIAN_POINT ( 'NONE',  ( 15.67499646296015925, 25.00000000000000000, -91.36303240319273300 ) ) ;
#339 = CARTESIAN_POINT ( 'NONE',  ( -8.646219322260959572, 25.00000000000000000, -111.0289714011019413 ) ) ;
#340 = CARTESIAN_POINT ( 'NONE',  ( -26.71962344411785395, 0.000000000000000000, -87.78244960306511757 ) ) ;
#341 = ORIENTED_EDGE ( 'NONE', *, *, #5430, .F. ) ;
#342 = CARTESIAN_POINT ( 'NONE',  ( 27.09199932737467975, 2.999999999998512745, -24.59878061427096085 ) ) ;
#343 = CARTESIAN_POINT ( 'NONE',  ( -12.52340080745305428, 32.64585776877679990, -76.14816410521773093 ) ) ;
#344 = CARTESIAN_POINT ( 'NONE',  ( -7.083669264384683473, 32.50000000000000000, -68.55958587438199459 ) ) ;
#345 = CARTESIAN_POINT ( 'NONE',  ( -26.68056537878849355, 3.000000000000000000, -72.70026203146788646 ) ) ;
#346 = PLANE ( 'NONE',  #1094 ) ;
#347 = CARTESIAN_POINT ( 'NONE',  ( -25.67632257601520607, -0.000000000000000000, -42.30917274930197181 ) ) ;
#348 = VERTEX_POINT ( 'NONE', #2028 ) ;
#349 = CARTESIAN_POINT ( 'NONE',  ( -15.90442527054045385, 7.499280993374700444, -7.334978386280976537 ) ) ;
#350 = CARTESIAN_POINT ( 'NONE',  ( 17.41192632771319992, 32.50098248155979519, -85.05972990113826881 ) ) ;
#351 = FACE_BOUND ( 'NONE', #7205, .T. ) ;
#352 = CARTESIAN_POINT ( 'NONE',  ( -9.853874755339653291, 32.50000000000002132, -116.6275986295775766 ) ) ;
#353 = CARTESIAN_POINT ( 'NONE',  ( 24.26378828658928910, 27.30171637347826419, -55.45415483983902050 ) ) ;
#354 = VECTOR ( 'NONE', #864, 1000.000000000000000 ) ;
#355 = CARTESIAN_POINT ( 'NONE',  ( -15.10009836893527435, 30.77585690772684046, -20.19098515718340536 ) ) ;
#356 = VERTEX_POINT ( 'NONE', #7403 ) ;
#357 = CARTESIAN_POINT ( 'NONE',  ( -14.37921385991370293, 32.50000000000000000, -85.93863848502680014 ) ) ;
#358 = CARTESIAN_POINT ( 'NONE',  ( -22.74297894879861914, 1.301042606982605321E-15, -21.98311133174532372 ) ) ;
#359 = CARTESIAN_POINT ( 'NONE',  ( -24.87054738195549675, 3.000000000000000888, -122.9993994759506393 ) ) ;
#360 = CARTESIAN_POINT ( 'NONE',  ( 25.78358785424005006, -0.000000000000000000, -41.35993662054496411 ) ) ;
#361 = CARTESIAN_POINT ( 'NONE',  ( 31.05690877255787541, 7.350811603224838287, -93.34157596953913583 ) ) ;
#362 = EDGE_CURVE ( 'NONE', #2132, #5839, #6166, .T. ) ;
#363 = VECTOR ( 'NONE', #7642, 1000.000000000000114 ) ;
#364 = VECTOR ( 'NONE', #4175, 1000.000000000000000 ) ;
#365 = EDGE_CURVE ( 'NONE', #4149, #302, #4070, .T. ) ;
#366 = DIRECTION ( 'NONE',  ( -1.000000000000000000, -0.000000000000000000, -0.000000000000000000 ) ) ;
#367 = CARTESIAN_POINT ( 'NONE',  ( -14.07090978429720352, 32.50000000000000711, -111.5236698476379757 ) ) ;
#368 = CARTESIAN_POINT ( 'NONE',  ( 1.292375947698411354, 26.50000000000000355, -71.82326687265258158 ) ) ;
#369 = CARTESIAN_POINT ( 'NONE',  ( -15.67499646296582938, 26.50000000000000355, -98.25617004468698212 ) ) ;
#370 = AXIS2_PLACEMENT_3D ( 'NONE', #2202, #3443, #3992 ) ;
#371 = CARTESIAN_POINT ( 'NONE',  ( -22.91902573097676310, -1.734723475976807094E-15, -22.38538402531837335 ) ) ;
#372 = VECTOR ( 'NONE', #7077, 1000.000000000000000 ) ;
#373 = CARTESIAN_POINT ( 'NONE',  ( 0.2079040076592007236, 7.499977521483888410, -139.9992685719178667 ) ) ;
#374 = CARTESIAN_POINT ( 'NONE',  ( -28.71342218526855916, 1.301042606982605321E-15, -114.5252459130269358 ) ) ;
#375 = CARTESIAN_POINT ( 'NONE',  ( 17.44168387071442794, 32.50280481765896923, -85.15000000000063096 ) ) ;
#376 = CARTESIAN_POINT ( 'NONE',  ( 9.773416505686729039, 32.80019916080782849, -73.32945864915711809 ) ) ;
#377 = VECTOR ( 'NONE', #5754, 1000.000000000000000 ) ;
#378 = CARTESIAN_POINT ( 'NONE',  ( 30.34122073947643372, 7.128277603030856113, -120.0686266526419388 ) ) ;
#379 = CARTESIAN_POINT ( 'NONE',  ( -32.35833414914821304, 3.000000000000000444, -102.3137468644833916 ) ) ;
#380 = VERTEX_POINT ( 'NONE', #7186 ) ;
#381 = CARTESIAN_POINT ( 'NONE',  ( 27.02499643441695554, 15.41035457735303815, -87.93933727077485685 ) ) ;
#382 = CARTESIAN_POINT ( 'NONE',  ( -15.51102738763190914, 24.99999999999955591, -99.30070755178314812 ) ) ;
#383 = CARTESIAN_POINT ( 'NONE',  ( -26.68888333375489097, 0.000000000000000000, -87.64544916395810503 ) ) ;
#384 = ORIENTED_EDGE ( 'NONE', *, *, #6223, .T. ) ;
#385 = CARTESIAN_POINT ( 'NONE',  ( -26.63258556173680702, 7.053960308776602517, -22.88393406756556203 ) ) ;
#386 = DIRECTION ( 'NONE',  ( 0.000000000000000000, 0.000000000000000000, -1.000000000000000000 ) ) ;
#387 = CARTESIAN_POINT ( 'NONE',  ( -29.55319486390574468, 0.000000000000000000, -108.0996720947871239 ) ) ;
#388 = CARTESIAN_POINT ( 'NONE',  ( -25.02410044376179599, -0.000000000000000000, -28.19073963201830679 ) ) ;
#389 = ORIENTED_EDGE ( 'NONE', *, *, #7650, .F. ) ;
#390 = CARTESIAN_POINT ( 'NONE',  ( -19.51931984519451291, 7.500207899668723144, -11.26920632141980683 ) ) ;
#391 = DIRECTION ( 'NONE',  ( 1.000000000000000000, 0.000000000000000000, 0.000000000000000000 ) ) ;
#392 = PLANE ( 'NONE',  #3327 ) ;
#393 = CARTESIAN_POINT ( 'NONE',  ( -32.01344907953518515, 7.356440187889035975, -98.67836302928340331 ) ) ;
#394 = B_SPLINE_CURVE_WITH_KNOTS ( 'NONE', 3,
 ( #1832, #4275, #4813, #7092, #3063, #2359, #6543, #7175, #4190, #1876, #6045, #5428, #6461, #6586, #4852, #1296, #4732, #1173, #3653, #6006, #5263, #1792, #123, #6626, #1336, #3692, #3529, #7632, #2318, #581, #5507, #7402, #831, #5469, #1951, #5001, #908, #6665, #2634, #4464, #4965, #2518, #3847, #5587, #6153, #3733, #2061, #240, #6821, #4423, #1991, #4354, #5035, #1448, #4924, #6195 ),
 .UNSPECIFIED., .F., .F.,
 ( 4, 2, 1, 2, 2, 2, 2, 2, 2, 2, 2, 2, 2, 2, 2, 2, 2, 2, 2, 2, 2, 2, 2, 2, 2, 2, 1, 2, 4 ),
 ( -5.999999999556924470E-08, 0.0004188160337992283050, 0.0008376920675984530010, 0.001675444135196901526, 0.003350948270393796623, 0.006701956540787628452, 0.008377460675984561497, 0.01005296481118149454, 0.01340397308157532247, 0.01507947721677225378, 0.01675498135196918509, 0.02010598962236307893, 0.02178149375756003800, 0.02345699789275699360, 0.02513250202795395266, 0.02680800616315090826, 0.02848351029834787079, 0.02932126236594635380, 0.03015901443354483680, 0.03183451856874180280, 0.03351002270393876881, 0.03518552683913574175, 0.03686103097433270082, 0.04021203924472662589, 0.04188754337992360577, 0.04356304751512057871, 0.04691405578551458011, 0.05026506405590858151, 0.05361607232630257597 ),
 .UNSPECIFIED. ) ;
#395 = CARTESIAN_POINT ( 'NONE',  ( 18.67687360400666208, 32.86676289992417566, -90.63220873971438607 ) ) ;
#396 = CARTESIAN_POINT ( 'NONE',  ( -21.88303140907790123, 29.80198456116978178, -31.51292567597044325 ) ) ;
#397 = ORIENTED_EDGE ( 'NONE', *, *, #365, .T. ) ;
#398 = CARTESIAN_POINT ( 'NONE',  ( 11.43570124699621715, 32.50000000000000000, -79.90622775473146078 ) ) ;
#399 = CARTESIAN_POINT ( 'NONE',  ( -4.353636838101331286, 0.000000000000000000, -3.692205035932289547 ) ) ;
#400 = FACE_OUTER_BOUND ( 'NONE', #865, .T. ) ;
#401 = CARTESIAN_POINT ( 'NONE',  ( 10.68674205114688114, 7.171922984113329846, -138.1236782612669458 ) ) ;
#402 = FACE_OUTER_BOUND ( 'NONE', #3461, .T. ) ;
#403 = CARTESIAN_POINT ( 'NONE',  ( -22.18876320171053607, 22.27075919625287881, -98.79139436368424754 ) ) ;
#404 = CARTESIAN_POINT ( 'NONE',  ( 10.17274605886354166, 26.50000000000000355, -111.5437733687202808 ) ) ;
#405 = CARTESIAN_POINT ( 'NONE',  ( 18.65747729795527121, 3.000000000000000000, -15.07021448402876018 ) ) ;
#406 = EDGE_CURVE ( 'NONE', #3604, #2158, #2098, .T. ) ;
#407 = CARTESIAN_POINT ( 'NONE',  ( 17.34999013544673829, 32.49999999999999289, -84.87995901353326644 ) ) ;
#408 = CARTESIAN_POINT ( 'NONE',  ( 19.04697933808558119, 7.499618152317016673, -133.2372358605853151 ) ) ;
#409 = CARTESIAN_POINT ( 'NONE',  ( 24.42180748117790756, 2.999999999999628297, -128.3881569677596417 ) ) ;
#410 = CARTESIAN_POINT ( 'NONE',  ( 12.42987261547478006, 32.93757330633040681, -76.44919124369894803 ) ) ;
#411 = CARTESIAN_POINT ( 'NONE',  ( 5.413972609140838443, 7.499999999999999112, -139.6182239357482047 ) ) ;
#412 = CARTESIAN_POINT ( 'NONE',  ( -3.999999999999999112, 5.233856251991242381, -92.38576775329872248 ) ) ;
#413 = DIRECTION ( 'NONE',  ( 0.000000000000000000, -1.000000000000000000, 0.000000000000000000 ) ) ;
#414 = CARTESIAN_POINT ( 'NONE',  ( -13.05112286034981572, 25.00000000000182965, -106.8297577109347714 ) ) ;
#415 = CARTESIAN_POINT ( 'NONE',  ( 20.83018087096745319, -8.673617379884035472E-16, -18.32092326389556902 ) ) ;
#416 = ORIENTED_EDGE ( 'NONE', *, *, #6801, .T. ) ;
#417 = CARTESIAN_POINT ( 'NONE',  ( -17.87902181624972897, 30.48011771350705601, -23.87037593660657109 ) ) ;
#418 = CYLINDRICAL_SURFACE ( 'NONE', #749, 1.500000000000001332 ) ;
#419 = CARTESIAN_POINT ( 'NONE',  ( -29.46299191625940139, 0.000000000000000000, -109.8111956577176187 ) ) ;
#420 = DIRECTION ( 'NONE',  ( 0.7071067811865451302, 0.7071067811865499042, 0.000000000000000000 ) ) ;
#421 = CARTESIAN_POINT ( 'NONE',  ( -24.46175461735363399, 0.000000000000000000, -50.10119415800001264 ) ) ;
#422 = ORIENTED_EDGE ( 'NONE', *, *, #7033, .F. ) ;
#423 = CARTESIAN_POINT ( 'NONE',  ( -28.03846468067530395, 7.501385704805841215, -27.84265067124301396 ) ) ;
#424 = DIRECTION ( 'NONE',  ( -1.000000000000000000, -0.000000000000000000, -0.000000000000000000 ) ) ;
#425 = PLANE ( 'NONE',  #5427 ) ;
#426 = CARTESIAN_POINT ( 'NONE',  ( -22.18876320171053607, 22.27075919625287881, -98.79139436368424754 ) ) ;
#427 = CARTESIAN_POINT ( 'NONE',  ( 17.58933954407777733, 32.76043652801706685, -85.94314457444977506 ) ) ;
#428 = CARTESIAN_POINT ( 'NONE',  ( -6.319968649725834275, 32.50000000000002842, -70.33811338131054924 ) ) ;
#429 = ORIENTED_EDGE ( 'NONE', *, *, #2391, .F. ) ;
#430 = CARTESIAN_POINT ( 'NONE',  ( 13.55986631481220073, 32.50000000000000000, -83.85346395918973883 ) ) ;
#431 = CARTESIAN_POINT ( 'NONE',  ( 1.327708182048015602E-15, 4.336808689942017736E-16, -137.0000000000000000 ) ) ;
#432 = PLANE ( 'NONE',  #7667 ) ;
#433 = CARTESIAN_POINT ( 'NONE',  ( 27.61943232713313279, 7.140154870669722875, -124.8033081090156884 ) ) ;
#434 = CARTESIAN_POINT ( 'NONE',  ( -22.93271444873111875, 2.999999999999999112, -22.41550438648632948 ) ) ;
#435 = CARTESIAN_POINT ( 'NONE',  ( -26.32133088333455362, 7.323813476784782672, -69.42219436236489116 ) ) ;
#436 = CARTESIAN_POINT ( 'NONE',  ( 8.324735674422557352, 32.50000000000000000, -113.6472704830578806 ) ) ;
#437 = CARTESIAN_POINT ( 'NONE',  ( 2.486138961976840811, 24.99999999999999645, -73.72224648743794262 ) ) ;
#438 = CARTESIAN_POINT ( 'NONE',  ( 4.000000000000000888, 5.000000000000000000, -91.03468405460924373 ) ) ;
#439 = CARTESIAN_POINT ( 'NONE',  ( 27.61868205454600300, -0.000000000000000000, -91.90475518048647530 ) ) ;
#440 = ADVANCED_FACE ( 'NONE', ( #1449 ), #3580, .F. ) ;
#441 = CARTESIAN_POINT ( 'NONE',  ( 26.30477883863374089, 6.935164679192357795, -58.49656193008380001 ) ) ;
#442 = EDGE_CURVE ( 'NONE', #4622, #7508, #7555, .T. ) ;
#443 = EDGE_CURVE ( 'NONE', #7637, #1549, #7166, .T. ) ;
#444 = CARTESIAN_POINT ( 'NONE',  ( 9.759060219011784554, 32.65841424508369784, -116.5172790450569096 ) ) ;
#445 = CARTESIAN_POINT ( 'NONE',  ( 18.84999643441695127, 43.11000187309952025, -95.92500000000055138 ) ) ;
#446 = CARTESIAN_POINT ( 'NONE',  ( -4.205407820637539373, 25.00000000000363798, -116.7800709220749269 ) ) ;
#447 = CARTESIAN_POINT ( 'NONE',  ( 12.98805592108425877, -8.673617379884035472E-16, -8.794051635898366470 ) ) ;
#448 = ORIENTED_EDGE ( 'NONE', *, *, #5522, .F. ) ;
#449 = CARTESIAN_POINT ( 'NONE',  ( 28.53507564785357786, 0.000000000000000000, -96.53743590473676761 ) ) ;
#450 = CARTESIAN_POINT ( 'NONE',  ( -26.67914981813542497, 6.830940463164904664, -22.79933611062041621 ) ) ;
#451 = EDGE_CURVE ( 'NONE', #780, #2468, #734, .T. ) ;
#452 = EDGE_CURVE ( 'NONE', #314, #2846, #3202, .T. ) ;
#453 = CARTESIAN_POINT ( 'NONE',  ( 0.01049031681325251347, 7.499999486495170231, -139.9999978604685680 ) ) ;
#454 = CARTESIAN_POINT ( 'NONE',  ( -24.92363755372052481, 0.000000000000000000, -79.78647732243832991 ) ) ;
#455 = CARTESIAN_POINT ( 'NONE',  ( 22.78530171931758375, 22.66657654408150435, -85.15000000000061675 ) ) ;
#456 = CARTESIAN_POINT ( 'NONE',  ( 7.642758901310086728, 3.000000000000000000, -5.066617226681040087 ) ) ;
#457 = CARTESIAN_POINT ( 'NONE',  ( -24.90500419996054049, 0.000000000000000000, -47.50236941741304975 ) ) ;
#458 = ORIENTED_EDGE ( 'NONE', *, *, #7415, .F. ) ;
#459 = CARTESIAN_POINT ( 'NONE',  ( -28.84126808496088756, 7.500617117773821008, -32.20239329944930518 ) ) ;
#460 = CARTESIAN_POINT ( 'NONE',  ( -22.02499643441695198, 50.10999999999998522, -88.92500187310008641 ) ) ;
#461 = DIRECTION ( 'NONE',  ( -1.000000000000000000, -0.000000000000000000, -0.000000000000000000 ) ) ;
#462 = CARTESIAN_POINT ( 'NONE',  ( -28.73193685045788826, 7.178059470652152996, -82.72226359047049016 ) ) ;
#463 = CARTESIAN_POINT ( 'NONE',  ( 18.00268053805277191, 32.75562284260669088, -87.34590349941905174 ) ) ;
#464 = CARTESIAN_POINT ( 'NONE',  ( -17.87902181624972897, 30.48011771350705601, -23.87037593660657109 ) ) ;
#465 = ORIENTED_EDGE ( 'NONE', *, *, #3290, .T. ) ;
#466 = DIRECTION ( 'NONE',  ( -1.000000000000000000, 0.000000000000000000, 0.000000000000000000 ) ) ;
#467 = CARTESIAN_POINT ( 'NONE',  ( -5.500000000000000000, 0.000000000000000000, -83.33717174866055188 ) ) ;
#468 = DIRECTION ( 'NONE',  ( -1.000000000000000000, 0.000000000000000000, 0.000000000000000000 ) ) ;
#469 = CARTESIAN_POINT ( 'NONE',  ( 14.07135587519021769, 32.49999999999999289, -111.5229764812237363 ) ) ;
#470 = VECTOR ( 'NONE', #4338, 1000.000000000000114 ) ;
#471 = CARTESIAN_POINT ( 'NONE',  ( -14.96433719918689320, 43.04934076476996552, -86.65000000000063096 ) ) ;
#472 = CARTESIAN_POINT ( 'NONE',  ( -26.34540323164007702, 7.147626953569556463, -69.37874900433688197 ) ) ;
#473 = CARTESIAN_POINT ( 'NONE',  ( 12.83001777006976241, 32.50000000000000000, -107.2748966322269695 ) ) ;
#474 = CARTESIAN_POINT ( 'NONE',  ( 26.58565660619676763, 33.54934170131972593, 0.000000000000000000 ) ) ;
#475 = DIRECTION ( 'NONE',  ( 1.000000000000000000, -0.000000000000000000, -0.000000000000000000 ) ) ;
#476 = CARTESIAN_POINT ( 'NONE',  ( 9.657367146936765678, 7.499650092161754600, -138.2830983687610455 ) ) ;
#477 = CARTESIAN_POINT ( 'NONE',  ( -1.072134746347307432, 2.602085213965210642E-15, -136.9759189638354258 ) ) ;
#478 = CARTESIAN_POINT ( 'NONE',  ( 27.08897495796740529, -0.000000000000000000, -89.44705060660814411 ) ) ;
#479 = AXIS2_PLACEMENT_3D ( 'NONE', #7613, #2298, #1732 ) ;
#480 = CARTESIAN_POINT ( 'NONE',  ( 16.15500224500607729, 32.63652379407091075, -82.08577982580438004 ) ) ;
#481 = CIRCLE ( 'NONE', #6786, 1.174999999999995381 ) ;
#482 = VECTOR ( 'NONE', #7553, 1000.000000000000000 ) ;
#483 = CARTESIAN_POINT ( 'NONE',  ( 9.385391017730867702, 24.98857519589842369, -125.9927767084020047 ) ) ;
#484 = VECTOR ( 'NONE', #1979, 1000.000000000000000 ) ;
#485 = CARTESIAN_POINT ( 'NONE',  ( -18.84999643441695127, 50.10999999999998522, -100.5749981269010362 ) ) ;
#486 = CARTESIAN_POINT ( 'NONE',  ( 2.580829390687712888, 25.00000000000000000, -115.8713500601764679 ) ) ;
#487 = DIRECTION ( 'NONE',  ( 0.000000000000000000, 0.000000000000000000, 1.000000000000000000 ) ) ;
#488 = ORIENTED_EDGE ( 'NONE', *, *, #3253, .T. ) ;
#489 = CARTESIAN_POINT ( 'NONE',  ( 26.21822849658329702, 3.000000000000000000, -58.89360164104598994 ) ) ;
#490 = AXIS2_PLACEMENT_3D ( 'NONE', #4018, #5210, #6440 ) ;
#491 = CARTESIAN_POINT ( 'NONE',  ( -27.73394622512022067, 7.279834196612081421, -26.39903228127888468 ) ) ;
#492 = DIRECTION ( 'NONE',  ( -1.000000000000000000, -0.000000000000000000, -0.000000000000000000 ) ) ;
#493 = ORIENTED_EDGE ( 'NONE', *, *, #2497, .T. ) ;
#494 = CARTESIAN_POINT ( 'NONE',  ( -32.53092719243401376, 3.000000000000734968, -104.5416837548746827 ) ) ;
#495 = CARTESIAN_POINT ( 'NONE',  ( -8.324735694634664895, 26.50000000000000355, -75.97193207799767833 ) ) ;
#496 = CARTESIAN_POINT ( 'NONE',  ( 14.75200451607136820, 3.000000000000000444, -10.45754259345797266 ) ) ;
#497 = CARTESIAN_POINT ( 'NONE',  ( -25.28110989149456245, 0.000000000000000000, -45.17187068858049059 ) ) ;
#498 = ORIENTED_EDGE ( 'NONE', *, *, #5481, .F. ) ;
#499 = CARTESIAN_POINT ( 'NONE',  ( -0.8987802744148369882, 7.500012598692262777, -6.287262999570835050E-06 ) ) ;
#500 = ADVANCED_FACE ( 'NONE', ( #4424 ), #4245, .T. ) ;
#501 = DIRECTION ( 'NONE',  ( -1.000000000000000000, -0.000000000000000000, -0.000000000000000000 ) ) ;
#502 = CARTESIAN_POINT ( 'NONE',  ( 22.02499643441695198, 57.10999812690045729, -94.75000000000055422 ) ) ;
#503 = CARTESIAN_POINT ( 'NONE',  ( -26.80112330019142419, 7.155767731388917419, -72.96659329877226696 ) ) ;
#504 = EDGE_CURVE ( 'NONE', #2846, #314, #868, .T. ) ;
#505 = CARTESIAN_POINT ( 'NONE',  ( -10.38240989439333539, 7.026183084459298733, -2.710480584588138786 ) ) ;
#506 = CARTESIAN_POINT ( 'NONE',  ( -6.531106042460481653, 25.00000000000000000, -76.29056910438866623 ) ) ;
#507 = VERTEX_POINT ( 'NONE', #5354 ) ;
#508 = DIRECTION ( 'NONE',  ( -8.881784197001244435E-16, 0.000000000000000000, 1.000000000000000000 ) ) ;
#509 = CARTESIAN_POINT ( 'NONE',  ( -4.268660084873381777, 3.000000000000000000, -0.5246973484732561088 ) ) ;
#510 = FACE_OUTER_BOUND ( 'NONE', #3170, .T. ) ;
#511 = CARTESIAN_POINT ( 'NONE',  ( 30.28334694570845187, 7.252185068687230007, -120.0696953405803811 ) ) ;
#512 = B_SPLINE_CURVE_WITH_KNOTS ( 'NONE', 3,
 ( #1678, #1061, #3382, #2287, #4039, #6318, #7564, #4512, #3306, #4620, #6352, #6942 ),
 .UNSPECIFIED., .F., .F.,
 ( 4, 2, 2, 2, 2, 4 ),
 ( 7.345074034150196355E-16, 0.0004125480271314352766, 0.0008250960542621361147, 0.001650192108523533454, 0.002475288162784930902, 0.003300384217046328349 ),
 .UNSPECIFIED. ) ;
#513 = CARTESIAN_POINT ( 'NONE',  ( 0.9027098114224779701, 7.500000000000000888, 1.763908497191535759E-14 ) ) ;
#514 = CARTESIAN_POINT ( 'NONE',  ( -19.02726080069350800, 32.73312582525485226, -93.82498019142614964 ) ) ;
#515 = EDGE_LOOP ( 'NONE', ( #4233, #6959, #2463, #1528 ) ) ;
#516 = FACE_OUTER_BOUND ( 'NONE', #2395, .T. ) ;
#517 = CARTESIAN_POINT ( 'NONE',  ( 11.80385585004743731, 24.99999999999999645, -83.62413891131214427 ) ) ;
#518 = LINE ( 'NONE', #1065, #2706 ) ;
#519 = CARTESIAN_POINT ( 'NONE',  ( -21.82332780794292049, -2.602085213965210642E-15, -126.7769346882308668 ) ) ;
#520 = CARTESIAN_POINT ( 'NONE',  ( 29.11988011651735775, -0.000000000000000000, -112.5492720694974196 ) ) ;
#521 = CARTESIAN_POINT ( 'NONE',  ( 26.99339718243869513, 7.305830625781398524, -53.22780941092395324 ) ) ;
#522 = CARTESIAN_POINT ( 'NONE',  ( 27.51237933455779583, 7.380051623556586726, -124.7945934392955252 ) ) ;
#523 = CARTESIAN_POINT ( 'NONE',  ( 26.58565660619676763, 33.54934170131972593, -102.8500000000004775 ) ) ;
#524 = CARTESIAN_POINT ( 'NONE',  ( 12.83001777006976241, 32.50000000000000000, -107.2748966322269695 ) ) ;
#525 = CARTESIAN_POINT ( 'NONE',  ( 5.728146428502955523, 25.00000000000000355, -115.8571981700619773 ) ) ;
#526 = CARTESIAN_POINT ( 'NONE',  ( 2.925256796824839967, -1.734723475976807094E-15, -3.292589786623125736 ) ) ;
#527 = EDGE_LOOP ( 'NONE', ( #7409, #5182, #4136, #131 ) ) ;
#528 = CARTESIAN_POINT ( 'NONE',  ( 23.75894732856839653, -1.734723475976807094E-15, -54.35128188218936884 ) ) ;
#529 = CARTESIAN_POINT ( 'NONE',  ( -1.088405454403868600, 32.96605262073666864, -69.19969378113704295 ) ) ;
#530 = DIRECTION ( 'NONE',  ( -1.000000000000000000, 8.673617379884038430E-16, 0.000000000000000000 ) ) ;
#531 = ORIENTED_EDGE ( 'NONE', *, *, #26, .F. ) ;
#532 = CARTESIAN_POINT ( 'NONE',  ( -26.97041526358446006, 14.86999832145403921, -86.24175023211157054 ) ) ;
#533 = CARTESIAN_POINT ( 'NONE',  ( -6.655479409121784151, 26.50000000000000355, -74.45635218185009307 ) ) ;
#534 = CARTESIAN_POINT ( 'NONE',  ( 11.37785821971190892, 3.000000000000000000, -7.472943569799333829 ) ) ;
#535 = CARTESIAN_POINT ( 'NONE',  ( -24.05199551428702165, -0.000000000000000000, -52.54263997377824325 ) ) ;
#536 = ORIENTED_EDGE ( 'NONE', *, *, #892, .F. ) ;
#537 = CARTESIAN_POINT ( 'NONE',  ( -8.180362920966004481, 25.00000000000000000, -111.5885237690887806 ) ) ;
#538 = CARTESIAN_POINT ( 'NONE',  ( 26.74213692281958998, 2.999999999999999556, -73.30016723347843310 ) ) ;
#539 = CARTESIAN_POINT ( 'NONE',  ( -26.99474688429167202, 21.85598121109788750, -101.0693423902454100 ) ) ;
#540 = EDGE_CURVE ( 'NONE', #4892, #3292, #4816, .T. ) ;
#541 = CARTESIAN_POINT ( 'NONE',  ( 4.373039862097490627, 3.000000000000000000, -139.6382178266192682 ) ) ;
#542 = CARTESIAN_POINT ( 'NONE',  ( -3.991197012511172648, 25.00000000000000000, -74.43621251113042092 ) ) ;
#543 = EDGE_LOOP ( 'NONE', ( #5574, #5268, #2190, #4023 ) ) ;
#544 = CARTESIAN_POINT ( 'NONE',  ( 21.04489430526814431, 3.000000000000000888, -127.5625442614705634 ) ) ;
#545 = CARTESIAN_POINT ( 'NONE',  ( -5.182923337358483984, 0.000000000000000000, -3.949557291934371772 ) ) ;
#546 = LINE ( 'NONE', #1642, #7540 ) ;
#547 = CARTESIAN_POINT ( 'NONE',  ( 11.40047800930286925, 32.50000000000004263, -115.0435442022302652 ) ) ;
#548 = ADVANCED_FACE ( 'NONE', ( #721 ), #5438, .T. ) ;
#549 = CARTESIAN_POINT ( 'NONE',  ( 18.67212701362995730, 6.801724292768197344, -9.678925743618751909 ) ) ;
#550 = CARTESIAN_POINT ( 'NONE',  ( -19.05157220814238173, 32.61656291262742968, -93.76493508292887213 ) ) ;
#551 = FACE_OUTER_BOUND ( 'NONE', #204, .T. ) ;
#552 = ORIENTED_EDGE ( 'NONE', *, *, #7024, .F. ) ;
#553 = CARTESIAN_POINT ( 'NONE',  ( 13.09147104777347081, 26.50000000000001776, -106.7837425673830580 ) ) ;
#554 = CARTESIAN_POINT ( 'NONE',  ( 22.39578353027022928, 3.000000000000000444, -21.23427643119245900 ) ) ;
#555 = CARTESIAN_POINT ( 'NONE',  ( -15.67499646072121067, 26.50000000000000355, -91.36251844068718242 ) ) ;
#556 = CARTESIAN_POINT ( 'NONE',  ( -17.38728931700659075, 3.000000000000000444, -130.7711543675378323 ) ) ;
#557 = CARTESIAN_POINT ( 'NONE',  ( 27.12493830403810691, -0.000000000000000000, -89.61054318594868562 ) ) ;
#558 = CARTESIAN_POINT ( 'NONE',  ( 23.81358543882619472, 26.62417946951641667, -61.23108074766614095 ) ) ;
#559 = CARTESIAN_POINT ( 'NONE',  ( 14.57784962850878685, 3.000000000000000000, -10.22685408163723153 ) ) ;
#560 = CARTESIAN_POINT ( 'NONE',  ( 2.176659980180641885, 32.72222553081718388, -120.6767134865091151 ) ) ;
#561 = DIRECTION ( 'NONE',  ( -0.000000000000000000, -1.000000000000000000, -0.000000000000000000 ) ) ;
#562 = CARTESIAN_POINT ( 'NONE',  ( -2.213224041110203100, 26.50000000000090949, -117.5685474903892498 ) ) ;
#563 = CARTESIAN_POINT ( 'NONE',  ( 1.658172572562403912, -1.734723475976807094E-15, -3.097371495012076537 ) ) ;
#564 = DIRECTION ( 'NONE',  ( 0.000000000000000000, -0.000000000000000000, -1.000000000000000000 ) ) ;
#565 = DIRECTION ( 'NONE',  ( 0.000000000000000000, 1.000000000000000000, 0.000000000000000000 ) ) ;
#566 = FACE_OUTER_BOUND ( 'NONE', #5995, .T. ) ;
#567 = ORIENTED_EDGE ( 'NONE', *, *, #1589, .F. ) ;
#568 = DIRECTION ( 'NONE',  ( 1.000000000000000000, -0.000000000000000000, -0.000000000000000000 ) ) ;
#569 = CARTESIAN_POINT ( 'NONE',  ( -14.72639869717517946, 26.50000000000000355, -86.99542812771839806 ) ) ;
#570 = CARTESIAN_POINT ( 'NONE',  ( 4.081113466374455712, 3.000000000000001332, -3.609987290705861884 ) ) ;
#571 = ORIENTED_EDGE ( 'NONE', *, *, #7230, .T. ) ;
#572 = CARTESIAN_POINT ( 'NONE',  ( -15.59824946942389801, 26.01624328430216337, -98.25089398977311816 ) ) ;
#573 = CARTESIAN_POINT ( 'NONE',  ( 26.10178831959728640, 3.000000000000000444, -60.26249941319726133 ) ) ;
#574 = CARTESIAN_POINT ( 'NONE',  ( -23.81326510997227786, 26.62417946951647352, -61.23159289958528717 ) ) ;
#575 = B_SPLINE_CURVE_WITH_KNOTS ( 'NONE', 3,
 ( #4711, #3670, #1773, #6517, #2999, #6565, #7071, #60, #4169, #604, #1275, #4131, #5328, #3631, #6477, #4254, #6604, #1190, #6022, #3083, #5902, #2376, #4748, #5448, #1809, #3237, #5604, #3823, #6838, #7348, #6247, #181 ),
 .UNSPECIFIED., .F., .F.,
 ( 4, 2, 2, 2, 2, 2, 2, 2, 2, 2, 2, 2, 2, 2, 2, 4 ),
 ( 0.000000000000000000, 0.04123291244831612384, 0.05768972872970434818, 0.07414654501109210760, 0.1070601775738680983, 0.1728874426994200797, 0.2058010752621965145, 0.2387147078249729770, 0.3045419729505249307, 0.3374556055133008936, 0.3703692380760769121, 0.4361965032016288935, 0.4691101357644048564, 0.4855669520457930877, 0.4937953601864867315, 0.5020237683271808748 ),
 .UNSPECIFIED. ) ;
#576 = CARTESIAN_POINT ( 'NONE',  ( -4.298474011628361829E-15, 32.65539065610294500, -68.76021649481717191 ) ) ;
#577 = CARTESIAN_POINT ( 'NONE',  ( -14.13840080572678914, 25.00000000000001066, -91.21636267479883031 ) ) ;
#578 = ORIENTED_EDGE ( 'NONE', *, *, #3347, .T. ) ;
#579 = CARTESIAN_POINT ( 'NONE',  ( -7.328842543673857790, 7.501034780880561748, -139.0554781927933163 ) ) ;
#580 = CARTESIAN_POINT ( 'NONE',  ( 4.121071883249619816, 0.000000000000000000, -3.616255044504429694 ) ) ;
#581 = CARTESIAN_POINT ( 'NONE',  ( 0.5263647693006394679, 26.49999999999999645, -71.73130122620632676 ) ) ;
#582 = CARTESIAN_POINT ( 'NONE',  ( -1.812773230619940001, 7.283984982044218626, -140.0421981212144829 ) ) ;
#583 = CARTESIAN_POINT ( 'NONE',  ( 5.005436947698981065, 31.28227052793645413, -12.70358065655488566 ) ) ;
#584 = CARTESIAN_POINT ( 'NONE',  ( -23.59413852122625244, 26.02852734244880040, -66.24141759377243943 ) ) ;
#585 = ADVANCED_FACE ( 'NONE', ( #3444 ), #6307, .F. ) ;
#586 = DIRECTION ( 'NONE',  ( 1.000000000000000000, -0.000000000000000000, -0.000000000000000000 ) ) ;
#587 = ORIENTED_EDGE ( 'NONE', *, *, #7033, .T. ) ;
#588 = CARTESIAN_POINT ( 'NONE',  ( 1.125330944998901961, 26.50000000000000355, -117.8187361111550473 ) ) ;
#589 = ADVANCED_FACE ( 'NONE', ( #6822, #5221, #351, #3885, #5078, #6267 ), #425, .T. ) ;
#590 = CARTESIAN_POINT ( 'NONE',  ( -25.62705629951857844, 0.000000000000000000, -42.88758733151527736 ) ) ;
#591 = CARTESIAN_POINT ( 'NONE',  ( -22.93271527108684538, 0.000000000000000000, -22.41550343227344655 ) ) ;
#592 = CARTESIAN_POINT ( 'NONE',  ( -19.35688853788001040, 3.000000000000000444, -129.1428891920745343 ) ) ;
#593 = CARTESIAN_POINT ( 'NONE',  ( 28.11113231069599294, 0.000000000000000000, -94.32227790199443973 ) ) ;
#594 = CARTESIAN_POINT ( 'NONE',  ( 29.21973305837942902, 7.075298050639118763, -35.23529215458555797 ) ) ;
#595 = EDGE_CURVE ( 'NONE', #4157, #306, #3075, .T. ) ;
#596 = AXIS2_PLACEMENT_3D ( 'NONE', #2021, #3841, #6189 ) ;
#597 = CARTESIAN_POINT ( 'NONE',  ( 21.67466759800352705, 3.000000000000001776, -19.80885886676150065 ) ) ;
#598 = CARTESIAN_POINT ( 'NONE',  ( 0.7330209856199594309, 32.57391604684284658, -120.9837666368468518 ) ) ;
#599 = CARTESIAN_POINT ( 'NONE',  ( 10.98855765053284728, 25.00000000000000000, -82.04834463466258399 ) ) ;
#600 = VECTOR ( 'NONE', #1781, 1000.000000000000000 ) ;
#601 = CARTESIAN_POINT ( 'NONE',  ( 12.03630639683660242, 32.50000000000000000, -108.7642380761172518 ) ) ;
#602 = AXIS2_PLACEMENT_3D ( 'NONE', #5588, #3033, #1489 ) ;
#603 = CARTESIAN_POINT ( 'NONE',  ( 0.6915365556738115593, 26.50000000000000711, -117.8827136578704255 ) ) ;
#604 = CARTESIAN_POINT ( 'NONE',  ( -24.54517763149445031, 1.734723475976807094E-15, -123.5460704801367058 ) ) ;
#605 = DIRECTION ( 'NONE',  ( -0.7071067811865493491, 0.7071067811865455743, 0.000000000000000000 ) ) ;
#606 = CARTESIAN_POINT ( 'NONE',  ( 25.26959468572906076, 0.000000000000000000, -81.40248313166833327 ) ) ;
#607 = CARTESIAN_POINT ( 'NONE',  ( -2.537699401349295947, 32.81023430250017014, -69.22137802562467357 ) ) ;
#608 = AXIS2_PLACEMENT_3D ( 'NONE', #2648, #845, #3191 ) ;
#609 = CIRCLE ( 'NONE', #2096, 4.000000000000003553 ) ;
#610 = CARTESIAN_POINT ( 'NONE',  ( 18.30263007762346916, 32.62598018199304306, -88.32293581803668303 ) ) ;
#611 = CARTESIAN_POINT ( 'NONE',  ( -3.512080583803537603, 3.000000000000000444, -139.7797016264016747 ) ) ;
#612 = ORIENTED_EDGE ( 'NONE', *, *, #892, .T. ) ;
#613 = CYLINDRICAL_SURFACE ( 'NONE', #2950, 1.500000000000001332 ) ;
#614 = CARTESIAN_POINT ( 'NONE',  ( -14.37921385991370293, 32.50000000000000000, -85.93863848502680014 ) ) ;
#615 = CARTESIAN_POINT ( 'NONE',  ( 11.15446985261987578, 3.000000000000000000, -7.304010938286162435 ) ) ;
#616 = CARTESIAN_POINT ( 'NONE',  ( -24.28085115835914820, -0.000000000000000000, -76.28726238227153544 ) ) ;
#617 = VERTEX_POINT ( 'NONE', #4502 ) ;
#618 = CARTESIAN_POINT ( 'NONE',  ( -15.09710131406515821, 25.30084470716021627, -98.21625639262498453 ) ) ;
#619 = VECTOR ( 'NONE', #3493, 1000.000000000000000 ) ;
#620 = VECTOR ( 'NONE', #1118, 1000.000000000000000 ) ;
#621 = CARTESIAN_POINT ( 'NONE',  ( 32.46994277934274464, 2.999999999999997335, -109.8258159328842680 ) ) ;
#622 = CARTESIAN_POINT ( 'NONE',  ( -23.67184146431103642, 26.32784402692124104, -63.72946097568733848 ) ) ;
#623 = CIRCLE ( 'NONE', #3725, 1.174999999999995381 ) ;
#624 = CARTESIAN_POINT ( 'NONE',  ( -0.3664651878098666993, 32.65539065610294500, -68.76021649481717191 ) ) ;
#625 = CARTESIAN_POINT ( 'NONE',  ( -13.51905049997490238, 25.00000000000000000, -88.27755919815251673 ) ) ;
#626 = VERTEX_POINT ( 'NONE', #5148 ) ;
#627 = DIRECTION ( 'NONE',  ( 0.000000000000000000, -1.000000000000000000, 0.000000000000000000 ) ) ;
#628 = CARTESIAN_POINT ( 'NONE',  ( 10.36438751644986844, 3.697296058011963623E-13, -3.135711578742462091 ) ) ;
#629 = LINE ( 'NONE', #5306, #2100 ) ;
#630 =( BOUNDED_CURVE ( )  B_SPLINE_CURVE ( 3, ( #720, #3070, #5667, #6128 ),
 .UNSPECIFIED., .F., .T. ) 
 B_SPLINE_CURVE_WITH_KNOTS ( ( 4, 4 ),
 ( 1.570796326794896558, 3.141592653589793116 ),
 .UNSPECIFIED. ) 
 CURVE ( )  GEOMETRIC_REPRESENTATION_ITEM ( )  RATIONAL_B_SPLINE_CURVE ( ( 1.000000000000000000, 0.8047378541243649375, 0.8047378541243649375, 1.000000000000000000 ) ) 
 REPRESENTATION_ITEM ( '' )  );
#631 = CARTESIAN_POINT ( 'NONE',  ( -5.414598281252662737, 7.499999999999988454, -139.6181299401074796 ) ) ;
#632 = CARTESIAN_POINT ( 'NONE',  ( 6.235626459747136252, 32.96032393727310250, -70.89740120944624380 ) ) ;
#633 = CARTESIAN_POINT ( 'NONE',  ( -27.05256205972588646, 6.917491877344235540, -53.11962059136507719 ) ) ;
#634 = CARTESIAN_POINT ( 'NONE',  ( 28.00801302545213645, 3.469446951953614189E-15, -116.9144750564717583 ) ) ;
#635 = EDGE_LOOP ( 'NONE', ( #5423, #2275, #6148, #571, #1494, #6304, #1089 ) ) ;
#636 = CARTESIAN_POINT ( 'NONE',  ( -0.2772012725463477989, 32.50000000000000000, -117.8848072766886617 ) ) ;
#637 = CARTESIAN_POINT ( 'NONE',  ( -25.99590683838785310, 2.999999999999271250, -62.39567680768122671 ) ) ;
#638 = CYLINDRICAL_SURFACE ( 'NONE', #5175, 1.500000000000001332 ) ;
#639 = CARTESIAN_POINT ( 'NONE',  ( 0.001748311803564252037, 7.499999917052015519, -140.0000000000000853 ) ) ;
#640 = CARTESIAN_POINT ( 'NONE',  ( 24.36385686887424029, 0.000000000000000000, -76.71632783674380107 ) ) ;
#641 = CARTESIAN_POINT ( 'NONE',  ( 18.82923733248996356, 32.86110134946990513, -91.71209937184183048 ) ) ;
#642 = CARTESIAN_POINT ( 'NONE',  ( -1.809208029755142499, 7.391992491022109313, -140.0210990606072414 ) ) ;
#643 = ADVANCED_FACE ( 'NONE', ( #7511, #3993, #5700, #2203, #3409, #4574 ), #392, .F. ) ;
#644 = CARTESIAN_POINT ( 'NONE',  ( 13.40421663625151183, 25.00000000000000000, -87.81612688696297653 ) ) ;
#645 = CARTESIAN_POINT ( 'NONE',  ( -2.766707915748435109, 32.50000000000000000, -117.4030239325135341 ) ) ;
#646 = CARTESIAN_POINT ( 'NONE',  ( 5.299104334689652696, 25.00000000000000000, -114.3153476388413452 ) ) ;
#647 = DIRECTION ( 'NONE',  ( -1.000000000000000000, 0.000000000000000000, 0.000000000000000000 ) ) ;
#648 = CARTESIAN_POINT ( 'NONE',  ( -4.961483519286548294, 0.1000000000000000056, -83.33717174866055188 ) ) ;
#649 = CARTESIAN_POINT ( 'NONE',  ( 29.74135549094840769, 2.999999999999998224, -120.6002994412449993 ) ) ;
#650 = CARTESIAN_POINT ( 'NONE',  ( 2.706900244430309410, 7.500000000000002665, -0.1537521051871662270 ) ) ;
#651 = CARTESIAN_POINT ( 'NONE',  ( -8.338268860321960574, 31.19084577703522143, -14.27404680016119087 ) ) ;
#652 = CARTESIAN_POINT ( 'NONE',  ( 29.86805352702539196, 7.499999999999995559, -88.07472001714390331 ) ) ;
#653 = CARTESIAN_POINT ( 'NONE',  ( -30.41019307165258567, 2.999999999999997780, -119.0439777137507775 ) ) ;
#654 = ORIENTED_EDGE ( 'NONE', *, *, #5128, .F. ) ;
#655 = CARTESIAN_POINT ( 'NONE',  ( 8.645978027430832038E-05, 0.000000000000000000, 4.689895577349147082 ) ) ;
#656 = CARTESIAN_POINT ( 'NONE',  ( 3.552425515722054783, 32.50000000000000000, -72.53948665668428930 ) ) ;
#657 = CARTESIAN_POINT ( 'NONE',  ( -17.03137823280100349, 3.000000000000000444, -12.97325710196132498 ) ) ;
#658 = CARTESIAN_POINT ( 'NONE',  ( -23.42834496895966012, -0.000000000000000000, -70.70699996130231568 ) ) ;
#659 = ORIENTED_EDGE ( 'NONE', *, *, #3249, .F. ) ;
#660 = CARTESIAN_POINT ( 'NONE',  ( -15.66526105790586065, 26.30334803588016612, -98.25550132012521942 ) ) ;
#661 = CARTESIAN_POINT ( 'NONE',  ( 19.29813851606943942, 2.999999999999999556, -10.95854290691064925 ) ) ;
#662 = CARTESIAN_POINT ( 'NONE',  ( -21.48295366003403117, 20.95911756164135653, -87.75982972717466168 ) ) ;
#663 = DIRECTION ( 'NONE',  ( 0.000000000000000000, 0.000000000000000000, -1.000000000000000000 ) ) ;
#664 = CARTESIAN_POINT ( 'NONE',  ( 2.192310296324782026, 1.301042606982605321E-15, -136.9113887111330143 ) ) ;
#665 = CARTESIAN_POINT ( 'NONE',  ( 16.10295546122693366, -2.602085213965210642E-15, -131.6897579251632919 ) ) ;
#666 = ORIENTED_EDGE ( 'NONE', *, *, #309, .F. ) ;
#667 = CARTESIAN_POINT ( 'NONE',  ( -8.673617379884035472E-16, 2.999999999999999112, 6.071532165918818520E-15 ) ) ;
#668 = CARTESIAN_POINT ( 'NONE',  ( 11.63130001353217224, 0.000000000000000000, -7.666527467687547670 ) ) ;
#669 = DIRECTION ( 'NONE',  ( -1.000000000000000000, -4.625929269271481378E-15, 0.000000000000000000 ) ) ;
#670 = CARTESIAN_POINT ( 'NONE',  ( -4.287993265254499420, 32.64952285095793627, -120.1099922034408536 ) ) ;
#671 = CARTESIAN_POINT ( 'NONE',  ( 8.057502339319384532, 32.95584840331708421, -72.10166162530039458 ) ) ;
#672 = CARTESIAN_POINT ( 'NONE',  ( -18.24716420584705645, 32.87794054597912918, -88.49256149133626081 ) ) ;
#673 = CARTESIAN_POINT ( 'NONE',  ( -17.34999643441695127, 32.50000000000000000, -98.46811237102237158 ) ) ;
#674 = EDGE_LOOP ( 'NONE', ( #1753, #1242 ) ) ;
#675 = CARTESIAN_POINT ( 'NONE',  ( -9.467945305298577807, 26.50000000000000355, -112.4237321805749019 ) ) ;
#676 = CARTESIAN_POINT ( 'NONE',  ( -29.04474870447997148, 2.999999999999811706, -35.08973420921490316 ) ) ;
#677 = CARTESIAN_POINT ( 'NONE',  ( 17.34998630271201847, 32.49999999999998579, -104.7392667752731228 ) ) ;
#678 = CARTESIAN_POINT ( 'NONE',  ( -5.489371863999688830E-15, 7.499999995022628596, -140.0000000000000284 ) ) ;
#679 = CARTESIAN_POINT ( 'NONE',  ( 22.97647102953862230, -0.000000000000000000, -63.23931021938845731 ) ) ;
#680 = CARTESIAN_POINT ( 'NONE',  ( 26.11296211389672450, 7.141533295172520113, -66.67605063533893883 ) ) ;
#681 = CARTESIAN_POINT ( 'NONE',  ( 20.83018087096745319, -1.301042606982605321E-15, -18.32092326389556902 ) ) ;
#682 = CARTESIAN_POINT ( 'NONE',  ( 1.449301893140870545, 18.30075089778908648, -137.8900939392749763 ) ) ;
#683 = CARTESIAN_POINT ( 'NONE',  ( 11.70214584027172045, 25.00000000000000000, -83.44601273293297083 ) ) ;
#684 = CARTESIAN_POINT ( 'NONE',  ( -36.04937071812724270, 7.530611691294513577, -28.10953659847150021 ) ) ;
#685 = CARTESIAN_POINT ( 'NONE',  ( 13.06424684167193107, 25.00000000000000000, -102.8403808824979251 ) ) ;
#686 = CARTESIAN_POINT ( 'NONE',  ( 15.52291337239202740, 25.83457556705659641, -98.24621920804069930 ) ) ;
#687 = CARTESIAN_POINT ( 'NONE',  ( 32.52229355634872121, -1.680065557333577914E-12, -104.9102954879567164 ) ) ;
#688 = CARTESIAN_POINT ( 'NONE',  ( 0.000000000000000000, 31.32599540880228517, -11.89014670506736415 ) ) ;
#689 = CARTESIAN_POINT ( 'NONE',  ( -0.7245613712052884070, 31.32599540880228517, -11.89014670506736593 ) ) ;
#690 = CARTESIAN_POINT ( 'NONE',  ( 26.34537848631603296, 7.147626953569547581, -69.37858116830832955 ) ) ;
#691 = CARTESIAN_POINT ( 'NONE',  ( 4.961483519286547406, 0.1000000000000000056, -80.83717174866055188 ) ) ;
#692 = ORIENTED_EDGE ( 'NONE', *, *, #2633, .F. ) ;
#693 = CARTESIAN_POINT ( 'NONE',  ( -25.52499643441696264, 17.78394204318097138, -85.15000000000064517 ) ) ;
#694 = CARTESIAN_POINT ( 'NONE',  ( 1.122009571806569461, 26.50000000000000355, -71.81409496579367158 ) ) ;
#695 = CARTESIAN_POINT ( 'NONE',  ( -10.63416520616203798, 3.000000000000000000, -6.921539304414254801 ) ) ;
#696 = CARTESIAN_POINT ( 'NONE',  ( -23.69565661074498308, -0.000000000000000000, -72.67495022426382434 ) ) ;
#697 = ORIENTED_EDGE ( 'NONE', *, *, #5276, .F. ) ;
#698 = DIRECTION ( 'NONE',  ( -0.7071067811865455743, -0.7071067811865493491, 0.000000000000000000 ) ) ;
#699 = EDGE_CURVE ( 'NONE', #6862, #7238, #4536, .T. ) ;
#700 = CARTESIAN_POINT ( 'NONE',  ( 10.78911422405556131, 2.999999999999999556, -3.399385711283339884 ) ) ;
#701 = B_SPLINE_CURVE_WITH_KNOTS ( 'NONE', 3,
 ( #4062, #2921, #1159, #5873, #3438, #7662 ),
 .UNSPECIFIED., .F., .F.,
 ( 4, 2, 4 ),
 ( 0.1688347381246264323, 0.1714766996833401724, 0.1741186612420538848 ),
 .UNSPECIFIED. ) ;
#702 = CARTESIAN_POINT ( 'NONE',  ( -21.17217989800417399, 20.39561386388874809, -82.98162543445793915 ) ) ;
#703 = EDGE_CURVE ( 'NONE', #6583, #6505, #6453, .T. ) ;
#704 = LINE ( 'NONE', #1946, #6924 ) ;
#705 = CARTESIAN_POINT ( 'NONE',  ( 3.425372073534754147, 3.000000000000000000, -139.7932558150411353 ) ) ;
#706 = CARTESIAN_POINT ( 'NONE',  ( -28.71342218526859469, 3.000000000000001332, -114.5252459130267937 ) ) ;
#707 = EDGE_CURVE ( 'NONE', #3299, #2737, #5788, .T. ) ;
#708 = VERTEX_POINT ( 'NONE', #4755 ) ;
#709 = CARTESIAN_POINT ( 'NONE',  ( 27.73936750378310379, 3.000000000000000000, -117.6320681024534736 ) ) ;
#710 = CARTESIAN_POINT ( 'NONE',  ( 1.616109329790582194, 0.000000000000000000, -3.071200742604426104 ) ) ;
#711 = FACE_BOUND ( 'NONE', #7128, .T. ) ;
#712 = CARTESIAN_POINT ( 'NONE',  ( 0.7258228987924770781, 32.72174814052852554, -120.8320973660514142 ) ) ;
#713 = CARTESIAN_POINT ( 'NONE',  ( 2.706900244430309410, 7.500000000000002665, -0.1537521051871662270 ) ) ;
#714 = B_SPLINE_CURVE_WITH_KNOTS ( 'NONE', 3,
 ( #4115, #6459, #3527, #579, #5034, #162, #7401, #3256, #315, #866, #1950, #1990, #5586, #6120, #6705, #3768, #4352, #4923, #830, #2060, #2517, #3293, #199, #1410, #4422, #6194, #2593, #6779, #5000, #1485, #7287, #3846, #1523, #943, #3177, #3805, #3732, #907, #4463, #5623, #7250, #3220, #6663, #5544, #2550, #4964, #7329, #2026, #2094, #4385, #6739, #1447, #280, #6820, #2632, #3883, #2667, #6230, #4887, #4310, #792, #1375, #6084, #5506, #459, #4500, #2200, #423, #7477, #2133, #1085, #3991, #7002, #6857, #6965, #2814, #1701, #390, #2276, #3372, #349, #5183, #2779, #4065, #5802, #5146, #1669, #6265, #5076, #6376, #7552, #1051, #979, #4610, #7509, #3407, #499, #2168 ),
 .UNSPECIFIED., .F., .F.,
 ( 4, 2, 2, 2, 2, 2, 2, 2, 2, 2, 2, 2, 2, 2, 2, 2, 2, 2, 2, 2, 2, 2, 2, 2, 2, 2, 2, 2, 2, 2, 2, 2, 2, 2, 2, 2, 2, 2, 2, 2, 2, 2, 2, 2, 2, 2, 2, 2, 4 ),
 ( 1.026920613974583645E-05, 0.005535809249518769404, 0.01106134929289779266, 0.01244273430374256105, 0.01382411931458732771, 0.01658688933627683673, 0.02211242937965579233, 0.02487519940134527360, 0.02763796942303475487, 0.03316350946641372782, 0.03454489447725845458, 0.03592627948810318134, 0.03868904950979262097, 0.04421458955317154882, 0.04697735957486103703, 0.04974012959655051136, 0.05526566963992947390, 0.06079120968330843644, 0.06631674972668741286, 0.07736782981344536569, 0.08289336985682434211, 0.08841890990020330465, 0.09394444994358226719, 0.09670721996527176234, 0.09946998998696124361, 0.1022327600086507249, 0.1049955300303402339, 0.1105210700737192242, 0.1160466101170982423, 0.1215721501604772325, 0.1243349201821667416, 0.1270976902038562228, 0.1298604602255457041, 0.1326232302472352131, 0.1353860002689246944, 0.1381487702906142034, 0.1436743103339931660, 0.1491998503773721285, 0.1519626203990615820, 0.1547253904207510633, 0.1602509304641300258, 0.1630137004858195071, 0.1643950854966642339, 0.1657764705075089884, 0.1685392405291984697, 0.1713020105508879232, 0.1726833955617326777, 0.1740647805725774322, 0.1768275505942668857 ),
 .UNSPECIFIED. ) ;
#715 = CARTESIAN_POINT ( 'NONE',  ( -18.30254283869113507, 32.62598018199304306, -88.32254546183145294 ) ) ;
#716 = CARTESIAN_POINT ( 'NONE',  ( -24.23825277654357890, 20.27338100026484113, -85.15000000000055991 ) ) ;
#717 = ORIENTED_EDGE ( 'NONE', *, *, #1741, .T. ) ;
#718 = CARTESIAN_POINT ( 'NONE',  ( -5.753748404860860255, 26.50000000000000355, -115.8371714097891925 ) ) ;
#719 = CARTESIAN_POINT ( 'NONE',  ( -23.69593289602794073, 0.000000000000000000, -54.73575747836684258 ) ) ;
#720 = CARTESIAN_POINT ( 'NONE',  ( 22.02499643441695198, 35.98868152953988186, -85.15000000000063096 ) ) ;
#721 = FACE_OUTER_BOUND ( 'NONE', #4488, .T. ) ;
#722 = CARTESIAN_POINT ( 'NONE',  ( 23.11248051928880898, -0.000000000000000000, -67.28518873266435207 ) ) ;
#723 = CARTESIAN_POINT ( 'NONE',  ( 19.00294814732124138, 32.84968873788226063, -93.88509591138718235 ) ) ;
#724 = FACE_OUTER_BOUND ( 'NONE', #7366, .T. ) ;
#725 = CARTESIAN_POINT ( 'NONE',  ( -8.162018466050865229, 32.50000000000001421, -118.0516542628884622 ) ) ;
#726 = CARTESIAN_POINT ( 'NONE',  ( 12.35100790951866045, 25.00000000000000000, -84.88203672739618355 ) ) ;
#727 = CARTESIAN_POINT ( 'NONE',  ( 3.316944565028454155E-14, 3.000000000000000888, 7.806255641895619303E-15 ) ) ;
#728 = CARTESIAN_POINT ( 'NONE',  ( 13.72969580618952357, 25.00000000000360956, -105.3679012072684884 ) ) ;
#729 = DIRECTION ( 'NONE',  ( 1.000000000000000000, 0.000000000000000000, -5.064886061246151215E-16 ) ) ;
#730 = CARTESIAN_POINT ( 'NONE',  ( 26.24525081078912336, 3.000000000000375255, -126.2220076168886465 ) ) ;
#731 = CARTESIAN_POINT ( 'NONE',  ( 10.36138690606822976, 7.263091542229660469, -2.823287113242102908 ) ) ;
#732 = DIRECTION ( 'NONE',  ( 1.000000000000000000, -0.000000000000000000, -0.000000000000000000 ) ) ;
#733 = CARTESIAN_POINT ( 'NONE',  ( 27.61621830233727692, 6.998915555494734875, -77.38109433253887914 ) ) ;
#734 = CIRCLE ( 'NONE', #6534, 1.174999999999995381 ) ;
#735 = PLANE ( 'NONE',  #3326 ) ;
#736 = ORIENTED_EDGE ( 'NONE', *, *, #6087, .T. ) ;
#737 = CYLINDRICAL_SURFACE ( 'NONE', #2332, 1.499999999999999556 ) ;
#738 = CARTESIAN_POINT ( 'NONE',  ( 11.12868003812430828, 26.50000000000000355, -79.43775794003438762 ) ) ;
#739 = LINE ( 'NONE', #228, #6914 ) ;
#740 = CARTESIAN_POINT ( 'NONE',  ( -22.97826153642665403, 0.000000000000000000, -63.80215488348364516 ) ) ;
#741 = ORIENTED_EDGE ( 'NONE', *, *, #1262, .T. ) ;
#742 = DIRECTION ( 'NONE',  ( -1.224646799147351975E-16, 0.000000000000000000, -1.000000000000000000 ) ) ;
#743 = AXIS2_PLACEMENT_3D ( 'NONE', #6396, #6363, #3428 ) ;
#744 = CARTESIAN_POINT ( 'NONE',  ( -23.60829547993424171, 25.72682566447458186, -68.76364702457631495 ) ) ;
#745 = CIRCLE ( 'NONE', #4826, 1.174999999999995381 ) ;
#746 = CARTESIAN_POINT ( 'NONE',  ( 25.52499643441695198, 32.48868152953990318, -102.8500000000004775 ) ) ;
#747 = CARTESIAN_POINT ( 'NONE',  ( -24.86853704218010108, 3.000000000000732303, -127.8890472698931404 ) ) ;
#748 = CARTESIAN_POINT ( 'NONE',  ( 13.88707511643266557, -2.602085213965210642E-15, -133.0383251034911893 ) ) ;
#749 = AXIS2_PLACEMENT_3D ( 'NONE', #2774, #4563, #2193 ) ;
#750 = EDGE_CURVE ( 'NONE', #7037, #356, #6286, .T. ) ;
#751 = VERTEX_POINT ( 'NONE', #2968 ) ;
#752 = CARTESIAN_POINT ( 'NONE',  ( 45.31320254088896604, 2.999999999999999112, -115.9665069285011327 ) ) ;
#753 = CARTESIAN_POINT ( 'NONE',  ( 14.94219385239337505, 1.119058904835033502E-12, -6.504355702909313308 ) ) ;
#754 = CARTESIAN_POINT ( 'NONE',  ( -24.80763862102333306, 21.32680326470770282, -104.3500000000004775 ) ) ;
#755 = CARTESIAN_POINT ( 'NONE',  ( -0.7257331785603042817, 32.72174814052852554, -120.8320973660514284 ) ) ;
#756 = CIRCLE ( 'NONE', #6062, 1.500000000000001332 ) ;
#757 = EDGE_CURVE ( 'NONE', #4055, #2158, #1601, .T. ) ;
#758 = CARTESIAN_POINT ( 'NONE',  ( 11.26629975314493670, 32.94376446163613537, -75.05210324972880187 ) ) ;
#759 = CARTESIAN_POINT ( 'NONE',  ( -26.58235015769380993, 7.308758205304829225, -55.90829315478939776 ) ) ;
#760 = CARTESIAN_POINT ( 'NONE',  ( -18.73839650210683772, 30.01938241913731886, -85.15000000000065938 ) ) ;
#761 = EDGE_LOOP ( 'NONE', ( #6576, #422, #3650, #1238, #6728 ) ) ;
#762 = CARTESIAN_POINT ( 'NONE',  ( -13.55986633554078757, 26.50000000000000355, -105.7657385063832862 ) ) ;
#763 = CARTESIAN_POINT ( 'NONE',  ( -28.34704131329874244, 3.000000000000000000, -45.03062107045118267 ) ) ;
#764 = DIRECTION ( 'NONE',  ( 1.000000000000000000, -0.000000000000000000, -0.000000000000000000 ) ) ;
#765 = CARTESIAN_POINT ( 'NONE',  ( 25.95180228021331459, 0.000000000000000000, -84.35654360880063507 ) ) ;
#766 = CARTESIAN_POINT ( 'NONE',  ( 26.06472302967101484, 7.129429453151023388, -61.25218383354953744 ) ) ;
#767 = CARTESIAN_POINT ( 'NONE',  ( -14.67522994941934300, -2.168404344971008868E-15, -10.36965906506617152 ) ) ;
#768 = CARTESIAN_POINT ( 'NONE',  ( -12.45068037158632812, 18.61239004868732039, -134.0693216511060371 ) ) ;
#769 = CARTESIAN_POINT ( 'NONE',  ( 14.15793892716686031, 25.00000000000000000, -91.34738058132951721 ) ) ;
#770 = CARTESIAN_POINT ( 'NONE',  ( -7.086384830864777662, 32.50000000000000000, -114.8049004094951187 ) ) ;
#771 = CARTESIAN_POINT ( 'NONE',  ( 13.28902802593416155, 26.50000000000000355, -106.3651284705211708 ) ) ;
#772 = CARTESIAN_POINT ( 'NONE',  ( 15.66526105724654094, 26.30334805403471066, -98.25601528275399232 ) ) ;
#773 = DIRECTION ( 'NONE',  ( 1.000000000000000000, -0.000000000000000000, -0.000000000000000000 ) ) ;
#774 = CARTESIAN_POINT ( 'NONE',  ( 29.31268085140209223, -1.301042606982605321E-15, -121.4567171360893809 ) ) ;
#775 = CARTESIAN_POINT ( 'NONE',  ( 0.3683100145168501371, 32.50000000000000000, -68.55960127224463463 ) ) ;
#776 = B_SPLINE_CURVE_WITH_KNOTS ( 'NONE', 3,
 ( #4156, #1760, #1880, #5393, #4279, #5311, #4856, #5931, #2902, #7058, #2440, #6011, #4121, #86, #6630, #4776, #5267, #3618, #1214, #634, #4197, #4240, #7136, #1340, #6590, #2985 ),
 .UNSPECIFIED., .F., .F.,
 ( 4, 2, 2, 2, 2, 2, 2, 2, 2, 2, 2, 2, 4 ),
 ( 0.5515377714528100217, 0.5678510334527300252, 0.6336782985782782873, 0.6665919311410524184, 0.6995055637038266605, 0.7653328288293743675, 0.8311600939549221856, 0.8640737265176964277, 0.8969873590804706698, 0.9628146242060192650, 0.9792714404874067746, 0.9957282567687940622, 1.000000000000000000 ),
 .UNSPECIFIED. ) ;
#777 = DIRECTION ( 'NONE',  ( -1.000000000000000000, 0.000000000000000000, 0.000000000000000000 ) ) ;
#778 = CARTESIAN_POINT ( 'NONE',  ( 18.94495627371434665, 32.83250268749147693, -97.15520988405988589 ) ) ;
#779 = CARTESIAN_POINT ( 'NONE',  ( -13.51103086667230713, 2.999999999999999556, -136.6422411379123787 ) ) ;
#780 = VERTEX_POINT ( 'NONE', #3008 ) ;
#781 = CARTESIAN_POINT ( 'NONE',  ( -27.02499643441693777, 14.86825425167951487, -86.57139167619797604 ) ) ;
#782 = CARTESIAN_POINT ( 'NONE',  ( 2.766707871705630595, 32.50000000000000000, -72.21617858557944203 ) ) ;
#783 = CARTESIAN_POINT ( 'NONE',  ( -15.71529893074845141, 25.00000000000000355, -97.96426667915882547 ) ) ;
#784 = CARTESIAN_POINT ( 'NONE',  ( -26.10747810618351039, -0.000000000000000000, -85.05345529179194841 ) ) ;
#785 = ORIENTED_EDGE ( 'NONE', *, *, #938, .F. ) ;
#786 = CARTESIAN_POINT ( 'NONE',  ( -20.54999999999999361, 0.1000000000000000056, -42.23717174866055046 ) ) ;
#787 = CARTESIAN_POINT ( 'NONE',  ( -17.55581424130866708, 32.89065479202564291, -86.03931261423832666 ) ) ;
#788 = CARTESIAN_POINT ( 'NONE',  ( 18.84999643441695127, 57.10999812690045729, -95.92500000000055138 ) ) ;
#789 = CARTESIAN_POINT ( 'NONE',  ( -9.500398509457401275, 1.301042606982605321E-15, -135.1788526984781811 ) ) ;
#790 = CARTESIAN_POINT ( 'NONE',  ( 24.64221528286042329, -8.673617379884035472E-16, -123.3464902243717205 ) ) ;
#791 = VERTEX_POINT ( 'NONE', #7079 ) ;
#792 = CARTESIAN_POINT ( 'NONE',  ( -29.05796384877284311, 7.498575597798252446, -37.56610720206543164 ) ) ;
#793 = CARTESIAN_POINT ( 'NONE',  ( 15.67499646296015570, 26.40083508676994128, -91.36303240319276142 ) ) ;
#794 = CARTESIAN_POINT ( 'NONE',  ( -15.08503666727155768, 32.67918072263928053, -109.5936928377162189 ) ) ;
#795 = EDGE_CURVE ( 'NONE', #5957, #6787, #3514, .T. ) ;
#796 = CARTESIAN_POINT ( 'NONE',  ( 13.90999441664197001, 32.92801058211117748, -78.51988085449595189 ) ) ;
#797 = CARTESIAN_POINT ( 'NONE',  ( -15.36818724899779909, 32.49999999999998579, -80.32418512533942589 ) ) ;
#798 = ORIENTED_EDGE ( 'NONE', *, *, #3253, .F. ) ;
#799 = CARTESIAN_POINT ( 'NONE',  ( 1.122009571806569461, 32.50000000000000000, -71.81409496579367158 ) ) ;
#800 = CARTESIAN_POINT ( 'NONE',  ( -24.23633184382240202, 1.118674044366336223E-12, -18.23321160132411833 ) ) ;
#801 = CARTESIAN_POINT ( 'NONE',  ( -21.01775830995995875, 3.000000000000000444, -127.6011699780574276 ) ) ;
#802 = CARTESIAN_POINT ( 'NONE',  ( 23.46783819633441226, -0.000000000000000000, -56.53346116472289395 ) ) ;
#803 = CARTESIAN_POINT ( 'NONE',  ( 26.75016401392599974, 7.500000000000001776, -73.04895026258093083 ) ) ;
#804 = ADVANCED_FACE ( 'NONE', ( #5872 ), #613, .F. ) ;
#805 = ADVANCED_FACE ( 'NONE', ( #5992 ), #31, .F. ) ;
#806 = CARTESIAN_POINT ( 'NONE',  ( -8.623317595165179483, 3.000000000000000000, -5.592975081941252924 ) ) ;
#807 = CARTESIAN_POINT ( 'NONE',  ( -32.72695504052779114, 7.085490819609065127, -104.0335620955146396 ) ) ;
#808 = CARTESIAN_POINT ( 'NONE',  ( 2.797531817987729319, 25.00000000000000000, -73.84751331664971019 ) ) ;
#809 = CARTESIAN_POINT ( 'NONE',  ( -22.17493615958280628, -1.734723475976807094E-15, -20.75860073207645939 ) ) ;
#810 = CARTESIAN_POINT ( 'NONE',  ( 4.527061668913647538E-05, 32.50000000000000000, -68.55960127013857175 ) ) ;
#811 = CARTESIAN_POINT ( 'NONE',  ( 23.23143216482905160, 7.500109660412168644, -16.54020515224116750 ) ) ;
#812 = DIRECTION ( 'NONE',  ( 1.000000000000000000, 0.000000000000000000, 0.000000000000000000 ) ) ;
#813 = CARTESIAN_POINT ( 'NONE',  ( 32.56422977729075541, 3.000000000000000000, -107.6797426255475045 ) ) ;
#814 = CARTESIAN_POINT ( 'NONE',  ( 4.270095375028584606, 32.96363583240043482, -69.94580706715643714 ) ) ;
#815 = CARTESIAN_POINT ( 'NONE',  ( 4.363009931440359424, 0.3302056359477735237, -81.06737738460832077 ) ) ;
#816 = CARTESIAN_POINT ( 'NONE',  ( 12.74658742100529984, 32.58386167785606347, -113.2989787516938947 ) ) ;
#817 = CARTESIAN_POINT ( 'NONE',  ( -22.50179344765572154, 3.000000000000000444, -15.32527693144928627 ) ) ;
#818 = ORIENTED_EDGE ( 'NONE', *, *, #3877, .F. ) ;
#819 = CARTESIAN_POINT ( 'NONE',  ( -15.52473698195277940, 26.50000000000000000, -99.23010386802383209 ) ) ;
#820 = CARTESIAN_POINT ( 'NONE',  ( 12.30298899911466570, 32.50000000000000000, -81.35538320803522083 ) ) ;
#821 = CARTESIAN_POINT ( 'NONE',  ( -22.39234317820781683, 3.000000000000000444, -21.22648302414793164 ) ) ;
#822 = CARTESIAN_POINT ( 'NONE',  ( -29.55511793158486000, -0.000000000000000000, -107.5504118630048538 ) ) ;
#823 = VERTEX_POINT ( 'NONE', #1282 ) ;
#824 = CARTESIAN_POINT ( 'NONE',  ( -13.29675832246875267, 24.99999999999998224, -102.1613407195456773 ) ) ;
#825 = CARTESIAN_POINT ( 'NONE',  ( -28.45514673072091938, 7.064152181007520959, -28.95023945212673411 ) ) ;
#826 = LINE ( 'NONE', #4306, #3960 ) ;
#827 = CARTESIAN_POINT ( 'NONE',  ( -29.77099354663668507, 2.999999999999812594, -120.5077539597871095 ) ) ;
#828 = CARTESIAN_POINT ( 'NONE',  ( -15.67992997217932505, 26.50000000000000355, -91.39824574388339329 ) ) ;
#829 = EDGE_LOOP ( 'NONE', ( #6229, #7089, #6347, #5991, #5394, #567, #7546 ) ) ;
#830 = CARTESIAN_POINT ( 'NONE',  ( -26.83301110569667003, 7.498059139619813074, -125.5096573099887820 ) ) ;
#831 = CARTESIAN_POINT ( 'NONE',  ( -1.987355491789783546, 26.50000000000000000, -71.99070252827725369 ) ) ;
#832 = CARTESIAN_POINT ( 'NONE',  ( -8.162018466050865229, 32.50000000000001421, -118.0516542628884622 ) ) ;
#833 = CARTESIAN_POINT ( 'NONE',  ( 14.00631478666192464, 32.64267019403705916, -78.24466244331594567 ) ) ;
#834 = CARTESIAN_POINT ( 'NONE',  ( -18.18725462866157727, 18.23539326634442048, -63.02677305728008861 ) ) ;
#835 = EDGE_LOOP ( 'NONE', ( #4838, #3611, #6386, #4609 ) ) ;
#836 = DIRECTION ( 'NONE',  ( 0.000000000000000000, 1.000000000000000000, -0.000000000000000000 ) ) ;
#837 = CARTESIAN_POINT ( 'NONE',  ( -21.82316385508461209, 2.999999999999999112, -14.34903784400942683 ) ) ;
#838 = CARTESIAN_POINT ( 'NONE',  ( -27.67059876944696128, 2.999999999999999556, -117.8209687467039544 ) ) ;
#839 = CARTESIAN_POINT ( 'NONE',  ( 25.74991892842240304, -0.000000000000000000, -41.67607542260731890 ) ) ;
#840 = CARTESIAN_POINT ( 'NONE',  ( 32.61796922340801075, 7.361830273203032071, -104.0728646539146922 ) ) ;
#841 = CARTESIAN_POINT ( 'NONE',  ( -3.894409153209664964, -3.903127820947815962E-15, -3.532571313460046714 ) ) ;
#842 = EDGE_CURVE ( 'NONE', #7082, #4351, #5289, .T. ) ;
#843 = CARTESIAN_POINT ( 'NONE',  ( -27.56710587614345798, 7.260103247113144143, -124.7972452590593520 ) ) ;
#844 = CARTESIAN_POINT ( 'NONE',  ( 4.724554601972778656, 26.50000000000000355, -73.12587610847803887 ) ) ;
#845 = DIRECTION ( 'NONE',  ( -0.000000000000000000, -1.000000000000000000, -0.000000000000000000 ) ) ;
#846 = EDGE_CURVE ( 'NONE', #4351, #5312, #2552, .T. ) ;
#847 = DIRECTION ( 'NONE',  ( 0.000000000000000000, 1.000000000000000000, 0.000000000000000000 ) ) ;
#848 = CARTESIAN_POINT ( 'NONE',  ( 26.10195510018248299, 7.497723951554754684, -60.33159011742205280 ) ) ;
#849 = CARTESIAN_POINT ( 'NONE',  ( 7.252680767117515970, 0.000000000000000000, -135.9512251811961505 ) ) ;
#850 = CARTESIAN_POINT ( 'NONE',  ( 13.90999441664197001, 32.92801058211117748, -78.51988085449595189 ) ) ;
#851 = DIRECTION ( 'NONE',  ( -0.000000000000000000, 1.000000000000000000, -0.000000000000000000 ) ) ;
#852 = CARTESIAN_POINT ( 'NONE',  ( 22.02627877055211414, 22.97975467442127240, -104.9940377334991553 ) ) ;
#853 = CARTESIAN_POINT ( 'NONE',  ( -23.42739572577515261, 3.000000000000001332, -16.81996014455718580 ) ) ;
#854 = EDGE_LOOP ( 'NONE', ( #2053, #654, #23, #2282 ) ) ;
#855 = DIRECTION ( 'NONE',  ( 1.000000000000000000, 0.000000000000000000, -3.350742134735898859E-10 ) ) ;
#856 = CARTESIAN_POINT ( 'NONE',  ( -15.35911153523549189, 26.50000000000000355, -100.1054866573095268 ) ) ;
#857 = CARTESIAN_POINT ( 'NONE',  ( -27.72296585300561134, -0.000000000000000000, -92.40426432795058531 ) ) ;
#858 = VERTEX_POINT ( 'NONE', #4479 ) ;
#859 = CARTESIAN_POINT ( 'NONE',  ( -12.97846951509772850, 24.99999999999999645, -103.1350369078738254 ) ) ;
#860 = CARTESIAN_POINT ( 'NONE',  ( -20.95965326565800879, 19.60710257341191465, -76.17623689468632620 ) ) ;
#861 = AXIS2_PLACEMENT_3D ( 'NONE', #4874, #3046, #1972 ) ;
#862 = CARTESIAN_POINT ( 'NONE',  ( -18.84999643441695127, 57.10999812690045729, -95.92500000000055138 ) ) ;
#863 = CARTESIAN_POINT ( 'NONE',  ( -13.14483262703911137, 1.865487895575650526E-13, -136.8239611196870840 ) ) ;
#864 = DIRECTION ( 'NONE',  ( -0.000000000000000000, -1.000000000000000000, -0.000000000000000000 ) ) ;
#865 = EDGE_LOOP ( 'NONE', ( #4179, #2346, #6052, #2304, #4955 ) ) ;
#866 = CARTESIAN_POINT ( 'NONE',  ( -14.22584521623667797, 7.500124824969535808, -136.2769621102031579 ) ) ;
#867 = VECTOR ( 'NONE', #1842, 1000.000000000000000 ) ;
#868 = CIRCLE ( 'NONE', #7531, 1.174999999999995381 ) ;
#869 = CYLINDRICAL_SURFACE ( 'NONE', #5068, 1.174999999999995381 ) ;
#870 = CARTESIAN_POINT ( 'NONE',  ( -18.84999643441695127, 57.10999812690045729, -94.75000000000055422 ) ) ;
#871 = CARTESIAN_POINT ( 'NONE',  ( -11.39991872723619437, 32.50000000000001421, -115.0441692361061570 ) ) ;
#872 = AXIS2_PLACEMENT_3D ( 'NONE', #5763, #4030, #1018 ) ;
#873 = AXIS2_PLACEMENT_3D ( 'NONE', #42, #5467, #4769 ) ;
#874 = CARTESIAN_POINT ( 'NONE',  ( 19.36290427276696136, 18.51899145761178644, -65.96674767334677369 ) ) ;
#875 = CARTESIAN_POINT ( 'NONE',  ( -28.86211082575495723, 7.284413384135490332, -31.70249153339194947 ) ) ;
#876 = VERTEX_POINT ( 'NONE', #6612 ) ;
#877 = CARTESIAN_POINT ( 'NONE',  ( -4.311488189970145157, 32.50000000000000000, -72.89818151070325314 ) ) ;
#878 = CARTESIAN_POINT ( 'NONE',  ( -26.88649339786763193, 2.999999999999628741, -24.12804268102455296 ) ) ;
#879 = CARTESIAN_POINT ( 'NONE',  ( -25.52499643441695198, 32.48868152953984634, -86.65000000000063096 ) ) ;
#880 = CARTESIAN_POINT ( 'NONE',  ( 25.38410630108798571, -0.000000000000000000, -44.48790551240766433 ) ) ;
#881 = VECTOR ( 'NONE', #6722, 1000.000000000000000 ) ;
#882 = CARTESIAN_POINT ( 'NONE',  ( 16.95695451054256964, 32.69230895557668504, -105.6243210193302531 ) ) ;
#883 = VECTOR ( 'NONE', #3913, 1000.000000000000000 ) ;
#884 = CARTESIAN_POINT ( 'NONE',  ( 7.742204979461941861, 3.000000000000000000, -5.099986476285310211 ) ) ;
#885 = CIRCLE ( 'NONE', #2831, 1.249999442108171266 ) ;
#886 = CARTESIAN_POINT ( 'NONE',  ( -27.10802460270274139, 21.31697267969730092, -105.9679724062865063 ) ) ;
#887 = CARTESIAN_POINT ( 'NONE',  ( 2.515597697076035644, 24.99999999999908695, -72.14277870603626752 ) ) ;
#888 = CARTESIAN_POINT ( 'NONE',  ( -6.333528685100054290, -8.673617379884035472E-16, -4.414687688619252981 ) ) ;
#889 = DIRECTION ( 'NONE',  ( 0.1614531489632388683, 0.000000000000000000, -0.9868803781056010305 ) ) ;
#890 = CARTESIAN_POINT ( 'NONE',  ( 17.34999643441695127, 34.00000000000000000, -94.75000000000055422 ) ) ;
#891 = CARTESIAN_POINT ( 'NONE',  ( 28.90911914411206851, 7.068826768270992211, -31.62619332489759216 ) ) ;
#892 = EDGE_CURVE ( 'NONE', #3874, #7359, #6030, .T. ) ;
#893 = CARTESIAN_POINT ( 'NONE',  ( 32.72628087860775281, 7.233868318593622782, -109.4914703913478036 ) ) ;
#894 = CARTESIAN_POINT ( 'NONE',  ( -28.87375553578284126, 2.999999999999999556, -32.50067929573523173 ) ) ;
#895 = ORIENTED_EDGE ( 'NONE', *, *, #3730, .F. ) ;
#896 = CARTESIAN_POINT ( 'NONE',  ( 15.67499646296015570, 26.50000000000000355, -91.36303240319273300 ) ) ;
#897 = CARTESIAN_POINT ( 'NONE',  ( -10.81831583516655115, 24.99999999999818812, -110.6335622013062761 ) ) ;
#898 = CARTESIAN_POINT ( 'NONE',  ( -29.11194227567160553, -0.000000000000000000, -112.5958978012504161 ) ) ;
#899 = ORIENTED_EDGE ( 'NONE', *, *, #4050, .F. ) ;
#900 = CARTESIAN_POINT ( 'NONE',  ( 21.45179262929923070, 0.000000000000000000, -19.40290153524978223 ) ) ;
#901 = CARTESIAN_POINT ( 'NONE',  ( -15.36818724899779909, 32.49999999999998579, -80.32418512533942589 ) ) ;
#902 = LINE ( 'NONE', #1587, #6299 ) ;
#903 = CARTESIAN_POINT ( 'NONE',  ( -5.835275216655355202, 0.000000000000000000, -136.2861778386842104 ) ) ;
#904 = CARTESIAN_POINT ( 'NONE',  ( 28.65984902136622381, 0.000000000000000000, -114.7413833830838996 ) ) ;
#905 = CARTESIAN_POINT ( 'NONE',  ( -26.05676657123855122, -0.000000000000000000, -37.17377293959758333 ) ) ;
#906 = ORIENTED_EDGE ( 'NONE', *, *, #1980, .T. ) ;
#907 = CARTESIAN_POINT ( 'NONE',  ( -30.03059617158108807, 7.500307075488942488, -88.71702875814344225 ) ) ;
#908 = CARTESIAN_POINT ( 'NONE',  ( -3.843135355277980558, 26.50000000000001421, -72.66103004424991241 ) ) ;
#909 = DIRECTION ( 'NONE',  ( 1.000000000000000000, 0.000000000000000000, 0.000000000000000000 ) ) ;
#910 = ADVANCED_FACE ( 'NONE', ( #4298 ), #737, .T. ) ;
#911 = CARTESIAN_POINT ( 'NONE',  ( -14.57717284133906865, 24.65771063941982888, -122.0613941536335716 ) ) ;
#912 = CARTESIAN_POINT ( 'NONE',  ( 11.31102583853091659, 32.79584297442410445, -74.89328828057215048 ) ) ;
#913 = CARTESIAN_POINT ( 'NONE',  ( -20.47188138953332270, 18.98279266624693307, -70.52063897284266147 ) ) ;
#914 = EDGE_LOOP ( 'NONE', ( #4886, #1602, #6264, #5610 ) ) ;
#915 = DIRECTION ( 'NONE',  ( -1.000000000000000000, 0.000000000000000000, 0.000000000000000000 ) ) ;
#916 = CARTESIAN_POINT ( 'NONE',  ( -29.00135605260319593, 3.000000000000186517, -34.15067456241565935 ) ) ;
#917 = CARTESIAN_POINT ( 'NONE',  ( -27.15128954425388486, 3.000000000000000444, -119.0178386914553670 ) ) ;
#918 = CARTESIAN_POINT ( 'NONE',  ( 25.88145271007303094, 0.000000000000000000, -40.38323619944909382 ) ) ;
#919 = CARTESIAN_POINT ( 'NONE',  ( 31.01278682739719628, 7.500000000000000000, -93.36949870791158901 ) ) ;
#920 = CARTESIAN_POINT ( 'NONE',  ( 2.925256796824839967, -2.168404344971008868E-15, -3.292589786623125736 ) ) ;
#921 = CARTESIAN_POINT ( 'NONE',  ( -25.94374944834502372, 20.32958536996349963, -115.6168646779729272 ) ) ;
#922 = CARTESIAN_POINT ( 'NONE',  ( 8.646219291672611718, 25.00000000000000000, -78.59023108611374653 ) ) ;
#923 = CARTESIAN_POINT ( 'NONE',  ( -10.87279923674697990, 25.00000000000000000, -81.84541702057444468 ) ) ;
#924 = DIRECTION ( 'NONE',  ( 0.9868803781056012525, -0.000000000000000000, 0.1614531489632385075 ) ) ;
#925 = CARTESIAN_POINT ( 'NONE',  ( 24.59497751179443981, 7.499662100061954995, -18.96419941903804585 ) ) ;
#926 = DIRECTION ( 'NONE',  ( -1.000000000000000000, 0.000000000000000000, 0.000000000000000000 ) ) ;
#927 = CARTESIAN_POINT ( 'NONE',  ( 14.58925742138307413, 32.64120818627811360, -79.17811635188799357 ) ) ;
#928 = CARTESIAN_POINT ( 'NONE',  ( 31.99865874754238959, 7.243408292600754805, -114.8893874267665041 ) ) ;
#929 = CARTESIAN_POINT ( 'NONE',  ( -29.04945401208652456, 2.999999999999999112, -37.81052381283156905 ) ) ;
#930 = VERTEX_POINT ( 'NONE', #188 ) ;
#931 = LINE ( 'NONE', #6182, #1222 ) ;
#932 = CARTESIAN_POINT ( 'NONE',  ( -14.52029374794854810, 24.99999999999639044, -103.2649344862405627 ) ) ;
#933 = CARTESIAN_POINT ( 'NONE',  ( -29.32338601399536415, -0.000000000000000000, -102.3252037774472143 ) ) ;
#934 = EDGE_LOOP ( 'NONE', ( #1696, #279, #7390, #111 ) ) ;
#935 = CARTESIAN_POINT ( 'NONE',  ( 28.12695403939787653, 3.718753306131045604E-13, -28.19265977316384308 ) ) ;
#936 = CARTESIAN_POINT ( 'NONE',  ( -24.26338909439656888, 27.30171637347834235, -55.45484147400529906 ) ) ;
#937 = CYLINDRICAL_SURFACE ( 'NONE', #5905, 9.599999999999928590 ) ;
#938 = EDGE_CURVE ( 'NONE', #791, #4260, #4773, .T. ) ;
#939 = CARTESIAN_POINT ( 'NONE',  ( -26.68056537919492754, 5.844122930327669603E-12, -72.70026203139374843 ) ) ;
#940 =( LENGTH_UNIT ( ) NAMED_UNIT ( * ) SI_UNIT ( .MILLI., .METRE. ) );
#941 = CARTESIAN_POINT ( 'NONE',  ( 25.52499643441695198, 32.48868152953990318, -104.3500000000004775 ) ) ;
#942 = ORIENTED_EDGE ( 'NONE', *, *, #7639, .T. ) ;
#943 = CARTESIAN_POINT ( 'NONE',  ( -32.23178923038406651, 7.500434119552353174, -101.0387405463297199 ) ) ;
#944 = ADVANCED_FACE ( 'NONE', ( #516 ), #4042, .F. ) ;
#945 = DIRECTION ( 'NONE',  ( 1.000000000000000000, 0.000000000000000000, 0.000000000000000000 ) ) ;
#946 = CARTESIAN_POINT ( 'NONE',  ( -32.66836222463310691, 7.366934159296832263, -109.5027641283859339 ) ) ;
#947 = CARTESIAN_POINT ( 'NONE',  ( 23.59438198054465019, 26.02852734244874711, -66.24106667267167836 ) ) ;
#948 = CARTESIAN_POINT ( 'NONE',  ( -4.289894972984821031, 32.80909055493363979, -69.75201281514853235 ) ) ;
#949 = ORIENTED_EDGE ( 'NONE', *, *, #4486, .F. ) ;
#950 = CARTESIAN_POINT ( 'NONE',  ( 4.562600905131620088, 32.50000000000000000, -73.04493931501897919 ) ) ;
#951 = CARTESIAN_POINT ( 'NONE',  ( -25.45999143488548100, 2.999999999999628297, -20.70966002589167587 ) ) ;
#952 = CARTESIAN_POINT ( 'NONE',  ( -14.27958087382116048, 3.000000000000000888, -132.7973682024935727 ) ) ;
#953 = CARTESIAN_POINT ( 'NONE',  ( 24.65936858642972496, -0.000000000000000000, -48.94864538382675079 ) ) ;
#954 = CARTESIAN_POINT ( 'NONE',  ( 26.02862562441785244, 23.00077809194862866, -91.24254613711849515 ) ) ;
#955 = CARTESIAN_POINT ( 'NONE',  ( 0.3665104928099795489, 32.65539065610294500, -68.76021649481717191 ) ) ;
#956 = CARTESIAN_POINT ( 'NONE',  ( -32.72639051681433386, 7.233868318593652091, -109.4895461606931377 ) ) ;
#957 = CARTESIAN_POINT ( 'NONE',  ( 9.589915701633808354, 25.00000000000000000, -79.84703827256500119 ) ) ;
#958 = CARTESIAN_POINT ( 'NONE',  ( 8.332074149401680785, 26.50000000000000711, -113.6396326475039018 ) ) ;
#959 = CARTESIAN_POINT ( 'NONE',  ( -8.623317595165179483, -8.673617379884035472E-16, -5.592975081941252924 ) ) ;
#960 = CYLINDRICAL_SURFACE ( 'NONE', #6793, 35.50515546662079203 ) ;
#961 = CARTESIAN_POINT ( 'NONE',  ( 8.937612325528581536, 7.499872109381490404, -2.338499435259046688 ) ) ;
#962 = DIRECTION ( 'NONE',  ( -0.000000000000000000, 1.000000000000000000, -0.000000000000000000 ) ) ;
#963 = CARTESIAN_POINT ( 'NONE',  ( 17.22690330562019412, 18.05863675477330332, -61.12974874689312088 ) ) ;
#964 = B_SPLINE_CURVE_WITH_KNOTS ( 'NONE', 3,
 ( #4985, #7352, #3086, #147, #2501, #7235, #4293, #6645, #3027, #2940 ),
 .UNSPECIFIED., .F., .F.,
 ( 4, 2, 2, 2, 4 ),
 ( -0.003124203100073496241, 0.0005269008553542503873, 0.004178004810781997015, 0.007829108766209742776, 0.01148021272163748940 ),
 .UNSPECIFIED. ) ;
#965 = CARTESIAN_POINT ( 'NONE',  ( 20.00761839436034606, 23.92508197864581021, -114.1244424455931323 ) ) ;
#966 = CARTESIAN_POINT ( 'NONE',  ( -28.72871393646089544, 2.999999999999999112, -42.19942686310731261 ) ) ;
#967 = ORIENTED_EDGE ( 'NONE', *, *, #1166, .T. ) ;
#968 = CARTESIAN_POINT ( 'NONE',  ( 15.29494587782434500, 32.50000000000000000, -89.13863743163039999 ) ) ;
#969 = CARTESIAN_POINT ( 'NONE',  ( -9.456461488545532035, 26.50000000000000711, -112.4049389531973588 ) ) ;
#970 = CARTESIAN_POINT ( 'NONE',  ( -27.41664714306967454, -0.000000000000000000, -90.94326853066240801 ) ) ;
#971 = ORIENTED_EDGE ( 'NONE', *, *, #3434, .F. ) ;
#972 = CARTESIAN_POINT ( 'NONE',  ( 28.85635153807788100, 3.000000000000743405, -41.01368145101169915 ) ) ;
#973 = CARTESIAN_POINT ( 'NONE',  ( -24.73057814568559820, 7.273680913377527091, -18.83780789105709630 ) ) ;
#974 = CARTESIAN_POINT ( 'NONE',  ( -22.02499643441695198, 50.10999999999998522, -85.15000000000063096 ) ) ;
#975 = CARTESIAN_POINT ( 'NONE',  ( 28.68701284691768549, 3.000000000000000000, -114.6333725577028559 ) ) ;
#976 = CARTESIAN_POINT ( 'NONE',  ( -24.62570683598320542, -0.000000000000000000, -26.83439787630710782 ) ) ;
#977 = B_SPLINE_CURVE_WITH_KNOTS ( 'NONE', 3,
 ( #5795, #4022, #7582, #4603, #7544, #2269, #6995, #4673, #1695, #4059 ),
 .UNSPECIFIED., .F., .F.,
 ( 4, 2, 2, 2, 4 ),
 ( 0.001493274347694229908, 0.005640368484915224065, 0.009787462622136219523, 0.01393455675935721325, 0.01808165089657820870 ),
 .UNSPECIFIED. ) ;
#978 = ORIENTED_EDGE ( 'NONE', *, *, #6296, .T. ) ;
#979 = CARTESIAN_POINT ( 'NONE',  ( -4.423405681909789777, 7.499808938517453782, -0.5863435000486338922 ) ) ;
#980 = CARTESIAN_POINT ( 'NONE',  ( 22.02499643441695198, 50.10999999999998522, -101.7499981269010192 ) ) ;
#981 = DIRECTION ( 'NONE',  ( 1.000000000000000000, 0.000000000000000000, 0.000000000000000000 ) ) ;
#982 = CARTESIAN_POINT ( 'NONE',  ( -27.53115634991760174, 7.500000000000013323, -77.49592708801516494 ) ) ;
#983 = ADVANCED_FACE ( 'NONE', ( #1762 ), #6800, .T. ) ;
#984 = CARTESIAN_POINT ( 'NONE',  ( 18.75026202138788278, 32.50000000000001421, -90.40721217738081350 ) ) ;
#985 = CIRCLE ( 'NONE', #7288, 1.249999442108171266 ) ;
#986 = CARTESIAN_POINT ( 'NONE',  ( -24.77486686024649742, 7.047361826755045300, -18.74804292972260455 ) ) ;
#987 = VECTOR ( 'NONE', #6196, 1000.000000000000000 ) ;
#988 = EDGE_LOOP ( 'NONE', ( #6611, #1453, #87 ) ) ;
#989 = CARTESIAN_POINT ( 'NONE',  ( 12.02273047948376394, 32.50000000000000000, -80.86468299078931921 ) ) ;
#990 = CARTESIAN_POINT ( 'NONE',  ( -9.773669647934426052, 2.999999999999252154, -2.792385160350280504 ) ) ;
#991 = DIRECTION ( 'NONE',  ( 0.000000000000000000, 0.000000000000000000, -1.000000000000000000 ) ) ;
#992 = CARTESIAN_POINT ( 'NONE',  ( 18.67036403496163999, 32.82113483124341258, -99.32276422062967924 ) ) ;
#993 = AXIS2_PLACEMENT_3D ( 'NONE', #7524, #6430, #5744 ) ;
#994 = CARTESIAN_POINT ( 'NONE',  ( 0.003423883354455990128, 25.00000000000000000, -117.8846757894502986 ) ) ;
#995 = CARTESIAN_POINT ( 'NONE',  ( -19.00218733452022946, 32.61083422916384933, -97.06446626965794167 ) ) ;
#996 = CARTESIAN_POINT ( 'NONE',  ( -13.28902803247404840, 24.99999999999640821, -83.25407408595640391 ) ) ;
#997 = CARTESIAN_POINT ( 'NONE',  ( -0.5263648127034643576, 26.50000000000000355, -117.8879013061873877 ) ) ;
#998 = AXIS2_PLACEMENT_3D ( 'NONE', #6553, #2487, #7100 ) ;
#999 = CARTESIAN_POINT ( 'NONE',  ( 10.32352053891105470, 25.00000000000000000, -80.92502341332074423 ) ) ;
#1000 = AXIS2_PLACEMENT_3D ( 'NONE', #4495, #5617, #2663 ) ;
#1001 = CARTESIAN_POINT ( 'NONE',  ( 4.527061668913647538E-05, 32.50000000000000000, -68.55960127013857175 ) ) ;
#1002 =( NAMED_UNIT ( * ) SI_UNIT ( $, .STERADIAN. ) SOLID_ANGLE_UNIT ( ) );
#1003 = CARTESIAN_POINT ( 'NONE',  ( 20.42499008108674730, 0.000000000000000000, -128.2205972455858500 ) ) ;
#1004 = CARTESIAN_POINT ( 'NONE',  ( 26.63180575073322487, 7.053960308776615840, -22.88199230246078386 ) ) ;
#1005 = AXIS2_PLACEMENT_3D ( 'NONE', #3596, #565, #777 ) ;
#1006 = CARTESIAN_POINT ( 'NONE',  ( 8.042979953175757757, 32.73207170552018397, -117.8652544878379160 ) ) ;
#1007 = CARTESIAN_POINT ( 'NONE',  ( 22.02499643441695198, 50.10999999999987864, -94.75000000000054001 ) ) ;
#1008 = CARTESIAN_POINT ( 'NONE',  ( -15.24209004743380014, 26.50000000000179412, -100.6377854854684983 ) ) ;
#1009 = CARTESIAN_POINT ( 'NONE',  ( 7.086691201961767383, 32.50000000000000000, -121.0565328583684561 ) ) ;
#1010 = ORIENTED_EDGE ( 'NONE', *, *, #3683, .T. ) ;
#1011 = CARTESIAN_POINT ( 'NONE',  ( 29.01089431620918901, -8.155608576131153792E-29, -39.21613414776950179 ) ) ;
#1012 = CARTESIAN_POINT ( 'NONE',  ( -21.97196804300006434, 7.040397645729848719, -14.08506176855928871 ) ) ;
#1013 = CARTESIAN_POINT ( 'NONE',  ( 1.829460153155878288, 2.999999999999995559, -139.9382239296532475 ) ) ;
#1014 = CARTESIAN_POINT ( 'NONE',  ( -29.53281654377935794, -8.673617379884035472E-16, -104.7021615896171909 ) ) ;
#1015 = CARTESIAN_POINT ( 'NONE',  ( -25.33372161063648065, -0.000000000000000000, -29.48242166201459824 ) ) ;
#1016 = ORIENTED_EDGE ( 'NONE', *, *, #6405, .F. ) ;
#1017 = LINE ( 'NONE', #5219, #6916 ) ;
#1018 = DIRECTION ( 'NONE',  ( 0.000000000000000000, 0.000000000000000000, -1.000000000000000000 ) ) ;
#1019 = CARTESIAN_POINT ( 'NONE',  ( -18.34931720474452632, 32.49999999999999289, -101.3860612854214338 ) ) ;
#1020 = CARTESIAN_POINT ( 'NONE',  ( 26.00940018802702625, 7.135463486710514225, -63.96497220617450097 ) ) ;
#1021 = CARTESIAN_POINT ( 'NONE',  ( -21.97196804300006434, 7.040397645729848719, -14.08506176855928871 ) ) ;
#1022 = ORIENTED_EDGE ( 'NONE', *, *, #4761, .F. ) ;
#1023 = SPHERICAL_SURFACE ( 'NONE', #4205, 1.500000000000000000 ) ;
#1024 = CARTESIAN_POINT ( 'NONE',  ( -7.142491640356827709, 3.000000000000000000, -1.496280553337471009 ) ) ;
#1025 = FACE_BOUND ( 'NONE', #4540, .T. ) ;
#1026 = CARTESIAN_POINT ( 'NONE',  ( 6.320501234354368947, 32.50000000000004974, -119.2807871985119732 ) ) ;
#1027 = ADVANCED_FACE ( 'NONE', ( #6354 ), #6369, .F. ) ;
#1028 = CARTESIAN_POINT ( 'NONE',  ( -22.90530079528547347, 2.999999999999999112, -22.35528199898241652 ) ) ;
#1029 = CARTESIAN_POINT ( 'NONE',  ( -17.68655239344936447, 32.69935046233401010, -103.5542199075340193 ) ) ;
#1030 = CARTESIAN_POINT ( 'NONE',  ( 9.475395918364636572, 32.50000000000000000, -112.4153568990078469 ) ) ;
#1031 = EDGE_CURVE ( 'NONE', #2631, #1632, #3228, .T. ) ;
#1032 = CARTESIAN_POINT ( 'NONE',  ( -9.186460830247465736, 24.99999999999999645, -79.26188221192084882 ) ) ;
#1033 = CARTESIAN_POINT ( 'NONE',  ( 27.02499643441695198, 14.39391261579268466, -86.65000000000063096 ) ) ;
#1034 = CARTESIAN_POINT ( 'NONE',  ( 0.06691753620455027918, 7.499995656802034283, -139.9999284108816653 ) ) ;
#1035 = CARTESIAN_POINT ( 'NONE',  ( 27.59640091282649621, 0.000000000000000000, -91.79878757248906140 ) ) ;
#1036 = EDGE_CURVE ( 'NONE', #3874, #823, #3853, .T. ) ;
#1037 = CARTESIAN_POINT ( 'NONE',  ( 23.99679002149687079, 26.91693742185896809, -58.74779604081901851 ) ) ;
#1038 = CARTESIAN_POINT ( 'NONE',  ( 8.162598819305090458, 32.49999999999995737, -118.0512196017855473 ) ) ;
#1039 = DIRECTION ( 'NONE',  ( 3.256064876940132405E-10, 0.000000000000000000, 1.000000000000000000 ) ) ;
#1040 = CARTESIAN_POINT ( 'NONE',  ( 9.475395918364636572, 32.50000000000000000, -112.4153568990078469 ) ) ;
#1041 = CARTESIAN_POINT ( 'NONE',  ( -6.185840599949959717, 24.99999999999863576, -115.5173432005217364 ) ) ;
#1042 = CARTESIAN_POINT ( 'NONE',  ( 4.961483519286547406, 0.1000000000000000056, -80.83717174866055188 ) ) ;
#1043 = ORIENTED_EDGE ( 'NONE', *, *, #4148, .F. ) ;
#1044 = CARTESIAN_POINT ( 'NONE',  ( 23.95956146459211666, 0.000000000000000000, -74.67340960985833931 ) ) ;
#1045 = CARTESIAN_POINT ( 'NONE',  ( -11.31045798483341080, 32.79584297442407603, -74.89264677098961442 ) ) ;
#1046 = CYLINDRICAL_SURFACE ( 'NONE', #4068, 1.500000000000001332 ) ;
#1047 = CARTESIAN_POINT ( 'NONE',  ( -28.59386937624306313, 1.542805830703597792E-11, -82.43452273467110558 ) ) ;
#1048 = CARTESIAN_POINT ( 'NONE',  ( -12.03630640644447247, 26.50000000000000355, -80.85496448253930168 ) ) ;
#1049 = CARTESIAN_POINT ( 'NONE',  ( 12.70746117088631699, 3.000000000000000444, -8.538461297268742811 ) ) ;
#1050 = EDGE_LOOP ( 'NONE', ( #6767, #5294, #1119, #4114, #4374, #34, #7583 ) ) ;
#1051 = CARTESIAN_POINT ( 'NONE',  ( -4.859667834258305952, 7.499777144855061195, -0.7069890276961174891 ) ) ;
#1052 = CYLINDRICAL_SURFACE ( 'NONE', #5443, 4.000000000000003553 ) ;
#1053 = CARTESIAN_POINT ( 'NONE',  ( -18.73695984563720529, 32.60704494374781603, -99.25134333842532897 ) ) ;
#1054 = CARTESIAN_POINT ( 'NONE',  ( 27.56749763651868079, 7.500000000000013323, -49.72211935852730136 ) ) ;
#1055 = CARTESIAN_POINT ( 'NONE',  ( -6.334321782142994905, 17.19848737952315432, -50.19392513871540018 ) ) ;
#1056 = ORIENTED_EDGE ( 'NONE', *, *, #1414, .T. ) ;
#1057 = CARTESIAN_POINT ( 'NONE',  ( 21.39701017126969518, 3.000000000000000888, -127.2060807868543293 ) ) ;
#1058 = CARTESIAN_POINT ( 'NONE',  ( -22.02499643441695198, 35.98868152953987476, -85.15000000000063096 ) ) ;
#1059 = CARTESIAN_POINT ( 'NONE',  ( 22.02499643441695198, 43.11000187309952025, -93.57500000000055707 ) ) ;
#1060 = CARTESIAN_POINT ( 'NONE',  ( 15.57624343730341643, 7.277752199026227053, -135.7358152996833667 ) ) ;
#1061 = CARTESIAN_POINT ( 'NONE',  ( -27.02499643441695909, 18.17912310415221810, -102.9896595073199848 ) ) ;
#1062 = CARTESIAN_POINT ( 'NONE',  ( -26.06594506644171716, 7.499999999999994671, -66.76682026311779339 ) ) ;
#1063 = CARTESIAN_POINT ( 'NONE',  ( 14.72639869474436480, 32.50000000000000000, -102.6237744243219936 ) ) ;
#1064 = CARTESIAN_POINT ( 'NONE',  ( -4.820222209789111645, 25.00000000000000355, -74.95992225849873591 ) ) ;
#1065 = CARTESIAN_POINT ( 'NONE',  ( -22.02499643441695198, 57.10999812690045729, -95.92500000000055138 ) ) ;
#1066 = CARTESIAN_POINT ( 'NONE',  ( 16.08010051717936051, 7.499940268250088415, -135.2278533046300595 ) ) ;
#1067 = CARTESIAN_POINT ( 'NONE',  ( -0.2168935187788541830, -4.336808689942017736E-16, -137.0000000000000000 ) ) ;
#1068 = CARTESIAN_POINT ( 'NONE',  ( 29.13529914640188423, -0.000000000000000000, -112.4560394022133920 ) ) ;
#1069 = CARTESIAN_POINT ( 'NONE',  ( 16.11183433626499095, 32.77304758814182151, -82.20142126274318173 ) ) ;
#1070 = CARTESIAN_POINT ( 'NONE',  ( 11.29235018478084562, 32.66277043146753556, -114.9504544584357859 ) ) ;
#1071 = EDGE_CURVE ( 'NONE', #1281, #1774, #1369, .T. ) ;
#1072 = CARTESIAN_POINT ( 'NONE',  ( -22.02499643441695198, 37.23132221665915154, -104.3500000000004633 ) ) ;
#1073 = CARTESIAN_POINT ( 'NONE',  ( -1.292375997672472687, 24.99999999999725375, -117.7959356510678646 ) ) ;
#1074 = FACE_OUTER_BOUND ( 'NONE', #4141, .T. ) ;
#1075 = ORIENTED_EDGE ( 'NONE', *, *, #1597, .F. ) ;
#1076 = CARTESIAN_POINT ( 'NONE',  ( 26.03853387688394250, 3.673228178334884306E-13, -61.30658177936249587 ) ) ;
#1077 = CARTESIAN_POINT ( 'NONE',  ( -13.38975039503851683, 32.64407252800991444, -77.33210020216384351 ) ) ;
#1078 = EDGE_CURVE ( 'NONE', #3536, #3299, #3739, .T. ) ;
#1079 = CARTESIAN_POINT ( 'NONE',  ( -25.52499643441695198, 32.48868152953984634, -86.65000000000063096 ) ) ;
#1080 = EDGE_LOOP ( 'NONE', ( #6529, #4988, #5817, #3012 ) ) ;
#1081 = CARTESIAN_POINT ( 'NONE',  ( -27.15154396225048217, 1.301042606982605321E-15, -89.70483113919564744 ) ) ;
#1082 = CARTESIAN_POINT ( 'NONE',  ( -15.29705851556047236, 32.50000000000000000, -89.14833779284140292 ) ) ;
#1083 = CARTESIAN_POINT ( 'NONE',  ( 14.35191170736356092, 2.999999999999999556, -10.06237460000515149 ) ) ;
#1084 = VERTEX_POINT ( 'NONE', #6201 ) ;
#1085 = CARTESIAN_POINT ( 'NONE',  ( -26.99292506531775615, 7.499425254354185277, -24.42511568891513107 ) ) ;
#1086 = CARTESIAN_POINT ( 'NONE',  ( -4.000000000000000000, 2.600000000000029843, -83.33717174866055188 ) ) ;
#1087 = CARTESIAN_POINT ( 'NONE',  ( -18.94495279516171138, 32.83250268749149114, -97.15535107323262309 ) ) ;
#1088 = CARTESIAN_POINT ( 'NONE',  ( -4.330374703964035454, 32.50000000000000000, -69.36476191232168276 ) ) ;
#1089 = ORIENTED_EDGE ( 'NONE', *, *, #795, .F. ) ;
#1090 = CARTESIAN_POINT ( 'NONE',  ( 20.54393109383972060, 3.000000000000000000, -128.0546556855637164 ) ) ;
#1091 = CARTESIAN_POINT ( 'NONE',  ( -5.242795026602629527, 3.000000000000000000, -0.8270003807948770325 ) ) ;
#1092 = CARTESIAN_POINT ( 'NONE',  ( 4.527061668913647538E-05, 32.50000000000000000, -68.55960127013857175 ) ) ;
#1093 = CARTESIAN_POINT ( 'NONE',  ( 11.34641409704185833, 32.58138521573378910, -114.9969993303330256 ) ) ;
#1094 = AXIS2_PLACEMENT_3D ( 'NONE', #4497, #2058, #1520 ) ;
#1095 = CARTESIAN_POINT ( 'NONE',  ( -22.91902573097676310, -2.168404344971008868E-15, -22.38538402531837335 ) ) ;
#1096 = CARTESIAN_POINT ( 'NONE',  ( -31.01253365016355801, 7.499999999999992006, -93.36826312234281033 ) ) ;
#1097 = ORIENTED_EDGE ( 'NONE', *, *, #2153, .F. ) ;
#1098 = CARTESIAN_POINT ( 'NONE',  ( 11.45339283699895283, 26.50000000000000355, -109.7183520931621672 ) ) ;
#1099 = CARTESIAN_POINT ( 'NONE',  ( -2.071024047965856152, 24.99999999999999645, -73.56247485762463612 ) ) ;
#1100 = DIRECTION ( 'NONE',  ( -1.000000000000000000, 0.000000000000000000, -0.000000000000000000 ) ) ;
#1101 = CARTESIAN_POINT ( 'NONE',  ( 26.10057210111872195, 7.498903480500990426, -126.4644635731679330 ) ) ;
#1102 = CARTESIAN_POINT ( 'NONE',  ( 17.34999643441695127, 34.00000000000000000, -85.15000000000063096 ) ) ;
#1103 = CARTESIAN_POINT ( 'NONE',  ( 27.07032223840879936, 0.000000000000000000, -89.36232627012957153 ) ) ;
#1104 = VECTOR ( 'NONE', #1503, 1000.000000000000000 ) ;
#1105 = CARTESIAN_POINT ( 'NONE',  ( 17.58933954407777733, 32.76043652801706685, -85.94314457444977506 ) ) ;
#1106 = AXIS2_PLACEMENT_3D ( 'NONE', #4917, #4345, #6698 ) ;
#1107 = VECTOR ( 'NONE', #4001, 1000.000000000000000 ) ;
#1108 = CARTESIAN_POINT ( 'NONE',  ( 19.30004972035500899, 19.14662859308436182, -128.0915554365228957 ) ) ;
#1109 = AXIS2_PLACEMENT_3D ( 'NONE', #4638, #7659, #2303 ) ;
#1110 = DIRECTION ( 'NONE',  ( -1.688295353748717154E-16, 0.000000000000000000, 1.000000000000000000 ) ) ;
#1111 = FACE_OUTER_BOUND ( 'NONE', #6083, .T. ) ;
#1112 = CARTESIAN_POINT ( 'NONE',  ( -6.185840599538955153, 26.50000000000000355, -115.5173431999505453 ) ) ;
#1113 = CARTESIAN_POINT ( 'NONE',  ( 3.755636597233981799, 8.673617379884035472E-16, -3.496257698449354301 ) ) ;
#1114 = ORIENTED_EDGE ( 'NONE', *, *, #406, .F. ) ;
#1115 = AXIS2_PLACEMENT_3D ( 'NONE', #1469, #1354, #4408 ) ;
#1116 = CARTESIAN_POINT ( 'NONE',  ( -18.67332932316328353, 6.801724292768201785, -9.680273828434877714 ) ) ;
#1117 = EDGE_CURVE ( 'NONE', #1436, #7274, #3391, .T. ) ;
#1118 = DIRECTION ( 'NONE',  ( -0.000000000000000000, -1.000000000000000000, -0.000000000000000000 ) ) ;
#1119 = ORIENTED_EDGE ( 'NONE', *, *, #6986, .F. ) ;
#1120 = CARTESIAN_POINT ( 'NONE',  ( -26.83182367158962478, 15.07802338524212793, -85.91064857045461167 ) ) ;
#1121 = CARTESIAN_POINT ( 'NONE',  ( -12.83001777759980833, 32.50000000000000000, -82.34430592514965497 ) ) ;
#1122 = CARTESIAN_POINT ( 'NONE',  ( -0.5755901498672484351, 2.999999999999999556, -2.997214752156350137 ) ) ;
#1123 = CARTESIAN_POINT ( 'NONE',  ( -25.31353312061586891, 0.000000000000000000, -44.95854038488759130 ) ) ;
#1124 = ORIENTED_EDGE ( 'NONE', *, *, #2614, .F. ) ;
#1125 = DIRECTION ( 'NONE',  ( -0.000000000000000000, -0.000000000000000000, -1.000000000000000000 ) ) ;
#1126 = ADVANCED_FACE ( 'NONE', ( #1603 ), #1023, .T. ) ;
#1127 = CARTESIAN_POINT ( 'NONE',  ( 2.562660619815104290, 32.50000000000000711, -68.82510695622785590 ) ) ;
#1128 = CARTESIAN_POINT ( 'NONE',  ( 32.55526069624153251, 2.999999999999998668, -108.0574212495897797 ) ) ;
#1129 = CARTESIAN_POINT ( 'NONE',  ( -16.14277852495439802, 32.59278290887489504, -107.6454245719563829 ) ) ;
#1130 = CARTESIAN_POINT ( 'NONE',  ( -4.672982299041509080, 2.999999999999443112, -139.5915706790919444 ) ) ;
#1131 = CARTESIAN_POINT ( 'NONE',  ( -14.48685071924887957, 26.50000000000000355, -86.30236322138829053 ) ) ;
#1132 = ORIENTED_EDGE ( 'NONE', *, *, #6871, .T. ) ;
#1133 = CARTESIAN_POINT ( 'NONE',  ( 13.09423228139223738, 32.50000000000000000, -82.84045540369440630 ) ) ;
#1134 = CARTESIAN_POINT ( 'NONE',  ( -5.242795026602629527, 4.814824860968089633E-32, -0.8270003807948773655 ) ) ;
#1135 = CARTESIAN_POINT ( 'NONE',  ( -27.02499643441695198, 32.48868152953984634, -102.8500000000004775 ) ) ;
#1136 = B_SPLINE_CURVE_WITH_KNOTS ( 'NONE', 3,
 ( #5867, #7654, #7537, #6991, #415, #5829, #1152, #3472, #3943, #447, #2804, #1659, #1734, #5171, #6365, #2770, #3430, #3508, #5134, #5787, #2915, #1113, #526, #563, #2878, #5245, #2300, #4524, #7499, #6882, #1583, #6293 ),
 .UNSPECIFIED., .F., .F.,
 ( 4, 2, 2, 2, 2, 2, 2, 2, 2, 2, 2, 2, 2, 2, 2, 4 ),
 ( 0.000000000000000000, 0.01908907473276317754, 0.1007010528988400988, 0.1823130310649167529, 0.2639250092309936568, 0.2843280037725128828, 0.3047309983140319978, 0.3455369873970706163, 0.3863429764801092348, 0.4067459710216283497, 0.4271489655631475757, 0.4679549546461861942, 0.4883579491877053091, 0.5087609437292247572, 0.5495669328122630981, 0.5707444368822216507 ),
 .UNSPECIFIED. ) ;
#1137 = CARTESIAN_POINT ( 'NONE',  ( 8.162598819305090458, 32.49999999999995737, -118.0512196017855473 ) ) ;
#1138 = CARTESIAN_POINT ( 'NONE',  ( 6.251138659591032543, 7.024354589441258234, -0.7771770607811819831 ) ) ;
#1139 = CARTESIAN_POINT ( 'NONE',  ( -19.03080460419949205, 32.50000000000002132, -97.01902386787058674 ) ) ;
#1140 = ORIENTED_EDGE ( 'NONE', *, *, #7334, .T. ) ;
#1141 = CARTESIAN_POINT ( 'NONE',  ( 15.67499646065027541, 32.50000000000000000, -98.25668410583796231 ) ) ;
#1142 = CARTESIAN_POINT ( 'NONE',  ( -3.502012377414157829, 25.00000000000000355, -74.16682015338130896 ) ) ;
#1143 = CARTESIAN_POINT ( 'NONE',  ( 4.000000000000000888, 5.233851005405021795, -92.38575162952881215 ) ) ;
#1144 = CARTESIAN_POINT ( 'NONE',  ( 28.08032794443159119, 7.500274320330334810, -80.11279277350759287 ) ) ;
#1145 = CARTESIAN_POINT ( 'NONE',  ( -1.713435755356122581, 3.000000000000003109, -136.9402341626757789 ) ) ;
#1146 = CARTESIAN_POINT ( 'NONE',  ( 29.55520888149332848, -0.000000000000000000, -107.7391022815482273 ) ) ;
#1147 = CARTESIAN_POINT ( 'NONE',  ( 26.63731040547489215, 6.926274615914522315, -55.80190667045548736 ) ) ;
#1148 = EDGE_CURVE ( 'NONE', #2786, #6778, #6863, .T. ) ;
#1149 = CARTESIAN_POINT ( 'NONE',  ( 10.62381635907507160, 7.500000000000014211, -138.0669374306304462 ) ) ;
#1150 = PLANE ( 'NONE',  #3074 ) ;
#1151 = CARTESIAN_POINT ( 'NONE',  ( -5.288751014093782565, 25.00000000000000000, -114.3148539355885731 ) ) ;
#1152 = CARTESIAN_POINT ( 'NONE',  ( 17.94225045835929322, -1.734723475976807094E-15, -14.06365757168172514 ) ) ;
#1153 = CARTESIAN_POINT ( 'NONE',  ( -4.239033366750595907E-15, 32.50000000000000000, -68.55960127224463463 ) ) ;
#1154 = CARTESIAN_POINT ( 'NONE',  ( 26.02665903855594820, 3.000000000000733635, -66.08396268882231084 ) ) ;
#1155 = DIRECTION ( 'NONE',  ( 1.069202239007073440E-16, 0.7071067811865514585, -0.7071067811865435759 ) ) ;
#1156 = CARTESIAN_POINT ( 'NONE',  ( 25.52499643441695198, 32.48868152953990318, -102.8500000000004775 ) ) ;
#1157 = ORIENTED_EDGE ( 'NONE', *, *, #595, .T. ) ;
#1158 = CARTESIAN_POINT ( 'NONE',  ( 28.37536591168255029, 3.000000000000001776, -123.1974434465586370 ) ) ;
#1159 = CARTESIAN_POINT ( 'NONE',  ( -3.525819584986894295, 3.000000000000000444, -0.3560370321153970563 ) ) ;
#1160 = CARTESIAN_POINT ( 'NONE',  ( 11.82310248941342401, 3.000000000000000000, -7.818226252595726677 ) ) ;
#1161 = CARTESIAN_POINT ( 'NONE',  ( -24.03660099936850258, 0.000000000000000000, -52.63738926260958095 ) ) ;
#1162 = EDGE_LOOP ( 'NONE', ( #1881, #3832, #3558, #2356 ) ) ;
#1163 = CARTESIAN_POINT ( 'NONE',  ( 4.820222182582527992, 25.00000000000001066, -114.6592802995442639 ) ) ;
#1164 = CARTESIAN_POINT ( 'NONE',  ( 6.880401451785521871, 3.000000000000000444, -1.392779475856778859 ) ) ;
#1165 = CARTESIAN_POINT ( 'NONE',  ( -26.60976684133461490, 7.117516410609664668, -55.85558721672211391 ) ) ;
#1166 = EDGE_CURVE ( 'NONE', #7602, #5145, #1857, .T. ) ;
#1167 = CARTESIAN_POINT ( 'NONE',  ( -0.0001138331982374475408, 7.023480091823953053, 0.2378029341013553066 ) ) ;
#1168 = CARTESIAN_POINT ( 'NONE',  ( -4.743635147705102639, 26.50000000000000355, -73.13716053201957834 ) ) ;
#1169 = EDGE_CURVE ( 'NONE', #6144, #6312, #1272, .T. ) ;
#1170 = VERTEX_POINT ( 'NONE', #7090 ) ;
#1171 = CARTESIAN_POINT ( 'NONE',  ( 27.05585157935853857, 3.000000000000000888, -119.2205779457243153 ) ) ;
#1172 = CARTESIAN_POINT ( 'NONE',  ( 6.404724898031743052, 1.873626738976372141E-13, -1.219750404372737851 ) ) ;
#1173 = CARTESIAN_POINT ( 'NONE',  ( 10.13474685547660492, 26.49999999999999645, -78.05474418040999751 ) ) ;
#1174 =( BOUNDED_SURFACE ( )  B_SPLINE_SURFACE ( 3, 2, ( 
 ( #2313, #2891, #541 ),
 ( #4146, #2976, #705 ),
 ( #664, #6493, #3018 ),
 ( #5341, #2393, #4685 ),
 ( #4765, #5258, #7628 ),
 ( #1871, #3058, #7125 ),
 ( #6537, #4807, #7169 ),
 ( #7209, #6419, #1130 ),
 ( #3488, #3802, #6081 ),
 ( #7284, #235, #159 ),
 ( #903, #3216, #3687 ),
 ( #3100, #1986, #6659 ),
 ( #789, #1372, #6190 ),
 ( #1331, #863, #5619 ),
 ( #2589, #310, #4961 ),
 ( #7326, #6776, #4884 ),
 ( #5583, #2022, #4382 ),
 ( #3174, #2664, #4349 ),
 ( #6701, #6621, #4419 ),
 ( #276, #6736, #5031 ),
 ( #3251, #1407, #6039 ),
 ( #7398, #1444, #3843 ),
 ( #2629, #7247, #747 ),
 ( #4996, #7364, #1947 ),
 ( #3765, #4270, #2057 ),
 ( #4307, #1482, #5464 ),
 ( #2514, #3728, #5541 ),
 ( #3139, #6117, #5503 ),
 ( #196, #4920, #827 ),
 ( #7438, #3288, #2195 ),
 ( #3949, #5178, #4565 ),
 ( #1628, #7547, #7473 ),
 ( #6260, #6371, #5797 ),
 ( #2090, #1665, #2237 ),
 ( #419, #3879, #3329 ),
 ( #387, #5695, #5107 ),
 ( #6853, #4530, #6302 ),
 ( #1014, #2775, #494 ),
 ( #3367, #3437, #2702 ),
 ( #6336, #1553, #4605 ),
 ( #6960, #2130, #5654 ),
 ( #2847, #4024, #4459 ),
 ( #1081, #5215, #5141 ),
 ( #7505, #1047, #3402 ),
 ( #454, #6816, #1519 ),
 ( #6225, #939, #345 ),
 ( #5073, #4496, #2486 ),
 ( #5436, #1303, #3660 ),
 ( #133, #5477, #4124 ),
 ( #89, #13, #7221 ),
 ( #1921, #3538, #637 ),
 ( #7139, #6507, #4779 ),
 ( #1217, #6054, #3578 ),
 ( #719, #170, #2404 ),
 ( #1181, #7184, #6552 ),
 ( #6633, #4739, #6593 ),
 ( #1883, #4243, #2443 ),
 ( #5894, #1841, #763 ),
 ( #590, #4282, #3699 ),
 ( #3114, #2989, #5315 ),
 ( #1261, #2366, #7099 ),
 ( #1799, #4159, #3621 ),
 ( #51, #5974, #676 ),
 ( #3030, #5396, #916 ),
 ( #3301, #3264, #4395 ),
 ( #7375, #4472, #3776 ),
 ( #6713, #3229, #4430 ),
 ( #2034, #2716, #2676 ),
 ( #6789, #6828, #5632 ),
 ( #3148, #2066, #288 ),
 ( #5042, #1495, #6749 ),
 ( #7411, #7339, #878 ),
 ( #4972, #6237, #1455 ),
 ( #5666, #5513, #324 ),
 ( #358, #4360, #951 ),
 ( #4318, #800, #3854 ),
 ( #205, #6202, #5085 ),
 ( #1958, #2641, #837 ),
 ( #5594, #2558, #3891 ),
 ( #2106, #1530, #1419 ),
 ( #6673, #1383, #6127 ),
 ( #5008, #3740, #3183 ),
 ( #6093, #4931, #7296 ),
 ( #1998, #5552, #248 ),
 ( #2600, #3813, #6161 ),
 ( #7561, #4584, #5851 ),
 ( #6939, #5117, #3492 ),
 ( #2176, #6274, #1566 ),
 ( #3966, #1675, #6899 ),
 ( #6349, #4542, #990 ),
 ( #2753, #7484, #1604 ),
 ( #6313, #6971, #1024 ),
 ( #545, #3379, #5738 ),
 ( #399, #2211, #2249 ) ),
 .UNSPECIFIED., .F., .F., .F. ) 
 B_SPLINE_SURFACE_WITH_KNOTS ( ( 4, 2, 2, 2, 2, 2, 2, 2, 2, 2, 2, 2, 2, 2, 2, 2, 2, 2, 2, 2, 2, 2, 2, 2, 2, 2, 2, 2, 2, 2, 2, 2, 2, 2, 2, 2, 2, 2, 2, 2, 2, 2, 2, 2, 2, 2, 4 ),
 ( 3, 3 ),
 ( -2.837174939429587539E-13, 0.002540746267341238533, 0.005081492534966194560, 0.007622238802591150587, 0.008892611936403628167, 0.01016298507021610661, 0.01524447760546601867, 0.01778522387309097383, 0.02032597014071593072, 0.02540746267596584451, 0.02794820894359079794, 0.03048895521121575483, 0.03557044774646566515, 0.03684082088027813839, 0.03811119401409061858, 0.04065194028171557894, 0.04573343281696549273, 0.04827417908459044615, 0.05081492535221540652, 0.05589641788746531337, 0.06097791042271522716, 0.07114089549321504780, 0.08130388056371487537, 0.09146686563421470295, 0.09400761190183964944, 0.09654835816946460980, 0.1016298507047145305, 0.1067113432399644374, 0.1117928357752143442, 0.1168743283104642650, 0.1219558208457141718, 0.1232261939795266381, 0.1244965671133391183, 0.1270373133809640787, 0.1295780596485890390, 0.1321188059162139994, 0.1346595521838389597, 0.1372002984514639201, 0.1422817909867138131, 0.1448225372543387457, 0.1473632835219637061, 0.1524447760572136268, 0.1549855223248385871, 0.1562558954586510673, 0.1575262685924635475, 0.1600670148600885079, 0.1626077611277134682 ),
 ( 0.000000000000000000, 1.000000000000000000 ),
 .UNSPECIFIED. ) 
 GEOMETRIC_REPRESENTATION_ITEM ( )  RATIONAL_B_SPLINE_SURFACE ( (
 ( 1.000000000000000000, 0.7071067811865475727, 1.000000000000000000),
 ( 1.000000000000000000, 0.7071067811865475727, 1.000000000000000000),
 ( 1.000000000000000000, 0.7071067811865475727, 1.000000000000000000),
 ( 1.000000000000000000, 0.7071067811865475727, 1.000000000000000000),
 ( 1.000000000000000000, 0.7071067811865476838, 1.000000000000000000),
 ( 1.000000000000000000, 0.7071067811865476838, 1.000000000000000000),
 ( 1.000000000000000000, 0.7071067811865475727, 1.000000000000000000),
 ( 1.000000000000000000, 0.7071067811865475727, 1.000000000000000000),
 ( 1.000000000000000000, 0.7071067811865475727, 1.000000000000000000),
 ( 1.000000000000000000, 0.7071067811865475727, 1.000000000000000000),
 ( 1.000000000000000000, 0.7071067811865475727, 1.000000000000000000),
 ( 1.000000000000000000, 0.7071067811865475727, 1.000000000000000000),
 ( 1.000000000000000000, 0.7071067811865475727, 1.000000000000000000),
 ( 1.000000000000000000, 0.7071067811865475727, 1.000000000000000000),
 ( 1.000000000000000000, 0.7071067811865475727, 1.000000000000000000),
 ( 1.000000000000000000, 0.7071067811865475727, 1.000000000000000000),
 ( 1.000000000000000000, 0.7071067811865474617, 1.000000000000000000),
 ( 1.000000000000000000, 0.7071067811865474617, 1.000000000000000000),
 ( 1.000000000000000000, 0.7071067811865473507, 1.000000000000000000),
 ( 1.000000000000000000, 0.7071067811865473507, 1.000000000000000000),
 ( 1.000000000000000000, 0.7071067811865473507, 1.000000000000000000),
 ( 1.000000000000000000, 0.7071067811865473507, 1.000000000000000000),
 ( 1.000000000000000000, 0.7071067811865474617, 1.000000000000000000),
 ( 1.000000000000000000, 0.7071067811865474617, 1.000000000000000000),
 ( 1.000000000000000000, 0.7071067811865483499, 1.000000000000000000),
 ( 1.000000000000000000, 0.7071067811865483499, 1.000000000000000000),
 ( 1.000000000000000000, 0.7071067811865475727, 1.000000000000000000),
 ( 1.000000000000000000, 0.7071067811865475727, 1.000000000000000000),
 ( 1.000000000000000000, 0.7071067811865474617, 1.000000000000000000),
 ( 1.000000000000000000, 0.7071067811865474617, 1.000000000000000000),
 ( 1.000000000000000000, 0.7071067811865480168, 1.000000000000000000),
 ( 1.000000000000000000, 0.7071067811865480168, 1.000000000000000000),
 ( 1.000000000000000000, 0.7071067811865476838, 1.000000000000000000),
 ( 1.000000000000000000, 0.7071067811865476838, 1.000000000000000000),
 ( 1.000000000000000000, 0.7071067811865475727, 1.000000000000000000),
 ( 1.000000000000000000, 0.7071067811865475727, 1.000000000000000000),
 ( 1.000000000000000000, 0.7071067811865471286, 1.000000000000000000),
 ( 1.000000000000000000, 0.7071067811865471286, 1.000000000000000000),
 ( 1.000000000000000000, 0.7071067811865475727, 1.000000000000000000),
 ( 1.000000000000000000, 0.7071067811865475727, 1.000000000000000000),
 ( 1.000000000000000000, 0.7071067811865475727, 1.000000000000000000),
 ( 1.000000000000000000, 0.7071067811865475727, 1.000000000000000000),
 ( 1.000000000000000000, 0.7071067811865472397, 1.000000000000000000),
 ( 1.000000000000000000, 0.7071067811865472397, 1.000000000000000000),
 ( 1.000000000000000000, 0.7071067811865475727, 1.000000000000000000),
 ( 1.000000000000000000, 0.7071067811865475727, 1.000000000000000000),
 ( 1.000000000000000000, 0.7071067811865480168, 1.000000000000000000),
 ( 1.000000000000000000, 0.7071067811865480168, 1.000000000000000000),
 ( 1.000000000000000000, 0.7071067811865477948, 1.000000000000000000),
 ( 1.000000000000000000, 0.7071067811865477948, 1.000000000000000000),
 ( 1.000000000000000000, 0.7071067811865480168, 1.000000000000000000),
 ( 1.000000000000000000, 0.7071067811865480168, 1.000000000000000000),
 ( 1.000000000000000000, 0.7071067811865475727, 1.000000000000000000),
 ( 1.000000000000000000, 0.7071067811865475727, 1.000000000000000000),
 ( 1.000000000000000000, 0.7071067811865475727, 1.000000000000000000),
 ( 1.000000000000000000, 0.7071067811865475727, 1.000000000000000000),
 ( 1.000000000000000000, 0.7071067811865475727, 1.000000000000000000),
 ( 1.000000000000000000, 0.7071067811865475727, 1.000000000000000000),
 ( 1.000000000000000000, 0.7071067811865475727, 1.000000000000000000),
 ( 1.000000000000000000, 0.7071067811865475727, 1.000000000000000000),
 ( 1.000000000000000000, 0.7071067811865475727, 1.000000000000000000),
 ( 1.000000000000000000, 0.7071067811865475727, 1.000000000000000000),
 ( 1.000000000000000000, 0.7071067811865471286, 1.000000000000000000),
 ( 1.000000000000000000, 0.7071067811865471286, 1.000000000000000000),
 ( 1.000000000000000000, 0.7071067811865474617, 1.000000000000000000),
 ( 1.000000000000000000, 0.7071067811865474617, 1.000000000000000000),
 ( 1.000000000000000000, 0.7071067811865474617, 1.000000000000000000),
 ( 1.000000000000000000, 0.7071067811865474617, 1.000000000000000000),
 ( 1.000000000000000000, 0.7071067811865477948, 1.000000000000000000),
 ( 1.000000000000000000, 0.7071067811865477948, 1.000000000000000000),
 ( 1.000000000000000000, 0.7071067811865474617, 1.000000000000000000),
 ( 1.000000000000000000, 0.7071067811865474617, 1.000000000000000000),
 ( 1.000000000000000000, 0.7071067811865475727, 1.000000000000000000),
 ( 1.000000000000000000, 0.7071067811865475727, 1.000000000000000000),
 ( 1.000000000000000000, 0.7071067811865475727, 1.000000000000000000),
 ( 1.000000000000000000, 0.7071067811865475727, 1.000000000000000000),
 ( 1.000000000000000000, 0.7071067811865474617, 1.000000000000000000),
 ( 1.000000000000000000, 0.7071067811865474617, 1.000000000000000000),
 ( 1.000000000000000000, 0.7071067811865475727, 1.000000000000000000),
 ( 1.000000000000000000, 0.7071067811865475727, 1.000000000000000000),
 ( 1.000000000000000000, 0.7071067811865474617, 1.000000000000000000),
 ( 1.000000000000000000, 0.7071067811865474617, 1.000000000000000000),
 ( 1.000000000000000000, 0.7071067811865475727, 1.000000000000000000),
 ( 1.000000000000000000, 0.7071067811865475727, 1.000000000000000000),
 ( 1.000000000000000000, 0.7071067811865474617, 1.000000000000000000),
 ( 1.000000000000000000, 0.7071067811865474617, 1.000000000000000000),
 ( 1.000000000000000000, 0.7071067811865475727, 1.000000000000000000),
 ( 1.000000000000000000, 0.7071067811865475727, 1.000000000000000000),
 ( 1.000000000000000000, 0.7071067811865475727, 1.000000000000000000),
 ( 1.000000000000000000, 0.7071067811865475727, 1.000000000000000000),
 ( 1.000000000000000000, 0.7071067811865475727, 1.000000000000000000),
 ( 1.000000000000000000, 0.7071067811865475727, 1.000000000000000000),
 ( 1.000000000000000000, 0.7071067811865476838, 1.000000000000000000),
 ( 1.000000000000000000, 0.7071067811865476838, 1.000000000000000000) ) ) 
 REPRESENTATION_ITEM ( '' )  SURFACE ( )  );
#1175 = CARTESIAN_POINT ( 'NONE',  ( -10.64585295471350967, 7.390640994704450684, -138.0854619677250525 ) ) ;
#1176 = CARTESIAN_POINT ( 'NONE',  ( 4.270095375028584606, 32.96363583240043482, -69.94580706715643714 ) ) ;
#1177 = CARTESIAN_POINT ( 'NONE',  ( -25.96233296120263034, 7.499999999999999112, -64.05955718940748511 ) ) ;
#1178 = CARTESIAN_POINT ( 'NONE',  ( -25.52499643441695198, 32.48868152953985344, -85.15000000000063096 ) ) ;
#1179 = ORIENTED_EDGE ( 'NONE', *, *, #7599, .F. ) ;
#1180 = CARTESIAN_POINT ( 'NONE',  ( -15.29494588506480213, 32.50000000000000000, -100.4805650210712571 ) ) ;
#1181 = CARTESIAN_POINT ( 'NONE',  ( -23.96442910530644355, 0.000000000000000000, -53.04514786966249318 ) ) ;
#1182 = CARTESIAN_POINT ( 'NONE',  ( 26.63541056915141425, 15.44943817482727688, -85.63718815529973938 ) ) ;
#1183 = CARTESIAN_POINT ( 'NONE',  ( 26.41161369874252784, 0.000000000000000000, -86.40907074996857773 ) ) ;
#1184 = CARTESIAN_POINT ( 'NONE',  ( 26.58248079447200496, 7.308758205304849653, -55.90732752632364821 ) ) ;
#1185 = CARTESIAN_POINT ( 'NONE',  ( 12.98805592108425877, 3.000000000000000000, -8.794051635898366470 ) ) ;
#1186 = CARTESIAN_POINT ( 'NONE',  ( -8.122140298072451969, 32.57735723517342308, -117.9896710336571175 ) ) ;
#1187 = CARTESIAN_POINT ( 'NONE',  ( 14.19399016826386628, 25.00000000000000000, -91.60366235753902231 ) ) ;
#1188 = CARTESIAN_POINT ( 'NONE',  ( 15.67499646296015925, 26.50000000000000355, -91.36303240319273300 ) ) ;
#1189 = CARTESIAN_POINT ( 'NONE',  ( -0.6497971743884960460, 26.50000000000000711, -117.8865794569949657 ) ) ;
#1190 = CARTESIAN_POINT ( 'NONE',  ( -13.82018885177476086, 3.469446951953614189E-15, -133.0762360322072766 ) ) ;
#1191 = CARTESIAN_POINT ( 'NONE',  ( 26.40267305305996359, 2.999999999998529621, -70.91054675694149978 ) ) ;
#1192 = CARTESIAN_POINT ( 'NONE',  ( -26.58565660619677473, 33.54934170131966198, -86.65000000000063096 ) ) ;
#1193 = CARTESIAN_POINT ( 'NONE',  ( 17.05732732964880682, 32.49999999999998579, -84.00736115893062106 ) ) ;
#1194 = DIRECTION ( 'NONE',  ( 0.000000000000000000, 0.000000000000000000, -1.000000000000000000 ) ) ;
#1195 = EDGE_LOOP ( 'NONE', ( #736, #741, #3476 ) ) ;
#1196 = DIRECTION ( 'NONE',  ( 0.000000000000000000, -1.000000000000000000, 0.000000000000000000 ) ) ;
#1197 = CARTESIAN_POINT ( 'NONE',  ( 21.65372376568867097, 24.43650224077972055, -85.15000000000067359 ) ) ;
#1198 = CARTESIAN_POINT ( 'NONE',  ( 6.074121887966672517, 3.000000000000000000, -4.302360339221765528 ) ) ;
#1199 = CARTESIAN_POINT ( 'NONE',  ( -26.11520265357092541, -0.000000000000000000, -85.08796237066054857 ) ) ;
#1200 = EDGE_LOOP ( 'NONE', ( #5908, #2441, #1016, #1075 ) ) ;
#1201 = CARTESIAN_POINT ( 'NONE',  ( 8.558460560952672935, 25.00000000000000711, -111.1662745970723023 ) ) ;
#1202 = CARTESIAN_POINT ( 'NONE',  ( 32.39845728675135206, 2.999999999999998668, -102.7524722365446479 ) ) ;
#1203 = CARTESIAN_POINT ( 'NONE',  ( -26.00941371082799591, 7.135463486710508008, -63.96547539270411420 ) ) ;
#1204 = CARTESIAN_POINT ( 'NONE',  ( -1.104590920511303365, 32.50000000000000000, -68.59897713248206230 ) ) ;
#1205 = CARTESIAN_POINT ( 'NONE',  ( -14.30790765199308012, 26.50000000000180123, -85.78466260170984015 ) ) ;
#1206 = EDGE_LOOP ( 'NONE', ( #6732, #4470, #2309, #4604 ) ) ;
#1207 = CARTESIAN_POINT ( 'NONE',  ( 27.27108357645350267, 3.000000000000000000, -118.7604845797170725 ) ) ;
#1208 = CARTESIAN_POINT ( 'NONE',  ( 4.483616298158924707, -9.140548127243259437E-14, -0.6007789986199637555 ) ) ;
#1209 = DIRECTION ( 'NONE',  ( 1.000000000000000000, 0.000000000000000000, 0.000000000000000000 ) ) ;
#1210 = CARTESIAN_POINT ( 'NONE',  ( 6.428548176576263984, 25.09787866544934332, -127.4053743468927848 ) ) ;
#1211 = ADVANCED_FACE ( 'NONE', ( #6541 ), #4100, .F. ) ;
#1212 = CARTESIAN_POINT ( 'NONE',  ( 4.310567167101438280, 32.65454527746679503, -69.55855131037534989 ) ) ;
#1213 = CARTESIAN_POINT ( 'NONE',  ( -18.87676550102490225, 32.62036711648994469, -91.57192566358340002 ) ) ;
#1214 = CARTESIAN_POINT ( 'NONE',  ( 27.25397608462299814, 3.469446951953614189E-15, -118.9417226122432254 ) ) ;
#1215 = VERTEX_POINT ( 'NONE', #3651 ) ;
#1216 = CARTESIAN_POINT ( 'NONE',  ( -4.562600947378411931, 26.50000000000000355, -116.5742631933052991 ) ) ;
#1217 = CARTESIAN_POINT ( 'NONE',  ( -23.26758837746772812, 0.000000000000000000, -58.11060015746478769 ) ) ;
#1218 = LINE ( 'NONE', #171, #3333 ) ;
#1219 = CARTESIAN_POINT ( 'NONE',  ( 0.003007023114728196722, 32.50000000000000000, -121.0596009466181471 ) ) ;
#1220 = CARTESIAN_POINT ( 'NONE',  ( 23.70894601710995175, -0.000000000000000000, -54.75620061749383893 ) ) ;
#1221 = CARTESIAN_POINT ( 'NONE',  ( 26.82660294475876839, 6.983651597083400553, -72.92549933689205943 ) ) ;
#1222 = VECTOR ( 'NONE', #3243, 1000.000000000000000 ) ;
#1223 = CARTESIAN_POINT ( 'NONE',  ( 11.66479067330148212, -1.301042606982605321E-15, -7.692831505047716512 ) ) ;
#1224 = CARTESIAN_POINT ( 'NONE',  ( -4.287993265254499420, 32.64952285095793627, -120.1099922034408536 ) ) ;
#1225 = CARTESIAN_POINT ( 'NONE',  ( 15.70644778192681734, 24.99999999999955236, -91.59082851875646725 ) ) ;
#1226 = CARTESIAN_POINT ( 'NONE',  ( -18.64479180322172169, 7.530611691294513577, -69.89266654017500002 ) ) ;
#1227 = CIRCLE ( 'NONE', #5557, 1.174999999999995381 ) ;
#1228 = CARTESIAN_POINT ( 'NONE',  ( 14.18060270109872967, 25.00000000000000000, -98.11261034103873158 ) ) ;
#1229 = EDGE_CURVE ( 'NONE', #4533, #3209, #5302, .T. ) ;
#1230 = DIRECTION ( 'NONE',  ( 0.000000000000000000, 0.000000000000000000, 1.000000000000000000 ) ) ;
#1231 = EDGE_LOOP ( 'NONE', ( #3227, #2842, #5006, #7665 ) ) ;
#1232 = CARTESIAN_POINT ( 'NONE',  ( 29.47812025903714073, 4.336808689942017736E-16, -104.1865399736806239 ) ) ;
#1233 = FACE_OUTER_BOUND ( 'NONE', #7441, .T. ) ;
#1234 = VECTOR ( 'NONE', #5640, 1000.000000000000000 ) ;
#1235 = AXIS2_PLACEMENT_3D ( 'NONE', #5965, #1252, #6042 ) ;
#1236 = CARTESIAN_POINT ( 'NONE',  ( 29.90644780605146380, 7.344992219080508811, -88.04304175594415938 ) ) ;
#1237 = CARTESIAN_POINT ( 'NONE',  ( -22.12714768783764896, 2.999999999999999112, -130.6897405832321226 ) ) ;
#1238 = ORIENTED_EDGE ( 'NONE', *, *, #1509, .F. ) ;
#1239 = CARTESIAN_POINT ( 'NONE',  ( -26.08769958696812452, 16.59254696340265767, -85.25198383814871761 ) ) ;
#1240 = CARTESIAN_POINT ( 'NONE',  ( 9.467945271381866590, 26.50000000000000355, -77.19547030509578178 ) ) ;
#1241 = CARTESIAN_POINT ( 'NONE',  ( -12.14954431227606868, 3.000000000000000444, -8.069823781562906362 ) ) ;
#1242 = ORIENTED_EDGE ( 'NONE', *, *, #7370, .F. ) ;
#1243 = CARTESIAN_POINT ( 'NONE',  ( 6.456370367421921053, 25.00000000000000355, -113.3951631709558114 ) ) ;
#1244 = CIRCLE ( 'NONE', #4208, 1.499999999999999556 ) ;
#1245 = CARTESIAN_POINT ( 'NONE',  ( 28.85255896319141655, 3.000000000000000000, -32.30982723243891286 ) ) ;
#1246 = CARTESIAN_POINT ( 'NONE',  ( -27.05256205972588646, 6.917491877344235540, -53.11962059136507719 ) ) ;
#1247 = AXIS2_PLACEMENT_3D ( 'NONE', #3790, #6689, #2537 ) ;
#1248 = CYLINDRICAL_SURFACE ( 'NONE', #7045, 1.500000000000001332 ) ;
#1249 = CARTESIAN_POINT ( 'NONE',  ( -2.537699401349295947, 32.81023430250017014, -69.22137802562467357 ) ) ;
#1250 = CARTESIAN_POINT ( 'NONE',  ( -15.35566298626637582, 26.50000000000000355, -89.49549850458141975 ) ) ;
#1251 = VERTEX_POINT ( 'NONE', #4850 ) ;
#1252 = DIRECTION ( 'NONE',  ( 0.000000000000000000, 0.000000000000000000, 1.000000000000000000 ) ) ;
#1253 = CARTESIAN_POINT ( 'NONE',  ( 5.348000132971641563, 0.000000000000000000, -4.028283420004878046 ) ) ;
#1254 = DIRECTION ( 'NONE',  ( -4.625929269271481378E-15, 1.000000000000000000, 0.000000000000000000 ) ) ;
#1255 = CARTESIAN_POINT ( 'NONE',  ( -5.425285839554036649, 7.391738091715241765, -139.6387773349126746 ) ) ;
#1256 = CARTESIAN_POINT ( 'NONE',  ( 14.80786099561540148, 6.794569312262875194, -5.827361174277487343 ) ) ;
#1257 = CARTESIAN_POINT ( 'NONE',  ( -26.30470395327828470, 6.935164679192359571, -58.49738696553078654 ) ) ;
#1258 = DIRECTION ( 'NONE',  ( -1.000000000000000000, -0.000000000000000000, -0.000000000000000000 ) ) ;
#1259 = ORIENTED_EDGE ( 'NONE', *, *, #6801, .F. ) ;
#1260 = CARTESIAN_POINT ( 'NONE',  ( -5.288749783225556556, 32.50000000000000000, -116.1492580288135201 ) ) ;
#1261 = CARTESIAN_POINT ( 'NONE',  ( -26.07912093469295201, 1.301042606982605321E-15, -37.77241175272865092 ) ) ;
#1262 = EDGE_CURVE ( 'NONE', #155, #71, #1608, .T. ) ;
#1263 = DIRECTION ( 'NONE',  ( -1.000000000000000000, 0.000000000000000000, 0.000000000000000000 ) ) ;
#1264 = CARTESIAN_POINT ( 'NONE',  ( -14.16738008512731462, 32.50000000000000000, -113.8314841068719829 ) ) ;
#1265 = CARTESIAN_POINT ( 'NONE',  ( 25.33195126665393815, 0.000000000000000000, -81.52970037081107080 ) ) ;
#1266 = CARTESIAN_POINT ( 'NONE',  ( 26.00940018802702625, 7.135463486710514225, -63.96497220617450097 ) ) ;
#1267 = DIRECTION ( 'NONE',  ( -1.000000000000000000, -0.000000000000000000, -0.000000000000000000 ) ) ;
#1268 = EDGE_CURVE ( 'NONE', #4280, #6495, #2707, .T. ) ;
#1269 = CARTESIAN_POINT ( 'NONE',  ( -0.7257331785603042817, 32.72174814052852554, -120.8320973660514284 ) ) ;
#1270 = CARTESIAN_POINT ( 'NONE',  ( 15.24209003976200449, 26.50000000000358469, -88.98141696738969131 ) ) ;
#1271 = ADVANCED_FACE ( 'NONE', ( #6004 ), #7129, .T. ) ;
#1272 = B_SPLINE_CURVE_WITH_KNOTS ( 'NONE', 3,
 ( #4541, #5850, #6348, #4508, #7560, #5737, #2210, #2248, #5705, #6422, #4652, #3453, #4075, #5153, #6970, #4035, #6381, #7516, #6898, #1565, #4583, #6938, #3999, #5261, #5227, #1709, #1090, #544, #5811, #1057, #2752, #4615, #2860, #3414, #7595, #2894, #5768, #6273, #3342, #7483, #4, #5883, #4810, #4730, #1171, #2357, #1207, #1874, #709, #2396, #1294, #7173, #4234, #1790 ),
 .UNSPECIFIED., .F., .F.,
 ( 4, 1, 1, 2, 2, 1, 1, 2, 2, 1, 1, 2, 2, 1, 2, 2, 1, 1, 1, 2, 2, 1, 1, 1, 2, 2, 1, 1, 1, 1, 2, 2, 1, 2, 2, 4 ),
 ( 0.5020650698038482407, 0.5331860029411041868, 0.5487464695097321599, 0.5565267027940461464, 0.5643069360783601329, 0.5954278692156166342, 0.6109883357842448293, 0.6187685690685589268, 0.6265488023528730244, 0.6576697354901290815, 0.6732302020587571656, 0.6810104353430712631, 0.6887906686273852497, 0.7199116017646424170, 0.7354720683332713893, 0.7510325349019002505, 0.7821534680391581951, 0.7977139346077872784, 0.8054941678921021531, 0.8093842845342598125, 0.8132744011764176939, 0.8443953343136800793, 0.8599558008823112720, 0.8677360341666267018, 0.8716261508087845833, 0.8755162674509424647, 0.9066372005882038509, 0.9221976671568348216, 0.9299779004411499184, 0.9338680170833075778, 0.9358130754043862964, 0.9377581337254652372, 0.9533186002940984283, 0.9610988335784153014, 0.9688790668627321745, 1.000000000000000000 ),
 .UNSPECIFIED. ) ;
#1273 = CARTESIAN_POINT ( 'NONE',  ( -15.67499646296582938, 32.50000000000000000, -98.25617004468698212 ) ) ;
#1274 = CARTESIAN_POINT ( 'NONE',  ( 12.34584042637656331, 25.00000000000001066, -104.7864779502694432 ) ) ;
#1275 = CARTESIAN_POINT ( 'NONE',  ( -23.51848912867282237, -8.673617379884035472E-16, -124.8844862603351089 ) ) ;
#1276 = CARTESIAN_POINT ( 'NONE',  ( 30.31858202850272832, 2.999999999999998224, -119.2707274835805720 ) ) ;
#1277 = CARTESIAN_POINT ( 'NONE',  ( 1.638819336407884686, 17.11872538822921896, -48.77333905773397760 ) ) ;
#1278 = CARTESIAN_POINT ( 'NONE',  ( -0.3682644870747260324, 32.50000000000000000, -68.55960127224463463 ) ) ;
#1279 = CARTESIAN_POINT ( 'NONE',  ( 26.13648237765172766, 6.962299942758781057, -66.63083235629453327 ) ) ;
#1280 = CARTESIAN_POINT ( 'NONE',  ( 1.731039294211037971, 1.734723475976807094E-15, -136.9504439426322335 ) ) ;
#1281 = VERTEX_POINT ( 'NONE', #6624 ) ;
#1282 = CARTESIAN_POINT ( 'NONE',  ( -4.000000000000000000, 5.000000000000000000, -83.33717174866055188 ) ) ;
#1283 = CARTESIAN_POINT ( 'NONE',  ( 0.5584238226085022072, 26.50000000000000355, -71.75057925814328996 ) ) ;
#1284 = CARTESIAN_POINT ( 'NONE',  ( -14.36164147992523432, 3.000000000000000000, -10.06498238040709836 ) ) ;
#1285 = CARTESIAN_POINT ( 'NONE',  ( -23.14256993240022808, -0.000000000000000000, -67.68247888627620057 ) ) ;
#1286 = ORIENTED_EDGE ( 'NONE', *, *, #1785, .F. ) ;
#1287 = CARTESIAN_POINT ( 'NONE',  ( -1.995502411619657357, 24.99999999999999645, -116.0668573474172263 ) ) ;
#1288 = CARTESIAN_POINT ( 'NONE',  ( 27.08679853419268468, 3.000000000000000888, -24.60877243573474615 ) ) ;
#1289 = CARTESIAN_POINT ( 'NONE',  ( -19.00294939324463783, 32.84968873788227484, -93.88502529992344137 ) ) ;
#1290 = CARTESIAN_POINT ( 'NONE',  ( 24.35178743292424741, 0.000000000000000000, -25.99334428603402714 ) ) ;
#1291 = DIRECTION ( 'NONE',  ( -1.512080307323490847E-16, -0.000000000000000000, 1.000000000000000000 ) ) ;
#1292 = CARTESIAN_POINT ( 'NONE',  ( -15.67992997217929307, 25.00000000000000355, -91.39824574388339329 ) ) ;
#1293 = VERTEX_POINT ( 'NONE', #4187 ) ;
#1294 = CARTESIAN_POINT ( 'NONE',  ( 27.95305735477963438, 2.999999999999999112, -117.0600761761181445 ) ) ;
#1295 = CARTESIAN_POINT ( 'NONE',  ( 6.550526316329798426, 0.000000000000000000, -4.511782752344730696 ) ) ;
#1296 = CARTESIAN_POINT ( 'NONE',  ( 11.43951623731732781, 26.50000000000000000, -79.87884747303350252 ) ) ;
#1297 = CARTESIAN_POINT ( 'NONE',  ( -6.258048461335064871, 32.65173078104284343, -119.1455139868888295 ) ) ;
#1298 = CARTESIAN_POINT ( 'NONE',  ( 6.292209642818607840, 32.65344131242439829, -70.52474396713344618 ) ) ;
#1299 = CARTESIAN_POINT ( 'NONE',  ( -27.66638746191060605, 6.905948508795642482, -49.55145982318868647 ) ) ;
#1300 = CARTESIAN_POINT ( 'NONE',  ( -25.52499643441696264, 17.78394204318097138, -85.15000000000064517 ) ) ;
#1301 = ORIENTED_EDGE ( 'NONE', *, *, #3522, .F. ) ;
#1302 = CARTESIAN_POINT ( 'NONE',  ( -14.37359813678183151, 32.50000000000000000, -103.6960967931416917 ) ) ;
#1303 = CARTESIAN_POINT ( 'NONE',  ( -26.01937466460167414, 1.847472175139428397E-13, -65.54320295850618550 ) ) ;
#1304 = DIRECTION ( 'NONE',  ( 5.064886061246150229E-16, -0.000000000000000000, 1.000000000000000000 ) ) ;
#1305 = SHAPE_DEFINITION_REPRESENTATION ( #3357, #6009 ) ;
#1306 = CARTESIAN_POINT ( 'NONE',  ( -17.34999643441695127, 34.00000000000000000, -85.15000000000063096 ) ) ;
#1307 = CARTESIAN_POINT ( 'NONE',  ( 23.02813583977924594, -0.000000000000000000, -61.60259172219618762 ) ) ;
#1308 = CARTESIAN_POINT ( 'NONE',  ( 27.53121769914438133, 7.499999999999994671, -77.49625629118934000 ) ) ;
#1309 = CARTESIAN_POINT ( 'NONE',  ( 22.93288737384187215, 0.000000000000000000, -22.41550439776444748 ) ) ;
#1310 = CARTESIAN_POINT ( 'NONE',  ( -0.7293317770900229480, 32.64783209368568606, -120.9079320014491401 ) ) ;
#1311 = CARTESIAN_POINT ( 'NONE',  ( 15.64197314823165996, 25.00000000000089528, -91.12897118384124440 ) ) ;
#1312 = CARTESIAN_POINT ( 'NONE',  ( 2.235032897157246179, 32.50000000000000000, -117.5753944154084962 ) ) ;
#1313 = CARTESIAN_POINT ( 'NONE',  ( 11.92759761572740373, 25.00000000000000000, -105.7328851030738690 ) ) ;
#1314 = CARTESIAN_POINT ( 'NONE',  ( 15.30458837810136785, 25.50824156716982927, -98.23114434898614888 ) ) ;
#1315 = CARTESIAN_POINT ( 'NONE',  ( 31.42986968005737936, 3.000000000000374811, -116.0634770015402211 ) ) ;
#1316 = CARTESIAN_POINT ( 'NONE',  ( 9.121648911159853768, 17.30779084907414145, -51.89003701365977861 ) ) ;
#1317 = CARTESIAN_POINT ( 'NONE',  ( 22.02499643441695198, 50.10999999999998522, -100.5749981269010362 ) ) ;
#1318 = EDGE_CURVE ( 'NONE', #5332, #271, #609, .T. ) ;
#1319 = CARTESIAN_POINT ( 'NONE',  ( 26.29723833109354914, 7.499999999999999112, -69.46547344780069011 ) ) ;
#1320 = DIRECTION ( 'NONE',  ( 0.000000000000000000, 0.000000000000000000, 1.000000000000000000 ) ) ;
#1321 = ORIENTED_EDGE ( 'NONE', *, *, #5888, .T. ) ;
#1322 = CARTESIAN_POINT ( 'NONE',  ( -5.726416626160940382, 26.50000000000000000, -115.8562129749706600 ) ) ;
#1323 = CARTESIAN_POINT ( 'NONE',  ( -1.125330987182131093, 26.50000000000000355, -71.80046643213921698 ) ) ;
#1324 = CARTESIAN_POINT ( 'NONE',  ( -20.96991049880049829, 2.999999999999999556, -18.62331017766172181 ) ) ;
#1325 = CARTESIAN_POINT ( 'NONE',  ( -24.75059538628184441, 0.000000000000000000, -78.73272214728172003 ) ) ;
#1326 = ORIENTED_EDGE ( 'NONE', *, *, #452, .F. ) ;
#1327 = CARTESIAN_POINT ( 'NONE',  ( -17.39520939330044769, 32.49999961907906965, -104.6100187138685556 ) ) ;
#1328 = EDGE_CURVE ( 'NONE', #2743, #2786, #4329, .T. ) ;
#1329 = CARTESIAN_POINT ( 'NONE',  ( -19.02873133430677299, 32.84205049326415349, -95.33835961646835244 ) ) ;
#1330 = CARTESIAN_POINT ( 'NONE',  ( -7.440077868044331908E-05, 7.499999999998800071, 6.058261110579106997E-13 ) ) ;
#1331 = CARTESIAN_POINT ( 'NONE',  ( -11.83588466063295996, 1.301042606982605321E-15, -134.1233768846660723 ) ) ;
#1332 = CARTESIAN_POINT ( 'NONE',  ( -15.67101441218713553, 26.50000000000000355, -91.33368140310719241 ) ) ;
#1333 = ORIENTED_EDGE ( 'NONE', *, *, #6296, .F. ) ;
#1334 = DIRECTION ( 'NONE',  ( -0.000000000000000000, -0.000000000000000000, -1.000000000000000000 ) ) ;
#1335 = CARTESIAN_POINT ( 'NONE',  ( 11.96939674429851763, 0.000000000000000000, -7.935665244588411937 ) ) ;
#1336 = CARTESIAN_POINT ( 'NONE',  ( 4.278569336500138043, 26.49999999999999645, -72.88094201707875186 ) ) ;
#1337 = CARTESIAN_POINT ( 'NONE',  ( 4.330803063137852682, 32.49999999999995737, -120.2542791125043493 ) ) ;
#1338 = CARTESIAN_POINT ( 'NONE',  ( 15.22957519189115594, 32.91755275110079992, -80.69905882121813079 ) ) ;
#1339 = CARTESIAN_POINT ( 'NONE',  ( -17.97259914324249763, 32.88343426391004698, -87.43545788306407474 ) ) ;
#1340 = CARTESIAN_POINT ( 'NONE',  ( 28.65984902136622026, 1.734723475976807094E-15, -114.7413833830838996 ) ) ;
#1341 = VERTEX_POINT ( 'NONE', #5424 ) ;
#1342 = CARTESIAN_POINT ( 'NONE',  ( -13.09423230440342500, 32.50000000000000000, -106.7787470643094991 ) ) ;
#1343 = CARTESIAN_POINT ( 'NONE',  ( -28.71342218526859469, 3.000000000000001332, -114.5252459130267937 ) ) ;
#1344 = CARTESIAN_POINT ( 'NONE',  ( 23.03786749959265379, 0.000000000000000000, -61.37875540476267133 ) ) ;
#1345 = CARTESIAN_POINT ( 'NONE',  ( 26.32130840870479105, 7.323813476784772902, -69.42202730805450983 ) ) ;
#1346 = CARTESIAN_POINT ( 'NONE',  ( 15.75269153488211415, -2.168404344971008868E-15, -11.45868774328403816 ) ) ;
#1347 = CARTESIAN_POINT ( 'NONE',  ( -6.428465729189185573, 25.09787866544937174, -127.4053529453663174 ) ) ;
#1348 = CARTESIAN_POINT ( 'NONE',  ( 15.67989433243220709, 26.50000000000000355, -91.39850677046648286 ) ) ;
#1349 = DIRECTION ( 'NONE',  ( 0.000000000000000000, -0.000000000000000000, 1.000000000000000000 ) ) ;
#1350 = CARTESIAN_POINT ( 'NONE',  ( 15.67101441210928847, 26.50000000000000355, -98.28552114344009283 ) ) ;
#1351 = CARTESIAN_POINT ( 'NONE',  ( 15.59824948324056670, 26.01624333534238787, -98.25140732208022598 ) ) ;
#1352 = CARTESIAN_POINT ( 'NONE',  ( 32.52229355603012095, 3.000000000000000000, -104.9102954879586775 ) ) ;
#1353 = CARTESIAN_POINT ( 'NONE',  ( 0.9062709887195189440, 7.023480091823953941, 0.2378029341013652431 ) ) ;
#1354 = DIRECTION ( 'NONE',  ( -0.000000000000000000, -0.7071067811865435759, -0.7071067811865514585 ) ) ;
#1355 = VECTOR ( 'NONE', #3939, 1000.000000000000000 ) ;
#1356 = CARTESIAN_POINT ( 'NONE',  ( 18.97357488704993145, 32.72166845832765603, -97.10976905009179916 ) ) ;
#1357 = CARTESIAN_POINT ( 'NONE',  ( 0.004510534635092599241, 32.50000000000000000, -121.0596002960953115 ) ) ;
#1358 = ORIENTED_EDGE ( 'NONE', *, *, #7178, .T. ) ;
#1359 = CARTESIAN_POINT ( 'NONE',  ( 1.167942916860026159, 26.50000000000000000, -117.8115926217784875 ) ) ;
#1360 = CARTESIAN_POINT ( 'NONE',  ( 3.552425515722054783, 26.50000000000000355, -72.53948665668428930 ) ) ;
#1361 = CARTESIAN_POINT ( 'NONE',  ( -15.05205598413796153, 3.000000000000000888, -10.75370161734233854 ) ) ;
#1362 = CARTESIAN_POINT ( 'NONE',  ( -25.69708339685195853, 0.000000000000000000, -83.20860789455042550 ) ) ;
#1363 = EDGE_LOOP ( 'NONE', ( #6844, #5550, #237, #942 ) ) ;
#1364 = DIRECTION ( 'NONE',  ( 1.000000000000000000, -0.000000000000000000, -0.000000000000000000 ) ) ;
#1365 = ADVANCED_FACE ( 'NONE', ( #121 ), #1912, .F. ) ;
#1366 = EDGE_CURVE ( 'NONE', #7508, #4911, #714, .T. ) ;
#1367 = AXIS2_PLACEMENT_3D ( 'NONE', #3862, #6721, #2727 ) ;
#1368 = CARTESIAN_POINT ( 'NONE',  ( -14.54111363241883481, 32.78241637255622720, -79.30951139704572483 ) ) ;
#1369 = CIRCLE ( 'NONE', #7035, 1.174999999999995381 ) ;
#1370 = CARTESIAN_POINT ( 'NONE',  ( 27.02499643441695554, 18.17722485578243763, -102.8499999999967969 ) ) ;
#1371 = CIRCLE ( 'NONE', #5440, 1.174999999999995381 ) ;
#1372 = CARTESIAN_POINT ( 'NONE',  ( -10.58894172966049574, -3.691944512941824406E-13, -137.9790444086132482 ) ) ;
#1373 = CARTESIAN_POINT ( 'NONE',  ( 4.309152038446223187, 0.000000000000000000, -136.6194095029238156 ) ) ;
#1374 = ORIENTED_EDGE ( 'NONE', *, *, #5670, .T. ) ;
#1375 = CARTESIAN_POINT ( 'NONE',  ( -29.06855523638126826, 7.499514492591158543, -35.76707083336109605 ) ) ;
#1376 = CARTESIAN_POINT ( 'NONE',  ( 15.36788808229575132, 25.58533070281117716, -91.38419319707062982 ) ) ;
#1377 = CARTESIAN_POINT ( 'NONE',  ( -20.00723734440391510, 7.500000000000017764, -132.6502814316768877 ) ) ;
#1378 = AXIS2_PLACEMENT_3D ( 'NONE', #5947, #3592, #3123 ) ;
#1379 = CARTESIAN_POINT ( 'NONE',  ( 20.25712858078400203, 30.13190866224822884, -27.90306276164099586 ) ) ;
#1380 = CARTESIAN_POINT ( 'NONE',  ( -13.34178010223622657, 32.78814505601983598, -77.47513931132463938 ) ) ;
#1381 = LINE ( 'NONE', #2092, #3968 ) ;
#1382 = ORIENTED_EDGE ( 'NONE', *, *, #757, .T. ) ;
#1383 = CARTESIAN_POINT ( 'NONE',  ( -19.62472016025949273, -5.609365512854772022E-13, -11.39724522211024471 ) ) ;
#1384 = CARTESIAN_POINT ( 'NONE',  ( -21.86236729860138794, 3.000000000000000444, -126.7206526427741835 ) ) ;
#1385 = CARTESIAN_POINT ( 'NONE',  ( 23.31604527231539592, -0.000000000000000000, -57.76234747589289498 ) ) ;
#1386 = CARTESIAN_POINT ( 'NONE',  ( 23.67212218031360393, 26.32784402692118420, -63.72902776212854548 ) ) ;
#1387 = CARTESIAN_POINT ( 'NONE',  ( -12.82133412347232415, -2.168404344971008868E-15, -8.595876221765379910 ) ) ;
#1388 = CARTESIAN_POINT ( 'NONE',  ( -20.00732961632110829, 23.92508197864581021, -114.1242431890632787 ) ) ;
#1389 = CARTESIAN_POINT ( 'NONE',  ( 4.861844384714294698, 25.00000000000000000, -74.99783502216328657 ) ) ;
#1390 = CARTESIAN_POINT ( 'NONE',  ( -1.122009616665457621, 32.50000000000000000, -117.8051075624929496 ) ) ;
#1391 = CARTESIAN_POINT ( 'NONE',  ( 12.29424177389210371, 26.50000000000000355, -108.3109579440648957 ) ) ;
#1392 = CARTESIAN_POINT ( 'NONE',  ( 6.371883279941296330, 7.500101844689884167, -1.208147635207274195 ) ) ;
#1393 = CARTESIAN_POINT ( 'NONE',  ( 32.47271374895183271, -1.859381256717616164E-12, -104.0002900940950070 ) ) ;
#1394 = CARTESIAN_POINT ( 'NONE',  ( -0.0001127171864900215845, 7.261740045911976082, 0.1189014670506815807 ) ) ;
#1395 = LINE ( 'NONE', #6026, #5072 ) ;
#1396 = EDGE_CURVE ( 'NONE', #6826, #4718, #1982, .T. ) ;
#1397 = CARTESIAN_POINT ( 'NONE',  ( 28.76506173900492769, 7.017089205978257915, -82.68780964872098593 ) ) ;
#1398 = FACE_OUTER_BOUND ( 'NONE', #6272, .T. ) ;
#1399 = ORIENTED_EDGE ( 'NONE', *, *, #4908, .F. ) ;
#1400 = CARTESIAN_POINT ( 'NONE',  ( -15.28101812701794238, 26.50000000000001066, -100.4677091029621465 ) ) ;
#1401 = CARTESIAN_POINT ( 'NONE',  ( -2.235032935612998983, 32.50000000000000000, -72.04380813334270783 ) ) ;
#1402 = CARTESIAN_POINT ( 'NONE',  ( -18.34869721466453640, 2.999999999999999556, -14.65486465292302043 ) ) ;
#1403 = CARTESIAN_POINT ( 'NONE',  ( -28.68270467782938127, -0.000000000000000000, -97.50327841544461194 ) ) ;
#1404 = ORIENTED_EDGE ( 'NONE', *, *, #7127, .F. ) ;
#1405 = CARTESIAN_POINT ( 'NONE',  ( -28.81484905459864265, 7.499999999999998224, -31.77682354593112990 ) ) ;
#1406 = CARTESIAN_POINT ( 'NONE',  ( -0.0001116011747321372379, 7.500000000782234721, -3.903600569487307871E-10 ) ) ;
#1407 = CARTESIAN_POINT ( 'NONE',  ( -22.95763229411686623, 1.104746683709877840E-12, -129.9039193997606958 ) ) ;
#1408 = CARTESIAN_POINT ( 'NONE',  ( 16.10295546122693366, 2.999999999999997780, -131.6897579251632919 ) ) ;
#1409 = ORIENTED_EDGE ( 'NONE', *, *, #5223, .T. ) ;
#1410 = CARTESIAN_POINT ( 'NONE',  ( -29.69054587365226539, 7.501394681333756864, -120.7013493444477916 ) ) ;
#1411 = DIRECTION ( 'NONE',  ( 0.000000000000000000, 0.000000000000000000, 1.000000000000000000 ) ) ;
#1412 = CARTESIAN_POINT ( 'NONE',  ( -12.80453159138446395, 32.50000000000000000, -113.3366130553344107 ) ) ;
#1413 = ADVANCED_FACE ( 'NONE', ( #6891 ), #4029, .T. ) ;
#1414 = EDGE_CURVE ( 'NONE', #858, #6370, #4940, .T. ) ;
#1415 = CARTESIAN_POINT ( 'NONE',  ( 27.78085115397156812, 7.059668393224175276, -26.31658151966240311 ) ) ;
#1416 = CARTESIAN_POINT ( 'NONE',  ( -26.67914981813542497, 6.830940463164904664, -22.79933611062041621 ) ) ;
#1417 = ORIENTED_EDGE ( 'NONE', *, *, #4693, .F. ) ;
#1418 = CARTESIAN_POINT ( 'NONE',  ( -12.03630640644447247, 32.50000000000000000, -80.85496448253930168 ) ) ;
#1419 = CARTESIAN_POINT ( 'NONE',  ( -20.19997589446800390, 2.999999999999627853, -12.12228649585921580 ) ) ;
#1420 = CARTESIAN_POINT ( 'NONE',  ( -25.47547236840896545, 3.000000000000000888, -122.0931094558840471 ) ) ;
#1421 = CARTESIAN_POINT ( 'NONE',  ( 25.09811165467654348, -0.000000000000000000, -46.33191729943810344 ) ) ;
#1422 = CARTESIAN_POINT ( 'NONE',  ( 32.01367649846297070, 7.356440187889021765, -98.67986995644740489 ) ) ;
#1423 = CARTESIAN_POINT ( 'NONE',  ( -18.59550773774322252, -1.301042606982605321E-15, -14.93335060992296448 ) ) ;
#1424 = CARTESIAN_POINT ( 'NONE',  ( -12.80453159138446395, 32.50000000000000000, -113.3366130553344107 ) ) ;
#1425 = CARTESIAN_POINT ( 'NONE',  ( 3.099495187265198570, 26.50000000000046185, -72.35021314399484993 ) ) ;
#1426 = CARTESIAN_POINT ( 'NONE',  ( -16.42724464093893744, -8.673617379884035472E-16, -12.25488014896736644 ) ) ;
#1427 = CARTESIAN_POINT ( 'NONE',  ( 8.645978027430832038E-05, 3.000000000000000000, 4.689895577349147082 ) ) ;
#1428 = CARTESIAN_POINT ( 'NONE',  ( 26.29839455616356148, 7.501746626487504344, -58.10493604794256584 ) ) ;
#1429 = CARTESIAN_POINT ( 'NONE',  ( -22.02499643441695198, 50.10999999999998522, -101.7499981269010192 ) ) ;
#1430 = CARTESIAN_POINT ( 'NONE',  ( 8.113821573003480836, -4.095616671505706202E-29, -138.8300173393213868 ) ) ;
#1431 = CARTESIAN_POINT ( 'NONE',  ( 24.77389610340495096, 7.047361826755028424, -18.74620476390339974 ) ) ;
#1432 = CARTESIAN_POINT ( 'NONE',  ( -18.84999643441695127, 34.00000000000000000, -104.3500000000004775 ) ) ;
#1433 =( BOUNDED_CURVE ( )  B_SPLINE_CURVE ( 3, ( #220, #2046, #815, #3197 ),
 .UNSPECIFIED., .F., .T. ) 
 B_SPLINE_CURVE_WITH_KNOTS ( ( 4, 4 ),
 ( 4.712388980384689674, 5.915977286621748377 ),
 .UNSPECIFIED. ) 
 CURVE ( )  GEOMETRIC_REPRESENTATION_ITEM ( )  RATIONAL_B_SPLINE_CURVE ( ( 1.000000000000000000, 0.8828808213515918490, 0.8828808213515918490, 1.000000000000000000 ) ) 
 REPRESENTATION_ITEM ( '' )  );
#1434 = CARTESIAN_POINT ( 'NONE',  ( 31.14515266287923723, 7.052434809674516636, -93.28573049279424367 ) ) ;
#1435 = CARTESIAN_POINT ( 'NONE',  ( -13.03362084252653297, 3.000000000000000888, -4.948366095464489689 ) ) ;
#1436 = VERTEX_POINT ( 'NONE', #4570 ) ;
#1437 = CARTESIAN_POINT ( 'NONE',  ( 27.02499643441696975, 18.15310982518569105, -101.4639611498787986 ) ) ;
#1438 = CARTESIAN_POINT ( 'NONE',  ( -12.35100792765737943, 25.00000000000000000, -104.7371657407166339 ) ) ;
#1439 = CARTESIAN_POINT ( 'NONE',  ( -29.45704042557908409, 0.000000000000000000, -103.8035678310725558 ) ) ;
#1440 = ORIENTED_EDGE ( 'NONE', *, *, #3730, .T. ) ;
#1441 = DIRECTION ( 'NONE',  ( 1.000000000000000000, 0.000000000000000000, -1.224646799147353207E-16 ) ) ;
#1442 = CARTESIAN_POINT ( 'NONE',  ( -28.40746005927643481, 7.282076090503765364, -29.02762607160401842 ) ) ;
#1443 = DIRECTION ( 'NONE',  ( 1.000000000000000000, -0.000000000000000000, -0.000000000000000000 ) ) ;
#1444 = CARTESIAN_POINT ( 'NONE',  ( -24.24971055023341293, -1.109950854137809877E-12, -128.5753389969846410 ) ) ;
#1445 = CARTESIAN_POINT ( 'NONE',  ( 13.13183433431483849, 0.000000000000000000, -133.4593474056472360 ) ) ;
#1446 = ORIENTED_EDGE ( 'NONE', *, *, #5324, .T. ) ;
#1447 = CARTESIAN_POINT ( 'NONE',  ( -26.42279440709975091, 7.501024136164216038, -57.03576098449242693 ) ) ;
#1448 = CARTESIAN_POINT ( 'NONE',  ( -15.29705479408148427, 26.50000000000000000, -89.14628008810787207 ) ) ;
#1449 = FACE_OUTER_BOUND ( 'NONE', #1819, .T. ) ;
#1450 = CARTESIAN_POINT ( 'NONE',  ( -27.62064101883078848, 7.140154870669713105, -124.8015948768698706 ) ) ;
#1451 = CARTESIAN_POINT ( 'NONE',  ( 29.21973305837942902, 7.075298050639118763, -35.23529215458555797 ) ) ;
#1452 = CARTESIAN_POINT ( 'NONE',  ( -13.90954329994465510, 32.92801058211117038, -78.51916437016960515 ) ) ;
#1453 = ORIENTED_EDGE ( 'NONE', *, *, #6405, .T. ) ;
#1454 = CARTESIAN_POINT ( 'NONE',  ( 2.230544959825343287, 32.50000000000000000, -72.04276008957501176 ) ) ;
#1455 = CARTESIAN_POINT ( 'NONE',  ( -26.55863049608784365, 3.000000000000000888, -23.26377388522699619 ) ) ;
#1456 = CARTESIAN_POINT ( 'NONE',  ( -0.4037502782227646025, 3.000000000000000444, -137.0000166088341871 ) ) ;
#1457 = CARTESIAN_POINT ( 'NONE',  ( 24.24265180770052552, -0.000000000000000000, -51.39093663920006350 ) ) ;
#1458 = CARTESIAN_POINT ( 'NONE',  ( 31.14515266287923723, 7.052434809674516636, -93.28573049279424367 ) ) ;
#1459 = EDGE_CURVE ( 'NONE', #1632, #7238, #6404, .T. ) ;
#1460 = CARTESIAN_POINT ( 'NONE',  ( -21.36575965868003024, -4.770489558936219510E-15, -19.24927753732966096 ) ) ;
#1461 = CARTESIAN_POINT ( 'NONE',  ( -14.01095194399376176, 32.58660667201568373, -111.4974040568895788 ) ) ;
#1462 = CARTESIAN_POINT ( 'NONE',  ( 2.213223991555237635, 26.50000000000000355, -72.05065502952452050 ) ) ;
#1463 = CARTESIAN_POINT ( 'NONE',  ( -13.82257324250842956, 25.00000000000001066, -89.43783071650848626 ) ) ;
#1464 = DIRECTION ( 'NONE',  ( -0.000000000000000000, -1.000000000000000000, -0.000000000000000000 ) ) ;
#1465 = CARTESIAN_POINT ( 'NONE',  ( 25.98479847361756967, 7.501008653382364777, -63.43798081355414809 ) ) ;
#1466 = CARTESIAN_POINT ( 'NONE',  ( -26.32977289078465688, -8.673617379884035472E-16, -120.6696818459636660 ) ) ;
#1467 = CARTESIAN_POINT ( 'NONE',  ( 13.32602870418888585, 7.454023858066330483E-13, -136.7756032906394239 ) ) ;
#1468 = CARTESIAN_POINT ( 'NONE',  ( 26.67836405660505861, 6.830940463164919763, -22.79738570938846820 ) ) ;
#1469 = CARTESIAN_POINT ( 'NONE',  ( 0.000000000000000000, 0.1000000000000000056, -80.83717174866055188 ) ) ;
#1470 = CARTESIAN_POINT ( 'NONE',  ( 31.10103071771855809, 7.201623206449677461, -93.31365323116669686 ) ) ;
#1471 = CARTESIAN_POINT ( 'NONE',  ( -25.98161413031117206, 3.000000000000000000, -63.04690894239089971 ) ) ;
#1472 = VERTEX_POINT ( 'NONE', #3332 ) ;
#1473 = CARTESIAN_POINT ( 'NONE',  ( 41.16644988300614472, 50.10999999999987864, -94.75000000000054001 ) ) ;
#1474 = CARTESIAN_POINT ( 'NONE',  ( -13.94267408056786550, 26.50000000000181188, -104.8057859517820987 ) ) ;
#1475 = CARTESIAN_POINT ( 'NONE',  ( -29.13119873104768587, -0.000000000000000000, -112.4810930035023233 ) ) ;
#1476 = LINE ( 'NONE', #2583, #484 ) ;
#1477 = CARTESIAN_POINT ( 'NONE',  ( 24.31110651312863524, -1.734723475976807094E-15, -50.94307779511835577 ) ) ;
#1478 =( BOUNDED_SURFACE ( )  B_SPLINE_SURFACE ( 3, 2, ( 
 ( #5193, #1134, #1091 ),
 ( #3454, #5812, #509 ),
 ( #2284, #2861, #2895 ),
 ( #5228, #4653, #1710 ),
 ( #6423, #7450, #5706 ),
 ( #2141, #4509, #6864 ),
 ( #3926, #5884, #5426 ),
 ( #710, #1791, #2358 ),
 ( #4151, #4812, #7091 ),
 ( #3691, #1208, #6497 ),
 ( #580, #43, #5388 ),
 ( #4235, #6625, #6044 ),
 ( #1253, #1172, #6585 ),
 ( #1295, #4690, #3567 ),
 ( #2397, #122, #5924 ),
 ( #3528, #628, #2477 ),
 ( #4851, #5345, #3062 ),
 ( #2317, #81, #1831 ),
 ( #7174, #5305, #7213 ),
 ( #668, #5966, #3613 ),
 ( #1335, #2980, #1913 ),
 ( #3022, #753, #6460 ),
 ( #2434, #5262, #5 ),
 ( #4770, #7631, #4116 ),
 ( #4274, #2933, #1875 ),
 ( #7130, #7053, #3652 ),
 ( #4189, #6005, #4731 ),
 ( #1755, #6542, #2772 ),
 ( #5689, #2738, #5104 ),
 ( #900, #6333, #7395 ),
 ( #3247, #2085, #4453 ),
 ( #7469, #5136, #4526 ),
 ( #2191, #1516, #342 ),
 ( #3911, #2159, #2661 ),
 ( #6295, #935, #5615 ),
 ( #6884, #3875, #6773 ),
 ( #2623, #6221, #1585 ),
 ( #5651, #2127, #2696 ),
 ( #5067, #6186, #7434 ),
 ( #3945, #1011, #6849 ),
 ( #3104, #6257, #972 ),
 ( #5468, #3364, #7361 ),
 ( #4559, #5725, #3323 ),
 ( #6921, #1625, #273 ),
 ( #1477, #5831, #7111 ),
 ( #528, #6367, #4750 ),
 ( #3432, #7539, #5173 ),
 ( #5211, #2916, #489 ),
 ( #7617, #5790, #4601 ),
 ( #4020, #1076, #2843 ),
 ( #6442, #3510, #1736 ),
 ( #4170, #4635, #6993 ),
 ( #1660, #3473, #1154 ),
 ( #1775, #5284, #1191 ),
 ( #1044, #2880, #5246 ),
 ( #606, #6479, #2301 ),
 ( #6956, #4056, #7579 ),
 ( #7031, #4097, #5329 ),
 ( #5756, #7073, #2377 ),
 ( #3550, #3399, #24 ),
 ( #449, #6566, #6687 ),
 ( #1932, #7233, #2499 ),
 ( #2569, #1896, #3159 ),
 ( #1232, #1393, #3751 ),
 ( #4332, #687, #1352 ),
 ( #4944, #5526, #6103 ),
 ( #218, #4871, #813 ),
 ( #2535, #7150, #5948 ),
 ( #3712, #4291, #1853 ),
 ( #3671, #7308, #5488 ),
 ( #2009, #4215, #1315 ),
 ( #5985, #182, #6519 ),
 ( #4255, #6643, #2414 ),
 ( #3594, #1967, #6024 ),
 ( #5365, #6605, #1276 ),
 ( #3042, #3633, #649 ),
 ( #3001, #774, #61 ),
 ( #6068, #4790, #3125 ),
 ( #4904, #5406, #99 ),
 ( #7268, #2457, #4833 ),
 ( #5450, #7195, #730 ),
 ( #3084, #145, #5716 ),
 ( #5678, #6839, #409 ),
 ( #1003, #2075, #6723 ),
 ( #6248, #2151, #262 ),
 ( #2762, #6212, #7493 ),
 ( #3238, #4442, #333 ),
 ( #1506, #5126, #3314 ),
 ( #2044, #2117, #6875 ),
 ( #7459, #1467, #5642 ),
 ( #5606, #6803, #4369 ),
 ( #849, #1430, #3788 ),
 ( #6139, #3355, #298 ),
 ( #1577, #5054, #1541 ) ),
 .UNSPECIFIED., .F., .F., .F. ) 
 B_SPLINE_SURFACE_WITH_KNOTS ( ( 4, 2, 2, 2, 2, 2, 2, 2, 2, 2, 2, 2, 2, 2, 2, 2, 2, 2, 2, 2, 2, 2, 2, 2, 2, 2, 2, 2, 2, 2, 2, 2, 2, 2, 2, 2, 2, 2, 2, 2, 2, 2, 2, 2, 2, 2, 4 ),
 ( 3, 3 ),
 ( 0.1626077611232442377, 0.1651485073909341184, 0.1664188805247790726, 0.1676892536586240268, 0.1702299999263139352, 0.1715003730601588894, 0.1727707461940038436, 0.1753114924616937520, 0.1778522387293836327, 0.1791226118632285869, 0.1803929849970735133, 0.1829337312647634217, 0.1880152238001432108, 0.1905559700678330914, 0.1930967163355229999, 0.1981782088709027889, 0.2032597014062825780, 0.2058004476739724864, 0.2083411939416623671, 0.2134226864770421561, 0.2185041790124219452, 0.2235856715478017342, 0.2286671640831815233, 0.2337486566185613124, 0.2362894028862512208, 0.2388301491539411014, 0.2439116416893208905, 0.2540746267600804686, 0.2642376118308400468, 0.2693191043662198636, 0.2744005969015996249, 0.2794820894369793862, 0.2820228357046692946, 0.2845635819723592030, 0.2896450745077390199, 0.2921858207754288728, 0.2934561939092737992, 0.2947265670431187812, 0.2972673133108086896, 0.2998080595784985425, 0.3023488058461884509, 0.3048895521138783593, 0.3099710446492581761, 0.3125117909169480290, 0.3150525371846379374, 0.3201340297200176988, 0.3252155222553975156 ),
 ( 0.000000000000000000, 1.000000000000000000 ),
 .UNSPECIFIED. ) 
 GEOMETRIC_REPRESENTATION_ITEM ( )  RATIONAL_B_SPLINE_SURFACE ( (
 ( 1.000000000000000000, 0.7071067811865475727, 1.000000000000000000),
 ( 1.000000000000000000, 0.7071067811865475727, 1.000000000000000000),
 ( 1.000000000000000000, 0.7071067811865475727, 1.000000000000000000),
 ( 1.000000000000000000, 0.7071067811865475727, 1.000000000000000000),
 ( 1.000000000000000000, 0.7071067811865474617, 1.000000000000000000),
 ( 1.000000000000000000, 0.7071067811865474617, 1.000000000000000000),
 ( 1.000000000000000000, 0.7071067811865475727, 1.000000000000000000),
 ( 1.000000000000000000, 0.7071067811865475727, 1.000000000000000000),
 ( 1.000000000000000000, 0.7071067811865475727, 1.000000000000000000),
 ( 1.000000000000000000, 0.7071067811865475727, 1.000000000000000000),
 ( 1.000000000000000000, 0.7071067811865475727, 1.000000000000000000),
 ( 1.000000000000000000, 0.7071067811865475727, 1.000000000000000000),
 ( 1.000000000000000000, 0.7071067811865475727, 1.000000000000000000),
 ( 1.000000000000000000, 0.7071067811865475727, 1.000000000000000000),
 ( 1.000000000000000000, 0.7071067811865474617, 1.000000000000000000),
 ( 1.000000000000000000, 0.7071067811865474617, 1.000000000000000000),
 ( 1.000000000000000000, 0.7071067811865475727, 1.000000000000000000),
 ( 1.000000000000000000, 0.7071067811865475727, 1.000000000000000000),
 ( 1.000000000000000000, 0.7071067811865473507, 1.000000000000000000),
 ( 1.000000000000000000, 0.7071067811865473507, 1.000000000000000000),
 ( 1.000000000000000000, 0.7071067811865474617, 1.000000000000000000),
 ( 1.000000000000000000, 0.7071067811865474617, 1.000000000000000000),
 ( 1.000000000000000000, 0.7071067811865474617, 1.000000000000000000),
 ( 1.000000000000000000, 0.7071067811865474617, 1.000000000000000000),
 ( 1.000000000000000000, 0.7071067811865473507, 1.000000000000000000),
 ( 1.000000000000000000, 0.7071067811865473507, 1.000000000000000000),
 ( 1.000000000000000000, 0.7071067811865475727, 1.000000000000000000),
 ( 1.000000000000000000, 0.7071067811865475727, 1.000000000000000000),
 ( 1.000000000000000000, 0.7071067811865475727, 1.000000000000000000),
 ( 1.000000000000000000, 0.7071067811865475727, 1.000000000000000000),
 ( 1.000000000000000000, 0.7071067811865473507, 1.000000000000000000),
 ( 1.000000000000000000, 0.7071067811865473507, 1.000000000000000000),
 ( 1.000000000000000000, 0.7071067811865471286, 1.000000000000000000),
 ( 1.000000000000000000, 0.7071067811865471286, 1.000000000000000000),
 ( 1.000000000000000000, 0.7071067811865475727, 1.000000000000000000),
 ( 1.000000000000000000, 0.7071067811865475727, 1.000000000000000000),
 ( 1.000000000000000000, 0.7071067811865475727, 1.000000000000000000),
 ( 1.000000000000000000, 0.7071067811865475727, 1.000000000000000000),
 ( 1.000000000000000000, 0.7071067811865475727, 1.000000000000000000),
 ( 1.000000000000000000, 0.7071067811865475727, 1.000000000000000000),
 ( 1.000000000000000000, 0.7071067811865475727, 1.000000000000000000),
 ( 1.000000000000000000, 0.7071067811865475727, 1.000000000000000000),
 ( 1.000000000000000000, 0.7071067811865471286, 1.000000000000000000),
 ( 1.000000000000000000, 0.7071067811865471286, 1.000000000000000000),
 ( 1.000000000000000000, 0.7071067811865477948, 1.000000000000000000),
 ( 1.000000000000000000, 0.7071067811865477948, 1.000000000000000000),
 ( 1.000000000000000000, 0.7071067811865472397, 1.000000000000000000),
 ( 1.000000000000000000, 0.7071067811865472397, 1.000000000000000000),
 ( 1.000000000000000000, 0.7071067811865473507, 1.000000000000000000),
 ( 1.000000000000000000, 0.7071067811865473507, 1.000000000000000000),
 ( 1.000000000000000000, 0.7071067811865471286, 1.000000000000000000),
 ( 1.000000000000000000, 0.7071067811865471286, 1.000000000000000000),
 ( 1.000000000000000000, 0.7071067811865471286, 1.000000000000000000),
 ( 1.000000000000000000, 0.7071067811865471286, 1.000000000000000000),
 ( 1.000000000000000000, 0.7071067811865475727, 1.000000000000000000),
 ( 1.000000000000000000, 0.7071067811865475727, 1.000000000000000000),
 ( 1.000000000000000000, 0.7071067811865475727, 1.000000000000000000),
 ( 1.000000000000000000, 0.7071067811865475727, 1.000000000000000000),
 ( 1.000000000000000000, 0.7071067811865475727, 1.000000000000000000),
 ( 1.000000000000000000, 0.7071067811865475727, 1.000000000000000000),
 ( 1.000000000000000000, 0.7071067811865475727, 1.000000000000000000),
 ( 1.000000000000000000, 0.7071067811865475727, 1.000000000000000000),
 ( 1.000000000000000000, 0.7071067811865474617, 1.000000000000000000),
 ( 1.000000000000000000, 0.7071067811865474617, 1.000000000000000000),
 ( 1.000000000000000000, 0.7071067811865475727, 1.000000000000000000),
 ( 1.000000000000000000, 0.7071067811865475727, 1.000000000000000000),
 ( 1.000000000000000000, 0.7071067811865476838, 1.000000000000000000),
 ( 1.000000000000000000, 0.7071067811865476838, 1.000000000000000000),
 ( 1.000000000000000000, 0.7071067811865475727, 1.000000000000000000),
 ( 1.000000000000000000, 0.7071067811865475727, 1.000000000000000000),
 ( 1.000000000000000000, 0.7071067811865471286, 1.000000000000000000),
 ( 1.000000000000000000, 0.7071067811865471286, 1.000000000000000000),
 ( 1.000000000000000000, 0.7071067811865479058, 1.000000000000000000),
 ( 1.000000000000000000, 0.7071067811865479058, 1.000000000000000000),
 ( 1.000000000000000000, 0.7071067811865473507, 1.000000000000000000),
 ( 1.000000000000000000, 0.7071067811865473507, 1.000000000000000000),
 ( 1.000000000000000000, 0.7071067811865474617, 1.000000000000000000),
 ( 1.000000000000000000, 0.7071067811865474617, 1.000000000000000000),
 ( 1.000000000000000000, 0.7071067811865484609, 1.000000000000000000),
 ( 1.000000000000000000, 0.7071067811865484609, 1.000000000000000000),
 ( 1.000000000000000000, 0.7071067811865477948, 1.000000000000000000),
 ( 1.000000000000000000, 0.7071067811865477948, 1.000000000000000000),
 ( 1.000000000000000000, 0.7071067811865475727, 1.000000000000000000),
 ( 1.000000000000000000, 0.7071067811865475727, 1.000000000000000000),
 ( 1.000000000000000000, 0.7071067811865476838, 1.000000000000000000),
 ( 1.000000000000000000, 0.7071067811865476838, 1.000000000000000000),
 ( 1.000000000000000000, 0.7071067811865475727, 1.000000000000000000),
 ( 1.000000000000000000, 0.7071067811865475727, 1.000000000000000000),
 ( 1.000000000000000000, 0.7071067811865475727, 1.000000000000000000),
 ( 1.000000000000000000, 0.7071067811865475727, 1.000000000000000000),
 ( 1.000000000000000000, 0.7071067811865475727, 1.000000000000000000),
 ( 1.000000000000000000, 0.7071067811865475727, 1.000000000000000000),
 ( 1.000000000000000000, 0.7071067811865475727, 1.000000000000000000),
 ( 1.000000000000000000, 0.7071067811865475727, 1.000000000000000000) ) ) 
 REPRESENTATION_ITEM ( '' )  SURFACE ( )  );
#1479 = CARTESIAN_POINT ( 'NONE',  ( -29.26564444028339196, 6.862947075958699905, -35.16682994256318295 ) ) ;
#1480 = TOROIDAL_SURFACE ( 'NONE', #4935, 5.500000000000000000, 1.500000000000000000 ) ;
#1481 = CARTESIAN_POINT ( 'NONE',  ( 0.1814083783596336652, 2.999999999999999556, -139.9999999999999716 ) ) ;
#1482 = CARTESIAN_POINT ( 'NONE',  ( -28.89577690990069314, 9.289384102666662364E-13, -122.2068900564050153 ) ) ;
#1483 = CYLINDRICAL_SURFACE ( 'NONE', #6911, 1.174999999999995381 ) ;
#1484 = ORIENTED_EDGE ( 'NONE', *, *, #7461, .T. ) ;
#1485 = CARTESIAN_POINT ( 'NONE',  ( -32.45763513626916108, 7.499492142196893418, -110.0130956336490016 ) ) ;
#1486 = VECTOR ( 'NONE', #7575, 1000.000000000000000 ) ;
#1487 = AXIS2_PLACEMENT_3D ( 'NONE', #4465, #3622, #91 ) ;
#1488 = CYLINDRICAL_SURFACE ( 'NONE', #5569, 1.174999999999995381 ) ;
#1489 = DIRECTION ( 'NONE',  ( 0.000000000000000000, 0.000000000000000000, -1.000000000000000000 ) ) ;
#1490 = CARTESIAN_POINT ( 'NONE',  ( -24.02398496814987183, 7.499999999999983125, -128.9944585469296499 ) ) ;
#1491 = AXIS2_PLACEMENT_3D ( 'NONE', #3539, #764, #4200 ) ;
#1492 = CARTESIAN_POINT ( 'NONE',  ( 13.34226380910430088, 32.78814505601985729, -77.47584112093065301 ) ) ;
#1493 = CARTESIAN_POINT ( 'NONE',  ( -16.94312670489559025, 32.89945667547231523, -84.32219783014988934 ) ) ;
#1494 = ORIENTED_EDGE ( 'NONE', *, *, #540, .T. ) ;
#1495 = CARTESIAN_POINT ( 'NONE',  ( -27.48121386310970848, 5.542294829389555457E-13, -25.87866572420835354 ) ) ;
#1496 = CARTESIAN_POINT ( 'NONE',  ( -27.39790028157847246, 2.999999999999999112, -118.4682136211624481 ) ) ;
#1497 = CARTESIAN_POINT ( 'NONE',  ( 25.10384090435794491, -0.000000000000000000, -46.29646983230837520 ) ) ;
#1498 = CIRCLE ( 'NONE', #3842, 35.50515546662079203 ) ;
#1499 = CARTESIAN_POINT ( 'NONE',  ( 18.97357488704993145, 32.72166845832765603, -97.10976905009179916 ) ) ;
#1500 = CARTESIAN_POINT ( 'NONE',  ( 1.232210446314608854, 3.000000000000001776, -3.050756033837882075 ) ) ;
#1501 = CARTESIAN_POINT ( 'NONE',  ( -11.34585038413245783, 32.58138521573376067, -114.9976321584289849 ) ) ;
#1502 = CARTESIAN_POINT ( 'NONE',  ( 3.514255033110526671, 25.00000000000000000, -74.17271670633874692 ) ) ;
#1503 = DIRECTION ( 'NONE',  ( 1.688295353748717154E-16, 0.000000000000000000, -1.000000000000000000 ) ) ;
#1504 = CARTESIAN_POINT ( 'NONE',  ( -27.02499643441695198, 18.17669369438165106, -102.8499999999998096 ) ) ;
#1505 = CARTESIAN_POINT ( 'NONE',  ( 28.71347895058019972, 3.000000000000000000, -114.5252459130267511 ) ) ;
#1506 = CARTESIAN_POINT ( 'NONE',  ( 14.99414094781325524, 0.000000000000000000, -132.3740209860439734 ) ) ;
#1507 = CARTESIAN_POINT ( 'NONE',  ( 19.36290427276696136, 18.51899145761178644, -65.96674767334677369 ) ) ;
#1508 = CARTESIAN_POINT ( 'NONE',  ( 32.05801931454250564, 7.115112438901119774, -114.8822445921519915 ) ) ;
#1509 = EDGE_CURVE ( 'NONE', #6616, #6073, #6412, .T. ) ;
#1510 = CARTESIAN_POINT ( 'NONE',  ( -27.36760912349129526, 2.999999999999999556, -50.91054009580666673 ) ) ;
#1511 = ORIENTED_EDGE ( 'NONE', *, *, #4998, .T. ) ;
#1512 = CARTESIAN_POINT ( 'NONE',  ( 14.72164016707566248, 32.50000000000000000, -86.97975950363445463 ) ) ;
#1513 = CARTESIAN_POINT ( 'NONE',  ( -11.70214586152713565, 25.00000000000000711, -106.1731897390591683 ) ) ;
#1514 = CARTESIAN_POINT ( 'NONE',  ( -26.19450647816854527, 0.000000000000000000, -85.44212520178008674 ) ) ;
#1515 = ORIENTED_EDGE ( 'NONE', *, *, #2671, .F. ) ;
#1516 = CARTESIAN_POINT ( 'NONE',  ( 27.09199932790001242, -2.234971548165681557E-12, -24.59878061411432881 ) ) ;
#1517 = CARTESIAN_POINT ( 'NONE',  ( -16.15470731481057598, 32.63652379407089654, -82.08512834138200276 ) ) ;
#1518 = DIRECTION ( 'NONE',  ( -0.000000000000000000, -0.000000000000000000, 1.000000000000000000 ) ) ;
#1519 = CARTESIAN_POINT ( 'NONE',  ( -27.86024510454684489, 3.000000000000000000, -79.16757245307397284 ) ) ;
#1520 = DIRECTION ( 'NONE',  ( -1.000000000000000000, 0.000000000000000000, -0.000000000000000000 ) ) ;
#1521 = CARTESIAN_POINT ( 'NONE',  ( -26.01668797326061977, -0.000000000000000000, -34.14054486578434933 ) ) ;
#1522 = ORIENTED_EDGE ( 'NONE', *, *, #4494, .T. ) ;
#1523 = CARTESIAN_POINT ( 'NONE',  ( -32.52777514806862769, 7.500132076085890276, -104.6020392309906129 ) ) ;
#1524 = CARTESIAN_POINT ( 'NONE',  ( 15.30453385628777241, 25.50817876151157293, -91.38857320939339957 ) ) ;
#1525 = CARTESIAN_POINT ( 'NONE',  ( -32.72639051681433386, 7.233868318593652091, -109.4895461606931377 ) ) ;
#1526 = CARTESIAN_POINT ( 'NONE',  ( 26.06472302967101484, 7.129429453151023388, -61.25218383354953744 ) ) ;
#1527 = CARTESIAN_POINT ( 'NONE',  ( -29.02003204986421991, 7.499999999999992895, -39.89926961664126281 ) ) ;
#1528 = ORIENTED_EDGE ( 'NONE', *, *, #5046, .F. ) ;
#1529 = CARTESIAN_POINT ( 'NONE',  ( 1.403188507206956759, 32.50000000000000000, -71.86144979288982881 ) ) ;
#1530 = CARTESIAN_POINT ( 'NONE',  ( -20.19997589440216856, -1.860756450519248402E-13, -12.12228649590750251 ) ) ;
#1531 = CARTESIAN_POINT ( 'NONE',  ( -22.02499643441694843, 38.11000187309952025, -86.65000000000063096 ) ) ;
#1532 = CARTESIAN_POINT ( 'NONE',  ( 24.30046032090176666, 0.000000000000000000, -51.04887552920583715 ) ) ;
#1533 = CARTESIAN_POINT ( 'NONE',  ( 32.72628087860775281, 7.233868318593622782, -109.4914703913478036 ) ) ;
#1534 = CARTESIAN_POINT ( 'NONE',  ( -2.213223908991424960, -3.903127820947815962E-15, -3.158929253992213582 ) ) ;
#1535 = CARTESIAN_POINT ( 'NONE',  ( -21.00487722840827942, 23.62966719607565835, -111.1283633177550314 ) ) ;
#1536 = CARTESIAN_POINT ( 'NONE',  ( 1.802247263751341366, 25.00000000000000000, -73.49422656160713530 ) ) ;
#1537 = CARTESIAN_POINT ( 'NONE',  ( 4.342501886528021160, 26.50000000000000711, -116.7041996426279979 ) ) ;
#1538 = FACE_OUTER_BOUND ( 'NONE', #150, .T. ) ;
#1539 = DIRECTION ( 'NONE',  ( -0.000000000000000000, -1.000000000000000000, -0.000000000000000000 ) ) ;
#1540 = LINE ( 'NONE', #1505, #881 ) ;
#1541 = CARTESIAN_POINT ( 'NONE',  ( 4.373039862097490627, 3.000000000000000000, -139.6382178266192682 ) ) ;
#1542 = CARTESIAN_POINT ( 'NONE',  ( 11.26629975314493670, 32.94376446163613537, -75.05210324972880187 ) ) ;
#1543 = CARTESIAN_POINT ( 'NONE',  ( 31.87993761354215749, 7.500000000000024869, -114.9036730959955435 ) ) ;
#1544 = CARTESIAN_POINT ( 'NONE',  ( -27.70342884665996408, 3.000000000000000888, -78.44168604591702376 ) ) ;
#1545 = EDGE_LOOP ( 'NONE', ( #1301, #1358, #587, #1259, #1043 ) ) ;
#1546 = LINE ( 'NONE', #5063, #5548 ) ;
#1547 = CARTESIAN_POINT ( 'NONE',  ( -13.77994468351836765, 25.00000000000000000, -100.3016803431912649 ) ) ;
#1548 = CARTESIAN_POINT ( 'NONE',  ( -28.90134503254385478, 0.000000000000000000, -98.88443388684930824 ) ) ;
#1549 = VERTEX_POINT ( 'NONE', #5762 ) ;
#1550 = CARTESIAN_POINT ( 'NONE',  ( -8.091943859031694330, 32.80389893554472991, -71.92332218502581043 ) ) ;
#1551 = EDGE_CURVE ( 'NONE', #306, #314, #1017, .T. ) ;
#1552 = CARTESIAN_POINT ( 'NONE',  ( 25.52499643441695198, 18.17419645015674945, -104.3500000000004775 ) ) ;
#1553 = CARTESIAN_POINT ( 'NONE',  ( -32.00395108233986718, -4.050805768413567308E-29, -99.25122434957664552 ) ) ;
#1554 = FILL_AREA_STYLE_COLOUR ( '', #1970 ) ;
#1555 = ADVANCED_FACE ( 'NONE', ( #3953 ), #6930, .F. ) ;
#1556 = CARTESIAN_POINT ( 'NONE',  ( -25.87162751940578787, 0.000000000000000000, -32.71410610134893915 ) ) ;
#1557 = VERTEX_POINT ( 'NONE', #1633 ) ;
#1558 = CARTESIAN_POINT ( 'NONE',  ( 1.734723475976807094E-15, 5.000000000000000000, -94.80960127224460621 ) ) ;
#1559 = LINE ( 'NONE', #5805, #5314 ) ;
#1560 = CARTESIAN_POINT ( 'NONE',  ( -17.64198894973102583, 32.79902569350102937, -103.5706005879605982 ) ) ;
#1561 = CARTESIAN_POINT ( 'NONE',  ( 18.03264811838283421, 32.62781142130334899, -87.25589322067745002 ) ) ;
#1562 = CARTESIAN_POINT ( 'NONE',  ( -10.36236929602008594, 7.263091542229650699, -2.823848880819246787 ) ) ;
#1563 = B_SPLINE_SURFACE_WITH_KNOTS ( 'NONE', 3, 1, ( 
 ( #3076, #1309 ),
 ( #94, #7646 ),
 ( #4784, #139 ),
 ( #597, #2492 ),
 ( #5979, #681 ),
 ( #7144, #6637 ),
 ( #4864, #56 ),
 ( #7225, #1346 ),
 ( #559, #4743 ),
 ( #1185, #6472 ),
 ( #18, #2449 ),
 ( #7104, #1804 ),
 ( #3036, #1223 ),
 ( #5941, #6598 ),
 ( #3665, #328 ),
 ( #5012, #5636 ),
 ( #884, #3233 ),
 ( #3153, #3744 ),
 ( #5599, #4936 ),
 ( #6832, #6795 ),
 ( #292, #3268 ),
 ( #5482, #2681 ),
 ( #3187, #920 ),
 ( #2645, #5517 ),
 ( #1500, #3782 ),
 ( #5048, #6132 ),
 ( #4897, #7262 ),
 ( #4324, #6097 ),
 ( #254, #1534 ),
 ( #7301, #841 ),
 ( #1962, #7418 ),
 ( #4476, #209 ),
 ( #7380, #4435 ),
 ( #806, #6061 ),
 ( #7343, #2562 ),
 ( #2002, #6679 ),
 ( #3858, #1387 ),
 ( #175, #767 ),
 ( #5558, #3118 ),
 ( #6206, #4364 ),
 ( #2528, #2604 ),
 ( #6717, #1423 ),
 ( #4976, #4399 ),
 ( #6754, #1460 ),
 ( #3817, #6167 ),
 ( #1028, #6867 ),
 ( #3349, #1095 ),
 ( #434, #1569 ) ),
 .UNSPECIFIED., .F., .F., .F.,
 ( 4, 2, 2, 2, 2, 2, 2, 2, 2, 2, 2, 2, 2, 2, 2, 2, 2, 2, 2, 2, 2, 2, 2, 4 ),
 ( 2, 2 ),
 ( 0.4025953061355650453, 0.4062500000000002220, 0.4218750000000002776, 0.4375000000000002776, 0.4531250000000003331, 0.4570312500000003331, 0.4609375000000003331, 0.4687500000000003886, 0.4765625000000004441, 0.4804687500000004441, 0.4843750000000004441, 0.4921875000000004996, 0.4960937500000004996, 0.5000000000000005551, 0.5078125000000005551, 0.5156250000000005551, 0.5234375000000005551, 0.5312500000000006661, 0.5468750000000007772, 0.5546875000000007772, 0.5625000000000007772, 0.5781250000000008882, 0.5937500000000009992, 0.5940500454309709522 ),
 ( 0.000000000000000000, 1.000000000000000000 ),
 .UNSPECIFIED. ) ;
#1564 = ORIENTED_EDGE ( 'NONE', *, *, #2114, .T. ) ;
#1565 = CARTESIAN_POINT ( 'NONE',  ( 14.60105217746189332, 3.000000000000000000, -132.6151536684644157 ) ) ;
#1566 = CARTESIAN_POINT ( 'NONE',  ( -11.41426848478748113, 3.000000000000000000, -3.812678655457365284 ) ) ;
#1567 = CARTESIAN_POINT ( 'NONE',  ( -21.80227968846304520, 25.17247766778035611, -104.3500000000005343 ) ) ;
#1568 = CARTESIAN_POINT ( 'NONE',  ( 15.02680355044285143, 32.76877108395891014, -109.5777911643413063 ) ) ;
#1569 = CARTESIAN_POINT ( 'NONE',  ( -22.93271444873111875, -2.168404344971008868E-15, -22.41550438648632948 ) ) ;
#1570 = CARTESIAN_POINT ( 'NONE',  ( -26.11299014173909327, 7.141533295172513007, -66.67638683086214257 ) ) ;
#1571 = CARTESIAN_POINT ( 'NONE',  ( -13.72969581118865534, 26.49999999999640465, -84.25130134826487449 ) ) ;
#1572 = CARTESIAN_POINT ( 'NONE',  ( -14.72391102928913931, 26.50000000000000000, -102.6321252343794583 ) ) ;
#1573 = CARTESIAN_POINT ( 'NONE',  ( -4.353611243447178758, -8.673617379884035472E-16, -3.692287527068697450 ) ) ;
#1574 = CYLINDRICAL_SURFACE ( 'NONE', #3448, 1.499999999999999556 ) ;
#1575 = CARTESIAN_POINT ( 'NONE',  ( 26.09366038149031652, 7.501167029192010283, -66.97134175803545020 ) ) ;
#1576 = CARTESIAN_POINT ( 'NONE',  ( -28.14851029553051021, 0.000000000000000000, -116.5653175759924807 ) ) ;
#1577 = CARTESIAN_POINT ( 'NONE',  ( 3.888680415207779628, 0.000000000000000000, -136.6775766923024946 ) ) ;
#1578 = CARTESIAN_POINT ( 'NONE',  ( 11.63112951190156963, 17.45549824035916942, -53.95482510123301267 ) ) ;
#1579 = CARTESIAN_POINT ( 'NONE',  ( 12.80504206946046608, 32.50000000000002842, -113.3359384477504364 ) ) ;
#1580 = CARTESIAN_POINT ( 'NONE',  ( 22.02499643441695198, 57.10999812690045729, -95.92500000000055138 ) ) ;
#1581 = CARTESIAN_POINT ( 'NONE',  ( -25.52499643441015564, 20.34036889037800222, -104.3500000000004633 ) ) ;
#1582 = CARTESIAN_POINT ( 'NONE',  ( -15.35911153535353613, 25.00000000000089528, -100.1054866573354900 ) ) ;
#1583 = CARTESIAN_POINT ( 'NONE',  ( -3.924435006269502590, -2.768599910183268244E-15, -3.559204254906273679 ) ) ;
#1584 = ORIENTED_EDGE ( 'NONE', *, *, #1169, .F. ) ;
#1585 = CARTESIAN_POINT ( 'NONE',  ( 28.67629603041515196, 3.000000000000000000, -30.96443164923494251 ) ) ;
#1586 = CARTESIAN_POINT ( 'NONE',  ( -27.82893944602394143, 6.839502589836260249, -26.23809191997936097 ) ) ;
#1587 = CARTESIAN_POINT ( 'NONE',  ( -18.84999643441695127, 34.00000000000000000, -98.46907027621693942 ) ) ;
#1588 = CARTESIAN_POINT ( 'NONE',  ( 27.25397608462299814, 1.734723475976807094E-15, -118.9417226122432254 ) ) ;
#1589 = EDGE_CURVE ( 'NONE', #6778, #6332, #6341, .T. ) ;
#1590 = EDGE_LOOP ( 'NONE', ( #3219, #5172, #6466, #4302, #3413, #5585, #3836, #1680 ) ) ;
#1591 = DIRECTION ( 'NONE',  ( -1.000000000000000000, 0.000000000000000000, 0.000000000000000000 ) ) ;
#1592 = CARTESIAN_POINT ( 'NONE',  ( -22.02499643441695198, 9.117047592042126780, -104.3500000000004775 ) ) ;
#1593 = DIRECTION ( 'NONE',  ( 0.000000000000000000, 0.000000000000000000, 1.000000000000000000 ) ) ;
#1594 = VECTOR ( 'NONE', #366, 1000.000000000000000 ) ;
#1595 = CARTESIAN_POINT ( 'NONE',  ( -18.31053880017516988, 32.60331533211783750, -101.4122674213309807 ) ) ;
#1596 = EDGE_CURVE ( 'NONE', #356, #5498, #3519, .T. ) ;
#1597 = EDGE_CURVE ( 'NONE', #2829, #7082, #5877, .T. ) ;
#1598 = CARTESIAN_POINT ( 'NONE',  ( 21.11599041646545416, 20.21024108782599527, -81.39685370294670008 ) ) ;
#1599 = EDGE_CURVE ( 'NONE', #7355, #791, #2821, .T. ) ;
#1600 = CARTESIAN_POINT ( 'NONE',  ( -8.056906555522127533, 32.95584840331710552, -72.10120913673827658 ) ) ;
#1601 = CIRCLE ( 'NONE', #5917, 35.50515546662079203 ) ;
#1602 = ORIENTED_EDGE ( 'NONE', *, *, #7325, .F. ) ;
#1603 = FACE_OUTER_BOUND ( 'NONE', #2986, .T. ) ;
#1604 = CARTESIAN_POINT ( 'NONE',  ( -8.921062953006996921, 3.000000000000000000, -2.327713344268310003 ) ) ;
#1605 = CYLINDRICAL_SURFACE ( 'NONE', #6798, 1.174999999999995381 ) ;
#1606 = CARTESIAN_POINT ( 'NONE',  ( 20.00583242259285655, 7.500000000000028422, -132.6513741224163425 ) ) ;
#1607 = AXIS2_PLACEMENT_3D ( 'NONE', #4599, #5784, #4016 ) ;
#1608 = CIRCLE ( 'NONE', #1235, 1.500000000000001332 ) ;
#1609 = CARTESIAN_POINT ( 'NONE',  ( 22.02499643441695198, 50.10999999999998522, -88.92500187310008641 ) ) ;
#1610 = CARTESIAN_POINT ( 'NONE',  ( -29.94463070642469660, 7.189984438161036273, -88.01040595112272058 ) ) ;
#1611 = CARTESIAN_POINT ( 'NONE',  ( 13.76808828141355256, 26.50000000000000355, -105.2370246009279953 ) ) ;
#1612 = VECTOR ( 'NONE', #5770, 1000.000000000000000 ) ;
#1613 = CARTESIAN_POINT ( 'NONE',  ( 14.02937379779022109, 25.00000000000000000, -90.44364687812355896 ) ) ;
#1614 = CARTESIAN_POINT ( 'NONE',  ( 4.000000000000001776, 5.357933130216317785, -92.70906563658252253 ) ) ;
#1615 = CARTESIAN_POINT ( 'NONE',  ( 28.14040093732359793, 7.500301196881130394, -123.5050887531711368 ) ) ;
#1616 = CARTESIAN_POINT ( 'NONE',  ( -27.61319433019570369, 0.000000000000000000, -117.9590522983775429 ) ) ;
#1617 = CARTESIAN_POINT ( 'NONE',  ( 27.42870957939096854, -0.000000000000000000, -91.00714637115342498 ) ) ;
#1618 = CARTESIAN_POINT ( 'NONE',  ( 18.33032056523510533, 32.50000000000000000, -88.23792326851881285 ) ) ;
#1619 = AXIS2_PLACEMENT_3D ( 'NONE', #3397, #2232, #487 ) ;
#1620 = CARTESIAN_POINT ( 'NONE',  ( 4.267241386200669950, 32.72428427643685467, -120.0376009269023712 ) ) ;
#1621 = DIRECTION ( 'NONE',  ( -3.350742134735898859E-10, 0.000000000000000000, -1.000000000000000000 ) ) ;
#1622 = CARTESIAN_POINT ( 'NONE',  ( 2.546348485235355952, 26.49999999999909761, -117.4839626517649123 ) ) ;
#1623 = CARTESIAN_POINT ( 'NONE',  ( -26.58565660619677828, 33.54934170131966198, -85.15000000000063096 ) ) ;
#1624 = EDGE_LOOP ( 'NONE', ( #5849, #6969 ) ) ;
#1625 = CARTESIAN_POINT ( 'NONE',  ( 27.56915267457926078, 7.460633848051259300E-13, -49.75340908038643306 ) ) ;
#1626 = CARTESIAN_POINT ( 'NONE',  ( -14.80902809067492498, 6.794569312262875194, -5.828344985301304071 ) ) ;
#1627 = FACE_OUTER_BOUND ( 'NONE', #6692, .T. ) ;
#1628 = CARTESIAN_POINT ( 'NONE',  ( -28.69347048193884220, -1.301042606982605321E-15, -114.8391709631375335 ) ) ;
#1629 = CARTESIAN_POINT ( 'NONE',  ( 25.12783341012178440, 0.000000000000000000, -122.6412635211707567 ) ) ;
#1630 = CARTESIAN_POINT ( 'NONE',  ( -25.74986563760716152, -0.000000000000000000, -31.76562572582716726 ) ) ;
#1631 = CARTESIAN_POINT ( 'NONE',  ( -23.70997350687311211, -0.000000000000000000, -54.75058941056722972 ) ) ;
#1632 = VERTEX_POINT ( 'NONE', #3053 ) ;
#1633 = CARTESIAN_POINT ( 'NONE',  ( 14.17499646292512239, 25.00000000000000000, -91.46760565924036257 ) ) ;
#1634 = PLANE ( 'NONE',  #5184 ) ;
#1635 = CARTESIAN_POINT ( 'NONE',  ( -22.02499643441695198, 57.10999812690045729, -94.75000000000055422 ) ) ;
#1636 = CARTESIAN_POINT ( 'NONE',  ( -28.66596322286907750, 7.499999999999989342, -82.79248172453543475 ) ) ;
#1637 = CARTESIAN_POINT ( 'NONE',  ( 18.33032056523510533, 32.50000000000000000, -88.23792326851881285 ) ) ;
#1638 = CARTESIAN_POINT ( 'NONE',  ( -11.39991872723617838, 32.50000000000001421, -74.57503330838288491 ) ) ;
#1639 = ORIENTED_EDGE ( 'NONE', *, *, #5270, .F. ) ;
#1640 = CARTESIAN_POINT ( 'NONE',  ( 14.37359812097645673, 32.50000000000000000, -85.92310566744721712 ) ) ;
#1641 = DIRECTION ( 'NONE',  ( -0.000000000000000000, -1.000000000000000000, -0.000000000000000000 ) ) ;
#1642 = CARTESIAN_POINT ( 'NONE',  ( 22.02499643441695198, 38.11000187309952025, -102.8500000000004775 ) ) ;
#1643 = CARTESIAN_POINT ( 'NONE',  ( 8.042979953175757757, 32.73207170552018397, -117.8652544878379160 ) ) ;
#1644 = EDGE_CURVE ( 'NONE', #876, #7355, #2264, .T. ) ;
#1645 = CARTESIAN_POINT ( 'NONE',  ( -4.341454496251117965E-15, 32.81078131220588290, -68.96083171738970918 ) ) ;
#1646 = CARTESIAN_POINT ( 'NONE',  ( -26.08946760409040522, 7.320766647586253839, -66.72160354698996798 ) ) ;
#1647 = CARTESIAN_POINT ( 'NONE',  ( 3.807158695379316171, 26.50000000000000355, -116.9750606333721805 ) ) ;
#1648 = CARTESIAN_POINT ( 'NONE',  ( 22.93288736859645027, 3.000000000000001332, -22.41550438622843444 ) ) ;
#1649 = EDGE_CURVE ( 'NONE', #7624, #2364, #3762, .T. ) ;
#1650 = CARTESIAN_POINT ( 'NONE',  ( 4.000000000000001776, 6.500000000000000888, -94.80960127224460621 ) ) ;
#1651 = CARTESIAN_POINT ( 'NONE',  ( 31.45234863223546995, 7.500104079999818651, -95.82420923560513870 ) ) ;
#1652 = CARTESIAN_POINT ( 'NONE',  ( -8.399741924143942384, 2.999999999999999556, -135.5821036189847177 ) ) ;
#1653 = CARTESIAN_POINT ( 'NONE',  ( 29.55695895034045861, 0.000000000000000000, -106.4159639608582069 ) ) ;
#1654 = CARTESIAN_POINT ( 'NONE',  ( 27.60053473001797641, 7.301982836265231036, -49.66479900371418665 ) ) ;
#1655 = CARTESIAN_POINT ( 'NONE',  ( 4.309615837492125401, 32.57476142547892550, -120.1820530506370233 ) ) ;
#1656 = LINE ( 'NONE', #2767, #5425 ) ;
#1657 = FACE_OUTER_BOUND ( 'NONE', #4875, .T. ) ;
#1658 = CARTESIAN_POINT ( 'NONE',  ( -4.861844421956337925, 25.00000000000000000, -114.6213674828534010 ) ) ;
#1659 = CARTESIAN_POINT ( 'NONE',  ( 12.00243844715930663, -8.673617379884035472E-16, -7.962380292838270535 ) ) ;
#1660 = CARTESIAN_POINT ( 'NONE',  ( 23.02945072731025178, -1.301042606982605321E-15, -66.23647772220736840 ) ) ;
#1661 = CARTESIAN_POINT ( 'NONE',  ( -9.772820770024434722, 32.80019916080782849, -73.32890040476087279 ) ) ;
#1662 = DIRECTION ( 'NONE',  ( 1.000000000000000000, 0.000000000000000000, -0.000000000000000000 ) ) ;
#1663 = APPLICATION_CONTEXT ( 'automotive_design' ) ;
#1664 = EDGE_LOOP ( 'NONE', ( #5028, #6819, #1747, #971 ) ) ;
#1665 = CARTESIAN_POINT ( 'NONE',  ( -32.37217747915703825, -1.288479820220224555E-12, -110.9713644870771105 ) ) ;
#1666 = CARTESIAN_POINT ( 'NONE',  ( 20.60868103963633757, 26.25643041012317624, -85.15000000000065938 ) ) ;
#1667 = CARTESIAN_POINT ( 'NONE',  ( -4.457977994742875261, 3.000000000000000444, -3.712817136318079747 ) ) ;
#1668 = ORIENTED_EDGE ( 'NONE', *, *, #5538, .F. ) ;
#1669 = CARTESIAN_POINT ( 'NONE',  ( -10.56257195909063640, 7.499732752966055571, -3.271723920818142783 ) ) ;
#1670 = LINE ( 'NONE', #6377, #2718 ) ;
#1671 = CARTESIAN_POINT ( 'NONE',  ( -27.61616332003612229, 6.998915555494754415, -77.38076047247584199 ) ) ;
#1672 = CARTESIAN_POINT ( 'NONE',  ( -18.56925463517606190, 7.500000000000007105, -9.986411051602310351 ) ) ;
#1673 = ORIENTED_EDGE ( 'NONE', *, *, #5845, .F. ) ;
#1674 = CARTESIAN_POINT ( 'NONE',  ( 15.52069994618803150, 32.50000000000000000, -90.24549112605797063 ) ) ;
#1675 = CARTESIAN_POINT ( 'NONE',  ( -11.00892736979687925, 5.611493456493665405E-13, -3.549538625817036053 ) ) ;
#1676 = PLANE ( 'NONE',  #2588 ) ;
#1677 = CARTESIAN_POINT ( 'NONE',  ( 31.93929818054227354, 7.371704146300389837, -114.8965302613810309 ) ) ;
#1678 = CARTESIAN_POINT ( 'NONE',  ( -27.02499643441695198, 18.17669369438165106, -102.8499999999998096 ) ) ;
#1679 = CARTESIAN_POINT ( 'NONE',  ( -28.66596322286907750, 7.499999999999989342, -82.79248172453543475 ) ) ;
#1680 = ORIENTED_EDGE ( 'NONE', *, *, #7471, .T. ) ;
#1681 = CARTESIAN_POINT ( 'NONE',  ( 15.67499646065027541, 26.50000000000000355, -98.25668410583796231 ) ) ;
#1682 = CARTESIAN_POINT ( 'NONE',  ( -0.5657920416185200363, 24.99999999999999645, -73.23868377146692410 ) ) ;
#1683 = EDGE_CURVE ( 'NONE', #246, #3436, #3840, .T. ) ;
#1684 = PLANE ( 'NONE',  #4939 ) ;
#1685 = CARTESIAN_POINT ( 'NONE',  ( -21.23208003825669721, 2.999999999999997780, -127.3883030920001147 ) ) ;
#1686 = CARTESIAN_POINT ( 'NONE',  ( 28.57221558535660222, 0.000000000000000000, -96.84586789726151324 ) ) ;
#1687 = CARTESIAN_POINT ( 'NONE',  ( 29.17386909020575203, 7.287649025319553608, -35.30565951798688928 ) ) ;
#1688 = EDGE_CURVE ( 'NONE', #4759, #2241, #1476, .T. ) ;
#1689 = CARTESIAN_POINT ( 'NONE',  ( 24.11707986292540440, 7.267067428138290097, -129.0139637066740761 ) ) ;
#1690 = CARTESIAN_POINT ( 'NONE',  ( 3.466945076880737011E-14, 7.499999998865942707, 1.743850740649981898E-10 ) ) ;
#1691 = CARTESIAN_POINT ( 'NONE',  ( 14.72639869474436480, 32.50000000000000000, -102.6237744243219936 ) ) ;
#1692 = CARTESIAN_POINT ( 'NONE',  ( -3.099495234911501029, 26.50000000000000355, -117.2689893706710791 ) ) ;
#1693 = DIRECTION ( 'NONE',  ( 1.000000000000000000, -0.000000000000000000, -0.000000000000000000 ) ) ;
#1694 = CARTESIAN_POINT ( 'NONE',  ( -14.72497573440176311, 7.499999999999998224, -6.152198713008758979 ) ) ;
#1695 = CARTESIAN_POINT ( 'NONE',  ( -27.02499643441695554, 15.40993836963915875, -87.93928418647597312 ) ) ;
#1696 = ORIENTED_EDGE ( 'NONE', *, *, #1396, .T. ) ;
#1697 = CARTESIAN_POINT ( 'NONE',  ( -26.70307840140269917, 15.31500880771923967, -85.71438459685550981 ) ) ;
#1698 = CARTESIAN_POINT ( 'NONE',  ( -12.03630640644447247, 32.50000000000000000, -80.85496448253930168 ) ) ;
#1699 = CARTESIAN_POINT ( 'NONE',  ( -25.32766440650971873, -0.000000000000000000, -44.86499401982963064 ) ) ;
#1700 = ORIENTED_EDGE ( 'NONE', *, *, #6270, .F. ) ;
#1701 = CARTESIAN_POINT ( 'NONE',  ( -20.62587713139200574, 7.500292274734102982, -12.67988656973041905 ) ) ;
#1702 = CARTESIAN_POINT ( 'NONE',  ( -22.02499643441695198, 43.11000187309952025, -94.75000000000055422 ) ) ;
#1703 = CARTESIAN_POINT ( 'NONE',  ( 31.12357646239116704, 3.000000000000000000, -94.04125286917950177 ) ) ;
#1704 = CARTESIAN_POINT ( 'NONE',  ( -22.18790143121638891, 22.63116523098847210, -101.8996089994951575 ) ) ;
#1705 = B_SPLINE_CURVE_WITH_KNOTS ( 'NONE', 3,
 ( #3217, #2630, #4460, #6817, #4756, #4138, #455, #3515, #1197, #5290, #1666, #5179, #4104, #2306, #3478, #4720 ),
 .UNSPECIFIED., .F., .F.,
 ( 4, 2, 2, 2, 2, 2, 2, 4 ),
 ( -0.007006966162934278805, -0.004908445470872023660, -0.002809924778809768514, -0.0007114040867475133686, 0.001387116605314741777, 0.003485637297376996055, 0.005584157989439252068, 0.009781199373563762359 ),
 .UNSPECIFIED. ) ;
#1706 = CARTESIAN_POINT ( 'NONE',  ( -9.772820770024434722, 32.80019916080782849, -73.32890040476087279 ) ) ;
#1707 = CARTESIAN_POINT ( 'NONE',  ( -4.743635147118066442, 25.00000000000000355, -73.13716053294450603 ) ) ;
#1708 = ORIENTED_EDGE ( 'NONE', *, *, #4662, .T. ) ;
#1709 = CARTESIAN_POINT ( 'NONE',  ( 19.51376585089016302, 3.000000000000000000, -129.0143934500926264 ) ) ;
#1710 = CARTESIAN_POINT ( 'NONE',  ( -1.721535296462847420, 2.999999999999813483, -0.08357250110584803215 ) ) ;
#1711 = DIRECTION ( 'NONE',  ( -0.7071067811865493491, 0.7071067811865455743, -0.000000000000000000 ) ) ;
#1712 = CARTESIAN_POINT ( 'NONE',  ( 24.02262829150245693, 7.499999999999977796, -128.9958772700044562 ) ) ;
#1713 = EDGE_CURVE ( 'NONE', #3575, #5233, #745, .T. ) ;
#1714 = CIRCLE ( 'NONE', #5679, 1.249999442108171266 ) ;
#1715 = CIRCLE ( 'NONE', #1850, 1.174999999999995381 ) ;
#1716 = CARTESIAN_POINT ( 'NONE',  ( 21.93072329835407075, 7.270198822864931465, -14.17937285378328305 ) ) ;
#1717 = CARTESIAN_POINT ( 'NONE',  ( -24.69759067930023022, 24.20281481684200742, -81.33481427265995478 ) ) ;
#1718 = ORIENTED_EDGE ( 'NONE', *, *, #504, .T. ) ;
#1719 = CARTESIAN_POINT ( 'NONE',  ( 5.756069440391414105, 26.50000000000000355, -115.8356317621981759 ) ) ;
#1720 = CARTESIAN_POINT ( 'NONE',  ( 3.433313086368819267, 25.00000000000000355, -74.13171653269358785 ) ) ;
#1721 = FACE_OUTER_BOUND ( 'NONE', #527, .T. ) ;
#1722 = CARTESIAN_POINT ( 'NONE',  ( 2.252361048362262252, 7.499195013985961111, -139.9065175486330190 ) ) ;
#1723 = CARTESIAN_POINT ( 'NONE',  ( -3.416131656975699205, 4.336808689942017736E-15, -136.7652703297488870 ) ) ;
#1724 = CARTESIAN_POINT ( 'NONE',  ( 29.26093862482570174, 0.000000000000000000, -101.7090577548662367 ) ) ;
#1725 = VECTOR ( 'NONE', #1464, 1000.000000000000000 ) ;
#1726 = CARTESIAN_POINT ( 'NONE',  ( 28.34279082092220392, 7.499999999999972466, -45.27521245691650620 ) ) ;
#1727 = AXIS2_PLACEMENT_3D ( 'NONE', #4534, #2744, #6305 ) ;
#1728 = AXIS2_PLACEMENT_3D ( 'NONE', #3221, #2278, #7478 ) ;
#1729 = CARTESIAN_POINT ( 'NONE',  ( 5.435335905869065343, 7.283476183430504847, -139.6595196116487614 ) ) ;
#1730 = AXIS2_PLACEMENT_3D ( 'NONE', #1156, #6482, #3512 ) ;
#1731 = CARTESIAN_POINT ( 'NONE',  ( 5.500000000000000000, 1.500000000000000000, -83.33717174866055188 ) ) ;
#1732 = DIRECTION ( 'NONE',  ( 0.000000000000000000, -0.000000000000000000, 1.000000000000000000 ) ) ;
#1733 = CARTESIAN_POINT ( 'NONE',  ( -2.554122459796905442, 25.00000000000000000, -115.8708930396399097 ) ) ;
#1734 = CARTESIAN_POINT ( 'NONE',  ( 11.66479067330148212, -8.673617379884035472E-16, -7.692831505047716512 ) ) ;
#1735 = LINE ( 'NONE', #648, #5298 ) ;
#1736 = CARTESIAN_POINT ( 'NONE',  ( 26.00443634386551750, 2.999999999999632294, -62.10176029365145922 ) ) ;
#1737 = EDGE_CURVE ( 'NONE', #3371, #2540, #5579, .T. ) ;
#1738 = CIRCLE ( 'NONE', #490, 1.174999999999995381 ) ;
#1739 = CARTESIAN_POINT ( 'NONE',  ( -2.717909682046375508, 7.023607291477384607, 0.08339838838010381339 ) ) ;
#1740 = EDGE_CURVE ( 'NONE', #5724, #5505, #4503, .T. ) ;
#1741 = EDGE_CURVE ( 'NONE', #7637, #4280, #2460, .T. ) ;
#1742 = FACE_OUTER_BOUND ( 'NONE', #988, .T. ) ;
#1743 = ORIENTED_EDGE ( 'NONE', *, *, #4267, .F. ) ;
#1744 = CARTESIAN_POINT ( 'NONE',  ( -15.52060267989785203, 26.50000000000000355, -90.24443582024215971 ) ) ;
#1745 = CARTESIAN_POINT ( 'NONE',  ( -7.252572911665739142, 3.000000000000000444, -4.866702986028883515 ) ) ;
#1746 = CARTESIAN_POINT ( 'NONE',  ( -23.52699316082590286, -0.000000000000000000, -56.05884417623015281 ) ) ;
#1747 = ORIENTED_EDGE ( 'NONE', *, *, #1414, .F. ) ;
#1748 = CARTESIAN_POINT ( 'NONE',  ( -11.80385587194433228, 25.00000000000000000, -105.9950635580832738 ) ) ;
#1749 = CARTESIAN_POINT ( 'NONE',  ( 28.45872304521678586, 3.000000000000001332, -29.71812202152222682 ) ) ;
#1750 = CARTESIAN_POINT ( 'NONE',  ( -26.04047529082175672, 7.314714726575515691, -61.30175700026529739 ) ) ;
#1751 = CARTESIAN_POINT ( 'NONE',  ( -1.093800609773013521, 32.81070174715777910, -68.99945489825203992 ) ) ;
#1752 = CARTESIAN_POINT ( 'NONE',  ( -14.07749160460836713, 25.00000000000001066, -90.83008089053011247 ) ) ;
#1753 = ORIENTED_EDGE ( 'NONE', *, *, #6492, .F. ) ;
#1754 = DIRECTION ( 'NONE',  ( 0.000000000000000000, 0.000000000000000000, -1.000000000000000000 ) ) ;
#1755 = CARTESIAN_POINT ( 'NONE',  ( 19.64298573618134824, 0.000000000000000000, -16.48259110799265770 ) ) ;
#1756 = CYLINDRICAL_SURFACE ( 'NONE', #5803, 1.500000000000001332 ) ;
#1757 = CARTESIAN_POINT ( 'NONE',  ( 14.01139962374660008, 32.58660667201566952, -111.4967016749835977 ) ) ;
#1758 = CARTESIAN_POINT ( 'NONE',  ( 24.68533203433395329, 7.499999999999993783, -18.92575099915316272 ) ) ;
#1759 = CARTESIAN_POINT ( 'NONE',  ( -23.60829547993424171, 25.72682566447458186, -68.76364702457631495 ) ) ;
#1760 = CARTESIAN_POINT ( 'NONE',  ( 4.312188314023144287, 1.734723475976807094E-15, -136.6082088645502779 ) ) ;
#1761 = ORIENTED_EDGE ( 'NONE', *, *, #4248, .T. ) ;
#1762 = FACE_OUTER_BOUND ( 'NONE', #3952, .T. ) ;
#1763 = CARTESIAN_POINT ( 'NONE',  ( 0.01049031681325251347, 7.499999486495170231, -139.9999978604685680 ) ) ;
#1764 = CARTESIAN_POINT ( 'NONE',  ( -14.92982478918515632, 25.18915985396500190, -91.41406677873690967 ) ) ;
#1765 = DIRECTION ( 'NONE',  ( 0.000000000000000000, 0.000000000000000000, 1.000000000000000000 ) ) ;
#1766 = DIRECTION ( 'NONE',  ( 0.000000000000000000, 0.000000000000000000, -1.000000000000000000 ) ) ;
#1767 = CARTESIAN_POINT ( 'NONE',  ( 29.55881101639954167, -0.000000000000000000, -107.1917354341725002 ) ) ;
#1768 = CARTESIAN_POINT ( 'NONE',  ( 29.14840120837492776, 6.875706791193195500, -39.70034204231080821 ) ) ;
#1769 = CARTESIAN_POINT ( 'NONE',  ( 12.45028080110735758, 18.61239004868735236, -134.0697139250545149 ) ) ;
#1770 = CARTESIAN_POINT ( 'NONE',  ( 14.52029373300902826, 26.50000000000361311, -86.35426797268068810 ) ) ;
#1771 = LINE ( 'NONE', #1188, #242 ) ;
#1772 = CARTESIAN_POINT ( 'NONE',  ( -0.5150478251703338728, 25.00000000000000711, -116.3861848685591696 ) ) ;
#1773 = CARTESIAN_POINT ( 'NONE',  ( -28.14851029552999151, 1.734723475976807094E-15, -116.5653175759938307 ) ) ;
#1774 = VERTEX_POINT ( 'NONE', #3682 ) ;
#1775 = CARTESIAN_POINT ( 'NONE',  ( 23.42427718684202276, -1.301042606982605321E-15, -71.30454175586058341 ) ) ;
#1776 = CARTESIAN_POINT ( 'NONE',  ( -1.638764719436538897, 17.11872538822921186, -48.77334516367142214 ) ) ;
#1777 = CARTESIAN_POINT ( 'NONE',  ( 21.07195300203065003, 20.02671465415427576, -79.82083915783887562 ) ) ;
#1778 = CARTESIAN_POINT ( 'NONE',  ( -18.84999643441695127, 50.10999999999998522, -85.15000000000063096 ) ) ;
#1779 = ORIENTED_EDGE ( 'NONE', *, *, #1169, .T. ) ;
#1780 = CARTESIAN_POINT ( 'NONE',  ( -25.52499643441695198, 50.10999999999998522, -85.15000000000063096 ) ) ;
#1781 = DIRECTION ( 'NONE',  ( -0.000000000000000000, 1.000000000000000000, -0.000000000000000000 ) ) ;
#1782 = CARTESIAN_POINT ( 'NONE',  ( 10.37995944104804735, 2.999999999999999556, -6.731696312511551206 ) ) ;
#1783 = EDGE_LOOP ( 'NONE', ( #1584, #5657, #49, #6540, #5876 ) ) ;
#1784 = CARTESIAN_POINT ( 'NONE',  ( 13.29337604396860328, 24.99999999999999289, -102.1734455574568585 ) ) ;
#1785 = EDGE_CURVE ( 'NONE', #1632, #155, #6654, .T. ) ;
#1786 = CARTESIAN_POINT ( 'NONE',  ( 13.65729894916171183, 3.000000000000000888, -5.443975430393192205 ) ) ;
#1787 = CARTESIAN_POINT ( 'NONE',  ( -19.08020130467055964, 32.61401683108806537, -95.23134545316653998 ) ) ;
#1788 = CARTESIAN_POINT ( 'NONE',  ( -12.29424178253991506, 25.00000000000359535, -81.30824461415724613 ) ) ;
#1789 = ORIENTED_EDGE ( 'NONE', *, *, #7133, .F. ) ;
#1790 = CARTESIAN_POINT ( 'NONE',  ( 28.71347895058019972, 3.000000000000000000, -114.5252459130267511 ) ) ;
#1791 = CARTESIAN_POINT ( 'NONE',  ( 1.980294976482598113, 4.161015524241633859E-29, -0.08716698515000120828 ) ) ;
#1792 = CARTESIAN_POINT ( 'NONE',  ( 7.079304309351285518, 26.50000000000000000, -74.77047324415363505 ) ) ;
#1793 = CARTESIAN_POINT ( 'NONE',  ( -1.816338431484737503, 7.175977473066327939, -140.0632971818217243 ) ) ;
#1794 = CARTESIAN_POINT ( 'NONE',  ( 18.63744286985198073, 7.034482861845464896, -9.780977368324462518 ) ) ;
#1795 = CARTESIAN_POINT ( 'NONE',  ( -19.00950812296649417, 32.49999999999998579, -92.60179766954668423 ) ) ;
#1796 = LINE ( 'NONE', #4736, #7670 ) ;
#1797 = EDGE_LOOP ( 'NONE', ( #5455, #1010, #6571, #3889 ) ) ;
#1798 = CARTESIAN_POINT ( 'NONE',  ( 2.769479418882033084, 32.50000000000000000, -117.4017734370152652 ) ) ;
#1799 = CARTESIAN_POINT ( 'NONE',  ( -26.05791942436171027, 1.301042606982605321E-15, -35.62131116242041884 ) ) ;
#1800 = DIRECTION ( 'NONE',  ( -1.000000000000000000, 0.000000000000000000, 0.000000000000000000 ) ) ;
#1801 = CARTESIAN_POINT ( 'NONE',  ( -11.54340507241705538, 0.000000000000000000, -134.2631197717035150 ) ) ;
#1802 = CARTESIAN_POINT ( 'NONE',  ( 23.06164324001490584, 0.000000000000000000, -66.40717095004819726 ) ) ;
#1803 = CARTESIAN_POINT ( 'NONE',  ( 23.89023056996946082, 25.11865232152254990, -73.81008742241817799 ) ) ;
#1804 = CARTESIAN_POINT ( 'NONE',  ( 12.00243844715930663, -1.301042606982605321E-15, -7.962380292838270535 ) ) ;
#1805 = CARTESIAN_POINT ( 'NONE',  ( -2.187192396112519255, 32.64815035387813680, -120.7518684618456177 ) ) ;
#1806 = CARTESIAN_POINT ( 'NONE',  ( 14.84530759286776558, 26.49999999999284128, -87.39588911901574875 ) ) ;
#1807 = CARTESIAN_POINT ( 'NONE',  ( 4.311488157231075924, 32.50000000000000000, -116.7210210453906711 ) ) ;
#1808 = CARTESIAN_POINT ( 'NONE',  ( 8.348528884190718813, 24.99999999999458922, -113.6522959337155498 ) ) ;
#1809 = CARTESIAN_POINT ( 'NONE',  ( -3.416131656975699205, 6.071532165918824830E-15, -136.7652703297488870 ) ) ;
#1810 = ORIENTED_EDGE ( 'NONE', *, *, #7178, .F. ) ;
#1811 = CARTESIAN_POINT ( 'NONE',  ( -0.5464129291400050548, 17.11478652446160709, -48.69670794823105098 ) ) ;
#1812 = CARTESIAN_POINT ( 'NONE',  ( 19.02726059004830006, 32.73312582525483805, -93.82505001335452732 ) ) ;
#1813 = CARTESIAN_POINT ( 'NONE',  ( 3.457692004804028940, 1.734723475976807094E-15, -136.7480009532222596 ) ) ;
#1814 = ORIENTED_EDGE ( 'NONE', *, *, #1649, .F. ) ;
#1815 = CARTESIAN_POINT ( 'NONE',  ( 29.98243914921151898, 3.000000000000000000, -120.0742998966789230 ) ) ;
#1816 = CARTESIAN_POINT ( 'NONE',  ( 7.923162702438743210, 32.50000000000000000, -75.57383615549061062 ) ) ;
#1817 = CARTESIAN_POINT ( 'NONE',  ( -10.84296575073094360, 3.000000000000000000, -7.072949027302414038 ) ) ;
#1818 = CARTESIAN_POINT ( 'NONE',  ( -25.59090589082848410, 0.000000000000000000, -82.72397046653503594 ) ) ;
#1819 = EDGE_LOOP ( 'NONE', ( #2080, #2432, #6029, #4034 ) ) ;
#1820 = CARTESIAN_POINT ( 'NONE',  ( -14.17499646293178017, 25.00000000000000000, -98.15159679142797700 ) ) ;
#1821 = CARTESIAN_POINT ( 'NONE',  ( 12.95780473475627304, 3.000000000000000888, -4.903032427455792153 ) ) ;
#1822 = ADVANCED_FACE ( 'NONE', ( #3798 ), #7280, .T. ) ;
#1823 = CARTESIAN_POINT ( 'NONE',  ( -18.30254283869113507, 32.62598018199304306, -88.32254546183145294 ) ) ;
#1824 = ADVANCED_FACE ( 'NONE', ( #3096 ), #4956, .T. ) ;
#1825 = EDGE_CURVE ( 'NONE', #4950, #7551, #6755, .T. ) ;
#1826 = CARTESIAN_POINT ( 'NONE',  ( 3.466945076880737011E-14, 7.499999998865942707, 1.743850740649981898E-10 ) ) ;
#1827 = CARTESIAN_POINT ( 'NONE',  ( -0.9063866153101151069, 7.023480091823952165, 0.2378029341013453979 ) ) ;
#1828 = CARTESIAN_POINT ( 'NONE',  ( -15.23655074342242521, 24.99999999999909406, -88.95598752590474589 ) ) ;
#1829 = ORIENTED_EDGE ( 'NONE', *, *, #5845, .T. ) ;
#1830 = DIRECTION ( 'NONE',  ( 0.000000000000000000, -0.000000000000000000, -1.000000000000000000 ) ) ;
#1831 = CARTESIAN_POINT ( 'NONE',  ( 12.34554791122858397, 3.000000000000000000, -4.453137088709264724 ) ) ;
#1832 = CARTESIAN_POINT ( 'NONE',  ( 15.67499646296015570, 26.50000000000000355, -91.36303240319273300 ) ) ;
#1833 = CARTESIAN_POINT ( 'NONE',  ( -6.428465729189185573, 25.09787866544937174, -127.4053529453663174 ) ) ;
#1834 = ADVANCED_FACE ( 'NONE', ( #3171 ), #231, .F. ) ;
#1835 = ADVANCED_FACE ( 'NONE', ( #4379 ), #3210, .F. ) ;
#1836 = CARTESIAN_POINT ( 'NONE',  ( 4.290331271065011443, 32.80909055493361137, -69.75217918876589351 ) ) ;
#1837 = CARTESIAN_POINT ( 'NONE',  ( -26.60976684133461490, 7.117516410609664668, -55.85558721672211391 ) ) ;
#1838 = CARTESIAN_POINT ( 'NONE',  ( 28.71338985088044282, 0.000000000000000000, -114.5251569372659759 ) ) ;
#1839 = ORIENTED_EDGE ( 'NONE', *, *, #5940, .T. ) ;
#1840 = CARTESIAN_POINT ( 'NONE',  ( -4.562600947378411931, 32.50000000000000000, -116.5742631933052991 ) ) ;
#1841 = CARTESIAN_POINT ( 'NONE',  ( -28.34704131272787464, 3.719690410790638244E-12, -45.03062107034664052 ) ) ;
#1842 = DIRECTION ( 'NONE',  ( -1.000000000000000000, -0.000000000000000000, -0.000000000000000000 ) ) ;
#1843 = DIRECTION ( 'NONE',  ( 1.000000000000000000, -0.000000000000000000, -0.000000000000000000 ) ) ;
#1844 = CARTESIAN_POINT ( 'NONE',  ( 24.39316055874537170, -0.000000000000000000, -76.87455938468681893 ) ) ;
#1845 = CARTESIAN_POINT ( 'NONE',  ( 21.25453631574936253, 20.58246371386440288, -84.57296996196829753 ) ) ;
#1846 = CARTESIAN_POINT ( 'NONE',  ( -9.806169444671059665, 32.57920712254188800, -116.5727172947846242 ) ) ;
#1847 = CARTESIAN_POINT ( 'NONE',  ( 13.09607096528304737, 25.00000000000000000, -86.82832430990477235 ) ) ;
#1848 = AXIS2_PLACEMENT_3D ( 'NONE', #5685, #5100, #2123 ) ;
#1849 = CARTESIAN_POINT ( 'NONE',  ( -14.37359813678183151, 32.50000000000000000, -103.6960967931416917 ) ) ;
#1850 = AXIS2_PLACEMENT_3D ( 'NONE', #3124, #812, #3632 ) ;
#1851 = CARTESIAN_POINT ( 'NONE',  ( 13.72969580605387385, 26.50000000000180833, -105.3679012072159793 ) ) ;
#1852 = CARTESIAN_POINT ( 'NONE',  ( 15.62712077694327562, 26.11154726702816120, -98.25339294018789360 ) ) ;
#1853 = CARTESIAN_POINT ( 'NONE',  ( 32.24690635924277871, 3.000000000000000000, -112.3445877065171885 ) ) ;
#1854 = CARTESIAN_POINT ( 'NONE',  ( 18.60275872607400061, 7.267241430922732448, -9.883028993030173126 ) ) ;
#1855 = CARTESIAN_POINT ( 'NONE',  ( -10.38240989439333539, 7.026183084459298733, -2.710480584588138786 ) ) ;
#1856 = CIRCLE ( 'NONE', #1491, 1.174999999999995381 ) ;
#1857 = CIRCLE ( 'NONE', #3584, 4.000000000000003553 ) ;
#1858 = CARTESIAN_POINT ( 'NONE',  ( 18.90056273207529003, 32.50000000000000711, -91.50214535736142807 ) ) ;
#1859 = CARTESIAN_POINT ( 'NONE',  ( -26.58565660619677473, 33.54934170131966198, -102.8500000000004775 ) ) ;
#1860 = ORIENTED_EDGE ( 'NONE', *, *, #5378, .T. ) ;
#1861 = DIRECTION ( 'NONE',  ( 1.000000000000000000, 0.000000000000000000, -3.350745606904104939E-10 ) ) ;
#1862 = CARTESIAN_POINT ( 'NONE',  ( 11.43570124699621715, 32.50000000000000000, -79.90622775473146078 ) ) ;
#1863 = CARTESIAN_POINT ( 'NONE',  ( -10.39042881967289311, 3.000000000000000888, -6.747880034218287193 ) ) ;
#1864 = CARTESIAN_POINT ( 'NONE',  ( -23.00036998574469749, -0.000000000000000000, -62.42635020288300041 ) ) ;
#1865 = ORIENTED_EDGE ( 'NONE', *, *, #4353, .T. ) ;
#1866 = CARTESIAN_POINT ( 'NONE',  ( 1.074127395965194465, 24.99999999999998934, -116.3066015725034958 ) ) ;
#1867 = VECTOR ( 'NONE', #130, 1000.000000000000000 ) ;
#1868 = CARTESIAN_POINT ( 'NONE',  ( 12.60350696520203329, 2.999999999999999112, -4.640285962959625365 ) ) ;
#1869 = CARTESIAN_POINT ( 'NONE',  ( -25.98587333601531313, 7.317731743355253116, -64.01251629105578900 ) ) ;
#1870 = CARTESIAN_POINT ( 'NONE',  ( 27.02499643441695198, 18.17965533890187046, -102.9896947855626053 ) ) ;
#1871 = CARTESIAN_POINT ( 'NONE',  ( -2.042640875122427424, 3.903127820947815962E-15, -136.9249826559626229 ) ) ;
#1872 = CARTESIAN_POINT ( 'NONE',  ( 11.60154661669482046, 0.000000000000000000, -134.2356043695497192 ) ) ;
#1873 = ORIENTED_EDGE ( 'NONE', *, *, #1683, .F. ) ;
#1874 = CARTESIAN_POINT ( 'NONE',  ( 27.51625841533791572, 2.999999999999999556, -118.1998062529801814 ) ) ;
#1875 = CARTESIAN_POINT ( 'NONE',  ( 18.85029982641833257, 2.999999999999998224, -10.42635962048879783 ) ) ;
#1876 = CARTESIAN_POINT ( 'NONE',  ( 14.37475371923798662, 26.50000000000001066, -85.92526470900750724 ) ) ;
#1877 = CARTESIAN_POINT ( 'NONE',  ( -5.446660956156783584, 7.175214275145747500, -139.6800721245230648 ) ) ;
#1878 = CARTESIAN_POINT ( 'NONE',  ( 1.093934309669647886, 32.81070174715778620, -68.99946495524930867 ) ) ;
#1879 = CARTESIAN_POINT ( 'NONE',  ( -18.06249824281530181, 32.50000000000001421, -87.16544262843807189 ) ) ;
#1880 = CARTESIAN_POINT ( 'NONE',  ( 4.733418454193634162, 1.734723475976807094E-15, -136.5284337751492103 ) ) ;
#1881 = ORIENTED_EDGE ( 'NONE', *, *, #1741, .F. ) ;
#1882 = CARTESIAN_POINT ( 'NONE',  ( -12.02273050691615808, 32.50000000000000000, -108.7545194821630758 ) ) ;
#1883 = CARTESIAN_POINT ( 'NONE',  ( -24.83358126822129108, 0.000000000000000000, -47.97054223907594661 ) ) ;
#1884 = DIRECTION ( 'NONE',  ( 0.000000000000000000, 0.000000000000000000, -1.000000000000000000 ) ) ;
#1885 = CARTESIAN_POINT ( 'NONE',  ( 0.01049031681325251347, 7.499999486495170231, -139.9999978604685680 ) ) ;
#1886 = CARTESIAN_POINT ( 'NONE',  ( 25.79126648749376116, 0.000000000000000000, -83.63530873016961209 ) ) ;
#1887 = CARTESIAN_POINT ( 'NONE',  ( 23.59438198054465019, 26.02852734244874711, -66.24106667267167836 ) ) ;
#1888 = EDGE_CURVE ( 'NONE', #271, #2104, #5060, .T. ) ;
#1889 = CYLINDRICAL_SURFACE ( 'NONE', #6277, 1.174999999999995381 ) ;
#1890 = CARTESIAN_POINT ( 'NONE',  ( -8.526556754414334804, 18.43590052955619285, -136.1753720866978199 ) ) ;
#1891 = ADVANCED_FACE ( 'NONE', ( #5322 ), #1889, .F. ) ;
#1892 = CARTESIAN_POINT ( 'NONE',  ( 14.22054361775868614, 25.00000000000000000, -91.79598410582894985 ) ) ;
#1893 = CARTESIAN_POINT ( 'NONE',  ( -2.230545004027986611, 32.50000000000000000, -117.5764424317226400 ) ) ;
#1894 = CARTESIAN_POINT ( 'NONE',  ( 14.07749160437184877, 25.00000000000000711, -98.78912165635441056 ) ) ;
#1895 = CARTESIAN_POINT ( 'NONE',  ( 27.02499643441694843, 14.89975897891839374, -86.65000000000058833 ) ) ;
#1896 = CARTESIAN_POINT ( 'NONE',  ( 32.26107680347736562, 3.717461470828209333E-12, -101.2934637708940784 ) ) ;
#1897 = CARTESIAN_POINT ( 'NONE',  ( 14.75184032750569152, 7.264856437420955437, -6.043272146384047083 ) ) ;
#1898 = CARTESIAN_POINT ( 'NONE',  ( -1.104590920511303365, 32.50000000000000000, -68.59897713248206230 ) ) ;
#1899 = CARTESIAN_POINT ( 'NONE',  ( 24.20219965283363095, 24.71161343055338833, -77.16398111887643552 ) ) ;
#1900 = CARTESIAN_POINT ( 'NONE',  ( 3.024344481065846413, 1.734723475976807094E-15, -136.8076455056818759 ) ) ;
#1901 = ORIENTED_EDGE ( 'NONE', *, *, #2855, .F. ) ;
#1902 = CARTESIAN_POINT ( 'NONE',  ( 7.108066564479994298, 26.50000000000000000, -114.7861816512689614 ) ) ;
#1903 = CARTESIAN_POINT ( 'NONE',  ( 10.16549767102374879, 26.50000000000000355, -78.06589545624611048 ) ) ;
#1904 = CARTESIAN_POINT ( 'NONE',  ( -19.94732074254325482, 3.000000000000000444, -16.94575758144829436 ) ) ;
#1905 = ORIENTED_EDGE ( 'NONE', *, *, #3929, .F. ) ;
#1906 = CARTESIAN_POINT ( 'NONE',  ( 41.16644988300614472, 50.10999999999987864, -93.50000055789237763 ) ) ;
#1907 = CARTESIAN_POINT ( 'NONE',  ( -18.90053966787579753, 32.49999999999997868, -91.50194335051810413 ) ) ;
#1908 = CARTESIAN_POINT ( 'NONE',  ( 25.82994042093380216, -0.000000000000000000, -32.33288410158375825 ) ) ;
#1909 = CARTESIAN_POINT ( 'NONE',  ( -0.0001127171864900215845, 7.261740045911976082, 0.1189014670506815807 ) ) ;
#1910 = CARTESIAN_POINT ( 'NONE',  ( -15.66599785324339145, 25.00000000000000355, -91.29777413160779531 ) ) ;
#1911 = ORIENTED_EDGE ( 'NONE', *, *, #3054, .F. ) ;
#1912 = CYLINDRICAL_SURFACE ( 'NONE', #6289, 1.174999999999995381 ) ;
#1913 = CARTESIAN_POINT ( 'NONE',  ( 13.85397408935822661, 2.999999999999626521, -5.601133895360550952 ) ) ;
#1914 = DIRECTION ( 'NONE',  ( 0.000000000000000000, 0.000000000000000000, 1.000000000000000000 ) ) ;
#1915 = CARTESIAN_POINT ( 'NONE',  ( -1.809208029755142499, 7.391992491022109313, -140.0210990606072414 ) ) ;
#1916 = CARTESIAN_POINT ( 'NONE',  ( 17.22690330562019412, 18.05863675477330332, -61.12974874689312088 ) ) ;
#1917 = CARTESIAN_POINT ( 'NONE',  ( -18.90053966787579753, 32.49999999999997868, -91.50194335051810413 ) ) ;
#1918 = DIRECTION ( 'NONE',  ( 0.000000000000000000, 0.000000000000000000, -1.000000000000000000 ) ) ;
#1919 = ORIENTED_EDGE ( 'NONE', *, *, #7463, .F. ) ;
#1920 = CARTESIAN_POINT ( 'NONE',  ( -7.923162739771359320, 26.50000000000000355, -114.0453663367121351 ) ) ;
#1921 = CARTESIAN_POINT ( 'NONE',  ( -22.99660611751875550, 0.000000000000000000, -62.31363304746665932 ) ) ;
#1922 = CARTESIAN_POINT ( 'NONE',  ( 26.92071987423996760, 14.93372611689206053, -86.09508861298542115 ) ) ;
#1923 = CARTESIAN_POINT ( 'NONE',  ( 23.56011047816172166, 0.000000000000000000, -71.69238338542916722 ) ) ;
#1924 = CARTESIAN_POINT ( 'NONE',  ( 26.22809951848849153, 7.499999999999992895, -58.64896384752199765 ) ) ;
#1925 = CARTESIAN_POINT ( 'NONE',  ( -22.02499643441695198, 50.10999999999998522, -101.7499981269010192 ) ) ;
#1926 = CARTESIAN_POINT ( 'NONE',  ( -1.812773230619940001, 7.283984982044218626, -140.0421981212144829 ) ) ;
#1927 = ADVANCED_FACE ( 'NONE', ( #724 ), #1563, .F. ) ;
#1928 = CARTESIAN_POINT ( 'NONE',  ( 14.22939476759013289, 25.00000000000000000, -91.86009135525901570 ) ) ;
#1929 = CARTESIAN_POINT ( 'NONE',  ( -13.09423230440342500, 32.50000000000000000, -106.7787470643094991 ) ) ;
#1930 = CARTESIAN_POINT ( 'NONE',  ( 15.23655074266473264, 26.50000000000000355, -100.6632150224308333 ) ) ;
#1931 = DIRECTION ( 'NONE',  ( 1.512080307323490847E-16, -0.000000000000000000, -1.000000000000000000 ) ) ;
#1932 = CARTESIAN_POINT ( 'NONE',  ( 29.06348724147705909, 0.000000000000000000, -99.92327800422337702 ) ) ;
#1933 = CARTESIAN_POINT ( 'NONE',  ( 4.310567167101438280, 32.65454527746679503, -69.55855131037534989 ) ) ;
#1934 = DIRECTION ( 'NONE',  ( -1.069202239007073440E-16, -0.7071067811865514585, 0.7071067811865435759 ) ) ;
#1935 = EDGE_CURVE ( 'NONE', #4729, #3984, #512, .T. ) ;
#1936 = CARTESIAN_POINT ( 'NONE',  ( 21.86433818655119765, 21.52631394417607424, -92.51979491006767375 ) ) ;
#1937 = CARTESIAN_POINT ( 'NONE',  ( -18.84999643441695127, 34.00000000000000000, -85.15000000000063096 ) ) ;
#1938 = ORIENTED_EDGE ( 'NONE', *, *, #4580, .F. ) ;
#1939 = CARTESIAN_POINT ( 'NONE',  ( -3.775885937316876717, 26.49999999999999289, -116.9898700914712180 ) ) ;
#1940 = CARTESIAN_POINT ( 'NONE',  ( -4.311488189970145157, 32.50000000000000000, -72.89818151070325314 ) ) ;
#1941 = CARTESIAN_POINT ( 'NONE',  ( -15.69759663153142171, 26.50000000000000355, -98.09248117825373470 ) ) ;
#1942 = CARTESIAN_POINT ( 'NONE',  ( -25.43322047463472302, -0.000000000000000000, -82.00031478586063827 ) ) ;
#1943 = ORIENTED_EDGE ( 'NONE', *, *, #4058, .T. ) ;
#1944 = DIRECTION ( 'NONE',  ( -1.000000000000000000, -0.000000000000000000, -0.000000000000000000 ) ) ;
#1945 = CARTESIAN_POINT ( 'NONE',  ( -28.86211082575495723, 7.284413384135490332, -31.70249153339194947 ) ) ;
#1946 = CARTESIAN_POINT ( 'NONE',  ( -22.02499643441695198, 43.11000187309952025, -93.57500000000055707 ) ) ;
#1947 = CARTESIAN_POINT ( 'NONE',  ( -26.64215798691354564, 2.999999999998533173, -125.7596871667858380 ) ) ;
#1948 = CARTESIAN_POINT ( 'NONE',  ( 8.458199605697521051, 3.000000000000000444, -135.5620095029921117 ) ) ;
#1949 = VERTEX_POINT ( 'NONE', #5088 ) ;
#1950 = CARTESIAN_POINT ( 'NONE',  ( -15.03951036557776000, 7.499879054906207543, -135.8342685065562989 ) ) ;
#1951 = CARTESIAN_POINT ( 'NONE',  ( -2.794563722702241293, 26.50000000000000000, -72.23755813914829105 ) ) ;
#1952 = CARTESIAN_POINT ( 'NONE',  ( -15.51625676472044901, 7.499999999999983125, -135.7024072520229367 ) ) ;
#1953 = CARTESIAN_POINT ( 'NONE',  ( 26.58524744486139113, 7.276980154388312805, -22.96659889553309597 ) ) ;
#1954 = CARTESIAN_POINT ( 'NONE',  ( -22.93678856948234923, 29.51658033879100174, -34.52652052690465467 ) ) ;
#1955 = CARTESIAN_POINT ( 'NONE',  ( -25.67718618260493812, -0.000000000000000000, -31.28184153402973422 ) ) ;
#1956 = ORIENTED_EDGE ( 'NONE', *, *, #2201, .T. ) ;
#1957 = CARTESIAN_POINT ( 'NONE',  ( -14.72164018024421495, 32.50000000000000000, -102.6394429544027247 ) ) ;
#1958 = CARTESIAN_POINT ( 'NONE',  ( -19.34585493074265372, -1.301042606982605321E-15, -16.04212022797533521 ) ) ;
#1959 = LINE ( 'NONE', #1531, #2333 ) ;
#1960 = CARTESIAN_POINT ( 'NONE',  ( 24.32857489989655164, 0.000000000000000000, -76.52475572745808563 ) ) ;
#1961 = CARTESIAN_POINT ( 'NONE',  ( 19.00951810875497827, 32.50000000000000000, -92.60193347482952220 ) ) ;
#1962 = CARTESIAN_POINT ( 'NONE',  ( -4.728008653125093552, 3.000000000000000000, -3.791944014985098477 ) ) ;
#1963 = CARTESIAN_POINT ( 'NONE',  ( -26.80750471432940074, 20.80658407031801005, -110.8377788653581888 ) ) ;
#1964 = CARTESIAN_POINT ( 'NONE',  ( -0.6915366052996131385, 26.50000000000000355, -71.73648888351036135 ) ) ;
#1965 = CARTESIAN_POINT ( 'NONE',  ( -12.30298902548526563, 32.50000000000000000, -108.2638192635993448 ) ) ;
#1966 = CARTESIAN_POINT ( 'NONE',  ( 15.67992997211692341, 25.00000000000005684, -98.22095680261419659 ) ) ;
#1967 = CARTESIAN_POINT ( 'NONE',  ( 30.49960129084467297, -2.784751895359777388E-13, -118.8212174413635438 ) ) ;
#1968 = CARTESIAN_POINT ( 'NONE',  ( 1.099328682116282208, 32.65535087357889665, -68.79922591235094842 ) ) ;
#1969 = DIRECTION ( 'NONE',  ( 0.000000000000000000, 0.000000000000000000, -1.000000000000000000 ) ) ;
#1970 = COLOUR_RGB ( '',0.7921568627450980005, 0.8196078431372548767, 0.9333333333333333481 ) ;
#1971 = CARTESIAN_POINT ( 'NONE',  ( 28.66610735542502297, 7.500000000000008882, -82.79312771463764875 ) ) ;
#1972 = DIRECTION ( 'NONE',  ( 0.000000000000000000, 0.000000000000000000, -1.000000000000000000 ) ) ;
#1973 = ORIENTED_EDGE ( 'NONE', *, *, #4099, .T. ) ;
#1974 = CARTESIAN_POINT ( 'NONE',  ( 7.936094617900053549, 26.49999999999999289, -114.0327484028431968 ) ) ;
#1975 = CARTESIAN_POINT ( 'NONE',  ( 6.652148756909908478, 26.50000000000000355, -74.45376327266465921 ) ) ;
#1976 = CARTESIAN_POINT ( 'NONE',  ( -18.69010026625455012, 3.000000000000000444, -15.12298746213957656 ) ) ;
#1977 = CARTESIAN_POINT ( 'NONE',  ( -23.68889265189385895, -0.000000000000000000, -72.62787809848528298 ) ) ;
#1978 = EDGE_LOOP ( 'NONE', ( #1973, #5536, #1814, #4041 ) ) ;
#1979 = DIRECTION ( 'NONE',  ( 1.000000000000000000, 0.000000000000000000, 0.000000000000000000 ) ) ;
#1980 = EDGE_CURVE ( 'NONE', #380, #5332, #253, .T. ) ;
#1981 = CARTESIAN_POINT ( 'NONE',  ( -29.02003204986421991, 7.499999999999992895, -39.89926961664126281 ) ) ;
#1982 = CIRCLE ( 'NONE', #1727, 1.174999999999995381 ) ;
#1983 = ADVANCED_FACE ( 'NONE', ( #6903, #2216 ), #5772, .F. ) ;
#1984 = CARTESIAN_POINT ( 'NONE',  ( 26.88985385522929761, 18.39032125461130818, -103.4820073091317596 ) ) ;
#1985 = AXIS2_PLACEMENT_3D ( 'NONE', #7367, #3142, #3257 ) ;
#1986 = CARTESIAN_POINT ( 'NONE',  ( -8.828502002354506217, 2.588705871577133718E-12, -138.6116275058397775 ) ) ;
#1987 = CARTESIAN_POINT ( 'NONE',  ( 6.832737074773493013, 0.000000000000000000, -136.0782754966496100 ) ) ;
#1988 = AXIS2_PLACEMENT_3D ( 'NONE', #471, #5196, #5710 ) ;
#1989 = ORIENTED_EDGE ( 'NONE', *, *, #7543, .T. ) ;
#1990 = CARTESIAN_POINT ( 'NONE',  ( -17.42566543855162919, 7.500205680274657283, -134.4179397916407481 ) ) ;
#1991 = CARTESIAN_POINT ( 'NONE',  ( -13.09147105501980235, 26.50000000000000355, -82.83545999037643526 ) ) ;
#1992 = CARTESIAN_POINT ( 'NONE',  ( -8.042383962115627227, 32.73207170552024081, -117.8657045751944423 ) ) ;
#1993 = AXIS2_PLACEMENT_3D ( 'NONE', #2011, #2572, #5568 ) ;
#1994 = CARTESIAN_POINT ( 'NONE',  ( 28.50239757867297286, 6.846228271511272112, -28.87085728817282160 ) ) ;
#1995 = CARTESIAN_POINT ( 'NONE',  ( -14.49338056693218135, 32.92362455883435501, -79.44160312858156203 ) ) ;
#1996 = EDGE_LOOP ( 'NONE', ( #5351, #1056, #6964, #3165, #6012 ) ) ;
#1997 = CARTESIAN_POINT ( 'NONE',  ( -6.655479409121784151, 32.50000000000000000, -74.45635218185009307 ) ) ;
#1998 = CARTESIAN_POINT ( 'NONE',  ( -12.51440428254787562, 0.000000000000000000, -8.375061710200764509 ) ) ;
#1999 = CARTESIAN_POINT ( 'NONE',  ( -0.8007370469737048468, 3.000000000000000444, -136.9895331037453730 ) ) ;
#2000 = CARTESIAN_POINT ( 'NONE',  ( 25.13358971966656696, 0.000000000000000000, -46.11202249945780807 ) ) ;
#2001 = CARTESIAN_POINT ( 'NONE',  ( 22.18901478961148399, 22.27075919625287881, -98.79145211975523466 ) ) ;
#2002 = CARTESIAN_POINT ( 'NONE',  ( -11.50316815384383595, 3.000000000000000000, -7.503303956843502931 ) ) ;
#2003 = CARTESIAN_POINT ( 'NONE',  ( -32.56329687243579230, 7.499999999999984013, -104.0899041434011849 ) ) ;
#2004 = CARTESIAN_POINT ( 'NONE',  ( -2.546348526771092580, 26.50000000000181899, -72.13523989967214334 ) ) ;
#2005 = LINE ( 'NONE', #5521, #1104 ) ;
#2006 = CARTESIAN_POINT ( 'NONE',  ( 14.22077654349862996, 25.00000000000000000, -97.82207882177273461 ) ) ;
#2007 = CARTESIAN_POINT ( 'NONE',  ( 0.9357244575041020473, 7.499913713993492159, -0.02058481860935975488 ) ) ;
#2008 = DIRECTION ( 'NONE',  ( 0.000000000000000000, 0.000000000000000000, 1.000000000000000000 ) ) ;
#2009 = CARTESIAN_POINT ( 'NONE',  ( 28.53597204276280408, 0.000000000000000000, -115.2659346473113828 ) ) ;
#2010 = CARTESIAN_POINT ( 'NONE',  ( 10.34135249302956261, 7.500000000000012434, -2.936657812420853997 ) ) ;
#2011 = CARTESIAN_POINT ( 'NONE',  ( -5.500000000000000000, 1.500000000000000000, -83.33717174866055188 ) ) ;
#2012 = CARTESIAN_POINT ( 'NONE',  ( 16.14307314914108460, 32.59278290887489504, -107.6447730778748877 ) ) ;
#2013 = CARTESIAN_POINT ( 'NONE',  ( -15.74896979476341663, 3.000000000000000444, -7.190988738812724712 ) ) ;
#2014 = ORIENTED_EDGE ( 'NONE', *, *, #7532, .T. ) ;
#2015 = CARTESIAN_POINT ( 'NONE',  ( 11.13889122380967756, 26.50000000000000000, -110.1664245672647979 ) ) ;
#2016 = DIRECTION ( 'NONE',  ( 0.000000000000000000, 0.000000000000000000, -1.000000000000000000 ) ) ;
#2017 = CARTESIAN_POINT ( 'NONE',  ( -14.18513901778606900, 25.00000000000000000, -98.07964734526568407 ) ) ;
#2018 = ORIENTED_EDGE ( 'NONE', *, *, #6740, .T. ) ;
#2019 = DIRECTION ( 'NONE',  ( 0.000000000000000000, 0.000000000000000000, 1.000000000000000000 ) ) ;
#2020 = CARTESIAN_POINT ( 'NONE',  ( -21.02946522541624574, 19.84540383135184172, -78.25404808632529807 ) ) ;
#2021 = CARTESIAN_POINT ( 'NONE',  ( 22.02499643441695198, 50.10999999999998522, -94.75000000000055422 ) ) ;
#2022 = CARTESIAN_POINT ( 'NONE',  ( -16.40852109674009185, -7.364778197045335710E-13, -135.0280113001746258 ) ) ;
#2023 = CARTESIAN_POINT ( 'NONE',  ( 11.60154661669482046, 3.000000000000000444, -134.2356043695497192 ) ) ;
#2024 = ADVANCED_FACE ( 'NONE', ( #3418 ), #2827, .T. ) ;
#2025 = ORIENTED_EDGE ( 'NONE', *, *, #5186, .F. ) ;
#2026 = CARTESIAN_POINT ( 'NONE',  ( -25.99566646042480755, 7.505163357478836339, -62.33554243761838620 ) ) ;
#2027 = DIRECTION ( 'NONE',  ( 0.000000000000000000, 0.000000000000000000, -1.000000000000000000 ) ) ;
#2028 = CARTESIAN_POINT ( 'NONE',  ( -22.02499643441695198, 35.98868152953986765, -104.3500000000004775 ) ) ;
#2029 = CARTESIAN_POINT ( 'NONE',  ( -18.59243689287061585, 24.19686357861036186, -116.9951302764624472 ) ) ;
#2030 = CARTESIAN_POINT ( 'NONE',  ( 26.67836405660505861, 6.830940463164919763, -22.79738570938846820 ) ) ;
#2031 = CARTESIAN_POINT ( 'NONE',  ( -28.41778667924356583, 7.094584698090138808, -45.15497650263224472 ) ) ;
#2032 = ORIENTED_EDGE ( 'NONE', *, *, #309, .T. ) ;
#2033 = CARTESIAN_POINT ( 'NONE',  ( 5.288749742018169719, 32.50000000000000000, -73.46994447592085464 ) ) ;
#2034 = CARTESIAN_POINT ( 'NONE',  ( -25.47139944635496889, 0.000000000000000000, -30.07282362605903359 ) ) ;
#2035 = CARTESIAN_POINT ( 'NONE',  ( -27.19368827407251743, 2.999999999999999556, -118.9254460456153453 ) ) ;
#2036 = CARTESIAN_POINT ( 'NONE',  ( 24.67221631467492671, -0.000000000000000000, -48.87357683582714429 ) ) ;
#2037 = CARTESIAN_POINT ( 'NONE',  ( 28.66610735542502297, 7.500000000000008882, -82.79312771463764875 ) ) ;
#2038 = CARTESIAN_POINT ( 'NONE',  ( -30.28421937261477481, 7.252185068687253100, -120.0677768974834549 ) ) ;
#2039 = CARTESIAN_POINT ( 'NONE',  ( 7.266009294913658323, 24.99999999999999289, -77.00735320025533781 ) ) ;
#2040 = CARTESIAN_POINT ( 'NONE',  ( -22.93271444873111875, 2.999999999999999112, -22.41550438648632948 ) ) ;
#2041 = CARTESIAN_POINT ( 'NONE',  ( 22.02499643441695554, 38.11000187309951315, -103.7286796564408320 ) ) ;
#2042 = CARTESIAN_POINT ( 'NONE',  ( 28.65020429337852903, 7.500680673908650675, -42.91119084589592347 ) ) ;
#2043 = CARTESIAN_POINT ( 'NONE',  ( -26.91297104389668959, -8.673617379884035472E-16, -119.5271667743927821 ) ) ;
#2044 = CARTESIAN_POINT ( 'NONE',  ( 14.25282658071056474, 0.000000000000000000, -132.8252300854998680 ) ) ;
#2045 = CARTESIAN_POINT ( 'NONE',  ( 8.127566659309833241, 32.65194946777233298, -71.74587583690268389 ) ) ;
#2046 = CARTESIAN_POINT ( 'NONE',  ( 4.000000000000000000, 0.8587782987362260201, -81.59595004739676938 ) ) ;
#2047 = CARTESIAN_POINT ( 'NONE',  ( 32.67251873952543662, 7.223660546406058813, -104.0540918938288684 ) ) ;
#2048 = CARTESIAN_POINT ( 'NONE',  ( -26.30555503610991153, 3.000000000000000444, -57.86167943633180499 ) ) ;
#2049 = ORIENTED_EDGE ( 'NONE', *, *, #1935, .T. ) ;
#2050 = CYLINDRICAL_SURFACE ( 'NONE', #5055, 1.500000000000001332 ) ;
#2051 = CARTESIAN_POINT ( 'NONE',  ( -12.29846054585980220, 26.49999999999819167, -108.3039582764592836 ) ) ;
#2052 = CARTESIAN_POINT ( 'NONE',  ( -29.17854589983327074, -0.000000000000000000, -112.1934437630486627 ) ) ;
#2053 = ORIENTED_EDGE ( 'NONE', *, *, #5324, .F. ) ;
#2054 = CARTESIAN_POINT ( 'NONE',  ( -13.82220447898327720, 24.99999999999999289, -100.1815983102170264 ) ) ;
#2055 = CARTESIAN_POINT ( 'NONE',  ( -24.74588799751546020, 28.30977362689415244, -46.47171741141715984 ) ) ;
#2056 = CARTESIAN_POINT ( 'NONE',  ( -17.34998628563129941, 32.50000000000001421, -84.87993577519328880 ) ) ;
#2057 = CARTESIAN_POINT ( 'NONE',  ( -27.71602245850673185, 2.999999999999264588, -124.2479714736981578 ) ) ;
#2058 = DIRECTION ( 'NONE',  ( 0.000000000000000000, 0.000000000000000000, -1.000000000000000000 ) ) ;
#2059 = ORIENTED_EDGE ( 'NONE', *, *, #3532, .F. ) ;
#2060 = CARTESIAN_POINT ( 'NONE',  ( -28.10302578579342736, 7.500109481229650044, -123.5467833631862220 ) ) ;
#2061 = CARTESIAN_POINT ( 'NONE',  ( -11.13889123539286352, 26.49999999999999645, -79.45277799175103439 ) ) ;
#2062 = CARTESIAN_POINT ( 'NONE',  ( -31.88037509952735249, 7.499999999999992895, -114.9016885935770347 ) ) ;
#2063 = CARTESIAN_POINT ( 'NONE',  ( 28.35935139494494095, 7.500000000000001776, -29.10304373251589638 ) ) ;
#2064 = CARTESIAN_POINT ( 'NONE',  ( -15.32186285107407464, 32.63918425036692383, -80.44890915613606808 ) ) ;
#2065 = ORIENTED_EDGE ( 'NONE', *, *, #3200, .F. ) ;
#2066 = CARTESIAN_POINT ( 'NONE',  ( -27.74811071405488860, -1.289336766375145670E-12, -26.76499818785687523 ) ) ;
#2067 = CARTESIAN_POINT ( 'NONE',  ( -6.230528282867863865, 3.000000000000000444, -136.1895740548680465 ) ) ;
#2068 = CARTESIAN_POINT ( 'NONE',  ( 25.00806004442462438, -0.000000000000000000, -46.88551529443661536 ) ) ;
#2069 = CARTESIAN_POINT ( 'NONE',  ( 21.65331912464741393, 23.31357337872558588, -108.0739233386526195 ) ) ;
#2070 = CARTESIAN_POINT ( 'NONE',  ( -18.59243689287061585, 24.19686357861036186, -116.9951302764624472 ) ) ;
#2071 = CARTESIAN_POINT ( 'NONE',  ( 8.310521452680781351, 24.99999999999999289, -78.18286958964847599 ) ) ;
#2072 = CARTESIAN_POINT ( 'NONE',  ( -14.17499646075525632, 25.00000000000000000, -91.46709046245814534 ) ) ;
#2073 = CARTESIAN_POINT ( 'NONE',  ( 1.734723475976807094E-15, 5.000000000000000000, -98.80960127224460621 ) ) ;
#2074 = CARTESIAN_POINT ( 'NONE',  ( 16.41679178755934032, 7.499894279727477020, -7.821698487164644220 ) ) ;
#2075 = CARTESIAN_POINT ( 'NONE',  ( 22.48409627180876313, 3.343649617312246779E-12, -130.4076844421093426 ) ) ;
#2076 = CARTESIAN_POINT ( 'NONE',  ( 26.58524744486139113, 7.276980154388312805, -22.96659889553309597 ) ) ;
#2077 = EDGE_CURVE ( 'NONE', #6524, #507, #5928, .T. ) ;
#2078 = CARTESIAN_POINT ( 'NONE',  ( 18.31062388537356256, 32.60331533211783750, -101.4118752390831446 ) ) ;
#2079 = CARTESIAN_POINT ( 'NONE',  ( -26.53193251464774960, 3.000000000000001332, -56.12619683872069487 ) ) ;
#2080 = ORIENTED_EDGE ( 'NONE', *, *, #2807, .F. ) ;
#2081 = DIRECTION ( 'NONE',  ( 1.000000000000000000, 0.000000000000000000, 1.688295353748717154E-16 ) ) ;
#2082 = CARTESIAN_POINT ( 'NONE',  ( -15.55772151177103346, 25.00000000000000000, -99.03139094170163048 ) ) ;
#2083 = CARTESIAN_POINT ( 'NONE',  ( -26.34044856281066771, -0.000000000000000000, -86.09355330639660053 ) ) ;
#2084 = ORIENTED_EDGE ( 'NONE', *, *, #6841, .F. ) ;
#2085 = CARTESIAN_POINT ( 'NONE',  ( 24.93099257240267974, 6.269010794678346272E-12, -19.55660164031244719 ) ) ;
#2086 = CARTESIAN_POINT ( 'NONE',  ( -15.27553845315034842, 32.77836850073386188, -80.57363318693269605 ) ) ;
#2087 = AXIS2_PLACEMENT_3D ( 'NONE', #4668, #6917, #6437 ) ;
#2088 = AXIS2_PLACEMENT_3D ( 'NONE', #2635, #6555, #4781 ) ;
#2089 = CARTESIAN_POINT ( 'NONE',  ( 1.464451963126701228, 3.000000000000003109, -139.9612625617256185 ) ) ;
#2090 = CARTESIAN_POINT ( 'NONE',  ( -29.38689632509501237, -1.301042606982605321E-15, -110.6629530180192234 ) ) ;
#2091 = CARTESIAN_POINT ( 'NONE',  ( -20.54999999999999361, 0.1000000000000000056, -42.23717174866055046 ) ) ;
#2092 = CARTESIAN_POINT ( 'NONE',  ( -15.67499646296582938, 32.50000000000000000, -98.25617004468698212 ) ) ;
#2093 = EDGE_LOOP ( 'NONE', ( #6550, #3406, #2549, #2209, #578, #2866 ) ) ;
#2094 = CARTESIAN_POINT ( 'NONE',  ( -26.02998186598078334, 7.497628320210560027, -61.45234522675075794 ) ) ;
#2095 = VECTOR ( 'NONE', #1539, 1000.000000000000000 ) ;
#2096 = AXIS2_PLACEMENT_3D ( 'NONE', #3612, #2316, #3021 ) ;
#2097 = CARTESIAN_POINT ( 'NONE',  ( 15.47678885682262617, 25.74837050218352985, -91.37667464764101055 ) ) ;
#2098 = LINE ( 'NONE', #3071, #2454 ) ;
#2099 = CARTESIAN_POINT ( 'NONE',  ( -30.28421937261477481, 7.252185068687253100, -120.0677768974834549 ) ) ;
#2100 = VECTOR ( 'NONE', #5346, 1000.000000000000000 ) ;
#2101 = AXIS2_PLACEMENT_3D ( 'NONE', #4135, #3475, #530 ) ;
#2102 = CARTESIAN_POINT ( 'NONE',  ( 23.67212218031360393, 26.32784402692118420, -63.72902776212854548 ) ) ;
#2103 = CARTESIAN_POINT ( 'NONE',  ( -24.74588799751546020, 28.30977362689415244, -46.47171741141715984 ) ) ;
#2104 = VERTEX_POINT ( 'NONE', #7600 ) ;
#2105 = CARTESIAN_POINT ( 'NONE',  ( -15.29705851556047236, 32.50000000000000000, -89.14833779284140292 ) ) ;
#2106 = CARTESIAN_POINT ( 'NONE',  ( -17.83066416290647638, 0.000000000000000000, -13.96352206472755242 ) ) ;
#2107 = CARTESIAN_POINT ( 'NONE',  ( -1.309339870683365326E-10, 2.999999999999999556, -136.9999975436207933 ) ) ;
#2108 = CARTESIAN_POINT ( 'NONE',  ( 25.08450547107931428, -0.000000000000000000, -46.41589418761437003 ) ) ;
#2109 = CIRCLE ( 'NONE', #3097, 40.60695121568846844 ) ;
#2110 = CARTESIAN_POINT ( 'NONE',  ( 16.14307314914108460, 32.59278290887489504, -107.6447730778748877 ) ) ;
#2111 = CARTESIAN_POINT ( 'NONE',  ( -12.62915806074943426, 32.75158503356809803, -113.2257599835342319 ) ) ;
#2112 = CARTESIAN_POINT ( 'NONE',  ( 5.471221650526156388, 26.50000000000000355, -73.59861764494945646 ) ) ;
#2113 = CARTESIAN_POINT ( 'NONE',  ( -21.36575965868003024, -4.336808689942017736E-15, -19.24927753732966096 ) ) ;
#2114 = EDGE_CURVE ( 'NONE', #1949, #302, #5741, .T. ) ;
#2115 = CARTESIAN_POINT ( 'NONE',  ( -20.54999999999999005, 0.000000000000000000, -83.33717174866055188 ) ) ;
#2116 = CARTESIAN_POINT ( 'NONE',  ( 28.99495557758968545, 7.501088697738198974, -33.90632341083831847 ) ) ;
#2117 = CARTESIAN_POINT ( 'NONE',  ( 15.78002267127400060, -3.727011929033206641E-13, -135.4085605069395228 ) ) ;
#2118 = CARTESIAN_POINT ( 'NONE',  ( 28.45471551743029437, 7.064152181007514741, -28.94825276962051319 ) ) ;
#2119 = ADVANCED_FACE ( 'NONE', ( #402 ), #3286, .T. ) ;
#2120 = CARTESIAN_POINT ( 'NONE',  ( 25.94388091353046732, 20.32958536996352095, -115.6179565574472576 ) ) ;
#2121 = CARTESIAN_POINT ( 'NONE',  ( -28.46070667270294052, 3.000000000000000888, -81.84036679614780496 ) ) ;
#2122 = ORIENTED_EDGE ( 'NONE', *, *, #2194, .F. ) ;
#2123 = DIRECTION ( 'NONE',  ( 0.000000000000000000, 0.000000000000000000, -1.000000000000000000 ) ) ;
#2124 = CARTESIAN_POINT ( 'NONE',  ( -15.64197314899740121, 26.50000000000067502, -98.49023126450694576 ) ) ;
#2125 = CARTESIAN_POINT ( 'NONE',  ( -27.74473820202205232, -0.000000000000000000, -92.50958065376036643 ) ) ;
#2126 = ORIENTED_EDGE ( 'NONE', *, *, #6492, .T. ) ;
#2127 = CARTESIAN_POINT ( 'NONE',  ( 29.02259113211863806, 8.169207355325059686E-29, -33.73835954078585075 ) ) ;
#2128 = CARTESIAN_POINT ( 'NONE',  ( -18.82256812417017500, 18.37423821415240255, -64.48257598141876201 ) ) ;
#2129 = DIRECTION ( 'NONE',  ( 0.000000000000000000, 0.000000000000000000, -1.000000000000000000 ) ) ;
#2130 = CARTESIAN_POINT ( 'NONE',  ( -31.73969810827158256, 1.098372562785563264E-12, -97.52276241494266174 ) ) ;
#2131 = CARTESIAN_POINT ( 'NONE',  ( -25.35947616620077483, 0.000000000000000000, -29.59919682095702953 ) ) ;
#2132 = VERTEX_POINT ( 'NONE', #3648 ) ;
#2133 = CARTESIAN_POINT ( 'NONE',  ( -27.28624185352299136, 7.499352177346152004, -25.27568236466764162 ) ) ;
#2134 = DIRECTION ( 'NONE',  ( -1.000000000000000000, -0.000000000000000000, -0.000000000000000000 ) ) ;
#2135 = DIRECTION ( 'NONE',  ( 0.000000000000000000, 0.000000000000000000, -1.000000000000000000 ) ) ;
#2136 = CARTESIAN_POINT ( 'NONE',  ( -11.34585038413245783, 32.58138521573376067, -114.9976321584289849 ) ) ;
#2137 = CARTESIAN_POINT ( 'NONE',  ( 17.97271295772271316, 32.88343426391003277, -87.43591377816065346 ) ) ;
#2138 = CARTESIAN_POINT ( 'NONE',  ( -6.227391705983821524, 7.499999999999992895, -1.011250017549533586 ) ) ;
#2139 = ORIENTED_EDGE ( 'NONE', *, *, #1229, .F. ) ;
#2140 = CARTESIAN_POINT ( 'NONE',  ( -3.807158729188257595, 32.50000000000000000, -72.64414192108912971 ) ) ;
#2141 = CARTESIAN_POINT ( 'NONE',  ( -0.1119080876395273927, -1.301042606982605321E-15, -2.993386309750454277 ) ) ;
#2142 = CARTESIAN_POINT ( 'NONE',  ( -17.48095290897265031, 32.50572746737017127, -104.3500000000004775 ) ) ;
#2143 = CARTESIAN_POINT ( 'NONE',  ( 15.20262245277338131, 32.50000000000000711, -109.6233971190132905 ) ) ;
#2144 = CARTESIAN_POINT ( 'NONE',  ( 2.722919783215633327, 6.785410937216075133, 0.2020307980808766224 ) ) ;
#2145 = CARTESIAN_POINT ( 'NONE',  ( -26.75015956802167949, 7.499999999999986677, -73.04889443970148477 ) ) ;
#2146 = CARTESIAN_POINT ( 'NONE',  ( -12.34584043118949737, 25.00000000000000000, -84.83272460443855323 ) ) ;
#2147 = CARTESIAN_POINT ( 'NONE',  ( 4.000000000000000000, 5.000000000000000000, -83.33717174866055188 ) ) ;
#2148 = CARTESIAN_POINT ( 'NONE',  ( -18.59550773774322252, -8.673617379884035472E-16, -14.93335060992296448 ) ) ;
#2149 = CARTESIAN_POINT ( 'NONE',  ( 15.71559221214801205, 26.50000000000000355, -97.96269943930803947 ) ) ;
#2150 = CARTESIAN_POINT ( 'NONE',  ( 24.96103041505669751, 7.499893723818420455, -127.8307898515347887 ) ) ;
#2151 = CARTESIAN_POINT ( 'NONE',  ( 21.10431013603002270, 2.602085213965087579E-15, -131.6431856558297113 ) ) ;
#2152 = CARTESIAN_POINT ( 'NONE',  ( 9.813938587061439733, 32.65009958040391069, -73.16080313267313784 ) ) ;
#2153 = EDGE_CURVE ( 'NONE', #4754, #3874, #6001, .T. ) ;
#2154 = CARTESIAN_POINT ( 'NONE',  ( 15.02680355044285143, 32.76877108395891014, -109.5777911643413063 ) ) ;
#2155 = CARTESIAN_POINT ( 'NONE',  ( -26.08824055897360239, 3.000000000000000000, -60.45760030811398167 ) ) ;
#2156 = CARTESIAN_POINT ( 'NONE',  ( 27.02499643441694488, 17.52534026389100674, -95.97041449452838435 ) ) ;
#2157 = CARTESIAN_POINT ( 'NONE',  ( -15.66605740304810546, 26.49999999999983302, -98.32049313594518480 ) ) ;
#2158 = VERTEX_POINT ( 'NONE', #2473 ) ;
#2159 = CARTESIAN_POINT ( 'NONE',  ( 27.89057983990128875, 1.110330039744442508E-12, -27.27725302403209184 ) ) ;
#2160 = B_SPLINE_CURVE_WITH_KNOTS ( 'NONE', 3,
 ( #6283, #2760, #7140, #7185 ),
 .UNSPECIFIED., .F., .F.,
 ( 4, 4 ),
 ( 0.000000000000000000, 0.0002852208885731910841 ),
 .UNSPECIFIED. ) ;
#2161 = CARTESIAN_POINT ( 'NONE',  ( -17.22673042821881140, 18.05863675477328911, -61.12994601431079644 ) ) ;
#2162 = ADVANCED_FACE ( 'NONE', ( #4727 ), #1174, .T. ) ;
#2163 = EDGE_CURVE ( 'NONE', #5303, #4759, #4076, .T. ) ;
#2164 = CARTESIAN_POINT ( 'NONE',  ( -14.17499646075525632, 25.00000000000000000, -91.46709046245814534 ) ) ;
#2165 = LINE ( 'NONE', #6854, #7026 ) ;
#2166 = CARTESIAN_POINT ( 'NONE',  ( -25.48534431346094919, 0.000000000000000000, -30.19806590733601226 ) ) ;
#2167 = VERTEX_POINT ( 'NONE', #431 ) ;
#2168 = CARTESIAN_POINT ( 'NONE',  ( -0.0001116011747321372379, 7.500000000782234721, -3.903600569487307871E-10 ) ) ;
#2169 = DIRECTION ( 'NONE',  ( 0.000000000000000000, 0.000000000000000000, -1.000000000000000000 ) ) ;
#2170 = DIRECTION ( 'NONE',  ( 0.000000000000000000, 0.000000000000000000, -1.000000000000000000 ) ) ;
#2171 = CARTESIAN_POINT ( 'NONE',  ( -21.65395462469348331, 21.21120484276789853, -89.88010751499069784 ) ) ;
#2172 = CARTESIAN_POINT ( 'NONE',  ( 27.05273593810090560, 6.917491877344219553, -53.11850274498544167 ) ) ;
#2173 = CARTESIAN_POINT ( 'NONE',  ( -17.22673042821881140, 18.05863675477328911, -61.12994601431079644 ) ) ;
#2174 = ORIENTED_EDGE ( 'NONE', *, *, #3249, .T. ) ;
#2175 = CARTESIAN_POINT ( 'NONE',  ( -18.84999643441695127, 34.00000000000000000, -104.3500000000004775 ) ) ;
#2176 = CARTESIAN_POINT ( 'NONE',  ( -9.760795787533277590, 0.000000000000000000, -6.316335756353506525 ) ) ;
#2177 = CARTESIAN_POINT ( 'NONE',  ( -17.48095290897265031, 32.50572746737017127, -104.3500000000004775 ) ) ;
#2178 = CARTESIAN_POINT ( 'NONE',  ( 30.16759935817248817, 7.499999999999977796, -120.0718327164572798 ) ) ;
#2179 = CARTESIAN_POINT ( 'NONE',  ( -5.499999999999998224, 1.500000000000000000, -94.80960127224460621 ) ) ;
#2180 = CARTESIAN_POINT ( 'NONE',  ( -26.82660516627629477, 6.983651597083382789, -72.92544272830765806 ) ) ;
#2181 = CARTESIAN_POINT ( 'NONE',  ( 14.37921385658102302, 26.50000000000000355, -103.6805640682779881 ) ) ;
#2182 = CARTESIAN_POINT ( 'NONE',  ( 10.84971676694500253, 24.99999999999998934, -81.80467995510549883 ) ) ;
#2183 = CARTESIAN_POINT ( 'NONE',  ( -25.52499643441695198, 32.48868152953984634, -102.8500000000004775 ) ) ;
#2184 = CARTESIAN_POINT ( 'NONE',  ( 32.58976224030856628, 7.499840433136694351, -106.4846046673805660 ) ) ;
#2185 = CARTESIAN_POINT ( 'NONE',  ( 26.27938570993626044, 0.000000000000000000, -85.81958488465829760 ) ) ;
#2186 = CARTESIAN_POINT ( 'NONE',  ( 17.62270848393490397, 32.63021826400852632, -85.84645110942484791 ) ) ;
#2187 = CARTESIAN_POINT ( 'NONE',  ( 15.60689012981514168, 7.166628298539353459, -135.7521496268856254 ) ) ;
#2188 = CARTESIAN_POINT ( 'NONE',  ( -2.797531857577330250, 25.00000000000000000, -115.7716891996245892 ) ) ;
#2189 = DIRECTION ( 'NONE',  ( 0.000000000000000000, 0.000000000000000000, -1.000000000000000000 ) ) ;
#2190 = ORIENTED_EDGE ( 'NONE', *, *, #3573, .T. ) ;
#2191 = CARTESIAN_POINT ( 'NONE',  ( 24.25967664695880899, -1.301042606982605321E-15, -25.59887897641967314 ) ) ;
#2192 = CARTESIAN_POINT ( 'NONE',  ( -18.60394619783847148, 7.267241430922738665, -9.884365310546499472 ) ) ;
#2193 = DIRECTION ( 'NONE',  ( 0.000000000000000000, 0.000000000000000000, -1.000000000000000000 ) ) ;
#2194 = EDGE_CURVE ( 'NONE', #1549, #6495, #6059, .T. ) ;
#2195 = CARTESIAN_POINT ( 'NONE',  ( -30.36772103160125624, 3.000000000000372147, -119.1853183221392101 ) ) ;
#2196 = DIRECTION ( 'NONE',  ( -1.000000000000000000, -0.000000000000000000, -0.000000000000000000 ) ) ;
#2197 = CARTESIAN_POINT ( 'NONE',  ( -21.65373842673643168, 24.43632025234111538, -85.15000000000063096 ) ) ;
#2198 = CARTESIAN_POINT ( 'NONE',  ( -24.42404106332312352, 0.000000000000000000, -50.32165844758293360 ) ) ;
#2199 = ORIENTED_EDGE ( 'NONE', *, *, #1740, .T. ) ;
#2200 = CARTESIAN_POINT ( 'NONE',  ( -28.43024605940526328, 7.500131805913289540, -29.57378188057679225 ) ) ;
#2201 = EDGE_CURVE ( 'NONE', #5460, #2829, #6401, .T. ) ;
#2202 = CARTESIAN_POINT ( 'NONE',  ( 25.52499643441695198, 0.000000000000000000, -102.8500000000004775 ) ) ;
#2203 = FACE_BOUND ( 'NONE', #3767, .T. ) ;
#2204 = TOROIDAL_SURFACE ( 'NONE', #4188, 5.500000000000000000, 1.500000000000000000 ) ;
#2205 = CARTESIAN_POINT ( 'NONE',  ( -16.08768226835758597, 32.68556581774976166, -107.6411414959762709 ) ) ;
#2206 = CARTESIAN_POINT ( 'NONE',  ( 16.94334271355440436, 32.89945667547227970, -84.32279810948962506 ) ) ;
#2207 = CARTESIAN_POINT ( 'NONE',  ( -12.52340080745305428, 32.64585776877679990, -76.14816410521773093 ) ) ;
#2208 = AXIS2_PLACEMENT_3D ( 'NONE', #282, #3662, #5976 ) ;
#2209 = ORIENTED_EDGE ( 'NONE', *, *, #4959, .T. ) ;
#2210 = CARTESIAN_POINT ( 'NONE',  ( 4.679873619220686010, 3.000000000000000444, -136.5361995011250258 ) ) ;
#2211 = CARTESIAN_POINT ( 'NONE',  ( -5.242795021463771299, 4.336808689942019708E-16, -0.8270003792001392462 ) ) ;
#2212 = DIRECTION ( 'NONE',  ( 1.000000000000000000, -0.000000000000000000, -0.000000000000000000 ) ) ;
#2213 = CARTESIAN_POINT ( 'NONE',  ( 24.11707986292540440, 7.267067428138290097, -129.0139637066740761 ) ) ;
#2214 = CIRCLE ( 'NONE', #7657, 1.174999999999995381 ) ;
#2215 = VECTOR ( 'NONE', #1125, 1000.000000000000000 ) ;
#2216 = FACE_OUTER_BOUND ( 'NONE', #543, .T. ) ;
#2217 = CARTESIAN_POINT ( 'NONE',  ( -27.58782766332994996, 7.165943703663173459, -77.41914934432229245 ) ) ;
#2218 = CARTESIAN_POINT ( 'NONE',  ( 7.087689222429665037, 26.50000000000000355, -114.8037752943199905 ) ) ;
#2219 = VECTOR ( 'NONE', #2212, 1000.000000000000000 ) ;
#2220 = CARTESIAN_POINT ( 'NONE',  ( 20.55000000000000782, 0.000000000000000000, -42.23717174866054336 ) ) ;
#2221 = VECTOR ( 'NONE', #1291, 1000.000000000000000 ) ;
#2222 = DIRECTION ( 'NONE',  ( 1.000000000000000000, 0.000000000000000000, 0.000000000000000000 ) ) ;
#2223 = CARTESIAN_POINT ( 'NONE',  ( 6.212495563101288809, 7.500593747228117891, -139.2898517653637498 ) ) ;
#2224 = CARTESIAN_POINT ( 'NONE',  ( -0.4294677324743739755, 3.000000000000004885, -136.9969517011771529 ) ) ;
#2225 = CARTESIAN_POINT ( 'NONE',  ( 28.78206236492540171, -0.000000000000000000, -98.08289597995999998 ) ) ;
#2226 = CARTESIAN_POINT ( 'NONE',  ( 18.27493959001183654, 32.75196036398608612, -88.40794836755455322 ) ) ;
#2227 = VECTOR ( 'NONE', #4670, 1000.000000000000000 ) ;
#2228 = CARTESIAN_POINT ( 'NONE',  ( 6.428548176576263984, 25.09787866544934332, -127.4053743468927848 ) ) ;
#2229 = FACE_OUTER_BOUND ( 'NONE', #1664, .T. ) ;
#2230 = PLANE ( 'NONE',  #479 ) ;
#2231 = CARTESIAN_POINT ( 'NONE',  ( 3.132427286285177637, 26.50000000000000355, -117.2684465432542851 ) ) ;
#2232 = DIRECTION ( 'NONE',  ( -1.000000000000000000, -0.000000000000000000, -0.000000000000000000 ) ) ;
#2233 = FACE_BOUND ( 'NONE', #6152, .T. ) ;
#2234 = CARTESIAN_POINT ( 'NONE',  ( -11.35518835603479459, 32.64792148721204512, -74.73384003968625677 ) ) ;
#2235 = CARTESIAN_POINT ( 'NONE',  ( 22.02499643441695198, 50.10999999999998522, -85.15000000000063096 ) ) ;
#2236 = EDGE_LOOP ( 'NONE', ( #6108, #3102, #7294, #6483, #4679, #2883 ) ) ;
#2237 = CARTESIAN_POINT ( 'NONE',  ( -32.37217747887956421, 2.999999999999630962, -110.9713644870346769 ) ) ;
#2238 = CARTESIAN_POINT ( 'NONE',  ( -11.45339284815238834, 26.50000000000000355, -79.90085046622253628 ) ) ;
#2239 = CARTESIAN_POINT ( 'NONE',  ( -3.831210297561847167, 2.999999999999999556, -3.539336068064308005 ) ) ;
#2240 = CARTESIAN_POINT ( 'NONE',  ( -25.31533845363079038, -0.000000000000000000, -44.94660651847212307 ) ) ;
#2241 = VERTEX_POINT ( 'NONE', #467 ) ;
#2242 = DIRECTION ( 'NONE',  ( 0.000000000000000000, 0.000000000000000000, -1.000000000000000000 ) ) ;
#2243 = CARTESIAN_POINT ( 'NONE',  ( 1.734723475976807094E-15, 5.000000000000000000, -94.80960127224460621 ) ) ;
#2244 = CARTESIAN_POINT ( 'NONE',  ( -29.90623441713304587, 7.344992219080523022, -88.04208866671628186 ) ) ;
#2245 = EDGE_CURVE ( 'NONE', #7359, #6445, #7010, .T. ) ;
#2246 = CARTESIAN_POINT ( 'NONE',  ( -9.853874755339626645, 32.49999999999998579, -72.99160391491163580 ) ) ;
#2247 = EDGE_LOOP ( 'NONE', ( #7430, #6375 ) ) ;
#2248 = CARTESIAN_POINT ( 'NONE',  ( 5.650730846539218533, 3.000000000000000444, -136.3388946339278220 ) ) ;
#2249 = CARTESIAN_POINT ( 'NONE',  ( -5.242795021463771299, 3.000000000000000000, -0.8270003792001383580 ) ) ;
#2250 = LINE ( 'NONE', #4037, #1612 ) ;
#2251 = CARTESIAN_POINT ( 'NONE',  ( 27.51237933455779583, 7.380051623556586726, -124.7945934392955252 ) ) ;
#2252 = DIRECTION ( 'NONE',  ( 0.000000000000000000, 0.000000000000000000, -1.000000000000000000 ) ) ;
#2253 = CARTESIAN_POINT ( 'NONE',  ( -28.76492366425229363, 7.017089205978234823, -82.68715452343802497 ) ) ;
#2254 = ORIENTED_EDGE ( 'NONE', *, *, #7334, .F. ) ;
#2255 = CARTESIAN_POINT ( 'NONE',  ( 7.087689222429665037, 32.50000000000000000, -114.8037752943199905 ) ) ;
#2256 = CARTESIAN_POINT ( 'NONE',  ( -7.192589228589505446, 25.00000000000000355, -76.93475648296335123 ) ) ;
#2257 = DIRECTION ( 'NONE',  ( 0.000000000000000000, -1.000000000000000000, 0.000000000000000000 ) ) ;
#2258 = CARTESIAN_POINT ( 'NONE',  ( 32.30676236522931788, 7.499727980364720104, -111.8076999145415868 ) ) ;
#2259 = CARTESIAN_POINT ( 'NONE',  ( -19.99772566298096166, 2.999999999999997780, -128.5725372940502780 ) ) ;
#2260 = CARTESIAN_POINT ( 'NONE',  ( 29.29541563662375125, -0.000000000000000000, -102.0423405565851169 ) ) ;
#2261 = CARTESIAN_POINT ( 'NONE',  ( 16.98133758558586948, 32.76630445031484840, -84.21765245930329513 ) ) ;
#2262 = CARTESIAN_POINT ( 'NONE',  ( 16.75334060940306102, 24.44205784814363014, -119.6519473603730006 ) ) ;
#2263 = CARTESIAN_POINT ( 'NONE',  ( 18.84999643441695127, 57.10999812690045729, -94.75000000000055422 ) ) ;
#2264 = B_SPLINE_CURVE_WITH_KNOTS ( 'NONE', 3,
 ( #4724, #5377, #7083, #1784, #2388, #4142, #2310, #35, #6451, #6489, #1201, #5417, #1243, #7121, #1163, #6617, #5913, #4180, #72, #1866, #6530, #2425, #4802, #7162, #1287, #3644, #5996, #112, #3482, #2469, #4844, #7206, #5840, #537, #2888, #5255, #4680, #7625, #7043, #1748, #4108, #859, #824, #2054, #156, #6733 ),
 .UNSPECIFIED., .F., .F.,
 ( 4, 2, 2, 2, 2, 2, 2, 2, 2, 2, 2, 2, 2, 2, 2, 2, 2, 2, 2, 2, 2, 2, 4 ),
 ( 0.000000000000000000, 0.003087586773854239606, 0.006175173547708479212, 0.009262760321562717516, 0.01235034709541695842, 0.01543793386927119933, 0.01852552064312543850, 0.02006931403005254508, 0.02161310741697965165, 0.02315690080390675823, 0.02470069419083386134, 0.02624448757776096791, 0.02701638427122452640, 0.02778828096468808143, 0.02933207435161517065, 0.03087586773854225988, 0.03396345451239644181, 0.03550724789932351716, 0.03705104128625059251, 0.04013862806010471546, 0.04322621483395883146, 0.04631380160781294747, 0.04940138838166706348 ),
 .UNSPECIFIED. ) ;
#2265 = LINE ( 'NONE', #5208, #1486 ) ;
#2266 = CARTESIAN_POINT ( 'NONE',  ( -5.471221693358996774, 26.50000000000000355, -116.0205848576678846 ) ) ;
#2267 = ORIENTED_EDGE ( 'NONE', *, *, #278, .T. ) ;
#2268 = CARTESIAN_POINT ( 'NONE',  ( -14.78101063858387043, 7.029712874841916204, -5.936296227870455411 ) ) ;
#2269 = CARTESIAN_POINT ( 'NONE',  ( -27.02499643441692356, 16.97103813501437131, -93.24498801444487128 ) ) ;
#2270 = ORIENTED_EDGE ( 'NONE', *, *, #2766, .F. ) ;
#2271 = CARTESIAN_POINT ( 'NONE',  ( -26.43226212851290668, 15.86454033573291333, -85.45259300249922774 ) ) ;
#2272 = CARTESIAN_POINT ( 'NONE',  ( -7.921953441366466286, 26.50000000000000355, -75.57267737628426119 ) ) ;
#2273 = CARTESIAN_POINT ( 'NONE',  ( 14.00644698358667384, 3.000000000000001332, -9.729665924234536689 ) ) ;
#2274 = CARTESIAN_POINT ( 'NONE',  ( -23.64899050812190140, 0.000000000000000000, -55.17764320589193972 ) ) ;
#2275 = ORIENTED_EDGE ( 'NONE', *, *, #1597, .T. ) ;
#2276 = CARTESIAN_POINT ( 'NONE',  ( -18.94672010421686537, 7.499802647742154882, -10.58335679483809422 ) ) ;
#2277 = ADVANCED_FACE ( 'NONE', ( #5769 ), #1478, .T. ) ;
#2278 = DIRECTION ( 'NONE',  ( 1.000000000000000000, 0.000000000000000000, 0.000000000000000000 ) ) ;
#2279 = CARTESIAN_POINT ( 'NONE',  ( -32.06313920028016895, 7.212880375778056852, -98.65468996630357879 ) ) ;
#2280 = CARTESIAN_POINT ( 'NONE',  ( -11.31045798483341080, 32.79584297442407603, -74.89264677098961442 ) ) ;
#2281 = CARTESIAN_POINT ( 'NONE',  ( -7.546707253016977646, 25.00000000000730793, -75.18218347028607695 ) ) ;
#2282 = ORIENTED_EDGE ( 'NONE', *, *, #2437, .F. ) ;
#2283 = DIRECTION ( 'NONE',  ( 0.000000000000000000, -1.000000000000000000, 0.000000000000000000 ) ) ;
#2284 = CARTESIAN_POINT ( 'NONE',  ( -2.683847540484229910, 0.000000000000000000, -3.242449427659403582 ) ) ;
#2285 = DIRECTION ( 'NONE',  ( 1.000000000000000000, -0.000000000000000000, 1.512080307323490847E-16 ) ) ;
#2286 = CARTESIAN_POINT ( 'NONE',  ( 14.57725519439559037, 24.65771063941980401, -122.0615045938068164 ) ) ;
#2287 = CARTESIAN_POINT ( 'NONE',  ( -26.93747130605659024, 18.31700598214757392, -103.3706640576001092 ) ) ;
#2288 = CARTESIAN_POINT ( 'NONE',  ( -18.34931720474452632, 32.49999999999999289, -101.3860612854214338 ) ) ;
#2289 = VERTEX_POINT ( 'NONE', #7426 ) ;
#2290 = CARTESIAN_POINT ( 'NONE',  ( 13.82220447214695547, 25.00000000000000000, -89.43760414467253383 ) ) ;
#2291 = DIRECTION ( 'NONE',  ( 0.000000000000000000, 0.000000000000000000, -1.000000000000000000 ) ) ;
#2292 = CARTESIAN_POINT ( 'NONE',  ( 1.135256638997183432, 7.499643892156284686, -139.9760909024805926 ) ) ;
#2293 = CARTESIAN_POINT ( 'NONE',  ( 28.59494625086076169, 0.000000000000000000, -96.97897569541670748 ) ) ;
#2294 = CARTESIAN_POINT ( 'NONE',  ( 27.63357182351727204, 7.103965672530447861, -49.60747864890106484 ) ) ;
#2295 = ADVANCED_FACE ( 'NONE', ( #3902 ), #3194, .F. ) ;
#2296 = CARTESIAN_POINT ( 'NONE',  ( 24.02262829150245693, 7.499999999999977796, -128.9958772700044562 ) ) ;
#2297 = DIRECTION ( 'NONE',  ( 0.000000000000000000, 0.000000000000000000, 1.000000000000000000 ) ) ;
#2298 = DIRECTION ( 'NONE',  ( 0.000000000000000000, 1.000000000000000000, 0.000000000000000000 ) ) ;
#2299 = CARTESIAN_POINT ( 'NONE',  ( -7.532562941003124735, 25.00000000000001421, -114.4491806331185870 ) ) ;
#2300 = CARTESIAN_POINT ( 'NONE',  ( -0.06415488111519630776, -8.673617379884035472E-16, -2.993045490212414173 ) ) ;
#2301 = CARTESIAN_POINT ( 'NONE',  ( 28.20098329021753258, 3.000000000000000000, -80.76074805589972527 ) ) ;
#2302 = CARTESIAN_POINT ( 'NONE',  ( -0.3628665892801479775, 32.96617196830882790, -69.16144693996223225 ) ) ;
#2303 = DIRECTION ( 'NONE',  ( 0.000000000000000000, 0.000000000000000000, -1.000000000000000000 ) ) ;
#2304 = ORIENTED_EDGE ( 'NONE', *, *, #1589, .T. ) ;
#2305 = CARTESIAN_POINT ( 'NONE',  ( 11.13734843309968348, 2.999999999999998224, -137.7559186941866187 ) ) ;
#2306 = CARTESIAN_POINT ( 'NONE',  ( 18.73843792139606990, 30.01946191165294664, -85.15000000000063096 ) ) ;
#2307 = CARTESIAN_POINT ( 'NONE',  ( 16.74278725881148944, 2.999999999999999556, -12.63709610960607677 ) ) ;
#2308 = CARTESIAN_POINT ( 'NONE',  ( -25.30349371542135373, 0.000000000000000000, -45.02478800749429411 ) ) ;
#2309 = ORIENTED_EDGE ( 'NONE', *, *, #2624, .F. ) ;
#2310 = CARTESIAN_POINT ( 'NONE',  ( 11.81608510982962201, 24.99999999999999289, -105.9685676485443082 ) ) ;
#2311 = CARTESIAN_POINT ( 'NONE',  ( 20.38948952697425909, 3.000000000000001332, -12.32709496417725248 ) ) ;
#2312 = CARTESIAN_POINT ( 'NONE',  ( -18.67683592849847685, 32.86676289992413302, -90.63193322372129046 ) ) ;
#2313 = CARTESIAN_POINT ( 'NONE',  ( 3.888680415207779628, 0.000000000000000000, -136.6775766923024946 ) ) ;
#2314 = CARTESIAN_POINT ( 'NONE',  ( -13.06424684435844519, 25.00000000000000000, -86.77882166927031449 ) ) ;
#2315 = ORIENTED_EDGE ( 'NONE', *, *, #6892, .T. ) ;
#2316 = DIRECTION ( 'NONE',  ( -0.000000000000000000, -1.000000000000000000, -0.000000000000000000 ) ) ;
#2317 = CARTESIAN_POINT ( 'NONE',  ( 10.59994115647212887, 0.000000000000000000, -6.893433375155399112 ) ) ;
#2318 = CARTESIAN_POINT ( 'NONE',  ( 1.086627870660719974, 26.49999999999999645, -71.79506800414053203 ) ) ;
#2319 = CARTESIAN_POINT ( 'NONE',  ( 10.64479158976567419, 7.390640994704452460, -138.0858510408426127 ) ) ;
#2320 = VECTOR ( 'NONE', #2341, 1000.000000000000000 ) ;
#2321 = CARTESIAN_POINT ( 'NONE',  ( 6.263351421472327374, 6.786531884161893124, -0.6602515353324202030 ) ) ;
#2322 = CARTESIAN_POINT ( 'NONE',  ( -18.03253187629103493, 32.62781142130336320, -87.25544771331340144 ) ) ;
#2323 = CARTESIAN_POINT ( 'NONE',  ( 18.84999643441695127, 34.00000000000000000, -98.46811237102237158 ) ) ;
#2324 = VERTEX_POINT ( 'NONE', #3864 ) ;
#2325 = CARTESIAN_POINT ( 'NONE',  ( 14.72639869474436480, 26.50000000000000355, -102.6237744243219936 ) ) ;
#2326 = CARTESIAN_POINT ( 'NONE',  ( -6.456370389537286592, 25.00000000000000355, -76.22403938929531364 ) ) ;
#2327 = DIRECTION ( 'NONE',  ( 0.000000000000000000, 0.000000000000000000, -1.000000000000000000 ) ) ;
#2328 = CARTESIAN_POINT ( 'NONE',  ( -3.416131656975699205, 3.000000000000004885, -136.7652703297488870 ) ) ;
#2329 = CARTESIAN_POINT ( 'NONE',  ( 29.51503601168887769, -0.000000000000000000, -109.2600062982851625 ) ) ;
#2330 = AXIS2_PLACEMENT_3D ( 'NONE', #214, #2565, #6171 ) ;
#2331 = CARTESIAN_POINT ( 'NONE',  ( 20.95993285519066163, 19.60710257341189688, -76.17614724589238051 ) ) ;
#2332 = AXIS2_PLACEMENT_3D ( 'NONE', #5456, #4876, #2725 ) ;
#2333 = VECTOR ( 'NONE', #6162, 1000.000000000000114 ) ;
#2334 = CARTESIAN_POINT ( 'NONE',  ( 11.40047800930286925, 32.50000000000004263, -115.0435442022302652 ) ) ;
#2335 = AXIS2_PLACEMENT_3D ( 'NONE', #2652, #5019, #5566 ) ;
#2336 = ADVANCED_FACE ( 'NONE', ( #2611 ), #7386, .F. ) ;
#2337 = CARTESIAN_POINT ( 'NONE',  ( 22.02499643441695198, 43.11000187309952025, -95.92500000000055138 ) ) ;
#2338 = CARTESIAN_POINT ( 'NONE',  ( 14.37921385658102302, 32.50000000000000000, -103.6805640682779881 ) ) ;
#2339 = CARTESIAN_POINT ( 'NONE',  ( -2.515597746815487312, 26.50000000000000355, -117.4764238137136374 ) ) ;
#2340 = CARTESIAN_POINT ( 'NONE',  ( 15.67499646065027186, 26.40084269529933181, -98.25668410583796231 ) ) ;
#2341 = DIRECTION ( 'NONE',  ( -0.000000000000000000, 1.000000000000000000, -0.000000000000000000 ) ) ;
#2342 = VECTOR ( 'NONE', #3673, 1000.000000000000000 ) ;
#2343 = CARTESIAN_POINT ( 'NONE',  ( -2.712566827500448419, 7.261803645738693191, -0.03519575428016424173 ) ) ;
#2344 = CARTESIAN_POINT ( 'NONE',  ( 27.63357182351727204, 7.103965672530447861, -49.60747864890106484 ) ) ;
#2345 = LINE ( 'NONE', #5140, #3825 ) ;
#2346 = ORIENTED_EDGE ( 'NONE', *, *, #2719, .T. ) ;
#2347 = CARTESIAN_POINT ( 'NONE',  ( 14.17499645407344033, 26.50000000000000355, -117.8846757941988415 ) ) ;
#2348 = CARTESIAN_POINT ( 'NONE',  ( -15.67499646072121067, 26.50000000000000355, -91.36251844068718242 ) ) ;
#2349 = CARTESIAN_POINT ( 'NONE',  ( 5.009173237158840664, 3.000000000000000444, -3.904461288766601257 ) ) ;
#2350 = VERTEX_POINT ( 'NONE', #375 ) ;
#2351 = CARTESIAN_POINT ( 'NONE',  ( -15.67499646296583293, 26.40084268686872093, -98.25617004468699633 ) ) ;
#2352 = CARTESIAN_POINT ( 'NONE',  ( 26.16196150184497071, 2.999999999999999556, -68.09674632575857345 ) ) ;
#2353 = CARTESIAN_POINT ( 'NONE',  ( -18.75022127478209910, 32.49999999999997158, -90.40694601027404076 ) ) ;
#2354 = CARTESIAN_POINT ( 'NONE',  ( 4.000000000000000000, 5.000000000000000000, -83.33717174866055188 ) ) ;
#2355 = CARTESIAN_POINT ( 'NONE',  ( -4.228852931807161930, 26.50000000000000711, -72.85123552186367135 ) ) ;
#2356 = ORIENTED_EDGE ( 'NONE', *, *, #1268, .F. ) ;
#2357 = CARTESIAN_POINT ( 'NONE',  ( 27.07616957207058661, 2.999999999999999112, -119.1774634128747863 ) ) ;
#2358 = CARTESIAN_POINT ( 'NONE',  ( 1.980294976405577945, 3.000000000000000000, -0.08716698649163312496 ) ) ;
#2359 = CARTESIAN_POINT ( 'NONE',  ( 15.44759877756264466, 26.49999999999999645, -89.97537871320064085 ) ) ;
#2360 = CARTESIAN_POINT ( 'NONE',  ( 2.187450697170615577, 32.64815035387812969, -120.7518286188103076 ) ) ;
#2361 = CARTESIAN_POINT ( 'NONE',  ( 2.537988578903477066, 32.81023430250016304, -69.22143929610501800 ) ) ;
#2362 = CARTESIAN_POINT ( 'NONE',  ( -26.06469644695636489, 7.129429453151027829, -61.25284946963651578 ) ) ;
#2363 = DIRECTION ( 'NONE',  ( 1.000000000000000000, 0.000000000000000000, 0.000000000000000000 ) ) ;
#2364 = VERTEX_POINT ( 'NONE', #2687 ) ;
#2365 = CARTESIAN_POINT ( 'NONE',  ( -13.55986633554078757, 32.50000000000000000, -105.7657385063832862 ) ) ;
#2366 = CARTESIAN_POINT ( 'NONE',  ( -29.08034472581029917, 1.301042606982646736E-15, -37.88179349801112750 ) ) ;
#2367 = CARTESIAN_POINT ( 'NONE',  ( 22.02499643441695198, 57.10999812690045729, -94.75000000000055422 ) ) ;
#2368 = DIRECTION ( 'NONE',  ( 1.000000000000000000, 0.000000000000000000, 0.000000000000000000 ) ) ;
#2369 = CARTESIAN_POINT ( 'NONE',  ( -13.07417990852797729, 3.000000000000000444, -133.4904267253078842 ) ) ;
#2370 = CARTESIAN_POINT ( 'NONE',  ( 23.47545829687705066, 0.000000000000000000, -56.47291642256781330 ) ) ;
#2371 = CARTESIAN_POINT ( 'NONE',  ( 19.08019824374576601, 32.61401683108803695, -95.23132244102680488 ) ) ;
#2372 = CARTESIAN_POINT ( 'NONE',  ( -24.07122010855798777, 7.383533714069138831, -129.0034952238499670 ) ) ;
#2373 = CARTESIAN_POINT ( 'NONE',  ( 10.46214201587983084, 25.00000000000000000, -81.14759592931660848 ) ) ;
#2374 = CARTESIAN_POINT ( 'NONE',  ( 3.807158695379316171, 32.50000000000000000, -116.9750606333721805 ) ) ;
#2375 = CARTESIAN_POINT ( 'NONE',  ( 7.275809189001288146, 25.00000000000000000, -112.6012607161780750 ) ) ;
#2376 = CARTESIAN_POINT ( 'NONE',  ( -8.399741924143942384, 8.673617379884035472E-16, -135.5821036189847177 ) ) ;
#2377 = CARTESIAN_POINT ( 'NONE',  ( 30.47230821894910946, 3.000000000000744738, -90.85760493936236060 ) ) ;
#2378 = ADVANCED_FACE ( 'NONE', ( #3936 ), #4336, .T. ) ;
#2379 = SPHERICAL_SURFACE ( 'NONE', #1005, 1.500000000000000000 ) ;
#2380 = EDGE_CURVE ( 'NONE', #380, #2241, #3275, .T. ) ;
#2381 = CARTESIAN_POINT ( 'NONE',  ( 18.70368047345091611, 32.71408988749561075, -99.28691847778642909 ) ) ;
#2382 = CARTESIAN_POINT ( 'NONE',  ( -29.69849157418235919, 3.000000000000000000, -120.6579754261822046 ) ) ;
#2383 = VERTEX_POINT ( 'NONE', #6176 ) ;
#2384 = DIRECTION ( 'NONE',  ( 0.000000000000000000, 0.000000000000000000, -1.000000000000000000 ) ) ;
#2385 = CARTESIAN_POINT ( 'NONE',  ( -12.83001777759980833, 26.50000000000000355, -82.34430592514965497 ) ) ;
#2386 = CARTESIAN_POINT ( 'NONE',  ( 13.97755734782085923, 3.000000000000000000, -9.702179966372536768 ) ) ;
#2387 = EDGE_LOOP ( 'NONE', ( #4849, #5033, #4083, #3658 ) ) ;
#2388 = CARTESIAN_POINT ( 'NONE',  ( 12.97467184501206816, 25.00000000000000711, -103.1450674883537744 ) ) ;
#2389 = EDGE_CURVE ( 'NONE', #7219, #2158, #4031, .T. ) ;
#2390 = CARTESIAN_POINT ( 'NONE',  ( 30.95751862046706293, 3.000000000000000000, -117.5949552659785695 ) ) ;
#2391 = EDGE_CURVE ( 'NONE', #6450, #1281, #704, .T. ) ;
#2392 = CARTESIAN_POINT ( 'NONE',  ( -19.00950812296649417, 32.49999999999998579, -92.60179766954668423 ) ) ;
#2393 = CARTESIAN_POINT ( 'NONE',  ( 0.5639658774354362469, 1.301042606982755993E-15, -140.0111478224545181 ) ) ;
#2394 = CARTESIAN_POINT ( 'NONE',  ( -6.197834667215911253, 26.49999999999817746, -74.10186699540275868 ) ) ;
#2395 = EDGE_LOOP ( 'NONE', ( #2315, #4768, #3452, #6813, #2402, #4122 ) ) ;
#2396 = CARTESIAN_POINT ( 'NONE',  ( 27.88320339598228870, 3.000000000000000000, -117.2520071523712772 ) ) ;
#2397 = CARTESIAN_POINT ( 'NONE',  ( 7.322574186199154234, 0.000000000000000000, -4.884256655146343995 ) ) ;
#2398 = CARTESIAN_POINT ( 'NONE',  ( 17.34999643441695127, 32.50000000000000000, -98.46852876084440709 ) ) ;
#2399 = CARTESIAN_POINT ( 'NONE',  ( 4.345807772729498808, 18.32619082847466530, -137.5534401407213636 ) ) ;
#2400 = CARTESIAN_POINT ( 'NONE',  ( -18.85299133417400697, 32.74073423297991070, -91.64190797664868171 ) ) ;
#2401 = DIRECTION ( 'NONE',  ( 0.000000000000000000, -1.000000000000000000, 0.000000000000000000 ) ) ;
#2402 = ORIENTED_EDGE ( 'NONE', *, *, #7422, .F. ) ;
#2403 = CARTESIAN_POINT ( 'NONE',  ( -2.766707915748435109, 26.50000000000000355, -117.4030239325135341 ) ) ;
#2404 = CARTESIAN_POINT ( 'NONE',  ( -26.66421656467495538, 2.999999999999262368, -55.17526783944863666 ) ) ;
#2405 = LINE ( 'NONE', #4740, #867 ) ;
#2406 = CARTESIAN_POINT ( 'NONE',  ( 0.004510534635092599241, 32.50000000000000000, -121.0596002960953115 ) ) ;
#2407 = CARTESIAN_POINT ( 'NONE',  ( 23.82305580271441769, -0.000000000000000000, -53.99345493023911047 ) ) ;
#2408 = CARTESIAN_POINT ( 'NONE',  ( 19.07588547550241742, 32.49999999999998579, -93.70495821728924568 ) ) ;
#2409 = CARTESIAN_POINT ( 'NONE',  ( -19.30047092733849112, 19.14662859308436182, -128.0907908548988132 ) ) ;
#2410 = CARTESIAN_POINT ( 'NONE',  ( 14.03428955797963873, 25.00000000000000000, -90.58206316030670280 ) ) ;
#2411 = CARTESIAN_POINT ( 'NONE',  ( -45.31320254088899446, 3.000000000000000000, -115.9665069285011185 ) ) ;
#2412 = CARTESIAN_POINT ( 'NONE',  ( 10.50055203817936622, 25.00000000000000355, -111.1064889515263019 ) ) ;
#2413 = CARTESIAN_POINT ( 'NONE',  ( 15.67499646065027541, 26.50000000000000355, -98.25668410583796231 ) ) ;
#2414 = CARTESIAN_POINT ( 'NONE',  ( 30.83847345556111819, 3.000000000000187850, -117.9101405255931496 ) ) ;
#2415 = CARTESIAN_POINT ( 'NONE',  ( 4.290331271065011443, 32.80909055493361137, -69.75217918876589351 ) ) ;
#2416 = CARTESIAN_POINT ( 'NONE',  ( -10.34232869764683826, 7.500000000000003553, -2.937217177050355232 ) ) ;
#2417 = CARTESIAN_POINT ( 'NONE',  ( 19.00951810875497827, 32.50000000000000000, -92.60193347482952220 ) ) ;
#2418 = LINE ( 'NONE', #3090, #470 ) ;
#2419 = ORIENTED_EDGE ( 'NONE', *, *, #5241, .T. ) ;
#2420 = CARTESIAN_POINT ( 'NONE',  ( 14.37359812097645673, 26.50000000000000355, -85.92310566744721712 ) ) ;
#2421 = CARTESIAN_POINT ( 'NONE',  ( -22.02499643441695198, 50.10999999999998522, -104.3500000000004775 ) ) ;
#2422 = B_SPLINE_CURVE_WITH_KNOTS ( 'NONE', 3,
 ( #555, #6431, #5236, #5859, #2795, #4044, #5820, #6357, #3387, #3973, #1764, #5161, #7569, #6322 ),
 .UNSPECIFIED., .F., .F.,
 ( 4, 2, 2, 2, 2, 2, 4 ),
 ( 0.000000000000000000, 0.0002932682948889893241, 0.0005865365897779786482, 0.0008798048846669679181, 0.001173073179555957296, 0.001759609769333937354, 0.002346146359111917629 ),
 .UNSPECIFIED. ) ;
#2423 = CARTESIAN_POINT ( 'NONE',  ( -22.99538354842063015, 0.000000000000000000, -62.65094498861058270 ) ) ;
#2424 = ORIENTED_EDGE ( 'NONE', *, *, #5988, .F. ) ;
#2425 = CARTESIAN_POINT ( 'NONE',  ( -0.4779811001804793458, 25.00000000000001421, -116.3884987123099535 ) ) ;
#2426 = CARTESIAN_POINT ( 'NONE',  ( 6.044527672119194506, 3.000000000000000444, -1.073875363795702143 ) ) ;
#2427 = CARTESIAN_POINT ( 'NONE',  ( -26.08946760409040522, 7.320766647586253839, -66.72160354698996798 ) ) ;
#2428 = CARTESIAN_POINT ( 'NONE',  ( 25.41511862529188903, 0.000000000000000000, -29.78786308909242919 ) ) ;
#2429 = CARTESIAN_POINT ( 'NONE',  ( -1.099195765142158443, 32.65535087357888955, -68.79921601536705111 ) ) ;
#2430 = CARTESIAN_POINT ( 'NONE',  ( 17.49438968870827793, 0.000000000000000000, -130.6908691000797091 ) ) ;
#2431 = EDGE_CURVE ( 'NONE', #5957, #2829, #826, .T. ) ;
#2432 = ORIENTED_EDGE ( 'NONE', *, *, #4804, .F. ) ;
#2433 = DIRECTION ( 'NONE',  ( -1.000000000000000000, 0.000000000000000000, 0.000000000000000000 ) ) ;
#2434 = CARTESIAN_POINT ( 'NONE',  ( 13.59940246391286678, -1.301042606982605321E-15, -9.334022693481960786 ) ) ;
#2435 = CARTESIAN_POINT ( 'NONE',  ( 17.34998630271201847, 32.49999999999998579, -104.7392667752731228 ) ) ;
#2436 = CARTESIAN_POINT ( 'NONE',  ( -2.197984577854687149, 32.57407517693908261, -120.8269831465702850 ) ) ;
#2437 = EDGE_CURVE ( 'NONE', #4558, #1341, #76, .T. ) ;
#2438 = CARTESIAN_POINT ( 'NONE',  ( 6.238925897709738599, 7.262177294720622456, -0.8941025862299437632 ) ) ;
#2439 = CARTESIAN_POINT ( 'NONE',  ( -26.99321973250824058, 7.305830625781416288, -53.22891697241990983 ) ) ;
#2440 = CARTESIAN_POINT ( 'NONE',  ( 17.49438968870827793, 1.734723475976807094E-15, -130.6908691000797091 ) ) ;
#2441 = ORIENTED_EDGE ( 'NONE', *, *, #5618, .F. ) ;
#2442 = CARTESIAN_POINT ( 'NONE',  ( -11.12868006806224841, 32.50000000000000000, -110.1814445377380167 ) ) ;
#2443 = CARTESIAN_POINT ( 'NONE',  ( -27.79021611480960985, 3.000000000000000000, -48.47975950582084437 ) ) ;
#2444 = CARTESIAN_POINT ( 'NONE',  ( -27.02499643441694133, 14.89938307227276937, -86.65000000000051728 ) ) ;
#2445 = DIRECTION ( 'NONE',  ( -0.7071067811865455743, -0.7071067811865494601, 0.000000000000000000 ) ) ;
#2446 = CARTESIAN_POINT ( 'NONE',  ( 25.95348766979622823, -0.000000000000000000, -84.36410545582334919 ) ) ;
#2447 = CARTESIAN_POINT ( 'NONE',  ( 19.10593438335662597, 32.49999999999998579, -95.17781562389657779 ) ) ;
#2448 = AXIS2_PLACEMENT_3D ( 'NONE', #5454, #4795, #5990 ) ;
#2449 = CARTESIAN_POINT ( 'NONE',  ( 12.66394349059243574, -1.301042606982605321E-15, -8.512921481012085678 ) ) ;
#2450 = CARTESIAN_POINT ( 'NONE',  ( 0.7258228987924770781, 32.72174814052852554, -120.8320973660514142 ) ) ;
#2451 = CARTESIAN_POINT ( 'NONE',  ( 15.35911152929772783, 25.00000000000000355, -89.51371579439987158 ) ) ;
#2452 = VECTOR ( 'NONE', #847, 1000.000000000000000 ) ;
#2453 = CARTESIAN_POINT ( 'NONE',  ( 1.125330944998901961, 32.50000000000000000, -117.8187361111550473 ) ) ;
#2454 = VECTOR ( 'NONE', #6742, 1000.000000000000000 ) ;
#2455 = CARTESIAN_POINT ( 'NONE',  ( 14.96657138693372069, 25.00000000000000000, -101.7360231274821132 ) ) ;
#2456 = DIRECTION ( 'NONE',  ( 0.000000000000000000, 0.000000000000000000, 1.000000000000000000 ) ) ;
#2457 = CARTESIAN_POINT ( 'NONE',  ( 26.81308118909811000, 7.806255641895592482E-15, -125.4682079417531071 ) ) ;
#2458 = CARTESIAN_POINT ( 'NONE',  ( 6.334357126150404582, 17.19848737952314011, -50.19384636361414920 ) ) ;
#2459 = CARTESIAN_POINT ( 'NONE',  ( 0.000000000000000000, 31.32599540880228517, -11.89014670506736415 ) ) ;
#2460 = CIRCLE ( 'NONE', #3451, 1.500000000000001332 ) ;
#2461 = CARTESIAN_POINT ( 'NONE',  ( 26.32130840870479105, 7.323813476784772902, -69.42202730805450983 ) ) ;
#2462 = DIRECTION ( 'NONE',  ( 0.000000000000000000, 0.000000000000000000, -1.000000000000000000 ) ) ;
#2463 = ORIENTED_EDGE ( 'NONE', *, *, #1596, .T. ) ;
#2464 = CARTESIAN_POINT ( 'NONE',  ( -7.079304348130836644, 26.50000000000000000, -114.8487292519131557 ) ) ;
#2465 = CARTESIAN_POINT ( 'NONE',  ( 9.467945271381866590, 32.50000000000000000, -77.19547030509578178 ) ) ;
#2466 = CARTESIAN_POINT ( 'NONE',  ( -19.40231392496948004, 3.000000000000000444, -16.13077845613706529 ) ) ;
#2467 = CARTESIAN_POINT ( 'NONE',  ( -24.54417814759186811, 0.000000000000000000, -77.67386778380600276 ) ) ;
#2468 = VERTEX_POINT ( 'NONE', #788 ) ;
#2469 = CARTESIAN_POINT ( 'NONE',  ( -4.767151915264328466, 25.00000000000000711, -114.6956907096133591 ) ) ;
#2470 = VECTOR ( 'NONE', #2964, 1000.000000000000000 ) ;
#2471 = CARTESIAN_POINT ( 'NONE',  ( -18.96199587286256971, 32.73693748834063655, -92.73178410287896156 ) ) ;
#2472 = CARTESIAN_POINT ( 'NONE',  ( 26.52214755380680700, 18.93560890846612565, -103.9742486724922088 ) ) ;
#2473 = CARTESIAN_POINT ( 'NONE',  ( 22.93281090967846936, 0.000000000000000000, -22.41556351226319066 ) ) ;
#2474 = CARTESIAN_POINT ( 'NONE',  ( -14.15771173483162748, 25.00000000000000000, -91.34527100445883718 ) ) ;
#2475 = EDGE_LOOP ( 'NONE', ( #5801, #1938, #2978, #1286 ) ) ;
#2476 = CARTESIAN_POINT ( 'NONE',  ( -8.673617379884035472E-16, 7.533324314507918729, 6.071532165918818520E-15 ) ) ;
#2477 = CARTESIAN_POINT ( 'NONE',  ( 10.36438751615208353, 3.000000000000000000, -3.135711579282674855 ) ) ;
#2478 = CARTESIAN_POINT ( 'NONE',  ( -18.84999643441695127, 43.11000187309952025, -94.75000000000055422 ) ) ;
#2479 = CARTESIAN_POINT ( 'NONE',  ( 2.176659980180641885, 32.72222553081718388, -120.6767134865091151 ) ) ;
#2480 = EDGE_CURVE ( 'NONE', #1632, #3377, #3715, .T. ) ;
#2481 = CARTESIAN_POINT ( 'NONE',  ( 10.36138690606822976, 7.263091542229660469, -2.823287113242102908 ) ) ;
#2482 = CARTESIAN_POINT ( 'NONE',  ( -18.72575949268755835, 32.62225429997469206, -90.48194174808979540 ) ) ;
#2483 = DIRECTION ( 'NONE',  ( -0.000000000000000000, 0.000000000000000000, 1.000000000000000000 ) ) ;
#2484 = ORIENTED_EDGE ( 'NONE', *, *, #1328, .F. ) ;
#2485 = CARTESIAN_POINT ( 'NONE',  ( -5.753748404860860255, 32.50000000000000000, -115.8371714097891925 ) ) ;
#2486 = CARTESIAN_POINT ( 'NONE',  ( -26.23331237433536955, 3.000000000000000000, -69.50079663909642136 ) ) ;
#2487 = DIRECTION ( 'NONE',  ( 1.000000000000000000, -0.000000000000000000, -0.000000000000000000 ) ) ;
#2488 = DIRECTION ( 'NONE',  ( 1.000000000000000000, -0.000000000000000000, -0.000000000000000000 ) ) ;
#2489 = CARTESIAN_POINT ( 'NONE',  ( 25.94710694701857889, 0.000000000000000000, -84.33547348464921356 ) ) ;
#2490 = CARTESIAN_POINT ( 'NONE',  ( 26.08944185014172135, 7.320766647586260056, -66.72126891438333018 ) ) ;
#2491 = EDGE_CURVE ( 'NONE', #626, #2631, #6512, .T. ) ;
#2492 = CARTESIAN_POINT ( 'NONE',  ( 21.67466759800352705, 4.336808689942017736E-16, -19.80885886676150065 ) ) ;
#2493 = CARTESIAN_POINT ( 'NONE',  ( -1.816338431484737503, 7.175977473066327939, -140.0632971818217243 ) ) ;
#2494 = CARTESIAN_POINT ( 'NONE',  ( 13.05112283728417033, 26.50000000000181899, -82.78944475729900887 ) ) ;
#2495 = CARTESIAN_POINT ( 'NONE',  ( -5.204170427930421283E-15, 3.000000000000000000, -140.0000000000000000 ) ) ;
#2496 = CARTESIAN_POINT ( 'NONE',  ( 9.290087239997333768, 25.00000000000000000, -110.2184068707209263 ) ) ;
#2497 = EDGE_CURVE ( 'NONE', #4911, #3536, #4767, .T. ) ;
#2498 = CARTESIAN_POINT ( 'NONE',  ( -5.489371863999688830E-15, 7.499999995022628596, -140.0000000000000284 ) ) ;
#2499 = CARTESIAN_POINT ( 'NONE',  ( 32.03680924722915790, 3.000000000001486367, -99.51964726462946942 ) ) ;
#2500 = CARTESIAN_POINT ( 'NONE',  ( 0.3629114493962383170, 32.96617196830882790, -69.16144693996223225 ) ) ;
#2501 = CARTESIAN_POINT ( 'NONE',  ( 20.37804810037270187, 27.14890068065110285, -104.3500000000004917 ) ) ;
#2502 = CARTESIAN_POINT ( 'NONE',  ( 18.87678759888018121, 32.62036711648997311, -91.57213002885488606 ) ) ;
#2503 = CARTESIAN_POINT ( 'NONE',  ( -20.13019214561339609, 2.999999999999999556, -132.4022749813989321 ) ) ;
#2504 = EDGE_LOOP ( 'NONE', ( #612, #4107, #4393, #4272 ) ) ;
#2505 = CARTESIAN_POINT ( 'NONE',  ( -9.055364860098578106, 26.50000000000002132, -112.8668870601237018 ) ) ;
#2506 = CARTESIAN_POINT ( 'NONE',  ( -1.125330987182131093, 32.50000000000000000, -71.80046643213921698 ) ) ;
#2507 = CARTESIAN_POINT ( 'NONE',  ( -13.83161915862351599, 2.999999999999998668, -9.564338824160657282 ) ) ;
#2508 = CARTESIAN_POINT ( 'NONE',  ( -23.60953020908803879, -0.000000000000000000, -72.06536217480152118 ) ) ;
#2509 = EDGE_LOOP ( 'NONE', ( #5475, #1911, #5761, #416, #2267, #6421, #7211 ) ) ;
#2510 = CARTESIAN_POINT ( 'NONE',  ( -4.000000000000000000, 0.8587782987362254650, -81.59595004739676938 ) ) ;
#2511 = PRODUCT_RELATED_PRODUCT_CATEGORY ( 'part', '', ( #4650 ) ) ;
#2512 = CARTESIAN_POINT ( 'NONE',  ( -16.94312670489559025, 32.89945667547231523, -84.32219783014988934 ) ) ;
#2513 = CARTESIAN_POINT ( 'NONE',  ( 25.09418691735228180, -0.000000000000000000, -28.38059641176545611 ) ) ;
#2514 = CARTESIAN_POINT ( 'NONE',  ( -26.47941014607350141, 0.000000000000000000, -120.3726515547907781 ) ) ;
#2515 = CARTESIAN_POINT ( 'NONE',  ( 24.64221528286042329, 2.999999999999999556, -123.3464902243717205 ) ) ;
#2516 = ORIENTED_EDGE ( 'NONE', *, *, #7024, .T. ) ;
#2517 = CARTESIAN_POINT ( 'NONE',  ( -28.34939218575830822, 7.500604575944594288, -123.1468545144556117 ) ) ;
#2518 = CARTESIAN_POINT ( 'NONE',  ( -7.108066587985012674, 26.50000000000000355, -74.83302090888457769 ) ) ;
#2519 = CARTESIAN_POINT ( 'NONE',  ( 2.198241414160589269, 32.57407517693907550, -120.8269437511115143 ) ) ;
#2520 = CARTESIAN_POINT ( 'NONE',  ( 14.58925742138307413, 32.64120818627811360, -79.17811635188799357 ) ) ;
#2521 = CARTESIAN_POINT ( 'NONE',  ( -29.17391028324304969, 7.287649025319570484, -35.30754763342252289 ) ) ;
#2522 = CARTESIAN_POINT ( 'NONE',  ( -18.09266104316585810, 31.26251643050981954, -85.15000000000064517 ) ) ;
#2523 = ORIENTED_EDGE ( 'NONE', *, *, #3683, .F. ) ;
#2524 = CARTESIAN_POINT ( 'NONE',  ( -6.652148796367921335, 32.50000000000000000, -115.1654392254094574 ) ) ;
#2525 = CARTESIAN_POINT ( 'NONE',  ( -17.34999643441695127, 34.00000000000000000, -104.3500000000004775 ) ) ;
#2526 = CARTESIAN_POINT ( 'NONE',  ( 24.83356286290523585, -0.000000000000000000, -79.16334353174985949 ) ) ;
#2527 = CARTESIAN_POINT ( 'NONE',  ( 25.96232390785832678, 7.500000000000006217, -64.05905867303266632 ) ) ;
#2528 = CARTESIAN_POINT ( 'NONE',  ( -16.98685951826649898, 3.000000000000000000, -12.91368056135870113 ) ) ;
#2529 = EDGE_CURVE ( 'NONE', #6505, #2540, #2570, .T. ) ;
#2530 = CARTESIAN_POINT ( 'NONE',  ( -6.319968649725856480, 32.49999999999998579, -119.2810891631785921 ) ) ;
#2531 = CARTESIAN_POINT ( 'NONE',  ( 13.89068057253409272, 25.00000000000000000, -89.82128996304464863 ) ) ;
#2532 = ADVANCED_FACE ( 'NONE', ( #3608 ), #1248, .F. ) ;
#2533 = CARTESIAN_POINT ( 'NONE',  ( 15.50959726413427298, 26.50000000000000355, -99.30995406602694686 ) ) ;
#2534 = CARTESIAN_POINT ( 'NONE',  ( 13.60159737804284852, 7.500212193493186241, -5.386529468724835290 ) ) ;
#2535 = CARTESIAN_POINT ( 'NONE',  ( 29.46087694124803136, 0.000000000000000000, -110.2157850158938288 ) ) ;
#2536 = CARTESIAN_POINT ( 'NONE',  ( 2.722919783215633327, 6.785410937216075133, 0.2020307980808766224 ) ) ;
#2537 = DIRECTION ( 'NONE',  ( 0.000000000000000000, 0.000000000000000000, -1.000000000000000000 ) ) ;
#2538 = CARTESIAN_POINT ( 'NONE',  ( 23.89023056996946082, 25.11865232152254990, -73.81008742241817799 ) ) ;
#2539 = DIRECTION ( 'NONE',  ( 1.512080307323490847E-16, -0.000000000000000000, -1.000000000000000000 ) ) ;
#2540 = VERTEX_POINT ( 'NONE', #4883 ) ;
#2541 = CARTESIAN_POINT ( 'NONE',  ( 1.987355453128389016, 26.50000000000000000, -117.6285000190753607 ) ) ;
#2542 = CARTESIAN_POINT ( 'NONE',  ( -3.807158729188257595, 26.50000000000000355, -72.64414192108912971 ) ) ;
#2543 = CARTESIAN_POINT ( 'NONE',  ( -15.68431990711868451, 25.00000000000000000, -98.18864205257469280 ) ) ;
#2544 = CARTESIAN_POINT ( 'NONE',  ( -23.66645486114961372, -0.000000000000000000, -72.47111255386161588 ) ) ;
#2545 = ORIENTED_EDGE ( 'NONE', *, *, #2114, .F. ) ;
#2546 = CARTESIAN_POINT ( 'NONE',  ( -27.63334864280853154, 7.103965672530425657, -49.60877420814807692 ) ) ;
#2547 = CARTESIAN_POINT ( 'NONE',  ( 22.93281090967846936, 0.000000000000000000, -22.41556351226319066 ) ) ;
#2548 = CARTESIAN_POINT ( 'NONE',  ( -14.21186098349496163, 25.00000000000000000, -91.73255938360294692 ) ) ;
#2549 = ORIENTED_EDGE ( 'NONE', *, *, #1366, .F. ) ;
#2550 = CARTESIAN_POINT ( 'NONE',  ( -26.11910361135264225, 7.502368479990355610, -67.63384153728287629 ) ) ;
#2551 = DIRECTION ( 'NONE',  ( -1.000000000000000000, -0.000000000000000000, -0.000000000000000000 ) ) ;
#2552 = B_SPLINE_CURVE_WITH_KNOTS ( 'NONE', 3,
 ( #693, #6525, #7584, #1239, #3600, #2271, #4640, #6997, #1697, #4061, #1120, #3477, #5835, #532, #2579, #4261, #781, #151 ),
 .UNSPECIFIED., .F., .F.,
 ( 4, 2, 2, 2, 2, 2, 2, 2, 4 ),
 ( 7.757919228897728493E-18, 0.0009897073937241212746, 0.001979414787448234743, 0.002474268484310289309, 0.002969122181172343874, 0.003216549029603371374, 0.003463975878034398874, 0.003711402726465426374, 0.003958829574896453873 ),
 .UNSPECIFIED. ) ;
#2553 = CARTESIAN_POINT ( 'NONE',  ( -24.38034219435677485, 19.89074656563737165, -120.1776588657792644 ) ) ;
#2554 = CARTESIAN_POINT ( 'NONE',  ( 29.06292294985417612, 7.291902263731077305, -39.83180682416541174 ) ) ;
#2555 = CARTESIAN_POINT ( 'NONE',  ( -27.73394622512022067, 7.279834196612081421, -26.39903228127888468 ) ) ;
#2556 = EDGE_LOOP ( 'NONE', ( #6488, #1399, #5622, #4064 ) ) ;
#2557 = DIRECTION ( 'NONE',  ( -0.000000000000000000, -1.000000000000000000, -0.000000000000000000 ) ) ;
#2558 = CARTESIAN_POINT ( 'NONE',  ( -21.29858803588811611, 1.860756450519227955E-13, -13.59745677937577213 ) ) ;
#2559 = CARTESIAN_POINT ( 'NONE',  ( -7.590256477962820547, 3.000000000000000444, -135.8185948113755614 ) ) ;
#2560 = CARTESIAN_POINT ( 'NONE',  ( 24.21481595094709505, -0.000000000000000000, -51.55681063752175675 ) ) ;
#2561 = CARTESIAN_POINT ( 'NONE',  ( 17.00714092009569356, 32.59615447778833897, -105.6180812024444577 ) ) ;
#2562 = CARTESIAN_POINT ( 'NONE',  ( -9.360837107483472863, -1.301042606982605321E-15, -6.045013414160476550 ) ) ;
#2563 = CARTESIAN_POINT ( 'NONE',  ( -30.16845707500186791, 7.500000000000001776, -120.0699314458814229 ) ) ;
#2564 = CARTESIAN_POINT ( 'NONE',  ( 6.518185453342208113, 25.00000000000000711, -76.27946655472103998 ) ) ;
#2565 = DIRECTION ( 'NONE',  ( 1.000000000000000000, 0.000000000000000000, 0.000000000000000000 ) ) ;
#2566 = CARTESIAN_POINT ( 'NONE',  ( -35.46081340316582242, 22.55286456079091906, -104.3500000000004775 ) ) ;
#2567 = CARTESIAN_POINT ( 'NONE',  ( 9.753476281830948835, 7.499433216828287563, -2.782428344966938027 ) ) ;
#2568 = CARTESIAN_POINT ( 'NONE',  ( 1.734723475976807094E-15, 23.50000000000000000, -94.80960127224460621 ) ) ;
#2569 = CARTESIAN_POINT ( 'NONE',  ( 29.27764729199561700, 4.336808689942017736E-16, -101.6225003969884000 ) ) ;
#2570 = CIRCLE ( 'NONE', #3218, 1.249999442108171266 ) ;
#2571 = CARTESIAN_POINT ( 'NONE',  ( 6.238925897709738599, 7.262177294720622456, -0.8941025862299437632 ) ) ;
#2572 = DIRECTION ( 'NONE',  ( 1.512080307323490847E-16, 0.000000000000000000, -1.000000000000000000 ) ) ;
#2573 = EDGE_CURVE ( 'NONE', #2578, #380, #3338, .T. ) ;
#2574 = VECTOR ( 'NONE', #3981, 1000.000000000000000 ) ;
#2575 = CARTESIAN_POINT ( 'NONE',  ( 32.72706825564286248, 7.085490819609086444, -104.0353191337430587 ) ) ;
#2576 = CLOSED_SHELL ( 'NONE', ( #3523, #3821, #4252, #6452, #6600, #3771, #6317, #805, #4619, #7075, #2764, #6227, #1891, #6316, #585, #2162, #1211, #6661, #2119, #5751, #589, #2295, #5047, #4193, #38, #4390, #2277, #643, #2680, #3780, #127, #7379, #6657, #3828, #5792, #548, #6558, #2858, #6178, #3324, #1835, #1365, #440, #1927, #4793, #3198, #4567, #222, #1271, #3386, #3979, #7556, #4564, #4484, #1027, #4003, #3961, #1555, #1983, #804, #4715, #3685, #4899, #5703, #221, #944, #4434, #6851, #3305, #4145, #3483, #983, #6976, #4109, #2378, #2944, #6753, #910, #6561, #6744, #6088, #3577, #1822, #4467, #1413, #1834, #2024, #3014, #2943, #500, #1824, #1126, #5368, #2532, #2336, #3152, #3996 ) ) ;
#2577 = CARTESIAN_POINT ( 'NONE',  ( -19.35516271974259439, 3.000000000000000000, -11.07003766166224246 ) ) ;
#2578 = VERTEX_POINT ( 'NONE', #6775 ) ;
#2579 = CARTESIAN_POINT ( 'NONE',  ( -26.99128856039040514, 14.85134740599851888, -86.32297553038878846 ) ) ;
#2580 = CARTESIAN_POINT ( 'NONE',  ( 7.086384791623518531, 26.50000000000000355, -74.81430208614180799 ) ) ;
#2581 = CARTESIAN_POINT ( 'NONE',  ( -29.34035307642007950, 0.000000000000000000, -102.5046917704429603 ) ) ;
#2582 = VERTEX_POINT ( 'NONE', #4418 ) ;
#2583 = CARTESIAN_POINT ( 'NONE',  ( -20.54999999999999005, 0.000000000000000000, -83.33717174866055188 ) ) ;
#2584 = VECTOR ( 'NONE', #4591, 1000.000000000000000 ) ;
#2585 = CARTESIAN_POINT ( 'NONE',  ( -17.65591743691944160, 32.50000000000002842, -85.74925030782034696 ) ) ;
#2586 = AXIS2_PLACEMENT_3D ( 'NONE', #5658, #3918, #5698 ) ;
#2587 = FACE_OUTER_BOUND ( 'NONE', #1206, .T. ) ;
#2588 = AXIS2_PLACEMENT_3D ( 'NONE', #7485, #2285, #3416 ) ;
#2589 = CARTESIAN_POINT ( 'NONE',  ( -12.60512361056170505, 0.000000000000000000, -133.7376461726545074 ) ) ;
#2590 = CARTESIAN_POINT ( 'NONE',  ( 1.246832498358330099E-15, 2.999999999999999556, -137.0000000000000000 ) ) ;
#2591 = VECTOR ( 'NONE', #1641, 1000.000000000000000 ) ;
#2592 = EDGE_LOOP ( 'NONE', ( #7578, #4582, #6848, #4507 ) ) ;
#2593 = CARTESIAN_POINT ( 'NONE',  ( -31.61715671285813301, 7.501986531028488336, -115.5185776583241335 ) ) ;
#2594 = DIRECTION ( 'NONE',  ( -0.000000000000000000, -1.000000000000000000, -0.000000000000000000 ) ) ;
#2595 = CARTESIAN_POINT ( 'NONE',  ( -27.51357073345612747, 7.380051623556575180, -124.7928956412488475 ) ) ;
#2596 = AXIS2_PLACEMENT_3D ( 'NONE', #2841, #4095, #6954 ) ;
#2597 = CARTESIAN_POINT ( 'NONE',  ( 14.49379393618561451, 32.92362455883436212, -79.44231756692266799 ) ) ;
#2598 = CARTESIAN_POINT ( 'NONE',  ( -15.27553845315034842, 32.77836850073386188, -80.57363318693269605 ) ) ;
#2599 = EDGE_LOOP ( 'NONE', ( #3513, #3068, #3176 ) ) ;
#2600 = CARTESIAN_POINT ( 'NONE',  ( -11.85339272767831709, 1.301042606982605321E-15, -7.830420241188041253 ) ) ;
#2601 = CARTESIAN_POINT ( 'NONE',  ( -18.59652431668560624, 3.000000000000000000, -129.7743120204830802 ) ) ;
#2602 = CARTESIAN_POINT ( 'NONE',  ( 24.23332994925384298, -0.000000000000000000, -51.44642475668245396 ) ) ;
#2603 = CARTESIAN_POINT ( 'NONE',  ( 18.73699691194019579, 32.60704494374781603, -99.25107273494316473 ) ) ;
#2604 = CARTESIAN_POINT ( 'NONE',  ( -16.98685951826649898, -1.301042606982605321E-15, -12.91368056135870113 ) ) ;
#2605 = B_SPLINE_CURVE_WITH_KNOTS ( 'NONE', 3,
 ( #4386, #793, #5545, #163, #4311, #2668, #2097, #1376, #1524, #3884, #7331, #6231, #3806, #6706 ),
 .UNSPECIFIED., .F., .F.,
 ( 4, 2, 2, 2, 2, 2, 4 ),
 ( 0.000000000000000000, 0.0002932683199917734875, 0.0005865366399835469750, 0.0008798049599753203541, 0.001173073279967093950, 0.001759609919950646563, 0.002346146559934199176 ),
 .UNSPECIFIED. ) ;
#2606 = CARTESIAN_POINT ( 'NONE',  ( -16.75322002463595794, 24.44205784814360882, -119.6518006892912922 ) ) ;
#2607 = CARTESIAN_POINT ( 'NONE',  ( 3.381637960975094170, 26.50000000000000355, -72.46535726114629483 ) ) ;
#2608 = CARTESIAN_POINT ( 'NONE',  ( -14.67522994941934300, -1.734723475976807094E-15, -10.36965906506617152 ) ) ;
#2609 = DIRECTION ( 'NONE',  ( 0.000000000000000000, 0.000000000000000000, -1.000000000000000000 ) ) ;
#2610 = CARTESIAN_POINT ( 'NONE',  ( 27.44249787274759811, 7.499471820120977128, -25.75613574459314492 ) ) ;
#2611 = FACE_OUTER_BOUND ( 'NONE', #4265, .T. ) ;
#2612 = CARTESIAN_POINT ( 'NONE',  ( 12.52392291144773573, 32.64585776877682122, -76.14883917300549854 ) ) ;
#2613 = CARTESIAN_POINT ( 'NONE',  ( -22.02499643441695198, 50.10999999999998522, -102.9249981269010163 ) ) ;
#2614 = EDGE_CURVE ( 'NONE', #2737, #120, #3204, .T. ) ;
#2615 = CARTESIAN_POINT ( 'NONE',  ( 32.56341970729058488, 7.500000000000005329, -104.0916374140005018 ) ) ;
#2616 = CARTESIAN_POINT ( 'NONE',  ( -6.947123391637085810, 3.000000000000003109, -1.355904139675228492 ) ) ;
#2617 = ORIENTED_EDGE ( 'NONE', *, *, #938, .T. ) ;
#2618 = CARTESIAN_POINT ( 'NONE',  ( -22.02499643441695198, 50.10999999999998522, -86.57500187310009210 ) ) ;
#2619 = CARTESIAN_POINT ( 'NONE',  ( -10.46214204172444084, 25.00000000000000000, -108.4716065493204269 ) ) ;
#2620 = CARTESIAN_POINT ( 'NONE',  ( -27.76438976244842394, 0.000000000000000000, -92.60475477067181771 ) ) ;
#2621 = ORIENTED_EDGE ( 'NONE', *, *, #365, .F. ) ;
#2622 = CARTESIAN_POINT ( 'NONE',  ( -17.43880273641157430, 32.50203347053894731, -104.4802058062936823 ) ) ;
#2623 = CARTESIAN_POINT ( 'NONE',  ( 25.70974497477925880, 0.000000000000000000, -31.41890267169741691 ) ) ;
#2624 = EDGE_CURVE ( 'NONE', #1472, #708, #7542, .T. ) ;
#2625 = B_SPLINE_CURVE_WITH_KNOTS ( 'NONE', 3,
 ( #2142, #6275, #5852, #4510, #3344, #1567, #5707, #7131, #754, #3614 ),
 .UNSPECIFIED., .F., .F.,
 ( 4, 2, 2, 2, 4 ),
 ( -0.003124470675014701104, 0.0005267448043153764511, 0.004177960283645454007, 0.007829175762975530695, 0.01148039124230560912 ),
 .UNSPECIFIED. ) ;
#2626 = CARTESIAN_POINT ( 'NONE',  ( -28.34254851641301087, 7.500000000000009770, -45.27671021418313302 ) ) ;
#2627 = LINE ( 'NONE', #7437, #5286 ) ;
#2628 = EDGE_CURVE ( 'NONE', #4671, #7624, #3948, .T. ) ;
#2629 = CARTESIAN_POINT ( 'NONE',  ( -22.61386125576158790, -1.301042606982605321E-15, -125.9084796732671236 ) ) ;
#2630 = CARTESIAN_POINT ( 'NONE',  ( 25.22337108742923562, 18.41650799043409137, -85.15000000000063096 ) ) ;
#2631 = VERTEX_POINT ( 'NONE', #308 ) ;
#2632 = CARTESIAN_POINT ( 'NONE',  ( -27.22460467131892514, 7.500701520453612048, -51.73855937187818910 ) ) ;
#2633 = EDGE_CURVE ( 'NONE', #5614, #4916, #5131, .T. ) ;
#2634 = CARTESIAN_POINT ( 'NONE',  ( -5.307209930065206471, 26.50000000000001421, -73.48183398775317698 ) ) ;
#2635 = CARTESIAN_POINT ( 'NONE',  ( -22.02499643441695198, 50.10999999999998522, -101.7499981269010192 ) ) ;
#2636 = CARTESIAN_POINT ( 'NONE',  ( -31.99910761255100056, 7.243408292600722831, -114.8873850718891276 ) ) ;
#2637 = CARTESIAN_POINT ( 'NONE',  ( 11.40047800930287636, 32.50000000000004263, -74.57565834225884771 ) ) ;
#2638 = CARTESIAN_POINT ( 'NONE',  ( -24.54133535270569766, 28.73509746804358045, -42.41379102181895888 ) ) ;
#2639 = ORIENTED_EDGE ( 'NONE', *, *, #1888, .F. ) ;
#2640 = CARTESIAN_POINT ( 'NONE',  ( 10.16549767102374879, 32.50000000000000000, -78.06589545624611048 ) ) ;
#2641 = CARTESIAN_POINT ( 'NONE',  ( -21.82316385506470624, -1.301042606982605321E-15, -14.34903784402245819 ) ) ;
#2642 = CARTESIAN_POINT ( 'NONE',  ( -12.12364987236909819, 3.000000000000000000, -133.9897074907695753 ) ) ;
#2643 = CARTESIAN_POINT ( 'NONE',  ( 23.83236676035103585, 0.000000000000000000, -53.93246216467534282 ) ) ;
#2644 = CARTESIAN_POINT ( 'NONE',  ( 31.10103071771855809, 7.201623206449677461, -93.31365323116669686 ) ) ;
#2645 = CARTESIAN_POINT ( 'NONE',  ( 1.658172572562403912, 2.999999999999999112, -3.097371495012076537 ) ) ;
#2646 = CARTESIAN_POINT ( 'NONE',  ( -15.08503666727155768, 32.67918072263928053, -109.5936928377162189 ) ) ;
#2647 = CARTESIAN_POINT ( 'NONE',  ( -2.080117714380335325, 25.00000000000000000, -73.56477598060649825 ) ) ;
#2648 = CARTESIAN_POINT ( 'NONE',  ( 2.838265582630339345E-05, 3.000000000000000000, -143.2386964809516314 ) ) ;
#2649 = CARTESIAN_POINT ( 'NONE',  ( 15.69776109213247928, 26.50000000000000355, -98.09182812096119619 ) ) ;
#2650 = CARTESIAN_POINT ( 'NONE',  ( 7.671856166130540444, 7.500161222378998183, -1.742381027798015181 ) ) ;
#2651 = CARTESIAN_POINT ( 'NONE',  ( -28.46191518158284239, 3.000000000000001332, -115.5526621900927751 ) ) ;
#2652 = CARTESIAN_POINT ( 'NONE',  ( 1.734723475976807094E-15, 5.000000000000000000, -94.80960127224460621 ) ) ;
#2653 = CARTESIAN_POINT ( 'NONE',  ( 28.86186130330266053, 7.284413384135498326, -31.70053412553727767 ) ) ;
#2654 = CARTESIAN_POINT ( 'NONE',  ( 26.80783052739573336, 20.80658407031798873, -110.8388227600081848 ) ) ;
#2655 = CARTESIAN_POINT ( 'NONE',  ( -32.56516675822732765, 2.999999999999999556, -107.5281784323186542 ) ) ;
#2656 = ORIENTED_EDGE ( 'NONE', *, *, #2491, .F. ) ;
#2657 = CYLINDRICAL_SURFACE ( 'NONE', #2819, 1.249999442108171266 ) ;
#2658 = CARTESIAN_POINT ( 'NONE',  ( -10.49539071133177437, 25.00000000000000355, -111.0844429479947451 ) ) ;
#2659 = CARTESIAN_POINT ( 'NONE',  ( -28.95930883954634183, -0.000000000000000000, -113.4494173082063071 ) ) ;
#2660 = ORIENTED_EDGE ( 'NONE', *, *, #73, .F. ) ;
#2661 = CARTESIAN_POINT ( 'NONE',  ( 27.89057984016395864, 3.000000000000742517, -27.27725302395377938 ) ) ;
#2662 = CARTESIAN_POINT ( 'NONE',  ( -17.58918197317892407, 32.76043652801710948, -85.94262517876566676 ) ) ;
#2663 = DIRECTION ( 'NONE',  ( -0.2963860611216491137, 0.000000000000000000, 0.9550682189104576780 ) ) ;
#2664 = CARTESIAN_POINT ( 'NONE',  ( -18.72844450871285815, 1.474256682016049747E-12, -133.5137681979709612 ) ) ;
#2665 =( NAMED_UNIT ( * ) PLANE_ANGLE_UNIT ( ) SI_UNIT ( $, .RADIAN. ) );
#2666 = ORIENTED_EDGE ( 'NONE', *, *, #504, .F. ) ;
#2667 = CARTESIAN_POINT ( 'NONE',  ( -28.13152735016658568, 7.499006161159667450, -46.45147456895135463 ) ) ;
#2668 = CARTESIAN_POINT ( 'NONE',  ( 15.52289051716749491, 25.83452820147046225, -91.37349752233922118 ) ) ;
#2669 = DIRECTION ( 'NONE',  ( -1.000000000000000000, 0.000000000000000000, 0.000000000000000000 ) ) ;
#2670 = CARTESIAN_POINT ( 'NONE',  ( -13.95099410369032178, 32.67321334403136035, -111.4711382661411960 ) ) ;
#2671 = EDGE_CURVE ( 'NONE', #2241, #6977, #1244, .T. ) ;
#2672 = CARTESIAN_POINT ( 'NONE',  ( 27.73335976995528895, 7.279834196612084973, -26.39706052338489783 ) ) ;
#2673 = CARTESIAN_POINT ( 'NONE',  ( -28.81484905459864265, 7.499999999999998224, -31.77682354593112990 ) ) ;
#2674 = VERTEX_POINT ( 'NONE', #2164 ) ;
#2675 = CARTESIAN_POINT ( 'NONE',  ( -13.08061695048944451, 32.50000000000000000, -82.84998960274268143 ) ) ;
#2676 = CARTESIAN_POINT ( 'NONE',  ( -28.41347966559125737, 3.000000000000740297, -29.47969452696790427 ) ) ;
#2677 = CARTESIAN_POINT ( 'NONE',  ( -22.14126395523159729, 3.000000000000000444, -126.4200525639998745 ) ) ;
#2678 = CARTESIAN_POINT ( 'NONE',  ( 25.10821624607506308, 0.000000000000000000, -46.26937280960394361 ) ) ;
#2679 = CARTESIAN_POINT ( 'NONE',  ( 26.60059231132932922, 22.41883967751614648, -96.16177254515649508 ) ) ;
#2680 = ADVANCED_FACE ( 'NONE', ( #2587 ), #937, .T. ) ;
#2681 = CARTESIAN_POINT ( 'NONE',  ( 3.755636597233981799, 4.336808689942017736E-16, -3.496257698449354301 ) ) ;
#2682 = CARTESIAN_POINT ( 'NONE',  ( -12.74607374783945346, 32.58386167785603504, -113.2996620314010130 ) ) ;
#2683 = CARTESIAN_POINT ( 'NONE',  ( 10.49539067947993054, 26.50000000000000355, -78.53475953304830171 ) ) ;
#2684 = CARTESIAN_POINT ( 'NONE',  ( 14.96433719918689675, 43.04934076476989446, -86.65000000000063096 ) ) ;
#2685 = DIRECTION ( 'NONE',  ( 1.000000000000000000, -0.000000000000000000, -0.000000000000000000 ) ) ;
#2686 = CARTESIAN_POINT ( 'NONE',  ( 28.18471278112530953, 7.501267155035924894, -28.43851973508617448 ) ) ;
#2687 = CARTESIAN_POINT ( 'NONE',  ( -20.54999999999999361, 0.1000000000000000056, -42.23717174866055046 ) ) ;
#2688 = CARTESIAN_POINT ( 'NONE',  ( 15.82880329504343919, 17.85430819682894921, -58.85140397031292281 ) ) ;
#2689 = CARTESIAN_POINT ( 'NONE',  ( 32.61796922340801075, 7.361830273203032071, -104.0728646539146922 ) ) ;
#2690 = CARTESIAN_POINT ( 'NONE',  ( -31.85488364091376567, 3.000000000000000000, -114.4834167202047439 ) ) ;
#2691 = EDGE_LOOP ( 'NONE', ( #4820, #2617, #3697, #1865 ) ) ;
#2692 = FACE_OUTER_BOUND ( 'NONE', #835, .T. ) ;
#2693 = CARTESIAN_POINT ( 'NONE',  ( -15.67104318270589758, 26.50000000000000355, -98.28480292689590669 ) ) ;
#2694 = CARTESIAN_POINT ( 'NONE',  ( -28.82938718975467651, -0.000000000000000000, -114.0511026293976045 ) ) ;
#2695 = ORIENTED_EDGE ( 'NONE', *, *, #5097, .T. ) ;
#2696 = CARTESIAN_POINT ( 'NONE',  ( 29.02259113161766635, 3.000000000000000000, -33.73835954084839983 ) ) ;
#2697 = CARTESIAN_POINT ( 'NONE',  ( -6.291672177254202580, 32.65344131242438408, -70.52443771654797899 ) ) ;
#2698 = AXIS2_PLACEMENT_3D ( 'NONE', #3637, #105, #1320 ) ;
#2699 = AXIS2_PLACEMENT_3D ( 'NONE', #1102, #1766, #2669 ) ;
#2700 = CARTESIAN_POINT ( 'NONE',  ( 3.649010952433468180, 3.000000000000000000, -139.7566686034298016 ) ) ;
#2701 = B_SPLINE_CURVE_WITH_KNOTS ( 'NONE', 3,
 ( #4789, #5984, #4870, #2961, #4831, #1314, #5405, #3041, #686, #1351, #1852, #772, #2340, #2413 ),
 .UNSPECIFIED., .F., .F.,
 ( 4, 2, 2, 2, 2, 2, 4 ),
 ( -2.064530960524014352E-05, 0.0005709997213832860999, 0.001162644752371812208, 0.001458467267866074123, 0.001754289783360336256, 0.002050112298854598388, 0.002345934814348860521 ),
 .UNSPECIFIED. ) ;
#2702 = CARTESIAN_POINT ( 'NONE',  ( -32.39930264717452957, 3.000000000000000000, -102.7606689198043028 ) ) ;
#2703 = CARTESIAN_POINT ( 'NONE',  ( -24.73117308277202753, 0.000000000000000000, -27.18030925254144492 ) ) ;
#2704 = ORIENTED_EDGE ( 'NONE', *, *, #126, .F. ) ;
#2705 = DIRECTION ( 'NONE',  ( 3.256064876940132405E-10, 0.000000000000000000, 1.000000000000000000 ) ) ;
#2706 = VECTOR ( 'NONE', #475, 1000.000000000000000 ) ;
#2707 = CIRCLE ( 'NONE', #873, 5.500000000000005329 ) ;
#2708 = CARTESIAN_POINT ( 'NONE',  ( 17.34999013544673829, 32.49999999999999289, -84.87995901353326644 ) ) ;
#2709 = CARTESIAN_POINT ( 'NONE',  ( -14.07090978429720352, 32.50000000000000711, -111.5236698476379757 ) ) ;
#2710 = CIRCLE ( 'NONE', #872, 1.174999999999995381 ) ;
#2711 = AXIS2_PLACEMENT_3D ( 'NONE', #890, #3824, #926 ) ;
#2712 = CARTESIAN_POINT ( 'NONE',  ( 17.55597060422065425, 32.89065479202560027, -86.03983803947470221 ) ) ;
#2713 = CARTESIAN_POINT ( 'NONE',  ( -6.264044098389996762, 6.786531884161898454, -0.6604762540270812110 ) ) ;
#2714 = ORIENTED_EDGE ( 'NONE', *, *, #6131, .T. ) ;
#2715 = CARTESIAN_POINT ( 'NONE',  ( 27.02499643441695198, 33.11000187309954157, -102.8500000000004775 ) ) ;
#2716 = CARTESIAN_POINT ( 'NONE',  ( -28.41347966548995885, 2.405726560001575806E-12, -29.47969452698675852 ) ) ;
#2717 = CARTESIAN_POINT ( 'NONE',  ( -24.78098691323335601, 2.999999999999999556, -123.1283684310807729 ) ) ;
#2718 = VECTOR ( 'NONE', #391, 1000.000000000000000 ) ;
#2719 = EDGE_CURVE ( 'NONE', #3292, #2786, #902, .T. ) ;
#2720 = CARTESIAN_POINT ( 'NONE',  ( 21.00522649008456000, 23.62966719607564059, -111.1285441378902732 ) ) ;
#2721 = EDGE_CURVE ( 'NONE', #6073, #6119, #2627, .T. ) ;
#2722 = CARTESIAN_POINT ( 'NONE',  ( 0.3629114493962383170, 32.96617196830882790, -69.16144693996223225 ) ) ;
#2723 = CARTESIAN_POINT ( 'NONE',  ( -22.02592755068894093, 22.97975467442127950, -104.9939239354753937 ) ) ;
#2724 = CARTESIAN_POINT ( 'NONE',  ( -15.50959726449544895, 26.50000000000000355, -90.30924848130689497 ) ) ;
#2725 = DIRECTION ( 'NONE',  ( -0.7071067811865451302, -0.7071067811865499042, 0.000000000000000000 ) ) ;
#2726 = CARTESIAN_POINT ( 'NONE',  ( -20.54999999999999005, 0.1000000000000000056, -83.33717174866055188 ) ) ;
#2727 = DIRECTION ( 'NONE',  ( 0.000000000000000000, 0.000000000000000000, -1.000000000000000000 ) ) ;
#2728 = CARTESIAN_POINT ( 'NONE',  ( 0.04095347290377786970, 7.499997892063218430, -139.9999854348465362 ) ) ;
#2729 = CARTESIAN_POINT ( 'NONE',  ( -28.14851029553051021, 3.000000000000000444, -116.5653175759924807 ) ) ;
#2730 = CARTESIAN_POINT ( 'NONE',  ( 28.71338985088044282, 0.000000000000000000, -114.5251569372659759 ) ) ;
#2731 = CARTESIAN_POINT ( 'NONE',  ( 11.31102583853091659, 32.79584297442410445, -74.89328828057215048 ) ) ;
#2732 = CARTESIAN_POINT ( 'NONE',  ( 30.16759935817248817, 7.499999999999977796, -120.0718327164572798 ) ) ;
#2733 = CARTESIAN_POINT ( 'NONE',  ( -25.97998232447276123, 3.000000000000000444, -63.90798609859600532 ) ) ;
#2734 = CARTESIAN_POINT ( 'NONE',  ( 27.02499643441697330, 15.85802029386402801, -89.24825752522342270 ) ) ;
#2735 = CARTESIAN_POINT ( 'NONE',  ( -13.94267408057247337, 25.00000000000181188, -104.8057859517805639 ) ) ;
#2736 = DIRECTION ( 'NONE',  ( 1.000000000000000000, 0.000000000000000000, 0.000000000000000000 ) ) ;
#2737 = VERTEX_POINT ( 'NONE', #2740 ) ;
#2738 = CARTESIAN_POINT ( 'NONE',  ( 22.64452986737814300, 1.115830216176609436E-12, -15.59378792942465175 ) ) ;
#2739 = CARTESIAN_POINT ( 'NONE',  ( -12.42934352763970018, 32.93757330633038549, -76.44849873093430404 ) ) ;
#2740 = CARTESIAN_POINT ( 'NONE',  ( 4.373039862097495067, 3.000000000000000000, -139.6382178266192682 ) ) ;
#2741 = CARTESIAN_POINT ( 'NONE',  ( 22.02499643441695198, 43.11000187309952025, -94.75000000000055422 ) ) ;
#2742 = CARTESIAN_POINT ( 'NONE',  ( -25.59854607594186149, -0.000000000000000000, -30.79905498535866570 ) ) ;
#2743 = VERTEX_POINT ( 'NONE', #6151 ) ;
#2744 = DIRECTION ( 'NONE',  ( 1.000000000000000000, 0.000000000000000000, 0.000000000000000000 ) ) ;
#2745 = CARTESIAN_POINT ( 'NONE',  ( 1.734723475976807094E-15, 5.000000000000000888, -89.30960127224460621 ) ) ;
#2746 = CARTESIAN_POINT ( 'NONE',  ( 18.84999643441695127, 50.10999999999998522, -94.75000000000055422 ) ) ;
#2747 = CARTESIAN_POINT ( 'NONE',  ( -17.68655239344936447, 32.69935046233401010, -103.5542199075340193 ) ) ;
#2748 =( BOUNDED_SURFACE ( )  B_SPLINE_SURFACE ( 3, 2, ( 
 ( #4878, #783, #6075 ),
 ( #7241, #3133, #6527 ),
 ( #1941, #4799, #5496 ),
 ( #6695, #2543, #5101 ),
 ( #3281, #5648, #2769 ),
 ( #2693, #7392, #2017 ),
 ( #2157, #5686, #7466 ),
 ( #2124, #269, #3361 ),
 ( #4523, #4490, #6292 ),
 ( #6881, #2082, #3320 ),
 ( #6730, #382, #6846 ),
 ( #856, #1582, #3942 ),
 ( #1008, #4413, #1547 ),
 ( #3908, #6769, #4990 ),
 ( #3834, #932, #7357 ),
 ( #1474, #2735, #3795 ),
 ( #7317, #6146, #1438 ),
 ( #3244, #4450, #5722 ),
 ( #6811, #414, #1513 ),
 ( #2051, #4376, #6183 ),
 ( #3207, #5576, #2619 ),
 ( #6254, #897, #5612 ),
 ( #304, #2658, #3872 ),
 ( #5026, #6218, #339 ),
 ( #969, #5064, #7431 ),
 ( #4017, #4669, #3507 ),
 ( #4094, #2299, #7028 ),
 ( #6439, #6476, #5901 ),
 ( #1112, #1041, #1151 ),
 ( #5866, #4556, #1658 ),
 ( #2266, #7653, #3429 ),
 ( #6953, #5281, #5753 ),
 ( #3547, #446, #5786 ),
 ( #6364, #7614, #2188 ),
 ( #1692, #4710, #1733 ),
 ( #2339, #3471, #2914 ),
 ( #562, #3982, #6918 ),
 ( #5170, #1073, #7070 ),
 ( #1189, #6330, #1772 ),
 ( #603, #7536, #4130 ),
 ( #7498, #3396, #5133 ),
 ( #1622, #7576, #2803 ),
 ( #2231, #4600, #486 ),
 ( #2840, #5209, #4632 ),
 ( #6990, #4053, #6398 ),
 ( #5828, #525, #2877 ),
 ( #5244, #4253, #646 ),
 ( #4788, #6066, #7108 ),
 ( #6101, #1808, #2375 ),
 ( #6564, #97, #5486 ),
 ( #143, #2412, #2496 ),
 ( #2998, #6684, #7148 ),
 ( #1391, #180, #2959 ),
 ( #771, #3122, #1313 ),
 ( #1851, #728, #1274 ),
 ( #3630, #4211, #59 ),
 ( #5983, #4869, #685 ),
 ( #3748, #3040, #5404 ),
 ( #3591, #2455, #3082 ),
 ( #1930, #4330, #5327 ),
 ( #6603, #6516, #4289 ),
 ( #2533, #4830, #3669 ),
 ( #7193, #5362, #1894 ),
 ( #6021, #4902, #4168 ),
 ( #21, #5447, #7231 ),
 ( #6641, #4747, #1228 ),
 ( #1350, #5946, #3709 ),
 ( #7266, #1966, #7306 ),
 ( #6246, #4367, #331 ),
 ( #2649, #3934, #6802 ),
 ( #6173, #4439, #2006 ),
 ( #2149, #7424, #3236 ) ),
 .UNSPECIFIED., .F., .F., .T. ) 
 B_SPLINE_SURFACE_WITH_KNOTS ( ( 4, 2, 2, 2, 2, 2, 2, 2, 2, 2, 2, 2, 2, 2, 2, 2, 2, 2, 2, 2, 2, 2, 2, 2, 2, 2, 2, 2, 2, 2, 2, 2, 2, 2, 2, 4 ),
 ( 3, 3 ),
 ( 0.08021148764709365442, 0.08040563383079382676, 0.08050270692264391292, 0.08059978001449401297, 0.08098807238189437152, 0.08176465711669510250, 0.08331782658629655058, 0.08642416552549944675, 0.08797733499510089483, 0.08953050446470234291, 0.09263684340390522520, 0.09419001287350667329, 0.09574318234310810749, 0.09884952128231100366, 0.09962610601711172076, 0.1004026907519124517, 0.1019558602215138998, 0.1027324449563146169, 0.1035090296911153479, 0.1050621991607167960, 0.1066153686303182441, 0.1081685380999196922, 0.1097217075695211402, 0.1112748770391225883, 0.1143812159783254845, 0.1174875549175283668, 0.1205938938567312491, 0.1237002327959341452, 0.1252534022655356072, 0.1268065717351370414, 0.1283597412047384756, 0.1291363259395392205, 0.1295246183069395651, 0.1296216913987896513, 0.1297187644906397375, 0.1299129106743399376 ),
 ( 0.000000000000000000, 1.000000000000000000 ),
 .UNSPECIFIED. ) 
 GEOMETRIC_REPRESENTATION_ITEM ( )  RATIONAL_B_SPLINE_SURFACE ( (
 ( 1.000000000000000000, 0.7071067811865483499, 1.000000000000000000),
 ( 1.000000000000000000, 0.7071067811865483499, 1.000000000000000000),
 ( 1.000000000000000000, 0.7071067811865477948, 1.000000000000000000),
 ( 1.000000000000000000, 0.7071067811865477948, 1.000000000000000000),
 ( 1.000000000000000000, 0.7071067811865477948, 1.000000000000000000),
 ( 1.000000000000000000, 0.7071067811865477948, 1.000000000000000000),
 ( 1.000000000000000000, 0.7071067811865483499, 1.000000000000000000),
 ( 1.000000000000000000, 0.7071067811865483499, 1.000000000000000000),
 ( 1.000000000000000000, 0.7071067811865487940, 1.000000000000000000),
 ( 1.000000000000000000, 0.7071067811865487940, 1.000000000000000000),
 ( 1.000000000000000000, 0.7071067811865483499, 1.000000000000000000),
 ( 1.000000000000000000, 0.7071067811865483499, 1.000000000000000000),
 ( 1.000000000000000000, 0.7071067811865483499, 1.000000000000000000),
 ( 1.000000000000000000, 0.7071067811865483499, 1.000000000000000000),
 ( 1.000000000000000000, 0.7071067811865483499, 1.000000000000000000),
 ( 1.000000000000000000, 0.7071067811865483499, 1.000000000000000000),
 ( 1.000000000000000000, 0.7071067811865496822, 1.000000000000000000),
 ( 1.000000000000000000, 0.7071067811865496822, 1.000000000000000000),
 ( 1.000000000000000000, 0.7071067811865497932, 1.000000000000000000),
 ( 1.000000000000000000, 0.7071067811865497932, 1.000000000000000000),
 ( 1.000000000000000000, 0.7071067811865483499, 1.000000000000000000),
 ( 1.000000000000000000, 0.7071067811865483499, 1.000000000000000000),
 ( 1.000000000000000000, 0.7071067811865483499, 1.000000000000000000),
 ( 1.000000000000000000, 0.7071067811865483499, 1.000000000000000000),
 ( 1.000000000000000000, 0.7071067811865483499, 1.000000000000000000),
 ( 1.000000000000000000, 0.7071067811865483499, 1.000000000000000000),
 ( 1.000000000000000000, 0.7071067811865510144, 1.000000000000000000),
 ( 1.000000000000000000, 0.7071067811865510144, 1.000000000000000000),
 ( 1.000000000000000000, 0.7071067811865483499, 1.000000000000000000),
 ( 1.000000000000000000, 0.7071067811865483499, 1.000000000000000000),
 ( 1.000000000000000000, 0.7071067811865483499, 1.000000000000000000),
 ( 1.000000000000000000, 0.7071067811865483499, 1.000000000000000000),
 ( 1.000000000000000000, 0.7071067811865483499, 1.000000000000000000),
 ( 1.000000000000000000, 0.7071067811865483499, 1.000000000000000000),
 ( 1.000000000000000000, 0.7071067811865452413, 1.000000000000000000),
 ( 1.000000000000000000, 0.7071067811865452413, 1.000000000000000000),
 ( 1.000000000000000000, 0.7071067811865466846, 1.000000000000000000),
 ( 1.000000000000000000, 0.7071067811865466846, 1.000000000000000000),
 ( 1.000000000000000000, 0.7071067811865483499, 1.000000000000000000),
 ( 1.000000000000000000, 0.7071067811865483499, 1.000000000000000000),
 ( 1.000000000000000000, 0.7071067811865483499, 1.000000000000000000),
 ( 1.000000000000000000, 0.7071067811865483499, 1.000000000000000000),
 ( 1.000000000000000000, 0.7071067811865453523, 1.000000000000000000),
 ( 1.000000000000000000, 0.7071067811865453523, 1.000000000000000000),
 ( 1.000000000000000000, 0.7071067811865483499, 1.000000000000000000),
 ( 1.000000000000000000, 0.7071067811865483499, 1.000000000000000000),
 ( 1.000000000000000000, 0.7071067811865483499, 1.000000000000000000),
 ( 1.000000000000000000, 0.7071067811865483499, 1.000000000000000000),
 ( 1.000000000000000000, 0.7071067811865483499, 1.000000000000000000),
 ( 1.000000000000000000, 0.7071067811865483499, 1.000000000000000000),
 ( 1.000000000000000000, 0.7071067811865501263, 1.000000000000000000),
 ( 1.000000000000000000, 0.7071067811865501263, 1.000000000000000000),
 ( 1.000000000000000000, 0.7071067811865472397, 1.000000000000000000),
 ( 1.000000000000000000, 0.7071067811865472397, 1.000000000000000000),
 ( 1.000000000000000000, 0.7071067811865483499, 1.000000000000000000),
 ( 1.000000000000000000, 0.7071067811865483499, 1.000000000000000000),
 ( 1.000000000000000000, 0.7071067811865473507, 1.000000000000000000),
 ( 1.000000000000000000, 0.7071067811865473507, 1.000000000000000000),
 ( 1.000000000000000000, 0.7071067811865487940, 1.000000000000000000),
 ( 1.000000000000000000, 0.7071067811865487940, 1.000000000000000000),
 ( 1.000000000000000000, 0.7071067811865476838, 1.000000000000000000),
 ( 1.000000000000000000, 0.7071067811865476838, 1.000000000000000000),
 ( 1.000000000000000000, 0.7071067811865483499, 1.000000000000000000),
 ( 1.000000000000000000, 0.7071067811865483499, 1.000000000000000000),
 ( 1.000000000000000000, 0.7071067811865487940, 1.000000000000000000),
 ( 1.000000000000000000, 0.7071067811865487940, 1.000000000000000000),
 ( 1.000000000000000000, 0.7071067811865483499, 1.000000000000000000),
 ( 1.000000000000000000, 0.7071067811865483499, 1.000000000000000000),
 ( 1.000000000000000000, 0.7071067811865483499, 1.000000000000000000),
 ( 1.000000000000000000, 0.7071067811865483499, 1.000000000000000000),
 ( 1.000000000000000000, 0.7071067811865487940, 1.000000000000000000),
 ( 1.000000000000000000, 0.7071067811865487940, 1.000000000000000000) ) ) 
 REPRESENTATION_ITEM ( '' )  SURFACE ( )  );
#2749 = CARTESIAN_POINT ( 'NONE',  ( 26.03293832811137776, 6.953195230065769117, -63.91792897274542185 ) ) ;
#2750 = CARTESIAN_POINT ( 'NONE',  ( -24.73057814568559820, 7.273680913377527091, -18.83780789105709630 ) ) ;
#2751 = ORIENTED_EDGE ( 'NONE', *, *, #4577, .F. ) ;
#2752 = CARTESIAN_POINT ( 'NONE',  ( 21.46585646457875995, 3.000000000000000444, -127.1354056011305715 ) ) ;
#2753 = CARTESIAN_POINT ( 'NONE',  ( -7.539094576195087605, 0.000000000000000000, -4.993293277592750101 ) ) ;
#2754 = CARTESIAN_POINT ( 'NONE',  ( -0.0001116011747321372379, 7.500000000782234721, -3.903600569487307871E-10 ) ) ;
#2755 = CARTESIAN_POINT ( 'NONE',  ( 18.59263102541745738, 24.19686357861037251, -116.9953142949316316 ) ) ;
#2756 = DIRECTION ( 'NONE',  ( -0.000000000000000000, 0.000000000000000000, 1.000000000000000000 ) ) ;
#2757 = CARTESIAN_POINT ( 'NONE',  ( -18.23298199103645700, 32.80994599635353381, -101.4646796931500745 ) ) ;
#2758 = CARTESIAN_POINT ( 'NONE',  ( 7.921953419926776263, 32.50000000000000000, -114.0465251846855494 ) ) ;
#2759 = CARTESIAN_POINT ( 'NONE',  ( 2.726241686143882959, 25.00000000000000000, -73.81785302274593619 ) ) ;
#2760 = CARTESIAN_POINT ( 'NONE',  ( -17.38138247749787624, 32.49999957494085123, -84.96967581171793427 ) ) ;
#2761 = CARTESIAN_POINT ( 'NONE',  ( 31.38982081378402356, 7.499590802499565001, -116.1976930600799136 ) ) ;
#2762 = CARTESIAN_POINT ( 'NONE',  ( 17.12587206869616097, 2.602085213965210642E-15, -130.9263039347594031 ) ) ;
#2763 = CARTESIAN_POINT ( 'NONE',  ( 13.29429622749377238, 32.93221758402978594, -77.61888914139491646 ) ) ;
#2764 = ADVANCED_FACE ( 'NONE', ( #4381 ), #4960, .F. ) ;
#2765 = CARTESIAN_POINT ( 'NONE',  ( 9.711359994299593623, 32.73762136762555741, -116.4623911034352801 ) ) ;
#2766 = EDGE_CURVE ( 'NONE', #7238, #626, #7324, .T. ) ;
#2767 = CARTESIAN_POINT ( 'NONE',  ( 20.54999999999999005, 0.1000000000000000056, -83.33717174866055188 ) ) ;
#2768 = DIRECTION ( 'NONE',  ( -1.000000000000000000, -0.000000000000000000, -0.000000000000000000 ) ) ;
#2769 = CARTESIAN_POINT ( 'NONE',  ( -14.19399016739466113, 25.00000000000000000, -98.01554009571836446 ) ) ;
#2770 = CARTESIAN_POINT ( 'NONE',  ( 8.488296684034615680, -8.673617379884035472E-16, -5.515759591844459742 ) ) ;
#2771 = ORIENTED_EDGE ( 'NONE', *, *, #3487, .F. ) ;
#2772 = CARTESIAN_POINT ( 'NONE',  ( 22.14120973892365996, 2.999999999999628297, -14.82050472200704228 ) ) ;
#2773 = CARTESIAN_POINT ( 'NONE',  ( -27.78144283557207928, 7.059668393224170835, -26.31856210062912282 ) ) ;
#2774 = CARTESIAN_POINT ( 'NONE',  ( -25.52499643441695198, 50.10999999999998522, -86.65000000000063096 ) ) ;
#2775 = CARTESIAN_POINT ( 'NONE',  ( -32.53092719308879310, 1.099791588386549814E-12, -104.5416837548776527 ) ) ;
#2776 = CARTESIAN_POINT ( 'NONE',  ( 1.734723475976807094E-15, 23.50000000000000000, -94.80960127224460621 ) ) ;
#2777 = CARTESIAN_POINT ( 'NONE',  ( -22.03051882376770720, 23.84605373485343094, -85.15000000000063096 ) ) ;
#2778 = ORIENTED_EDGE ( 'NONE', *, *, #3348, .T. ) ;
#2779 = CARTESIAN_POINT ( 'NONE',  ( -13.16315256723754779, 7.500474031071975745, -5.046409829224915988 ) ) ;
#2780 = DIRECTION ( 'NONE',  ( 0.000000000000000000, 0.000000000000000000, 1.000000000000000000 ) ) ;
#2781 = DIRECTION ( 'NONE',  ( 1.000000000000000000, -0.000000000000000000, -0.000000000000000000 ) ) ;
#2782 = CARTESIAN_POINT ( 'NONE',  ( -29.86783812784139869, 7.500000000000008882, -88.07377138230984315 ) ) ;
#2783 = CARTESIAN_POINT ( 'NONE',  ( 16.11183433626499095, 32.77304758814182151, -82.20142126274318173 ) ) ;
#2784 = CARTESIAN_POINT ( 'NONE',  ( -6.251826634254604720, 7.024354589441263563, -0.7774008418678987065 ) ) ;
#2785 = B_SPLINE_SURFACE_WITH_KNOTS ( 'NONE', 3, 1, ( 
 ( #2348, #6409 ),
 ( #1744, #5909 ),
 ( #7080, #1082 ),
 ( #569, #2848 ),
 ( #6337, #614 ),
 ( #2969, #5334 ),
 ( #4025, #7548 ),
 ( #32, #5836 ),
 ( #2385, #1121 ),
 ( #1048, #1698 ),
 ( #2238, #3403 ),
 ( #5759, #4606 ),
 ( #6961, #6372 ),
 ( #495, #5216 ),
 ( #2272, #7585 ),
 ( #4641, #6998 ),
 ( #533, #2885 ),
 ( #5251, #227 ),
 ( #3049, #3167 ),
 ( #4262, #1940 ),
 ( #2542, #4299 ),
 ( #4840, #5457 ),
 ( #152, #1401 ),
 ( #1323, #2506 ),
 ( #7202, #4223 ),
 ( #5993, #6573 ),
 ( #1283, #3640 ),
 ( #694, #5413 ),
 ( #5533, #4877 ),
 ( #7240, #4341 ),
 ( #6650, #782 ),
 ( #1360, #656 ),
 ( #6613, #108 ),
 ( #4913, #3720 ),
 ( #7276, #5954 ),
 ( #4952, #3009 ),
 ( #6074, #3132 ),
 ( #1975, #5495 ),
 ( #2580, #3678 ),
 ( #7158, #1816 ),
 ( #6110, #4176 ),
 ( #1240, #2465 ),
 ( #1903, #6031 ),
 ( #738, #5373 ),
 ( #4798, #1862 ),
 ( #6694, #189 ),
 ( #3758, #820 ),
 ( #3093, #6526 ),
 ( #3601, #68 ),
 ( #2420, #6768 ),
 ( #7465, #1512 ),
 ( #3206, #968 ),
 ( #6253, #6729 ),
 ( #896, #4449 ) ),
 .UNSPECIFIED., .F., .F., .F.,
 ( 4, 2, 2, 2, 2, 2, 2, 2, 2, 2, 2, 2, 2, 2, 2, 2, 2, 2, 2, 2, 2, 2, 2, 2, 2, 2, 4 ),
 ( 2, 2 ),
 ( 0.000000000000000000, 0.06250000000000077716, 0.1250000000000015543, 0.1562500000000016098, 0.1875000000000016653, 0.2500000000000017764, 0.3125000000000019429, 0.3437500000000022760, 0.3750000000000025535, 0.4062500000000028311, 0.4375000000000031086, 0.4687500000000033862, 0.5000000000000036637, 0.5156250000000037748, 0.5312500000000037748, 0.5625000000000041078, 0.5781250000000041078, 0.5937500000000039968, 0.6250000000000039968, 0.6562500000000038858, 0.6875000000000038858, 0.7500000000000032196, 0.7812500000000025535, 0.8125000000000019984, 0.8750000000000013323, 0.9375000000000006661, 1.000000000000000000 ),
 ( 0.000000000000000000, 1.000000000000000000 ),
 .UNSPECIFIED. ) ;
#2786 = VERTEX_POINT ( 'NONE', #3878 ) ;
#2787 = CARTESIAN_POINT ( 'NONE',  ( -25.52499643441695198, 32.48868152953984634, -102.8500000000004775 ) ) ;
#2788 = CARTESIAN_POINT ( 'NONE',  ( 1.734723475976807094E-15, 23.50000000000000000, -100.3096012722446204 ) ) ;
#2789 = CARTESIAN_POINT ( 'NONE',  ( 22.02499643441695198, 50.10999999999998522, -104.3500000000004775 ) ) ;
#2790 = CARTESIAN_POINT ( 'NONE',  ( 12.74658742100529984, 32.58386167785606347, -113.2989787516938947 ) ) ;
#2791 = CARTESIAN_POINT ( 'NONE',  ( -0.0001127171864900215845, 7.261740045911976082, 0.1189014670506815807 ) ) ;
#2792 = CARTESIAN_POINT ( 'NONE',  ( -21.48295366003403117, 20.95911756164135653, -87.75982972717466168 ) ) ;
#2793 = CARTESIAN_POINT ( 'NONE',  ( 6.655479384040130064, 26.50000000000000355, -115.1628503780877963 ) ) ;
#2794 = CARTESIAN_POINT ( 'NONE',  ( -8.558460576762744410, 25.00000000000000000, -78.45292796351435527 ) ) ;
#2795 = CARTESIAN_POINT ( 'NONE',  ( -15.59823765469664103, 26.01620707276558164, -91.36779603818332873 ) ) ;
#2796 = CARTESIAN_POINT ( 'NONE',  ( 8.801377205451254682, 7.500116869653502327, -138.5735320410884981 ) ) ;
#2797 = CARTESIAN_POINT ( 'NONE',  ( -6.777887370063751860, -8.673617379884035472E-16, -136.0931504691731959 ) ) ;
#2798 = CARTESIAN_POINT ( 'NONE',  ( 27.00232916525822802, 0.000000000000000000, -89.05402431260772289 ) ) ;
#2799 = CARTESIAN_POINT ( 'NONE',  ( 26.27921906525198992, 7.123443119461569495, -58.54736256922986115 ) ) ;
#2800 = CARTESIAN_POINT ( 'NONE',  ( 10.68674205114688114, 7.171922984113329846, -138.1236782612669458 ) ) ;
#2801 = DIRECTION ( 'NONE',  ( 1.000000000000000000, 0.000000000000000000, 0.000000000000000000 ) ) ;
#2802 = DIRECTION ( 'NONE',  ( -0.000000000000000000, -1.000000000000000000, -0.000000000000000000 ) ) ;
#2803 = CARTESIAN_POINT ( 'NONE',  ( 2.080117679973564560, 25.00000000000000000, -116.0544265684325751 ) ) ;
#2804 = CARTESIAN_POINT ( 'NONE',  ( 12.66394349059243574, -8.673617379884035472E-16, -8.512921481012085678 ) ) ;
#2805 = ORIENTED_EDGE ( 'NONE', *, *, #1166, .F. ) ;
#2806 = CARTESIAN_POINT ( 'NONE',  ( -22.93678856948234923, 29.51658033879100174, -34.52652052690465467 ) ) ;
#2807 = EDGE_CURVE ( 'NONE', #4186, #6524, #5653, .T. ) ;
#2808 = B_SPLINE_CURVE_WITH_KNOTS ( 'NONE', 3,
 ( #7273, #6691, #1280, #1900, #1813, #7237 ),
 .UNSPECIFIED., .F., .F.,
 ( 4, 2, 4 ),
 ( 0.5020237683271808748, 0.5349374008899555610, 0.5515377714528100217 ),
 .UNSPECIFIED. ) ;
#2809 = CARTESIAN_POINT ( 'NONE',  ( 0.008599222540018594194, 18.30075104705089473, -137.8900919641466203 ) ) ;
#2810 = CARTESIAN_POINT ( 'NONE',  ( -25.52499643441695198, 32.48868152953984634, -102.8500000000004775 ) ) ;
#2811 = CARTESIAN_POINT ( 'NONE',  ( 16.69033367937894496, 2.999999999999999556, -12.57532432744841877 ) ) ;
#2812 = CARTESIAN_POINT ( 'NONE',  ( -24.05009820170667467, -0.000000000000000000, -52.55430890686629652 ) ) ;
#2813 = ORIENTED_EDGE ( 'NONE', *, *, #6262, .T. ) ;
#2814 = CARTESIAN_POINT ( 'NONE',  ( -21.16028060215734286, 7.499957355245272517, -13.40565674178935218 ) ) ;
#2815 = FACE_OUTER_BOUND ( 'NONE', #7200, .T. ) ;
#2816 = PRESENTATION_LAYER_ASSIGNMENT (  '', '', ( #3703 ) ) ;
#2817 = CARTESIAN_POINT ( 'NONE',  ( -17.00692314181683074, 32.59615447778833897, -105.6186675037957343 ) ) ;
#2818 = CARTESIAN_POINT ( 'NONE',  ( 28.38040808547559379, 7.297292349045037874, -45.21433867761333403 ) ) ;
#2819 = AXIS2_PLACEMENT_3D ( 'NONE', #1473, #2768, #6217 ) ;
#2820 = CARTESIAN_POINT ( 'NONE',  ( -11.35518835603479459, 32.64792148721204512, -74.73384003968625677 ) ) ;
#2821 = B_SPLINE_CURVE_WITH_KNOTS ( 'NONE', 3,
 ( #1820, #2973, #4227, #5958, #618, #4266, #5338, #5295, #6577, #572, #4760, #660, #2351, #3559 ),
 .UNSPECIFIED., .F., .F.,
 ( 4, 2, 2, 2, 2, 2, 4 ),
 ( -2.064365407931883611E-05, 0.0005710013949027349872, 0.001162646443884788770, 0.001458468968375815607, 0.001754291492866842661, 0.002050114017357869498, 0.002345936541848896335 ),
 .UNSPECIFIED. ) ;
#2822 = ORIENTED_EDGE ( 'NONE', *, *, #7127, .T. ) ;
#2823 = CARTESIAN_POINT ( 'NONE',  ( 1.734723475976807094E-15, 6.500000000000000888, -94.80960127224460621 ) ) ;
#2824 = DIRECTION ( 'NONE',  ( -1.512080307323490847E-16, 0.000000000000000000, 1.000000000000000000 ) ) ;
#2825 = CARTESIAN_POINT ( 'NONE',  ( 31.87993761354215749, 7.500000000000024869, -114.9036730959955435 ) ) ;
#2826 = VECTOR ( 'NONE', #698, 1000.000000000000114 ) ;
#2827 = CYLINDRICAL_SURFACE ( 'NONE', #1988, 1.499999999999999556 ) ;
#2828 = CARTESIAN_POINT ( 'NONE',  ( -23.89002370447681400, 25.11865232152261740, -73.81017552319354991 ) ) ;
#2829 = VERTEX_POINT ( 'NONE', #6735 ) ;
#2830 = CARTESIAN_POINT ( 'NONE',  ( 12.03630639683660242, 32.50000000000000000, -108.7642380761172518 ) ) ;
#2831 = AXIS2_PLACEMENT_3D ( 'NONE', #22, #3548, #2456 ) ;
#2832 = CARTESIAN_POINT ( 'NONE',  ( 1.745153597981186966, 25.00000000000000000, -73.47838047671632467 ) ) ;
#2833 = CARTESIAN_POINT ( 'NONE',  ( 1.734723475976807094E-15, 5.000000000000000000, -94.80960127224460621 ) ) ;
#2834 =( LENGTH_UNIT ( ) NAMED_UNIT ( * ) SI_UNIT ( .MILLI., .METRE. ) );
#2835 = CARTESIAN_POINT ( 'NONE',  ( 1.246832498358330099E-15, -8.673617379884035472E-16, -137.0000000000000000 ) ) ;
#2836 = CARTESIAN_POINT ( 'NONE',  ( 27.07453316893124295, -0.000000000000000000, -89.38144129110213498 ) ) ;
#2837 = CARTESIAN_POINT ( 'NONE',  ( 28.41802535002898367, 7.094584698090103281, -45.15346489831016186 ) ) ;
#2838 = CARTESIAN_POINT ( 'NONE',  ( 9.854460668436166415, 32.49999999999998579, -116.6270549283001401 ) ) ;
#2839 = CYLINDRICAL_SURFACE ( 'NONE', #2087, 1.500000000000001332 ) ;
#2840 = CARTESIAN_POINT ( 'NONE',  ( 4.228852897243148057, 26.50000000000000355, -116.7679670349035632 ) ) ;
#2841 = CARTESIAN_POINT ( 'NONE',  ( 5.500000000000001776, 1.500000000000000000, -94.80960127224460621 ) ) ;
#2842 = ORIENTED_EDGE ( 'NONE', *, *, #5128, .T. ) ;
#2843 = CARTESIAN_POINT ( 'NONE',  ( 26.03853387672756980, 3.000000000000368150, -61.30658177935208641 ) ) ;
#2844 = CARTESIAN_POINT ( 'NONE',  ( -14.00586776995276672, 32.64267019403705206, -78.24396386016984195 ) ) ;
#2845 = FACE_OUTER_BOUND ( 'NONE', #1231, .T. ) ;
#2846 = VERTEX_POINT ( 'NONE', #862 ) ;
#2847 = CARTESIAN_POINT ( 'NONE',  ( -27.89535026873940282, 0.000000000000000000, -93.01006367763639560 ) ) ;
#2848 = CARTESIAN_POINT ( 'NONE',  ( -14.72639869717517946, 32.50000000000000000, -86.99542812771839806 ) ) ;
#2849 = CARTESIAN_POINT ( 'NONE',  ( 13.96407371491660854, 3.000000000000000888, -9.689371877787323228 ) ) ;
#2850 = CARTESIAN_POINT ( 'NONE',  ( -24.08308292767741321, -0.000000000000000000, -52.35200602602379405 ) ) ;
#2851 = ORIENTED_EDGE ( 'NONE', *, *, #2077, .F. ) ;
#2852 = DIRECTION ( 'NONE',  ( -0.000000000000000000, 1.000000000000000000, -0.000000000000000000 ) ) ;
#2853 = DIRECTION ( 'NONE',  ( -0.000000000000000000, -1.000000000000000000, -0.000000000000000000 ) ) ;
#2854 = CARTESIAN_POINT ( 'NONE',  ( -26.77564143410655362, 7.327883865694452048, -73.00774386923687587 ) ) ;
#2855 = EDGE_CURVE ( 'NONE', #6091, #3804, #4947, .T. ) ;
#2856 = CARTESIAN_POINT ( 'NONE',  ( -14.78101063858387043, 7.029712874841916204, -5.936296227870455411 ) ) ;
#2857 = CARTESIAN_POINT ( 'NONE',  ( -10.50055205084747811, 24.99999999999452882, -78.51271360720035375 ) ) ;
#2858 = ADVANCED_FACE ( 'NONE', ( #4995 ), #6852, .T. ) ;
#2859 = ORIENTED_EDGE ( 'NONE', *, *, #5046, .T. ) ;
#2860 = CARTESIAN_POINT ( 'NONE',  ( 22.93763635816236501, 3.000000000000000000, -125.5452016344838455 ) ) ;
#2861 = CARTESIAN_POINT ( 'NONE',  ( -3.267528763657640223, 3.729477746171571635E-13, -0.2942636753595619936 ) ) ;
#2862 = FACE_OUTER_BOUND ( 'NONE', #5531, .T. ) ;
#2863 = CARTESIAN_POINT ( 'NONE',  ( 11.29235018478084562, 32.66277043146753556, -114.9504544584357859 ) ) ;
#2864 = CARTESIAN_POINT ( 'NONE',  ( 0.3683100145168501371, 32.50000000000000000, -68.55960127224463463 ) ) ;
#2865 = CARTESIAN_POINT ( 'NONE',  ( -18.27176039560581344, 32.70663066423568921, -101.4384735572405276 ) ) ;
#2866 = ORIENTED_EDGE ( 'NONE', *, *, #3919, .T. ) ;
#2867 = CARTESIAN_POINT ( 'NONE',  ( 15.29705851458454013, 26.50000000000000355, -100.4708647565422126 ) ) ;
#2868 = CARTESIAN_POINT ( 'NONE',  ( 21.80111479982686262, 3.000000000000000444, -20.07419530490323112 ) ) ;
#2869 = CARTESIAN_POINT ( 'NONE',  ( -18.84999643441695127, 50.10999999999998522, -102.9249981269010163 ) ) ;
#2870 = CARTESIAN_POINT ( 'NONE',  ( 22.49728432719580340, 7.500505177585936600, -130.3891369933738247 ) ) ;
#2871 = CARTESIAN_POINT ( 'NONE',  ( -16.00369875098198591, 1.734723475976807094E-15, -131.7553307150570561 ) ) ;
#2872 = CARTESIAN_POINT ( 'NONE',  ( 28.58588034928774491, 0.000000000000000000, -96.92580459258101655 ) ) ;
#2873 = CARTESIAN_POINT ( 'NONE',  ( 26.96372780460758989, 7.499999999999987566, -53.28246274389321258 ) ) ;
#2874 = CARTESIAN_POINT ( 'NONE',  ( 2.198241414160589269, 32.57407517693907550, -120.8269437511115143 ) ) ;
#2875 = DIRECTION ( 'NONE',  ( 1.000000000000000000, 0.000000000000000000, 0.000000000000000000 ) ) ;
#2876 = CARTESIAN_POINT ( 'NONE',  ( 11.45339283699895283, 32.50000000000000000, -109.7183520931621672 ) ) ;
#2877 = CARTESIAN_POINT ( 'NONE',  ( 4.873005172507549609, 25.00000000000000000, -114.6233292051567929 ) ) ;
#2878 = CARTESIAN_POINT ( 'NONE',  ( 1.232210446314608854, 8.673617379884035472E-16, -3.050756033837882075 ) ) ;
#2879 = ORIENTED_EDGE ( 'NONE', *, *, #6499, .F. ) ;
#2880 = CARTESIAN_POINT ( 'NONE',  ( 26.91760230180271662, 9.629649721936179265E-32, -74.16857551786249303 ) ) ;
#2881 = CARTESIAN_POINT ( 'NONE',  ( -3.784010854718029560, 17.14186621286388146, -49.20472847530403016 ) ) ;
#2882 = CARTESIAN_POINT ( 'NONE',  ( 15.67499646296015570, 26.50000000000000355, -91.36303240319273300 ) ) ;
#2883 = ORIENTED_EDGE ( 'NONE', *, *, #2624, .T. ) ;
#2884 = CARTESIAN_POINT ( 'NONE',  ( 23.44473810355626853, 2.999999999999999112, -129.4168226583016406 ) ) ;
#2885 = CARTESIAN_POINT ( 'NONE',  ( -6.655479409121784151, 32.50000000000000000, -74.45635218185009307 ) ) ;
#2886 = CARTESIAN_POINT ( 'NONE',  ( 7.851522149194305911, 3.000000000000000444, -5.177110391408043633 ) ) ;
#2887 = ORIENTED_EDGE ( 'NONE', *, *, #443, .T. ) ;
#2888 = CARTESIAN_POINT ( 'NONE',  ( -8.513752959532611797, 25.00000000000000000, -111.1916323521583365 ) ) ;
#2889 = CARTESIAN_POINT ( 'NONE',  ( 32.07767457139478751, 3.000000000000000444, -113.3255576711923140 ) ) ;
#2890 = CARTESIAN_POINT ( 'NONE',  ( -26.60012358154673962, 22.41883967751617135, -96.16111313600555377 ) ) ;
#2891 = CARTESIAN_POINT ( 'NONE',  ( 4.373039862097490627, 4.814824860968089633E-32, -139.6382178266192966 ) ) ;
#2892 = CARTESIAN_POINT ( 'NONE',  ( -7.275809207600038242, 25.00000000000000000, -77.01794184338271521 ) ) ;
#2893 = VERTEX_POINT ( 'NONE', #2882 ) ;
#2894 = CARTESIAN_POINT ( 'NONE',  ( 24.41990757687869618, 3.000000000000000000, -123.6357356539138124 ) ) ;
#2895 = CARTESIAN_POINT ( 'NONE',  ( -3.267528763509436551, 3.000000000000373035, -0.2942636764480331957 ) ) ;
#2896 = DIRECTION ( 'NONE',  ( -0.000000000000000000, 1.000000000000000000, -0.000000000000000000 ) ) ;
#2897 = CARTESIAN_POINT ( 'NONE',  ( 6.227635073918062147, 32.72759617156433620, -119.0774139163623033 ) ) ;
#2898 = EDGE_CURVE ( 'NONE', #708, #1084, #3435, .T. ) ;
#2899 = B_SPLINE_CURVE_WITH_KNOTS ( 'NONE', 3,
 ( #1573, #3820, #7457, #888, #3156, #959, #3310, #6836, #6245, #2608, #3271, #1426, #3933, #2148, #5675, #2113, #809, #6799, #371, #5602 ),
 .UNSPECIFIED., .F., .F.,
 ( 4, 2, 2, 2, 2, 2, 2, 2, 2, 4 ),
 ( 0.5707444368822216507, 0.5903729218953013280, 0.6311789109783396690, 0.6719849000613784540, 0.7535968782274555799, 0.7944028673104939209, 0.8352088563935320398, 0.9168208345596091657, 0.9984328127256862917, 1.000000000000000000 ),
 .UNSPECIFIED. ) ;
#2900 = CARTESIAN_POINT ( 'NONE',  ( 24.81817813794044980, 6.821042740132545745, -18.65643164627852002 ) ) ;
#2901 = CARTESIAN_POINT ( 'NONE',  ( -26.36947557994560043, 6.971440430354330253, -69.33530364630887277 ) ) ;
#2902 = CARTESIAN_POINT ( 'NONE',  ( 13.88707511643266557, -8.673617379884035472E-16, -133.0383251034911893 ) ) ;
#2903 = EDGE_LOOP ( 'NONE', ( #1522, #6220, #4999, #4688 ) ) ;
#2904 = CARTESIAN_POINT ( 'NONE',  ( 14.71951161972040367, 26.50000000000001066, -102.6476888509610177 ) ) ;
#2905 = CARTESIAN_POINT ( 'NONE',  ( 9.150226090481956120, 24.99999999999999645, -79.23972057097360278 ) ) ;
#2906 = EDGE_CURVE ( 'NONE', #4718, #7257, #3553, .T. ) ;
#2907 = CARTESIAN_POINT ( 'NONE',  ( 18.84999643441695127, 50.10999999999987864, -94.75000000000054001 ) ) ;
#2908 = CARTESIAN_POINT ( 'NONE',  ( -10.76536678418689519, -8.673617379884035472E-16, -134.6181250234569973 ) ) ;
#2909 = CARTESIAN_POINT ( 'NONE',  ( 28.53986975518240143, 0.000000000000000000, -96.65808865405378469 ) ) ;
#2910 = CARTESIAN_POINT ( 'NONE',  ( 14.49379393618561451, 32.92362455883436212, -79.44231756692266799 ) ) ;
#2911 = CARTESIAN_POINT ( 'NONE',  ( 8.122725863928646817, 32.57735723517336623, -117.9892312304696702 ) ) ;
#2912 = CARTESIAN_POINT ( 'NONE',  ( 22.93288736859645027, 3.000000000000001332, -22.41550438622843444 ) ) ;
#2913 = CARTESIAN_POINT ( 'NONE',  ( -28.71342218526859469, 3.000000000000001332, -114.5252459130267937 ) ) ;
#2914 = CARTESIAN_POINT ( 'NONE',  ( -2.056687498315327822, 25.00000000000000000, -116.0476109476747695 ) ) ;
#2915 = CARTESIAN_POINT ( 'NONE',  ( 4.982993335437209126, 8.673617379884035472E-16, -3.895119319781500611 ) ) ;
#2916 = CARTESIAN_POINT ( 'NONE',  ( 26.21822849676917144, -2.970467062572387880E-12, -58.89360164106623330 ) ) ;
#2917 = CARTESIAN_POINT ( 'NONE',  ( -4.330374703964035454, 32.50000000000000000, -69.36476191232168276 ) ) ;
#2918 = CARTESIAN_POINT ( 'NONE',  ( -17.34999643441695127, 34.00000000000000000, -68.55960127224463463 ) ) ;
#2919 = ORIENTED_EDGE ( 'NONE', *, *, #5942, .T. ) ;
#2920 = CARTESIAN_POINT ( 'NONE',  ( 22.02499643441695198, 50.10999999999987864, -94.75000000000054001 ) ) ;
#2921 = CARTESIAN_POINT ( 'NONE',  ( -4.389364958444520681, 3.000000000000002220, -0.5621556594073950919 ) ) ;
#2922 = CARTESIAN_POINT ( 'NONE',  ( 2.304412383326785552, 3.000000000000000444, -3.172350526554359007 ) ) ;
#2923 = CARTESIAN_POINT ( 'NONE',  ( -23.62215259699502923, 0.000000000000000000, -55.36818140262490573 ) ) ;
#2924 = EDGE_LOOP ( 'NONE', ( #5912, #3793, #5371, #4421 ) ) ;
#2925 = DIRECTION ( 'NONE',  ( 0.000000000000000000, 1.000000000000000000, 0.000000000000000000 ) ) ;
#2926 = CARTESIAN_POINT ( 'NONE',  ( 26.04574036848904228, 2.999999999999998668, -61.13522601841452797 ) ) ;
#2927 = CARTESIAN_POINT ( 'NONE',  ( -19.05157220814238173, 32.61656291262742968, -93.76493508292887213 ) ) ;
#2928 = CARTESIAN_POINT ( 'NONE',  ( -0.0001116011747425956283, 7.500000000000000000, 7.848517678142363130E-15 ) ) ;
#2929 = CARTESIAN_POINT ( 'NONE',  ( -15.64174737250650615, 26.50000000000000355, -91.12687192431320682 ) ) ;
#2930 = ORIENTED_EDGE ( 'NONE', *, *, #7325, .T. ) ;
#2931 = DIRECTION ( 'NONE',  ( 0.000000000000000000, -1.000000000000000000, 0.000000000000000000 ) ) ;
#2932 = AXIS2_PLACEMENT_3D ( 'NONE', #1925, #7189, #2994 ) ;
#2933 = CARTESIAN_POINT ( 'NONE',  ( 18.85029982631746748, -7.416568409965528159E-13, -10.42635962056993115 ) ) ;
#2934 = CARTESIAN_POINT ( 'NONE',  ( -4.353611243447178758, -8.673617379884035472E-16, -3.692287527068697450 ) ) ;
#2935 = CARTESIAN_POINT ( 'NONE',  ( 5.435335905869065343, 7.283476183430504847, -139.6595196116487614 ) ) ;
#2936 = CIRCLE ( 'NONE', #7520, 1.500000000000001332 ) ;
#2937 = AXIS2_PLACEMENT_3D ( 'NONE', #2920, #4222, #7661 ) ;
#2938 = CARTESIAN_POINT ( 'NONE',  ( 2.525652558447663232, 32.96535145375024456, -69.41960546604359195 ) ) ;
#2939 = CARTESIAN_POINT ( 'NONE',  ( -18.96199587286256971, 32.73693748834063655, -92.73178410287896156 ) ) ;
#2940 = CARTESIAN_POINT ( 'NONE',  ( 25.52499643441252886, 20.34089062410322057, -104.3500000000004206 ) ) ;
#2941 = ORIENTED_EDGE ( 'NONE', *, *, #4161, .F. ) ;
#2942 = CARTESIAN_POINT ( 'NONE',  ( -1.403188551753369095, 32.50000000000000000, -117.7577527335970728 ) ) ;
#2943 = ADVANCED_FACE ( 'NONE', ( #1742 ), #5176, .T. ) ;
#2944 = ADVANCED_FACE ( 'NONE', ( #2845 ), #5248, .T. ) ;
#2945 = CARTESIAN_POINT ( 'NONE',  ( 26.79984116861232479, 15.13562886186419831, -85.85744575368217113 ) ) ;
#2946 = CARTESIAN_POINT ( 'NONE',  ( -13.82018885177476086, 3.000000000000002220, -133.0762360322072766 ) ) ;
#2947 = CARTESIAN_POINT ( 'NONE',  ( 29.29422402695928440, 0.000000000000000000, -102.0305781950026329 ) ) ;
#2948 = AXIS2_PLACEMENT_3D ( 'NONE', #6981, #2257, #4625 ) ;
#2949 = CARTESIAN_POINT ( 'NONE',  ( 15.27589915112821828, 32.77836850073386898, -80.57432618727011686 ) ) ;
#2950 = AXIS2_PLACEMENT_3D ( 'NONE', #2347, #3555, #1861 ) ;
#2951 = EDGE_CURVE ( 'NONE', #6787, #3292, #5213, .T. ) ;
#2952 = AXIS2_PLACEMENT_3D ( 'NONE', #6121, #2594, #2027 ) ;
#2953 = EDGE_CURVE ( 'NONE', #4729, #5312, #977, .T. ) ;
#2954 = CARTESIAN_POINT ( 'NONE',  ( -24.16569038937421610, 7.150601142207451133, -129.0215685776906014 ) ) ;
#2955 = VECTOR ( 'NONE', #6335, 1000.000000000000000 ) ;
#2956 = CARTESIAN_POINT ( 'NONE',  ( 11.74267325931678840, 26.50000000000000355, -80.36392954347034845 ) ) ;
#2957 = EDGE_CURVE ( 'NONE', #4614, #5332, #6406, .T. ) ;
#2958 = CARTESIAN_POINT ( 'NONE',  ( 5.288943192736171639, 32.50000000000000000, -116.1494338271615021 ) ) ;
#2959 = CARTESIAN_POINT ( 'NONE',  ( 10.98450788926848709, 25.00000000000000000, -107.5775947393167797 ) ) ;
#2960 = B_SPLINE_CURVE_WITH_KNOTS ( 'NONE', 3,
 ( #6685, #4482, #2007, #297, #3787, #3273, #6174, #3901, #1392, #3863, #2650, #961, #2567, #3312, #5565, #2534, #3749, #2074, #5641, #6102, #7384, #6211, #811, #7267, #925, #5017, #4440, #2610, #332, #2686, #3158, #5053, #7425, #2116, #4903, #4331, #5524, #2042, #216, #4942, #260, #7307, #4368, #1428, #6138, #848, #3193, #4981, #4404, #6760, #1465, #4517, #7570, #3466, #1575, #5202, #7019, #7526, #1144, #4009, #4550, #1651, #6874, #7607, #5822, #4626, #5237, #2184, #6358, #2258, #5746, #2761, #3354, #5677, #6908, #6947, #5715, #1615, #7492, #1101, #2150, #2870, #6982, #408, #3935, #5777, #1066, #5162, #6390, #476, #2796, #4087, #2223, #4593, #5125, #1722, #3974, #2292, #6432, #4664, #373, #6323, #1034, #2728, #3388 ),
 .UNSPECIFIED., .F., .F.,
 ( 4, 2, 2, 2, 2, 2, 2, 2, 2, 2, 2, 2, 2, 2, 2, 2, 2, 2, 2, 2, 2, 2, 2, 2, 2, 2, 2, 2, 2, 2, 2, 2, 2, 2, 2, 2, 2, 2, 2, 2, 2, 2, 2, 2, 2, 2, 2, 2, 2, 1, 1, 1, 2, 4 ),
 ( 0.1768276649591111749, 0.1782590152953643370, 0.1796903656316174713, 0.1825530663041237955, 0.1839844166403769299, 0.1854157669766300920, 0.1882784676491363884, 0.1911411683216426849, 0.1940038689941490091, 0.1997292703391616020, 0.2054546716841742227, 0.2083173723566805191, 0.2111800730291868433, 0.2169054743741994640, 0.2197681750467057604, 0.2226308757192120846, 0.2254935763917183811, 0.2283562770642247053, 0.2340816784092372982, 0.2398070797542499188, 0.2455324810992625117, 0.2512578824442751046, 0.2541205831167814289, 0.2555519334530345632, 0.2569832837892877531, 0.2584146341255408874, 0.2598459844617940773, 0.2627086851343004015, 0.2684340864793130499, 0.2798848891693384022, 0.2913356918593636991, 0.2970610932043763475, 0.2999237938768826717, 0.3027864945493889959, 0.3085118958944016443, 0.3142372972394142927, 0.3170999979119206724, 0.3199626985844269966, 0.3228253992569333208, 0.3256880999294397006, 0.3314135012744523490, 0.3371389026194649974, 0.3400016032919712661, 0.3428643039644776458, 0.3485897053094902942, 0.3514524059819966184, 0.3543151066545029426, 0.3571778073270093223, 0.3586091576632624567, 0.3593248328313890516, 0.3596826704154523213, 0.3598615892074840117, 0.3599510486034998014, 0.3600405079995156465 ),
 .UNSPECIFIED. ) ;
#2961 = CARTESIAN_POINT ( 'NONE',  ( 14.92992863624305677, 25.18922187706698423, -98.20514300081885040 ) ) ;
#2962 = CARTESIAN_POINT ( 'NONE',  ( -5.204170427930421283E-15, 3.000000000000000000, -140.0000000000000000 ) ) ;
#2963 = VECTOR ( 'NONE', #1258, 1000.000000000000000 ) ;
#2964 = DIRECTION ( 'NONE',  ( -0.000000000000000000, -1.000000000000000000, -0.000000000000000000 ) ) ;
#2965 = CARTESIAN_POINT ( 'NONE',  ( 18.73699691194019579, 32.60704494374781603, -99.25107273494316473 ) ) ;
#2966 = CARTESIAN_POINT ( 'NONE',  ( -25.74841595853129306, 3.000000000000000888, -126.8981761661189012 ) ) ;
#2967 = EDGE_LOOP ( 'NONE', ( #3526, #6159 ) ) ;
#2968 = CARTESIAN_POINT ( 'NONE',  ( -22.02499643441695198, 43.11000187309952025, -95.92500000000055138 ) ) ;
#2969 = CARTESIAN_POINT ( 'NONE',  ( -13.76808828637284954, 26.50000000000000355, -84.38217795417376976 ) ) ;
#2970 = CARTESIAN_POINT ( 'NONE',  ( 4.478422476862339074, 3.000000000000000888, -3.730054698893316978 ) ) ;
#2971 = CARTESIAN_POINT ( 'NONE',  ( -25.57315235119625996, 0.000000000000000000, -82.64279251787007752 ) ) ;
#2972 = ORIENTED_EDGE ( 'NONE', *, *, #3004, .F. ) ;
#2973 = CARTESIAN_POINT ( 'NONE',  ( -14.37172452862729699, 24.99999999999997158, -98.16551276393433056 ) ) ;
#2974 = CARTESIAN_POINT ( 'NONE',  ( 28.85029111922368728, 3.000000000000000444, -83.67294392205941733 ) ) ;
#2975 = CARTESIAN_POINT ( 'NONE',  ( -18.48234847888147314, 32.87237969503885182, -89.55844664122824383 ) ) ;
#2976 = CARTESIAN_POINT ( 'NONE',  ( 3.425372073588119459, -2.064775705486241269E-29, -139.7932558152758418 ) ) ;
#2977 = CARTESIAN_POINT ( 'NONE',  ( -4.873005198118967485, 25.00000000000000000, -74.99587335199744587 ) ) ;
#2978 = ORIENTED_EDGE ( 'NONE', *, *, #1262, .F. ) ;
#2979 = CARTESIAN_POINT ( 'NONE',  ( 18.64479180322174301, 2.999999999999999112, -69.89266654017498581 ) ) ;
#2980 = CARTESIAN_POINT ( 'NONE',  ( 13.85397408924272966, -5.614810163279784411E-13, -5.601133895499704529 ) ) ;
#2981 = DIRECTION ( 'NONE',  ( 1.512080307323490847E-16, 0.000000000000000000, -1.000000000000000000 ) ) ;
#2982 = CARTESIAN_POINT ( 'NONE',  ( -2.187192396112519255, 32.64815035387813680, -120.7518684618456177 ) ) ;
#2983 = CARTESIAN_POINT ( 'NONE',  ( 18.56807458229602048, 7.500000000000000000, -9.985080617735885511 ) ) ;
#2984 = CARTESIAN_POINT ( 'NONE',  ( -26.55493347405300497, 7.499999999999993783, -55.96099909285668161 ) ) ;
#2985 = CARTESIAN_POINT ( 'NONE',  ( 28.71338985088044282, 0.000000000000000000, -114.5251569372659759 ) ) ;
#2986 = EDGE_LOOP ( 'NONE', ( #2419, #4992, #7594 ) ) ;
#2987 = CARTESIAN_POINT ( 'NONE',  ( -10.16549770337942782, 32.50000000000000000, -111.5533070262852533 ) ) ;
#2988 = APPLICATION_CONTEXT ( 'automotive_design' ) ;
#2989 = CARTESIAN_POINT ( 'NONE',  ( -28.96946497507709140, 0.000000000000000000, -39.70391231071612026 ) ) ;
#2990 = CARTESIAN_POINT ( 'NONE',  ( -25.52499643441695198, 9.117047592042126780, -102.8500000000004775 ) ) ;
#2991 = DIRECTION ( 'NONE',  ( 0.000000000000000000, 0.000000000000000000, -1.000000000000000000 ) ) ;
#2992 = CARTESIAN_POINT ( 'NONE',  ( 23.89149041211235769, 0.000000000000000000, -73.99092206174969988 ) ) ;
#2993 = CARTESIAN_POINT ( 'NONE',  ( 27.61621830233727692, 6.998915555494734875, -77.38109433253887914 ) ) ;
#2994 = DIRECTION ( 'NONE',  ( 0.000000000000000000, 0.000000000000000000, -1.000000000000000000 ) ) ;
#2995 = CARTESIAN_POINT ( 'NONE',  ( -4.330374703964046113, 32.50000000000000711, -120.2544406321674870 ) ) ;
#2996 = CARTESIAN_POINT ( 'NONE',  ( 14.52029373299516202, 25.00000000000541789, -86.35426797268453925 ) ) ;
#2997 = DIRECTION ( 'NONE',  ( 1.000000000000000000, 0.000000000000000000, -0.000000000000000000 ) ) ;
#2998 = CARTESIAN_POINT ( 'NONE',  ( 11.74016099401000979, 26.50000000000000355, -109.2602139249969468 ) ) ;
#2999 = CARTESIAN_POINT ( 'NONE',  ( -27.44948508071156112, 1.734723475976807094E-15, -118.3540111222134215 ) ) ;
#3000 = DIRECTION ( 'NONE',  ( -1.512080307323490847E-16, -0.000000000000000000, 1.000000000000000000 ) ) ;
#3001 = CARTESIAN_POINT ( 'NONE',  ( 26.64965485815337942, -1.301042606982605321E-15, -120.0719957073968374 ) ) ;
#3002 = CARTESIAN_POINT ( 'NONE',  ( 18.63744286985198073, 7.034482861845464896, -9.780977368324462518 ) ) ;
#3003 = CARTESIAN_POINT ( 'NONE',  ( -10.40245049276658484, 6.789274626688946768, -2.597112288357030341 ) ) ;
#3004 = EDGE_CURVE ( 'NONE', #5688, #5592, #5442, .T. ) ;
#3005 = CARTESIAN_POINT ( 'NONE',  ( 26.02862562441785244, 23.00077809194862866, -91.24254613711849515 ) ) ;
#3006 = CARTESIAN_POINT ( 'NONE',  ( -22.02499643441695198, 57.10999812690045729, -94.75000000000055422 ) ) ;
#3007 = ORIENTED_EDGE ( 'NONE', *, *, #2077, .T. ) ;
#3008 = CARTESIAN_POINT ( 'NONE',  ( 18.84999643441695127, 57.10999812690045729, -93.57500000000055707 ) ) ;
#3009 = CARTESIAN_POINT ( 'NONE',  ( 5.288749742018169719, 32.50000000000000000, -73.46994447592085464 ) ) ;
#3010 = CARTESIAN_POINT ( 'NONE',  ( -18.83493834465724959, 3.000000000000000444, -15.32532555258766926 ) ) ;
#3011 = CARTESIAN_POINT ( 'NONE',  ( -23.34264938254122512, 0.000000000000000000, -57.58928905918599384 ) ) ;
#3012 = ORIENTED_EDGE ( 'NONE', *, *, #7085, .F. ) ;
#3013 = DIRECTION ( 'NONE',  ( -1.000000000000000000, -0.000000000000000000, -0.000000000000000000 ) ) ;
#3014 = ADVANCED_FACE ( 'NONE', ( #7036 ), #418, .T. ) ;
#3015 = CARTESIAN_POINT ( 'NONE',  ( 3.515564719414668193, 3.000000000000000000, -0.2949874096495385123 ) ) ;
#3016 = CARTESIAN_POINT ( 'NONE',  ( -26.29725853502903021, 7.500000000000008882, -69.46563972039291457 ) ) ;
#3017 = CARTESIAN_POINT ( 'NONE',  ( 1.734723475976807094E-15, 0.000000000000000000, -94.80960127224460621 ) ) ;
#3018 = CARTESIAN_POINT ( 'NONE',  ( 2.474021430180321168, 3.000000000000000888, -139.9000748809776837 ) ) ;
#3019 = CARTESIAN_POINT ( 'NONE',  ( 17.49438968870827793, 3.000000000000000444, -130.6908691000797091 ) ) ;
#3020 = EDGE_LOOP ( 'NONE', ( #389, #3593, #5177, #198, #6591, #3 ) ) ;
#3021 = DIRECTION ( 'NONE',  ( 0.000000000000000000, 0.000000000000000000, 1.000000000000000000 ) ) ;
#3022 = CARTESIAN_POINT ( 'NONE',  ( 12.96332597580969370, 0.000000000000000000, -8.760625962455119264 ) ) ;
#3023 = DIRECTION ( 'NONE',  ( 1.000000000000000000, -0.000000000000000000, -0.000000000000000000 ) ) ;
#3024 = CARTESIAN_POINT ( 'NONE',  ( -12.45068037158632812, 18.61239004868732039, -134.0693216511060371 ) ) ;
#3025 = CARTESIAN_POINT ( 'NONE',  ( 22.01096266667629209, 6.810596468594792618, -13.98748954939999933 ) ) ;
#3026 = CARTESIAN_POINT ( 'NONE',  ( -18.70129771059301760, 32.74450859994941254, -90.55693748590553582 ) ) ;
#3027 = CARTESIAN_POINT ( 'NONE',  ( 24.80765545321105847, 21.32729037921146187, -104.3500000000004633 ) ) ;
#3028 = EDGE_LOOP ( 'NONE', ( #659, #286 ) ) ;
#3029 = CARTESIAN_POINT ( 'NONE',  ( -10.16549770337942782, 26.50000000000000355, -111.5533070262852533 ) ) ;
#3030 = CARTESIAN_POINT ( 'NONE',  ( -26.00630173268264045, -1.301042606982605321E-15, -34.32697991667986770 ) ) ;
#3031 = CARTESIAN_POINT ( 'NONE',  ( 17.43880024937401529, 32.50203326151751071, -104.4802131948123360 ) ) ;
#3032 = APPLICATION_PROTOCOL_DEFINITION ( 'draft international standard', 'automotive_design', 1998, #2988 ) ;
#3033 = DIRECTION ( 'NONE',  ( -0.000000000000000000, 1.000000000000000000, -0.000000000000000000 ) ) ;
#3034 = CARTESIAN_POINT ( 'NONE',  ( 23.01227127702640729, -0.000000000000000000, -62.00968379524406515 ) ) ;
#3035 = CARTESIAN_POINT ( 'NONE',  ( 19.05157303277535874, 32.61656291262741547, -93.76500411532188650 ) ) ;
#3036 = CARTESIAN_POINT ( 'NONE',  ( 11.66479067330148212, 3.000000000000000000, -7.692831505047716512 ) ) ;
#3037 = CARTESIAN_POINT ( 'NONE',  ( -20.08620838344261017, 7.272982212022725435, -132.6763460507902153 ) ) ;
#3038 = CARTESIAN_POINT ( 'NONE',  ( 12.54795507182175029, 25.00000000000000000, -85.36617677947076288 ) ) ;
#3039 = CARTESIAN_POINT ( 'NONE',  ( -12.59183740224806769, 7.530611691294512688, -139.9999999999999716 ) ) ;
#3040 = CARTESIAN_POINT ( 'NONE',  ( 14.81604986602618723, 24.99999999999999645, -102.2680812053932868 ) ) ;
#3041 = CARTESIAN_POINT ( 'NONE',  ( 15.47681841522763690, 25.74842273225808498, -98.24304219381673420 ) ) ;
#3042 = CARTESIAN_POINT ( 'NONE',  ( 27.03221336801303210, -2.602085213965210642E-15, -119.3072213345114250 ) ) ;
#3043 = CARTESIAN_POINT ( 'NONE',  ( -4.255493527005604903E-15, 32.50000000000000000, -68.55960127224463463 ) ) ;
#3044 = CARTESIAN_POINT ( 'NONE',  ( -0.9063866153101151069, 7.023480091823952165, 0.2378029341013453979 ) ) ;
#3045 = CARTESIAN_POINT ( 'NONE',  ( 26.82660294475876839, 6.983651597083400553, -72.92549933689205943 ) ) ;
#3046 = DIRECTION ( 'NONE',  ( 1.000000000000000000, 0.000000000000000000, 0.000000000000000000 ) ) ;
#3047 = ORIENTED_EDGE ( 'NONE', *, *, #7471, .F. ) ;
#3048 = CARTESIAN_POINT ( 'NONE',  ( 12.73938189962130707, 3.000000000000000444, -137.0512426532033032 ) ) ;
#3049 = CARTESIAN_POINT ( 'NONE',  ( -5.288943222090622953, 26.50000000000000355, -73.46976873089828075 ) ) ;
#3050 = CARTESIAN_POINT ( 'NONE',  ( -16.58053617943852132, 3.000000000000000000, -12.44691120525578576 ) ) ;
#3051 = CARTESIAN_POINT ( 'NONE',  ( -24.50005942204812470, -0.000000000000000000, -77.44340000128339341 ) ) ;
#3052 = EDGE_LOOP ( 'NONE', ( #493, #4801, #6897, #458, #7630, #7476, #5283, #2941, #1446, #5135, #5964, #697, #1673 ) ) ;
#3053 = CARTESIAN_POINT ( 'NONE',  ( 27.02499643441695198, 32.48868152953990318, -102.8500000000004775 ) ) ;
#3054 = EDGE_CURVE ( 'NONE', #708, #4929, #3986, .T. ) ;
#3055 = CARTESIAN_POINT ( 'NONE',  ( 14.00300448010796117, 3.000000000000000444, -5.722633025040163801 ) ) ;
#3056 = CARTESIAN_POINT ( 'NONE',  ( -26.01625413468714498, 7.500000000000004441, -61.35066453089408611 ) ) ;
#3057 = DIRECTION ( 'NONE',  ( 1.000000000000000000, -0.000000000000000000, -0.000000000000000000 ) ) ;
#3058 = CARTESIAN_POINT ( 'NONE',  ( -2.305805085585909797, 3.903127820947775731E-15, -139.9153709083526280 ) ) ;
#3059 = CARTESIAN_POINT ( 'NONE',  ( 23.05795465521409326, 0.000000000000000000, -125.3923252198808314 ) ) ;
#3060 = VERTEX_POINT ( 'NONE', #6444 ) ;
#3061 = CARTESIAN_POINT ( 'NONE',  ( 12.59183740224808545, 2.999999999999999112, -140.0000000000000000 ) ) ;
#3062 = CARTESIAN_POINT ( 'NONE',  ( 11.17386229021742317, 3.000000000000000000, -3.642318184943770465 ) ) ;
#3063 = CARTESIAN_POINT ( 'NONE',  ( 15.52473697865698377, 26.50000000000000000, -90.38909858174022816 ) ) ;
#3064 = CARTESIAN_POINT ( 'NONE',  ( 0.7366200290337007184, 32.50000000000000000, -121.0596012722445636 ) ) ;
#3065 = CARTESIAN_POINT ( 'NONE',  ( 6.334357126150404582, 17.19848737952314011, -50.19384636361414920 ) ) ;
#3066 = CARTESIAN_POINT ( 'NONE',  ( -27.56727100460437541, 7.499999999999992895, -49.72340297806685072 ) ) ;
#3067 = CARTESIAN_POINT ( 'NONE',  ( -23.16209488364586377, 22.07612885828820737, -85.15000000000073044 ) ) ;
#3068 = ORIENTED_EDGE ( 'NONE', *, *, #3107, .T. ) ;
#3069 = CARTESIAN_POINT ( 'NONE',  ( -2.230545004027986611, 32.50000000000000000, -117.5764424317226400 ) ) ;
#3070 = CARTESIAN_POINT ( 'NONE',  ( 22.02499643441695198, 37.23132221665915864, -85.15000000000061675 ) ) ;
#3071 = CARTESIAN_POINT ( 'NONE',  ( 22.93288736859645027, 3.000000000000001332, -22.41550438622843444 ) ) ;
#3072 = CARTESIAN_POINT ( 'NONE',  ( 23.21746275538651361, -0.000000000000000000, -68.73631048450207004 ) ) ;
#3073 = CARTESIAN_POINT ( 'NONE',  ( 21.86433818655119765, 21.52631394417607424, -92.51979491006767375 ) ) ;
#3074 = AXIS2_PLACEMENT_3D ( 'NONE', #6328, #4051, #1110 ) ;
#3075 = CIRCLE ( 'NONE', #5057, 1.174999999999995381 ) ;
#3076 = CARTESIAN_POINT ( 'NONE',  ( 22.93288737384187215, 3.000000000000001332, -22.41550439776444748 ) ) ;
#3077 = CARTESIAN_POINT ( 'NONE',  ( -2.176400214370350916, 32.72222553081719099, -120.6767537771209504 ) ) ;
#3078 = CARTESIAN_POINT ( 'NONE',  ( 13.28879828333668556, 25.00000000000000000, -83.28984584437799299 ) ) ;
#3079 = VECTOR ( 'NONE', #2802, 1000.000000000000000 ) ;
#3080 = CARTESIAN_POINT ( 'NONE',  ( 2.769479418882033084, 32.50000000000000000, -117.4017734370152652 ) ) ;
#3081 = AXIS2_PLACEMENT_3D ( 'NONE', #7320, #7244, #2019 ) ;
#3082 = CARTESIAN_POINT ( 'NONE',  ( 13.51905049878628873, 25.00000000000000000, -101.3416433504546887 ) ) ;
#3083 = CARTESIAN_POINT ( 'NONE',  ( -11.54340507241705538, 1.734723475976807094E-15, -134.2631197717035150 ) ) ;
#3084 = CARTESIAN_POINT ( 'NONE',  ( 22.77608751644884322, 0.000000000000000000, -125.7232313425076029 ) ) ;
#3085 = CARTESIAN_POINT ( 'NONE',  ( 0.7246509465704317199, 31.32599540880228517, -11.89014670506736238 ) ) ;
#3086 = CARTESIAN_POINT ( 'NONE',  ( 18.50417047820668515, 30.28727785525164506, -104.3500000000004775 ) ) ;
#3087 = VECTOR ( 'NONE', #316, 1000.000000000000000 ) ;
#3088 = AXIS2_PLACEMENT_3D ( 'NONE', #2179, #2756, #7487 ) ;
#3089 = CARTESIAN_POINT ( 'NONE',  ( 21.36170665982076144, 20.77042136927466132, -86.16680523602832409 ) ) ;
#3090 = CARTESIAN_POINT ( 'NONE',  ( 27.02499643441695198, 33.11000187309954157, -86.65000000000063096 ) ) ;
#3091 = ORIENTED_EDGE ( 'NONE', *, *, #2573, .F. ) ;
#3092 = CARTESIAN_POINT ( 'NONE',  ( -15.65589969339199428, 26.50000000000000355, -98.39448327723749799 ) ) ;
#3093 = CARTESIAN_POINT ( 'NONE',  ( 13.09423228139223738, 26.50000000000000355, -82.84045540369440630 ) ) ;
#3094 = CARTESIAN_POINT ( 'NONE',  ( -9.902516762046056797, 3.000000000000000000, -6.410222135107051855 ) ) ;
#3095 = ORIENTED_EDGE ( 'NONE', *, *, #2389, .F. ) ;
#3096 = FACE_OUTER_BOUND ( 'NONE', #914, .T. ) ;
#3097 = AXIS2_PLACEMENT_3D ( 'NONE', #4371, #851, #1969 ) ;
#3098 = CARTESIAN_POINT ( 'NONE',  ( -18.85299133417400697, 32.74073423297991070, -91.64190797664868171 ) ) ;
#3099 = CARTESIAN_POINT ( 'NONE',  ( 26.15524298275624915, 19.46296345362055291, -104.2209106774724745 ) ) ;
#3100 = CARTESIAN_POINT ( 'NONE',  ( -7.899399635235084816, 0.000000000000000000, -135.7531411464987912 ) ) ;
#3101 = CARTESIAN_POINT ( 'NONE',  ( 8.458199605697521051, 0.000000000000000000, -135.5620095029921117 ) ) ;
#3102 = ORIENTED_EDGE ( 'NONE', *, *, #5538, .T. ) ;
#3103 = CARTESIAN_POINT ( 'NONE',  ( 12.59183740224808545, 7.533324314507918729, -140.0000000000000000 ) ) ;
#3104 = CARTESIAN_POINT ( 'NONE',  ( 25.86970648256149730, 0.000000000000000000, -40.72200607244978698 ) ) ;
#3105 = LINE ( 'NONE', #4888, #3087 ) ;
#3106 = CARTESIAN_POINT ( 'NONE',  ( -4.266802545899725629, 32.72428427643689730, -120.0377679890775511 ) ) ;
#3107 = EDGE_CURVE ( 'NONE', #7238, #3377, #5070, .T. ) ;
#3108 = EDGE_CURVE ( 'NONE', #4777, #5460, #6925, .T. ) ;
#3109 = CARTESIAN_POINT ( 'NONE',  ( 12.52392291144773573, 32.64585776877682122, -76.14883917300549854 ) ) ;
#3110 = CARTESIAN_POINT ( 'NONE',  ( -28.40746005927643481, 7.282076090503765364, -29.02762607160401842 ) ) ;
#3111 = CARTESIAN_POINT ( 'NONE',  ( -17.44168393819546736, 32.50280482179149288, -85.15000000000063096 ) ) ;
#3112 = ORIENTED_EDGE ( 'NONE', *, *, #1366, .T. ) ;
#3113 = CARTESIAN_POINT ( 'NONE',  ( -14.72164018024421495, 26.50000000000000355, -102.6394429544027247 ) ) ;
#3114 = CARTESIAN_POINT ( 'NONE',  ( -25.97648349662473777, 0.000000000000000000, -39.48200507993722397 ) ) ;
#3115 = DIRECTION ( 'NONE',  ( 0.000000000000000000, 1.000000000000000000, 0.000000000000000000 ) ) ;
#3116 = CARTESIAN_POINT ( 'NONE',  ( 25.39283764834659252, 0.000000000000000000, -81.81254515559386675 ) ) ;
#3117 = CARTESIAN_POINT ( 'NONE',  ( 19.02726059004830006, 32.73312582525483805, -93.82505001335452732 ) ) ;
#3118 = CARTESIAN_POINT ( 'NONE',  ( -15.27219601764226908, -1.301042606982605321E-15, -10.98388908071371972 ) ) ;
#3119 = CARTESIAN_POINT ( 'NONE',  ( -0.7365289741494602804, 32.50000000000000000, -121.0596012722445778 ) ) ;
#3120 = CARTESIAN_POINT ( 'NONE',  ( 15.69759663209534217, 26.50000000000000355, -91.52672126932634455 ) ) ;
#3121 = CARTESIAN_POINT ( 'NONE',  ( -7.923162739771359320, 32.50000000000000000, -114.0453663367121351 ) ) ;
#3122 = CARTESIAN_POINT ( 'NONE',  ( 13.28902802612218359, 24.99999999999640465, -106.3651284706087239 ) ) ;
#3123 = DIRECTION ( 'NONE',  ( 0.7071067811865499042, -0.7071067811865451302, 0.000000000000000000 ) ) ;
#3124 = CARTESIAN_POINT ( 'NONE',  ( 22.02499643441695198, 50.10999999999998522, -101.7499981269010192 ) ) ;
#3125 = CARTESIAN_POINT ( 'NONE',  ( 28.38335408564416085, 2.999999999999999112, -123.1126967960364595 ) ) ;
#3126 = CARTESIAN_POINT ( 'NONE',  ( 6.251138659591032543, 7.024354589441258234, -0.7771770607811819831 ) ) ;
#3127 = CARTESIAN_POINT ( 'NONE',  ( 18.84999643441695127, 50.10999999999998522, -85.15000000000063096 ) ) ;
#3128 = CARTESIAN_POINT ( 'NONE',  ( 18.93824679565767966, 32.85540623251097969, -92.79691786046520008 ) ) ;
#3129 = CARTESIAN_POINT ( 'NONE',  ( -22.77036028806435652, 3.000000000000000000, -130.0840164125961280 ) ) ;
#3130 = ORIENTED_EDGE ( 'NONE', *, *, #1599, .F. ) ;
#3131 = CARTESIAN_POINT ( 'NONE',  ( -14.37475373543970392, 26.49999999999999645, -103.6939377504439790 ) ) ;
#3132 = CARTESIAN_POINT ( 'NONE',  ( 5.753748364261222825, 32.50000000000000000, -73.78203109268528692 ) ) ;
#3133 = CARTESIAN_POINT ( 'NONE',  ( -15.70644778113975626, 25.00000000000000355, -98.02837392870608824 ) ) ;
#3134 = CARTESIAN_POINT ( 'NONE',  ( -26.11825534204343668, 0.000000000000000000, -85.10159771739837709 ) ) ;
#3135 = VERTEX_POINT ( 'NONE', #5870 ) ;
#3136 = DIRECTION ( 'NONE',  ( -1.000000000000000000, -0.000000000000000000, -1.688295353748717154E-16 ) ) ;
#3137 = CARTESIAN_POINT ( 'NONE',  ( -20.47188138953332270, 18.98279266624693307, -70.52063897284266147 ) ) ;
#3138 = CARTESIAN_POINT ( 'NONE',  ( 26.93733688955009953, 18.31774621472088427, -103.3710655505219336 ) ) ;
#3139 = CARTESIAN_POINT ( 'NONE',  ( -26.87093841817218731, 0.000000000000000000, -119.6126160863384058 ) ) ;
#3140 = CARTESIAN_POINT ( 'NONE',  ( -15.68438775217553527, 24.99999999999988631, -91.43052791427211901 ) ) ;
#3141 = ORIENTED_EDGE ( 'NONE', *, *, #2721, .T. ) ;
#3142 = DIRECTION ( 'NONE',  ( 0.000000000000000000, -1.000000000000000000, 0.000000000000000000 ) ) ;
#3143 = CARTESIAN_POINT ( 'NONE',  ( -15.02643012966375480, 32.76877108395891725, -109.5784995698781614 ) ) ;
#3144 = CARTESIAN_POINT ( 'NONE',  ( 15.27589915112821828, 32.77836850073386898, -80.57432618727011686 ) ) ;
#3145 = CARTESIAN_POINT ( 'NONE',  ( -28.90937259691127181, 7.068826768270983330, -31.62815952085276550 ) ) ;
#3146 = ORIENTED_EDGE ( 'NONE', *, *, #7605, .F. ) ;
#3147 = CARTESIAN_POINT ( 'NONE',  ( 8.321927348468545205, 32.50000000000000000, -75.96923366534286970 ) ) ;
#3148 = CARTESIAN_POINT ( 'NONE',  ( -24.86353010074063974, 0.000000000000000000, -27.59283979009531151 ) ) ;
#3149 = CARTESIAN_POINT ( 'NONE',  ( -4.038965945392370749, 3.000000000000000444, -136.6661497809542141 ) ) ;
#3150 = CARTESIAN_POINT ( 'NONE',  ( 25.61443954741811879, -0.000000000000000000, -82.83375392117855540 ) ) ;
#3151 = CARTESIAN_POINT ( 'NONE',  ( 21.17232200096626826, 20.39561386388877295, -82.98158305746041208 ) ) ;
#3152 = ADVANCED_FACE ( 'NONE', ( #566 ), #1046, .F. ) ;
#3153 = CARTESIAN_POINT ( 'NONE',  ( 6.583716334414578597, 3.000000000000000000, -4.542904164368747111 ) ) ;
#3154 = CARTESIAN_POINT ( 'NONE',  ( -16.90655299127805122, 32.78846343336503111, -105.6311611381686646 ) ) ;
#3155 = CARTESIAN_POINT ( 'NONE',  ( -1.065621257689585821, 25.00000000000000000, -73.31044711631460586 ) ) ;
#3156 = CARTESIAN_POINT ( 'NONE',  ( -7.110761590702364465, -8.673617379884035472E-16, -4.778662637513770406 ) ) ;
#3157 = CARTESIAN_POINT ( 'NONE',  ( 4.000000000000000888, 5.000000000000000000, -91.03468405460924373 ) ) ;
#3158 = CARTESIAN_POINT ( 'NONE',  ( 28.38798332246891576, 7.498964638682642736, -29.35663194926902264 ) ) ;
#3159 = CARTESIAN_POINT ( 'NONE',  ( 32.26107680294767022, 3.000000000000000000, -101.2934637709473691 ) ) ;
#3160 = CARTESIAN_POINT ( 'NONE',  ( 5.005436947698981065, 31.28227052793645413, -12.70358065655488566 ) ) ;
#3161 = FACE_OUTER_BOUND ( 'NONE', #5191, .T. ) ;
#3162 = CARTESIAN_POINT ( 'NONE',  ( 12.68813277255013539, 32.66772335571209140, -113.2620190556373672 ) ) ;
#3163 = CARTESIAN_POINT ( 'NONE',  ( -20.45622143295349460, 3.000000000000000888, -12.45616582343214240 ) ) ;
#3164 = EDGE_CURVE ( 'NONE', #5592, #4699, #2345, .T. ) ;
#3165 = ORIENTED_EDGE ( 'NONE', *, *, #2153, .T. ) ;
#3166 = CARTESIAN_POINT ( 'NONE',  ( 2.257980582845529494, 26.49999999999999645, -117.5543428756481319 ) ) ;
#3167 = CARTESIAN_POINT ( 'NONE',  ( -5.288943222090622953, 32.50000000000000000, -73.46976873089828075 ) ) ;
#3168 = DIRECTION ( 'NONE',  ( 1.000000000000000000, -0.000000000000000000, -0.000000000000000000 ) ) ;
#3169 = CARTESIAN_POINT ( 'NONE',  ( -28.50199113810384688, -0.000000000000000000, -96.41661448042592042 ) ) ;
#3170 = EDGE_LOOP ( 'NONE', ( #6407, #1374, #2018, #536, #1097, #7182 ) ) ;
#3171 = FACE_OUTER_BOUND ( 'NONE', #7616, .T. ) ;
#3172 = CARTESIAN_POINT ( 'NONE',  ( -17.05710821708624181, 32.50000000000002132, -84.00678185787991481 ) ) ;
#3173 = CARTESIAN_POINT ( 'NONE',  ( 25.52499643441252886, 20.34089062410322057, -104.3500000000004206 ) ) ;
#3174 = CARTESIAN_POINT ( 'NONE',  ( -16.96499533137792426, 1.301042606982605321E-15, -131.0822940517431618 ) ) ;
#3175 = CARTESIAN_POINT ( 'NONE',  ( -15.70667665215595399, 26.50000000000000355, -91.59193876621235120 ) ) ;
#3176 = ORIENTED_EDGE ( 'NONE', *, *, #2480, .F. ) ;
#3177 = CARTESIAN_POINT ( 'NONE',  ( -32.00243070495873354, 7.499381668504784493, -99.26755368614252006 ) ) ;
#3178 = CARTESIAN_POINT ( 'NONE',  ( 22.02499643441695198, 50.10999999999998522, -87.75000187310008926 ) ) ;
#3179 = CARTESIAN_POINT ( 'NONE',  ( -20.08620838344261017, 7.272982212022725435, -132.6763460507902153 ) ) ;
#3180 = CARTESIAN_POINT ( 'NONE',  ( 13.43819897232535787, 32.50000000000001421, -77.18974508000214030 ) ) ;
#3181 = CARTESIAN_POINT ( 'NONE',  ( -20.81887429598579331, 19.31661137055125010, -73.59701379616379313 ) ) ;
#3182 = ORIENTED_EDGE ( 'NONE', *, *, #7599, .T. ) ;
#3183 = CARTESIAN_POINT ( 'NONE',  ( -17.82570837894999016, 3.000000000000000888, -9.275499763789422758 ) ) ;
#3184 = CARTESIAN_POINT ( 'NONE',  ( -18.27642162348548638, 2.999999999999999556, -130.0336548650066391 ) ) ;
#3185 = CARTESIAN_POINT ( 'NONE',  ( 24.24256601099714103, 0.000000000000000000, -51.39144747402178837 ) ) ;
#3186 = CARTESIAN_POINT ( 'NONE',  ( 18.70368047345091611, 32.71408988749561075, -99.28691847778642909 ) ) ;
#3187 = CARTESIAN_POINT ( 'NONE',  ( 2.925256796824839967, 2.999999999999999112, -3.292589786623125736 ) ) ;
#3188 = CARTESIAN_POINT ( 'NONE',  ( -11.39991872723619437, 32.50000000000001421, -115.0441692361061570 ) ) ;
#3189 = EDGE_CURVE ( 'NONE', #4622, #2582, #6877, .T. ) ;
#3190 = CARTESIAN_POINT ( 'NONE',  ( 2.515597697702050883, 26.49999999999954525, -72.14277870427331152 ) ) ;
#3191 = DIRECTION ( 'NONE',  ( 0.000000000000000000, 0.000000000000000000, -1.000000000000000000 ) ) ;
#3192 = CARTESIAN_POINT ( 'NONE',  ( -22.02499643441695198, 38.11000187309952025, -102.8500000000004775 ) ) ;
#3193 = CARTESIAN_POINT ( 'NONE',  ( 26.07259314764158020, 7.497320558274793711, -60.77623398765490492 ) ) ;
#3194 = PLANE ( 'NONE',  #2335 ) ;
#3195 = VECTOR ( 'NONE', #5575, 1000.000000000000000 ) ;
#3196 = CARTESIAN_POINT ( 'NONE',  ( 21.88285855180616934, 29.80198456116971073, -31.51186479583681432 ) ) ;
#3197 = CARTESIAN_POINT ( 'NONE',  ( 4.961483519286547406, 0.1000000000000000056, -80.83717174866055188 ) ) ;
#3198 = ADVANCED_FACE ( 'NONE', ( #1627 ), #735, .T. ) ;
#3199 = AXIS2_PLACEMENT_3D ( 'NONE', #3822, #924, #889 ) ;
#3200 = EDGE_CURVE ( 'NONE', #2167, #5103, #2808, .T. ) ;
#3201 = CARTESIAN_POINT ( 'NONE',  ( 16.95695451054256964, 32.69230895557668504, -105.6243210193302531 ) ) ;
#3202 = CIRCLE ( 'NONE', #6664, 1.174999999999995381 ) ;
#3203 = CARTESIAN_POINT ( 'NONE',  ( -10.84293061151718618, 3.000000000000000000, -3.432790115973078926 ) ) ;
#3204 = B_SPLINE_CURVE_WITH_KNOTS ( 'NONE', 3,
 ( #3328, #2700, #7397, #1013, #2089, #4457, #275, #6300, #1481, #6886 ),
 .UNSPECIFIED., .F., .F.,
 ( 4, 2, 2, 2, 4 ),
 ( 0.3427748825334005489, 0.3449424301732909037, 0.3460262039932360811, 0.3465680909032086698, 0.3471099778131812585 ),
 .UNSPECIFIED. ) ;
#3205 = ORIENTED_EDGE ( 'NONE', *, *, #4662, .F. ) ;
#3206 = CARTESIAN_POINT ( 'NONE',  ( 15.29494587782434500, 26.50000000000000355, -89.13863743163039999 ) ) ;
#3207 = CARTESIAN_POINT ( 'NONE',  ( -11.74267328731658111, 26.50000000000181544, -109.2552729316258251 ) ) ;
#3208 = CARTESIAN_POINT ( 'NONE',  ( -29.54384224865119890, 0.000000000000000000, -108.1229175187148996 ) ) ;
#3209 = VERTEX_POINT ( 'NONE', #6610 ) ;
#3210 = CYLINDRICAL_SURFACE ( 'NONE', #2932, 1.174999999999995381 ) ;
#3211 = AXIS2_PLACEMENT_3D ( 'NONE', #1702, #4535, #2169 ) ;
#3212 = CARTESIAN_POINT ( 'NONE',  ( -28.41778667924356583, 7.094584698090138808, -45.15497650263224472 ) ) ;
#3213 = VECTOR ( 'NONE', #2925, 1000.000000000000000 ) ;
#3214 = DIRECTION ( 'NONE',  ( 0.000000000000000000, 0.000000000000000000, 1.000000000000000000 ) ) ;
#3215 = CIRCLE ( 'NONE', #3211, 1.174999999999995381 ) ;
#3216 = CARTESIAN_POINT ( 'NONE',  ( -6.540634948912087410, -6.471764678942836315E-13, -139.2024431927125363 ) ) ;
#3217 = CARTESIAN_POINT ( 'NONE',  ( 25.52499643441695554, 17.78429619894942348, -85.15000000000063096 ) ) ;
#3218 = AXIS2_PLACEMENT_3D ( 'NONE', #5540, #3686, #7167 ) ;
#3219 = ORIENTED_EDGE ( 'NONE', *, *, #2573, .T. ) ;
#3220 = CARTESIAN_POINT ( 'NONE',  ( -27.03806421826042694, 7.499845217606161185, -74.69639276926893956 ) ) ;
#3221 = CARTESIAN_POINT ( 'NONE',  ( 22.02499643441695198, 57.10999812690045729, -94.75000000000055422 ) ) ;
#3222 = CARTESIAN_POINT ( 'NONE',  ( 0.008741856294626865545, 7.499999578009581391, -139.9999985736483552 ) ) ;
#3223 = CARTESIAN_POINT ( 'NONE',  ( -30.22633822380831958, 7.376092534343626994, -120.0688541716824318 ) ) ;
#3224 = CIRCLE ( 'NONE', #2596, 1.499999999999999556 ) ;
#3225 = CARTESIAN_POINT ( 'NONE',  ( 16.19817015374716362, 32.50000000000000711, -81.97013838886557835 ) ) ;
#3226 = CARTESIAN_POINT ( 'NONE',  ( -13.95770553494871180, 32.78534038807411122, -78.38156411516972355 ) ) ;
#3227 = ORIENTED_EDGE ( 'NONE', *, *, #1785, .T. ) ;
#3228 = LINE ( 'NONE', #2715, #3334 ) ;
#3229 = CARTESIAN_POINT ( 'NONE',  ( -28.73152104324284295, -2.406593921739564209E-12, -31.33456586894161688 ) ) ;
#3230 = DIRECTION ( 'NONE',  ( 0.000000000000000000, 4.625929269271481378E-15, 1.000000000000000000 ) ) ;
#3231 = CARTESIAN_POINT ( 'NONE',  ( 25.79252388922140682, -0.000000000000000000, -41.27431118404170007 ) ) ;
#3232 = CARTESIAN_POINT ( 'NONE',  ( 19.00219350038551624, 32.61083422916383512, -97.06432821612372663 ) ) ;
#3233 = CARTESIAN_POINT ( 'NONE',  ( 7.742204979461941861, -1.301042606982605321E-15, -5.099986476285310211 ) ) ;
#3234 = CARTESIAN_POINT ( 'NONE',  ( -32.11282932102515986, 7.069320563667077728, -98.63101690332376847 ) ) ;
#3235 = CARTESIAN_POINT ( 'NONE',  ( 2.213223991846913652, 25.00000000000000355, -72.05065502834334268 ) ) ;
#3236 = CARTESIAN_POINT ( 'NONE',  ( 14.22969210350606417, 25.00000000000000000, -97.75751448094644047 ) ) ;
#3237 = CARTESIAN_POINT ( 'NONE',  ( -2.139887868790189884, 6.071532165918824830E-15, -136.9048396813571742 ) ) ;
#3238 = CARTESIAN_POINT ( 'NONE',  ( 16.42938865552836347, 0.000000000000000000, -131.4251401976878242 ) ) ;
#3239 = CARTESIAN_POINT ( 'NONE',  ( 27.73335976995528895, 7.279834196612084973, -26.39706052338489783 ) ) ;
#3240 = CARTESIAN_POINT ( 'NONE',  ( 32.66825685555665615, 7.366934159296802953, -109.5046797282954572 ) ) ;
#3241 = CARTESIAN_POINT ( 'NONE',  ( -20.98392196875012417, 3.000000000000000000, -13.16335411591178861 ) ) ;
#3242 = ORIENTED_EDGE ( 'NONE', *, *, #1740, .F. ) ;
#3243 = DIRECTION ( 'NONE',  ( -3.256064876940132405E-10, 0.000000000000000000, -1.000000000000000000 ) ) ;
#3244 = CARTESIAN_POINT ( 'NONE',  ( -13.28879830544628682, 26.50000000000000355, -106.3293566225608089 ) ) ;
#3245 = CARTESIAN_POINT ( 'NONE',  ( -29.10240554443370087, 0.000000000000000000, -112.6517721503542901 ) ) ;
#3246 = ORIENTED_EDGE ( 'NONE', *, *, #5848, .F. ) ;
#3247 = CARTESIAN_POINT ( 'NONE',  ( 22.25029768422303889, 1.301042606982605321E-15, -20.90926450978316709 ) ) ;
#3248 = CARTESIAN_POINT ( 'NONE',  ( -15.32186285107407464, 32.63918425036692383, -80.44890915613606808 ) ) ;
#3249 = EDGE_CURVE ( 'NONE', #1215, #3681, #6157, .T. ) ;
#3250 = CARTESIAN_POINT ( 'NONE',  ( -22.02499643441695198, 50.10999999999998522, -86.57500187310009210 ) ) ;
#3251 = CARTESIAN_POINT ( 'NONE',  ( -20.85961727928568266, -2.602085213965210642E-15, -127.7582179924191479 ) ) ;
#3252 = CARTESIAN_POINT ( 'NONE',  ( 28.68701284691768549, -4.336808689942017736E-16, -114.6333725577028559 ) ) ;
#3253 = EDGE_CURVE ( 'NONE', #5260, #71, #2418, .T. ) ;
#3254 = CARTESIAN_POINT ( 'NONE',  ( -26.04583150455695062, 0.000000000000000000, -37.63567043635720211 ) ) ;
#3255 = EDGE_LOOP ( 'NONE', ( #949, #7008, #7001, #1124, #3497, #2065, #4358, #4339 ) ) ;
#3256 = CARTESIAN_POINT ( 'NONE',  ( -12.55516444854553271, 7.500081124746223793, -137.0925906305106139 ) ) ;
#3257 = DIRECTION ( 'NONE',  ( 0.000000000000000000, 0.000000000000000000, -1.000000000000000000 ) ) ;
#3258 = DIRECTION ( 'NONE',  ( 0.7071067811865499042, -0.7071067811865451302, 0.000000000000000000 ) ) ;
#3259 = CARTESIAN_POINT ( 'NONE',  ( -25.94374944834502372, 20.32958536996349963, -115.6168646779729272 ) ) ;
#3260 = CARTESIAN_POINT ( 'NONE',  ( 26.63180575073322487, 7.053960308776615840, -22.88199230246078386 ) ) ;
#3261 = CARTESIAN_POINT ( 'NONE',  ( -17.01911437968935914, 32.63315222515745262, -84.11192051530323965 ) ) ;
#3262 = ORIENTED_EDGE ( 'NONE', *, *, #2807, .T. ) ;
#3263 = DIRECTION ( 'NONE',  ( 0.000000000000000000, 0.000000000000000000, -1.000000000000000000 ) ) ;
#3264 = CARTESIAN_POINT ( 'NONE',  ( -28.97057758695529373, -1.301042606982605321E-15, -33.67874321291260742 ) ) ;
#3265 = CARTESIAN_POINT ( 'NONE',  ( -25.07637919545929606, 3.000000000000000444, -122.6979708662438213 ) ) ;
#3266 = CARTESIAN_POINT ( 'NONE',  ( 24.15316041411990966, -0.000000000000000000, -51.92584046190354741 ) ) ;
#3267 = CARTESIAN_POINT ( 'NONE',  ( 16.19817015374717784, 32.50000000000002132, -107.6490641556234777 ) ) ;
#3268 = CARTESIAN_POINT ( 'NONE',  ( 4.982993335437209126, 4.336808689942017736E-16, -3.895119319781500611 ) ) ;
#3269 = CARTESIAN_POINT ( 'NONE',  ( -31.93974135603917830, 7.371704146300357863, -114.8945368327330812 ) ) ;
#3270 = CARTESIAN_POINT ( 'NONE',  ( 5.471221650793458124, 25.00000000000000355, -73.59861764452728039 ) ) ;
#3271 = CARTESIAN_POINT ( 'NONE',  ( -15.27219601764226908, -8.673617379884035472E-16, -10.98388908071371972 ) ) ;
#3272 = CARTESIAN_POINT ( 'NONE',  ( -0.0001116011747321372379, 7.500000000782234721, -3.903600569487307871E-10 ) ) ;
#3273 = CARTESIAN_POINT ( 'NONE',  ( 3.707621744350839688, 7.500163820371507306, -0.3933218339785506945 ) ) ;
#3274 = FACE_OUTER_BOUND ( 'NONE', #1363, .T. ) ;
#3275 = LINE ( 'NONE', #4406, #3940 ) ;
#3276 = CARTESIAN_POINT ( 'NONE',  ( 14.54152567878434432, 32.78241637255623431, -79.31021695940533789 ) ) ;
#3277 = CARTESIAN_POINT ( 'NONE',  ( 17.00714092009569356, 32.59615447778833897, -105.6180812024444577 ) ) ;
#3278 = CARTESIAN_POINT ( 'NONE',  ( -29.05811411936950250, 2.999999999999999112, -35.60201222154130107 ) ) ;
#3279 = EDGE_LOOP ( 'NONE', ( #4809, #7433 ) ) ;
#3280 = DIRECTION ( 'NONE',  ( 0.000000000000000000, 0.000000000000000000, 1.000000000000000000 ) ) ;
#3281 = CARTESIAN_POINT ( 'NONE',  ( -15.67989433231439733, 26.50000000000000355, -98.22069567734857287 ) ) ;
#3282 = CARTESIAN_POINT ( 'NONE',  ( -29.35381166885166593, 0.000000000000000000, -102.6495589481658328 ) ) ;
#3283 = ORIENTED_EDGE ( 'NONE', *, *, #1318, .T. ) ;
#3284 = CARTESIAN_POINT ( 'NONE',  ( -20.81887429598579331, 19.31661137055125010, -73.59701379616379313 ) ) ;
#3285 = B_SPLINE_CURVE_WITH_KNOTS ( 'NONE', 3,
 ( #6845, #381, #2734, #4989, #7316, #2156, #4522, #7356, #1437, #6145 ),
 .UNSPECIFIED., .F., .F.,
 ( 4, 2, 2, 2, 4 ),
 ( 0.001317578242134292456, 0.005466039943648974726, 0.009614501645163656129, 0.01376296334667833840, 0.01791142504819302067 ),
 .UNSPECIFIED. ) ;
#3286 = B_SPLINE_SURFACE_WITH_KNOTS ( 'NONE', 3, 3, ( 
 ( #4656, #4588, #2791, #7521, #6384, #5120, #6974, #3459, #1645, #4004 ),
 ( #5157, #3895, #3970, #513, #5815, #6241, #2864, #955, #5671, #2722 ),
 ( #2144, #4545, #5431, #713, #7179, #6547, #6502, #128, #1878, #4154 ),
 ( #2321, #1138, #2438, #4195, #583, #5309, #5889, #6463, #2361, #2938 ),
 ( #3533, #5348, #2481, #8, #4734, #3065, #4696, #1212, #1836, #1176 ),
 ( #1256, #4238, #3571, #4854, #7094, #5929, #46, #1298, #4817, #632 ),
 ( #549, #1794, #4119, #2983, #7134, #3616, #3655, #5969, #6426, #671 ),
 ( #3025, #5391, #1716, #84, #6588, #6008, #4081, #7056, #3495, #5854 ),
 ( #2900, #5265, #7634, #1758, #1379, #3694, #2637, #5547, #912, #758 ),
 ( #2030, #3260, #1953, #3850, #4926, #1916, #6049, #3109, #7216, #5472 ),
 ( #5628, #1415, #2672, #244, #6089, #7292, #3180, #165, #1492, #7371 ),
 ( #1994, #4890, #4968, #2063, #3735, #5004, #4313, #833, #4391, #796 ),
 ( #320, #284, #4426, #6745, #6784, #874, #7254, #2520, #7335, #2597 ),
 ( #6198, #1451, #4356, #4277, #6708, #3772, #6669, #6628, #3144, #1338 ),
 ( #5509, #202, #2554, #6123, #3809, #6156, #3225, #5590, #2783, #3339 ),
 ( #7557, #3411, #2818, #6860, #7513, #5662, #1193, #4134, #5189, #2206 ),
 ( #3552, #2344, #7480, #1054, #353, #4468, #5765, #4579, #427, #2712 ),
 ( #2172, #6481, #3995, #4538, #5081, #5150, #4716, #1561, #463, #2137 ),
 ( #6935, #3922, #5114, #5906, #7076, #1777, #1637, #610, #6345, #7446 ),
 ( #5038, #3375, #6895, #7405, #2102, #1598, #6824, #3962, #6310, #4505 ),
 ( #6269, #1526, #3887, #6233, #947, #3297, #984, #5702, #5734, #395 ),
 ( #2749, #1020, #6569, #7154, #64, #3636, #1858, #2502, #4794, #6609 ),
 ( #1279, #4219, #4337, #3597, #5409, #3089, #2417, #3716, #5453, #3128 ),
 ( #6106, #690, #2461, #1319, #2538, #6071, #4836, #3674, #1812, #5989 ),
 ( #3045, #103, #7198, #4909, #1899, #28, #4873, #6690, #4258, #6027 ),
 ( #733, #148, #7236, #5491, #5950, #1936, #4295, #6646, #1356, #778 ),
 ( #1397, #185, #7272, #1971, #5330, #4172, #3754, #2965, #2381, #4752 ),
 ( #7113, #6522, #1236, #652, #3005, #5369, #4986, #2078, #6142, #7353 ),
 ( #1434, #1470, #7428, #4372, #4948, #223, #5098, #4409, #5608, #3316 ),
 ( #5644, #265, #335, #3904, #6179, #852, #6726, #3277, #3201, #7312 ),
 ( #2575, #2047, #2689, #2615, #6765, #7388, #5572, #2012, #300, #3791 ),
 ( #3830, #893, #3240, #5059, #2654, #4445, #6878, #5022, #6807, #2154 ),
 ( #1508, #928, #3868, #1543, #2120, #965, #6214, #3938, #4485, #6842 ),
 ( #378, #6250, #5682, #2732, #7462, #4520, #1579, #816, #3162, #5529 ),
 ( #5750, #3358, #522, #7647, #4597, #2262, #2334, #6987, #1070, #4629 ),
 ( #6436, #1689, #4091, #2296, #1108, #5129, #2838, #3426, #444, #2765 ),
 ( #4049, #4707, #7495, #7611, #3469, #7067, #1038, #2911, #4014, #1006 ),
 ( #2187, #6288, #4553, #6327, #1769, #483, #5719, #6394, #5166, #6361 ),
 ( #2800, #7534, #5781, #1149, #6951, #2228, #6915, #1655, #3504, #1620 ),
 ( #5206, #1729, #3980, #411, #5825, #7573, #5863, #2874, #3393, #560 ),
 ( #5277, #4667, #5242, #7023, #682, #6560, #5943, #598, #7227, #2450 ),
 ( #2493, #1926, #642, #6599, #4744, #176, #3119, #4286, #1310, #1269 ),
 ( #6638, #3626, #140, #7105, #3544, #4865, #3666, #7190, #1805, #3077 ),
 ( #5483, #5444, #5980, #4165, #1890, #1347, #2995, #3705, #1224, #5401 ),
 ( #5358, #4207, #4898, #6063, #768, #6018, #2530, #7263, #6513, #5323 ),
 ( #4827, #3037, #4128, #4249, #95, #6473, #725, #1186, #3587, #5899 ),
 ( #2954, #19, #2372, #57, #2409, #4785, #7145, #1846, #3745, #3783 ),
 ( #256, #843, #5559, #6133, #6718, #2606, #3188, #1501, #4977, #5600 ),
 ( #7344, #2038, #3307, #2563, #4400, #2070, #1424, #2682, #4436, #2111 ),
 ( #293, #5519, #3269, #6242, #921, #1388, #367, #1461, #3818, #7303 ),
 ( #6756, #956, #5672, #6833, #1963, #1535, #5049, #4477, #2646, #6098 ),
 ( #807, #6168, #4937, #2003, #886, #3896, #7381, #6796, #5014, #3859 ),
 ( #3234, #6207, #329, #5637, #7419, #2723, #5089, #4325, #6681, #3154 ),
 ( #211, #4365, #3350, #1096, #4082, #6385, #6868, #3971, #1029, #4589 ),
 ( #5742, #1610, #5711, #6319, #7601, #403, #2288, #7522, #2865, #2757 ),
 ( #2253, #4005, #7014, #1679, #7488, #4657, #3419, #5232, #3460, #4621 ),
 ( #6353, #2217, #3383, #3930, #1717, #5773, #1139, #995, #5816, #6975 ),
 ( #2180, #6427, #5158, #2145, #6279, #5121, #7454, #4546, #6904, #3496 ),
 ( #2901, #472, #435, #6943, #2828, #2792, #5855, #550, #514, #4513 ),
 ( #4040, #1570, #1646, #1062, #5197, #7565, #1795, #6548, #2939, #4155 ),
 ( #5890, #5930, #4239, #1177, #1759, #4697, #1917, #1213, #2400, #129 ),
 ( #4775, #2362, #4120, #7135, #584, #5310, #4735, #2482, #3026, #85 ),
 ( #1257, #3695, #3572, #6503, #6629, #9, #47, #5392, #7095, #6010 ),
 ( #5432, #1837, #759, #2984, #4196, #3617, #4855, #715, #5970, #672 ),
 ( #633, #5349, #2439, #4818, #7180, #7217, #1879, #2322, #6589, #1339 ),
 ( #1299, #6050, #3656, #3066, #4278, #5266, #7635, #7057, #6464, #3534 ),
 ( #6746, #2031, #6825, #6124, #7407, #3181, #5473, #3261, #5629, #1493 ),
 ( #4928, #5591, #3736, #1527, #2103, #913, #285, #245, #3888, #321 ),
 ( #6785, #6090, #2521, #3851, #2638, #6158, #797, #2064, #2598, #4469 ),
 ( #5549, #3145, #875, #2673, #7293, #6199, #203, #4392, #5005, #1995 ),
 ( #6234, #5039, #3110, #7372, #166, #4427, #5510, #4314, #3226, #1452 ),
 ( #3810, #4891, #2555, #7255, #1954, #834, #4357, #6670, #1380, #6709 ),
 ( #1416, #3773, #4969, #7336, #396, #2173, #7514, #2207, #5704, #7447 ),
 ( #3923, #986, #2750, #5808, #6346, #3412, #1638, #2820, #2280, #7481 ),
 ( #6968, #1021, #7558, #5766, #464, #5115, #2246, #4648, #1706, #3963 ),
 ( #4506, #4613, #5224, #1672, #355, #4539, #6896, #5735, #3449, #1600 ),
 ( #6311, #2856, #3376, #5663, #5190, #7006, #428, #4581, #4072, #3997 ),
 ( #6936, #505, #1562, #4033, #6379, #1055, #1088, #7592, #948, #3298 ),
 ( #2713, #2784, #5082, #2138, #6861, #6271, #3340, #5151, #1249, #7049 ),
 ( #5421, #4231, #3609, #3562, #4847, #6581, #1204, #2429, #1751, #5846 ),
 ( #5962, #1827, #4112, #5384, #5919, #117, #77, #624, #6456, #4184 ),
 ( #3524, #1167, #1909, #2928, #39, #5880, #5300, #576, #1, #7087 ) ),
 .UNSPECIFIED., .T., .F., .F.,
 ( 4, 1, 1, 1, 1, 1, 1, 1, 1, 1, 1, 1, 1, 1, 1, 1, 1, 1, 1, 1, 1, 1, 1, 1, 1, 1, 1, 1, 1, 1, 1, 1, 1, 1, 1, 1, 1, 1, 1, 2, 1, 1, 1, 1, 1, 1, 1, 1, 1, 1, 1, 1, 1, 1, 1, 1, 1, 1, 1, 1, 1, 1, 1, 1, 1, 1, 1, 1, 1, 1, 1, 1, 1, 1, 1, 1, 1, 1, 4 ),
 ( 4, 3, 3, 4 ),
 ( 0.000000000000000000, 0.007812982888208681517, 0.01562596577641736303, 0.03125193155283472607, 0.04687789732925206482, 0.06250386310566945214, 0.07812982888208680476, 0.09375579465850412964, 0.1093817604349215378, 0.1171947433231302210, 0.1250077262113389043, 0.1328207090995474904, 0.1406336919877562430, 0.1562596577641736095, 0.1718856235405909760, 0.1875115893170082593, 0.1953245722052170119, 0.2031375550934256258, 0.2109505379816343784, 0.2187635208698430755, 0.2265765037580517449, 0.2343894866462604420, 0.2422024695344691114, 0.2500154524226778086, 0.2656414181990949808, 0.2812673839755124860, 0.2968933497519298248, 0.3125193155283472191, 0.3281452813047645578, 0.3437712470811819521, 0.3593972128575992908, 0.3750231786340165185, 0.3906491444104340238, 0.4062751101868512515, 0.4219010759632687568, 0.4375270417396861511, 0.4531530075161034898, 0.4687789732925208841, 0.4844049390689382228, 0.5000309048453556171, 0.5156549390689383339, 0.5312789732925209396, 0.5469030075161035453, 0.5625270417396862621, 0.5781510759632688679, 0.5937751101868515846, 0.6093991444104341904, 0.6250231786340167961, 0.6406472128575994018, 0.6562712470811821186, 0.6718952813047647243, 0.6875193155283473301, 0.7031433497519299358, 0.7187673839755126526, 0.7343914181990953693, 0.7500154524226778641, 0.7578274695344691114, 0.7656394866462603588, 0.7734515037580518282, 0.7812635208698431866, 0.7890755379816343229, 0.7968875550934257923, 0.8046995722052171507, 0.8125115893170085091, 0.8281356235405910038, 0.8437596577641737206, 0.8593836919877564373, 0.8671957090995476847, 0.8750077262113389320, 0.8828197433231301794, 0.8906317604349215378, 0.9062557946585043656, 0.9218798288820868603, 0.9375038631056695770, 0.9531278973292520718, 0.9687519315528347885, 0.9843759657764175053, 0.9921879828882087526, 1.000000000000000000 ),
 ( -0.01000000000000000021, 0.000000000000000000, 1.000000000000000000, 1.010099999999999998 ),
 .UNSPECIFIED. ) ;
#3287 = CARTESIAN_POINT ( 'NONE',  ( 4.527061668913647538E-05, 32.50000000000000000, -68.55960127013857175 ) ) ;
#3288 = CARTESIAN_POINT ( 'NONE',  ( -30.36772103136647871, 5.581951196073090850E-13, -119.1853183220332824 ) ) ;
#3289 = CARTESIAN_POINT ( 'NONE',  ( 28.52459992965831859, 3.000000000000000444, -115.2649334826527792 ) ) ;
#3290 = EDGE_CURVE ( 'NONE', #7394, #5688, #5410, .T. ) ;
#3291 = CARTESIAN_POINT ( 'NONE',  ( -25.75304773106030254, -0.000000000000000000, -41.65011047936371114 ) ) ;
#3292 = VERTEX_POINT ( 'NONE', #1937 ) ;
#3293 = CARTESIAN_POINT ( 'NONE',  ( -28.82050652107528776, 7.501305897779825926, -122.3409765105153895 ) ) ;
#3294 = CARTESIAN_POINT ( 'NONE',  ( 18.84999643441695127, 50.10999999999998522, -100.5749981269010362 ) ) ;
#3295 = CARTESIAN_POINT ( 'NONE',  ( -32.61033393245188705, 7.500000000000011546, -109.5159820960787300 ) ) ;
#3296 = EDGE_CURVE ( 'NONE', #3135, #6662, #6043, .T. ) ;
#3297 = CARTESIAN_POINT ( 'NONE',  ( 21.17232200096626826, 20.39561386388877295, -82.98158305746041208 ) ) ;
#3298 = CARTESIAN_POINT ( 'NONE',  ( -4.269655107495213819, 32.96363583240045614, -69.94563826656195715 ) ) ;
#3299 = VERTEX_POINT ( 'NONE', #7155 ) ;
#3300 = CARTESIAN_POINT ( 'NONE',  ( -11.45339284815238834, 32.50000000000000000, -79.90085046622253628 ) ) ;
#3301 = CARTESIAN_POINT ( 'NONE',  ( -25.97806456508991957, -1.301042606982605321E-15, -33.89437517928980981 ) ) ;
#3302 = CARTESIAN_POINT ( 'NONE',  ( -28.16941342998440234, 3.000000000000000444, -116.5013514205239176 ) ) ;
#3303 = CARTESIAN_POINT ( 'NONE',  ( 24.68337763484718295, 0.000000000000000000, -48.80836210693509258 ) ) ;
#3304 = CARTESIAN_POINT ( 'NONE',  ( 17.73126238003369792, 32.59967523116698374, -103.5373404640404402 ) ) ;
#3305 = ADVANCED_FACE ( 'NONE', ( #1398 ), #5907, .F. ) ;
#3306 = CARTESIAN_POINT ( 'NONE',  ( -26.15778347153476346, 19.45884643735926289, -104.2198850856191399 ) ) ;
#3307 = CARTESIAN_POINT ( 'NONE',  ( -30.22633822380831958, 7.376092534343626994, -120.0688541716824318 ) ) ;
#3308 = CARTESIAN_POINT ( 'NONE',  ( 2.056687457898662696, 25.00000000000000000, -73.57159157311836850 ) ) ;
#3309 = CARTESIAN_POINT ( 'NONE',  ( -10.47234639514847032, 26.49999999999999645, -111.1154195590481919 ) ) ;
#3310 = CARTESIAN_POINT ( 'NONE',  ( -9.360837107483472863, -8.673617379884035472E-16, -6.045013414160476550 ) ) ;
#3311 = DIRECTION ( 'NONE',  ( -0.000000000000000000, 0.000000000000000000, 1.000000000000000000 ) ) ;
#3312 = CARTESIAN_POINT ( 'NONE',  ( 11.33791447866231827, 7.500129706519041761, -3.748923499859602604 ) ) ;
#3313 = CYLINDRICAL_SURFACE ( 'NONE', #3704, 4.000000000000003553 ) ;
#3314 = CARTESIAN_POINT ( 'NONE',  ( 16.58635968766625268, 3.000000000000000000, -134.9177214744015600 ) ) ;
#3315 = CARTESIAN_POINT ( 'NONE',  ( 13.34226380910430088, 32.78814505601985729, -77.47584112093065301 ) ) ;
#3316 = CARTESIAN_POINT ( 'NONE',  ( 17.64213225485974235, 32.79902569350101516, -103.5700901861299599 ) ) ;
#3317 = CARTESIAN_POINT ( 'NONE',  ( -25.83462100725817123, 3.000000000000001332, -21.53267021702536965 ) ) ;
#3318 = ORIENTED_EDGE ( 'NONE', *, *, #7321, .T. ) ;
#3319 = LINE ( 'NONE', #3794, #3195 ) ;
#3320 = CARTESIAN_POINT ( 'NONE',  ( -14.07840293429668854, 25.00000000000000000, -98.78269303132204016 ) ) ;
#3321 = CARTESIAN_POINT ( 'NONE',  ( -28.69866601925975047, 0.000000000000000000, -97.60057777878483876 ) ) ;
#3322 = ORIENTED_EDGE ( 'NONE', *, *, #6988, .T. ) ;
#3323 = CARTESIAN_POINT ( 'NONE',  ( 28.14762740506669658, 2.999999999999250822, -46.30685380457785527 ) ) ;
#3324 = ADVANCED_FACE ( 'NONE', ( #149 ), #4837, .F. ) ;
#3325 = CARTESIAN_POINT ( 'NONE',  ( -13.90954329994465510, 32.92801058211117038, -78.51916437016960515 ) ) ;
#3326 = AXIS2_PLACEMENT_3D ( 'NONE', #4910, #4259, #186 ) ;
#3327 = AXIS2_PLACEMENT_3D ( 'NONE', #2746, #5112, #2170 ) ;
#3328 = CARTESIAN_POINT ( 'NONE',  ( 4.373039862097495067, 3.000000000000000000, -139.6382178266192682 ) ) ;
#3329 = CARTESIAN_POINT ( 'NONE',  ( -32.45502107233780720, 3.000000000000000000, -110.0414357275787580 ) ) ;
#3330 = SURFACE_SIDE_STYLE ('',( #5032 ) ) ;
#3331 = VERTEX_POINT ( 'NONE', #1859 ) ;
#3332 = CARTESIAN_POINT ( 'NONE',  ( 22.02499643441695198, 50.10999999999998522, -104.3500000000004775 ) ) ;
#3333 = VECTOR ( 'NONE', #1304, 1000.000000000000000 ) ;
#3334 = VECTOR ( 'NONE', #836, 1000.000000000000000 ) ;
#3335 = CARTESIAN_POINT ( 'NONE',  ( -25.52499643441695198, 32.48868152953985344, -86.65000000000063096 ) ) ;
#3336 = CARTESIAN_POINT ( 'NONE',  ( -26.82660516627629477, 6.983651597083382789, -72.92544272830765806 ) ) ;
#3337 = CIRCLE ( 'NONE', #7299, 1.500000000000001332 ) ;
#3338 = CIRCLE ( 'NONE', #5570, 5.500000000000005329 ) ;
#3339 = CARTESIAN_POINT ( 'NONE',  ( 16.06866642752390462, 32.90957138221272515, -82.31706269968198342 ) ) ;
#3340 = CARTESIAN_POINT ( 'NONE',  ( -2.562376416991374306, 32.50000000000001421, -68.82504757971555875 ) ) ;
#3341 = ORIENTED_EDGE ( 'NONE', *, *, #1328, .T. ) ;
#3342 = CARTESIAN_POINT ( 'NONE',  ( 25.13664668862222484, 3.000000000000000000, -122.6262981662456042 ) ) ;
#3343 = CARTESIAN_POINT ( 'NONE',  ( -22.02499643441695198, 38.11000187309952025, -85.77132034356024803 ) ) ;
#3344 = CARTESIAN_POINT ( 'NONE',  ( -20.37794607877024688, 27.14863274368713775, -104.3500000000005485 ) ) ;
#3345 = CIRCLE ( 'NONE', #7177, 1.249999442108171266 ) ;
#3346 = CARTESIAN_POINT ( 'NONE',  ( 8.526293290014665516, 18.43590052955619285, -136.1755764094139067 ) ) ;
#3347 = EDGE_CURVE ( 'NONE', #120, #3804, #7253, .T. ) ;
#3348 = EDGE_CURVE ( 'NONE', #2324, #4149, #5609, .T. ) ;
#3349 = CARTESIAN_POINT ( 'NONE',  ( -22.91902573097676310, 2.999999999999999112, -22.38538402531837335 ) ) ;
#3350 = CARTESIAN_POINT ( 'NONE',  ( -31.05665775084972324, 7.350811603224830293, -93.34033462220618560 ) ) ;
#3351 = CARTESIAN_POINT ( 'NONE',  ( 14.01977853357320747, 26.49999999999999645, -104.7673019376602213 ) ) ;
#3352 = CARTESIAN_POINT ( 'NONE',  ( 19.41432567256871167, 3.000000000000000444, -16.14857286339768550 ) ) ;
#3353 = CARTESIAN_POINT ( 'NONE',  ( 7.083720222957627044, 32.50000000000000000, -68.55963206800308285 ) ) ;
#3354 = CARTESIAN_POINT ( 'NONE',  ( 31.13401419776419843, 7.497990503536893669, -117.0561813617414089 ) ) ;
#3355 = CARTESIAN_POINT ( 'NONE',  ( 6.286953431812749571, 3.727963096470589127E-12, -139.3251024975809571 ) ) ;
#3356 = CARTESIAN_POINT ( 'NONE',  ( 13.39023139071482937, 32.64407252800993575, -77.33279310046638955 ) ) ;
#3357 = PRODUCT_DEFINITION_SHAPE ( 'NONE', 'NONE',  #5821 ) ;
#3358 = CARTESIAN_POINT ( 'NONE',  ( 27.56590583084546253, 7.260103247113154801, -124.7989507741555997 ) ) ;
#3359 = CARTESIAN_POINT ( 'NONE',  ( 15.71529893175850923, 26.50000000000000355, -91.65493576818647625 ) ) ;
#3360 = DIRECTION ( 'NONE',  ( 1.000000000000000000, 0.000000000000000000, 0.000000000000000000 ) ) ;
#3361 = CARTESIAN_POINT ( 'NONE',  ( -14.15793892718589575, 25.00000000000000000, -98.27182187239792199 ) ) ;
#3362 = CARTESIAN_POINT ( 'NONE',  ( -4.000000000000000000, 5.000000000000000000, -83.33717174866055188 ) ) ;
#3363 = ORIENTED_EDGE ( 'NONE', *, *, #5223, .F. ) ;
#3364 = CARTESIAN_POINT ( 'NONE',  ( 28.42452151528127757, -3.717054058705843721E-13, -44.55900973862257075 ) ) ;
#3365 = CARTESIAN_POINT ( 'NONE',  ( -13.34178010223622657, 32.78814505601983598, -77.47513931132463938 ) ) ;
#3366 = DIRECTION ( 'NONE',  ( -1.000000000000000000, -1.734723475976807686E-15, 0.000000000000000000 ) ) ;
#3367 = CARTESIAN_POINT ( 'NONE',  ( -29.40929545162635250, 0.000000000000000000, -103.0178203912410027 ) ) ;
#3368 = CARTESIAN_POINT ( 'NONE',  ( 28.00801302545213645, 3.000000000000002220, -116.9144750564717583 ) ) ;
#3369 = CARTESIAN_POINT ( 'NONE',  ( -20.94193047891429416, 25.64085414774511662, -85.15000000000061675 ) ) ;
#3370 = CARTESIAN_POINT ( 'NONE',  ( -24.50237563046975708, -0.000000000000000000, -49.86401041033744974 ) ) ;
#3371 = VERTEX_POINT ( 'NONE', #4410 ) ;
#3372 = CARTESIAN_POINT ( 'NONE',  ( -17.16883493597687860, 7.499947165698107376, -8.586421368120795705 ) ) ;
#3373 = CARTESIAN_POINT ( 'NONE',  ( 1.734723475976807094E-15, 25.00000000000000000, -100.3096012722446204 ) ) ;
#3374 = CARTESIAN_POINT ( 'NONE',  ( -16.95673806654744098, 32.69230895557668504, -105.6249143209821995 ) ) ;
#3375 = CARTESIAN_POINT ( 'NONE',  ( 26.27921906525198992, 7.123443119461569495, -58.54736256922986115 ) ) ;
#3376 = CARTESIAN_POINT ( 'NONE',  ( -14.75299318649281588, 7.264856437420957214, -6.044247470439607639 ) ) ;
#3377 = VERTEX_POINT ( 'NONE', #523 ) ;
#3378 = DIRECTION ( 'NONE',  ( -0.000000000000000000, 0.000000000000000000, -1.000000000000000000 ) ) ;
#3379 = CARTESIAN_POINT ( 'NONE',  ( -6.216572120006185642, 4.336808689940765419E-16, -1.129192364431541806 ) ) ;
#3380 = FACE_BOUND ( 'NONE', #5386, .T. ) ;
#3381 = CARTESIAN_POINT ( 'NONE',  ( 22.10620320950324214, 19.49483764434318545, -124.3545026184271336 ) ) ;
#3382 = CARTESIAN_POINT ( 'NONE',  ( -27.00497113428538754, 18.21177771656893896, -103.1254109867799684 ) ) ;
#3383 = CARTESIAN_POINT ( 'NONE',  ( -27.55949200662377763, 7.332971851831593391, -77.45753821616872870 ) ) ;
#3384 = CARTESIAN_POINT ( 'NONE',  ( 13.76808828141355256, 32.50000000000000000, -105.2370246009279953 ) ) ;
#3385 = CARTESIAN_POINT ( 'NONE',  ( 8.513752927299892193, 25.00000000000000000, -78.42757013402793120 ) ) ;
#3386 = ADVANCED_FACE ( 'NONE', ( #6395 ), #1150, .F. ) ;
#3387 = CARTESIAN_POINT ( 'NONE',  ( -15.30453396271891364, 25.50817888728520799, -91.38806196228925671 ) ) ;
#3388 = CARTESIAN_POINT ( 'NONE',  ( 0.01049031681325251347, 7.499999486495170231, -139.9999978604685680 ) ) ;
#3389 = CARTESIAN_POINT ( 'NONE',  ( -23.51848912867282237, 2.999999999999997780, -124.8844862603351089 ) ) ;
#3390 = CARTESIAN_POINT ( 'NONE',  ( 29.19217300647084912, 0.000000000000000000, -112.1029451269444905 ) ) ;
#3391 = B_SPLINE_CURVE_WITH_KNOTS ( 'NONE', 3,
 ( #5631, #6126, #2105, #5007, #357, #4930, #323, #2675, #5084, #1418, #3300, #4394, #6092, #5512, #7295, #6672, #1997, #6711, #7449, #877, #2140, #7410, #5041, #6788, #4359, #6827, #3812, #799, #1529, #1454, #247, #3890, #6236, #4971, #950, #2033, #287, #5665, #6748, #6160, #3147, #5593, #2640, #7374, #398, #989, #3925, #1133, #430, #1640, #7009, #5192, #1674, #3965 ),
 .UNSPECIFIED., .F., .F.,
 ( 4, 2, 2, 2, 2, 2, 2, 2, 2, 2, 2, 2, 2, 2, 2, 2, 2, 2, 2, 2, 2, 2, 2, 2, 2, 2, 4 ),
 ( 0.000000000000000000, 0.06250000000000077716, 0.1250000000000015543, 0.1562500000000016098, 0.1875000000000016653, 0.2500000000000017764, 0.3125000000000019429, 0.3437500000000022760, 0.3750000000000025535, 0.4062500000000028311, 0.4375000000000031086, 0.4687500000000033862, 0.5000000000000036637, 0.5156250000000037748, 0.5312500000000037748, 0.5625000000000041078, 0.5781250000000041078, 0.5937500000000039968, 0.6250000000000039968, 0.6562500000000038858, 0.6875000000000038858, 0.7500000000000032196, 0.7812500000000025535, 0.8125000000000019984, 0.8750000000000013323, 0.9375000000000006661, 1.000000000000000000 ),
 .UNSPECIFIED. ) ;
#3392 = CARTESIAN_POINT ( 'NONE',  ( 29.10566207911455194, 7.083804527462136846, -39.76607443323810998 ) ) ;
#3393 = CARTESIAN_POINT ( 'NONE',  ( 2.187450697170615577, 32.64815035387812969, -120.7518286188103076 ) ) ;
#3394 = CARTESIAN_POINT ( 'NONE',  ( -3.999999999999999112, 5.000000000000000000, -91.03468405460924373 ) ) ;
#3395 = CARTESIAN_POINT ( 'NONE',  ( 8.324735674422557352, 32.50000000000000000, -113.6472704830578806 ) ) ;
#3396 = CARTESIAN_POINT ( 'NONE',  ( 1.328899699116407707, 24.99999999999728217, -117.7891705790304826 ) ) ;
#3397 = CARTESIAN_POINT ( 'NONE',  ( 22.02499643441695198, 57.10999812690045729, -94.75000000000055422 ) ) ;
#3398 = VERTEX_POINT ( 'NONE', #5720 ) ;
#3399 = CARTESIAN_POINT ( 'NONE',  ( 31.16705750155525934, -1.117239773015889226E-12, -94.28594962470883445 ) ) ;
#3400 = CARTESIAN_POINT ( 'NONE',  ( -11.39991872723617838, 32.50000000000001421, -74.57503330838288491 ) ) ;
#3401 = DIRECTION ( 'NONE',  ( 1.000000000000000000, 0.000000000000000000, 0.000000000000000000 ) ) ;
#3402 = CARTESIAN_POINT ( 'NONE',  ( -28.59386937578997490, 3.000000000002939871, -82.43452273477282688 ) ) ;
#3403 = CARTESIAN_POINT ( 'NONE',  ( -11.45339284815238834, 32.50000000000000000, -79.90085046622253628 ) ) ;
#3404 = CARTESIAN_POINT ( 'NONE',  ( -3.268545016667349312, 3.000000000000000444, -3.393413883179404955 ) ) ;
#3405 = CARTESIAN_POINT ( 'NONE',  ( -23.81513102004662841, -0.000000000000000000, -54.03513580231395252 ) ) ;
#3406 = ORIENTED_EDGE ( 'NONE', *, *, #2497, .F. ) ;
#3407 = CARTESIAN_POINT ( 'NONE',  ( -1.788410501212023718, 7.500200721121283998, -0.07566434997373060189 ) ) ;
#3408 = FACE_OUTER_BOUND ( 'NONE', #829, .T. ) ;
#3409 = FACE_BOUND ( 'NONE', #2967, .T. ) ;
#3410 = CARTESIAN_POINT ( 'NONE',  ( -27.55949200662377763, 7.332971851831593391, -77.45753821616872870 ) ) ;
#3411 = CARTESIAN_POINT ( 'NONE',  ( 28.41802535002898367, 7.094584698090103281, -45.15346489831016186 ) ) ;
#3412 = CARTESIAN_POINT ( 'NONE',  ( -15.82866835113547843, 17.85430819682893500, -58.85159456547547308 ) ) ;
#3413 = ORIENTED_EDGE ( 'NONE', *, *, #4099, .F. ) ;
#3414 = CARTESIAN_POINT ( 'NONE',  ( 23.82059805196170643, 3.000000000000000000, -124.4397843207009942 ) ) ;
#3415 = CARTESIAN_POINT ( 'NONE',  ( -4.000000000000000000, 2.600000000000029843, -83.33717174866055188 ) ) ;
#3416 = DIRECTION ( 'NONE',  ( 1.512080307323490847E-16, 0.000000000000000000, -1.000000000000000000 ) ) ;
#3417 = CARTESIAN_POINT ( 'NONE',  ( 19.30004972035500899, 19.14662859308436182, -128.0915554365228957 ) ) ;
#3418 = FACE_OUTER_BOUND ( 'NONE', #1200, .T. ) ;
#3419 = CARTESIAN_POINT ( 'NONE',  ( -18.77027473155218473, 32.50000000000002132, -99.21549452007123193 ) ) ;
#3420 = CARTESIAN_POINT ( 'NONE',  ( 10.17274605886354166, 32.50000000000000000, -111.5437733687202808 ) ) ;
#3421 = CARTESIAN_POINT ( 'NONE',  ( 1.995502369318216340, 25.00000000000000355, -73.55234517319917131 ) ) ;
#3422 = DIRECTION ( 'NONE',  ( 0.000000000000000000, 0.000000000000000000, -1.000000000000000000 ) ) ;
#3423 = CARTESIAN_POINT ( 'NONE',  ( -8.399741924143942384, -8.673617379884035472E-16, -135.5821036189847177 ) ) ;
#3424 = CARTESIAN_POINT ( 'NONE',  ( 29.29868753084858923, -0.000000000000000000, -102.0747757203971844 ) ) ;
#3425 = CARTESIAN_POINT ( 'NONE',  ( 28.38040808547559379, 7.297292349045037874, -45.21433867761333403 ) ) ;
#3426 = CARTESIAN_POINT ( 'NONE',  ( 9.806760443723975484, 32.57920712254184537, -116.5721669866785248 ) ) ;
#3427 = CARTESIAN_POINT ( 'NONE',  ( -14.17499646072121244, 25.00000000000000000, -91.36251844117559529 ) ) ;
#3428 = DIRECTION ( 'NONE',  ( 0.000000000000000000, 0.000000000000000000, 1.000000000000000000 ) ) ;
#3429 = CARTESIAN_POINT ( 'NONE',  ( -4.642826042432386835, 25.00000000000000000, -114.7697022256652417 ) ) ;
#3430 = CARTESIAN_POINT ( 'NONE',  ( 7.742204979461941861, -8.673617379884035472E-16, -5.099986476285310211 ) ) ;
#3431 = ORIENTED_EDGE ( 'NONE', *, *, #7330, .T. ) ;
#3432 = CARTESIAN_POINT ( 'NONE',  ( 23.50954548225009333, 0.000000000000000000, -56.05441890817791517 ) ) ;
#3433 = CARTESIAN_POINT ( 'NONE',  ( -11.63105841749304936, 17.45549824035918363, -53.95497880512014888 ) ) ;
#3434 = EDGE_CURVE ( 'NONE', #4614, #858, #5598, .T. ) ;
#3435 = LINE ( 'NONE', #2235, #6414 ) ;
#3436 = VERTEX_POINT ( 'NONE', #445 ) ;
#3437 = CARTESIAN_POINT ( 'NONE',  ( -32.39930264672992877, 4.070065067857432940E-29, -102.7606689198543819 ) ) ;
#3438 = CARTESIAN_POINT ( 'NONE',  ( -0.8954090135333223621, 3.000000000000000444, 5.170289110040249270E-15 ) ) ;
#3439 = CARTESIAN_POINT ( 'NONE',  ( 14.04976019328077186, 3.000000000000000444, -9.770945337894664462 ) ) ;
#3440 = CARTESIAN_POINT ( 'NONE',  ( -24.64031991890202988, -0.000000000000000000, -49.05839573507304152 ) ) ;
#3441 = EDGE_LOOP ( 'NONE', ( #168, #5868, #2695, #6400 ) ) ;
#3442 = CARTESIAN_POINT ( 'NONE',  ( -27.02499643441695198, 0.000000000000000000, 0.000000000000000000 ) ) ;
#3443 = DIRECTION ( 'NONE',  ( 0.000000000000000000, -1.000000000000000000, 0.000000000000000000 ) ) ;
#3444 = FACE_OUTER_BOUND ( 'NONE', #1797, .T. ) ;
#3445 = AXIS2_PLACEMENT_3D ( 'NONE', #3006, #4753, #2462 ) ;
#3446 = CARTESIAN_POINT ( 'NONE',  ( -31.01253365016355801, 7.499999999999992006, -93.36826312234281033 ) ) ;
#3447 = AXIS2_PLACEMENT_3D ( 'NONE', #136, #2488, #3957 ) ;
#3448 = AXIS2_PLACEMENT_3D ( 'NONE', #7458, #4941, #5052 ) ;
#3449 = CARTESIAN_POINT ( 'NONE',  ( -8.091943859031694330, 32.80389893554472991, -71.92332218502581043 ) ) ;
#3450 = CARTESIAN_POINT ( 'NONE',  ( -14.48685071931988588, 25.00000000000271427, -86.30236322135819194 ) ) ;
#3451 = AXIS2_PLACEMENT_3D ( 'NONE', #4416, #1441, #742 ) ;
#3452 = ORIENTED_EDGE ( 'NONE', *, *, #2957, .F. ) ;
#3453 = CARTESIAN_POINT ( 'NONE',  ( 9.138066353889694682, 3.000000000000000444, -135.2678860895248647 ) ) ;
#3454 = CARTESIAN_POINT ( 'NONE',  ( -3.523926345551577022, 0.000000000000000000, -3.434721201962488202 ) ) ;
#3455 = LINE ( 'NONE', #4585, #251 ) ;
#3456 = CARTESIAN_POINT ( 'NONE',  ( 31.99865874754238959, 7.243408292600754805, -114.8893874267665041 ) ) ;
#3457 = CIRCLE ( 'NONE', #4454, 1.174999999999995381 ) ;
#3458 = VECTOR ( 'NONE', #3378, 1000.000000000000000 ) ;
#3459 = CARTESIAN_POINT ( 'NONE',  ( -4.298474011628361829E-15, 32.65539065610294500, -68.76021649481717191 ) ) ;
#3460 = CARTESIAN_POINT ( 'NONE',  ( -18.70364495972222940, 32.71408988749561075, -99.28719215677942600 ) ) ;
#3461 = EDGE_LOOP ( 'NONE', ( #4309, #3619, #3112, #1829, #692, #6003, #7161, #5083, #3756, #2049, #106, #2199, #666 ) ) ;
#3462 = CARTESIAN_POINT ( 'NONE',  ( 3.807158695379316171, 32.50000000000000000, -116.9750606333721805 ) ) ;
#3463 = VECTOR ( 'NONE', #4906, 1000.000000000000000 ) ;
#3464 = CARTESIAN_POINT ( 'NONE',  ( 0.4779810581789386559, 25.00000000000000711, -73.23070381970265430 ) ) ;
#3465 = CARTESIAN_POINT ( 'NONE',  ( 3.888673749258444001, 6.505213034913026604E-16, -136.6775359458687831 ) ) ;
#3466 = CARTESIAN_POINT ( 'NONE',  ( 26.04197018651942130, 7.499481485413686421, -66.08969536576519488 ) ) ;
#3467 = CARTESIAN_POINT ( 'NONE',  ( 26.85089591473927229, -0.000000000000000000, -88.37065425727907098 ) ) ;
#3468 = CARTESIAN_POINT ( 'NONE',  ( 17.55597060422065425, 32.89065479202560027, -86.03983803947470221 ) ) ;
#3469 = CARTESIAN_POINT ( 'NONE',  ( 16.05823354731383645, 18.85088939886460579, -131.3476340494703720 ) ) ;
#3470 = CARTESIAN_POINT ( 'NONE',  ( -3.999999999999998224, 5.357940871832867380, -92.70908512187691031 ) ) ;
#3471 = CARTESIAN_POINT ( 'NONE',  ( -2.515597746188855677, 25.00000000000181544, -117.4764238119513635 ) ) ;
#3472 = CARTESIAN_POINT ( 'NONE',  ( 15.75269153488211415, -1.734723475976807094E-15, -11.45868774328403816 ) ) ;
#3473 = CARTESIAN_POINT ( 'NONE',  ( 26.02665903878035181, 4.036963345845944717E-12, -66.08396268880483149 ) ) ;
#3474 = CARTESIAN_POINT ( 'NONE',  ( -4.255493527005604903E-15, 32.50000000000000000, -68.55960127224463463 ) ) ;
#3475 = DIRECTION ( 'NONE',  ( -0.000000000000000000, -0.000000000000000000, 1.000000000000000000 ) ) ;
#3476 = ORIENTED_EDGE ( 'NONE', *, *, #7311, .F. ) ;
#3477 = CARTESIAN_POINT ( 'NONE',  ( -26.89222149228332626, 14.97714548867273621, -86.02940866479647752 ) ) ;
#3478 = CARTESIAN_POINT ( 'NONE',  ( 18.09268669586938216, 31.26255897579305199, -85.15000000000063096 ) ) ;
#3479 = CARTESIAN_POINT ( 'NONE',  ( 16.82134301773402996, 3.000000000000000444, -12.72988988646883790 ) ) ;
#3480 = CARTESIAN_POINT ( 'NONE',  ( -24.05485021318270711, -0.000000000000000000, -52.52508958986312138 ) ) ;
#3481 = ORIENTED_EDGE ( 'NONE', *, *, #1935, .F. ) ;
#3482 = CARTESIAN_POINT ( 'NONE',  ( -3.887125774622779861, 25.00000000000000000, -115.2423500656066864 ) ) ;
#3483 = ADVANCED_FACE ( 'NONE', ( #5826 ), #7574, .T. ) ;
#3484 = CARTESIAN_POINT ( 'NONE',  ( 0.9044904000709984571, 7.261740045911976971, 0.1189014670506914478 ) ) ;
#3485 = CARTESIAN_POINT ( 'NONE',  ( 32.39724514070065453, 2.999999999999999556, -110.7049920683016637 ) ) ;
#3486 = CARTESIAN_POINT ( 'NONE',  ( -19.00218733452022946, 32.61083422916384933, -97.06446626965794167 ) ) ;
#3487 = EDGE_CURVE ( 'NONE', #2468, #780, #5556, .T. ) ;
#3488 = CARTESIAN_POINT ( 'NONE',  ( -4.580550366110942129, 0.000000000000000000, -136.5582322951198364 ) ) ;
#3489 = CARTESIAN_POINT ( 'NONE',  ( -14.81604986794925338, 26.50000000000000355, -87.35112134500647585 ) ) ;
#3490 = EDGE_LOOP ( 'NONE', ( #2126, #1564, #2621, #3761 ) ) ;
#3491 = DIRECTION ( 'NONE',  ( 0.000000000000000000, 1.000000000000000000, 0.000000000000000000 ) ) ;
#3492 = CARTESIAN_POINT ( 'NONE',  ( -12.20620961967714457, 3.000000000000000000, -4.353952528906003927 ) ) ;
#3493 = DIRECTION ( 'NONE',  ( -1.000000000000000000, -0.000000000000000000, -0.000000000000000000 ) ) ;
#3494 = CARTESIAN_POINT ( 'NONE',  ( 9.385391017730867702, 24.98857519589842369, -125.9927767084020047 ) ) ;
#3495 = CARTESIAN_POINT ( 'NONE',  ( 9.773416505686729039, 32.80019916080782849, -73.32945864915711809 ) ) ;
#3496 = CARTESIAN_POINT ( 'NONE',  ( -19.02873133430677299, 32.84205049326415349, -95.33835961646835244 ) ) ;
#3497 = ORIENTED_EDGE ( 'NONE', *, *, #4907, .F. ) ;
#3498 = CARTESIAN_POINT ( 'NONE',  ( 15.52103865531357663, 26.49999999999999289, -99.37160949560711742 ) ) ;
#3499 = CYLINDRICAL_SURFACE ( 'NONE', #993, 1.174999999999995381 ) ;
#3500 = CARTESIAN_POINT ( 'NONE',  ( 2.224582195635748081E-15, 6.500000000000000888, -90.80960127224460621 ) ) ;
#3501 = PRODUCT_CONTEXT ( 'NONE', #2988, 'mechanical' ) ;
#3502 = CARTESIAN_POINT ( 'NONE',  ( 29.00849368449401311, -0.000000000000000000, -99.57465803141487015 ) ) ;
#3503 = CARTESIAN_POINT ( 'NONE',  ( 26.60989559997344855, 7.117516410609685984, -55.85461709838956779 ) ) ;
#3504 = CARTESIAN_POINT ( 'NONE',  ( 4.288428611846398120, 32.64952285095788653, -120.1098269887696972 ) ) ;
#3505 = LINE ( 'NONE', #5864, #7649 ) ;
#3506 = CARTESIAN_POINT ( 'NONE',  ( 15.52060267947522476, 32.50000000000000000, -99.37476672774906206 ) ) ;
#3507 = CARTESIAN_POINT ( 'NONE',  ( -7.266009328247158727, 25.00000000000000711, -112.6118492934357960 ) ) ;
#3508 = CARTESIAN_POINT ( 'NONE',  ( 6.583716334414578597, -8.673617379884035472E-16, -4.542904164368747111 ) ) ;
#3509 = DIRECTION ( 'NONE',  ( 0.000000000000000000, -1.000000000000000000, 0.000000000000000000 ) ) ;
#3510 = CARTESIAN_POINT ( 'NONE',  ( 26.00443634398369852, -3.710735331079074042E-13, -62.10176029365329242 ) ) ;
#3511 = CARTESIAN_POINT ( 'NONE',  ( -0.9028214144453144963, 7.499999999999999112, -1.940839386561792254E-15 ) ) ;
#3512 = DIRECTION ( 'NONE',  ( 0.7071067811865451302, 0.7071067811865499042, 0.000000000000000000 ) ) ;
#3513 = ORIENTED_EDGE ( 'NONE', *, *, #1459, .T. ) ;
#3514 = LINE ( 'NONE', #3639, #364 ) ;
#3515 = CARTESIAN_POINT ( 'NONE',  ( 22.03050223523718287, 23.84624982464212906, -85.15000000000061675 ) ) ;
#3516 = CARTESIAN_POINT ( 'NONE',  ( 8.581194924335415308, 3.000000000000000000, -5.582068887759106701 ) ) ;
#3517 = CARTESIAN_POINT ( 'NONE',  ( -24.49030829030053624, -0.000000000000000000, -49.93447400497211675 ) ) ;
#3518 = ORIENTED_EDGE ( 'NONE', *, *, #3877, .T. ) ;
#3519 = LINE ( 'NONE', #1906, #5185 ) ;
#3520 = CARTESIAN_POINT ( 'NONE',  ( 28.30059584373940496, 3.000000000000000000, -45.38136474696914746 ) ) ;
#3521 = CARTESIAN_POINT ( 'NONE',  ( -26.58235015769380993, 7.308758205304829225, -55.90829315478939776 ) ) ;
#3522 = EDGE_CURVE ( 'NONE', #617, #5830, #5130, .T. ) ;
#3523 = ADVANCED_FACE ( 'NONE', ( #2229 ), #1480, .T. ) ;
#3524 = CARTESIAN_POINT ( 'NONE',  ( -0.0001149492099848734971, 6.785220137735930024, 0.3567044011520290048 ) ) ;
#3525 = CARTESIAN_POINT ( 'NONE',  ( -10.45994190159178494, 24.99999999999998934, -81.14317857136057910 ) ) ;
#3526 = ORIENTED_EDGE ( 'NONE', *, *, #1683, .T. ) ;
#3527 = CARTESIAN_POINT ( 'NONE',  ( -3.720359770992264448, 7.499463918045662147, -139.7961359566002386 ) ) ;
#3528 = CARTESIAN_POINT ( 'NONE',  ( 8.819193491078250347, 0.000000000000000000, -5.709528942418806707 ) ) ;
#3529 = CARTESIAN_POINT ( 'NONE',  ( 2.732381425153204368, 26.50000000000000000, -72.20430985170644078 ) ) ;
#3530 = CARTESIAN_POINT ( 'NONE',  ( 1.449301893140870545, 18.30075089778908648, -137.8900939392749763 ) ) ;
#3531 = EDGE_CURVE ( 'NONE', #4671, #4699, #1656, .T. ) ;
#3532 = EDGE_CURVE ( 'NONE', #348, #4777, #4389, .T. ) ;
#3533 = CARTESIAN_POINT ( 'NONE',  ( 10.40145573214556229, 6.789274626688956538, -2.596545714884600731 ) ) ;
#3534 = CARTESIAN_POINT ( 'NONE',  ( -17.55581424130866708, 32.89065479202564291, -86.03931261423832666 ) ) ;
#3535 = CARTESIAN_POINT ( 'NONE',  ( -22.02499643441695198, 50.10999999999998522, -101.7499981269010192 ) ) ;
#3536 = VERTEX_POINT ( 'NONE', #1690 ) ;
#3537 = CARTESIAN_POINT ( 'NONE',  ( -4.315750746048045094, 32.50000000000000000, -116.7087058308010512 ) ) ;
#3538 = CARTESIAN_POINT ( 'NONE',  ( -25.99590683853164563, -1.089952980537910705E-12, -62.39567680768757185 ) ) ;
#3539 = CARTESIAN_POINT ( 'NONE',  ( -18.84999643441695127, 50.10999999999998522, -87.75000187310008926 ) ) ;
#3540 = CARTESIAN_POINT ( 'NONE',  ( -19.99772566298096166, -2.602085213965210642E-15, -128.5725372940502780 ) ) ;
#3541 = CARTESIAN_POINT ( 'NONE',  ( 26.12564034671348878, 0.000000000000000000, -85.13378822587476691 ) ) ;
#3542 = CARTESIAN_POINT ( 'NONE',  ( 16.94334271355440436, 32.89945667547227970, -84.32279810948962506 ) ) ;
#3543 = B_SPLINE_CURVE_WITH_KNOTS ( 'NONE', 3,
 ( #438, #4549, #7525, #1143, #1614, #6946, #4703, #1650 ),
 .UNSPECIFIED., .F., .F.,
 ( 4, 2, 2, 4 ),
 ( 0.000000000000000000, 0.001028352936616464463, 0.002056705873232928927, 0.004113411746465858720 ),
 .UNSPECIFIED. ) ;
#3544 = CARTESIAN_POINT ( 'NONE',  ( -4.345842451115307981, 18.32619082847465464, -137.5533904595882575 ) ) ;
#3545 = CARTESIAN_POINT ( 'NONE',  ( 12.29846051972620380, 24.99999999999456080, -81.31524419580651397 ) ) ;
#3546 = CARTESIAN_POINT ( 'NONE',  ( 13.54924004845323715, 32.50000000000000000, -105.7510314961747611 ) ) ;
#3547 = CARTESIAN_POINT ( 'NONE',  ( -4.205407819663760094, 26.50000000000000355, -116.7800709199255351 ) ) ;
#3548 = DIRECTION ( 'NONE',  ( -1.000000000000000000, 0.000000000000000000, 0.000000000000000000 ) ) ;
#3549 = ORIENTED_EDGE ( 'NONE', *, *, #2633, .T. ) ;
#3550 = CARTESIAN_POINT ( 'NONE',  ( 28.22055389217803878, 0.000000000000000000, -94.85085022109690556 ) ) ;
#3551 = CARTESIAN_POINT ( 'NONE',  ( -10.36236929602008594, 7.263091542229650699, -2.823848880819246787 ) ) ;
#3552 = CARTESIAN_POINT ( 'NONE',  ( 27.66660891701656411, 6.905948508795665575, -49.55015829408795014 ) ) ;
#3553 = LINE ( 'NONE', #7504, #119 ) ;
#3554 = ORIENTED_EDGE ( 'NONE', *, *, #3781, .T. ) ;
#3555 = DIRECTION ( 'NONE',  ( 3.350742134735898859E-10, 0.000000000000000000, 1.000000000000000000 ) ) ;
#3556 = FACE_OUTER_BOUND ( 'NONE', #6710, .T. ) ;
#3557 = CARTESIAN_POINT ( 'NONE',  ( 17.36512742910455387, 3.000000000000000888, -13.38611540219590523 ) ) ;
#3558 = ORIENTED_EDGE ( 'NONE', *, *, #2194, .T. ) ;
#3559 = CARTESIAN_POINT ( 'NONE',  ( -15.67499646296582938, 26.50000000000000355, -98.25617004468698212 ) ) ;
#3560 = CARTESIAN_POINT ( 'NONE',  ( 32.52741353455368767, 3.000000000000000444, -104.5104369171796606 ) ) ;
#3561 = CARTESIAN_POINT ( 'NONE',  ( -26.30470395327828470, 6.935164679192359571, -58.49738696553078654 ) ) ;
#3562 = CARTESIAN_POINT ( 'NONE',  ( -2.707223972954521329, 7.500000000000002665, -0.1537898969404322969 ) ) ;
#3563 = CARTESIAN_POINT ( 'NONE',  ( -14.96657138814651233, 26.50000000000000355, -87.88317942153605600 ) ) ;
#3564 = ORIENTED_EDGE ( 'NONE', *, *, #3532, .T. ) ;
#3565 = CARTESIAN_POINT ( 'NONE',  ( 36.04937071812727822, 7.533324314507918729, -28.10953659847149311 ) ) ;
#3566 = VECTOR ( 'NONE', #1443, 1000.000000000000000 ) ;
#3567 = CARTESIAN_POINT ( 'NONE',  ( 7.794486348817311949, 3.000000000000000000, -1.778531363876095783 ) ) ;
#3568 = CARTESIAN_POINT ( 'NONE',  ( -22.02499643441695198, 50.10999999999998522, -94.75000000000055422 ) ) ;
#3569 = CARTESIAN_POINT ( 'NONE',  ( 5.413972609140838443, 7.499999999999999112, -139.6182239357482047 ) ) ;
#3570 = VECTOR ( 'NONE', #605, 1000.000000000000114 ) ;
#3571 = CARTESIAN_POINT ( 'NONE',  ( 14.75184032750569152, 7.264856437420955437, -6.043272146384047083 ) ) ;
#3572 = CARTESIAN_POINT ( 'NONE',  ( -26.25358040980319174, 7.311721559730784747, -58.59898063563090886 ) ) ;
#3573 = EDGE_CURVE ( 'NONE', #7355, #2674, #4554, .T. ) ;
#3574 = DIRECTION ( 'NONE',  ( 0.000000000000000000, 0.000000000000000000, 1.000000000000000000 ) ) ;
#3575 = VERTEX_POINT ( 'NONE', #485 ) ;
#3576 = CARTESIAN_POINT ( 'NONE',  ( -9.467945305298577807, 32.50000000000000000, -112.4237321805749019 ) ) ;
#3577 = ADVANCED_FACE ( 'NONE', ( #6989 ), #2839, .T. ) ;
#3578 = CARTESIAN_POINT ( 'NONE',  ( -26.25155268300271061, 3.000000000000737632, -58.42656584090480010 ) ) ;
#3579 = FACE_OUTER_BOUND ( 'NONE', #6697, .T. ) ;
#3580 = CYLINDRICAL_SURFACE ( 'NONE', #2208, 1.174999999999995381 ) ;
#3581 = CARTESIAN_POINT ( 'NONE',  ( 23.77451594555476078, -0.000000000000000000, -54.31424217625384188 ) ) ;
#3582 = AXIS2_PLACEMENT_3D ( 'NONE', #4980, #2685, #2609 ) ;
#3583 = CARTESIAN_POINT ( 'NONE',  ( 19.05446210413490604, 32.72803366217608101, -95.28482925815703197 ) ) ;
#3584 = AXIS2_PLACEMENT_3D ( 'NONE', #2823, #2283, #508 ) ;
#3585 = EDGE_CURVE ( 'NONE', #4533, #5343, #3505, .T. ) ;
#3586 = CIRCLE ( 'NONE', #998, 1.174999999999995381 ) ;
#3587 = CARTESIAN_POINT ( 'NONE',  ( -8.082262130094038710, 32.65471447034683194, -117.9276878044257728 ) ) ;
#3588 = AXIS2_PLACEMENT_3D ( 'NONE', #7066, #5357, #5898 ) ;
#3589 = CARTESIAN_POINT ( 'NONE',  ( 15.66605740282078685, 26.49999999999983302, -91.29870931206558282 ) ) ;
#3590 = CARTESIAN_POINT ( 'NONE',  ( 3.316944565028454155E-14, 7.530611691294514465, 7.806255641895619303E-15 ) ) ;
#3591 = CARTESIAN_POINT ( 'NONE',  ( 14.96657138685359278, 26.50000000000000355, -101.7360231274619622 ) ) ;
#3592 = DIRECTION ( 'NONE',  ( -0.7071067811865453523, -0.7071067811865499042, -0.000000000000000000 ) ) ;
#3593 = ORIENTED_EDGE ( 'NONE', *, *, #1078, .T. ) ;
#3594 = CARTESIAN_POINT ( 'NONE',  ( 27.70637620464056639, 0.000000000000000000, -117.7254379994984390 ) ) ;
#3595 = CIRCLE ( 'NONE', #125, 1.174999999999995381 ) ;
#3596 = CARTESIAN_POINT ( 'NONE',  ( 25.52499643441695198, 32.48868152953990318, -102.8500000000004775 ) ) ;
#3597 = CARTESIAN_POINT ( 'NONE',  ( 26.06592158638671819, 7.500000000000000000, -66.76648719342773575 ) ) ;
#3598 = CARTESIAN_POINT ( 'NONE',  ( -27.79727883388466481, 3.000000000000001332, -124.1023734381976311 ) ) ;
#3599 = ORIENTED_EDGE ( 'NONE', *, *, #7323, .F. ) ;
#3600 = CARTESIAN_POINT ( 'NONE',  ( -26.22539547810189120, 16.29850186154022040, -85.31317562522274045 ) ) ;
#3601 = CARTESIAN_POINT ( 'NONE',  ( 13.55986631481220073, 26.50000000000000355, -83.85346395918973883 ) ) ;
#3602 = CARTESIAN_POINT ( 'NONE',  ( -17.65210097021633473, 3.000000000000000000, -13.73461664180585551 ) ) ;
#3603 = CARTESIAN_POINT ( 'NONE',  ( -25.56177347927053845, -0.000000000000000000, -82.59071857196782673 ) ) ;
#3604 = VERTEX_POINT ( 'NONE', #2912 ) ;
#3605 = CARTESIAN_POINT ( 'NONE',  ( -18.84999643441695127, 9.117047592042126780, -104.3500000000004775 ) ) ;
#3606 = CARTESIAN_POINT ( 'NONE',  ( 27.63743886232366975, 3.000000000000000888, -26.27583912896876939 ) ) ;
#3607 = CARTESIAN_POINT ( 'NONE',  ( -18.53398013839271385, 32.62412656501294350, -89.39843197490453974 ) ) ;
#3608 = FACE_OUTER_BOUND ( 'NONE', #761, .T. ) ;
#3609 = CARTESIAN_POINT ( 'NONE',  ( -2.712566827500448419, 7.261803645738693191, -0.03519575428016424173 ) ) ;
#3610 = CARTESIAN_POINT ( 'NONE',  ( -15.35566298633823301, 24.99999999999909761, -89.49549850457152900 ) ) ;
#3611 = ORIENTED_EDGE ( 'NONE', *, *, #4304, .T. ) ;
#3612 = CARTESIAN_POINT ( 'NONE',  ( 1.734723475976807094E-15, 1.500000000000000000, -94.80960127224460621 ) ) ;
#3613 = CARTESIAN_POINT ( 'NONE',  ( 13.48279623416334516, 3.000000000000000000, -5.305623816813352711 ) ) ;
#3614 = CARTESIAN_POINT ( 'NONE',  ( -25.52499643441015564, 20.34036889037800222, -104.3500000000004633 ) ) ;
#3615 = CARTESIAN_POINT ( 'NONE',  ( -15.57756829258313047, 7.277752199026235935, -135.7350689640412611 ) ) ;
#3616 = CARTESIAN_POINT ( 'NONE',  ( 11.63112951190156963, 17.45549824035916942, -53.95482510123301267 ) ) ;
#3617 = CARTESIAN_POINT ( 'NONE',  ( -21.07174863254272523, 20.02671465415426866, -79.82090232307913880 ) ) ;
#3618 = CARTESIAN_POINT ( 'NONE',  ( 26.48417566743527019, 1.734723475976807094E-15, -120.4678597383980900 ) ) ;
#3619 = ORIENTED_EDGE ( 'NONE', *, *, #442, .T. ) ;
#3620 = CARTESIAN_POINT ( 'NONE',  ( -8.321927384922057414, 32.50000000000000000, -113.6499688252051499 ) ) ;
#3621 = CARTESIAN_POINT ( 'NONE',  ( -29.05743134665021188, 3.000000000000000888, -35.55700706415909451 ) ) ;
#3622 = DIRECTION ( 'NONE',  ( 1.000000000000000000, 0.000000000000000000, 0.000000000000000000 ) ) ;
#3623 = CARTESIAN_POINT ( 'NONE',  ( 23.04254765104863978, 0.000000000000000000, -66.03508644268454475 ) ) ;
#3624 = CARTESIAN_POINT ( 'NONE',  ( 18.87678759888018121, 32.62036711648997311, -91.57213002885488606 ) ) ;
#3625 = CARTESIAN_POINT ( 'NONE',  ( 22.02499643441695198, 43.11000187309952025, -94.75000000000055422 ) ) ;
#3626 = CARTESIAN_POINT ( 'NONE',  ( -5.435973397855410560, 7.283476183430494189, -139.6594247297178697 ) ) ;
#3627 = EDGE_CURVE ( 'NONE', #7274, #322, #5279, .T. ) ;
#3628 = CARTESIAN_POINT ( 'NONE',  ( 13.94267406193899284, 24.99999999999728928, -84.81341651102731305 ) ) ;
#3629 = CARTESIAN_POINT ( 'NONE',  ( -18.64479180322172169, 3.000000000000000000, -69.89266654017500002 ) ) ;
#3630 = CARTESIAN_POINT ( 'NONE',  ( 14.30790764857766995, 26.49999999999911182, -103.8345399514654162 ) ) ;
#3631 = CARTESIAN_POINT ( 'NONE',  ( -19.99772566298096166, -8.673617379884035472E-16, -128.5725372940502780 ) ) ;
#3632 = DIRECTION ( 'NONE',  ( 0.000000000000000000, 0.000000000000000000, -1.000000000000000000 ) ) ;
#3633 = CARTESIAN_POINT ( 'NONE',  ( 29.74135549099456455, -2.602085213965210642E-15, -120.6002994412650366 ) ) ;
#3634 = CARTESIAN_POINT ( 'NONE',  ( 6.226713135828443768, 7.499999999999987566, -1.011028111678705432 ) ) ;
#3635 = CARTESIAN_POINT ( 'NONE',  ( -2.707223972954521329, 7.500000000000002665, -0.1537898969404322969 ) ) ;
#3636 = CARTESIAN_POINT ( 'NONE',  ( 21.25453631574936253, 20.58246371386440288, -84.57296996196829753 ) ) ;
#3637 = CARTESIAN_POINT ( 'NONE',  ( 41.16644988300614472, 50.10999999999987864, -94.75000000000054001 ) ) ;
#3638 = ORIENTED_EDGE ( 'NONE', *, *, #5380, .T. ) ;
#3639 = CARTESIAN_POINT ( 'NONE',  ( -22.02499643441695198, 50.10999999999998522, -85.15000000000063096 ) ) ;
#3640 = CARTESIAN_POINT ( 'NONE',  ( 0.5584238226085022072, 32.50000000000000000, -71.75057925814328996 ) ) ;
#3641 = CARTESIAN_POINT ( 'NONE',  ( -10.75597848882554075, 3.000000000000001332, -7.009576519672327422 ) ) ;
#3642 = CARTESIAN_POINT ( 'NONE',  ( -23.14461027946948235, 0.000000000000000000, -67.70995563965776398 ) ) ;
#3643 = EDGE_LOOP ( 'NONE', ( #2254, #6518 ) ) ;
#3644 = CARTESIAN_POINT ( 'NONE',  ( -2.486139003694621152, 25.00000000000000000, -115.8969560300102586 ) ) ;
#3645 = CARTESIAN_POINT ( 'NONE',  ( 11.52628939189218826, 2.999999999999999112, -3.876362914094682033 ) ) ;
#3646 = CARTESIAN_POINT ( 'NONE',  ( -23.59413852122625244, 26.02852734244880040, -66.24141759377243943 ) ) ;
#3647 = CARTESIAN_POINT ( 'NONE',  ( 23.79746369015736818, -0.000000000000000000, -24.42429123158222737 ) ) ;
#3648 = CARTESIAN_POINT ( 'NONE',  ( -22.02499643441695198, 50.10999999999998522, -102.9249981269010163 ) ) ;
#3649 = CARTESIAN_POINT ( 'NONE',  ( 1.246832498358330099E-15, -8.673617379884035472E-16, -137.0000000000000000 ) ) ;
#3650 = ORIENTED_EDGE ( 'NONE', *, *, #4863, .F. ) ;
#3651 = CARTESIAN_POINT ( 'NONE',  ( 22.02499643441695198, 43.11000187309952025, -93.57500000000055707 ) ) ;
#3652 = CARTESIAN_POINT ( 'NONE',  ( 20.55033068058963508, 2.999999999999998224, -12.57912457696871122 ) ) ;
#3653 = CARTESIAN_POINT ( 'NONE',  ( 9.425240263208131353, 26.50000000000000000, -77.17768067658572306 ) ) ;
#3654 = CARTESIAN_POINT ( 'NONE',  ( -1.805642828890344997, 7.500000000000000000, -140.0000000000000000 ) ) ;
#3655 = CARTESIAN_POINT ( 'NONE',  ( 8.162598819305058484, 32.49999999999995737, -71.56798294270383565 ) ) ;
#3656 = CARTESIAN_POINT ( 'NONE',  ( -27.60030982370645347, 7.301982836265208832, -49.66608859310746027 ) ) ;
#3657 = CARTESIAN_POINT ( 'NONE',  ( -24.90551153555110275, 19.04182866342558356, -85.15000000000061675 ) ) ;
#3658 = ORIENTED_EDGE ( 'NONE', *, *, #5942, .F. ) ;
#3659 = CARTESIAN_POINT ( 'NONE',  ( -1.122009616665457621, 32.50000000000000000, -117.8051075624929496 ) ) ;
#3660 = CARTESIAN_POINT ( 'NONE',  ( -26.01937466448488223, 3.000000000000000000, -65.54320295851249512 ) ) ;
#3661 = CARTESIAN_POINT ( 'NONE',  ( 18.84999643441695127, 50.10999999999987864, -93.50000055789237763 ) ) ;
#3662 = DIRECTION ( 'NONE',  ( 1.000000000000000000, -0.000000000000000000, -0.000000000000000000 ) ) ;
#3663 = CARTESIAN_POINT ( 'NONE',  ( 23.08202525315179798, -0.000000000000000000, -66.77162320678966978 ) ) ;
#3664 = CARTESIAN_POINT ( 'NONE',  ( 24.69786425938129071, 24.20281481684194347, -81.33498824620461676 ) ) ;
#3665 = CARTESIAN_POINT ( 'NONE',  ( 9.937005545864002087, 3.000000000000000000, -6.420859586850344414 ) ) ;
#3666 = CARTESIAN_POINT ( 'NONE',  ( -2.208776759596855488, 32.50000000000002842, -120.9020978312949524 ) ) ;
#3667 = CARTESIAN_POINT ( 'NONE',  ( 15.55772150914710217, 24.99999999999955591, -90.58781150776006541 ) ) ;
#3668 = CARTESIAN_POINT ( 'NONE',  ( -8.321927384922057414, 32.50000000000000000, -113.6499688252051499 ) ) ;
#3669 = CARTESIAN_POINT ( 'NONE',  ( 14.03291663588448479, 25.00000000000000000, -99.04605186432458197 ) ) ;
#3670 = CARTESIAN_POINT ( 'NONE',  ( -28.46191518158198974, 2.415346529718481896E-15, -115.5526621900955178 ) ) ;
#3671 = CARTESIAN_POINT ( 'NONE',  ( 28.74954676672243181, 0.000000000000000000, -114.4341071945217010 ) ) ;
#3672 = CARTESIAN_POINT ( 'NONE',  ( -0.0001138331982374475408, 7.023480091823953053, 0.2378029341013553066 ) ) ;
#3673 = DIRECTION ( 'NONE',  ( 0.000000000000000000, -1.000000000000000000, 0.000000000000000000 ) ) ;
#3674 = CARTESIAN_POINT ( 'NONE',  ( 19.05157303277535874, 32.61656291262741547, -93.76500411532188650 ) ) ;
#3675 = CARTESIAN_POINT ( 'NONE',  ( -5.204170427930421283E-15, 3.000000000000000000, -140.0000000000000000 ) ) ;
#3676 = ORIENTED_EDGE ( 'NONE', *, *, #5661, .T. ) ;
#3677 = CARTESIAN_POINT ( 'NONE',  ( -5.253243913236754103, 26.49999999999999645, -116.1721102496335902 ) ) ;
#3678 = CARTESIAN_POINT ( 'NONE',  ( 7.086384791623518531, 32.50000000000000000, -74.81430208614180799 ) ) ;
#3679 = CARTESIAN_POINT ( 'NONE',  ( -21.79294410176167318, 3.000000000000000000, -20.05806886717383364 ) ) ;
#3680 = CARTESIAN_POINT ( 'NONE',  ( -25.52338827873977678, -0.000000000000000000, -82.41490979740005685 ) ) ;
#3681 = VERTEX_POINT ( 'NONE', #2337 ) ;
#3682 = CARTESIAN_POINT ( 'NONE',  ( -18.84999643441695127, 43.11000187309952025, -95.92500000000055138 ) ) ;
#3683 = EDGE_CURVE ( 'NONE', #4651, #2468, #4708, .T. ) ;
#3684 = CARTESIAN_POINT ( 'NONE',  ( -21.25441757390501607, 20.58246371386437801, -84.57300146286478082 ) ) ;
#3685 = ADVANCED_FACE ( 'NONE', ( #6290 ), #6712, .F. ) ;
#3686 = DIRECTION ( 'NONE',  ( -1.000000000000000000, 0.000000000000000000, 0.000000000000000000 ) ) ;
#3687 = CARTESIAN_POINT ( 'NONE',  ( -6.540634948942906313, 2.999999999999630074, -139.2024431928318506 ) ) ;
#3688 = CARTESIAN_POINT ( 'NONE',  ( -14.19402986351047069, 25.00000000000000000, -91.60343070205034621 ) ) ;
#3689 = ORIENTED_EDGE ( 'NONE', *, *, #4353, .F. ) ;
#3690 = CARTESIAN_POINT ( 'NONE',  ( 0.000000000000000000, 3.000000000000000000, 0.000000000000000000 ) ) ;
#3691 = CARTESIAN_POINT ( 'NONE',  ( 3.708525957872777390, 1.301042606982605321E-15, -3.500050036753151073 ) ) ;
#3692 = CARTESIAN_POINT ( 'NONE',  ( 3.775885894219184635, 26.50000000000000000, -72.62933242097201969 ) ) ;
#3693 = CARTESIAN_POINT ( 'NONE',  ( 0.7330209856199594309, 32.57391604684284658, -120.9837666368468518 ) ) ;
#3694 = CARTESIAN_POINT ( 'NONE',  ( 15.82880329504343919, 17.85430819682894921, -58.85140397031292281 ) ) ;
#3695 = CARTESIAN_POINT ( 'NONE',  ( -26.27914218154073822, 7.123443119461572159, -58.54818380058085125 ) ) ;
#3696 = DIRECTION ( 'NONE',  ( -1.000000000000000000, 0.000000000000000000, 0.000000000000000000 ) ) ;
#3697 = ORIENTED_EDGE ( 'NONE', *, *, #312, .T. ) ;
#3698 = CARTESIAN_POINT ( 'NONE',  ( 0.5646741951554153927, 32.50000000000000000, -117.8844128149736008 ) ) ;
#3699 = CARTESIAN_POINT ( 'NONE',  ( -28.60273912867505430, 3.000000000000000000, -43.27809040021542586 ) ) ;
#3700 = CARTESIAN_POINT ( 'NONE',  ( 27.02499643441694843, 14.89975897891839374, -86.65000000000058833 ) ) ;
#3701 = CARTESIAN_POINT ( 'NONE',  ( 23.06452033911739363, 0.000000000000000000, -60.81570642626282108 ) ) ;
#3702 = CARTESIAN_POINT ( 'NONE',  ( 26.34537848631603296, 7.147626953569547581, -69.37858116830832955 ) ) ;
#3703 = STYLED_ITEM ( 'NONE', ( #3915 ), #3800 ) ;
#3704 = AXIS2_PLACEMENT_3D ( 'NONE', #5605, #4441, #7385 ) ;
#3705 = CARTESIAN_POINT ( 'NONE',  ( -4.309183984609273210, 32.57476142547897524, -120.1822164178041703 ) ) ;
#3706 = CARTESIAN_POINT ( 'NONE',  ( 14.21169246792687701, 25.00000000000000000, -91.73187685639889821 ) ) ;
#3707 = CARTESIAN_POINT ( 'NONE',  ( 0.5646741951554153927, 32.50000000000000000, -117.8844128149736008 ) ) ;
#3708 = VECTOR ( 'NONE', #1196, 1000.000000000000000 ) ;
#3709 = CARTESIAN_POINT ( 'NONE',  ( 14.18511430346734947, 25.00000000000000000, -98.08033618507849383 ) ) ;
#3710 = CARTESIAN_POINT ( 'NONE',  ( 5.499999999999986677, 0.000000000000000000, 5.168452858969916551E-15 ) ) ;
#3711 = DIRECTION ( 'NONE',  ( 0.000000000000000000, 0.000000000000000000, -1.000000000000000000 ) ) ;
#3712 = CARTESIAN_POINT ( 'NONE',  ( 29.27134436458859312, 0.000000000000000000, -111.9188834576016518 ) ) ;
#3713 = CARTESIAN_POINT ( 'NONE',  ( 0.9027098114224779701, 7.500000000000000888, 1.763908497191535759E-14 ) ) ;
#3714 = PLANE ( 'NONE',  #6301 ) ;
#3715 = CIRCLE ( 'NONE', #4555, 1.500000000000001332 ) ;
#3716 = CARTESIAN_POINT ( 'NONE',  ( 18.98576100438921088, 32.61846874417032893, -92.66692827004141009 ) ) ;
#3717 = CARTESIAN_POINT ( 'NONE',  ( -24.61708014399983213, 3.000000000000000000, -128.2168785258246544 ) ) ;
#3718 = VERTEX_POINT ( 'NONE', #706 ) ;
#3719 = CARTESIAN_POINT ( 'NONE',  ( 2.794563686299112781, 26.49999999999999645, -117.3816444116287272 ) ) ;
#3720 = CARTESIAN_POINT ( 'NONE',  ( 4.315750703433139712, 32.50000000000000000, -72.91049667875381601 ) ) ;
#3721 = CARTESIAN_POINT ( 'NONE',  ( -7.445020928058445620, 3.000000000000000000, -4.964273082543152249 ) ) ;
#3722 = CARTESIAN_POINT ( 'NONE',  ( -24.53676804969339642, 0.000000000000000000, -77.63523889432481440 ) ) ;
#3723 = ORIENTED_EDGE ( 'NONE', *, *, #5518, .F. ) ;
#3724 = CARTESIAN_POINT ( 'NONE',  ( 41.16644988300614472, 50.10999999999987864, -95.99999944210871661 ) ) ;
#3725 = AXIS2_PLACEMENT_3D ( 'NONE', #3983, #1693, #7615 ) ;
#3726 = CARTESIAN_POINT ( 'NONE',  ( -28.50283340216540395, 6.846228271511277441, -28.87285283264944979 ) ) ;
#3727 = CARTESIAN_POINT ( 'NONE',  ( 25.95600512098931745, -0.000000000000000000, -33.51600416679855954 ) ) ;
#3728 = CARTESIAN_POINT ( 'NONE',  ( -29.12344391968337121, 3.707776905170041000E-13, -121.7909552354407055 ) ) ;
#3729 = CARTESIAN_POINT ( 'NONE',  ( 20.11528662676384016, 0.000000000000000000, -128.5069837203128316 ) ) ;
#3730 = EDGE_CURVE ( 'NONE', #7637, #5145, #5542, .T. ) ;
#3731 = ORIENTED_EDGE ( 'NONE', *, *, #6455, .T. ) ;
#3732 = CARTESIAN_POINT ( 'NONE',  ( -31.10855028106082187, 7.500003254856916435, -93.98045659042874433 ) ) ;
#3733 = CARTESIAN_POINT ( 'NONE',  ( -10.17135276809872835, 26.49999999999999645, -78.07301643835451443 ) ) ;
#3734 = CARTESIAN_POINT ( 'NONE',  ( -15.14364320487936055, 32.58959036131965092, -109.6088861055542907 ) ) ;
#3735 = CARTESIAN_POINT ( 'NONE',  ( 23.59114527067729838, 29.29239094962431977, -36.84259187728498830 ) ) ;
#3736 = CARTESIAN_POINT ( 'NONE',  ( -29.06277349038770907, 7.291902263731051548, -39.83354513869350200 ) ) ;
#3737 = CARTESIAN_POINT ( 'NONE',  ( -22.93271527108684538, 0.000000000000000000, -22.41550343227344655 ) ) ;
#3738 = ORIENTED_EDGE ( 'NONE', *, *, #5186, .T. ) ;
#3739 = LINE ( 'NONE', #4471, #4572 ) ;
#3740 = CARTESIAN_POINT ( 'NONE',  ( -17.82570837884575710, 1.121873102570954404E-12, -9.275499763876302595 ) ) ;
#3741 = CARTESIAN_POINT ( 'NONE',  ( -2.814558570041151953, 3.000000000000000000, -136.8538901631099804 ) ) ;
#3742 = CARTESIAN_POINT ( 'NONE',  ( 23.45363862640936503, -0.000000000000000000, -56.64699194426160034 ) ) ;
#3743 = CARTESIAN_POINT ( 'NONE',  ( 26.77564365753692144, 7.327883865694468035, -73.00779995401796896 ) ) ;
#3744 = CARTESIAN_POINT ( 'NONE',  ( 6.583716334414578597, -1.301042606982605321E-15, -4.542904164368747111 ) ) ;
#3745 = CARTESIAN_POINT ( 'NONE',  ( -9.758464134002466039, 32.65841424508374757, -116.5178359599916575 ) ) ;
#3746 = CARTESIAN_POINT ( 'NONE',  ( -1.328899746211932742, 26.49999999999818812, -71.83003196400102297 ) ) ;
#3747 = CARTESIAN_POINT ( 'NONE',  ( -4.562600947378411931, 32.50000000000000000, -116.5742631933052991 ) ) ;
#3748 = CARTESIAN_POINT ( 'NONE',  ( 14.81604986609762697, 26.50000000000000355, -102.2680812054157258 ) ) ;
#3749 = CARTESIAN_POINT ( 'NONE',  ( 14.32823116092602511, 7.499466431728227356, -5.979419641109142702 ) ) ;
#3750 = DIRECTION ( 'NONE',  ( 0.000000000000000000, 0.000000000000000000, -1.000000000000000000 ) ) ;
#3751 = CARTESIAN_POINT ( 'NONE',  ( 32.47271374921668041, 3.000000000000000000, -104.0002900940683332 ) ) ;
#3752 = CARTESIAN_POINT ( 'NONE',  ( 0.3647109711031089052, 32.81078131220588290, -68.96083171738970918 ) ) ;
#3753 = CARTESIAN_POINT ( 'NONE',  ( -27.02499643441695198, 32.48868152953984634, 0.000000000000000000 ) ) ;
#3754 = CARTESIAN_POINT ( 'NONE',  ( 18.77031335042947546, 32.50000000000002132, -99.21522699209991458 ) ) ;
#3755 = CARTESIAN_POINT ( 'NONE',  ( -24.68641052606662356, 3.000000000000000000, -19.14203781575163177 ) ) ;
#3756 = ORIENTED_EDGE ( 'NONE', *, *, #2953, .F. ) ;
#3757 = CARTESIAN_POINT ( 'NONE',  ( 0.6116282556149557070, 26.50000000000000000, -117.8812009377587486 ) ) ;
#3758 = CARTESIAN_POINT ( 'NONE',  ( 12.30298899911466570, 26.50000000000000355, -81.35538320803522083 ) ) ;
#3759 = CARTESIAN_POINT ( 'NONE',  ( -20.80437030788102959, 3.000000000000000000, -18.34223713706073511 ) ) ;
#3760 = CARTESIAN_POINT ( 'NONE',  ( -29.56230263139044467, -0.000000000000000000, -106.8654396100255184 ) ) ;
#3761 = ORIENTED_EDGE ( 'NONE', *, *, #3348, .F. ) ;
#3762 = LINE ( 'NONE', #786, #7171 ) ;
#3763 = CARTESIAN_POINT ( 'NONE',  ( -24.08867193896712777, 29.05866158645070030, -39.21002479984925770 ) ) ;
#3764 = CARTESIAN_POINT ( 'NONE',  ( -3.720038385123507495E-05, 7.499999999998800071, -1.299158071334924415E-10 ) ) ;
#3765 = CARTESIAN_POINT ( 'NONE',  ( -25.21257007031843855, 1.301042606982605321E-15, -122.5842630200982342 ) ) ;
#3766 = CARTESIAN_POINT ( 'NONE',  ( 10.82476775378147771, 0.000000000000000000, -134.5919492745163666 ) ) ;
#3767 = EDGE_LOOP ( 'NONE', ( #3676, #5755 ) ) ;
#3768 = CARTESIAN_POINT ( 'NONE',  ( -23.17203956194650516, 7.500431109888681114, -129.6925115394778345 ) ) ;
#3769 = CYLINDRICAL_SURFACE ( 'NONE', #2952, 35.50515546662079203 ) ;
#3770 = CARTESIAN_POINT ( 'NONE',  ( -12.11035192926009429, 24.84086780461333532, -124.1886076521298463 ) ) ;
#3771 = ADVANCED_FACE ( 'NONE', ( #6002 ), #3978, .F. ) ;
#3772 = CARTESIAN_POINT ( 'NONE',  ( 19.95507768713333618, 18.71938115178853934, -67.97509518194706857 ) ) ;
#3773 = CARTESIAN_POINT ( 'NONE',  ( -26.63258556173680702, 7.053960308776602517, -22.88393406756556203 ) ) ;
#3774 = ORIENTED_EDGE ( 'NONE', *, *, #3585, .F. ) ;
#3775 = CARTESIAN_POINT ( 'NONE',  ( -18.84999643441695127, 43.11000187309952025, -94.75000000000055422 ) ) ;
#3776 = CARTESIAN_POINT ( 'NONE',  ( -28.84993951861433814, 2.999999999999999112, -32.26947667872266123 ) ) ;
#3777 = CARTESIAN_POINT ( 'NONE',  ( -15.14251485079077320, 3.000000000000000000, -132.2731035925023377 ) ) ;
#3778 = CARTESIAN_POINT ( 'NONE',  ( 25.80116088075218528, 0.000000000000000000, -41.19081751197852270 ) ) ;
#3779 = CARTESIAN_POINT ( 'NONE',  ( 26.99523021145540014, 21.85598121109786618, -101.0701492873441794 ) ) ;
#3780 = ADVANCED_FACE ( 'NONE', ( #4997 ), #346, .F. ) ;
#3781 = EDGE_CURVE ( 'NONE', #2743, #5614, #2165, .T. ) ;
#3782 = CARTESIAN_POINT ( 'NONE',  ( 1.232210446314608854, 4.336808689942017736E-16, -3.050756033837882075 ) ) ;
#3783 = CARTESIAN_POINT ( 'NONE',  ( -9.710758823333872414, 32.73762136762561425, -116.4629546251986909 ) ) ;
#3784 = CARTESIAN_POINT ( 'NONE',  ( 5.288750977532544972, 25.00000000000000000, -75.30434856737170435 ) ) ;
#3785 = DIRECTION ( 'NONE',  ( -1.000000000000000000, 0.000000000000000000, -0.000000000000000000 ) ) ;
#3786 = DIRECTION ( 'NONE',  ( 1.000000000000000000, 0.000000000000000000, 0.000000000000000000 ) ) ;
#3787 = CARTESIAN_POINT ( 'NONE',  ( 2.332867601345534947, 7.500249071598966921, -0.1609744958495795686 ) ) ;
#3788 = CARTESIAN_POINT ( 'NONE',  ( 8.113821573132444342, 3.000000000000000000, -138.8300173396775676 ) ) ;
#3789 = CARTESIAN_POINT ( 'NONE',  ( 14.05447497167190285, 32.49999999999999289, -78.10705323772594966 ) ) ;
#3790 = CARTESIAN_POINT ( 'NONE',  ( -22.02499643441695198, 50.10999999999998522, -94.75000000000055422 ) ) ;
#3791 = CARTESIAN_POINT ( 'NONE',  ( 16.03287913992889813, 32.77834872662463539, -107.6361909223777076 ) ) ;
#3792 = CARTESIAN_POINT ( 'NONE',  ( -11.59136456303516205, 3.000000000000000000, -3.919728258956017175 ) ) ;
#3793 = ORIENTED_EDGE ( 'NONE', *, *, #2671, .T. ) ;
#3794 = CARTESIAN_POINT ( 'NONE',  ( 1.246832498358330099E-15, 2.999999999999999112, -137.0000000000000000 ) ) ;
#3795 = CARTESIAN_POINT ( 'NONE',  ( -12.54795508886169841, 25.00000000000000000, -104.2530256873664172 ) ) ;
#3796 = CARTESIAN_POINT ( 'NONE',  ( -27.74729669627714301, -0.000000000000000000, -92.52195987463657900 ) ) ;
#3797 = ORIENTED_EDGE ( 'NONE', *, *, #2529, .T. ) ;
#3798 = FACE_OUTER_BOUND ( 'NONE', #1195, .T. ) ;
#3799 = CARTESIAN_POINT ( 'NONE',  ( -27.56727100460437541, 7.499999999999992895, -49.72340297806685072 ) ) ;
#3800 = MANIFOLD_SOLID_BREP ( 'Fillet7', #2576 ) ;
#3801 = CARTESIAN_POINT ( 'NONE',  ( -22.02499643441695198, 57.10999812690045729, -94.75000000000055422 ) ) ;
#3802 = CARTESIAN_POINT ( 'NONE',  ( -5.145284844052162576, -1.026449551559285896E-29, -139.5049952344715507 ) ) ;
#3803 = CARTESIAN_POINT ( 'NONE',  ( 13.88707511643266557, 2.999999999999997780, -133.0383251034911893 ) ) ;
#3804 = VERTEX_POINT ( 'NONE', #5620 ) ;
#3805 = CARTESIAN_POINT ( 'NONE',  ( -31.44091508970516813, 7.500035949116703016, -95.73839833282033851 ) ) ;
#3806 = CARTESIAN_POINT ( 'NONE',  ( 14.37002593004687867, 24.99999999999997868, -91.45380984030070692 ) ) ;
#3807 = CARTESIAN_POINT ( 'NONE',  ( 18.84999643441695127, 50.10999999999998522, -88.92500187310008641 ) ) ;
#3808 = CARTESIAN_POINT ( 'NONE',  ( -8.082262130094038710, 32.65471447034683194, -117.9276878044257728 ) ) ;
#3809 = CARTESIAN_POINT ( 'NONE',  ( 24.74627089455600526, 28.30977362689408849, -46.47077830782272656 ) ) ;
#3810 = CARTESIAN_POINT ( 'NONE',  ( -27.82893944602394143, 6.839502589836260249, -26.23809191997936097 ) ) ;
#3811 = ORIENTED_EDGE ( 'NONE', *, *, #5138, .F. ) ;
#3812 = CARTESIAN_POINT ( 'NONE',  ( 0.5584238226085022072, 32.50000000000000000, -71.75057925814328996 ) ) ;
#3813 = CARTESIAN_POINT ( 'NONE',  ( -13.72796637314464796, -3.722087886392683180E-13, -5.486554384235359016 ) ) ;
#3814 = CARTESIAN_POINT ( 'NONE',  ( 5.500000000000001776, 0.000000000000000000, -83.33717174866055188 ) ) ;
#3815 = CARTESIAN_POINT ( 'NONE',  ( 25.29530459981214108, -0.000000000000000000, -45.08310985258075476 ) ) ;
#3816 = CARTESIAN_POINT ( 'NONE',  ( 22.02627877055211414, 22.97975467442127240, -104.9940377334991553 ) ) ;
#3817 = CARTESIAN_POINT ( 'NONE',  ( -22.17493615958280628, 2.999999999999999112, -20.75860073207645939 ) ) ;
#3818 = CARTESIAN_POINT ( 'NONE',  ( -13.95099410369032178, 32.67321334403136035, -111.4711382661411960 ) ) ;
#3819 = CARTESIAN_POINT ( 'NONE',  ( 0.6497971218675263616, 25.00000000000000355, -71.73262307937952187 ) ) ;
#3820 = CARTESIAN_POINT ( 'NONE',  ( -4.751346251209525029, -1.469432113033371844E-15, -3.815795428730944128 ) ) ;
#3821 = ADVANCED_FACE ( 'NONE', ( #6777 ), #3947, .T. ) ;
#3822 = CARTESIAN_POINT ( 'NONE',  ( 3.888680415207779628, 3.000000000000000000, -136.6775766923024946 ) ) ;
#3823 = CARTESIAN_POINT ( 'NONE',  ( -1.072134746347307432, 4.336808689942017736E-15, -136.9759189638354258 ) ) ;
#3824 = DIRECTION ( 'NONE',  ( 0.000000000000000000, 0.000000000000000000, -1.000000000000000000 ) ) ;
#3825 = VECTOR ( 'NONE', #3401, 1000.000000000000000 ) ;
#3826 = CARTESIAN_POINT ( 'NONE',  ( 23.59114527067729838, 29.29239094962431977, -36.84259187728498830 ) ) ;
#3827 = CARTESIAN_POINT ( 'NONE',  ( 22.02499643441695198, 9.117047592042126780, -104.3500000000004775 ) ) ;
#3828 = ADVANCED_FACE ( 'NONE', ( #7506 ), #1483, .F. ) ;
#3829 = AXIS2_PLACEMENT_3D ( 'NONE', #2833, #5201, #7018 ) ;
#3830 = CARTESIAN_POINT ( 'NONE',  ( 32.78430490165884947, 7.100802477890443498, -109.4782610544001642 ) ) ;
#3831 = CARTESIAN_POINT ( 'NONE',  ( -31.94921632872355133, 3.000000000000000444, -98.87147019255556302 ) ) ;
#3832 = ORIENTED_EDGE ( 'NONE', *, *, #174, .F. ) ;
#3833 = CARTESIAN_POINT ( 'NONE',  ( -17.34999643441695127, 34.00000000000000000, -94.75000000000055422 ) ) ;
#3834 = CARTESIAN_POINT ( 'NONE',  ( -14.52029374795777450, 26.49999999999639044, -103.2649344862374647 ) ) ;
#3835 = CARTESIAN_POINT ( 'NONE',  ( -26.67281101871159876, -0.000000000000000000, -87.57392012213460930 ) ) ;
#3836 = ORIENTED_EDGE ( 'NONE', *, *, #3164, .F. ) ;
#3837 = CARTESIAN_POINT ( 'NONE',  ( -17.48095290897265031, 32.50572746737017127, -104.3500000000004775 ) ) ;
#3838 = AXIS2_PLACEMENT_3D ( 'NONE', #6931, #945, #3956 ) ;
#3839 = CARTESIAN_POINT ( 'NONE',  ( -29.12804320472287856, 7.500000000000006217, -35.37790647885219641 ) ) ;
#3840 = CIRCLE ( 'NONE', #6048, 1.174999999999995381 ) ;
#3841 = DIRECTION ( 'NONE',  ( 1.000000000000000000, 0.000000000000000000, 0.000000000000000000 ) ) ;
#3842 = AXIS2_PLACEMENT_3D ( 'NONE', #7181, #2401, #1918 ) ;
#3843 = CARTESIAN_POINT ( 'NONE',  ( -24.24971055025476119, 2.999999999999260147, -128.5753389970054172 ) ) ;
#3844 = CARTESIAN_POINT ( 'NONE',  ( 25.12783341012178440, 3.000000000000000444, -122.6412635211707567 ) ) ;
#3845 = EDGE_LOOP ( 'NONE', ( #498, #2139, #6185, #2822 ) ) ;
#3846 = CARTESIAN_POINT ( 'NONE',  ( -32.59475848654913221, 7.499845869670010323, -106.3941052606289759 ) ) ;
#3847 = CARTESIAN_POINT ( 'NONE',  ( -7.936094639193927769, 26.49999999999999289, -75.58645415802762102 ) ) ;
#3848 = CARTESIAN_POINT ( 'NONE',  ( -22.02499643441695198, 57.10999812690045729, -93.57500000000055707 ) ) ;
#3849 = CARTESIAN_POINT ( 'NONE',  ( -22.10652132203573217, 19.49483764434314992, -124.3535842423876261 ) ) ;
#3850 = CARTESIAN_POINT ( 'NONE',  ( 26.53868913898955739, 7.500000000000008882, -23.05120548860541163 ) ) ;
#3851 = CARTESIAN_POINT ( 'NONE',  ( -29.12804320472287856, 7.500000000000006217, -35.37790647885219641 ) ) ;
#3852 = ORIENTED_EDGE ( 'NONE', *, *, #4957, .F. ) ;
#3853 = LINE ( 'NONE', #4429, #6172 ) ;
#3854 = CARTESIAN_POINT ( 'NONE',  ( -24.23633184365835547, 3.000000000000746070, -18.23321160140517705 ) ) ;
#3855 = CARTESIAN_POINT ( 'NONE',  ( -28.51711345581724188, 3.000000000000000444, -115.3271750084900447 ) ) ;
#3856 = CARTESIAN_POINT ( 'NONE',  ( 25.56741994743259028, 0.000000000000000000, -43.18411428657560691 ) ) ;
#3857 = CARTESIAN_POINT ( 'NONE',  ( 16.03287913992889813, 32.77834872662463539, -107.6361909223777076 ) ) ;
#3858 = CARTESIAN_POINT ( 'NONE',  ( -12.82133412347232415, 2.999999999999999112, -8.595876221765379910 ) ) ;
#3859 = CARTESIAN_POINT ( 'NONE',  ( -16.03258601176077036, 32.77834872662463539, -107.6368584199961447 ) ) ;
#3860 = CARTESIAN_POINT ( 'NONE',  ( 8.338027184761534372, 24.99999999999999645, -75.95555361219111035 ) ) ;
#3861 = CARTESIAN_POINT ( 'NONE',  ( -12.23600075783505758, 25.00000000000000711, -84.57658558585187336 ) ) ;
#3862 = CARTESIAN_POINT ( 'NONE',  ( 18.84999643441695127, 50.10999999999998522, -87.75000187310008926 ) ) ;
#3863 = CARTESIAN_POINT ( 'NONE',  ( 7.241681462492814525, 7.500195286167291364, -1.554874003143646322 ) ) ;
#3864 = CARTESIAN_POINT ( 'NONE',  ( 22.02499643441695198, 50.10999999999998522, -86.57500187310009210 ) ) ;
#3865 = CARTESIAN_POINT ( 'NONE',  ( 22.01096266667629209, 6.810596468594792618, -13.98748954939999933 ) ) ;
#3866 = EDGE_CURVE ( 'NONE', #2364, #5152, #6927, .T. ) ;
#3867 = EDGE_CURVE ( 'NONE', #4558, #2350, #1705, .T. ) ;
#3868 = CARTESIAN_POINT ( 'NONE',  ( 31.93929818054227354, 7.371704146300389837, -114.8965302613810309 ) ) ;
#3869 = CARTESIAN_POINT ( 'NONE',  ( -28.25256228876616049, 2.999999999999998224, -45.69020111445475152 ) ) ;
#3870 = EDGE_LOOP ( 'NONE', ( #2704, #3262, #3007, #1700 ) ) ;
#3871 = DIRECTION ( 'NONE',  ( 0.000000000000000000, 0.000000000000000000, -1.000000000000000000 ) ) ;
#3872 = CARTESIAN_POINT ( 'NONE',  ( -9.285410959582517165, 25.00000000000000000, -110.1972586045181117 ) ) ;
#3873 = CARTESIAN_POINT ( 'NONE',  ( -27.75423308809245171, 0.000000000000000000, -92.55554106804524395 ) ) ;
#3874 = VERTEX_POINT ( 'NONE', #5798 ) ;
#3875 = CARTESIAN_POINT ( 'NONE',  ( 28.52016876628031739, -3.718753306131003700E-13, -30.03520571790116023 ) ) ;
#3876 = CARTESIAN_POINT ( 'NONE',  ( -18.03253187629103493, 32.62781142130336320, -87.25544771331340144 ) ) ;
#3877 = EDGE_CURVE ( 'NONE', #5498, #7243, #985, .T. ) ;
#3878 = CARTESIAN_POINT ( 'NONE',  ( -18.84999643441695127, 34.00000000000000000, -98.46859132361964839 ) ) ;
#3879 = CARTESIAN_POINT ( 'NONE',  ( -32.45502107194151620, 2.067845596588201432E-29, -110.0414357275578681 ) ) ;
#3880 = CARTESIAN_POINT ( 'NONE',  ( 28.65984902136622381, 3.000000000000000444, -114.7413833830838996 ) ) ;
#3881 = CARTESIAN_POINT ( 'NONE',  ( -25.95549696931450256, -0.000000000000000000, -39.50101654851200550 ) ) ;
#3882 = EDGE_LOOP ( 'NONE', ( #1761, #6992 ) ) ;
#3883 = CARTESIAN_POINT ( 'NONE',  ( -27.82929837323707645, 7.499937616229967574, -48.21384605191561690 ) ) ;
#3884 = CARTESIAN_POINT ( 'NONE',  ( 15.09701929151382416, 25.30077930644654671, -91.40295175138039951 ) ) ;
#3885 = FACE_BOUND ( 'NONE', #1624, .T. ) ;
#3886 = CARTESIAN_POINT ( 'NONE',  ( -24.11845524896610016, 7.267067428138295426, -129.0125319007702842 ) ) ;
#3887 = CARTESIAN_POINT ( 'NONE',  ( 26.04050399977761643, 7.314714726575510362, -61.30109444961936305 ) ) ;
#3888 = CARTESIAN_POINT ( 'NONE',  ( -16.11153984806995609, 32.77304758814180730, -82.20076178621147278 ) ) ;
#3889 = ORIENTED_EDGE ( 'NONE', *, *, #7543, .F. ) ;
#3890 = CARTESIAN_POINT ( 'NONE',  ( 3.552425515722054783, 32.50000000000000000, -72.53948665668428930 ) ) ;
#3891 = CARTESIAN_POINT ( 'NONE',  ( -21.29858803582228077, 3.000000000000372147, -13.59745677942405706 ) ) ;
#3892 = CARTESIAN_POINT ( 'NONE',  ( -16.32909833581475212, 3.000000000000000888, -131.5024931111995841 ) ) ;
#3893 = CARTESIAN_POINT ( 'NONE',  ( 24.01536487055483704, -0.000000000000000000, -52.76197699228152516 ) ) ;
#3894 = CARTESIAN_POINT ( 'NONE',  ( 32.66825685555665615, 7.366934159296802953, -109.5046797282954572 ) ) ;
#3895 = CARTESIAN_POINT ( 'NONE',  ( 0.9062709887195189440, 7.023480091823953941, 0.2378029341013652431 ) ) ;
#3896 = CARTESIAN_POINT ( 'NONE',  ( -21.65294969212697396, 23.31357337872557522, -108.0737745766617621 ) ) ;
#3897 = CARTESIAN_POINT ( 'NONE',  ( 9.285410930521114992, 25.00000000000000000, -79.42194387974514314 ) ) ;
#3898 = CARTESIAN_POINT ( 'NONE',  ( -11.43951626667911370, 26.49999999999998934, -109.7403550028776209 ) ) ;
#3899 = CARTESIAN_POINT ( 'NONE',  ( -10.34879007486431490, 25.00000000000000000, -80.96482229777198825 ) ) ;
#3900 = LINE ( 'NONE', #296, #2452 ) ;
#3901 = CARTESIAN_POINT ( 'NONE',  ( 5.933447101151709369, 7.499972918831972812, -1.049312225354179784 ) ) ;
#3902 = FACE_OUTER_BOUND ( 'NONE', #1996, .T. ) ;
#3903 = CARTESIAN_POINT ( 'NONE',  ( 12.47689776346125790, 32.79171553755361401, -76.29901520835221618 ) ) ;
#3904 = CARTESIAN_POINT ( 'NONE',  ( 31.96398891146289856, 7.500000000000000888, -98.70353608843649340 ) ) ;
#3905 = CARTESIAN_POINT ( 'NONE',  ( -30.75698738886029204, 3.000000000000000444, -92.03381405219045064 ) ) ;
#3906 = ORIENTED_EDGE ( 'NONE', *, *, #3929, .T. ) ;
#3907 = CARTESIAN_POINT ( 'NONE',  ( -22.02499643441695198, 57.10999812690045729, -95.92500000000055138 ) ) ;
#3908 = CARTESIAN_POINT ( 'NONE',  ( -14.84530760511337810, 26.49999999999642242, -102.2233133374147087 ) ) ;
#3909 = CARTESIAN_POINT ( 'NONE',  ( -29.54842885431217070, -0.000000000000000000, -105.4063985454353087 ) ) ;
#3910 = ORIENTED_EDGE ( 'NONE', *, *, #7370, .T. ) ;
#3911 = CARTESIAN_POINT ( 'NONE',  ( 24.99433068303311956, -1.301042606982605321E-15, -28.06293931428959354 ) ) ;
#3912 = CARTESIAN_POINT ( 'NONE',  ( -6.263375704782570885, 32.80688262484873974, -70.71076205178542295 ) ) ;
#3913 = DIRECTION ( 'NONE',  ( 5.064886061246150229E-16, -0.000000000000000000, 1.000000000000000000 ) ) ;
#3914 = EDGE_CURVE ( 'NONE', #5952, #5882, #2936, .T. ) ;
#3915 = PRESENTATION_STYLE_ASSIGNMENT (( #6226 ) ) ;
#3916 = CARTESIAN_POINT ( 'NONE',  ( -25.66106623112505147, 0.000000000000000000, -42.43498205714950444 ) ) ;
#3917 = ORIENTED_EDGE ( 'NONE', *, *, #7461, .F. ) ;
#3918 = DIRECTION ( 'NONE',  ( -0.000000000000000000, 1.000000000000000000, 0.000000000000000000 ) ) ;
#3919 = EDGE_CURVE ( 'NONE', #3804, #3299, #701, .T. ) ;
#3920 = CARTESIAN_POINT ( 'NONE',  ( 17.34999013544673829, 32.49999999999999289, -84.87995901353326644 ) ) ;
#3921 = CARTESIAN_POINT ( 'NONE',  ( -29.98302699571634733, 7.034976657241549525, -87.97872323552915930 ) ) ;
#3922 = CARTESIAN_POINT ( 'NONE',  ( 26.60989559997344855, 7.117516410609685984, -55.85461709838956779 ) ) ;
#3923 = CARTESIAN_POINT ( 'NONE',  ( -24.81915557480740020, 6.821042740132562621, -18.65827796838810926 ) ) ;
#3924 = ORIENTED_EDGE ( 'NONE', *, *, #5481, .T. ) ;
#3925 = CARTESIAN_POINT ( 'NONE',  ( 12.30298899911466570, 32.50000000000000000, -81.35538320803522083 ) ) ;
#3926 = CARTESIAN_POINT ( 'NONE',  ( 0.3249210122508858212, 0.000000000000000000, -2.997086112918597500 ) ) ;
#3927 = LINE ( 'NONE', #6972, #6922 ) ;
#3928 = CARTESIAN_POINT ( 'NONE',  ( 32.05801931454250564, 7.115112438901119774, -114.8822445921519915 ) ) ;
#3929 = EDGE_CURVE ( 'NONE', #3398, #1436, #6485, .T. ) ;
#3930 = CARTESIAN_POINT ( 'NONE',  ( -27.53115634991760174, 7.500000000000013323, -77.49592708801516494 ) ) ;
#3931 = CARTESIAN_POINT ( 'NONE',  ( -5.728146456680424770, 26.50000000000000355, -73.76200439022343858 ) ) ;
#3932 = CARTESIAN_POINT ( 'NONE',  ( -7.904152532444433277, 26.50000000000000711, -114.0933740498039271 ) ) ;
#3933 = CARTESIAN_POINT ( 'NONE',  ( -16.98685951826649898, -8.673617379884035472E-16, -12.91368056135870113 ) ) ;
#3934 = CARTESIAN_POINT ( 'NONE',  ( 15.69776109213257165, 24.99999999999988631, -98.09182812096074144 ) ) ;
#3935 = CARTESIAN_POINT ( 'NONE',  ( 18.31885082670623888, 7.500030416283389734, -133.7640719970176235 ) ) ;
#3936 = FACE_OUTER_BOUND ( 'NONE', #7059, .T. ) ;
#3937 = CARTESIAN_POINT ( 'NONE',  ( 21.93072329835407075, 7.270198822864931465, -14.17937285378328305 ) ) ;
#3938 = CARTESIAN_POINT ( 'NONE',  ( 14.01139962374660008, 32.58660667201566952, -111.4967016749835977 ) ) ;
#3939 = DIRECTION ( 'NONE',  ( -1.000000000000000000, -0.000000000000000000, -0.000000000000000000 ) ) ;
#3940 = VECTOR ( 'NONE', #6762, 1000.000000000000000 ) ;
#3941 = DIRECTION ( 'NONE',  ( -3.350742134735898859E-10, 0.000000000000000000, -1.000000000000000000 ) ) ;
#3942 = CARTESIAN_POINT ( 'NONE',  ( -13.89068057754961671, 25.00000000000000000, -99.79791249364129158 ) ) ;
#3943 = CARTESIAN_POINT ( 'NONE',  ( 14.57784962850878685, -8.673617379884035472E-16, -10.22685408163723153 ) ) ;
#3944 = ORIENTED_EDGE ( 'NONE', *, *, #362, .F. ) ;
#3945 = CARTESIAN_POINT ( 'NONE',  ( 26.01454053752525297, 0.000000000000000000, -39.02293048594662395 ) ) ;
#3946 = CARTESIAN_POINT ( 'NONE',  ( -22.01209496679173228, 6.810596468594777519, -13.98912731593137337 ) ) ;
#3947 = TOROIDAL_SURFACE ( 'NONE', #4561, 5.500000000000000000, 1.500000000000000000 ) ;
#3948 = LINE ( 'NONE', #5106, #883 ) ;
#3949 = CARTESIAN_POINT ( 'NONE',  ( -27.89706849907713249, -1.301042606982605321E-15, -117.2541998719152332 ) ) ;
#3950 = FILL_AREA_STYLE ('',( #1554 ) ) ;
#3951 = CARTESIAN_POINT ( 'NONE',  ( 15.67499646296015570, 32.50000000000000000, -91.36303240319273300 ) ) ;
#3952 = EDGE_LOOP ( 'NONE', ( #3431, #2639, #6380, #5697, #3091 ) ) ;
#3953 = FACE_OUTER_BOUND ( 'NONE', #6883, .T. ) ;
#3954 = CIRCLE ( 'NONE', #4327, 9.599999999999928590 ) ;
#3955 = AXIS2_PLACEMENT_3D ( 'NONE', #5774, #6978, #5857 ) ;
#3956 = DIRECTION ( 'NONE',  ( 0.000000000000000000, 0.000000000000000000, -1.000000000000000000 ) ) ;
#3957 = DIRECTION ( 'NONE',  ( 0.000000000000000000, 0.000000000000000000, -1.000000000000000000 ) ) ;
#3958 = CARTESIAN_POINT ( 'NONE',  ( -18.67033007380725351, 32.82113483124341258, -99.32304097513353724 ) ) ;
#3959 = AXIS2_PLACEMENT_3D ( 'NONE', #3335, #5220, #6306 ) ;
#3960 = VECTOR ( 'NONE', #4269, 1000.000000000000000 ) ;
#3961 = ADVANCED_FACE ( 'NONE', ( #3556 ), #2785, .F. ) ;
#3962 = CARTESIAN_POINT ( 'NONE',  ( 18.53404172180242782, 32.62412656501297192, -89.39876342268235021 ) ) ;
#3963 = CARTESIAN_POINT ( 'NONE',  ( -9.732293777366839649, 32.95029874121174629, -73.49754864968548418 ) ) ;
#3964 = ORIENTED_EDGE ( 'NONE', *, *, #7532, .F. ) ;
#3965 = CARTESIAN_POINT ( 'NONE',  ( 15.67499646296015570, 32.50000000000000000, -91.36303240319273300 ) ) ;
#3966 = CARTESIAN_POINT ( 'NONE',  ( -9.397123571766334393, 0.000000000000000000, -6.080300407355175629 ) ) ;
#3967 = CARTESIAN_POINT ( 'NONE',  ( -22.02499643441695198, 50.10999999999998522, -100.5749981269010362 ) ) ;
#3968 = VECTOR ( 'NONE', #5474, 1000.000000000000000 ) ;
#3969 = CARTESIAN_POINT ( 'NONE',  ( 15.51495005227996415, 7.499999999999974243, -135.7031466452788777 ) ) ;
#3970 = CARTESIAN_POINT ( 'NONE',  ( 0.9044904000709984571, 7.261740045911976971, 0.1189014670506914478 ) ) ;
#3971 = CARTESIAN_POINT ( 'NONE',  ( -17.73111583716770312, 32.59967523116699795, -103.5378392271074546 ) ) ;
#3972 = CARTESIAN_POINT ( 'NONE',  ( 22.02499643441695198, 57.10999812690045729, -95.92500000000055138 ) ) ;
#3973 = CARTESIAN_POINT ( 'NONE',  ( -15.09701946749039969, 25.30077945017553986, -91.40244124532391368 ) ) ;
#3974 = CARTESIAN_POINT ( 'NONE',  ( 1.806653199598605930, 7.499351396869940345, -139.9411052301479117 ) ) ;
#3975 = CARTESIAN_POINT ( 'NONE',  ( -27.44948508071156112, 3.000000000000000444, -118.3540111222134215 ) ) ;
#3976 = CARTESIAN_POINT ( 'NONE',  ( 27.55900525119339406, 0.000000000000000000, -91.62143325419322082 ) ) ;
#3977 = CARTESIAN_POINT ( 'NONE',  ( 18.30263007762346916, 32.62598018199304306, -88.32293581803668303 ) ) ;
#3978 = B_SPLINE_SURFACE_WITH_KNOTS ( 'NONE', 3, 1, ( 
 ( #2590, #3649 ),
 ( #6737, #6040 ),
 ( #78, #4921 ),
 ( #4962, #7285 ),
 ( #7327, #1373 ),
 ( #4350, #1987 ),
 ( #1948, #3101 ),
 ( #4808, #3766 ),
 ( #2023, #1872 ),
 ( #6702, #1445 ),
 ( #3803, #748 ),
 ( #1408, #665 ),
 ( #3019, #2430 ),
 ( #7170, #3729 ),
 ( #160, #6082 ),
 ( #4232, #3059 ),
 ( #5422, #118 ),
 ( #2515, #790 ),
 ( #3844, #1629 ),
 ( #7439, #6191 ),
 ( #311, #1588 ),
 ( #3368, #7474 ),
 ( #7365, #6261 ),
 ( #5655, #6888 ),
 ( #3289, #4566 ),
 ( #3880, #904 ),
 ( #975, #3252 ),
 ( #277, #5584 ) ),
 .UNSPECIFIED., .F., .F., .F.,
 ( 4, 2, 2, 2, 2, 2, 2, 2, 2, 2, 2, 2, 2, 4 ),
 ( 2, 2 ),
 ( 0.000000000000000000, 0.007812499999999885508, 0.01562499999999977102, 0.03124999999999958367, 0.03906249999999947958, 0.04687499999999938244, 0.06249999999999905631, 0.07812499999999873712, 0.08593749999999865385, 0.09374999999999858447, 0.1093749999999984457, 0.1132812499999984734, 0.1171874999999985012, 0.1182014565704301301 ),
 ( 0.000000000000000000, 1.000000000000000000 ),
 .UNSPECIFIED. ) ;
#3979 = ADVANCED_FACE ( 'NONE', ( #4375 ), #6291, .F. ) ;
#3980 = CARTESIAN_POINT ( 'NONE',  ( 5.424654257504951893, 7.391738091715251535, -139.6388717736984972 ) ) ;
#3981 = DIRECTION ( 'NONE',  ( 0.000000000000000000, 1.000000000000000000, 0.000000000000000000 ) ) ;
#3982 = CARTESIAN_POINT ( 'NONE',  ( -2.213224041401884445, 25.00000000000135714, -117.5685474915704560 ) ) ;
#3983 = CARTESIAN_POINT ( 'NONE',  ( -18.84999643441695127, 50.10999999999998522, -101.7499981269010192 ) ) ;
#3984 = VERTEX_POINT ( 'NONE', #1581 ) ;
#3985 = CARTESIAN_POINT ( 'NONE',  ( -18.56925463517606190, 7.500000000000007105, -9.986411051602310351 ) ) ;
#3986 = LINE ( 'NONE', #4101, #4080 ) ;
#3987 = DIRECTION ( 'NONE',  ( 0.000000000000000000, 0.000000000000000000, 1.000000000000000000 ) ) ;
#3988 = CARTESIAN_POINT ( 'NONE',  ( 0.3805813712373984359, 3.000000000000000000, -3.001802723604941825 ) ) ;
#3989 = CARTESIAN_POINT ( 'NONE',  ( -25.30952689220112006, 0.000000000000000000, -44.98499650629335633 ) ) ;
#3990 = ORIENTED_EDGE ( 'NONE', *, *, #2380, .F. ) ;
#3991 = CARTESIAN_POINT ( 'NONE',  ( -26.03088497823448577, 7.500524466884398223, -21.90698441497450588 ) ) ;
#3992 = DIRECTION ( 'NONE',  ( 0.000000000000000000, 0.000000000000000000, -1.000000000000000000 ) ) ;
#3993 = FACE_OUTER_BOUND ( 'NONE', #1545, .T. ) ;
#3994 = CARTESIAN_POINT ( 'NONE',  ( -25.36728184342845083, 23.59702646739178533, -86.30338842778184016 ) ) ;
#3995 = CARTESIAN_POINT ( 'NONE',  ( 26.99339718243869513, 7.305830625781398524, -53.22780941092395324 ) ) ;
#3996 = ADVANCED_FACE ( 'NONE', ( #4412 ), #2050, .F. ) ;
#3997 = CARTESIAN_POINT ( 'NONE',  ( -6.235079232310939190, 32.96032393727309540, -70.89708638702285270 ) ) ;
#3998 = EDGE_LOOP ( 'NONE', ( #2014, #785, #3130, #4499 ) ) ;
#3999 = CARTESIAN_POINT ( 'NONE',  ( 17.29177844211387338, 2.999999999999999556, -130.7940363528786918 ) ) ;
#4000 = CARTESIAN_POINT ( 'NONE',  ( -22.02499643441695198, 37.23132221665915864, -85.15000000000061675 ) ) ;
#4001 = DIRECTION ( 'NONE',  ( 1.000000000000000000, -0.000000000000000000, -0.000000000000000000 ) ) ;
#4002 = CARTESIAN_POINT ( 'NONE',  ( 12.62967812409496915, 32.75158503356812645, -113.2250593595808255 ) ) ;
#4003 = ADVANCED_FACE ( 'NONE', ( #2692 ), #5025, .F. ) ;
#4004 = CARTESIAN_POINT ( 'NONE',  ( -4.384434980873874890E-15, 32.96617196830882790, -69.16144693996223225 ) ) ;
#4005 = CARTESIAN_POINT ( 'NONE',  ( -28.73193685045788826, 7.178059470652152996, -82.72226359047049016 ) ) ;
#4006 = CARTESIAN_POINT ( 'NONE',  ( 2.769479418882033084, 26.50000000000000355, -117.4017734370152652 ) ) ;
#4007 = CARTESIAN_POINT ( 'NONE',  ( 9.453581684393856932, 25.00000000000000000, -79.65490519671307368 ) ) ;
#4008 = DIRECTION ( 'NONE',  ( 1.000000000000000000, -0.000000000000000000, -0.000000000000000000 ) ) ;
#4009 = CARTESIAN_POINT ( 'NONE',  ( 29.63297228790866811, 7.499945640720429907, -87.08580195047876771 ) ) ;
#4010 = CARTESIAN_POINT ( 'NONE',  ( -11.54340507241705538, 3.000000000000000444, -134.2631197717035150 ) ) ;
#4011 = CARTESIAN_POINT ( 'NONE',  ( 27.61060745145879736, 0.000000000000000000, -91.86633738505300073 ) ) ;
#4012 = EDGE_CURVE ( 'NONE', #6144, #2167, #3319, .T. ) ;
#4013 = CARTESIAN_POINT ( 'NONE',  ( 20.47222052415158444, 18.98279266624696504, -70.52049116720138500 ) ) ;
#4014 = CARTESIAN_POINT ( 'NONE',  ( 8.082852908552201399, 32.65471447034677510, -117.9272428591537931 ) ) ;
#4015 = CARTESIAN_POINT ( 'NONE',  ( -4.000000000000001776, 5.000000000000002665, -91.38225629119639848 ) ) ;
#4016 = DIRECTION ( 'NONE',  ( 0.000000000000000000, 0.000000000000000000, -1.000000000000000000 ) ) ;
#4017 = CARTESIAN_POINT ( 'NONE',  ( -8.338027221697688063, 26.50000000000000711, -113.6636488783589130 ) ) ;
#4018 = CARTESIAN_POINT ( 'NONE',  ( 22.02499643441695198, 50.10999999999998522, -87.75000187310008926 ) ) ;
#4019 = DIRECTION ( 'NONE',  ( 1.000000000000000000, -0.000000000000000000, -0.000000000000000000 ) ) ;
#4020 = CARTESIAN_POINT ( 'NONE',  ( 23.04206912552630016, -1.301042606982605321E-15, -61.15367513307065650 ) ) ;
#4021 = CARTESIAN_POINT ( 'NONE',  ( -8.126981162541259351, 32.65194946777235430, -71.74543523331334427 ) ) ;
#4022 = CARTESIAN_POINT ( 'NONE',  ( -27.02499643441694488, 18.15258237870023095, -101.4639125189068238 ) ) ;
#4023 = ORIENTED_EDGE ( 'NONE', *, *, #4577, .T. ) ;
#4024 = CARTESIAN_POINT ( 'NONE',  ( -30.83292161353818983, -2.196745125571124913E-12, -92.39379855466803804 ) ) ;
#4025 = CARTESIAN_POINT ( 'NONE',  ( -13.54924005400089726, 26.50000000000000355, -83.86817105950923690 ) ) ;
#4026 = CARTESIAN_POINT ( 'NONE',  ( 10.99459203074077607, 3.000000000000000444, -7.184867993050964685 ) ) ;
#4027 = CARTESIAN_POINT ( 'NONE',  ( -24.79138042915883844, -0.000000000000000000, -48.17402250662953378 ) ) ;
#4028 = ORIENTED_EDGE ( 'NONE', *, *, #3627, .F. ) ;
#4029 = PLANE ( 'NONE',  #6539 ) ;
#4030 = DIRECTION ( 'NONE',  ( 1.000000000000000000, 0.000000000000000000, 0.000000000000000000 ) ) ;
#4031 = B_SPLINE_CURVE_WITH_KNOTS ( 'NONE', 3,
 ( #2730, #5095, #4518, #6284, #520, #1068, #7571, #5823, #3390, #4126, #2329, #1146, #1767, #6949, #4665, #7021, #4089, #1653, #7528, #5319, #6359, #3424, #2260, #2947, #4705, #6325, #1724, #7064, #3502, #2225, #5748, #2293, #2872, #1686, #2909, #6434, #6984, #593, #4047, #6392, #4595, #439, #5861, #4011, #1035, #3976, #1617, #5779, #557, #478, #2836, #1103, #5204, #2798, #3467, #5164, #4627, #5239, #6470, #7609, #5274, #7644, #1183, #2185, #3541, #5896, #4551, #6910, #2446, #137, #4782, #765, #2489, #172, #1886, #3150, #5399, #7187, #6016, #7260, #3116, #4202, #1265, #4824, #2526, #5977, #1844, #5938, #6556, #4895, #640, #1960, #92, #5479, #2992, #4741, #4861, #4246, #4320, #1923, #54, #7223, #6635, #3072, #722, #3663, #6675, #5439, #1802, #3623, #4284, #679, #3034, #6596, #1307, #7142, #1344, #3701, #6056, #1385, #3742, #6095, #802, #16, #2370, #7102, #4163, #6510, #1220, #3581, #5355, #2407, #6751, #2643, #6715, #5634, #3893, #3266, #2560, #2602, #4974, #1457, #3185, #4397, #7341, #5554, #1532, #250, #207, #6204, #953, #2036, #5010, #3303, #7377, #6163, #2068, #2108, #1421, #1497, #326, #2678, #6791, #2000, #5596, #3815, #880, #7298, #5044, #4432, #6239, #4362, #7413, #3856, #5668, #839, #360, #3231, #5515, #3778, #4474, #918, #4933, #6830, #6129, #290, #4183, #5501, #7246, #158, #5383, #3727, #1908, #6116, #6080, #7208, #2428, #2513, #7283, #6580, #195, #234, #1290, #6038, #4806, #3647, #6000, #2547 ),
 .UNSPECIFIED., .F., .F.,
 ( 4, 1, 1, 1, 2, 2, 1, 1, 2, 2, 1, 1, 1, 1, 1, 1, 2, 2, 1, 1, 1, 1, 2, 2, 1, 1, 1, 1, 1, 1, 1, 2, 2, 1, 1, 1, 1, 1, 2, 2, 1, 1, 1, 1, 2, 2, 1, 1, 1, 1, 1, 1, 1, 1, 2, 2, 1, 1, 1, 1, 1, 2, 2, 1, 1, 1, 1, 1, 2, 2, 1, 1, 1, 1, 1, 1, 2, 2, 1, 1, 1, 1, 2, 2, 1, 1, 1, 1, 2, 2, 1, 1, 1, 1, 2, 2, 1, 1, 1, 1, 1, 1, 2, 2, 1, 1, 1, 1, 1, 2, 2, 1, 1, 1, 1, 1, 1, 2, 2, 1, 1, 1, 1, 1, 2, 2, 1, 1, 1, 1, 1, 1, 1, 2, 2, 1, 1, 1, 2, 2, 1, 1, 1, 2, 2, 1, 1, 1, 1, 1, 2, 2, 1, 1, 2, 2, 1, 1, 1, 4 ),
 ( 0.1183472728886293679, 0.1227896981663418319, 0.1239003044857699548, 0.1244556076454840093, 0.1247332592253410505, 0.1250109108051980777, 0.1272321234440544624, 0.1361169739994802785, 0.1405593992771931866, 0.1408370508570503110, 0.1411147024369074354, 0.1416700055966216565, 0.1427806119160499876, 0.1450018245549065110, 0.1538866751103327990, 0.1561078877491893779, 0.1562467135391179540, 0.1563855393290465301, 0.1566631909089037100, 0.1572184940686179033, 0.1583291003880461512, 0.1627715256657591425, 0.1716563762211852917, 0.1719340278010423051, 0.1722116793808993462, 0.1727669825406132342, 0.1738775888600410657, 0.1760988014988967287, 0.1805412267766081658, 0.1849836520543196305, 0.1872048646931754046, 0.1874825162730324457, 0.1876213420629610218, 0.1877601678528895979, 0.1883154710126036524, 0.1894260773320317059, 0.1938685026097440867, 0.1949791089291722512, 0.1952567605090292646, 0.1955344120888862780, 0.1960897152486004713, 0.1983109278874571058, 0.2027533531651702359, 0.2030310047450273325, 0.2031004176399915373, 0.2031698305349557698, 0.2033086563248841239, 0.2038639594845975678, 0.2049745658040245111, 0.2071957784428783422, 0.2094169910817321456, 0.2105275974011590612, 0.2108052489810156027, 0.2108746618759799463, 0.2109093683234621319, 0.2109440747709442898, 0.2110829005608732545, 0.2116382037205888356, 0.2160806289983134842, 0.2183018416371758641, 0.2185794932170337934, 0.2187183190069626748, 0.2188571447968915562, 0.2194124479566072483, 0.2205230542760385770, 0.2249654795537640306, 0.2338503301092148545, 0.2341279816890726451, 0.2342668074790014709, 0.2344056332689302968, 0.2349609364286458502, 0.2360715427480770123, 0.2382927553869392812, 0.2427351806646637633, 0.2471776059423882732, 0.2493988185812506253, 0.2499541217409661786, 0.2502317733208240247, 0.2505094249006819540, 0.2516200312201131162, 0.2605048817755631907, 0.2649473070532882835, 0.2655026102130040311, 0.2660579133727197787, 0.2671685196921512184, 0.2693897323310139869, 0.2782745828864651716, 0.2804957955253279955, 0.2810510986850436321, 0.2816064018447592687, 0.2827170081641906529, 0.2871594334419159678, 0.2960442839973664864, 0.2965995871570821230, 0.2967384129470110876, 0.2968772387369399968, 0.2971548903167977596, 0.2982654966362288107, 0.3004867092750907465, 0.3027079219139526822, 0.3038185282333836779, 0.3043738313930991479, 0.3046514829729568552, 0.3047903087628857088, 0.3049291345528145625, 0.3093715598305377679, 0.3115927724693993150, 0.3121480756291147296, 0.3124257272089724369, 0.3124951401039368637, 0.3125298465514190771, 0.3125645529989012905, 0.3127033787888299221, 0.3138139851082584197, 0.3182564103859724103, 0.3193670167054009079, 0.3199223198651151567, 0.3201999714449722534, 0.3203387972349007740, 0.3204776230248293500, 0.3226988356636866229, 0.3271412609414010575, 0.3276965641011153618, 0.3279742156809725140, 0.3281130414709011456, 0.3281824543658654614, 0.3282518672608296662, 0.3293624735802584413, 0.3315836862191158807, 0.3338048988579732645, 0.3349155051774019842, 0.3354708083371163996, 0.3357484599169736073, 0.3358872857069021833, 0.3360261114968308149, 0.3404685367745470259, 0.3426897494134050204, 0.3432450525731195468, 0.3435227041529766989, 0.3438003557328339621, 0.3449109620522629038, 0.3493533873299786707, 0.3582382378854102600, 0.3593488442048392573, 0.3596264957846965205, 0.3599041473645538392, 0.3604594505242684210, 0.3626806631631268596, 0.3671230884408437367, 0.3715655137185606138, 0.3737867263574190524, 0.3760079389962774910, 0.3848927895517110231, 0.3893352148294279003, 0.3904458211488570640, 0.3907234727287143272, 0.3910011243085717014, 0.3915564274682863388, 0.3937776401071448884, 0.4026624906625789757 ),
 .UNSPECIFIED. ) ;
#4032 = CARTESIAN_POINT ( 'NONE',  ( -31.96375895879019424, 7.500000000000014211, -98.70203609226321362 ) ) ;
#4033 = CARTESIAN_POINT ( 'NONE',  ( -10.34232869764683826, 7.500000000000003553, -2.937217177050355232 ) ) ;
#4034 = ORIENTED_EDGE ( 'NONE', *, *, #5518, .T. ) ;
#4035 = CARTESIAN_POINT ( 'NONE',  ( 12.64219897894165712, 3.000000000000000000, -133.7111637731357234 ) ) ;
#4036 = CARTESIAN_POINT ( 'NONE',  ( -22.02499643441695198, 38.11000187309952025, -86.65000000000063096 ) ) ;
#4037 = CARTESIAN_POINT ( 'NONE',  ( -27.02499643441695198, 0.000000000000000000, -102.8500000000004775 ) ) ;
#4038 = CARTESIAN_POINT ( 'NONE',  ( 11.23828627251983470, 32.74415564720128202, -114.9039095865385320 ) ) ;
#4039 = CARTESIAN_POINT ( 'NONE',  ( -26.89013382895453930, 18.38936317403375398, -103.4814155891525616 ) ) ;
#4040 = CARTESIAN_POINT ( 'NONE',  ( -26.13651267938777778, 6.962299942758773064, -66.63117011473431717 ) ) ;
#4041 = ORIENTED_EDGE ( 'NONE', *, *, #4908, .T. ) ;
#4042 = PLANE ( 'NONE',  #3955 ) ;
#4043 = CARTESIAN_POINT ( 'NONE',  ( 3.887125734470769700, 25.00000000000000000, -74.37685244352341840 ) ) ;
#4044 = CARTESIAN_POINT ( 'NONE',  ( -15.52289055121544514, 25.83452827747103697, -91.37298491093577013 ) ) ;
#4045 =( NAMED_UNIT ( * ) PLANE_ANGLE_UNIT ( ) SI_UNIT ( $, .RADIAN. ) );
#4046 = CARTESIAN_POINT ( 'NONE',  ( -0.8580971260882350737, 4.336808689942017736E-15, -136.9849111982954923 ) ) ;
#4047 = CARTESIAN_POINT ( 'NONE',  ( 27.86126624472958468, -0.000000000000000000, -93.07161313661936219 ) ) ;
#4048 = CARTESIAN_POINT ( 'NONE',  ( 29.12800512203207504, 7.499999999999989342, -35.37602688138822771 ) ) ;
#4049 = CARTESIAN_POINT ( 'NONE',  ( 20.12426038885122281, 7.159473318034089928, -132.6904863246047626 ) ) ;
#4050 = EDGE_CURVE ( 'NONE', #356, #7037, #1714, .T. ) ;
#4051 = DIRECTION ( 'NONE',  ( -1.000000000000000000, 0.000000000000000000, -1.688295353748717154E-16 ) ) ;
#4052 = CARTESIAN_POINT ( 'NONE',  ( 13.08061694366325867, 32.50000000000000000, -106.7692129540690615 ) ) ;
#4053 = CARTESIAN_POINT ( 'NONE',  ( 4.743635114536102648, 25.00000000000000355, -116.4820420248949233 ) ) ;
#4054 = CARTESIAN_POINT ( 'NONE',  ( 4.000000000000000000, 2.600000000000029843, -83.33717174866055188 ) ) ;
#4055 = VERTEX_POINT ( 'NONE', #268 ) ;
#4056 = CARTESIAN_POINT ( 'NONE',  ( 28.97063402857045844, 3.733658636025965448E-12, -84.09408537108313908 ) ) ;
#4057 = CARTESIAN_POINT ( 'NONE',  ( -11.92323052529643235, 31.01435625790407968, -16.94732296992395959 ) ) ;
#4058 = EDGE_CURVE ( 'NONE', #3398, #791, #931, .T. ) ;
#4059 = CARTESIAN_POINT ( 'NONE',  ( -27.02499643441694133, 14.89938307227276937, -86.65000000000051728 ) ) ;
#4060 = EDGE_LOOP ( 'NONE', ( #1179, #6704, #2516, #4226 ) ) ;
#4061 = CARTESIAN_POINT ( 'NONE',  ( -26.79981047527037319, 15.13532728062539867, -85.85743297625573689 ) ) ;
#4062 = CARTESIAN_POINT ( 'NONE',  ( -5.242795021463771299, 3.000000000000000000, -0.8270003792001383580 ) ) ;
#4063 = CARTESIAN_POINT ( 'NONE',  ( -24.90831579443154453, 0.000000000000000000, -47.48262993156457412 ) ) ;
#4064 = ORIENTED_EDGE ( 'NONE', *, *, #3531, .T. ) ;
#4065 = CARTESIAN_POINT ( 'NONE',  ( -12.06711495074982210, 7.500508896059848496, -4.256854081725881755 ) ) ;
#4066 = CARTESIAN_POINT ( 'NONE',  ( -22.02499643441695198, 43.11000187309952025, -93.57500000000055707 ) ) ;
#4067 = CARTESIAN_POINT ( 'NONE',  ( 21.91219623005290984, 3.000000000000001776, -14.48093714716418212 ) ) ;
#4068 = AXIS2_PLACEMENT_3D ( 'NONE', #2918, #1194, #5287 ) ;
#4069 = CARTESIAN_POINT ( 'NONE',  ( -17.73111583716770312, 32.59967523116699795, -103.5378392271074546 ) ) ;
#4070 = CIRCLE ( 'NONE', #1487, 1.174999999999995381 ) ;
#4071 = AXIS2_PLACEMENT_3D ( 'NONE', #2684, #5051, #258 ) ;
#4072 = CARTESIAN_POINT ( 'NONE',  ( -6.263375704782570885, 32.80688262484873974, -70.71076205178542295 ) ) ;
#4073 = CARTESIAN_POINT ( 'NONE',  ( -8.348528904428782482, 25.00000000000000355, -75.96690662754288326 ) ) ;
#4074 = ORIENTED_EDGE ( 'NONE', *, *, #1649, .T. ) ;
#4075 = CARTESIAN_POINT ( 'NONE',  ( 9.334475447326335384, 3.000000000000000000, -135.1936282357897312 ) ) ;
#4076 = LINE ( 'NONE', #4616, #2591 ) ;
#4077 = LINE ( 'NONE', #2789, #116 ) ;
#4078 = CARTESIAN_POINT ( 'NONE',  ( 25.94388091353046732, 20.32958536996352095, -115.6179565574472576 ) ) ;
#4079 = VECTOR ( 'NONE', #2824, 1000.000000000000000 ) ;
#4080 = VECTOR ( 'NONE', #4717, 1000.000000000000000 ) ;
#4081 = CARTESIAN_POINT ( 'NONE',  ( 9.854460668436152204, 32.49999999999998579, -72.99214761618914338 ) ) ;
#4082 = CARTESIAN_POINT ( 'NONE',  ( -26.60012358154673962, 22.41883967751617135, -96.16111313600555377 ) ) ;
#4083 = ORIENTED_EDGE ( 'NONE', *, *, #1071, .T. ) ;
#4084 = CARTESIAN_POINT ( 'NONE',  ( 1.734723475976807094E-15, 1.500000000000000000, -94.80960127224460621 ) ) ;
#4085 = CARTESIAN_POINT ( 'NONE',  ( 12.23283000880112859, 25.00000000000000000, -84.56852076453021994 ) ) ;
#4086 = CARTESIAN_POINT ( 'NONE',  ( -20.54999999999999005, 0.1000000000000000056, -83.33717174866055188 ) ) ;
#4087 = CARTESIAN_POINT ( 'NONE',  ( 7.079710055053921813, 7.500606211187441197, -139.0764328069516580 ) ) ;
#4088 = CARTESIAN_POINT ( 'NONE',  ( -2.139887868790189884, 4.336808689942017736E-15, -136.9048396813571742 ) ) ;
#4089 = CARTESIAN_POINT ( 'NONE',  ( 29.55950109279492111, 0.000000000000000000, -106.8205910524562654 ) ) ;
#4090 = CARTESIAN_POINT ( 'NONE',  ( 18.00268053805277191, 32.75562284260669088, -87.34590349941905174 ) ) ;
#4091 = CARTESIAN_POINT ( 'NONE',  ( 24.06985407721393244, 7.383533714069134390, -129.0049204883392520 ) ) ;
#4092 = DIRECTION ( 'NONE',  ( -0.000000000000000000, -1.000000000000000000, -0.000000000000000000 ) ) ;
#4093 = CARTESIAN_POINT ( 'NONE',  ( 15.67499646065027541, 26.50000000000000355, -98.25668410583796231 ) ) ;
#4094 = CARTESIAN_POINT ( 'NONE',  ( -7.532562939893020726, 26.50000000000000355, -114.4491806317313092 ) ) ;
#4095 = DIRECTION ( 'NONE',  ( -0.000000000000000000, -0.000000000000000000, -1.000000000000000000 ) ) ;
#4096 = LINE ( 'NONE', #5364, #2320 ) ;
#4097 = CARTESIAN_POINT ( 'NONE',  ( 30.10024576068987656, -1.866829318012992822E-12, -89.15902072617188878 ) ) ;
#4098 = CARTESIAN_POINT ( 'NONE',  ( -2.172938518361778648, 31.31963542613090823, -12.01320416296723792 ) ) ;
#4099 = EDGE_CURVE ( 'NONE', #4658, #5152, #1546, .T. ) ;
#4100 = B_SPLINE_SURFACE_WITH_KNOTS ( 'NONE', 3, 1, ( 
 ( #2476, #667 ),
 ( #4150, #80 ),
 ( #3565, #5923 ),
 ( #6496, #2979 ),
 ( #4689, #752 ),
 ( #3103, #3061 ),
 ( #6584, #7212 ) ),
 .UNSPECIFIED., .F., .F., .F.,
 ( 4, 1, 1, 1, 4 ),
 ( 2, 2 ),
 ( 0.4999999999999998890, 0.6233953141118733221, 0.7205982874550675987, 0.8924806187220838405, 1.000000000000000000 ),
 ( 0.000000000000000000, 1.000000000000000000 ),
 .UNSPECIFIED. ) ;
#4101 = CARTESIAN_POINT ( 'NONE',  ( 22.02499643441695198, 50.10999999999998522, -85.15000000000063096 ) ) ;
#4102 = ORIENTED_EDGE ( 'NONE', *, *, #4774, .F. ) ;
#4103 = CARTESIAN_POINT ( 'NONE',  ( 20.21024837110853056, 3.000000000000000888, -132.3775120339377906 ) ) ;
#4104 = CARTESIAN_POINT ( 'NONE',  ( 19.67125340166252556, 28.13679928528903673, -85.15000000000063096 ) ) ;
#4105 = CARTESIAN_POINT ( 'NONE',  ( -7.387273613465715982, 3.000000000000000444, -4.934771377854344721 ) ) ;
#4106 = CARTESIAN_POINT ( 'NONE',  ( -23.43498736850596487, -0.000000000000000000, -56.78328617986430515 ) ) ;
#4107 = ORIENTED_EDGE ( 'NONE', *, *, #2245, .T. ) ;
#4108 = CARTESIAN_POINT ( 'NONE',  ( -12.23283002861083446, 25.00000000000000711, -105.0506817022474593 ) ) ;
#4109 = ADVANCED_FACE ( 'NONE', ( #5721 ), #2204, .T. ) ;
#4110 = CARTESIAN_POINT ( 'NONE',  ( 29.09701351899033384, 3.000000000000000444, -36.64786817979735645 ) ) ;
#4111 = CARTESIAN_POINT ( 'NONE',  ( -18.50816430863709172, 32.74825313002590121, -89.47843930806639889 ) ) ;
#4112 = CARTESIAN_POINT ( 'NONE',  ( -0.9046040148777148016, 7.261740045911976082, 0.1189014670506717136 ) ) ;
#4113 = CARTESIAN_POINT ( 'NONE',  ( -15.62129256557405910, 26.50000000000001066, -90.99032896689026018 ) ) ;
#4114 = ORIENTED_EDGE ( 'NONE', *, *, #7323, .T. ) ;
#4115 = CARTESIAN_POINT ( 'NONE',  ( -5.489371863999688830E-15, 7.499999995022628596, -140.0000000000000284 ) ) ;
#4116 = CARTESIAN_POINT ( 'NONE',  ( 17.62944056987893404, 2.999999999999258815, -9.060854391117180384 ) ) ;
#4117 = FACE_OUTER_BOUND ( 'NONE', #2475, .T. ) ;
#4118 = CARTESIAN_POINT ( 'NONE',  ( 20.12426038885122281, 7.159473318034089928, -132.6904863246047626 ) ) ;
#4119 = CARTESIAN_POINT ( 'NONE',  ( 18.60275872607400061, 7.267241430922732448, -9.883028993030173126 ) ) ;
#4120 = CARTESIAN_POINT ( 'NONE',  ( -26.04047529082175672, 7.314714726575515691, -61.30175700026529739 ) ) ;
#4121 = CARTESIAN_POINT ( 'NONE',  ( 21.34506547275826449, 1.734723475976807094E-15, -127.3219490481296248 ) ) ;
#4122 = ORIENTED_EDGE ( 'NONE', *, *, #6703, .T. ) ;
#4123 = CARTESIAN_POINT ( 'NONE',  ( 15.29705851458454013, 32.50000000000000000, -100.4708647565422126 ) ) ;
#4124 = CARTESIAN_POINT ( 'NONE',  ( -25.99388563581360145, 3.000000000000362377, -64.75375483756562289 ) ) ;
#4125 = CARTESIAN_POINT ( 'NONE',  ( -18.84999643441695483, 50.10999999999987864, -94.75000000000054001 ) ) ;
#4126 = CARTESIAN_POINT ( 'NONE',  ( 29.36316018775293912, 0.000000000000000000, -110.9482860023249344 ) ) ;
#4127 = CARTESIAN_POINT ( 'NONE',  ( 27.05273593810090560, 6.917491877344219553, -53.11850274498544167 ) ) ;
#4128 = CARTESIAN_POINT ( 'NONE',  ( -20.04672286392326086, 7.386491106011371599, -132.6633137412335657 ) ) ;
#4129 = CARTESIAN_POINT ( 'NONE',  ( 13.05112283726865918, 25.00000000000272493, -82.78944475730691011 ) ) ;
#4130 = CARTESIAN_POINT ( 'NONE',  ( 0.5481410739171442836, 25.00000000000000711, -116.3831207056000636 ) ) ;
#4131 = CARTESIAN_POINT ( 'NONE',  ( -21.82332780794292049, -8.673617379884035472E-16, -126.7769346882308668 ) ) ;
#4132 = LINE ( 'NONE', #6478, #3570 ) ;
#4133 = CARTESIAN_POINT ( 'NONE',  ( -4.341454496251117965E-15, 32.81078131220588290, -68.96083171738970918 ) ) ;
#4134 = CARTESIAN_POINT ( 'NONE',  ( 17.01933245761733815, 32.63315222515741709, -84.11250680911695099 ) ) ;
#4135 = CARTESIAN_POINT ( 'NONE',  ( 5.500000000000000000, 1.500000000000000000, -83.33717174866055188 ) ) ;
#4136 = ORIENTED_EDGE ( 'NONE', *, *, #3164, .T. ) ;
#4137 = CARTESIAN_POINT ( 'NONE',  ( 15.84290348783740043, 2.999999999999999556, -135.3697144184613421 ) ) ;
#4138 = CARTESIAN_POINT ( 'NONE',  ( 23.16208373840407830, 22.07637403135702669, -85.15000000000077307 ) ) ;
#4139 = CARTESIAN_POINT ( 'NONE',  ( 10.96258818874652441, 2.999999999999999112, -7.161176273059206565 ) ) ;
#4140 = CARTESIAN_POINT ( 'NONE',  ( -25.19230759988365875, 0.000000000000000000, -45.74848378020197970 ) ) ;
#4141 = EDGE_LOOP ( 'NONE', ( #2523, #5789, #1989, #2771 ) ) ;
#4142 = CARTESIAN_POINT ( 'NONE',  ( 12.23600075218715233, 25.00000000000001066, -105.0426169703793988 ) ) ;
#4143 = CARTESIAN_POINT ( 'NONE',  ( 29.66737995769662461, 3.000000000000000000, -87.12642553636963783 ) ) ;
#4144 = CARTESIAN_POINT ( 'NONE',  ( -19.05446631948866809, 32.72803366217610943, -95.28485253481744621 ) ) ;
#4145 = ADVANCED_FACE ( 'NONE', ( #303 ), #2657, .F. ) ;
#4146 = CARTESIAN_POINT ( 'NONE',  ( 3.040272769959669219, 0.000000000000000000, -136.8163757697735150 ) ) ;
#4147 = CARTESIAN_POINT ( 'NONE',  ( -10.50055205114330903, 26.49999999999635492, -78.51271360700172863 ) ) ;
#4148 = EDGE_CURVE ( 'NONE', #5830, #1084, #7153, .T. ) ;
#4149 = VERTEX_POINT ( 'NONE', #4489 ) ;
#4150 = CARTESIAN_POINT ( 'NONE',  ( 12.93141326767685229, 7.533324314507918729, 1.908195823574487804E-14 ) ) ;
#4151 = CARTESIAN_POINT ( 'NONE',  ( 2.460965836661214823, 1.301042606982605321E-15, -3.202297013350660748 ) ) ;
#4152 = FACE_BOUND ( 'NONE', #3279, .T. ) ;
#4153 = CARTESIAN_POINT ( 'NONE',  ( -1.092825858280026985, 25.18157952051091186, -128.5679810145922488 ) ) ;
#4154 = CARTESIAN_POINT ( 'NONE',  ( 1.088539937223013787, 32.96605262073667575, -69.19970399814766893 ) ) ;
#4155 = CARTESIAN_POINT ( 'NONE',  ( -18.93823974781060926, 32.85540623251096548, -92.79677731954511444 ) ) ;
#4156 = CARTESIAN_POINT ( 'NONE',  ( 3.888673749258444001, 6.505213034913026604E-16, -136.6775359458687831 ) ) ;
#4157 = VERTEX_POINT ( 'NONE', #3907 ) ;
#4158 = CARTESIAN_POINT ( 'NONE',  ( -15.52069995008143799, 26.50000000000000355, -99.37371132387453088 ) ) ;
#4159 = CARTESIAN_POINT ( 'NONE',  ( -29.05743134646721870, 1.301042606982595066E-15, -35.55700706416089929 ) ) ;
#4160 = CARTESIAN_POINT ( 'NONE',  ( 27.01858225339623232, 14.85095898184279228, -86.48805555386455524 ) ) ;
#4161 = EDGE_CURVE ( 'NONE', #7620, #2631, #3285, .T. ) ;
#4162 = CARTESIAN_POINT ( 'NONE',  ( -25.90621209658094060, 0.000000000000000000, -121.4055494859784403 ) ) ;
#4163 = CARTESIAN_POINT ( 'NONE',  ( 23.54136213524870769, 0.000000000000000000, -55.95977791809139745 ) ) ;
#4164 = CARTESIAN_POINT ( 'NONE',  ( 19.02872596452404608, 32.84205049326412507, -95.33833607528727327 ) ) ;
#4165 = CARTESIAN_POINT ( 'NONE',  ( -10.62486982401748037, 7.500000000000011546, -138.0665501867247826 ) ) ;
#4166 = CARTESIAN_POINT ( 'NONE',  ( 15.66605740280981429, 24.99999999999977618, -91.29870931206716023 ) ) ;
#4167 = CARTESIAN_POINT ( 'NONE',  ( -13.55986633554078757, 32.50000000000000000, -105.7657385063832862 ) ) ;
#4168 = CARTESIAN_POINT ( 'NONE',  ( 14.13840080559323908, 25.00000000000000711, -98.40283987180606573 ) ) ;
#4169 = CARTESIAN_POINT ( 'NONE',  ( -25.90621209658094060, 1.734723475976807094E-15, -121.4055494859784403 ) ) ;
#4170 = CARTESIAN_POINT ( 'NONE',  ( 22.96606231633710138, 0.000000000000000000, -64.54465529869760587 ) ) ;
#4171 = LINE ( 'NONE', #6443, #6805 ) ;
#4172 = CARTESIAN_POINT ( 'NONE',  ( 22.06897062659548681, 21.90149071804019698, -95.66614354227253614 ) ) ;
#4173 = CARTESIAN_POINT ( 'NONE',  ( -0.8831419518278816883, 3.000000000000000000, -140.0000000000000284 ) ) ;
#4174 = ORIENTED_EDGE ( 'NONE', *, *, #2529, .F. ) ;
#4175 = DIRECTION ( 'NONE',  ( 1.000000000000000000, -0.000000000000000000, -0.000000000000000000 ) ) ;
#4176 = CARTESIAN_POINT ( 'NONE',  ( 8.321927348468545205, 32.50000000000000000, -75.96923366534286970 ) ) ;
#4177 = CARTESIAN_POINT ( 'NONE',  ( -10.86177592678063952, 2.999999999999999556, -7.086706544103294370 ) ) ;
#4178 = CARTESIAN_POINT ( 'NONE',  ( -26.04199747485682082, -0.000000000000000000, -84.76089510855980791 ) ) ;
#4179 = ORIENTED_EDGE ( 'NONE', *, *, #2951, .T. ) ;
#4180 = CARTESIAN_POINT ( 'NONE',  ( 2.563262352540565114, 25.00000000000000711, -115.8777654301521096 ) ) ;
#4181 = CARTESIAN_POINT ( 'NONE',  ( 23.33564161755407795, 2.999999999999998668, -16.71562886522191960 ) ) ;
#4182 = CARTESIAN_POINT ( 'NONE',  ( -18.27485352226909754, 32.75196036398608612, -88.40755347658385688 ) ) ;
#4183 = CARTESIAN_POINT ( 'NONE',  ( 26.06200249596785667, 0.000000000000000000, -36.03467235818426673 ) ) ;
#4184 = CARTESIAN_POINT ( 'NONE',  ( -0.3628665892801479775, 32.96617196830882790, -69.16144693996223225 ) ) ;
#4185 = CARTESIAN_POINT ( 'NONE',  ( -4.228852932804296749, 25.00000000000001066, -72.85123551967920719 ) ) ;
#4186 = VERTEX_POINT ( 'NONE', #2618 ) ;
#4187 = CARTESIAN_POINT ( 'NONE',  ( 4.000000000000000000, 1.500000000000003109, -82.23717174866052915 ) ) ;
#4188 = AXIS2_PLACEMENT_3D ( 'NONE', #6810, #413, #3871 ) ;
#4189 = CARTESIAN_POINT ( 'NONE',  ( 18.66554016764744262, 0.000000000000000000, -15.07573254817646990 ) ) ;
#4190 = CARTESIAN_POINT ( 'NONE',  ( 14.72391101582868700, 26.50000000000001066, -86.98707722258747310 ) ) ;
#4191 = CARTESIAN_POINT ( 'NONE',  ( -4.309183984609273210, 32.57476142547897524, -120.1822164178041703 ) ) ;
#4192 = B_SPLINE_CURVE_WITH_KNOTS ( 'NONE', 3,
 ( #1648, #554, #2868, #5271, #4661, #6282, #3352, #405, #6321, #3557, #7081, #3479, #2307, #2811, #6999, #6373, #4642, #496, #1083, #5910, #3439, #2273, #2386, #2849, #6448, #1049, #1160, #534, #615, #5874, #4026, #4139, #7623, #1782, #7663, #3516, #5180, #2886, #6410, #5799, #456, #6338, #6486, #1198, #2349, #2970, #5217, #570, #4607, #33, #5335, #4757, #2922, #7118, #4677, #3988, #1122, #4721, #6962, #3404, #5760, #5837, #7040, #7549, #2239, #1667, #5291, #7586, #5252, #1745, #4105, #3721, #6574, #7159, #4953, #5994, #3094, #1863, #695, #3641, #4914, #1817, #4177, #5955, #1241, #6111, #5414, #6614, #4342, #2507, #6651, #1284, #1361, #7277, #7203, #4224, #5374, #4300, #3050, #657, #3602, #1402, #1976, #3010, #4841, #109, #2466, #1904, #4263, #3759, #1324, #3679, #821, #6032 ),
 .UNSPECIFIED., .F., .F.,
 ( 4, 2, 2, 2, 1, 1, 1, 1, 2, 2, 1, 1, 1, 1, 1, 2, 2, 1, 1, 1, 1, 1, 2, 2, 1, 1, 1, 1, 1, 2, 2, 1, 1, 1, 1, 1, 2, 2, 1, 2, 2, 1, 1, 1, 1, 1, 2, 2, 1, 1, 1, 1, 1, 2, 2, 1, 1, 1, 1, 1, 2, 2, 1, 1, 1, 1, 2, 2, 1, 1, 1, 1, 2, 2, 1, 1, 1, 2, 2, 1, 2, 2, 4 ),
 ( 0.000000000000000000, 0.06249999999999827915, 0.09374999999999739098, 0.1249999999999965028, 0.1562499999999956146, 0.1718749999999951705, 0.1796874999999950040, 0.1835937499999949207, 0.1855468749999948375, 0.1874999999999947542, 0.2187499999999934774, 0.2343749999999928113, 0.2421874999999925060, 0.2460937499999923117, 0.2480468749999922284, 0.2490234374999921452, 0.2499999999999920619, 0.2812499999999916733, 0.2968749999999914513, 0.3046874999999913403, 0.3085937499999912292, 0.3105468749999911737, 0.3115234374999911737, 0.3124999999999912292, 0.3437499999999923395, 0.3593749999999930056, 0.3671874999999932832, 0.3710937499999933942, 0.3730468749999933942, 0.3740234374999933942, 0.3749999999999934497, 0.4062499999999933942, 0.4218749999999934497, 0.4296874999999934497, 0.4335937499999934497, 0.4355468749999934497, 0.4365234374999933942, 0.4374999999999933942, 0.4687499999999930611, 0.4843749999999929501, 0.4999999999999927836, 0.5312499999999924505, 0.5468749999999923395, 0.5546874999999922284, 0.5585937499999922284, 0.5605468749999922284, 0.5615234374999922284, 0.5624999999999921174, 0.5937499999999921174, 0.6093749999999921174, 0.6171874999999921174, 0.6210937499999921174, 0.6230468749999921174, 0.6240234374999921174, 0.6249999999999921174, 0.6562499999999924505, 0.6718749999999925615, 0.6796874999999925615, 0.6835937499999925615, 0.6855468749999926725, 0.6865234374999926725, 0.6874999999999925615, 0.7187499999999930056, 0.7343749999999931166, 0.7421874999999932276, 0.7460937499999932276, 0.7480468749999932276, 0.7499999999999933387, 0.7812499999999943379, 0.7968749999999947820, 0.8046874999999950040, 0.8085937499999951150, 0.8105468749999952260, 0.8124999999999952260, 0.8437499999999964473, 0.8593749999999968914, 0.8671874999999971134, 0.8710937499999972244, 0.8749999999999973355, 0.9062499999999981126, 0.9218749999999983347, 0.9374999999999985567, 1.000000000000000000 ),
 .UNSPECIFIED. ) ;
#4193 = ADVANCED_FACE ( 'NONE', ( #7027, #1657 ), #2230, .F. ) ;
#4194 = CIRCLE ( 'NONE', #6165, 1.249999442108171266 ) ;
#4195 = CARTESIAN_POINT ( 'NONE',  ( 6.226713135828443768, 7.499999999999987566, -1.011028111678705432 ) ) ;
#4196 = CARTESIAN_POINT ( 'NONE',  ( -23.81326510997227786, 26.62417946951647352, -61.23159289958528717 ) ) ;
#4197 = CARTESIAN_POINT ( 'NONE',  ( 28.14866942271052963, 8.673617379884035472E-16, -116.5029734916193291 ) ) ;
#4198 = ORIENTED_EDGE ( 'NONE', *, *, #699, .F. ) ;
#4199 = CARTESIAN_POINT ( 'NONE',  ( -7.086384830864777662, 26.50000000000000355, -114.8049004094951187 ) ) ;
#4200 = DIRECTION ( 'NONE',  ( 0.000000000000000000, 0.000000000000000000, -1.000000000000000000 ) ) ;
#4201 = CARTESIAN_POINT ( 'NONE',  ( -18.84999643441695127, 57.10999812690045729, -93.57500000000055707 ) ) ;
#4202 = CARTESIAN_POINT ( 'NONE',  ( 25.37485668830394658, 0.000000000000000000, -81.72913357081705499 ) ) ;
#4203 = AXIS2_PLACEMENT_3D ( 'NONE', #2525, #4244, #1263 ) ;
#4204 = CARTESIAN_POINT ( 'NONE',  ( 26.03293832811137776, 6.953195230065769117, -63.91792897274542185 ) ) ;
#4205 = AXIS2_PLACEMENT_3D ( 'NONE', #2787, #3491, #466 ) ;
#4206 = CIRCLE ( 'NONE', #1378, 1.499999999999999556 ) ;
#4207 = CARTESIAN_POINT ( 'NONE',  ( -15.57756829258313047, 7.277752199026235935, -135.7350689640412611 ) ) ;
#4208 = AXIS2_PLACEMENT_3D ( 'NONE', #6224, #1518, #3366 ) ;
#4209 = CARTESIAN_POINT ( 'NONE',  ( 13.94267406193205616, 26.49999999999819522, -84.81341651102921730 ) ) ;
#4210 = CARTESIAN_POINT ( 'NONE',  ( -14.72164018024421495, 32.50000000000000000, -102.6394429544027247 ) ) ;
#4211 = CARTESIAN_POINT ( 'NONE',  ( 14.30790764850983976, 24.99999999999821299, -103.8345399514391545 ) ) ;
#4212 = EDGE_CURVE ( 'NONE', #3718, #2383, #4631, .T. ) ;
#4213 = CARTESIAN_POINT ( 'NONE',  ( 20.55000000000000782, 0.1000000000000000056, -42.23717174866054336 ) ) ;
#4214 = CARTESIAN_POINT ( 'NONE',  ( 22.02499643441695198, 9.117047592042126780, -104.3500000000004775 ) ) ;
#4215 = CARTESIAN_POINT ( 'NONE',  ( 31.42986968035156181, 7.458399425244382674E-13, -116.0634770016323358 ) ) ;
#4216 = CARTESIAN_POINT ( 'NONE',  ( 6.292209642818607840, 32.65344131242439829, -70.52474396713344618 ) ) ;
#4217 = AXIS2_PLACEMENT_3D ( 'NONE', #6642, #729, #144 ) ;
#4218 = CARTESIAN_POINT ( 'NONE',  ( -5.005645292444688366, 31.28227052793647900, -12.70370880163127758 ) ) ;
#4219 = CARTESIAN_POINT ( 'NONE',  ( 26.11296211389672450, 7.141533295172520113, -66.67605063533893883 ) ) ;
#4220 = CARTESIAN_POINT ( 'NONE',  ( -8.659460209850916357, 3.000000000000000444, -138.6544220617446683 ) ) ;
#4221 = EDGE_LOOP ( 'NONE', ( #5466, #6077, #6294, #3047, #2972, #7373 ) ) ;
#4222 = DIRECTION ( 'NONE',  ( 1.000000000000000000, 0.000000000000000000, 0.000000000000000000 ) ) ;
#4223 = CARTESIAN_POINT ( 'NONE',  ( -0.5646742373704959350, 32.50000000000000000, -71.73478972478770288 ) ) ;
#4224 = CARTESIAN_POINT ( 'NONE',  ( -16.41574194839238743, 3.000000000000000000, -12.25594417633526945 ) ) ;
#4225 = CARTESIAN_POINT ( 'NONE',  ( -22.99715445281652038, -0.000000000000000000, -65.21896955974654020 ) ) ;
#4226 = ORIENTED_EDGE ( 'NONE', *, *, #703, .F. ) ;
#4227 = CARTESIAN_POINT ( 'NONE',  ( -14.56951630231911921, 25.03972058610860074, -98.17942238204425109 ) ) ;
#4228 = CARTESIAN_POINT ( 'NONE',  ( 15.69687816022222471, 3.000000000000000444, -7.142010303095819523 ) ) ;
#4229 = CARTESIAN_POINT ( 'NONE',  ( -18.87676550102490225, 32.62036711648994469, -91.57192566358340002 ) ) ;
#4230 = DIRECTION ( 'NONE',  ( 0.000000000000000000, 1.000000000000000000, 0.000000000000000000 ) ) ;
#4231 = CARTESIAN_POINT ( 'NONE',  ( -2.717909682046375508, 7.023607291477384607, 0.08339838838010381339 ) ) ;
#4232 = CARTESIAN_POINT ( 'NONE',  ( 23.05795465521409326, 3.000000000000000444, -125.3923252198808314 ) ) ;
#4233 = ORIENTED_EDGE ( 'NONE', *, *, #6619, .F. ) ;
#4234 = CARTESIAN_POINT ( 'NONE',  ( 28.51735993585885609, 3.000000000000001332, -115.3264855397361544 ) ) ;
#4235 = CARTESIAN_POINT ( 'NONE',  ( 4.940041820944589546, 0.000000000000000000, -3.880046022780349713 ) ) ;
#4236 = FACE_BOUND ( 'NONE', #5337, .T. ) ;
#4237 = CARTESIAN_POINT ( 'NONE',  ( -1.449122742410601683, 18.30075089778908648, -137.8900939392749763 ) ) ;
#4238 = CARTESIAN_POINT ( 'NONE',  ( 14.77985066156054650, 7.029712874841915315, -5.935316660330767213 ) ) ;
#4239 = CARTESIAN_POINT ( 'NONE',  ( -25.98587333601531313, 7.317731743355253116, -64.01251629105578900 ) ) ;
#4240 = CARTESIAN_POINT ( 'NONE',  ( 28.40670823611587537, 8.673617379884035472E-16, -115.6788449255736708 ) ) ;
#4241 = VERTEX_POINT ( 'NONE', #5169 ) ;
#4242 = CARTESIAN_POINT ( 'NONE',  ( -12.30298902548526563, 26.50000000000000355, -108.2638192635993448 ) ) ;
#4243 = CARTESIAN_POINT ( 'NONE',  ( -27.79021611538047409, -3.719690410790626934E-12, -48.47975950592538652 ) ) ;
#4244 = DIRECTION ( 'NONE',  ( -0.000000000000000000, -0.000000000000000000, 1.000000000000000000 ) ) ;
#4245 = CYLINDRICAL_SURFACE ( 'NONE', #5785, 1.499999999999999556 ) ;
#4246 = CARTESIAN_POINT ( 'NONE',  ( 23.57559726773902042, -0.000000000000000000, -71.80926716157263456 ) ) ;
#4247 = CARTESIAN_POINT ( 'NONE',  ( 21.36170665982076144, 20.77042136927466132, -86.16680523602832409 ) ) ;
#4248 = EDGE_CURVE ( 'NONE', #6495, #4280, #6403, .T. ) ;
#4249 = CARTESIAN_POINT ( 'NONE',  ( -20.00723734440391510, 7.500000000000017764, -132.6502814316768877 ) ) ;
#4250 = CARTESIAN_POINT ( 'NONE',  ( 15.55772150906858187, 26.50000000000000355, -90.58781150777063829 ) ) ;
#4251 = CARTESIAN_POINT ( 'NONE',  ( -15.29494588506480213, 32.50000000000000000, -100.4805650210712571 ) ) ;
#4252 = ADVANCED_FACE ( 'NONE', ( #1111 ), #7069, .F. ) ;
#4253 = CARTESIAN_POINT ( 'NONE',  ( 6.197834639931690148, 25.00000000000000355, -115.5173355634188681 ) ) ;
#4254 = CARTESIAN_POINT ( 'NONE',  ( -17.38728931700659075, 1.734723475976807094E-15, -130.7711543675378323 ) ) ;
#4255 = CARTESIAN_POINT ( 'NONE',  ( 28.00809876326784931, 0.000000000000000000, -116.9142398936126312 ) ) ;
#4256 = CARTESIAN_POINT ( 'NONE',  ( 3.784048783757044898, 17.14186621286387435, -49.20469409102184954 ) ) ;
#4257 = CARTESIAN_POINT ( 'NONE',  ( -4.269655107495213819, 32.96363583240045614, -69.94563826656195715 ) ) ;
#4258 = CARTESIAN_POINT ( 'NONE',  ( 19.05446210413490604, 32.72803366217608101, -95.28482925815703197 ) ) ;
#4259 = DIRECTION ( 'NONE',  ( 0.000000000000000000, -1.000000000000000000, 0.000000000000000000 ) ) ;
#4260 = VERTEX_POINT ( 'NONE', #4093 ) ;
#4261 = CARTESIAN_POINT ( 'NONE',  ( -27.01850651921460766, 14.85057428271457525, -86.48756469280297665 ) ) ;
#4262 = CARTESIAN_POINT ( 'NONE',  ( -4.311488189970145157, 26.50000000000000355, -72.89818151070325314 ) ) ;
#4263 = CARTESIAN_POINT ( 'NONE',  ( -20.46517131449545701, 3.000000000000000000, -17.78095018445620923 ) ) ;
#4264 = CARTESIAN_POINT ( 'NONE',  ( -24.55906268373965062, 0.000000000000000000, -77.75133542148356014 ) ) ;
#4265 = EDGE_LOOP ( 'NONE', ( #448, #6216, #4492, #1810, #3599 ) ) ;
#4266 = CARTESIAN_POINT ( 'NONE',  ( -15.30458826705036124, 25.50824143597148463, -98.23063300336112036 ) ) ;
#4267 = EDGE_CURVE ( 'NONE', #6332, #6787, #3954, .T. ) ;
#4268 = CARTESIAN_POINT ( 'NONE',  ( -26.25358040980319174, 7.311721559730784747, -58.59898063563090886 ) ) ;
#4269 = DIRECTION ( 'NONE',  ( 0.000000000000000000, -1.000000000000000000, 0.000000000000000000 ) ) ;
#4270 = CARTESIAN_POINT ( 'NONE',  ( -27.71602245914994000, -3.674553958512228702E-12, -124.2479714740699848 ) ) ;
#4271 = CARTESIAN_POINT ( 'NONE',  ( -15.68438775217544823, 26.50000000000000355, -91.43052791427166426 ) ) ;
#4272 = ORIENTED_EDGE ( 'NONE', *, *, #1036, .F. ) ;
#4273 = CARTESIAN_POINT ( 'NONE',  ( -22.02499643441695198, 43.11000187309952025, -94.75000000000055422 ) ) ;
#4274 = CARTESIAN_POINT ( 'NONE',  ( 16.57311376228889799, -2.602085213965210642E-15, -12.38338368078527552 ) ) ;
#4275 = CARTESIAN_POINT ( 'NONE',  ( 15.65589969290752315, 26.50000000000000711, -91.22471917089677618 ) ) ;
#4276 = CARTESIAN_POINT ( 'NONE',  ( 3.277419951940034881, 25.16582406544051764, -128.3392006954126430 ) ) ;
#4277 = CARTESIAN_POINT ( 'NONE',  ( 29.12800512203207504, 7.499999999999989342, -35.37602688138822771 ) ) ;
#4278 = CARTESIAN_POINT ( 'NONE',  ( -24.26338909439656888, 27.30171637347834235, -55.45484147400529906 ) ) ;
#4279 = CARTESIAN_POINT ( 'NONE',  ( 8.458199605697521051, 1.734723475976807094E-15, -135.5620095029921117 ) ) ;
#4280 = VERTEX_POINT ( 'NONE', #5865 ) ;
#4281 = CARTESIAN_POINT ( 'NONE',  ( -0.5584238665895705500, 26.50000000000000355, -117.8686232739838573 ) ) ;
#4282 = CARTESIAN_POINT ( 'NONE',  ( -28.60273912935220153, 0.000000000000000000, -43.27809040028490983 ) ) ;
#4283 = CARTESIAN_POINT ( 'NONE',  ( 26.99124414023663832, 14.85170756572143880, -86.32267406538984744 ) ) ;
#4284 = CARTESIAN_POINT ( 'NONE',  ( 22.98655512377355947, -0.000000000000000000, -64.68070655586568307 ) ) ;
#4285 = CARTESIAN_POINT ( 'NONE',  ( 18.98576100438921088, 32.61846874417032893, -92.66692827004141009 ) ) ;
#4286 = CARTESIAN_POINT ( 'NONE',  ( -0.7329303756197416142, 32.57391604684284658, -120.9837666368468660 ) ) ;
#4287 = CARTESIAN_POINT ( 'NONE',  ( 15.68431990734796955, 26.50000000000000355, -91.43056039518131684 ) ) ;
#4288 = CARTESIAN_POINT ( 'NONE',  ( -12.02273050691615808, 32.50000000000000000, -108.7545194821630758 ) ) ;
#4289 = CARTESIAN_POINT ( 'NONE',  ( 13.88743985663222524, 25.00000000000000000, -99.81509256821514953 ) ) ;
#4290 = PLANE ( 'NONE',  #4217 ) ;
#4291 = CARTESIAN_POINT ( 'NONE',  ( 32.24690635987855103, 7.426867392449633251E-13, -112.3445877066371850 ) ) ;
#4292 = CARTESIAN_POINT ( 'NONE',  ( 14.72382999345083654, 7.499999999999995559, -6.151227632437326953 ) ) ;
#4293 = CARTESIAN_POINT ( 'NONE',  ( 22.55632904156981411, 24.21271202504071596, -104.3500000000004775 ) ) ;
#4294 = EDGE_CURVE ( 'NONE', #1557, #876, #2265, .T. ) ;
#4295 = CARTESIAN_POINT ( 'NONE',  ( 19.03081211372110104, 32.50000000000000711, -97.01888738215563990 ) ) ;
#4296 = CARTESIAN_POINT ( 'NONE',  ( -1.762063083732020807, 3.000000000000000444, -139.9546136759777255 ) ) ;
#4297 = ORIENTED_EDGE ( 'NONE', *, *, #6608, .T. ) ;
#4298 = FACE_OUTER_BOUND ( 'NONE', #30, .T. ) ;
#4299 = CARTESIAN_POINT ( 'NONE',  ( -3.807158729188257595, 32.50000000000000000, -72.64414192108912971 ) ) ;
#4300 = CARTESIAN_POINT ( 'NONE',  ( -16.55248875136470943, 3.000000000000000888, -12.41426843315036344 ) ) ;
#4301 = CARTESIAN_POINT ( 'NONE',  ( -24.61434706014064844, 0.000000000000000000, -78.03769187216805392 ) ) ;
#4302 = ORIENTED_EDGE ( 'NONE', *, *, #4494, .F. ) ;
#4303 = CARTESIAN_POINT ( 'NONE',  ( -18.84999643441695127, 50.10999999999998522, -101.7499981269010192 ) ) ;
#4304 = EDGE_CURVE ( 'NONE', #4260, #2893, #1771, .T. ) ;
#4305 = CARTESIAN_POINT ( 'NONE',  ( -19.36262585117963297, 18.51899145761177579, -65.96693867300088243 ) ) ;
#4306 = CARTESIAN_POINT ( 'NONE',  ( -22.02499643441695198, 50.10999999999998522, -85.15000000000063096 ) ) ;
#4307 = CARTESIAN_POINT ( 'NONE',  ( -26.27496502808536505, 1.301042606982605321E-15, -120.7462240918480774 ) ) ;
#4308 = CARTESIAN_POINT ( 'NONE',  ( -15.70667665215599484, 24.99999999999988631, -91.59193876621306174 ) ) ;
#4309 = ORIENTED_EDGE ( 'NONE', *, *, #3189, .F. ) ;
#4310 = CARTESIAN_POINT ( 'NONE',  ( -29.02363660891412422, 7.499279450675112813, -38.46197552651447182 ) ) ;
#4311 = CARTESIAN_POINT ( 'NONE',  ( 15.59823764182305439, 26.01620702485566028, -91.36830927181382833 ) ) ;
#4312 = CARTESIAN_POINT ( 'NONE',  ( -3.277309605356077959, 25.16582406544052120, -128.3391953287872411 ) ) ;
#4313 = CARTESIAN_POINT ( 'NONE',  ( 14.05447497167190285, 32.49999999999999289, -78.10705323772594966 ) ) ;
#4314 = CARTESIAN_POINT ( 'NONE',  ( -14.00586776995276672, 32.64267019403705206, -78.24396386016984195 ) ) ;
#4315 = CARTESIAN_POINT ( 'NONE',  ( -26.06031398355857931, -0.000000000000000000, -36.97983076355683352 ) ) ;
#4316 = ORIENTED_EDGE ( 'NONE', *, *, #540, .F. ) ;
#4317 = CARTESIAN_POINT ( 'NONE',  ( -15.29494588506480213, 26.50000000000000355, -100.4805650210712571 ) ) ;
#4318 = CARTESIAN_POINT ( 'NONE',  ( -21.60161990099622997, 1.301042606982605321E-15, -19.67322315972528557 ) ) ;
#4319 = CARTESIAN_POINT ( 'NONE',  ( 18.84999643441695127, 50.10999999999998522, -101.7499981269010192 ) ) ;
#4320 = CARTESIAN_POINT ( 'NONE',  ( 23.56451880490826767, -0.000000000000000000, -71.72574967094853093 ) ) ;
#4321 = CARTESIAN_POINT ( 'NONE',  ( 18.93824679565767966, 32.85540623251097969, -92.79691786046520008 ) ) ;
#4322 = AXIS2_PLACEMENT_3D ( 'NONE', #1731, #7612, #2875 ) ;
#4323 = VECTOR ( 'NONE', #5256, 1000.000000000000000 ) ;
#4324 = CARTESIAN_POINT ( 'NONE',  ( -1.361544875404934629, 3.000000000000000000, -3.042271256150956837 ) ) ;
#4325 = CARTESIAN_POINT ( 'NONE',  ( -17.00692314181683074, 32.59615447778833897, -105.6186675037957343 ) ) ;
#4326 = CARTESIAN_POINT ( 'NONE',  ( 9.456461454369986086, 26.50000000000000000, -77.21426353219295891 ) ) ;
#4327 = AXIS2_PLACEMENT_3D ( 'NONE', #5280, #5827, #6329 ) ;
#4328 = FACE_OUTER_BOUND ( 'NONE', #2093, .T. ) ;
#4329 = CIRCLE ( 'NONE', #5563, 1.500000000000001332 ) ;
#4330 = CARTESIAN_POINT ( 'NONE',  ( 15.23655074258459585, 25.00000000000000000, -100.6632150224106539 ) ) ;
#4331 = CARTESIAN_POINT ( 'NONE',  ( 29.08955319026896547, 7.498072035202402397, -37.52236831403445905 ) ) ;
#4332 = CARTESIAN_POINT ( 'NONE',  ( 29.52468962283830578, -4.336808689942017736E-16, -105.0437701680720579 ) ) ;
#4333 = CARTESIAN_POINT ( 'NONE',  ( 2.525652558447663232, 32.96535145375024456, -69.41960546604359195 ) ) ;
#4334 = CARTESIAN_POINT ( 'NONE',  ( -18.84999643441695127, 50.10999999999998522, -85.15000000000063096 ) ) ;
#4335 = VECTOR ( 'NONE', #2981, 1000.000000000000000 ) ;
#4336 = TOROIDAL_SURFACE ( 'NONE', #6678, 5.500000000000000000, 1.500000000000000000 ) ;
#4337 = CARTESIAN_POINT ( 'NONE',  ( 26.08944185014172135, 7.320766647586260056, -66.72126891438333018 ) ) ;
#4338 = DIRECTION ( 'NONE',  ( 0.7071067811865493491, -0.7071067811865455743, 0.000000000000000000 ) ) ;
#4339 = ORIENTED_EDGE ( 'NONE', *, *, #7321, .F. ) ;
#4340 = CARTESIAN_POINT ( 'NONE',  ( -15.15359116608304646, 26.50000000000000000, -101.0122362327004879 ) ) ;
#4341 = CARTESIAN_POINT ( 'NONE',  ( 2.230544959825343287, 32.50000000000000000, -72.04276008957501176 ) ) ;
#4342 = CARTESIAN_POINT ( 'NONE',  ( -13.76981726842001663, 3.000000000000000444, -9.506373294941953489 ) ) ;
#4343 = CARTESIAN_POINT ( 'NONE',  ( -25.55628298558568900, -0.000000000000000000, -82.56558054788149548 ) ) ;
#4344 = ORIENTED_EDGE ( 'NONE', *, *, #4050, .T. ) ;
#4345 = DIRECTION ( 'NONE',  ( 1.000000000000000000, 0.000000000000000000, 0.000000000000000000 ) ) ;
#4346 = VECTOR ( 'NONE', #732, 1000.000000000000000 ) ;
#4347 = CARTESIAN_POINT ( 'NONE',  ( -18.00256550976676451, 32.75562284260670509, -87.34545279818874519 ) ) ;
#4348 = CARTESIAN_POINT ( 'NONE',  ( 27.00496150448717714, 18.21232674401632678, -103.1255326850270109 ) ) ;
#4349 = CARTESIAN_POINT ( 'NONE',  ( -18.72844450866560351, 3.000000000001474376, -133.5137681978985995 ) ) ;
#4350 = CARTESIAN_POINT ( 'NONE',  ( 6.832737074773493013, 3.000000000000000444, -136.0782754966496100 ) ) ;
#4351 = VERTEX_POINT ( 'NONE', #6438 ) ;
#4352 = CARTESIAN_POINT ( 'NONE',  ( -23.82233693735978974, 7.500153146285900796, -129.0299457770304912 ) ) ;
#4353 = EDGE_CURVE ( 'NONE', #322, #2289, #6060, .T. ) ;
#4354 = CARTESIAN_POINT ( 'NONE',  ( -14.01977853829114551, 26.50000000000001066, -84.85190061814435580 ) ) ;
#4355 = CARTESIAN_POINT ( 'NONE',  ( -32.67240231783046056, 7.223660546406038385, -104.0523427781434833 ) ) ;
#4356 = CARTESIAN_POINT ( 'NONE',  ( 29.17386909020575203, 7.287649025319553608, -35.30565951798688928 ) ) ;
#4357 = CARTESIAN_POINT ( 'NONE',  ( -13.43772068784080531, 32.49999999999999289, -77.18906109300303342 ) ) ;
#4358 = ORIENTED_EDGE ( 'NONE', *, *, #7639, .F. ) ;
#4359 = CARTESIAN_POINT ( 'NONE',  ( -0.5646742373704959350, 32.50000000000000000, -71.73478972478770288 ) ) ;
#4360 = CARTESIAN_POINT ( 'NONE',  ( -25.45999143480345595, -5.573854582726973335E-13, -20.70966002593220523 ) ) ;
#4361 = CARTESIAN_POINT ( 'NONE',  ( -19.22194477181319172, 2.999999999999999556, -129.2491425548952293 ) ) ;
#4362 = CARTESIAN_POINT ( 'NONE',  ( 25.49213638581388253, -0.000000000000000000, -43.72862556767138642 ) ) ;
#4363 = CARTESIAN_POINT ( 'NONE',  ( 18.27184381594201668, 32.70663066423568921, -101.4380768760549358 ) ) ;
#4364 = CARTESIAN_POINT ( 'NONE',  ( -16.42724464093893744, -1.301042606982605321E-15, -12.25488014896736644 ) ) ;
#4365 = CARTESIAN_POINT ( 'NONE',  ( -31.10078185153589203, 7.201623206449667691, -93.31240612206956087 ) ) ;
#4366 = CARTESIAN_POINT ( 'NONE',  ( 4.205407775320782804, 25.00000000000000355, -72.83913158667107268 ) ) ;
#4367 = CARTESIAN_POINT ( 'NONE',  ( 15.68438775212086966, 25.00000000000005684, -98.18867463220058767 ) ) ;
#4368 = CARTESIAN_POINT ( 'NONE',  ( 26.62361270083451004, 7.498736687061961170, -55.42675819952581406 ) ) ;
#4369 = CARTESIAN_POINT ( 'NONE',  ( 11.63338444988362141, 3.000000000000000000, -137.5557474310187445 ) ) ;
#4370 = CARTESIAN_POINT ( 'NONE',  ( 28.35935139494494095, 7.500000000000001776, -29.10304373251589638 ) ) ;
#4371 = CARTESIAN_POINT ( 'NONE',  ( 2.838265582630339345E-05, 0.000000000000000000, -143.2386964809516314 ) ) ;
#4372 = CARTESIAN_POINT ( 'NONE',  ( 31.01278682739719628, 7.500000000000000000, -93.36949870791158901 ) ) ;
#4373 = CARTESIAN_POINT ( 'NONE',  ( -28.91457535457960759, 2.999999999999999556, -40.44920064749339872 ) ) ;
#4374 = ORIENTED_EDGE ( 'NONE', *, *, #3522, .T. ) ;
#4375 = FACE_OUTER_BOUND ( 'NONE', #1978, .T. ) ;
#4376 = CARTESIAN_POINT ( 'NONE',  ( -12.29846054588829496, 24.99999999999638689, -108.3039582764738213 ) ) ;
#4377 = CARTESIAN_POINT ( 'NONE',  ( -29.55206790833245378, 0.000000000000000000, -107.7387389698696438 ) ) ;
#4378 = ORIENTED_EDGE ( 'NONE', *, *, #3781, .F. ) ;
#4379 = FACE_OUTER_BOUND ( 'NONE', #5664, .T. ) ;
#4380 = CARTESIAN_POINT ( 'NONE',  ( -29.17391028324304969, 7.287649025319570484, -35.30754763342252289 ) ) ;
#4381 = FACE_OUTER_BOUND ( 'NONE', #6235, .T. ) ;
#4382 = CARTESIAN_POINT ( 'NONE',  ( -16.40852109676371740, 2.999999999999264144, -135.0280113002108067 ) ) ;
#4383 = CARTESIAN_POINT ( 'NONE',  ( -14.22969210347931934, 25.00000000000000000, -91.86168806515549079 ) ) ;
#4384 = ORIENTED_EDGE ( 'NONE', *, *, #7226, .F. ) ;
#4385 = CARTESIAN_POINT ( 'NONE',  ( -26.14547770057961884, 7.497930178957970426, -59.68582370430284101 ) ) ;
#4386 = CARTESIAN_POINT ( 'NONE',  ( 15.67499646296015570, 26.50000000000000355, -91.36303240319273300 ) ) ;
#4387 = LINE ( 'NONE', #5002, #6913 ) ;
#4388 = CARTESIAN_POINT ( 'NONE',  ( -11.29178204102872130, 32.66277043146750714, -114.9510950807518128 ) ) ;
#4389 =( BOUNDED_CURVE ( )  B_SPLINE_CURVE ( 3, ( #6362, #1072, #4630, #7496 ),
 .UNSPECIFIED., .F., .F. ) 
 B_SPLINE_CURVE_WITH_KNOTS ( ( 4, 4 ),
 ( 1.570796326794896558, 3.141592653589793116 ),
 .UNSPECIFIED. ) 
 CURVE ( )  GEOMETRIC_REPRESENTATION_ITEM ( )  RATIONAL_B_SPLINE_CURVE ( ( 1.000000000000000000, 0.8047378541243649375, 0.8047378541243649375, 1.000000000000000000 ) ) 
 REPRESENTATION_ITEM ( '' )  );
#4390 = ADVANCED_FACE ( 'NONE', ( #4328 ), #7436, .F. ) ;
#4391 = CARTESIAN_POINT ( 'NONE',  ( 13.95815460165194821, 32.78534038807411832, -78.38227164890594167 ) ) ;
#4392 = CARTESIAN_POINT ( 'NONE',  ( -14.58884669790549005, 32.64120818627810650, -79.17741966550990185 ) ) ;
#4393 = ORIENTED_EDGE ( 'NONE', *, *, #6703, .F. ) ;
#4394 = CARTESIAN_POINT ( 'NONE',  ( -10.17274607355135352, 32.50000000000000000, -78.07542919178092689 ) ) ;
#4395 = CARTESIAN_POINT ( 'NONE',  ( -28.97057758686090878, 2.999999999999999112, -33.67874321292068629 ) ) ;
#4396 = CARTESIAN_POINT ( 'NONE',  ( -13.21110181442945830, 2.999999999999999556, -133.4153068643611562 ) ) ;
#4397 = CARTESIAN_POINT ( 'NONE',  ( 24.24298976579306242, 0.000000000000000000, -51.38892669717745321 ) ) ;
#4398 = CARTESIAN_POINT ( 'NONE',  ( 29.90644780605146380, 7.344992219080508811, -88.04304175594415938 ) ) ;
#4399 = CARTESIAN_POINT ( 'NONE',  ( -19.57605730643379260, -4.770489558936219510E-15, -16.33664513928139073 ) ) ;
#4400 = CARTESIAN_POINT ( 'NONE',  ( -24.38034219435677485, 19.89074656563737165, -120.1776588657792644 ) ) ;
#4401 = CARTESIAN_POINT ( 'NONE',  ( 7.532562902811603678, 25.00000000000000711, -75.17002186064594582 ) ) ;
#4402 = CARTESIAN_POINT ( 'NONE',  ( -13.29337604632504366, 25.00000000000000711, -87.44575699444972372 ) ) ;
#4403 = FACE_OUTER_BOUND ( 'NONE', #3441, .T. ) ;
#4404 = CARTESIAN_POINT ( 'NONE',  ( 26.00909212168757989, 7.503140784141790753, -62.10846393771962681 ) ) ;
#4405 = CARTESIAN_POINT ( 'NONE',  ( -28.46191518158284239, 8.673617379884035472E-16, -115.5526621900927751 ) ) ;
#4406 = CARTESIAN_POINT ( 'NONE',  ( -5.500000000000012434, 0.000000000000000000, 3.505164520914077112E-15 ) ) ;
#4407 = CARTESIAN_POINT ( 'NONE',  ( 17.87863519808199086, 30.48011771350698851, -23.86947972513913641 ) ) ;
#4408 = DIRECTION ( 'NONE',  ( -1.000000000000000000, 0.000000000000000000, 0.000000000000000000 ) ) ;
#4409 = CARTESIAN_POINT ( 'NONE',  ( 17.73126238003369792, 32.59967523116698374, -103.5373404640404402 ) ) ;
#4410 = CARTESIAN_POINT ( 'NONE',  ( -18.84999643441695483, 50.10999999999987864, -95.99999944210871661 ) ) ;
#4411 = EDGE_LOOP ( 'NONE', ( #2059, #161, #3146, #3246 ) ) ;
#4412 = FACE_OUTER_BOUND ( 'NONE', #5650, .T. ) ;
#4413 = CARTESIAN_POINT ( 'NONE',  ( -15.24209004738948181, 25.00000000000179057, -100.6377854854578544 ) ) ;
#4414 = CARTESIAN_POINT ( 'NONE',  ( -29.33657302759072749, -0.000000000000000000, -102.4642915981606848 ) ) ;
#4415 = ORIENTED_EDGE ( 'NONE', *, *, #6501, .F. ) ;
#4416 = CARTESIAN_POINT ( 'NONE',  ( 2.408279215507851593E-15, 23.50000000000000000, -89.30960127224460621 ) ) ;
#4417 = CARTESIAN_POINT ( 'NONE',  ( -16.06837238132933621, 32.90957138221271094, -82.31639523104094280 ) ) ;
#4418 = CARTESIAN_POINT ( 'NONE',  ( 0.004510534635092599241, 32.50000000000000000, -121.0596002960953115 ) ) ;
#4419 = CARTESIAN_POINT ( 'NONE',  ( -20.19522021493882136, 2.999999999999998224, -132.3956909740370236 ) ) ;
#4420 = DIRECTION ( 'NONE',  ( -0.000000000000000000, -0.000000000000000000, 1.000000000000000000 ) ) ;
#4421 = ORIENTED_EDGE ( 'NONE', *, *, #2163, .T. ) ;
#4422 = CARTESIAN_POINT ( 'NONE',  ( -30.07796462087846834, 7.499948252775605617, -119.8631577351000601 ) ) ;
#4423 = CARTESIAN_POINT ( 'NONE',  ( -12.30714314923220698, 26.50000000000000000, -81.36289431426422425 ) ) ;
#4424 = FACE_OUTER_BOUND ( 'NONE', #4411, .T. ) ;
#4425 = CARTESIAN_POINT ( 'NONE',  ( -24.07122010855798777, 7.383533714069138831, -129.0034952238499670 ) ) ;
#4426 = CARTESIAN_POINT ( 'NONE',  ( 28.86186130330266053, 7.284413384135498326, -31.70053412553727767 ) ) ;
#4427 = CARTESIAN_POINT ( 'NONE',  ( -18.82256812417017500, 18.37423821415240255, -64.48257598141876201 ) ) ;
#4428 = ORIENTED_EDGE ( 'NONE', *, *, #707, .F. ) ;
#4429 = CARTESIAN_POINT ( 'NONE',  ( 4.000000000000000000, 5.000000000000000000, -83.33717174866055188 ) ) ;
#4430 = CARTESIAN_POINT ( 'NONE',  ( -28.73152104314153732, 2.999999999999259703, -31.33456586896047469 ) ) ;
#4431 = CARTESIAN_POINT ( 'NONE',  ( -5.067204670690323987, 3.000000000000000888, -136.4575648459350532 ) ) ;
#4432 = CARTESIAN_POINT ( 'NONE',  ( 25.48262158984455183, -0.000000000000000000, -43.79710753471223228 ) ) ;
#4433 = CARTESIAN_POINT ( 'NONE',  ( 16.08797614453499136, 32.68556581774976166, -107.6404820001262976 ) ) ;
#4434 = ADVANCED_FACE ( 'NONE', ( #142 ), #5945, .F. ) ;
#4435 = CARTESIAN_POINT ( 'NONE',  ( -7.110761590702364465, -1.301042606982605321E-15, -4.778662637513770406 ) ) ;
#4436 = CARTESIAN_POINT ( 'NONE',  ( -12.68761590429444475, 32.66772335571207009, -113.2627110074676295 ) ) ;
#4437 = CARTESIAN_POINT ( 'NONE',  ( 6.185840558777921494, 25.00000000000000355, -74.10185929899596147 ) ) ;
#4438 = CARTESIAN_POINT ( 'NONE',  ( -12.97467184841827681, 25.00000000000000355, -86.47413506522867976 ) ) ;
#4439 = CARTESIAN_POINT ( 'NONE',  ( 15.70667665214052100, 25.00000000000000000, -98.02726378013471731 ) ) ;
#4440 = CARTESIAN_POINT ( 'NONE',  ( 26.54395369297549223, 7.499548730557755505, -23.13876361824339867 ) ) ;
#4441 = DIRECTION ( 'NONE',  ( -0.000000000000000000, -1.000000000000000000, -0.000000000000000000 ) ) ;
#4442 = CARTESIAN_POINT ( 'NONE',  ( 18.14615076966599005, 1.865429854826526600E-13, -133.8865017178589767 ) ) ;
#4443 = VECTOR ( 'NONE', #1621, 1000.000000000000000 ) ;
#4444 = CARTESIAN_POINT ( 'NONE',  ( 27.68586838593901334, 7.499999999999994671, -26.47753952710739256 ) ) ;
#4445 = CARTESIAN_POINT ( 'NONE',  ( 21.00522649008456000, 23.62966719607564059, -111.1285441378902732 ) ) ;
#4446 = VECTOR ( 'NONE', #7360, 1000.000000000000000 ) ;
#4447 = CARTESIAN_POINT ( 'NONE',  ( -32.44472917728266026, 2.999999999999999556, -110.1640200731874302 ) ) ;
#4448 = ORIENTED_EDGE ( 'NONE', *, *, #4580, .T. ) ;
#4449 = CARTESIAN_POINT ( 'NONE',  ( 15.67499646296015570, 32.50000000000000000, -91.36303240319273300 ) ) ;
#4450 = CARTESIAN_POINT ( 'NONE',  ( -13.28879830534720696, 25.00000000000183320, -106.3293566225214164 ) ) ;
#4451 = CARTESIAN_POINT ( 'NONE',  ( -29.49272069760515436, -0.000000000000000000, -109.5147489012138209 ) ) ;
#4452 = ORIENTED_EDGE ( 'NONE', *, *, #750, .F. ) ;
#4453 = CARTESIAN_POINT ( 'NONE',  ( 24.93099257224412568, 3.000000000000738520, -19.55660164038132720 ) ) ;
#4454 = AXIS2_PLACEMENT_3D ( 'NONE', #2478, #3023, #82 ) ;
#4455 = CARTESIAN_POINT ( 'NONE',  ( -17.97259914324249763, 32.88343426391004698, -87.43545788306407474 ) ) ;
#4456 = AXIS2_PLACEMENT_3D ( 'NONE', #1079, #1662, #7619 ) ;
#4457 = CARTESIAN_POINT ( 'NONE',  ( 0.9159972159845182205, 3.000000000000002665, -139.9844285048427537 ) ) ;
#4458 = AXIS2_PLACEMENT_3D ( 'NONE', #5065, #5687, #2736 ) ;
#4459 = CARTESIAN_POINT ( 'NONE',  ( -30.83292161288107991, 3.000000000001464606, -92.39379855476076386 ) ) ;
#4460 = CARTESIAN_POINT ( 'NONE',  ( 24.90551281462709454, 19.04215566562020712, -85.15000000000063096 ) ) ;
#4461 = CARTESIAN_POINT ( 'NONE',  ( -23.35047660484552168, 0.000000000000000000, -23.33464498515446195 ) ) ;
#4462 = EDGE_LOOP ( 'NONE', ( #429, #4569, #2919, #6920 ) ) ;
#4463 = CARTESIAN_POINT ( 'NONE',  ( -29.20462458467682509, 7.500341609475905003, -85.22187869323410325 ) ) ;
#4464 = CARTESIAN_POINT ( 'NONE',  ( -5.772430609171357752, 26.50000000000000000, -73.79490120182222768 ) ) ;
#4465 = CARTESIAN_POINT ( 'NONE',  ( 18.84999643441695127, 50.10999999999998522, -87.75000187310008926 ) ) ;
#4466 = CARTESIAN_POINT ( 'NONE',  ( -13.89103626338688002, 32.75982001604703697, -111.4448724753927991 ) ) ;
#4467 = ADVANCED_FACE ( 'NONE', ( #5639 ), #7423, .T. ) ;
#4468 = CARTESIAN_POINT ( 'NONE',  ( 20.95993285519066163, 19.60710257341189688, -76.17614724589238051 ) ) ;
#4469 = CARTESIAN_POINT ( 'NONE',  ( -15.22921405522662397, 32.91755275110079282, -80.69835721772933823 ) ) ;
#4470 = ORIENTED_EDGE ( 'NONE', *, *, #2898, .F. ) ;
#4471 = CARTESIAN_POINT ( 'NONE',  ( 3.331880677443558396E-14, 7.500000000000000000, 7.806255641895619303E-15 ) ) ;
#4472 = CARTESIAN_POINT ( 'NONE',  ( -28.84993951842557180, -1.301042606982605321E-15, -32.26947667873881898 ) ) ;
#4473 = CARTESIAN_POINT ( 'NONE',  ( -8.753785560840805502, 3.000000000000000444, -135.4198191112429583 ) ) ;
#4474 = CARTESIAN_POINT ( 'NONE',  ( 25.81772693216168690, 0.000000000000000000, -41.02864305964997982 ) ) ;
#4475 = CARTESIAN_POINT ( 'NONE',  ( 28.73207694447829397, 7.178059470652175200, -82.72291567069319740 ) ) ;
#4476 = CARTESIAN_POINT ( 'NONE',  ( -6.333528685100054290, 3.000000000000000000, -4.414687688619252981 ) ) ;
#4477 = CARTESIAN_POINT ( 'NONE',  ( -15.14364320487936055, 32.58959036131965092, -109.6088861055542907 ) ) ;
#4478 = CARTESIAN_POINT ( 'NONE',  ( 9.814923196071790201, 26.50000000000000355, -77.64933882685355115 ) ) ;
#4479 = CARTESIAN_POINT ( 'NONE',  ( -3.999999999999999112, 5.000000000000000000, -91.03468405460924373 ) ) ;
#4480 = DIRECTION ( 'NONE',  ( 0.000000000000000000, 0.000000000000000000, -1.000000000000000000 ) ) ;
#4481 = CARTESIAN_POINT ( 'NONE',  ( 20.55000000000000782, 0.1000000000000000056, -42.23717174866054336 ) ) ;
#4482 = CARTESIAN_POINT ( 'NONE',  ( 0.4655873535253944318, 7.499993452416627626, -5.994826979797843527E-13 ) ) ;
#4483 = CARTESIAN_POINT ( 'NONE',  ( 8.057502339319384532, 32.95584840331708421, -72.10166162530039458 ) ) ;
#4484 = ADVANCED_FACE ( 'NONE', ( #4979 ), #6136, .T. ) ;
#4485 = CARTESIAN_POINT ( 'NONE',  ( 13.95144337230298248, 32.67321334403134614, -111.4704268687434592 ) ) ;
#4486 = EDGE_CURVE ( 'NONE', #6091, #5343, #2899, .T. ) ;
#4487 = CARTESIAN_POINT ( 'NONE',  ( -27.69781994353171939, 3.000000000000001776, -26.48120651119660351 ) ) ;
#4488 = EDGE_LOOP ( 'NONE', ( #1743, #1417, #1132, #6648 ) ) ;
#4489 = CARTESIAN_POINT ( 'NONE',  ( 18.84999643441695127, 50.10999999999998522, -86.57500187310009210 ) ) ;
#4490 = CARTESIAN_POINT ( 'NONE',  ( -15.62167200388740618, 25.00000000000000000, -98.62573181316003001 ) ) ;
#4491 = CARTESIAN_POINT ( 'NONE',  ( -28.22904624919633321, -0.000000000000000000, -94.91545968174710879 ) ) ;
#4492 = ORIENTED_EDGE ( 'NONE', *, *, #4863, .T. ) ;
#4493 = CARTESIAN_POINT ( 'NONE',  ( -26.58602130533818908, 7.276980154388299482, -22.96853202451070786 ) ) ;
#4494 = EDGE_CURVE ( 'NONE', #5152, #4759, #2005, .T. ) ;
#4495 = CARTESIAN_POINT ( 'NONE',  ( -4.353636838115725993, 2.999999999999998668, -3.692205035936754864 ) ) ;
#4496 = CARTESIAN_POINT ( 'NONE',  ( -26.23331237386818415, -7.216416352960063171E-13, -69.50079663912167405 ) ) ;
#4497 = CARTESIAN_POINT ( 'NONE',  ( 22.02499643441695198, 50.10999999999998522, -85.15000000000063096 ) ) ;
#4498 = CARTESIAN_POINT ( 'NONE',  ( 18.84999643441695127, 50.10999999999998522, -102.9249981269010163 ) ) ;
#4499 = ORIENTED_EDGE ( 'NONE', *, *, #1644, .F. ) ;
#4500 = CARTESIAN_POINT ( 'NONE',  ( -28.59127260229940504, 7.498302842883161290, -30.44564619404914652 ) ) ;
#4501 = DIRECTION ( 'NONE',  ( 0.000000000000000000, 0.000000000000000000, 1.000000000000000000 ) ) ;
#4502 = CARTESIAN_POINT ( 'NONE',  ( 18.84999643441695127, 34.00000000000000000, -104.3500000000004775 ) ) ;
#4503 = B_SPLINE_CURVE_WITH_KNOTS ( 'NONE', 3,
 ( #3837, #2622, #1327, #4993 ),
 .UNSPECIFIED., .F., .F.,
 ( 4, 4 ),
 ( 0.000000000000000000, 0.0004107243745832476188 ),
 .UNSPECIFIED. ) ;
#4504 = CARTESIAN_POINT ( 'NONE',  ( -17.77567928088603821, 32.49999999999997868, -103.5214585466808757 ) ) ;
#4505 = CARTESIAN_POINT ( 'NONE',  ( 18.48240786017269244, 32.87237969503888024, -89.55878577327996481 ) ) ;
#4506 = CARTESIAN_POINT ( 'NONE',  ( -18.67332932316328353, 6.801724292768201785, -9.680273828434877714 ) ) ;
#4507 = ORIENTED_EDGE ( 'NONE', *, *, #27, .F. ) ;
#4508 = CARTESIAN_POINT ( 'NONE',  ( 3.441606731466148705, 3.000000000000000444, -136.7526925289108704 ) ) ;
#4509 = CARTESIAN_POINT ( 'NONE',  ( -0.1387933960884231155, 9.253673497121627392E-14, 0.008084400227603963721 ) ) ;
#4510 = CARTESIAN_POINT ( 'NONE',  ( -19.71032721018014655, 28.16627209493642070, -104.3500000000004775 ) ) ;
#4511 = CARTESIAN_POINT ( 'NONE',  ( 15.14401615199653861, 32.58959036131964382, -109.6081951341226386 ) ) ;
#4512 = CARTESIAN_POINT ( 'NONE',  ( -26.31054289256034551, 19.24129105891738689, -104.1405014802973170 ) ) ;
#4513 = CARTESIAN_POINT ( 'NONE',  ( -19.00294939324463783, 32.84968873788227484, -93.88502529992344137 ) ) ;
#4514 = CARTESIAN_POINT ( 'NONE',  ( -13.72969581132466033, 24.99999999999820233, -84.25130134819852401 ) ) ;
#4515 = DIRECTION ( 'NONE',  ( -0.000000000000000000, -1.000000000000000000, -0.000000000000000000 ) ) ;
#4516 = LINE ( 'NONE', #4481, #1725 ) ;
#4517 = CARTESIAN_POINT ( 'NONE',  ( 25.98990105460114108, 7.498092963395540878, -64.32285149031089588 ) ) ;
#4518 = CARTESIAN_POINT ( 'NONE',  ( 28.96037465325584392, -0.000000000000000000, -113.4441513322410913 ) ) ;
#4519 = CARTESIAN_POINT ( 'NONE',  ( 13.86654793325907420, 17.63865540555268652, -56.29358162767616136 ) ) ;
#4520 = CARTESIAN_POINT ( 'NONE',  ( 18.59263102541745738, 24.19686357861037251, -116.9953142949316316 ) ) ;
#4521 = CARTESIAN_POINT ( 'NONE',  ( -27.06311560317754683, 3.000000000000000888, -52.65054653576182631 ) ) ;
#4522 = CARTESIAN_POINT ( 'NONE',  ( 27.02499643441694133, 17.74358160462985978, -97.33796225784847422 ) ) ;
#4523 = CARTESIAN_POINT ( 'NONE',  ( -15.62167200392695321, 26.50000000000000355, -98.62573181316629700 ) ) ;
#4524 = CARTESIAN_POINT ( 'NONE',  ( -1.361544875404934629, -8.673617379884035472E-16, -3.042271256150956837 ) ) ;
#4525 = ORIENTED_EDGE ( 'NONE', *, *, #1117, .F. ) ;
#4526 = CARTESIAN_POINT ( 'NONE',  ( 26.43850233935166116, 2.999999999999263256, -22.88385036097341185 ) ) ;
#4527 = CARTESIAN_POINT ( 'NONE',  ( -24.68628943112469898, 7.500000000000010658, -18.92757285239159160 ) ) ;
#4528 = EDGE_CURVE ( 'NONE', #3681, #1215, #5299, .T. ) ;
#4529 = CARTESIAN_POINT ( 'NONE',  ( 22.02499643441695198, 50.10999999999998522, -94.75000000000055422 ) ) ;
#4530 = CARTESIAN_POINT ( 'NONE',  ( -32.56764099655307376, -5.564010072281894484E-13, -107.2675119710181235 ) ) ;
#4531 = DIRECTION ( 'NONE',  ( 0.000000000000000000, -1.000000000000000000, 0.000000000000000000 ) ) ;
#4532 = CARTESIAN_POINT ( 'NONE',  ( -26.05408044496517306, -0.000000000000000000, -37.30329938778011467 ) ) ;
#4533 = VERTEX_POINT ( 'NONE', #2040 ) ;
#4534 = CARTESIAN_POINT ( 'NONE',  ( 22.02499643441695198, 50.10999999999998522, -101.7499981269010192 ) ) ;
#4535 = DIRECTION ( 'NONE',  ( 1.000000000000000000, -0.000000000000000000, -0.000000000000000000 ) ) ;
#4536 = LINE ( 'NONE', #6343, #7652 ) ;
#4537 = CARTESIAN_POINT ( 'NONE',  ( -19.10593628985245473, 32.50000000000001421, -95.17783837151563375 ) ) ;
#4538 = CARTESIAN_POINT ( 'NONE',  ( 26.96372780460758989, 7.499999999999987566, -53.28246274389321258 ) ) ;
#4539 = CARTESIAN_POINT ( 'NONE',  ( -11.63105841749304936, 17.45549824035918363, -53.95497880512014888 ) ) ;
#4540 = EDGE_LOOP ( 'NONE', ( #5493, #3182 ) ) ;
#4541 = CARTESIAN_POINT ( 'NONE',  ( -1.309339870683365326E-10, 2.999999999999999556, -136.9999975436207933 ) ) ;
#4542 = CARTESIAN_POINT ( 'NONE',  ( -9.773669647706649144, -1.122298691298733081E-12, -2.792385160721885917 ) ) ;
#4543 = LINE ( 'NONE', #5118, #2219 ) ;
#4544 = CARTESIAN_POINT ( 'NONE',  ( 27.56590583084546253, 7.260103247113154801, -124.7989507741555997 ) ) ;
#4545 = CARTESIAN_POINT ( 'NONE',  ( 2.717579936953858688, 7.023607291477384607, 0.08343649699152901056 ) ) ;
#4546 = CARTESIAN_POINT ( 'NONE',  ( -19.08020130467055964, 32.61401683108806537, -95.23134545316653998 ) ) ;
#4547 = CARTESIAN_POINT ( 'NONE',  ( 15.52060267947522476, 32.50000000000000000, -99.37476672774906206 ) ) ;
#4548 = LINE ( 'NONE', #7568, #2584 ) ;
#4549 = CARTESIAN_POINT ( 'NONE',  ( 4.000000000000004441, 5.000000000000000888, -91.38225204036062621 ) ) ;
#4550 = CARTESIAN_POINT ( 'NONE',  ( 30.44293113240088289, 7.499964600896283251, -90.56617199787638128 ) ) ;
#4551 = CARTESIAN_POINT ( 'NONE',  ( 25.97214302377929229, -0.000000000000000000, -84.44775285582647939 ) ) ;
#4552 = CARTESIAN_POINT ( 'NONE',  ( 29.06292294985417612, 7.291902263731077305, -39.83180682416541174 ) ) ;
#4553 = CARTESIAN_POINT ( 'NONE',  ( 15.54559674479168940, 7.388876099513100648, -135.7194809724811364 ) ) ;
#4554 = LINE ( 'NONE', #3427, #102 ) ;
#4555 = AXIS2_PLACEMENT_3D ( 'NONE', #746, #6658, #5420 ) ;
#4556 = CARTESIAN_POINT ( 'NONE',  ( -5.714437366864244083, 25.00000000000136779, -115.8558047743718333 ) ) ;
#4557 = DIRECTION ( 'NONE',  ( -0.000000000000000000, 1.000000000000000000, -0.000000000000000000 ) ) ;
#4558 = VERTEX_POINT ( 'NONE', #6758 ) ;
#4559 = CARTESIAN_POINT ( 'NONE',  ( 25.18585343790161701, 0.000000000000000000, -45.82908931926266405 ) ) ;
#4560 = CARTESIAN_POINT ( 'NONE',  ( -8.162018466050826149, 32.49999999999997868, -71.56754828160089232 ) ) ;
#4561 = AXIS2_PLACEMENT_3D ( 'NONE', #2776, #4531, #5142 ) ;
#4562 = CIRCLE ( 'NONE', #2699, 1.500000000000001332 ) ;
#4563 = DIRECTION ( 'NONE',  ( 0.000000000000000000, -1.000000000000000000, 0.000000000000000000 ) ) ;
#4564 = ADVANCED_FACE ( 'NONE', ( #7305 ), #6720, .F. ) ;
#4565 = CARTESIAN_POINT ( 'NONE',  ( -30.71404444911834020, 3.000000000000734079, -118.2910971013066330 ) ) ;
#4566 = CARTESIAN_POINT ( 'NONE',  ( 28.52459992965831859, 0.000000000000000000, -115.2649334826527792 ) ) ;
#4567 = ADVANCED_FACE ( 'NONE', ( #1538 ), #295, .F. ) ;
#4568 = CARTESIAN_POINT ( 'NONE',  ( -23.91535813343051231, -0.000000000000000000, -24.71248716543495760 ) ) ;
#4569 = ORIENTED_EDGE ( 'NONE', *, *, #6455, .F. ) ;
#4570 = CARTESIAN_POINT ( 'NONE',  ( -15.67499646072121067, 32.50000000000000000, -91.36251844068718242 ) ) ;
#4571 = AXIS2_PLACEMENT_3D ( 'NONE', #6210, #3311, #3786 ) ;
#4572 = VECTOR ( 'NONE', #2557, 1000.000000000000000 ) ;
#4573 = DIRECTION ( 'NONE',  ( -1.000000000000000000, 0.000000000000000000, -0.000000000000000000 ) ) ;
#4574 = FACE_BOUND ( 'NONE', #7172, .T. ) ;
#4575 = CARTESIAN_POINT ( 'NONE',  ( -16.90655299127805122, 32.78846343336503111, -105.6311611381686646 ) ) ;
#4576 = CIRCLE ( 'NONE', #1985, 35.50515546662079203 ) ;
#4577 = EDGE_CURVE ( 'NONE', #2674, #1557, #5692, .T. ) ;
#4578 = VECTOR ( 'NONE', #4919, 1000.000000000000000 ) ;
#4579 = CARTESIAN_POINT ( 'NONE',  ( 17.62270848393490397, 32.63021826400852632, -85.84645110942484791 ) ) ;
#4580 = EDGE_CURVE ( 'NONE', #71, #3377, #6388, .T. ) ;
#4581 = CARTESIAN_POINT ( 'NONE',  ( -6.291672177254202580, 32.65344131242438408, -70.52443771654797899 ) ) ;
#4582 = ORIENTED_EDGE ( 'NONE', *, *, #842, .F. ) ;
#4583 = CARTESIAN_POINT ( 'NONE',  ( 15.63307587005991195, 2.999999999999999556, -131.9719787392569970 ) ) ;
#4584 = CARTESIAN_POINT ( 'NONE',  ( -12.59286796463828217, 1.867549156231254869E-13, -4.632034277602623540 ) ) ;
#4585 = CARTESIAN_POINT ( 'NONE',  ( -22.02499643441694843, 38.11000187309952025, -102.8500000000004775 ) ) ;
#4586 = CIRCLE ( 'NONE', #4458, 1.500000000000001332 ) ;
#4587 = CARTESIAN_POINT ( 'NONE',  ( 9.759060219011784554, 32.65841424508369784, -116.5172790450569096 ) ) ;
#4588 = CARTESIAN_POINT ( 'NONE',  ( -0.0001138331982374475408, 7.023480091823953053, 0.2378029341013553066 ) ) ;
#4589 = CARTESIAN_POINT ( 'NONE',  ( -17.64198894973102583, 32.79902569350102937, -103.5706005879605982 ) ) ;
#4590 = CARTESIAN_POINT ( 'NONE',  ( 4.311488157231075924, 26.50000000000000355, -116.7210210453906711 ) ) ;
#4591 = DIRECTION ( 'NONE',  ( -0.000000000000000000, -0.000000000000000000, 1.000000000000000000 ) ) ;
#4592 = LINE ( 'NONE', #1033, #6047 ) ;
#4593 = CARTESIAN_POINT ( 'NONE',  ( 4.464675428614205188, 7.499733443961654089, -139.6368759907467734 ) ) ;
#4594 = CARTESIAN_POINT ( 'NONE',  ( -0.4294677324743739755, 4.336808689942017736E-15, -136.9969517011771529 ) ) ;
#4595 = CARTESIAN_POINT ( 'NONE',  ( 27.62917252873763729, -0.000000000000000000, -91.95471580731040717 ) ) ;
#4596 = CARTESIAN_POINT ( 'NONE',  ( 18.06261569871289296, 32.50000000000000000, -87.16588294193584829 ) ) ;
#4597 = CARTESIAN_POINT ( 'NONE',  ( 22.10620320950324214, 19.49483764434318545, -124.3545026184271336 ) ) ;
#4598 = CARTESIAN_POINT ( 'NONE',  ( 1.734723475976807094E-15, 6.500000000000000888, -94.80960127224460621 ) ) ;
#4599 = CARTESIAN_POINT ( 'NONE',  ( 1.734723475976807094E-15, 25.00000000000000000, -94.80960127224460621 ) ) ;
#4600 = CARTESIAN_POINT ( 'NONE',  ( 3.132427285288830632, 24.99999999999998579, -117.2684465410715404 ) ) ;
#4601 = CARTESIAN_POINT ( 'NONE',  ( 26.14550843518265211, 2.999999999999630074, -59.70157725178918895 ) ) ;
#4602 = CARTESIAN_POINT ( 'NONE',  ( -11.26572761363202702, 32.94376446163610694, -75.05145350229297208 ) ) ;
#4603 = CARTESIAN_POINT ( 'NONE',  ( -27.02499643441695198, 17.74295735971041665, -97.33701800006096505 ) ) ;
#4604 = ORIENTED_EDGE ( 'NONE', *, *, #5935, .T. ) ;
#4605 = CARTESIAN_POINT ( 'NONE',  ( -32.00395108189527349, 3.000000000000000000, -99.25122434962672457 ) ) ;
#4606 = CARTESIAN_POINT ( 'NONE',  ( -10.17274607355135352, 32.50000000000000000, -78.07542919178092689 ) ) ;
#4607 = CARTESIAN_POINT ( 'NONE',  ( 4.024408897714363498, 3.000000000000000444, -3.593601770551761554 ) ) ;
#4608 = CARTESIAN_POINT ( 'NONE',  ( -24.95456902189425463, -0.000000000000000000, -47.20614631597609190 ) ) ;
#4609 = ORIENTED_EDGE ( 'NONE', *, *, #3627, .T. ) ;
#4610 = CARTESIAN_POINT ( 'NONE',  ( -3.549635975668274046, 7.500037911384688449, -0.3779330481647619200 ) ) ;
#4611 = DIRECTION ( 'NONE',  ( 0.000000000000000000, 0.000000000000000000, -1.000000000000000000 ) ) ;
#4612 = CARTESIAN_POINT ( 'NONE',  ( -18.70364495972222940, 32.71408988749561075, -99.28719215677942600 ) ) ;
#4613 = CARTESIAN_POINT ( 'NONE',  ( -18.63863776050087750, 7.034482861845470225, -9.782319569490688593 ) ) ;
#4614 = VERTEX_POINT ( 'NONE', #6945 ) ;
#4615 = CARTESIAN_POINT ( 'NONE',  ( 22.11532878124278056, 3.000000000000000444, -126.4625146318092419 ) ) ;
#4616 = CARTESIAN_POINT ( 'NONE',  ( -20.54999999999999005, 0.1000000000000000056, -83.33717174866055188 ) ) ;
#4617 = DIRECTION ( 'NONE',  ( 0.000000000000000000, 0.000000000000000000, 1.000000000000000000 ) ) ;
#4618 = CARTESIAN_POINT ( 'NONE',  ( 12.45028080110735758, 18.61239004868735236, -134.0697139250545149 ) ) ;
#4619 = ADVANCED_FACE ( 'NONE', ( #5160 ), #3499, .F. ) ;
#4620 = CARTESIAN_POINT ( 'NONE',  ( -25.84618161112728174, 19.89671921602158733, -104.3243963728956487 ) ) ;
#4621 = CARTESIAN_POINT ( 'NONE',  ( -18.67033007380725351, 32.82113483124341258, -99.32304097513353724 ) ) ;
#4622 = VERTEX_POINT ( 'NONE', #1763 ) ;
#4623 = CARTESIAN_POINT ( 'NONE',  ( -3.951523752279648694, 25.00000000000001066, -74.41375960671000200 ) ) ;
#4624 = EDGE_CURVE ( 'NONE', #5688, #4671, #5200, .T. ) ;
#4625 = DIRECTION ( 'NONE',  ( 0.000000000000000000, 0.000000000000000000, 1.000000000000000000 ) ) ;
#4626 = CARTESIAN_POINT ( 'NONE',  ( 32.39371728971126174, 7.500343610038201270, -102.9087007567264465 ) ) ;
#4627 = CARTESIAN_POINT ( 'NONE',  ( 26.53057707754052075, -0.000000000000000000, -86.93929542881349448 ) ) ;
#4628 = CARTESIAN_POINT ( 'NONE',  ( 27.66660891701656411, 6.905948508795665575, -49.55015829408795014 ) ) ;
#4629 = CARTESIAN_POINT ( 'NONE',  ( 11.23828627251983470, 32.74415564720128202, -114.9039095865385320 ) ) ;
#4630 = CARTESIAN_POINT ( 'NONE',  ( -22.02499643441695198, 38.11000187309951315, -103.7286796564408036 ) ) ;
#4631 = LINE ( 'NONE', #2913, #3079 ) ;
#4632 = CARTESIAN_POINT ( 'NONE',  ( 3.534702727954136758, 25.00000000000000000, -115.4359406261292094 ) ) ;
#4633 = LINE ( 'NONE', #3362, #377 ) ;
#4634 = ORIENTED_EDGE ( 'NONE', *, *, #451, .T. ) ;
#4635 = CARTESIAN_POINT ( 'NONE',  ( 25.96734966293265856, 7.317387253599579037E-13, -64.48525797874256682 ) ) ;
#4636 = CARTESIAN_POINT ( 'NONE',  ( -14.75299318649281588, 7.264856437420957214, -6.044247470439607639 ) ) ;
#4637 = UNCERTAINTY_MEASURE_WITH_UNIT (LENGTH_MEASURE( 1.000000000000000082E-05 ), #2834, 'distance_accuracy_value', 'NONE');
#4638 = CARTESIAN_POINT ( 'NONE',  ( 27.02499643441695198, 0.000000000000000000, 0.000000000000000000 ) ) ;
#4639 = ORIENTED_EDGE ( 'NONE', *, *, #6619, .T. ) ;
#4640 = CARTESIAN_POINT ( 'NONE',  ( -26.50067200325176842, 15.72238961638260513, -85.50676811510142272 ) ) ;
#4641 = CARTESIAN_POINT ( 'NONE',  ( -7.087689246243978225, 26.50000000000000355, -74.81542726603387905 ) ) ;
#4642 = CARTESIAN_POINT ( 'NONE',  ( 15.54267284182106401, 3.000000000000000000, -11.27049221683961555 ) ) ;
#4643 = ORIENTED_EDGE ( 'NONE', *, *, #6841, .T. ) ;
#4644 = DIRECTION ( 'NONE',  ( 0.000000000000000000, 0.000000000000000000, 1.000000000000000000 ) ) ;
#4645 = CARTESIAN_POINT ( 'NONE',  ( 4.000000000000000000, 0.1000000000000000056, -80.83717174866055188 ) ) ;
#4646 = CARTESIAN_POINT ( 'NONE',  ( 26.03390736802084149, 2.999999999999999556, -66.35992437982045544 ) ) ;
#4647 = CARTESIAN_POINT ( 'NONE',  ( -31.05665775084972324, 7.350811603224830293, -93.34033462220618560 ) ) ;
#4648 = CARTESIAN_POINT ( 'NONE',  ( -9.813347762682029796, 32.65009958040391069, -73.16025215983624719 ) ) ;
#4649 = CARTESIAN_POINT ( 'NONE',  ( -12.29424178273322354, 26.50000000000180123, -81.30824461406024284 ) ) ;
#4650 = PRODUCT ( 'Foot_V2', 'Foot_V2', '', ( #3501 ) ) ;
#4651 = VERTEX_POINT ( 'NONE', #3972 ) ;
#4652 = CARTESIAN_POINT ( 'NONE',  ( 8.751071377918151484, 2.999999999999999112, -135.4095403881416075 ) ) ;
#4653 = CARTESIAN_POINT ( 'NONE',  ( -1.721535296388745584, -1.864738873085806012E-13, -0.08357250165008496545 ) ) ;
#4654 = CARTESIAN_POINT ( 'NONE',  ( 22.02499643441695198, 50.10999999999998522, -87.75000187310008926 ) ) ;
#4655 = CARTESIAN_POINT ( 'NONE',  ( 9.806760443723975484, 32.57920712254184537, -116.5721669866785248 ) ) ;
#4656 = CARTESIAN_POINT ( 'NONE',  ( -0.0001149492099848734971, 6.785220137735930024, 0.3567044011520290048 ) ) ;
#4657 = CARTESIAN_POINT ( 'NONE',  ( -22.06877828749031423, 21.90149071804018632, -95.66610656421967462 ) ) ;
#4658 = VERTEX_POINT ( 'NONE', #2220 ) ;
#4659 = CARTESIAN_POINT ( 'NONE',  ( 12.83001777006976241, 26.50000000000000355, -107.2748966322269695 ) ) ;
#4660 = EDGE_CURVE ( 'NONE', #3060, #5260, #4548, .T. ) ;
#4661 = CARTESIAN_POINT ( 'NONE',  ( 20.48187180929809870, 2.999999999999999556, -17.80084442941944189 ) ) ;
#4662 = EDGE_CURVE ( 'NONE', #3604, #4533, #4192, .T. ) ;
#4663 = CARTESIAN_POINT ( 'NONE',  ( -20.54999999999999361, 0.000000000000000000, -42.23717174866055046 ) ) ;
#4664 = CARTESIAN_POINT ( 'NONE',  ( 0.4051008815133037566, 7.499934791818973601, -139.9972470142787699 ) ) ;
#4665 = CARTESIAN_POINT ( 'NONE',  ( 29.55920570516207135, 0.000000000000000000, -107.1071966136951801 ) ) ;
#4666 = CARTESIAN_POINT ( 'NONE',  ( 24.26378828658928910, 27.30171637347826419, -55.45415483983902050 ) ) ;
#4667 = CARTESIAN_POINT ( 'NONE',  ( 1.812541977439371177, 7.283984982044218626, -140.0421981212144829 ) ) ;
#4668 = CARTESIAN_POINT ( 'NONE',  ( 25.52499643441695198, 0.000000000000000000, -86.65000000000063096 ) ) ;
#4669 = CARTESIAN_POINT ( 'NONE',  ( -8.338027221416034251, 24.99999999999455014, -113.6636488781062297 ) ) ;
#4670 = DIRECTION ( 'NONE',  ( -0.000000000000000000, -0.000000000000000000, 1.000000000000000000 ) ) ;
#4671 = VERTEX_POINT ( 'NONE', #190 ) ;
#4672 = LINE ( 'NONE', #4751, #2470 ) ;
#4673 = CARTESIAN_POINT ( 'NONE',  ( -27.02499643441695909, 15.85751881504450189, -89.24801458659108278 ) ) ;
#4674 = EDGE_LOOP ( 'NONE', ( #978, #2751, #7051, #7328 ) ) ;
#4675 = CARTESIAN_POINT ( 'NONE',  ( 25.80318331546489929, 2.999999999999999556, -126.7785589437132643 ) ) ;
#4676 = DIRECTION ( 'NONE',  ( 1.000000000000000000, 0.000000000000000000, 0.000000000000000000 ) ) ;
#4677 = CARTESIAN_POINT ( 'NONE',  ( 0.6972645534602891493, 3.000000000000000000, -3.014844879904782893 ) ) ;
#4678 = CARTESIAN_POINT ( 'NONE',  ( -25.07556540571193082, -0.000000000000000000, -46.47615438973015500 ) ) ;
#4679 = ORIENTED_EDGE ( 'NONE', *, *, #6887, .T. ) ;
#4680 = CARTESIAN_POINT ( 'NONE',  ( -9.453581714287729199, 25.00000000000000711, -109.9642972849978690 ) ) ;
#4681 = CARTESIAN_POINT ( 'NONE',  ( 28.94068207037242502, 3.000000000000000000, -40.13413196588442133 ) ) ;
#4682 = AXIS2_PLACEMENT_3D ( 'NONE', #338, #855, #3941 ) ;
#4683 = CARTESIAN_POINT ( 'NONE',  ( -18.98575199791453016, 32.61846874417031472, -92.66679088621282290 ) ) ;
#4684 = CIRCLE ( 'NONE', #7164, 1.500000000000001332 ) ;
#4685 = CARTESIAN_POINT ( 'NONE',  ( 0.5639658774465616808, 3.000000000000000888, -140.0111478226442614 ) ) ;
#4686 = CARTESIAN_POINT ( 'NONE',  ( -3.534702757863116052, 25.00000000000000711, -74.18326192817160347 ) ) ;
#4687 = AXIS2_PLACEMENT_3D ( 'NONE', #4084, #5269, #5818 ) ;
#4688 = ORIENTED_EDGE ( 'NONE', *, *, #3866, .T. ) ;
#4689 = CARTESIAN_POINT ( 'NONE',  ( 45.31320254088896604, 7.533324314507918729, -115.9665069285011327 ) ) ;
#4690 = CARTESIAN_POINT ( 'NONE',  ( 7.794486349202333741, -3.747253477952744283E-13, -1.778531362916256464 ) ) ;
#4691 = CARTESIAN_POINT ( 'NONE',  ( 25.52499643441695198, 32.48868152953990318, 0.000000000000000000 ) ) ;
#4692 = CARTESIAN_POINT ( 'NONE',  ( 24.16430564863687636, 7.150601142207445804, -129.0230069250088718 ) ) ;
#4693 = EDGE_CURVE ( 'NONE', #4241, #6332, #5458, .T. ) ;
#4694 = CIRCLE ( 'NONE', #4203, 1.500000000000001332 ) ;
#4695 = AXIS2_PLACEMENT_3D ( 'NONE', #994, #6278, #7013 ) ;
#4696 = CARTESIAN_POINT ( 'NONE',  ( 4.330803063137865117, 32.49999999999997158, -69.36492343198480626 ) ) ;
#4697 = CARTESIAN_POINT ( 'NONE',  ( -21.25441757390501607, 20.58246371386437801, -84.57300146286478082 ) ) ;
#4698 = CARTESIAN_POINT ( 'NONE',  ( -25.22336952014249079, 18.41616695713121743, -85.15000000000058833 ) ) ;
#4699 = VERTEX_POINT ( 'NONE', #5534 ) ;
#4700 = CARTESIAN_POINT ( 'NONE',  ( 15.52060267947522476, 26.50000000000000355, -99.37476672774906206 ) ) ;
#4701 = VECTOR ( 'NONE', #7194, 1000.000000000000000 ) ;
#4702 = CARTESIAN_POINT ( 'NONE',  ( 8.180362888026234458, 24.99999999999999289, -78.03067871872164574 ) ) ;
#4703 = CARTESIAN_POINT ( 'NONE',  ( 4.000000000000000888, 6.141974326323639488, -94.22494585598185779 ) ) ;
#4704 = CARTESIAN_POINT ( 'NONE',  ( -2.139887868790189884, 3.000000000000004885, -136.9048396813571742 ) ) ;
#4705 = CARTESIAN_POINT ( 'NONE',  ( 29.28998033560963776, 0.000000000000000000, -101.9888082792883068 ) ) ;
#4706 = CARTESIAN_POINT ( 'NONE',  ( 21.07195300203065003, 20.02671465415427576, -79.82083915783887562 ) ) ;
#4707 = CARTESIAN_POINT ( 'NONE',  ( 20.08478440009843524, 7.272982212022736093, -132.6774489238752892 ) ) ;
#4708 = LINE ( 'NONE', #1580, #1355 ) ;
#4709 = CARTESIAN_POINT ( 'NONE',  ( 15.29705851458454013, 32.50000000000000000, -100.4708647565422126 ) ) ;
#4710 = CARTESIAN_POINT ( 'NONE',  ( -3.099495235538138882, 24.99999999999815614, -117.2689893724333530 ) ) ;
#4711 = CARTESIAN_POINT ( 'NONE',  ( -28.71339628182520443, 0.000000000000000000, -114.5251999072237084 ) ) ;
#4712 = CARTESIAN_POINT ( 'NONE',  ( -2.550037909170335126, 32.65511715125009573, -69.02321280267011616 ) ) ;
#4713 = EDGE_CURVE ( 'NONE', #7602, #2104, #739, .T. ) ;
#4714 = PRODUCT_DEFINITION_CONTEXT ( 'detailed design', #1663, 'design' ) ;
#4715 = ADVANCED_FACE ( 'NONE', ( #153 ), #2748, .F. ) ;
#4716 = CARTESIAN_POINT ( 'NONE',  ( 18.06261569871289296, 32.50000000000000000, -87.16588294193584829 ) ) ;
#4717 = DIRECTION ( 'NONE',  ( 0.000000000000000000, -1.000000000000000000, 0.000000000000000000 ) ) ;
#4718 = VERTEX_POINT ( 'NONE', #5603 ) ;
#4719 = CARTESIAN_POINT ( 'NONE',  ( 24.05525603636759868, 3.000000000000000000, -128.7827149551314960 ) ) ;
#4720 = CARTESIAN_POINT ( 'NONE',  ( 17.44168387071442794, 32.50280481765896923, -85.15000000000063096 ) ) ;
#4721 = CARTESIAN_POINT ( 'NONE',  ( -1.542683509038545564, 3.000000000000000000, -3.062960725225038594 ) ) ;
#4722 = CARTESIAN_POINT ( 'NONE',  ( -25.59486686765570340, 0.000000000000000000, -42.97347788314464623 ) ) ;
#4723 = ORIENTED_EDGE ( 'NONE', *, *, #6501, .T. ) ;
#4724 = CARTESIAN_POINT ( 'NONE',  ( 14.17499646068531582, 25.00000000000000000, -98.15211208395945164 ) ) ;
#4725 = CARTESIAN_POINT ( 'NONE',  ( 32.56772692087429988, 3.000000000000000888, -107.1664855653958739 ) ) ;
#4726 = CARTESIAN_POINT ( 'NONE',  ( -21.07174863254272523, 20.02671465415426866, -79.82090232307913880 ) ) ;
#4727 = FACE_OUTER_BOUND ( 'NONE', #3255, .T. ) ;
#4728 = CARTESIAN_POINT ( 'NONE',  ( -7.546707251836052954, 26.50000000000365219, -75.18218347176342320 ) ) ;
#4729 = VERTEX_POINT ( 'NONE', #1504 ) ;
#4730 = CARTESIAN_POINT ( 'NONE',  ( 27.01380325514097791, 3.000000000000000444, -119.3091545946150660 ) ) ;
#4731 = CARTESIAN_POINT ( 'NONE',  ( 21.09478026350986468, 3.000000000000371703, -13.31435613212064162 ) ) ;
#4732 = CARTESIAN_POINT ( 'NONE',  ( 10.47234636316246892, 26.49999999999999645, -78.50378292141510883 ) ) ;
#4733 = CARTESIAN_POINT ( 'NONE',  ( 1.092960961087289462, 25.18157952051091186, -128.5679810145922488 ) ) ;
#4734 = CARTESIAN_POINT ( 'NONE',  ( 8.337911189162937831, 31.19084577703518235, -14.27372773029598996 ) ) ;
#4735 = CARTESIAN_POINT ( 'NONE',  ( -18.75022127478209910, 32.49999999999997158, -90.40694601027404076 ) ) ;
#4736 = CARTESIAN_POINT ( 'NONE',  ( 18.84999643441695127, 34.00000000000000000, -85.15000000000063096 ) ) ;
#4737 = ORIENTED_EDGE ( 'NONE', *, *, #595, .F. ) ;
#4738 = CARTESIAN_POINT ( 'NONE',  ( 2.235032897157246179, 32.50000000000000000, -117.5753944154084962 ) ) ;
#4739 = CARTESIAN_POINT ( 'NONE',  ( -27.48894982010789434, -1.650336035783191477E-28, -50.17703457056546057 ) ) ;
#4740 = CARTESIAN_POINT ( 'NONE',  ( 22.02499643441695198, 50.10999999999998522, -100.5749981269010362 ) ) ;
#4741 = CARTESIAN_POINT ( 'NONE',  ( 23.71514111622462906, -0.000000000000000000, -72.82381996801362334 ) ) ;
#4742 = CARTESIAN_POINT ( 'NONE',  ( 26.06592158638671819, 7.500000000000000000, -66.76648719342773575 ) ) ;
#4743 = CARTESIAN_POINT ( 'NONE',  ( 14.57784962850878685, -1.301042606982605321E-15, -10.22685408163723153 ) ) ;
#4744 = CARTESIAN_POINT ( 'NONE',  ( -1.449122742410601683, 18.30075089778908648, -137.8900939392749763 ) ) ;
#4745 = CARTESIAN_POINT ( 'NONE',  ( 10.81831580459398801, 26.50000000000000355, -78.98564027795282527 ) ) ;
#4746 = CARTESIAN_POINT ( 'NONE',  ( -9.467945305298577807, 32.50000000000000000, -112.4237321805749019 ) ) ;
#4747 = CARTESIAN_POINT ( 'NONE',  ( 15.66599785315664306, 25.00000000000005684, -98.32142841496826691 ) ) ;
#4748 = CARTESIAN_POINT ( 'NONE',  ( -6.777887370063751860, 8.673617379884035472E-16, -136.0931504691731959 ) ) ;
#4749 = ORIENTED_EDGE ( 'NONE', *, *, #6262, .F. ) ;
#4750 = CARTESIAN_POINT ( 'NONE',  ( 26.72508918915114151, 2.999999999999999112, -54.80171060058633969 ) ) ;
#4751 = CARTESIAN_POINT ( 'NONE',  ( -4.000000000000000000, 5.000000000000000000, -83.33717174866055188 ) ) ;
#4752 = CARTESIAN_POINT ( 'NONE',  ( 18.67036403496163999, 32.82113483124341258, -99.32276422062967924 ) ) ;
#4753 = DIRECTION ( 'NONE',  ( 1.000000000000000000, -0.000000000000000000, -0.000000000000000000 ) ) ;
#4754 = VERTEX_POINT ( 'NONE', #3157 ) ;
#4755 = CARTESIAN_POINT ( 'NONE',  ( 22.02499643441695198, 50.10999999999998522, -85.15000000000063096 ) ) ;
#4756 = CARTESIAN_POINT ( 'NONE',  ( 23.88835242248188706, 20.87980218248767272, -85.15000000000077307 ) ) ;
#4757 = CARTESIAN_POINT ( 'NONE',  ( 3.286799061110037723, 3.000000000000000444, -3.384471519579029142 ) ) ;
#4758 = CARTESIAN_POINT ( 'NONE',  ( -23.70142975432789356, 0.000000000000000000, -72.71500469943609346 ) ) ;
#4759 = VERTEX_POINT ( 'NONE', #2115 ) ;
#4760 = CARTESIAN_POINT ( 'NONE',  ( -15.62712076944247563, 26.11154722750221424, -98.25287933993756440 ) ) ;
#4761 = EDGE_CURVE ( 'NONE', #302, #4149, #7416, .T. ) ;
#4762 = CARTESIAN_POINT ( 'NONE',  ( 27.38884251885240317, 3.000000000000000000, -76.75977261464491619 ) ) ;
#4763 = CARTESIAN_POINT ( 'NONE',  ( -23.89002370447681400, 25.11865232152261740, -73.81017552319354991 ) ) ;
#4764 = CARTESIAN_POINT ( 'NONE',  ( 25.52499643441695198, 33.11000187309954157, -85.15000000000063096 ) ) ;
#4765 = CARTESIAN_POINT ( 'NONE',  ( -0.3496352787952444197, 3.903127820947815962E-15, -137.0127117963904482 ) ) ;
#4766 = CARTESIAN_POINT ( 'NONE',  ( -5.728146457267458302, 25.00000000000000355, -73.76200438929851089 ) ) ;
#4767 = B_SPLINE_CURVE_WITH_KNOTS ( 'NONE', 3,
 ( #1406, #1330, #3764, #1826 ),
 .UNSPECIFIED., .F., .F.,
 ( 4, 4 ),
 ( 0.1768275505942668857, 0.1768276649591111749 ),
 .UNSPECIFIED. ) ;
#4768 = ORIENTED_EDGE ( 'NONE', *, *, #6188, .T. ) ;
#4769 = DIRECTION ( 'NONE',  ( 0.000000000000000000, 0.000000000000000000, -1.000000000000000000 ) ) ;
#4770 = CARTESIAN_POINT ( 'NONE',  ( 15.43846830286110716, -1.301042606982605321E-15, -11.11524645588830396 ) ) ;
#4771 = CARTESIAN_POINT ( 'NONE',  ( -4.000000000000000000, 1.500000000000000000, -83.33717174866055188 ) ) ;
#4772 = CARTESIAN_POINT ( 'NONE',  ( -10.62486982401748037, 7.500000000000011546, -138.0665501867247826 ) ) ;
#4773 = B_SPLINE_CURVE_WITH_KNOTS ( 'NONE', 3,
 ( #369, #3092, #226, #6835, #819, #6109, #1400, #4340, #1572, #3131, #6870, #5494, #107, #5674, #5091, #3898, #3309, #7239, #4951, #2505, #3932, #2464, #1322, #3677, #5412, #1939, #6649, #6281, #7275, #997, #3757, #1359, #2541, #3166, #3719, #7456, #4839, #1537, #7201, #4912, #7315, #1902, #1974, #958, #6693, #5532, #2015, #6244, #7638, #7060, #553, #3351, #2904, #6429, #3498, #1681 ),
 .UNSPECIFIED., .F., .F.,
 ( 4, 2, 1, 2, 2, 2, 2, 2, 2, 2, 2, 2, 2, 2, 2, 2, 2, 2, 2, 2, 2, 2, 2, 2, 2, 2, 1, 2, 4 ),
 ( -6.000000000739103208E-08, 0.0004188160343593240573, 0.0008376920687186555645, 0.001675444137437318362, 0.003350948274874642439, 0.006701956549749291461, 0.008377460687186616406, 0.01005296482462393962, 0.01340397309949858777, 0.01507947723693592659, 0.01675498137437326715, 0.02010598964924794826, 0.02178149378668527841, 0.02345699792412260856, 0.02513250206155993177, 0.02680800619899725845, 0.02848351033643458513, 0.02932126240515324847, 0.03015901447387190834, 0.03183451861130921073, 0.03351002274874652354, 0.03518552688618382940, 0.03686103102362114220, 0.04021203929849578862, 0.04188754343593313612, 0.04356304757337047667, 0.04691405584824519942, 0.05026506412311992217, 0.05361607239799465185 ),
 .UNSPECIFIED. ) ;
#4774 = EDGE_CURVE ( 'NONE', #3984, #5882, #3900, .T. ) ;
#4775 = CARTESIAN_POINT ( 'NONE',  ( -26.08891760309097663, 6.944144179726539079, -61.20394193900772706 ) ) ;
#4776 = CARTESIAN_POINT ( 'NONE',  ( 24.64221528286042329, 8.673617379884035472E-16, -123.3464902243717205 ) ) ;
#4777 = VERTEX_POINT ( 'NONE', #3192 ) ;
#4778 = CARTESIAN_POINT ( 'NONE',  ( -3.811180153386652947, 26.50000000000000355, -116.9612295142415519 ) ) ;
#4779 = CARTESIAN_POINT ( 'NONE',  ( -26.10047414857144688, 3.000000000001457945, -60.02780006707011751 ) ) ;
#4780 = DIRECTION ( 'NONE',  ( 1.000000000000000000, 0.000000000000000000, 0.000000000000000000 ) ) ;
#4781 = DIRECTION ( 'NONE',  ( 0.000000000000000000, 0.000000000000000000, -1.000000000000000000 ) ) ;
#4782 = CARTESIAN_POINT ( 'NONE',  ( 25.95185731314429489, -0.000000000000000000, -84.35679046715348761 ) ) ;
#4783 = CARTESIAN_POINT ( 'NONE',  ( 26.08894205956440970, 6.944144179726535526, -61.20327321747971183 ) ) ;
#4784 = CARTESIAN_POINT ( 'NONE',  ( 22.59835923614476272, 3.000000000000001776, -21.69391643968600292 ) ) ;
#4785 = CARTESIAN_POINT ( 'NONE',  ( -14.57717284133906865, 24.65771063941982888, -122.0613941536335716 ) ) ;
#4786 = CARTESIAN_POINT ( 'NONE',  ( 14.84530759295803293, 24.99999999998746958, -87.39588911900165158 ) ) ;
#4787 = CARTESIAN_POINT ( 'NONE',  ( 7.921953419926776263, 32.50000000000000000, -114.0465251846855494 ) ) ;
#4788 = CARTESIAN_POINT ( 'NONE',  ( 7.546707229199161482, 26.50000000000000355, -114.4370190892789481 ) ) ;
#4789 = CARTESIAN_POINT ( 'NONE',  ( 14.17499646068531582, 25.00000000000000000, -98.15211208395945164 ) ) ;
#4790 = CARTESIAN_POINT ( 'NONE',  ( 28.38335408591960629, -1.301042606982605321E-15, -123.1126967961910310 ) ) ;
#4791 = CARTESIAN_POINT ( 'NONE',  ( 0.000000000000000000, 17.11478652446160709, -48.69670794823103677 ) ) ;
#4792 = CARTESIAN_POINT ( 'NONE',  ( -4.310134838474428243, 32.65454527746682345, -69.55838736373510756 ) ) ;
#4793 = ADVANCED_FACE ( 'NONE', ( #259 ), #960, .F. ) ;
#4794 = CARTESIAN_POINT ( 'NONE',  ( 18.85301246568507239, 32.74073423297993912, -91.64211470034835827 ) ) ;
#4795 = DIRECTION ( 'NONE',  ( -0.000000000000000000, -0.000000000000000000, -1.000000000000000000 ) ) ;
#4796 = ORIENTED_EDGE ( 'NONE', *, *, #703, .T. ) ;
#4797 = CARTESIAN_POINT ( 'NONE',  ( 18.07761389829246923, 3.000000000000000444, -133.9324932143701972 ) ) ;
#4798 = CARTESIAN_POINT ( 'NONE',  ( 11.43570124699621715, 26.50000000000000355, -79.90622775473146078 ) ) ;
#4799 = CARTESIAN_POINT ( 'NONE',  ( -15.69759663153140217, 25.00000000000000000, -98.09248117825372049 ) ) ;
#4800 = CARTESIAN_POINT ( 'NONE',  ( -23.10743926054078301, -0.000000000000000000, -60.09178599128155440 ) ) ;
#4801 = ORIENTED_EDGE ( 'NONE', *, *, #7650, .T. ) ;
#4802 = CARTESIAN_POINT ( 'NONE',  ( -0.9908245690448066467, 25.00000000000001066, -116.3212309421474089 ) ) ;
#4803 = CARTESIAN_POINT ( 'NONE',  ( -8.673617379884035472E-16, 3.000000000000000000, 6.071532165918818520E-15 ) ) ;
#4804 = EDGE_CURVE ( 'NONE', #6411, #4186, #7529, .T. ) ;
#4805 = CARTESIAN_POINT ( 'NONE',  ( -19.02726080069350800, 32.73312582525485226, -93.82498019142614964 ) ) ;
#4806 = CARTESIAN_POINT ( 'NONE',  ( 24.21735099873874120, 0.000000000000000000, -25.60084636192565100 ) ) ;
#4807 = CARTESIAN_POINT ( 'NONE',  ( -3.255466068754977460, 1.670480792317398123E-12, -139.8145822222825529 ) ) ;
#4808 = CARTESIAN_POINT ( 'NONE',  ( 10.82476775378147771, 3.000000000000000444, -134.5919492745163666 ) ) ;
#4809 = ORIENTED_EDGE ( 'NONE', *, *, #362, .T. ) ;
#4810 = CARTESIAN_POINT ( 'NONE',  ( 26.95028763780523917, 3.000000000000000000, -119.4419421976399178 ) ) ;
#4811 = VECTOR ( 'NONE', #7354, 1000.000000000000000 ) ;
#4812 = CARTESIAN_POINT ( 'NONE',  ( 3.000116924317122624, 1.867140903658130047E-13, -0.2467147609207388237 ) ) ;
#4813 = CARTESIAN_POINT ( 'NONE',  ( 15.63530707387399410, 26.50000000000000000, -91.08382956219847415 ) ) ;
#4814 = CARTESIAN_POINT ( 'NONE',  ( 4.309615837492125401, 32.57476142547892550, -120.1820530506370233 ) ) ;
#4815 = AXIS2_PLACEMENT_3D ( 'NONE', #6872, #7346, #5092 ) ;
#4816 = CIRCLE ( 'NONE', #5794, 1.500000000000001332 ) ;
#4817 = CARTESIAN_POINT ( 'NONE',  ( 6.263918051282872490, 32.80688262484875395, -70.71107258828985209 ) ) ;
#4818 = CARTESIAN_POINT ( 'NONE',  ( -26.96354856889941587, 7.500000000000007105, -53.28356516294732614 ) ) ;
#4819 = DIRECTION ( 'NONE',  ( 0.000000000000000000, 0.000000000000000000, 1.000000000000000000 ) ) ;
#4820 = ORIENTED_EDGE ( 'NONE', *, *, #6131, .F. ) ;
#4821 = CARTESIAN_POINT ( 'NONE',  ( -7.086384830864777662, 32.50000000000000000, -114.8049004094951187 ) ) ;
#4822 = CARTESIAN_POINT ( 'NONE',  ( 26.08831830471775604, 16.59159710873787219, -85.25222916243332349 ) ) ;
#4823 = LINE ( 'NONE', #7332, #987 ) ;
#4824 = CARTESIAN_POINT ( 'NONE',  ( 25.17736909424587921, 0.000000000000000000, -80.80674594216404216 ) ) ;
#4825 = CARTESIAN_POINT ( 'NONE',  ( 25.98586204794267474, 7.317731743355260221, -64.01201543960358720 ) ) ;
#4826 = AXIS2_PLACEMENT_3D ( 'NONE', #4303, #1364, #272 ) ;
#4827 = CARTESIAN_POINT ( 'NONE',  ( -20.12569390296195593, 7.159473318034079270, -132.6893783603468648 ) ) ;
#4828 = CARTESIAN_POINT ( 'NONE',  ( 15.67104318260056139, 26.50000000000000355, -91.33439952103600490 ) ) ;
#4829 = CARTESIAN_POINT ( 'NONE',  ( -0.5584238665895705500, 32.50000000000000000, -117.8686232739838573 ) ) ;
#4830 = CARTESIAN_POINT ( 'NONE',  ( 15.50959726409997153, 25.00000000000000000, -99.30995406602043829 ) ) ;
#4831 = CARTESIAN_POINT ( 'NONE',  ( 15.09710149706411819, 25.30084485657195614, -98.21676699688160284 ) ) ;
#4832 = FACE_OUTER_BOUND ( 'NONE', #1050, .T. ) ;
#4833 = CARTESIAN_POINT ( 'NONE',  ( 26.81308118895507775, 3.000000000000000000, -125.4682079416547538 ) ) ;
#4834 = CARTESIAN_POINT ( 'NONE',  ( -0.0001116011747425956283, 7.500000000000000000, 7.848517678142363130E-15 ) ) ;
#4835 = CARTESIAN_POINT ( 'NONE',  ( -6.235079232310939190, 32.96032393727309540, -70.89708638702285270 ) ) ;
#4836 = CARTESIAN_POINT ( 'NONE',  ( 19.07588547550241742, 32.49999999999998579, -93.70495821728924568 ) ) ;
#4837 = CYLINDRICAL_SURFACE ( 'NONE', #3445, 1.174999999999995381 ) ;
#4838 = ORIENTED_EDGE ( 'NONE', *, *, #312, .F. ) ;
#4839 = CARTESIAN_POINT ( 'NONE',  ( 3.843135321834090234, 26.50000000000000000, -116.9581725101955243 ) ) ;
#4840 = CARTESIAN_POINT ( 'NONE',  ( -2.769479455703179216, 26.50000000000000355, -72.21742911386542119 ) ) ;
#4841 = CARTESIAN_POINT ( 'NONE',  ( -18.93116872689551755, 3.000000000000000444, -15.46059850829867344 ) ) ;
#4842 = CARTESIAN_POINT ( 'NONE',  ( -23.08171069142729692, -0.000000000000000000, -66.81131667962280574 ) ) ;
#4843 = ORIENTED_EDGE ( 'NONE', *, *, #406, .T. ) ;
#4844 = CARTESIAN_POINT ( 'NONE',  ( -5.190737461185398693, 25.00000000000000000, -114.3950844685071360 ) ) ;
#4845 = CARTESIAN_POINT ( 'NONE',  ( -19.07588361559125190, 32.50000000000000000, -93.70488997443158041 ) ) ;
#4846 = DIRECTION ( 'NONE',  ( -1.000000000000000000, 0.000000000000000000, 0.000000000000000000 ) ) ;
#4847 = CARTESIAN_POINT ( 'NONE',  ( -2.172938518361778648, 31.31963542613090823, -12.01320416296723792 ) ) ;
#4848 = CARTESIAN_POINT ( 'NONE',  ( -15.66599785324717509, 26.50000000000000355, -91.29777413160725530 ) ) ;
#4849 = ORIENTED_EDGE ( 'NONE', *, *, #5380, .F. ) ;
#4850 = CARTESIAN_POINT ( 'NONE',  ( 18.84999643441695127, 34.00000000000000000, -98.46852876084440709 ) ) ;
#4851 = CARTESIAN_POINT ( 'NONE',  ( 9.543672274617309270, 0.000000000000000000, -6.162484082165219590 ) ) ;
#4852 = CARTESIAN_POINT ( 'NONE',  ( 12.02316599857559609, 26.50000000000001066, -80.83300044048688449 ) ) ;
#4853 = CARTESIAN_POINT ( 'NONE',  ( 4.267241386200669950, 32.72428427643685467, -120.0376009269023712 ) ) ;
#4854 = CARTESIAN_POINT ( 'NONE',  ( 14.72382999345083654, 7.499999999999995559, -6.151227632437326953 ) ) ;
#4855 = CARTESIAN_POINT ( 'NONE',  ( -18.33023215511317261, 32.50000000000000000, -88.23753744707904900 ) ) ;
#4856 = CARTESIAN_POINT ( 'NONE',  ( 11.60154661669482046, 1.734723475976807094E-15, -134.2356043695497192 ) ) ;
#4857 = ORIENTED_EDGE ( 'NONE', *, *, #5848, .T. ) ;
#4858 = CARTESIAN_POINT ( 'NONE',  ( -6.652148796367921335, 26.50000000000000355, -115.1654392254094574 ) ) ;
#4859 = DIRECTION ( 'NONE',  ( 0.000000000000000000, 0.000000000000000000, 1.000000000000000000 ) ) ;
#4860 = DIRECTION ( 'NONE',  ( 1.688295353748717154E-16, 0.000000000000000000, -1.000000000000000000 ) ) ;
#4861 = CARTESIAN_POINT ( 'NONE',  ( 23.61292320576018966, -0.000000000000000000, -72.08840234632062050 ) ) ;
#4862 = CARTESIAN_POINT ( 'NONE',  ( 23.71389521088654107, 25.42333524137398371, -71.28831509786814991 ) ) ;
#4863 = EDGE_CURVE ( 'NONE', #6073, #1251, #5058, .T. ) ;
#4864 = CARTESIAN_POINT ( 'NONE',  ( 17.94225045835929322, 2.999999999999999112, -14.06365757168172514 ) ) ;
#4865 = CARTESIAN_POINT ( 'NONE',  ( -3.277309605356077959, 25.16582406544052120, -128.3391953287872411 ) ) ;
#4866 = EDGE_CURVE ( 'NONE', #3060, #6862, #7501, .T. ) ;
#4867 = CARTESIAN_POINT ( 'NONE',  ( 15.70644778192693458, 26.50000000000000355, -91.59082851875649567 ) ) ;
#4868 = CARTESIAN_POINT ( 'NONE',  ( -45.31320254088899446, 7.530611691294513577, -115.9665069285011185 ) ) ;
#4869 = CARTESIAN_POINT ( 'NONE',  ( 14.48685071644437627, 24.99999999999999645, -103.3168393309753839 ) ) ;
#4870 = CARTESIAN_POINT ( 'NONE',  ( 14.56951652420467269, 25.03972064427647837, -98.17993403214731529 ) ) ;
#4871 = CARTESIAN_POINT ( 'NONE',  ( 32.56422977757198822, 4.336808689942018229E-16, -107.6797426255587169 ) ) ;
#4872 = CARTESIAN_POINT ( 'NONE',  ( 1.093934309669647886, 32.81070174715778620, -68.99946495524930867 ) ) ;
#4873 = CARTESIAN_POINT ( 'NONE',  ( 19.10593438335662597, 32.49999999999998579, -95.17781562389657779 ) ) ;
#4874 = CARTESIAN_POINT ( 'NONE',  ( 22.02499643441695198, 43.11000187309952025, -94.75000000000055422 ) ) ;
#4875 = EDGE_LOOP ( 'NONE', ( #3318, #4643, #7566, #5796, #1404 ) ) ;
#4876 = DIRECTION ( 'NONE',  ( -0.7071067811865494601, 0.7071067811865455743, 0.000000000000000000 ) ) ;
#4877 = CARTESIAN_POINT ( 'NONE',  ( 1.403188507206956759, 32.50000000000000000, -71.86144979288982881 ) ) ;
#4878 = CARTESIAN_POINT ( 'NONE',  ( -15.71529893074845674, 26.50000000000000355, -97.96426667915882547 ) ) ;
#4879 = CARTESIAN_POINT ( 'NONE',  ( -23.71138188475914177, 0.000000000000000000, -72.78390245771576872 ) ) ;
#4880 = ORIENTED_EDGE ( 'NONE', *, *, #3108, .T. ) ;
#4881 = CARTESIAN_POINT ( 'NONE',  ( -4.000000000000000000, 1.500000000000003109, -82.23717174866052915 ) ) ;
#4882 = CARTESIAN_POINT ( 'NONE',  ( -28.90937259691127181, 7.068826768270983330, -31.62815952085276550 ) ) ;
#4883 = CARTESIAN_POINT ( 'NONE',  ( -22.02499643441695198, 50.10999999999987864, -95.99999944210871661 ) ) ;
#4884 = CARTESIAN_POINT ( 'NONE',  ( -15.61507170234983022, 3.000000000000370370, -135.5053285761982522 ) ) ;
#4885 = CARTESIAN_POINT ( 'NONE',  ( -15.69776109216373960, 26.50000000000000355, -91.52737442543597979 ) ) ;
#4886 = ORIENTED_EDGE ( 'NONE', *, *, #3296, .T. ) ;
#4887 = CARTESIAN_POINT ( 'NONE',  ( -28.85075444162173142, 7.501824051780352498, -41.14079256561361575 ) ) ;
#4888 = CARTESIAN_POINT ( 'NONE',  ( -22.02499643441695198, 50.10999999999998522, -88.92500187310008641 ) ) ;
#4889 = CARTESIAN_POINT ( 'NONE',  ( 1.816103154736415259, 7.175977473066327939, -140.0632971818217243 ) ) ;
#4890 = CARTESIAN_POINT ( 'NONE',  ( 28.45471551743029437, 7.064152181007514741, -28.94825276962051319 ) ) ;
#4891 = CARTESIAN_POINT ( 'NONE',  ( -27.78144283557207928, 7.059668393224170835, -26.31856210062912282 ) ) ;
#4892 = VERTEX_POINT ( 'NONE', #5094 ) ;
#4893 = CARTESIAN_POINT ( 'NONE',  ( -11.43570127611737242, 32.50000000000000000, -109.7129747214478073 ) ) ;
#4894 = CARTESIAN_POINT ( 'NONE',  ( 8.645978027430832038E-05, 3.000000000000000000, -30.81525988927164761 ) ) ;
#4895 = CARTESIAN_POINT ( 'NONE',  ( 24.37865712142793839, 0.000000000000000000, -76.79633543627977588 ) ) ;
#4896 = CARTESIAN_POINT ( 'NONE',  ( 18.85301246568507239, 32.74073423297993912, -91.64211470034835827 ) ) ;
#4897 = CARTESIAN_POINT ( 'NONE',  ( -0.06415488111519630776, 3.000000000000000000, -2.993045490212414173 ) ) ;
#4898 = CARTESIAN_POINT ( 'NONE',  ( -15.54691252865178974, 7.388876099513109530, -135.7187381080320847 ) ) ;
#4899 = ADVANCED_FACE ( 'NONE', ( #4403 ), #1574, .F. ) ;
#4900 = CARTESIAN_POINT ( 'NONE',  ( 1.292375947115055768, 25.00000000000000355, -71.82326687501499407 ) ) ;
#4901 = CARTESIAN_POINT ( 'NONE',  ( -6.652148796367921335, 32.50000000000000000, -115.1654392254094574 ) ) ;
#4902 = CARTESIAN_POINT ( 'NONE',  ( 15.62129256539176936, 24.99999999999978684, -98.62887357992906345 ) ) ;
#4903 = CARTESIAN_POINT ( 'NONE',  ( 29.04194289924734917, 7.500631879129984192, -34.81174980272248831 ) ) ;
#4904 = CARTESIAN_POINT ( 'NONE',  ( 25.36091835853772736, 0.000000000000000000, -122.2853081283443117 ) ) ;
#4905 = CARTESIAN_POINT ( 'NONE',  ( 10.40145573214556229, 6.789274626688956538, -2.596545714884600731 ) ) ;
#4906 = DIRECTION ( 'NONE',  ( -0.000000000000000000, -0.000000000000000000, -1.000000000000000000 ) ) ;
#4907 = EDGE_CURVE ( 'NONE', #5103, #2737, #6536, .T. ) ;
#4908 = EDGE_CURVE ( 'NONE', #7624, #4658, #4516, .T. ) ;
#4909 = CARTESIAN_POINT ( 'NONE',  ( 26.75016401392599974, 7.500000000000001776, -73.04895026258093083 ) ) ;
#4910 = CARTESIAN_POINT ( 'NONE',  ( 0.000000000000000000, 3.000000000000000000, 0.000000000000000000 ) ) ;
#4911 = VERTEX_POINT ( 'NONE', #3272 ) ;
#4912 = CARTESIAN_POINT ( 'NONE',  ( 5.772430581649645731, 26.50000000000000355, -115.8243013568041988 ) ) ;
#4913 = CARTESIAN_POINT ( 'NONE',  ( 4.315750703433139712, 26.50000000000000355, -72.91049667875381601 ) ) ;
#4914 = CARTESIAN_POINT ( 'NONE',  ( -10.80817241484252555, 2.999999999999999112, -7.047565521960087231 ) ) ;
#4915 = CARTESIAN_POINT ( 'NONE',  ( -24.98079710799632025, -0.000000000000000000, -79.86915428246187787 ) ) ;
#4916 = VERTEX_POINT ( 'NONE', #810 ) ;
#4917 = CARTESIAN_POINT ( 'NONE',  ( 25.52499643441695198, 32.48868152953990318, -86.65000000000063096 ) ) ;
#4918 = CARTESIAN_POINT ( 'NONE',  ( -15.22921405522662397, 32.91755275110079282, -80.69835721772933823 ) ) ;
#4919 = DIRECTION ( 'NONE',  ( -0.000000000000000000, 1.000000000000000000, -0.000000000000000000 ) ) ;
#4920 = CARTESIAN_POINT ( 'NONE',  ( -29.77099354675407383, -2.810491237141284505E-13, -120.5077539598400591 ) ) ;
#4921 = CARTESIAN_POINT ( 'NONE',  ( 1.731039294211037971, 0.000000000000000000, -136.9504439426322335 ) ) ;
#4922 = ORIENTED_EDGE ( 'NONE', *, *, #1551, .T. ) ;
#4923 = CARTESIAN_POINT ( 'NONE',  ( -25.69248934513136717, 7.499970909955599119, -126.9726914007508753 ) ) ;
#4924 = CARTESIAN_POINT ( 'NONE',  ( -15.52103865572543562, 26.49999999999999645, -90.24759305230911366 ) ) ;
#4925 = CARTESIAN_POINT ( 'NONE',  ( -32.72695504052779114, 7.085490819609065127, -104.0335620955146396 ) ) ;
#4926 = CARTESIAN_POINT ( 'NONE',  ( 21.88285855180616934, 29.80198456116971073, -31.51186479583681432 ) ) ;
#4927 = VECTOR ( 'NONE', #5030, 1000.000000000000000 ) ;
#4928 = CARTESIAN_POINT ( 'NONE',  ( -29.14825637143468740, 6.875706791193167966, -39.70209618279798036 ) ) ;
#4929 = VERTEX_POINT ( 'NONE', #6137 ) ;
#4930 = CARTESIAN_POINT ( 'NONE',  ( -13.76808828637284954, 32.50000000000000000, -84.38217795417376976 ) ) ;
#4931 = CARTESIAN_POINT ( 'NONE',  ( -16.54092145480344911, -1.112949524826412783E-12, -7.943034481324071194 ) ) ;
#4932 = DIRECTION ( 'NONE',  ( 0.000000000000000000, 1.000000000000000000, -4.625929269271481378E-15 ) ) ;
#4933 = CARTESIAN_POINT ( 'NONE',  ( 26.01414017219557451, -0.000000000000000000, -38.74796070139959170 ) ) ;
#4934 = CARTESIAN_POINT ( 'NONE',  ( 18.23306374651047079, 32.80994599635353381, -101.4642785130267413 ) ) ;
#4935 = AXIS2_PLACEMENT_3D ( 'NONE', #4598, #5167, #2297 ) ;
#4936 = CARTESIAN_POINT ( 'NONE',  ( 6.190962748948519945, -1.301042606982605321E-15, -4.368360747404984146 ) ) ;
#4937 = CARTESIAN_POINT ( 'NONE',  ( -32.61784959513312998, 7.361830273203010755, -104.0711234607723412 ) ) ;
#4938 = CARTESIAN_POINT ( 'NONE',  ( 4.642826004807671048, 25.00000000000000000, -74.84950028040599079 ) ) ;
#4939 = AXIS2_PLACEMENT_3D ( 'NONE', #4086, #2291, #1100 ) ;
#4940 = CIRCLE ( 'NONE', #5921, 5.500000000000005329 ) ;
#4941 = DIRECTION ( 'NONE',  ( -3.256064876940132405E-10, 0.000000000000000000, -1.000000000000000000 ) ) ;
#4942 = CARTESIAN_POINT ( 'NONE',  ( 27.82587092561339048, 7.499640084712639876, -48.27666873266123559 ) ) ;
#4943 = PLANE ( 'NONE',  #104 ) ;
#4944 = CARTESIAN_POINT ( 'NONE',  ( 29.56760797370625227, -4.336808689942017736E-16, -106.7645538879898055 ) ) ;
#4945 = CARTESIAN_POINT ( 'NONE',  ( 10.38142131910689514, 7.026183084459308503, -2.709916414063351819 ) ) ;
#4946 = LINE ( 'NONE', #3753, #3463 ) ;
#4947 = CIRCLE ( 'NONE', #1000, 3.000000000000000444 ) ;
#4948 = CARTESIAN_POINT ( 'NONE',  ( 26.60059231132932922, 22.41883967751614648, -96.16177254515649508 ) ) ;
#4949 = CARTESIAN_POINT ( 'NONE',  ( -26.18709216856348476, 3.000000000000001332, -22.34924890331364722 ) ) ;
#4950 = VERTEX_POINT ( 'NONE', #5564 ) ;
#4951 = CARTESIAN_POINT ( 'NONE',  ( -9.425240297705162362, 26.49999999999999289, -112.4415218086523680 ) ) ;
#4952 = CARTESIAN_POINT ( 'NONE',  ( 5.288749742018169719, 26.50000000000000355, -73.46994447592085464 ) ) ;
#4953 = CARTESIAN_POINT ( 'NONE',  ( -8.083996481595823624, 3.000000000000000444, -5.294073385275345878 ) ) ;
#4954 = CARTESIAN_POINT ( 'NONE',  ( -29.55470129687838465, 0.000000000000000000, -107.5780273284341462 ) ) ;
#4955 = ORIENTED_EDGE ( 'NONE', *, *, #4267, .T. ) ;
#4956 = CYLINDRICAL_SURFACE ( 'NONE', #7417, 1.500000000000001332 ) ;
#4957 = EDGE_CURVE ( 'NONE', #1549, #271, #5016, .T. ) ;
#4958 = CARTESIAN_POINT ( 'NONE',  ( -26.99321973250824058, 7.305830625781416288, -53.22891697241990983 ) ) ;
#4959 = EDGE_CURVE ( 'NONE', #7508, #120, #6837, .T. ) ;
#4960 = CYLINDRICAL_SURFACE ( 'NONE', #6902, 1.174999999999995381 ) ;
#4961 = CARTESIAN_POINT ( 'NONE',  ( -13.98455097648678702, 2.999999999999629630, -136.4028029508390318 ) ) ;
#4962 = CARTESIAN_POINT ( 'NONE',  ( 3.450446695130167551, 3.000000000000000444, -136.7605980409628614 ) ) ;
#4963 = ORIENTED_EDGE ( 'NONE', *, *, #3108, .F. ) ;
#4964 = CARTESIAN_POINT ( 'NONE',  ( -25.99885368500482130, 7.498036056441598873, -64.98484995139304488 ) ) ;
#4965 = CARTESIAN_POINT ( 'NONE',  ( -6.673940593237747798, 26.50000000000001066, -74.47110551840400205 ) ) ;
#4966 = CARTESIAN_POINT ( 'NONE',  ( -12.68761590429444475, 32.66772335571207009, -113.2627110074676295 ) ) ;
#4967 = EDGE_CURVE ( 'NONE', #5882, #348, #215, .T. ) ;
#4968 = CARTESIAN_POINT ( 'NONE',  ( 28.40703345618761588, 7.282076090503758259, -29.02564825106820479 ) ) ;
#4969 = CARTESIAN_POINT ( 'NONE',  ( -26.58602130533818908, 7.276980154388299482, -22.96853202451070786 ) ) ;
#4970 = ORIENTED_EDGE ( 'NONE', *, *, #4486, .T. ) ;
#4971 = CARTESIAN_POINT ( 'NONE',  ( 4.315750703433139712, 32.50000000000000000, -72.91049667875381601 ) ) ;
#4972 = CARTESIAN_POINT ( 'NONE',  ( -23.76472473948533448, 1.301042606982605321E-15, -24.35848004061562122 ) ) ;
#4973 = CARTESIAN_POINT ( 'NONE',  ( -24.72098063756006781, 2.999999999999999112, -123.2143000156687549 ) ) ;
#4974 = CARTESIAN_POINT ( 'NONE',  ( 24.24049840849021109, -0.000000000000000000, -51.40375160670944865 ) ) ;
#4975 = CARTESIAN_POINT ( 'NONE',  ( 22.18820987697500513, 22.63116523098846145, -101.8996922322276788 ) ) ;
#4976 = CARTESIAN_POINT ( 'NONE',  ( -19.57605730643379260, 2.999999999999996447, -16.33664513928139073 ) ) ;
#4977 = CARTESIAN_POINT ( 'NONE',  ( -11.29178204102872130, 32.66277043146750714, -114.9510950807518128 ) ) ;
#4978 = CARTESIAN_POINT ( 'NONE',  ( -0.6915366053156847270, 25.00000000000000355, -71.73648887793390827 ) ) ;
#4979 = FACE_OUTER_BOUND ( 'NONE', #6256, .T. ) ;
#4980 = CARTESIAN_POINT ( 'NONE',  ( -22.02499643441695198, 50.10999999999998522, -87.75000187310008926 ) ) ;
#4981 = CARTESIAN_POINT ( 'NONE',  ( 26.02616077322607424, 7.499815398408336442, -61.66467096684916527 ) ) ;
#4982 = CARTESIAN_POINT ( 'NONE',  ( -27.09923617901399950, 0.000000000000000000, -119.1384843656974084 ) ) ;
#4983 = CARTESIAN_POINT ( 'NONE',  ( 1.734723475976807094E-15, 6.500000000000000888, -94.80960127224460621 ) ) ;
#4984 = CARTESIAN_POINT ( 'NONE',  ( 18.18746447831832214, 18.23539326634444180, -63.02657473700531909 ) ) ;
#4985 = CARTESIAN_POINT ( 'NONE',  ( 17.48095259447546823, 32.50572743980801249, -104.3500000000004775 ) ) ;
#4986 = CARTESIAN_POINT ( 'NONE',  ( 18.34940395480511199, 32.49999999999999289, -101.3856736021113392 ) ) ;
#4987 = CARTESIAN_POINT ( 'NONE',  ( -5.242795021463771299, 3.000000000000000000, -0.8270003792001383580 ) ) ;
#4988 = ORIENTED_EDGE ( 'NONE', *, *, #4528, .T. ) ;
#4989 = CARTESIAN_POINT ( 'NONE',  ( 27.02499643441696975, 16.63865517985557219, -91.90179014952478553 ) ) ;
#4990 = CARTESIAN_POINT ( 'NONE',  ( -13.40421664718284234, 25.00000000000000000, -101.8030755739508635 ) ) ;
#4991 = CARTESIAN_POINT ( 'NONE',  ( -28.71696153942513874, 0.000000000000000000, -97.71280781194865028 ) ) ;
#4992 = ORIENTED_EDGE ( 'NONE', *, *, #7605, .T. ) ;
#4993 = CARTESIAN_POINT ( 'NONE',  ( -17.34999011836575988, 32.49999999999999289, -104.7392435249793721 ) ) ;
#4994 = CARTESIAN_POINT ( 'NONE',  ( -24.58064037488534481, 27.77076509549360139, -51.36339579172758363 ) ) ;
#4995 = FACE_OUTER_BOUND ( 'NONE', #635, .T. ) ;
#4996 = CARTESIAN_POINT ( 'NONE',  ( -24.23616731942822966, -1.301042606982605321E-15, -123.9607840182198686 ) ) ;
#4997 = FACE_OUTER_BOUND ( 'NONE', #2509, .T. ) ;
#4998 = EDGE_CURVE ( 'NONE', #5145, #4614, #5681, .T. ) ;
#4999 = ORIENTED_EDGE ( 'NONE', *, *, #319, .F. ) ;
#5000 = CARTESIAN_POINT ( 'NONE',  ( -32.27037927100389680, 7.500038472821069391, -111.8378531864873935 ) ) ;
#5001 = CARTESIAN_POINT ( 'NONE',  ( -3.061453252551189497, 26.50000000000001776, -72.33654553887937766 ) ) ;
#5002 = CARTESIAN_POINT ( 'NONE',  ( -20.54999999999999361, 0.1000000000000000056, -42.23717174866055046 ) ) ;
#5003 = CARTESIAN_POINT ( 'NONE',  ( -30.16845707500186791, 7.500000000000001776, -120.0699314458814229 ) ) ;
#5004 = CARTESIAN_POINT ( 'NONE',  ( 18.82281012117460506, 18.37423821415240610, -64.48237941693386688 ) ) ;
#5005 = CARTESIAN_POINT ( 'NONE',  ( -14.54111363241883481, 32.78241637255622720, -79.30951139704572483 ) ) ;
#5006 = ORIENTED_EDGE ( 'NONE', *, *, #4161, .T. ) ;
#5007 = CARTESIAN_POINT ( 'NONE',  ( -14.72639869717517946, 32.50000000000000000, -86.99542812771839806 ) ) ;
#5008 = CARTESIAN_POINT ( 'NONE',  ( -15.62154522310144245, 1.301042606982605321E-15, -11.31475176195817767 ) ) ;
#5009 = CARTESIAN_POINT ( 'NONE',  ( -10.27818990638378693, 3.000000000000000000, -134.8155214152232872 ) ) ;
#5010 = CARTESIAN_POINT ( 'NONE',  ( 24.67704282917293312, 0.000000000000000000, -48.84537857082795398 ) ) ;
#5011 = CARTESIAN_POINT ( 'NONE',  ( 16.90676810098944571, 32.78846343336503111, -105.6305608362160484 ) ) ;
#5012 = CARTESIAN_POINT ( 'NONE',  ( 8.488296684034615680, 3.000000000000000000, -5.515759591844459742 ) ) ;
#5013 = B_SPLINE_CURVE_WITH_KNOTS ( 'NONE', 3,
 ( #5111, #350, #6266, #2708 ),
 .UNSPECIFIED., .F., .F.,
 ( 4, 4 ),
 ( 0.000000000000000000, 0.0002851976633601491467 ),
 .UNSPECIFIED. ) ;
#5014 = CARTESIAN_POINT ( 'NONE',  ( -16.08768226835758597, 32.68556581774976166, -107.6411414959762709 ) ) ;
#5015 = CARTESIAN_POINT ( 'NONE',  ( -2.580829423514189092, 25.00000000000000711, -73.74785249089691774 ) ) ;
#5016 = LINE ( 'NONE', #2073, #1234 ) ;
#5017 = CARTESIAN_POINT ( 'NONE',  ( 25.82698477764389011, 7.500613622273254677, -21.44289576884512627 ) ) ;
#5018 = CARTESIAN_POINT ( 'NONE',  ( -28.71342218526855916, 3.000000000000001776, -114.5252459130269358 ) ) ;
#5019 = DIRECTION ( 'NONE',  ( -0.000000000000000000, 1.000000000000000000, 0.000000000000000000 ) ) ;
#5020 = CARTESIAN_POINT ( 'NONE',  ( 28.81460346249324900, 7.500000000000005329, -31.77487492617696319 ) ) ;
#5021 = B_SPLINE_SURFACE_WITH_KNOTS ( 'NONE', 3, 1, ( 
 ( #5018, #374 ),
 ( #2651, #4405 ),
 ( #2729, #1576 ),
 ( #6909, #1616 ),
 ( #3975, #261 ),
 ( #6324, #4982 ),
 ( #7349, #2043 ),
 ( #6761, #1466 ),
 ( #6175, #4162 ),
 ( #7020, #6948 ),
 ( #3389, #6509 ),
 ( #7608, #519 ),
 ( #1685, #5203 ),
 ( #2259, #3540 ),
 ( #592, #6469 ),
 ( #556, #7101 ),
 ( #15, #2871 ),
 ( #2946, #5318 ),
 ( #2369, #6983 ),
 ( #4010, #1801 ),
 ( #5747, #2908 ),
 ( #1652, #3423 ),
 ( #5238, #2797 ),
 ( #5860, #6433 ),
 ( #2328, #1723 ),
 ( #4704, #4088 ),
 ( #1145, #5163 ),
 ( #7527, #477 ),
 ( #5273, #4046 ),
 ( #2224, #4594 ),
 ( #7643, #1067 ),
 ( #5778, #2835 ) ),
 .UNSPECIFIED., .F., .F., .F.,
 ( 4, 2, 2, 2, 2, 2, 2, 2, 2, 2, 2, 2, 2, 2, 2, 4 ),
 ( 2, 2 ),
 ( 0.8808378053508387762, 0.8906250000000013323, 0.8945312500000013323, 0.8984375000000012212, 0.9062500000000011102, 0.9218750000000008882, 0.9296875000000008882, 0.9375000000000008882, 0.9531250000000006661, 0.9609375000000005551, 0.9687500000000004441, 0.9843750000000002220, 0.9921875000000001110, 0.9960937500000001110, 0.9980468750000000000, 1.000000000000000000 ),
 ( 0.000000000000000000, 1.000000000000000000 ),
 .UNSPECIFIED. ) ;
#5022 = CARTESIAN_POINT ( 'NONE',  ( 15.14401615199653861, 32.58959036131964382, -109.6081951341226386 ) ) ;
#5023 = CARTESIAN_POINT ( 'NONE',  ( -28.98057660403902247, 3.000000000000000888, -33.82685162279728530 ) ) ;
#5024 = ORIENTED_EDGE ( 'NONE', *, *, #27, .T. ) ;
#5025 = PLANE ( 'NONE',  #4682 ) ;
#5026 = CARTESIAN_POINT ( 'NONE',  ( -9.814923229400600135, 26.50000000000000355, -111.9698636569597596 ) ) ;
#5027 = CARTESIAN_POINT ( 'NONE',  ( -27.65897801422291025, -0.000000000000000000, -92.09615103676132719 ) ) ;
#5028 = ORIENTED_EDGE ( 'NONE', *, *, #4998, .F. ) ;
#5029 = CARTESIAN_POINT ( 'NONE',  ( -29.14825637143468740, 6.875706791193167966, -39.70209618279798036 ) ) ;
#5030 = DIRECTION ( 'NONE',  ( -0.000000000000000000, -1.000000000000000000, 0.000000000000000000 ) ) ;
#5031 = CARTESIAN_POINT ( 'NONE',  ( -22.28148366686469828, 2.999999999999998224, -130.5486314696602221 ) ) ;
#5032 = SURFACE_STYLE_FILL_AREA ( #3950 ) ;
#5033 = ORIENTED_EDGE ( 'NONE', *, *, #2391, .T. ) ;
#5034 = CARTESIAN_POINT ( 'NONE',  ( -9.098251063814450035, 7.499426931416469877, -138.5180190702890570 ) ) ;
#5035 = CARTESIAN_POINT ( 'NONE',  ( -14.71951162219521336, 26.49999999999999289, -86.97151370131540205 ) ) ;
#5036 = CARTESIAN_POINT ( 'NONE',  ( -17.34999011836575988, 32.49999999999999289, -104.7392435249793721 ) ) ;
#5037 = CARTESIAN_POINT ( 'NONE',  ( -9.710758823333872414, 32.73762136762561425, -116.4629546251986909 ) ) ;
#5038 = CARTESIAN_POINT ( 'NONE',  ( 26.30477883863374089, 6.935164679192357795, -58.49656193008380001 ) ) ;
#5039 = CARTESIAN_POINT ( 'NONE',  ( -28.45514673072091938, 7.064152181007520959, -28.95023945212673411 ) ) ;
#5040 = ORIENTED_EDGE ( 'NONE', *, *, #7641, .T. ) ;
#5041 = CARTESIAN_POINT ( 'NONE',  ( -2.235032935612998983, 32.50000000000000000, -72.04380813334270783 ) ) ;
#5042 = CARTESIAN_POINT ( 'NONE',  ( -24.61798672253129894, -1.301042606982605321E-15, -26.77693941350117868 ) ) ;
#5043 = CARTESIAN_POINT ( 'NONE',  ( -5.258371972731771038, 3.000000000000000444, -136.4164067467295638 ) ) ;
#5044 = CARTESIAN_POINT ( 'NONE',  ( 25.46913465118255360, -0.000000000000000000, -43.89360282643922773 ) ) ;
#5045 = CARTESIAN_POINT ( 'NONE',  ( 22.06897062659548681, 21.90149071804019698, -95.66614354227253614 ) ) ;
#5046 = EDGE_CURVE ( 'NONE', #7243, #5498, #4194, .T. ) ;
#5047 = ADVANCED_FACE ( 'NONE', ( #1721 ), #1684, .F. ) ;
#5048 = CARTESIAN_POINT ( 'NONE',  ( 0.3723160355372223673, 3.000000000000001776, -2.998380190225069075 ) ) ;
#5049 = CARTESIAN_POINT ( 'NONE',  ( -15.20224974248716343, 32.50000000000001421, -109.6240793733923624 ) ) ;
#5050 = CARTESIAN_POINT ( 'NONE',  ( 5.714437324631388648, 25.00000000000000355, -73.76339772719359189 ) ) ;
#5051 = DIRECTION ( 'NONE',  ( 0.7071067811865494601, -0.7071067811865455743, 0.000000000000000000 ) ) ;
#5052 = DIRECTION ( 'NONE',  ( -1.000000000000000000, 0.000000000000000000, 3.256099094054814480E-10 ) ) ;
#5053 = CARTESIAN_POINT ( 'NONE',  ( 28.70901075159973814, 7.498435949333522643, -31.18125264137021446 ) ) ;
#5054 = CARTESIAN_POINT ( 'NONE',  ( 4.373039862097490627, 4.814824860968089633E-32, -139.6382178266192966 ) ) ;
#5055 = AXIS2_PLACEMENT_3D ( 'NONE', #3833, #3280, #3360 ) ;
#5056 = CARTESIAN_POINT ( 'NONE',  ( 27.78085115397156812, 7.059668393224175276, -26.31658151966240311 ) ) ;
#5057 = AXIS2_PLACEMENT_3D ( 'NONE', #1635, #2781, #2135 ) ;
#5058 = CIRCLE ( 'NONE', #4571, 1.500000000000001332 ) ;
#5059 = CARTESIAN_POINT ( 'NONE',  ( 32.61023283250555238, 7.499999999999982236, -109.5178890652431107 ) ) ;
#5060 = CIRCLE ( 'NONE', #3588, 4.000000000000003553 ) ;
#5061 = CARTESIAN_POINT ( 'NONE',  ( -29.07045440680816384, 2.999999999999997335, -36.92874439798445962 ) ) ;
#5062 = EDGE_LOOP ( 'NONE', ( #1919, #5810, #1779 ) ) ;
#5063 = CARTESIAN_POINT ( 'NONE',  ( -20.54999999999999361, 0.000000000000000000, -42.23717174866055046 ) ) ;
#5064 = CARTESIAN_POINT ( 'NONE',  ( -9.456461488686358052, 25.00000000000273559, -112.4049389533236933 ) ) ;
#5065 = CARTESIAN_POINT ( 'NONE',  ( 17.34999643441695127, 34.00000000000000000, -104.3500000000004775 ) ) ;
#5066 = ORIENTED_EDGE ( 'NONE', *, *, #4624, .T. ) ;
#5067 = CARTESIAN_POINT ( 'NONE',  ( 26.09237232473383017, 0.000000000000000000, -35.63411689673235827 ) ) ;
#5068 = AXIS2_PLACEMENT_3D ( 'NONE', #200, #2551, #1411 ) ;
#5069 = CARTESIAN_POINT ( 'NONE',  ( -21.88303140907790123, 29.80198456116978178, -31.51292567597044325 ) ) ;
#5070 = CIRCLE ( 'NONE', #1730, 1.499999999999999556 ) ;
#5071 = CARTESIAN_POINT ( 'NONE',  ( 3.018041111989278047E-05, 32.50000000000000000, -68.55960127227743328 ) ) ;
#5072 = VECTOR ( 'NONE', #1934, 1000.000000000000000 ) ;
#5073 = CARTESIAN_POINT ( 'NONE',  ( -23.24703992795699747, 0.000000000000000000, -69.83576722867893238 ) ) ;
#5074 = DIRECTION ( 'NONE',  ( 0.000000000000000000, 0.000000000000000000, 1.000000000000000000 ) ) ;
#5075 = ORIENTED_EDGE ( 'NONE', *, *, #6934, .T. ) ;
#5076 = CARTESIAN_POINT ( 'NONE',  ( -8.615608909046379438, 7.499991161348756208, -2.175921434491162376 ) ) ;
#5077 = FACE_OUTER_BOUND ( 'NONE', #4060, .T. ) ;
#5078 = FACE_BOUND ( 'NONE', #674, .T. ) ;
#5079 = CARTESIAN_POINT ( 'NONE',  ( -26.80750471432940074, 20.80658407031801005, -110.8377788653581888 ) ) ;
#5080 = AXIS2_PLACEMENT_3D ( 'NONE', #5317, #1765, #2368 ) ;
#5081 = CARTESIAN_POINT ( 'NONE',  ( 23.99679002149687079, 26.91693742185896809, -58.74779604081901851 ) ) ;
#5082 = CARTESIAN_POINT ( 'NONE',  ( -6.239609170119212678, 7.262177294720627785, -0.8943254297087162019 ) ) ;
#5083 = ORIENTED_EDGE ( 'NONE', *, *, #846, .T. ) ;
#5084 = CARTESIAN_POINT ( 'NONE',  ( -12.83001777759980833, 32.50000000000000000, -82.34430592514965497 ) ) ;
#5085 = CARTESIAN_POINT ( 'NONE',  ( -23.32667592866190276, 2.999999999999999112, -16.64608992269099375 ) ) ;
#5086 = CARTESIAN_POINT ( 'NONE',  ( -10.83484459754275164, 3.000000000000000000, -134.5797856270644672 ) ) ;
#5087 = CARTESIAN_POINT ( 'NONE',  ( 28.69909214995165669, 7.339029735326092485, -82.75802169266542307 ) ) ;
#5088 = CARTESIAN_POINT ( 'NONE',  ( 22.02499643441695198, 50.10999999999998522, -88.92500187310008641 ) ) ;
#5089 = CARTESIAN_POINT ( 'NONE',  ( -17.05710821708621694, 32.49999999999999289, -105.6124206866092834 ) ) ;
#5090 = CARTESIAN_POINT ( 'NONE',  ( -15.50959726445951503, 25.00000000000045475, -90.30924848131182614 ) ) ;
#5091 = CARTESIAN_POINT ( 'NONE',  ( -12.02316602607761808, 26.49999999999999289, -108.7862020325452477 ) ) ;
#5092 = DIRECTION ( 'NONE',  ( 0.000000000000000000, -0.000000000000000000, -1.000000000000000000 ) ) ;
#5093 = EDGE_CURVE ( 'NONE', #348, #4241, #6907, .T. ) ;
#5094 = CARTESIAN_POINT ( 'NONE',  ( -17.44168393819546736, 32.50280482179149288, -85.15000000000063096 ) ) ;
#5095 = CARTESIAN_POINT ( 'NONE',  ( 28.82989250057472219, 0.000000000000000000, -114.0488325136118846 ) ) ;
#5096 = CARTESIAN_POINT ( 'NONE',  ( 21.97084298251517964, 7.040397645729862042, -14.08343120159164208 ) ) ;
#5097 = EDGE_CURVE ( 'NONE', #3398, #2674, #2422, .T. ) ;
#5098 = CARTESIAN_POINT ( 'NONE',  ( 17.77582744262067393, 32.49999999999996447, -103.5209656029956733 ) ) ;
#5099 = CARTESIAN_POINT ( 'NONE',  ( -26.51610166543441949, 2.999999999999999556, -71.62477670449472100 ) ) ;
#5100 = DIRECTION ( 'NONE',  ( 1.000000000000000000, 0.000000000000000000, 0.000000000000000000 ) ) ;
#5101 = CARTESIAN_POINT ( 'NONE',  ( -14.19841574219890212, 25.00000000000000000, -97.98348647094448438 ) ) ;
#5102 = LINE ( 'NONE', #1623, #2227 ) ;
#5103 = VERTEX_POINT ( 'NONE', #3465 ) ;
#5104 = CARTESIAN_POINT ( 'NONE',  ( 22.64452986740045404, 3.000000000000743849, -15.59378792941105907 ) ) ;
#5105 = CARTESIAN_POINT ( 'NONE',  ( -18.18725462866157727, 18.23539326634442048, -63.02677305728008861 ) ) ;
#5106 = CARTESIAN_POINT ( 'NONE',  ( 20.55000000000000782, 0.1000000000000000056, -42.23717174866054336 ) ) ;
#5107 = CARTESIAN_POINT ( 'NONE',  ( -32.55285011228748715, 3.000000000000000000, -108.1852135908050911 ) ) ;
#5108 = CARTESIAN_POINT ( 'NONE',  ( 18.84999643441695127, 50.10999999999987864, -95.99999944210871661 ) ) ;
#5109 = ORIENTED_EDGE ( 'NONE', *, *, #2431, .F. ) ;
#5110 = CARTESIAN_POINT ( 'NONE',  ( 17.34999643441695127, 32.50000000000000000, -98.46894515066642839 ) ) ;
#5111 = CARTESIAN_POINT ( 'NONE',  ( 17.44168387071442794, 32.50280481765896923, -85.15000000000063096 ) ) ;
#5112 = DIRECTION ( 'NONE',  ( 1.000000000000000000, 0.000000000000000000, 0.000000000000000000 ) ) ;
#5113 = CARTESIAN_POINT ( 'NONE',  ( -18.77027473155218473, 32.50000000000002132, -99.21549452007123193 ) ) ;
#5114 = CARTESIAN_POINT ( 'NONE',  ( 26.58248079447200496, 7.308758205304849653, -55.90732752632364821 ) ) ;
#5115 = CARTESIAN_POINT ( 'NONE',  ( -13.86644828579467514, 17.63865540555268652, -56.29375788277155834 ) ) ;
#5116 = ORIENTED_EDGE ( 'NONE', *, *, #5709, .T. ) ;
#5117 = CARTESIAN_POINT ( 'NONE',  ( -12.20620961982356256, 1.873364556797662138E-13, -4.353952528691777069 ) ) ;
#5118 = CARTESIAN_POINT ( 'NONE',  ( -22.02499643441695198, 50.10999999999998522, -100.5749981269010362 ) ) ;
#5119 = CARTESIAN_POINT ( 'NONE',  ( 24.38021998137443802, 19.89074656563737875, -120.1787015103018916 ) ) ;
#5120 = CARTESIAN_POINT ( 'NONE',  ( 0.000000000000000000, 17.11478652446160709, -48.69670794823103677 ) ) ;
#5121 = CARTESIAN_POINT ( 'NONE',  ( -21.65395462469348331, 21.21120484276789853, -89.88010751499069784 ) ) ;
#5122 = CARTESIAN_POINT ( 'NONE',  ( 6.655479384040130064, 32.50000000000000000, -115.1628503780877963 ) ) ;
#5123 = CARTESIAN_POINT ( 'NONE',  ( 0.9908245270622521028, 25.00000000000000000, -73.29797158581129679 ) ) ;
#5124 = CARTESIAN_POINT ( 'NONE',  ( -20.54999999999999005, 0.1000000000000000056, -83.33717174866055188 ) ) ;
#5125 = CARTESIAN_POINT ( 'NONE',  ( 3.584071985377966119, 7.499127920227097732, -139.7704943644369848 ) ) ;
#5126 = CARTESIAN_POINT ( 'NONE',  ( 16.58635968760679802, -1.865429854826567242E-13, -134.9177214743116053 ) ) ;
#5127 = CARTESIAN_POINT ( 'NONE',  ( 28.50239757867297286, 6.846228271511272112, -28.87085728817282160 ) ) ;
#5128 = EDGE_CURVE ( 'NONE', #155, #7620, #4592, .T. ) ;
#5129 = CARTESIAN_POINT ( 'NONE',  ( 14.57725519439559037, 24.65771063941980401, -122.0615045938068164 ) ) ;
#5130 = LINE ( 'NONE', #5752, #2574 ) ;
#5131 = B_SPLINE_CURVE_WITH_KNOTS ( 'NONE', 3,
 ( #2056, #7472, #344, #5071, #3287 ),
 .UNSPECIFIED., .F., .F.,
 ( 4, 1, 4 ),
 ( 0.3144749335702554660, 0.5000000000000001110, 0.5000003952196694357 ),
 .UNSPECIFIED. ) ;
#5132 = CARTESIAN_POINT ( 'NONE',  ( 10.17274605886354166, 32.50000000000000000, -111.5437733687202808 ) ) ;
#5133 = CARTESIAN_POINT ( 'NONE',  ( 1.065621220529966662, 25.00000000000000000, -116.3087554273065791 ) ) ;
#5134 = CARTESIAN_POINT ( 'NONE',  ( 6.190962748948519945, -8.673617379884035472E-16, -4.368360747404984146 ) ) ;
#5135 = ORIENTED_EDGE ( 'NONE', *, *, #3867, .T. ) ;
#5136 = CARTESIAN_POINT ( 'NONE',  ( 26.43850233919310710, -6.269010794678346272E-12, -22.88385036104230252 ) ) ;
#5137 = CARTESIAN_POINT ( 'NONE',  ( -24.77486686024649742, 7.047361826755045300, -18.74804292972260455 ) ) ;
#5138 = EDGE_CURVE ( 'NONE', #4754, #7602, #3543, .T. ) ;
#5139 = B_SPLINE_SURFACE_WITH_KNOTS ( 'NONE', 3, 3, ( 
 ( #5699, #3672, #1394, #4834, #688, #4791, #3043, #6688, #7151, #7196 ),
 ( #5407, #1353, #3484, #3713, #3085, #6104, #775, #6567, #3752, #2500 ),
 ( #2536, #6069, #5366, #650, #5841, #1277, #100, #1968, #4872, #219 ),
 ( #183, #3126, #2571, #3634, #3160, #4256, #1127, #62, #5489, #4333 ),
 ( #4905, #4945, #731, #2010, #7234, #2458, #6606, #1933, #2415, #814 ),
 ( #7269, #5527, #1897, #4292, #7309, #1316, #5986, #4216, #6415, #6025 ),
 ( #5451, #3002, #1854, #146, #6644, #1578, #5680, #2045, #5567, #4483 ),
 ( #3865, #5096, #3937, #6249, #4407, #4519, #334, #2152, #376, #6840 ),
 ( #6140, #1431, #6763, #5607, #7460, #2688, #5718, #263, #2731, #1542 ),
 ( #1468, #1004, #2076, #6724, #3196, #963, #6876, #2612, #3903, #410 ),
 ( #7494, #5056, #3239, #4444, #7427, #4984, #6285, #3356, #3315, #2763 ),
 ( #5127, #2118, #6177, #4370, #3826, #5643, #3789, #299, #6804, #850 ),
 ( #7351, #891, #2653, #5020, #7387, #1507, #6213, #927, #3276, #2910 ),
 ( #6985, #594, #1687, #4048, #7530, #5897, #6360, #6471, #2949, #7065 ),
 ( #1768, #3392, #4552, #6326, #6912, #4013, #7610, #480, #1069, #5780 ),
 ( #6950, #2837, #3425, #1726, #5205, #5824, #5320, #7572, #2261, #3542 ),
 ( #4628, #2294, #1654, #5275, #4666, #2331, #6393, #2186, #1105, #3468 ),
 ( #4127, #7645, #521, #2873, #1037, #5240, #4596, #7022, #4090, #6435 ),
 ( #1147, #3503, #1184, #5862, #558, #4706, #1618, #3977, #2226, #5749 ),
 ( #441, #2799, #5165, #1924, #1386, #6557, #7224, #6058, #93, #6636 ),
 ( #4783, #766, #138, #173, #1887, #3151, #5400, #7188, #6017, #7261 ),
 ( #4204, #1266, #4825, #2527, #5978, #1845, #5939, #3624, #4896, #641 ),
 ( #6096, #680, #2490, #4742, #4862, #4247, #1961, #4285, #55, #4321 ),
 ( #5480, #3702, #1345, #6511, #1803, #7103, #2408, #3035, #3117, #723 ),
 ( #1221, #6677, #3743, #803, #7143, #17, #2447, #2371, #3583, #4164 ),
 ( #2993, #5356, #6597, #1308, #3664, #3073, #5441, #3232, #1499, #6716 ),
 ( #5669, #4475, #5087, #2037, #6205, #5045, #5597, #2603, #3186, #992 ),
 ( #6792, #5555, #4398, #7342, #954, #2001, #5516, #208, #4363, #4934 ),
 ( #1458, #2644, #361, #919, #2679, #4975, #7414, #3304, #291, #252 ),
 ( #327, #6752, #1422, #7300, #3779, #3816, #6164, #2561, #882, #5011 ),
 ( #6130, #7378, #840, #6831, #7452, #2069, #3267, #2110, #4433, #3857 ),
 ( #5635, #1533, #3894, #6240, #6276, #2720, #2143, #4511, #6866, #1568 ),
 ( #3928, #3456, #1677, #2825, #4078, #5814, #469, #1757, #5195, #7563 ),
 ( #6901, #511, #5740, #2178, #5119, #2755, #7519, #2790, #5708, #4002 ),
 ( #433, #4544, #2251, #6315, #3381, #5156, #547, #1093, #2863, #4038 ),
 ( #4692, #2213, #5230, #1712, #3417, #2286, #7598, #4655, #4587, #7012 ),
 ( #4118, #6351, #6973, #1606, #6425, #7633, #1137, #7486, #6941, #1643 ),
 ( #5853, #1060, #5771, #3969, #4618, #3494, #1026, #6383, #6462, #2897 ),
 ( #401, #5264, #2319, #7055, #3346, #1210, #1337, #4814, #6627, #4853 ),
 ( #7, #2935, #5887, #3569, #2399, #4276, #7176, #2519, #2360, #2479 ),
 ( #4889, #5926, #5470, #6544, #3530, #4733, #3064, #3693, #7093, #712 ),
 ( #1793, #582, #1915, #3654, #4237, #4153, #124, #5968, #7252, #755 ),
 ( #1877, #5429, #1255, #631, #6500, #4312, #5347, #2436, #2982, #45 ),
 ( #6046, #5307, #1175, #4772, #7132, #1833, #164, #4191, #670, #3106 ),
 ( #6007, #3615, #7215, #1952, #3024, #5390, #83, #6587, #1297, #5508 ),
 ( #6086, #3179, #6122, #1377, #7333, #3770, #832, #201, #3808, #1992 ),
 ( #5546, #3886, #4425, #1490, #7369, #911, #352, #241, #6197, #5037 ),
 ( #1450, #6782, #2595, #7404, #3849, #6823, #871, #2136, #4388, #6155 ),
 ( #6232, #2099, #3223, #5003, #2553, #2029, #1412, #6743, #4966, #5589 ),
 ( #283, #2636, #5660, #2062, #3259, #5627, #2709, #318, #2670, #4466 ),
 ( #7291, #1525, #946, #3295, #5079, #7445, #6666, #3734, #794, #3143 ),
 ( #4925, #4355, #6707, #5806, #6967, #5843, #6894, #1129, #2205, #6859 ),
 ( #6378, #2279, #393, #4032, #539, #6344, #7627, #2817, #3374, #4575 ),
 ( #5701, #6417, #4647, #3446, #2890, #1704, #4504, #4069, #2747, #1560 ),
 ( #3921, #6308, #2244, #2782, #5733, #426, #1019, #1595, #5149, #7512 ),
 ( #6933, #462, #5257, #1636, #3994, #6268, #5113, #1053, #4612, #3958 ),
 ( #1671, #7005, #3410, #982, #5764, #5188, #7554, #3486, #7591, #1087 ),
 ( #3336, #503, #2854, #5222, #7479, #2171, #4537, #1787, #4144, #1329 ),
 ( #6491, #5960, #6037, #3016, #4763, #662, #4845, #2927, #4805, #1289 ),
 ( #5381, #75, #2427, #5462, #5340, #7165, #2392, #4683, #2471, #7207 ),
 ( #114, #1203, #1869, #5297, #744, #3684, #1907, #4229, #3098, #6579 ),
 ( #5999, #7669, #1750, #3056, #3646, #702, #2353, #5419, #7123, #2312 ),
 ( #3561, #5916, #4268, #6618, #622, #7047, #7086, #3607, #4111, #2975 ),
 ( #6454, #1165, #3521, #5879, #574, #4726, #37, #1823, #4182, #6533 ),
 ( #1246, #274, #4958, #6222, #7322, #2020, #5500, #3876, #4347, #4455 ),
 ( #6814, #2546, #6699, #3799, #936, #860, #2585, #6150, #2662, #787 ),
 ( #6774, #3212, #5581, #2626, #4994, #3284, #3172, #7362, #232, #2512 ),
 ( #5029, #6187, #5616, #1981, #2055, #3137, #157, #1517, #307, #4417 ),
 ( #1479, #7396, #4380, #3839, #194, #7245, #901, #3248, #2086, #4918 ),
 ( #6734, #4882, #1945, #1405, #3763, #4305, #6656, #6115, #1368, #7281 ),
 ( #3726, #825, #1442, #6079, #5539, #2128, #5174, #2844, #6957, #3325 ),
 ( #1586, #2773, #491, #6334, #2806, #5105, #7541, #1077, #3365, #5691 ),
 ( #450, #385, #4493, #7435, #5069, #2161, #7470, #343, #6298, #2739 ),
 ( #6850, #5137, #973, #4527, #6885, #5212, #3400, #2234, #1045, #4602 ),
 ( #3946, #1012, #6994, #6258, #417, #5757, #5726, #6368, #1661, #5791 ),
 ( #1116, #7502, #2192, #3985, #7580, #3433, #4560, #4021, #1550, #6923 ),
 ( #1626, #2268, #4636, #1694, #4057, #6402, #5652, #2697, #3912, #4835 ),
 ( #3003, #1855, #3551, #2416, #651, #5367, #2917, #4792, #7197, #4257 ),
 ( #7112, #7032, #7152, #101, #4218, #2881, #7656, #4712, #607, #5987 ),
 ( #5285, #1739, #2343, #3635, #4098, #1776, #1898, #7074, #5949, #529 ),
 ( #25, #3044, #63, #3511, #689, #1811, #1278, #6568, #5408, #2302 ),
 ( #6480, #6520, #5904, #5832, #2459, #6607, #3474, #5247, #4133, #7618 ) ),
 .UNSPECIFIED., .T., .F., .F.,
 ( 4, 1, 1, 1, 1, 1, 1, 1, 1, 1, 1, 1, 1, 1, 1, 1, 1, 1, 1, 1, 1, 1, 1, 1, 1, 1, 1, 1, 1, 1, 1, 1, 1, 1, 1, 1, 1, 1, 1, 2, 1, 1, 1, 1, 1, 1, 1, 1, 1, 1, 1, 1, 1, 1, 1, 1, 1, 1, 1, 1, 1, 1, 1, 1, 1, 1, 1, 1, 1, 1, 1, 1, 1, 1, 1, 1, 1, 1, 4 ),
 ( 4, 3, 3, 4 ),
 ( 0.000000000000000000, 0.007812982888208681517, 0.01562596577641736303, 0.03125193155283472607, 0.04687789732925206482, 0.06250386310566945214, 0.07812982888208680476, 0.09375579465850412964, 0.1093817604349215378, 0.1171947433231302210, 0.1250077262113389043, 0.1328207090995474904, 0.1406336919877562430, 0.1562596577641736095, 0.1718856235405909760, 0.1875115893170082593, 0.1953245722052170119, 0.2031375550934256258, 0.2109505379816343784, 0.2187635208698430755, 0.2265765037580517449, 0.2343894866462604420, 0.2422024695344691114, 0.2500154524226778086, 0.2656414181990949808, 0.2812673839755124860, 0.2968933497519298248, 0.3125193155283472191, 0.3281452813047645578, 0.3437712470811819521, 0.3593972128575992908, 0.3750231786340165185, 0.3906491444104340238, 0.4062751101868512515, 0.4219010759632687568, 0.4375270417396861511, 0.4531530075161034898, 0.4687789732925208841, 0.4844049390689382228, 0.5000309048453556171, 0.5156549390689383339, 0.5312789732925209396, 0.5469030075161035453, 0.5625270417396862621, 0.5781510759632688679, 0.5937751101868515846, 0.6093991444104341904, 0.6250231786340167961, 0.6406472128575994018, 0.6562712470811821186, 0.6718952813047647243, 0.6875193155283473301, 0.7031433497519299358, 0.7187673839755126526, 0.7343914181990953693, 0.7500154524226778641, 0.7578274695344691114, 0.7656394866462603588, 0.7734515037580518282, 0.7812635208698431866, 0.7890755379816343229, 0.7968875550934257923, 0.8046995722052171507, 0.8125115893170085091, 0.8281356235405910038, 0.8437596577641737206, 0.8593836919877564373, 0.8671957090995476847, 0.8750077262113389320, 0.8828197433231301794, 0.8906317604349215378, 0.9062557946585043656, 0.9218798288820868603, 0.9375038631056695770, 0.9531278973292520718, 0.9687519315528347885, 0.9843759657764175053, 0.9921879828882087526, 1.000000000000000000 ),
 ( -0.01000000000000000021, 0.000000000000000000, 1.000000000000000000, 1.010099999999999998 ),
 .UNSPECIFIED. ) ;
#5140 = CARTESIAN_POINT ( 'NONE',  ( -20.54999999999999005, 0.000000000000000000, -83.33717174866055188 ) ) ;
#5141 = CARTESIAN_POINT ( 'NONE',  ( -30.07885577008969946, 2.999999999997061906, -89.04844231133566268 ) ) ;
#5142 = DIRECTION ( 'NONE',  ( 0.000000000000000000, 0.000000000000000000, -1.000000000000000000 ) ) ;
#5143 = CARTESIAN_POINT ( 'NONE',  ( -24.81997938361298139, 0.000000000000000000, -27.47810281686567180 ) ) ;
#5144 = CARTESIAN_POINT ( 'NONE',  ( -24.33995382185499778, 0.000000000000000000, -50.81502616448442211 ) ) ;
#5145 = VERTEX_POINT ( 'NONE', #3500 ) ;
#5146 = CARTESIAN_POINT ( 'NONE',  ( -10.94314055870241731, 7.499991638027950991, -3.508556836430978265 ) ) ;
#5147 = DIRECTION ( 'NONE',  ( 0.000000000000000000, 0.000000000000000000, -1.000000000000000000 ) ) ;
#5148 = CARTESIAN_POINT ( 'NONE',  ( 25.52499643441252886, 20.34089062410322057, -104.3500000000004206 ) ) ;
#5149 = CARTESIAN_POINT ( 'NONE',  ( -18.27176039560581344, 32.70663066423568921, -101.4384735572405276 ) ) ;
#5150 = CARTESIAN_POINT ( 'NONE',  ( 21.02970286010488721, 19.84540383135182751, -78.25397415563867298 ) ) ;
#5151 = CARTESIAN_POINT ( 'NONE',  ( -2.550037909170335126, 32.65511715125009573, -69.02321280267011616 ) ) ;
#5152 = VERTEX_POINT ( 'NONE', #4663 ) ;
#5153 = CARTESIAN_POINT ( 'NONE',  ( 10.26535207000572925, 3.000000000000000000, -134.8313558144964475 ) ) ;
#5154 = DIRECTION ( 'NONE',  ( -1.000000000000000000, -0.000000000000000000, -0.000000000000000000 ) ) ;
#5155 = CARTESIAN_POINT ( 'NONE',  ( -18.84999643441695127, 50.10999999999998522, -94.75000000000055422 ) ) ;
#5156 = CARTESIAN_POINT ( 'NONE',  ( 16.75334060940306102, 24.44205784814363014, -119.6519473603730006 ) ) ;
#5157 = CARTESIAN_POINT ( 'NONE',  ( 0.9080515773680394309, 6.785220137735930912, 0.3567044011520390523 ) ) ;
#5158 = CARTESIAN_POINT ( 'NONE',  ( -26.77564143410655362, 7.327883865694452048, -73.00774386923687587 ) ) ;
#5159 = CARTESIAN_POINT ( 'NONE',  ( 5.756069440391414105, 32.50000000000000000, -115.8356317621981759 ) ) ;
#5160 = FACE_OUTER_BOUND ( 'NONE', #2387, .T. ) ;
#5161 = CARTESIAN_POINT ( 'NONE',  ( -14.56937172513307743, 25.03967954040109589, -91.43927867276046584 ) ) ;
#5162 = CARTESIAN_POINT ( 'NONE',  ( 13.76587041332742878, 7.499973350109157444, -136.5502269882483688 ) ) ;
#5163 = CARTESIAN_POINT ( 'NONE',  ( -1.713435755356122581, 2.602085213965210642E-15, -136.9402341626757789 ) ) ;
#5164 = CARTESIAN_POINT ( 'NONE',  ( 26.67121252541148735, -0.000000000000000000, -87.56628941498851759 ) ) ;
#5165 = CARTESIAN_POINT ( 'NONE',  ( 26.25365929187024250, 7.311721559730781195, -58.59816320837592940 ) ) ;
#5166 = CARTESIAN_POINT ( 'NONE',  ( 6.258590460730165006, 32.65173078104290738, -119.1452050104121838 ) ) ;
#5167 = DIRECTION ( 'NONE',  ( -0.000000000000000000, 1.000000000000000000, -0.000000000000000000 ) ) ;
#5168 =( GEOMETRIC_REPRESENTATION_CONTEXT ( 3 ) GLOBAL_UNCERTAINTY_ASSIGNED_CONTEXT ( ( #7581 ) ) GLOBAL_UNIT_ASSIGNED_CONTEXT ( ( #940, #2665, #7399 ) ) REPRESENTATION_CONTEXT ( 'NONE', 'WORKASPACE' ) );
#5169 = CARTESIAN_POINT ( 'NONE',  ( -22.02499643441695198, 50.10999999999998522, -104.3500000000004775 ) ) ;
#5170 = CARTESIAN_POINT ( 'NONE',  ( -1.292375998255833158, 26.49999999999817035, -117.7959356534303055 ) ) ;
#5171 = CARTESIAN_POINT ( 'NONE',  ( 10.63956118484107627, -8.673617379884035472E-16, -6.910290547910341807 ) ) ;
#5172 = ORIENTED_EDGE ( 'NONE', *, *, #2380, .T. ) ;
#5173 = CARTESIAN_POINT ( 'NONE',  ( 26.48395005847514483, 3.000000000000000000, -56.45235923398878697 ) ) ;
#5174 = CARTESIAN_POINT ( 'NONE',  ( -14.05403000495682164, 32.49999999999998579, -78.10636360516996035 ) ) ;
#5175 = AXIS2_PLACEMENT_3D ( 'NONE', #2990, #3115, #52 ) ;
#5176 = SPHERICAL_SURFACE ( 'NONE', #4456, 1.500000000000000000 ) ;
#5177 = ORIENTED_EDGE ( 'NONE', *, *, #707, .T. ) ;
#5178 = CARTESIAN_POINT ( 'NONE',  ( -30.71404444888919372, -1.807693983800551512E-13, -118.2910971012310739 ) ) ;
#5179 = CARTESIAN_POINT ( 'NONE',  ( 19.97562981740244226, 27.50598157718031445, -85.15000000000065938 ) ) ;
#5180 = CARTESIAN_POINT ( 'NONE',  ( 8.094919137080166749, 3.000000000000000444, -5.308942840999964830 ) ) ;
#5181 = CARTESIAN_POINT ( 'NONE',  ( -24.90777260028887596, 0.000000000000000000, -47.48586922300960822 ) ) ;
#5182 = ORIENTED_EDGE ( 'NONE', *, *, #3004, .T. ) ;
#5183 = CARTESIAN_POINT ( 'NONE',  ( -13.86631050399031650, 7.499771229667508976, -5.600555677427331958 ) ) ;
#5184 = AXIS2_PLACEMENT_3D ( 'NONE', #1592, #5147, #4573 ) ;
#5185 = VECTOR ( 'NONE', #3013, 1000.000000000000000 ) ;
#5186 = EDGE_CURVE ( 'NONE', #306, #4157, #2214, .T. ) ;
#5187 = CARTESIAN_POINT ( 'NONE',  ( -18.84999643441695483, 50.10999999999987864, -93.50000055789237763 ) ) ;
#5188 = CARTESIAN_POINT ( 'NONE',  ( -21.86419764174985758, 21.52631394417608135, -92.51977616615326383 ) ) ;
#5189 = CARTESIAN_POINT ( 'NONE',  ( 16.98133758558586948, 32.76630445031484840, -84.21765245930329513 ) ) ;
#5190 = CARTESIAN_POINT ( 'NONE',  ( -11.92323052529643235, 31.01435625790407968, -16.94732296992395959 ) ) ;
#5191 = EDGE_LOOP ( 'NONE', ( #1515, #3990, #906, #11, #5543, #531 ) ) ;
#5192 = CARTESIAN_POINT ( 'NONE',  ( 15.29494587782434500, 32.50000000000000000, -89.13863743163039999 ) ) ;
#5193 = CARTESIAN_POINT ( 'NONE',  ( -4.353636842477696334, 0.000000000000000000, -3.692205037290404057 ) ) ;
#5194 = DIRECTION ( 'NONE',  ( -1.000000000000000000, -0.000000000000000000, -0.000000000000000000 ) ) ;
#5195 = CARTESIAN_POINT ( 'NONE',  ( 13.95144337230298248, 32.67321334403134614, -111.4704268687434592 ) ) ;
#5196 = DIRECTION ( 'NONE',  ( 0.7071067811865455743, 0.7071067811865494601, -0.000000000000000000 ) ) ;
#5197 = CARTESIAN_POINT ( 'NONE',  ( -23.71369130157290428, 25.42333524137403344, -71.28849187590036252 ) ) ;
#5198 = ORIENTED_EDGE ( 'NONE', *, *, #1825, .T. ) ;
#5199 = CARTESIAN_POINT ( 'NONE',  ( 13.54924004845323715, 26.50000000000000355, -105.7510314961747611 ) ) ;
#5200 = LINE ( 'NONE', #6355, #5793 ) ;
#5201 = DIRECTION ( 'NONE',  ( -0.000000000000000000, 1.000000000000000000, -0.000000000000000000 ) ) ;
#5202 = CARTESIAN_POINT ( 'NONE',  ( 26.30642669448825544, 7.499664783283960467, -69.61228831524006466 ) ) ;
#5203 = CARTESIAN_POINT ( 'NONE',  ( -21.23208003825669721, -2.602085213965210642E-15, -127.3883030920001147 ) ) ;
#5204 = CARTESIAN_POINT ( 'NONE',  ( 27.05489364071711123, 0.000000000000000000, -89.29231257416782341 ) ) ;
#5205 = CARTESIAN_POINT ( 'NONE',  ( 24.58106436558314556, 27.77076509549348415, -51.36259038723365222 ) ) ;
#5206 = CARTESIAN_POINT ( 'NONE',  ( 5.446017554233178792, 7.175214275145758158, -139.6801674495990540 ) ) ;
#5207 = CARTESIAN_POINT ( 'NONE',  ( -3.999999999999998224, 6.500000000000000888, -94.80960127224460621 ) ) ;
#5208 = CARTESIAN_POINT ( 'NONE',  ( 14.17499646065027541, 25.00000000000000000, -98.25668410533535280 ) ) ;
#5209 = CARTESIAN_POINT ( 'NONE',  ( 4.228852898239501279, 24.99999999999998579, -116.7679670370863221 ) ) ;
#5210 = DIRECTION ( 'NONE',  ( 1.000000000000000000, 0.000000000000000000, 0.000000000000000000 ) ) ;
#5211 = CARTESIAN_POINT ( 'NONE',  ( 23.23185341666701476, 0.000000000000000000, -58.60563697026172747 ) ) ;
#5212 = CARTESIAN_POINT ( 'NONE',  ( -15.82866835113547843, 17.85430819682893500, -58.85159456547547308 ) ) ;
#5213 = LINE ( 'NONE', #1778, #2955 ) ;
#5214 = EDGE_LOOP ( 'NONE', ( #4749, #3924, #1382, #1114 ) ) ;
#5215 = CARTESIAN_POINT ( 'NONE',  ( -30.07885576963662189, -1.543152775398792184E-11, -89.04844231143741240 ) ) ;
#5216 = CARTESIAN_POINT ( 'NONE',  ( -8.324735694634664895, 32.50000000000000000, -75.97193207799767833 ) ) ;
#5217 = CARTESIAN_POINT ( 'NONE',  ( 4.213477987990939866, 2.999999999999999556, -3.648987137795249858 ) ) ;
#5218 = ORIENTED_EDGE ( 'NONE', *, *, #7311, .T. ) ;
#5219 = CARTESIAN_POINT ( 'NONE',  ( -22.02499643441695198, 57.10999812690045729, -93.57500000000055707 ) ) ;
#5220 = DIRECTION ( 'NONE',  ( -0.7071067811865429098, -0.7071067811865522357, 0.000000000000000000 ) ) ;
#5221 = FACE_BOUND ( 'NONE', #3028, .T. ) ;
#5222 = CARTESIAN_POINT ( 'NONE',  ( -26.75015956802167949, 7.499999999999986677, -73.04889443970148477 ) ) ;
#5223 = EDGE_CURVE ( 'NONE', #4157, #2846, #518, .T. ) ;
#5224 = CARTESIAN_POINT ( 'NONE',  ( -18.60394619783847148, 7.267241430922738665, -9.884365310546499472 ) ) ;
#5225 = CARTESIAN_POINT ( 'NONE',  ( -13.28902803228074703, 26.49999999999820588, -83.25407408605337878 ) ) ;
#5226 = ORIENTED_EDGE ( 'NONE', *, *, #5278, .F. ) ;
#5227 = CARTESIAN_POINT ( 'NONE',  ( 18.58235766534593481, 3.000000000000000888, -129.7950513905621222 ) ) ;
#5228 = CARTESIAN_POINT ( 'NONE',  ( -1.405723577351791098, 0.000000000000000000, -3.068264061317578673 ) ) ;
#5229 = CARTESIAN_POINT ( 'NONE',  ( 0.000000000000000000, 17.11478652433595826, -48.69670794855645113 ) ) ;
#5230 = CARTESIAN_POINT ( 'NONE',  ( 24.06985407721393244, 7.383533714069134390, -129.0049204883392520 ) ) ;
#5231 = CARTESIAN_POINT ( 'NONE',  ( -18.84999643441695127, 50.10999999999998522, -87.75000187310008926 ) ) ;
#5232 = CARTESIAN_POINT ( 'NONE',  ( -18.73695984563720529, 32.60704494374781603, -99.25134333842532897 ) ) ;
#5233 = VERTEX_POINT ( 'NONE', #2869 ) ;
#5234 = CARTESIAN_POINT ( 'NONE',  ( 13.08061694366325867, 26.50000000000000355, -106.7692129540690615 ) ) ;
#5235 = CARTESIAN_POINT ( 'NONE',  ( -1.074127434884722732, 24.99999999999999645, -73.31260097148265231 ) ) ;
#5236 = CARTESIAN_POINT ( 'NONE',  ( -15.66525957898985055, 26.30333310500078525, -91.36318736530505191 ) ) ;
#5237 = CARTESIAN_POINT ( 'NONE',  ( 32.46066664073362062, 7.500135068873523991, -103.8048655573328318 ) ) ;
#5238 = CARTESIAN_POINT ( 'NONE',  ( -6.777887370063751860, 2.999999999999999556, -136.0931504691731959 ) ) ;
#5239 = CARTESIAN_POINT ( 'NONE',  ( 26.52029736739410382, -0.000000000000000000, -86.89347754487819486 ) ) ;
#5240 = CARTESIAN_POINT ( 'NONE',  ( 21.02970286010488721, 19.84540383135182751, -78.25397415563867298 ) ) ;
#5241 = EDGE_CURVE ( 'NONE', #5952, #3331, #4684, .T. ) ;
#5242 = CARTESIAN_POINT ( 'NONE',  ( 1.808980800142327094, 7.391992491022109313, -140.0210990606072414 ) ) ;
#5243 = CARTESIAN_POINT ( 'NONE',  ( -3.999999999999997335, 5.783657943204265628, -93.64169871151155178 ) ) ;
#5244 = CARTESIAN_POINT ( 'NONE',  ( 6.197834640524473748, 26.50000000000000355, -115.5173355641592963 ) ) ;
#5245 = CARTESIAN_POINT ( 'NONE',  ( 0.3723160355372223673, 8.673617379884035472E-16, -2.998380190225069075 ) ) ;
#5246 = CARTESIAN_POINT ( 'NONE',  ( 26.91760230137574084, 3.000000000000000000, -74.16857551794561232 ) ) ;
#5247 = CARTESIAN_POINT ( 'NONE',  ( -4.298474011628361829E-15, 32.65539065610294500, -68.76021649481717191 ) ) ;
#5248 = PLANE ( 'NONE',  #1109 ) ;
#5249 = ORIENTED_EDGE ( 'NONE', *, *, #2957, .T. ) ;
#5250 = CARTESIAN_POINT ( 'NONE',  ( 15.07385973922751177, 3.000000000000000000, -135.8139476728290731 ) ) ;
#5251 = CARTESIAN_POINT ( 'NONE',  ( -5.756069468244158216, 26.50000000000000355, -73.78357079659134854 ) ) ;
#5252 = CARTESIAN_POINT ( 'NONE',  ( -6.983343637064693077, 3.000000000000000444, -4.733641878838369621 ) ) ;
#5253 = CARTESIAN_POINT ( 'NONE',  ( -24.04867596023347431, 0.000000000000000000, -52.56305911125179620 ) ) ;
#5254 = EDGE_LOOP ( 'NONE', ( #7279, #5116, #66, #5024 ) ) ;
#5255 = CARTESIAN_POINT ( 'NONE',  ( -9.150226121163800741, 25.00000000000000355, -110.3794819121980026 ) ) ;
#5256 = DIRECTION ( 'NONE',  ( -1.000000000000000000, -0.000000000000000000, -0.000000000000000000 ) ) ;
#5257 = CARTESIAN_POINT ( 'NONE',  ( -28.69895003666348288, 7.339029735326071169, -82.75737265750296956 ) ) ;
#5258 = CARTESIAN_POINT ( 'NONE',  ( -0.3969659443945611210, 3.903127820947857772E-15, -140.0142842357889492 ) ) ;
#5259 = CARTESIAN_POINT ( 'NONE',  ( -15.23655074350287464, 26.50000000000000355, -88.95598752588063007 ) ) ;
#5260 = VERTEX_POINT ( 'NONE', #7606 ) ;
#5261 = CARTESIAN_POINT ( 'NONE',  ( 17.61867654255292592, 3.000000000000000000, -130.5477263782803732 ) ) ;
#5262 = CARTESIAN_POINT ( 'NONE',  ( 15.63465815194094333, 5.538664240583151521E-13, -7.128811628230776520 ) ) ;
#5263 = CARTESIAN_POINT ( 'NONE',  ( 7.904152495038526460, 26.49999999999999645, -75.52582844251648453 ) ) ;
#5264 = CARTESIAN_POINT ( 'NONE',  ( 10.66576682045627855, 7.281281989408891597, -138.1047646510547793 ) ) ;
#5265 = CARTESIAN_POINT ( 'NONE',  ( 24.77389610340495096, 7.047361826755028424, -18.74620476390339974 ) ) ;
#5266 = CARTESIAN_POINT ( 'NONE',  ( -20.95965326565800879, 19.60710257341191465, -76.17623689468632620 ) ) ;
#5267 = CARTESIAN_POINT ( 'NONE',  ( 25.12783341012178440, 1.734723475976807094E-15, -122.6412635211707567 ) ) ;
#5268 = ORIENTED_EDGE ( 'NONE', *, *, #1644, .T. ) ;
#5269 = DIRECTION ( 'NONE',  ( 0.000000000000000000, 1.000000000000000000, 0.000000000000000000 ) ) ;
#5270 = EDGE_CURVE ( 'NONE', #6370, #4754, #6667, .T. ) ;
#5271 = CARTESIAN_POINT ( 'NONE',  ( 20.82118710694333785, 2.999999999999999112, -18.36303963930707539 ) ) ;
#5272 = DIRECTION ( 'NONE',  ( 0.000000000000000000, 0.000000000000000000, -1.000000000000000000 ) ) ;
#5273 = CARTESIAN_POINT ( 'NONE',  ( -0.8580971260882350737, 3.000000000000004885, -136.9849111982954923 ) ) ;
#5274 = CARTESIAN_POINT ( 'NONE',  ( 26.50544196316354828, 0.000000000000000000, -86.82727029017253528 ) ) ;
#5275 = CARTESIAN_POINT ( 'NONE',  ( 27.56749763651868079, 7.500000000000013323, -49.72211935852730136 ) ) ;
#5276 = EDGE_CURVE ( 'NONE', #4916, #6616, #6309, .T. ) ;
#5277 = CARTESIAN_POINT ( 'NONE',  ( 1.816103154736415259, 7.175977473066327939, -140.0632971818217243 ) ) ;
#5278 = EDGE_CURVE ( 'NONE', #5614, #4892, #2160, .T. ) ;
#5279 = LINE ( 'NONE', #7648, #4443 ) ;
#5280 = CARTESIAN_POINT ( 'NONE',  ( -18.84999643441695127, 50.10999999999998522, -94.75000000000055422 ) ) ;
#5281 = CARTESIAN_POINT ( 'NONE',  ( -4.724554645655656415, 25.00000000000000355, -116.4933263968954691 ) ) ;
#5282 = CARTESIAN_POINT ( 'NONE',  ( 17.34998630271201847, 32.49999999999998579, -104.7392667752731228 ) ) ;
#5283 = ORIENTED_EDGE ( 'NONE', *, *, #2491, .T. ) ;
#5284 = CARTESIAN_POINT ( 'NONE',  ( 26.40267305261115993, -8.088238160368698092E-12, -70.91054675697647269 ) ) ;
#5285 = CARTESIAN_POINT ( 'NONE',  ( -2.723252536592303041, 6.785410937216075133, 0.2019925310403718477 ) ) ;
#5286 = VECTOR ( 'NONE', #5727, 1000.000000000000000 ) ;
#5287 = DIRECTION ( 'NONE',  ( -1.000000000000000000, 0.000000000000000000, 0.000000000000000000 ) ) ;
#5288 = ORIENTED_EDGE ( 'NONE', *, *, #3914, .T. ) ;
#5289 = LINE ( 'NONE', #1780, #3708 ) ;
#5290 = CARTESIAN_POINT ( 'NONE',  ( 20.94192811415765476, 25.64101272034318768, -85.15000000000067359 ) ) ;
#5291 = CARTESIAN_POINT ( 'NONE',  ( -5.372787601427692294, 3.000000000000000000, -4.021394176586436053 ) ) ;
#5292 = B_SPLINE_CURVE_WITH_KNOTS ( 'NONE', 3,
 ( #677, #6468, #3031, #5397 ),
 .UNSPECIFIED., .F., .F.,
 ( 4, 4 ),
 ( 0.000000000000000000, 0.0004107474762979558178 ),
 .UNSPECIFIED. ) ;
#5293 = CARTESIAN_POINT ( 'NONE',  ( -24.90819857694152972, -0.000000000000000000, -47.48332948944518961 ) ) ;
#5294 = ORIENTED_EDGE ( 'NONE', *, *, #2766, .T. ) ;
#5295 = CARTESIAN_POINT ( 'NONE',  ( -15.47681836468172811, 25.74842263813848930, -98.24252983512681681 ) ) ;
#5296 = DIRECTION ( 'NONE',  ( 0.7071067811865493491, -0.7071067811865455743, 0.000000000000000000 ) ) ;
#5297 = CARTESIAN_POINT ( 'NONE',  ( -25.96233296120263034, 7.499999999999999112, -64.05955718940748511 ) ) ;
#5298 = VECTOR ( 'NONE', #3000, 1000.000000000000000 ) ;
#5299 = CIRCLE ( 'NONE', #2330, 1.174999999999995381 ) ;
#5300 = CARTESIAN_POINT ( 'NONE',  ( -4.255493527005604903E-15, 32.50000000000000000, -68.55960127224463463 ) ) ;
#5301 = CARTESIAN_POINT ( 'NONE',  ( -5.299104358594092901, 25.00000000000000000, -75.30385491862250547 ) ) ;
#5302 = CIRCLE ( 'NONE', #6668, 35.50515546662079203 ) ;
#5303 = VERTEX_POINT ( 'NONE', #5124 ) ;
#5304 = CARTESIAN_POINT ( 'NONE',  ( 8.645978027430832038E-05, 3.000000000000000000, 4.689895577349147082 ) ) ;
#5305 = CARTESIAN_POINT ( 'NONE',  ( 12.72897118207083800, 5.577170261221086386E-13, -4.731959395309613292 ) ) ;
#5306 = CARTESIAN_POINT ( 'NONE',  ( -15.67499646296582938, 25.00000000000000000, -98.25617004468698212 ) ) ;
#5307 = CARTESIAN_POINT ( 'NONE',  ( -10.66683608540954076, 7.281281989408888933, -138.1043737487253225 ) ) ;
#5308 = AXIS2_PLACEMENT_3D ( 'NONE', #2788, #5154, #7517 ) ;
#5309 = CARTESIAN_POINT ( 'NONE',  ( 3.784048783757044898, 17.14186621286387435, -49.20469409102184954 ) ) ;
#5310 = CARTESIAN_POINT ( 'NONE',  ( -21.17217989800417399, 20.39561386388874809, -82.98162543445793915 ) ) ;
#5311 = CARTESIAN_POINT ( 'NONE',  ( 10.82476775378147771, 1.734723475976807094E-15, -134.5919492745163666 ) ) ;
#5312 = VERTEX_POINT ( 'NONE', #2444 ) ;
#5313 = CARTESIAN_POINT ( 'NONE',  ( -8.321927384922057414, 26.50000000000000355, -113.6499688252051499 ) ) ;
#5314 = VECTOR ( 'NONE', #501, 1000.000000000000000 ) ;
#5315 = CARTESIAN_POINT ( 'NONE',  ( -28.96946497575423862, 3.000000000000000000, -39.70391231078559713 ) ) ;
#5316 = CARTESIAN_POINT ( 'NONE',  ( 25.66820065370868775, 17.48413775095837863, -85.15000000000063096 ) ) ;
#5317 = CARTESIAN_POINT ( 'NONE',  ( 0.000000000000000000, 0.000000000000000000, 0.000000000000000000 ) ) ;
#5318 = CARTESIAN_POINT ( 'NONE',  ( -13.82018885177476086, 1.734723475976807094E-15, -133.0762360322072766 ) ) ;
#5319 = CARTESIAN_POINT ( 'NONE',  ( 29.44772764708278601, -0.000000000000000000, -103.6511989641939095 ) ) ;
#5320 = CARTESIAN_POINT ( 'NONE',  ( 17.05732732964880682, 32.49999999999998579, -84.00736115893062106 ) ) ;
#5321 = PRODUCT_DEFINITION_FORMATION_WITH_SPECIFIED_SOURCE ( 'ANY', '', #4650, .NOT_KNOWN. ) ;
#5322 = FACE_OUTER_BOUND ( 'NONE', #7314, .T. ) ;
#5323 = CARTESIAN_POINT ( 'NONE',  ( -6.227088367139669955, 32.72759617156427225, -119.0777263987439483 ) ) ;
#5324 = EDGE_CURVE ( 'NONE', #7620, #4558, #135, .T. ) ;
#5325 = CARTESIAN_POINT ( 'NONE',  ( 11.74267325959298169, 25.00000000000000355, -80.36392954328510996 ) ) ;
#5326 = CARTESIAN_POINT ( 'NONE',  ( -5.753748404860860255, 32.50000000000000000, -115.8371714097891925 ) ) ;
#5327 = CARTESIAN_POINT ( 'NONE',  ( 13.77478174631854735, 25.00000000000000000, -100.3254524850965907 ) ) ;
#5328 = CARTESIAN_POINT ( 'NONE',  ( -21.23208003825669721, -8.673617379884035472E-16, -127.3883030920001147 ) ) ;
#5329 = CARTESIAN_POINT ( 'NONE',  ( 30.10024576092462212, 3.000000000000746958, -89.15902072611953599 ) ) ;
#5330 = CARTESIAN_POINT ( 'NONE',  ( 25.36762790276149815, 23.59702646739175691, -86.30372991185974740 ) ) ;
#5331 = CARTESIAN_POINT ( 'NONE',  ( -6.980330998037764800, 3.000000000000005329, -139.1427819963878676 ) ) ;
#5332 = VERTEX_POINT ( 'NONE', #5936 ) ;
#5333 = CARTESIAN_POINT ( 'NONE',  ( 17.34666617086090667, 3.000000000000000888, -134.4276670013474586 ) ) ;
#5334 = CARTESIAN_POINT ( 'NONE',  ( -13.76808828637284954, 32.50000000000000000, -84.38217795417376976 ) ) ;
#5335 = CARTESIAN_POINT ( 'NONE',  ( 3.969508938060175574, 3.000000000000000000, -3.577870645496146196 ) ) ;
#5336 = CARTESIAN_POINT ( 'NONE',  ( -23.36815295964165173, -0.000000000000000000, -57.36281427052259829 ) ) ;
#5337 = EDGE_LOOP ( 'NONE', ( #4174, #552 ) ) ;
#5338 = CARTESIAN_POINT ( 'NONE',  ( -15.36793368814594452, 25.58539102813027100, -98.23501240272575785 ) ) ;
#5339 = CARTESIAN_POINT ( 'NONE',  ( 31.72938971987592538, 2.999999999999999556, -115.0499953230226424 ) ) ;
#5340 = CARTESIAN_POINT ( 'NONE',  ( -23.71369130157290428, 25.42333524137403344, -71.28849187590036252 ) ) ;
#5341 = CARTESIAN_POINT ( 'NONE',  ( 0.4973553721313416776, 1.301042606982605321E-15, -137.0099531893606013 ) ) ;
#5342 = CARTESIAN_POINT ( 'NONE',  ( -9.826274289684695518, 26.50000000000000355, -77.63076551840721606 ) ) ;
#5343 = VERTEX_POINT ( 'NONE', #591 ) ;
#5344 = DIRECTION ( 'NONE',  ( 0.000000000000000000, 0.000000000000000000, -1.000000000000000000 ) ) ;
#5345 = CARTESIAN_POINT ( 'NONE',  ( 11.17386229000672238, 9.629649721936179265E-32, -3.642318185248243356 ) ) ;
#5346 = DIRECTION ( 'NONE',  ( -0.000000000000000000, 1.000000000000000000, -0.000000000000000000 ) ) ;
#5347 = CARTESIAN_POINT ( 'NONE',  ( -2.208776759596855488, 32.50000000000002842, -120.9020978312949524 ) ) ;
#5348 = CARTESIAN_POINT ( 'NONE',  ( 10.38142131910689514, 7.026183084459308503, -2.709916414063351819 ) ) ;
#5349 = CARTESIAN_POINT ( 'NONE',  ( -27.02289089611706174, 7.111661251562826358, -53.17426878189249351 ) ) ;
#5350 = CARTESIAN_POINT ( 'NONE',  ( 22.02499643441695198, 50.10999999999987864, -95.99999944210871661 ) ) ;
#5351 = ORIENTED_EDGE ( 'NONE', *, *, #7422, .T. ) ;
#5352 = CARTESIAN_POINT ( 'NONE',  ( -2.230545004027986611, 26.50000000000000355, -117.5764424317226400 ) ) ;
#5353 = CARTESIAN_POINT ( 'NONE',  ( 26.43177615656055224, 15.86592789617299459, -85.45225018623118274 ) ) ;
#5354 = CARTESIAN_POINT ( 'NONE',  ( -18.84999643441695127, 50.10999999999998522, -88.92500187310008641 ) ) ;
#5355 = CARTESIAN_POINT ( 'NONE',  ( 23.80833824524616915, -0.000000000000000000, -54.09015699772919561 ) ) ;
#5356 = CARTESIAN_POINT ( 'NONE',  ( 27.58788476793964506, 7.165943703663154807, -77.41948165208903276 ) ) ;
#5357 = DIRECTION ( 'NONE',  ( -0.000000000000000000, -1.000000000000000000, -0.000000000000000000 ) ) ;
#5358 = CARTESIAN_POINT ( 'NONE',  ( -15.60822405651447298, 7.166628298539362341, -135.7513998200504091 ) ) ;
#5359 = CARTESIAN_POINT ( 'NONE',  ( 15.67104318260046547, 25.00000000000005684, -91.33439952103577752 ) ) ;
#5360 = EDGE_CURVE ( 'NONE', #4699, #4658, #1218, .T. ) ;
#5361 = CARTESIAN_POINT ( 'NONE',  ( -12.93141326767682031, 7.530611691294513577, 2.115675927715066399E-14 ) ) ;
#5362 = CARTESIAN_POINT ( 'NONE',  ( 15.55678786674681469, 25.00000000000045830, -99.03795775123064971 ) ) ;
#5363 = CARTESIAN_POINT ( 'NONE',  ( 2.224582195635748081E-15, 23.50000000000000000, -90.80960127224460621 ) ) ;
#5364 = CARTESIAN_POINT ( 'NONE',  ( -27.02499643441695198, 0.000000000000000000, -86.65000000000063096 ) ) ;
#5365 = CARTESIAN_POINT ( 'NONE',  ( 27.54537550372072729, -2.602085213965210642E-15, -118.1252140269871376 ) ) ;
#5366 = CARTESIAN_POINT ( 'NONE',  ( 2.712240090692084049, 7.261803645738693191, -0.03515780409781860821 ) ) ;
#5367 = CARTESIAN_POINT ( 'NONE',  ( -6.334321782142994905, 17.19848737952315432, -50.19392513871540018 ) ) ;
#5368 = ADVANCED_FACE ( 'NONE', ( #3579 ), #638, .T. ) ;
#5369 = CARTESIAN_POINT ( 'NONE',  ( 22.18901478961148399, 22.27075919625287881, -98.79145211975523466 ) ) ;
#5370 = CARTESIAN_POINT ( 'NONE',  ( -30.88077706781934140, 2.999999999999996891, -117.8185447007237485 ) ) ;
#5371 = ORIENTED_EDGE ( 'NONE', *, *, #6608, .F. ) ;
#5372 = DIRECTION ( 'NONE',  ( 0.000000000000000000, 0.000000000000000000, -1.000000000000000000 ) ) ;
#5373 = CARTESIAN_POINT ( 'NONE',  ( 11.12868003812430828, 32.50000000000000000, -79.43775794003438762 ) ) ;
#5374 = CARTESIAN_POINT ( 'NONE',  ( -16.49782750798408770, 2.999999999999999112, -12.35086027536289244 ) ) ;
#5375 = CARTESIAN_POINT ( 'NONE',  ( -23.03924763809666132, -0.000000000000000000, -61.27827654955257941 ) ) ;
#5376 = ORIENTED_EDGE ( 'NONE', *, *, #2245, .F. ) ;
#5377 = CARTESIAN_POINT ( 'NONE',  ( 14.02985788840766190, 25.00000000000000711, -99.17283394222276627 ) ) ;
#5378 = EDGE_CURVE ( 'NONE', #6826, #6623, #2405, .T. ) ;
#5379 = CARTESIAN_POINT ( 'NONE',  ( 22.40182079907535240, 2.999999999999998668, -15.21795232305730039 ) ) ;
#5380 = EDGE_CURVE ( 'NONE', #6450, #751, #3586, .T. ) ;
#5381 = CARTESIAN_POINT ( 'NONE',  ( -26.13651267938777778, 6.962299942758773064, -66.63117011473431717 ) ) ;
#5382 = B_SPLINE_CURVE_WITH_KNOTS ( 'NONE', 3,
 ( #1300, #4698, #3657, #716, #5891, #3067, #7218, #2777, #2197, #3369, #6051, #5728, #7256, #760, #2522, #3111 ),
 .UNSPECIFIED., .F., .F.,
 ( 4, 2, 2, 2, 2, 2, 2, 4 ),
 ( -0.007007127719567042383, -0.004908567378515886134, -0.002810007037464729886, -0.0007114466964135736371, 0.001387113644637582612, 0.003485673985688737993, 0.005584234326739895109, 0.009781355008842206739 ),
 .UNSPECIFIED. ) ;
#5383 = CARTESIAN_POINT ( 'NONE',  ( 26.03084453016188604, 0.000000000000000000, -34.73046795316066238 ) ) ;
#5384 = CARTESIAN_POINT ( 'NONE',  ( -0.9028214144453144963, 7.499999999999999112, -1.940839386561792254E-15 ) ) ;
#5385 = CARTESIAN_POINT ( 'NONE',  ( -14.19848764350660097, 25.00000000000000000, -91.63571287243864560 ) ) ;
#5386 = EDGE_LOOP ( 'NONE', ( #2666, #1326 ) ) ;
#5387 = CARTESIAN_POINT ( 'NONE',  ( -17.34999643441695127, 34.00000000000000000, -98.46859132361964839 ) ) ;
#5388 = CARTESIAN_POINT ( 'NONE',  ( 4.970490606848021464, 2.999999999999813483, -0.7380698114237725926 ) ) ;
#5389 = PLANE ( 'NONE',  #7168 ) ;
#5390 = CARTESIAN_POINT ( 'NONE',  ( -9.385324510656086971, 24.98857519589839171, -125.9927315537610895 ) ) ;
#5391 = CARTESIAN_POINT ( 'NONE',  ( 21.97084298251517964, 7.040397645729862042, -14.08343120159164208 ) ) ;
#5392 = CARTESIAN_POINT ( 'NONE',  ( -18.53398013839271385, 32.62412656501294350, -89.39843197490453974 ) ) ;
#5393 = CARTESIAN_POINT ( 'NONE',  ( 6.832737074773493013, 1.734723475976807094E-15, -136.0782754966496100 ) ) ;
#5394 = ORIENTED_EDGE ( 'NONE', *, *, #4693, .T. ) ;
#5395 = CARTESIAN_POINT ( 'NONE',  ( -11.12868006806224841, 26.50000000000000355, -110.1814445377380167 ) ) ;
#5396 = CARTESIAN_POINT ( 'NONE',  ( -29.00135605242245163, -4.733227902581725018E-13, -34.15067456242401533 ) ) ;
#5397 = CARTESIAN_POINT ( 'NONE',  ( 17.48095259447546823, 32.50572743980801249, -104.3500000000004775 ) ) ;
#5398 = DIRECTION ( 'NONE',  ( 0.000000000000000000, 0.000000000000000000, -1.000000000000000000 ) ) ;
#5399 = CARTESIAN_POINT ( 'NONE',  ( 25.46474212792285741, -0.000000000000000000, -82.14540435836639176 ) ) ;
#5400 = CARTESIAN_POINT ( 'NONE',  ( 18.75026202138788278, 32.50000000000001421, -90.40721217738081350 ) ) ;
#5401 = CARTESIAN_POINT ( 'NONE',  ( -4.266802545899725629, 32.72428427643689730, -120.0377679890775511 ) ) ;
#5402 = CARTESIAN_POINT ( 'NONE',  ( 15.67989433243229769, 24.99999999999994671, -91.39850677046669603 ) ) ;
#5403 = CARTESIAN_POINT ( 'NONE',  ( -36.04937071812724270, 3.000000000000000000, -28.10953659847150021 ) ) ;
#5404 = CARTESIAN_POINT ( 'NONE',  ( 13.37635227883943934, 25.00000000000000000, -101.8460796709743050 ) ) ;
#5405 = CARTESIAN_POINT ( 'NONE',  ( 15.36793377445007103, 25.58539114581414964, -98.23552407936085729 ) ) ;
#5406 = CARTESIAN_POINT ( 'NONE',  ( 27.88211171991638082, 7.806255641895674523E-15, -123.9135365250722316 ) ) ;
#5407 = CARTESIAN_POINT ( 'NONE',  ( 0.9080515773680394309, 6.785220137735930912, 0.3567044011520390523 ) ) ;
#5408 = CARTESIAN_POINT ( 'NONE',  ( -0.3646658885450073662, 32.81078131220588290, -68.96083171738970918 ) ) ;
#5409 = CARTESIAN_POINT ( 'NONE',  ( 23.71389521088654107, 25.42333524137398371, -71.28831509786814991 ) ) ;
#5410 = LINE ( 'NONE', #691, #5783 ) ;
#5411 = ORIENTED_EDGE ( 'NONE', *, *, #7415, .T. ) ;
#5412 = CARTESIAN_POINT ( 'NONE',  ( -4.278569379111769599, 26.49999999999999645, -116.7382604926867486 ) ) ;
#5413 = CARTESIAN_POINT ( 'NONE',  ( 1.122009571806569461, 32.50000000000000000, -71.81409496579367158 ) ) ;
#5414 = CARTESIAN_POINT ( 'NONE',  ( -13.46027905229903610, 3.000000000000000444, -9.219324786885954026 ) ) ;
#5415 = CARTESIAN_POINT ( 'NONE',  ( -24.52747747434606040, -0.000000000000000000, -77.58673509465430129 ) ) ;
#5416 = VERTEX_POINT ( 'NONE', #14 ) ;
#5417 = CARTESIAN_POINT ( 'NONE',  ( 7.192589208599320827, 24.99999999999999645, -112.6844460777497403 ) ) ;
#5418 = CARTESIAN_POINT ( 'NONE',  ( 28.27913836672208703, 3.000000000000000000, -28.85639347276146438 ) ) ;
#5419 = CARTESIAN_POINT ( 'NONE',  ( -18.72575949268755835, 32.62225429997469206, -90.48194174808979540 ) ) ;
#5420 = DIRECTION ( 'NONE',  ( -1.000000000000000000, 0.000000000000000000, 0.000000000000000000 ) ) ;
#5421 = CARTESIAN_POINT ( 'NONE',  ( -2.723252536592303041, 6.785410937216075133, 0.2019925310403718477 ) ) ;
#5422 = CARTESIAN_POINT ( 'NONE',  ( 23.60836242439689059, 2.999999999999999556, -124.7209831891856879 ) ) ;
#5423 = ORIENTED_EDGE ( 'NONE', *, *, #2431, .T. ) ;
#5424 = CARTESIAN_POINT ( 'NONE',  ( 25.52499643441695198, 32.48868152953989608, -85.15000000000063096 ) ) ;
#5425 = VECTOR ( 'NONE', #4092, 1000.000000000000000 ) ;
#5426 = CARTESIAN_POINT ( 'NONE',  ( 0.4007051814041804327, 3.000000000000000000, 0.003501983509116913303 ) ) ;
#5427 = AXIS2_PLACEMENT_3D ( 'NONE', #6932, #981, #7444 ) ;
#5428 = CARTESIAN_POINT ( 'NONE',  ( 13.53724733218809106, 26.49999999999999645, -83.84054501743770516 ) ) ;
#5429 = CARTESIAN_POINT ( 'NONE',  ( -5.435973397855410560, 7.283476183430494189, -139.6594247297178697 ) ) ;
#5430 = EDGE_CURVE ( 'NONE', #1170, #4651, #1371, .T. ) ;
#5431 = CARTESIAN_POINT ( 'NONE',  ( 2.712240090692084049, 7.261803645738693191, -0.03515780409781860821 ) ) ;
#5432 = CARTESIAN_POINT ( 'NONE',  ( -26.63718352497542341, 6.926274615914499222, -55.80288127865483006 ) ) ;
#5433 = LINE ( 'NONE', #2323, #1867 ) ;
#5434 = ORIENTED_EDGE ( 'NONE', *, *, #7463, .T. ) ;
#5435 = CARTESIAN_POINT ( 'NONE',  ( -4.315750746048045094, 26.50000000000000355, -116.7087058308010512 ) ) ;
#5436 = CARTESIAN_POINT ( 'NONE',  ( -23.02140995132554124, 0.000000000000000000, -65.66188047893705004 ) ) ;
#5437 = CARTESIAN_POINT ( 'NONE',  ( 25.52499643441695554, 17.78429619894942348, -85.15000000000063096 ) ) ;
#5438 = CYLINDRICAL_SURFACE ( 'NONE', #3447, 9.599999999999928590 ) ;
#5439 = CARTESIAN_POINT ( 'NONE',  ( 23.07182851778295074, 0.000000000000000000, -66.59366456616250218 ) ) ;
#5440 = AXIS2_PLACEMENT_3D ( 'NONE', #2367, #4780, #1884 ) ;
#5441 = CARTESIAN_POINT ( 'NONE',  ( 19.03081211372110104, 32.50000000000000711, -97.01888738215563990 ) ) ;
#5442 = CIRCLE ( 'NONE', #2101, 1.499999999999999556 ) ;
#5443 = AXIS2_PLACEMENT_3D ( 'NONE', #2243, #2853, #4611 ) ;
#5444 = CARTESIAN_POINT ( 'NONE',  ( -10.66683608540954076, 7.281281989408888933, -138.1043737487253225 ) ) ;
#5445 = CARTESIAN_POINT ( 'NONE',  ( 15.62167200262028999, 25.00000000000022737, -90.99347063547375569 ) ) ;
#5446 = CARTESIAN_POINT ( 'NONE',  ( -0.2772012725463477989, 32.50000000000000000, -117.8848072766886617 ) ) ;
#5447 = CARTESIAN_POINT ( 'NONE',  ( 15.64174737239187252, 24.99999999999977973, -98.49233062240293179 ) ) ;
#5448 = CARTESIAN_POINT ( 'NONE',  ( -4.265952358980841908, 8.673617379884035472E-16, -136.6270494960687643 ) ) ;
#5449 = DIRECTION ( 'NONE',  ( -0.000000000000000000, 1.000000000000000000, -0.000000000000000000 ) ) ;
#5450 = CARTESIAN_POINT ( 'NONE',  ( 23.87276566901499919, 0.000000000000000000, -124.3840967042063284 ) ) ;
#5451 = CARTESIAN_POINT ( 'NONE',  ( 18.67212701362995730, 6.801724292768197344, -9.678925743618751909 ) ) ;
#5452 = DIRECTION ( 'NONE',  ( 0.000000000000000000, 1.000000000000000000, 0.000000000000000000 ) ) ;
#5453 = CARTESIAN_POINT ( 'NONE',  ( 18.96200390002344704, 32.73693748834065076, -92.73192306525331219 ) ) ;
#5454 = CARTESIAN_POINT ( 'NONE',  ( -25.52499643441695198, 32.48868152953984634, -86.65000000000063096 ) ) ;
#5455 = ORIENTED_EDGE ( 'NONE', *, *, #5430, .T. ) ;
#5456 = CARTESIAN_POINT ( 'NONE',  ( 35.46081340316582953, 22.55286456079107893, -102.8500000000004775 ) ) ;
#5457 = CARTESIAN_POINT ( 'NONE',  ( -2.769479455703179216, 32.50000000000000000, -72.21742911386542119 ) ) ;
#5458 = LINE ( 'NONE', #2421, #6287 ) ;
#5459 = CARTESIAN_POINT ( 'NONE',  ( -23.27244402701261095, 0.000000000000000000, -69.27950213486957409 ) ) ;
#5460 = VERTEX_POINT ( 'NONE', #5975 ) ;
#5461 = CARTESIAN_POINT ( 'NONE',  ( -25.52499643441695198, 32.48868152953984634, 0.000000000000000000 ) ) ;
#5462 = CARTESIAN_POINT ( 'NONE',  ( -26.06594506644171716, 7.499999999999994671, -66.76682026311779339 ) ) ;
#5463 = CARTESIAN_POINT ( 'NONE',  ( 26.59084314612222855, 18.83533817031062441, -103.9101053407765249 ) ) ;
#5464 = CARTESIAN_POINT ( 'NONE',  ( -28.89577691006149962, 3.000000000000185185, -122.2068900564979543 ) ) ;
#5465 = CARTESIAN_POINT ( 'NONE',  ( -14.18060270115749866, 25.00000000000000000, -91.50659220533837868 ) ) ;
#5466 = ORIENTED_EDGE ( 'NONE', *, *, #6934, .F. ) ;
#5467 = DIRECTION ( 'NONE',  ( 0.000000000000000000, -1.000000000000000000, 0.000000000000000000 ) ) ;
#5468 = CARTESIAN_POINT ( 'NONE',  ( 25.45518496617672000, 0.000000000000000000, -44.12523137432014408 ) ) ;
#5469 = CARTESIAN_POINT ( 'NONE',  ( -2.257980620786982584, 26.50000000000000355, -72.06485967293318140 ) ) ;
#5470 = CARTESIAN_POINT ( 'NONE',  ( 1.808980800142327094, 7.391992491022109313, -140.0210990606072414 ) ) ;
#5471 = EDGE_CURVE ( 'NONE', #6778, #5724, #4694, .T. ) ;
#5472 = CARTESIAN_POINT ( 'NONE',  ( 12.42987261547478006, 32.93757330633040681, -76.44919124369894803 ) ) ;
#5473 = CARTESIAN_POINT ( 'NONE',  ( -17.05710821708624181, 32.50000000000002132, -84.00678185787991481 ) ) ;
#5474 = DIRECTION ( 'NONE',  ( 3.256064876940132405E-10, 0.000000000000000000, 1.000000000000000000 ) ) ;
#5475 = ORIENTED_EDGE ( 'NONE', *, *, #73, .T. ) ;
#5476 = CARTESIAN_POINT ( 'NONE',  ( 1.125330944998901961, 32.50000000000000000, -117.8187361111550473 ) ) ;
#5477 = CARTESIAN_POINT ( 'NONE',  ( -25.99388563569380750, 5.467053331430193217E-13, -64.75375483756651818 ) ) ;
#5478 = CARTESIAN_POINT ( 'NONE',  ( 25.80968363014033073, 17.18415049378221582, -85.17011890866119472 ) ) ;
#5479 = CARTESIAN_POINT ( 'NONE',  ( 24.09329433746175653, 0.000000000000000000, -75.20561131289191792 ) ) ;
#5480 = CARTESIAN_POINT ( 'NONE',  ( 26.36944856392727488, 6.971440430354322260, -69.33513502856216348 ) ) ;
#5481 = EDGE_CURVE ( 'NONE', #3209, #4055, #6634, .T. ) ;
#5482 = CARTESIAN_POINT ( 'NONE',  ( 3.755636597233981799, 3.000000000000001776, -3.496257698449354301 ) ) ;
#5483 = CARTESIAN_POINT ( 'NONE',  ( -10.68781921610557184, 7.171922984113327182, -138.1232855297256208 ) ) ;
#5484 = CARTESIAN_POINT ( 'NONE',  ( 15.51102738418967597, 26.50000000000000355, -90.31849489821443910 ) ) ;
#5485 = CARTESIAN_POINT ( 'NONE',  ( -15.52069995008143799, 32.50000000000000000, -99.37371132387453088 ) ) ;
#5486 = CARTESIAN_POINT ( 'NONE',  ( 8.655935951223703739, 25.00000000000000000, -111.0473149555633938 ) ) ;
#5487 = CARTESIAN_POINT ( 'NONE',  ( 22.02499643441695198, 57.10999812690045729, -93.57500000000055707 ) ) ;
#5488 = CARTESIAN_POINT ( 'NONE',  ( 31.66794818144082768, 3.000000000000000000, -115.1353428950463069 ) ) ;
#5489 = CARTESIAN_POINT ( 'NONE',  ( 2.537988578903477066, 32.81023430250016304, -69.22143929610501800 ) ) ;
#5490 = DIRECTION ( 'NONE',  ( 0.000000000000000000, 0.000000000000000000, -1.000000000000000000 ) ) ;
#5491 = CARTESIAN_POINT ( 'NONE',  ( 27.53121769914438133, 7.499999999999994671, -77.49625629118934000 ) ) ;
#5492 = CARTESIAN_POINT ( 'NONE',  ( 0.006484926008817477362, 25.18157942807010130, -128.5679796723545962 ) ) ;
#5493 = ORIENTED_EDGE ( 'NONE', *, *, #5502, .T. ) ;
#5494 = CARTESIAN_POINT ( 'NONE',  ( -13.53724735328781392, 26.49999999999999645, -105.7786574473185226 ) ) ;
#5495 = CARTESIAN_POINT ( 'NONE',  ( 6.652148756909908478, 32.50000000000000000, -74.45376327266465921 ) ) ;
#5496 = CARTESIAN_POINT ( 'NONE',  ( -14.21169246661161978, 25.00000000000000000, -97.88732559662351207 ) ) ;
#5497 = CARTESIAN_POINT ( 'NONE',  ( -23.78592381724971005, 0.000000000000000000, -73.29556749934478432 ) ) ;
#5498 = VERTEX_POINT ( 'NONE', #3661 ) ;
#5499 = DIRECTION ( 'NONE',  ( 1.000000000000000000, 0.000000000000000000, 0.000000000000000000 ) ) ;
#5500 = CARTESIAN_POINT ( 'NONE',  ( -18.06249824281530181, 32.50000000000001421, -87.16544262843807189 ) ) ;
#5501 = CARTESIAN_POINT ( 'NONE',  ( 26.06130202715539923, 0.000000000000000000, -35.97208813542302863 ) ) ;
#5502 = EDGE_CURVE ( 'NONE', #6583, #3371, #5690, .T. ) ;
#5503 = CARTESIAN_POINT ( 'NONE',  ( -29.56076669899338683, 3.000000000000185185, -120.9420233779579377 ) ) ;
#5504 = CARTESIAN_POINT ( 'NONE',  ( 2.224582195635748476E-15, 5.000000000000000000, -90.80960127224460621 ) ) ;
#5505 = VERTEX_POINT ( 'NONE', #6055 ) ;
#5506 = CARTESIAN_POINT ( 'NONE',  ( -28.93092129645962274, 7.501010601426511215, -33.08715236188530184 ) ) ;
#5507 = CARTESIAN_POINT ( 'NONE',  ( -0.6116282973829543224, 26.49999999999998579, -71.73800160226983280 ) ) ;
#5508 = CARTESIAN_POINT ( 'NONE',  ( -6.227088367139669955, 32.72759617156427225, -119.0777263987439483 ) ) ;
#5509 = CARTESIAN_POINT ( 'NONE',  ( 29.14840120837492776, 6.875706791193195500, -39.70034204231080821 ) ) ;
#5510 = CARTESIAN_POINT ( 'NONE',  ( -14.05403000495682164, 32.49999999999998579, -78.10636360516996035 ) ) ;
#5511 = ORIENTED_EDGE ( 'NONE', *, *, #5940, .F. ) ;
#5512 = CARTESIAN_POINT ( 'NONE',  ( -8.324735694634664895, 32.50000000000000000, -75.97193207799767833 ) ) ;
#5513 = CARTESIAN_POINT ( 'NONE',  ( -25.84532638668850524, 5.612274205121412302E-13, -21.55413044799706057 ) ) ;
#5514 = CARTESIAN_POINT ( 'NONE',  ( -24.20636585282466768, 3.000000000000000888, -123.9434880583248457 ) ) ;
#5515 = CARTESIAN_POINT ( 'NONE',  ( 25.79842649046841885, -0.000000000000000000, -41.21735961232543133 ) ) ;
#5516 = CARTESIAN_POINT ( 'NONE',  ( 18.34940395480511199, 32.49999999999999289, -101.3856736021113392 ) ) ;
#5517 = CARTESIAN_POINT ( 'NONE',  ( 1.658172572562403912, -2.168404344971008868E-15, -3.097371495012076537 ) ) ;
#5518 = EDGE_CURVE ( 'NONE', #507, #6524, #1856, .T. ) ;
#5519 = CARTESIAN_POINT ( 'NONE',  ( -31.99910761255100056, 7.243408292600722831, -114.8873850718891276 ) ) ;
#5520 = CARTESIAN_POINT ( 'NONE',  ( 8.338027185046398060, 26.50000000000000000, -75.95555361193879662 ) ) ;
#5521 = CARTESIAN_POINT ( 'NONE',  ( -20.54999999999999361, 0.000000000000000000, -42.23717174866055046 ) ) ;
#5522 = EDGE_CURVE ( 'NONE', #6119, #930, #5292, .T. ) ;
#5523 = CARTESIAN_POINT ( 'NONE',  ( -5.204170427930421283E-15, 7.500000000000000000, -140.0000000000000000 ) ) ;
#5524 = CARTESIAN_POINT ( 'NONE',  ( 28.99657244555264057, 7.501073872878961879, -39.32188481724588769 ) ) ;
#5525 = DIRECTION ( 'NONE',  ( 1.000000000000000000, 0.000000000000000000, -0.000000000000000000 ) ) ;
#5526 = CARTESIAN_POINT ( 'NONE',  ( 32.56813872520992703, 1.679198195595589107E-12, -106.7484280987513898 ) ) ;
#5527 = CARTESIAN_POINT ( 'NONE',  ( 14.77985066156054650, 7.029712874841915315, -5.935316660330767213 ) ) ;
#5528 = CYLINDRICAL_SURFACE ( 'NONE', #1993, 1.499999999999999556 ) ;
#5529 = CARTESIAN_POINT ( 'NONE',  ( 12.62967812409496915, 32.75158503356812645, -113.2250593595808255 ) ) ;
#5530 = CARTESIAN_POINT ( 'NONE',  ( -18.78127067499760372, 3.000000000000000000, -10.39077281109831041 ) ) ;
#5531 = EDGE_LOOP ( 'NONE', ( #2545, #3910, #2778, #1022 ) ) ;
#5532 = CARTESIAN_POINT ( 'NONE',  ( 10.17135275334604749, 26.50000000000000000, -111.5461861222711235 ) ) ;
#5533 = CARTESIAN_POINT ( 'NONE',  ( 1.403188507206956759, 26.50000000000000355, -71.86144979288982881 ) ) ;
#5534 = CARTESIAN_POINT ( 'NONE',  ( 20.54999999999999005, 0.000000000000000000, -83.33717174866055188 ) ) ;
#5535 = CARTESIAN_POINT ( 'NONE',  ( -28.68549438965695586, 0.000000000000000000, -97.52024386225787111 ) ) ;
#5536 = ORIENTED_EDGE ( 'NONE', *, *, #3866, .F. ) ;
#5537 = CARTESIAN_POINT ( 'NONE',  ( -4.363009931440360312, 0.3302056359477737457, -81.06737738460829235 ) ) ;
#5538 = EDGE_CURVE ( 'NONE', #4929, #5260, #630, .T. ) ;
#5539 = CARTESIAN_POINT ( 'NONE',  ( -23.59110624338353190, 29.29239094962440504, -36.84367463880969495 ) ) ;
#5540 = CARTESIAN_POINT ( 'NONE',  ( -22.02499643441695198, 50.10999999999987864, -94.75000000000054001 ) ) ;
#5541 = CARTESIAN_POINT ( 'NONE',  ( -29.12344391947359767, 2.999999999999814815, -121.7909552353330298 ) ) ;
#5542 = LINE ( 'NONE', #5504, #238 ) ;
#5543 = ORIENTED_EDGE ( 'NONE', *, *, #1825, .F. ) ;
#5544 = CARTESIAN_POINT ( 'NONE',  ( -26.28700227455643201, 7.499201710849913383, -69.39960000160503739 ) ) ;
#5545 = CARTESIAN_POINT ( 'NONE',  ( 15.66525957970008776, 26.30333308813709081, -91.36370122928293824 ) ) ;
#5546 = CARTESIAN_POINT ( 'NONE',  ( -24.16569038937421610, 7.150601142207451133, -129.0215685776906014 ) ) ;
#5547 = CARTESIAN_POINT ( 'NONE',  ( 11.35575192391689647, 32.64792148721207354, -74.73447331141549910 ) ) ;
#5548 = VECTOR ( 'NONE', #5611, 1000.000000000000000 ) ;
#5549 = CARTESIAN_POINT ( 'NONE',  ( -28.95663436806758995, 6.853240152406476327, -31.55382750831358507 ) ) ;
#5550 = ORIENTED_EDGE ( 'NONE', *, *, #5571, .F. ) ;
#5551 = CARTESIAN_POINT ( 'NONE',  ( -15.67499646296582938, 32.50000000000000000, -98.25617004468698212 ) ) ;
#5552 = CARTESIAN_POINT ( 'NONE',  ( -14.45168494947063031, 5.564747624132063914E-13, -6.083148550946623878 ) ) ;
#5553 = CARTESIAN_POINT ( 'NONE',  ( -14.62583971247792114, 3.000000000000000444, -132.5895097548323065 ) ) ;
#5554 = CARTESIAN_POINT ( 'NONE',  ( 24.25232965728412182, 0.000000000000000000, -51.33342491166371957 ) ) ;
#5555 = CARTESIAN_POINT ( 'NONE',  ( 29.94484208507753920, 7.189984438161022062, -88.01136349474440124 ) ) ;
#5556 = CIRCLE ( 'NONE', #6521, 1.174999999999995381 ) ;
#5557 = AXIS2_PLACEMENT_3D ( 'NONE', #1429, #773, #3750 ) ;
#5558 = CARTESIAN_POINT ( 'NONE',  ( -15.27219601764226908, 3.000000000000000000, -10.98388908071371972 ) ) ;
#5559 = CARTESIAN_POINT ( 'NONE',  ( -27.51357073345612747, 7.380051623556575180, -124.7928956412488475 ) ) ;
#5560 = CARTESIAN_POINT ( 'NONE',  ( -3.132427325255278561, 26.50000000000000711, -72.35075601028187009 ) ) ;
#5561 = VECTOR ( 'NONE', #5776, 1000.000000000000000 ) ;
#5562 = CARTESIAN_POINT ( 'NONE',  ( -14.02985788880756779, 25.00000000000000355, -90.44636860552073188 ) ) ;
#5563 = AXIS2_PLACEMENT_3D ( 'NONE', #5387, #1334, #2433 ) ;
#5564 = CARTESIAN_POINT ( 'NONE',  ( -4.961483519286547406, 0.1000000000000000056, -80.83717174866055188 ) ) ;
#5565 = CARTESIAN_POINT ( 'NONE',  ( 12.10644081428356600, 7.500644600381809468, -4.271569387524499106 ) ) ;
#5566 = DIRECTION ( 'NONE',  ( 0.000000000000000000, 0.000000000000000000, 1.000000000000000000 ) ) ;
#5567 = CARTESIAN_POINT ( 'NONE',  ( 8.092534499314609775, 32.80389893554470859, -71.92376873110154634 ) ) ;
#5568 = DIRECTION ( 'NONE',  ( -1.000000000000000000, 0.000000000000000000, 0.000000000000000000 ) ) ;
#5569 = AXIS2_PLACEMENT_3D ( 'NONE', #3178, #6780, #281 ) ;
#5570 = AXIS2_PLACEMENT_3D ( 'NONE', #3017, #4230, #3214 ) ;
#5571 = EDGE_CURVE ( 'NONE', #3718, #6144, #6783, .T. ) ;
#5572 = CARTESIAN_POINT ( 'NONE',  ( 16.19817015374717784, 32.50000000000002132, -107.6490641556234777 ) ) ;
#5573 = CARTESIAN_POINT ( 'NONE',  ( -28.76954327331996097, 3.000000000000000000, -31.62481260576000608 ) ) ;
#5574 = ORIENTED_EDGE ( 'NONE', *, *, #4294, .T. ) ;
#5575 = DIRECTION ( 'NONE',  ( -0.000000000000000000, -1.000000000000000000, -0.000000000000000000 ) ) ;
#5576 = CARTESIAN_POINT ( 'NONE',  ( -11.74267328759651718, 25.00000000000362377, -109.2552729318159948 ) ) ;
#5577 = CARTESIAN_POINT ( 'NONE',  ( -26.79600034876616732, 0.000000000000000000, -88.12320108460698975 ) ) ;
#5578 = ORIENTED_EDGE ( 'NONE', *, *, #212, .T. ) ;
#5579 = LINE ( 'NONE', #3724, #5804 ) ;
#5580 = CIRCLE ( 'NONE', #7048, 1.499999999999999556 ) ;
#5581 = CARTESIAN_POINT ( 'NONE',  ( -28.38016759782828657, 7.297292349045074289, -45.21584335840768887 ) ) ;
#5582 = DIRECTION ( 'NONE',  ( 1.000000000000000000, 0.000000000000000000, -0.000000000000000000 ) ) ;
#5583 = CARTESIAN_POINT ( 'NONE',  ( -14.83061681598118753, 1.301042606982605321E-15, -132.4754296732998284 ) ) ;
#5584 = CARTESIAN_POINT ( 'NONE',  ( 28.71347895058018551, -8.673617379884035472E-16, -114.5252459130267937 ) ) ;
#5585 = ORIENTED_EDGE ( 'NONE', *, *, #5360, .F. ) ;
#5586 = CARTESIAN_POINT ( 'NONE',  ( -18.94391178622521821, 7.499184720523311753, -133.3570169733072532 ) ) ;
#5587 = CARTESIAN_POINT ( 'NONE',  ( -8.332074169596152657, 26.50000000000000000, -75.97956991355231082 ) ) ;
#5588 = CARTESIAN_POINT ( 'NONE',  ( 1.734723475976807094E-15, 23.50000000000000000, -94.80960127224460621 ) ) ;
#5589 = CARTESIAN_POINT ( 'NONE',  ( -12.62915806074943426, 32.75158503356809803, -113.2257599835342319 ) ) ;
#5590 = CARTESIAN_POINT ( 'NONE',  ( 16.15500224500607729, 32.63652379407091075, -82.08577982580438004 ) ) ;
#5591 = CARTESIAN_POINT ( 'NONE',  ( -29.10551493091119823, 7.083804527462109313, -39.76782066074574118 ) ) ;
#5592 = VERTEX_POINT ( 'NONE', #3814 ) ;
#5593 = CARTESIAN_POINT ( 'NONE',  ( 9.467945271381866590, 32.50000000000000000, -77.19547030509578178 ) ) ;
#5594 = CARTESIAN_POINT ( 'NONE',  ( -18.85576780643047101, 0.000000000000000000, -15.33998822172864784 ) ) ;
#5595 = CARTESIAN_POINT ( 'NONE',  ( -24.69043613113977642, 3.000000000000000000, -123.2577903569613795 ) ) ;
#5596 = CARTESIAN_POINT ( 'NONE',  ( 25.19756310398388877, 0.000000000000000000, -45.71168765801980527 ) ) ;
#5597 = CARTESIAN_POINT ( 'NONE',  ( 18.77031335042947546, 32.50000000000002132, -99.21522699209991458 ) ) ;
#5598 = B_SPLINE_CURVE_WITH_KNOTS ( 'NONE', 3,
 ( #5207, #7025, #5243, #3470, #412, #5782, #4015, #3394 ),
 .UNSPECIFIED., .F., .F.,
 ( 4, 2, 2, 4 ),
 ( -1.264911066343742388E-05, 0.002035934303293862341, 0.003060226010272531182, 0.004084517717251200455 ),
 .UNSPECIFIED. ) ;
#5599 = CARTESIAN_POINT ( 'NONE',  ( 6.190962748948519945, 3.000000000000000000, -4.368360747404984146 ) ) ;
#5600 = CARTESIAN_POINT ( 'NONE',  ( -11.23771369792498298, 32.74415564720125360, -114.9045580030746407 ) ) ;
#5601 = CARTESIAN_POINT ( 'NONE',  ( 0.6497971218514547731, 26.50000000000000355, -71.73262307380306879 ) ) ;
#5602 = CARTESIAN_POINT ( 'NONE',  ( -22.93271527108684538, 0.000000000000000000, -22.41550343227344655 ) ) ;
#5603 = CARTESIAN_POINT ( 'NONE',  ( 22.02499643441695198, 50.10999999999998522, -102.9249981269010163 ) ) ;
#5604 = CARTESIAN_POINT ( 'NONE',  ( -1.713435755356122581, 4.336808689942017736E-15, -136.9402341626757789 ) ) ;
#5605 = CARTESIAN_POINT ( 'NONE',  ( 1.734723475976807094E-15, 5.000000000000000000, -94.80960127224460621 ) ) ;
#5606 = CARTESIAN_POINT ( 'NONE',  ( 10.45195610435878741, 0.000000000000000000, -134.7929164842956311 ) ) ;
#5607 = CARTESIAN_POINT ( 'NONE',  ( 24.68533203433395329, 7.499999999999993783, -18.92575099915316272 ) ) ;
#5608 = CARTESIAN_POINT ( 'NONE',  ( 17.68669731744671836, 32.69935046233400300, -103.5537153250851929 ) ) ;
#5609 = LINE ( 'NONE', #301, #4811 ) ;
#5610 = ORIENTED_EDGE ( 'NONE', *, *, #6806, .F. ) ;
#5611 = DIRECTION ( 'NONE',  ( -1.000000000000000000, -0.000000000000000000, -1.688295353748717154E-16 ) ) ;
#5612 = CARTESIAN_POINT ( 'NONE',  ( -9.589915729931563604, 25.00000000000000000, -109.7721642102261512 ) ) ;
#5613 = CARTESIAN_POINT ( 'NONE',  ( -29.07025884239551416, 0.000000000000000000, -112.8363685750272936 ) ) ;
#5614 = VERTEX_POINT ( 'NONE', #6829 ) ;
#5615 = CARTESIAN_POINT ( 'NONE',  ( 28.12695403915899561, 3.000000000000000000, -28.19265977321630956 ) ) ;
#5616 = CARTESIAN_POINT ( 'NONE',  ( -29.06277349038770907, 7.291902263731051548, -39.83354513869350200 ) ) ;
#5617 = DIRECTION ( 'NONE',  ( -0.9550682189104577891, 0.000000000000000000, -0.2963860611216491137 ) ) ;
#5618 = EDGE_CURVE ( 'NONE', #6662, #5460, #1959, .T. ) ;
#5619 = CARTESIAN_POINT ( 'NONE',  ( -13.14483262700413846, 3.000000000000000888, -136.8239611196096917 ) ) ;
#5620 = CARTESIAN_POINT ( 'NONE',  ( -5.242795021463771299, 3.000000000000000000, -0.8270003792001383580 ) ) ;
#5621 = CARTESIAN_POINT ( 'NONE',  ( -26.02303373188764724, 0.000000000000000000, -38.31778247488706768 ) ) ;
#5622 = ORIENTED_EDGE ( 'NONE', *, *, #2628, .F. ) ;
#5623 = CARTESIAN_POINT ( 'NONE',  ( -28.06082299782566025, 7.499921324249597454, -79.96691792638243612 ) ) ;
#5624 = EDGE_CURVE ( 'NONE', #3135, #7082, #6170, .T. ) ;
#5625 = FACE_OUTER_BOUND ( 'NONE', #3490, .T. ) ;
#5626 = CARTESIAN_POINT ( 'NONE',  ( -18.84999643441695127, 57.10999812690045729, -94.75000000000055422 ) ) ;
#5627 = CARTESIAN_POINT ( 'NONE',  ( -20.00732961632110829, 23.92508197864581021, -114.1242431890632787 ) ) ;
#5628 = CARTESIAN_POINT ( 'NONE',  ( 27.82834253798784374, 6.839502589836265578, -26.23610251593990483 ) ) ;
#5629 = CARTESIAN_POINT ( 'NONE',  ( -16.98112054229247292, 32.76630445031488392, -84.21705917272656450 ) ) ;
#5630 = EDGE_LOOP ( 'NONE', ( #899, #4452 ) ) ;
#5631 = CARTESIAN_POINT ( 'NONE',  ( -15.67499646072121067, 32.50000000000000000, -91.36251844068718242 ) ) ;
#5632 = CARTESIAN_POINT ( 'NONE',  ( -28.21410095460850442, 2.999999999999630962, -28.56448238518736105 ) ) ;
#5633 = CARTESIAN_POINT ( 'NONE',  ( -23.47917347993312376, 3.000000000000000000, -124.8926051356239668 ) ) ;
#5634 = CARTESIAN_POINT ( 'NONE',  ( 23.90346601787200953, 0.000000000000000000, -53.46819764707342415 ) ) ;
#5635 = CARTESIAN_POINT ( 'NONE',  ( 32.78430490165884947, 7.100802477890443498, -109.4782610544001642 ) ) ;
#5636 = CARTESIAN_POINT ( 'NONE',  ( 8.488296684034615680, -1.301042606982605321E-15, -5.515759591844459742 ) ) ;
#5637 = CARTESIAN_POINT ( 'NONE',  ( -31.96375895879019424, 7.500000000000014211, -98.70203609226321362 ) ) ;
#5638 = CARTESIAN_POINT ( 'NONE',  ( 9.456461454512421483, 24.99999999999999645, -77.21426353206680915 ) ) ;
#5639 = FACE_OUTER_BOUND ( 'NONE', #5684, .T. ) ;
#5640 = DIRECTION ( 'NONE',  ( -0.000000000000000000, -1.000000000000000000, -0.000000000000000000 ) ) ;
#5641 = CARTESIAN_POINT ( 'NONE',  ( 17.70222807581700764, 7.499565913037976372, -9.143459743860654854 ) ) ;
#5642 = CARTESIAN_POINT ( 'NONE',  ( 13.32602870420990016, 3.000000000000745626, -136.7756032906771395 ) ) ;
#5643 = CARTESIAN_POINT ( 'NONE',  ( 18.82281012117460506, 18.37423821415240610, -64.48237941693386688 ) ) ;
#5644 = CARTESIAN_POINT ( 'NONE',  ( 32.11305167246311498, 7.069320563667064405, -98.63253769246925629 ) ) ;
#5645 = CARTESIAN_POINT ( 'NONE',  ( -26.03608958414474017, 3.000000000000000444, -61.32169535783632597 ) ) ;
#5646 = ORIENTED_EDGE ( 'NONE', *, *, #2906, .F. ) ;
#5647 = CARTESIAN_POINT ( 'NONE',  ( -20.54999999999999361, 0.1000000000000000056, -42.23717174866055046 ) ) ;
#5648 = CARTESIAN_POINT ( 'NONE',  ( -15.67989433231444707, 25.00000000000000000, -98.22069567734857287 ) ) ;
#5649 = CARTESIAN_POINT ( 'NONE',  ( -26.63289306361501474, -0.000000000000000000, -87.39628383368561515 ) ) ;
#5650 = EDGE_LOOP ( 'NONE', ( #5226, #4378, #3341, #6671, #4316 ) ) ;
#5651 = CARTESIAN_POINT ( 'NONE',  ( 26.02501578367690627, 0.000000000000000000, -33.94431664809504667 ) ) ;
#5652 = CARTESIAN_POINT ( 'NONE',  ( -6.319968649725834275, 32.50000000000002842, -70.33811338131054924 ) ) ;
#5653 = LINE ( 'NONE', #3250, #3566 ) ;
#5654 = CARTESIAN_POINT ( 'NONE',  ( -31.73969810860013396, 2.999999999999268141, -97.52276241489627751 ) ) ;
#5655 = CARTESIAN_POINT ( 'NONE',  ( 28.40670823611587537, 2.999999999999999556, -115.6788449255736708 ) ) ;
#5656 = CARTESIAN_POINT ( 'NONE',  ( -25.70011555999199615, -0.000000000000000000, -42.11023657557358035 ) ) ;
#5657 = ORIENTED_EDGE ( 'NONE', *, *, #4012, .T. ) ;
#5658 = CARTESIAN_POINT ( 'NONE',  ( 25.52499643441695198, 32.48868152953990318, -102.8500000000004775 ) ) ;
#5659 = FACE_OUTER_BOUND ( 'NONE', #7559, .T. ) ;
#5660 = CARTESIAN_POINT ( 'NONE',  ( -31.93974135603917830, 7.371704146300357863, -114.8945368327330812 ) ) ;
#5661 = EDGE_CURVE ( 'NONE', #6623, #7257, #6676, .T. ) ;
#5662 = CARTESIAN_POINT ( 'NONE',  ( 20.81919584761597974, 19.31661137055121813, -73.59690074444161212 ) ) ;
#5663 = CARTESIAN_POINT ( 'NONE',  ( -14.72497573440176311, 7.499999999999998224, -6.152198713008758979 ) ) ;
#5664 = EDGE_LOOP ( 'NONE', ( #5511, #3944, #6034, #1140 ) ) ;
#5665 = CARTESIAN_POINT ( 'NONE',  ( 6.652148756909908478, 32.50000000000000000, -74.45376327266465921 ) ) ;
#5666 = CARTESIAN_POINT ( 'NONE',  ( -23.10186671776919809, 1.301042606982605321E-15, -22.76974551380647327 ) ) ;
#5667 = CARTESIAN_POINT ( 'NONE',  ( 22.02499643441695198, 38.11000187309951315, -85.77132034356024803 ) ) ;
#5668 = CARTESIAN_POINT ( 'NONE',  ( 25.66321962809491808, -0.000000000000000000, -42.44047943161670844 ) ) ;
#5669 = CARTESIAN_POINT ( 'NONE',  ( 28.76506173900492769, 7.017089205978257915, -82.68780964872098593 ) ) ;
#5670 = EDGE_CURVE ( 'NONE', #2104, #1293, #7297, .T. ) ;
#5671 = CARTESIAN_POINT ( 'NONE',  ( 0.3647109711031089052, 32.81078131220588290, -68.96083171738970918 ) ) ;
#5672 = CARTESIAN_POINT ( 'NONE',  ( -32.66836222463310691, 7.366934159296832263, -109.5027641283859339 ) ) ;
#5673 = CARTESIAN_POINT ( 'NONE',  ( 5.714437325040507609, 26.50000000000000355, -73.76339772662377925 ) ) ;
#5674 = CARTESIAN_POINT ( 'NONE',  ( -12.81517577669884567, 26.49999999999999645, -107.3038489042629777 ) ) ;
#5675 = CARTESIAN_POINT ( 'NONE',  ( -19.57605730643379260, -4.336808689942017736E-15, -16.33664513928139073 ) ) ;
#5676 = CARTESIAN_POINT ( 'NONE',  ( 22.02499643441695198, 35.98868152953988897, -104.3500000000004775 ) ) ;
#5677 = CARTESIAN_POINT ( 'NONE',  ( 30.54297358025683451, 7.498140570712727104, -118.7380216588646533 ) ) ;
#5678 = CARTESIAN_POINT ( 'NONE',  ( 22.20428625059899019, 0.000000000000000000, -126.3661735924625162 ) ) ;
#5679 = AXIS2_PLACEMENT_3D ( 'NONE', #1007, #7391, #2016 ) ;
#5680 = CARTESIAN_POINT ( 'NONE',  ( 8.162598819305058484, 32.49999999999995737, -71.56798294270383565 ) ) ;
#5681 = CIRCLE ( 'NONE', #2948, 4.000000000000003553 ) ;
#5682 = CARTESIAN_POINT ( 'NONE',  ( 30.22547315194047002, 7.376092534343603901, -120.0707640285188376 ) ) ;
#5683 = CARTESIAN_POINT ( 'NONE',  ( -25.08435231050741976, 3.000000000000000000, -19.92950796228612731 ) ) ;
#5684 = EDGE_LOOP ( 'NONE', ( #5218, #798, #1668, #2660 ) ) ;
#5685 = CARTESIAN_POINT ( 'NONE',  ( 18.84999643441695127, 50.10999999999998522, -94.75000000000055422 ) ) ;
#5686 = CARTESIAN_POINT ( 'NONE',  ( -15.66605740303701744, 24.99999999999982947, -98.32049313594382056 ) ) ;
#5687 = DIRECTION ( 'NONE',  ( 0.000000000000000000, 0.000000000000000000, 1.000000000000000000 ) ) ;
#5688 = VERTEX_POINT ( 'NONE', #7597 ) ;
#5689 = CARTESIAN_POINT ( 'NONE',  ( 20.11348128972789695, 0.000000000000000000, -17.20542845026422185 ) ) ;
#5690 = CIRCLE ( 'NONE', #5927, 1.249999442108171266 ) ;
#5691 = CARTESIAN_POINT ( 'NONE',  ( -13.29380980943393809, 32.93221758402976462, -77.61817842048544946 ) ) ;
#5692 = B_SPLINE_CURVE_WITH_KNOTS ( 'NONE', 3,
 ( #2072, #5562, #1463, #4402, #4438, #3861, #6209, #923, #3899, #1032, #2794, #2256, #2326, #6980, #1064, #4623, #1142, #6906, #1099, #5235, #1682, #3464, #5123, #2832, #3421, #437, #2759, #1720, #4043, #7640, #7490, #7604, #5819, #4702, #3385, #2905, #4007, #999, #2182, #517, #4085, #5858, #5775, #2290, #1613, #5713 ),
 .UNSPECIFIED., .F., .F.,
 ( 4, 2, 2, 2, 2, 2, 2, 2, 2, 2, 2, 2, 2, 2, 2, 2, 2, 2, 2, 2, 2, 2, 4 ),
 ( 0.000000000000000000, 0.003087586770296616226, 0.006175173540593232452, 0.009262760310889848678, 0.01235034708118646490, 0.01543793385148308113, 0.01852552062177969736, 0.02006931400692800460, 0.02161310739207631532, 0.02315690077722461909, 0.02470069416237292981, 0.02624448754752124052, 0.02701638424009539588, 0.02778828093266955818, 0.02933207431781788971, 0.03087586770296622818, 0.03396345447326289818, 0.03550724785841122277, 0.03705104124355953349, 0.04013862801385616880, 0.04322621478415280410, 0.04631380155444943247, 0.04940138832474606778 ),
 .UNSPECIFIED. ) ;
#5693 = DIRECTION ( 'NONE',  ( -1.000000000000000000, -0.000000000000000000, -0.000000000000000000 ) ) ;
#5694 = AXIS2_PLACEMENT_3D ( 'NONE', #980, #2134, #4501 ) ;
#5695 = CARTESIAN_POINT ( 'NONE',  ( -32.55285011268378526, -2.058215946866270858E-29, -108.1852135908259527 ) ) ;
#5696 = CARTESIAN_POINT ( 'NONE',  ( -24.71331490664186248, -0.000000000000000000, -27.12102436698148367 ) ) ;
#5697 = ORIENTED_EDGE ( 'NONE', *, *, #1980, .F. ) ;
#5698 = DIRECTION ( 'NONE',  ( 0.000000000000000000, 0.000000000000000000, 1.000000000000000000 ) ) ;
#5699 = CARTESIAN_POINT ( 'NONE',  ( -0.0001149492099848734971, 6.785220137735930024, 0.3567044011520290048 ) ) ;
#5700 = FACE_BOUND ( 'NONE', #5856, .T. ) ;
#5701 = CARTESIAN_POINT ( 'NONE',  ( -31.14490595222205727, 7.052434809674505978, -93.28447762193293613 ) ) ;
#5702 = CARTESIAN_POINT ( 'NONE',  ( 18.72579921559414018, 32.62225429997473469, -90.48221103149201383 ) ) ;
#5703 = ADVANCED_FACE ( 'NONE', ( #510 ), #1676, .F. ) ;
#5704 = CARTESIAN_POINT ( 'NONE',  ( -12.47637216754637812, 32.79171553755359270, -76.29833141807601748 ) ) ;
#5705 = CARTESIAN_POINT ( 'NONE',  ( 6.814604163645001655, 3.000000000000000000, -136.0483582060871584 ) ) ;
#5706 = CARTESIAN_POINT ( 'NONE',  ( -1.198820286252679779, 2.999999999999999112, -0.03595220123382088240 ) ) ;
#5707 = CARTESIAN_POINT ( 'NONE',  ( -22.55626401740354936, 24.21233136269427533, -104.3500000000005059 ) ) ;
#5708 = CARTESIAN_POINT ( 'NONE',  ( 12.68813277255013539, 32.66772335571209140, -113.2620190556373672 ) ) ;
#5709 = EDGE_CURVE ( 'NONE', #5952, #4729, #2250, .T. ) ;
#5710 = DIRECTION ( 'NONE',  ( -0.7071067811865499042, 0.7071067811865451302, 0.000000000000000000 ) ) ;
#5711 = CARTESIAN_POINT ( 'NONE',  ( -29.90623441713304587, 7.344992219080523022, -88.04208866671628186 ) ) ;
#5712 = CARTESIAN_POINT ( 'NONE',  ( 11.45339283699895283, 32.50000000000000000, -109.7183520931621672 ) ) ;
#5713 = CARTESIAN_POINT ( 'NONE',  ( 14.17499646292512239, 25.00000000000000000, -91.46760565924036257 ) ) ;
#5714 = CARTESIAN_POINT ( 'NONE',  ( 14.16738686495121335, 32.50000000000000000, -75.78773780659204817 ) ) ;
#5715 = CARTESIAN_POINT ( 'NONE',  ( 29.04233132193632017, 7.501637941636533746, -121.9607788979956950 ) ) ;
#5716 = CARTESIAN_POINT ( 'NONE',  ( 25.04560850220105905, 2.999999999999624745, -127.6868699970422938 ) ) ;
#5717 = EDGE_CURVE ( 'NONE', #2893, #7274, #3927, .T. ) ;
#5718 = CARTESIAN_POINT ( 'NONE',  ( 11.40047800930287636, 32.50000000000004263, -74.57565834225884771 ) ) ;
#5719 = CARTESIAN_POINT ( 'NONE',  ( 6.320501234354368947, 32.50000000000004974, -119.2807871985119732 ) ) ;
#5720 = CARTESIAN_POINT ( 'NONE',  ( -15.67499646072121067, 26.50000000000000355, -91.36251844068718242 ) ) ;
#5721 = FACE_OUTER_BOUND ( 'NONE', #1162, .T. ) ;
#5722 = CARTESIAN_POINT ( 'NONE',  ( -11.92751535322048007, 25.00000000000000000, -105.6987071868756658 ) ) ;
#5723 = CARTESIAN_POINT ( 'NONE',  ( 2.838265582630339345E-05, 3.000000000000000000, -143.2386964809516314 ) ) ;
#5724 = VERTEX_POINT ( 'NONE', #2177 ) ;
#5725 = CARTESIAN_POINT ( 'NONE',  ( 28.14762740451758205, -7.530022787090331584E-13, -46.30685380448569077 ) ) ;
#5726 = CARTESIAN_POINT ( 'NONE',  ( -9.853874755339626645, 32.49999999999998579, -72.99160391491163580 ) ) ;
#5727 = DIRECTION ( 'NONE',  ( -0.000000000000000000, -0.000000000000000000, -1.000000000000000000 ) ) ;
#5728 = CARTESIAN_POINT ( 'NONE',  ( -19.97560103522327424, 27.50585079747619588, -85.15000000000061675 ) ) ;
#5729 = CARTESIAN_POINT ( 'NONE',  ( -24.47770139887047947, 0.000000000000000000, -50.00808112312665088 ) ) ;
#5730 = ORIENTED_EDGE ( 'NONE', *, *, #4907, .T. ) ;
#5731 = DIRECTION ( 'NONE',  ( 1.000000000000000000, -0.000000000000000000, -0.000000000000000000 ) ) ;
#5732 = CYLINDRICAL_SURFACE ( 'NONE', #6057, 1.249999442108171266 ) ;
#5733 = CARTESIAN_POINT ( 'NONE',  ( -26.02820919867655292, 23.00077809194866418, -91.24204294166565887 ) ) ;
#5734 = CARTESIAN_POINT ( 'NONE',  ( 18.70133640980040113, 32.74450859994945517, -90.55720988560319995 ) ) ;
#5735 = CARTESIAN_POINT ( 'NONE',  ( -8.126981162541259351, 32.65194946777235430, -71.74543523331334427 ) ) ;
#5736 = ORIENTED_EDGE ( 'NONE', *, *, #5888, .F. ) ;
#5737 = CARTESIAN_POINT ( 'NONE',  ( 4.469736328078172782, 3.000000000000000888, -136.5764996389494570 ) ) ;
#5738 = CARTESIAN_POINT ( 'NONE',  ( -6.216572120662126721, 3.000000000000000000, -1.129192362062079624 ) ) ;
#5739 = FACE_BOUND ( 'NONE', #7448, .T. ) ;
#5740 = CARTESIAN_POINT ( 'NONE',  ( 30.22547315194047002, 7.376092534343603901, -120.0707640285188376 ) ) ;
#5741 = LINE ( 'NONE', #1609, #1594 ) ;
#5742 = CARTESIAN_POINT ( 'NONE',  ( -29.98302699571634733, 7.034976657241549525, -87.97872323552915930 ) ) ;
#5743 = CARTESIAN_POINT ( 'NONE',  ( 8.324735674422557352, 26.50000000000000355, -113.6472704830578806 ) ) ;
#5744 = DIRECTION ( 'NONE',  ( 0.000000000000000000, 0.000000000000000000, -1.000000000000000000 ) ) ;
#5745 = DIRECTION ( 'NONE',  ( 0.000000000000000000, -1.000000000000000000, 0.000000000000000000 ) ) ;
#5746 = CARTESIAN_POINT ( 'NONE',  ( 32.04097947992053008, 7.502892944727985736, -113.5707967629589348 ) ) ;
#5747 = CARTESIAN_POINT ( 'NONE',  ( -10.76536678418689519, 2.999999999999999556, -134.6181250234569973 ) ) ;
#5748 = CARTESIAN_POINT ( 'NONE',  ( 28.60082762348665497, -0.000000000000000000, -97.01355643536528817 ) ) ;
#5749 = CARTESIAN_POINT ( 'NONE',  ( 18.24724910240020037, 32.87794054597912918, -88.49296091707242340 ) ) ;
#5750 = CARTESIAN_POINT ( 'NONE',  ( 27.61943232713313279, 7.140154870669722875, -124.8033081090156884 ) ) ;
#5751 = ADVANCED_FACE ( 'NONE', ( #1025, #5739, #6900, #6382, #3380, #400 ), #432, .F. ) ;
#5752 = CARTESIAN_POINT ( 'NONE',  ( 18.84999643441695127, 9.117047592042126780, -104.3500000000004775 ) ) ;
#5753 = CARTESIAN_POINT ( 'NONE',  ( -3.974147985725594800, 25.00000000000000000, -115.1930661528634801 ) ) ;
#5754 = DIRECTION ( 'NONE',  ( 1.512080307323490847E-16, 0.000000000000000000, -1.000000000000000000 ) ) ;
#5755 = ORIENTED_EDGE ( 'NONE', *, *, #6499, .T. ) ;
#5756 = CARTESIAN_POINT ( 'NONE',  ( 27.53834204000388297, 0.000000000000000000, -91.48437336797746866 ) ) ;
#5757 = CARTESIAN_POINT ( 'NONE',  ( -13.86644828579467514, 17.63865540555268652, -56.29375788277155834 ) ) ;
#5758 = CARTESIAN_POINT ( 'NONE',  ( -22.02499643441695198, 38.11000187309952025, -85.15000000000063096 ) ) ;
#5759 = CARTESIAN_POINT ( 'NONE',  ( -10.17274607355135352, 26.50000000000000355, -78.07542919178092689 ) ) ;
#5760 = CARTESIAN_POINT ( 'NONE',  ( -3.558975945362070181, 3.000000000000000000, -3.466439218262144628 ) ) ;
#5761 = ORIENTED_EDGE ( 'NONE', *, *, #2898, .T. ) ;
#5762 = CARTESIAN_POINT ( 'NONE',  ( 1.734723475976807094E-15, 23.50000000000000000, -98.80960127224460621 ) ) ;
#5763 = CARTESIAN_POINT ( 'NONE',  ( 18.84999643441695127, 50.10999999999998522, -101.7499981269010192 ) ) ;
#5764 = CARTESIAN_POINT ( 'NONE',  ( -24.69759067930023022, 24.20281481684200742, -81.33481427265995478 ) ) ;
#5765 = CARTESIAN_POINT ( 'NONE',  ( 17.65607742379202705, 32.49999999999998579, -85.74975764439992076 ) ) ;
#5766 = CARTESIAN_POINT ( 'NONE',  ( -21.89171419541672492, 7.499999999999989342, -14.27693067381511760 ) ) ;
#5767 = EDGE_LOOP ( 'NONE', ( #5834, #3564, #4880, #1956, #5109, #7110 ) ) ;
#5768 = CARTESIAN_POINT ( 'NONE',  ( 24.53695006338097073, 3.000000000000001332, -123.4736261785039773 ) ) ;
#5769 = FACE_OUTER_BOUND ( 'NONE', #5871, .T. ) ;
#5770 = DIRECTION ( 'NONE',  ( -0.000000000000000000, -1.000000000000000000, -0.000000000000000000 ) ) ;
#5771 = CARTESIAN_POINT ( 'NONE',  ( 15.54559674479168940, 7.388876099513100648, -135.7194809724811364 ) ) ;
#5772 = PLANE ( 'NONE',  #4695 ) ;
#5773 = CARTESIAN_POINT ( 'NONE',  ( -21.86419764174985758, 21.52631394417608135, -92.51977616615326383 ) ) ;
#5774 = CARTESIAN_POINT ( 'NONE',  ( -4.000000000000000000, 5.000000000000000000, -83.33717174866055188 ) ) ;
#5775 = CARTESIAN_POINT ( 'NONE',  ( 13.29675830986862373, 24.99999999999999645, -87.45786173987201551 ) ) ;
#5776 = DIRECTION ( 'NONE',  ( 0.000000000000000000, 1.000000000000000000, 0.000000000000000000 ) ) ;
#5777 = CARTESIAN_POINT ( 'NONE',  ( 16.83634359398819669, 7.500201279557065170, -134.7586475233613044 ) ) ;
#5778 = CARTESIAN_POINT ( 'NONE',  ( 1.246832498358330099E-15, 2.999999999999999556, -137.0000000000000000 ) ) ;
#5779 = CARTESIAN_POINT ( 'NONE',  ( 27.27302070062048145, -0.000000000000000000, -90.28606712126349976 ) ) ;
#5780 = CARTESIAN_POINT ( 'NONE',  ( 16.06866642752390462, 32.90957138221272515, -82.31706269968198342 ) ) ;
#5781 = CARTESIAN_POINT ( 'NONE',  ( 10.64479158976567419, 7.390640994704452460, -138.0858510408426127 ) ) ;
#5782 = CARTESIAN_POINT ( 'NONE',  ( -3.999999999999999112, 5.055035018014506498, -91.72060208421913785 ) ) ;
#5783 = VECTOR ( 'NONE', #2539, 1000.000000000000000 ) ;
#5784 = DIRECTION ( 'NONE',  ( 0.000000000000000000, -1.000000000000000000, 0.000000000000000000 ) ) ;
#5785 = AXIS2_PLACEMENT_3D ( 'NONE', #6781, #2445, #3258 ) ;
#5786 = CARTESIAN_POINT ( 'NONE',  ( -3.514255071943217512, 25.00000000000000000, -115.4464858057955325 ) ) ;
#5787 = CARTESIAN_POINT ( 'NONE',  ( 5.390614109751422411, -8.673617379884035472E-16, -4.044383912773590772 ) ) ;
#5788 = B_SPLINE_CURVE_WITH_KNOTS ( 'NONE', 3,
 ( #4803, #7163, #3015, #2426, #1164, #7122, #7626, #700, #3645, #1868, #1821, #1786, #3055, #4228, #7084, #661, #2311, #4067, #5379, #4181, #36, #5842, #6578, #1288, #3606, #5418, #1749, #6531, #1245, #5959, #4110, #4681, #113, #3520, #5914, #7046, #5878, #573, #2926, #7668, #74, #4646, #2352, #538, #4762, #2974, #4143, #7004, #1703, #6490, #6416, #1202, #3560, #4725, #1128, #621, #3485, #2889, #5339, #2390, #7157, #1815, #7038, #1158, #6484, #4675, #6408, #4719, #2884, #7621, #4103, #4797, #5333, #4137, #5250, #3048, #2305, #6446, #7116, #5953 ),
 .UNSPECIFIED., .F., .F.,
 ( 4, 2, 2, 2, 2, 2, 2, 2, 2, 2, 2, 2, 2, 2, 2, 2, 2, 2, 2, 2, 2, 2, 2, 2, 2, 2, 2, 2, 2, 2, 2, 2, 2, 2, 2, 2, 2, 2, 2, 4 ),
 ( 0.1741186612420538848, 0.1793891681574084629, 0.1820244216150857519, 0.1846596750727630409, 0.1872949285304403300, 0.1886125552592789745, 0.1899301819881176190, 0.1952006889034721970, 0.2004711958188267751, 0.2031064492765040641, 0.2057417027341813531, 0.2110122096495359312, 0.2162827165648904815, 0.2189179700225677705, 0.2215532234802450595, 0.2268237303955995821, 0.2320942373109541323, 0.2373647442263086826, 0.2479057580570177555, 0.2505410115146950445, 0.2531762649723723335, 0.2584467718877269671, 0.2689877857184362342, 0.2795287995491455013, 0.2847993064645001349, 0.2900698133798548239, 0.2953403202952094020, 0.2979755737528867465, 0.3006108272105639800, 0.3058813341259186691, 0.3085165875835959581, 0.3111518410412733027, 0.3164223479566279362, 0.3190576014143051697, 0.3216928548719825143, 0.3269633617873369813, 0.3295986152450142148, 0.3322338687026915038, 0.3375043756180460264, 0.3427748825334005489 ),
 .UNSPECIFIED. ) ;
#5789 = ORIENTED_EDGE ( 'NONE', *, *, #6356, .T. ) ;
#5790 = CARTESIAN_POINT ( 'NONE',  ( 26.14550843502627231, -3.707922647854460837E-13, -59.70157725177875818 ) ) ;
#5791 = CARTESIAN_POINT ( 'NONE',  ( -9.732293777366839649, 32.95029874121174629, -73.49754864968548418 ) ) ;
#5792 = ADVANCED_FACE ( 'NONE', ( #2862 ), #1605, .F. ) ;
#5793 = VECTOR ( 'NONE', #7061, 1000.000000000000000 ) ;
#5794 = AXIS2_PLACEMENT_3D ( 'NONE', #1306, #53, #6595 ) ;
#5795 = CARTESIAN_POINT ( 'NONE',  ( -27.02499643441695198, 18.17669369438165106, -102.8499999999998096 ) ) ;
#5796 = ORIENTED_EDGE ( 'NONE', *, *, #757, .F. ) ;
#5797 = CARTESIAN_POINT ( 'NONE',  ( -32.00694124376755667, 3.000000000000735412, -113.7462652608949156 ) ) ;
#5798 = CARTESIAN_POINT ( 'NONE',  ( 4.000000000000000000, 5.000000000000000000, -83.33717174866055188 ) ) ;
#5799 = CARTESIAN_POINT ( 'NONE',  ( 7.677560744134052761, 3.000000000000000444, -5.084887270219452304 ) ) ;
#5800 = CARTESIAN_POINT ( 'NONE',  ( -23.94095068869576792, 0.000000000000000000, -53.22841617288453619 ) ) ;
#5801 = ORIENTED_EDGE ( 'NONE', *, *, #2480, .T. ) ;
#5802 = CARTESIAN_POINT ( 'NONE',  ( -11.69499526510848320, 7.500380036933018246, -4.000813403760087539 ) ) ;
#5803 = AXIS2_PLACEMENT_3D ( 'NONE', #4691, #1914, #1209 ) ;
#5804 = VECTOR ( 'NONE', #1944, 1000.000000000000000 ) ;
#5805 = CARTESIAN_POINT ( 'NONE',  ( 41.16644988300614472, 50.10999999999987864, -95.99999944210871661 ) ) ;
#5806 = CARTESIAN_POINT ( 'NONE',  ( -32.56329687243579230, 7.499999999999984013, -104.0899041434011849 ) ) ;
#5807 =( GEOMETRIC_REPRESENTATION_CONTEXT ( 3 ) GLOBAL_UNCERTAINTY_ASSIGNED_CONTEXT ( ( #4637 ) ) GLOBAL_UNIT_ASSIGNED_CONTEXT ( ( #2834, #4045, #1002 ) ) REPRESENTATION_CONTEXT ( 'NONE', 'WORKASPACE' ) );
#5808 = CARTESIAN_POINT ( 'NONE',  ( -24.68628943112469898, 7.500000000000010658, -18.92757285239159160 ) ) ;
#5809 = CARTESIAN_POINT ( 'NONE',  ( -15.55678786699251326, 26.50000000000001066, -90.58124479590141220 ) ) ;
#5810 = ORIENTED_EDGE ( 'NONE', *, *, #5571, .T. ) ;
#5811 = CARTESIAN_POINT ( 'NONE',  ( 21.25656723658468650, 3.000000000000000888, -127.3490159636102277 ) ) ;
#5812 = CARTESIAN_POINT ( 'NONE',  ( -4.268660085733399612, 7.534109822915760719E-13, -0.5246973461624988566 ) ) ;
#5813 = CARTESIAN_POINT ( 'NONE',  ( -25.52499643441695198, 32.48868152953984634, -104.3500000000004775 ) ) ;
#5814 = CARTESIAN_POINT ( 'NONE',  ( 20.00761839436034606, 23.92508197864581021, -114.1244424455931323 ) ) ;
#5815 = CARTESIAN_POINT ( 'NONE',  ( 0.7246509465704317199, 31.32599540880228517, -11.89014670506736238 ) ) ;
#5816 = CARTESIAN_POINT ( 'NONE',  ( -18.97357006484097042, 32.72166845832767024, -97.10990867144528238 ) ) ;
#5817 = ORIENTED_EDGE ( 'NONE', *, *, #5988, .T. ) ;
#5818 = DIRECTION ( 'NONE',  ( 0.000000000000000000, 0.000000000000000000, 1.000000000000000000 ) ) ;
#5819 = CARTESIAN_POINT ( 'NONE',  ( 7.144469513386907167, 24.99999999999999645, -76.88587057522620682 ) ) ;
#5820 = CARTESIAN_POINT ( 'NONE',  ( -15.47678890489943981, 25.74837059179667520, -91.37616238760861620 ) ) ;
#5821 = PRODUCT_DEFINITION ( 'UNKNOWN', '', #5321, #4714 ) ;
#5822 = CARTESIAN_POINT ( 'NONE',  ( 32.22143428900238860, 7.500258727101706491, -101.1260773642335522 ) ) ;
#5823 = CARTESIAN_POINT ( 'NONE',  ( 29.15088819043692681, 0.000000000000000000, -112.3604369572476855 ) ) ;
#5824 = CARTESIAN_POINT ( 'NONE',  ( 20.81919584761597974, 19.31661137055121813, -73.59690074444161212 ) ) ;
#5825 = CARTESIAN_POINT ( 'NONE',  ( 4.345807772729498808, 18.32619082847466530, -137.5534401407213636 ) ) ;
#5826 = FACE_OUTER_BOUND ( 'NONE', #4221, .T. ) ;
#5827 = DIRECTION ( 'NONE',  ( 1.000000000000000000, -0.000000000000000000, -0.000000000000000000 ) ) ;
#5828 = CARTESIAN_POINT ( 'NONE',  ( 5.728146427915165262, 26.50000000000000355, -115.8571981691358559 ) ) ;
#5829 = CARTESIAN_POINT ( 'NONE',  ( 18.95654470297176886, -8.673617379884035472E-16, -15.43716681480072062 ) ) ;
#5830 = VERTEX_POINT ( 'NONE', #7562 ) ;
#5831 = CARTESIAN_POINT ( 'NONE',  ( 27.26774093899586759, 7.504070547997566451E-13, -51.45219118366856748 ) ) ;
#5832 = CARTESIAN_POINT ( 'NONE',  ( -0.0001116011747425956283, 7.500000000000000000, 7.848517678142363130E-15 ) ) ;
#5833 = CARTESIAN_POINT ( 'NONE',  ( -3.999999999999998224, 5.000000000000000000, -94.80960127224460621 ) ) ;
#5834 = ORIENTED_EDGE ( 'NONE', *, *, #5093, .F. ) ;
#5835 = CARTESIAN_POINT ( 'NONE',  ( -26.92113640176553346, 14.93277579643461550, -86.09619799904243109 ) ) ;
#5836 = CARTESIAN_POINT ( 'NONE',  ( -13.08061695048944451, 32.50000000000000000, -82.84998960274268143 ) ) ;
#5837 = CARTESIAN_POINT ( 'NONE',  ( -3.704490053719064147, 3.000000000000000000, -3.504875079598909426 ) ) ;
#5838 = CARTESIAN_POINT ( 'NONE',  ( -24.87749586798205925, 0.000000000000000000, -47.66589146041265224 ) ) ;
#5839 = VERTEX_POINT ( 'NONE', #3967 ) ;
#5840 = CARTESIAN_POINT ( 'NONE',  ( -7.144469548376589429, 25.00000000000000000, -112.7333319175861419 ) ) ;
#5841 = CARTESIAN_POINT ( 'NONE',  ( 2.172915618252848624, 31.31963542613090112, -12.01318221412192777 ) ) ;
#5842 = CARTESIAN_POINT ( 'NONE',  ( 25.03988611332481540, 3.000000000000000444, -19.78303050428760201 ) ) ;
#5843 = CARTESIAN_POINT ( 'NONE',  ( -21.65294969212697396, 23.31357337872557522, -108.0737745766617621 ) ) ;
#5844 = B_SPLINE_CURVE_WITH_KNOTS ( 'NONE', 3,
 ( #5282, #7029, #1009, #6399 ),
 .UNSPECIFIED., .F., .F.,
 ( 4, 4 ),
 ( 0.8144749335702453630, 0.9999606223163545193 ),
 .UNSPECIFIED. ) ;
#5845 = EDGE_CURVE ( 'NONE', #4911, #4916, #6135, .T. ) ;
#5846 = CARTESIAN_POINT ( 'NONE',  ( -1.088405454403868600, 32.96605262073666864, -69.19969378113704295 ) ) ;
#5847 = CARTESIAN_POINT ( 'NONE',  ( -14.81604986787824174, 24.99999999999728928, -87.35112134503656023 ) ) ;
#5848 = EDGE_CURVE ( 'NONE', #4777, #3331, #3455, .T. ) ;
#5849 = ORIENTED_EDGE ( 'NONE', *, *, #1396, .F. ) ;
#5850 = CARTESIAN_POINT ( 'NONE',  ( 0.8008578110639692493, 3.000000000000001332, -136.9999523981427956 ) ) ;
#5851 = CARTESIAN_POINT ( 'NONE',  ( -12.59286796475999459, 3.000000000000000888, -4.632034277440078007 ) ) ;
#5852 = CARTESIAN_POINT ( 'NONE',  ( -18.50409469548181463, 30.28715809199668740, -104.3500000000004917 ) ) ;
#5853 = CARTESIAN_POINT ( 'NONE',  ( 15.60689012981514168, 7.166628298539353459, -135.7521496268856254 ) ) ;
#5854 = CARTESIAN_POINT ( 'NONE',  ( 9.732894424312016568, 32.95029874121174629, -73.49811416564109834 ) ) ;
#5855 = CARTESIAN_POINT ( 'NONE',  ( -19.07588361559125190, 32.50000000000000000, -93.70488997443158041 ) ) ;
#5856 = EDGE_LOOP ( 'NONE', ( #4634, #7072 ) ) ;
#5857 = DIRECTION ( 'NONE',  ( -1.512080307323490847E-16, 0.000000000000000000, 1.000000000000000000 ) ) ;
#5858 = CARTESIAN_POINT ( 'NONE',  ( 12.97846949993301813, 25.00000000000000355, -86.48416555391425220 ) ) ;
#5859 = CARTESIAN_POINT ( 'NONE',  ( -15.62711348425077240, 26.11151810951023933, -91.36581010785756973 ) ) ;
#5860 = CARTESIAN_POINT ( 'NONE',  ( -4.265952358980841908, 2.999999999999999556, -136.6270494960687643 ) ) ;
#5861 = CARTESIAN_POINT ( 'NONE',  ( 27.61627595425973425, 0.000000000000000000, -91.89330423913611412 ) ) ;
#5862 = CARTESIAN_POINT ( 'NONE',  ( 26.55506598897056136, 7.500000000000013323, -55.96003795425773575 ) ) ;
#5863 = CARTESIAN_POINT ( 'NONE',  ( 2.209032131150562517, 32.50000000000002132, -120.9020588834127068 ) ) ;
#5864 = CARTESIAN_POINT ( 'NONE',  ( -22.93271444873111875, 2.999999999999999112, -22.41550438648632948 ) ) ;
#5865 = CARTESIAN_POINT ( 'NONE',  ( 2.408279215507851593E-15, 25.00000000000000000, -89.30960127224460621 ) ) ;
#5866 = CARTESIAN_POINT ( 'NONE',  ( -5.714437367275253088, 26.50000000000000355, -115.8558047749430102 ) ) ;
#5867 = CARTESIAN_POINT ( 'NONE',  ( 22.93281090967846936, 0.000000000000000000, -22.41556351226319066 ) ) ;
#5868 = ORIENTED_EDGE ( 'NONE', *, *, #4058, .F. ) ;
#5869 = FACE_OUTER_BOUND ( 'NONE', #2599, .T. ) ;
#5870 = CARTESIAN_POINT ( 'NONE',  ( -27.02499643441695198, 32.48868152953984634, -86.65000000000063096 ) ) ;
#5871 = EDGE_LOOP ( 'NONE', ( #1901, #3917, #3095, #1789, #5730, #4428, #5972 ) ) ;
#5872 = FACE_OUTER_BOUND ( 'NONE', #7400, .T. ) ;
#5873 = CARTESIAN_POINT ( 'NONE',  ( -1.779050307140894516, 3.000000000000000444, -0.07506286479960312674 ) ) ;
#5874 = CARTESIAN_POINT ( 'NONE',  ( 11.04258411101355364, 3.000000000000000444, -7.220471800000834328 ) ) ;
#5875 = CARTESIAN_POINT ( 'NONE',  ( -24.06157228744874743, -0.000000000000000000, -52.48380980408015262 ) ) ;
#5876 = ORIENTED_EDGE ( 'NONE', *, *, #7641, .F. ) ;
#5877 = LINE ( 'NONE', #7666, #2826 ) ;
#5878 = CARTESIAN_POINT ( 'NONE',  ( 26.48315362999884925, 3.000000000000000888, -55.89523182004737123 ) ) ;
#5879 = CARTESIAN_POINT ( 'NONE',  ( -26.55493347405300497, 7.499999999999993783, -55.96099909285668161 ) ) ;
#5880 = CARTESIAN_POINT ( 'NONE',  ( 0.000000000000000000, 17.11478652446160709, -48.69670794823103677 ) ) ;
#5881 = CARTESIAN_POINT ( 'NONE',  ( -14.96657138822695465, 25.00000000000091305, -87.88317942151195439 ) ) ;
#5882 = VERTEX_POINT ( 'NONE', #5813 ) ;
#5883 = CARTESIAN_POINT ( 'NONE',  ( 26.79898261362281175, 3.000000000000000888, -119.7512383458522152 ) ) ;
#5884 = CARTESIAN_POINT ( 'NONE',  ( 0.4007051813656700712, -2.066063287537913221E-29, 0.003501982838300300542 ) ) ;
#5885 = FACE_OUTER_BOUND ( 'NONE', #5767, .T. ) ;
#5886 = B_SPLINE_CURVE_WITH_KNOTS ( 'NONE', 3,
 ( #2406, #1219, #7141, #1264, #5036 ),
 .UNSPECIFIED., .F., .F.,
 ( 4, 1, 4 ),
 ( 0.9999606223163546304, 1.000000000000000000, 1.185525215400476728 ),
 .UNSPECIFIED. ) ;
#5887 = CARTESIAN_POINT ( 'NONE',  ( 5.424654257504951893, 7.391738091715251535, -139.6388717736984972 ) ) ;
#5888 = EDGE_CURVE ( 'NONE', #3377, #3060, #546, .T. ) ;
#5889 = CARTESIAN_POINT ( 'NONE',  ( 2.562660619815104290, 32.50000000000000711, -68.82510695622785590 ) ) ;
#5890 = CARTESIAN_POINT ( 'NONE',  ( -26.03295408564067870, 6.953195230065762011, -63.91843449435243230 ) ) ;
#5891 = CARTESIAN_POINT ( 'NONE',  ( -23.88835711864271971, 20.87952300387324200, -85.15000000000073044 ) ) ;
#5892 = ORIENTED_EDGE ( 'NONE', *, *, #6892, .F. ) ;
#5893 = CARTESIAN_POINT ( 'NONE',  ( -15.52069995008143799, 32.50000000000000000, -99.37371132387453088 ) ) ;
#5894 = CARTESIAN_POINT ( 'NONE',  ( -25.38036786798360467, 0.000000000000000000, -44.58358581873260107 ) ) ;
#5895 = CARTESIAN_POINT ( 'NONE',  ( 26.70222048197636866, 15.31699742803245989, -85.71318152211919994 ) ) ;
#5896 = CARTESIAN_POINT ( 'NONE',  ( 26.01876400168176318, -0.000000000000000000, -84.65642624168515340 ) ) ;
#5897 = CARTESIAN_POINT ( 'NONE',  ( 19.95507768713333618, 18.71938115178853934, -67.97509518194706857 ) ) ;
#5898 = DIRECTION ( 'NONE',  ( 0.000000000000000000, 0.000000000000000000, 1.000000000000000000 ) ) ;
#5899 = CARTESIAN_POINT ( 'NONE',  ( -8.042383962115627227, 32.73207170552024081, -117.8657045751944423 ) ) ;
#5900 = CARTESIAN_POINT ( 'NONE',  ( 13.77994467696210101, 25.00000000000000000, -89.31752211450874768 ) ) ;
#5901 = CARTESIAN_POINT ( 'NONE',  ( -5.497320251229919741, 25.00000000000000000, -114.1563043578594403 ) ) ;
#5902 = CARTESIAN_POINT ( 'NONE',  ( -10.76536678418689519, 8.673617379884035472E-16, -134.6181250234569973 ) ) ;
#5903 = FACE_OUTER_BOUND ( 'NONE', #267, .T. ) ;
#5904 = CARTESIAN_POINT ( 'NONE',  ( -0.0001127171864900215845, 7.261740045911976082, 0.1189014670506815807 ) ) ;
#5905 = AXIS2_PLACEMENT_3D ( 'NONE', #4529, #5693, #6815 ) ;
#5906 = CARTESIAN_POINT ( 'NONE',  ( 26.55506598897056136, 7.500000000000013323, -55.96003795425773575 ) ) ;
#5907 = CYLINDRICAL_SURFACE ( 'NONE', #2698, 1.249999442108171266 ) ;
#5908 = ORIENTED_EDGE ( 'NONE', *, *, #2201, .F. ) ;
#5909 = CARTESIAN_POINT ( 'NONE',  ( -15.52060267989785203, 32.50000000000000000, -90.24443582024215971 ) ) ;
#5910 = CARTESIAN_POINT ( 'NONE',  ( 14.15067564155141078, 3.000000000000000444, -9.867617307838248308 ) ) ;
#5911 = CARTESIAN_POINT ( 'NONE',  ( -23.34869286206649974, -0.000000000000000000, -57.53522228297784125 ) ) ;
#5912 = ORIENTED_EDGE ( 'NONE', *, *, #1688, .T. ) ;
#5913 = CARTESIAN_POINT ( 'NONE',  ( 3.502012345845922248, 25.00000000000000000, -115.4523824016287534 ) ) ;
#5914 = CARTESIAN_POINT ( 'NONE',  ( 28.01220009062298644, 3.000000000000000000, -47.13315437387423401 ) ) ;
#5915 = AXIS2_PLACEMENT_3D ( 'NONE', #5647, #6880, #2081 ) ;
#5916 = CARTESIAN_POINT ( 'NONE',  ( -26.27914218154073822, 7.123443119461572159, -58.54818380058085125 ) ) ;
#5917 = AXIS2_PLACEMENT_3D ( 'NONE', #655, #67, #2384 ) ;
#5918 = VECTOR ( 'NONE', #7017, 1000.000000000000000 ) ;
#5919 = CARTESIAN_POINT ( 'NONE',  ( -0.7245613712052884070, 31.32599540880228517, -11.89014670506736593 ) ) ;
#5920 = CARTESIAN_POINT ( 'NONE',  ( -10.98450789755169943, 25.00000000000000000, -82.04160781781372691 ) ) ;
#5921 = AXIS2_PLACEMENT_3D ( 'NONE', #1558, #2852, #4644 ) ;
#5922 = ORIENTED_EDGE ( 'NONE', *, *, #1117, .T. ) ;
#5923 = CARTESIAN_POINT ( 'NONE',  ( 36.04937071812727822, 2.999999999999999112, -28.10953659847149311 ) ) ;
#5924 = CARTESIAN_POINT ( 'NONE',  ( 8.674636488486854091, 3.000000000000000000, -2.203941761328568116 ) ) ;
#5925 = DIRECTION ( 'NONE',  ( 0.000000000000000000, 0.000000000000000000, -1.000000000000000000 ) ) ;
#5926 = CARTESIAN_POINT ( 'NONE',  ( 1.812541977439371177, 7.283984982044218626, -140.0421981212144829 ) ) ;
#5927 = AXIS2_PLACEMENT_3D ( 'NONE', #4125, #1800, #4859 ) ;
#5928 = CIRCLE ( 'NONE', #7282, 1.174999999999995381 ) ;
#5929 = CARTESIAN_POINT ( 'NONE',  ( 9.121648911159853768, 17.30779084907414145, -51.89003701365977861 ) ) ;
#5930 = CARTESIAN_POINT ( 'NONE',  ( -26.00941371082799591, 7.135463486710508008, -63.96547539270411420 ) ) ;
#5931 = CARTESIAN_POINT ( 'NONE',  ( 13.13183433431483849, 1.734723475976807094E-15, -133.4593474056472360 ) ) ;
#5932 = ORIENTED_EDGE ( 'NONE', *, *, #6356, .F. ) ;
#5933 = CARTESIAN_POINT ( 'NONE',  ( -3.811180153386652947, 32.50000000000000000, -116.9612295142415519 ) ) ;
#5934 = AXIS2_PLACEMENT_3D ( 'NONE', #5723, #4557, #2189 ) ;
#5935 = EDGE_CURVE ( 'NONE', #1472, #5830, #4077, .T. ) ;
#5936 = CARTESIAN_POINT ( 'NONE',  ( -3.999999999999998224, 1.500000000000000000, -94.80960127224460621 ) ) ;
#5937 = CARTESIAN_POINT ( 'NONE',  ( 0.005245009729466332954, 7.499999754302211663, -139.9999996434141565 ) ) ;
#5938 = CARTESIAN_POINT ( 'NONE',  ( 24.38580967159224144, -0.000000000000000000, -76.83493539408878803 ) ) ;
#5939 = CARTESIAN_POINT ( 'NONE',  ( 18.90056273207529003, 32.50000000000000711, -91.50214535736142807 ) ) ;
#5940 = EDGE_CURVE ( 'NONE', #5839, #3575, #4543, .T. ) ;
#5941 = CARTESIAN_POINT ( 'NONE',  ( 10.63956118484107627, 3.000000000000000000, -6.910290547910341807 ) ) ;
#5942 = EDGE_CURVE ( 'NONE', #751, #1774, #6940, .T. ) ;
#5943 = CARTESIAN_POINT ( 'NONE',  ( 0.7366200290337007184, 32.50000000000000000, -121.0596012722445636 ) ) ;
#5944 = CARTESIAN_POINT ( 'NONE',  ( 14.18513901843214953, 25.00000000000000000, -91.53955510810854435 ) ) ;
#5945 = PLANE ( 'NONE',  #7034 ) ;
#5946 = CARTESIAN_POINT ( 'NONE',  ( 15.67101441210934887, 24.99999999999994671, -98.28552114343986545 ) ) ;
#5947 = CARTESIAN_POINT ( 'NONE',  ( -25.52499643441695198, 32.48868152953984634, -102.8500000000004775 ) ) ;
#5948 = CARTESIAN_POINT ( 'NONE',  ( 32.45287651722443911, 3.000000000000000000, -110.4764192840952717 ) ) ;
#5949 = CARTESIAN_POINT ( 'NONE',  ( -1.093800609773013521, 32.81070174715777910, -68.99945489825203992 ) ) ;
#5950 = CARTESIAN_POINT ( 'NONE',  ( 24.69786425938129071, 24.20281481684194347, -81.33498824620461676 ) ) ;
#5951 = CARTESIAN_POINT ( 'NONE',  ( -30.24300180321129616, 2.999999999999999112, -119.4499792008656556 ) ) ;
#5952 = VERTEX_POINT ( 'NONE', #1135 ) ;
#5953 = CARTESIAN_POINT ( 'NONE',  ( 4.373039862097495067, 3.000000000000000000, -139.6382178266192682 ) ) ;
#5954 = CARTESIAN_POINT ( 'NONE',  ( 4.562600905131620088, 32.50000000000000000, -73.04493931501897919 ) ) ;
#5955 = CARTESIAN_POINT ( 'NONE',  ( -11.38909076937449960, 3.000000000000000000, -7.473210604919624522 ) ) ;
#5956 = CARTESIAN_POINT ( 'NONE',  ( -23.01385182526720996, -0.000000000000000000, -61.96983252307604317 ) ) ;
#5957 = VERTEX_POINT ( 'NONE', #7451 ) ;
#5958 = CARTESIAN_POINT ( 'NONE',  ( -14.92992840596277304, 25.18922174578779405, -98.20463255675950620 ) ) ;
#5959 = CARTESIAN_POINT ( 'NONE',  ( 29.07752589044230973, 3.000000000000000000, -34.90912950795115677 ) ) ;
#5960 = CARTESIAN_POINT ( 'NONE',  ( -26.34540323164007702, 7.147626953569556463, -69.37874900433688197 ) ) ;
#5961 = CARTESIAN_POINT ( 'NONE',  ( 26.72123906119505676, 18.64321912630115463, -103.7604153581056892 ) ) ;
#5962 = CARTESIAN_POINT ( 'NONE',  ( -0.9081692157425153011, 6.785220137735929136, 0.3567044011520190683 ) ) ;
#5963 = CARTESIAN_POINT ( 'NONE',  ( -13.88743985720360996, 25.00000000000000000, -89.80410997941874029 ) ) ;
#5964 = ORIENTED_EDGE ( 'NONE', *, *, #6655, .T. ) ;
#5965 = CARTESIAN_POINT ( 'NONE',  ( 25.52499643441695198, 32.48868152953990318, -86.65000000000063096 ) ) ;
#5966 = CARTESIAN_POINT ( 'NONE',  ( 13.48279623424870621, -5.611864730740500349E-13, -5.305623816700694384 ) ) ;
#5967 = CARTESIAN_POINT ( 'NONE',  ( 25.52499643441695198, 32.48868152953989608, -86.65000000000063096 ) ) ;
#5968 = CARTESIAN_POINT ( 'NONE',  ( -0.7329303756197416142, 32.57391604684284658, -120.9837666368468660 ) ) ;
#5969 = CARTESIAN_POINT ( 'NONE',  ( 8.127566659309833241, 32.65194946777233298, -71.74587583690268389 ) ) ;
#5970 = CARTESIAN_POINT ( 'NONE',  ( -18.27485352226909754, 32.75196036398608612, -88.40755347658385688 ) ) ;
#5971 = LINE ( 'NONE', #7096, #2963 ) ;
#5972 = ORIENTED_EDGE ( 'NONE', *, *, #3919, .F. ) ;
#5973 = CARTESIAN_POINT ( 'NONE',  ( 0.5646741951554153927, 26.50000000000000355, -117.8844128149736008 ) ) ;
#5974 = CARTESIAN_POINT ( 'NONE',  ( -29.04474870466071934, 4.637818111402949131E-13, -35.08973420920654007 ) ) ;
#5975 = CARTESIAN_POINT ( 'NONE',  ( -22.02499643441695198, 38.11000187309952025, -86.65000000000063096 ) ) ;
#5976 = DIRECTION ( 'NONE',  ( 0.000000000000000000, 0.000000000000000000, -1.000000000000000000 ) ) ;
#5977 = CARTESIAN_POINT ( 'NONE',  ( 24.55837256710114502, -0.000000000000000000, -77.76265507669063481 ) ) ;
#5978 = CARTESIAN_POINT ( 'NONE',  ( 23.60850989942342792, 25.72682566447453212, -68.76338201594107602 ) ) ;
#5979 = CARTESIAN_POINT ( 'NONE',  ( 20.83018087096745319, 3.000000000000000000, -18.32092326389556902 ) ) ;
#5980 = CARTESIAN_POINT ( 'NONE',  ( -10.64585295471350967, 7.390640994704450684, -138.0854619677250525 ) ) ;
#5981 = CARTESIAN_POINT ( 'NONE',  ( 13.73523375675612712, 25.00000000000000000, -84.30347921917393705 ) ) ;
#5982 = CARTESIAN_POINT ( 'NONE',  ( -10.16549770337942782, 32.50000000000000000, -111.5533070262852533 ) ) ;
#5983 = CARTESIAN_POINT ( 'NONE',  ( 14.48685071637293476, 26.50000000000000355, -103.3168393309529733 ) ) ;
#5984 = CARTESIAN_POINT ( 'NONE',  ( 14.37172467783372376, 25.00000000000003197, -98.16602584094056283 ) ) ;
#5985 = CARTESIAN_POINT ( 'NONE',  ( 28.14880104654321968, 0.000000000000000000, -116.5025857904776814 ) ) ;
#5986 = CARTESIAN_POINT ( 'NONE',  ( 6.320501234354344078, 32.50000000000004263, -70.33841534597704026 ) ) ;
#5987 = CARTESIAN_POINT ( 'NONE',  ( -2.525360893528256323, 32.96535145375025166, -69.41954324857923098 ) ) ;
#5988 = EDGE_CURVE ( 'NONE', #1215, #246, #6350, .T. ) ;
#5989 = CARTESIAN_POINT ( 'NONE',  ( 19.00294814732124138, 32.84968873788226063, -93.88509591138718235 ) ) ;
#5990 = DIRECTION ( 'NONE',  ( 1.000000000000000000, 0.000000000000000000, 0.000000000000000000 ) ) ;
#5991 = ORIENTED_EDGE ( 'NONE', *, *, #5093, .T. ) ;
#5992 = FACE_OUTER_BOUND ( 'NONE', #3870, .T. ) ;
#5993 = CARTESIAN_POINT ( 'NONE',  ( 0.2772012290056553585, 26.50000000000000355, -71.73439525735247457 ) ) ;
#5994 = CARTESIAN_POINT ( 'NONE',  ( -8.924935508198238665, 3.000000000000000000, -5.773548902007392236 ) ) ;
#5995 = EDGE_LOOP ( 'NONE', ( #230, #7337, #2484, #4384, #3242 ) ) ;
#5996 = CARTESIAN_POINT ( 'NONE',  ( -2.726241727588488928, 25.00000000000000000, -115.8013494932157101 ) ) ;
#5997 = EDGE_CURVE ( 'NONE', #5724, #3984, #2625, .T. ) ;
#5998 = CARTESIAN_POINT ( 'NONE',  ( 41.16644988300614472, 50.10999999999987864, -93.50000055789237763 ) ) ;
#5999 = CARTESIAN_POINT ( 'NONE',  ( -26.08891760309097663, 6.944144179726539079, -61.20394193900772706 ) ) ;
#6000 = CARTESIAN_POINT ( 'NONE',  ( 23.33823139643676114, -0.000000000000000000, -23.30712232834479991 ) ) ;
#6001 = LINE ( 'NONE', #2354, #2221 ) ;
#6002 = FACE_OUTER_BOUND ( 'NONE', #1783, .T. ) ;
#6003 = ORIENTED_EDGE ( 'NONE', *, *, #5278, .T. ) ;
#6004 = FACE_OUTER_BOUND ( 'NONE', #5062, .T. ) ;
#6005 = CARTESIAN_POINT ( 'NONE',  ( 21.09478026350456403, 5.571982540135670570E-13, -13.31435613212432578 ) ) ;
#6006 = CARTESIAN_POINT ( 'NONE',  ( 9.055364824884311048, 26.50000000000000000, -76.75231542688150910 ) ) ;
#6007 = CARTESIAN_POINT ( 'NONE',  ( -15.60822405651447298, 7.166628298539362341, -135.7513998200504091 ) ) ;
#6008 = CARTESIAN_POINT ( 'NONE',  ( 13.86654793325907420, 17.63865540555268652, -56.29358162767616136 ) ) ;
#6009 = ADVANCED_BREP_SHAPE_REPRESENTATION ( 'Foot_V2', ( #3800, #5080 ), #5807 ) ;
#6010 = CARTESIAN_POINT ( 'NONE',  ( -18.48234847888147314, 32.87237969503885182, -89.55844664122824383 ) ) ;
#6011 = CARTESIAN_POINT ( 'NONE',  ( 20.11528662676384016, 1.734723475976807094E-15, -128.5069837203128316 ) ) ;
#6012 = ORIENTED_EDGE ( 'NONE', *, *, #1036, .T. ) ;
#6013 = CARTESIAN_POINT ( 'NONE',  ( -0.2772012725463477989, 26.50000000000000355, -117.8848072766886617 ) ) ;
#6014 = CARTESIAN_POINT ( 'NONE',  ( 27.02499643441694843, 14.86860054867303482, -86.57131987518694416 ) ) ;
#6015 = CARTESIAN_POINT ( 'NONE',  ( 15.67499646065027541, 32.50000000000000000, -98.25668410583796231 ) ) ;
#6016 = CARTESIAN_POINT ( 'NONE',  ( 25.40230569509144232, -0.000000000000000000, -81.85643153702108066 ) ) ;
#6017 = CARTESIAN_POINT ( 'NONE',  ( 18.70133640980040113, 32.74450859994945517, -90.55720988560319995 ) ) ;
#6018 = CARTESIAN_POINT ( 'NONE',  ( -9.385324510656086971, 24.98857519589839171, -125.9927315537610895 ) ) ;
#6019 = CARTESIAN_POINT ( 'NONE',  ( 13.73523375665739898, 26.50000000000000355, -84.30347921921740806 ) ) ;
#6020 = CARTESIAN_POINT ( 'NONE',  ( -12.93141326767682031, 3.000000000000000000, 2.115675927715066399E-14 ) ) ;
#6021 = CARTESIAN_POINT ( 'NONE',  ( 15.62129256540807809, 26.49999999999977973, -98.62887357993071191 ) ) ;
#6022 = CARTESIAN_POINT ( 'NONE',  ( -13.07417990852797729, 1.734723475976807094E-15, -133.4904267253078842 ) ) ;
#6023 = CARTESIAN_POINT ( 'NONE',  ( 27.02499643441695198, 32.48868152953990318, -86.65000000000063096 ) ) ;
#6024 = CARTESIAN_POINT ( 'NONE',  ( 30.49960129084166027, 2.999999999999812150, -118.8212174413624069 ) ) ;
#6025 = CARTESIAN_POINT ( 'NONE',  ( 6.235626459747136252, 32.96032393727310250, -70.89740120944624380 ) ) ;
#6026 = CARTESIAN_POINT ( 'NONE',  ( -4.000000000000000000, 3.800000000000028244, -84.53717174866052630 ) ) ;
#6027 = CARTESIAN_POINT ( 'NONE',  ( 19.02872596452404608, 32.84205049326412507, -95.33833607528727327 ) ) ;
#6028 = CARTESIAN_POINT ( 'NONE',  ( -14.29632086972054239, 3.000000000000000888, -136.2379898197312400 ) ) ;
#6029 = ORIENTED_EDGE ( 'NONE', *, *, #6270, .T. ) ;
#6030 = LINE ( 'NONE', #2147, #7658 ) ;
#6031 = CARTESIAN_POINT ( 'NONE',  ( 10.16549767102374879, 32.50000000000000000, -78.06589545624611048 ) ) ;
#6032 = CARTESIAN_POINT ( 'NONE',  ( -22.93271444873111875, 2.999999999999999112, -22.41550438648632948 ) ) ;
#6033 = CARTESIAN_POINT ( 'NONE',  ( -23.17256692600055601, 0.000000000000000000, -68.07799941513437147 ) ) ;
#6034 = ORIENTED_EDGE ( 'NONE', *, *, #6979, .T. ) ;
#6035 = CARTESIAN_POINT ( 'NONE',  ( 27.02499643441695198, 32.48868152953990318, 0.000000000000000000 ) ) ;
#6036 = EDGE_CURVE ( 'NONE', #1774, #1281, #3457, .T. ) ;
#6037 = CARTESIAN_POINT ( 'NONE',  ( -26.32133088333455362, 7.323813476784782672, -69.42219436236489116 ) ) ;
#6038 = CARTESIAN_POINT ( 'NONE',  ( 24.32324188552151156, 0.000000000000000000, -25.90922273892864069 ) ) ;
#6039 = CARTESIAN_POINT ( 'NONE',  ( -22.95763229409550732, 3.000000000000736300, -129.9039193997399479 ) ) ;
#6040 = CARTESIAN_POINT ( 'NONE',  ( 0.8675740751154101815, -4.336808689942017736E-16, -137.0000000000000000 ) ) ;
#6041 = ORIENTED_EDGE ( 'NONE', *, *, #443, .F. ) ;
#6042 = DIRECTION ( 'NONE',  ( 1.000000000000000000, 0.000000000000000000, 0.000000000000000000 ) ) ;
#6043 = CIRCLE ( 'NONE', #2448, 1.500000000000001332 ) ;
#6044 = CARTESIAN_POINT ( 'NONE',  ( 5.930158142621168693, 3.000000000000186517, -1.047179617396758688 ) ) ;
#6045 = CARTESIAN_POINT ( 'NONE',  ( 13.75857411470386538, 26.50000000000000711, -84.35925046079914580 ) ) ;
#6046 = CARTESIAN_POINT ( 'NONE',  ( -10.68781921610557184, 7.171922984113327182, -138.1232855297256208 ) ) ;
#6047 = VECTOR ( 'NONE', #5745, 1000.000000000000000 ) ;
#6048 = AXIS2_PLACEMENT_3D ( 'NONE', #6772, #5499, #193 ) ;
#6049 = CARTESIAN_POINT ( 'NONE',  ( 12.57094805943421534, 32.50000000000002842, -75.99866313765876669 ) ) ;
#6050 = CARTESIAN_POINT ( 'NONE',  ( -27.63334864280853154, 7.103965672530425657, -49.60877420814807692 ) ) ;
#6051 = CARTESIAN_POINT ( 'NONE',  ( -20.60867256587794571, 26.25628089661421072, -85.15000000000063096 ) ) ;
#6052 = ORIENTED_EDGE ( 'NONE', *, *, #1148, .T. ) ;
#6053 = CARTESIAN_POINT ( 'NONE',  ( -12.30298902548526563, 32.50000000000000000, -108.2638192635993448 ) ) ;
#6054 = CARTESIAN_POINT ( 'NONE',  ( -26.25155268338599512, -2.581856380614445589E-12, -58.42656584094753924 ) ) ;
#6055 = CARTESIAN_POINT ( 'NONE',  ( -17.34999011836575988, 32.49999999999999289, -104.7392435249793721 ) ) ;
#6056 = CARTESIAN_POINT ( 'NONE',  ( 23.16089413397331143, -0.000000000000000000, -59.30919315278899262 ) ) ;
#6057 = AXIS2_PLACEMENT_3D ( 'NONE', #7003, #424, #2780 ) ;
#6058 = CARTESIAN_POINT ( 'NONE',  ( 18.53404172180242782, 32.62412656501297192, -89.39876342268235021 ) ) ;
#6059 = CIRCLE ( 'NONE', #5308, 1.500000000000001332 ) ;
#6060 = B_SPLINE_CURVE_WITH_KNOTS ( 'NONE', 3,
 ( #7651, #3506, #4709, #1691, #2338, #6475, #3546, #4052, #524, #601, #2876, #5132, #1040, #3395, #4787, #6065, #7107, #6100, #2958, #1807, #2374, #3080, #1312, #2453, #3707, #5446, #4829, #1390, #7192, #1893, #645, #6683, #7147, #7265, #3747, #179, #5326, #4901, #770, #3121, #3668, #4746, #5982, #6602, #6515, #4288, #1965, #1929, #4167, #1849, #4210, #4251, #5485, #1273 ),
 .UNSPECIFIED., .F., .F.,
 ( 4, 2, 2, 2, 2, 2, 2, 2, 2, 2, 2, 2, 2, 2, 2, 2, 2, 2, 2, 2, 2, 2, 2, 2, 2, 2, 4 ),
 ( 0.000000000000000000, 0.06250000000000101308, 0.1250000000000020262, 0.1562500000000021927, 0.1875000000000023592, 0.2500000000000026645, 0.3125000000000029976, 0.3437500000000031641, 0.3750000000000033307, 0.4062500000000035527, 0.4375000000000037192, 0.4687500000000038858, 0.5000000000000039968, 0.5156250000000041078, 0.5312500000000043299, 0.5625000000000044409, 0.5781250000000043299, 0.5937500000000043299, 0.6250000000000036637, 0.6562500000000031086, 0.6875000000000024425, 0.7500000000000018874, 0.7812500000000019984, 0.8125000000000021094, 0.8750000000000014433, 0.9375000000000007772, 1.000000000000000000 ),
 .UNSPECIFIED. ) ;
#6061 = CARTESIAN_POINT ( 'NONE',  ( -8.623317595165179483, -1.301042606982605321E-15, -5.592975081941252924 ) ) ;
#6062 = AXIS2_PLACEMENT_3D ( 'NONE', #98, #647, #1230 ) ;
#6063 = CARTESIAN_POINT ( 'NONE',  ( -15.51625676472044901, 7.499999999999983125, -135.7024072520229367 ) ) ;
#6064 = CARTESIAN_POINT ( 'NONE',  ( 15.69759663209524803, 25.00000000000000355, -91.52672126932634455 ) ) ;
#6065 = CARTESIAN_POINT ( 'NONE',  ( 7.087689222429665037, 32.50000000000000000, -114.8037752943199905 ) ) ;
#6066 = CARTESIAN_POINT ( 'NONE',  ( 7.546707230384721576, 25.00000000000000355, -114.4370190907598044 ) ) ;
#6067 = CARTESIAN_POINT ( 'NONE',  ( 4.000000000000001776, 6.500000000000000888, -94.80960127224460621 ) ) ;
#6068 = CARTESIAN_POINT ( 'NONE',  ( 25.81401072693599730, -1.301042606982605321E-15, -121.5610410417172318 ) ) ;
#6069 = CARTESIAN_POINT ( 'NONE',  ( 2.717579936953858688, 7.023607291477384607, 0.08343649699152901056 ) ) ;
#6070 = LINE ( 'NONE', #3127, #2342 ) ;
#6071 = CARTESIAN_POINT ( 'NONE',  ( 21.48305802273594267, 20.95911756164134232, -87.75981979821531809 ) ) ;
#6072 = CARTESIAN_POINT ( 'NONE',  ( -20.80753297550401371, 2.999999999999999112, -131.8482296437013872 ) ) ;
#6073 = VERTEX_POINT ( 'NONE', #2398 ) ;
#6074 = CARTESIAN_POINT ( 'NONE',  ( 5.753748364261222825, 26.50000000000000355, -73.78203109268528692 ) ) ;
#6075 = CARTESIAN_POINT ( 'NONE',  ( -14.22939476582867258, 25.00000000000000000, -97.75911109752858863 ) ) ;
#6076 = CARTESIAN_POINT ( 'NONE',  ( -25.86198223641553184, -0.000000000000000000, -83.95438277436170438 ) ) ;
#6077 = ORIENTED_EDGE ( 'NONE', *, *, #5670, .F. ) ;
#6078 = DIRECTION ( 'NONE',  ( 0.000000000000000000, 0.000000000000000000, 1.000000000000000000 ) ) ;
#6079 = CARTESIAN_POINT ( 'NONE',  ( -28.35977338783194668, 7.500000000000008882, -29.10501269108130273 ) ) ;
#6080 = CARTESIAN_POINT ( 'NONE',  ( 25.66033422362776051, -0.000000000000000000, -31.17640619934420698 ) ) ;
#6081 = CARTESIAN_POINT ( 'NONE',  ( -5.145284844084194731, 3.000000000000000000, -139.5049952346252553 ) ) ;
#6082 = CARTESIAN_POINT ( 'NONE',  ( 21.34506547275826449, 0.000000000000000000, -127.3219490481296248 ) ) ;
#6083 = EDGE_LOOP ( 'NONE', ( #4344, #4639, #818, #6631 ) ) ;
#6084 = CARTESIAN_POINT ( 'NONE',  ( -29.04457781501325186, 7.500859652637222652, -34.86853112213616157 ) ) ;
#6085 = FACE_OUTER_BOUND ( 'NONE', #934, .T. ) ;
#6086 = CARTESIAN_POINT ( 'NONE',  ( -20.12569390296195593, 7.159473318034079270, -132.6893783603468648 ) ) ;
#6087 = EDGE_CURVE ( 'NONE', #1341, #155, #3337, .T. ) ;
#6088 = ADVANCED_FACE ( 'NONE', ( #4117 ), #1756, .T. ) ;
#6089 = CARTESIAN_POINT ( 'NONE',  ( 22.93672998431128462, 29.51658033879093423, -34.52543989935708879 ) ) ;
#6090 = CARTESIAN_POINT ( 'NONE',  ( -29.21977736176322082, 7.075298050639134750, -35.23718878799285648 ) ) ;
#6091 = VERTEX_POINT ( 'NONE', #2934 ) ;
#6092 = CARTESIAN_POINT ( 'NONE',  ( -9.475395935034134354, 32.50000000000000000, -77.20384566188697306 ) ) ;
#6093 = CARTESIAN_POINT ( 'NONE',  ( -14.43120089761839608, 0.000000000000000000, -10.08143772217210277 ) ) ;
#6094 = DIRECTION ( 'NONE',  ( 1.000000000000000000, 0.000000000000000000, 0.000000000000000000 ) ) ;
#6095 = CARTESIAN_POINT ( 'NONE',  ( 23.46377187813739695, -0.000000000000000000, -56.56591315459430547 ) ) ;
#6096 = CARTESIAN_POINT ( 'NONE',  ( 26.13648237765172766, 6.962299942758781057, -66.63083235629453327 ) ) ;
#6097 = CARTESIAN_POINT ( 'NONE',  ( -1.361544875404934629, -1.301042606982605321E-15, -3.042271256150956837 ) ) ;
#6098 = CARTESIAN_POINT ( 'NONE',  ( -15.02643012966375480, 32.76877108395891725, -109.5784995698781614 ) ) ;
#6099 = CARTESIAN_POINT ( 'NONE',  ( -1.328899745629680273, 24.99999999999728217, -71.83003196632334664 ) ) ;
#6100 = CARTESIAN_POINT ( 'NONE',  ( 5.756069440391414105, 32.50000000000000000, -115.8356317621981759 ) ) ;
#6101 = CARTESIAN_POINT ( 'NONE',  ( 8.348528884540694861, 26.50000000000000355, -113.6522959340295813 ) ) ;
#6102 = CARTESIAN_POINT ( 'NONE',  ( 20.09654386925172886, 7.500280896581925205, -11.94147783611412628 ) ) ;
#6103 = CARTESIAN_POINT ( 'NONE',  ( 32.56813872552853439, 3.000000000000000000, -106.7484280987494145 ) ) ;
#6104 = CARTESIAN_POINT ( 'NONE',  ( 0.5464804805436430657, 17.11478652446160709, -48.69670794823102256 ) ) ;
#6105 = CARTESIAN_POINT ( 'NONE',  ( 27.02499643441695198, 33.11000187309954157, 0.000000000000000000 ) ) ;
#6106 = CARTESIAN_POINT ( 'NONE',  ( 26.36944856392727488, 6.971440430354322260, -69.33513502856216348 ) ) ;
#6107 = CARTESIAN_POINT ( 'NONE',  ( -31.68048652208329230, 3.000000000000000000, -97.15837861998522840 ) ) ;
#6108 = ORIENTED_EDGE ( 'NONE', *, *, #3054, .T. ) ;
#6109 = CARTESIAN_POINT ( 'NONE',  ( -15.44759878218695093, 26.50000000000000355, -99.64382373739236698 ) ) ;
#6110 = CARTESIAN_POINT ( 'NONE',  ( 8.321927348468545205, 26.50000000000000355, -75.96923366534286970 ) ) ;
#6111 = CARTESIAN_POINT ( 'NONE',  ( -13.02527784943945299, 2.999999999999999556, -8.826117028330907388 ) ) ;
#6112 = CARTESIAN_POINT ( 'NONE',  ( -28.69077034038607010, 0.000000000000000000, -97.55238940113625290 ) ) ;
#6113 = ORIENTED_EDGE ( 'NONE', *, *, #319, .T. ) ;
#6114 = CARTESIAN_POINT ( 'NONE',  ( -4.961483519286547406, 0.1000000000000000056, -80.83717174866055188 ) ) ;
#6115 = CARTESIAN_POINT ( 'NONE',  ( -14.58884669790549005, 32.64120818627810650, -79.17741966550990185 ) ) ;
#6116 = CARTESIAN_POINT ( 'NONE',  ( 25.73125022000316164, -0.000000000000000000, -31.63711673697120474 ) ) ;
#6117 = CARTESIAN_POINT ( 'NONE',  ( -29.56076669878361329, -3.707776905170061700E-13, -120.9420233778502620 ) ) ;
#6118 = CARTESIAN_POINT ( 'NONE',  ( -14.22077654348714582, 25.00000000000000000, -91.79712372437934675 ) ) ;
#6119 = VERTEX_POINT ( 'NONE', #2435 ) ;
#6120 = CARTESIAN_POINT ( 'NONE',  ( -21.11294782346164567, 7.500007837689540935, -131.5913049430419335 ) ) ;
#6121 = CARTESIAN_POINT ( 'NONE',  ( 8.645978027430832038E-05, 3.000000000000000000, 4.689895577349147082 ) ) ;
#6122 = CARTESIAN_POINT ( 'NONE',  ( -20.04672286392326086, 7.386491106011371599, -132.6633137412335657 ) ) ;
#6123 = CARTESIAN_POINT ( 'NONE',  ( 29.02018382059380031, 7.500000000000017764, -39.89753921509272061 ) ) ;
#6124 = CARTESIAN_POINT ( 'NONE',  ( -28.34254851641301087, 7.500000000000009770, -45.27671021418313302 ) ) ;
#6125 = EDGE_LOOP ( 'NONE', ( #7097, #4737, #1409, #1718 ) ) ;
#6126 = CARTESIAN_POINT ( 'NONE',  ( -15.52060267989785203, 32.50000000000000000, -90.24443582024215971 ) ) ;
#6127 = CARTESIAN_POINT ( 'NONE',  ( -19.62472016020737797, 3.000000000000000888, -11.39724522215368552 ) ) ;
#6128 = CARTESIAN_POINT ( 'NONE',  ( 22.02499643441695198, 38.11000187309952025, -86.65000000000063096 ) ) ;
#6129 = CARTESIAN_POINT ( 'NONE',  ( 26.06353667187702072, -0.000000000000000000, -36.20764688582516300 ) ) ;
#6130 = CARTESIAN_POINT ( 'NONE',  ( 32.72706825564286248, 7.085490819609086444, -104.0353191337430587 ) ) ;
#6131 = EDGE_CURVE ( 'NONE', #791, #2289, #629, .T. ) ;
#6132 = CARTESIAN_POINT ( 'NONE',  ( 0.3723160355372223673, 4.336808689942017736E-16, -2.998380190225069075 ) ) ;
#6133 = CARTESIAN_POINT ( 'NONE',  ( -27.46003559076879696, 7.500000000000007105, -124.7885460234383288 ) ) ;
#6134 = CARTESIAN_POINT ( 'NONE',  ( 3.099495187891210257, 25.00000000000091660, -72.35021314223190814 ) ) ;
#6135 = B_SPLINE_CURVE_WITH_KNOTS ( 'NONE', 3,
 ( #2754, #6865, #5229, #1092 ),
 .UNSPECIFIED., .F., .F.,
 ( 4, 4 ),
 ( 1.094422642788916988E-11, 1.000000000008841372 ),
 .UNSPECIFIED. ) ;
#6136 = PLANE ( 'NONE',  #4815 ) ;
#6137 = CARTESIAN_POINT ( 'NONE',  ( 22.02499643441695198, 35.98868152953988186, -85.15000000000063096 ) ) ;
#6138 = CARTESIAN_POINT ( 'NONE',  ( 26.20657376482508383, 7.500234000307511195, -58.99651429900368527 ) ) ;
#6139 = CARTESIAN_POINT ( 'NONE',  ( 5.602076747132910484, 0.000000000000000000, -136.3972658859562443 ) ) ;
#6140 = CARTESIAN_POINT ( 'NONE',  ( 24.81817813794044980, 6.821042740132545745, -18.65643164627852002 ) ) ;
#6141 = CARTESIAN_POINT ( 'NONE',  ( -4.961483519286548294, 0.1000000000000000056, -83.33717174866055188 ) ) ;
#6142 = CARTESIAN_POINT ( 'NONE',  ( 18.27184381594201668, 32.70663066423568921, -101.4380768760549358 ) ) ;
#6143 = CARTESIAN_POINT ( 'NONE',  ( -26.08322648801016896, 3.000000000000002220, -68.20671692112014739 ) ) ;
#6144 = VERTEX_POINT ( 'NONE', #44 ) ;
#6145 = CARTESIAN_POINT ( 'NONE',  ( 27.02499643441695554, 18.17722485578243763, -102.8499999999967969 ) ) ;
#6146 = CARTESIAN_POINT ( 'NONE',  ( -13.73523377655411437, 24.99999999999818456, -105.3157232449710250 ) ) ;
#6147 = CARTESIAN_POINT ( 'NONE',  ( -29.29345127475424349, -0.000000000000000000, -102.0176960800267238 ) ) ;
#6148 = ORIENTED_EDGE ( 'NONE', *, *, #842, .T. ) ;
#6149 = DIRECTION ( 'NONE',  ( 1.000000000000000000, 0.000000000000000000, 0.000000000000000000 ) ) ;
#6150 = CARTESIAN_POINT ( 'NONE',  ( -17.62254970504918461, 32.63021826400856895, -85.84593774329300686 ) ) ;
#6151 = CARTESIAN_POINT ( 'NONE',  ( -17.34999643441695127, 32.50000000000000000, -98.46859132361964839 ) ) ;
#6152 = EDGE_LOOP ( 'NONE', ( #6937, #3689, #4028, #4525 ) ) ;
#6153 = CARTESIAN_POINT ( 'NONE',  ( -9.472972254403863701, 26.50000000000000000, -77.20169206325437017 ) ) ;
#6154 = CARTESIAN_POINT ( 'NONE',  ( 18.84999643441695127, 57.10999812690045729, -94.75000000000055422 ) ) ;
#6155 = CARTESIAN_POINT ( 'NONE',  ( -11.23771369792498298, 32.74415564720125360, -114.9045580030746407 ) ) ;
#6156 = CARTESIAN_POINT ( 'NONE',  ( 20.47222052415158444, 18.98279266624696504, -70.52049116720138500 ) ) ;
#6157 = CIRCLE ( 'NONE', #861, 1.174999999999995381 ) ;
#6158 = CARTESIAN_POINT ( 'NONE',  ( -19.95476130085174660, 18.71938115178853934, -67.97527118507903765 ) ) ;
#6159 = ORIENTED_EDGE ( 'NONE', *, *, #7085, .T. ) ;
#6160 = CARTESIAN_POINT ( 'NONE',  ( 7.923162702438743210, 32.50000000000000000, -75.57383615549061062 ) ) ;
#6161 = CARTESIAN_POINT ( 'NONE',  ( -13.72796637290122490, 3.000000000000000888, -5.486554384560446529 ) ) ;
#6162 = DIRECTION ( 'NONE',  ( 0.7071067811865455743, 0.7071067811865493491, -0.000000000000000000 ) ) ;
#6163 = CARTESIAN_POINT ( 'NONE',  ( 24.88224036627697444, -0.000000000000000000, -47.64102128678847947 ) ) ;
#6164 = CARTESIAN_POINT ( 'NONE',  ( 17.05732732964882103, 32.49999999999999289, -105.6118413855586482 ) ) ;
#6165 = AXIS2_PLACEMENT_3D ( 'NONE', #2907, #2222, #3422 ) ;
#6166 = CIRCLE ( 'NONE', #2088, 1.174999999999995381 ) ;
#6167 = CARTESIAN_POINT ( 'NONE',  ( -22.17493615958280628, -2.168404344971008868E-15, -20.75860073207645939 ) ) ;
#6168 = CARTESIAN_POINT ( 'NONE',  ( -32.67240231783046056, 7.223660546406038385, -104.0523427781434833 ) ) ;
#6169 = CARTESIAN_POINT ( 'NONE',  ( 6.185840558368805198, 26.50000000000000355, -74.10185929956577411 ) ) ;
#6170 = CIRCLE ( 'NONE', #6413, 1.500000000000001332 ) ;
#6171 = DIRECTION ( 'NONE',  ( 0.000000000000000000, 0.000000000000000000, -1.000000000000000000 ) ) ;
#6172 = VECTOR ( 'NONE', #915, 1000.000000000000000 ) ;
#6173 = CARTESIAN_POINT ( 'NONE',  ( 15.70667665214027942, 26.50000000000000355, -98.02726378013434783 ) ) ;
#6174 = CARTESIAN_POINT ( 'NONE',  ( 4.606902893912205421, 7.499701863700637183, -0.6189538755827330707 ) ) ;
#6175 = CARTESIAN_POINT ( 'NONE',  ( -25.90621209658094060, 3.000000000000000444, -121.4055494859784403 ) ) ;
#6176 = CARTESIAN_POINT ( 'NONE',  ( -28.71339628182520443, 0.000000000000000000, -114.5251999072237084 ) ) ;
#6177 = CARTESIAN_POINT ( 'NONE',  ( 28.40703345618761588, 7.282076090503758259, -29.02564825106820479 ) ) ;
#6178 = ADVANCED_FACE ( 'NONE', ( #5885, #4236, #7214, #6, #4152, #711 ), #5389, .T. ) ;
#6179 = CARTESIAN_POINT ( 'NONE',  ( 26.99523021145540014, 21.85598121109786618, -101.0701492873441794 ) ) ;
#6180 = CARTESIAN_POINT ( 'NONE',  ( -27.96234031215217897, 2.999999999999999112, -47.43075547568827943 ) ) ;
#6181 = ORIENTED_EDGE ( 'NONE', *, *, #7226, .T. ) ;
#6182 = CARTESIAN_POINT ( 'NONE',  ( -15.67499646296582938, 26.50000000000000355, -98.25617004468698212 ) ) ;
#6183 = CARTESIAN_POINT ( 'NONE',  ( -10.98855767467870592, 25.00000000000000711, -107.5708578412178866 ) ) ;
#6184 = CARTESIAN_POINT ( 'NONE',  ( -28.77365886797975847, 0.000000000000000000, -98.06421382388511176 ) ) ;
#6185 = ORIENTED_EDGE ( 'NONE', *, *, #3585, .T. ) ;
#6186 = CARTESIAN_POINT ( 'NONE',  ( 29.09443668570966679, 8.165238225853091093E-29, -35.57868050896450995 ) ) ;
#6187 = CARTESIAN_POINT ( 'NONE',  ( -29.10551493091119823, 7.083804527462109313, -39.76782066074574118 ) ) ;
#6188 = EDGE_CURVE ( 'NONE', #7551, #5332, #7054, .T. ) ;
#6189 = DIRECTION ( 'NONE',  ( 0.000000000000000000, 0.000000000000000000, -1.000000000000000000 ) ) ;
#6190 = CARTESIAN_POINT ( 'NONE',  ( -10.58894172973043624, 3.000000000000000888, -137.9790444087680044 ) ) ;
#6191 = CARTESIAN_POINT ( 'NONE',  ( 26.48417566743527019, 0.000000000000000000, -120.4678597383980900 ) ) ;
#6192 = CARTESIAN_POINT ( 'NONE',  ( -25.20117931830208136, -0.000000000000000000, -28.89717322949406153 ) ) ;
#6193 = ORIENTED_EDGE ( 'NONE', *, *, #5717, .F. ) ;
#6194 = CARTESIAN_POINT ( 'NONE',  ( -31.10688357842125029, 7.496715932216672762, -117.2971038090322509 ) ) ;
#6195 = CARTESIAN_POINT ( 'NONE',  ( -15.67499646072121067, 26.50000000000000355, -91.36251844068718242 ) ) ;
#6196 = DIRECTION ( 'NONE',  ( -0.000000000000000000, 1.000000000000000000, -0.000000000000000000 ) ) ;
#6197 = CARTESIAN_POINT ( 'NONE',  ( -9.758464134002466039, 32.65841424508374757, -116.5178359599916575 ) ) ;
#6198 = CARTESIAN_POINT ( 'NONE',  ( 29.26559702655310602, 6.862947075958683030, -35.16492479118422665 ) ) ;
#6199 = CARTESIAN_POINT ( 'NONE',  ( -19.36262585117963297, 18.51899145761177579, -65.96693867300088243 ) ) ;
#6200 = ORIENTED_EDGE ( 'NONE', *, *, #4304, .F. ) ;
#6201 = CARTESIAN_POINT ( 'NONE',  ( 18.84999643441695127, 50.10999999999998522, -85.15000000000063096 ) ) ;
#6202 = CARTESIAN_POINT ( 'NONE',  ( -23.32667592870171802, -1.301042606982605321E-15, -16.64608992266493459 ) ) ;
#6203 = CARTESIAN_POINT ( 'NONE',  ( -26.22337689807626759, 3.000000000000000444, -120.8753698713800731 ) ) ;
#6204 = CARTESIAN_POINT ( 'NONE',  ( 24.63404616883412857, -0.000000000000000000, -49.09661256536678309 ) ) ;
#6205 = CARTESIAN_POINT ( 'NONE',  ( 25.36762790276149815, 23.59702646739175691, -86.30372991185974740 ) ) ;
#6206 = CARTESIAN_POINT ( 'NONE',  ( -16.42724464093893744, 3.000000000000000000, -12.25488014896736644 ) ) ;
#6207 = CARTESIAN_POINT ( 'NONE',  ( -32.06313920028016895, 7.212880375778056852, -98.65468996630357879 ) ) ;
#6208 = CARTESIAN_POINT ( 'NONE',  ( 7.532562901704445757, 26.50000000000000711, -75.17002186202952885 ) ) ;
#6209 = CARTESIAN_POINT ( 'NONE',  ( -11.81608511667310424, 25.00000000000000000, -83.65063490865881590 ) ) ;
#6210 = CARTESIAN_POINT ( 'NONE',  ( 17.34999643441695127, 34.00000000000000000, -98.46852876084440709 ) ) ;
#6211 = CARTESIAN_POINT ( 'NONE',  ( 22.74035550312712317, 7.499975326040122958, -15.74446475424918646 ) ) ;
#6212 = CARTESIAN_POINT ( 'NONE',  ( 18.90238941193164734, 2.602085213965272173E-15, -133.3448466652417039 ) ) ;
#6213 = CARTESIAN_POINT ( 'NONE',  ( 14.63698916398180394, 32.49999999999999289, -79.04601574437066347 ) ) ;
#6214 = CARTESIAN_POINT ( 'NONE',  ( 14.07135587519021769, 32.49999999999999289, -111.5229764812237363 ) ) ;
#6215 = CARTESIAN_POINT ( 'NONE',  ( -31.15317045840242471, 3.000000000000000444, -116.9916823391806844 ) ) ;
#6216 = ORIENTED_EDGE ( 'NONE', *, *, #2721, .F. ) ;
#6217 = DIRECTION ( 'NONE',  ( 0.000000000000000000, 0.000000000000000000, 1.000000000000000000 ) ) ;
#6218 = CARTESIAN_POINT ( 'NONE',  ( -9.814923229123014181, 25.00000000000000355, -111.9698636567467673 ) ) ;
#6219 = CARTESIAN_POINT ( 'NONE',  ( -29.21637073361930348, -0.000000000000000000, -101.2804837390563648 ) ) ;
#6220 = ORIENTED_EDGE ( 'NONE', *, *, #2163, .F. ) ;
#6221 = CARTESIAN_POINT ( 'NONE',  ( 28.67629603016466433, -4.084603677662506862E-29, -30.96443164926621350 ) ) ;
#6222 = CARTESIAN_POINT ( 'NONE',  ( -26.96354856889941587, 7.500000000000007105, -53.28356516294732614 ) ) ;
#6223 = EDGE_CURVE ( 'NONE', #2893, #3398, #394, .T. ) ;
#6224 = CARTESIAN_POINT ( 'NONE',  ( -5.500000000000000000, 1.500000000000000000, -83.33717174866055188 ) ) ;
#6225 = CARTESIAN_POINT ( 'NONE',  ( -23.71456564873251338, 0.000000000000000000, -73.15803134108027450 ) ) ;
#6226 = SURFACE_STYLE_USAGE ( .BOTH. , #3330 ) ;
#6227 = ADVANCED_FACE ( 'NONE', ( #5625 ), #1488, .F. ) ;
#6228 = CARTESIAN_POINT ( 'NONE',  ( -25.84857290702007404, -0.000000000000000000, -40.74609152357029984 ) ) ;
#6229 = ORIENTED_EDGE ( 'NONE', *, *, #5997, .T. ) ;
#6230 = CARTESIAN_POINT ( 'NONE',  ( -28.64226640179893479, 7.499971905455573129, -42.91494921107584304 ) ) ;
#6231 = CARTESIAN_POINT ( 'NONE',  ( 14.56937151581622558, 25.03967948585064818, -91.43979022626126607 ) ) ;
#6232 = CARTESIAN_POINT ( 'NONE',  ( -30.34210052142122649, 7.128277603030879206, -120.0666996232844639 ) ) ;
#6233 = CARTESIAN_POINT ( 'NONE',  ( 26.01628496988422157, 7.499999999999998224, -61.35000506568918865 ) ) ;
#6234 = CARTESIAN_POINT ( 'NONE',  ( -28.50283340216540395, 6.846228271511277441, -28.87285283264944979 ) ) ;
#6235 = EDGE_LOOP ( 'NONE', ( #2025, #4922, #7156, #3363 ) ) ;
#6236 = CARTESIAN_POINT ( 'NONE',  ( 3.811180109972182706, 32.50000000000000000, -72.65797299787250552 ) ) ;
#6237 = CARTESIAN_POINT ( 'NONE',  ( -26.55863049602051262, -5.586253352981760195E-13, -23.26377388525658318 ) ) ;
#6238 = CARTESIAN_POINT ( 'NONE',  ( -22.55413406032695889, 3.000000000000000000, -125.9667866037896289 ) ) ;
#6239 = CARTESIAN_POINT ( 'NONE',  ( 25.48833884848355069, -0.000000000000000000, -43.75598706686403006 ) ) ;
#6240 = CARTESIAN_POINT ( 'NONE',  ( 32.61023283250555238, 7.499999999999982236, -109.5178890652431107 ) ) ;
#6241 = CARTESIAN_POINT ( 'NONE',  ( 0.5464804805436430657, 17.11478652446160709, -48.69670794823102256 ) ) ;
#6242 = CARTESIAN_POINT ( 'NONE',  ( -31.88037509952735249, 7.499999999999992895, -114.9016885935770347 ) ) ;
#6243 = CARTESIAN_POINT ( 'NONE',  ( 2.554122419971216029, 25.00000000000000000, -73.74830947808779058 ) ) ;
#6244 = CARTESIAN_POINT ( 'NONE',  ( 11.44746115049722235, 26.49999999999999645, -109.6948610757819011 ) ) ;
#6245 = CARTESIAN_POINT ( 'NONE',  ( -12.82133412347232415, -1.734723475976807094E-15, -8.595876221765379910 ) ) ;
#6246 = CARTESIAN_POINT ( 'NONE',  ( 15.68438775212092295, 26.50000000000000355, -98.18867463220036029 ) ) ;
#6247 = CARTESIAN_POINT ( 'NONE',  ( -0.2168935187788541830, 1.301042606982605321E-15, -137.0000000000000000 ) ) ;
#6248 = CARTESIAN_POINT ( 'NONE',  ( 19.15395927411505284, 2.602085213965210642E-15, -129.3589827849110065 ) ) ;
#6249 = CARTESIAN_POINT ( 'NONE',  ( 21.89060361419295830, 7.500000000000001776, -14.27531450597492402 ) ) ;
#6250 = CARTESIAN_POINT ( 'NONE',  ( 30.28334694570845187, 7.252185068687230007, -120.0696953405803811 ) ) ;
#6251 = CARTESIAN_POINT ( 'NONE',  ( -29.98626839869241323, 3.000000000000000444, -88.63707082025450745 ) ) ;
#6252 = ORIENTED_EDGE ( 'NONE', *, *, #5276, .T. ) ;
#6253 = CARTESIAN_POINT ( 'NONE',  ( 15.52069994618803150, 26.50000000000000355, -90.24549112605797063 ) ) ;
#6254 = CARTESIAN_POINT ( 'NONE',  ( -10.81831583530652630, 26.49999999999909761, -110.6335622014013751 ) ) ;
#6255 = CARTESIAN_POINT ( 'NONE',  ( -29.55702970770762406, -0.000000000000000000, -107.4081699347386660 ) ) ;
#6256 = EDGE_LOOP ( 'NONE', ( #7115, #4723, #465, #5066, #225, #4074, #6113, #4297 ) ) ;
#6257 = CARTESIAN_POINT ( 'NONE',  ( 28.85635153744834369, 3.717054058705843721E-13, -41.01368145092907724 ) ) ;
#6258 = CARTESIAN_POINT ( 'NONE',  ( -21.89171419541672492, 7.499999999999989342, -14.27693067381511760 ) ) ;
#6259 = DIRECTION ( 'NONE',  ( 1.000000000000000000, -0.000000000000000000, -0.000000000000000000 ) ) ;
#6260 = CARTESIAN_POINT ( 'NONE',  ( -29.05446385666022735, -1.301042606982605321E-15, -113.1886255101916134 ) ) ;
#6261 = CARTESIAN_POINT ( 'NONE',  ( 28.14866942271052963, -8.673617379884035472E-16, -116.5029734916193291 ) ) ;
#6262 = EDGE_CURVE ( 'NONE', #3209, #3604, #4576, .T. ) ;
#6263 = CARTESIAN_POINT ( 'NONE',  ( -25.65414660942481717, 0.000000000000000000, -42.49152082744281245 ) ) ;
#6264 = ORIENTED_EDGE ( 'NONE', *, *, #5241, .F. ) ;
#6265 = CARTESIAN_POINT ( 'NONE',  ( -9.406131801619862287, 7.499518931868359495, -2.590734622085578476 ) ) ;
#6266 = CARTESIAN_POINT ( 'NONE',  ( 17.38138747914480575, 32.49999973619575400, -84.96969044513924985 ) ) ;
#6267 = FACE_OUTER_BOUND ( 'NONE', #2236, .T. ) ;
#6268 = CARTESIAN_POINT ( 'NONE',  ( -22.06877828749031423, 21.90149071804018632, -95.66610656421967462 ) ) ;
#6269 = CARTESIAN_POINT ( 'NONE',  ( 26.08894205956440970, 6.944144179726535526, -61.20327321747971183 ) ) ;
#6270 = EDGE_CURVE ( 'NONE', #6411, #507, #3105, .T. ) ;
#6271 = CARTESIAN_POINT ( 'NONE',  ( -3.784010854718029560, 17.14186621286388146, -49.20472847530403016 ) ) ;
#6272 = EDGE_LOOP ( 'NONE', ( #6340, #192, #4796, #3797 ) ) ;
#6273 = CARTESIAN_POINT ( 'NONE',  ( 24.59336703517158185, 3.000000000000000000, -123.3947062504614394 ) ) ;
#6274 = CARTESIAN_POINT ( 'NONE',  ( -11.41426848464106136, -1.873364556797662138E-13, -3.812678655671591255 ) ) ;
#6275 = CARTESIAN_POINT ( 'NONE',  ( -17.96699509981981535, 31.38526387402256645, -104.3500000000005059 ) ) ;
#6276 = CARTESIAN_POINT ( 'NONE',  ( 26.80783052739573336, 20.80658407031798873, -110.8388227600081848 ) ) ;
#6277 = AXIS2_PLACEMENT_3D ( 'NONE', #3625, #1267, #6559 ) ;
#6278 = DIRECTION ( 'NONE',  ( 0.000000000000000000, -1.000000000000000000, 0.000000000000000000 ) ) ;
#6279 = CARTESIAN_POINT ( 'NONE',  ( -24.20197295953451899, 24.71161343055344872, -77.16395148616297206 ) ) ;
#6280 = CARTESIAN_POINT ( 'NONE',  ( -9.290087251789623579, 24.99999999999998934, -79.40079568680449995 ) ) ;
#6281 = CARTESIAN_POINT ( 'NONE',  ( -2.187572822542951378, 26.50000000000001421, -117.5886309683475446 ) ) ;
#6282 = CARTESIAN_POINT ( 'NONE',  ( 19.77789574730614319, 3.000000000000000000, -16.69283403359969142 ) ) ;
#6283 = CARTESIAN_POINT ( 'NONE',  ( -17.34998628563129941, 32.50000000000001421, -84.87993577519328880 ) ) ;
#6284 = CARTESIAN_POINT ( 'NONE',  ( 29.08289986111587311, -0.000000000000000000, -112.7662041518768490 ) ) ;
#6285 = CARTESIAN_POINT ( 'NONE',  ( 13.43819897232535787, 32.50000000000001421, -77.18974508000214030 ) ) ;
#6286 = CIRCLE ( 'NONE', #2937, 1.249999442108171266 ) ;
#6287 = VECTOR ( 'NONE', #3168, 1000.000000000000000 ) ;
#6288 = CARTESIAN_POINT ( 'NONE',  ( 15.57624343730341643, 7.277752199026227053, -135.7358152996833667 ) ) ;
#6289 = AXIS2_PLACEMENT_3D ( 'NONE', #4273, #7052, #1754 ) ;
#6290 = FACE_OUTER_BOUND ( 'NONE', #4674, .T. ) ;
#6291 = PLANE ( 'NONE',  #5915 ) ;
#6292 = CARTESIAN_POINT ( 'NONE',  ( -14.13877948091460368, 25.00000000000000000, -98.39970462152373898 ) ) ;
#6293 = CARTESIAN_POINT ( 'NONE',  ( -4.353611243447178758, -8.673617379884035472E-16, -3.692287527068697450 ) ) ;
#6294 = ORIENTED_EDGE ( 'NONE', *, *, #7330, .F. ) ;
#6295 = CARTESIAN_POINT ( 'NONE',  ( 25.21066304036673955, 0.000000000000000000, -28.90145627782396431 ) ) ;
#6296 = EDGE_CURVE ( 'NONE', #2893, #1557, #2605, .T. ) ;
#6297 = CIRCLE ( 'NONE', #1728, 1.174999999999995381 ) ;
#6298 = CARTESIAN_POINT ( 'NONE',  ( -12.47637216754637812, 32.79171553755359270, -76.29833141807601748 ) ) ;
#6299 = VECTOR ( 'NONE', #386, 1000.000000000000000 ) ;
#6300 = CARTESIAN_POINT ( 'NONE',  ( 0.3667517804373925938, 2.999999999999998224, -139.9980370065831607 ) ) ;
#6301 = AXIS2_PLACEMENT_3D ( 'NONE', #6105, #6764, #5490 ) ;
#6302 = CARTESIAN_POINT ( 'NONE',  ( -32.56764099688045633, 2.999999999999630962, -107.2675119710196014 ) ) ;
#6303 = CARTESIAN_POINT ( 'NONE',  ( 25.52499643441695198, 32.48868152953990318, -86.65000000000063096 ) ) ;
#6304 = ORIENTED_EDGE ( 'NONE', *, *, #2951, .F. ) ;
#6305 = DIRECTION ( 'NONE',  ( 0.000000000000000000, 0.000000000000000000, -1.000000000000000000 ) ) ;
#6306 = DIRECTION ( 'NONE',  ( 0.7071067811865510144, -0.7071067811865440200, 0.000000000000000000 ) ) ;
#6307 = CYLINDRICAL_SURFACE ( 'NONE', #6397, 1.174999999999995381 ) ;
#6308 = CARTESIAN_POINT ( 'NONE',  ( -29.94463070642469660, 7.189984438161036273, -88.01040595112272058 ) ) ;
#6309 = B_SPLINE_CURVE_WITH_KNOTS ( 'NONE', 3,
 ( #1001, #3353, #5714, #407 ),
 .UNSPECIFIED., .F., .F.,
 ( 4, 4 ),
 ( 0.5000003952196694357, 0.6855252154004913834 ),
 .UNSPECIFIED. ) ;
#6310 = CARTESIAN_POINT ( 'NONE',  ( 18.50822479098756190, 32.74825313002592253, -89.47877459798115751 ) ) ;
#6311 = CARTESIAN_POINT ( 'NONE',  ( -14.80902809067492498, 6.794569312262875194, -5.828344985301304071 ) ) ;
#6312 = VERTEX_POINT ( 'NONE', #7251 ) ;
#6313 = CARTESIAN_POINT ( 'NONE',  ( -5.983552001230886930, 0.000000000000000000, -4.266120240846622558 ) ) ;
#6314 = CARTESIAN_POINT ( 'NONE',  ( 4.000000000000000000, 1.500000000000000000, -83.33717174866055188 ) ) ;
#6315 = CARTESIAN_POINT ( 'NONE',  ( 27.45885283827012557, 7.500000000000018652, -124.7902361044354507 ) ) ;
#6316 = ADVANCED_FACE ( 'NONE', ( #6085 ), #869, .F. ) ;
#6317 = ADVANCED_FACE ( 'NONE', ( #7290 ), #3769, .F. ) ;
#6318 = CARTESIAN_POINT ( 'NONE',  ( -26.72867949144341182, 18.63251867762339131, -103.7721117649093543 ) ) ;
#6319 = CARTESIAN_POINT ( 'NONE',  ( -29.86783812784139869, 7.500000000000008882, -88.07377138230984315 ) ) ;
#6320 = CARTESIAN_POINT ( 'NONE',  ( 9.475395918364636572, 26.50000000000000355, -112.4153568990078469 ) ) ;
#6321 = CARTESIAN_POINT ( 'NONE',  ( 18.07389090803249942, 3.000000000000000000, -14.27886696366589092 ) ) ;
#6322 = CARTESIAN_POINT ( 'NONE',  ( -14.17499646075525632, 25.00000000000000000, -91.46709046245814534 ) ) ;
#6323 = CARTESIAN_POINT ( 'NONE',  ( 0.1233214401252860637, 7.499989358685069440, -139.9997199964065544 ) ) ;
#6324 = CARTESIAN_POINT ( 'NONE',  ( -27.09923617901399950, 3.000000000000000444, -119.1384843656974084 ) ) ;
#6325 = CARTESIAN_POINT ( 'NONE',  ( 29.28142033015682344, 0.000000000000000000, -101.9051441491829024 ) ) ;
#6326 = CARTESIAN_POINT ( 'NONE',  ( 29.02018382059380031, 7.500000000000017764, -39.89753921509272061 ) ) ;
#6327 = CARTESIAN_POINT ( 'NONE',  ( 15.51495005227996415, 7.499999999999974243, -135.7031466452788777 ) ) ;
#6328 = CARTESIAN_POINT ( 'NONE',  ( -20.54999999999999361, 0.1000000000000000056, -42.23717174866055046 ) ) ;
#6329 = DIRECTION ( 'NONE',  ( 0.000000000000000000, 0.000000000000000000, -1.000000000000000000 ) ) ;
#6330 = CARTESIAN_POINT ( 'NONE',  ( -0.6497971744045433207, 24.99999999999631939, -117.8865794514235006 ) ) ;
#6331 = CARTESIAN_POINT ( 'NONE',  ( -14.17499646293178017, 25.00000000000000000, -98.15159679142797700 ) ) ;
#6332 = VERTEX_POINT ( 'NONE', #6741 ) ;
#6333 = CARTESIAN_POINT ( 'NONE',  ( 24.07636519252842788, -2.231660432353207159E-12, -17.94482501333277114 ) ) ;
#6334 = CARTESIAN_POINT ( 'NONE',  ( -27.68644961466835852, 7.499999999999992006, -26.47950246192864654 ) ) ;
#6335 = DIRECTION ( 'NONE',  ( 0.000000000000000000, -1.000000000000000000, 0.000000000000000000 ) ) ;
#6336 = CARTESIAN_POINT ( 'NONE',  ( -29.03167218980959774, 0.000000000000000000, -99.66574587095351490 ) ) ;
#6337 = CARTESIAN_POINT ( 'NONE',  ( -14.37921385991370293, 26.50000000000000355, -85.93863848502680014 ) ) ;
#6338 = CARTESIAN_POINT ( 'NONE',  ( 7.627174558318250419, 2.999999999999999556, -5.058458775879616454 ) ) ;
#6339 = CARTESIAN_POINT ( 'NONE',  ( -23.66255701995637395, 0.000000000000000000, -55.08201150383992228 ) ) ;
#6340 = ORIENTED_EDGE ( 'NONE', *, *, #1737, .F. ) ;
#6341 = LINE ( 'NONE', #3605, #3213 ) ;
#6342 = FACE_OUTER_BOUND ( 'NONE', #6929, .T. ) ;
#6343 = CARTESIAN_POINT ( 'NONE',  ( 25.96433626263713634, 32.04934170131971882, -104.3500000000004775 ) ) ;
#6344 = CARTESIAN_POINT ( 'NONE',  ( -22.02592755068894093, 22.97975467442127950, -104.9939239354753937 ) ) ;
#6345 = CARTESIAN_POINT ( 'NONE',  ( 18.27493959001183654, 32.75196036398608612, -88.40794836755455322 ) ) ;
#6346 = CARTESIAN_POINT ( 'NONE',  ( -20.25741797503478381, 30.13190866224831410, -27.90406898584109285 ) ) ;
#6347 = ORIENTED_EDGE ( 'NONE', *, *, #4967, .T. ) ;
#6348 = CARTESIAN_POINT ( 'NONE',  ( 2.011836706842485611, 2.999999999999999112, -136.9367936079854360 ) ) ;
#6349 = CARTESIAN_POINT ( 'NONE',  ( -8.293947685437894179, 0.000000000000000000, -5.404106743328155105 ) ) ;
#6350 = LINE ( 'NONE', #1059, #619 ) ;
#6351 = CARTESIAN_POINT ( 'NONE',  ( 20.08478440009843524, 7.272982212022736093, -132.6774489238752892 ) ) ;
#6352 = CARTESIAN_POINT ( 'NONE',  ( -25.68704543137643270, 20.11753629839922652, -104.3500000000010601 ) ) ;
#6353 = CARTESIAN_POINT ( 'NONE',  ( -27.61616332003612229, 6.998915555494754415, -77.38076047247584199 ) ) ;
#6354 = FACE_OUTER_BOUND ( 'NONE', #2691, .T. ) ;
#6355 = CARTESIAN_POINT ( 'NONE',  ( -20.54999999999999005, 0.1000000000000000056, -83.33717174866055188 ) ) ;
#6356 = EDGE_CURVE ( 'NONE', #4651, #1170, #6297, .T. ) ;
#6357 = CARTESIAN_POINT ( 'NONE',  ( -15.36788816473968744, 25.58533081527560782, -91.38368161902333497 ) ) ;
#6358 = CARTESIAN_POINT ( 'NONE',  ( 32.58119267707754574, 7.499484764951198201, -108.2647354483566033 ) ) ;
#6359 = CARTESIAN_POINT ( 'NONE',  ( 29.32636859385221229, -0.000000000000000000, -102.3503259373345458 ) ) ;
#6360 = CARTESIAN_POINT ( 'NONE',  ( 15.36854706960234296, 32.49999999999999289, -80.32486091937410322 ) ) ;
#6361 = CARTESIAN_POINT ( 'NONE',  ( 6.227635073918062147, 32.72759617156433620, -119.0774139163623033 ) ) ;
#6362 = CARTESIAN_POINT ( 'NONE',  ( -22.02499643441695198, 35.98868152953986765, -104.3500000000004775 ) ) ;
#6363 = DIRECTION ( 'NONE',  ( -1.000000000000000000, -0.000000000000000000, -0.000000000000000000 ) ) ;
#6364 = CARTESIAN_POINT ( 'NONE',  ( -3.381638007962391779, 26.50000000000000355, -117.1538452519963442 ) ) ;
#6365 = CARTESIAN_POINT ( 'NONE',  ( 9.937005545864002087, -8.673617379884035472E-16, -6.420859586850344414 ) ) ;
#6366 = ORIENTED_EDGE ( 'NONE', *, *, #126, .T. ) ;
#6367 = CARTESIAN_POINT ( 'NONE',  ( 26.72508918961487367, -7.469376078478031319E-13, -54.80171060067393540 ) ) ;
#6368 = CARTESIAN_POINT ( 'NONE',  ( -9.813347762682029796, 32.65009958040391069, -73.16025215983624719 ) ) ;
#6369 = B_SPLINE_SURFACE_WITH_KNOTS ( 'NONE', 3, 1, ( 
 ( #7489, #1141 ),
 ( #4700, #4547 ),
 ( #2867, #4123 ),
 ( #2325, #1063 ),
 ( #2181, #6905 ),
 ( #1611, #3384 ),
 ( #5199, #6467 ),
 ( #5234, #6387 ),
 ( #4659, #473 ),
 ( #7016, #2830 ),
 ( #1098, #5712 ),
 ( #404, #3420 ),
 ( #6320, #1030 ),
 ( #5743, #436 ),
 ( #7567, #2758 ),
 ( #2218, #2255 ),
 ( #2793, #5122 ),
 ( #1719, #5159 ),
 ( #7603, #7523 ),
 ( #4590, #6944 ),
 ( #1647, #3462 ),
 ( #4006, #1798 ),
 ( #132, #4738 ),
 ( #588, #5476 ),
 ( #5973, #3698 ),
 ( #6013, #636 ),
 ( #4281, #6551 ),
 ( #7098, #3659 ),
 ( #12, #2942 ),
 ( #5352, #3069 ),
 ( #2403, #88 ),
 ( #7138, #50 ),
 ( #4778, #5933 ),
 ( #5435, #3537 ),
 ( #1216, #1840 ),
 ( #7220, #1260 ),
 ( #718, #2485 ),
 ( #4858, #2524 ),
 ( #4199, #4821 ),
 ( #1920, #169 ),
 ( #5313, #3620 ),
 ( #675, #3576 ),
 ( #3029, #2987 ),
 ( #5395, #2442 ),
 ( #7183, #4893 ),
 ( #7258, #1882 ),
 ( #4242, #6053 ),
 ( #6632, #1342 ),
 ( #762, #2365 ),
 ( #6592, #1302 ),
 ( #3113, #1957 ),
 ( #4317, #1180 ),
 ( #4158, #5893 ),
 ( #6506, #5551 ) ),
 .UNSPECIFIED., .F., .F., .F.,
 ( 4, 2, 2, 2, 2, 2, 2, 2, 2, 2, 2, 2, 2, 2, 2, 2, 2, 2, 2, 2, 2, 2, 2, 2, 2, 2, 4 ),
 ( 2, 2 ),
 ( 0.000000000000000000, 0.06250000000000101308, 0.1250000000000020262, 0.1562500000000021927, 0.1875000000000023592, 0.2500000000000026645, 0.3125000000000029976, 0.3437500000000031641, 0.3750000000000033307, 0.4062500000000035527, 0.4375000000000037192, 0.4687500000000038858, 0.5000000000000039968, 0.5156250000000041078, 0.5312500000000043299, 0.5625000000000044409, 0.5781250000000043299, 0.5937500000000043299, 0.6250000000000036637, 0.6562500000000031086, 0.6875000000000024425, 0.7500000000000018874, 0.7812500000000019984, 0.8125000000000021094, 0.8750000000000014433, 0.9375000000000007772, 1.000000000000000000 ),
 ( 0.000000000000000000, 1.000000000000000000 ),
 .UNSPECIFIED. ) ;
#6370 = VERTEX_POINT ( 'NONE', #2745 ) ;
#6371 = CARTESIAN_POINT ( 'NONE',  ( -32.00694124321259437, 2.578260683047435351E-12, -113.7462652608100910 ) ) ;
#6372 = CARTESIAN_POINT ( 'NONE',  ( -9.475395935034134354, 32.50000000000000000, -77.20384566188697306 ) ) ;
#6373 = CARTESIAN_POINT ( 'NONE',  ( 16.20407319246492506, 3.000000000000000444, -12.00607241369704070 ) ) ;
#6374 = CARTESIAN_POINT ( 'NONE',  ( -24.13695266784755944, -0.000000000000000000, -52.02418193856537698 ) ) ;
#6375 = ORIENTED_EDGE ( 'NONE', *, *, #1071, .F. ) ;
#6376 = CARTESIAN_POINT ( 'NONE',  ( -6.989431162315668189, 7.500253815026860060, -1.436684192452174491 ) ) ;
#6377 = CARTESIAN_POINT ( 'NONE',  ( -20.54999999999999005, 0.1000000000000000056, -83.33717174866055188 ) ) ;
#6378 = CARTESIAN_POINT ( 'NONE',  ( -32.11282932102515986, 7.069320563667077728, -98.63101690332376847 ) ) ;
#6379 = CARTESIAN_POINT ( 'NONE',  ( -8.338268860321960574, 31.19084577703522143, -14.27404680016119087 ) ) ;
#6380 = ORIENTED_EDGE ( 'NONE', *, *, #1318, .F. ) ;
#6381 = CARTESIAN_POINT ( 'NONE',  ( 13.18270516434514938, 3.000000000000000000, -133.4198315321264374 ) ) ;
#6382 = FACE_BOUND ( 'NONE', #3643, .T. ) ;
#6383 = CARTESIAN_POINT ( 'NONE',  ( 6.289545847542266976, 32.57586539052147856, -119.2129961044620785 ) ) ;
#6384 = CARTESIAN_POINT ( 'NONE',  ( 0.000000000000000000, 31.32599540880228517, -11.89014670506736415 ) ) ;
#6385 = CARTESIAN_POINT ( 'NONE',  ( -22.18790143121638891, 22.63116523098847210, -101.8996089994951575 ) ) ;
#6386 = ORIENTED_EDGE ( 'NONE', *, *, #5717, .T. ) ;
#6387 = CARTESIAN_POINT ( 'NONE',  ( 13.08061694366325867, 32.50000000000000000, -106.7692129540690615 ) ) ;
#6388 = LINE ( 'NONE', #474, #5918 ) ;
#6389 = CARTESIAN_POINT ( 'NONE',  ( -22.02499643441695198, 57.10999812690045729, -94.75000000000055422 ) ) ;
#6390 = CARTESIAN_POINT ( 'NONE',  ( 12.16291761007059513, 7.499644856224946032, -137.3191537991496602 ) ) ;
#6391 = CARTESIAN_POINT ( 'NONE',  ( 1.734723475976807094E-15, 1.500000000000000000, -98.80960127224460621 ) ) ;
#6392 = CARTESIAN_POINT ( 'NONE',  ( 27.69191763917249105, -0.000000000000000000, -92.25393944505584898 ) ) ;
#6393 = CARTESIAN_POINT ( 'NONE',  ( 17.65607742379202705, 32.49999999999998579, -85.74975764439992076 ) ) ;
#6394 = CARTESIAN_POINT ( 'NONE',  ( 6.289545847542266976, 32.57586539052147856, -119.2129961044620785 ) ) ;
#6395 = FACE_OUTER_BOUND ( 'NONE', #2903, .T. ) ;
#6396 = CARTESIAN_POINT ( 'NONE',  ( 41.16644988300614472, 50.10999999999987864, -94.75000000000054001 ) ) ;
#6397 = AXIS2_PLACEMENT_3D ( 'NONE', #502, #461, #1593 ) ;
#6398 = CARTESIAN_POINT ( 'NONE',  ( 3.991196984003143378, 25.00000000000000000, -115.1829900443284629 ) ) ;
#6399 = CARTESIAN_POINT ( 'NONE',  ( 0.004510534635092599241, 32.50000000000000000, -121.0596002960953115 ) ) ;
#6400 = ORIENTED_EDGE ( 'NONE', *, *, #3573, .F. ) ;
#6401 =( BOUNDED_CURVE ( )  B_SPLINE_CURVE ( 3, ( #4036, #3343, #4000, #1058 ),
 .UNSPECIFIED., .F., .F. ) 
 B_SPLINE_CURVE_WITH_KNOTS ( ( 4, 4 ),
 ( 0.000000000000000000, 1.570796326794896558 ),
 .UNSPECIFIED. ) 
 CURVE ( )  GEOMETRIC_REPRESENTATION_ITEM ( )  RATIONAL_B_SPLINE_CURVE ( ( 1.000000000000000000, 0.8047378541243649375, 0.8047378541243649375, 1.000000000000000000 ) ) 
 REPRESENTATION_ITEM ( '' )  );
#6402 = CARTESIAN_POINT ( 'NONE',  ( -9.121599587511131091, 17.30779084907413079, -51.89015939740616545 ) ) ;
#6403 = CIRCLE ( 'NONE', #1607, 5.500000000000005329 ) ;
#6404 = CIRCLE ( 'NONE', #2586, 1.500000000000001332 ) ;
#6405 = EDGE_CURVE ( 'NONE', #7082, #6662, #6545, .T. ) ;
#6406 = LINE ( 'NONE', #5833, #620 ) ;
#6407 = ORIENTED_EDGE ( 'NONE', *, *, #4713, .T. ) ;
#6408 = CARTESIAN_POINT ( 'NONE',  ( 25.23343551763199599, 2.999999999999999556, -127.4650582512157939 ) ) ;
#6409 = CARTESIAN_POINT ( 'NONE',  ( -15.67499646072121067, 32.50000000000000000, -91.36251844068718242 ) ) ;
#6410 = CARTESIAN_POINT ( 'NONE',  ( 7.729758881686808358, 3.000000000000000000, -5.112376810058991694 ) ) ;
#6411 = VERTEX_POINT ( 'NONE', #460 ) ;
#6412 = LINE ( 'NONE', #5110, #2215 ) ;
#6413 = AXIS2_PLACEMENT_3D ( 'NONE', #879, #4932, #3230 ) ;
#6414 = VECTOR ( 'NONE', #492, 1000.000000000000000 ) ;
#6415 = CARTESIAN_POINT ( 'NONE',  ( 6.263918051282872490, 32.80688262484875395, -70.71107258828985209 ) ) ;
#6416 = CARTESIAN_POINT ( 'NONE',  ( 32.00413600885022447, 2.999999999999999112, -99.25355967874145335 ) ) ;
#6417 = CARTESIAN_POINT ( 'NONE',  ( -31.10078185153589203, 7.201623206449667691, -93.31240612206956087 ) ) ;
#6418 = AXIS2_PLACEMENT_3D ( 'NONE', #3535, #586, #10 ) ;
#6419 = CARTESIAN_POINT ( 'NONE',  ( -4.672982299052791610, -8.352403961586989603E-13, -139.5915706791612934 ) ) ;
#6420 = CARTESIAN_POINT ( 'NONE',  ( -12.89454329792755161, 25.00000000000000000, -86.28783094515281960 ) ) ;
#6421 = ORIENTED_EDGE ( 'NONE', *, *, #3867, .F. ) ;
#6422 = CARTESIAN_POINT ( 'NONE',  ( 8.170434494501277456, 3.000000000000000000, -135.6153005126663231 ) ) ;
#6423 = CARTESIAN_POINT ( 'NONE',  ( -0.9766629404096430767, -1.301042606982605321E-15, -3.029310742265383105 ) ) ;
#6424 = CARTESIAN_POINT ( 'NONE',  ( -22.02499643441695198, 43.11000187309952025, -95.92500000000055138 ) ) ;
#6425 = CARTESIAN_POINT ( 'NONE',  ( 16.05823354731383645, 18.85088939886460579, -131.3476340494703720 ) ) ;
#6426 = CARTESIAN_POINT ( 'NONE',  ( 8.092534499314609775, 32.80389893554470859, -71.92376873110154634 ) ) ;
#6427 = CARTESIAN_POINT ( 'NONE',  ( -26.80112330019142419, 7.155767731388917419, -72.96659329877226696 ) ) ;
#6428 = ORIENTED_EDGE ( 'NONE', *, *, #177, .F. ) ;
#6429 = CARTESIAN_POINT ( 'NONE',  ( 15.29705479349420294, 26.50000000000000711, -100.4729224597078030 ) ) ;
#6430 = DIRECTION ( 'NONE',  ( 1.000000000000000000, -0.000000000000000000, -0.000000000000000000 ) ) ;
#6431 = CARTESIAN_POINT ( 'NONE',  ( -15.67499646072121067, 26.40083509454424160, -91.36251844068716821 ) ) ;
#6432 = CARTESIAN_POINT ( 'NONE',  ( 0.7988492908380253610, 7.499801181716879483, -139.9893575649892909 ) ) ;
#6433 = CARTESIAN_POINT ( 'NONE',  ( -4.265952358980841908, -8.673617379884035472E-16, -136.6270494960687643 ) ) ;
#6434 = CARTESIAN_POINT ( 'NONE',  ( 28.47333257082809510, 0.000000000000000000, -96.27748901778970492 ) ) ;
#6435 = CARTESIAN_POINT ( 'NONE',  ( 17.97271295772271316, 32.88343426391003277, -87.43591377816065346 ) ) ;
#6436 = CARTESIAN_POINT ( 'NONE',  ( 24.16430564863687636, 7.150601142207445804, -129.0230069250088718 ) ) ;
#6437 = DIRECTION ( 'NONE',  ( 0.000000000000000000, 0.000000000000000000, 1.000000000000000000 ) ) ;
#6438 = CARTESIAN_POINT ( 'NONE',  ( -25.52499643441696264, 17.78394204318097138, -85.15000000000064517 ) ) ;
#6439 = CARTESIAN_POINT ( 'NONE',  ( -6.414920852671764706, 26.50000000000000355, -115.3431587964538636 ) ) ;
#6440 = DIRECTION ( 'NONE',  ( 0.000000000000000000, 0.000000000000000000, -1.000000000000000000 ) ) ;
#6441 = PLANE ( 'NONE',  #7408 ) ;
#6442 = CARTESIAN_POINT ( 'NONE',  ( 23.00562465802774526, 0.000000000000000000, -62.00205113387109179 ) ) ;
#6443 = CARTESIAN_POINT ( 'NONE',  ( 4.000000000000000000, 3.800000000000028244, -84.53717174866052630 ) ) ;
#6444 = CARTESIAN_POINT ( 'NONE',  ( 22.02499643441695198, 38.11000187309952025, -102.8500000000004775 ) ) ;
#6445 = VERTEX_POINT ( 'NONE', #1086 ) ;
#6446 = CARTESIAN_POINT ( 'NONE',  ( 7.834339513280018430, 2.999999999999998668, -138.9051462558955450 ) ) ;
#6447 = CARTESIAN_POINT ( 'NONE',  ( -15.67499646072121067, 25.00000000000000000, -91.36251844068718242 ) ) ;
#6448 = CARTESIAN_POINT ( 'NONE',  ( 13.45497456998284491, 3.000000000000000000, -9.206667928268849721 ) ) ;
#6449 = CARTESIAN_POINT ( 'NONE',  ( -24.90695273524115549, 0.000000000000000000, -47.49075755409759836 ) ) ;
#6450 = VERTEX_POINT ( 'NONE', #4066 ) ;
#6451 = CARTESIAN_POINT ( 'NONE',  ( 10.34879006507267185, 25.00000000000000000, -108.6543802600034496 ) ) ;
#6452 = ADVANCED_FACE ( 'NONE', ( #5077 ), #5732, .F. ) ;
#6453 = LINE ( 'NONE', #5998, #4323 ) ;
#6454 = CARTESIAN_POINT ( 'NONE',  ( -26.63718352497542341, 6.926274615914499222, -55.80288127865483006 ) ) ;
#6455 = EDGE_CURVE ( 'NONE', #751, #6450, #3215, .T. ) ;
#6456 = CARTESIAN_POINT ( 'NONE',  ( -0.3646658885450073662, 32.81078131220588290, -68.96083171738970918 ) ) ;
#6457 = CARTESIAN_POINT ( 'NONE',  ( -15.62129256555825663, 25.00000000000001066, -90.99032896689274708 ) ) ;
#6458 = EDGE_LOOP ( 'NONE', ( #5892, #5376, #6747, #5075, #4415, #5198 ) ) ;
#6459 = CARTESIAN_POINT ( 'NONE',  ( -1.881424279048670600, 7.500083902144401016, -140.0000000000000000 ) ) ;
#6460 = CARTESIAN_POINT ( 'NONE',  ( 14.94219385216237939, 3.000000000000746958, -6.504355703187625792 ) ) ;
#6461 = CARTESIAN_POINT ( 'NONE',  ( 13.06522953781404439, 26.49999999999999645, -82.81801555915821211 ) ) ;
#6462 = CARTESIAN_POINT ( 'NONE',  ( 6.258590460730165006, 32.65173078104290738, -119.1452050104121838 ) ) ;
#6463 = CARTESIAN_POINT ( 'NONE',  ( 2.550324599359290456, 32.65511715125008863, -69.02327312616642985 ) ) ;
#6464 = CARTESIAN_POINT ( 'NONE',  ( -17.58918197317892407, 32.76043652801710948, -85.94262517876566676 ) ) ;
#6465 = DIRECTION ( 'NONE',  ( 0.000000000000000000, 0.000000000000000000, -1.000000000000000000 ) ) ;
#6466 = ORIENTED_EDGE ( 'NONE', *, *, #1688, .F. ) ;
#6467 = CARTESIAN_POINT ( 'NONE',  ( 13.54924004845323715, 32.50000000000000000, -105.7510314961747611 ) ) ;
#6468 = CARTESIAN_POINT ( 'NONE',  ( 17.39520449230703036, 32.49999938893263618, -104.6100334261232376 ) ) ;
#6469 = CARTESIAN_POINT ( 'NONE',  ( -19.35688853788001040, 0.000000000000000000, -129.1428891920745343 ) ) ;
#6470 = CARTESIAN_POINT ( 'NONE',  ( 26.51617838448248321, -0.000000000000000000, -86.87511970833514852 ) ) ;
#6471 = CARTESIAN_POINT ( 'NONE',  ( 15.32222311036528062, 32.63918425036693094, -80.44959355332211715 ) ) ;
#6472 = CARTESIAN_POINT ( 'NONE',  ( 12.98805592108425877, -1.301042606982605321E-15, -8.794051635898366470 ) ) ;
#6473 = CARTESIAN_POINT ( 'NONE',  ( -12.11035192926009429, 24.84086780461333532, -124.1886076521298463 ) ) ;
#6474 = CARTESIAN_POINT ( 'NONE',  ( 12.29846051969519216, 26.49999999999637268, -81.31524419582235907 ) ) ;
#6475 = CARTESIAN_POINT ( 'NONE',  ( 13.76808828141355256, 32.50000000000000000, -105.2370246009279953 ) ) ;
#6476 = CARTESIAN_POINT ( 'NONE',  ( -6.414920852394228490, 25.00000000000001421, -115.3431587961070335 ) ) ;
#6477 = CARTESIAN_POINT ( 'NONE',  ( -19.35688853788001040, 1.734723475976807094E-15, -129.1428891920745343 ) ) ;
#6478 = CARTESIAN_POINT ( 'NONE',  ( 20.96433626263712569, 37.04934170131969751, -85.15000000000063096 ) ) ;
#6479 = CARTESIAN_POINT ( 'NONE',  ( 28.20098328979055324, 9.629649721936179265E-32, -80.76074805598284456 ) ) ;
#6480 = CARTESIAN_POINT ( 'NONE',  ( -0.0001149492099848734971, 6.785220137735930024, 0.3567044011520290048 ) ) ;
#6481 = CARTESIAN_POINT ( 'NONE',  ( 27.02306656026980036, 7.111661251562808594, -53.17315607795470100 ) ) ;
#6482 = DIRECTION ( 'NONE',  ( 0.7071067811865499042, -0.7071067811865453523, 0.000000000000000000 ) ) ;
#6483 = ORIENTED_EDGE ( 'NONE', *, *, #4866, .T. ) ;
#6484 = CARTESIAN_POINT ( 'NONE',  ( 27.41791215955232275, 3.000000000000000888, -124.6708153710766993 ) ) ;
#6485 = LINE ( 'NONE', #6447, #600 ) ;
#6486 = CARTESIAN_POINT ( 'NONE',  ( 6.992844383313087775, 2.999999999999999556, -4.727563875112362979 ) ) ;
#6487 = CARTESIAN_POINT ( 'NONE',  ( -25.37642356235823016, -0.000000000000000000, -44.54016462315242819 ) ) ;
#6488 = ORIENTED_EDGE ( 'NONE', *, *, #5360, .T. ) ;
#6489 = CARTESIAN_POINT ( 'NONE',  ( 9.186460816481377023, 25.00000000000000000, -110.3573203480521983 ) ) ;
#6490 = CARTESIAN_POINT ( 'NONE',  ( 31.73850414813573906, 3.000000000000000000, -97.51264508831677347 ) ) ;
#6491 = CARTESIAN_POINT ( 'NONE',  ( -26.36947557994560043, 6.971440430354330253, -69.33530364630887277 ) ) ;
#6492 = EDGE_CURVE ( 'NONE', #2324, #1949, #7533, .T. ) ;
#6493 = CARTESIAN_POINT ( 'NONE',  ( 2.474021430191447379, 1.301042606982454846E-15, -139.9000748811674271 ) ) ;
#6494 = CARTESIAN_POINT ( 'NONE',  ( -11.92759762168502391, 25.00000000000000000, -83.88631745264324024 ) ) ;
#6495 = VERTEX_POINT ( 'NONE', #3373 ) ;
#6496 = CARTESIAN_POINT ( 'NONE',  ( 18.64479180322174301, 7.533324314507918729, -69.89266654017498581 ) ) ;
#6497 = CARTESIAN_POINT ( 'NONE',  ( 4.483616298049295956, 3.000000000000000888, -0.6007789990792926638 ) ) ;
#6498 = DIRECTION ( 'NONE',  ( -1.000000000000000000, 0.000000000000000000, 0.000000000000000000 ) ) ;
#6499 = EDGE_CURVE ( 'NONE', #7257, #6623, #2710, .T. ) ;
#6500 = CARTESIAN_POINT ( 'NONE',  ( -4.345842451115307981, 18.32619082847465464, -137.5533904595882575 ) ) ;
#6501 = EDGE_CURVE ( 'NONE', #4950, #7394, #6966, .T. ) ;
#6502 = CARTESIAN_POINT ( 'NONE',  ( 1.104723054562916307, 32.50000000000000711, -68.59898686945258817 ) ) ;
#6503 = CARTESIAN_POINT ( 'NONE',  ( -26.22801863806564882, 7.499999999999997335, -58.64977747068097358 ) ) ;
#6504 = CARTESIAN_POINT ( 'NONE',  ( 18.84999643441695127, 43.11000187309952025, -94.75000000000055422 ) ) ;
#6505 = VERTEX_POINT ( 'NONE', #6893 ) ;
#6506 = CARTESIAN_POINT ( 'NONE',  ( -15.67499646296582938, 26.50000000000000355, -98.25617004468698212 ) ) ;
#6507 = CARTESIAN_POINT ( 'NONE',  ( -26.10047414828385826, 2.190314301931682656E-12, -60.02780006705741300 ) ) ;
#6508 = CARTESIAN_POINT ( 'NONE',  ( 26.50051205821675282, 15.72310451490509564, -85.50668173673926731 ) ) ;
#6509 = CARTESIAN_POINT ( 'NONE',  ( -23.51848912867282237, -2.602085213965210642E-15, -124.8844862603351089 ) ) ;
#6510 = CARTESIAN_POINT ( 'NONE',  ( 23.62120232201169401, -0.000000000000000000, -55.36982148838170303 ) ) ;
#6511 = CARTESIAN_POINT ( 'NONE',  ( 26.29723833109354914, 7.499999999999999112, -69.46547344780069011 ) ) ;
#6512 = B_SPLINE_CURVE_WITH_KNOTS ( 'NONE', 3,
 ( #3173, #6620, #7124, #3099, #115, #2472, #5463, #5961, #6700, #1984, #3138, #4348, #1870, #1370 ),
 .UNSPECIFIED., .F., .F.,
 ( 4, 2, 2, 2, 2, 2, 4 ),
 ( 1.201851678989727570E-16, 0.0008151492216577637968, 0.001630298443315407247, 0.002037873054144218130, 0.002445447664973029230, 0.002853022275801839897, 0.003260596886630650997 ),
 .UNSPECIFIED. ) ;
#6513 = CARTESIAN_POINT ( 'NONE',  ( -6.258048461335064871, 32.65173078104284343, -119.1455139868888295 ) ) ;
#6514 = CARTESIAN_POINT ( 'NONE',  ( 14.07840293255118347, 25.00000000000000000, -90.83650942336041112 ) ) ;
#6515 = CARTESIAN_POINT ( 'NONE',  ( -11.43570127611737242, 32.50000000000000000, -109.7129747214478073 ) ) ;
#6516 = CARTESIAN_POINT ( 'NONE',  ( 15.35566298570288346, 25.00000000000000000, -100.1237040433719159 ) ) ;
#6517 = CARTESIAN_POINT ( 'NONE',  ( -27.61319433019570369, 1.734723475976807094E-15, -117.9590522983775429 ) ) ;
#6518 = ORIENTED_EDGE ( 'NONE', *, *, #1713, .F. ) ;
#6519 = CARTESIAN_POINT ( 'NONE',  ( 30.99630215704591407, 2.999999999999812594, -117.4483218859444378 ) ) ;
#6520 = CARTESIAN_POINT ( 'NONE',  ( -0.0001138331982374475408, 7.023480091823953053, 0.2378029341013553066 ) ) ;
#6521 = AXIS2_PLACEMENT_3D ( 'NONE', #2263, #2801, #6952 ) ;
#6522 = CARTESIAN_POINT ( 'NONE',  ( 29.94484208507753920, 7.189984438161022062, -88.01136349474440124 ) ) ;
#6523 = CARTESIAN_POINT ( 'NONE',  ( -18.04666900660592432, 3.000000000000000000, -133.9903940142382339 ) ) ;
#6524 = VERTEX_POINT ( 'NONE', #7590 ) ;
#6525 = CARTESIAN_POINT ( 'NONE',  ( -25.66828376821933233, 17.48360471253764103, -85.15000000000063096 ) ) ;
#6526 = CARTESIAN_POINT ( 'NONE',  ( 13.09423228139223738, 32.50000000000000000, -82.84045540369440630 ) ) ;
#6527 = CARTESIAN_POINT ( 'NONE',  ( -14.22054361621996144, 25.00000000000000000, -97.82321834707596508 ) ) ;
#6528 = CARTESIAN_POINT ( 'NONE',  ( -26.12819937233857814, 0.000000000000000000, -85.14601474282116556 ) ) ;
#6529 = ORIENTED_EDGE ( 'NONE', *, *, #6988, .F. ) ;
#6530 = CARTESIAN_POINT ( 'NONE',  ( 0.5657920014963719879, 25.00000000000000000, -116.3805187690906706 ) ) ;
#6531 = CARTESIAN_POINT ( 'NONE',  ( 28.74508850780742364, 3.000000000000001776, -31.44485441479925214 ) ) ;
#6532 = AXIS2_PLACEMENT_3D ( 'NONE', #2726, #4480, #3785 ) ;
#6533 = CARTESIAN_POINT ( 'NONE',  ( -18.24716420584705645, 32.87794054597912918, -88.49256149133626081 ) ) ;
#6534 = AXIS2_PLACEMENT_3D ( 'NONE', #6154, #909, #5398 ) ;
#6535 = CARTESIAN_POINT ( 'NONE',  ( 17.34999643441695127, 34.00000000000000000, -94.75000000000055422 ) ) ;
#6536 = CIRCLE ( 'NONE', #3199, 2.999999999999990674 ) ;
#6537 = CARTESIAN_POINT ( 'NONE',  ( -2.888665179365154767, 0.000000000000000000, -136.8353893150865019 ) ) ;
#6538 = CARTESIAN_POINT ( 'NONE',  ( -13.77478174708000580, 25.00000000000000000, -89.29375006288648819 ) ) ;
#6539 = AXIS2_PLACEMENT_3D ( 'NONE', #3442, #1591, #2242 ) ;
#6540 = ORIENTED_EDGE ( 'NONE', *, *, #7133, .T. ) ;
#6541 = FACE_OUTER_BOUND ( 'NONE', #3020, .T. ) ;
#6542 = CARTESIAN_POINT ( 'NONE',  ( 22.14120973892896771, -5.571982540135732164E-13, -14.82050472200335989 ) ) ;
#6543 = CARTESIAN_POINT ( 'NONE',  ( 15.28101811980781122, 26.50000000000000355, -89.15149334931153646 ) ) ;
#6544 = CARTESIAN_POINT ( 'NONE',  ( 1.805419622845283012, 7.500000000000000000, -140.0000000000000000 ) ) ;
#6545 = CIRCLE ( 'NONE', #3959, 1.500000000000001998 ) ;
#6546 = VECTOR ( 'NONE', #7596, 1000.000000000000000 ) ;
#6547 = CARTESIAN_POINT ( 'NONE',  ( 1.638819336407884686, 17.11872538822921896, -48.77333905773397760 ) ) ;
#6548 = CARTESIAN_POINT ( 'NONE',  ( -18.98575199791453016, 32.61846874417031472, -92.66679088621282290 ) ) ;
#6549 = CARTESIAN_POINT ( 'NONE',  ( -22.02499643441695198, 50.10999999999987864, -94.75000000000054001 ) ) ;
#6550 = ORIENTED_EDGE ( 'NONE', *, *, #1078, .F. ) ;
#6551 = CARTESIAN_POINT ( 'NONE',  ( -0.5584238665895705500, 32.50000000000000000, -117.8686232739838573 ) ) ;
#6552 = CARTESIAN_POINT ( 'NONE',  ( -26.92580473688314413, 2.999999999999256151, -53.52532064973146930 ) ) ;
#6553 = CARTESIAN_POINT ( 'NONE',  ( -22.02499643441695198, 43.11000187309952025, -94.75000000000055422 ) ) ;
#6554 = APPLICATION_PROTOCOL_DEFINITION ( 'draft international standard', 'automotive_design', 1998, #1663 ) ;
#6555 = DIRECTION ( 'NONE',  ( 1.000000000000000000, -0.000000000000000000, -0.000000000000000000 ) ) ;
#6556 = CARTESIAN_POINT ( 'NONE',  ( 24.38091945025898966, -0.000000000000000000, -76.80855084216752005 ) ) ;
#6557 = CARTESIAN_POINT ( 'NONE',  ( 21.11599041646545416, 20.21024108782599527, -81.39685370294670008 ) ) ;
#6558 = ADVANCED_FACE ( 'NONE', ( #3408 ), #1634, .T. ) ;
#6559 = DIRECTION ( 'NONE',  ( 0.000000000000000000, 0.000000000000000000, 1.000000000000000000 ) ) ;
#6560 = CARTESIAN_POINT ( 'NONE',  ( 1.092960961087289462, 25.18157952051091186, -128.5679810145922488 ) ) ;
#6561 = ADVANCED_FACE ( 'NONE', ( #2815 ), #7510, .T. ) ;
#6562 = CARTESIAN_POINT ( 'NONE',  ( 15.35911152918132494, 26.50000000000000355, -89.51371579442186999 ) ) ;
#6563 = CARTESIAN_POINT ( 'NONE',  ( -5.204170427930421283E-15, 7.530611691294513577, -140.0000000000000000 ) ) ;
#6564 = CARTESIAN_POINT ( 'NONE',  ( 9.826274274025946553, 26.50000000000000355, -111.9884370423324782 ) ) ;
#6565 = CARTESIAN_POINT ( 'NONE',  ( -27.09923617901399950, 1.734723475976807094E-15, -119.1384843656974084 ) ) ;
#6566 = CARTESIAN_POINT ( 'NONE',  ( 31.48999298827942894, 1.857686816754595111E-12, -96.01587571332352411 ) ) ;
#6567 = CARTESIAN_POINT ( 'NONE',  ( 0.3665104928099795489, 32.65539065610294500, -68.76021649481717191 ) ) ;
#6568 = CARTESIAN_POINT ( 'NONE',  ( -0.3664651878098666993, 32.65539065610294500, -68.76021649481717191 ) ) ;
#6569 = CARTESIAN_POINT ( 'NONE',  ( 25.98586204794267474, 7.317731743355260221, -64.01201543960358720 ) ) ;
#6570 = CARTESIAN_POINT ( 'NONE',  ( -11.11247512428712625, 2.999999999999999556, -137.7285036977704635 ) ) ;
#6571 = ORIENTED_EDGE ( 'NONE', *, *, #451, .F. ) ;
#6572 = CARTESIAN_POINT ( 'NONE',  ( -22.02499643441695198, 50.10999999999998522, -87.75000187310008926 ) ) ;
#6573 = CARTESIAN_POINT ( 'NONE',  ( 0.2772012290056553585, 32.50000000000000000, -71.73439525735247457 ) ) ;
#6574 = CARTESIAN_POINT ( 'NONE',  ( -7.483523236096429443, 3.000000000000000444, -4.984014116060939692 ) ) ;
#6575 = CARTESIAN_POINT ( 'NONE',  ( -23.13798258369919836, -0.000000000000000000, -67.62003758807419729 ) ) ;
#6576 = ORIENTED_EDGE ( 'NONE', *, *, #278, .F. ) ;
#6577 = CARTESIAN_POINT ( 'NONE',  ( -15.52291333645241522, 25.83457548697051465, -98.24570649796693544 ) ) ;
#6578 = CARTESIAN_POINT ( 'NONE',  ( 25.78838052238947398, 3.000000000000000888, -21.36242512215305567 ) ) ;
#6579 = CARTESIAN_POINT ( 'NONE',  ( -18.82921716732311168, 32.86110134946988381, -91.71189028971397761 ) ) ;
#6580 = CARTESIAN_POINT ( 'NONE',  ( 24.43120959063671904, -0.000000000000000000, -26.22970281264140624 ) ) ;
#6581 = CARTESIAN_POINT ( 'NONE',  ( -1.638764719436538897, 17.11872538822921186, -48.77334516367142214 ) ) ;
#6582 = CARTESIAN_POINT ( 'NONE',  ( -14.18511430351834335, 25.00000000000000000, -91.53886636127414533 ) ) ;
#6583 = VERTEX_POINT ( 'NONE', #5187 ) ;
#6584 = CARTESIAN_POINT ( 'NONE',  ( -5.204170427930421283E-15, 7.533324314507918729, -140.0000000000000000 ) ) ;
#6585 = CARTESIAN_POINT ( 'NONE',  ( 6.404724898224253948, 3.000000000000000000, -1.219750403892817525 ) ) ;
#6586 = CARTESIAN_POINT ( 'NONE',  ( 12.81517575227017502, 26.50000000000001421, -82.31535356458174135 ) ) ;
#6587 = CARTESIAN_POINT ( 'NONE',  ( -6.289008555530460676, 32.57586539052141461, -119.2133015750337108 ) ) ;
#6588 = CARTESIAN_POINT ( 'NONE',  ( 17.87863519808199086, 30.48011771350698851, -23.86947972513913641 ) ) ;
#6589 = CARTESIAN_POINT ( 'NONE',  ( -18.00256550976676451, 32.75562284260670509, -87.34545279818874519 ) ) ;
#6590 = CARTESIAN_POINT ( 'NONE',  ( 28.68701284691768549, 1.690892598842251835E-15, -114.6333725577028559 ) ) ;
#6591 = ORIENTED_EDGE ( 'NONE', *, *, #4959, .F. ) ;
#6592 = CARTESIAN_POINT ( 'NONE',  ( -14.37359813678183151, 26.50000000000000355, -103.6960967931416917 ) ) ;
#6593 = CARTESIAN_POINT ( 'NONE',  ( -27.48894982058894954, 3.000000000000743849, -50.17703457065231731 ) ) ;
#6594 = CARTESIAN_POINT ( 'NONE',  ( 26.83140990529475545, 15.07912353553625984, -85.90993252075855935 ) ) ;
#6595 = DIRECTION ( 'NONE',  ( 1.000000000000000000, 0.000000000000000000, 0.000000000000000000 ) ) ;
#6596 = CARTESIAN_POINT ( 'NONE',  ( 23.02345132582965093, -0.000000000000000000, -61.71879627582118388 ) ) ;
#6597 = CARTESIAN_POINT ( 'NONE',  ( 27.55955123354201319, 7.332971851831574739, -77.45786897163918638 ) ) ;
#6598 = CARTESIAN_POINT ( 'NONE',  ( 10.63956118484107627, -1.301042606982605321E-15, -6.910290547910341807 ) ) ;
#6599 = CARTESIAN_POINT ( 'NONE',  ( -1.805642828890344997, 7.500000000000000000, -140.0000000000000000 ) ) ;
#6600 = ADVANCED_FACE ( 'NONE', ( #6342 ), #1052, .F. ) ;
#6601 = CARTESIAN_POINT ( 'NONE',  ( 15.62167200265955458, 26.50000000000000355, -90.99347063546849768 ) ) ;
#6602 = CARTESIAN_POINT ( 'NONE',  ( -11.12868006806224841, 32.50000000000000000, -110.1814445377380167 ) ) ;
#6603 = CARTESIAN_POINT ( 'NONE',  ( 15.35566298563428589, 26.50000000000000355, -100.1237040433589556 ) ) ;
#6604 = CARTESIAN_POINT ( 'NONE',  ( -16.00369875098198591, 3.469446951953614189E-15, -131.7553307150570561 ) ) ;
#6605 = CARTESIAN_POINT ( 'NONE',  ( 30.31858202847964634, -2.602085213965210642E-15, -119.2707274835705533 ) ) ;
#6606 = CARTESIAN_POINT ( 'NONE',  ( 4.330803063137865117, 32.49999999999997158, -69.36492343198480626 ) ) ;
#6607 = CARTESIAN_POINT ( 'NONE',  ( 0.000000000000000000, 17.11478652446160709, -48.69670794823103677 ) ) ;
#6608 = EDGE_CURVE ( 'NONE', #5303, #6977, #1670, .T. ) ;
#6609 = CARTESIAN_POINT ( 'NONE',  ( 18.82923733248996356, 32.86110134946990513, -91.71209937184183048 ) ) ;
#6610 = CARTESIAN_POINT ( 'NONE',  ( 8.645978027430832038E-05, 3.000000000000000000, -30.81525988927164761 ) ) ;
#6611 = ORIENTED_EDGE ( 'NONE', *, *, #5624, .T. ) ;
#6612 = CARTESIAN_POINT ( 'NONE',  ( 14.17499646068531582, 25.00000000000000000, -98.15211208395945164 ) ) ;
#6613 = CARTESIAN_POINT ( 'NONE',  ( 3.811180109972182706, 26.50000000000000355, -72.65797299787250552 ) ) ;
#6614 = CARTESIAN_POINT ( 'NONE',  ( -13.67706326229830438, 3.000000000000000888, -9.419693949956243983 ) ) ;
#6615 = CARTESIAN_POINT ( 'NONE',  ( -23.32850172777376585, 0.000000000000000000, -57.71754234124822602 ) ) ;
#6616 = VERTEX_POINT ( 'NONE', #3920 ) ;
#6617 = CARTESIAN_POINT ( 'NONE',  ( 3.951523722158317931, 25.00000000000000000, -115.2054429495071588 ) ) ;
#6618 = CARTESIAN_POINT ( 'NONE',  ( -26.22801863806564882, 7.499999999999997335, -58.64977747068097358 ) ) ;
#6619 = EDGE_CURVE ( 'NONE', #7037, #7243, #1559, .T. ) ;
#6620 = CARTESIAN_POINT ( 'NONE',  ( 25.68720758955893402, 20.11783764386287743, -104.3500000000004633 ) ) ;
#6621 = CARTESIAN_POINT ( 'NONE',  ( -20.19522021503372500, -2.602085213965251662E-15, -132.3956909741442018 ) ) ;
#6622 = CARTESIAN_POINT ( 'NONE',  ( -15.64174737252161940, 25.00000000000000355, -91.12687192431108940 ) ) ;
#6623 = VERTEX_POINT ( 'NONE', #3294 ) ;
#6624 = CARTESIAN_POINT ( 'NONE',  ( -18.84999643441695127, 43.11000187309952025, -93.57500000000055707 ) ) ;
#6625 = CARTESIAN_POINT ( 'NONE',  ( 5.930158142735474591, 9.328533955927865201E-14, -1.047179617041978039 ) ) ;
#6626 = CARTESIAN_POINT ( 'NONE',  ( 5.253243871629665662, 26.49999999999999289, -73.44709225506119310 ) ) ;
#6627 = CARTESIAN_POINT ( 'NONE',  ( 4.288428611846398120, 32.64952285095788653, -120.1098269887696972 ) ) ;
#6628 = CARTESIAN_POINT ( 'NONE',  ( 15.32222311036528062, 32.63918425036693094, -80.44959355332211715 ) ) ;
#6629 = CARTESIAN_POINT ( 'NONE',  ( -23.67184146431103642, 26.32784402692124104, -63.72946097568733848 ) ) ;
#6630 = CARTESIAN_POINT ( 'NONE',  ( 23.60836242439689059, 8.673617379884035472E-16, -124.7209831891856879 ) ) ;
#6631 = ORIENTED_EDGE ( 'NONE', *, *, #1596, .F. ) ;
#6632 = CARTESIAN_POINT ( 'NONE',  ( -13.09423230440342500, 26.50000000000000355, -106.7787470643094991 ) ) ;
#6633 = CARTESIAN_POINT ( 'NONE',  ( -24.53342912874847670, 0.000000000000000000, -49.66205012800102736 ) ) ;
#6634 = LINE ( 'NONE', #4894, #7421 ) ;
#6635 = CARTESIAN_POINT ( 'NONE',  ( 23.38317666916879389, 0.000000000000000000, -70.31356478773400909 ) ) ;
#6636 = CARTESIAN_POINT ( 'NONE',  ( 18.48240786017269244, 32.87237969503888024, -89.55878577327996481 ) ) ;
#6637 = CARTESIAN_POINT ( 'NONE',  ( 18.95654470297176886, -1.301042606982605321E-15, -15.43716681480072062 ) ) ;
#6638 = CARTESIAN_POINT ( 'NONE',  ( -5.446660956156783584, 7.175214275145747500, -139.6800721245230648 ) ) ;
#6639 = CARTESIAN_POINT ( 'NONE',  ( 14.19841574317963762, 25.00000000000000000, -91.63571598225384207 ) ) ;
#6640 = CARTESIAN_POINT ( 'NONE',  ( -12.59183740224806769, 2.999999999999999112, -139.9999999999999716 ) ) ;
#6641 = CARTESIAN_POINT ( 'NONE',  ( 15.66599785316048354, 26.50000000000000355, -98.32142841496857955 ) ) ;
#6642 = CARTESIAN_POINT ( 'NONE',  ( 20.55000000000000782, 0.1000000000000000056, -42.23717174866054336 ) ) ;
#6643 = CARTESIAN_POINT ( 'NONE',  ( 30.83847345555810548, 2.845467217018842448E-13, -117.9101405255920412 ) ) ;
#6644 = CARTESIAN_POINT ( 'NONE',  ( 15.09966020449807900, 30.77585690772676230, -20.19024308830693570 ) ) ;
#6645 = CARTESIAN_POINT ( 'NONE',  ( 24.05959198358898377, 22.29086482816011738, -104.3500000000004917 ) ) ;
#6646 = CARTESIAN_POINT ( 'NONE',  ( 19.00219350038551624, 32.61083422916383512, -97.06432821612372663 ) ) ;
#6647 = CARTESIAN_POINT ( 'NONE',  ( -4.385036215127406045, 3.000000000000004441, -139.6497855983164982 ) ) ;
#6648 = ORIENTED_EDGE ( 'NONE', *, *, #795, .T. ) ;
#6649 = CARTESIAN_POINT ( 'NONE',  ( -2.732381469237584515, 26.49999999999999645, -117.4148926665582877 ) ) ;
#6650 = CARTESIAN_POINT ( 'NONE',  ( 2.766707871705630595, 26.50000000000000355, -72.21617858557944203 ) ) ;
#6651 = CARTESIAN_POINT ( 'NONE',  ( -13.86410290289088110, 2.999999999999999556, -9.594922734835108713 ) ) ;
#6652 = CARTESIAN_POINT ( 'NONE',  ( -25.56638951579087404, 0.000000000000000000, -82.61184596049238849 ) ) ;
#6653 = ORIENTED_EDGE ( 'NONE', *, *, #1509, .T. ) ;
#6654 = LINE ( 'NONE', #6035, #4446 ) ;
#6655 = EDGE_CURVE ( 'NONE', #2350, #6616, #5013, .T. ) ;
#6656 = CARTESIAN_POINT ( 'NONE',  ( -14.63657976339214351, 32.49999999999998579, -79.04532793397406465 ) ) ;
#6657 = ADVANCED_FACE ( 'NONE', ( #5659 ), #7443, .F. ) ;
#6658 = DIRECTION ( 'NONE',  ( -0.000000000000000000, -0.000000000000000000, 1.000000000000000000 ) ) ;
#6659 = CARTESIAN_POINT ( 'NONE',  ( -8.828502002231230605, 3.000000000001479261, -138.6116275053624065 ) ) ;
#6660 = CARTESIAN_POINT ( 'NONE',  ( -15.71559221214814350, 26.50000000000000355, -91.65650310698852365 ) ) ;
#6661 = ADVANCED_FACE ( 'NONE', ( #6858 ), #5139, .T. ) ;
#6662 = VERTEX_POINT ( 'NONE', #1192 ) ;
#6663 = CARTESIAN_POINT ( 'NONE',  ( -26.74637336514658514, 7.500639226914978863, -72.93078367978131382 ) ) ;
#6664 = AXIS2_PLACEMENT_3D ( 'NONE', #870, #1843, #7368 ) ;
#6665 = CARTESIAN_POINT ( 'NONE',  ( -4.342501918511562309, 26.50000000000001421, -72.91500291318168081 ) ) ;
#6666 = CARTESIAN_POINT ( 'NONE',  ( -15.20224974248716343, 32.50000000000001421, -109.6240793733923624 ) ) ;
#6667 = CIRCLE ( 'NONE', #3829, 5.500000000000005329 ) ;
#6668 = AXIS2_PLACEMENT_3D ( 'NONE', #5304, #627, #5344 ) ;
#6669 = CARTESIAN_POINT ( 'NONE',  ( 15.36854706960234296, 32.49999999999999289, -80.32486091937410322 ) ) ;
#6670 = CARTESIAN_POINT ( 'NONE',  ( -13.38975039503851683, 32.64407252800991444, -77.33210020216384351 ) ) ;
#6671 = ORIENTED_EDGE ( 'NONE', *, *, #2719, .F. ) ;
#6672 = CARTESIAN_POINT ( 'NONE',  ( -7.087689246243978225, 32.50000000000000000, -74.81542726603387905 ) ) ;
#6673 = CARTESIAN_POINT ( 'NONE',  ( -17.29450762082978343, 1.301042606982605321E-15, -13.28783521030032411 ) ) ;
#6674 = CARTESIAN_POINT ( 'NONE',  ( -1.604369837199417059, 3.000000000000000888, -136.9477882354646852 ) ) ;
#6675 = CARTESIAN_POINT ( 'NONE',  ( 23.07543860978451988, -0.000000000000000000, -66.65771576412090837 ) ) ;
#6676 = CIRCLE ( 'NONE', #7044, 1.174999999999995381 ) ;
#6677 = CARTESIAN_POINT ( 'NONE',  ( 26.80112330114784669, 7.155767731388934294, -72.96664964545502130 ) ) ;
#6678 = AXIS2_PLACEMENT_3D ( 'NONE', #4983, #962, #7350 ) ;
#6679 = CARTESIAN_POINT ( 'NONE',  ( -11.50316815384383595, -1.301042606982605321E-15, -7.503303956843502931 ) ) ;
#6680 = CIRCLE ( 'NONE', #1247, 9.599999999999928590 ) ;
#6681 = CARTESIAN_POINT ( 'NONE',  ( -16.95673806654744098, 32.69230895557668504, -105.6249143209821995 ) ) ;
#6682 = CARTESIAN_POINT ( 'NONE',  ( -0.5481411122605908126, 25.00000000000000000, -73.23608183464301646 ) ) ;
#6683 = CARTESIAN_POINT ( 'NONE',  ( -3.552425559569793112, 32.50000000000000000, -117.0797158567762040 ) ) ;
#6684 = CARTESIAN_POINT ( 'NONE',  ( 11.74016099430395421, 25.00000000000000355, -109.2602139251943356 ) ) ;
#6685 = CARTESIAN_POINT ( 'NONE',  ( 3.466945076880737011E-14, 7.499999998865942707, 1.743850740649981898E-10 ) ) ;
#6686 = DIRECTION ( 'NONE',  ( 0.000000000000000000, 0.000000000000000000, -1.000000000000000000 ) ) ;
#6687 = CARTESIAN_POINT ( 'NONE',  ( 31.48999298791613910, 2.999999999998513633, -96.01587571336833093 ) ) ;
#6688 = CARTESIAN_POINT ( 'NONE',  ( -4.298474011628361829E-15, 32.65539065610294500, -68.76021649481717191 ) ) ;
#6689 = DIRECTION ( 'NONE',  ( 1.000000000000000000, -0.000000000000000000, -0.000000000000000000 ) ) ;
#6690 = CARTESIAN_POINT ( 'NONE',  ( 19.08019824374576601, 32.61401683108803695, -95.23132244102680488 ) ) ;
#6691 = CARTESIAN_POINT ( 'NONE',  ( 0.8675740751154101815, 1.301042606982605321E-15, -137.0000000000000000 ) ) ;
#6692 = EDGE_LOOP ( 'NONE', ( #1708, #337, #2813 ) ) ;
#6693 = CARTESIAN_POINT ( 'NONE',  ( 9.472972237488535896, 26.50000000000000711, -112.4175104979033506 ) ) ;
#6694 = CARTESIAN_POINT ( 'NONE',  ( 12.02273047948376394, 26.50000000000000355, -80.86468299078931921 ) ) ;
#6695 = CARTESIAN_POINT ( 'NONE',  ( -15.68431990711867741, 26.50000000000000355, -98.18864205257472122 ) ) ;
#6696 = CARTESIAN_POINT ( 'NONE',  ( -28.66297085403561695, -0.000000000000000000, -97.38343233817974465 ) ) ;
#6697 = EDGE_LOOP ( 'NONE', ( #3481, #7042, #5288, #4102 ) ) ;
#6698 = DIRECTION ( 'NONE',  ( 0.000000000000000000, -1.000000000000000000, 0.000000000000000000 ) ) ;
#6699 = CARTESIAN_POINT ( 'NONE',  ( -27.60030982370645347, 7.301982836265208832, -49.66608859310746027 ) ) ;
#6700 = CARTESIAN_POINT ( 'NONE',  ( 26.78221638014879247, 18.55241994211056777, -103.6756312893759997 ) ) ;
#6701 = CARTESIAN_POINT ( 'NONE',  ( -18.31704807952415592, -2.602085213965210642E-15, -130.0517120199851888 ) ) ;
#6702 = CARTESIAN_POINT ( 'NONE',  ( 13.13183433431483849, 3.000000000000000444, -133.4593474056472360 ) ) ;
#6703 = EDGE_CURVE ( 'NONE', #823, #6445, #4672, .T. ) ;
#6704 = ORIENTED_EDGE ( 'NONE', *, *, #1737, .T. ) ;
#6705 = CARTESIAN_POINT ( 'NONE',  ( -21.81868313250088676, 7.500438540293858480, -130.9721889806646118 ) ) ;
#6706 = CARTESIAN_POINT ( 'NONE',  ( 14.17499646292512239, 25.00000000000000000, -91.46760565924036257 ) ) ;
#6707 = CARTESIAN_POINT ( 'NONE',  ( -32.61784959513312998, 7.361830273203010755, -104.0711234607723412 ) ) ;
#6708 = CARTESIAN_POINT ( 'NONE',  ( 24.54160830466432230, 28.73509746804348097, -42.41276322152145895 ) ) ;
#6709 = CARTESIAN_POINT ( 'NONE',  ( -13.29380980943393809, 32.93221758402976462, -77.61817842048544946 ) ) ;
#6710 = EDGE_LOOP ( 'NONE', ( #6193, #384, #3906, #5922 ) ) ;
#6711 = CARTESIAN_POINT ( 'NONE',  ( -5.756069468244158216, 32.50000000000000000, -73.78357079659134854 ) ) ;
#6712 =( BOUNDED_SURFACE ( )  B_SPLINE_SURFACE ( 3, 2, ( 
 ( #3359, #7228, #1928 ),
 ( #4867, #1225, #1892 ),
 ( #3120, #6064, #3706 ),
 ( #4287, #7068, #6639 ),
 ( #1348, #5402, #1187 ),
 ( #4828, #5359, #5944 ),
 ( #3589, #4166, #58 ),
 ( #96, #1311, #769 ),
 ( #6601, #5445, #7146 ),
 ( #4250, #3667, #6514 ),
 ( #5484, #178, #2410 ),
 ( #6562, #2451, #2531 ),
 ( #1270, #7191, #5900 ),
 ( #1806, #4786, #644 ),
 ( #1770, #2996, #1847 ),
 ( #4209, #3628, #3038 ),
 ( #6019, #5981, #726 ),
 ( #20, #3078, #141 ),
 ( #2494, #4129, #683 ),
 ( #6474, #3545, #599 ),
 ( #2956, #5325, #2373 ),
 ( #4745, #7106, #957 ),
 ( #2683, #7382, #3897 ),
 ( #4478, #7345, #922 ),
 ( #4326, #5638, #2071 ),
 ( #5520, #3860, #2039 ),
 ( #6208, #4401, #2564 ),
 ( #7420, #6719, #330 ),
 ( #6169, #4437, #3784 ),
 ( #5673, #5050, #1389 ),
 ( #2112, #3270, #4938 ),
 ( #844, #6757, #6834 ),
 ( #6797, #4366, #1502 ),
 ( #2607, #7304, #808 ),
 ( #1425, #6134, #6243 ),
 ( #3190, #887, #3308 ),
 ( #1462, #3235, #1536 ),
 ( #368, #4900, #294 ),
 ( #5601, #3819, #7264 ),
 ( #1964, #4978, #6682 ),
 ( #3746, #6099, #3155 ),
 ( #2004, #213, #2647 ),
 ( #5560, #257, #5015 ),
 ( #2355, #4185, #4686 ),
 ( #1168, #1707, #542 ),
 ( #3931, #4766, #2977 ),
 ( #2394, #7593, #5301 ),
 ( #4728, #2281, #506 ),
 ( #2, #4073, #2892 ),
 ( #5342, #6869, #7088 ),
 ( #4147, #2857, #6280 ),
 ( #7629, #40, #3525 ),
 ( #4649, #1788, #5920 ),
 ( #5225, #996, #6494 ),
 ( #1571, #4514, #2146 ),
 ( #1205, #7007, #6420 ),
 ( #1131, #3450, #2314 ),
 ( #3489, #5847, #7126 ),
 ( #3563, #5881, #625 ),
 ( #5259, #1828, #6538 ),
 ( #1250, #3610, #5963 ),
 ( #2724, #5090, #7050 ),
 ( #5809, #7455, #1752 ),
 ( #4113, #6457, #577 ),
 ( #2929, #6622, #2474 ),
 ( #4848, #1910, #5465 ),
 ( #1332, #7210, #6582 ),
 ( #828, #1292, #3688 ),
 ( #4271, #3140, #5385 ),
 ( #4885, #236, #2548 ),
 ( #3175, #4308, #6118 ),
 ( #6660, #7248, #4383 ) ),
 .UNSPECIFIED., .F., .F., .T. ) 
 B_SPLINE_SURFACE_WITH_KNOTS ( ( 4, 2, 2, 2, 2, 2, 2, 2, 2, 2, 2, 2, 2, 2, 2, 2, 2, 2, 2, 2, 2, 2, 2, 2, 2, 2, 2, 2, 2, 2, 2, 2, 2, 2, 2, 4 ),
 ( 3, 3 ),
 ( 0.08021148743821314431, 0.08040563362165606409, 0.08050270671337751704, 0.08059977980509897000, 0.08098807217198478181, 0.08176465690575643319, 0.08331782637329973595, 0.08642416530838631372, 0.08797733477592961648, 0.08953050424347290537, 0.09263684317855949701, 0.09419001264610278590, 0.09574318211364607478, 0.09884952104873266643, 0.09962610578250430393, 0.1004026905162759553, 0.1019558599838192581, 0.1027324447175909095, 0.1035090294513625470, 0.1050621989189058358, 0.1066153683864491386, 0.1081685378539924275, 0.1097217073215357164, 0.1112748767890790191, 0.1143812157241655969, 0.1174875546592521885, 0.1205938935943387802, 0.1237002325294253580, 0.1252534019969686607, 0.1268065714645119635, 0.1283597409320552662, 0.1291363256658268899, 0.1295246180327127017, 0.1296216911244341685, 0.1297187642161556353, 0.1299129103995985413 ),
 ( 0.000000000000000000, 1.000000000000000000 ),
 .UNSPECIFIED. ) 
 GEOMETRIC_REPRESENTATION_ITEM ( )  RATIONAL_B_SPLINE_SURFACE ( (
 ( 1.000000000000000000, 0.7071067811865487940, 1.000000000000000000),
 ( 1.000000000000000000, 0.7071067811865487940, 1.000000000000000000),
 ( 1.000000000000000000, 0.7071067811865483499, 1.000000000000000000),
 ( 1.000000000000000000, 0.7071067811865483499, 1.000000000000000000),
 ( 1.000000000000000000, 0.7071067811865487940, 1.000000000000000000),
 ( 1.000000000000000000, 0.7071067811865487940, 1.000000000000000000),
 ( 1.000000000000000000, 0.7071067811865483499, 1.000000000000000000),
 ( 1.000000000000000000, 0.7071067811865483499, 1.000000000000000000),
 ( 1.000000000000000000, 0.7071067811865483499, 1.000000000000000000),
 ( 1.000000000000000000, 0.7071067811865483499, 1.000000000000000000),
 ( 1.000000000000000000, 0.7071067811865483499, 1.000000000000000000),
 ( 1.000000000000000000, 0.7071067811865483499, 1.000000000000000000),
 ( 1.000000000000000000, 0.7071067811865483499, 1.000000000000000000),
 ( 1.000000000000000000, 0.7071067811865483499, 1.000000000000000000),
 ( 1.000000000000000000, 0.7071067811865472397, 1.000000000000000000),
 ( 1.000000000000000000, 0.7071067811865472397, 1.000000000000000000),
 ( 1.000000000000000000, 0.7071067811865487940, 1.000000000000000000),
 ( 1.000000000000000000, 0.7071067811865487940, 1.000000000000000000),
 ( 1.000000000000000000, 0.7071067811865483499, 1.000000000000000000),
 ( 1.000000000000000000, 0.7071067811865483499, 1.000000000000000000),
 ( 1.000000000000000000, 0.7071067811865483499, 1.000000000000000000),
 ( 1.000000000000000000, 0.7071067811865483499, 1.000000000000000000),
 ( 1.000000000000000000, 0.7071067811865483499, 1.000000000000000000),
 ( 1.000000000000000000, 0.7071067811865483499, 1.000000000000000000),
 ( 1.000000000000000000, 0.7071067811865466846, 1.000000000000000000),
 ( 1.000000000000000000, 0.7071067811865466846, 1.000000000000000000),
 ( 1.000000000000000000, 0.7071067811865484609, 1.000000000000000000),
 ( 1.000000000000000000, 0.7071067811865484609, 1.000000000000000000),
 ( 1.000000000000000000, 0.7071067811865483499, 1.000000000000000000),
 ( 1.000000000000000000, 0.7071067811865483499, 1.000000000000000000),
 ( 1.000000000000000000, 0.7071067811865483499, 1.000000000000000000),
 ( 1.000000000000000000, 0.7071067811865483499, 1.000000000000000000),
 ( 1.000000000000000000, 0.7071067811865483499, 1.000000000000000000),
 ( 1.000000000000000000, 0.7071067811865483499, 1.000000000000000000),
 ( 1.000000000000000000, 0.7071067811865483499, 1.000000000000000000),
 ( 1.000000000000000000, 0.7071067811865483499, 1.000000000000000000),
 ( 1.000000000000000000, 0.7071067811865483499, 1.000000000000000000),
 ( 1.000000000000000000, 0.7071067811865483499, 1.000000000000000000),
 ( 1.000000000000000000, 0.7071067811865483499, 1.000000000000000000),
 ( 1.000000000000000000, 0.7071067811865483499, 1.000000000000000000),
 ( 1.000000000000000000, 0.7071067811865483499, 1.000000000000000000),
 ( 1.000000000000000000, 0.7071067811865483499, 1.000000000000000000),
 ( 1.000000000000000000, 0.7071067811865483499, 1.000000000000000000),
 ( 1.000000000000000000, 0.7071067811865483499, 1.000000000000000000),
 ( 1.000000000000000000, 0.7071067811865483499, 1.000000000000000000),
 ( 1.000000000000000000, 0.7071067811865483499, 1.000000000000000000),
 ( 1.000000000000000000, 0.7071067811865483499, 1.000000000000000000),
 ( 1.000000000000000000, 0.7071067811865483499, 1.000000000000000000),
 ( 1.000000000000000000, 0.7071067811865483499, 1.000000000000000000),
 ( 1.000000000000000000, 0.7071067811865483499, 1.000000000000000000),
 ( 1.000000000000000000, 0.7071067811865466846, 1.000000000000000000),
 ( 1.000000000000000000, 0.7071067811865466846, 1.000000000000000000),
 ( 1.000000000000000000, 0.7071067811865483499, 1.000000000000000000),
 ( 1.000000000000000000, 0.7071067811865483499, 1.000000000000000000),
 ( 1.000000000000000000, 0.7071067811865483499, 1.000000000000000000),
 ( 1.000000000000000000, 0.7071067811865483499, 1.000000000000000000),
 ( 1.000000000000000000, 0.7071067811865483499, 1.000000000000000000),
 ( 1.000000000000000000, 0.7071067811865483499, 1.000000000000000000),
 ( 1.000000000000000000, 0.7071067811865483499, 1.000000000000000000),
 ( 1.000000000000000000, 0.7071067811865483499, 1.000000000000000000),
 ( 1.000000000000000000, 0.7071067811865479058, 1.000000000000000000),
 ( 1.000000000000000000, 0.7071067811865479058, 1.000000000000000000),
 ( 1.000000000000000000, 0.7071067811865483499, 1.000000000000000000),
 ( 1.000000000000000000, 0.7071067811865483499, 1.000000000000000000),
 ( 1.000000000000000000, 0.7071067811865479058, 1.000000000000000000),
 ( 1.000000000000000000, 0.7071067811865479058, 1.000000000000000000),
 ( 1.000000000000000000, 0.7071067811865483499, 1.000000000000000000),
 ( 1.000000000000000000, 0.7071067811865483499, 1.000000000000000000),
 ( 1.000000000000000000, 0.7071067811865483499, 1.000000000000000000),
 ( 1.000000000000000000, 0.7071067811865483499, 1.000000000000000000),
 ( 1.000000000000000000, 0.7071067811865483499, 1.000000000000000000),
 ( 1.000000000000000000, 0.7071067811865483499, 1.000000000000000000) ) ) 
 REPRESENTATION_ITEM ( '' )  SURFACE ( )  );
#6713 = CARTESIAN_POINT ( 'NONE',  ( -25.75990141631900698, 0.000000000000000000, -31.75541612405948655 ) ) ;
#6714 = CARTESIAN_POINT ( 'NONE',  ( -17.31361245833926787, 3.000000000000000000, -130.7865479514552192 ) ) ;
#6715 = CARTESIAN_POINT ( 'NONE',  ( 23.83641518611405630, 0.000000000000000000, -53.90599824832882092 ) ) ;
#6716 = CARTESIAN_POINT ( 'NONE',  ( 18.94495627371434665, 32.83250268749147693, -97.15520988405988589 ) ) ;
#6717 = CARTESIAN_POINT ( 'NONE',  ( -18.59550773774322252, 3.000000000000000000, -14.93335060992296448 ) ) ;
#6718 = CARTESIAN_POINT ( 'NONE',  ( -22.10652132203573217, 19.49483764434314992, -124.3535842423876261 ) ) ;
#6719 = CARTESIAN_POINT ( 'NONE',  ( 6.414920811685897561, 25.00000000000000711, -74.27604370238543652 ) ) ;
#6720 = PLANE ( 'NONE',  #6532 ) ;
#6721 = DIRECTION ( 'NONE',  ( 1.000000000000000000, 0.000000000000000000, 0.000000000000000000 ) ) ;
#6722 = DIRECTION ( 'NONE',  ( -0.000000000000000000, -1.000000000000000000, -0.000000000000000000 ) ) ;
#6723 = CARTESIAN_POINT ( 'NONE',  ( 22.48409627162417834, 3.000000000000742961, -130.4076844419322470 ) ) ;
#6724 = CARTESIAN_POINT ( 'NONE',  ( 26.53868913898955739, 7.500000000000008882, -23.05120548860541163 ) ) ;
#6725 = CARTESIAN_POINT ( 'NONE',  ( 22.02499643441695198, 35.98868152953988897, -104.3500000000004775 ) ) ;
#6726 = CARTESIAN_POINT ( 'NONE',  ( 17.05732732964882103, 32.49999999999999289, -105.6118413855586482 ) ) ;
#6727 = CARTESIAN_POINT ( 'NONE',  ( -13.72918300236735689, 3.000000000000000000, -5.490696812533307103 ) ) ;
#6728 = ORIENTED_EDGE ( 'NONE', *, *, #6655, .F. ) ;
#6729 = CARTESIAN_POINT ( 'NONE',  ( 15.52069994618803150, 32.50000000000000000, -90.24549112605797063 ) ) ;
#6730 = CARTESIAN_POINT ( 'NONE',  ( -15.51102738769093747, 26.50000000000000355, -99.30070755179612263 ) ) ;
#6731 = CARTESIAN_POINT ( 'NONE',  ( -29.33917271938850035, -0.000000000000000000, -102.4920473055875192 ) ) ;
#6732 = ORIENTED_EDGE ( 'NONE', *, *, #4148, .T. ) ;
#6733 = CARTESIAN_POINT ( 'NONE',  ( -14.17499646293178017, 25.00000000000000000, -98.15159679142797700 ) ) ;
#6734 = CARTESIAN_POINT ( 'NONE',  ( -28.95663436806758995, 6.853240152406476327, -31.55382750831358507 ) ) ;
#6735 = CARTESIAN_POINT ( 'NONE',  ( -22.02499643441695198, 35.98868152953987476, -85.15000000000063096 ) ) ;
#6736 = CARTESIAN_POINT ( 'NONE',  ( -22.28148366681724113, -2.602085213965190526E-15, -130.5486314696066188 ) ) ;
#6737 = CARTESIAN_POINT ( 'NONE',  ( 0.8675740751154101815, 3.000000000000000000, -137.0000000000000000 ) ) ;
#6738 = ORIENTED_EDGE ( 'NONE', *, *, #1713, .T. ) ;
#6739 = CARTESIAN_POINT ( 'NONE',  ( -26.22619107678280415, 7.501540758003396370, -58.80250089423419979 ) ) ;
#6740 = EDGE_CURVE ( 'NONE', #1293, #7359, #4171, .T. ) ;
#6741 = CARTESIAN_POINT ( 'NONE',  ( -18.84999643441695127, 50.10999999999998522, -104.3500000000004775 ) ) ;
#6742 = DIRECTION ( 'NONE',  ( -0.000000000000000000, -1.000000000000000000, -0.000000000000000000 ) ) ;
#6743 = CARTESIAN_POINT ( 'NONE',  ( -12.74607374783945346, 32.58386167785603504, -113.2996620314010130 ) ) ;
#6744 = ADVANCED_FACE ( 'NONE', ( #5869 ), #2379, .T. ) ;
#6745 = CARTESIAN_POINT ( 'NONE',  ( 28.81460346249324900, 7.500000000000005329, -31.77487492617696319 ) ) ;
#6746 = CARTESIAN_POINT ( 'NONE',  ( -28.45540576065884153, 6.891877047135203327, -45.09410964685680767 ) ) ;
#6747 = ORIENTED_EDGE ( 'NONE', *, *, #6740, .F. ) ;
#6748 = CARTESIAN_POINT ( 'NONE',  ( 7.086384791623518531, 32.50000000000000000, -74.81430208614180799 ) ) ;
#6749 = CARTESIAN_POINT ( 'NONE',  ( -27.48121386325184190, 3.000000000000369482, -25.87866572416006861 ) ) ;
#6750 = CARTESIAN_POINT ( 'NONE',  ( -9.906129095971962784, 3.000000000000000000, -134.9688664202888617 ) ) ;
#6751 = CARTESIAN_POINT ( 'NONE',  ( 23.83045162914387305, -0.000000000000000000, -53.94499296942602484 ) ) ;
#6752 = CARTESIAN_POINT ( 'NONE',  ( 32.06336408546304284, 7.212880375778042641, -98.65620382445833059 ) ) ;
#6753 = ADVANCED_FACE ( 'NONE', ( #1233 ), #3714, .T. ) ;
#6754 = CARTESIAN_POINT ( 'NONE',  ( -21.36575965868003024, 2.999999999999996447, -19.24927753732966096 ) ) ;
#6755 =( BOUNDED_CURVE ( )  B_SPLINE_CURVE ( 3, ( #6114, #5537, #2510, #4881 ),
 .UNSPECIFIED., .F., .T. ) 
 B_SPLINE_CURVE_WITH_KNOTS ( ( 4, 4 ),
 ( 3.508800674147631415, 4.712388980384689674 ),
 .UNSPECIFIED. ) 
 CURVE ( )  GEOMETRIC_REPRESENTATION_ITEM ( )  RATIONAL_B_SPLINE_CURVE ( ( 1.000000000000000000, 0.8828808213515918490, 0.8828808213515918490, 1.000000000000000000 ) ) 
 REPRESENTATION_ITEM ( '' )  );
#6756 = CARTESIAN_POINT ( 'NONE',  ( -32.78441880899556082, 7.100802477890472808, -109.4763281930003416 ) ) ;
#6757 = CARTESIAN_POINT ( 'NONE',  ( 4.724554601438168966, 25.00000000000000355, -73.12587610932241944 ) ) ;
#6758 = CARTESIAN_POINT ( 'NONE',  ( 25.52499643441695554, 17.78429619894942348, -85.15000000000063096 ) ) ;
#6759 = DIRECTION ( 'NONE',  ( -0.000000000000000000, -1.000000000000000000, -0.000000000000000000 ) ) ;
#6760 = CARTESIAN_POINT ( 'NONE',  ( 25.98843360927084944, 7.503508520330319342, -62.99511730278696575 ) ) ;
#6761 = CARTESIAN_POINT ( 'NONE',  ( -26.32977289078465688, 2.999999999999999556, -120.6696818459636660 ) ) ;
#6762 = DIRECTION ( 'NONE',  ( -1.512080307323490847E-16, -0.000000000000000000, 1.000000000000000000 ) ) ;
#6763 = CARTESIAN_POINT ( 'NONE',  ( 24.72961406886945213, 7.273680913377511104, -18.83597788152827945 ) ) ;
#6764 = DIRECTION ( 'NONE',  ( 0.7071067811865456854, 0.7071067811865494601, 0.000000000000000000 ) ) ;
#6765 = CARTESIAN_POINT ( 'NONE',  ( 27.10846809554764292, 21.31697267969730092, -105.9689134225818350 ) ) ;
#6766 = CARTESIAN_POINT ( 'NONE',  ( -32.49895933851504282, 2.999999999999999112, -104.0429022230097615 ) ) ;
#6767 = ORIENTED_EDGE ( 'NONE', *, *, #699, .T. ) ;
#6768 = CARTESIAN_POINT ( 'NONE',  ( 14.37359812097645673, 32.50000000000000000, -85.92310566744721712 ) ) ;
#6769 = CARTESIAN_POINT ( 'NONE',  ( -14.84530760520200054, 24.99999999999642597, -102.2233133374359824 ) ) ;
#6770 = CARTESIAN_POINT ( 'NONE',  ( -27.78797531574222646, 0.000000000000000000, -92.71929328160562989 ) ) ;
#6771 = EDGE_LOOP ( 'NONE', ( #6041, #717, #7468, #2122 ) ) ;
#6772 = CARTESIAN_POINT ( 'NONE',  ( 18.84999643441695127, 43.11000187309952025, -94.75000000000055422 ) ) ;
#6773 = CARTESIAN_POINT ( 'NONE',  ( 28.52016876651919475, 3.000000000000000000, -30.03520571784869375 ) ) ;
#6774 = CARTESIAN_POINT ( 'NONE',  ( -28.45540576065884153, 6.891877047135203327, -45.09410964685680767 ) ) ;
#6775 = CARTESIAN_POINT ( 'NONE',  ( 5.500000000000001776, 0.000000000000000000, -94.80960127224460621 ) ) ;
#6776 = CARTESIAN_POINT ( 'NONE',  ( -15.61507170241669407, 5.554895949246476199E-13, -135.5053285763197266 ) ) ;
#6777 = FACE_OUTER_BOUND ( 'NONE', #6771, .T. ) ;
#6778 = VERTEX_POINT ( 'NONE', #1432 ) ;
#6779 = CARTESIAN_POINT ( 'NONE',  ( -32.13974035801743412, 7.500857693822488237, -112.7570366919421048 ) ) ;
#6780 = DIRECTION ( 'NONE',  ( -1.000000000000000000, -0.000000000000000000, -0.000000000000000000 ) ) ;
#6781 = CARTESIAN_POINT ( 'NONE',  ( -35.46081340316582242, 22.55286456079092616, -102.8500000000004775 ) ) ;
#6782 = CARTESIAN_POINT ( 'NONE',  ( -27.56710587614345798, 7.260103247113144143, -124.7972452590593520 ) ) ;
#6783 = B_SPLINE_CURVE_WITH_KNOTS ( 'NONE', 3,
 ( #1343, #3855, #3302, #838, #1496, #325, #2035, #917, #6790, #6203, #1420, #3265, #359, #2717, #4973, #5595, #5514, #5633, #6238, #2677, #1384, #289, #801, #7340, #4361, #2601, #3184, #6714, #3892, #3777, #5553, #952, #249, #4396, #2642, #5086, #5009, #6750, #7376, #4473, #2559, #2067, #7412, #5043, #4431, #3149, #3741, #6674, #1999, #1456, #2107 ),
 .UNSPECIFIED., .F., .F.,
 ( 4, 1, 1, 1, 2, 2, 1, 1, 1, 1, 2, 2, 1, 1, 2, 2, 1, 2, 2, 1, 1, 2, 2, 1, 1, 2, 2, 1, 1, 2, 2, 1, 2, 4 ),
 ( 0.000000000000000000, 0.03137906686273968931, 0.04706860029410928070, 0.05491336700979430191, 0.05883575036763683680, 0.06275813372547937863, 0.09413720058822079573, 0.1098267340195915182, 0.1176715007352766573, 0.1215938840931194281, 0.1235550757720408344, 0.1255162674509622267, 0.1568953343137002854, 0.1725848677450693147, 0.1804296344607538571, 0.1882744011764383718, 0.2196534680391782068, 0.2353430014705480966, 0.2510325349019180141, 0.2824116017646577936, 0.2981011351960277667, 0.3059459019117127254, 0.3137906686273976842, 0.3451697354901386849, 0.3608592689215091576, 0.3687040356371946159, 0.3765488023528801298, 0.4079278692156224628, 0.4236174026469935461, 0.4314621693626790044, 0.4393069360783645183, 0.4706860029411064072, 0.4863755363724773240, 0.5020650698038482407 ),
 .UNSPECIFIED. ) ;
#6784 = CARTESIAN_POINT ( 'NONE',  ( 24.08881938155211699, 29.05866158645062214, -39.20895499014557828 ) ) ;
#6785 = CARTESIAN_POINT ( 'NONE',  ( -29.26564444028339196, 6.862947075958699905, -35.16682994256318295 ) ) ;
#6786 = AXIS2_PLACEMENT_3D ( 'NONE', #6955, #4019, #3711 ) ;
#6787 = VERTEX_POINT ( 'NONE', #4334 ) ;
#6788 = CARTESIAN_POINT ( 'NONE',  ( -1.125330987182131093, 32.50000000000000000, -71.80046643213921698 ) ) ;
#6789 = CARTESIAN_POINT ( 'NONE',  ( -25.29027486081537290, 0.000000000000000000, -29.24077226923541417 ) ) ;
#6790 = CARTESIAN_POINT ( 'NONE',  ( -26.77824052425055967, 2.999999999999999112, -119.8178500610317485 ) ) ;
#6791 = CARTESIAN_POINT ( 'NONE',  ( 25.11089026254906642, 0.000000000000000000, -46.25279795481655043 ) ) ;
#6792 = CARTESIAN_POINT ( 'NONE',  ( 29.98323636410361104, 7.034976657241535314, -87.97968523354465731 ) ) ;
#6793 = AXIS2_PLACEMENT_3D ( 'NONE', #1427, #6759, #6873 ) ;
#6794 = AXIS2_PLACEMENT_3D ( 'NONE', #7442, #7589, #2705 ) ;
#6795 = CARTESIAN_POINT ( 'NONE',  ( 5.390614109751422411, -1.301042606982605321E-15, -4.044383912773590772 ) ) ;
#6796 = CARTESIAN_POINT ( 'NONE',  ( -16.14277852495439802, 32.59278290887489504, -107.6454245719563829 ) ) ;
#6797 = CARTESIAN_POINT ( 'NONE',  ( 4.205407774347246885, 26.50000000000000355, -72.83913158881692596 ) ) ;
#6798 = AXIS2_PLACEMENT_3D ( 'NONE', #4654, #5194, #4617 ) ;
#6799 = CARTESIAN_POINT ( 'NONE',  ( -22.90530079528547347, -1.734723475976807094E-15, -22.35528199898241652 ) ) ;
#6800 = TOROIDAL_SURFACE ( 'NONE', #4687, 5.500000000000000000, 1.500000000000000000 ) ;
#6801 = EDGE_CURVE ( 'NONE', #1084, #5416, #6070, .T. ) ;
#6802 = CARTESIAN_POINT ( 'NONE',  ( 14.21186098349051363, 25.00000000000000000, -97.88664316259959719 ) ) ;
#6803 = CARTESIAN_POINT ( 'NONE',  ( 11.63338445001258314, 4.095616671505663042E-29, -137.5557474313749253 ) ) ;
#6804 = CARTESIAN_POINT ( 'NONE',  ( 13.95815460165194821, 32.78534038807411832, -78.38227164890594167 ) ) ;
#6805 = VECTOR ( 'NONE', #1155, 1000.000000000000000 ) ;
#6806 = EDGE_CURVE ( 'NONE', #3135, #5952, #4946, .T. ) ;
#6807 = CARTESIAN_POINT ( 'NONE',  ( 15.08540985121969413, 32.67918072263927343, -109.5929931492319724 ) ) ;
#6808 = CARTESIAN_POINT ( 'NONE',  ( -32.16860234026672316, 3.000000000000000444, -112.7743027825809747 ) ) ;
#6809 = EDGE_LOOP ( 'NONE', ( #3518, #2859 ) ) ;
#6810 = CARTESIAN_POINT ( 'NONE',  ( 1.734723475976807094E-15, 23.50000000000000000, -94.80960127224460621 ) ) ;
#6811 = CARTESIAN_POINT ( 'NONE',  ( -13.05112286036407454, 26.50000000000091660, -106.8297577109420047 ) ) ;
#6812 = CARTESIAN_POINT ( 'NONE',  ( -28.71339628182520443, 0.000000000000000000, -114.5251999072237084 ) ) ;
#6813 = ORIENTED_EDGE ( 'NONE', *, *, #3434, .T. ) ;
#6814 = CARTESIAN_POINT ( 'NONE',  ( -27.66638746191060605, 6.905948508795642482, -49.55145982318868647 ) ) ;
#6815 = DIRECTION ( 'NONE',  ( 0.000000000000000000, 0.000000000000000000, 1.000000000000000000 ) ) ;
#6816 = CARTESIAN_POINT ( 'NONE',  ( -27.86024510414041089, -5.844122930327669603E-12, -79.16757245314811087 ) ) ;
#6817 = CARTESIAN_POINT ( 'NONE',  ( 24.23825107255194311, 20.27367686186264351, -85.15000000000061675 ) ) ;
#6818 = CARTESIAN_POINT ( 'NONE',  ( -24.42695396430819343, -0.000000000000000000, -26.20373480411328160 ) ) ;
#6819 = ORIENTED_EDGE ( 'NONE', *, *, #7503, .T. ) ;
#6820 = CARTESIAN_POINT ( 'NONE',  ( -26.92200844618586686, 7.498959384160733599, -53.50199573092972116 ) ) ;
#6821 = CARTESIAN_POINT ( 'NONE',  ( -12.03104648358937290, 26.49999999999999645, -80.87865353171858374 ) ) ;
#6822 = FACE_BOUND ( 'NONE', #5630, .T. ) ;
#6823 = CARTESIAN_POINT ( 'NONE',  ( -16.75322002463595794, 24.44205784814360882, -119.6518006892912922 ) ) ;
#6824 = CARTESIAN_POINT ( 'NONE',  ( 18.55985865261729728, 32.50000000000001421, -89.31875224738354291 ) ) ;
#6825 = CARTESIAN_POINT ( 'NONE',  ( -28.38016759782828657, 7.297292349045074289, -45.21584335840768887 ) ) ;
#6826 = VERTEX_POINT ( 'NONE', #1317 ) ;
#6827 = CARTESIAN_POINT ( 'NONE',  ( 0.2772012290056553585, 32.50000000000000000, -71.73439525735247457 ) ) ;
#6828 = CARTESIAN_POINT ( 'NONE',  ( -28.21410095434931975, 1.294540936803076091E-12, -28.56448238525300098 ) ) ;
#6829 = CARTESIAN_POINT ( 'NONE',  ( -17.34998628563129941, 32.50000000000001421, -84.87993577519328880 ) ) ;
#6830 = CARTESIAN_POINT ( 'NONE',  ( 26.06762868924552379, -0.000000000000000000, -37.21536281568478444 ) ) ;
#6831 = CARTESIAN_POINT ( 'NONE',  ( 32.56341970729058488, 7.500000000000005329, -104.0916374140005018 ) ) ;
#6832 = CARTESIAN_POINT ( 'NONE',  ( 5.390614109751422411, 3.000000000000000000, -4.044383912773590772 ) ) ;
#6833 = CARTESIAN_POINT ( 'NONE',  ( -32.61033393245188705, 7.500000000000011546, -109.5159820960787300 ) ) ;
#6834 = CARTESIAN_POINT ( 'NONE',  ( 3.974147947376899026, 25.00000000000000000, -74.42613635676066508 ) ) ;
#6835 = CARTESIAN_POINT ( 'NONE',  ( -15.59237001285580426, 26.50000000000000355, -98.81363820743047199 ) ) ;
#6836 = CARTESIAN_POINT ( 'NONE',  ( -11.50316815384383595, -8.673617379884035472E-16, -7.503303956843502931 ) ) ;
#6837 = LINE ( 'NONE', #5523, #2095 ) ;
#6838 = CARTESIAN_POINT ( 'NONE',  ( -0.8580971260882350737, 6.071532165918824830E-15, -136.9849111982954923 ) ) ;
#6839 = CARTESIAN_POINT ( 'NONE',  ( 24.42180748108561872, -1.671824808656123390E-12, -128.3881569676711081 ) ) ;
#6840 = CARTESIAN_POINT ( 'NONE',  ( 9.732894424312016568, 32.95029874121174629, -73.49811416564109834 ) ) ;
#6841 = EDGE_CURVE ( 'NONE', #2383, #7219, #2109, .T. ) ;
#6842 = CARTESIAN_POINT ( 'NONE',  ( 13.89148712085936488, 32.75982001604702276, -111.4441520625033206 ) ) ;
#6843 = CARTESIAN_POINT ( 'NONE',  ( -28.31736663623921402, 3.000000000000001332, -29.03209174929837744 ) ) ;
#6844 = ORIENTED_EDGE ( 'NONE', *, *, #4012, .F. ) ;
#6845 = CARTESIAN_POINT ( 'NONE',  ( 27.02499643441694843, 14.89975897891839374, -86.65000000000058833 ) ) ;
#6846 = CARTESIAN_POINT ( 'NONE',  ( -14.03428956055918064, 25.00000000000000000, -99.03713929486055179 ) ) ;
#6847 = CARTESIAN_POINT ( 'NONE',  ( -29.33265524267407542, -0.000000000000000000, -102.4226281063515103 ) ) ;
#6848 = ORIENTED_EDGE ( 'NONE', *, *, #5624, .F. ) ;
#6849 = CARTESIAN_POINT ( 'NONE',  ( 29.01089431556953002, 3.000000000000000000, -39.21613414775481488 ) ) ;
#6850 = CARTESIAN_POINT ( 'NONE',  ( -24.81915557480740020, 6.821042740132562621, -18.65827796838810926 ) ) ;
#6851 = ADVANCED_FACE ( 'NONE', ( #184 ), #7310, .T. ) ;
#6852 = PLANE ( 'NONE',  #233 ) ;
#6853 = CARTESIAN_POINT ( 'NONE',  ( -29.56710443873731009, -8.673617379884035472E-16, -107.2478774363762852 ) ) ;
#6854 = CARTESIAN_POINT ( 'NONE',  ( -17.34999643441695127, 32.50000000000000000, -85.15000000000063096 ) ) ;
#6855 = CARTESIAN_POINT ( 'NONE',  ( -26.07362716354132104, -0.000000000000000000, -35.75813274372619333 ) ) ;
#6856 = ORIENTED_EDGE ( 'NONE', *, *, #4713, .F. ) ;
#6857 = CARTESIAN_POINT ( 'NONE',  ( -23.61554629502685643, 7.499789503663830459, -17.13839102190586772 ) ) ;
#6858 = FACE_OUTER_BOUND ( 'NONE', #3052, .T. ) ;
#6859 = CARTESIAN_POINT ( 'NONE',  ( -16.03258601176077036, 32.77834872662463539, -107.6368584199961447 ) ) ;
#6860 = CARTESIAN_POINT ( 'NONE',  ( 28.34279082092220392, 7.499999999999972466, -45.27521245691650620 ) ) ;
#6861 = CARTESIAN_POINT ( 'NONE',  ( -5.005645292444688366, 31.28227052793647900, -12.70370880163127758 ) ) ;
#6862 = VERTEX_POINT ( 'NONE', #6725 ) ;
#6863 = LINE ( 'NONE', #2175, #3458 ) ;
#6864 = CARTESIAN_POINT ( 'NONE',  ( -0.1387933961146549655, 2.999999999999999112, 0.008084400858947739590 ) ) ;
#6865 = CARTESIAN_POINT ( 'NONE',  ( 9.867075103421712461E-16, 31.32599540901294333, -11.89014670517249073 ) ) ;
#6866 = CARTESIAN_POINT ( 'NONE',  ( 15.08540985121969413, 32.67918072263927343, -109.5929931492319724 ) ) ;
#6867 = CARTESIAN_POINT ( 'NONE',  ( -22.90530079528547347, -2.168404344971008868E-15, -22.35528199898241652 ) ) ;
#6868 = CARTESIAN_POINT ( 'NONE',  ( -17.77567928088603821, 32.49999999999997868, -103.5214585466808757 ) ) ;
#6869 = CARTESIAN_POINT ( 'NONE',  ( -9.826274290030180936, 25.00000000000000355, -77.63076551809956527 ) ) ;
#6870 = CARTESIAN_POINT ( 'NONE',  ( -13.75857413463015533, 26.49999999999999289, -105.2599520025930104 ) ) ;
#6871 = EDGE_CURVE ( 'NONE', #4241, #5957, #6680, .T. ) ;
#6872 = CARTESIAN_POINT ( 'NONE',  ( 0.000000000000000000, 0.1000000000000000056, 0.000000000000000000 ) ) ;
#6873 = DIRECTION ( 'NONE',  ( 0.000000000000000000, 0.000000000000000000, -1.000000000000000000 ) ) ;
#6874 = CARTESIAN_POINT ( 'NONE',  ( 31.75430614587920175, 7.499281343468128469, -97.58318304330171600 ) ) ;
#6875 = CARTESIAN_POINT ( 'NONE',  ( 15.78002267126348990, 2.999999999999627409, -135.4085605069206508 ) ) ;
#6876 = CARTESIAN_POINT ( 'NONE',  ( 12.57094805943421534, 32.50000000000002842, -75.99866313765876669 ) ) ;
#6877 = B_SPLINE_CURVE_WITH_KNOTS ( 'NONE', 3,
 ( #453, #2809, #5492, #1357 ),
 .UNSPECIFIED., .F., .F.,
 ( 4, 4 ),
 ( -1.584781243930976390E-08, 1.000000000471766404 ),
 .UNSPECIFIED. ) ;
#6878 = CARTESIAN_POINT ( 'NONE',  ( 15.20262245277338131, 32.50000000000000711, -109.6233971190132905 ) ) ;
#6879 = CARTESIAN_POINT ( 'NONE',  ( -27.15858175709426803, 3.000000000000001332, -24.81216291729776557 ) ) ;
#6880 = DIRECTION ( 'NONE',  ( -1.688295353748717154E-16, 0.000000000000000000, 1.000000000000000000 ) ) ;
#6881 = CARTESIAN_POINT ( 'NONE',  ( -15.55772151169194473, 26.50000000000000355, -99.03139094168913914 ) ) ;
#6882 = CARTESIAN_POINT ( 'NONE',  ( -3.490067534345864697, -3.469446951953614189E-15, -3.442706716015830004 ) ) ;
#6883 = EDGE_LOOP ( 'NONE', ( #1905, #1943, #2714, #6996 ) ) ;
#6884 = CARTESIAN_POINT ( 'NONE',  ( 25.56859260523405908, 0.000000000000000000, -30.57866118137096123 ) ) ;
#6885 = CARTESIAN_POINT ( 'NONE',  ( -20.25741797503478381, 30.13190866224831410, -27.90406898584109285 ) ) ;
#6886 = CARTESIAN_POINT ( 'NONE',  ( -5.204170427930421283E-15, 3.000000000000000000, -140.0000000000000000 ) ) ;
#6887 = EDGE_CURVE ( 'NONE', #6862, #1472, #7270, .T. ) ;
#6888 = CARTESIAN_POINT ( 'NONE',  ( 28.40670823611587537, -8.673617379884035472E-16, -115.6788449255736708 ) ) ;
#6889 = CARTESIAN_POINT ( 'NONE',  ( -26.05286887026990783, 0.000000000000000000, -37.35532214330933698 ) ) ;
#6890 = ORIENTED_EDGE ( 'NONE', *, *, #3107, .F. ) ;
#6891 = FACE_OUTER_BOUND ( 'NONE', #5254, .T. ) ;
#6892 = EDGE_CURVE ( 'NONE', #6445, #7551, #1395, .T. ) ;
#6893 = CARTESIAN_POINT ( 'NONE',  ( -22.02499643441695198, 50.10999999999987864, -93.50000055789237763 ) ) ;
#6894 = CARTESIAN_POINT ( 'NONE',  ( -16.19787478155121363, 32.50000000000002132, -107.6497076479365091 ) ) ;
#6895 = CARTESIAN_POINT ( 'NONE',  ( 26.25365929187024250, 7.311721559730781195, -58.59816320837592940 ) ) ;
#6896 = CARTESIAN_POINT ( 'NONE',  ( -8.162018466050826149, 32.49999999999997868, -71.56754828160089232 ) ) ;
#6897 = ORIENTED_EDGE ( 'NONE', *, *, #3189, .T. ) ;
#6898 = CARTESIAN_POINT ( 'NONE',  ( 13.72299216433332880, 3.000000000000000444, -133.1199609611275037 ) ) ;
#6899 = CARTESIAN_POINT ( 'NONE',  ( -11.00892736968298991, 3.000000000000374367, -3.549538626002838537 ) ) ;
#6900 = FACE_BOUND ( 'NONE', #2247, .T. ) ;
#6901 = CARTESIAN_POINT ( 'NONE',  ( 30.34122073947643372, 7.128277603030856113, -120.0686266526419388 ) ) ;
#6902 = AXIS2_PLACEMENT_3D ( 'NONE', #3801, #6259, #2129 ) ;
#6903 = FACE_BOUND ( 'NONE', #3882, .T. ) ;
#6904 = CARTESIAN_POINT ( 'NONE',  ( -19.05446631948866809, 32.72803366217610943, -95.28485253481744621 ) ) ;
#6905 = CARTESIAN_POINT ( 'NONE',  ( 14.37921385658102302, 32.50000000000000000, -103.6805640682779881 ) ) ;
#6906 = CARTESIAN_POINT ( 'NONE',  ( -2.563262387076668425, 25.00000000000001066, -73.74143712149817986 ) ) ;
#6907 = LINE ( 'NONE', #7491, #5561 ) ;
#6908 = CARTESIAN_POINT ( 'NONE',  ( 30.20765684861475364, 7.499844346941913820, -119.5613370498326020 ) ) ;
#6909 = CARTESIAN_POINT ( 'NONE',  ( -27.61319433019570369, 3.000000000000000444, -117.9590522983775429 ) ) ;
#6910 = CARTESIAN_POINT ( 'NONE',  ( 25.95716004531330157, -0.000000000000000000, -84.38057906843768308 ) ) ;
#6911 = AXIS2_PLACEMENT_3D ( 'NONE', #2741, #2196, #5074 ) ;
#6912 = CARTESIAN_POINT ( 'NONE',  ( 24.74627089455600526, 28.30977362689408849, -46.47077830782272656 ) ) ;
#6913 = VECTOR ( 'NONE', #4860, 1000.000000000000000 ) ;
#6914 = VECTOR ( 'NONE', #69, 1000.000000000000000 ) ;
#6915 = CARTESIAN_POINT ( 'NONE',  ( 4.330803063137852682, 32.49999999999995737, -120.2542791125043493 ) ) ;
#6916 = VECTOR ( 'NONE', #5731, 1000.000000000000000 ) ;
#6917 = DIRECTION ( 'NONE',  ( -0.000000000000000000, 1.000000000000000000, 0.000000000000000000 ) ) ;
#6918 = CARTESIAN_POINT ( 'NONE',  ( -1.802247304164271258, 24.99999999999998934, -116.1249759609214323 ) ) ;
#6919 = LINE ( 'NONE', #3710, #6926 ) ;
#6920 = ORIENTED_EDGE ( 'NONE', *, *, #6036, .T. ) ;
#6921 = CARTESIAN_POINT ( 'NONE',  ( 24.61369419859319763, 0.000000000000000000, -49.23801687091422252 ) ) ;
#6922 = VECTOR ( 'NONE', #2896, 1000.000000000000000 ) ;
#6923 = CARTESIAN_POINT ( 'NONE',  ( -8.056906555522127533, 32.95584840331710552, -72.10120913673827658 ) ) ;
#6924 = VECTOR ( 'NONE', #3057, 1000.000000000000000 ) ;
#6925 = LINE ( 'NONE', #5758, #372 ) ;
#6926 = VECTOR ( 'NONE', #1931, 1000.000000000000000 ) ;
#6927 = LINE ( 'NONE', #2091, #354 ) ;
#6928 = CARTESIAN_POINT ( 'NONE',  ( -25.41071752285396812, 0.000000000000000000, -29.83859480903965888 ) ) ;
#6929 = EDGE_LOOP ( 'NONE', ( #187, #1440, #1511, #5249, #3283, #3852 ) ) ;
#6930 = PLANE ( 'NONE',  #6794 ) ;
#6931 = CARTESIAN_POINT ( 'NONE',  ( 22.02499643441695198, 50.10999999999998522, -87.75000187310008926 ) ) ;
#6932 = CARTESIAN_POINT ( 'NONE',  ( 22.02499643441695198, 50.10999999999998522, -94.75000000000055422 ) ) ;
#6933 = CARTESIAN_POINT ( 'NONE',  ( -28.76492366425229363, 7.017089205978234823, -82.68715452343802497 ) ) ;
#6934 = EDGE_CURVE ( 'NONE', #1293, #7394, #1433, .T. ) ;
#6935 = CARTESIAN_POINT ( 'NONE',  ( 26.63731040547489215, 6.926274615914522315, -55.80190667045548736 ) ) ;
#6936 = CARTESIAN_POINT ( 'NONE',  ( -10.40245049276658484, 6.789274626688946768, -2.597112288357030341 ) ) ;
#6937 = ORIENTED_EDGE ( 'NONE', *, *, #7271, .F. ) ;
#6938 = CARTESIAN_POINT ( 'NONE',  ( 16.63262707792354789, 3.000000000000000888, -131.2726945430323724 ) ) ;
#6939 = CARTESIAN_POINT ( 'NONE',  ( -10.47405279899943764, 0.000000000000000000, -6.803830808655502160 ) ) ;
#6940 = LINE ( 'NONE', #6424, #1107 ) ;
#6941 = CARTESIAN_POINT ( 'NONE',  ( 8.082852908552201399, 32.65471447034677510, -117.9272428591537931 ) ) ;
#6942 = CARTESIAN_POINT ( 'NONE',  ( -25.52499643441015564, 20.34036889037800222, -104.3500000000004633 ) ) ;
#6943 = CARTESIAN_POINT ( 'NONE',  ( -26.29725853502903021, 7.500000000000008882, -69.46563972039291457 ) ) ;
#6944 = CARTESIAN_POINT ( 'NONE',  ( 4.311488157231075924, 32.50000000000000000, -116.7210210453906711 ) ) ;
#6945 = CARTESIAN_POINT ( 'NONE',  ( -3.999999999999998224, 6.500000000000000888, -94.80960127224460621 ) ) ;
#6946 = CARTESIAN_POINT ( 'NONE',  ( 4.000000000000001776, 5.783642187220725539, -93.64166924642260881 ) ) ;
#6947 = CARTESIAN_POINT ( 'NONE',  ( 29.45700473443161371, 7.501660435157168294, -121.1725692591166137 ) ) ;
#6948 = CARTESIAN_POINT ( 'NONE',  ( -24.54517763149445031, 0.000000000000000000, -123.5460704801367058 ) ) ;
#6949 = CARTESIAN_POINT ( 'NONE',  ( 29.55895692527658625, 0.000000000000000000, -107.1643008346763253 ) ) ;
#6950 = CARTESIAN_POINT ( 'NONE',  ( 28.45564261458237354, 6.891877047135168688, -45.09259111900698258 ) ) ;
#6951 = CARTESIAN_POINT ( 'NONE',  ( 8.526293290014665516, 18.43590052955619285, -136.1755764094139067 ) ) ;
#6952 = DIRECTION ( 'NONE',  ( 0.000000000000000000, 0.000000000000000000, -1.000000000000000000 ) ) ;
#6953 = CARTESIAN_POINT ( 'NONE',  ( -4.724554646191789331, 26.50000000000000355, -116.4933263977422797 ) ) ;
#6954 = DIRECTION ( 'NONE',  ( -1.000000000000000000, 0.000000000000000000, 0.000000000000000000 ) ) ;
#6955 = CARTESIAN_POINT ( 'NONE',  ( -22.02499643441695198, 50.10999999999998522, -87.75000187310008926 ) ) ;
#6956 = CARTESIAN_POINT ( 'NONE',  ( 26.04603088433331592, 0.000000000000000000, -84.76262776601967630 ) ) ;
#6957 = CARTESIAN_POINT ( 'NONE',  ( -13.95770553494871180, 32.78534038807411122, -78.38156411516972355 ) ) ;
#6958 = DIRECTION ( 'NONE',  ( -1.000000000000000000, -0.000000000000000000, -0.000000000000000000 ) ) ;
#6959 = ORIENTED_EDGE ( 'NONE', *, *, #750, .T. ) ;
#6960 = CARTESIAN_POINT ( 'NONE',  ( -28.77720420753887964, 0.000000000000000000, -97.99805907473006528 ) ) ;
#6961 = CARTESIAN_POINT ( 'NONE',  ( -9.475395935034134354, 26.50000000000000355, -77.20384566188697306 ) ) ;
#6962 = CARTESIAN_POINT ( 'NONE',  ( -2.690072311354976708, 3.000000000000000000, -3.262748763377075534 ) ) ;
#6963 = CARTESIAN_POINT ( 'NONE',  ( -24.92042596855814907, -0.000000000000000000, -47.41038633956681281 ) ) ;
#6964 = ORIENTED_EDGE ( 'NONE', *, *, #5270, .T. ) ;
#6965 = CARTESIAN_POINT ( 'NONE',  ( -22.68882122271111967, 7.499602947875009917, -15.61512204710988172 ) ) ;
#6966 = LINE ( 'NONE', #4645, #482 ) ;
#6967 = CARTESIAN_POINT ( 'NONE',  ( -27.10802460270274139, 21.31697267969730092, -105.9679724062865063 ) ) ;
#6968 = CARTESIAN_POINT ( 'NONE',  ( -22.01209496679173228, 6.810596468594777519, -13.98912731593137337 ) ) ;
#6969 = ORIENTED_EDGE ( 'NONE', *, *, #212, .F. ) ;
#6970 = CARTESIAN_POINT ( 'NONE',  ( 11.37131491678768391, 3.000000000000000000, -134.3511096546470469 ) ) ;
#6971 = CARTESIAN_POINT ( 'NONE',  ( -7.142491640045890655, -1.861702782466768468E-13, -1.496280554002616947 ) ) ;
#6972 = CARTESIAN_POINT ( 'NONE',  ( 15.67499646296015570, 25.00000000000000000, -91.36303240319273300 ) ) ;
#6973 = CARTESIAN_POINT ( 'NONE',  ( 20.04530841134564767, 7.386491106011382257, -132.6644115231458159 ) ) ;
#6974 = CARTESIAN_POINT ( 'NONE',  ( -4.255493527005604903E-15, 32.50000000000000000, -68.55960127224463463 ) ) ;
#6975 = CARTESIAN_POINT ( 'NONE',  ( -18.94495279516171138, 32.83250268749149114, -97.15535107323262309 ) ) ;
#6976 = ADVANCED_FACE ( 'NONE', ( #3161 ), #5528, .T. ) ;
#6977 = VERTEX_POINT ( 'NONE', #6141 ) ;
#6978 = DIRECTION ( 'NONE',  ( -1.000000000000000000, 0.000000000000000000, -1.512080307323490847E-16 ) ) ;
#6979 = EDGE_CURVE ( 'NONE', #2132, #5233, #264, .T. ) ;
#6980 = CARTESIAN_POINT ( 'NONE',  ( -5.239649916792666673, 24.99999999999999645, -75.25998958175483722 ) ) ;
#6981 = CARTESIAN_POINT ( 'NONE',  ( 1.734723475976807094E-15, 6.500000000000000888, -94.80960127224460621 ) ) ;
#6982 = CARTESIAN_POINT ( 'NONE',  ( 21.17278125899214558, 7.499580683097350153, -131.5808759544668476 ) ) ;
#6983 = CARTESIAN_POINT ( 'NONE',  ( -13.07417990852797729, 0.000000000000000000, -133.4904267253078842 ) ) ;
#6984 = CARTESIAN_POINT ( 'NONE',  ( 28.33287610609574614, 0.000000000000000000, -95.49612514586735301 ) ) ;
#6985 = CARTESIAN_POINT ( 'NONE',  ( 29.26559702655310602, 6.862947075958683030, -35.16492479118422665 ) ) ;
#6986 = EDGE_CURVE ( 'NONE', #930, #626, #964, .T. ) ;
#6987 = CARTESIAN_POINT ( 'NONE',  ( 11.34641409704185833, 32.58138521573378910, -114.9969993303330256 ) ) ;
#6988 = EDGE_CURVE ( 'NONE', #3681, #3436, #5971, .T. ) ;
#6989 = FACE_OUTER_BOUND ( 'NONE', #854, .T. ) ;
#6990 = CARTESIAN_POINT ( 'NONE',  ( 4.743635115123896462, 26.50000000000000355, -116.4820420258210589 ) ) ;
#6991 = CARTESIAN_POINT ( 'NONE',  ( 21.67466759800352705, 8.673617379884035472E-16, -19.80885886676150065 ) ) ;
#6992 = ORIENTED_EDGE ( 'NONE', *, *, #1268, .T. ) ;
#6993 = CARTESIAN_POINT ( 'NONE',  ( 25.96734966316901350, 3.000000000000734968, -64.48525797874624743 ) ) ;
#6994 = CARTESIAN_POINT ( 'NONE',  ( -21.93184111920839285, 7.270198822864919030, -14.18099622118720404 ) ) ;
#6995 = CARTESIAN_POINT ( 'NONE',  ( -27.02499643441695554, 16.63796704453098485, -91.90089789040503376 ) ) ;
#6996 = ORIENTED_EDGE ( 'NONE', *, *, #7271, .T. ) ;
#6997 = CARTESIAN_POINT ( 'NONE',  ( -26.63637649880272562, 15.44712726868231556, -85.63819156420002798 ) ) ;
#6998 = CARTESIAN_POINT ( 'NONE',  ( -7.087689246243978225, 32.50000000000000000, -74.81542726603387905 ) ) ;
#6999 = CARTESIAN_POINT ( 'NONE',  ( 16.66486063329858069, 3.000000000000000000, -12.54541466361829194 ) ) ;
#7000 = CARTESIAN_POINT ( 'NONE',  ( -24.90096506205557958, 0.000000000000000000, -47.52641617381751615 ) ) ;
#7001 = ORIENTED_EDGE ( 'NONE', *, *, #3347, .F. ) ;
#7002 = CARTESIAN_POINT ( 'NONE',  ( -25.28647501597292901, 7.499692718721627571, -20.28437838455203845 ) ) ;
#7003 = CARTESIAN_POINT ( 'NONE',  ( 41.16644988300614472, 50.10999999999987864, -94.75000000000054001 ) ) ;
#7004 = CARTESIAN_POINT ( 'NONE',  ( 30.77414280163953109, 3.000000000000000444, -92.31092029524090492 ) ) ;
#7005 = CARTESIAN_POINT ( 'NONE',  ( -27.58782766332994996, 7.165943703663173459, -77.41914934432229245 ) ) ;
#7006 = CARTESIAN_POINT ( 'NONE',  ( -9.121599587511131091, 17.30779084907413079, -51.89015939740616545 ) ) ;
#7007 = CARTESIAN_POINT ( 'NONE',  ( -14.30790765192507230, 25.00000000000089528, -85.78466260174300828 ) ) ;
#7008 = ORIENTED_EDGE ( 'NONE', *, *, #2855, .T. ) ;
#7009 = CARTESIAN_POINT ( 'NONE',  ( 14.72164016707566248, 32.50000000000000000, -86.97975950363445463 ) ) ;
#7010 = LINE ( 'NONE', #3415, #6546 ) ;
#7011 = DIRECTION ( 'NONE',  ( -0.7071067811865455743, -0.7071067811865493491, -0.000000000000000000 ) ) ;
#7012 = CARTESIAN_POINT ( 'NONE',  ( 9.711359994299593623, 32.73762136762555741, -116.4623911034352801 ) ) ;
#7013 = DIRECTION ( 'NONE',  ( 0.000000000000000000, -0.000000000000000000, -1.000000000000000000 ) ) ;
#7014 = CARTESIAN_POINT ( 'NONE',  ( -28.69895003666348288, 7.339029735326071169, -82.75737265750296956 ) ) ;
#7015 = ORIENTED_EDGE ( 'NONE', *, *, #4660, .T. ) ;
#7016 = CARTESIAN_POINT ( 'NONE',  ( 12.03630639683660242, 26.50000000000000355, -108.7642380761172518 ) ) ;
#7017 = DIRECTION ( 'NONE',  ( -0.000000000000000000, 0.000000000000000000, -1.000000000000000000 ) ) ;
#7018 = DIRECTION ( 'NONE',  ( 0.000000000000000000, 0.000000000000000000, 1.000000000000000000 ) ) ;
#7019 = CARTESIAN_POINT ( 'NONE',  ( 26.52498334831158289, 7.500475532520078481, -71.36761036812215764 ) ) ;
#7020 = CARTESIAN_POINT ( 'NONE',  ( -24.54517763149445031, 3.000000000000000444, -123.5460704801367058 ) ) ;
#7021 = CARTESIAN_POINT ( 'NONE',  ( 29.55948708352629950, 0.000000000000000000, -107.0214353348363119 ) ) ;
#7022 = CARTESIAN_POINT ( 'NONE',  ( 18.03264811838283421, 32.62781142130334899, -87.25589322067745002 ) ) ;
#7023 = CARTESIAN_POINT ( 'NONE',  ( 1.805419622845283012, 7.500000000000000000, -140.0000000000000000 ) ) ;
#7024 = EDGE_CURVE ( 'NONE', #2540, #6505, #3345, .T. ) ;
#7025 = CARTESIAN_POINT ( 'NONE',  ( -3.999999999999998224, 6.143388261582160226, -94.22725481025327099 ) ) ;
#7026 = VECTOR ( 'NONE', #4420, 1000.000000000000000 ) ;
#7027 = FACE_BOUND ( 'NONE', #1590, .T. ) ;
#7028 = CARTESIAN_POINT ( 'NONE',  ( -6.518185487875835626, 25.00000000000000000, -113.3397359424369881 ) ) ;
#7029 = CARTESIAN_POINT ( 'NONE',  ( 14.16804421767244726, 32.50000000000000000, -113.8295658890728106 ) ) ;
#7030 = ORIENTED_EDGE ( 'NONE', *, *, #4866, .F. ) ;
#7031 = CARTESIAN_POINT ( 'NONE',  ( 27.17045433660773313, 0.000000000000000000, -89.80429999331717283 ) ) ;
#7032 = CARTESIAN_POINT ( 'NONE',  ( -6.251826634254604720, 7.024354589441263563, -0.7774008418678987065 ) ) ;
#7033 = EDGE_CURVE ( 'NONE', #1251, #5416, #1796, .T. ) ;
#7034 = AXIS2_PLACEMENT_3D ( 'NONE', #7229, #1349, #2997 ) ;
#7035 = AXIS2_PLACEMENT_3D ( 'NONE', #3775, #7338, #3263 ) ;
#7036 = FACE_OUTER_BOUND ( 'NONE', #2592, .T. ) ;
#7037 = VERTEX_POINT ( 'NONE', #5350 ) ;
#7038 = CARTESIAN_POINT ( 'NONE',  ( 29.60671723187526538, 3.000000000000000888, -120.8700112692605302 ) ) ;
#7039 = CARTESIAN_POINT ( 'NONE',  ( 18.84999643441695127, 50.10999999999987864, -94.75000000000054001 ) ) ;
#7040 = CARTESIAN_POINT ( 'NONE',  ( -3.766917238159843251, 3.000000000000000444, -3.521759704556536974 ) ) ;
#7041 = CARTESIAN_POINT ( 'NONE',  ( -23.67425289868647198, -0.000000000000000000, -55.00002053321700402 ) ) ;
#7042 = ORIENTED_EDGE ( 'NONE', *, *, #5709, .F. ) ;
#7043 = CARTESIAN_POINT ( 'NONE',  ( -10.84971679266074496, 25.00000000000000000, -107.8145225195955845 ) ) ;
#7044 = AXIS2_PLACEMENT_3D ( 'NONE', #4319, #6094, #206 ) ;
#7045 = AXIS2_PLACEMENT_3D ( 'NONE', #6535, #663, #4846 ) ;
#7046 = CARTESIAN_POINT ( 'NONE',  ( 27.11661019318163213, 2.999999999999999556, -52.38961595986275910 ) ) ;
#7047 = CARTESIAN_POINT ( 'NONE',  ( -21.11581871622968265, 20.21024108782597395, -81.39690650690624807 ) ) ;
#7048 = AXIS2_PLACEMENT_3D ( 'NONE', #6303, #7475, #420 ) ;
#7049 = CARTESIAN_POINT ( 'NONE',  ( -2.525360893528256323, 32.96535145375025166, -69.41954324857923098 ) ) ;
#7050 = CARTESIAN_POINT ( 'NONE',  ( -14.03291663619852159, 25.00000000000000000, -90.57315068275285341 ) ) ;
#7051 = ORIENTED_EDGE ( 'NONE', *, *, #5097, .F. ) ;
#7052 = DIRECTION ( 'NONE',  ( 1.000000000000000000, -0.000000000000000000, -0.000000000000000000 ) ) ;
#7053 = CARTESIAN_POINT ( 'NONE',  ( 20.55033068064007296, 3.669252926773265220E-13, -12.57912457692814634 ) ) ;
#7054 = LINE ( 'NONE', #4771, #4335 ) ;
#7055 = CARTESIAN_POINT ( 'NONE',  ( 10.62381635907507160, 7.500000000000014211, -138.0669374306304462 ) ) ;
#7056 = CARTESIAN_POINT ( 'NONE',  ( 9.813938587061439733, 32.65009958040391069, -73.16080313267313784 ) ) ;
#7057 = CARTESIAN_POINT ( 'NONE',  ( -17.62254970504918461, 32.63021826400856895, -85.84593774329300686 ) ) ;
#7058 = CARTESIAN_POINT ( 'NONE',  ( 16.10295546122693366, -8.673617379884035472E-16, -131.6897579251632919 ) ) ;
#7059 = EDGE_LOOP ( 'NONE', ( #7538, #2805, #3811, #1639 ) ) ;
#7060 = CARTESIAN_POINT ( 'NONE',  ( 12.30714314008201882, 26.50000000000001421, -108.2563082444013958 ) ) ;
#7061 = DIRECTION ( 'NONE',  ( 1.000000000000000000, 0.000000000000000000, 0.000000000000000000 ) ) ;
#7062 = DIRECTION ( 'NONE',  ( -1.000000000000000000, 0.000000000000000000, 0.000000000000000000 ) ) ;
#7063 = CARTESIAN_POINT ( 'NONE',  ( 18.84999643441695127, 43.11000187309952025, -93.57500000000055707 ) ) ;
#7064 = CARTESIAN_POINT ( 'NONE',  ( 29.19337214977348438, 0.000000000000000000, -101.0873170880936129 ) ) ;
#7065 = CARTESIAN_POINT ( 'NONE',  ( 15.22957519189115594, 32.91755275110079992, -80.69905882121813079 ) ) ;
#7066 = CARTESIAN_POINT ( 'NONE',  ( 1.734723475976807094E-15, 1.500000000000000000, -94.80960127224460621 ) ) ;
#7067 = CARTESIAN_POINT ( 'NONE',  ( 12.11041618330946790, 24.84086780461330335, -124.1886821083076740 ) ) ;
#7068 = CARTESIAN_POINT ( 'NONE',  ( 15.68431990734801218, 25.00000000000000355, -91.43056039518128841 ) ) ;
#7069 = CYLINDRICAL_SURFACE ( 'NONE', #743, 1.249999442108171266 ) ;
#7070 = CARTESIAN_POINT ( 'NONE',  ( -1.035532811157572564, 24.99999999999998934, -116.3143033960745925 ) ) ;
#7071 = CARTESIAN_POINT ( 'NONE',  ( -26.91297104389668959, 8.673617379884035472E-16, -119.5271667743927821 ) ) ;
#7072 = ORIENTED_EDGE ( 'NONE', *, *, #3487, .T. ) ;
#7073 = CARTESIAN_POINT ( 'NONE',  ( 30.47230821923291799, 1.117239773015901545E-12, -90.85760493930484927 ) ) ;
#7074 = CARTESIAN_POINT ( 'NONE',  ( -1.099195765142158443, 32.65535087357888955, -68.79921601536705111 ) ) ;
#7075 = ADVANCED_FACE ( 'NONE', ( #551 ), #48, .F. ) ;
#7076 = CARTESIAN_POINT ( 'NONE',  ( 23.81358543882619472, 26.62417946951641667, -61.23108074766614095 ) ) ;
#7077 = DIRECTION ( 'NONE',  ( 0.000000000000000000, 0.000000000000000000, 1.000000000000000000 ) ) ;
#7078 = EDGE_LOOP ( 'NONE', ( #7588, #6366 ) ) ;
#7079 = CARTESIAN_POINT ( 'NONE',  ( -15.67499646296582938, 26.50000000000000355, -98.25617004468698212 ) ) ;
#7080 = CARTESIAN_POINT ( 'NONE',  ( -15.29705851556047236, 26.50000000000000355, -89.14833779284140292 ) ) ;
#7081 = CARTESIAN_POINT ( 'NONE',  ( 17.00376751696940048, 3.000000000000000888, -12.94736142453258410 ) ) ;
#7082 = VERTEX_POINT ( 'NONE', #1178 ) ;
#7083 = CARTESIAN_POINT ( 'NONE',  ( 13.82257324192367598, 25.00000000000000355, -100.1813718312163530 ) ) ;
#7084 = CARTESIAN_POINT ( 'NONE',  ( 16.95160574795679054, 3.000000000000000000, -8.366201230648245613 ) ) ;
#7085 = EDGE_CURVE ( 'NONE', #3436, #246, #3595, .T. ) ;
#7086 = CARTESIAN_POINT ( 'NONE',  ( -18.55979596814833243, 32.49999999999998579, -89.31842464174269480 ) ) ;
#7087 = CARTESIAN_POINT ( 'NONE',  ( -4.384434980873874890E-15, 32.96617196830882790, -69.16144693996223225 ) ) ;
#7088 = CARTESIAN_POINT ( 'NONE',  ( -8.655935965767344697, 25.00000000000000000, -78.57188760378407721 ) ) ;
#7089 = ORIENTED_EDGE ( 'NONE', *, *, #4774, .T. ) ;
#7090 = CARTESIAN_POINT ( 'NONE',  ( 22.02499643441695198, 57.10999812690045729, -93.57500000000055707 ) ) ;
#7091 = CARTESIAN_POINT ( 'NONE',  ( 3.000116924536377017, 3.000000000000000888, -0.2467147600020797027 ) ) ;
#7092 = CARTESIAN_POINT ( 'NONE',  ( 15.59237001094822084, 26.50000000000001066, -90.80556424152094053 ) ) ;
#7093 = CARTESIAN_POINT ( 'NONE',  ( 0.7294219422062182545, 32.64783209368568606, -120.9079320014491259 ) ) ;
#7094 = CARTESIAN_POINT ( 'NONE',  ( 11.92279658796536168, 31.01435625790402284, -16.94677623776530240 ) ) ;
#7095 = CARTESIAN_POINT ( 'NONE',  ( -18.50816430863709172, 32.74825313002590121, -89.47843930806639889 ) ) ;
#7096 = CARTESIAN_POINT ( 'NONE',  ( 22.02499643441695198, 43.11000187309952025, -95.92500000000055138 ) ) ;
#7097 = ORIENTED_EDGE ( 'NONE', *, *, #1551, .F. ) ;
#7098 = CARTESIAN_POINT ( 'NONE',  ( -1.122009616665457621, 26.50000000000000355, -117.8051075624929496 ) ) ;
#7099 = CARTESIAN_POINT ( 'NONE',  ( -29.08034472507832646, 3.000000000000000888, -37.88179349801833951 ) ) ;
#7100 = DIRECTION ( 'NONE',  ( 0.000000000000000000, 0.000000000000000000, -1.000000000000000000 ) ) ;
#7101 = CARTESIAN_POINT ( 'NONE',  ( -17.38728931700659075, 0.000000000000000000, -130.7711543675378323 ) ) ;
#7102 = CARTESIAN_POINT ( 'NONE',  ( 23.49331897416623249, 0.000000000000000000, -56.33171318232832903 ) ) ;
#7103 = CARTESIAN_POINT ( 'NONE',  ( 21.48305802273594267, 20.95911756164134232, -87.75981979821531809 ) ) ;
#7104 = CARTESIAN_POINT ( 'NONE',  ( 12.00243844715930663, 3.000000000000000000, -7.962380292838270535 ) ) ;
#7105 = CARTESIAN_POINT ( 'NONE',  ( -5.414598281252662737, 7.499999999999988454, -139.6181299401074796 ) ) ;
#7106 = CARTESIAN_POINT ( 'NONE',  ( 10.81831580445588692, 25.00000000000000355, -78.98564027804543741 ) ) ;
#7107 = CARTESIAN_POINT ( 'NONE',  ( 6.655479384040130064, 32.50000000000000000, -115.1628503780877963 ) ) ;
#7108 = CARTESIAN_POINT ( 'NONE',  ( 6.531106021749271129, 25.00000000000000000, -113.3286334548436400 ) ) ;
#7109 = LINE ( 'NONE', #5487, #4701 ) ;
#7110 = ORIENTED_EDGE ( 'NONE', *, *, #6871, .F. ) ;
#7111 = CARTESIAN_POINT ( 'NONE',  ( 27.26774093945959621, 2.999999999999999112, -51.45219118375616318 ) ) ;
#7112 = CARTESIAN_POINT ( 'NONE',  ( -6.264044098389996762, 6.786531884161898454, -0.6604762540270812110 ) ) ;
#7113 = CARTESIAN_POINT ( 'NONE',  ( 29.98323636410361104, 7.034976657241535314, -87.97968523354465731 ) ) ;
#7114 = CARTESIAN_POINT ( 'NONE',  ( -29.88727870211563697, 2.999999999999999112, -120.2568666391016166 ) ) ;
#7115 = ORIENTED_EDGE ( 'NONE', *, *, #26, .T. ) ;
#7116 = CARTESIAN_POINT ( 'NONE',  ( 6.133554512420897886, 3.000000000000000888, -139.3501984877038637 ) ) ;
#7117 = DIRECTION ( 'NONE',  ( -0.000000000000000000, -1.000000000000000000, -0.000000000000000000 ) ) ;
#7118 = CARTESIAN_POINT ( 'NONE',  ( 1.337994511305318213, 3.000000000000000444, -3.064009773266387793 ) ) ;
#7119 = CARTESIAN_POINT ( 'NONE',  ( -25.23845071273271401, -0.000000000000000000, -81.09512613611050824 ) ) ;
#7120 = ORIENTED_EDGE ( 'NONE', *, *, #5618, .T. ) ;
#7121 = CARTESIAN_POINT ( 'NONE',  ( 5.239649891349880129, 25.00000000000000355, -114.3592129766358312 ) ) ;
#7122 = CARTESIAN_POINT ( 'NONE',  ( 8.491493891515125014, 3.000000000000000000, -2.114605516870797342 ) ) ;
#7123 = CARTESIAN_POINT ( 'NONE',  ( -18.70129771059301760, 32.74450859994941254, -90.55693748590553582 ) ) ;
#7124 = CARTESIAN_POINT ( 'NONE',  ( 25.84583967342031485, 19.89770903374919087, -104.3243359228098655 ) ) ;
#7125 = CARTESIAN_POINT ( 'NONE',  ( -2.305805085574371471, 3.000000000000002665, -139.9153709081299723 ) ) ;
#7126 = CARTESIAN_POINT ( 'NONE',  ( -13.37635228055145120, 25.00000000000000000, -87.77312287897262877 ) ) ;
#7127 = EDGE_CURVE ( 'NONE', #5343, #4055, #1498, .T. ) ;
#7128 = EDGE_LOOP ( 'NONE', ( #1157, #3738 ) ) ;
#7129 = PLANE ( 'NONE',  #7535 ) ;
#7130 = CARTESIAN_POINT ( 'NONE',  ( 18.15733392779238997, -2.602085213965210642E-15, -14.38949647976902746 ) ) ;
#7131 = CARTESIAN_POINT ( 'NONE',  ( -24.05955925539911533, 22.29041330138138832, -104.3500000000004917 ) ) ;
#7132 = CARTESIAN_POINT ( 'NONE',  ( -8.526556754414334804, 18.43590052955619285, -136.1753720866978199 ) ) ;
#7133 = EDGE_CURVE ( 'NONE', #5103, #7219, #776, .T. ) ;
#7134 = CARTESIAN_POINT ( 'NONE',  ( 15.09966020449807900, 30.77585690772676230, -20.19024308830693570 ) ) ;
#7135 = CARTESIAN_POINT ( 'NONE',  ( -26.01625413468714498, 7.500000000000004441, -61.35066453089408611 ) ) ;
#7136 = CARTESIAN_POINT ( 'NONE',  ( 28.52459992965831859, 1.734723475976807094E-15, -115.2649334826527792 ) ) ;
#7137 = EDGE_LOOP ( 'NONE', ( #895, #2887, #7500, #7515, #6856, #967 ) ) ;
#7138 = CARTESIAN_POINT ( 'NONE',  ( -3.552425559569793112, 26.50000000000000355, -117.0797158567762040 ) ) ;
#7139 = CARTESIAN_POINT ( 'NONE',  ( -23.10783856501965161, 0.000000000000000000, -59.79482744714961484 ) ) ;
#7140 = CARTESIAN_POINT ( 'NONE',  ( -17.41192391112923943, 32.50098233222308863, -85.05972257008744464 ) ) ;
#7141 = CARTESIAN_POINT ( 'NONE',  ( -7.082186531006295027, 32.49999999999943157, -121.0611354384529790 ) ) ;
#7142 = CARTESIAN_POINT ( 'NONE',  ( 23.03049648801427551, 0.000000000000000000, -61.54668734609631997 ) ) ;
#7143 = CARTESIAN_POINT ( 'NONE',  ( 24.20219965283363095, 24.71161343055338833, -77.16398111887643552 ) ) ;
#7144 = CARTESIAN_POINT ( 'NONE',  ( 18.95654470297176886, 3.000000000000000000, -15.43716681480072062 ) ) ;
#7145 = CARTESIAN_POINT ( 'NONE',  ( -9.853874755339653291, 32.50000000000002132, -116.6275986295775766 ) ) ;
#7146 = CARTESIAN_POINT ( 'NONE',  ( 14.13877948046065569, 25.00000000000000000, -91.21949783244397736 ) ) ;
#7147 = CARTESIAN_POINT ( 'NONE',  ( -3.811180153386652947, 32.50000000000000000, -116.9612295142415519 ) ) ;
#7148 = CARTESIAN_POINT ( 'NONE',  ( 10.45994189214889047, 25.00000000000000000, -108.4760239860814153 ) ) ;
#7149 = CARTESIAN_POINT ( 'NONE',  ( -4.000000000000000000, 1.500000000000003109, -82.23717174866052915 ) ) ;
#7150 = CARTESIAN_POINT ( 'NONE',  ( 32.45287651666197348, 4.336808689942018229E-16, -110.4764192840728896 ) ) ;
#7151 = CARTESIAN_POINT ( 'NONE',  ( -4.341454496251117965E-15, 32.81078131220588290, -68.96083171738970918 ) ) ;
#7152 = CARTESIAN_POINT ( 'NONE',  ( -6.239609170119212678, 7.262177294720627785, -0.8943254297087162019 ) ) ;
#7153 = CIRCLE ( 'NONE', #1848, 9.599999999999928590 ) ;
#7154 = CARTESIAN_POINT ( 'NONE',  ( 25.96232390785832678, 7.500000000000006217, -64.05905867303266632 ) ) ;
#7155 = CARTESIAN_POINT ( 'NONE',  ( -8.673617379884035472E-16, 3.000000000000000000, 6.071532165918818520E-15 ) ) ;
#7156 = ORIENTED_EDGE ( 'NONE', *, *, #452, .T. ) ;
#7157 = CARTESIAN_POINT ( 'NONE',  ( 30.65707009998949317, 2.999999999999999556, -118.4388607075901376 ) ) ;
#7158 = CARTESIAN_POINT ( 'NONE',  ( 7.923162702438743210, 26.50000000000000355, -75.57383615549061062 ) ) ;
#7159 = CARTESIAN_POINT ( 'NONE',  ( -7.504470291911248481, 3.000000000000000000, -4.994795982975698934 ) ) ;
#7160 = CARTESIAN_POINT ( 'NONE',  ( -23.29367145059947930, 0.000000000000000000, -58.03746935329837697 ) ) ;
#7161 = ORIENTED_EDGE ( 'NONE', *, *, #7230, .F. ) ;
#7162 = CARTESIAN_POINT ( 'NONE',  ( -1.745153640214233581, 25.00000000000000355, -116.1408220457023788 ) ) ;
#7163 = CARTESIAN_POINT ( 'NONE',  ( 1.786271031209034632, 3.000000000000000444, 7.928228386300248018E-15 ) ) ;
#7164 = AXIS2_PLACEMENT_3D ( 'NONE', #2183, #2327, #7062 ) ;
#7165 = CARTESIAN_POINT ( 'NONE',  ( -21.36159971226969390, 20.77042136927465066, -86.16682572240353011 ) ) ;
#7166 = CIRCLE ( 'NONE', #602, 4.000000000000003553 ) ;
#7167 = DIRECTION ( 'NONE',  ( 0.000000000000000000, 0.000000000000000000, 1.000000000000000000 ) ) ;
#7168 = AXIS2_PLACEMENT_3D ( 'NONE', #3568, #6498, #5925 ) ;
#7169 = CARTESIAN_POINT ( 'NONE',  ( -3.255466068777540301, 3.000000000001113776, -139.8145822224212509 ) ) ;
#7170 = CARTESIAN_POINT ( 'NONE',  ( 20.11528662676384016, 3.000000000000000444, -128.5069837203128316 ) ) ;
#7171 = VECTOR ( 'NONE', #3136, 1000.000000000000000 ) ;
#7172 = EDGE_LOOP ( 'NONE', ( #397, #7319 ) ) ;
#7173 = CARTESIAN_POINT ( 'NONE',  ( 28.28608812172146258, 3.000000000000001332, -116.1079541596700722 ) ) ;
#7174 = CARTESIAN_POINT ( 'NONE',  ( 10.94692771724490932, 0.000000000000000000, -7.145716921159080748 ) ) ;
#7175 = CARTESIAN_POINT ( 'NONE',  ( 15.15359115724240091, 26.49999999999999645, -88.60696622072433115 ) ) ;
#7176 = CARTESIAN_POINT ( 'NONE',  ( 2.209032131150562517, 32.50000000000002132, -120.9020588834127068 ) ) ;
#7177 = AXIS2_PLACEMENT_3D ( 'NONE', #6549, #3696, #3574 ) ;
#7178 = EDGE_CURVE ( 'NONE', #617, #1251, #5433, .T. ) ;
#7179 = CARTESIAN_POINT ( 'NONE',  ( 2.172915618252848624, 31.31963542613090112, -12.01318221412192777 ) ) ;
#7180 = CARTESIAN_POINT ( 'NONE',  ( -23.99643220801719679, 26.91693742185905691, -58.74838421568891533 ) ) ;
#7181 = CARTESIAN_POINT ( 'NONE',  ( 8.645978027430832038E-05, 0.000000000000000000, 4.689895577349147082 ) ) ;
#7182 = ORIENTED_EDGE ( 'NONE', *, *, #5138, .T. ) ;
#7183 = CARTESIAN_POINT ( 'NONE',  ( -11.43570127611737242, 26.50000000000000355, -109.7129747214478073 ) ) ;
#7184 = CARTESIAN_POINT ( 'NONE',  ( -26.92580473736419933, 1.653224930699771883E-28, -53.52532064981834026 ) ) ;
#7185 = CARTESIAN_POINT ( 'NONE',  ( -17.44168393819546736, 32.50280482179149288, -85.15000000000063096 ) ) ;
#7186 = CARTESIAN_POINT ( 'NONE',  ( -5.499999999999998224, 0.000000000000000000, -94.80960127224460621 ) ) ;
#7187 = CARTESIAN_POINT ( 'NONE',  ( 25.41075391754503698, -0.000000000000000000, -81.89557013514439632 ) ) ;
#7188 = CARTESIAN_POINT ( 'NONE',  ( 18.72579921559414018, 32.62225429997473469, -90.48221103149201383 ) ) ;
#7189 = DIRECTION ( 'NONE',  ( 1.000000000000000000, -0.000000000000000000, -0.000000000000000000 ) ) ;
#7190 = CARTESIAN_POINT ( 'NONE',  ( -2.197984577854687149, 32.57407517693908261, -120.8269831465702850 ) ) ;
#7191 = CARTESIAN_POINT ( 'NONE',  ( 15.24209003971686549, 25.00000000000626699, -88.98141696739673989 ) ) ;
#7192 = CARTESIAN_POINT ( 'NONE',  ( -1.403188551753369095, 32.50000000000000000, -117.7577527335970728 ) ) ;
#7193 = CARTESIAN_POINT ( 'NONE',  ( 15.55678786671420433, 26.50000000000045830, -99.03795775122733858 ) ) ;
#7194 = DIRECTION ( 'NONE',  ( -1.000000000000000000, -0.000000000000000000, -0.000000000000000000 ) ) ;
#7195 = CARTESIAN_POINT ( 'NONE',  ( 26.24525081073522514, 9.409201167790215229E-13, -126.2220076168444791 ) ) ;
#7196 = CARTESIAN_POINT ( 'NONE',  ( -4.384434980873874890E-15, 32.96617196830882790, -69.16144693996223225 ) ) ;
#7197 = CARTESIAN_POINT ( 'NONE',  ( -4.289894972984821031, 32.80909055493363979, -69.75201281514853235 ) ) ;
#7198 = CARTESIAN_POINT ( 'NONE',  ( 26.77564365753692144, 7.327883865694468035, -73.00779995401796896 ) ) ;
#7199 = CARTESIAN_POINT ( 'NONE',  ( -11.91909947242486822, 2.999999999999998668, -137.3873376958612482 ) ) ;
#7200 = EDGE_LOOP ( 'NONE', ( #2656, #2270, #79, #7249 ) ) ;
#7201 = CARTESIAN_POINT ( 'NONE',  ( 5.307209901043912659, 26.49999999999999645, -116.1373685701502154 ) ) ;
#7202 = CARTESIAN_POINT ( 'NONE',  ( -0.5646742373704959350, 26.50000000000000355, -71.73478972478770288 ) ) ;
#7203 = CARTESIAN_POINT ( 'NONE',  ( -16.22355311436632874, 3.000000000000000444, -12.03584624217912946 ) ) ;
#7204 = CARTESIAN_POINT ( 'NONE',  ( -23.69745859045053038, 0.000000000000000000, -72.68746528942541829 ) ) ;
#7205 = EDGE_LOOP ( 'NONE', ( #341, #5932 ) ) ;
#7206 = CARTESIAN_POINT ( 'NONE',  ( -6.403589140678857206, 24.99999999999998934, -113.4420442047307773 ) ) ;
#7207 = CARTESIAN_POINT ( 'NONE',  ( -18.93823974781060926, 32.85540623251096548, -92.79677731954511444 ) ) ;
#7208 = CARTESIAN_POINT ( 'NONE',  ( 25.62228627464201836, 0.000000000000000000, -30.94730944197966949 ) ) ;
#7209 = CARTESIAN_POINT ( 'NONE',  ( -4.157019874861219932, 0.000000000000000000, -136.6358446947777168 ) ) ;
#7210 = CARTESIAN_POINT ( 'NONE',  ( -15.67101441218716396, 25.00000000000000355, -91.33368140310717820 ) ) ;
#7211 = ORIENTED_EDGE ( 'NONE', *, *, #2437, .T. ) ;
#7212 = CARTESIAN_POINT ( 'NONE',  ( -5.204170427930421283E-15, 2.999999999999999112, -140.0000000000000000 ) ) ;
#7213 = CARTESIAN_POINT ( 'NONE',  ( 12.72897118215619905, 3.000000000000000000, -4.731959395196954965 ) ) ;
#7214 = FACE_BOUND ( 'NONE', #7078, .T. ) ;
#7215 = CARTESIAN_POINT ( 'NONE',  ( -15.54691252865178974, 7.388876099513109530, -135.7187381080320847 ) ) ;
#7216 = CARTESIAN_POINT ( 'NONE',  ( 12.47689776346125790, 32.79171553755361401, -76.29901520835221618 ) ) ;
#7217 = CARTESIAN_POINT ( 'NONE',  ( -21.02946522541624574, 19.84540383135184172, -78.25404808632529807 ) ) ;
#7218 = CARTESIAN_POINT ( 'NONE',  ( -22.78531629306431228, 22.66634868242021383, -85.15000000000063096 ) ) ;
#7219 = VERTEX_POINT ( 'NONE', #1838 ) ;
#7220 = CARTESIAN_POINT ( 'NONE',  ( -5.288749783225556556, 26.50000000000000355, -116.1492580288135201 ) ) ;
#7221 = CARTESIAN_POINT ( 'NONE',  ( -25.98195924893057907, 2.999999999999636291, -63.17879004914667007 ) ) ;
#7222 = CARTESIAN_POINT ( 'NONE',  ( 26.22579485261779553, 16.29803912753770234, -85.31347543960225721 ) ) ;
#7223 = CARTESIAN_POINT ( 'NONE',  ( 23.53125721885385957, 0.000000000000000000, -71.47217714112322540 ) ) ;
#7224 = CARTESIAN_POINT ( 'NONE',  ( 18.55985865261729728, 32.50000000000001421, -89.31875224738354291 ) ) ;
#7225 = CARTESIAN_POINT ( 'NONE',  ( 15.75269153488211415, 2.999999999999999112, -11.45868774328403816 ) ) ;
#7226 = EDGE_CURVE ( 'NONE', #5505, #2743, #7636, .T. ) ;
#7227 = CARTESIAN_POINT ( 'NONE',  ( 0.7294219422062182545, 32.64783209368568606, -120.9079320014491259 ) ) ;
#7228 = CARTESIAN_POINT ( 'NONE',  ( 15.71529893175850745, 25.00000000000000000, -91.65493576818647625 ) ) ;
#7229 = CARTESIAN_POINT ( 'NONE',  ( 4.000000000000000000, 5.000000000000000000, -83.33717174866055188 ) ) ;
#7230 = EDGE_CURVE ( 'NONE', #4351, #4892, #5382, .T. ) ;
#7231 = CARTESIAN_POINT ( 'NONE',  ( 14.15771173473235400, 25.00000000000000000, -98.27393154204747816 ) ) ;
#7232 = FACE_OUTER_BOUND ( 'NONE', #2556, .T. ) ;
#7233 = CARTESIAN_POINT ( 'NONE',  ( 32.03680924686587872, -1.857686816754595111E-12, -99.51964726467427624 ) ) ;
#7234 = CARTESIAN_POINT ( 'NONE',  ( 8.337911189162937831, 31.19084577703518235, -14.27372773029598996 ) ) ;
#7235 = CARTESIAN_POINT ( 'NONE',  ( 21.80236160226158404, 25.17282316027619160, -104.3500000000004917 ) ) ;
#7236 = CARTESIAN_POINT ( 'NONE',  ( 27.55955123354201319, 7.332971851831574739, -77.45786897163918638 ) ) ;
#7237 = CARTESIAN_POINT ( 'NONE',  ( 3.888673749258444001, 6.505213034913026604E-16, -136.6775359458687831 ) ) ;
#7238 = VERTEX_POINT ( 'NONE', #941 ) ;
#7239 = CARTESIAN_POINT ( 'NONE',  ( -10.13474688830863890, 26.49999999999999289, -111.5644583016085960 ) ) ;
#7240 = CARTESIAN_POINT ( 'NONE',  ( 2.230544959825343287, 26.50000000000000355, -72.04276008957501176 ) ) ;
#7241 = CARTESIAN_POINT ( 'NONE',  ( -15.70644778113995343, 26.50000000000000355, -98.02837392870620192 ) ) ;
#7242 = CARTESIAN_POINT ( 'NONE',  ( -24.00482743088921112, -0.000000000000000000, -74.71389393237674881 ) ) ;
#7243 = VERTEX_POINT ( 'NONE', #5108 ) ;
#7244 = DIRECTION ( 'NONE',  ( 0.7071067811865494601, -0.7071067811865455743, 0.000000000000000000 ) ) ;
#7245 = CARTESIAN_POINT ( 'NONE',  ( -19.95476130085174660, 18.71938115178853934, -67.97527118507903765 ) ) ;
#7246 = CARTESIAN_POINT ( 'NONE',  ( 26.06013126466121932, 0.000000000000000000, -35.87828526312762989 ) ) ;
#7247 = CARTESIAN_POINT ( 'NONE',  ( -24.86853704227091910, 2.197319020740762626E-12, -127.8890472699687706 ) ) ;
#7248 = CARTESIAN_POINT ( 'NONE',  ( -15.71559221214813995, 25.00000000000000355, -91.65650310698852365 ) ) ;
#7249 = ORIENTED_EDGE ( 'NONE', *, *, #1031, .F. ) ;
#7250 = CARTESIAN_POINT ( 'NONE',  ( -27.69510515272700957, 7.500076884212655060, -78.21326490529997955 ) ) ;
#7251 = CARTESIAN_POINT ( 'NONE',  ( 28.71347895058019972, 3.000000000000000000, -114.5252459130267511 ) ) ;
#7252 = CARTESIAN_POINT ( 'NONE',  ( -0.7293317770900229480, 32.64783209368568606, -120.9079320014491401 ) ) ;
#7253 = B_SPLINE_CURVE_WITH_KNOTS ( 'NONE', 3,
 ( #3675, #4173, #4296, #611, #6647, #5331, #4220, #6570, #7199, #779, #6028, #65, #6523, #2503, #6072, #1237, #3129, #3717, #2966, #3598, #29, #2382, #7114, #5951, #653, #5370, #6215, #2690, #6808, #4447, #7389, #2655, #7464, #6766, #379, #3831, #6107, #3905, #6251, #2121, #1544, #5099, #6143, #2733, #1471, #5645, #2155, #2048, #2079, #4521, #1510, #6180, #3869, #966, #4373, #929, #5061, #3278, #336, #7429, #5023, #894, #5573, #224, #6843, #4487, #6879, #4949, #3317, #5683, #3755, #853, #817, #3241, #3163, #2577, #5530, #7313, #2013, #6727, #1435, #3792, #3203, #266, #2616, #4987 ),
 .UNSPECIFIED., .F., .F.,
 ( 4, 2, 2, 2, 2, 2, 2, 2, 2, 2, 2, 2, 2, 2, 2, 2, 2, 2, 2, 2, 2, 2, 2, 2, 2, 2, 2, 2, 2, 2, 2, 2, 2, 2, 2, 2, 2, 2, 2, 2, 2, 2, 4 ),
 ( 0.000000000000000000, 0.002638042783197269790, 0.005276085566394539579, 0.01055217113278907916, 0.01319021391598634851, 0.01582825669918361960, 0.02110434226557815832, 0.02374238504877543288, 0.02638042783197270744, 0.03165651339836724615, 0.03693259896476182302, 0.03825162035636047592, 0.03957064174795913575, 0.04220868453115639990, 0.04748477009755092820, 0.05012281288074822011, 0.05276085566394550508, 0.05803694123034008195, 0.06331302679673465883, 0.07386519792952381258, 0.08441736906231295245, 0.09496954019510210621, 0.09760758297829937036, 0.1002456257614966623, 0.1055217113278912322, 0.1107977968942858160, 0.1160738824606803860, 0.1213499680270749698, 0.1239880108102722339, 0.1253070322018708938, 0.1266260535934695119, 0.1292640963766668316, 0.1319021391598641513, 0.1371782247262587628, 0.1398162675094560548, 0.1424543102926533744, 0.1477303958590479860, 0.1503684386422452779, 0.1530064814254425976, 0.1582825669918372091, 0.1609206097750345010, 0.1635586525582318207, 0.1688347381246264323 ),
 .UNSPECIFIED. ) ;
#7254 = CARTESIAN_POINT ( 'NONE',  ( 14.63698916398180394, 32.49999999999999289, -79.04601574437066347 ) ) ;
#7255 = CARTESIAN_POINT ( 'NONE',  ( -27.68644961466835852, 7.499999999999992006, -26.47950246192864654 ) ) ;
#7256 = CARTESIAN_POINT ( 'NONE',  ( -19.67121748816497728, 28.13667933574964408, -85.15000000000063096 ) ) ;
#7257 = VERTEX_POINT ( 'NONE', #4498 ) ;
#7258 = CARTESIAN_POINT ( 'NONE',  ( -12.02273050691615808, 26.50000000000000355, -108.7545194821630758 ) ) ;
#7259 = DIRECTION ( 'NONE',  ( -0.000000000000000000, -1.000000000000000000, -0.000000000000000000 ) ) ;
#7260 = CARTESIAN_POINT ( 'NONE',  ( 25.39669048719273192, -0.000000000000000000, -81.83040778511812618 ) ) ;
#7261 = CARTESIAN_POINT ( 'NONE',  ( 18.67687360400666208, 32.86676289992417566, -90.63220873971438607 ) ) ;
#7262 = CARTESIAN_POINT ( 'NONE',  ( -0.06415488111519630776, -1.301042606982605321E-15, -2.993045490212414173 ) ) ;
#7263 = CARTESIAN_POINT ( 'NONE',  ( -6.289008555530460676, 32.57586539052141461, -119.2133015750337108 ) ) ;
#7264 = CARTESIAN_POINT ( 'NONE',  ( 0.5150477850385688505, 25.00000000000000000, -73.23301766330828855 ) ) ;
#7265 = CARTESIAN_POINT ( 'NONE',  ( -4.315750746048045094, 32.50000000000000000, -116.7087058308010512 ) ) ;
#7266 = CARTESIAN_POINT ( 'NONE',  ( 15.67992997211699269, 26.50000000000000355, -98.22095680261398343 ) ) ;
#7267 = CARTESIAN_POINT ( 'NONE',  ( 24.15792990714607669, 7.499830695281989534, -18.14893719692308593 ) ) ;
#7268 = CARTESIAN_POINT ( 'NONE',  ( 24.39031093388074467, 0.000000000000000000, -123.6968446339119652 ) ) ;
#7269 = CARTESIAN_POINT ( 'NONE',  ( 14.80786099561540148, 6.794569312262875194, -5.827361174277487343 ) ) ;
#7270 = LINE ( 'NONE', #3827, #255 ) ;
#7271 = EDGE_CURVE ( 'NONE', #2289, #1436, #1381, .T. ) ;
#7272 = CARTESIAN_POINT ( 'NONE',  ( 28.69909214995165669, 7.339029735326092485, -82.75802169266542307 ) ) ;
#7273 = CARTESIAN_POINT ( 'NONE',  ( 1.327708182048015602E-15, 4.336808689942017736E-16, -137.0000000000000000 ) ) ;
#7274 = VERTEX_POINT ( 'NONE', #3951 ) ;
#7275 = CARTESIAN_POINT ( 'NONE',  ( -1.086627914431326003, 26.50000000000000711, -117.8241345245136245 ) ) ;
#7276 = CARTESIAN_POINT ( 'NONE',  ( 4.562600905131620088, 26.50000000000000355, -73.04493931501897919 ) ) ;
#7277 = CARTESIAN_POINT ( 'NONE',  ( -15.83655199973248173, 3.000000000000000444, -11.60114222816685547 ) ) ;
#7278 = CARTESIAN_POINT ( 'NONE',  ( -23.12664259518484755, -0.000000000000000000, -67.46404945585830149 ) ) ;
#7279 = ORIENTED_EDGE ( 'NONE', *, *, #6806, .T. ) ;
#7280 = SPHERICAL_SURFACE ( 'NONE', #1106, 1.500000000000000000 ) ;
#7281 = CARTESIAN_POINT ( 'NONE',  ( -14.49338056693218135, 32.92362455883435501, -79.44160312858156203 ) ) ;
#7282 = AXIS2_PLACEMENT_3D ( 'NONE', #5231, #7453, #2252 ) ;
#7283 = CARTESIAN_POINT ( 'NONE',  ( 24.62897379124859754, -0.000000000000000000, -26.83016954880163851 ) ) ;
#7284 = CARTESIAN_POINT ( 'NONE',  ( -5.419271296943929173, 0.000000000000000000, -136.3834403816856309 ) ) ;
#7285 = CARTESIAN_POINT ( 'NONE',  ( 3.450446695130167551, 0.000000000000000000, -136.7605980409628614 ) ) ;
#7286 = EDGE_LOOP ( 'NONE', ( #3731, #3638 ) ) ;
#7287 = CARTESIAN_POINT ( 'NONE',  ( -32.51462390192271101, 7.499589389727600697, -109.1054281238507855 ) ) ;
#7288 = AXIS2_PLACEMENT_3D ( 'NONE', #7039, #4676, #7622 ) ;
#7289 = CIRCLE ( 'NONE', #239, 4.000000000000003553 ) ;
#7290 = FACE_OUTER_BOUND ( 'NONE', #5214, .T. ) ;
#7291 = CARTESIAN_POINT ( 'NONE',  ( -32.78441880899556082, 7.100802477890472808, -109.4763281930003416 ) ) ;
#7292 = CARTESIAN_POINT ( 'NONE',  ( 18.18746447831832214, 18.23539326634444180, -63.02657473700531909 ) ) ;
#7293 = CARTESIAN_POINT ( 'NONE',  ( -24.08867193896712777, 29.05866158645070030, -39.21002479984925770 ) ) ;
#7294 = ORIENTED_EDGE ( 'NONE', *, *, #4660, .F. ) ;
#7295 = CARTESIAN_POINT ( 'NONE',  ( -7.921953441366466286, 32.50000000000000000, -75.57267737628426119 ) ) ;
#7296 = CARTESIAN_POINT ( 'NONE',  ( -16.54092145447238948, 3.000000000000000000, -7.943034481696691351 ) ) ;
#7297 = LINE ( 'NONE', #6314, #4079 ) ;
#7298 = CARTESIAN_POINT ( 'NONE',  ( 25.44157409984102713, -0.000000000000000000, -44.08878354355125850 ) ) ;
#7299 = AXIS2_PLACEMENT_3D ( 'NONE', #5967, #1254, #669 ) ;
#7300 = CARTESIAN_POINT ( 'NONE',  ( 31.96398891146289856, 7.500000000000000888, -98.70353608843649340 ) ) ;
#7301 = CARTESIAN_POINT ( 'NONE',  ( -3.894409153209664964, 2.999999999999997335, -3.532571313460046714 ) ) ;
#7302 = VECTOR ( 'NONE', #4819, 1000.000000000000000 ) ;
#7303 = CARTESIAN_POINT ( 'NONE',  ( -13.89103626338688002, 32.75982001604703697, -111.4448724753927991 ) ) ;
#7304 = CARTESIAN_POINT ( 'NONE',  ( 3.381637960488324879, 25.00000000000000355, -72.46535726221921436 ) ) ;
#7305 = FACE_OUTER_BOUND ( 'NONE', #2924, .T. ) ;
#7306 = CARTESIAN_POINT ( 'NONE',  ( 14.19402986347503592, 25.00000000000000000, -98.01577184425239864 ) ) ;
#7307 = CARTESIAN_POINT ( 'NONE',  ( 26.90710803659489869, 7.500105280235130678, -53.63642073904968299 ) ) ;
#7308 = CARTESIAN_POINT ( 'NONE',  ( 31.66794818112294152, -3.713433696224736856E-13, -115.1353428949863087 ) ) ;
#7309 = CARTESIAN_POINT ( 'NONE',  ( 11.92279658796536168, 31.01435625790402284, -16.94677623776530240 ) ) ;
#7310 = PLANE ( 'NONE',  #1115 ) ;
#7311 = EDGE_CURVE ( 'NONE', #1341, #71, #5580, .T. ) ;
#7312 = CARTESIAN_POINT ( 'NONE',  ( 16.90676810098944571, 32.78846343336503111, -105.6305608362160484 ) ) ;
#7313 = CARTESIAN_POINT ( 'NONE',  ( -17.00702555065597110, 3.000000000000001332, -8.421448998236096273 ) ) ;
#7314 = EDGE_LOOP ( 'NONE', ( #2174, #3322, #1873, #2424 ) ) ;
#7315 = CARTESIAN_POINT ( 'NONE',  ( 6.673940568749981317, 26.50000000000000000, -115.1480970411280538 ) ) ;
#7316 = CARTESIAN_POINT ( 'NONE',  ( 27.02499643441694133, 16.97185410811665918, -93.24646388377978212 ) ) ;
#7317 = CARTESIAN_POINT ( 'NONE',  ( -13.73523377645505228, 26.50000000000000355, -105.3157232449316183 ) ) ;
#7318 = CARTESIAN_POINT ( 'NONE',  ( -26.49986823401301805, -0.000000000000000000, -86.80415501706742987 ) ) ;
#7319 = ORIENTED_EDGE ( 'NONE', *, *, #4761, .T. ) ;
#7320 = CARTESIAN_POINT ( 'NONE',  ( -22.02499643441694843, 38.11000187309952025, -85.15000000000063096 ) ) ;
#7321 = EDGE_CURVE ( 'NONE', #5343, #2383, #210, .T. ) ;
#7322 = CARTESIAN_POINT ( 'NONE',  ( -23.99643220801719679, 26.91693742185905691, -58.74838421568891533 ) ) ;
#7323 = EDGE_CURVE ( 'NONE', #930, #617, #4586, .T. ) ;
#7324 = LINE ( 'NONE', #1552, #4927 ) ;
#7325 = EDGE_CURVE ( 'NONE', #3331, #6662, #5102, .T. ) ;
#7326 = CARTESIAN_POINT ( 'NONE',  ( -14.10128395967598713, 0.000000000000000000, -132.9141266969684239 ) ) ;
#7327 = CARTESIAN_POINT ( 'NONE',  ( 4.309152038446223187, 3.000000000000000444, -136.6194095029238156 ) ) ;
#7328 = ORIENTED_EDGE ( 'NONE', *, *, #6223, .F. ) ;
#7329 = CARTESIAN_POINT ( 'NONE',  ( -25.98074886651911442, 7.498903485196724894, -64.10179343149691533 ) ) ;
#7330 = EDGE_CURVE ( 'NONE', #2578, #2104, #3224, .T. ) ;
#7331 = CARTESIAN_POINT ( 'NONE',  ( 14.92982456783338918, 25.18915972809484671, -91.41457712498136345 ) ) ;
#7332 = CARTESIAN_POINT ( 'NONE',  ( 15.67499646065027541, 25.00000000000000000, -98.25668410583796231 ) ) ;
#7333 = CARTESIAN_POINT ( 'NONE',  ( -16.05868539246933224, 18.85088939886459514, -131.3470504760116739 ) ) ;
#7334 = EDGE_CURVE ( 'NONE', #5233, #3575, #623, .T. ) ;
#7335 = CARTESIAN_POINT ( 'NONE',  ( 14.54152567878434432, 32.78241637255623431, -79.31021695940533789 ) ) ;
#7336 = CARTESIAN_POINT ( 'NONE',  ( -26.53945704893957469, 7.499999999999997335, -23.05312998145585723 ) ) ;
#7337 = ORIENTED_EDGE ( 'NONE', *, *, #1148, .F. ) ;
#7338 = DIRECTION ( 'NONE',  ( 1.000000000000000000, -0.000000000000000000, -0.000000000000000000 ) ) ;
#7339 = CARTESIAN_POINT ( 'NONE',  ( -26.88649339800976534, -5.568315681529206553E-13, -24.12804268097626448 ) ) ;
#7340 = CARTESIAN_POINT ( 'NONE',  ( -20.14398588905737597, 2.999999999999999556, -128.4468955204986287 ) ) ;
#7341 = CARTESIAN_POINT ( 'NONE',  ( 24.24405886733742221, 0.000000000000000000, -51.38256824687751845 ) ) ;
#7342 = CARTESIAN_POINT ( 'NONE',  ( 29.86805352702539196, 7.499999999999995559, -88.07472001714390331 ) ) ;
#7343 = CARTESIAN_POINT ( 'NONE',  ( -9.360837107483472863, 3.000000000000000000, -6.045013414160476550 ) ) ;
#7344 = CARTESIAN_POINT ( 'NONE',  ( -30.34210052142122649, 7.128277603030879206, -120.0666996232844639 ) ) ;
#7345 = CARTESIAN_POINT ( 'NONE',  ( 9.814923195795818955, 25.00000000000000355, -77.64933882706563395 ) ) ;
#7346 = DIRECTION ( 'NONE',  ( 0.000000000000000000, -1.000000000000000000, 0.000000000000000000 ) ) ;
#7347 = CARTESIAN_POINT ( 'NONE',  ( 22.02499643441695198, 38.11000187309952025, -102.8500000000004775 ) ) ;
#7348 = CARTESIAN_POINT ( 'NONE',  ( -0.4294677324743739755, 6.071532165918824830E-15, -136.9969517011771529 ) ) ;
#7349 = CARTESIAN_POINT ( 'NONE',  ( -26.91297104389668959, 2.999999999999999556, -119.5271667743927821 ) ) ;
#7350 = DIRECTION ( 'NONE',  ( 0.000000000000000000, 0.000000000000000000, 1.000000000000000000 ) ) ;
#7351 = CARTESIAN_POINT ( 'NONE',  ( 28.95637698492148004, 6.853240152406486096, -31.55185252425790665 ) ) ;
#7352 = CARTESIAN_POINT ( 'NONE',  ( 17.96703936323128659, 31.38532535811888735, -104.3500000000004633 ) ) ;
#7353 = CARTESIAN_POINT ( 'NONE',  ( 18.23306374651047079, 32.80994599635353381, -101.4642785130267413 ) ) ;
#7354 = DIRECTION ( 'NONE',  ( -1.000000000000000000, -0.000000000000000000, -0.000000000000000000 ) ) ;
#7355 = VERTEX_POINT ( 'NONE', #6331 ) ;
#7356 = CARTESIAN_POINT ( 'NONE',  ( 27.02499643441695198, 18.05741892623128209, -100.0847401061336654 ) ) ;
#7357 = CARTESIAN_POINT ( 'NONE',  ( -13.09607097879772120, 25.00000000000000000, -102.7908781533013922 ) ) ;
#7358 = CARTESIAN_POINT ( 'NONE',  ( -29.36073064598619098, -0.000000000000000000, -110.9719347853930458 ) ) ;
#7359 = VERTEX_POINT ( 'NONE', #4054 ) ;
#7360 = DIRECTION ( 'NONE',  ( 0.000000000000000000, 0.000000000000000000, 1.000000000000000000 ) ) ;
#7361 = CARTESIAN_POINT ( 'NONE',  ( 28.42452151465174381, 2.999999999999256595, -44.55900973853994884 ) ) ;
#7362 = CARTESIAN_POINT ( 'NONE',  ( -17.01911437968935914, 32.63315222515745262, -84.11192051530323965 ) ) ;
#7363 = DIRECTION ( 'NONE',  ( 0.000000000000000000, 0.000000000000000000, 1.000000000000000000 ) ) ;
#7364 = CARTESIAN_POINT ( 'NONE',  ( -26.64215798673190960, -4.398541169302469836E-12, -125.7596871666345493 ) ) ;
#7365 = CARTESIAN_POINT ( 'NONE',  ( 28.14866942271052963, 2.999999999999999556, -116.5029734916193291 ) ) ;
#7366 = EDGE_LOOP ( 'NONE', ( #1484, #4970, #3774, #3205, #4843 ) ) ;
#7367 = CARTESIAN_POINT ( 'NONE',  ( 8.645978027430832038E-05, 3.000000000000000000, 4.689895577349147082 ) ) ;
#7368 = DIRECTION ( 'NONE',  ( 0.000000000000000000, 0.000000000000000000, -1.000000000000000000 ) ) ;
#7369 = CARTESIAN_POINT ( 'NONE',  ( -19.30047092733849112, 19.14662859308436182, -128.0907908548988132 ) ) ;
#7370 = EDGE_CURVE ( 'NONE', #1949, #2324, #1738, .T. ) ;
#7371 = CARTESIAN_POINT ( 'NONE',  ( 13.29429622749377238, 32.93221758402978594, -77.61888914139491646 ) ) ;
#7372 = CARTESIAN_POINT ( 'NONE',  ( -28.35977338783194668, 7.500000000000008882, -29.10501269108130273 ) ) ;
#7373 = ORIENTED_EDGE ( 'NONE', *, *, #3290, .F. ) ;
#7374 = CARTESIAN_POINT ( 'NONE',  ( 11.12868003812430828, 32.50000000000000000, -79.43775794003438762 ) ) ;
#7375 = CARTESIAN_POINT ( 'NONE',  ( -25.86776120121727729, -1.301042606982605321E-15, -32.60583631854838416 ) ) ;
#7376 = CARTESIAN_POINT ( 'NONE',  ( -9.722308559237239578, 3.000000000000000000, -135.0426207547853892 ) ) ;
#7377 = CARTESIAN_POINT ( 'NONE',  ( 24.73703086956440345, 0.000000000000000000, -48.49474712747350935 ) ) ;
#7378 = CARTESIAN_POINT ( 'NONE',  ( 32.67251873952543662, 7.223660546406058813, -104.0540918938288684 ) ) ;
#7379 = ADVANCED_FACE ( 'NONE', ( #1074 ), #7577, .F. ) ;
#7380 = CARTESIAN_POINT ( 'NONE',  ( -7.110761590702364465, 3.000000000000000000, -4.778662637513770406 ) ) ;
#7381 = CARTESIAN_POINT ( 'NONE',  ( -16.19787478155121363, 32.50000000000002132, -107.6497076479365091 ) ) ;
#7382 = CARTESIAN_POINT ( 'NONE',  ( 10.49539067975589646, 25.00000000000000355, -78.53475953283620470 ) ) ;
#7383 = CARTESIAN_POINT ( 'NONE',  ( 22.02499643441695554, 37.23132221665916575, -104.3500000000004775 ) ) ;
#7384 = CARTESIAN_POINT ( 'NONE',  ( 21.20498960032272251, 7.499621196399126610, -13.41811423925707913 ) ) ;
#7385 = DIRECTION ( 'NONE',  ( 0.000000000000000000, 0.000000000000000000, -1.000000000000000000 ) ) ;
#7386 = CYLINDRICAL_SURFACE ( 'NONE', #2711, 1.500000000000001332 ) ;
#7387 = CARTESIAN_POINT ( 'NONE',  ( 24.08881938155211699, 29.05866158645062214, -39.20895499014557828 ) ) ;
#7388 = CARTESIAN_POINT ( 'NONE',  ( 21.65331912464741393, 23.31357337872558588, -108.0739233386526195 ) ) ;
#7389 = CARTESIAN_POINT ( 'NONE',  ( -32.50443228342911794, 3.000000000000000000, -109.2825834548631434 ) ) ;
#7390 = ORIENTED_EDGE ( 'NONE', *, *, #5661, .F. ) ;
#7391 = DIRECTION ( 'NONE',  ( 1.000000000000000000, 0.000000000000000000, 0.000000000000000000 ) ) ;
#7392 = CARTESIAN_POINT ( 'NONE',  ( -15.67104318270585139, 25.00000000000000000, -98.28480292689589248 ) ) ;
#7393 = CARTESIAN_POINT ( 'NONE',  ( -29.07442884413671536, -0.000000000000000000, -100.1079996504894183 ) ) ;
#7394 = VERTEX_POINT ( 'NONE', #1042 ) ;
#7395 = CARTESIAN_POINT ( 'NONE',  ( 24.07636519248379514, 2.999999999998512301, -17.94482501335995650 ) ) ;
#7396 = CARTESIAN_POINT ( 'NONE',  ( -29.21977736176322082, 7.075298050639134750, -35.23718878799285648 ) ) ;
#7397 = CARTESIAN_POINT ( 'NONE',  ( 2.922653796806853777, 2.999999999999996447, -139.8469767210592352 ) ) ;
#7398 = CARTESIAN_POINT ( 'NONE',  ( -22.04640798867787765, -2.602085213965210642E-15, -126.5378995858661426 ) ) ;
#7399 =( NAMED_UNIT ( * ) SI_UNIT ( $, .STERADIAN. ) SOLID_ANGLE_UNIT ( ) );
#7400 = EDGE_LOOP ( 'NONE', ( #1333, #6200, #3964, #41 ) ) ;
#7401 = CARTESIAN_POINT ( 'NONE',  ( -11.70255113695559146, 7.499881523214062540, -137.4726096511899698 ) ) ;
#7402 = CARTESIAN_POINT ( 'NONE',  ( -1.167942957516580949, 26.49999999999998934, -71.80760992149568267 ) ) ;
#7403 = CARTESIAN_POINT ( 'NONE',  ( 22.02499643441695198, 50.10999999999987864, -93.50000055789237763 ) ) ;
#7404 = CARTESIAN_POINT ( 'NONE',  ( -27.46003559076879696, 7.500000000000007105, -124.7885460234383288 ) ) ;
#7405 = CARTESIAN_POINT ( 'NONE',  ( 26.22809951848849153, 7.499999999999992895, -58.64896384752199765 ) ) ;
#7406 = MECHANICAL_DESIGN_GEOMETRIC_PRESENTATION_REPRESENTATION (  '', ( #3703 ), #5168 ) ;
#7407 = CARTESIAN_POINT ( 'NONE',  ( -24.58064037488534481, 27.77076509549360139, -51.36339579172758363 ) ) ;
#7408 = AXIS2_PLACEMENT_3D ( 'NONE', #1153, #3509, #564 ) ;
#7409 = ORIENTED_EDGE ( 'NONE', *, *, #4624, .F. ) ;
#7410 = CARTESIAN_POINT ( 'NONE',  ( -2.769479455703179216, 32.50000000000000000, -72.21742911386542119 ) ) ;
#7411 = CARTESIAN_POINT ( 'NONE',  ( -24.06859826780348399, -1.301042606982605321E-15, -25.15975597205253322 ) ) ;
#7412 = CARTESIAN_POINT ( 'NONE',  ( -5.647299571026320741, 3.000000000000000444, -136.3283667863657911 ) ) ;
#7413 = CARTESIAN_POINT ( 'NONE',  ( 25.49432995322248985, 0.000000000000000000, -43.71279419509667008 ) ) ;
#7414 = CARTESIAN_POINT ( 'NONE',  ( 17.77582744262067393, 32.49999999999996447, -103.5209656029956733 ) ) ;
#7415 = EDGE_CURVE ( 'NONE', #6119, #2582, #5844, .T. ) ;
#7416 = CIRCLE ( 'NONE', #1367, 1.174999999999995381 ) ;
#7417 = AXIS2_PLACEMENT_3D ( 'NONE', #5461, #6078, #6149 ) ;
#7418 = CARTESIAN_POINT ( 'NONE',  ( -4.728008653125093552, -1.301042606982605321E-15, -3.791944014985098477 ) ) ;
#7419 = CARTESIAN_POINT ( 'NONE',  ( -26.99474688429167202, 21.85598121109788750, -101.0693423902454100 ) ) ;
#7420 = CARTESIAN_POINT ( 'NONE',  ( 6.414920811962690372, 26.50000000000000711, -74.27604370203953010 ) ) ;
#7421 = VECTOR ( 'NONE', #7259, 1000.000000000000000 ) ;
#7422 = EDGE_CURVE ( 'NONE', #823, #858, #4633, .T. ) ;
#7423 = CYLINDRICAL_SURFACE ( 'NONE', #4071, 1.499999999999999556 ) ;
#7424 = CARTESIAN_POINT ( 'NONE',  ( 15.71559221214800672, 25.00000000000000000, -97.96269943930802526 ) ) ;
#7425 = CARTESIAN_POINT ( 'NONE',  ( 28.82849060371360039, 7.500535549291177162, -32.09107492552630703 ) ) ;
#7426 = CARTESIAN_POINT ( 'NONE',  ( -15.67499646296582938, 32.50000000000000000, -98.25617004468698212 ) ) ;
#7427 = CARTESIAN_POINT ( 'NONE',  ( 22.93672998431128462, 29.51658033879093423, -34.52543989935708879 ) ) ;
#7428 = CARTESIAN_POINT ( 'NONE',  ( 31.05690877255787541, 7.350811603224838287, -93.34157596953913583 ) ) ;
#7429 = CARTESIAN_POINT ( 'NONE',  ( -29.00796541690866448, 3.000000000000001776, -34.27177606342418414 ) ) ;
#7430 = ORIENTED_EDGE ( 'NONE', *, *, #6036, .F. ) ;
#7431 = CARTESIAN_POINT ( 'NONE',  ( -8.310521483979462332, 25.00000000000000711, -111.4363328991497895 ) ) ;
#7432 = CARTESIAN_POINT ( 'NONE',  ( -26.14808874620587176, 0.000000000000000000, -85.23484849909964112 ) ) ;
#7433 = ORIENTED_EDGE ( 'NONE', *, *, #177, .T. ) ;
#7434 = CARTESIAN_POINT ( 'NONE',  ( 29.09443668634932578, 3.000000000000000000, -35.57868050897920398 ) ) ;
#7435 = CARTESIAN_POINT ( 'NONE',  ( -26.53945704893957469, 7.499999999999997335, -23.05312998145585723 ) ) ;
#7436 = B_SPLINE_SURFACE_WITH_KNOTS ( 'NONE', 3, 1, ( 
 ( #6563, #2495 ),
 ( #3039, #6640 ),
 ( #4868, #2411 ),
 ( #1226, #3629 ),
 ( #684, #5403 ),
 ( #5361, #6020 ),
 ( #3590, #727 ) ),
 .UNSPECIFIED., .F., .F., .F.,
 ( 4, 1, 1, 1, 4 ),
 ( 2, 2 ),
 ( 0.000000000000000000, 0.1075193812779160485, 0.2794017125449324013, 0.3766046858881265669, 0.4999999999999998890 ),
 ( 0.000000000000000000, 1.000000000000000000 ),
 .UNSPECIFIED. ) ;
#7437 = CARTESIAN_POINT ( 'NONE',  ( 17.34999643441695127, 32.50000000000000000, -104.3500000000004775 ) ) ;
#7438 = CARTESIAN_POINT ( 'NONE',  ( -27.58914994578145752, -1.301042606982605321E-15, -118.0490860936686488 ) ) ;
#7439 = CARTESIAN_POINT ( 'NONE',  ( 26.48417566743527019, 3.000000000000000444, -120.4678597383980900 ) ) ;
#7440 = CARTESIAN_POINT ( 'NONE',  ( -25.66424145605937568, -0.000000000000000000, -42.40893071539170478 ) ) ;
#7441 = EDGE_LOOP ( 'NONE', ( #7015, #488, #4448, #1321 ) ) ;
#7442 = CARTESIAN_POINT ( 'NONE',  ( -15.67499646296582938, 25.00000000000000000, -98.25617004468698212 ) ) ;
#7443 = CYLINDRICAL_SURFACE ( 'NONE', #5694, 1.174999999999995381 ) ;
#7444 = DIRECTION ( 'NONE',  ( 0.000000000000000000, 0.000000000000000000, -1.000000000000000000 ) ) ;
#7445 = CARTESIAN_POINT ( 'NONE',  ( -21.00487722840827942, 23.62966719607565835, -111.1283633177550314 ) ) ;
#7446 = CARTESIAN_POINT ( 'NONE',  ( 18.24724910240020037, 32.87794054597912918, -88.49296091707242340 ) ) ;
#7447 = CARTESIAN_POINT ( 'NONE',  ( -12.42934352763970018, 32.93757330633038549, -76.44849873093430404 ) ) ;
#7448 = EDGE_LOOP ( 'NONE', ( #3723, #2851 ) ) ;
#7449 = CARTESIAN_POINT ( 'NONE',  ( -5.288943222090622953, 32.50000000000000000, -73.46976873089828075 ) ) ;
#7450 = CARTESIAN_POINT ( 'NONE',  ( -1.198820286278911906, -9.513882018518145932E-14, -0.03595220060247537180 ) ) ;
#7451 = CARTESIAN_POINT ( 'NONE',  ( -22.02499643441695198, 50.10999999999998522, -85.15000000000063096 ) ) ;
#7452 = CARTESIAN_POINT ( 'NONE',  ( 27.10846809554764292, 21.31697267969730092, -105.9689134225818350 ) ) ;
#7453 = DIRECTION ( 'NONE',  ( 1.000000000000000000, -0.000000000000000000, -0.000000000000000000 ) ) ;
#7454 = CARTESIAN_POINT ( 'NONE',  ( -19.10593628985245473, 32.50000000000001421, -95.17783837151563375 ) ) ;
#7455 = CARTESIAN_POINT ( 'NONE',  ( -15.55678786702411287, 25.00000000000001066, -90.58124479589642419 ) ) ;
#7456 = CARTESIAN_POINT ( 'NONE',  ( 3.061453216935959620, 26.49999999999999289, -117.2826570128754469 ) ) ;
#7457 = CARTESIAN_POINT ( 'NONE',  ( -5.144625279453639344, -8.673617379884035472E-16, -3.953539861321416105 ) ) ;
#7458 = CARTESIAN_POINT ( 'NONE',  ( -14.17499646935699786, 26.50000000000000355, -117.8846757848337177 ) ) ;
#7459 = CARTESIAN_POINT ( 'NONE',  ( 12.00054749495390460, 0.000000000000000000, -134.0799038591227657 ) ) ;
#7460 = CARTESIAN_POINT ( 'NONE',  ( 20.25712858078400203, 30.13190866224822884, -27.90306276164099586 ) ) ;
#7461 = EDGE_CURVE ( 'NONE', #2158, #6091, #1136, .T. ) ;
#7462 = CARTESIAN_POINT ( 'NONE',  ( 24.38021998137443802, 19.89074656563737875, -120.1787015103018916 ) ) ;
#7463 = EDGE_CURVE ( 'NONE', #3718, #6312, #7545, .T. ) ;
#7464 = CARTESIAN_POINT ( 'NONE',  ( -32.56661601655826388, 2.999999999999998224, -106.6546021152923345 ) ) ;
#7465 = CARTESIAN_POINT ( 'NONE',  ( 14.72164016707566248, 26.50000000000000355, -86.97975950363445463 ) ) ;
#7466 = CARTESIAN_POINT ( 'NONE',  ( -14.18066030331601546, 25.00000000000000000, -98.11168887168398101 ) ) ;
#7467 = CARTESIAN_POINT ( 'NONE',  ( -27.91478048093713227, 0.000000000000000000, -93.33788761217593333 ) ) ;
#7468 = ORIENTED_EDGE ( 'NONE', *, *, #4248, .F. ) ;
#7469 = CARTESIAN_POINT ( 'NONE',  ( 23.65398524774829170, 1.301042606982605321E-15, -24.00736559860857255 ) ) ;
#7470 = CARTESIAN_POINT ( 'NONE',  ( -12.57042944735973222, 32.50000000000000711, -75.99799679235944438 ) ) ;
#7471 = EDGE_CURVE ( 'NONE', #5592, #2578, #6919, .T. ) ;
#7472 = CARTESIAN_POINT ( 'NONE',  ( -14.16736870918049007, 32.50000000000000000, -75.78770682973444650 ) ) ;
#7473 = CARTESIAN_POINT ( 'NONE',  ( -31.60676347784717422, 2.999999999998528732, -115.5839940179525200 ) ) ;
#7474 = CARTESIAN_POINT ( 'NONE',  ( 28.00801302545213645, 1.734723475976807094E-15, -116.9144750564717583 ) ) ;
#7475 = DIRECTION ( 'NONE',  ( -0.7071067811865499042, 0.7071067811865453523, 3.271025955591184751E-15 ) ) ;
#7476 = ORIENTED_EDGE ( 'NONE', *, *, #6986, .T. ) ;
#7477 = CARTESIAN_POINT ( 'NONE',  ( -27.80852473891708598, 7.500034984505995261, -26.98323653048877802 ) ) ;
#7478 = DIRECTION ( 'NONE',  ( 0.000000000000000000, 0.000000000000000000, -1.000000000000000000 ) ) ;
#7479 = CARTESIAN_POINT ( 'NONE',  ( -24.20197295953451899, 24.71161343055344872, -77.16395148616297206 ) ) ;
#7480 = CARTESIAN_POINT ( 'NONE',  ( 27.60053473001797641, 7.301982836265231036, -49.66479900371418665 ) ) ;
#7481 = CARTESIAN_POINT ( 'NONE',  ( -11.26572761363202702, 32.94376446163610694, -75.05145350229297208 ) ) ;
#7482 = ORIENTED_EDGE ( 'NONE', *, *, #6979, .F. ) ;
#7483 = CARTESIAN_POINT ( 'NONE',  ( 25.80429879068801213, 3.000000000000000000, -121.5918506541123207 ) ) ;
#7484 = CARTESIAN_POINT ( 'NONE',  ( -8.921062953317933975, 1.861702782466768468E-13, -2.327713343603164287 ) ) ;
#7485 = CARTESIAN_POINT ( 'NONE',  ( 4.000000000000000000, 5.000000000000000000, -83.33717174866055188 ) ) ;
#7486 = CARTESIAN_POINT ( 'NONE',  ( 8.122725863928646817, 32.57735723517336623, -117.9892312304696702 ) ) ;
#7487 = DIRECTION ( 'NONE',  ( 1.000000000000000000, 0.000000000000000000, 0.000000000000000000 ) ) ;
#7488 = CARTESIAN_POINT ( 'NONE',  ( -25.36728184342845083, 23.59702646739178533, -86.30338842778184016 ) ) ;
#7489 = CARTESIAN_POINT ( 'NONE',  ( 15.67499646065027541, 26.50000000000000355, -98.25668410583796231 ) ) ;
#7490 = CARTESIAN_POINT ( 'NONE',  ( 5.190737422853389127, 25.00000000000000000, -75.22411803373607597 ) ) ;
#7491 = CARTESIAN_POINT ( 'NONE',  ( -22.02499643441695198, 9.117047592042126780, -104.3500000000004775 ) ) ;
#7492 = CARTESIAN_POINT ( 'NONE',  ( 27.65055788206891307, 7.499080221582243411, -124.2645836074922414 ) ) ;
#7493 = CARTESIAN_POINT ( 'NONE',  ( 18.90238941194406408, 3.000000000000001776, -133.3448466652577906 ) ) ;
#7494 = CARTESIAN_POINT ( 'NONE',  ( 27.82834253798784374, 6.839502589836265578, -26.23610251593990483 ) ) ;
#7495 = CARTESIAN_POINT ( 'NONE',  ( 20.04530841134564767, 7.386491106011382257, -132.6644115231458159 ) ) ;
#7496 = CARTESIAN_POINT ( 'NONE',  ( -22.02499643441695198, 38.11000187309952025, -102.8500000000004775 ) ) ;
#7497 = DIRECTION ( 'NONE',  ( 3.350742134735898859E-10, -0.000000000000000000, 1.000000000000000000 ) ) ;
#7498 = CARTESIAN_POINT ( 'NONE',  ( 1.328899699698057102, 26.50000000000090949, -117.7891705813544689 ) ) ;
#7499 = CARTESIAN_POINT ( 'NONE',  ( -2.213223908991424960, -3.469446951953614189E-15, -3.158929253992213582 ) ) ;
#7500 = ORIENTED_EDGE ( 'NONE', *, *, #4957, .T. ) ;
#7501 =( BOUNDED_CURVE ( )  B_SPLINE_CURVE ( 3, ( #7347, #2041, #7383, #5676 ),
 .UNSPECIFIED., .F., .F. ) 
 B_SPLINE_CURVE_WITH_KNOTS ( ( 4, 4 ),
 ( 0.000000000000000000, 1.570796326794893449 ),
 .UNSPECIFIED. ) 
 CURVE ( )  GEOMETRIC_REPRESENTATION_ITEM ( )  RATIONAL_B_SPLINE_CURVE ( ( 1.000000000000000000, 0.8047378541243658256, 0.8047378541243658256, 1.000000000000000000 ) ) 
 REPRESENTATION_ITEM ( '' )  );
#7502 = CARTESIAN_POINT ( 'NONE',  ( -18.63863776050087750, 7.034482861845470225, -9.782319569490688593 ) ) ;
#7503 = EDGE_CURVE ( 'NONE', #5145, #6370, #756, .T. ) ;
#7504 = CARTESIAN_POINT ( 'NONE',  ( 22.02499643441695198, 50.10999999999998522, -102.9249981269010163 ) ) ;
#7505 = CARTESIAN_POINT ( 'NONE',  ( -25.66692698291905828, 1.301042606982605321E-15, -83.09255688049009336 ) ) ;
#7506 = FACE_OUTER_BOUND ( 'NONE', #1080, .T. ) ;
#7507 = CARTESIAN_POINT ( 'NONE',  ( -24.48220927596154084, -0.000000000000000000, -49.98176326988038198 ) ) ;
#7508 = VERTEX_POINT ( 'NONE', #2498 ) ;
#7509 = CARTESIAN_POINT ( 'NONE',  ( -3.110836732147402195, 7.500234490127162701, -0.2897512735759017466 ) ) ;
#7510 = CYLINDRICAL_SURFACE ( 'NONE', #370, 1.500000000000001332 ) ;
#7511 = FACE_BOUND ( 'NONE', #6809, .T. ) ;
#7512 = CARTESIAN_POINT ( 'NONE',  ( -18.23298199103645700, 32.80994599635353381, -101.4646796931500745 ) ) ;
#7513 = CARTESIAN_POINT ( 'NONE',  ( 24.58106436558314556, 27.77076509549348415, -51.36259038723365222 ) ) ;
#7514 = CARTESIAN_POINT ( 'NONE',  ( -12.57042944735973222, 32.50000000000000711, -75.99799679235944438 ) ) ;
#7515 = ORIENTED_EDGE ( 'NONE', *, *, #1888, .T. ) ;
#7516 = CARTESIAN_POINT ( 'NONE',  ( 13.54211852957803863, 3.000000000000000444, -133.2218167669288107 ) ) ;
#7517 = DIRECTION ( 'NONE',  ( 0.000000000000000000, 0.000000000000000000, 1.000000000000000000 ) ) ;
#7518 = DIRECTION ( 'NONE',  ( -1.000000000000000000, -0.000000000000000000, -0.000000000000000000 ) ) ;
#7519 = CARTESIAN_POINT ( 'NONE',  ( 12.80504206946046608, 32.50000000000002842, -113.3359384477504364 ) ) ;
#7520 = AXIS2_PLACEMENT_3D ( 'NONE', #2810, #7117, #3987 ) ;
#7521 = CARTESIAN_POINT ( 'NONE',  ( -0.0001116011747425956283, 7.500000000000000000, 7.848517678142363130E-15 ) ) ;
#7522 = CARTESIAN_POINT ( 'NONE',  ( -18.31053880017516988, 32.60331533211783750, -101.4122674213309807 ) ) ;
#7523 = CARTESIAN_POINT ( 'NONE',  ( 5.288943192736171639, 32.50000000000000000, -116.1494338271615021 ) ) ;
#7524 = CARTESIAN_POINT ( 'NONE',  ( -22.02499643441695198, 43.11000187309952025, -94.75000000000055422 ) ) ;
#7525 = CARTESIAN_POINT ( 'NONE',  ( 4.000000000000002665, 5.055033703639462139, -91.72059380289829278 ) ) ;
#7526 = CARTESIAN_POINT ( 'NONE',  ( 27.33510918944794454, 7.499733658148318938, -76.62288745405767543 ) ) ;
#7527 = CARTESIAN_POINT ( 'NONE',  ( -1.072134746347307432, 3.000000000000003109, -136.9759189638354258 ) ) ;
#7528 = CARTESIAN_POINT ( 'NONE',  ( 29.53281406210745885, -0.000000000000000000, -105.1258080757121007 ) ) ;
#7529 = CIRCLE ( 'NONE', #3582, 1.174999999999995381 ) ;
#7530 = CARTESIAN_POINT ( 'NONE',  ( 24.54160830466432230, 28.73509746804348097, -42.41276322152145895 ) ) ;
#7531 = AXIS2_PLACEMENT_3D ( 'NONE', #5626, #317, #2991 ) ;
#7532 = EDGE_CURVE ( 'NONE', #876, #4260, #2701, .T. ) ;
#7533 = CIRCLE ( 'NONE', #3838, 1.174999999999995381 ) ;
#7534 = CARTESIAN_POINT ( 'NONE',  ( 10.66576682045627855, 7.281281989408891597, -138.1047646510547793 ) ) ;
#7535 = AXIS2_PLACEMENT_3D ( 'NONE', #3690, #2931, #1830 ) ;
#7536 = CARTESIAN_POINT ( 'NONE',  ( 0.6915365556898587229, 25.00000000000369482, -117.8827136634418764 ) ) ;
#7537 = CARTESIAN_POINT ( 'NONE',  ( 22.59835923428466842, 8.673617379884035472E-16, -21.69391643588995677 ) ) ;
#7538 = ORIENTED_EDGE ( 'NONE', *, *, #7503, .F. ) ;
#7539 = CARTESIAN_POINT ( 'NONE',  ( 26.48395005810340308, 5.933127869502847817E-12, -56.45235923394833577 ) ) ;
#7540 = VECTOR ( 'NONE', #1711, 1000.000000000000114 ) ;
#7541 = CARTESIAN_POINT ( 'NONE',  ( -13.43772068784080531, 32.49999999999999289, -77.18906109300303342 ) ) ;
#7542 = CIRCLE ( 'NONE', #596, 9.599999999999928590 ) ;
#7543 = EDGE_CURVE ( 'NONE', #1170, #780, #7109, .T. ) ;
#7544 = CARTESIAN_POINT ( 'NONE',  ( -27.02499643441693067, 17.52441910325820373, -95.96798817181525010 ) ) ;
#7545 = CIRCLE ( 'NONE', #5934, 40.60695121568846844 ) ;
#7546 = ORIENTED_EDGE ( 'NONE', *, *, #5471, .T. ) ;
#7547 = CARTESIAN_POINT ( 'NONE',  ( -31.60676347830546007, 3.706460950089881357E-13, -115.5839940181036809 ) ) ;
#7548 = CARTESIAN_POINT ( 'NONE',  ( -13.54924005400089726, 32.50000000000000000, -83.86817105950923690 ) ) ;
#7549 = CARTESIAN_POINT ( 'NONE',  ( -3.808549582263674793, 3.000000000000000000, -3.533107701851877724 ) ) ;
#7550 = CARTESIAN_POINT ( 'NONE',  ( -23.66636772888094953, -0.000000000000000000, -55.05524887710657111 ) ) ;
#7551 = VERTEX_POINT ( 'NONE', #7149 ) ;
#7552 = CARTESIAN_POINT ( 'NONE',  ( -6.153830646376290403, 7.499982021770406959, -1.112151322604770121 ) ) ;
#7553 = DIRECTION ( 'NONE',  ( 1.000000000000000000, 0.000000000000000000, -0.000000000000000000 ) ) ;
#7554 = CARTESIAN_POINT ( 'NONE',  ( -19.03080460419949205, 32.50000000000002132, -97.01902386787058674 ) ) ;
#7555 = B_SPLINE_CURVE_WITH_KNOTS ( 'NONE', 3,
 ( #1885, #3222, #5937, #639, #678 ),
 .UNSPECIFIED., .F., .F.,
 ( 4, 1, 4 ),
 ( 0.000000000000000000, 5.134603069872918223E-06, 1.026920613974583645E-05 ),
 .UNSPECIFIED. ) ;
#7556 = ADVANCED_FACE ( 'NONE', ( #7232 ), #4290, .F. ) ;
#7557 = CARTESIAN_POINT ( 'NONE',  ( 28.45564261458237354, 6.891877047135168688, -45.09259111900698258 ) ) ;
#7558 = CARTESIAN_POINT ( 'NONE',  ( -21.93184111920839285, 7.270198822864919030, -14.18099622118720404 ) ) ;
#7559 = EDGE_LOOP ( 'NONE', ( #5646, #5578, #1860, #2879 ) ) ;
#7560 = CARTESIAN_POINT ( 'NONE',  ( 4.057999880493873057, 3.000000000000000444, -136.6501315327594739 ) ) ;
#7561 = CARTESIAN_POINT ( 'NONE',  ( -10.82368014000701528, 1.301042606982605321E-15, -7.055236253851495221 ) ) ;
#7562 = CARTESIAN_POINT ( 'NONE',  ( 18.84999643441695127, 50.10999999999998522, -104.3500000000004775 ) ) ;
#7563 = CARTESIAN_POINT ( 'NONE',  ( 13.89148712085936488, 32.75982001604702276, -111.4441520625033206 ) ) ;
#7564 = CARTESIAN_POINT ( 'NONE',  ( -26.59386523805467917, 18.83127701342495186, -103.9177063215889945 ) ) ;
#7565 = CARTESIAN_POINT ( 'NONE',  ( -21.36159971226969390, 20.77042136927465066, -86.16682572240353011 ) ) ;
#7566 = ORIENTED_EDGE ( 'NONE', *, *, #2389, .T. ) ;
#7567 = CARTESIAN_POINT ( 'NONE',  ( 7.921953419926776263, 26.50000000000000355, -114.0465251846855494 ) ) ;
#7568 = CARTESIAN_POINT ( 'NONE',  ( 22.02499643441695198, 38.11000187309952025, -85.15000000000063096 ) ) ;
#7569 = CARTESIAN_POINT ( 'NONE',  ( -14.37002606729392262, 25.00000000000005329, -91.45329684115583291 ) ) ;
#7570 = CARTESIAN_POINT ( 'NONE',  ( 25.99863898510473348, 7.498040852430269076, -64.76485862823868445 ) ) ;
#7571 = CARTESIAN_POINT ( 'NONE',  ( 29.14548302165782800, -0.000000000000000000, -112.3938261185049896 ) ) ;
#7572 = CARTESIAN_POINT ( 'NONE',  ( 17.01933245761733815, 32.63315222515741709, -84.11250680911695099 ) ) ;
#7573 = CARTESIAN_POINT ( 'NONE',  ( 3.277419951940034881, 25.16582406544051764, -128.3392006954126430 ) ) ;
#7574 = CYLINDRICAL_SURFACE ( 'NONE', #4322, 1.499999999999999556 ) ;
#7575 = DIRECTION ( 'NONE',  ( -3.350742134735898859E-10, 0.000000000000000000, -1.000000000000000000 ) ) ;
#7576 = CARTESIAN_POINT ( 'NONE',  ( 2.546348485817004015, 25.00000000000272493, -117.4839626540889128 ) ) ;
#7577 = CYLINDRICAL_SURFACE ( 'NONE', #1619, 1.174999999999995381 ) ;
#7578 = ORIENTED_EDGE ( 'NONE', *, *, #846, .F. ) ;
#7579 = CARTESIAN_POINT ( 'NONE',  ( 28.97063402810096377, 2.999999999998506528, -84.09408537118784466 ) ) ;
#7580 = CARTESIAN_POINT ( 'NONE',  ( -15.10009836893527435, 30.77585690772684046, -20.19098515718340536 ) ) ;
#7581 = UNCERTAINTY_MEASURE_WITH_UNIT (LENGTH_MEASURE( 1.000000000000000082E-05 ), #940, 'distance_accuracy_value', 'NONE');
#7582 = CARTESIAN_POINT ( 'NONE',  ( -27.02499643441695909, 18.05688906173549313, -100.0844821331057233 ) ) ;
#7583 = ORIENTED_EDGE ( 'NONE', *, *, #6887, .F. ) ;
#7584 = CARTESIAN_POINT ( 'NONE',  ( -25.80910215104651328, 17.18502250885090987, -85.17001082150352431 ) ) ;
#7585 = CARTESIAN_POINT ( 'NONE',  ( -7.921953441366466286, 32.50000000000000000, -75.57267737628426119 ) ) ;
#7586 = CARTESIAN_POINT ( 'NONE',  ( -6.445573603858209211, 3.000000000000000000, -4.479822370298932377 ) ) ;
#7587 = CARTESIAN_POINT ( 'NONE',  ( -25.49611684389066824, -0.000000000000000000, -43.71667596439704795 ) ) ;
#7588 = ORIENTED_EDGE ( 'NONE', *, *, #4804, .T. ) ;
#7589 = DIRECTION ( 'NONE',  ( -1.000000000000000000, 0.000000000000000000, 3.256064876940132405E-10 ) ) ;
#7590 = CARTESIAN_POINT ( 'NONE',  ( -18.84999643441695127, 50.10999999999998522, -86.57500187310009210 ) ) ;
#7591 = CARTESIAN_POINT ( 'NONE',  ( -18.97357006484097042, 32.72166845832767024, -97.10990867144528238 ) ) ;
#7592 = CARTESIAN_POINT ( 'NONE',  ( -4.310134838474428243, 32.65454527746682345, -69.55838736373510756 ) ) ;
#7593 = CARTESIAN_POINT ( 'NONE',  ( -6.197834666625445799, 24.99999999999634781, -74.10186699614142469 ) ) ;
#7594 = ORIENTED_EDGE ( 'NONE', *, *, #3914, .F. ) ;
#7595 = CARTESIAN_POINT ( 'NONE',  ( 24.24297961237635946, 3.000000000000000000, -123.8782709595838440 ) ) ;
#7596 = DIRECTION ( 'NONE',  ( -1.000000000000000000, 0.000000000000000000, 0.000000000000000000 ) ) ;
#7597 = CARTESIAN_POINT ( 'NONE',  ( 4.961483519286548294, 0.1000000000000000472, -83.33717174866055188 ) ) ;
#7598 = CARTESIAN_POINT ( 'NONE',  ( 9.854460668436166415, 32.49999999999998579, -116.6270549283001401 ) ) ;
#7599 = EDGE_CURVE ( 'NONE', #3371, #6583, #885, .T. ) ;
#7600 = CARTESIAN_POINT ( 'NONE',  ( 4.000000000000001776, 1.500000000000000000, -94.80960127224460621 ) ) ;
#7601 = CARTESIAN_POINT ( 'NONE',  ( -26.02820919867655292, 23.00077809194866418, -91.24204294166565887 ) ) ;
#7602 = VERTEX_POINT ( 'NONE', #6067 ) ;
#7603 = CARTESIAN_POINT ( 'NONE',  ( 5.288943192736171639, 26.50000000000000355, -116.1494338271615021 ) ) ;
#7604 = CARTESIAN_POINT ( 'NONE',  ( 6.403589104418063727, 25.00000000000000711, -76.17715829157259577 ) ) ;
#7605 = EDGE_CURVE ( 'NONE', #3331, #5882, #4206, .T. ) ;
#7606 = CARTESIAN_POINT ( 'NONE',  ( 22.02499643441695198, 38.11000187309952025, -86.65000000000063096 ) ) ;
#7607 = CARTESIAN_POINT ( 'NONE',  ( 32.11610301945931667, 7.499923891800917453, -100.2382654332985794 ) ) ;
#7608 = CARTESIAN_POINT ( 'NONE',  ( -21.82332780794292049, 2.999999999999997780, -126.7769346882308668 ) ) ;
#7609 = CARTESIAN_POINT ( 'NONE',  ( 26.51351424877349316, 0.000000000000000000, -86.86324655901708525 ) ) ;
#7610 = CARTESIAN_POINT ( 'NONE',  ( 16.19817015374716362, 32.50000000000000711, -81.97013838886557835 ) ) ;
#7611 = CARTESIAN_POINT ( 'NONE',  ( 20.00583242259285655, 7.500000000000028422, -132.6513741224163425 ) ) ;
#7612 = DIRECTION ( 'NONE',  ( -1.512080307323490847E-16, 0.000000000000000000, 1.000000000000000000 ) ) ;
#7613 = CARTESIAN_POINT ( 'NONE',  ( 3.158408329845877687E-14, 0.000000000000000000, 4.336808689942003537E-15 ) ) ;
#7614 = CARTESIAN_POINT ( 'NONE',  ( -3.381638007475499919, 24.99999999999817746, -117.1538452509216626 ) ) ;
#7615 = DIRECTION ( 'NONE',  ( 0.000000000000000000, 0.000000000000000000, -1.000000000000000000 ) ) ;
#7616 = EDGE_LOOP ( 'NONE', ( #4963, #4857, #2930, #7120 ) ) ;
#7617 = CARTESIAN_POINT ( 'NONE',  ( 23.15525586675807901, -1.301042606982605321E-15, -59.45546543372097403 ) ) ;
#7618 = CARTESIAN_POINT ( 'NONE',  ( -4.384434980873874890E-15, 32.96617196830882790, -69.16144693996223225 ) ) ;
#7619 = DIRECTION ( 'NONE',  ( 0.000000000000000000, -1.000000000000000000, 0.000000000000000000 ) ) ;
#7620 = VERTEX_POINT ( 'NONE', #1895 ) ;
#7621 = CARTESIAN_POINT ( 'NONE',  ( 21.55234893501873827, 3.000000000000000888, -131.2489630008468851 ) ) ;
#7622 = DIRECTION ( 'NONE',  ( 0.000000000000000000, 0.000000000000000000, -1.000000000000000000 ) ) ;
#7623 = CARTESIAN_POINT ( 'NONE',  ( 10.94777726475197710, 3.000000000000000000, -7.150233732139618326 ) ) ;
#7624 = VERTEX_POINT ( 'NONE', #4213 ) ;
#7625 = CARTESIAN_POINT ( 'NONE',  ( -10.32352056635970605, 25.00000000000000000, -108.6941790641045031 ) ) ;
#7626 = CARTESIAN_POINT ( 'NONE',  ( 9.271696543712408811, 2.999999999999998668, -2.518540845368566039 ) ) ;
#7627 = CARTESIAN_POINT ( 'NONE',  ( -17.05710821708621694, 32.49999999999999289, -105.6124206866092834 ) ) ;
#7628 = CARTESIAN_POINT ( 'NONE',  ( -0.3969659444060994469, 3.000000000000002665, -140.0142842360116049 ) ) ;
#7629 = CARTESIAN_POINT ( 'NONE',  ( -11.74016100409694197, 26.50000000000363443, -80.35898863351155796 ) ) ;
#7630 = ORIENTED_EDGE ( 'NONE', *, *, #5522, .T. ) ;
#7631 = CARTESIAN_POINT ( 'NONE',  ( 17.62944057019229760, -1.111635975937572062E-12, -9.060854390793643631 ) ) ;
#7632 = CARTESIAN_POINT ( 'NONE',  ( 2.187572778226988035, 26.50000000000000000, -72.03057155321268112 ) ) ;
#7633 = CARTESIAN_POINT ( 'NONE',  ( 12.11041618330946790, 24.84086780461330335, -124.1886821083076740 ) ) ;
#7634 = CARTESIAN_POINT ( 'NONE',  ( 24.72961406886945213, 7.273680913377511104, -18.83597788152827945 ) ) ;
#7635 = CARTESIAN_POINT ( 'NONE',  ( -17.65591743691944160, 32.50000000000002842, -85.74925030782034696 ) ) ;
#7636 = LINE ( 'NONE', #673, #7302 ) ;
#7637 = VERTEX_POINT ( 'NONE', #5363 ) ;
#7638 = CARTESIAN_POINT ( 'NONE',  ( 12.03104647380409453, 26.49999999999999289, -108.7405490271562485 ) ) ;
#7639 = EDGE_CURVE ( 'NONE', #2383, #2167, #575, .T. ) ;
#7640 = CARTESIAN_POINT ( 'NONE',  ( 4.767151876117723397, 25.00000000000000355, -74.92351179466513145 ) ) ;
#7641 = EDGE_CURVE ( 'NONE', #6312, #7219, #1540, .T. ) ;
#7642 = DIRECTION ( 'NONE',  ( 0.7071067811865455743, 0.7071067811865493491, -0.000000000000000000 ) ) ;
#7643 = CARTESIAN_POINT ( 'NONE',  ( -0.2168935187788541830, 3.000000000000000000, -137.0000000000000000 ) ) ;
#7644 = CARTESIAN_POINT ( 'NONE',  ( 26.47871742656603189, 0.000000000000000000, -86.70816359197161205 ) ) ;
#7645 = CARTESIAN_POINT ( 'NONE',  ( 27.02306656026980036, 7.111661251562808594, -53.17315607795470100 ) ) ;
#7646 = CARTESIAN_POINT ( 'NONE',  ( 22.76829751493439247, 4.336808689942017736E-16, -22.05352943362345997 ) ) ;
#7647 = CARTESIAN_POINT ( 'NONE',  ( 27.45885283827012557, 7.500000000000018652, -124.7902361044354507 ) ) ;
#7648 = CARTESIAN_POINT ( 'NONE',  ( 15.67499646296015925, 32.50000000000000000, -91.36303240319273300 ) ) ;
#7649 = VECTOR ( 'NONE', #561, 1000.000000000000000 ) ;
#7650 = EDGE_CURVE ( 'NONE', #3536, #4622, #2960, .T. ) ;
#7651 = CARTESIAN_POINT ( 'NONE',  ( 15.67499646065027541, 32.50000000000000000, -98.25668410583796231 ) ) ;
#7652 = VECTOR ( 'NONE', #5296, 1000.000000000000114 ) ;
#7653 = CARTESIAN_POINT ( 'NONE',  ( -5.471221693627061455, 25.00000000000000355, -116.0205848580912686 ) ) ;
#7654 = CARTESIAN_POINT ( 'NONE',  ( 22.76829751132380864, 7.724560585205899331E-16, -22.05352942598296551 ) ) ;
#7655 = CARTESIAN_POINT ( 'NONE',  ( 26.58565660619676763, 33.54934170131972593, -86.65000000000063096 ) ) ;
#7656 = CARTESIAN_POINT ( 'NONE',  ( -2.562376416991374306, 32.50000000000001421, -68.82504757971555875 ) ) ;
#7657 = AXIS2_PLACEMENT_3D ( 'NONE', #6389, #4008, #5272 ) ;
#7658 = VECTOR ( 'NONE', #4515, 1000.000000000000000 ) ;
#7659 = DIRECTION ( 'NONE',  ( 1.000000000000000000, 0.000000000000000000, 0.000000000000000000 ) ) ;
#7660 = ORIENTED_EDGE ( 'NONE', *, *, #4212, .F. ) ;
#7661 = DIRECTION ( 'NONE',  ( 0.000000000000000000, 0.000000000000000000, -1.000000000000000000 ) ) ;
#7662 = CARTESIAN_POINT ( 'NONE',  ( -8.673617379884035472E-16, 3.000000000000000000, 6.071532165918818520E-15 ) ) ;
#7663 = CARTESIAN_POINT ( 'NONE',  ( 9.551673744779989761, 3.000000000000000000, -6.166165571578567928 ) ) ;
#7664 = CARTESIAN_POINT ( 'NONE',  ( -24.23100362338523439, -0.000000000000000000, -51.45969730636677752 ) ) ;
#7665 = ORIENTED_EDGE ( 'NONE', *, *, #1031, .T. ) ;
#7666 = CARTESIAN_POINT ( 'NONE',  ( -14.96433719918689320, 43.04934076476996552, -85.15000000000063096 ) ) ;
#7667 = AXIS2_PLACEMENT_3D ( 'NONE', #5155, #468, #991 ) ;
#7668 = CARTESIAN_POINT ( 'NONE',  ( 25.98385295389745053, 2.999999999999999112, -62.87887467889429161 ) ) ;
#7669 = CARTESIAN_POINT ( 'NONE',  ( -26.06469644695636489, 7.129429453151027829, -61.25284946963651578 ) ) ;
#7670 = VECTOR ( 'NONE', #2483, 1000.000000000000000 ) ;
ENDSEC;
END-ISO-10303-21;
