ISO-10303-21;
HEADER;
FILE_DESCRIPTION (( 'STEP AP214' ),
    '1' );
FILE_NAME ('Hip-pulley-housing-left.STEP',
    '2026-02-25T14:27:49',
    ( '' ),
    ( '' ),
    'SwSTEP 2.0',
    'SolidWorks 2025',
    '' );
FILE_SCHEMA (( 'AUTOMOTIVE_DESIGN' ));
ENDSEC;

DATA;
#1 = ORIENTED_EDGE ( 'NONE', *, *, #1936, .T. ) ;
#2 = AXIS2_PLACEMENT_3D ( 'NONE', #3435, #841, #878 ) ;
#3 = CARTESIAN_POINT ( 'NONE',  ( -28.64999999999999147, -24.11213394580208202, -24.54999999999999716 ) ) ;
#4 = AXIS2_PLACEMENT_3D ( 'NONE', #1528, #1549, #2403 ) ;
#5 = DIRECTION ( 'NONE',  ( -1.000000000000000000, 0.000000000000000000, 0.000000000000000000 ) ) ;
#6 = AXIS2_PLACEMENT_3D ( 'NONE', #2767, #181, #3356 ) ;
#7 = ORIENTED_EDGE ( 'NONE', *, *, #2520, .F. ) ;
#8 = VERTEX_POINT ( 'NONE', #2705 ) ;
#9 = EDGE_CURVE ( 'NONE', #3442, #2171, #915, .T. ) ;
#10 = VECTOR ( 'NONE', #973, 1000.000000000000000 ) ;
#11 = AXIS2_PLACEMENT_3D ( 'NONE', #2667, #42, #84 ) ;
#12 = CARTESIAN_POINT ( 'NONE',  ( -1.110223024625156540E-13, 6.349999999999999645, 1.350000000000138867 ) ) ;
#13 = DIRECTION ( 'NONE',  ( -0.000000000000000000, 1.000000000000000000, -0.000000000000000000 ) ) ;
#14 = EDGE_LOOP ( 'NONE', ( #886, #2635 ) ) ;
#15 = AXIS2_PLACEMENT_3D ( 'NONE', #2701, #2164, #2132 ) ;
#16 = ORIENTED_EDGE ( 'NONE', *, *, #2920, .T. ) ;
#17 = AXIS2_PLACEMENT_3D ( 'NONE', #735, #3660, #1879 ) ;
#18 = DIRECTION ( 'NONE',  ( -0.000000000000000000, 1.000000000000000000, -0.000000000000000000 ) ) ;
#19 = EDGE_CURVE ( 'NONE', #1796, #2644, #1525, .T. ) ;
#20 = DIRECTION ( 'NONE',  ( -1.000000000000000000, -7.779833121590977705E-17, 6.162975822039154730E-33 ) ) ;
#21 = EDGE_LOOP ( 'NONE', ( #1156, #3465, #2298, #1802 ) ) ;
#22 = CARTESIAN_POINT ( 'NONE',  ( 27.45000000000000284, -29.25000000000000000, -6.449999999999983302 ) ) ;
#23 = CARTESIAN_POINT ( 'NONE',  ( 0.000000000000000000, 6.349999999999999645, 0.000000000000000000 ) ) ;
#24 = DIRECTION ( 'NONE',  ( 0.000000000000000000, 0.000000000000000000, -1.000000000000000000 ) ) ;
#25 = ORIENTED_EDGE ( 'NONE', *, *, #1730, .F. ) ;
#26 = DIRECTION ( 'NONE',  ( 0.000000000000000000, 0.000000000000000000, 1.000000000000000000 ) ) ;
#27 = DIRECTION ( 'NONE',  ( 0.000000000000000000, 1.000000000000000000, 0.000000000000000000 ) ) ;
#28 = EDGE_CURVE ( 'NONE', #2651, #2160, #51, .T. ) ;
#29 = ORIENTED_EDGE ( 'NONE', *, *, #519, .T. ) ;
#30 = CARTESIAN_POINT ( 'NONE',  ( -6.500000000000024869, -27.11000000000000654, -4.199999999998461853 ) ) ;
#31 = CARTESIAN_POINT ( 'NONE',  ( 27.45000000000000284, -20.61213394580206781, 28.05000000000000071 ) ) ;
#32 = ORIENTED_EDGE ( 'NONE', *, *, #1451, .T. ) ;
#33 = VERTEX_POINT ( 'NONE', #1773 ) ;
#34 = DIRECTION ( 'NONE',  ( 1.916821520416359432E-16, 0.000000000000000000, 1.000000000000000000 ) ) ;
#35 = DIRECTION ( 'NONE',  ( 0.000000000000000000, -1.000000000000000000, 0.000000000000000000 ) ) ;
#36 = ORIENTED_EDGE ( 'NONE', *, *, #751, .T. ) ;
#37 = CARTESIAN_POINT ( 'NONE',  ( 31.44999999999999929, -26.95767651737898163, 4.335076018827155764 ) ) ;
#38 = FACE_BOUND ( 'NONE', #404, .T. ) ;
#39 = LINE ( 'NONE', #1140, #1999 ) ;
#40 = EDGE_LOOP ( 'NONE', ( #1863, #3478, #301, #1252 ) ) ;
#41 = PLANE ( 'NONE',  #1019 ) ;
#42 = DIRECTION ( 'NONE',  ( 0.000000000000000000, -1.000000000000000000, 0.000000000000000000 ) ) ;
#43 = CARTESIAN_POINT ( 'NONE',  ( -4.949497572825296565, -29.25000000000000000, -4.949999999999799449 ) ) ;
#44 = VERTEX_POINT ( 'NONE', #1471 ) ;
#45 = ADVANCED_FACE ( 'NONE', ( #2068 ), #692, .F. ) ;
#46 = CARTESIAN_POINT ( 'NONE',  ( -20.64999999999999503, -11.18106697290104101, 26.30000000000000071 ) ) ;
#47 = EDGE_CURVE ( 'NONE', #2171, #2421, #2810, .T. ) ;
#48 = PRODUCT_DEFINITION ( 'UNKNOWN', '', #2725, #2845 ) ;
#49 = CARTESIAN_POINT ( 'NONE',  ( -4.949497572825296565, 0.000000000000000000, -6.374999999999799272 ) ) ;
#50 = ORIENTED_EDGE ( 'NONE', *, *, #967, .F. ) ;
#51 = LINE ( 'NONE', #1793, #2090 ) ;
#52 = AXIS2_PLACEMENT_3D ( 'NONE', #476, #1621, #2495 ) ;
#53 = CYLINDRICAL_SURFACE ( 'NONE', #2230, 7.099999999999999645 ) ;
#54 = DIRECTION ( 'NONE',  ( 1.000000000000000000, 0.000000000000000000, 0.000000000000000000 ) ) ;
#55 = VERTEX_POINT ( 'NONE', #1190 ) ;
#56 = ADVANCED_FACE ( 'NONE', ( #367 ), #892, .F. ) ;
#57 = CARTESIAN_POINT ( 'NONE',  ( -4.950000000000338574, -29.25000000000000000, 4.949497572825494629 ) ) ;
#58 = LINE ( 'NONE', #993, #2060 ) ;
#59 = VERTEX_POINT ( 'NONE', #931 ) ;
#60 = EDGE_CURVE ( 'NONE', #3498, #1128, #2673, .T. ) ;
#61 = CARTESIAN_POINT ( 'NONE',  ( -13.35000000000002274, 0.000000000000000000, -24.55000000000000071 ) ) ;
#62 = CARTESIAN_POINT ( 'NONE',  ( 31.44999999999999929, -27.45767651737898518, -1.037918005908522456 ) ) ;
#63 = DIRECTION ( 'NONE',  ( 0.000000000000000000, -1.000000000000000000, 0.000000000000000000 ) ) ;
#64 = ORIENTED_EDGE ( 'NONE', *, *, #929, .F. ) ;
#65 = AXIS2_PLACEMENT_3D ( 'NONE', #227, #3135, #1368 ) ;
#66 = VECTOR ( 'NONE', #1116, 1000.000000000000000 ) ;
#67 = DIRECTION ( 'NONE',  ( 0.000000000000000000, 0.000000000000000000, 1.000000000000000000 ) ) ;
#68 =( NAMED_UNIT ( * ) PLANE_ANGLE_UNIT ( ) SI_UNIT ( $, .RADIAN. ) );
#69 = ORIENTED_EDGE ( 'NONE', *, *, #2513, .F. ) ;
#70 = ORIENTED_EDGE ( 'NONE', *, *, #2524, .F. ) ;
#71 = AXIS2_PLACEMENT_3D ( 'NONE', #1852, #1513, #3016 ) ;
#72 = AXIS2_PLACEMENT_3D ( 'NONE', #1290, #3605, #748 ) ;
#73 = CIRCLE ( 'NONE', #247, 3.000000000000001332 ) ;
#74 = DIRECTION ( 'NONE',  ( 1.000000000000000000, 9.745637505487680998E-17, 0.000000000000000000 ) ) ;
#76 = ADVANCED_FACE ( 'NONE', ( #1488 ), #3199, .F. ) ;
#75 = FACE_OUTER_BOUND ( 'NONE', #423, .T. ) ;
#77 = ORIENTED_EDGE ( 'NONE', *, *, #1170, .T. ) ;
#78 = CIRCLE ( 'NONE', #2784, 1.002293481871901371 ) ;
#79 = DIRECTION ( 'NONE',  ( -1.000000000000000000, 0.000000000000000000, 0.000000000000000000 ) ) ;
#80 = DIRECTION ( 'NONE',  ( 0.000000000000000000, 0.000000000000000000, 1.000000000000000000 ) ) ;
#81 = ORIENTED_EDGE ( 'NONE', *, *, #2689, .T. ) ;
#82 = ORIENTED_EDGE ( 'NONE', *, *, #1809, .F. ) ;
#83 = DIRECTION ( 'NONE',  ( 0.000000000000000000, 0.000000000000000000, -1.000000000000000000 ) ) ;
#84 = DIRECTION ( 'NONE',  ( 0.000000000000000000, 0.000000000000000000, -1.000000000000000000 ) ) ;
#85 = ORIENTED_EDGE ( 'NONE', *, *, #1281, .T. ) ;
#86 = DIRECTION ( 'NONE',  ( 0.000000000000000000, 0.000000000000000000, -1.000000000000000000 ) ) ;
#87 = FACE_OUTER_BOUND ( 'NONE', #2376, .T. ) ;
#88 = VERTEX_POINT ( 'NONE', #1816 ) ;
#89 = CARTESIAN_POINT ( 'NONE',  ( -4.949497572825296565, 0.000000000000000000, -1.949999999999799005 ) ) ;
#90 = EDGE_CURVE ( 'NONE', #3233, #59, #222, .T. ) ;
#91 = DIRECTION ( 'NONE',  ( -1.000000000000000000, 0.000000000000000000, 0.000000000000000000 ) ) ;
#92 = DIRECTION ( 'NONE',  ( 0.000000000000000000, 0.000000000000000000, 1.000000000000000000 ) ) ;
#93 = ORIENTED_EDGE ( 'NONE', *, *, #1143, .F. ) ;
#94 = LINE ( 'NONE', #2711, #362 ) ;
#95 = CARTESIAN_POINT ( 'NONE',  ( 0.000000000000000000, -24.11214999999997133, -24.55000000000000071 ) ) ;
#96 = ORIENTED_EDGE ( 'NONE', *, *, #3313, .T. ) ;
#97 = EDGE_LOOP ( 'NONE', ( #336, #2103 ) ) ;
#98 = DIRECTION ( 'NONE',  ( 0.000000000000000000, -1.000000000000000000, 0.000000000000000000 ) ) ;
#99 = DIRECTION ( 'NONE',  ( -0.000000000000000000, 1.000000000000000000, -0.000000000000000000 ) ) ;
#100 = ORIENTED_EDGE ( 'NONE', *, *, #3518, .T. ) ;
#101 = PLANE ( 'NONE',  #1797 ) ;
#102 = ORIENTED_EDGE ( 'NONE', *, *, #2447, .F. ) ;
#103 = CARTESIAN_POINT ( 'NONE',  ( -30.94999999999999929, 0.000000000000000000, 24.55000000000000071 ) ) ;
#104 = VECTOR ( 'NONE', #2950, 1000.000000000000000 ) ;
#105 = CARTESIAN_POINT ( 'NONE',  ( 27.44999999999999929, -39.25000000000000000, 24.55000000000000071 ) ) ;
#106 = DIRECTION ( 'NONE',  ( -1.000000000000000000, -0.000000000000000000, -0.000000000000000000 ) ) ;
#107 = ORIENTED_EDGE ( 'NONE', *, *, #2763, .F. ) ;
#108 = CIRCLE ( 'NONE', #282, 0.9997466849082959905 ) ;
#109 = PLANE ( 'NONE',  #296 ) ;
#110 = DIRECTION ( 'NONE',  ( 0.000000000000000000, -0.000000000000000000, -1.000000000000000000 ) ) ;
#111 = ORIENTED_EDGE ( 'NONE', *, *, #1158, .F. ) ;
#112 = ORIENTED_EDGE ( 'NONE', *, *, #3126, .T. ) ;
#113 = CARTESIAN_POINT ( 'NONE',  ( -28.64999999999999503, -21.57829488900632597, -34.30073859982388029 ) ) ;
#114 = DIRECTION ( 'NONE',  ( -1.000000000000000000, -7.779833121590977705E-17, 6.162975822039154730E-33 ) ) ;
#115 = CARTESIAN_POINT ( 'NONE',  ( -20.64999999999999503, -11.18106697290104101, 26.30000000000000071 ) ) ;
#116 = VECTOR ( 'NONE', #3554, 1000.000000000000000 ) ;
#117 = ADVANCED_FACE ( 'NONE', ( #2369 ), #3527, .F. ) ;
#118 = VERTEX_POINT ( 'NONE', #89 ) ;
#119 = CARTESIAN_POINT ( 'NONE',  ( -9.350000000000024514, -9.500338972710009600, -22.85972004506499999 ) ) ;
#120 = AXIS2_PLACEMENT_3D ( 'NONE', #2220, #3113, #1596 ) ;
#121 = FACE_OUTER_BOUND ( 'NONE', #290, .T. ) ;
#122 = CIRCLE ( 'NONE', #3200, 0.8750000000000007772 ) ;
#123 = DIRECTION ( 'NONE',  ( -1.000000000000000000, -7.779833121590977705E-17, 6.162975822039154730E-33 ) ) ;
#124 = ORIENTED_EDGE ( 'NONE', *, *, #3587, .T. ) ;
#125 = AXIS2_PLACEMENT_3D ( 'NONE', #2938, #2654, #989 ) ;
#126 = VECTOR ( 'NONE', #1398, 1000.000000000000000 ) ;
#127 = CIRCLE ( 'NONE', #2477, 1.350000000000000089 ) ;
#128 = EDGE_CURVE ( 'NONE', #1987, #212, #673, .T. ) ;
#129 = CARTESIAN_POINT ( 'NONE',  ( -9.350000000000024514, -4.500338972710011376, 22.86009492289630174 ) ) ;
#130 = CARTESIAN_POINT ( 'NONE',  ( -13.18333333333335844, -24.11214598645050344, -24.55000401354947215 ) ) ;
#131 = VERTEX_POINT ( 'NONE', #3561 ) ;
#132 = FACE_BOUND ( 'NONE', #1853, .T. ) ;
#133 = VERTEX_POINT ( 'NONE', #970 ) ;
#134 = AXIS2_PLACEMENT_3D ( 'NONE', #2221, #644, #1197 ) ;
#135 = EDGE_CURVE ( 'NONE', #326, #2875, #2122, .T. ) ;
#136 = CARTESIAN_POINT ( 'NONE',  ( 27.44999999999999929, 6.350000000000000533, -24.55000000000000071 ) ) ;
#137 = DIRECTION ( 'NONE',  ( 4.118684382124151538E-17, -0.4226182617406975539, 0.9063077870366509359 ) ) ;
#138 = EDGE_LOOP ( 'NONE', ( #1420, #1524, #1038, #3099 ) ) ;
#139 = FACE_OUTER_BOUND ( 'NONE', #3179, .T. ) ;
#140 = ORIENTED_EDGE ( 'NONE', *, *, #751, .F. ) ;
#141 = CARTESIAN_POINT ( 'NONE',  ( 0.000000000000000000, 0.000000000000000000, 24.55000000000000071 ) ) ;
#142 = DIRECTION ( 'NONE',  ( 0.000000000000000000, 0.000000000000000000, 1.000000000000000000 ) ) ;
#143 = CARTESIAN_POINT ( 'NONE',  ( 27.44999999999999929, -4.500338972710011376, 22.50000000000153122 ) ) ;
#144 = EDGE_LOOP ( 'NONE', ( #913, #2004, #1652, #515 ) ) ;
#145 = CARTESIAN_POINT ( 'NONE',  ( 4.950000000000001066, -4.500338972710011376, -4.949497572824772540 ) ) ;
#146 = DIRECTION ( 'NONE',  ( -1.000000000000000000, 0.000000000000000000, 0.000000000000000000 ) ) ;
#147 = ORIENTED_EDGE ( 'NONE', *, *, #3239, .T. ) ;
#148 = ADVANCED_FACE ( 'NONE', ( #1832, #2994, #400, #2423, #194, #1267 ), #2172, .T. ) ;
#149 = CARTESIAN_POINT ( 'NONE',  ( 0.000000000000000000, 0.000000000000000000, 0.000000000000000000 ) ) ;
#150 = EDGE_LOOP ( 'NONE', ( #2269, #3050 ) ) ;
#151 = DIRECTION ( 'NONE',  ( 0.000000000000000000, -1.000000000000000000, 0.000000000000000000 ) ) ;
#152 = CARTESIAN_POINT ( 'NONE',  ( 31.44999999999999929, -27.11000000000000654, -4.199999999998461853 ) ) ;
#153 = CARTESIAN_POINT ( 'NONE',  ( 31.44999999999999929, -51.62604593830443633, -12.49999999999999112 ) ) ;
#154 = VERTEX_POINT ( 'NONE', #1600 ) ;
#155 = DIRECTION ( 'NONE',  ( 0.000000000000000000, 0.3940327209102222339, -0.9190964121636460149 ) ) ;
#156 = LINE ( 'NONE', #1044, #1808 ) ;
#157 = DIRECTION ( 'NONE',  ( 1.000000000000000000, 0.000000000000000000, 0.000000000000000000 ) ) ;
#158 = ORIENTED_EDGE ( 'NONE', *, *, #2689, .F. ) ;
#159 = AXIS2_PLACEMENT_3D ( 'NONE', #1311, #2648, #163 ) ;
#160 = CYLINDRICAL_SURFACE ( 'NONE', #72, 4.000000000000000000 ) ;
#161 = DIRECTION ( 'NONE',  ( 6.806842309370794645E-16, -1.000000000000000000, 0.000000000000000000 ) ) ;
#162 = VERTEX_POINT ( 'NONE', #757 ) ;
#163 = DIRECTION ( 'NONE',  ( 0.000000000000000000, 0.000000000000000000, -1.000000000000000000 ) ) ;
#164 = EDGE_CURVE ( 'NONE', #772, #1128, #3600, .T. ) ;
#165 = ORIENTED_EDGE ( 'NONE', *, *, #2205, .F. ) ;
#166 = PLANE ( 'NONE',  #902 ) ;
#167 = CARTESIAN_POINT ( 'NONE',  ( 27.44999999999999929, -6.760289708239329620, 4.335076018827155764 ) ) ;
#168 = VERTEX_POINT ( 'NONE', #1618 ) ;
#169 = EDGE_CURVE ( 'NONE', #88, #2679, #1005, .T. ) ;
#170 = DIRECTION ( 'NONE',  ( 0.000000000000000000, 0.000000000000000000, -1.000000000000000000 ) ) ;
#171 = ORIENTED_EDGE ( 'NONE', *, *, #1827, .T. ) ;
#172 = DIRECTION ( 'NONE',  ( 0.000000000000000000, -0.9190964121636461259, -0.3940327209102223449 ) ) ;
#173 = CIRCLE ( 'NONE', #2466, 3.000000000000000000 ) ;
#174 = FACE_BOUND ( 'NONE', #3057, .T. ) ;
#175 = CARTESIAN_POINT ( 'NONE',  ( 4.949497572824959946, 6.349999999999999645, 4.950000000000527756 ) ) ;
#176 = VERTEX_POINT ( 'NONE', #3067 ) ;
#177 = AXIS2_PLACEMENT_3D ( 'NONE', #3531, #697, #3299 ) ;
#178 = VECTOR ( 'NONE', #782, 1000.000000000000000 ) ;
#179 = EDGE_CURVE ( 'NONE', #176, #391, #2762, .T. ) ;
#180 = AXIS2_PLACEMENT_3D ( 'NONE', #2027, #561, #271 ) ;
#181 = DIRECTION ( 'NONE',  ( 0.000000000000000000, 0.7071067811865456854, -0.7071067811865494601 ) ) ;
#182 = CARTESIAN_POINT ( 'NONE',  ( -28.64999999999999503, -11.18106697290102858, -25.42500000000000426 ) ) ;
#183 = ORIENTED_EDGE ( 'NONE', *, *, #516, .T. ) ;
#184 = CARTESIAN_POINT ( 'NONE',  ( 4.950000000000001066, -4.500338972710011376, -7.949497572824773428 ) ) ;
#185 = AXIS2_PLACEMENT_3D ( 'NONE', #175, #2747, #1655 ) ;
#186 = AXIS2_PLACEMENT_3D ( 'NONE', #2674, #91, #677 ) ;
#187 = CARTESIAN_POINT ( 'NONE',  ( -9.350000000000024514, -8.720338972710004910, 19.50000000000153833 ) ) ;
#188 = DIRECTION ( 'NONE',  ( 0.000000000000000000, -1.000000000000000000, 0.000000000000000000 ) ) ;
#189 = CIRCLE ( 'NONE', #2115, 0.5000000000000004441 ) ;
#190 = CIRCLE ( 'NONE', #134, 3.000000000000000000 ) ;
#191 = CARTESIAN_POINT ( 'NONE',  ( 31.44999999999999929, 6.349999999999999645, -25.05000000000000426 ) ) ;
#192 = ORIENTED_EDGE ( 'NONE', *, *, #3248, .F. ) ;
#193 = EDGE_LOOP ( 'NONE', ( #3108, #2917 ) ) ;
#194 = FACE_BOUND ( 'NONE', #2239, .T. ) ;
#195 = CARTESIAN_POINT ( 'NONE',  ( -30.94999999999999929, 0.000000000000000000, -24.55000000000000071 ) ) ;
#196 = DIRECTION ( 'NONE',  ( -0.000000000000000000, 1.000000000000000000, -0.000000000000000000 ) ) ;
#197 = ORIENTED_EDGE ( 'NONE', *, *, #1261, .F. ) ;
#198 = ADVANCED_FACE ( 'NONE', ( #417 ), #3369, .F. ) ;
#199 = CARTESIAN_POINT ( 'NONE',  ( -6.500000000000024869, -6.610000000000006537, 16.50000000000153833 ) ) ;
#200 = PLANE ( 'NONE',  #17 ) ;
#201 = ORIENTED_EDGE ( 'NONE', *, *, #696, .T. ) ;
#202 = ADVANCED_FACE ( 'NONE', ( #3583 ), #3335, .T. ) ;
#203 = CARTESIAN_POINT ( 'NONE',  ( 4.949497572824959946, -29.25000000000000000, 6.375000000000527578 ) ) ;
#204 = EDGE_CURVE ( 'NONE', #436, #2714, #2210, .T. ) ;
#205 = ADVANCED_FACE ( 'NONE', ( #745 ), #3087, .F. ) ;
#206 = EDGE_CURVE ( 'NONE', #2866, #1467, #2136, .T. ) ;
#207 = CARTESIAN_POINT ( 'NONE',  ( 25.55000000000000071, -4.500338972710011376, -6.449999999999987743 ) ) ;
#208 = CARTESIAN_POINT ( 'NONE',  ( 30.95000000000000639, -6.610000000000003872, 20.25000000000153477 ) ) ;
#209 = VERTEX_POINT ( 'NONE', #2476 ) ;
#210 = CARTESIAN_POINT ( 'NONE',  ( -9.350000000000024514, -4.500338972710011376, -7.199999999998457412 ) ) ;
#211 = ORIENTED_EDGE ( 'NONE', *, *, #2513, .T. ) ;
#212 = VERTEX_POINT ( 'NONE', #3618 ) ;
#213 = CARTESIAN_POINT ( 'NONE',  ( 30.95000000000000284, -6.760289708239329620, 4.835076018827155764 ) ) ;
#214 = DIRECTION ( 'NONE',  ( 1.000000000000000000, 0.000000000000000000, 0.000000000000000000 ) ) ;
#215 = ORIENTED_EDGE ( 'NONE', *, *, #3216, .F. ) ;
#216 = ADVANCED_FACE ( 'NONE', ( #1565 ), #2729, .F. ) ;
#217 = DIRECTION ( 'NONE',  ( 1.000000000000000000, -0.000000000000000000, -0.000000000000000000 ) ) ;
#218 = CARTESIAN_POINT ( 'NONE',  ( -9.350000000000024514, -16.85999999999956245, -12.49999999999865885 ) ) ;
#219 = ORIENTED_EDGE ( 'NONE', *, *, #1831, .T. ) ;
#220 = CARTESIAN_POINT ( 'NONE',  ( -4.950000000000338574, 0.000000000000000000, 4.949497572825494629 ) ) ;
#221 = ADVANCED_FACE ( 'NONE', ( #3312 ), #1042, .T. ) ;
#222 = CIRCLE ( 'NONE', #2570, 0.9000000000019031665 ) ;
#223 = LINE ( 'NONE', #1942, #1134 ) ;
#224 = AXIS2_PLACEMENT_3D ( 'NONE', #3359, #3343, #3109 ) ;
#225 = LINE ( 'NONE', #1632, #2300 ) ;
#226 = AXIS2_PLACEMENT_3D ( 'NONE', #1414, #2532, #2855 ) ;
#227 = CARTESIAN_POINT ( 'NONE',  ( -20.64999999999999503, 3.174999999999999822, -14.02500000000000036 ) ) ;
#228 = ORIENTED_EDGE ( 'NONE', *, *, #1039, .F. ) ;
#229 = EDGE_LOOP ( 'NONE', ( #1189, #1577, #495, #2253 ) ) ;
#230 = DIRECTION ( 'NONE',  ( -1.000000000000000000, -9.745637505487680998E-17, 0.000000000000000000 ) ) ;
#231 = EDGE_CURVE ( 'NONE', #1657, #2321, #1286, .T. ) ;
#232 = DIRECTION ( 'NONE',  ( 0.000000000000000000, -1.000000000000000000, 0.000000000000000000 ) ) ;
#233 = ORIENTED_EDGE ( 'NONE', *, *, #1572, .F. ) ;
#234 = ORIENTED_EDGE ( 'NONE', *, *, #3517, .F. ) ;
#235 = CARTESIAN_POINT ( 'NONE',  ( -28.64999999999999503, 3.174999999999999822, -14.02500000000000036 ) ) ;
#236 = EDGE_LOOP ( 'NONE', ( #1124, #572 ) ) ;
#237 = VECTOR ( 'NONE', #586, 1000.000000000000000 ) ;
#238 = DIRECTION ( 'NONE',  ( 1.000000000000000000, 0.000000000000000000, 0.000000000000000000 ) ) ;
#239 = EDGE_CURVE ( 'NONE', #504, #2384, #3035, .T. ) ;
#240 = VECTOR ( 'NONE', #1388, 1000.000000000000000 ) ;
#241 = DIRECTION ( 'NONE',  ( 0.000000000000000000, -1.000000000000000000, 4.811992998548701407E-16 ) ) ;
#242 = LINE ( 'NONE', #467, #433 ) ;
#243 = ORIENTED_EDGE ( 'NONE', *, *, #317, .F. ) ;
#244 = CIRCLE ( 'NONE', #2716, 0.9000000000019044988 ) ;
#245 = EDGE_CURVE ( 'NONE', #3546, #133, #1584, .T. ) ;
#246 = CIRCLE ( 'NONE', #3445, 0.9000000000019027224 ) ;
#247 = AXIS2_PLACEMENT_3D ( 'NONE', #1833, #2995, #402 ) ;
#248 = LINE ( 'NONE', #1393, #2350 ) ;
#249 = LINE ( 'NONE', #3353, #489 ) ;
#250 = ORIENTED_EDGE ( 'NONE', *, *, #206, .T. ) ;
#251 = ORIENTED_EDGE ( 'NONE', *, *, #1840, .T. ) ;
#252 = CIRCLE ( 'NONE', #620, 3.000000000000000000 ) ;
#253 = DIRECTION ( 'NONE',  ( 9.745637505487680998E-17, -1.000000000000000000, 0.000000000000000000 ) ) ;
#254 = DIRECTION ( 'NONE',  ( -1.000000000000000000, 0.000000000000000000, -2.282530889443168600E-15 ) ) ;
#255 = ORIENTED_EDGE ( 'NONE', *, *, #861, .F. ) ;
#256 = VERTEX_POINT ( 'NONE', #1021 ) ;
#257 = EDGE_CURVE ( 'NONE', #2095, #1768, #3051, .T. ) ;
#258 = DIRECTION ( 'NONE',  ( -0.000000000000000000, -1.000000000000000000, -0.000000000000000000 ) ) ;
#259 = CARTESIAN_POINT ( 'NONE',  ( -6.500000000000024869, -6.610000000000006537, 16.50000000000153833 ) ) ;
#260 = ORIENTED_EDGE ( 'NONE', *, *, #3624, .T. ) ;
#261 = CARTESIAN_POINT ( 'NONE',  ( -28.64999999999999503, -0.000000000000000000, -24.55000000000000071 ) ) ;
#262 = EDGE_CURVE ( 'NONE', #2188, #3442, #430, .T. ) ;
#263 = DIRECTION ( 'NONE',  ( -1.000000000000000000, -0.000000000000000000, -0.000000000000000000 ) ) ;
#264 = CARTESIAN_POINT ( 'NONE',  ( -6.500000000000024869, -6.610000000000006537, 17.40000000000344116 ) ) ;
#265 = LINE ( 'NONE', #1006, #674 ) ;
#266 = ORIENTED_EDGE ( 'NONE', *, *, #2647, .F. ) ;
#267 = DIRECTION ( 'NONE',  ( 1.000000000000000000, 9.745637505487683463E-17, -0.000000000000000000 ) ) ;
#268 = CARTESIAN_POINT ( 'NONE',  ( -28.64999999999999503, -11.18106697290104101, 27.17500000000000071 ) ) ;
#269 = VERTEX_POINT ( 'NONE', #2077 ) ;
#270 = EDGE_LOOP ( 'NONE', ( #380, #2007, #1835, #1063 ) ) ;
#271 = DIRECTION ( 'NONE',  ( 0.000000000000000000, -1.299418334065024133E-16, 1.000000000000000000 ) ) ;
#272 = ORIENTED_EDGE ( 'NONE', *, *, #3650, .T. ) ;
#273 = DIRECTION ( 'NONE',  ( 0.000000000000000000, 0.000000000000000000, -1.000000000000000000 ) ) ;
#274 = CARTESIAN_POINT ( 'NONE',  ( -9.350000000000024514, -4.500338972710011376, 24.55000000000000071 ) ) ;
#275 = PLANE ( 'NONE',  #2478 ) ;
#276 = ADVANCED_FACE ( 'NONE', ( #1767 ), #3497, .F. ) ;
#277 = ORIENTED_EDGE ( 'NONE', *, *, #712, .T. ) ;
#278 = CARTESIAN_POINT ( 'NONE',  ( 25.55000000000000071, 1.921485021339510764E-15, -1.949999999999989519 ) ) ;
#279 = DIRECTION ( 'NONE',  ( -0.000000000000000000, 0.000000000000000000, 1.000000000000000000 ) ) ;
#280 = ORIENTED_EDGE ( 'NONE', *, *, #1585, .T. ) ;
#281 = ORIENTED_EDGE ( 'NONE', *, *, #754, .T. ) ;
#282 = AXIS2_PLACEMENT_3D ( 'NONE', #1787, #3229, #63 ) ;
#283 = EDGE_CURVE ( 'NONE', #3464, #581, #1013, .T. ) ;
#284 = DIRECTION ( 'NONE',  ( 0.000000000000000000, 0.000000000000000000, 1.000000000000000000 ) ) ;
#285 = CIRCLE ( 'NONE', #1726, 7.100160573022915145 ) ;
#286 = CARTESIAN_POINT ( 'NONE',  ( 28.44999999999999929, -16.85999999999965127, -12.49999999999928946 ) ) ;
#287 = ORIENTED_EDGE ( 'NONE', *, *, #3650, .F. ) ;
#288 = VERTEX_POINT ( 'NONE', #3024 ) ;
#289 = PLANE ( 'NONE',  #180 ) ;
#290 = EDGE_LOOP ( 'NONE', ( #197, #3071, #3387, #1734 ) ) ;
#291 = DIRECTION ( 'NONE',  ( -0.000000000000000000, 1.000000000000000000, -0.000000000000000000 ) ) ;
#292 = ADVANCED_FACE ( 'NONE', ( #1504 ), #2930, .F. ) ;
#293 = CARTESIAN_POINT ( 'NONE',  ( 0.000000000000000000, 3.349999999999996980, -28.05000000000000071 ) ) ;
#294 = CARTESIAN_POINT ( 'NONE',  ( 0.000000000000000000, -20.61213394580206781, 28.05000000000000071 ) ) ;
#295 = ORIENTED_EDGE ( 'NONE', *, *, #2284, .F. ) ;
#296 = AXIS2_PLACEMENT_3D ( 'NONE', #2693, #1836, #2087 ) ;
#297 = DIRECTION ( 'NONE',  ( -0.000000000000000000, 1.000000000000000000, -0.000000000000000000 ) ) ;
#298 = CIRCLE ( 'NONE', #1274, 3.000000000000000000 ) ;
#299 = CARTESIAN_POINT ( 'NONE',  ( -6.500000000000024869, -27.11000000000001009, 16.50000000000153833 ) ) ;
#300 = AXIS2_PLACEMENT_3D ( 'NONE', #1590, #217, #1062 ) ;
#301 = ORIENTED_EDGE ( 'NONE', *, *, #2045, .T. ) ;
#302 = AXIS2_PLACEMENT_3D ( 'NONE', #1490, #678, #640 ) ;
#303 = AXIS2_PLACEMENT_3D ( 'NONE', #3036, #3710, #2193 ) ;
#304 = DIRECTION ( 'NONE',  ( -7.779833121590977705E-17, 1.000000000000000000, 0.000000000000000000 ) ) ;
#305 = DIRECTION ( 'NONE',  ( 1.000000000000000000, 9.745637505487682231E-17, -0.000000000000000000 ) ) ;
#306 = ORIENTED_EDGE ( 'NONE', *, *, #516, .F. ) ;
#307 = AXIS2_PLACEMENT_3D ( 'NONE', #1959, #2794, #1611 ) ;
#308 = ORIENTED_EDGE ( 'NONE', *, *, #324, .F. ) ;
#309 = AXIS2_PLACEMENT_3D ( 'NONE', #1011, #1495, #80 ) ;
#310 = DIRECTION ( 'NONE',  ( 0.000000000000000000, 0.9063077870366509359, 0.4226182617406975539 ) ) ;
#311 = VERTEX_POINT ( 'NONE', #2912 ) ;
#312 = FACE_OUTER_BOUND ( 'NONE', #21, .T. ) ;
#313 = DIRECTION ( 'NONE',  ( -7.779833121590977705E-17, 1.000000000000000000, 0.000000000000000000 ) ) ;
#314 = ADVANCED_FACE ( 'NONE', ( #3213 ), #321, .F. ) ;
#315 = FACE_OUTER_BOUND ( 'NONE', #659, .T. ) ;
#316 = ORIENTED_EDGE ( 'NONE', *, *, #1899, .T. ) ;
#317 = EDGE_CURVE ( 'NONE', #2331, #2139, #2144, .T. ) ;
#318 = EDGE_CURVE ( 'NONE', #2384, #2802, #613, .T. ) ;
#319 = FACE_OUTER_BOUND ( 'NONE', #2684, .T. ) ;
#320 = DIRECTION ( 'NONE',  ( 0.000000000000000000, 1.000000000000000000, 0.000000000000000000 ) ) ;
#321 = CYLINDRICAL_SURFACE ( 'NONE', #1781, 1.425000000000000044 ) ;
#322 = ORIENTED_EDGE ( 'NONE', *, *, #1626, .T. ) ;
#323 = DIRECTION ( 'NONE',  ( -1.000000000000000000, 0.000000000000000000, -0.000000000000000000 ) ) ;
#324 = EDGE_CURVE ( 'NONE', #2722, #3270, #1114, .T. ) ;
#325 = CARTESIAN_POINT ( 'NONE',  ( -9.350000000000028066, -29.25000000000000000, -19.41215000000000401 ) ) ;
#326 = VERTEX_POINT ( 'NONE', #3303 ) ;
#327 = EDGE_LOOP ( 'NONE', ( #2776, #1554, #3074, #2870 ) ) ;
#328 = DIRECTION ( 'NONE',  ( -1.000000000000000000, -0.000000000000000000, -0.000000000000000000 ) ) ;
#329 = DIRECTION ( 'NONE',  ( 0.000000000000000000, 0.000000000000000000, -1.000000000000000000 ) ) ;
#330 = EDGE_LOOP ( 'NONE', ( #272, #3292, #2940, #2687 ) ) ;
#331 = DIRECTION ( 'NONE',  ( 1.000000000000000000, 0.000000000000000000, 0.000000000000000000 ) ) ;
#332 = EDGE_CURVE ( 'NONE', #168, #2485, #341, .T. ) ;
#333 = FACE_BOUND ( 'NONE', #2663, .T. ) ;
#334 = CARTESIAN_POINT ( 'NONE',  ( -9.350000000000024514, -8.720338972710006686, -7.199999999998459188 ) ) ;
#335 = EDGE_CURVE ( 'NONE', #1153, #395, #907, .T. ) ;
#336 = ORIENTED_EDGE ( 'NONE', *, *, #3084, .F. ) ;
#337 = CARTESIAN_POINT ( 'NONE',  ( 4.950000000000001066, -29.25000000000000000, -3.524497572824773162 ) ) ;
#338 = CARTESIAN_POINT ( 'NONE',  ( -6.500000000000024869, -4.500338972710011376, 2.380937665017040406 ) ) ;
#339 = DIRECTION ( 'NONE',  ( 1.000000000000000000, 9.745637505487680998E-17, 0.000000000000000000 ) ) ;
#340 = ORIENTED_EDGE ( 'NONE', *, *, #2067, .F. ) ;
#341 = CIRCLE ( 'NONE', #159, 1.002293481871901371 ) ;
#342 = CARTESIAN_POINT ( 'NONE',  ( 25.55000000000000071, -4.500338972710011376, -1.949999999999989075 ) ) ;
#343 = AXIS2_PLACEMENT_3D ( 'NONE', #2622, #291, #2579 ) ;
#344 = CARTESIAN_POINT ( 'NONE',  ( 4.949497572824959946, 0.000000000000000000, 3.525000000000527933 ) ) ;
#345 = ORIENTED_EDGE ( 'NONE', *, *, #3474, .F. ) ;
#346 = CARTESIAN_POINT ( 'NONE',  ( 27.45000000000000284, -51.62604593830443633, 1.040834085586084257E-14 ) ) ;
#347 = AXIS2_PLACEMENT_3D ( 'NONE', #851, #1731, #2932 ) ;
#348 = DIRECTION ( 'NONE',  ( -1.000000000000000000, -0.000000000000000000, -0.000000000000000000 ) ) ;
#349 = CARTESIAN_POINT ( 'NONE',  ( 27.44999999999999929, -6.760289708239330508, -1.537918005908522900 ) ) ;
#350 = VERTEX_POINT ( 'NONE', #2062 ) ;
#351 = CYLINDRICAL_SURFACE ( 'NONE', #2772, 3.000000000000000000 ) ;
#352 = CARTESIAN_POINT ( 'NONE',  ( 27.44999999999999929, 2.326828575125447664E-15, -6.449999999999986855 ) ) ;
#353 = EDGE_LOOP ( 'NONE', ( #3449, #3457, #1376, #2071 ) ) ;
#354 = EDGE_LOOP ( 'NONE', ( #1792, #1978, #2313, #891 ) ) ;
#355 = AXIS2_PLACEMENT_3D ( 'NONE', #2828, #794, #1634 ) ;
#356 = DIRECTION ( 'NONE',  ( 9.745637505487682231E-17, -1.000000000000000000, 0.000000000000000000 ) ) ;
#357 = CARTESIAN_POINT ( 'NONE',  ( -13.35000000000002274, -29.24999999999999289, -19.41215000000001112 ) ) ;
#358 = EDGE_CURVE ( 'NONE', #2875, #2490, #108, .T. ) ;
#359 = DIRECTION ( 'NONE',  ( 0.000000000000000000, -1.000000000000000000, 0.000000000000000000 ) ) ;
#360 = VERTEX_POINT ( 'NONE', #649 ) ;
#361 = VECTOR ( 'NONE', #438, 1000.000000000000000 ) ;
#362 = VECTOR ( 'NONE', #3588, 1000.000000000000000 ) ;
#363 = FACE_BOUND ( 'NONE', #2443, .T. ) ;
#364 = ADVANCED_FACE ( 'NONE', ( #132, #1205 ), #2737, .T. ) ;
#365 = CARTESIAN_POINT ( 'NONE',  ( 4.950000000000001066, 6.349999999999999645, -6.374497572824771474 ) ) ;
#366 = ORIENTED_EDGE ( 'NONE', *, *, #2763, .T. ) ;
#367 = FACE_OUTER_BOUND ( 'NONE', #2909, .T. ) ;
#368 = CIRCLE ( 'NONE', #2473, 3.000000000000000000 ) ;
#369 = LINE ( 'NONE', #1512, #1686 ) ;
#370 = FACE_OUTER_BOUND ( 'NONE', #2649, .T. ) ;
#371 = EDGE_LOOP ( 'NONE', ( #3344, #876, #2437, #429 ) ) ;
#372 = EDGE_CURVE ( 'NONE', #3703, #1905, #926, .T. ) ;
#373 = VECTOR ( 'NONE', #2607, 1000.000000000000000 ) ;
#374 = DIRECTION ( 'NONE',  ( 0.000000000000000000, 1.000000000000000000, -0.000000000000000000 ) ) ;
#375 = CARTESIAN_POINT ( 'NONE',  ( 31.44999999999999929, -51.62604593830443633, 1.040834085586084257E-14 ) ) ;
#376 = ORIENTED_EDGE ( 'NONE', *, *, #2325, .T. ) ;
#377 = ORIENTED_EDGE ( 'NONE', *, *, #358, .F. ) ;
#378 = FACE_OUTER_BOUND ( 'NONE', #1690, .T. ) ;
#379 = CARTESIAN_POINT ( 'NONE',  ( 4.949497572824959946, -29.25000000000000000, 4.950000000000527756 ) ) ;
#380 = ORIENTED_EDGE ( 'NONE', *, *, #2698, .F. ) ;
#381 = FACE_BOUND ( 'NONE', #2634, .T. ) ;
#382 = PRODUCT_CONTEXT ( 'NONE', #1589, 'mechanical' ) ;
#383 = ORIENTED_EDGE ( 'NONE', *, *, #1216, .T. ) ;
#384 = DIRECTION ( 'NONE',  ( 9.745637505487680998E-17, -1.000000000000000000, 4.811992998548701407E-16 ) ) ;
#385 = DIRECTION ( 'NONE',  ( 1.000000000000000000, 9.745637505487682231E-17, -0.000000000000000000 ) ) ;
#386 = CYLINDRICAL_SURFACE ( 'NONE', #4, 1.002199995687616196 ) ;
#387 = ORIENTED_EDGE ( 'NONE', *, *, #475, .F. ) ;
#388 = DIRECTION ( 'NONE',  ( -0.000000000000000000, 1.000000000000000000, -0.000000000000000000 ) ) ;
#389 = FACE_OUTER_BOUND ( 'NONE', #390, .T. ) ;
#390 = EDGE_LOOP ( 'NONE', ( #1522, #2184, #2586, #2334 ) ) ;
#391 = VERTEX_POINT ( 'NONE', #2431 ) ;
#392 = EDGE_CURVE ( 'NONE', #2733, #1497, #882, .T. ) ;
#393 = DIRECTION ( 'NONE',  ( 1.000000000000000000, -0.000000000000000000, -0.000000000000000000 ) ) ;
#394 = CARTESIAN_POINT ( 'NONE',  ( 30.95000000000000639, -5.607800004312387898, -4.199999999998458300 ) ) ;
#395 = VERTEX_POINT ( 'NONE', #737 ) ;
#396 = CARTESIAN_POINT ( 'NONE',  ( -13.35000000000002274, -16.85999999999956245, -12.49999999999865885 ) ) ;
#397 = DIRECTION ( 'NONE',  ( 1.000000000000000000, 0.000000000000000000, 0.000000000000000000 ) ) ;
#398 = ORIENTED_EDGE ( 'NONE', *, *, #3553, .T. ) ;
#399 = AXIS2_PLACEMENT_3D ( 'NONE', #1056, #172, #2458 ) ;
#400 = FACE_OUTER_BOUND ( 'NONE', #3427, .T. ) ;
#401 = EDGE_CURVE ( 'NONE', #1369, #2490, #3043, .T. ) ;
#402 = DIRECTION ( 'NONE',  ( 0.000000000000000000, 0.000000000000000000, -1.000000000000000000 ) ) ;
#403 = CARTESIAN_POINT ( 'NONE',  ( 30.95000000000000995, -27.11000000000000654, 20.25000000000153477 ) ) ;
#404 = EDGE_LOOP ( 'NONE', ( #3392, #559 ) ) ;
#405 = CARTESIAN_POINT ( 'NONE',  ( -1.110223024625156540E-13, 8.485281374238571317, 1.387778780781445676E-13 ) ) ;
#406 = AXIS2_PLACEMENT_3D ( 'NONE', #2650, #617, #323 ) ;
#407 = CARTESIAN_POINT ( 'NONE',  ( 30.95000000000000284, -29.25000000000000000, -19.41215000000000401 ) ) ;
#408 = EDGE_LOOP ( 'NONE', ( #848, #100, #2528, #1148 ) ) ;
#409 = ORIENTED_EDGE ( 'NONE', *, *, #2258, .F. ) ;
#410 = ADVANCED_FACE ( 'NONE', ( #1664 ), #2257, .T. ) ;
#411 = DIRECTION ( 'NONE',  ( 0.000000000000000000, -1.000000000000000000, 0.000000000000000000 ) ) ;
#412 = DIRECTION ( 'NONE',  ( 0.000000000000000000, 0.000000000000000000, 1.000000000000000000 ) ) ;
#413 = ORIENTED_EDGE ( 'NONE', *, *, #1551, .T. ) ;
#414 = DIRECTION ( 'NONE',  ( -1.000000000000000000, -9.745637505487682231E-17, 0.000000000000000000 ) ) ;
#415 = VECTOR ( 'NONE', #1887, 1000.000000000000000 ) ;
#416 = EDGE_LOOP ( 'NONE', ( #1810, #2209, #1677, #856, #949, #528, #1408 ) ) ;
#417 = FACE_OUTER_BOUND ( 'NONE', #1960, .T. ) ;
#418 = VECTOR ( 'NONE', #3399, 1000.000000000000114 ) ;
#419 = EDGE_CURVE ( 'NONE', #133, #88, #3398, .T. ) ;
#420 = CYLINDRICAL_SURFACE ( 'NONE', #3082, 3.000000000000001332 ) ;
#421 = VECTOR ( 'NONE', #3431, 1000.000000000000000 ) ;
#422 = LINE ( 'NONE', #349, #1806 ) ;
#423 = EDGE_LOOP ( 'NONE', ( #1962, #3599, #1483, #1054 ) ) ;
#424 = AXIS2_PLACEMENT_3D ( 'NONE', #657, #1213, #1472 ) ;
#425 = VECTOR ( 'NONE', #730, 1000.000000000000000 ) ;
#426 = CIRCLE ( 'NONE', #3632, 0.9000000000019027224 ) ;
#427 = DIRECTION ( 'NONE',  ( -0.000000000000000000, 1.000000000000000000, -0.000000000000000000 ) ) ;
#428 = DIRECTION ( 'NONE',  ( 0.000000000000000000, 0.000000000000000000, -1.000000000000000000 ) ) ;
#429 = ORIENTED_EDGE ( 'NONE', *, *, #1379, .T. ) ;
#430 = LINE ( 'NONE', #996, #104 ) ;
#431 = VECTOR ( 'NONE', #1188, 1000.000000000000000 ) ;
#432 = EDGE_LOOP ( 'NONE', ( #3621, #3281, #1988, #2862 ) ) ;
#433 = VECTOR ( 'NONE', #3665, 1000.000000000000000 ) ;
#434 = PLANE ( 'NONE',  #1559 ) ;
#435 = DIRECTION ( 'NONE',  ( -1.000000000000000000, -7.779833121590977705E-17, 6.162975822039154730E-33 ) ) ;
#436 = VERTEX_POINT ( 'NONE', #184 ) ;
#437 = ADVANCED_FACE ( 'NONE', ( #3096 ), #1081, .T. ) ;
#438 = DIRECTION ( 'NONE',  ( -1.000000000000000000, -7.779833121590977705E-17, 6.162975822039154730E-33 ) ) ;
#439 = EDGE_LOOP ( 'NONE', ( #2812, #1034, #849, #1093 ) ) ;
#440 = CARTESIAN_POINT ( 'NONE',  ( -6.500000000000024869, -4.500338972710011376, 0.000000000000000000 ) ) ;
#441 = EDGE_CURVE ( 'NONE', #2802, #1210, #1608, .T. ) ;
#442 = FILL_AREA_STYLE ('',( #729 ) ) ;
#443 = FACE_OUTER_BOUND ( 'NONE', #1599, .T. ) ;
#444 = ORIENTED_EDGE ( 'NONE', *, *, #3010, .T. ) ;
#445 = LINE ( 'NONE', #3340, #1867 ) ;
#446 = DIRECTION ( 'NONE',  ( -1.000000000000000000, 0.000000000000000000, 0.000000000000000000 ) ) ;
#447 = ORIENTED_EDGE ( 'NONE', *, *, #2610, .F. ) ;
#448 = CARTESIAN_POINT ( 'NONE',  ( 30.95000000000000639, -7.609746684908300196, 20.25000000000153477 ) ) ;
#449 = ORIENTED_EDGE ( 'NONE', *, *, #1647, .T. ) ;
#450 = ADVANCED_FACE ( 'NONE', ( #2806 ), #3627, .F. ) ;
#451 = CARTESIAN_POINT ( 'NONE',  ( -32.77581323893203802, 6.014991248185870103E-15, 12.49999999999998757 ) ) ;
#452 = CARTESIAN_POINT ( 'NONE',  ( -6.500000000000024869, -4.500338972710011376, 19.50000000000153833 ) ) ;
#453 = ORIENTED_EDGE ( 'NONE', *, *, #19, .T. ) ;
#454 = FACE_OUTER_BOUND ( 'NONE', #1285, .T. ) ;
#455 = ORIENTED_EDGE ( 'NONE', *, *, #2486, .F. ) ;
#456 = DIRECTION ( 'NONE',  ( -1.000000000000000000, 0.000000000000000000, 0.000000000000000000 ) ) ;
#457 = EDGE_CURVE ( 'NONE', #3133, #1310, #3006, .T. ) ;
#458 = FACE_OUTER_BOUND ( 'NONE', #2557, .T. ) ;
#459 = LINE ( 'NONE', #777, #2415 ) ;
#460 = EDGE_LOOP ( 'NONE', ( #2207, #2182 ) ) ;
#461 = VECTOR ( 'NONE', #2043, 1000.000000000000000 ) ;
#462 = DIRECTION ( 'NONE',  ( 1.000000000000000000, 9.745637505487680998E-17, -0.000000000000000000 ) ) ;
#463 = ORIENTED_EDGE ( 'NONE', *, *, #3277, .F. ) ;
#464 = VECTOR ( 'NONE', #3704, 1000.000000000000000 ) ;
#465 = AXIS2_PLACEMENT_3D ( 'NONE', #1674, #1106, #2266 ) ;
#466 = CARTESIAN_POINT ( 'NONE',  ( 25.55000000000000071, -4.500338972710011376, 18.00000000000153477 ) ) ;
#467 = CARTESIAN_POINT ( 'NONE',  ( -32.77581323893203802, -51.62604593830443633, 12.50000000000001066 ) ) ;
#468 = ORIENTED_EDGE ( 'NONE', *, *, #2724, .F. ) ;
#469 = CYLINDRICAL_SURFACE ( 'NONE', #1435, 0.8750000000000007772 ) ;
#470 = ADVANCED_FACE ( 'NONE', ( #2824 ), #3682, .T. ) ;
#471 = VERTEX_POINT ( 'NONE', #1897 ) ;
#472 = EDGE_LOOP ( 'NONE', ( #2152, #2997, #3423, #994, #3188 ) ) ;
#473 = DIRECTION ( 'NONE',  ( -0.000000000000000000, 1.000000000000000000, -0.000000000000000000 ) ) ;
#474 = AXIS2_PLACEMENT_3D ( 'NONE', #1015, #411, #940 ) ;
#475 = EDGE_CURVE ( 'NONE', #3102, #2095, #3119, .T. ) ;
#476 = CARTESIAN_POINT ( 'NONE',  ( -6.500000000000024869, -4.500338972710007823, -7.199999999998458300 ) ) ;
#477 = FACE_OUTER_BOUND ( 'NONE', #1672, .T. ) ;
#478 = CARTESIAN_POINT ( 'NONE',  ( 31.44999999999999929, -51.62604593830443633, -7.100160573022901822 ) ) ;
#479 = ORIENTED_EDGE ( 'NONE', *, *, #2561, .T. ) ;
#480 = CIRCLE ( 'NONE', #1798, 3.000000000000000000 ) ;
#481 = EDGE_CURVE ( 'NONE', #930, #118, #487, .T. ) ;
#482 = CIRCLE ( 'NONE', #1136, 0.8750000000000007772 ) ;
#483 = CIRCLE ( 'NONE', #2169, 0.8750000000000007772 ) ;
#484 = CARTESIAN_POINT ( 'NONE',  ( -1.110223024625156540E-13, 0.000000000000000000, 1.387778780781445676E-13 ) ) ;
#485 = LINE ( 'NONE', #2576, #421 ) ;
#486 = ORIENTED_EDGE ( 'NONE', *, *, #2200, .F. ) ;
#487 = LINE ( 'NONE', #1940, #2574 ) ;
#488 = AXIS2_PLACEMENT_3D ( 'NONE', #3338, #214, #2233 ) ;
#489 = VECTOR ( 'NONE', #3601, 1000.000000000000000 ) ;
#490 = LINE ( 'NONE', #2163, #668 ) ;
#491 = CARTESIAN_POINT ( 'NONE',  ( 31.44999999999999929, -5.607800004312387898, -4.199999999998458300 ) ) ;
#492 = VECTOR ( 'NONE', #2556, 1000.000000000000000 ) ;
#493 = LINE ( 'NONE', #3668, #2283 ) ;
#494 = VERTEX_POINT ( 'NONE', #1629 ) ;
#495 = ORIENTED_EDGE ( 'NONE', *, *, #481, .T. ) ;
#496 = CARTESIAN_POINT ( 'NONE',  ( -4.950000000000338574, -29.25000000000000000, 4.949497572825494629 ) ) ;
#497 = EDGE_CURVE ( 'NONE', #176, #2651, #589, .T. ) ;
#498 = DIRECTION ( 'NONE',  ( 1.636733330948934159E-16, -1.000000000000000000, -0.000000000000000000 ) ) ;
#499 = EDGE_CURVE ( 'NONE', #2769, #3642, #522, .T. ) ;
#500 = CARTESIAN_POINT ( 'NONE',  ( -6.500000000000024869, -6.610000000000006537, -4.199999999998458300 ) ) ;
#501 = VERTEX_POINT ( 'NONE', #1347 ) ;
#502 = FACE_OUTER_BOUND ( 'NONE', #3048, .T. ) ;
#503 = LINE ( 'NONE', #1309, #1452 ) ;
#504 = VERTEX_POINT ( 'NONE', #2502 ) ;
#505 = DIRECTION ( 'NONE',  ( -1.000000000000000000, 0.000000000000000000, 0.000000000000000000 ) ) ;
#506 = CARTESIAN_POINT ( 'NONE',  ( -28.64999999999999503, 3.174999999999999822, 13.15000000000000036 ) ) ;
#507 = FACE_OUTER_BOUND ( 'NONE', #1346, .T. ) ;
#508 = ORIENTED_EDGE ( 'NONE', *, *, #3111, .F. ) ;
#509 = EDGE_CURVE ( 'NONE', #1372, #530, #816, .T. ) ;
#510 = CARTESIAN_POINT ( 'NONE',  ( 25.55000000000000071, 1.950397079272457286E-15, -1.691736863149747930E-31 ) ) ;
#511 = ORIENTED_EDGE ( 'NONE', *, *, #834, .F. ) ;
#512 = VERTEX_POINT ( 'NONE', #784 ) ;
#513 = DIRECTION ( 'NONE',  ( 0.000000000000000000, 0.000000000000000000, -1.000000000000000000 ) ) ;
#514 = CARTESIAN_POINT ( 'NONE',  ( -28.64999999999999503, 0.000000000000000000, 24.55000000000000071 ) ) ;
#515 = ORIENTED_EDGE ( 'NONE', *, *, #3077, .T. ) ;
#516 = EDGE_CURVE ( 'NONE', #1369, #326, #945, .T. ) ;
#517 = ORIENTED_EDGE ( 'NONE', *, *, #1930, .T. ) ;
#518 = CARTESIAN_POINT ( 'NONE',  ( -1.110223024625156540E-13, 0.000000000000000000, -2.999999999999861888 ) ) ;
#519 = EDGE_CURVE ( 'NONE', #2714, #1830, #1601, .T. ) ;
#520 = CARTESIAN_POINT ( 'NONE',  ( 0.000000000000000000, 0.000000000000000000, 0.000000000000000000 ) ) ;
#521 = EDGE_LOOP ( 'NONE', ( #2099, #2304, #2273, #3646 ) ) ;
#522 = LINE ( 'NONE', #203, #2394 ) ;
#523 = DIRECTION ( 'NONE',  ( -0.000000000000000000, 1.000000000000000000, -0.000000000000000000 ) ) ;
#524 = AXIS2_PLACEMENT_3D ( 'NONE', #857, #3490, #2013 ) ;
#525 = CARTESIAN_POINT ( 'NONE',  ( -32.77581323893203802, -44.41604593830443548, 12.50000000000000711 ) ) ;
#526 = CIRCLE ( 'NONE', #1362, 1.002199995687616196 ) ;
#527 = FACE_OUTER_BOUND ( 'NONE', #1859, .T. ) ;
#528 = ORIENTED_EDGE ( 'NONE', *, *, #1072, .F. ) ;
#529 = EDGE_CURVE ( 'NONE', #2813, #1162, #1135, .T. ) ;
#530 = VERTEX_POINT ( 'NONE', #3152 ) ;
#531 = CARTESIAN_POINT ( 'NONE',  ( -6.500000000000024869, -4.500338972710007823, -7.199999999998458300 ) ) ;
#532 = CARTESIAN_POINT ( 'NONE',  ( 27.44999999999999929, -4.500338972710011376, -1.949999999999993516 ) ) ;
#533 = ORIENTED_EDGE ( 'NONE', *, *, #2337, .T. ) ;
#534 = EDGE_LOOP ( 'NONE', ( #2452, #3139, #2003, #36 ) ) ;
#535 = EDGE_CURVE ( 'NONE', #558, #1294, #2336, .T. ) ;
#536 = UNCERTAINTY_MEASURE_WITH_UNIT (LENGTH_MEASURE( 1.000000000000000082E-05 ), #1829, 'distance_accuracy_value', 'NONE');
#537 = LINE ( 'NONE', #1094, #1441 ) ;
#538 = CARTESIAN_POINT ( 'NONE',  ( -4.949497572825296565, -4.500338972710011376, -4.949999999999799449 ) ) ;
#539 = ORIENTED_EDGE ( 'NONE', *, *, #262, .T. ) ;
#540 = AXIS2_PLACEMENT_3D ( 'NONE', #1727, #884, #2279 ) ;
#541 = DIRECTION ( 'NONE',  ( 1.000000000000000000, 0.000000000000000000, 0.000000000000000000 ) ) ;
#542 = VECTOR ( 'NONE', #313, 1000.000000000000000 ) ;
#543 = CARTESIAN_POINT ( 'NONE',  ( 4.949497572824959946, 0.000000000000000000, 4.950000000000527756 ) ) ;
#544 = LINE ( 'NONE', #3417, #3574 ) ;
#545 = VECTOR ( 'NONE', #254, 1000.000000000000000 ) ;
#546 = ORIENTED_EDGE ( 'NONE', *, *, #257, .F. ) ;
#547 = AXIS2_PLACEMENT_3D ( 'NONE', #3452, #18, #3429 ) ;
#548 = VECTOR ( 'NONE', #912, 1000.000000000000000 ) ;
#549 = CIRCLE ( 'NONE', #2294, 3.000000000000001332 ) ;
#550 = DIRECTION ( 'NONE',  ( 0.000000000000000000, -1.000000000000000000, 0.000000000000000000 ) ) ;
#551 = CARTESIAN_POINT ( 'NONE',  ( 27.45000000000000284, -26.95767651737898163, 4.835076018827155764 ) ) ;
#552 = ORIENTED_EDGE ( 'NONE', *, *, #2820, .T. ) ;
#553 = ADVANCED_FACE ( 'NONE', ( #2335 ), #1720, .F. ) ;
#554 = ORIENTED_EDGE ( 'NONE', *, *, #1451, .F. ) ;
#555 = CIRCLE ( 'NONE', #2844, 0.9000000000019027224 ) ;
#556 = DIRECTION ( 'NONE',  ( 0.000000000000000000, 0.000000000000000000, -1.000000000000000000 ) ) ;
#557 = CARTESIAN_POINT ( 'NONE',  ( -1.110223024625156540E-13, -4.500338972710011376, 1.387778780781445676E-13 ) ) ;
#558 = VERTEX_POINT ( 'NONE', #1405 ) ;
#559 = ORIENTED_EDGE ( 'NONE', *, *, #2406, .F. ) ;
#560 = ADVANCED_FACE ( 'NONE', ( #312 ), #1439, .F. ) ;
#561 = DIRECTION ( 'NONE',  ( -0.000000000000000000, 1.000000000000000000, 1.299418334065024133E-16 ) ) ;
#562 = CARTESIAN_POINT ( 'NONE',  ( 31.44999999999999929, -6.610000000000003872, -4.199999999998458300 ) ) ;
#563 = VERTEX_POINT ( 'NONE', #3470 ) ;
#564 = CARTESIAN_POINT ( 'NONE',  ( -9.350000000000024514, -27.11000000000001009, 16.50000000000153833 ) ) ;
#565 = CARTESIAN_POINT ( 'NONE',  ( 27.44999999999999929, 2.135564191876723336E-15, 18.00000000000153477 ) ) ;
#566 = DIRECTION ( 'NONE',  ( 1.000000000000000000, 0.000000000000000000, -0.000000000000000000 ) ) ;
#567 = EDGE_CURVE ( 'NONE', #1080, #162, #1969, .T. ) ;
#568 = ORIENTED_EDGE ( 'NONE', *, *, #1027, .F. ) ;
#569 = ADVANCED_FACE ( 'NONE', ( #3454 ), #2601, .T. ) ;
#570 = CARTESIAN_POINT ( 'NONE',  ( 30.95000000000000284, -29.25000000000000000, -60.32163680906983672 ) ) ;
#571 = CARTESIAN_POINT ( 'NONE',  ( 31.44999999999999929, -26.95767651737898163, -1.537918005908522900 ) ) ;
#572 = ORIENTED_EDGE ( 'NONE', *, *, #3406, .F. ) ;
#573 = ORIENTED_EDGE ( 'NONE', *, *, #3120, .F. ) ;
#574 = DIRECTION ( 'NONE',  ( 1.000000000000000000, 0.000000000000000000, 0.000000000000000000 ) ) ;
#575 = FACE_OUTER_BOUND ( 'NONE', #3376, .T. ) ;
#576 = ORIENTED_EDGE ( 'NONE', *, *, #3187, .T. ) ;
#577 = ORIENTED_EDGE ( 'NONE', *, *, #2953, .F. ) ;
#578 = EDGE_CURVE ( 'NONE', #1617, #3005, #2275, .T. ) ;
#579 = EDGE_CURVE ( 'NONE', #2490, #2875, #887, .T. ) ;
#580 = LINE ( 'NONE', #1130, #2898 ) ;
#581 = VERTEX_POINT ( 'NONE', #2558 ) ;
#582 = DIRECTION ( 'NONE',  ( 0.000000000000000000, 0.000000000000000000, -1.000000000000000000 ) ) ;
#583 = LINE ( 'NONE', #293, #2830 ) ;
#584 = DIRECTION ( 'NONE',  ( 0.000000000000000000, 0.000000000000000000, -1.000000000000000000 ) ) ;
#585 = VERTEX_POINT ( 'NONE', #22 ) ;
#586 = DIRECTION ( 'NONE',  ( -0.000000000000000000, 1.000000000000000000, -0.000000000000000000 ) ) ;
#587 = CARTESIAN_POINT ( 'NONE',  ( 4.950000000000001066, -4.500338972710011376, -1.949497572824771208 ) ) ;
#588 = ORIENTED_EDGE ( 'NONE', *, *, #3360, .T. ) ;
#589 = CIRCLE ( 'NONE', #1358, 1.425000000000000044 ) ;
#590 = EDGE_CURVE ( 'NONE', #1068, #1112, #2453, .T. ) ;
#591 = CARTESIAN_POINT ( 'NONE',  ( -4.950000000000338574, 0.000000000000000000, 1.949497572825494185 ) ) ;
#592 = AXIS2_PLACEMENT_3D ( 'NONE', #829, #1985, #556 ) ;
#593 = LINE ( 'NONE', #1714, #2232 ) ;
#594 = ORIENTED_EDGE ( 'NONE', *, *, #2292, .F. ) ;
#595 = ORIENTED_EDGE ( 'NONE', *, *, #1526, .T. ) ;
#596 = EDGE_CURVE ( 'NONE', #765, #2802, #2757, .T. ) ;
#597 = DIRECTION ( 'NONE',  ( -1.000000000000000000, 0.000000000000000000, 0.000000000000000000 ) ) ;
#598 = CARTESIAN_POINT ( 'NONE',  ( -28.64999999999999503, -11.18106697290102858, -26.30000000000000426 ) ) ;
#599 = ORIENTED_EDGE ( 'NONE', *, *, #1626, .F. ) ;
#600 = DIRECTION ( 'NONE',  ( 1.000000000000000000, 0.000000000000000000, 0.000000000000000000 ) ) ;
#601 = ADVANCED_FACE ( 'NONE', ( #3721 ), #2030, .T. ) ;
#602 = ADVANCED_FACE ( 'NONE', ( #1461, #2050, #627, #1475 ), #2640, .T. ) ;
#603 = CIRCLE ( 'NONE', #833, 3.000000000000000444 ) ;
#604 = LINE ( 'NONE', #2605, #1616 ) ;
#605 = DIRECTION ( 'NONE',  ( -1.000000000000000000, -0.000000000000000000, -0.000000000000000000 ) ) ;
#606 = ORIENTED_EDGE ( 'NONE', *, *, #1563, .F. ) ;
#607 = VECTOR ( 'NONE', #713, 1000.000000000000000 ) ;
#608 = ADVANCED_FACE ( 'NONE', ( #3714 ), #3389, .F. ) ;
#609 = DIRECTION ( 'NONE',  ( 0.000000000000000000, 0.000000000000000000, 1.000000000000000000 ) ) ;
#610 = AXIS2_PLACEMENT_3D ( 'NONE', #1329, #2517, #3679 ) ;
#611 = CARTESIAN_POINT ( 'NONE',  ( 0.000000000000000000, -9.500338972710009600, 0.000000000000000000 ) ) ;
#612 = AXIS2_PLACEMENT_3D ( 'NONE', #3021, #427, #2357 ) ;
#613 = LINE ( 'NONE', #2630, #3604 ) ;
#614 = VERTEX_POINT ( 'NONE', #1397 ) ;
#615 = VECTOR ( 'NONE', #3482, 1000.000000000000114 ) ;
#616 = AXIS2_PLACEMENT_3D ( 'NONE', #2307, #3157, #3228 ) ;
#617 = DIRECTION ( 'NONE',  ( 0.000000000000000000, 0.000000000000000000, -1.000000000000000000 ) ) ;
#618 = CARTESIAN_POINT ( 'NONE',  ( -6.500000000000024869, -8.720338972710006686, -7.199999999998459188 ) ) ;
#619 = VERTEX_POINT ( 'NONE', #2192 ) ;
#620 = AXIS2_PLACEMENT_3D ( 'NONE', #2625, #3472, #24 ) ;
#621 = EDGE_CURVE ( 'NONE', #1041, #311, #2642, .T. ) ;
#622 = CARTESIAN_POINT ( 'NONE',  ( -6.500000000000024869, -4.500338972710007823, -7.199999999998458300 ) ) ;
#623 = EDGE_CURVE ( 'NONE', #162, #2797, #2785, .T. ) ;
#624 = CARTESIAN_POINT ( 'NONE',  ( 30.95000000000000639, -26.95767651737898163, -1.037918005908522456 ) ) ;
#625 = DIRECTION ( 'NONE',  ( -1.000000000000000000, -0.000000000000000000, -0.000000000000000000 ) ) ;
#626 = ORIENTED_EDGE ( 'NONE', *, *, #1200, .T. ) ;
#627 = FACE_BOUND ( 'NONE', #807, .T. ) ;
#628 = FACE_BOUND ( 'NONE', #3733, .T. ) ;
#629 = CARTESIAN_POINT ( 'NONE',  ( -6.500000000000024869, -6.610000000000006537, -5.100000000000361133 ) ) ;
#630 = EDGE_LOOP ( 'NONE', ( #1772, #1479 ) ) ;
#631 = PLANE ( 'NONE',  #540 ) ;
#632 = CARTESIAN_POINT ( 'NONE',  ( 30.95000000000000639, -6.610000000000003872, -4.199999999998458300 ) ) ;
#633 = ORIENTED_EDGE ( 'NONE', *, *, #529, .F. ) ;
#634 = FACE_OUTER_BOUND ( 'NONE', #1300, .T. ) ;
#635 = DIRECTION ( 'NONE',  ( -0.000000000000000000, 1.000000000000000000, -0.000000000000000000 ) ) ;
#636 = ORIENTED_EDGE ( 'NONE', *, *, #3547, .T. ) ;
#637 = ORIENTED_EDGE ( 'NONE', *, *, #3709, .T. ) ;
#638 = CARTESIAN_POINT ( 'NONE',  ( -9.350000000000024514, -4.500338972710011376, -22.85972004506499999 ) ) ;
#639 = EDGE_CURVE ( 'NONE', #2961, #1000, #1638, .T. ) ;
#640 = DIRECTION ( 'NONE',  ( 0.000000000000000000, -1.000000000000000000, 0.000000000000000000 ) ) ;
#641 = EDGE_LOOP ( 'NONE', ( #2627, #2523, #3460, #322 ) ) ;
#642 = EDGE_CURVE ( 'NONE', #3324, #1153, #758, .T. ) ;
#643 = DIRECTION ( 'NONE',  ( 7.779833121590977705E-17, -1.000000000000000000, 1.482669637587014890E-17 ) ) ;
#644 = DIRECTION ( 'NONE',  ( 0.000000000000000000, -1.000000000000000000, 0.000000000000000000 ) ) ;
#645 = ORIENTED_EDGE ( 'NONE', *, *, #2998, .T. ) ;
#646 = ORIENTED_EDGE ( 'NONE', *, *, #3176, .T. ) ;
#647 = CARTESIAN_POINT ( 'NONE',  ( -9.350000000000024514, -27.11000000000001009, 17.40000000000344116 ) ) ;
#648 = CARTESIAN_POINT ( 'NONE',  ( 27.45000000000000284, -51.62604593830443633, -12.49999999999999112 ) ) ;
#649 = CARTESIAN_POINT ( 'NONE',  ( -9.350000000000024514, -29.25000000000000000, -19.41215000000000401 ) ) ;
#650 = ORIENTED_EDGE ( 'NONE', *, *, #1886, .T. ) ;
#651 = AXIS2_PLACEMENT_3D ( 'NONE', #1511, #2349, #2082 ) ;
#652 = CARTESIAN_POINT ( 'NONE',  ( -20.64999999999999503, 3.174999999999999822, -14.02500000000000036 ) ) ;
#653 = EDGE_CURVE ( 'NONE', #3349, #1519, #1374, .T. ) ;
#654 = ORIENTED_EDGE ( 'NONE', *, *, #818, .T. ) ;
#655 = DIRECTION ( 'NONE',  ( -1.000000000000000000, -0.000000000000000000, -0.000000000000000000 ) ) ;
#656 = AXIS2_PLACEMENT_3D ( 'NONE', #531, #2231, #1964 ) ;
#657 = CARTESIAN_POINT ( 'NONE',  ( -20.64999999999999503, -11.18106697290104101, 26.30000000000000071 ) ) ;
#658 = CARTESIAN_POINT ( 'NONE',  ( 30.95000000000000995, -26.11046727323418537, -4.199999999998461853 ) ) ;
#659 = EDGE_LOOP ( 'NONE', ( #3012, #251, #1788, #1152 ) ) ;
#660 = FACE_OUTER_BOUND ( 'NONE', #1277, .T. ) ;
#661 = DIRECTION ( 'NONE',  ( 1.000000000000000000, 0.000000000000000000, 0.000000000000000000 ) ) ;
#662 = EDGE_LOOP ( 'NONE', ( #2085, #679, #684 ) ) ;
#663 = EDGE_LOOP ( 'NONE', ( #2020, #2042 ) ) ;
#664 = AXIS2_PLACEMENT_3D ( 'NONE', #510, #1650, #1669 ) ;
#665 = DIRECTION ( 'NONE',  ( 0.000000000000000000, 0.000000000000000000, -1.000000000000000000 ) ) ;
#666 = CARTESIAN_POINT ( 'NONE',  ( -28.64999999999999503, -11.18106697290102858, -26.30000000000000426 ) ) ;
#667 = ORIENTED_EDGE ( 'NONE', *, *, #967, .T. ) ;
#668 = VECTOR ( 'NONE', #3663, 1000.000000000000000 ) ;
#669 = AXIS2_PLACEMENT_3D ( 'NONE', #259, #1403, #2297 ) ;
#670 = AXIS2_PLACEMENT_3D ( 'NONE', #1078, #3659, #2216 ) ;
#671 = PLANE ( 'NONE',  #2944 ) ;
#672 = ORIENTED_EDGE ( 'NONE', *, *, #3019, .F. ) ;
#673 = LINE ( 'NONE', #2401, #3419 ) ;
#674 = VECTOR ( 'NONE', #759, 1000.000000000000000 ) ;
#675 = AXIS2_PLACEMENT_3D ( 'NONE', #2955, #635, #704 ) ;
#676 = AXIS2_PLACEMENT_3D ( 'NONE', #1517, #2159, #3283 ) ;
#677 = DIRECTION ( 'NONE',  ( 0.000000000000000000, 0.000000000000000000, 1.000000000000000000 ) ) ;
#678 = DIRECTION ( 'NONE',  ( -1.000000000000000000, -7.779833121590977705E-17, 6.162975822039154730E-33 ) ) ;
#679 = ORIENTED_EDGE ( 'NONE', *, *, #2877, .T. ) ;
#680 = ADVANCED_FACE ( 'NONE', ( #2250 ), #3068, .F. ) ;
#681 = VECTOR ( 'NONE', #3300, 1000.000000000000000 ) ;
#682 = CARTESIAN_POINT ( 'NONE',  ( -1.110223024625156540E-13, -4.500338972710011376, 1.387778780781445676E-13 ) ) ;
#683 = FACE_BOUND ( 'NONE', #792, .T. ) ;
#684 = ORIENTED_EDGE ( 'NONE', *, *, #1072, .T. ) ;
#685 = ORIENTED_EDGE ( 'NONE', *, *, #2850, .T. ) ;
#686 = DIRECTION ( 'NONE',  ( 1.000000000000000000, 0.000000000000000000, 0.000000000000000000 ) ) ;
#687 = DIRECTION ( 'NONE',  ( -1.000000000000000000, 0.000000000000000000, 0.000000000000000000 ) ) ;
#688 = EDGE_CURVE ( 'NONE', #2432, #2823, #1484, .T. ) ;
#689 = LINE ( 'NONE', #2977, #415 ) ;
#690 = CARTESIAN_POINT ( 'NONE',  ( -13.35000000000002274, -24.11499999999997002, 24.55000000000000071 ) ) ;
#691 = ORIENTED_EDGE ( 'NONE', *, *, #3393, .F. ) ;
#692 = CYLINDRICAL_SURFACE ( 'NONE', #3543, 0.9997466849082959905 ) ;
#693 = CARTESIAN_POINT ( 'NONE',  ( -12.85000000000002096, -24.11214197290103201, -24.55000000000000071 ) ) ;
#694 = DIRECTION ( 'NONE',  ( 0.000000000000000000, -1.000000000000000000, 0.000000000000000000 ) ) ;
#695 = ORIENTED_EDGE ( 'NONE', *, *, #2366, .T. ) ;
#696 = EDGE_CURVE ( 'NONE', #773, #953, #1058, .T. ) ;
#697 = DIRECTION ( 'NONE',  ( -0.000000000000000000, 0.000000000000000000, 1.000000000000000000 ) ) ;
#698 = CARTESIAN_POINT ( 'NONE',  ( 27.44999999999999929, -4.500338972710011376, -1.949999999999993516 ) ) ;
#699 = VERTEX_POINT ( 'NONE', #3371 ) ;
#700 = ORIENTED_EDGE ( 'NONE', *, *, #1770, .F. ) ;
#701 = DIRECTION ( 'NONE',  ( -1.000000000000000000, -0.000000000000000000, -0.000000000000000000 ) ) ;
#702 = DIRECTION ( 'NONE',  ( 0.000000000000000000, 0.000000000000000000, -1.000000000000000000 ) ) ;
#703 = DIRECTION ( 'NONE',  ( 1.000000000000000000, 0.000000000000000000, 0.000000000000000000 ) ) ;
#704 = DIRECTION ( 'NONE',  ( 0.000000000000000000, 0.000000000000000000, 1.000000000000000000 ) ) ;
#705 = ORIENTED_EDGE ( 'NONE', *, *, #3494, .T. ) ;
#706 = DIRECTION ( 'NONE',  ( -7.779833121590977705E-17, 1.000000000000000000, 0.000000000000000000 ) ) ;
#707 = AXIS2_PLACEMENT_3D ( 'NONE', #564, #2863, #839 ) ;
#708 = DIRECTION ( 'NONE',  ( -1.000000000000000000, -9.745637505487683463E-17, 0.000000000000000000 ) ) ;
#709 = DIRECTION ( 'NONE',  ( 0.000000000000000000, 0.000000000000000000, -1.000000000000000000 ) ) ;
#710 = VERTEX_POINT ( 'NONE', #1354 ) ;
#711 = VECTOR ( 'NONE', #574, 1000.000000000000000 ) ;
#712 = EDGE_CURVE ( 'NONE', #269, #2946, #2760, .T. ) ;
#713 = DIRECTION ( 'NONE',  ( -0.000000000000000000, 1.000000000000000000, -0.000000000000000000 ) ) ;
#714 = EDGE_CURVE ( 'NONE', #2572, #2198, #1043, .T. ) ;
#715 = ADVANCED_FACE ( 'NONE', ( #2511 ), #3674, .F. ) ;
#716 = CYLINDRICAL_SURFACE ( 'NONE', #676, 1.424999999999999600 ) ;
#717 = ORIENTED_EDGE ( 'NONE', *, *, #392, .F. ) ;
#718 = DIRECTION ( 'NONE',  ( 1.000000000000000000, 0.000000000000000000, 0.000000000000000000 ) ) ;
#719 = ORIENTED_EDGE ( 'NONE', *, *, #90, .F. ) ;
#720 = FACE_BOUND ( 'NONE', #1437, .T. ) ;
#721 = DIRECTION ( 'NONE',  ( -0.000000000000000000, 1.000000000000000000, -0.000000000000000000 ) ) ;
#722 = EDGE_CURVE ( 'NONE', #326, #1369, #1120, .T. ) ;
#723 = CARTESIAN_POINT ( 'NONE',  ( 30.95000000000000995, -28.11229348187190880, 20.25000000000153477 ) ) ;
#724 = VECTOR ( 'NONE', #297, 1000.000000000000000 ) ;
#725 = ORIENTED_EDGE ( 'NONE', *, *, #1297, .F. ) ;
#726 = DIRECTION ( 'NONE',  ( -7.779833121590977705E-17, 1.000000000000000000, 2.965339275174029780E-17 ) ) ;
#727 = VECTOR ( 'NONE', #2014, 1000.000000000000000 ) ;
#728 = ADVANCED_FACE ( 'NONE', ( #3103, #810, #2815, #3121 ), #2836, .F. ) ;
#729 = FILL_AREA_STYLE_COLOUR ( '', #1208 ) ;
#730 = DIRECTION ( 'NONE',  ( -1.000000000000000000, -0.000000000000000000, -0.000000000000000000 ) ) ;
#731 = VERTEX_POINT ( 'NONE', #3424 ) ;
#732 = AXIS2_PLACEMENT_3D ( 'NONE', #1938, #2483, #2157 ) ;
#733 = VECTOR ( 'NONE', #2934, 1000.000000000000000 ) ;
#734 = DIRECTION ( 'NONE',  ( 0.000000000000000000, 0.000000000000000000, -1.000000000000000000 ) ) ;
#735 = CARTESIAN_POINT ( 'NONE',  ( -9.350000000000024514, -9.500338972710009600, -22.85972004506499999 ) ) ;
#736 = ORIENTED_EDGE ( 'NONE', *, *, #2051, .F. ) ;
#737 = CARTESIAN_POINT ( 'NONE',  ( -13.35000000000002274, -24.11213394580208913, -24.55000000000000071 ) ) ;
#738 = ORIENTED_EDGE ( 'NONE', *, *, #231, .F. ) ;
#739 = LINE ( 'NONE', #3345, #840 ) ;
#740 = DIRECTION ( 'NONE',  ( 0.000000000000000000, 0.7071067811865463515, 0.7071067811865487940 ) ) ;
#741 = EDGE_CURVE ( 'NONE', #162, #1080, #2578, .T. ) ;
#742 = EDGE_LOOP ( 'NONE', ( #1747, #695, #1061, #3301 ) ) ;
#743 = DIRECTION ( 'NONE',  ( 0.000000000000000000, -0.000000000000000000, -1.000000000000000000 ) ) ;
#744 = EDGE_LOOP ( 'NONE', ( #266, #2281, #81, #3175 ) ) ;
#745 = FACE_OUTER_BOUND ( 'NONE', #353, .T. ) ;
#746 = LINE ( 'NONE', #2155, #2533 ) ;
#747 = ORIENTED_EDGE ( 'NONE', *, *, #169, .F. ) ;
#748 = DIRECTION ( 'NONE',  ( 0.000000000000000000, -1.000000000000000000, 0.000000000000000000 ) ) ;
#749 = VERTEX_POINT ( 'NONE', #342 ) ;
#750 = ORIENTED_EDGE ( 'NONE', *, *, #335, .T. ) ;
#751 = EDGE_CURVE ( 'NONE', #391, #2160, #768, .T. ) ;
#752 = CARTESIAN_POINT ( 'NONE',  ( 27.44999999999999574, 5.869389442998325217E-15, -12.49999999999999112 ) ) ;
#753 = DIRECTION ( 'NONE',  ( 1.000000000000000000, 9.745637505487680998E-17, -0.000000000000000000 ) ) ;
#754 = EDGE_CURVE ( 'NONE', #803, #1893, #526, .T. ) ;
#755 = LINE ( 'NONE', #2225, #3193 ) ;
#756 = EDGE_LOOP ( 'NONE', ( #1366, #2234, #3422, #991, #16, #1071, #3533, #3538, #2381, #2537, #588, #934 ) ) ;
#757 = CARTESIAN_POINT ( 'NONE',  ( -1.108569751446307578E-13, 0.000000000000000000, -1.349999999999861311 ) ) ;
#758 = LINE ( 'NONE', #2551, #3122 ) ;
#759 = DIRECTION ( 'NONE',  ( -1.000000000000000000, -0.000000000000000000, -0.000000000000000000 ) ) ;
#760 = FACE_OUTER_BOUND ( 'NONE', #3707, .T. ) ;
#761 = ORIENTED_EDGE ( 'NONE', *, *, #2486, .T. ) ;
#762 = CLOSED_SHELL ( 'NONE', ( #2567, #1065, #2759, #984, #3595, #560, #1743, #2327, #216, #56, #2430, #2158, #3232, #3400, #2963, #2176, #3317, #3272, #45, #2276, #2503, #2895, #2133, #205, #3689, #3443, #410, #602, #728, #2265, #2975, #3045, #364, #954, #680, #76, #1615, #1350, #470, #1255, #2544, #3575, #2842, #1194, #1724, #314, #1659, #2249, #1238, #2017, #1115, #1935, #1161, #2370, #1004, #1343, #1098, #995, #2148, #292, #2246, #715, #3289, #2623, #276, #450, #1183, #3639, #2309, #601, #1514, #202, #569, #1458, #221, #870, #2086, #2658, #1943, #3672, #1922, #1645, #608, #553, #2009, #117, #923, #869, #1138, #148, #2739, #1221, #2645, #2328, #3352, #2026, #3155, #1696, #1691, #2983, #2439, #2118, #916, #1269, #795, #1701, #1854, #809, #2126, #883, #2487, #2611, #1059, #2809, #198, #437 ) ) ;
#763 = CARTESIAN_POINT ( 'NONE',  ( 4.950000000000001066, 0.000000000000000000, -1.949497572824771208 ) ) ;
#764 = DIRECTION ( 'NONE',  ( 0.000000000000000000, -1.000000000000000000, 0.000000000000000000 ) ) ;
#765 = VERTEX_POINT ( 'NONE', #3501 ) ;
#766 = VECTOR ( 'NONE', #1975, 1000.000000000000000 ) ;
#767 = DIRECTION ( 'NONE',  ( 0.000000000000000000, 0.000000000000000000, 1.000000000000000000 ) ) ;
#768 = CIRCLE ( 'NONE', #950, 1.425000000000000044 ) ;
#769 = LINE ( 'NONE', #1036, #1317 ) ;
#770 = FACE_BOUND ( 'NONE', #2289, .T. ) ;
#771 = CYLINDRICAL_SURFACE ( 'NONE', #65, 0.8750000000000007772 ) ;
#772 = VERTEX_POINT ( 'NONE', #2040 ) ;
#773 = VERTEX_POINT ( 'NONE', #868 ) ;
#774 = DIRECTION ( 'NONE',  ( 0.000000000000000000, 1.000000000000000000, -0.000000000000000000 ) ) ;
#775 = AXIS2_PLACEMENT_3D ( 'NONE', #113, #2414, #2433 ) ;
#776 = CARTESIAN_POINT ( 'NONE',  ( -9.350000000000024514, -27.11000000000000654, -4.199999999998461853 ) ) ;
#777 = CARTESIAN_POINT ( 'NONE',  ( 30.95000000000000639, -26.95767651737898163, -1.537918005908522900 ) ) ;
#778 = ORIENTED_EDGE ( 'NONE', *, *, #441, .F. ) ;
#779 = VECTOR ( 'NONE', #1706, 1000.000000000000000 ) ;
#780 = CIRCLE ( 'NONE', #3142, 0.5000000000000006661 ) ;
#781 = LINE ( 'NONE', #2804, #1561 ) ;
#782 = DIRECTION ( 'NONE',  ( -1.000000000000000000, -0.000000000000000000, -0.000000000000000000 ) ) ;
#783 = EDGE_LOOP ( 'NONE', ( #2614, #1361, #2566, #2781 ) ) ;
#784 = CARTESIAN_POINT ( 'NONE',  ( 4.949497572824959946, 0.000000000000000000, 7.950000000000529532 ) ) ;
#785 = EDGE_CURVE ( 'NONE', #1310, #3133, #1974, .T. ) ;
#786 = VECTOR ( 'NONE', #1305, 1000.000000000000000 ) ;
#787 = AXIS2_PLACEMENT_3D ( 'NONE', #1670, #2479, #1980 ) ;
#788 = CARTESIAN_POINT ( 'NONE',  ( -9.350000000000024514, -16.85999999999956245, -5.399999999998658318 ) ) ;
#789 = AXIS2_PLACEMENT_3D ( 'NONE', #968, #2080, #397 ) ;
#790 = CARTESIAN_POINT ( 'NONE',  ( 4.950000000000001066, 6.349999999999999645, -4.949497572824772540 ) ) ;
#791 = VECTOR ( 'NONE', #921, 1000.000000000000000 ) ;
#792 = EDGE_LOOP ( 'NONE', ( #1953, #3355 ) ) ;
#793 = CIRCLE ( 'NONE', #2908, 1.002199995687616196 ) ;
#794 = DIRECTION ( 'NONE',  ( 0.000000000000000000, -0.000000000000000000, 1.000000000000000000 ) ) ;
#795 = ADVANCED_FACE ( 'NONE', ( #3215, #363 ), #3231, .T. ) ;
#796 = EDGE_LOOP ( 'NONE', ( #1733, #1338 ) ) ;
#797 = EDGE_CURVE ( 'NONE', #33, #3324, #1431, .T. ) ;
#798 = DIRECTION ( 'NONE',  ( 0.000000000000000000, 1.000000000000000000, 0.000000000000000000 ) ) ;
#799 = LINE ( 'NONE', #1639, #1386 ) ;
#800 = VERTEX_POINT ( 'NONE', #12 ) ;
#801 = DIRECTION ( 'NONE',  ( -0.000000000000000000, 1.000000000000000000, -0.000000000000000000 ) ) ;
#802 = CARTESIAN_POINT ( 'NONE',  ( -20.64999999999999503, 3.174999999999999822, 13.15000000000000036 ) ) ;
#803 = VERTEX_POINT ( 'NONE', #2022 ) ;
#804 = DIRECTION ( 'NONE',  ( -1.000000000000000000, 0.000000000000000000, -0.000000000000000000 ) ) ;
#805 = CARTESIAN_POINT ( 'NONE',  ( 27.45000000000000284, -42.04685710750737826, -18.02622368288010790 ) ) ;
#806 = DIRECTION ( 'NONE',  ( 0.000000000000000000, 0.000000000000000000, 1.000000000000000000 ) ) ;
#807 = EDGE_LOOP ( 'NONE', ( #2493, #1757, #228, #316, #927, #1353, #1885, #1925 ) ) ;
#808 = VERTEX_POINT ( 'NONE', #591 ) ;
#809 = ADVANCED_FACE ( 'NONE', ( #634 ), #3447, .T. ) ;
#810 = FACE_BOUND ( 'NONE', #2203, .T. ) ;
#811 = CYLINDRICAL_SURFACE ( 'NONE', #1268, 4.000000000000000000 ) ;
#812 = ORIENTED_EDGE ( 'NONE', *, *, #3615, .F. ) ;
#813 = ORIENTED_EDGE ( 'NONE', *, *, #239, .T. ) ;
#814 = DIRECTION ( 'NONE',  ( 0.000000000000000000, 1.000000000000000000, 2.965339275174030396E-17 ) ) ;
#815 = ORIENTED_EDGE ( 'NONE', *, *, #401, .T. ) ;
#816 = LINE ( 'NONE', #3662, #766 ) ;
#817 = VECTOR ( 'NONE', #774, 1000.000000000000000 ) ;
#818 = EDGE_CURVE ( 'NONE', #2095, #3102, #1847, .T. ) ;
#819 = LINE ( 'NONE', #1175, #2657 ) ;
#820 = AXIS2_PLACEMENT_3D ( 'NONE', #37, #331, #1157 ) ;
#821 = FACE_OUTER_BOUND ( 'NONE', #472, .T. ) ;
#822 = ORIENTED_EDGE ( 'NONE', *, *, #2045, .F. ) ;
#823 = VECTOR ( 'NONE', #3290, 1000.000000000000000 ) ;
#824 = CYLINDRICAL_SURFACE ( 'NONE', #2770, 0.9000000000019027224 ) ;
#825 = CYLINDRICAL_SURFACE ( 'NONE', #787, 1.425000000000000044 ) ;
#826 = EDGE_LOOP ( 'NONE', ( #2592, #595, #1612, #281 ) ) ;
#827 = ORIENTED_EDGE ( 'NONE', *, *, #2187, .T. ) ;
#828 = EDGE_CURVE ( 'NONE', #1905, #1342, #2590, .T. ) ;
#829 = CARTESIAN_POINT ( 'NONE',  ( -1.110223024625156540E-13, 0.000000000000000000, 1.387778780781445676E-13 ) ) ;
#830 = CARTESIAN_POINT ( 'NONE',  ( 27.44999999999999574, -4.500338972710011376, -22.85972004506499999 ) ) ;
#831 = EDGE_LOOP ( 'NONE', ( #1758, #3304, #815, #2704 ) ) ;
#832 = ORIENTED_EDGE ( 'NONE', *, *, #910, .F. ) ;
#833 = AXIS2_PLACEMENT_3D ( 'NONE', #1921, #2491, #1069 ) ;
#834 = EDGE_CURVE ( 'NONE', #800, #2797, #1426, .T. ) ;
#835 = CARTESIAN_POINT ( 'NONE',  ( -1.110223024625156540E-13, -4.500338972710011376, -2.999999999999861888 ) ) ;
#836 = DIRECTION ( 'NONE',  ( 0.000000000000000000, -0.3940327209102227335, -0.9190964121636459039 ) ) ;
#837 = EDGE_LOOP ( 'NONE', ( #183, #1395, #1168, #2264 ) ) ;
#838 = AXIS2_PLACEMENT_3D ( 'NONE', #451, #1348, #241 ) ;
#839 = DIRECTION ( 'NONE',  ( 0.000000000000000000, 0.000000000000000000, 1.000000000000000000 ) ) ;
#840 = VECTOR ( 'NONE', #2754, 1000.000000000000000 ) ;
#841 = DIRECTION ( 'NONE',  ( -1.000000000000000000, -0.000000000000000000, 0.000000000000000000 ) ) ;
#842 = CARTESIAN_POINT ( 'NONE',  ( 0.000000000000000000, 6.349999999999999645, 25.05000000000001492 ) ) ;
#843 = CIRCLE ( 'NONE', #2965, 1.002293481871904923 ) ;
#844 = AXIS2_PLACEMENT_3D ( 'NONE', #2154, #1122, #1875 ) ;
#845 = PLANE ( 'NONE',  #1613 ) ;
#846 = EDGE_CURVE ( 'NONE', #1848, #3546, #3161, .T. ) ;
#847 = CARTESIAN_POINT ( 'NONE',  ( -6.500000000000024869, -8.720338972710006686, -7.199999999998459188 ) ) ;
#848 = ORIENTED_EDGE ( 'NONE', *, *, #2325, .F. ) ;
#849 = ORIENTED_EDGE ( 'NONE', *, *, #988, .T. ) ;
#850 = VECTOR ( 'NONE', #2390, 1000.000000000000000 ) ;
#851 = CARTESIAN_POINT ( 'NONE',  ( -1.110223024625156540E-13, 6.349999999999999645, 1.387778780781445676E-13 ) ) ;
#852 = CARTESIAN_POINT ( 'NONE',  ( 4.949497572824959946, 6.349999999999999645, 6.375000000000527578 ) ) ;
#853 = ORIENTED_EDGE ( 'NONE', *, *, #567, .T. ) ;
#854 = ORIENTED_EDGE ( 'NONE', *, *, #3686, .F. ) ;
#855 = FACE_OUTER_BOUND ( 'NONE', #3358, .T. ) ;
#856 = ORIENTED_EDGE ( 'NONE', *, *, #2482, .F. ) ;
#857 = CARTESIAN_POINT ( 'NONE',  ( 25.55000000000000071, -6.610000000000003872, 20.25000000000153477 ) ) ;
#858 = FACE_OUTER_BOUND ( 'NONE', #1070, .T. ) ;
#859 = DIRECTION ( 'NONE',  ( 0.000000000000000000, 0.000000000000000000, 1.000000000000000000 ) ) ;
#860 = ORIENTED_EDGE ( 'NONE', *, *, #3643, .T. ) ;
#861 = EDGE_CURVE ( 'NONE', #2391, #2426, #2035, .T. ) ;
#862 = DIRECTION ( 'NONE',  ( 1.000000000000000000, 0.000000000000000000, 0.000000000000000000 ) ) ;
#863 = CARTESIAN_POINT ( 'NONE',  ( 25.55000000000000426, -26.11046727323418537, -4.199999999998461853 ) ) ;
#864 = ORIENTED_EDGE ( 'NONE', *, *, #1413, .T. ) ;
#865 = ORIENTED_EDGE ( 'NONE', *, *, #3014, .T. ) ;
#866 = EDGE_CURVE ( 'NONE', #1248, #2145, #285, .T. ) ;
#867 = EDGE_CURVE ( 'NONE', #3168, #1193, #928, .T. ) ;
#868 = CARTESIAN_POINT ( 'NONE',  ( 27.44999999999999929, -6.760289708239330508, -1.537918005908522900 ) ) ;
#869 = ADVANCED_FACE ( 'NONE', ( #1453 ), #2615, .F. ) ;
#870 = ADVANCED_FACE ( 'NONE', ( #2952 ), #889, .T. ) ;
#871 = DIRECTION ( 'NONE',  ( 1.000000000000000000, 9.745637505487683463E-17, -0.000000000000000000 ) ) ;
#872 = EDGE_LOOP ( 'NONE', ( #672, #3180 ) ) ;
#873 = EDGE_LOOP ( 'NONE', ( #444, #2317, #468, #3461 ) ) ;
#874 = DIRECTION ( 'NONE',  ( 6.162975822039154730E-33, 6.006212831667855052E-49, 1.000000000000000000 ) ) ;
#875 = DIRECTION ( 'NONE',  ( 0.000000000000000000, 0.000000000000000000, -1.000000000000000000 ) ) ;
#876 = ORIENTED_EDGE ( 'NONE', *, *, #19, .F. ) ;
#877 = DIRECTION ( 'NONE',  ( 0.000000000000000000, 0.000000000000000000, -1.000000000000000000 ) ) ;
#878 = DIRECTION ( 'NONE',  ( 0.000000000000000000, 0.000000000000000000, 1.000000000000000000 ) ) ;
#879 = LINE ( 'NONE', #2865, #791 ) ;
#880 = AXIS2_PLACEMENT_3D ( 'NONE', #346, #3219, #3504 ) ;
#881 = ORIENTED_EDGE ( 'NONE', *, *, #475, .T. ) ;
#882 = CIRCLE ( 'NONE', #2814, 4.000000000000000000 ) ;
#883 = ADVANCED_FACE ( 'NONE', ( #1468 ), #2632, .T. ) ;
#884 = DIRECTION ( 'NONE',  ( 0.000000000000000000, -0.7071067811865459074, -0.7071067811865491270 ) ) ;
#885 = DIRECTION ( 'NONE',  ( -1.000000000000000000, -0.000000000000000000, -0.000000000000000000 ) ) ;
#886 = ORIENTED_EDGE ( 'NONE', *, *, #2241, .F. ) ;
#887 = CIRCLE ( 'NONE', #524, 0.9997466849082959905 ) ;
#888 = EDGE_CURVE ( 'NONE', #2429, #512, #3425, .T. ) ;
#889 = PLANE ( 'NONE',  #406 ) ;
#890 = CARTESIAN_POINT ( 'NONE',  ( -13.35000000000002274, -6.610000000000006537, 17.40000000000344116 ) ) ;
#891 = ORIENTED_EDGE ( 'NONE', *, *, #1001, .F. ) ;
#892 = CYLINDRICAL_SURFACE ( 'NONE', #651, 3.000000000000000888 ) ;
#893 = DIRECTION ( 'NONE',  ( -0.000000000000000000, 1.000000000000000000, -0.000000000000000000 ) ) ;
#894 = CARTESIAN_POINT ( 'NONE',  ( 31.44999999999999929, 3.349999999999996536, 28.05000000000000071 ) ) ;
#895 = ORIENTED_EDGE ( 'NONE', *, *, #3126, .F. ) ;
#896 = CARTESIAN_POINT ( 'NONE',  ( -1.110223024625156540E-13, 8.485281374238571317, 1.387778780781445676E-13 ) ) ;
#897 = VECTOR ( 'NONE', #1542, 1000.000000000000000 ) ;
#898 = CARTESIAN_POINT ( 'NONE',  ( -20.64999999999999503, -11.18106697290102858, -25.42500000000000426 ) ) ;
#899 = CARTESIAN_POINT ( 'NONE',  ( -6.500000000000024869, -4.500338972710011376, 7.518057480633947520 ) ) ;
#900 = EDGE_CURVE ( 'NONE', #3410, #530, #3009, .T. ) ;
#901 = ORIENTED_EDGE ( 'NONE', *, *, #1308, .F. ) ;
#902 = AXIS2_PLACEMENT_3D ( 'NONE', #2185, #2488, #804 ) ;
#903 = DIRECTION ( 'NONE',  ( -1.000000000000000000, -0.000000000000000000, -0.000000000000000000 ) ) ;
#904 = AXIS2_PLACEMENT_3D ( 'NONE', #1172, #20, #1993 ) ;
#905 = PLANE ( 'NONE',  #3384 ) ;
#906 = VECTOR ( 'NONE', #2902, 1000.000000000000000 ) ;
#907 = LINE ( 'NONE', #2448, #2267 ) ;
#908 = ORIENTED_EDGE ( 'NONE', *, *, #529, .T. ) ;
#909 = VECTOR ( 'NONE', #2874, 1000.000000000000000 ) ;
#910 = EDGE_CURVE ( 'NONE', #1497, #2798, #3049, .T. ) ;
#911 = DIRECTION ( 'NONE',  ( -1.000000000000000000, -0.000000000000000000, -0.000000000000000000 ) ) ;
#912 = DIRECTION ( 'NONE',  ( 1.000000000000000000, 0.000000000000000000, 0.000000000000000000 ) ) ;
#913 = ORIENTED_EDGE ( 'NONE', *, *, #1840, .F. ) ;
#914 = AXIS2_PLACEMENT_3D ( 'NONE', #375, #2967, #3022 ) ;
#915 = LINE ( 'NONE', #2980, #1541 ) ;
#916 = ADVANCED_FACE ( 'NONE', ( #2703 ), #671, .T. ) ;
#917 = FACE_OUTER_BOUND ( 'NONE', #2854, .T. ) ;
#918 = DIRECTION ( 'NONE',  ( -1.000000000000000000, 0.000000000000000000, 0.000000000000000000 ) ) ;
#919 = VERTEX_POINT ( 'NONE', #3249 ) ;
#920 = LINE ( 'NONE', #2072, #3506 ) ;
#921 = DIRECTION ( 'NONE',  ( -1.000000000000000000, -0.000000000000000000, -0.000000000000000000 ) ) ;
#922 = ORIENTED_EDGE ( 'NONE', *, *, #939, .T. ) ;
#923 = ADVANCED_FACE ( 'NONE', ( #3271 ), #2685, .F. ) ;
#924 = CARTESIAN_POINT ( 'NONE',  ( -1.106549084227714486E-13, -4.500338972710011376, 3.000000000000139444 ) ) ;
#925 = DIRECTION ( 'NONE',  ( 0.000000000000000000, 0.000000000000000000, -1.000000000000000000 ) ) ;
#926 = LINE ( 'NONE', #3609, #1117 ) ;
#927 = ORIENTED_EDGE ( 'NONE', *, *, #696, .F. ) ;
#928 = LINE ( 'NONE', #1790, #1546 ) ;
#929 = EDGE_CURVE ( 'NONE', #3270, #2722, #1984, .T. ) ;
#930 = VERTEX_POINT ( 'NONE', #3580 ) ;
#931 = CARTESIAN_POINT ( 'NONE',  ( -13.35000000000002274, -6.610000000000006537, -5.100000000000361133 ) ) ;
#932 = CARTESIAN_POINT ( 'NONE',  ( -4.950000000000338574, -4.500338972710011376, 4.949497572825494629 ) ) ;
#933 = LINE ( 'NONE', #1272, #3507 ) ;
#934 = ORIENTED_EDGE ( 'NONE', *, *, #3370, .T. ) ;
#935 = FACE_OUTER_BOUND ( 'NONE', #327, .T. ) ;
#936 = CARTESIAN_POINT ( 'NONE',  ( 31.44999999999999929, -44.41604593830443548, 12.50000000000000711 ) ) ;
#937 = ORIENTED_EDGE ( 'NONE', *, *, #128, .T. ) ;
#938 = VERTEX_POINT ( 'NONE', #2097 ) ;
#939 = EDGE_CURVE ( 'NONE', #168, #2753, #3597, .T. ) ;
#940 = DIRECTION ( 'NONE',  ( 0.000000000000000000, 0.000000000000000000, -1.000000000000000000 ) ) ;
#941 = CYLINDRICAL_SURFACE ( 'NONE', #1811, 0.8750000000000007772 ) ;
#942 = EDGE_LOOP ( 'NONE', ( #50, #1474, #646, #3608 ) ) ;
#943 = AXIS2_PLACEMENT_3D ( 'NONE', #3234, #655, #2957 ) ;
#944 = CARTESIAN_POINT ( 'NONE',  ( 31.44999999999999929, -51.62604593830443633, 12.50000000000001066 ) ) ;
#945 = CIRCLE ( 'NONE', #3238, 0.9997466849082959905 ) ;
#946 = CARTESIAN_POINT ( 'NONE',  ( 27.45000000000000284, -51.62604593830443633, 1.040834085586084257E-14 ) ) ;
#947 = EDGE_CURVE ( 'NONE', #614, #3734, #689, .T. ) ;
#948 = EDGE_LOOP ( 'NONE', ( #717, #3699, #650, #832 ) ) ;
#949 = ORIENTED_EDGE ( 'NONE', *, *, #1200, .F. ) ;
#950 = AXIS2_PLACEMENT_3D ( 'NONE', #1754, #2872, #3480 ) ;
#951 = CYLINDRICAL_SURFACE ( 'NONE', #965, 0.5000000000000004441 ) ;
#952 = LINE ( 'NONE', #658, #2778 ) ;
#953 = VERTEX_POINT ( 'NONE', #3539 ) ;
#954 = ADVANCED_FACE ( 'NONE', ( #381, #454 ), #1523, .T. ) ;
#955 = CARTESIAN_POINT ( 'NONE',  ( -9.350000000000024514, -9.500338972710009600, -22.85972004506499999 ) ) ;
#956 = CYLINDRICAL_SURFACE ( 'NONE', #2608, 7.100160573022912480 ) ;
#957 = ORIENTED_EDGE ( 'NONE', *, *, #754, .F. ) ;
#958 = VERTEX_POINT ( 'NONE', #2455 ) ;
#959 = AXIS2_PLACEMENT_3D ( 'NONE', #3557, #2743, #1562 ) ;
#960 = DIRECTION ( 'NONE',  ( 0.000000000000000000, 0.000000000000000000, 1.000000000000000000 ) ) ;
#961 = LINE ( 'NONE', #3555, #3146 ) ;
#962 = ORIENTED_EDGE ( 'NONE', *, *, #2933, .T. ) ;
#963 = AXIS2_PLACEMENT_3D ( 'NONE', #3361, #3379, #1958 ) ;
#964 = AXIS2_PLACEMENT_3D ( 'NONE', #3532, #661, #3607 ) ;
#965 = AXIS2_PLACEMENT_3D ( 'NONE', #624, #74, #2402 ) ;
#966 = DIRECTION ( 'NONE',  ( 0.000000000000000000, 0.000000000000000000, 1.000000000000000000 ) ) ;
#967 = EDGE_CURVE ( 'NONE', #2946, #1310, #2670, .T. ) ;
#968 = CARTESIAN_POINT ( 'NONE',  ( 0.000000000000000000, 0.000000000000000000, 0.000000000000000000 ) ) ;
#969 = EDGE_LOOP ( 'NONE', ( #2492, #2400, #455, #747 ) ) ;
#970 = CARTESIAN_POINT ( 'NONE',  ( 31.44999999999999929, -39.25000000000000000, -24.55000000000000071 ) ) ;
#971 = VECTOR ( 'NONE', #157, 1000.000000000000000 ) ;
#972 = DIRECTION ( 'NONE',  ( 0.000000000000000000, -1.000000000000000000, 0.000000000000000000 ) ) ;
#973 = DIRECTION ( 'NONE',  ( -0.000000000000000000, 1.000000000000000000, -0.000000000000000000 ) ) ;
#974 = ORIENTED_EDGE ( 'NONE', *, *, #1249, .T. ) ;
#975 = CIRCLE ( 'NONE', #1380, 0.8750000000000007772 ) ;
#976 = FACE_OUTER_BOUND ( 'NONE', #2562, .T. ) ;
#977 = CARTESIAN_POINT ( 'NONE',  ( 4.949497572824959946, -4.500338972710011376, 1.950000000000526423 ) ) ;
#978 = ORIENTED_EDGE ( 'NONE', *, *, #1367, .F. ) ;
#979 = EDGE_LOOP ( 'NONE', ( #201, #1412, #1352, #1491 ) ) ;
#980 = CARTESIAN_POINT ( 'NONE',  ( -13.35000000000002274, -6.610000000000006537, 16.50000000000153833 ) ) ;
#981 = FACE_OUTER_BOUND ( 'NONE', #2853, .T. ) ;
#982 = ORIENTED_EDGE ( 'NONE', *, *, #2598, .T. ) ;
#983 = DIRECTION ( 'NONE',  ( -9.745637505487682231E-17, 1.000000000000000000, 0.000000000000000000 ) ) ;
#984 = ADVANCED_FACE ( 'NONE', ( #3616 ), #1846, .F. ) ;
#985 = ORIENTED_EDGE ( 'NONE', *, *, #3112, .F. ) ;
#986 = DIRECTION ( 'NONE',  ( -0.000000000000000000, 1.000000000000000000, -0.000000000000000000 ) ) ;
#987 = EDGE_CURVE ( 'NONE', #3734, #1253, #3434, .T. ) ;
#988 = EDGE_CURVE ( 'NONE', #1782, #2969, #2727, .T. ) ;
#989 = DIRECTION ( 'NONE',  ( 0.000000000000000000, 0.000000000000000000, 1.000000000000000000 ) ) ;
#990 = DIRECTION ( 'NONE',  ( -1.000000000000000000, -9.745637505487682231E-17, 0.000000000000000000 ) ) ;
#991 = ORIENTED_EDGE ( 'NONE', *, *, #639, .T. ) ;
#992 = DIRECTION ( 'NONE',  ( 0.000000000000000000, 0.000000000000000000, 1.000000000000000000 ) ) ;
#993 = CARTESIAN_POINT ( 'NONE',  ( 0.000000000000000000, -24.11213394580208913, 24.55000000000000071 ) ) ;
#994 = ORIENTED_EDGE ( 'NONE', *, *, #2877, .F. ) ;
#995 = ADVANCED_FACE ( 'NONE', ( #139 ), #101, .F. ) ;
#996 = CARTESIAN_POINT ( 'NONE',  ( 27.45000000000000284, -42.04685710750737115, 18.02622368288013277 ) ) ;
#997 = ORIENTED_EDGE ( 'NONE', *, *, #2482, .T. ) ;
#998 = DIRECTION ( 'NONE',  ( -1.000000000000000000, -7.779833121590977705E-17, 6.162975822039154730E-33 ) ) ;
#999 = CARTESIAN_POINT ( 'NONE',  ( 4.950000000000001066, 0.000000000000000000, -4.949497572824772540 ) ) ;
#1000 = VERTEX_POINT ( 'NONE', #944 ) ;
#1001 = EDGE_CURVE ( 'NONE', #710, #3546, #2436, .T. ) ;
#1002 = DIRECTION ( 'NONE',  ( 1.000000000000000000, -0.000000000000000000, -0.000000000000000000 ) ) ;
#1003 = EDGE_LOOP ( 'NONE', ( #1844, #1092, #1903, #147 ) ) ;
#1004 = ADVANCED_FACE ( 'NONE', ( #1598 ), #2507, .F. ) ;
#1005 = LINE ( 'NONE', #2153, #3061 ) ;
#1006 = CARTESIAN_POINT ( 'NONE',  ( -9.350000000000024514, -9.500338972710009600, -22.85972004506499999 ) ) ;
#1007 = DIRECTION ( 'NONE',  ( -1.000000000000000000, -0.000000000000000000, -0.000000000000000000 ) ) ;
#1008 = ORIENTED_EDGE ( 'NONE', *, *, #797, .F. ) ;
#1009 = VECTOR ( 'NONE', #3089, 1000.000000000000000 ) ;
#1010 = LINE ( 'NONE', #2463, #3441 ) ;
#1011 = CARTESIAN_POINT ( 'NONE',  ( -4.949497572825296565, 6.349999999999999645, -4.949999999999799449 ) ) ;
#1012 = VERTEX_POINT ( 'NONE', #210 ) ;
#1013 = LINE ( 'NONE', #1576, #2696 ) ;
#1014 = ORIENTED_EDGE ( 'NONE', *, *, #3360, .F. ) ;
#1015 = CARTESIAN_POINT ( 'NONE',  ( -4.949497572825296565, -4.500338972710011376, -4.949999999999799449 ) ) ;
#1016 = DIRECTION ( 'NONE',  ( 1.000000000000000000, 0.000000000000000000, 0.000000000000000000 ) ) ;
#1017 = ORIENTED_EDGE ( 'NONE', *, *, #2985, .T. ) ;
#1018 = DIRECTION ( 'NONE',  ( 0.000000000000000000, 0.000000000000000000, 1.000000000000000000 ) ) ;
#1019 = AXIS2_PLACEMENT_3D ( 'NONE', #278, #3189, #1448 ) ;
#1020 = ORIENTED_EDGE ( 'NONE', *, *, #2345, .T. ) ;
#1021 = CARTESIAN_POINT ( 'NONE',  ( 27.44999999999999929, -6.260289708239329620, 4.335076018827155764 ) ) ;
#1022 = DIRECTION ( 'NONE',  ( 0.000000000000000000, -1.000000000000000000, 0.000000000000000000 ) ) ;
#1023 = AXIS2_PLACEMENT_3D ( 'NONE', #557, #1454, #1126 ) ;
#1024 = CARTESIAN_POINT ( 'NONE',  ( 31.44999999999999929, 6.349999999999999645, -25.05000000000000426 ) ) ;
#1025 = ORIENTED_EDGE ( 'NONE', *, *, #204, .T. ) ;
#1026 = VECTOR ( 'NONE', #1154, 1000.000000000000000 ) ;
#1027 = EDGE_CURVE ( 'NONE', #1417, #808, #173, .T. ) ;
#1028 = AXIS2_PLACEMENT_3D ( 'NONE', #611, #27, #3008 ) ;
#1029 = DIRECTION ( 'NONE',  ( 0.000000000000000000, 0.000000000000000000, -1.000000000000000000 ) ) ;
#1030 = CARTESIAN_POINT ( 'NONE',  ( -28.64999999999999503, 3.174999999999999822, -14.02500000000000036 ) ) ;
#1031 = EDGE_LOOP ( 'NONE', ( #1948, #2542, #2744, #3633, #864, #85, #3404, #2989, #3711, #2508, #3092, #3095, #2761, #69, #778, #2554, #2695, #486, #3469, #215, #3118, #3736, #1753 ) ) ;
#1032 = EDGE_CURVE ( 'NONE', #2813, #504, #755, .T. ) ;
#1033 = DIRECTION ( 'NONE',  ( -0.000000000000000000, 0.4226182617406975539, -0.9063077870366509359 ) ) ;
#1034 = ORIENTED_EDGE ( 'NONE', *, *, #3485, .T. ) ;
#1035 = VECTOR ( 'NONE', #1649, 1000.000000000000227 ) ;
#1036 = CARTESIAN_POINT ( 'NONE',  ( -1.110223024625156540E-13, 8.485281374238571317, -2.999999999999861888 ) ) ;
#1037 = FACE_BOUND ( 'NONE', #3218, .T. ) ;
#1038 = ORIENTED_EDGE ( 'NONE', *, *, #2462, .F. ) ;
#1039 = EDGE_CURVE ( 'NONE', #2669, #2903, #2758, .T. ) ;
#1040 = DIRECTION ( 'NONE',  ( 1.000000000000000000, -0.000000000000000000, -0.000000000000000000 ) ) ;
#1041 = VERTEX_POINT ( 'NONE', #1351 ) ;
#1042 = PLANE ( 'NONE',  #3664 ) ;
#1043 = LINE ( 'NONE', #213, #3611 ) ;
#1044 = CARTESIAN_POINT ( 'NONE',  ( 25.55000000000000071, -4.500338972710011376, 18.00000000000153477 ) ) ;
#1045 = DIRECTION ( 'NONE',  ( -1.000000000000000000, -0.000000000000000000, -0.000000000000000000 ) ) ;
#1046 = EDGE_LOOP ( 'NONE', ( #3673, #2847, #1049, #82 ) ) ;
#1047 = PLANE ( 'NONE',  #6 ) ;
#1048 = DIRECTION ( 'NONE',  ( 0.000000000000000000, 0.000000000000000000, 1.000000000000000000 ) ) ;
#1049 = ORIENTED_EDGE ( 'NONE', *, *, #888, .T. ) ;
#1050 = CARTESIAN_POINT ( 'NONE',  ( 4.950000000000001066, -4.500338972710011376, -1.949497572824771208 ) ) ;
#1051 = DIRECTION ( 'NONE',  ( -0.000000000000000000, 0.000000000000000000, 1.000000000000000000 ) ) ;
#1052 = EDGE_CURVE ( 'NONE', #1947, #919, #603, .T. ) ;
#1053 = FACE_OUTER_BOUND ( 'NONE', #2976, .T. ) ;
#1054 = ORIENTED_EDGE ( 'NONE', *, *, #1971, .T. ) ;
#1055 = VERTEX_POINT ( 'NONE', #1336 ) ;
#1056 = CARTESIAN_POINT ( 'NONE',  ( -32.77581323893203802, -42.04685710750737826, -18.02622368288010435 ) ) ;
#1057 = PRODUCT ( 'Hip-pulley-housing-left', 'Hip-pulley-housing-left', '', ( #382 ) ) ;
#1058 = LINE ( 'NONE', #2211, #3486 ) ;
#1059 = ADVANCED_FACE ( 'NONE', ( #527 ), #771, .F. ) ;
#1060 = DIRECTION ( 'NONE',  ( 0.000000000000000000, 0.000000000000000000, 1.000000000000000000 ) ) ;
#1061 = ORIENTED_EDGE ( 'NONE', *, *, #1486, .T. ) ;
#1062 = DIRECTION ( 'NONE',  ( 0.000000000000000000, 0.000000000000000000, 1.000000000000000000 ) ) ;
#1063 = ORIENTED_EDGE ( 'NONE', *, *, #60, .F. ) ;
#1064 = CARTESIAN_POINT ( 'NONE',  ( 31.44999999999999929, -50.86363401541084528, 0.3555185183139677463 ) ) ;
#1065 = ADVANCED_FACE ( 'NONE', ( #1053 ), #469, .F. ) ;
#1066 = LINE ( 'NONE', #207, #3500 ) ;
#1067 = DIRECTION ( 'NONE',  ( 0.000000000000000000, 1.000000000000000000, -0.000000000000000000 ) ) ;
#1068 = VERTEX_POINT ( 'NONE', #2474 ) ;
#1069 = DIRECTION ( 'NONE',  ( 0.000000000000000000, 0.000000000000000000, -1.000000000000000000 ) ) ;
#1070 = EDGE_LOOP ( 'NONE', ( #1564, #3004, #813, #2881, #3275, #2509, #2680 ) ) ;
#1071 = ORIENTED_EDGE ( 'NONE', *, *, #1001, .T. ) ;
#1072 = EDGE_CURVE ( 'NONE', #2227, #2388, #2245, .T. ) ;
#1073 = DIRECTION ( 'NONE',  ( 1.000000000000000000, 9.745637505487680998E-17, 0.000000000000000000 ) ) ;
#1074 = DIRECTION ( 'NONE',  ( -1.000000000000000000, -0.000000000000000000, -0.000000000000000000 ) ) ;
#1075 = VERTEX_POINT ( 'NONE', #191 ) ;
#1076 = VECTOR ( 'NONE', #3046, 1000.000000000000000 ) ;
#1077 = CIRCLE ( 'NONE', #1741, 7.100160573022912480 ) ;
#1078 = CARTESIAN_POINT ( 'NONE',  ( 25.55000000000000071, 1.950397079272457286E-15, 18.00000000000153477 ) ) ;
#1079 = CARTESIAN_POINT ( 'NONE',  ( -32.77581323893203802, -39.25000000000000000, 24.55000000000000071 ) ) ;
#1080 = VERTEX_POINT ( 'NONE', #1961 ) ;
#1081 = PLANE ( 'NONE',  #1543 ) ;
#1082 = DIRECTION ( 'NONE',  ( 0.000000000000000000, 0.7071067811865493491, 0.7071067811865456854 ) ) ;
#1083 = EDGE_CURVE ( 'NONE', #3366, #501, #3558, .T. ) ;
#1084 = CARTESIAN_POINT ( 'NONE',  ( 31.44999999999999929, -51.62604593830443633, 1.040834085586084257E-14 ) ) ;
#1085 = AXIS2_PLACEMENT_3D ( 'NONE', #1977, #3062, #3649 ) ;
#1086 = ORIENTED_EDGE ( 'NONE', *, *, #3331, .T. ) ;
#1087 = FACE_BOUND ( 'NONE', #1429, .T. ) ;
#1088 = ORIENTED_EDGE ( 'NONE', *, *, #1908, .T. ) ;
#1089 = EDGE_LOOP ( 'NONE', ( #511, #1636 ) ) ;
#1090 = DIRECTION ( 'NONE',  ( -1.000000000000000000, -0.000000000000000000, -0.000000000000000000 ) ) ;
#1091 = DIRECTION ( 'NONE',  ( 0.000000000000000000, -1.000000000000000000, 0.000000000000000000 ) ) ;
#1092 = ORIENTED_EDGE ( 'NONE', *, *, #3336, .F. ) ;
#1093 = ORIENTED_EDGE ( 'NONE', *, *, #2924, .T. ) ;
#1094 = CARTESIAN_POINT ( 'NONE',  ( -1.106549084227714486E-13, 8.485281374238571317, 3.000000000000139444 ) ) ;
#1095 = LINE ( 'NONE', #1079, #2897 ) ;
#1096 = VERTEX_POINT ( 'NONE', #3692 ) ;
#1097 = CARTESIAN_POINT ( 'NONE',  ( 31.44999999999999929, -51.62604593830443633, 7.100160573022923138 ) ) ;
#1098 = ADVANCED_FACE ( 'NONE', ( #1904 ), #3652, .F. ) ;
#1099 = DIRECTION ( 'NONE',  ( 0.000000000000000000, -1.000000000000000000, 0.000000000000000000 ) ) ;
#1100 = VERTEX_POINT ( 'NONE', #3365 ) ;
#1101 = DIRECTION ( 'NONE',  ( 0.000000000000000000, 0.000000000000000000, -1.000000000000000000 ) ) ;
#1102 = FACE_BOUND ( 'NONE', #2550, .T. ) ;
#1103 = ORIENTED_EDGE ( 'NONE', *, *, #3634, .F. ) ;
#1104 = VERTEX_POINT ( 'NONE', #3083 ) ;
#1105 = EDGE_CURVE ( 'NONE', #360, #1342, #493, .T. ) ;
#1106 = DIRECTION ( 'NONE',  ( -1.000000000000000000, 0.000000000000000000, 0.000000000000000000 ) ) ;
#1107 = CARTESIAN_POINT ( 'NONE',  ( 31.44999999999999929, -44.41604593830443548, -12.49999999999999112 ) ) ;
#1108 = EDGE_LOOP ( 'NONE', ( #594, #2410, #3716, #192 ) ) ;
#1109 = EDGE_LOOP ( 'NONE', ( #2116, #1896, #1017, #3590 ) ) ;
#1110 = PLANE ( 'NONE',  #3567 ) ;
#1111 = CYLINDRICAL_SURFACE ( 'NONE', #3080, 3.000000000000000000 ) ;
#1112 = VERTEX_POINT ( 'NONE', #2796 ) ;
#1113 = CARTESIAN_POINT ( 'NONE',  ( -32.77581323893203802, -42.04685710750737115, 18.02622368288012922 ) ) ;
#1114 = CIRCLE ( 'NONE', #1842, 0.9000000000019027224 ) ;
#1115 = ADVANCED_FACE ( 'NONE', ( #3385, #3403, #1087 ), #3117, .T. ) ;
#1116 = DIRECTION ( 'NONE',  ( -1.000000000000000000, -9.745637505487680998E-17, -0.000000000000000000 ) ) ;
#1117 = VECTOR ( 'NONE', #1278, 1000.000000000000000 ) ;
#1118 = CARTESIAN_POINT ( 'NONE',  ( 25.55000000000000426, -28.10953272676582770, -4.199999999998461853 ) ) ;
#1119 = ORIENTED_EDGE ( 'NONE', *, *, #3002, .T. ) ;
#1120 = CIRCLE ( 'NONE', #2096, 0.9997466849082959905 ) ;
#1121 = LINE ( 'NONE', #2584, #1920 ) ;
#1122 = DIRECTION ( 'NONE',  ( 1.000000000000000000, 0.000000000000000000, 0.000000000000000000 ) ) ;
#1123 = ORIENTED_EDGE ( 'NONE', *, *, #1418, .F. ) ;
#1124 = ORIENTED_EDGE ( 'NONE', *, *, #2538, .F. ) ;
#1125 = DIRECTION ( 'NONE',  ( 0.000000000000000000, -0.000000000000000000, -1.000000000000000000 ) ) ;
#1126 = DIRECTION ( 'NONE',  ( 0.000000000000000000, 0.000000000000000000, -1.000000000000000000 ) ) ;
#1127 = ORIENTED_EDGE ( 'NONE', *, *, #1593, .F. ) ;
#1128 = VERTEX_POINT ( 'NONE', #2811 ) ;
#1129 = VECTOR ( 'NONE', #2928, 1000.000000000000000 ) ;
#1130 = CARTESIAN_POINT ( 'NONE',  ( -9.350000000000024514, -78.47458735225720261, 24.55000000000000071 ) ) ;
#1131 = EDGE_CURVE ( 'NONE', #2485, #1544, #248, .T. ) ;
#1132 = DIRECTION ( 'NONE',  ( -1.000000000000000000, 0.000000000000000000, 0.000000000000000000 ) ) ;
#1133 = ORIENTED_EDGE ( 'NONE', *, *, #2790, .T. ) ;
#1134 = VECTOR ( 'NONE', #1082, 1000.000000000000114 ) ;
#1135 = LINE ( 'NONE', #1705, #2699 ) ;
#1136 = AXIS2_PLACEMENT_3D ( 'NONE', #3510, #918, #2732 ) ;
#1137 = AXIS2_PLACEMENT_3D ( 'NONE', #484, #801, #734 ) ;
#1138 = ADVANCED_FACE ( 'NONE', ( #3420 ), #824, .F. ) ;
#1139 = CARTESIAN_POINT ( 'NONE',  ( 4.950000000000001066, 0.000000000000000000, -4.949497572824772540 ) ) ;
#1140 = CARTESIAN_POINT ( 'NONE',  ( -6.500000000000024869, -27.11000000000001009, 17.40000000000344116 ) ) ;
#1141 = CIRCLE ( 'NONE', #71, 4.000000000000000000 ) ;
#1142 = ORIENTED_EDGE ( 'NONE', *, *, #3001, .F. ) ;
#1143 = EDGE_CURVE ( 'NONE', #1657, #585, #1766, .T. ) ;
#1144 = AXIS2_PLACEMENT_3D ( 'NONE', #3328, #3287, #702 ) ;
#1145 = LINE ( 'NONE', #264, #1860 ) ;
#1146 = DIRECTION ( 'NONE',  ( -1.000000000000000000, -7.779833121590977705E-17, 6.162975822039154730E-33 ) ) ;
#1147 = ORIENTED_EDGE ( 'NONE', *, *, #3390, .T. ) ;
#1148 = ORIENTED_EDGE ( 'NONE', *, *, #578, .F. ) ;
#1149 = AXIS2_PLACEMENT_3D ( 'NONE', #1955, #3396, #3375 ) ;
#1150 = DIRECTION ( 'NONE',  ( 1.000000000000000000, 9.745637505487680998E-17, -0.000000000000000000 ) ) ;
#1151 = DIRECTION ( 'NONE',  ( 1.000000000000000000, 0.000000000000000000, 0.000000000000000000 ) ) ;
#1152 = ORIENTED_EDGE ( 'NONE', *, *, #3512, .F. ) ;
#1153 = VERTEX_POINT ( 'NONE', #3 ) ;
#1154 = DIRECTION ( 'NONE',  ( -1.000000000000000000, -0.000000000000000000, -0.000000000000000000 ) ) ;
#1155 = CARTESIAN_POINT ( 'NONE',  ( 25.55000000000000426, -29.25000000000000000, 22.50000000000153122 ) ) ;
#1156 = ORIENTED_EDGE ( 'NONE', *, *, #1052, .T. ) ;
#1157 = DIRECTION ( 'NONE',  ( 0.000000000000000000, 0.000000000000000000, -1.000000000000000000 ) ) ;
#1158 = EDGE_CURVE ( 'NONE', #2426, #55, #1121, .T. ) ;
#1159 = LINE ( 'NONE', #1722, #779 ) ;
#1160 = FACE_OUTER_BOUND ( 'NONE', #270, .T. ) ;
#1161 = ADVANCED_FACE ( 'NONE', ( #2018 ), #2646, .F. ) ;
#1162 = VERTEX_POINT ( 'NONE', #2075 ) ;
#1163 = LINE ( 'NONE', #3475, #237 ) ;
#1164 = LINE ( 'NONE', #2949, #1748 ) ;
#1165 = ORIENTED_EDGE ( 'NONE', *, *, #2953, .T. ) ;
#1166 = DIRECTION ( 'NONE',  ( 0.000000000000000000, 0.000000000000000000, 1.000000000000000000 ) ) ;
#1167 = CARTESIAN_POINT ( 'NONE',  ( -28.64999999999999503, -11.18106697290104101, 25.42500000000000071 ) ) ;
#1168 = ORIENTED_EDGE ( 'NONE', *, *, #358, .T. ) ;
#1169 = ORIENTED_EDGE ( 'NONE', *, *, #1418, .T. ) ;
#1170 = EDGE_CURVE ( 'NONE', #3484, #765, #2044, .T. ) ;
#1171 = CARTESIAN_POINT ( 'NONE',  ( 27.44999999999999929, -6.260289708239329620, 4.335076018827155764 ) ) ;
#1172 = CARTESIAN_POINT ( 'NONE',  ( 25.55000000000000426, -27.11000000000000654, -4.199999999998461853 ) ) ;
#1173 = ORIENTED_EDGE ( 'NONE', *, *, #1492, .T. ) ;
#1174 = CARTESIAN_POINT ( 'NONE',  ( -20.64999999999999503, -11.18106697290102858, -25.42500000000000426 ) ) ;
#1175 = CARTESIAN_POINT ( 'NONE',  ( 30.95000000000000995, -28.10953272676582770, -4.199999999998461853 ) ) ;
#1176 = LINE ( 'NONE', #334, #2303 ) ;
#1177 = VECTOR ( 'NONE', #2668, 1000.000000000000000 ) ;
#1178 = ORIENTED_EDGE ( 'NONE', *, *, #3336, .T. ) ;
#1179 = EDGE_CURVE ( 'NONE', #2736, #3666, #1145, .T. ) ;
#1180 = AXIS2_PLACEMENT_3D ( 'NONE', #1995, #2883, #1762 ) ;
#1181 = LINE ( 'NONE', #61, #3134 ) ;
#1182 = FACE_BOUND ( 'NONE', #2676, .T. ) ;
#1183 = ADVANCED_FACE ( 'NONE', ( #2342 ), #1409, .T. ) ;
#1184 = CARTESIAN_POINT ( 'NONE',  ( -6.500000000000024869, -6.610000000000006537, -4.199999999998458300 ) ) ;
#1185 = VERTEX_POINT ( 'NONE', #924 ) ;
#1186 = VECTOR ( 'NONE', #2346, 1000.000000000000114 ) ;
#1187 = DIRECTION ( 'NONE',  ( 0.000000000000000000, 0.000000000000000000, -1.000000000000000000 ) ) ;
#1188 = DIRECTION ( 'NONE',  ( 0.000000000000000000, -1.000000000000000000, 0.000000000000000000 ) ) ;
#1189 = ORIENTED_EDGE ( 'NONE', *, *, #3553, .F. ) ;
#1190 = CARTESIAN_POINT ( 'NONE',  ( 31.44999999999999929, -6.760289708239330508, -1.537918005908523567 ) ) ;
#1191 = CARTESIAN_POINT ( 'NONE',  ( 27.45000000000000284, -51.62604593830443633, 7.100160573022923138 ) ) ;
#1192 = LINE ( 'NONE', #894, #1927 ) ;
#1193 = VERTEX_POINT ( 'NONE', #1465 ) ;
#1194 = ADVANCED_FACE ( 'NONE', ( #319 ), #845, .T. ) ;
#1195 = AXIS2_PLACEMENT_3D ( 'NONE', #2150, #703, #1812 ) ;
#1196 = DIRECTION ( 'NONE',  ( 0.000000000000000000, 0.000000000000000000, 1.000000000000000000 ) ) ;
#1197 = DIRECTION ( 'NONE',  ( 0.000000000000000000, 0.000000000000000000, -1.000000000000000000 ) ) ;
#1198 = ORIENTED_EDGE ( 'NONE', *, *, #2447, .T. ) ;
#1199 = VECTOR ( 'NONE', #1477, 1000.000000000000000 ) ;
#1200 = EDGE_CURVE ( 'NONE', #2388, #2108, #3458, .T. ) ;
#1201 = DIRECTION ( 'NONE',  ( -1.000000000000000000, 0.000000000000000000, 0.000000000000000000 ) ) ;
#1202 = CIRCLE ( 'NONE', #3090, 0.9000000000014556356 ) ;
#1203 = CARTESIAN_POINT ( 'NONE',  ( 27.44999999999999574, -29.25000000000000000, 18.00000000000152767 ) ) ;
#1204 = CIRCLE ( 'NONE', #3027, 3.000000000000000888 ) ;
#1205 = FACE_OUTER_BOUND ( 'NONE', #663, .T. ) ;
#1206 = ORIENTED_EDGE ( 'NONE', *, *, #1281, .F. ) ;
#1207 = VECTOR ( 'NONE', #2671, 1000.000000000000000 ) ;
#1208 = COLOUR_RGB ( '',0.7921568627450980005, 0.8196078431372548767, 0.9333333333333333481 ) ;
#1209 = CARTESIAN_POINT ( 'NONE',  ( 25.55000000000000071, -6.610000000000003872, -4.199999999998458300 ) ) ;
#1210 = VERTEX_POINT ( 'NONE', #1692 ) ;
#1211 = CIRCLE ( 'NONE', #2726, 1.424999999999999600 ) ;
#1212 = DIRECTION ( 'NONE',  ( 1.000000000000000000, -0.000000000000000000, -0.000000000000000000 ) ) ;
#1213 = DIRECTION ( 'NONE',  ( -1.000000000000000000, -0.000000000000000000, -0.000000000000000000 ) ) ;
#1214 = CYLINDRICAL_SURFACE ( 'NONE', #3259, 3.000000000000001776 ) ;
#1215 = ORIENTED_EDGE ( 'NONE', *, *, #2366, .F. ) ;
#1216 = EDGE_CURVE ( 'NONE', #3694, #1776, #1163, .T. ) ;
#1217 = DIRECTION ( 'NONE',  ( 0.000000000000000000, 0.000000000000000000, 1.000000000000000000 ) ) ;
#1218 = CARTESIAN_POINT ( 'NONE',  ( 27.45000000000000284, -27.45767651737898518, 4.335076018827155764 ) ) ;
#1219 = ORIENTED_EDGE ( 'NONE', *, *, #866, .F. ) ;
#1220 = ORIENTED_EDGE ( 'NONE', *, *, #1280, .F. ) ;
#1221 = ADVANCED_FACE ( 'NONE', ( #2628 ), #631, .F. ) ;
#1222 = DIRECTION ( 'NONE',  ( 0.000000000000000000, 0.000000000000000000, -1.000000000000000000 ) ) ;
#1223 = DIRECTION ( 'NONE',  ( -1.000000000000000000, 0.000000000000000000, 0.000000000000000000 ) ) ;
#1224 = ORIENTED_EDGE ( 'NONE', *, *, #1370, .F. ) ;
#1225 = DIRECTION ( 'NONE',  ( -1.000000000000000000, -0.000000000000000000, -0.000000000000000000 ) ) ;
#1226 = APPLICATION_PROTOCOL_DEFINITION ( 'draft international standard', 'automotive_design', 1998, #1589 ) ;
#1227 = VERTEX_POINT ( 'NONE', #2888 ) ;
#1228 = EDGE_CURVE ( 'NONE', #350, #938, #3156, .T. ) ;
#1229 = ORIENTED_EDGE ( 'NONE', *, *, #2803, .F. ) ;
#1230 = EDGE_CURVE ( 'NONE', #1096, #1253, #2867, .T. ) ;
#1231 = CARTESIAN_POINT ( 'NONE',  ( 27.44999999999999929, -6.760289708239330508, -1.037918005908522900 ) ) ;
#1232 = LINE ( 'NONE', #1024, #2113 ) ;
#1233 = ORIENTED_EDGE ( 'NONE', *, *, #3643, .F. ) ;
#1234 = CARTESIAN_POINT ( 'NONE',  ( 4.949497572824959946, 6.349999999999999645, 4.950000000000527756 ) ) ;
#1235 = DIRECTION ( 'NONE',  ( -7.779833121590977705E-17, 1.000000000000000000, 2.965339275174029780E-17 ) ) ;
#1236 = ORIENTED_EDGE ( 'NONE', *, *, #2795, .F. ) ;
#1237 = EDGE_LOOP ( 'NONE', ( #3717, #738, #1662, #25 ) ) ;
#1238 = ADVANCED_FACE ( 'NONE', ( #2036 ), #41, .T. ) ;
#1239 = EDGE_CURVE ( 'NONE', #3661, #3614, #2653, .T. ) ;
#1240 = CARTESIAN_POINT ( 'NONE',  ( -20.64999999999999503, -11.18106697290104101, 25.42500000000000071 ) ) ;
#1241 = CARTESIAN_POINT ( 'NONE',  ( 25.55000000000000426, -29.25000000000000000, 22.50000000000153122 ) ) ;
#1242 = ORIENTED_EDGE ( 'NONE', *, *, #1730, .T. ) ;
#1243 = CARTESIAN_POINT ( 'NONE',  ( 30.94999999999999929, -39.25000000000000000, 24.54999999999994387 ) ) ;
#1244 = ORIENTED_EDGE ( 'NONE', *, *, #828, .T. ) ;
#1245 = DIRECTION ( 'NONE',  ( 0.000000000000000000, 0.000000000000000000, 1.000000000000000000 ) ) ;
#1246 = DIRECTION ( 'NONE',  ( 0.000000000000000000, 0.000000000000000000, 1.000000000000000000 ) ) ;
#1247 = LINE ( 'NONE', #2084, #10 ) ;
#1248 = VERTEX_POINT ( 'NONE', #1750 ) ;
#1249 = EDGE_CURVE ( 'NONE', #3349, #395, #1181, .T. ) ;
#1250 = LINE ( 'NONE', #2389, #3437 ) ;
#1251 = FACE_OUTER_BOUND ( 'NONE', #371, .T. ) ;
#1252 = ORIENTED_EDGE ( 'NONE', *, *, #867, .T. ) ;
#1253 = VERTEX_POINT ( 'NONE', #2131 ) ;
#1254 = CIRCLE ( 'NONE', #3377, 0.9000000000019027224 ) ;
#1255 = ADVANCED_FACE ( 'NONE', ( #2379 ), #3536, .T. ) ;
#1256 = CARTESIAN_POINT ( 'NONE',  ( 0.000000000000000000, 0.000000000000000000, -24.55000000000000071 ) ) ;
#1257 = CYLINDRICAL_SURFACE ( 'NONE', #2905, 0.8750000000000007772 ) ;
#1258 = ORIENTED_EDGE ( 'NONE', *, *, #3187, .F. ) ;
#1259 = CIRCLE ( 'NONE', #1864, 0.8750000000000007772 ) ;
#1260 = EDGE_CURVE ( 'NONE', #504, #1162, #2104, .T. ) ;
#1261 = EDGE_CURVE ( 'NONE', #311, #3661, #2682, .T. ) ;
#1262 = CIRCLE ( 'NONE', #3439, 4.000000000000000000 ) ;
#1263 = AXIS2_PLACEMENT_3D ( 'NONE', #2879, #310, #2619 ) ;
#1264 = DIRECTION ( 'NONE',  ( -1.000000000000000000, 0.000000000000000000, 0.000000000000000000 ) ) ;
#1265 = PLANE ( 'NONE',  #2359 ) ;
#1266 = ORIENTED_EDGE ( 'NONE', *, *, #1890, .F. ) ;
#1267 = FACE_BOUND ( 'NONE', #3316, .T. ) ;
#1268 = AXIS2_PLACEMENT_3D ( 'NONE', #286, #2312, #2268 ) ;
#1269 = ADVANCED_FACE ( 'NONE', ( #720, #3612, #3593, #3307, #1579 ), #3227, .F. ) ;
#1270 = AXIS2_PLACEMENT_3D ( 'NONE', #3740, #2320, #2358 ) ;
#1271 = DIRECTION ( 'NONE',  ( -0.000000000000000000, 1.000000000000000000, -0.000000000000000000 ) ) ;
#1272 = CARTESIAN_POINT ( 'NONE',  ( 27.45000000000000284, -27.45767651737898518, -1.037918005908522456 ) ) ;
#1273 = ORIENTED_EDGE ( 'NONE', *, *, #3624, .F. ) ;
#1274 = AXIS2_PLACEMENT_3D ( 'NONE', #538, #2028, #1682 ) ;
#1275 = DIRECTION ( 'NONE',  ( -0.000000000000000000, 1.000000000000000000, -0.000000000000000000 ) ) ;
#1276 = CARTESIAN_POINT ( 'NONE',  ( -12.85000000000002096, -24.11214197290103201, -24.55000000000000071 ) ) ;
#1277 = EDGE_LOOP ( 'NONE', ( #1404, #3626, #691, #1334 ) ) ;
#1278 = DIRECTION ( 'NONE',  ( 1.000000000000000000, 0.000000000000000000, 0.000000000000000000 ) ) ;
#1279 = EDGE_LOOP ( 'NONE', ( #2697, #1924, #2179, #124 ) ) ;
#1280 = EDGE_CURVE ( 'NONE', #1112, #2391, #1861, .T. ) ;
#1281 = EDGE_CURVE ( 'NONE', #749, #2896, #2973, .T. ) ;
#1282 = LINE ( 'NONE', #3286, #1556 ) ;
#1283 = DIRECTION ( 'NONE',  ( 0.000000000000000000, 0.000000000000000000, 1.000000000000000000 ) ) ;
#1284 = DIRECTION ( 'NONE',  ( 0.000000000000000000, 0.000000000000000000, 1.000000000000000000 ) ) ;
#1285 = EDGE_LOOP ( 'NONE', ( #2501, #3729 ) ) ;
#1286 = LINE ( 'NONE', #2438, #1301 ) ;
#1287 = DIRECTION ( 'NONE',  ( 0.000000000000000000, 0.000000000000000000, 1.000000000000000000 ) ) ;
#1288 = LINE ( 'NONE', #2194, #425 ) ;
#1289 = ORIENTED_EDGE ( 'NONE', *, *, #2378, .T. ) ;
#1290 = CARTESIAN_POINT ( 'NONE',  ( 28.44999999999999929, -16.85999999999965127, -12.49999999999928946 ) ) ;
#1291 = CARTESIAN_POINT ( 'NONE',  ( -13.01666666666669236, -24.11214598645050344, -24.55000401354947215 ) ) ;
#1292 = EDGE_LOOP ( 'NONE', ( #1623, #1169, #3226, #2497 ) ) ;
#1293 = DIRECTION ( 'NONE',  ( -1.000000000000000000, -7.779833121590977705E-17, 6.162975822039154730E-33 ) ) ;
#1294 = VERTEX_POINT ( 'NONE', #647 ) ;
#1295 = PLANE ( 'NONE',  #2407 ) ;
#1296 = CARTESIAN_POINT ( 'NONE',  ( -20.64999999999999503, -11.18106697290102858, -26.30000000000000426 ) ) ;
#1297 = EDGE_CURVE ( 'NONE', #3666, #1100, #1254, .T. ) ;
#1298 = DIRECTION ( 'NONE',  ( 0.000000000000000000, 1.000000000000000000, 0.000000000000000000 ) ) ;
#1299 = EDGE_CURVE ( 'NONE', #2988, #803, #2112, .T. ) ;
#1300 = EDGE_LOOP ( 'NONE', ( #1178, #3386 ) ) ;
#1301 = VECTOR ( 'NONE', #726, 1000.000000000000000 ) ;
#1302 = DIRECTION ( 'NONE',  ( 0.000000000000000000, 0.000000000000000000, 1.000000000000000000 ) ) ;
#1303 = AXIS2_PLACEMENT_3D ( 'NONE', #1957, #3647, #2183 ) ;
#1304 = SURFACE_STYLE_FILL_AREA ( #442 ) ;
#1305 = DIRECTION ( 'NONE',  ( -1.000000000000000000, 0.000000000000000000, 0.000000000000000000 ) ) ;
#1306 = ORIENTED_EDGE ( 'NONE', *, *, #2406, .T. ) ;
#1307 = DIRECTION ( 'NONE',  ( 1.000000000000000000, 0.000000000000000000, 0.000000000000000000 ) ) ;
#1308 = EDGE_CURVE ( 'NONE', #2108, #350, #2450, .T. ) ;
#1309 = CARTESIAN_POINT ( 'NONE',  ( 27.44999999999997087, 1.868478213922281057E-14, -28.05000000000000071 ) ) ;
#1310 = VERTEX_POINT ( 'NONE', #2146 ) ;
#1311 = CARTESIAN_POINT ( 'NONE',  ( 31.44999999999999929, -27.11000000000000654, 20.25000000000153477 ) ) ;
#1312 = EDGE_LOOP ( 'NONE', ( #554, #508, #3172, #2308 ) ) ;
#1313 = LINE ( 'NONE', #2242, #1076 ) ;
#1314 = CARTESIAN_POINT ( 'NONE',  ( 27.44999999999999574, -29.25000000000000000, 22.50000000000153122 ) ) ;
#1315 = VECTOR ( 'NONE', #2780, 1000.000000000000000 ) ;
#1316 = CARTESIAN_POINT ( 'NONE',  ( -20.64999999999999503, 3.174999999999999822, -14.02500000000000036 ) ) ;
#1317 = VECTOR ( 'NONE', #2793, 1000.000000000000000 ) ;
#1318 = EDGE_LOOP ( 'NONE', ( #102, #1700 ) ) ;
#1319 = DIRECTION ( 'NONE',  ( -0.000000000000000000, 1.000000000000000000, -0.000000000000000000 ) ) ;
#1320 = AXIS2_PLACEMENT_3D ( 'NONE', #3320, #462, #1359 ) ;
#1321 = CARTESIAN_POINT ( 'NONE',  ( -20.64999999999999503, -11.18106697290104101, 26.30000000000000071 ) ) ;
#1322 = AXIS2_PLACEMENT_3D ( 'NONE', #1356, #3391, #1060 ) ;
#1323 = DIRECTION ( 'NONE',  ( 1.000000000000000000, 9.745637505487683463E-17, -0.000000000000000000 ) ) ;
#1324 = ORIENTED_EDGE ( 'NONE', *, *, #1886, .F. ) ;
#1325 = CIRCLE ( 'NONE', #1137, 3.000000000000000444 ) ;
#1326 = PRESENTATION_LAYER_ASSIGNMENT (  '', '', ( #3260 ) ) ;
#1327 = DIRECTION ( 'NONE',  ( -0.000000000000000000, 1.000000000000000000, -0.000000000000000000 ) ) ;
#1328 = EDGE_CURVE ( 'NONE', #2600, #2404, #1282, .T. ) ;
#1329 = CARTESIAN_POINT ( 'NONE',  ( 31.44999999999999929, -6.760289708239329620, 4.335076018827155764 ) ) ;
#1330 = ORIENTED_EDGE ( 'NONE', *, *, #3162, .T. ) ;
#1331 = AXIS2_PLACEMENT_3D ( 'NONE', #152, #1016, #2094 ) ;
#1332 = FACE_OUTER_BOUND ( 'NONE', #354, .T. ) ;
#1333 = CARTESIAN_POINT ( 'NONE',  ( 27.45000000000000284, -27.45767651737898518, -1.037918005908522456 ) ) ;
#1334 = ORIENTED_EDGE ( 'NONE', *, *, #3430, .T. ) ;
#1335 = EDGE_CURVE ( 'NONE', #1776, #2969, #3681, .T. ) ;
#1336 = CARTESIAN_POINT ( 'NONE',  ( 27.44999999999999929, -6.260289708239329620, -1.037918005908522456 ) ) ;
#1337 = EDGE_LOOP ( 'NONE', ( #2922, #3603, #2805, #982 ) ) ;
#1338 = ORIENTED_EDGE ( 'NONE', *, *, #1526, .F. ) ;
#1339 = DIRECTION ( 'NONE',  ( -1.000000000000000000, -0.000000000000000000, -0.000000000000000000 ) ) ;
#1340 = DIRECTION ( 'NONE',  ( -0.000000000000000000, 1.000000000000000000, -0.000000000000000000 ) ) ;
#1341 = CARTESIAN_POINT ( 'NONE',  ( -9.350000000000024514, -9.500338972710009600, 22.86009492289630174 ) ) ;
#1342 = VERTEX_POINT ( 'NONE', #1805 ) ;
#1343 = ADVANCED_FACE ( 'NONE', ( #3267 ), #1295, .F. ) ;
#1344 = CARTESIAN_POINT ( 'NONE',  ( -32.77581323893203802, -51.62604593830443633, -12.49999999999999112 ) ) ;
#1345 = DIRECTION ( 'NONE',  ( 0.000000000000000000, -1.000000000000000000, 0.000000000000000000 ) ) ;
#1346 = EDGE_LOOP ( 'NONE', ( #2468, #1994 ) ) ;
#1347 = CARTESIAN_POINT ( 'NONE',  ( -13.35000000000002274, -27.11000000000001009, 17.40000000000344116 ) ) ;
#1348 = DIRECTION ( 'NONE',  ( -0.000000000000000000, 4.811992998548701407E-16, 1.000000000000000000 ) ) ;
#1349 = CARTESIAN_POINT ( 'NONE',  ( 4.950000000000001066, 0.000000000000000000, -7.949497572824773428 ) ) ;
#1350 = ADVANCED_FACE ( 'NONE', ( #378 ), #434, .F. ) ;
#1351 = CARTESIAN_POINT ( 'NONE',  ( -20.64999999999999503, -11.18106697290104101, 27.17500000000000071 ) ) ;
#1352 = ORIENTED_EDGE ( 'NONE', *, *, #1158, .T. ) ;
#1353 = ORIENTED_EDGE ( 'NONE', *, *, #2205, .T. ) ;
#1354 = CARTESIAN_POINT ( 'NONE',  ( 31.44999999999999929, -51.62604593830443633, -12.49999999999999112 ) ) ;
#1355 = VECTOR ( 'NONE', #706, 1000.000000000000000 ) ;
#1356 = CARTESIAN_POINT ( 'NONE',  ( -1.110223024625156540E-13, -18.64999999999999858, 1.387778780781445676E-13 ) ) ;
#1357 = EDGE_LOOP ( 'NONE', ( #3534, #463, #1509, #2956 ) ) ;
#1358 = AXIS2_PLACEMENT_3D ( 'NONE', #220, #2792, #1363 ) ;
#1359 = DIRECTION ( 'NONE',  ( 0.000000000000000000, -1.000000000000000000, 0.000000000000000000 ) ) ;
#1360 = DIRECTION ( 'NONE',  ( 0.000000000000000000, 0.000000000000000000, 1.000000000000000000 ) ) ;
#1361 = ORIENTED_EDGE ( 'NONE', *, *, #2604, .T. ) ;
#1362 = AXIS2_PLACEMENT_3D ( 'NONE', #1209, #2064, #2915 ) ;
#1363 = DIRECTION ( 'NONE',  ( 0.000000000000000000, 0.000000000000000000, -1.000000000000000000 ) ) ;
#1364 = FACE_OUTER_BOUND ( 'NONE', #744, .T. ) ;
#1365 = FACE_BOUND ( 'NONE', #2025, .T. ) ;
#1366 = ORIENTED_EDGE ( 'NONE', *, *, #3160, .T. ) ;
#1367 = EDGE_CURVE ( 'NONE', #2802, #2384, #480, .T. ) ;
#1368 = DIRECTION ( 'NONE',  ( 0.000000000000000000, 0.000000000000000000, 1.000000000000000000 ) ) ;
#1369 = VERTEX_POINT ( 'NONE', #1825 ) ;
#1370 = EDGE_CURVE ( 'NONE', #2631, #1372, #1438, .T. ) ;
#1371 = EDGE_CURVE ( 'NONE', #1617, #2766, #1259, .T. ) ;
#1372 = VERTEX_POINT ( 'NONE', #788 ) ;
#1373 = AXIS2_PLACEMENT_3D ( 'NONE', #3708, #1040, #2206 ) ;
#1374 = LINE ( 'NONE', #195, #2274 ) ;
#1375 = LINE ( 'NONE', #2534, #3690 ) ;
#1376 = ORIENTED_EDGE ( 'NONE', *, *, #1533, .T. ) ;
#1377 = ORIENTED_EDGE ( 'NONE', *, *, #3136, .F. ) ;
#1378 = VECTOR ( 'NONE', #523, 1000.000000000000000 ) ;
#1379 = EDGE_CURVE ( 'NONE', #938, #3541, #1883, .T. ) ;
#1380 = AXIS2_PLACEMENT_3D ( 'NONE', #598, #1132, #1737 ) ;
#1381 = CIRCLE ( 'NONE', #2835, 3.000000000000001332 ) ;
#1382 = CARTESIAN_POINT ( 'NONE',  ( 31.44999999999999929, -6.760289708239330508, -1.037918005908522900 ) ) ;
#1383 = FACE_OUTER_BOUND ( 'NONE', #193, .T. ) ;
#1384 = VERTEX_POINT ( 'NONE', #2543 ) ;
#1385 = DIRECTION ( 'NONE',  ( -0.000000000000000000, 1.000000000000000000, -0.000000000000000000 ) ) ;
#1386 = VECTOR ( 'NONE', #1932, 1000.000000000000227 ) ;
#1387 = AXIS2_PLACEMENT_3D ( 'NONE', #3137, #3015, #1022 ) ;
#1388 = DIRECTION ( 'NONE',  ( 0.000000000000000000, 0.000000000000000000, -1.000000000000000000 ) ) ;
#1389 = LINE ( 'NONE', #525, #1510 ) ;
#1390 = VECTOR ( 'NONE', #114, 1000.000000000000000 ) ;
#1391 = EDGE_CURVE ( 'NONE', #2139, #3703, #223, .T. ) ;
#1392 = VERTEX_POINT ( 'NONE', #1610 ) ;
#1393 = CARTESIAN_POINT ( 'NONE',  ( 30.95000000000000995, -26.10770651812810073, 20.25000000000153477 ) ) ;
#1394 = DIRECTION ( 'NONE',  ( -0.000000000000000000, 1.000000000000000000, -0.000000000000000000 ) ) ;
#1395 = ORIENTED_EDGE ( 'NONE', *, *, #135, .T. ) ;
#1396 = ORIENTED_EDGE ( 'NONE', *, *, #1665, .F. ) ;
#1397 = CARTESIAN_POINT ( 'NONE',  ( 4.950000000000001066, 0.000000000000000000, -6.374497572824771474 ) ) ;
#1398 = DIRECTION ( 'NONE',  ( -0.000000000000000000, -0.000000000000000000, 1.000000000000000000 ) ) ;
#1399 = ORIENTED_EDGE ( 'NONE', *, *, #2187, .F. ) ;
#1400 = ORIENTED_EDGE ( 'NONE', *, *, #1850, .F. ) ;
#1401 = EDGE_CURVE ( 'NONE', #2421, #1848, #1901, .T. ) ;
#1402 = LINE ( 'NONE', #1992, #1026 ) ;
#1403 = DIRECTION ( 'NONE',  ( -1.000000000000000000, -0.000000000000000000, -0.000000000000000000 ) ) ;
#1404 = ORIENTED_EDGE ( 'NONE', *, *, #1777, .T. ) ;
#1405 = CARTESIAN_POINT ( 'NONE',  ( -9.350000000000024514, -27.11000000000001009, 15.59999999999963372 ) ) ;
#1406 = FACE_BOUND ( 'NONE', #1089, .T. ) ;
#1407 = CARTESIAN_POINT ( 'NONE',  ( -20.64999999999999503, -11.18106697290102858, -27.17500000000000426 ) ) ;
#1408 = ORIENTED_EDGE ( 'NONE', *, *, #2941, .F. ) ;
#1409 = PLANE ( 'NONE',  #3499 ) ;
#1410 = DIRECTION ( 'NONE',  ( 0.000000000000000000, 0.000000000000000000, 1.000000000000000000 ) ) ;
#1411 = VERTEX_POINT ( 'NONE', #3326 ) ;
#1412 = ORIENTED_EDGE ( 'NONE', *, *, #3466, .T. ) ;
#1413 = EDGE_CURVE ( 'NONE', #2321, #749, #1066, .T. ) ;
#1414 = CARTESIAN_POINT ( 'NONE',  ( -20.64999999999999503, -11.18106697290104101, 26.30000000000000071 ) ) ;
#1415 = DIRECTION ( 'NONE',  ( -1.000000000000000000, -0.000000000000000000, -0.000000000000000000 ) ) ;
#1416 = ORIENTED_EDGE ( 'NONE', *, *, #3014, .F. ) ;
#1417 = VERTEX_POINT ( 'NONE', #2201 ) ;
#1418 = EDGE_CURVE ( 'NONE', #2198, #1068, #1313, .T. ) ;
#1419 = DIRECTION ( 'NONE',  ( 1.000000000000000000, 0.000000000000000000, 0.000000000000000000 ) ) ;
#1420 = ORIENTED_EDGE ( 'NONE', *, *, #1531, .F. ) ;
#1421 = DIRECTION ( 'NONE',  ( -1.000000000000000000, 0.000000000000000000, -0.000000000000000000 ) ) ;
#1422 = LINE ( 'NONE', #274, #727 ) ;
#1423 = AXIS2_PLACEMENT_3D ( 'NONE', #3378, #3415, #1644 ) ;
#1424 = CARTESIAN_POINT ( 'NONE',  ( 0.000000000000000000, 0.000000000000000000, 0.000000000000000000 ) ) ;
#1425 = ORIENTED_EDGE ( 'NONE', *, *, #535, .T. ) ;
#1426 = CIRCLE ( 'NONE', #347, 1.350000000000000089 ) ;
#1427 = CARTESIAN_POINT ( 'NONE',  ( -6.500000000000024869, -27.11000000000001009, 16.50000000000153833 ) ) ;
#1428 = CYLINDRICAL_SURFACE ( 'NONE', #2721, 0.9000000000019027224 ) ;
#1429 = EDGE_LOOP ( 'NONE', ( #957, #1676 ) ) ;
#1430 = ORIENTED_EDGE ( 'NONE', *, *, #1547, .T. ) ;
#1431 = LINE ( 'NONE', #2286, #2456 ) ;
#1432 = LINE ( 'NONE', #2571, #545 ) ;
#1433 = ORIENTED_EDGE ( 'NONE', *, *, #2052, .F. ) ;
#1434 = VERTEX_POINT ( 'NONE', #506 ) ;
#1435 = AXIS2_PLACEMENT_3D ( 'NONE', #1316, #1614, #806 ) ;
#1436 = DIRECTION ( 'NONE',  ( -2.889912165663168279E-33, 2.965339275174030396E-17, -1.000000000000000000 ) ) ;
#1437 = EDGE_LOOP ( 'NONE', ( #1258, #1595 ) ) ;
#1438 = CIRCLE ( 'NONE', #2527, 7.099999999999999645 ) ;
#1439 = CYLINDRICAL_SURFACE ( 'NONE', #2149, 3.000000000000000444 ) ;
#1440 = VECTOR ( 'NONE', #3719, 1000.000000000000000 ) ;
#1441 = VECTOR ( 'NONE', #258, 1000.000000000000000 ) ;
#1442 = DIRECTION ( 'NONE',  ( 0.000000000000000000, 0.7071067811865500152, 0.7071067811865451302 ) ) ;
#1443 = CARTESIAN_POINT ( 'NONE',  ( 4.949497572824959946, 0.000000000000000000, 6.375000000000527578 ) ) ;
#1444 = AXIS2_PLACEMENT_3D ( 'NONE', #2460, #3315, #2480 ) ;
#1445 = ORIENTED_EDGE ( 'NONE', *, *, #3485, .F. ) ;
#1446 = CIRCLE ( 'NONE', #2779, 0.8750000000000007772 ) ;
#1447 = VECTOR ( 'NONE', #2720, 1000.000000000000000 ) ;
#1448 = DIRECTION ( 'NONE',  ( 0.000000000000000000, -1.000000000000000000, 1.482669637587015198E-17 ) ) ;
#1449 = PLANE ( 'NONE',  #1028 ) ;
#1450 = EDGE_LOOP ( 'NONE', ( #1119, #1966, #2573, #2324, #3225, #685 ) ) ;
#1451 = EDGE_CURVE ( 'NONE', #212, #1104, #2807, .T. ) ;
#1452 = VECTOR ( 'NONE', #161, 1000.000000000000000 ) ;
#1453 = FACE_OUTER_BOUND ( 'NONE', #942, .T. ) ;
#1454 = DIRECTION ( 'NONE',  ( 0.000000000000000000, -1.000000000000000000, 0.000000000000000000 ) ) ;
#1455 = ORIENTED_EDGE ( 'NONE', *, *, #3394, .T. ) ;
#1456 = ORIENTED_EDGE ( 'NONE', *, *, #2059, .T. ) ;
#1457 = CARTESIAN_POINT ( 'NONE',  ( 25.55000000000000426, -29.25000000000000000, -1.691736863149747930E-31 ) ) ;
#1458 = ADVANCED_FACE ( 'NONE', ( #1364 ), #2470, .T. ) ;
#1459 = LINE ( 'NONE', #3128, #2121 ) ;
#1460 = ORIENTED_EDGE ( 'NONE', *, *, #2859, .F. ) ;
#1461 = FACE_BOUND ( 'NONE', #3453, .T. ) ;
#1462 = CARTESIAN_POINT ( 'NONE',  ( 25.55000000000000426, -26.10770651812810073, 20.25000000000153477 ) ) ;
#1463 = CARTESIAN_POINT ( 'NONE',  ( -6.500000000000024869, -6.610000000000006537, 17.40000000000344116 ) ) ;
#1464 = ORIENTED_EDGE ( 'NONE', *, *, #785, .T. ) ;
#1465 = CARTESIAN_POINT ( 'NONE',  ( 25.55000000000000071, -4.500338972710011376, 22.50000000000153122 ) ) ;
#1466 = DIRECTION ( 'NONE',  ( 0.000000000000000000, 0.000000000000000000, -1.000000000000000000 ) ) ;
#1467 = VERTEX_POINT ( 'NONE', #466 ) ;
#1468 = FACE_OUTER_BOUND ( 'NONE', #3038, .T. ) ;
#1469 = CARTESIAN_POINT ( 'NONE',  ( 27.44999999999999929, 2.106652133943776419E-15, -1.949999999999989519 ) ) ;
#1470 = EDGE_LOOP ( 'NONE', ( #573, #636, #3712, #1877 ) ) ;
#1471 = CARTESIAN_POINT ( 'NONE',  ( -28.64999999999999503, -24.11213394580203229, 24.55000000000000071 ) ) ;
#1472 = DIRECTION ( 'NONE',  ( 0.000000000000000000, 0.000000000000000000, 1.000000000000000000 ) ) ;
#1473 = DIRECTION ( 'NONE',  ( 0.000000000000000000, -1.000000000000000000, 0.000000000000000000 ) ) ;
#1474 = ORIENTED_EDGE ( 'NONE', *, *, #712, .F. ) ;
#1475 = FACE_OUTER_BOUND ( 'NONE', #3124, .T. ) ;
#1476 = EDGE_CURVE ( 'NONE', #1128, #3349, #2773, .T. ) ;
#1477 = DIRECTION ( 'NONE',  ( 0.000000000000000000, 1.000000000000000000, 0.000000000000000000 ) ) ;
#1478 = DIRECTION ( 'NONE',  ( -0.000000000000000000, 1.299418334065024380E-16, -1.000000000000000000 ) ) ;
#1479 = ORIENTED_EDGE ( 'NONE', *, *, #688, .F. ) ;
#1480 = VECTOR ( 'NONE', #2199, 1000.000000000000000 ) ;
#1481 = CARTESIAN_POINT ( 'NONE',  ( -28.64999999999999503, -11.18106697290104101, 26.30000000000000071 ) ) ;
#1482 = DIRECTION ( 'NONE',  ( 0.000000000000000000, 0.000000000000000000, 1.000000000000000000 ) ) ;
#1483 = ORIENTED_EDGE ( 'NONE', *, *, #1809, .T. ) ;
#1484 = CIRCLE ( 'NONE', #1663, 0.9995327267658220549 ) ;
#1485 = CARTESIAN_POINT ( 'NONE',  ( -9.350000000000028066, -29.25000000000000000, 19.41500000000000270 ) ) ;
#1486 = EDGE_CURVE ( 'NONE', #2353, #1830, #3097, .T. ) ;
#1487 = ORIENTED_EDGE ( 'NONE', *, *, #2399, .T. ) ;
#1488 = FACE_OUTER_BOUND ( 'NONE', #3322, .T. ) ;
#1489 = DIRECTION ( 'NONE',  ( 0.000000000000000000, 0.000000000000000000, 1.000000000000000000 ) ) ;
#1490 = CARTESIAN_POINT ( 'NONE',  ( 30.95000000000000995, -27.11000000000000654, -4.199999999998461853 ) ) ;
#1491 = ORIENTED_EDGE ( 'NONE', *, *, #3347, .T. ) ;
#1492 = EDGE_CURVE ( 'NONE', #619, #1100, #739, .T. ) ;
#1493 = AXIS2_PLACEMENT_3D ( 'NONE', #1946, #1101, #3100 ) ;
#1494 = CARTESIAN_POINT ( 'NONE',  ( -4.949497572825296565, 6.349999999999999645, -6.374999999999799272 ) ) ;
#1495 = DIRECTION ( 'NONE',  ( 0.000000000000000000, 1.000000000000000000, -0.000000000000000000 ) ) ;
#1496 = VERTEX_POINT ( 'NONE', #187 ) ;
#1497 = VERTEX_POINT ( 'NONE', #2504 ) ;
#1498 = CIRCLE ( 'NONE', #120, 1.425000000000000044 ) ;
#1499 = EDGE_CURVE ( 'NONE', #1947, #2029, #769, .T. ) ;
#1500 = CARTESIAN_POINT ( 'NONE',  ( 0.000000000000000000, 0.000000000000000000, 28.05000000000000071 ) ) ;
#1501 = VECTOR ( 'NONE', #305, 1000.000000000000000 ) ;
#1502 =( NAMED_UNIT ( * ) PLANE_ANGLE_UNIT ( ) SI_UNIT ( $, .RADIAN. ) );
#1503 = AXIS2_PLACEMENT_3D ( 'NONE', #3166, #3181, #597 ) ;
#1504 = FACE_OUTER_BOUND ( 'NONE', #1729, .T. ) ;
#1505 = ORIENTED_EDGE ( 'NONE', *, *, #688, .T. ) ;
#1506 = CIRCLE ( 'NONE', #2840, 0.8750000000000007772 ) ;
#1507 = DIRECTION ( 'NONE',  ( 0.000000000000000000, -1.000000000000000000, 0.000000000000000000 ) ) ;
#1508 = DIRECTION ( 'NONE',  ( 1.000000000000000000, -0.000000000000000000, -0.000000000000000000 ) ) ;
#1509 = ORIENTED_EDGE ( 'NONE', *, *, #372, .T. ) ;
#1510 = VECTOR ( 'NONE', #2186, 1000.000000000000000 ) ;
#1511 = CARTESIAN_POINT ( 'NONE',  ( -4.950000000000338574, -4.500338972710011376, 4.949497572825494629 ) ) ;
#1512 = CARTESIAN_POINT ( 'NONE',  ( 30.94999999999999929, -6.260289708239329620, -1.037918005908522900 ) ) ;
#1514 = ADVANCED_FACE ( 'NONE', ( #1332 ), #166, .T. ) ;
#1513 = DIRECTION ( 'NONE',  ( -1.000000000000000000, -9.745637505487680998E-17, 0.000000000000000000 ) ) ;
#1515 = ORIENTED_EDGE ( 'NONE', *, *, #9, .F. ) ;
#1516 = LINE ( 'NONE', #2141, #607 ) ;
#1517 = CARTESIAN_POINT ( 'NONE',  ( 4.950000000000001066, -29.25000000000000000, -4.949497572824772540 ) ) ;
#1518 = ORIENTED_EDGE ( 'NONE', *, *, #1486, .F. ) ;
#1519 = VERTEX_POINT ( 'NONE', #3648 ) ;
#1520 = DIRECTION ( 'NONE',  ( 1.000000000000000000, 0.000000000000000000, -0.000000000000000000 ) ) ;
#1521 = DIRECTION ( 'NONE',  ( -1.000000000000000000, -0.000000000000000000, -0.000000000000000000 ) ) ;
#1522 = ORIENTED_EDGE ( 'NONE', *, *, #3110, .T. ) ;
#1523 = PLANE ( 'NONE',  #2469 ) ;
#1524 = ORIENTED_EDGE ( 'NONE', *, *, #3494, .F. ) ;
#1525 = LINE ( 'NONE', #119, #3725 ) ;
#1526 = EDGE_CURVE ( 'NONE', #2713, #2988, #2962, .T. ) ;
#1527 = LINE ( 'NONE', #2690, #2536 ) ;
#1528 = CARTESIAN_POINT ( 'NONE',  ( 30.95000000000000639, -6.610000000000003872, -4.199999999998458300 ) ) ;
#1529 = ORIENTED_EDGE ( 'NONE', *, *, #2454, .T. ) ;
#1530 = EDGE_CURVE ( 'NONE', #1210, #1880, #1918, .T. ) ;
#1531 = EDGE_CURVE ( 'NONE', #1738, #33, #490, .T. ) ;
#1532 = DIRECTION ( 'NONE',  ( 0.000000000000000000, 0.000000000000000000, -1.000000000000000000 ) ) ;
#1533 = EDGE_CURVE ( 'NONE', #2160, #391, #1498, .T. ) ;
#1534 = EDGE_CURVE ( 'NONE', #1012, #2644, #1422, .T. ) ;
#1535 = CARTESIAN_POINT ( 'NONE',  ( 0.000000000000000000, 0.000000000000000000, 0.000000000000000000 ) ) ;
#1536 = ORIENTED_EDGE ( 'NONE', *, *, #3390, .F. ) ;
#1537 = ORIENTED_EDGE ( 'NONE', *, *, #3606, .F. ) ;
#1538 = DIRECTION ( 'NONE',  ( 0.000000000000000000, 0.000000000000000000, 1.000000000000000000 ) ) ;
#1539 = DIRECTION ( 'NONE',  ( 0.000000000000000000, 0.000000000000000000, 1.000000000000000000 ) ) ;
#1540 = ORIENTED_EDGE ( 'NONE', *, *, #1578, .F. ) ;
#1541 = VECTOR ( 'NONE', #384, 1000.000000000000000 ) ;
#1542 = DIRECTION ( 'NONE',  ( -0.000000000000000000, 1.000000000000000000, -0.000000000000000000 ) ) ;
#1543 = AXIS2_PLACEMENT_3D ( 'NONE', #3058, #505, #2467 ) ;
#1544 = VERTEX_POINT ( 'NONE', #1462 ) ;
#1545 = CARTESIAN_POINT ( 'NONE',  ( 30.95000000000000639, -5.610253315091707549, 20.25000000000153477 ) ) ;
#1546 = VECTOR ( 'NONE', #304, 1000.000000000000000 ) ;
#1547 = EDGE_CURVE ( 'NONE', #33, #1633, #583, .T. ) ;
#1548 = FACE_OUTER_BOUND ( 'NONE', #3451, .T. ) ;
#1549 = DIRECTION ( 'NONE',  ( -1.000000000000000000, -7.779833121590977705E-17, 6.162975822039154730E-33 ) ) ;
#1550 = ORIENTED_EDGE ( 'NONE', *, *, #1531, .T. ) ;
#1551 = EDGE_CURVE ( 'NONE', #1153, #1519, #1687, .T. ) ;
#1552 = LINE ( 'NONE', #1821, #1989 ) ;
#1553 = CARTESIAN_POINT ( 'NONE',  ( 31.44999999999999929, -27.11000000000000654, 20.25000000000153477 ) ) ;
#1554 = ORIENTED_EDGE ( 'NONE', *, *, #3393, .T. ) ;
#1555 = ORIENTED_EDGE ( 'NONE', *, *, #164, .T. ) ;
#1556 = VECTOR ( 'NONE', #665, 1000.000000000000000 ) ;
#1557 = DIRECTION ( 'NONE',  ( 1.000000000000000000, -0.000000000000000000, -0.000000000000000000 ) ) ;
#1558 = CARTESIAN_POINT ( 'NONE',  ( 25.55000000000000071, -7.609746684908300196, 20.25000000000153477 ) ) ;
#1559 = AXIS2_PLACEMENT_3D ( 'NONE', #1500, #83, #686 ) ;
#1560 = AXIS2_PLACEMENT_3D ( 'NONE', #2822, #2181, #3702 ) ;
#1561 = VECTOR ( 'NONE', #2516, 1000.000000000000000 ) ;
#1562 = DIRECTION ( 'NONE',  ( 0.000000000000000000, 0.000000000000000000, 1.000000000000000000 ) ) ;
#1563 = EDGE_CURVE ( 'NONE', #614, #1096, #3319, .T. ) ;
#1564 = ORIENTED_EDGE ( 'NONE', *, *, #2052, .T. ) ;
#1565 = FACE_OUTER_BOUND ( 'NONE', #1046, .T. ) ;
#1566 = VECTOR ( 'NONE', #1007, 1000.000000000000000 ) ;
#1567 = CIRCLE ( 'NONE', #3691, 1.002293481871904923 ) ;
#1568 = VECTOR ( 'NONE', #2907, 1000.000000000000000 ) ;
#1569 = CARTESIAN_POINT ( 'NONE',  ( -4.950000000000338574, -4.500338972710011376, 4.949497572825494629 ) ) ;
#1570 = CARTESIAN_POINT ( 'NONE',  ( -13.35000000000002096, 0.000000000000000000, -24.55000000000000071 ) ) ;
#1571 = ORIENTED_EDGE ( 'NONE', *, *, #2647, .T. ) ;
#1572 = EDGE_CURVE ( 'NONE', #2404, #494, #2848, .T. ) ;
#1573 = CARTESIAN_POINT ( 'NONE',  ( -4.949497572825296565, -4.500338972710011376, -7.949999999999799449 ) ) ;
#1574 = CARTESIAN_POINT ( 'NONE',  ( -32.77581323893203802, -51.62604593830443633, 1.040834085586084257E-14 ) ) ;
#1575 = ORIENTED_EDGE ( 'NONE', *, *, #3052, .F. ) ;
#1576 = CARTESIAN_POINT ( 'NONE',  ( -9.350000000000024514, -9.500338972710009600, 24.55000000000000071 ) ) ;
#1577 = ORIENTED_EDGE ( 'NONE', *, *, #2717, .T. ) ;
#1578 = EDGE_CURVE ( 'NONE', #209, #3125, #1159, .T. ) ;
#1579 = FACE_OUTER_BOUND ( 'NONE', #1963, .T. ) ;
#1580 = DIRECTION ( 'NONE',  ( 1.000000000000000000, -0.000000000000000000, -0.000000000000000000 ) ) ;
#1581 = EDGE_LOOP ( 'NONE', ( #637, #599, #3720, #211 ) ) ;
#1582 = DIRECTION ( 'NONE',  ( -1.000000000000000000, -0.000000000000000000, -0.000000000000000000 ) ) ;
#1583 = VERTEX_POINT ( 'NONE', #1097 ) ;
#1584 = LINE ( 'NONE', #2745, #3116 ) ;
#1585 = EDGE_CURVE ( 'NONE', #44, #1987, #2925, .T. ) ;
#1586 = FACE_BOUND ( 'NONE', #14, .T. ) ;
#1587 = CARTESIAN_POINT ( 'NONE',  ( 27.44999999999998508, -20.61213394580202873, -28.05000000000000071 ) ) ;
#1588 = ORIENTED_EDGE ( 'NONE', *, *, #509, .T. ) ;
#1589 = APPLICATION_CONTEXT ( 'automotive_design' ) ;
#1590 = CARTESIAN_POINT ( 'NONE',  ( -13.35000000000002274, -6.610000000000006537, -4.199999999998458300 ) ) ;
#1591 = CARTESIAN_POINT ( 'NONE',  ( -28.64999999999999503, 3.174999999999999822, 14.02500000000000036 ) ) ;
#1592 = ORIENTED_EDGE ( 'NONE', *, *, #3136, .T. ) ;
#1593 = EDGE_CURVE ( 'NONE', #2769, #3728, #3683, .T. ) ;
#1594 = DIRECTION ( 'NONE',  ( -0.000000000000000000, 1.000000000000000000, -0.000000000000000000 ) ) ;
#1595 = ORIENTED_EDGE ( 'NONE', *, *, #2498, .F. ) ;
#1596 = DIRECTION ( 'NONE',  ( 0.000000000000000000, 0.000000000000000000, 1.000000000000000000 ) ) ;
#1597 = CARTESIAN_POINT ( 'NONE',  ( -9.350000000000024514, -27.11000000000001009, 16.50000000000153833 ) ) ;
#1598 = FACE_OUTER_BOUND ( 'NONE', #1292, .T. ) ;
#1599 = EDGE_LOOP ( 'NONE', ( #3129, #2024, #719, #2360 ) ) ;
#1600 = CARTESIAN_POINT ( 'NONE',  ( 27.44999999999999929, -4.500338972710011376, 22.86009492289630174 ) ) ;
#1601 = CIRCLE ( 'NONE', #1180, 3.000000000000000888 ) ;
#1602 = FACE_OUTER_BOUND ( 'NONE', #1470, .T. ) ;
#1603 = DIRECTION ( 'NONE',  ( 1.000000000000000000, 0.000000000000000000, 0.000000000000000000 ) ) ;
#1604 = ORIENTED_EDGE ( 'NONE', *, *, #1551, .F. ) ;
#1605 = CARTESIAN_POINT ( 'NONE',  ( -9.350000000000024514, -4.500338972710016705, 19.50000000000153833 ) ) ;
#1606 = CARTESIAN_POINT ( 'NONE',  ( 31.44999999999999929, -7.612199995687619847, -4.199999999998458300 ) ) ;
#1607 = EDGE_LOOP ( 'NONE', ( #1008, #1430, #409, #2515, #1142, #1487 ) ) ;
#1608 = LINE ( 'NONE', #2771, #1480 ) ;
#1609 = EDGE_CURVE ( 'NONE', #2733, #3205, #2559, .T. ) ;
#1610 = CARTESIAN_POINT ( 'NONE',  ( 27.44999999999998508, -20.61213394580206781, 28.05000000000000071 ) ) ;
#1611 = DIRECTION ( 'NONE',  ( 0.000000000000000000, 0.000000000000000000, 1.000000000000000000 ) ) ;
#1612 = ORIENTED_EDGE ( 'NONE', *, *, #1299, .T. ) ;
#1613 = AXIS2_PLACEMENT_3D ( 'NONE', #2563, #2322, #2362 ) ;
#1614 = DIRECTION ( 'NONE',  ( -1.000000000000000000, -0.000000000000000000, -0.000000000000000000 ) ) ;
#1615 = ADVANCED_FACE ( 'NONE', ( #1406, #628, #2259, #333, #2301, #1997 ), #2319, .F. ) ;
#1616 = VECTOR ( 'NONE', #2277, 1000.000000000000000 ) ;
#1617 = VERTEX_POINT ( 'NONE', #898 ) ;
#1618 = CARTESIAN_POINT ( 'NONE',  ( 31.44999999999999929, -28.11229348187190524, 20.25000000000153477 ) ) ;
#1619 = VECTOR ( 'NONE', #3585, 1000.000000000000000 ) ;
#1620 = VECTOR ( 'NONE', #1894, 1000.000000000000000 ) ;
#1621 = DIRECTION ( 'NONE',  ( 0.000000000000000000, -2.055359568692899253E-16, 1.000000000000000000 ) ) ;
#1622 = CARTESIAN_POINT ( 'NONE',  ( -4.950000000000338574, -4.500338972710011376, 7.949497572825495517 ) ) ;
#1623 = ORIENTED_EDGE ( 'NONE', *, *, #714, .T. ) ;
#1624 = CIRCLE ( 'NONE', #964, 12.50000000000000000 ) ;
#1625 = CARTESIAN_POINT ( 'NONE',  ( 27.44999999999997087, 1.868478213922281057E-14, 28.05000000000000071 ) ) ;
#1626 = EDGE_CURVE ( 'NONE', #1880, #1496, #604, .T. ) ;
#1627 = LINE ( 'NONE', #2255, #2715 ) ;
#1628 = ORIENTED_EDGE ( 'NONE', *, *, #3111, .T. ) ;
#1629 = CARTESIAN_POINT ( 'NONE',  ( 27.44999999999999929, -4.500338972710011376, 18.00000000000153477 ) ) ;
#1630 = CIRCLE ( 'NONE', #1803, 1.424999999999999156 ) ;
#1631 = DIRECTION ( 'NONE',  ( 0.000000000000000000, 0.000000000000000000, 1.000000000000000000 ) ) ;
#1632 = CARTESIAN_POINT ( 'NONE',  ( -32.77581323893203802, -51.62604593830443633, 7.100160573022923138 ) ) ;
#1633 = VERTEX_POINT ( 'NONE', #3455 ) ;
#1634 = DIRECTION ( 'NONE',  ( 1.000000000000000000, 0.000000000000000000, -0.000000000000000000 ) ) ;
#1635 = EDGE_LOOP ( 'NONE', ( #3586, #1464 ) ) ;
#1636 = ORIENTED_EDGE ( 'NONE', *, *, #2345, .F. ) ;
#1637 = DIRECTION ( 'NONE',  ( 0.000000000000000000, 0.000000000000000000, 1.000000000000000000 ) ) ;
#1638 = LINE ( 'NONE', #3351, #1009 ) ;
#1639 = CARTESIAN_POINT ( 'NONE',  ( 31.44999999999999929, 6.349999999999999645, 25.05000000000001492 ) ) ;
#1640 = ORIENTED_EDGE ( 'NONE', *, *, #3194, .T. ) ;
#1641 = FACE_OUTER_BOUND ( 'NONE', #3101, .T. ) ;
#1642 = CARTESIAN_POINT ( 'NONE',  ( 0.000000000000000000, -24.11213394580208913, 24.55000000000000071 ) ) ;
#1643 = EDGE_LOOP ( 'NONE', ( #449, #345, #3263, #2252 ) ) ;
#1644 = DIRECTION ( 'NONE',  ( 1.000000000000000000, 0.000000000000000000, -0.000000000000000000 ) ) ;
#1645 = ADVANCED_FACE ( 'NONE', ( #858, #3471, #38 ), #3170, .F. ) ;
#1646 = EDGE_CURVE ( 'NONE', #3042, #3244, #2049, .T. ) ;
#1647 = EDGE_CURVE ( 'NONE', #2600, #1715, #3185, .T. ) ;
#1648 = CARTESIAN_POINT ( 'NONE',  ( -6.500000000000024869, -4.500338972710011376, 19.50000000000153833 ) ) ;
#1649 = DIRECTION ( 'NONE',  ( -3.840100063292022274E-17, 0.3940327209102222894, -0.9190964121636460149 ) ) ;
#1650 = DIRECTION ( 'NONE',  ( -1.000000000000000000, -7.779833121590977705E-17, 6.162975822039154730E-33 ) ) ;
#1651 = ORIENTED_EDGE ( 'NONE', *, *, #1533, .F. ) ;
#1652 = ORIENTED_EDGE ( 'NONE', *, *, #3512, .T. ) ;
#1653 = EDGE_CURVE ( 'NONE', #471, #2823, #819, .T. ) ;
#1654 = CARTESIAN_POINT ( 'NONE',  ( 27.44999999999999929, 6.350000000000000533, -60.32163680906983672 ) ) ;
#1655 = DIRECTION ( 'NONE',  ( 0.000000000000000000, 0.000000000000000000, 1.000000000000000000 ) ) ;
#1656 = EDGE_LOOP ( 'NONE', ( #2165, #1575, #1377, #626 ) ) ;
#1657 = VERTEX_POINT ( 'NONE', #2055 ) ;
#1658 = AXIS2_PLACEMENT_3D ( 'NONE', #3076, #2240, #767 ) ;
#1659 = ADVANCED_FACE ( 'NONE', ( #1976 ), #3208, .F. ) ;
#1660 = DIRECTION ( 'NONE',  ( -0.000000000000000000, 1.000000000000000000, -0.000000000000000000 ) ) ;
#1661 = DIRECTION ( 'NONE',  ( 1.000000000000000000, 0.000000000000000000, 0.000000000000000000 ) ) ;
#1662 = ORIENTED_EDGE ( 'NONE', *, *, #3273, .T. ) ;
#1663 = AXIS2_PLACEMENT_3D ( 'NONE', #3697, #3656, #3407 ) ;
#1664 = FACE_OUTER_BOUND ( 'NONE', #1656, .T. ) ;
#1665 = EDGE_CURVE ( 'NONE', #1342, #2139, #1250, .T. ) ;
#1666 = DIRECTION ( 'NONE',  ( -9.745637505487680998E-17, 1.000000000000000000, 0.000000000000000000 ) ) ;
#1667 = LINE ( 'NONE', #1688, #3513 ) ;
#1668 = ORIENTED_EDGE ( 'NONE', *, *, #2832, .T. ) ;
#1669 = DIRECTION ( 'NONE',  ( 7.779833121590977705E-17, -1.000000000000000000, 0.000000000000000000 ) ) ;
#1670 = CARTESIAN_POINT ( 'NONE',  ( 4.949497572824959946, -29.25000000000000000, 4.950000000000527756 ) ) ;
#1671 = EDGE_LOOP ( 'NONE', ( #3617, #1604, #750, #3334 ) ) ;
#1672 = EDGE_LOOP ( 'NONE', ( #2223, #1025, #29, #1518 ) ) ;
#1673 = AXIS2_PLACEMENT_3D ( 'NONE', #1256, #1841, #1520 ) ;
#1674 = CARTESIAN_POINT ( 'NONE',  ( -9.350000000000024514, -78.47458735225720261, 0.000000000000000000 ) ) ;
#1675 = DIRECTION ( 'NONE',  ( 0.000000000000000000, 0.000000000000000000, 1.000000000000000000 ) ) ;
#1676 = ORIENTED_EDGE ( 'NONE', *, *, #3039, .F. ) ;
#1677 = ORIENTED_EDGE ( 'NONE', *, *, #2399, .F. ) ;
#1678 = VECTOR ( 'NONE', #3153, 1000.000000000000000 ) ;
#1679 = CIRCLE ( 'NONE', #488, 0.9995327267658229431 ) ;
#1680 = AXIS2_PLACEMENT_3D ( 'NONE', #3395, #1954, #3106 ) ;
#1681 = CYLINDRICAL_SURFACE ( 'NONE', #547, 3.000000000000001332 ) ;
#1682 = DIRECTION ( 'NONE',  ( 0.000000000000000000, 0.000000000000000000, -1.000000000000000000 ) ) ;
#1683 = VERTEX_POINT ( 'NONE', #1573 ) ;
#1684 = DIRECTION ( 'NONE',  ( 0.000000000000000000, 0.000000000000000000, -1.000000000000000000 ) ) ;
#1685 = CIRCLE ( 'NONE', #3081, 1.425000000000000044 ) ;
#1686 = VECTOR ( 'NONE', #385, 1000.000000000000000 ) ;
#1687 = LINE ( 'NONE', #261, #1199 ) ;
#1688 = CARTESIAN_POINT ( 'NONE',  ( 31.44999999999999929, -37.61792319645748961, 28.05000000000000071 ) ) ;
#1689 = VECTOR ( 'NONE', #1235, 1000.000000000000000 ) ;
#1690 = EDGE_LOOP ( 'NONE', ( #1628, #1945, #1668, #3483, #2310, #3688 ) ) ;
#1691 = ADVANCED_FACE ( 'NONE', ( #935 ), #109, .T. ) ;
#1692 = CARTESIAN_POINT ( 'NONE',  ( -6.500000000000024869, -4.500338972710011376, 19.50000000000153833 ) ) ;
#1693 = DIRECTION ( 'NONE',  ( -1.000000000000000000, 0.000000000000000000, 0.000000000000000000 ) ) ;
#1694 = ORIENTED_EDGE ( 'NONE', *, *, #1367, .T. ) ;
#1695 = ORIENTED_EDGE ( 'NONE', *, *, #3277, .T. ) ;
#1696 = ADVANCED_FACE ( 'NONE', ( #660 ), #3223, .F. ) ;
#1697 = DIRECTION ( 'NONE',  ( 1.000000000000000000, 0.000000000000000000, 0.000000000000000000 ) ) ;
#1698 = CARTESIAN_POINT ( 'NONE',  ( 30.95100000000001472, -16.85999999999956245, -12.49999999999865885 ) ) ;
#1699 = ORIENTED_EDGE ( 'NONE', *, *, #1105, .T. ) ;
#1700 = ORIENTED_EDGE ( 'NONE', *, *, #2204, .F. ) ;
#1701 = ADVANCED_FACE ( 'NONE', ( #3282 ), #3240, .F. ) ;
#1702 = LINE ( 'NONE', #2010, #2291 ) ;
#1703 = FACE_OUTER_BOUND ( 'NONE', #2887, .T. ) ;
#1704 = ORIENTED_EDGE ( 'NONE', *, *, #1789, .F. ) ;
#1705 = CARTESIAN_POINT ( 'NONE',  ( -6.500000000000024869, -4.500338972710007823, -7.199999999998458300 ) ) ;
#1706 = DIRECTION ( 'NONE',  ( 1.000000000000000000, 9.745637505487683463E-17, -0.000000000000000000 ) ) ;
#1707 = LINE ( 'NONE', #294, #373 ) ;
#1708 = VERTEX_POINT ( 'NONE', #2106 ) ;
#1709 = CARTESIAN_POINT ( 'NONE',  ( 27.44999999999999929, -9.500338972710009600, -24.55000000000000071 ) ) ;
#1710 = CARTESIAN_POINT ( 'NONE',  ( 25.55000000000000071, 1.950397079272457286E-15, -1.691736863149747930E-31 ) ) ;
#1711 = ORIENTED_EDGE ( 'NONE', *, *, #1052, .F. ) ;
#1712 = ORIENTED_EDGE ( 'NONE', *, *, #2067, .T. ) ;
#1713 = CARTESIAN_POINT ( 'NONE',  ( 27.45000000000000284, -51.62604593830443633, 1.040834085586084257E-14 ) ) ;
#1714 = CARTESIAN_POINT ( 'NONE',  ( 25.55000000000000426, -29.25000000000000000, 18.00000000000153477 ) ) ;
#1715 = VERTEX_POINT ( 'NONE', #2986 ) ;
#1716 = ORIENTED_EDGE ( 'NONE', *, *, #578, .T. ) ;
#1717 = PLANE ( 'NONE',  #1263 ) ;
#1718 = CARTESIAN_POINT ( 'NONE',  ( -6.500000000000024869, -27.11000000000000654, -3.299999999997006217 ) ) ;
#1719 = ORIENTED_EDGE ( 'NONE', *, *, #2224, .F. ) ;
#1720 = PLANE ( 'NONE',  #3302 ) ;
#1721 = VECTOR ( 'NONE', #1889, 1000.000000000000000 ) ;
#1722 = CARTESIAN_POINT ( 'NONE',  ( 25.55000000000000426, -29.25000000000000000, -1.949999999999989075 ) ) ;
#1723 = DIRECTION ( 'NONE',  ( 0.000000000000000000, -0.7071067811865491270, 0.7071067811865459074 ) ) ;
#1724 = ADVANCED_FACE ( 'NONE', ( #3514 ), #3261, .F. ) ;
#1725 = EDGE_LOOP ( 'NONE', ( #2125, #3368 ) ) ;
#1726 = AXIS2_PLACEMENT_3D ( 'NONE', #1713, #1150, #1507 ) ;
#1727 = CARTESIAN_POINT ( 'NONE',  ( 0.000000000000000000, 6.349999999999999645, 25.05000000000001492 ) ) ;
#1728 = FACE_OUTER_BOUND ( 'NONE', #2506, .T. ) ;
#1729 = EDGE_LOOP ( 'NONE', ( #295, #3242, #287, #234 ) ) ;
#1730 = EDGE_CURVE ( 'NONE', #749, #209, #1799, .T. ) ;
#1731 = DIRECTION ( 'NONE',  ( 0.000000000000000000, 1.000000000000000000, 0.000000000000000000 ) ) ;
#1732 = LINE ( 'NONE', #2023, #1501 ) ;
#1733 = ORIENTED_EDGE ( 'NONE', *, *, #3194, .F. ) ;
#1734 = ORIENTED_EDGE ( 'NONE', *, *, #3084, .T. ) ;
#1735 = VECTOR ( 'NONE', #998, 1000.000000000000000 ) ;
#1736 = CARTESIAN_POINT ( 'NONE',  ( 27.45000000000000284, -24.11213394580208913, -24.55000000000000071 ) ) ;
#1737 = DIRECTION ( 'NONE',  ( 0.000000000000000000, 0.000000000000000000, 1.000000000000000000 ) ) ;
#1738 = VERTEX_POINT ( 'NONE', #3570 ) ;
#1739 = VECTOR ( 'NONE', #2127, 1000.000000000000000 ) ;
#1740 = DIRECTION ( 'NONE',  ( 0.000000000000000000, 0.000000000000000000, -1.000000000000000000 ) ) ;
#1741 = AXIS2_PLACEMENT_3D ( 'NONE', #1779, #2662, #428 ) ;
#1742 = VECTOR ( 'NONE', #328, 1000.000000000000000 ) ;
#1743 = ADVANCED_FACE ( 'NONE', ( #976 ), #351, .F. ) ;
#1744 = CARTESIAN_POINT ( 'NONE',  ( 27.44999999999999929, 2.135564191876723336E-15, 22.50000000000153122 ) ) ;
#1745 = CARTESIAN_POINT ( 'NONE',  ( -6.500000000000024869, -4.500338972710007823, -7.199999999998458300 ) ) ;
#1746 = AXIS2_PLACEMENT_3D ( 'NONE', #3698, #1091, #3463 ) ;
#1747 = ORIENTED_EDGE ( 'NONE', *, *, #204, .F. ) ;
#1748 = VECTOR ( 'NONE', #3440, 999.9999999999998863 ) ;
#1749 = AXIS2_PLACEMENT_3D ( 'NONE', #3492, #1723, #566 ) ;
#1750 = CARTESIAN_POINT ( 'NONE',  ( 27.45000000000000284, -51.62604593830443633, -7.100160573022901822 ) ) ;
#1751 = CARTESIAN_POINT ( 'NONE',  ( 4.949497572824959946, -4.500338972710011376, 4.950000000000527756 ) ) ;
#1752 = DIRECTION ( 'NONE',  ( -1.000000000000000000, -0.000000000000000000, -0.000000000000000000 ) ) ;
#1753 = ORIENTED_EDGE ( 'NONE', *, *, #1908, .F. ) ;
#1754 = CARTESIAN_POINT ( 'NONE',  ( -4.950000000000338574, 6.349999999999999645, 4.949497572825494629 ) ) ;
#1755 = EDGE_CURVE ( 'NONE', #1796, #958, #1552, .T. ) ;
#1756 = LINE ( 'NONE', #2856, #2900 ) ;
#1757 = ORIENTED_EDGE ( 'NONE', *, *, #3517, .T. ) ;
#1758 = ORIENTED_EDGE ( 'NONE', *, *, #135, .F. ) ;
#1759 = CYLINDRICAL_SURFACE ( 'NONE', #424, 0.8750000000000007772 ) ;
#1760 = DIRECTION ( 'NONE',  ( -0.000000000000000000, 1.000000000000000000, -0.000000000000000000 ) ) ;
#1761 = ORIENTED_EDGE ( 'NONE', *, *, #1949, .F. ) ;
#1762 = DIRECTION ( 'NONE',  ( 0.000000000000000000, 0.000000000000000000, -1.000000000000000000 ) ) ;
#1763 = DIRECTION ( 'NONE',  ( 0.000000000000000000, 0.000000000000000000, 1.000000000000000000 ) ) ;
#1764 = DIRECTION ( 'NONE',  ( 0.000000000000000000, -0.000000000000000000, -1.000000000000000000 ) ) ;
#1765 = ORIENTED_EDGE ( 'NONE', *, *, #1260, .F. ) ;
#1766 = LINE ( 'NONE', #2910, #1129 ) ;
#1767 = FACE_OUTER_BOUND ( 'NONE', #826, .T. ) ;
#1768 = VERTEX_POINT ( 'NONE', #3548 ) ;
#1769 = DIRECTION ( 'NONE',  ( -1.000000000000000000, 0.000000000000000000, 0.000000000000000000 ) ) ;
#1770 = EDGE_CURVE ( 'NONE', #8, #1912, #94, .T. ) ;
#1771 = CARTESIAN_POINT ( 'NONE',  ( -9.350000000000024514, -4.500338972710011376, 19.50000000000153833 ) ) ;
#1772 = ORIENTED_EDGE ( 'NONE', *, *, #3162, .F. ) ;
#1773 = CARTESIAN_POINT ( 'NONE',  ( -28.64999999999999503, 3.349999999999996980, -28.05000000000000071 ) ) ;
#1774 = CARTESIAN_POINT ( 'NONE',  ( 27.45000000000000284, -51.62604593830443633, 12.50000000000001066 ) ) ;
#1775 = LINE ( 'NONE', #1795, #1619 ) ;
#1776 = VERTEX_POINT ( 'NONE', #1494 ) ;
#1777 = EDGE_CURVE ( 'NONE', #8, #154, #2661, .T. ) ;
#1778 = DIRECTION ( 'NONE',  ( -0.000000000000000000, -0.000000000000000000, -1.000000000000000000 ) ) ;
#1779 = CARTESIAN_POINT ( 'NONE',  ( 31.44999999999999929, -51.62604593830443633, 1.040834085586084257E-14 ) ) ;
#1780 = ORIENTED_EDGE ( 'NONE', *, *, #3201, .T. ) ;
#1781 = AXIS2_PLACEMENT_3D ( 'NONE', #43, #1594, #1482 ) ;
#1782 = VERTEX_POINT ( 'NONE', #2427 ) ;
#1783 = APPLICATION_CONTEXT ( 'automotive_design' ) ;
#1784 = AXIS2_PLACEMENT_3D ( 'NONE', #1654, #230, #253 ) ;
#1785 = DIRECTION ( 'NONE',  ( 0.000000000000000000, 1.000000000000000000, -0.000000000000000000 ) ) ;
#1786 = FACE_BOUND ( 'NONE', #1318, .T. ) ;
#1787 = CARTESIAN_POINT ( 'NONE',  ( 25.55000000000000071, -6.610000000000003872, 20.25000000000153477 ) ) ;
#1788 = ORIENTED_EDGE ( 'NONE', *, *, #2222, .T. ) ;
#1789 = EDGE_CURVE ( 'NONE', #3642, #1227, #2226, .T. ) ;
#1790 = CARTESIAN_POINT ( 'NONE',  ( 25.55000000000000071, 1.950397079272457286E-15, 22.50000000000153122 ) ) ;
#1791 = CARTESIAN_POINT ( 'NONE',  ( -13.35000000000002274, -27.11000000000001009, 16.50000000000153833 ) ) ;
#1792 = ORIENTED_EDGE ( 'NONE', *, *, #1930, .F. ) ;
#1793 = CARTESIAN_POINT ( 'NONE',  ( -4.950000000000338574, -29.25000000000000000, 3.524497572825494363 ) ) ;
#1794 = CARTESIAN_POINT ( 'NONE',  ( 25.55000000000000426, -27.11000000000000654, 20.25000000000153477 ) ) ;
#1795 = CARTESIAN_POINT ( 'NONE',  ( 25.55000000000000426, -29.25000000000000000, -1.691736863149747930E-31 ) ) ;
#1796 = VERTEX_POINT ( 'NONE', #955 ) ;
#1797 = AXIS2_PLACEMENT_3D ( 'NONE', #2382, #983, #414 ) ;
#1798 = AXIS2_PLACEMENT_3D ( 'NONE', #2666, #151, #1222 ) ;
#1799 = LINE ( 'NONE', #2677, #2589 ) ;
#1800 = FACE_OUTER_BOUND ( 'NONE', #1898, .T. ) ;
#1801 = ORIENTED_EDGE ( 'NONE', *, *, #47, .F. ) ;
#1802 = ORIENTED_EDGE ( 'NONE', *, *, #1499, .F. ) ;
#1803 = AXIS2_PLACEMENT_3D ( 'NONE', #2197, #764, #3073 ) ;
#1804 = CIRCLE ( 'NONE', #612, 3.000000000000000000 ) ;
#1805 = CARTESIAN_POINT ( 'NONE',  ( -9.350000000000024514, -29.25000000000000000, 19.41500000000000270 ) ) ;
#1806 = VECTOR ( 'NONE', #3236, 1000.000000000000000 ) ;
#1807 = CARTESIAN_POINT ( 'NONE',  ( -20.64999999999999503, 3.174999999999999822, 14.02500000000000036 ) ) ;
#1808 = VECTOR ( 'NONE', #1287, 1000.000000000000000 ) ;
#1809 = EDGE_CURVE ( 'NONE', #3610, #512, #1516, .T. ) ;
#1810 = ORIENTED_EDGE ( 'NONE', *, *, #335, .F. ) ;
#1811 = AXIS2_PLACEMENT_3D ( 'NONE', #1807, #1521, #1539 ) ;
#1812 = DIRECTION ( 'NONE',  ( 0.000000000000000000, 0.000000000000000000, -1.000000000000000000 ) ) ;
#1813 = EDGE_CURVE ( 'NONE', #1185, #2029, #2710, .T. ) ;
#1814 = ORIENTED_EDGE ( 'NONE', *, *, #3406, .T. ) ;
#1815 = AXIS2_PLACEMENT_3D ( 'NONE', #379, #99, #3537 ) ;
#1816 = CARTESIAN_POINT ( 'NONE',  ( 31.44999999999999929, -37.61792319645748961, -28.05000000000000071 ) ) ;
#1817 = EDGE_CURVE ( 'NONE', #118, #2344, #1804, .T. ) ;
#1818 = LINE ( 'NONE', #2919, #1742 ) ;
#1819 = CYLINDRICAL_SURFACE ( 'NONE', #302, 0.9995327267658220549 ) ;
#1820 = ORIENTED_EDGE ( 'NONE', *, *, #2378, .F. ) ;
#1821 = CARTESIAN_POINT ( 'NONE',  ( -9.350000000000024514, -9.500338972710009600, -24.55000000000000071 ) ) ;
#1822 = FACE_OUTER_BOUND ( 'NONE', #2066, .T. ) ;
#1823 = ORIENTED_EDGE ( 'NONE', *, *, #3587, .F. ) ;
#1824 = ORIENTED_EDGE ( 'NONE', *, *, #372, .F. ) ;
#1825 = CARTESIAN_POINT ( 'NONE',  ( 31.44999999999999929, -7.609746684908299308, 20.25000000000153477 ) ) ;
#1826 = FACE_OUTER_BOUND ( 'NONE', #1607, .T. ) ;
#1827 = EDGE_CURVE ( 'NONE', #1708, #581, #920, .T. ) ;
#1828 = CARTESIAN_POINT ( 'NONE',  ( -6.500000000000024869, -6.610000000000006537, 16.50000000000153833 ) ) ;
#1829 =( LENGTH_UNIT ( ) NAMED_UNIT ( * ) SI_UNIT ( .MILLI., .METRE. ) );
#1830 = VERTEX_POINT ( 'NONE', #763 ) ;
#1831 = EDGE_CURVE ( 'NONE', #59, #3233, #2777, .T. ) ;
#1832 = FACE_BOUND ( 'NONE', #1635, .T. ) ;
#1833 = CARTESIAN_POINT ( 'NONE',  ( 4.949497572824959946, -4.500338972710011376, 4.950000000000527756 ) ) ;
#1834 = CARTESIAN_POINT ( 'NONE',  ( -13.35000000000002274, -6.610000000000006537, -3.299999999996555466 ) ) ;
#1835 = ORIENTED_EDGE ( 'NONE', *, *, #1476, .F. ) ;
#1836 = DIRECTION ( 'NONE',  ( 0.000000000000000000, -1.000000000000000000, 0.000000000000000000 ) ) ;
#1837 = LINE ( 'NONE', #95, #2361 ) ;
#1838 = ORIENTED_EDGE ( 'NONE', *, *, #623, .F. ) ;
#1839 = ORIENTED_EDGE ( 'NONE', *, *, #3306, .F. ) ;
#1840 = EDGE_CURVE ( 'NONE', #3042, #1434, #445, .T. ) ;
#1841 = DIRECTION ( 'NONE',  ( 0.000000000000000000, 0.000000000000000000, 1.000000000000000000 ) ) ;
#1842 = AXIS2_PLACEMENT_3D ( 'NONE', #1184, #2343, #2161 ) ;
#1843 = CARTESIAN_POINT ( 'NONE',  ( 27.44999999999999929, -6.760289708239327844, 4.835076018827155764 ) ) ;
#1844 = ORIENTED_EDGE ( 'NONE', *, *, #1609, .F. ) ;
#1845 = AXIS2_PLACEMENT_3D ( 'NONE', #1917, #2219, #238 ) ;
#1846 = CYLINDRICAL_SURFACE ( 'NONE', #2827, 0.8750000000000007772 ) ;
#1847 = CIRCLE ( 'NONE', #3367, 0.8750000000000007772 ) ;
#1848 = VERTEX_POINT ( 'NONE', #1914 ) ;
#1849 = CARTESIAN_POINT ( 'NONE',  ( 4.949497572824959946, -4.500338972710011376, 4.950000000000527756 ) ) ;
#1850 = EDGE_CURVE ( 'NONE', #2353, #436, #1204, .T. ) ;
#1851 = CARTESIAN_POINT ( 'NONE',  ( -20.64999999999999503, -11.18106697290102858, -26.30000000000000426 ) ) ;
#1852 = CARTESIAN_POINT ( 'NONE',  ( 28.44999999999999929, -16.85999999999965127, -12.49999999999928946 ) ) ;
#1853 = EDGE_LOOP ( 'NONE', ( #2063, #606 ) ) ;
#1854 = ADVANCED_FACE ( 'NONE', ( #1878 ), #160, .F. ) ;
#1855 = DIRECTION ( 'NONE',  ( 0.000000000000000000, -1.000000000000000000, 0.000000000000000000 ) ) ;
#1856 = CARTESIAN_POINT ( 'NONE',  ( -28.64999999999999503, 3.174999999999999822, 14.90000000000000213 ) ) ;
#1857 = ORIENTED_EDGE ( 'NONE', *, *, #1578, .T. ) ;
#1858 = DIRECTION ( 'NONE',  ( 0.000000000000000000, -1.000000000000000000, 0.000000000000000000 ) ) ;
#1859 = EDGE_LOOP ( 'NONE', ( #2593, #2951, #3489, #3637 ) ) ;
#1860 = VECTOR ( 'NONE', #903, 1000.000000000000000 ) ;
#1861 = LINE ( 'NONE', #2395, #2890 ) ;
#1862 = LINE ( 'NONE', #1884, #1872 ) ;
#1863 = ORIENTED_EDGE ( 'NONE', *, *, #2296, .F. ) ;
#1864 = AXIS2_PLACEMENT_3D ( 'NONE', #2700, #2521, #1631 ) ;
#1865 = EDGE_CURVE ( 'NONE', #2736, #619, #244, .T. ) ;
#1866 = AXIS2_PLACEMENT_3D ( 'NONE', #3468, #1473, #875 ) ;
#1867 = VECTOR ( 'NONE', #2749, 1000.000000000000000 ) ;
#1868 = DIRECTION ( 'NONE',  ( -0.000000000000000000, 1.000000000000000000, -0.000000000000000000 ) ) ;
#1869 = ORIENTED_EDGE ( 'NONE', *, *, #3201, .F. ) ;
#1870 = DIRECTION ( 'NONE',  ( 0.000000000000000000, 0.000000000000000000, 1.000000000000000000 ) ) ;
#1871 = VECTOR ( 'NONE', #2251, 999.9999999999998863 ) ;
#1872 = VECTOR ( 'NONE', #2451, 1000.000000000000114 ) ;
#1873 = EDGE_CURVE ( 'NONE', #494, #1467, #1010, .T. ) ;
#1874 = VECTOR ( 'NONE', #3613, 1000.000000000000000 ) ;
#1875 = DIRECTION ( 'NONE',  ( 0.000000000000000000, 0.000000000000000000, -1.000000000000000000 ) ) ;
#1876 = LINE ( 'NONE', #1622, #3568 ) ;
#1877 = ORIENTED_EDGE ( 'NONE', *, *, #1789, .T. ) ;
#1878 = FACE_OUTER_BOUND ( 'NONE', #1003, .T. ) ;
#1879 = DIRECTION ( 'NONE',  ( -1.000000000000000000, 0.000000000000000000, -0.000000000000000000 ) ) ;
#1880 = VERTEX_POINT ( 'NONE', #3623 ) ;
#1881 = CARTESIAN_POINT ( 'NONE',  ( -13.35000000000002274, -29.25000000000000000, 0.000000000000000000 ) ) ;
#1882 = ORIENTED_EDGE ( 'NONE', *, *, #861, .T. ) ;
#1883 = LINE ( 'NONE', #3684, #1378 ) ;
#1884 = CARTESIAN_POINT ( 'NONE',  ( 27.45000000000000284, -24.11213394580208913, -24.54999999999997939 ) ) ;
#1885 = ORIENTED_EDGE ( 'NONE', *, *, #2820, .F. ) ;
#1886 = EDGE_CURVE ( 'NONE', #3205, #2798, #2413, .T. ) ;
#1887 = DIRECTION ( 'NONE',  ( -0.000000000000000000, 1.000000000000000000, -0.000000000000000000 ) ) ;
#1888 = ORIENTED_EDGE ( 'NONE', *, *, #1370, .T. ) ;
#1889 = DIRECTION ( 'NONE',  ( 0.000000000000000000, 0.000000000000000000, 1.000000000000000000 ) ) ;
#1890 = EDGE_CURVE ( 'NONE', #1392, #3288, #3374, .T. ) ;
#1891 = PLANE ( 'NONE',  #2596 ) ;
#1892 = CYLINDRICAL_SURFACE ( 'NONE', #2719, 0.9000000000019031665 ) ;
#1893 = VERTEX_POINT ( 'NONE', #3056 ) ;
#1894 = DIRECTION ( 'NONE',  ( 6.806842309370794645E-16, -1.000000000000000000, 0.000000000000000000 ) ) ;
#1895 = DIRECTION ( 'NONE',  ( -1.000000000000000000, 0.000000000000000000, 0.000000000000000000 ) ) ;
#1896 = ORIENTED_EDGE ( 'NONE', *, *, #324, .T. ) ;
#1897 = CARTESIAN_POINT ( 'NONE',  ( 31.44999999999999929, -28.10953272676582770, -4.199999999998461853 ) ) ;
#1898 = EDGE_LOOP ( 'NONE', ( #1981, #3551, #1165, #1273 ) ) ;
#1899 = EDGE_CURVE ( 'NONE', #2669, #953, #2054, .T. ) ;
#1900 = EDGE_CURVE ( 'NONE', #919, #1947, #1325, .T. ) ;
#1901 = LINE ( 'NONE', #752, #3020 ) ;
#1902 = PLANE ( 'NONE',  #3388 ) ;
#1903 = ORIENTED_EDGE ( 'NONE', *, *, #910, .T. ) ;
#1904 = FACE_OUTER_BOUND ( 'NONE', #979, .T. ) ;
#1905 = VERTEX_POINT ( 'NONE', #2196 ) ;
#1906 = VECTOR ( 'NONE', #3276, 1000.000000000000000 ) ;
#1907 = CARTESIAN_POINT ( 'NONE',  ( -13.35000000000002274, 0.000000000000000000, 24.55000000000000071 ) ) ;
#1908 = EDGE_CURVE ( 'NONE', #1012, #1162, #3093, .T. ) ;
#1909 = DIRECTION ( 'NONE',  ( 0.000000000000000000, -0.7071067811865537900, 0.7071067811865412445 ) ) ;
#1910 = CARTESIAN_POINT ( 'NONE',  ( 25.55000000000000071, -4.500338972710011376, -6.449999999999987743 ) ) ;
#1911 = DIRECTION ( 'NONE',  ( 0.000000000000000000, 0.000000000000000000, 1.000000000000000000 ) ) ;
#1912 = VERTEX_POINT ( 'NONE', #1605 ) ;
#1913 = AXIS2_PLACEMENT_3D ( 'NONE', #2892, #2326, #1187 ) ;
#1914 = CARTESIAN_POINT ( 'NONE',  ( 27.44999999999999929, -44.41604593830443548, -12.49999999999999112 ) ) ;
#1915 = DIRECTION ( 'NONE',  ( 1.000000000000000000, -0.000000000000000000, -0.000000000000000000 ) ) ;
#1916 = ORIENTED_EDGE ( 'NONE', *, *, #2092, .F. ) ;
#1917 = CARTESIAN_POINT ( 'NONE',  ( 0.000000000000000000, 0.000000000000000000, 24.55000000000000071 ) ) ;
#1918 = LINE ( 'NONE', #1648, #2354 ) ;
#1919 = FACE_OUTER_BOUND ( 'NONE', #756, .T. ) ;
#1920 = VECTOR ( 'NONE', #2851, 1000.000000000000000 ) ;
#1921 = CARTESIAN_POINT ( 'NONE',  ( -1.110223024625156540E-13, 0.000000000000000000, 1.387778780781445676E-13 ) ) ;
#1922 = ADVANCED_FACE ( 'NONE', ( #1641 ), #1047, .F. ) ;
#1923 = AXIS2_PLACEMENT_3D ( 'NONE', #3028, #1785, #960 ) ;
#1924 = ORIENTED_EDGE ( 'NONE', *, *, #1900, .T. ) ;
#1925 = ORIENTED_EDGE ( 'NONE', *, *, #2626, .T. ) ;
#1926 = DIRECTION ( 'NONE',  ( -1.000000000000000000, 0.000000000000000000, 0.000000000000000000 ) ) ;
#1927 = VECTOR ( 'NONE', #35, 1000.000000000000000 ) ;
#1928 = VECTOR ( 'NONE', #2789, 1000.000000000000000 ) ;
#1929 = DIRECTION ( 'NONE',  ( -1.000000000000000000, 0.000000000000000000, 0.000000000000000000 ) ) ;
#1930 = EDGE_CURVE ( 'NONE', #2421, #710, #3072, .T. ) ;
#1931 = AXIS2_PLACEMENT_3D ( 'NONE', #3163, #232, #3426 ) ;
#1932 = DIRECTION ( 'NONE',  ( 0.000000000000000000, -0.7071067811865492381, 0.7071067811865457964 ) ) ;
#1933 = ORIENTED_EDGE ( 'NONE', *, *, #579, .F. ) ;
#1934 = CIRCLE ( 'NONE', #11, 3.000000000000000888 ) ;
#1935 = ADVANCED_FACE ( 'NONE', ( #502 ), #2734, .T. ) ;
#1936 = EDGE_CURVE ( 'NONE', #3484, #808, #781, .T. ) ;
#1937 = AXIS2_PLACEMENT_3D ( 'NONE', #167, #753, #188 ) ;
#1938 = CARTESIAN_POINT ( 'NONE',  ( 27.44999999999999929, -16.85999999999965127, -12.49999999999928946 ) ) ;
#1939 = ORIENTED_EDGE ( 'NONE', *, *, #1032, .F. ) ;
#1940 = CARTESIAN_POINT ( 'NONE',  ( -4.949497572825296565, -4.500338972710011376, -1.949999999999799005 ) ) ;
#1941 = CIRCLE ( 'NONE', #1149, 1.002199995687616196 ) ;
#1942 = CARTESIAN_POINT ( 'NONE',  ( -13.35000000000002274, -24.33249999999992141, 24.33250000000004931 ) ) ;
#1943 = ADVANCED_FACE ( 'NONE', ( #3678 ), #2237, .T. ) ;
#1944 = DIRECTION ( 'NONE',  ( 1.000000000000000000, 0.000000000000000000, 0.000000000000000000 ) ) ;
#1945 = ORIENTED_EDGE ( 'NONE', *, *, #128, .F. ) ;
#1946 = CARTESIAN_POINT ( 'NONE',  ( 30.95000000000000639, -27.45767651737898518, -1.537918005908522900 ) ) ;
#1947 = VERTEX_POINT ( 'NONE', #518 ) ;
#1948 = ORIENTED_EDGE ( 'NONE', *, *, #1534, .T. ) ;
#1949 = EDGE_CURVE ( 'NONE', #3541, #288, #3718, .T. ) ;
#1950 = CARTESIAN_POINT ( 'NONE',  ( 31.44999999999999929, -6.610000000000003872, 20.25000000000153477 ) ) ;
#1951 = EDGE_CURVE ( 'NONE', #919, #1185, #537, .T. ) ;
#1952 = CARTESIAN_POINT ( 'NONE',  ( 27.45000000000000284, -44.41604593830443548, 12.50000000000000711 ) ) ;
#1953 = ORIENTED_EDGE ( 'NONE', *, *, #497, .F. ) ;
#1954 = DIRECTION ( 'NONE',  ( 0.000000000000000000, 0.000000000000000000, 1.000000000000000000 ) ) ;
#1955 = CARTESIAN_POINT ( 'NONE',  ( 25.55000000000000071, -6.610000000000003872, -4.199999999998458300 ) ) ;
#1956 = ORIENTED_EDGE ( 'NONE', *, *, #2914, .T. ) ;
#1957 = CARTESIAN_POINT ( 'NONE',  ( 30.95000000000000995, -27.11000000000000654, -4.199999999998461853 ) ) ;
#1958 = DIRECTION ( 'NONE',  ( 0.000000000000000000, 0.000000000000000000, -1.000000000000000000 ) ) ;
#1959 = CARTESIAN_POINT ( 'NONE',  ( -20.64999999999999503, 3.174999999999999822, 14.02500000000000036 ) ) ;
#1960 = EDGE_LOOP ( 'NONE', ( #2818, #3247, #1716, #576 ) ) ;
#1961 = CARTESIAN_POINT ( 'NONE',  ( -1.110223024625156540E-13, 0.000000000000000000, 1.350000000000138867 ) ) ;
#1962 = ORIENTED_EDGE ( 'NONE', *, *, #2871, .F. ) ;
#1963 = EDGE_LOOP ( 'NONE', ( #937, #32, #3405, #1550, #3164, #3192, #413, #2016, #1456, #280 ) ) ;
#1964 = DIRECTION ( 'NONE',  ( 0.000000000000000000, 1.299418334065024133E-16, -1.000000000000000000 ) ) ;
#1965 = FACE_OUTER_BOUND ( 'NONE', #2708, .T. ) ;
#1966 = ORIENTED_EDGE ( 'NONE', *, *, #3722, .T. ) ;
#1967 = EDGE_CURVE ( 'NONE', #3198, #256, #2315, .T. ) ;
#1968 = VERTEX_POINT ( 'NONE', #1970 ) ;
#1969 = CIRCLE ( 'NONE', #343, 1.350000000000000089 ) ;
#1970 = CARTESIAN_POINT ( 'NONE',  ( -9.350000000000024514, -8.720338972710006686, -7.199999999998459188 ) ) ;
#1971 = EDGE_CURVE ( 'NONE', #512, #2429, #1381, .T. ) ;
#1972 = CARTESIAN_POINT ( 'NONE',  ( 27.44999999999999574, -29.25000000000000000, -1.949999999999986411 ) ) ;
#1973 = ORIENTED_EDGE ( 'NONE', *, *, #3709, .F. ) ;
#1974 = CIRCLE ( 'NONE', #2882, 0.9000000000014556356 ) ;
#1975 = DIRECTION ( 'NONE',  ( -1.000000000000000000, -0.000000000000000000, -0.000000000000000000 ) ) ;
#1976 = FACE_OUTER_BOUND ( 'NONE', #1337, .T. ) ;
#1977 = CARTESIAN_POINT ( 'NONE',  ( 30.95000000000000284, -29.25000000000000000, -19.41215000000000401 ) ) ;
#1978 = ORIENTED_EDGE ( 'NONE', *, *, #1401, .T. ) ;
#1979 = DIRECTION ( 'NONE',  ( -0.000000000000000000, -0.000000000000000000, 1.000000000000000000 ) ) ;
#1980 = DIRECTION ( 'NONE',  ( 0.000000000000000000, 0.000000000000000000, 1.000000000000000000 ) ) ;
#1981 = ORIENTED_EDGE ( 'NONE', *, *, #3713, .F. ) ;
#1982 = EDGE_CURVE ( 'NONE', #563, #1768, #483, .T. ) ;
#1983 = ORIENTED_EDGE ( 'NONE', *, *, #3010, .F. ) ;
#1984 = CIRCLE ( 'NONE', #1195, 0.9000000000019027224 ) ;
#1985 = DIRECTION ( 'NONE',  ( -0.000000000000000000, 1.000000000000000000, -0.000000000000000000 ) ) ;
#1986 = CARTESIAN_POINT ( 'NONE',  ( -32.77581323893203802, -51.62604593830443633, -7.100160573022901822 ) ) ;
#1987 = VERTEX_POINT ( 'NONE', #3412 ) ;
#1988 = ORIENTED_EDGE ( 'NONE', *, *, #164, .F. ) ;
#1989 = VECTOR ( 'NONE', #1778, 1000.000000000000000 ) ;
#1990 = CIRCLE ( 'NONE', #1023, 3.000000000000000444 ) ;
#1991 = VECTOR ( 'NONE', #2371, 1000.000000000000000 ) ;
#1992 = CARTESIAN_POINT ( 'NONE',  ( 30.95100000000001472, -16.85999999999956245, -19.59999999999865494 ) ) ;
#1993 = DIRECTION ( 'NONE',  ( 0.000000000000000000, -1.000000000000000000, 0.000000000000000000 ) ) ;
#1994 = ORIENTED_EDGE ( 'NONE', *, *, #1646, .T. ) ;
#1995 = CARTESIAN_POINT ( 'NONE',  ( 4.950000000000001066, 0.000000000000000000, -4.949497572824772540 ) ) ;
#1996 = VECTOR ( 'NONE', #137, 999.9999999999998863 ) ;
#1997 = FACE_OUTER_BOUND ( 'NONE', #2373, .T. ) ;
#1998 = LINE ( 'NONE', #3224, #3207 ) ;
#1999 = VECTOR ( 'NONE', #605, 1000.000000000000000 ) ;
#2000 = ORIENTED_EDGE ( 'NONE', *, *, #2972, .F. ) ;
#2001 = CARTESIAN_POINT ( 'NONE',  ( 0.000000000000000000, -24.11213394580208913, -24.55000000000000071 ) ) ;
#2002 = CARTESIAN_POINT ( 'NONE',  ( -27.44999999999999929, -20.61213394580202873, -28.05000000000000071 ) ) ;
#2003 = ORIENTED_EDGE ( 'NONE', *, *, #179, .T. ) ;
#2004 = ORIENTED_EDGE ( 'NONE', *, *, #3269, .F. ) ;
#2005 = DIRECTION ( 'NONE',  ( -1.000000000000000000, -9.745637505487680998E-17, 0.000000000000000000 ) ) ;
#2006 = CARTESIAN_POINT ( 'NONE',  ( 31.44999999999999929, -6.260289708239329620, -1.037918005908522456 ) ) ;
#2007 = ORIENTED_EDGE ( 'NONE', *, *, #653, .F. ) ;
#2008 = EDGE_LOOP ( 'NONE', ( #1780, #383, #3700, #3059 ) ) ;
#2009 = ADVANCED_FACE ( 'NONE', ( #2046 ), #289, .F. ) ;
#2010 = CARTESIAN_POINT ( 'NONE',  ( -6.500000000000024869, -4.500338972710007823, -7.199999999998458300 ) ) ;
#2011 = LINE ( 'NONE', #3488, #2530 ) ;
#2012 = ORIENTED_EDGE ( 'NONE', *, *, #2208, .F. ) ;
#2013 = DIRECTION ( 'NONE',  ( 0.000000000000000000, -1.000000000000000000, 0.000000000000000000 ) ) ;
#2014 = DIRECTION ( 'NONE',  ( 0.000000000000000000, 0.000000000000000000, -1.000000000000000000 ) ) ;
#2015 = CARTESIAN_POINT ( 'NONE',  ( -1.108569751446307578E-13, 6.349999999999999645, -1.349999999999861311 ) ) ;
#2016 = ORIENTED_EDGE ( 'NONE', *, *, #2698, .T. ) ;
#2017 = ADVANCED_FACE ( 'NONE', ( #855 ), #1110, .T. ) ;
#2018 = FACE_OUTER_BOUND ( 'NONE', #1643, .T. ) ;
#2019 = FACE_OUTER_BOUND ( 'NONE', #521, .T. ) ;
#2020 = ORIENTED_EDGE ( 'NONE', *, *, #2580, .F. ) ;
#2021 = ORIENTED_EDGE ( 'NONE', *, *, #2604, .F. ) ;
#2022 = CARTESIAN_POINT ( 'NONE',  ( 25.55000000000000071, -7.612199995687619847, -4.199999999998458300 ) ) ;
#2023 = CARTESIAN_POINT ( 'NONE',  ( 30.95000000000000639, -27.45767651737898518, 4.335076018827155764 ) ) ;
#2024 = ORIENTED_EDGE ( 'NONE', *, *, #2167, .T. ) ;
#2025 = EDGE_LOOP ( 'NONE', ( #3285, #2446 ) ) ;
#2026 = ADVANCED_FACE ( 'NONE', ( #3204 ), #1681, .F. ) ;
#2027 = CARTESIAN_POINT ( 'NONE',  ( -6.500000000000024869, -8.720338972710006686, -7.199999999998459188 ) ) ;
#2028 = DIRECTION ( 'NONE',  ( 0.000000000000000000, -1.000000000000000000, 0.000000000000000000 ) ) ;
#2029 = VERTEX_POINT ( 'NONE', #835 ) ;
#2030 = CYLINDRICAL_SURFACE ( 'NONE', #3063, 12.50000000000000000 ) ;
#2031 = AXIS2_PLACEMENT_3D ( 'NONE', #632, #1293, #359 ) ;
#2032 = DIRECTION ( 'NONE',  ( -1.000000000000000000, 0.000000000000000000, 0.000000000000000000 ) ) ;
#2033 = LINE ( 'NONE', #842, #1568 ) ;
#2034 = EDGE_LOOP ( 'NONE', ( #2135, #77, #3432, #2894 ) ) ;
#2035 = CIRCLE ( 'NONE', #1913, 0.5000000000000004441 ) ;
#2036 = FACE_OUTER_BOUND ( 'NONE', #2621, .T. ) ;
#2037 = LINE ( 'NONE', #2002, #2970 ) ;
#2038 = CARTESIAN_POINT ( 'NONE',  ( 30.95000000000000639, -26.95767651737898163, 4.335076018827155764 ) ) ;
#2039 = ORIENTED_EDGE ( 'NONE', *, *, #3634, .T. ) ;
#2040 = CARTESIAN_POINT ( 'NONE',  ( -13.35000000000002274, -24.11213394580208913, 24.55000000000000071 ) ) ;
#2041 = CARTESIAN_POINT ( 'NONE',  ( 4.949497572824959946, -4.500338972710011376, 7.950000000000529532 ) ) ;
#2042 = ORIENTED_EDGE ( 'NONE', *, *, #519, .F. ) ;
#2043 = DIRECTION ( 'NONE',  ( 1.000000000000000000, 0.000000000000000000, 0.000000000000000000 ) ) ;
#2044 = CIRCLE ( 'NONE', #2525, 3.000000000000000000 ) ;
#2045 = EDGE_CURVE ( 'NONE', #2866, #3168, #2846, .T. ) ;
#2046 = FACE_OUTER_BOUND ( 'NONE', #641, .T. ) ;
#2047 = LINE ( 'NONE', #1718, #3026 ) ;
#2048 = EDGE_LOOP ( 'NONE', ( #1699, #2256, #243, #962 ) ) ;
#2049 = CIRCLE ( 'NONE', #2166, 0.8750000000000007772 ) ;
#2050 = FACE_BOUND ( 'NONE', #1725, .T. ) ;
#2051 = EDGE_CURVE ( 'NONE', #2631, #3410, #1402, .T. ) ;
#2052 = EDGE_CURVE ( 'NONE', #2393, #2813, #1702, .T. ) ;
#2053 = VECTOR ( 'NONE', #2464, 1000.000000000000000 ) ;
#2054 = CIRCLE ( 'NONE', #1320, 0.5000000000000004441 ) ;
#2055 = CARTESIAN_POINT ( 'NONE',  ( 25.55000000000000426, -29.25000000000000000, -6.449999999999987743 ) ) ;
#2056 = DIRECTION ( 'NONE',  ( -0.000000000000000000, -0.000000000000000000, 1.000000000000000000 ) ) ;
#2057 = ORIENTED_EDGE ( 'NONE', *, *, #3667, .T. ) ;
#2058 =( GEOMETRIC_REPRESENTATION_CONTEXT ( 3 ) GLOBAL_UNCERTAINTY_ASSIGNED_CONTEXT ( ( #3411 ) ) GLOBAL_UNIT_ASSIGNED_CONTEXT ( ( #2076, #1502, #3496 ) ) REPRESENTATION_CONTEXT ( 'NONE', 'WORKASPACE' ) );
#2059 = EDGE_CURVE ( 'NONE', #3498, #44, #2860, .T. ) ;
#2060 = VECTOR ( 'NONE', #2088, 1000.000000000000000 ) ;
#2061 = DIRECTION ( 'NONE',  ( -1.000000000000000000, -0.000000000000000000, -0.000000000000000000 ) ) ;
#2062 = CARTESIAN_POINT ( 'NONE',  ( 27.44999999999999929, -9.500338972710009600, -24.55000000000000071 ) ) ;
#2063 = ORIENTED_EDGE ( 'NONE', *, *, #3110, .F. ) ;
#2064 = DIRECTION ( 'NONE',  ( -1.000000000000000000, -7.779833121590977705E-17, 6.162975822039154730E-33 ) ) ;
#2065 = CARTESIAN_POINT ( 'NONE',  ( 0.000000000000000000, -20.61213394580206781, 28.05000000000000071 ) ) ;
#2066 = EDGE_LOOP ( 'NONE', ( #568, #107 ) ) ;
#2067 = EDGE_CURVE ( 'NONE', #55, #3582, #780, .T. ) ;
#2068 = FACE_OUTER_BOUND ( 'NONE', #837, .T. ) ;
#2069 = CARTESIAN_POINT ( 'NONE',  ( -4.950000000000338574, 6.349999999999999645, 3.524497572825494363 ) ) ;
#2070 = CYLINDRICAL_SURFACE ( 'NONE', #2595, 1.002293481871904923 ) ;
#2071 = ORIENTED_EDGE ( 'NONE', *, *, #179, .F. ) ;
#2072 = CARTESIAN_POINT ( 'NONE',  ( -9.350000000000024514, -78.47458735225720261, 24.55000000000000071 ) ) ;
#2073 = FACE_OUTER_BOUND ( 'NONE', #3364, .T. ) ;
#2074 = ORIENTED_EDGE ( 'NONE', *, *, #3466, .F. ) ;
#2075 = CARTESIAN_POINT ( 'NONE',  ( -6.933811056125259498, -4.500338972710011376, -7.199999999998458300 ) ) ;
#2076 =( LENGTH_UNIT ( ) NAMED_UNIT ( * ) SI_UNIT ( .MILLI., .METRE. ) );
#2077 = CARTESIAN_POINT ( 'NONE',  ( -9.350000000000024514, -27.11000000000000654, -3.299999999997006217 ) ) ;
#2078 = VERTEX_POINT ( 'NONE', #3735 ) ;
#2079 = DIRECTION ( 'NONE',  ( 1.000000000000000000, -0.000000000000000000, -0.000000000000000000 ) ) ;
#2080 = DIRECTION ( 'NONE',  ( 0.000000000000000000, 0.000000000000000000, 1.000000000000000000 ) ) ;
#2081 = EDGE_LOOP ( 'NONE', ( #3023, #1425 ) ) ;
#2082 = DIRECTION ( 'NONE',  ( 0.000000000000000000, 0.000000000000000000, 1.000000000000000000 ) ) ;
#2083 = DIRECTION ( 'NONE',  ( 0.000000000000000000, -1.000000000000000000, 0.000000000000000000 ) ) ;
#2084 = CARTESIAN_POINT ( 'NONE',  ( 27.44999999999999929, -9.500338972710009600, 22.86009492289630174 ) ) ;
#2085 = ORIENTED_EDGE ( 'NONE', *, *, #2884, .F. ) ;
#2086 = ADVANCED_FACE ( 'NONE', ( #3487 ), #2333, .T. ) ;
#2087 = DIRECTION ( 'NONE',  ( 0.000000000000000000, -0.000000000000000000, -1.000000000000000000 ) ) ;
#2088 = DIRECTION ( 'NONE',  ( 1.000000000000000000, 0.000000000000000000, 0.000000000000000000 ) ) ;
#2089 = ORIENTED_EDGE ( 'NONE', *, *, #1328, .F. ) ;
#2090 = VECTOR ( 'NONE', #2385, 1000.000000000000000 ) ;
#2091 = EDGE_LOOP ( 'NONE', ( #2340, #1306, #2553, #2143 ) ) ;
#2092 = EDGE_CURVE ( 'NONE', #1905, #1708, #580, .T. ) ;
#2093 = DIRECTION ( 'NONE',  ( 1.000000000000000000, 0.000000000000000000, -2.282530889443168600E-15 ) ) ;
#2094 = DIRECTION ( 'NONE',  ( 0.000000000000000000, 0.000000000000000000, -1.000000000000000000 ) ) ;
#2095 = VERTEX_POINT ( 'NONE', #2295 ) ;
#2096 = AXIS2_PLACEMENT_3D ( 'NONE', #1950, #1697, #513 ) ;
#2097 = CARTESIAN_POINT ( 'NONE',  ( 27.44999999999999929, -9.500338972710009600, -22.85972004506499999 ) ) ;
#2098 = LINE ( 'NONE', #1469, #1207 ) ;
#2099 = ORIENTED_EDGE ( 'NONE', *, *, #1755, .T. ) ;
#2100 = DIRECTION ( 'NONE',  ( 0.000000000000000000, 1.299418334065024133E-16, -1.000000000000000000 ) ) ;
#2101 = DIRECTION ( 'NONE',  ( 0.000000000000000000, -1.000000000000000000, 0.000000000000000000 ) ) ;
#2102 = DIRECTION ( 'NONE',  ( -0.000000000000000000, 1.000000000000000000, -0.000000000000000000 ) ) ;
#2103 = ORIENTED_EDGE ( 'NONE', *, *, #1239, .F. ) ;
#2104 = CIRCLE ( 'NONE', #474, 3.000000000000000000 ) ;
#2105 = AXIS2_PLACEMENT_3D ( 'NONE', #57, #388, #1196 ) ;
#2106 = CARTESIAN_POINT ( 'NONE',  ( -9.350000000000024514, -24.11213394580208913, 24.55000000000000071 ) ) ;
#2107 = DIRECTION ( 'NONE',  ( 1.000000000000000000, 0.000000000000000000, 0.000000000000000000 ) ) ;
#2108 = VERTEX_POINT ( 'NONE', #1736 ) ;
#2109 = ORIENTED_EDGE ( 'NONE', *, *, #3278, .F. ) ;
#2110 = AXIS2_PLACEMENT_3D ( 'NONE', #218, #1915, #1360 ) ;
#2111 = AXIS2_PLACEMENT_3D ( 'NONE', #682, #1855, #1532 ) ;
#2112 = LINE ( 'NONE', #2718, #1735 ) ;
#2113 = VECTOR ( 'NONE', #1911, 1000.000000000000000 ) ;
#2114 = CARTESIAN_POINT ( 'NONE',  ( 31.44999999999999929, -26.10770651812810428, 20.25000000000153477 ) ) ;
#2115 = AXIS2_PLACEMENT_3D ( 'NONE', #1231, #3255, #972 ) ;
#2116 = ORIENTED_EDGE ( 'NONE', *, *, #2167, .F. ) ;
#2117 = DIRECTION ( 'NONE',  ( 0.000000000000000000, -0.9063077870366509359, 0.4226182617406975539 ) ) ;
#2118 = ADVANCED_FACE ( 'NONE', ( #3701 ), #1717, .F. ) ;
#2119 = DIRECTION ( 'NONE',  ( 0.000000000000000000, 0.7071067811865513475, -0.7071067811865436870 ) ) ;
#2120 = EDGE_LOOP ( 'NONE', ( #2529, #3147 ) ) ;
#2121 = VECTOR ( 'NONE', #836, 1000.000000000000227 ) ;
#2122 = LINE ( 'NONE', #1545, #1906 ) ;
#2123 = DIRECTION ( 'NONE',  ( 0.000000000000000000, 0.000000000000000000, -1.000000000000000000 ) ) ;
#2124 = CARTESIAN_POINT ( 'NONE',  ( 27.44999999999999929, -16.85999999999965127, -12.49999999999928946 ) ) ;
#2125 = ORIENTED_EDGE ( 'NONE', *, *, #866, .T. ) ;
#2126 = ADVANCED_FACE ( 'NONE', ( #121 ), #1759, .F. ) ;
#2127 = DIRECTION ( 'NONE',  ( 1.000000000000000000, 0.000000000000000000, 0.000000000000000000 ) ) ;
#2128 = DIRECTION ( 'NONE',  ( 1.000000000000000000, 0.000000000000000000, 0.000000000000000000 ) ) ;
#2129 = ORIENTED_EDGE ( 'NONE', *, *, #457, .F. ) ;
#2130 = ORIENTED_EDGE ( 'NONE', *, *, #1534, .F. ) ;
#2131 = CARTESIAN_POINT ( 'NONE',  ( 4.950000000000001066, 6.349999999999999645, -3.524497572824773162 ) ) ;
#2132 = DIRECTION ( 'NONE',  ( 1.000000000000000000, 0.000000000000000000, -0.000000000000000000 ) ) ;
#2133 = ADVANCED_FACE ( 'NONE', ( #3544 ), #3509, .F. ) ;
#2134 = DIRECTION ( 'NONE',  ( 0.000000000000000000, 0.000000000000000000, 1.000000000000000000 ) ) ;
#2135 = ORIENTED_EDGE ( 'NONE', *, *, #1936, .F. ) ;
#2136 = LINE ( 'NONE', #3294, #1355 ) ;
#2137 = CARTESIAN_POINT ( 'NONE',  ( -13.35000000000002274, -29.24999999999999289, 19.41500000000000270 ) ) ;
#2138 = CARTESIAN_POINT ( 'NONE',  ( -4.949497572825296565, 0.000000000000000000, -4.949999999999799449 ) ) ;
#2139 = VERTEX_POINT ( 'NONE', #2137 ) ;
#2140 = EDGE_CURVE ( 'NONE', #3541, #2644, #2386, .T. ) ;
#2141 = CARTESIAN_POINT ( 'NONE',  ( 4.949497572824959946, -4.500338972710011376, 7.950000000000529532 ) ) ;
#2142 = CARTESIAN_POINT ( 'NONE',  ( -9.350000000000024514, -78.47458735225720261, -24.55000000000000071 ) ) ;
#2143 = ORIENTED_EDGE ( 'NONE', *, *, #2454, .F. ) ;
#2144 = LINE ( 'NONE', #1881, #1177 ) ;
#2145 = VERTEX_POINT ( 'NONE', #1191 ) ;
#2146 = CARTESIAN_POINT ( 'NONE',  ( -13.35000000000002274, -27.11000000000000654, -5.099999999999917044 ) ) ;
#2147 = DIRECTION ( 'NONE',  ( 0.000000000000000000, 0.000000000000000000, 1.000000000000000000 ) ) ;
#2148 = ADVANCED_FACE ( 'NONE', ( #917 ), #951, .F. ) ;
#2149 = AXIS2_PLACEMENT_3D ( 'NONE', #896, #2318, #582 ) ;
#2150 = CARTESIAN_POINT ( 'NONE',  ( -6.500000000000024869, -6.610000000000006537, -4.199999999998458300 ) ) ;
#2151 = AXIS2_PLACEMENT_3D ( 'NONE', #776, #1929, #2800 ) ;
#2152 = ORIENTED_EDGE ( 'NONE', *, *, #2933, .F. ) ;
#2153 = CARTESIAN_POINT ( 'NONE',  ( 0.000000000000000000, -37.61792319645748961, -28.05000000000000071 ) ) ;
#2154 = CARTESIAN_POINT ( 'NONE',  ( -32.77581323893203802, -51.62604593830443633, 1.040834085586084257E-14 ) ) ;
#2155 = CARTESIAN_POINT ( 'NONE',  ( -9.350000000000024514, -9.500338972710009600, 22.86009492289630174 ) ) ;
#2156 = ORIENTED_EDGE ( 'NONE', *, *, #3651, .T. ) ;
#2157 = DIRECTION ( 'NONE',  ( 0.000000000000000000, -1.000000000000000000, 0.000000000000000000 ) ) ;
#2158 = ADVANCED_FACE ( 'NONE', ( #3584 ), #2351, .F. ) ;
#2159 = DIRECTION ( 'NONE',  ( -0.000000000000000000, 1.000000000000000000, -0.000000000000000000 ) ) ;
#2160 = VERTEX_POINT ( 'NONE', #2069 ) ;
#2161 = DIRECTION ( 'NONE',  ( 0.000000000000000000, 0.000000000000000000, -1.000000000000000000 ) ) ;
#2162 = EDGE_LOOP ( 'NONE', ( #3264, #1088, #633, #1433, #2889 ) ) ;
#2163 = CARTESIAN_POINT ( 'NONE',  ( -28.64999999999999503, 3.349999999999996980, -28.05000000000000071 ) ) ;
#2164 = DIRECTION ( 'NONE',  ( 0.000000000000000000, 0.000000000000000000, 1.000000000000000000 ) ) ;
#2165 = ORIENTED_EDGE ( 'NONE', *, *, #1308, .T. ) ;
#2166 = AXIS2_PLACEMENT_3D ( 'NONE', #3416, #2032, #1763 ) ;
#2167 = EDGE_CURVE ( 'NONE', #2722, #59, #1818, .T. ) ;
#2168 = VECTOR ( 'NONE', #3448, 1000.000000000000000 ) ;
#2169 = AXIS2_PLACEMENT_3D ( 'NONE', #235, #2541, #2271 ) ;
#2170 = CARTESIAN_POINT ( 'NONE',  ( 28.44999999999999929, -20.85999999999965127, -12.49999999999928946 ) ) ;
#2171 = VERTEX_POINT ( 'NONE', #1774 ) ;
#2172 = PLANE ( 'NONE',  #2510 ) ;
#2173 = AXIS2_PLACEMENT_3D ( 'NONE', #946, #2347, #3540 ) ;
#2174 = CIRCLE ( 'NONE', #186, 0.8750000000000007772 ) ;
#2175 = CIRCLE ( 'NONE', #1331, 0.9995327267658229431 ) ;
#2176 = ADVANCED_FACE ( 'NONE', ( #2637 ), #53, .F. ) ;
#2177 = CYLINDRICAL_SURFACE ( 'NONE', #844, 7.100160573022912480 ) ;
#2178 = LINE ( 'NONE', #3620, #2964 ) ;
#2179 = ORIENTED_EDGE ( 'NONE', *, *, #1499, .T. ) ;
#2180 = DIRECTION ( 'NONE',  ( -1.000000000000000000, 0.000000000000000000, 0.000000000000000000 ) ) ;
#2181 = DIRECTION ( 'NONE',  ( -1.000000000000000000, 0.000000000000000000, 0.000000000000000000 ) ) ;
#2182 = ORIENTED_EDGE ( 'NONE', *, *, #2222, .F. ) ;
#2183 = DIRECTION ( 'NONE',  ( 0.000000000000000000, -1.000000000000000000, 0.000000000000000000 ) ) ;
#2184 = ORIENTED_EDGE ( 'NONE', *, *, #947, .T. ) ;
#2185 = CARTESIAN_POINT ( 'NONE',  ( -32.77581323893203802, 0.000000000000000000, -12.49999999999999112 ) ) ;
#2186 = DIRECTION ( 'NONE',  ( 1.000000000000000000, 0.000000000000000000, 0.000000000000000000 ) ) ;
#2187 = EDGE_CURVE ( 'NONE', #3125, #585, #3279, .T. ) ;
#2188 = VERTEX_POINT ( 'NONE', #105 ) ;
#2189 = CARTESIAN_POINT ( 'NONE',  ( -4.950000000000338574, 0.000000000000000000, 4.949497572825494629 ) ) ;
#2190 = ORIENTED_EDGE ( 'NONE', *, *, #3577, .F. ) ;
#2191 = DIRECTION ( 'NONE',  ( 0.000000000000000000, 0.000000000000000000, -1.000000000000000000 ) ) ;
#2192 = CARTESIAN_POINT ( 'NONE',  ( -6.500000000000024869, -6.610000000000006537, 15.59999999999963372 ) ) ;
#2193 = DIRECTION ( 'NONE',  ( 0.000000000000000000, 1.000000000000000000, 0.000000000000000000 ) ) ;
#2194 = CARTESIAN_POINT ( 'NONE',  ( -20.64999999999999503, -11.18106697290102858, -27.17500000000000426 ) ) ;
#2195 = EDGE_LOOP ( 'NONE', ( #1127, #2314 ) ) ;
#2196 = CARTESIAN_POINT ( 'NONE',  ( -9.350000000000024514, -24.11499999999997002, 24.55000000000000071 ) ) ;
#2197 = CARTESIAN_POINT ( 'NONE',  ( 4.950000000000001066, 0.000000000000000000, -4.949497572824772540 ) ) ;
#2198 = VERTEX_POINT ( 'NONE', #3528 ) ;
#2199 = DIRECTION ( 'NONE',  ( 0.000000000000000000, 0.000000000000000000, 1.000000000000000000 ) ) ;
#2200 = EDGE_CURVE ( 'NONE', #2384, #3484, #368, .T. ) ;
#2201 = CARTESIAN_POINT ( 'NONE',  ( -4.950000000000338574, 0.000000000000000000, 7.949497572825495517 ) ) ;
#2202 = DIRECTION ( 'NONE',  ( 0.000000000000000000, 0.000000000000000000, -1.000000000000000000 ) ) ;
#2203 = EDGE_LOOP ( 'NONE', ( #277, #2791 ) ) ;
#2204 = EDGE_CURVE ( 'NONE', #1544, #2753, #843, .T. ) ;
#2205 = EDGE_CURVE ( 'NONE', #773, #1055, #189, .T. ) ;
#2206 = DIRECTION ( 'NONE',  ( 0.000000000000000000, 0.000000000000000000, 1.000000000000000000 ) ) ;
#2207 = ORIENTED_EDGE ( 'NONE', *, *, #3077, .F. ) ;
#2208 = EDGE_CURVE ( 'NONE', #1055, #3582, #369, .T. ) ;
#2209 = ORIENTED_EDGE ( 'NONE', *, *, #642, .F. ) ;
#2210 = LINE ( 'NONE', #3638, #2873 ) ;
#2211 = CARTESIAN_POINT ( 'NONE',  ( 27.45000000000000284, -27.45767651737898518, -1.537918005908522900 ) ) ;
#2212 = VECTOR ( 'NONE', #1033, 999.9999999999998863 ) ;
#2213 = CARTESIAN_POINT ( 'NONE',  ( 27.44999999999999929, -9.500338972710009600, 24.55000000000000071 ) ) ;
#2214 = ORIENTED_EDGE ( 'NONE', *, *, #834, .T. ) ;
#2215 = AXIS2_PLACEMENT_3D ( 'NONE', #46, #1264, #966 ) ;
#2216 = DIRECTION ( 'NONE',  ( -1.000000000000000000, 0.000000000000000000, 0.000000000000000000 ) ) ;
#2217 = LINE ( 'NONE', #2768, #178 ) ;
#2218 = ORIENTED_EDGE ( 'NONE', *, *, #1143, .T. ) ;
#2219 = DIRECTION ( 'NONE',  ( 0.000000000000000000, 0.000000000000000000, -1.000000000000000000 ) ) ;
#2220 = CARTESIAN_POINT ( 'NONE',  ( -4.950000000000338574, 6.349999999999999645, 4.949497572825494629 ) ) ;
#2221 = CARTESIAN_POINT ( 'NONE',  ( -4.949497572825296565, -4.500338972710011376, -4.949999999999799449 ) ) ;
#2222 = EDGE_CURVE ( 'NONE', #1434, #2913, #2174, .T. ) ;
#2223 = ORIENTED_EDGE ( 'NONE', *, *, #1850, .T. ) ;
#2224 = EDGE_CURVE ( 'NONE', #581, #699, #1527, .T. ) ;
#2225 = CARTESIAN_POINT ( 'NONE',  ( -6.500000000000024869, -4.500338972710007823, -7.199999999998458300 ) ) ;
#2226 = CIRCLE ( 'NONE', #2472, 1.425000000000000044 ) ;
#2227 = VERTEX_POINT ( 'NONE', #693 ) ;
#2228 = ORIENTED_EDGE ( 'NONE', *, *, #3671, .F. ) ;
#2229 = CIRCLE ( 'NONE', #610, 0.4999999999999995559 ) ;
#2230 = AXIS2_PLACEMENT_3D ( 'NONE', #3220, #348, #1489 ) ;
#2231 = DIRECTION ( 'NONE',  ( 0.000000000000000000, -1.000000000000000000, -1.299418334065024133E-16 ) ) ;
#2232 = VECTOR ( 'NONE', #871, 1000.000000000000000 ) ;
#2233 = DIRECTION ( 'NONE',  ( 0.000000000000000000, 0.000000000000000000, -1.000000000000000000 ) ) ;
#2234 = ORIENTED_EDGE ( 'NONE', *, *, #3577, .T. ) ;
#2235 = CIRCLE ( 'NONE', #3203, 0.9000000000019044988 ) ;
#2236 = CIRCLE ( 'NONE', #1270, 7.099999999999999645 ) ;
#2237 = PLANE ( 'NONE',  #1680 ) ;
#2238 = DIRECTION ( 'NONE',  ( 1.000000000000000000, 0.000000000000000000, 0.000000000000000000 ) ) ;
#2239 = EDGE_LOOP ( 'NONE', ( #3210, #219 ) ) ;
#2240 = DIRECTION ( 'NONE',  ( -1.000000000000000000, 0.000000000000000000, 0.000000000000000000 ) ) ;
#2241 = EDGE_CURVE ( 'NONE', #3610, #1411, #73, .T. ) ;
#2242 = CARTESIAN_POINT ( 'NONE',  ( 31.44999999999999929, -26.95767651737898163, 4.835076018827155764 ) ) ;
#2243 = DIRECTION ( 'NONE',  ( 1.000000000000000000, 0.000000000000000000, 0.000000000000000000 ) ) ;
#2244 = EDGE_LOOP ( 'NONE', ( #453, #2130, #3339, #3145, #1973, #700, #3428, #1719, #2927, #1916, #1244, #2639, #2057, #2979, #1592, #3693 ) ) ;
#2245 = LINE ( 'NONE', #3636, #1315 ) ;
#2246 = ADVANCED_FACE ( 'NONE', ( #1548 ), #2706, .F. ) ;
#2247 = ORIENTED_EDGE ( 'NONE', *, *, #596, .T. ) ;
#2248 = VERTEX_POINT ( 'NONE', #2441 ) ;
#2249 = ADVANCED_FACE ( 'NONE', ( #1602 ), #825, .F. ) ;
#2250 = FACE_OUTER_BOUND ( 'NONE', #3158, .T. ) ;
#2251 = DIRECTION ( 'NONE',  ( 0.000000000000000000, -0.4226182617406975539, -0.9063077870366509359 ) ) ;
#2252 = ORIENTED_EDGE ( 'NONE', *, *, #2520, .T. ) ;
#2253 = ORIENTED_EDGE ( 'NONE', *, *, #1817, .T. ) ;
#2254 = DIRECTION ( 'NONE',  ( 0.000000000000000000, 0.000000000000000000, -1.000000000000000000 ) ) ;
#2255 = CARTESIAN_POINT ( 'NONE',  ( -9.350000000000024514, -9.500338972710009600, -24.55000000000000071 ) ) ;
#2256 = ORIENTED_EDGE ( 'NONE', *, *, #1665, .T. ) ;
#2257 = PLANE ( 'NONE',  #1423 ) ;
#2258 = EDGE_CURVE ( 'NONE', #88, #1633, #249, .T. ) ;
#2259 = FACE_BOUND ( 'NONE', #2120, .T. ) ;
#2260 = FACE_BOUND ( 'NONE', #236, .T. ) ;
#2261 = DIRECTION ( 'NONE',  ( 0.000000000000000000, 0.000000000000000000, 1.000000000000000000 ) ) ;
#2262 = CARTESIAN_POINT ( 'NONE',  ( 0.000000000000000000, -4.500338972710011376, 0.000000000000000000 ) ) ;
#2263 = ORIENTED_EDGE ( 'NONE', *, *, #2899, .T. ) ;
#2264 = ORIENTED_EDGE ( 'NONE', *, *, #401, .F. ) ;
#2265 = ADVANCED_FACE ( 'NONE', ( #174, #1586, #1102, #2731 ), #1891, .T. ) ;
#2266 = DIRECTION ( 'NONE',  ( 0.000000000000000000, 0.000000000000000000, 1.000000000000000000 ) ) ;
#2267 = VECTOR ( 'NONE', #718, 1000.000000000000000 ) ;
#2268 = DIRECTION ( 'NONE',  ( 0.000000000000000000, -1.000000000000000000, 0.000000000000000000 ) ) ;
#2269 = ORIENTED_EDGE ( 'NONE', *, *, #2724, .T. ) ;
#2270 = EDGE_LOOP ( 'NONE', ( #2692, #539, #1571, #985 ) ) ;
#2271 = DIRECTION ( 'NONE',  ( 0.000000000000000000, 0.000000000000000000, 1.000000000000000000 ) ) ;
#2272 = DIRECTION ( 'NONE',  ( 0.000000000000000000, 0.000000000000000000, 1.000000000000000000 ) ) ;
#2273 = ORIENTED_EDGE ( 'NONE', *, *, #1228, .T. ) ;
#2274 = VECTOR ( 'NONE', #1090, 1000.000000000000000 ) ;
#2275 = LINE ( 'NONE', #1174, #2512 ) ;
#2276 = ADVANCED_FACE ( 'NONE', ( #458 ), #3421, .F. ) ;
#2277 = DIRECTION ( 'NONE',  ( -1.000000000000000000, -0.000000000000000000, -0.000000000000000000 ) ) ;
#2278 = CARTESIAN_POINT ( 'NONE',  ( 25.55000000000000426, -28.11229348187190880, 20.25000000000153477 ) ) ;
#2279 = DIRECTION ( 'NONE',  ( 1.000000000000000000, 0.000000000000000000, 0.000000000000000000 ) ) ;
#2280 = DIRECTION ( 'NONE',  ( 0.000000000000000000, -1.000000000000000000, 0.000000000000000000 ) ) ;
#2281 = ORIENTED_EDGE ( 'NONE', *, *, #9, .T. ) ;
#2282 = ORIENTED_EDGE ( 'NONE', *, *, #1982, .T. ) ;
#2283 = VECTOR ( 'NONE', #2261, 1000.000000000000000 ) ;
#2284 = EDGE_CURVE ( 'NONE', #1068, #2664, #3727, .T. ) ;
#2285 = AXIS2_PLACEMENT_3D ( 'NONE', #405, #2408, #2943 ) ;
#2286 = CARTESIAN_POINT ( 'NONE',  ( -28.64999999999999503, -21.57829488900632597, -28.05000000000000426 ) ) ;
#2287 = DIRECTION ( 'NONE',  ( 0.000000000000000000, 0.000000000000000000, 1.000000000000000000 ) ) ;
#2288 = ORIENTED_EDGE ( 'NONE', *, *, #590, .F. ) ;
#2289 = EDGE_LOOP ( 'NONE', ( #111, #255, #1220, #2288, #1123, #1416, #1103, #340 ) ) ;
#2290 = AXIS2_PLACEMENT_3D ( 'NONE', #1591, #1895, #1048 ) ;
#2291 = VECTOR ( 'NONE', #2555, 1000.000000000000000 ) ;
#2292 = EDGE_CURVE ( 'NONE', #311, #1041, #1506, .T. ) ;
#2293 = AXIS2_PLACEMENT_3D ( 'NONE', #2138, #3296, #709 ) ;
#2294 = AXIS2_PLACEMENT_3D ( 'NONE', #1751, #2280, #1466 ) ;
#2295 = CARTESIAN_POINT ( 'NONE',  ( -20.64999999999999503, 3.174999999999999822, -13.15000000000000036 ) ) ;
#2296 = EDGE_CURVE ( 'NONE', #1467, #1193, #156, .T. ) ;
#2297 = DIRECTION ( 'NONE',  ( 0.000000000000000000, 0.000000000000000000, 1.000000000000000000 ) ) ;
#2298 = ORIENTED_EDGE ( 'NONE', *, *, #1813, .T. ) ;
#2299 = DIRECTION ( 'NONE',  ( -1.000000000000000000, -0.000000000000000000, -0.000000000000000000 ) ) ;
#2300 = VECTOR ( 'NONE', #1944, 1000.000000000000000 ) ;
#2301 = FACE_BOUND ( 'NONE', #2841, .T. ) ;
#2302 = PLANE ( 'NONE',  #1749 ) ;
#2303 = VECTOR ( 'NONE', #1478, 1000.000000000000000 ) ;
#2304 = ORIENTED_EDGE ( 'NONE', *, *, #3052, .T. ) ;
#2305 = DIRECTION ( 'NONE',  ( 0.000000000000000000, -0.000000000000000000, -1.000000000000000000 ) ) ;
#2306 = EDGE_CURVE ( 'NONE', #938, #1796, #265, .T. ) ;
#2307 = CARTESIAN_POINT ( 'NONE',  ( -4.949497572825296565, -4.500338972710011376, -4.949999999999799449 ) ) ;
#2308 = ORIENTED_EDGE ( 'NONE', *, *, #2723, .F. ) ;
#2309 = ADVANCED_FACE ( 'NONE', ( #2852 ), #2177, .F. ) ;
#2310 = ORIENTED_EDGE ( 'NONE', *, *, #2681, .T. ) ;
#2311 = DIRECTION ( 'NONE',  ( 0.000000000000000000, -1.000000000000000000, 0.000000000000000000 ) ) ;
#2312 = DIRECTION ( 'NONE',  ( -1.000000000000000000, -9.745637505487680998E-17, -0.000000000000000000 ) ) ;
#2313 = ORIENTED_EDGE ( 'NONE', *, *, #846, .T. ) ;
#2314 = ORIENTED_EDGE ( 'NONE', *, *, #3547, .F. ) ;
#2315 = LINE ( 'NONE', #1171, #906 ) ;
#2316 = CARTESIAN_POINT ( 'NONE',  ( 31.44999999999999929, -6.260289708239329620, 4.335076018827155764 ) ) ;
#2317 = ORIENTED_EDGE ( 'NONE', *, *, #2051, .T. ) ;
#2318 = DIRECTION ( 'NONE',  ( -0.000000000000000000, -1.000000000000000000, -0.000000000000000000 ) ) ;
#2319 = PLANE ( 'NONE',  #3562 ) ;
#2320 = DIRECTION ( 'NONE',  ( 1.000000000000000000, -0.000000000000000000, -0.000000000000000000 ) ) ;
#2321 = VERTEX_POINT ( 'NONE', #1910 ) ;
#2322 = DIRECTION ( 'NONE',  ( 0.000000000000000000, -1.000000000000000000, 0.000000000000000000 ) ) ;
#2323 = CARTESIAN_POINT ( 'NONE',  ( 31.44999999999999929, -39.25000000000000000, 24.55000000000000071 ) ) ;
#2324 = ORIENTED_EDGE ( 'NONE', *, *, #2832, .F. ) ;
#2325 = EDGE_CURVE ( 'NONE', #2766, #1617, #1446, .T. ) ;
#2326 = DIRECTION ( 'NONE',  ( 1.000000000000000000, 0.000000000000000000, 0.000000000000000000 ) ) ;
#2327 = ADVANCED_FACE ( 'NONE', ( #477 ), #420, .F. ) ;
#2328 = ADVANCED_FACE ( 'NONE', ( #3314 ), #2564, .F. ) ;
#2329 = MANIFOLD_SOLID_BREP ( 'Cut-Extrude29', #762 ) ;
#2330 = CARTESIAN_POINT ( 'NONE',  ( 31.44999999999999929, -50.86363401541083817, -0.3555185183139505378 ) ) ;
#2331 = VERTEX_POINT ( 'NONE', #357 ) ;
#2332 = DIRECTION ( 'NONE',  ( -1.000000000000000000, -7.779833121590977705E-17, 6.162975822039154730E-33 ) ) ;
#2333 = PLANE ( 'NONE',  #1503 ) ;
#2334 = ORIENTED_EDGE ( 'NONE', *, *, #1230, .F. ) ;
#2335 = FACE_OUTER_BOUND ( 'NONE', #1581, .T. ) ;
#2336 = CIRCLE ( 'NONE', #707, 0.9000000000019027224 ) ;
#2337 = EDGE_CURVE ( 'NONE', #1738, #1104, #3337, .T. ) ;
#2338 = DIRECTION ( 'NONE',  ( 0.000000000000000000, 0.000000000000000000, -1.000000000000000000 ) ) ;
#2339 = CARTESIAN_POINT ( 'NONE',  ( 27.44999999999999929, 6.350000000000000533, 24.55000000000000071 ) ) ;
#2340 = ORIENTED_EDGE ( 'NONE', *, *, #1492, .F. ) ;
#2341 = EDGE_CURVE ( 'NONE', #1411, #3610, #549, .T. ) ;
#2342 = FACE_OUTER_BOUND ( 'NONE', #2048, .T. ) ;
#2343 = DIRECTION ( 'NONE',  ( 1.000000000000000000, 0.000000000000000000, 0.000000000000000000 ) ) ;
#2344 = VERTEX_POINT ( 'NONE', #3174 ) ;
#2345 = EDGE_CURVE ( 'NONE', #2797, #800, #127, .T. ) ;
#2346 = DIRECTION ( 'NONE',  ( -0.000000000000000000, -0.7071067811865493491, -0.7071067811865455743 ) ) ;
#2347 = DIRECTION ( 'NONE',  ( 1.000000000000000000, 9.745637505487680998E-17, -0.000000000000000000 ) ) ;
#2348 = VERTEX_POINT ( 'NONE', #2323 ) ;
#2349 = DIRECTION ( 'NONE',  ( -0.000000000000000000, 1.000000000000000000, -0.000000000000000000 ) ) ;
#2350 = VECTOR ( 'NONE', #2547, 1000.000000000000000 ) ;
#2351 = CYLINDRICAL_SURFACE ( 'NONE', #125, 0.9000000000014556356 ) ;
#2352 = FACE_OUTER_BOUND ( 'NONE', #2756, .T. ) ;
#2353 = VERTEX_POINT ( 'NONE', #587 ) ;
#2354 = VECTOR ( 'NONE', #3705, 1000.000000000000000 ) ;
#2355 = AXIS2_PLACEMENT_3D ( 'NONE', #520, #1345, #3625 ) ;
#2356 = VECTOR ( 'NONE', #34, 1000.000000000000000 ) ;
#2357 = DIRECTION ( 'NONE',  ( 0.000000000000000000, 0.000000000000000000, -1.000000000000000000 ) ) ;
#2358 = DIRECTION ( 'NONE',  ( 0.000000000000000000, 0.000000000000000000, 1.000000000000000000 ) ) ;
#2359 = AXIS2_PLACEMENT_3D ( 'NONE', #2065, #2119, #3581 ) ;
#2360 = ORIENTED_EDGE ( 'NONE', *, *, #2985, .F. ) ;
#2361 = VECTOR ( 'NONE', #3589, 1000.000000000000000 ) ;
#2362 = DIRECTION ( 'NONE',  ( 0.000000000000000000, -0.000000000000000000, -1.000000000000000000 ) ) ;
#2363 = CARTESIAN_POINT ( 'NONE',  ( -6.500000000000024869, -6.610000000000006537, 16.50000000000153833 ) ) ;
#2364 = DIRECTION ( 'NONE',  ( 0.000000000000000000, -1.000000000000000000, 0.000000000000000000 ) ) ;
#2365 = EDGE_LOOP ( 'NONE', ( #64, #308 ) ) ;
#2366 = EDGE_CURVE ( 'NONE', #436, #2353, #1934, .T. ) ;
#2367 = CARTESIAN_POINT ( 'NONE',  ( -32.77581323893203802, -44.41604593830443548, -12.49999999999999112 ) ) ;
#2368 = ORIENTED_EDGE ( 'NONE', *, *, #3686, .T. ) ;
#2369 = FACE_OUTER_BOUND ( 'NONE', #1109, .T. ) ;
#2370 = ADVANCED_FACE ( 'NONE', ( #2629, #1182, #1786 ), #905, .T. ) ;
#2371 = DIRECTION ( 'NONE',  ( 0.000000000000000000, 0.000000000000000000, -1.000000000000000000 ) ) ;
#2372 = FACE_OUTER_BOUND ( 'NONE', #2931, .T. ) ;
#2373 = EDGE_LOOP ( 'NONE', ( #705, #533, #3230, #1014 ) ) ;
#2374 = DIRECTION ( 'NONE',  ( -0.000000000000000000, 1.000000000000000000, -0.000000000000000000 ) ) ;
#2375 = DIRECTION ( 'NONE',  ( 0.000000000000000000, 0.000000000000000000, -1.000000000000000000 ) ) ;
#2376 = EDGE_LOOP ( 'NONE', ( #3309, #3503, #1020, #895 ) ) ;
#2377 = ORIENTED_EDGE ( 'NONE', *, *, #1131, .T. ) ;
#2378 = EDGE_CURVE ( 'NONE', #2188, #3288, #1164, .T. ) ;
#2379 = FACE_OUTER_BOUND ( 'NONE', #1671, .T. ) ;
#2380 = DIRECTION ( 'NONE',  ( 0.000000000000000000, -1.000000000000000000, 0.000000000000000000 ) ) ;
#2381 = ORIENTED_EDGE ( 'NONE', *, *, #2258, .T. ) ;
#2382 = CARTESIAN_POINT ( 'NONE',  ( 30.95000000000000284, -6.260289708239329620, 4.835076018827155764 ) ) ;
#2383 = APPLICATION_PROTOCOL_DEFINITION ( 'draft international standard', 'automotive_design', 1998, #1783 ) ;
#2384 = VERTEX_POINT ( 'NONE', #338 ) ;
#2385 = DIRECTION ( 'NONE',  ( -0.000000000000000000, 1.000000000000000000, -0.000000000000000000 ) ) ;
#2386 = LINE ( 'NONE', #638, #3382 ) ;
#2387 = DIRECTION ( 'NONE',  ( 0.000000000000000000, 0.000000000000000000, 1.000000000000000000 ) ) ;
#2388 = VERTEX_POINT ( 'NONE', #3212 ) ;
#2389 = CARTESIAN_POINT ( 'NONE',  ( 30.95000000000000284, -29.25000000000000000, 19.41500000000000270 ) ) ;
#2390 = DIRECTION ( 'NONE',  ( -0.000000000000000000, 1.000000000000000000, -0.000000000000000000 ) ) ;
#2391 = VERTEX_POINT ( 'NONE', #62 ) ;
#2392 = AXIS2_PLACEMENT_3D ( 'NONE', #496, #1319, #1637 ) ;
#2393 = VERTEX_POINT ( 'NONE', #847 ) ;
#2394 = VECTOR ( 'NONE', #1385, 1000.000000000000000 ) ;
#2395 = CARTESIAN_POINT ( 'NONE',  ( 31.44999999999999929, -27.45767651737898518, -1.037918005908522456 ) ) ;
#2396 = CARTESIAN_POINT ( 'NONE',  ( -9.350000000000024514, -24.11214999999997133, -24.55000000000000071 ) ) ;
#2397 = ORIENTED_EDGE ( 'NONE', *, *, #3239, .F. ) ;
#2398 = CARTESIAN_POINT ( 'NONE',  ( 0.000000000000000000, 0.000000000000000000, 0.000000000000000000 ) ) ;
#2399 = EDGE_CURVE ( 'NONE', #3418, #3324, #2037, .T. ) ;
#2400 = ORIENTED_EDGE ( 'NONE', *, *, #3677, .F. ) ;
#2401 = CARTESIAN_POINT ( 'NONE',  ( -28.64999999999999503, -21.57829488900632597, 28.05000000000000071 ) ) ;
#2402 = DIRECTION ( 'NONE',  ( 0.000000000000000000, 1.000000000000000000, 0.000000000000000000 ) ) ;
#2403 = DIRECTION ( 'NONE',  ( 0.000000000000000000, -1.000000000000000000, 0.000000000000000000 ) ) ;
#2404 = VERTEX_POINT ( 'NONE', #1203 ) ;
#2405 = VECTOR ( 'NONE', #862, 1000.000000000000000 ) ;
#2406 = EDGE_CURVE ( 'NONE', #619, #2736, #2235, .T. ) ;
#2407 = AXIS2_PLACEMENT_3D ( 'NONE', #2948, #356, #2740 ) ;
#2408 = DIRECTION ( 'NONE',  ( -0.000000000000000000, -1.000000000000000000, -0.000000000000000000 ) ) ;
#2409 = CARTESIAN_POINT ( 'NONE',  ( -9.350000000000024514, -27.11000000000000654, -4.199999999998461853 ) ) ;
#2410 = ORIENTED_EDGE ( 'NONE', *, *, #1261, .T. ) ;
#2411 = VERTEX_POINT ( 'NONE', #3190 ) ;
#2412 = CIRCLE ( 'NONE', #309, 1.425000000000000044 ) ;
#2413 = CIRCLE ( 'NONE', #732, 4.000000000000000000 ) ;
#2414 = DIRECTION ( 'NONE',  ( 1.000000000000000000, 0.000000000000000000, 0.000000000000000000 ) ) ;
#2415 = VECTOR ( 'NONE', #1323, 1000.000000000000000 ) ;
#2416 = DIRECTION ( 'NONE',  ( -1.000000000000000000, -0.000000000000000000, -0.000000000000000000 ) ) ;
#2417 = VECTOR ( 'NONE', #1051, 1000.000000000000000 ) ;
#2418 = CARTESIAN_POINT ( 'NONE',  ( 4.949497572824959946, 0.000000000000000000, 4.950000000000527756 ) ) ;
#2419 = EDGE_CURVE ( 'NONE', #1162, #1683, #3329, .T. ) ;
#2420 = CARTESIAN_POINT ( 'NONE',  ( 0.000000000000000000, -24.11213394580208913, 24.55000000000000071 ) ) ;
#2421 = VERTEX_POINT ( 'NONE', #648 ) ;
#2422 = CIRCLE ( 'NONE', #2290, 0.8750000000000007772 ) ;
#2423 = FACE_BOUND ( 'NONE', #150, .T. ) ;
#2424 = DIRECTION ( 'NONE',  ( -1.000000000000000000, -0.000000000000000000, -0.000000000000000000 ) ) ;
#2425 = CARTESIAN_POINT ( 'NONE',  ( -28.64999999999999503, -20.61213394580202518, -28.05000000000000426 ) ) ;
#2426 = VERTEX_POINT ( 'NONE', #571 ) ;
#2427 = CARTESIAN_POINT ( 'NONE',  ( -4.949497572825296565, 0.000000000000000000, -3.524999999999799183 ) ) ;
#2428 = CARTESIAN_POINT ( 'NONE',  ( -9.350000000000024514, -27.11000000000000654, -5.099999999999917044 ) ) ;
#2429 = VERTEX_POINT ( 'NONE', #2868 ) ;
#2430 = ADVANCED_FACE ( 'NONE', ( #1728 ), #1428, .F. ) ;
#2431 = CARTESIAN_POINT ( 'NONE',  ( -4.950000000000338574, 6.349999999999999645, 6.374497572825494451 ) ) ;
#2432 = VERTEX_POINT ( 'NONE', #863 ) ;
#2433 = DIRECTION ( 'NONE',  ( 0.000000000000000000, 0.000000000000000000, -1.000000000000000000 ) ) ;
#2434 = FACE_OUTER_BOUND ( 'NONE', #408, .T. ) ;
#2435 = ORIENTED_EDGE ( 'NONE', *, *, #1647, .F. ) ;
#2436 = LINE ( 'NONE', #153, #2954 ) ;
#2437 = ORIENTED_EDGE ( 'NONE', *, *, #2306, .F. ) ;
#2438 = CARTESIAN_POINT ( 'NONE',  ( 25.55000000000000071, 2.141661462521182009E-15, -6.449999999999986855 ) ) ;
#2439 = ADVANCED_FACE ( 'NONE', ( #2019 ), #1449, .F. ) ;
#2440 = PRODUCT_RELATED_PRODUCT_CATEGORY ( 'part', '', ( #1057 ) ) ;
#2441 = CARTESIAN_POINT ( 'NONE',  ( -28.64999999999999503, -11.18106697290102858, -27.17500000000000426 ) ) ;
#2442 = DIRECTION ( 'NONE',  ( 0.000000000000000000, 0.000000000000000000, 1.000000000000000000 ) ) ;
#2443 = EDGE_LOOP ( 'NONE', ( #853, #3592 ) ) ;
#2444 = DIRECTION ( 'NONE',  ( 0.000000000000000000, 0.000000000000000000, -1.000000000000000000 ) ) ;
#2445 = DIRECTION ( 'NONE',  ( 0.000000000000000000, 0.000000000000000000, 1.000000000000000000 ) ) ;
#2446 = ORIENTED_EDGE ( 'NONE', *, *, #2914, .F. ) ;
#2447 = EDGE_CURVE ( 'NONE', #2753, #1544, #1567, .T. ) ;
#2448 = CARTESIAN_POINT ( 'NONE',  ( 0.000000000000000000, -24.11213394580208913, -24.55000000000000071 ) ) ;
#2449 = ORIENTED_EDGE ( 'NONE', *, *, #3216, .T. ) ;
#2450 = LINE ( 'NONE', #136, #116 ) ;
#2451 = DIRECTION ( 'NONE',  ( -6.891206367116325544E-17, 0.7071067811865513475, -0.7071067811865436870 ) ) ;
#2452 = ORIENTED_EDGE ( 'NONE', *, *, #28, .F. ) ;
#2453 = CIRCLE ( 'NONE', #820, 0.5000000000000000000 ) ;
#2454 = EDGE_CURVE ( 'NONE', #1100, #3666, #426, .T. ) ;
#2455 = CARTESIAN_POINT ( 'NONE',  ( -9.350000000000024514, -9.500338972710009600, -24.55000000000000071 ) ) ;
#2456 = VECTOR ( 'NONE', #2311, 1000.000000000000000 ) ;
#2457 = ORIENTED_EDGE ( 'NONE', *, *, #2920, .F. ) ;
#2458 = DIRECTION ( 'NONE',  ( 0.000000000000000000, 0.3940327209102223449, -0.9190964121636461259 ) ) ;
#2459 = SURFACE_SIDE_STYLE ('',( #1304 ) ) ;
#2460 = CARTESIAN_POINT ( 'NONE',  ( 27.45000000000000284, -26.95767651737898163, 4.335076018827155764 ) ) ;
#2461 = ORIENTED_EDGE ( 'NONE', *, *, #1083, .F. ) ;
#2462 = EDGE_CURVE ( 'NONE', #1633, #1075, #961, .T. ) ;
#2463 = CARTESIAN_POINT ( 'NONE',  ( 27.44999999999999929, -4.500338972710011376, 18.00000000000153477 ) ) ;
#2464 = DIRECTION ( 'NONE',  ( -0.000000000000000000, 1.000000000000000000, 2.055359568692899499E-16 ) ) ;
#2465 = VERTEX_POINT ( 'NONE', #3308 ) ;
#2466 = AXIS2_PLACEMENT_3D ( 'NONE', #2189, #3064, #170 ) ;
#2467 = DIRECTION ( 'NONE',  ( 0.000000000000000000, 0.000000000000000000, 1.000000000000000000 ) ) ;
#2468 = ORIENTED_EDGE ( 'NONE', *, *, #3269, .T. ) ;
#2469 = AXIS2_PLACEMENT_3D ( 'NONE', #2398, #3310, #743 ) ;
#2470 = PLANE ( 'NONE',  #838 ) ;
#2471 = CARTESIAN_POINT ( 'NONE',  ( -9.350000000000024514, -4.500338972710011376, -22.85972004506499999 ) ) ;
#2472 = AXIS2_PLACEMENT_3D ( 'NONE', #1234, #374, #992 ) ;
#2473 = AXIS2_PLACEMENT_3D ( 'NONE', #932, #2083, #3235 ) ;
#2474 = CARTESIAN_POINT ( 'NONE',  ( 31.44999999999999929, -26.95767651737898163, 4.835076018827155764 ) ) ;
#2475 = ORIENTED_EDGE ( 'NONE', *, *, #567, .F. ) ;
#2476 = CARTESIAN_POINT ( 'NONE',  ( 25.55000000000000426, -29.25000000000000000, -1.949999999999989075 ) ) ;
#2477 = AXIS2_PLACEMENT_3D ( 'NONE', #2929, #320, #2613 ) ;
#2478 = AXIS2_PLACEMENT_3D ( 'NONE', #1424, #2582, #1764 ) ;
#2479 = DIRECTION ( 'NONE',  ( -0.000000000000000000, 1.000000000000000000, -0.000000000000000000 ) ) ;
#2480 = DIRECTION ( 'NONE',  ( 0.000000000000000000, -1.000000000000000000, 0.000000000000000000 ) ) ;
#2481 = EDGE_LOOP ( 'NONE', ( #3105, #1133, #2546, #171 ) ) ;
#2482 = EDGE_CURVE ( 'NONE', #2108, #3418, #1862, .T. ) ;
#2483 = DIRECTION ( 'NONE',  ( -1.000000000000000000, -9.745637505487680998E-17, 0.000000000000000000 ) ) ;
#2484 = PLANE ( 'NONE',  #2355 ) ;
#2485 = VERTEX_POINT ( 'NONE', #2114 ) ;
#2486 = EDGE_CURVE ( 'NONE', #2679, #131, #3047, .T. ) ;
#2487 = ADVANCED_FACE ( 'NONE', ( #3268 ), #941, .F. ) ;
#2488 = DIRECTION ( 'NONE',  ( 0.000000000000000000, 0.000000000000000000, -1.000000000000000000 ) ) ;
#2489 = CARTESIAN_POINT ( 'NONE',  ( -28.64999999999999503, 0.000000000000000000, -0.000000000000000000 ) ) ;
#2490 = VERTEX_POINT ( 'NONE', #1558 ) ;
#2491 = DIRECTION ( 'NONE',  ( -0.000000000000000000, 1.000000000000000000, -0.000000000000000000 ) ) ;
#2492 = ORIENTED_EDGE ( 'NONE', *, *, #419, .F. ) ;
#2493 = ORIENTED_EDGE ( 'NONE', *, *, #3535, .F. ) ;
#2494 = CARTESIAN_POINT ( 'NONE',  ( -13.35000000000002274, 0.000000000000000000, 0.000000000000000000 ) ) ;
#2495 = DIRECTION ( 'NONE',  ( 0.000000000000000000, -1.000000000000000000, -2.055359568692899253E-16 ) ) ;
#2496 = CARTESIAN_POINT ( 'NONE',  ( -13.35000000000002274, -16.85999999999956245, -19.59999999999865850 ) ) ;
#2497 = ORIENTED_EDGE ( 'NONE', *, *, #3535, .T. ) ;
#2498 = EDGE_CURVE ( 'NONE', #2248, #3005, #3450, .T. ) ;
#2499 = DIRECTION ( 'NONE',  ( 1.000000000000000000, 0.000000000000000000, 0.000000000000000000 ) ) ;
#2500 = DIRECTION ( 'NONE',  ( 0.000000000000000000, 0.000000000000000000, 1.000000000000000000 ) ) ;
#2501 = ORIENTED_EDGE ( 'NONE', *, *, #1817, .F. ) ;
#2502 = CARTESIAN_POINT ( 'NONE',  ( -6.500000000000024869, -4.500338972710011376, -2.381743349404832344 ) ) ;
#2503 = ADVANCED_FACE ( 'NONE', ( #981 ), #2974, .F. ) ;
#2504 = CARTESIAN_POINT ( 'NONE',  ( 28.44999999999999929, -20.85999999999965127, -12.49999999999928946 ) ) ;
#2505 = FACE_BOUND ( 'NONE', #2549, .T. ) ;
#2506 = EDGE_LOOP ( 'NONE', ( #2565, #3342, #2228, #1236 ) ) ;
#2507 = PLANE ( 'NONE',  #355 ) ;
#2508 = ORIENTED_EDGE ( 'NONE', *, *, #3474, .T. ) ;
#2509 = ORIENTED_EDGE ( 'NONE', *, *, #1530, .T. ) ;
#2510 = AXIS2_PLACEMENT_3D ( 'NONE', #2494, #456, #1302 ) ;
#2511 = FACE_OUTER_BOUND ( 'NONE', #3473, .T. ) ;
#2512 = VECTOR ( 'NONE', #2923, 1000.000000000000000 ) ;
#2513 = EDGE_CURVE ( 'NONE', #1210, #1912, #2741, .T. ) ;
#2514 = DIRECTION ( 'NONE',  ( 0.000000000000000000, 0.000000000000000000, -1.000000000000000000 ) ) ;
#2515 = ORIENTED_EDGE ( 'NONE', *, *, #169, .T. ) ;
#2516 = DIRECTION ( 'NONE',  ( -0.000000000000000000, 1.000000000000000000, -0.000000000000000000 ) ) ;
#2517 = DIRECTION ( 'NONE',  ( 1.000000000000000000, 0.000000000000000000, 0.000000000000000000 ) ) ;
#2518 = ORIENTED_EDGE ( 'NONE', *, *, #47, .T. ) ;
#2519 = DIRECTION ( 'NONE',  ( -0.000000000000000000, 1.000000000000000000, -0.000000000000000000 ) ) ;
#2520 = EDGE_CURVE ( 'NONE', #3168, #2600, #2755, .T. ) ;
#2521 = DIRECTION ( 'NONE',  ( -1.000000000000000000, 0.000000000000000000, 0.000000000000000000 ) ) ;
#2522 = CYLINDRICAL_SURFACE ( 'NONE', #2971, 0.9997466849082959905 ) ;
#2523 = ORIENTED_EDGE ( 'NONE', *, *, #3556, .F. ) ;
#2524 = EDGE_CURVE ( 'NONE', #1294, #558, #555, .T. ) ;
#2525 = AXIS2_PLACEMENT_3D ( 'NONE', #3173, #550, #3726 ) ;
#2526 = CARTESIAN_POINT ( 'NONE',  ( 27.45000000000000284, -27.45767651737898518, 4.835076018827155764 ) ) ;
#2527 = AXIS2_PLACEMENT_3D ( 'NONE', #2990, #393, #1538 ) ;
#2528 = ORIENTED_EDGE ( 'NONE', *, *, #2498, .T. ) ;
#2529 = ORIENTED_EDGE ( 'NONE', *, *, #2924, .F. ) ;
#2530 = VECTOR ( 'NONE', #1760, 1000.000000000000000 ) ;
#2531 = AXIS2_PLACEMENT_3D ( 'NONE', #3563, #1271, #1246 ) ;
#2532 = DIRECTION ( 'NONE',  ( -1.000000000000000000, 0.000000000000000000, 0.000000000000000000 ) ) ;
#2533 = VECTOR ( 'NONE', #3657, 1000.000000000000000 ) ;
#2534 = CARTESIAN_POINT ( 'NONE',  ( -4.949497572825296565, -4.500338972710011376, -7.949999999999799449 ) ) ;
#2535 = VERTEX_POINT ( 'NONE', #2396 ) ;
#2536 = VECTOR ( 'NONE', #2123, 1000.000000000000000 ) ;
#2537 = ORIENTED_EDGE ( 'NONE', *, *, #2462, .T. ) ;
#2538 = EDGE_CURVE ( 'NONE', #471, #1384, #2175, .T. ) ;
#2539 = PRODUCT_DEFINITION_SHAPE ( 'NONE', 'NONE',  #48 ) ;
#2540 = CIRCLE ( 'NONE', #914, 7.100160573022912480 ) ;
#2541 = DIRECTION ( 'NONE',  ( -1.000000000000000000, 0.000000000000000000, 0.000000000000000000 ) ) ;
#2542 = ORIENTED_EDGE ( 'NONE', *, *, #2140, .F. ) ;
#2543 = CARTESIAN_POINT ( 'NONE',  ( 31.44999999999999929, -26.11046727323418537, -4.199999999998461853 ) ) ;
#2544 = ADVANCED_FACE ( 'NONE', ( #1826 ), #2991, .F. ) ;
#2545 = CARTESIAN_POINT ( 'NONE',  ( -4.950000000000338574, 0.000000000000000000, 3.524497572825494363 ) ) ;
#2546 = ORIENTED_EDGE ( 'NONE', *, *, #3722, .F. ) ;
#2547 = DIRECTION ( 'NONE',  ( -1.000000000000000000, -7.779833121590977705E-17, 6.162975822039154730E-33 ) ) ;
#2548 = DIRECTION ( 'NONE',  ( 0.000000000000000000, 0.000000000000000000, 1.000000000000000000 ) ) ;
#2549 = EDGE_LOOP ( 'NONE', ( #306, #3151 ) ) ;
#2550 = EDGE_LOOP ( 'NONE', ( #1400, #1215 ) ) ;
#2551 = CARTESIAN_POINT ( 'NONE',  ( -28.64999999999999503, -20.61213394580202873, -28.05000000000000071 ) ) ;
#2552 = CYLINDRICAL_SURFACE ( 'NONE', #2837, 7.099999999999999645 ) ;
#2553 = ORIENTED_EDGE ( 'NONE', *, *, #1179, .T. ) ;
#2554 = ORIENTED_EDGE ( 'NONE', *, *, #596, .F. ) ;
#2555 = DIRECTION ( 'NONE',  ( -0.000000000000000000, 1.000000000000000000, 2.055359568692899499E-16 ) ) ;
#2556 = DIRECTION ( 'NONE',  ( -0.000000000000000000, 1.000000000000000000, -0.000000000000000000 ) ) ;
#2557 = EDGE_LOOP ( 'NONE', ( #2618, #2377, #3444, #3680 ) ) ;
#2558 = CARTESIAN_POINT ( 'NONE',  ( -9.350000000000024514, -9.500338972710009600, 24.55000000000000071 ) ) ;
#2559 = LINE ( 'NONE', #2864, #66 ) ;
#2560 = CARTESIAN_POINT ( 'NONE',  ( 27.44999999999999929, -20.85999999999965127, -12.49999999999928946 ) ) ;
#2561 = EDGE_CURVE ( 'NONE', #2713, #1893, #3246, .T. ) ;
#2562 = EDGE_LOOP ( 'NONE', ( #2819, #398, #1086, #3066, #2449, #2609 ) ) ;
#2563 = CARTESIAN_POINT ( 'NONE',  ( 30.95000000000000284, -29.25000000000000000, -60.32163680906983672 ) ) ;
#2564 = CYLINDRICAL_SURFACE ( 'NONE', #3569, 3.000000000000000888 ) ;
#2565 = ORIENTED_EDGE ( 'NONE', *, *, #535, .F. ) ;
#2566 = ORIENTED_EDGE ( 'NONE', *, *, #3677, .T. ) ;
#2567 = ADVANCED_FACE ( 'NONE', ( #2434 ), #1257, .F. ) ;
#2568 = EDGE_CURVE ( 'NONE', #2651, #176, #2665, .T. ) ;
#2569 = CARTESIAN_POINT ( 'NONE',  ( -1.108569751446307578E-13, -18.64999999999999858, -1.349999999999861311 ) ) ;
#2570 = AXIS2_PLACEMENT_3D ( 'NONE', #2652, #1212, #1245 ) ;
#2571 = CARTESIAN_POINT ( 'NONE',  ( 27.44999999999999929, -4.500338972710011376, -6.449999999999983302 ) ) ;
#2572 = VERTEX_POINT ( 'NONE', #1843 ) ;
#2573 = ORIENTED_EDGE ( 'NONE', *, *, #3651, .F. ) ;
#2574 = VECTOR ( 'NONE', #2519, 1000.000000000000000 ) ;
#2575 = DIRECTION ( 'NONE',  ( 0.000000000000000000, 0.000000000000000000, -1.000000000000000000 ) ) ;
#2576 = CARTESIAN_POINT ( 'NONE',  ( 0.000000000000000000, 3.349999999999996536, 28.05000000000000071 ) ) ;
#2577 = ORIENTED_EDGE ( 'NONE', *, *, #1476, .T. ) ;
#2578 = CIRCLE ( 'NONE', #592, 1.350000000000000089 ) ;
#2579 = DIRECTION ( 'NONE',  ( 0.000000000000000000, 0.000000000000000000, -1.000000000000000000 ) ) ;
#2580 = EDGE_CURVE ( 'NONE', #1830, #2714, #3032, .T. ) ;
#2581 = DIRECTION ( 'NONE',  ( 0.000000000000000000, -0.000000000000000000, -1.000000000000000000 ) ) ;
#2582 = DIRECTION ( 'NONE',  ( 0.000000000000000000, -1.000000000000000000, 0.000000000000000000 ) ) ;
#2583 = ORIENTED_EDGE ( 'NONE', *, *, #2859, .T. ) ;
#2584 = CARTESIAN_POINT ( 'NONE',  ( 31.44999999999999929, -6.760289708239330508, -1.537918005908522900 ) ) ;
#2585 = DIRECTION ( 'NONE',  ( -1.000000000000000000, -0.000000000000000000, -0.000000000000000000 ) ) ;
#2586 = ORIENTED_EDGE ( 'NONE', *, *, #987, .T. ) ;
#2587 = ORIENTED_EDGE ( 'NONE', *, *, #1083, .T. ) ;
#2588 = VECTOR ( 'NONE', #1582, 1000.000000000000000 ) ;
#2589 = VECTOR ( 'NONE', #643, 1000.000000000000000 ) ;
#2590 = LINE ( 'NONE', #1485, #1186 ) ;
#2591 = LINE ( 'NONE', #2330, #1871 ) ;
#2592 = ORIENTED_EDGE ( 'NONE', *, *, #2561, .F. ) ;
#2593 = ORIENTED_EDGE ( 'NONE', *, *, #3394, .F. ) ;
#2594 = VECTOR ( 'NONE', #2996, 1000.000000000000000 ) ;
#2595 = AXIS2_PLACEMENT_3D ( 'NONE', #403, #3545, #694 ) ;
#2596 = AXIS2_PLACEMENT_3D ( 'NONE', #2262, #2764, #3295 ) ;
#2597 = CARTESIAN_POINT ( 'NONE',  ( 25.55000000000000071, 2.141661462521182009E-15, -6.449999999999986855 ) ) ;
#2598 = EDGE_CURVE ( 'NONE', #1253, #3734, #1211, .T. ) ;
#2599 = CARTESIAN_POINT ( 'NONE',  ( 4.949497572824959946, -29.25000000000000000, 3.525000000000527933 ) ) ;
#2600 = VERTEX_POINT ( 'NONE', #1314 ) ;
#2601 = PLANE ( 'NONE',  #2878 ) ;
#2602 = CIRCLE ( 'NONE', #2173, 7.100160573022915145 ) ;
#2603 = AXIS2_PLACEMENT_3D ( 'NONE', #3456, #263, #859 ) ;
#2604 = EDGE_CURVE ( 'NONE', #1848, #131, #3098, .T. ) ;
#2605 = CARTESIAN_POINT ( 'NONE',  ( -6.500000000000024869, -8.720338972710010239, 19.50000000000153833 ) ) ;
#2606 = EDGE_CURVE ( 'NONE', #1880, #2393, #544, .T. ) ;
#2607 = DIRECTION ( 'NONE',  ( 1.000000000000000000, 0.000000000000000000, 0.000000000000000000 ) ) ;
#2608 = AXIS2_PLACEMENT_3D ( 'NONE', #1574, #2107, #3262 ) ;
#2609 = ORIENTED_EDGE ( 'NONE', *, *, #1260, .T. ) ;
#2610 = EDGE_CURVE ( 'NONE', #2145, #1583, #225, .T. ) ;
#2611 = ADVANCED_FACE ( 'NONE', ( #507 ), #3363, .T. ) ;
#2612 = DIRECTION ( 'NONE',  ( -1.000000000000000000, 0.000000000000000000, 0.000000000000000000 ) ) ;
#2613 = DIRECTION ( 'NONE',  ( 0.000000000000000000, 0.000000000000000000, 1.000000000000000000 ) ) ;
#2614 = ORIENTED_EDGE ( 'NONE', *, *, #846, .F. ) ;
#2615 = CYLINDRICAL_SURFACE ( 'NONE', #3670, 0.9000000000014556356 ) ;
#2616 = LINE ( 'NONE', #31, #615 ) ;
#2617 = ORIENTED_EDGE ( 'NONE', *, *, #1593, .T. ) ;
#2618 = ORIENTED_EDGE ( 'NONE', *, *, #332, .T. ) ;
#2619 = DIRECTION ( 'NONE',  ( -1.000000000000000000, 0.000000000000000000, 0.000000000000000000 ) ) ;
#2620 = FACE_OUTER_BOUND ( 'NONE', #229, .T. ) ;
#2621 = EDGE_LOOP ( 'NONE', ( #1206, #1242, #1857, #854 ) ) ;
#2622 = CARTESIAN_POINT ( 'NONE',  ( -1.110223024625156540E-13, 0.000000000000000000, 1.387778780781445676E-13 ) ) ;
#2623 = ADVANCED_FACE ( 'NONE', ( #3706 ), #2522, .F. ) ;
#2624 = CARTESIAN_POINT ( 'NONE',  ( -28.64999999999999503, -24.11213394580208913, 24.55000000000000071 ) ) ;
#2625 = CARTESIAN_POINT ( 'NONE',  ( -4.950000000000338574, 0.000000000000000000, 4.949497572825494629 ) ) ;
#2626 = EDGE_CURVE ( 'NONE', #256, #2572, #3148, .T. ) ;
#2627 = ORIENTED_EDGE ( 'NONE', *, *, #2843, .T. ) ;
#2628 = FACE_OUTER_BOUND ( 'NONE', #1312, .T. ) ;
#2629 = FACE_OUTER_BOUND ( 'NONE', #40, .T. ) ;
#2630 = CARTESIAN_POINT ( 'NONE',  ( -6.500000000000024869, -4.500338972710007823, -7.199999999998458300 ) ) ;
#2631 = VERTEX_POINT ( 'NONE', #2808 ) ;
#2632 = PLANE ( 'NONE',  #2215 ) ;
#2633 = CARTESIAN_POINT ( 'NONE',  ( -32.77581323893203802, -39.25000000000000000, -24.55000000000000071 ) ) ;
#2634 = EDGE_LOOP ( 'NONE', ( #1869, #1445 ) ) ;
#2635 = ORIENTED_EDGE ( 'NONE', *, *, #2341, .F. ) ;
#2636 = AXIS2_PLACEMENT_3D ( 'NONE', #622, #2918, #2100 ) ;
#2637 = FACE_OUTER_BOUND ( 'NONE', #873, .T. ) ;
#2638 = CARTESIAN_POINT ( 'NONE',  ( 27.44999999999999929, -12.85999999999964949, -12.49999999999928946 ) ) ;
#2639 = ORIENTED_EDGE ( 'NONE', *, *, #1105, .F. ) ;
#2640 = PLANE ( 'NONE',  #1784 ) ;
#2641 = DIRECTION ( 'NONE',  ( 0.000000000000000000, 0.000000000000000000, -1.000000000000000000 ) ) ;
#2642 = CIRCLE ( 'NONE', #226, 0.8750000000000007772 ) ;
#2643 = DIRECTION ( 'NONE',  ( 9.745637505487680998E-17, -1.000000000000000000, 0.000000000000000000 ) ) ;
#2644 = VERTEX_POINT ( 'NONE', #2471 ) ;
#2645 = ADVANCED_FACE ( 'NONE', ( #2260, #1365, #770, #1919, #1037, #3114, #2505 ), #1902, .T. ) ;
#2646 = PLANE ( 'NONE',  #3250 ) ;
#2647 = EDGE_CURVE ( 'NONE', #3442, #2961, #1389, .T. ) ;
#2648 = DIRECTION ( 'NONE',  ( 1.000000000000000000, 0.000000000000000000, 0.000000000000000000 ) ) ;
#2649 = EDGE_LOOP ( 'NONE', ( #2831, #2947, #1505, #3085 ) ) ;
#2650 = CARTESIAN_POINT ( 'NONE',  ( 0.000000000000000000, 0.000000000000000000, -24.55000000000000071 ) ) ;
#2651 = VERTEX_POINT ( 'NONE', #2545 ) ;
#2652 = CARTESIAN_POINT ( 'NONE',  ( -13.35000000000002274, -6.610000000000006537, -4.199999999998458300 ) ) ;
#2653 = CIRCLE ( 'NONE', #3318, 0.8750000000000007772 ) ;
#2654 = DIRECTION ( 'NONE',  ( -1.000000000000000000, -0.000000000000000000, -0.000000000000000000 ) ) ;
#2655 = CARTESIAN_POINT ( 'NONE',  ( 31.44999999999999929, 3.349999999999996536, 28.05000000000000071 ) ) ;
#2656 = ORIENTED_EDGE ( 'NONE', *, *, #1572, .T. ) ;
#2657 = VECTOR ( 'NONE', #3491, 1000.000000000000000 ) ;
#2658 = ADVANCED_FACE ( 'NONE', ( #821 ), #3079, .F. ) ;
#2659 = VECTOR ( 'NONE', #1675, 1000.000000000000000 ) ;
#2660 = VECTOR ( 'NONE', #874, 1000.000000000000000 ) ;
#2661 = LINE ( 'NONE', #129, #1739 ) ;
#2662 = DIRECTION ( 'NONE',  ( 1.000000000000000000, 0.000000000000000000, 0.000000000000000000 ) ) ;
#2663 = EDGE_LOOP ( 'NONE', ( #2935, #2782 ) ) ;
#2664 = VERTEX_POINT ( 'NONE', #3132 ) ;
#2665 = CIRCLE ( 'NONE', #1144, 1.425000000000000044 ) ;
#2666 = CARTESIAN_POINT ( 'NONE',  ( -4.950000000000338574, -4.500338972710011376, 4.949497572825494629 ) ) ;
#2667 = CARTESIAN_POINT ( 'NONE',  ( 4.950000000000001066, -4.500338972710011376, -4.949497572824772540 ) ) ;
#2668 = DIRECTION ( 'NONE',  ( 0.000000000000000000, 0.000000000000000000, 1.000000000000000000 ) ) ;
#2669 = VERTEX_POINT ( 'NONE', #1333 ) ;
#2670 = LINE ( 'NONE', #2992, #2588 ) ;
#2671 = DIRECTION ( 'NONE',  ( 7.779833121590977705E-17, -1.000000000000000000, 1.482669637587014890E-17 ) ) ;
#2672 = ORIENTED_EDGE ( 'NONE', *, *, #231, .T. ) ;
#2673 = LINE ( 'NONE', #103, #461 ) ;
#2674 = CARTESIAN_POINT ( 'NONE',  ( -28.64999999999999503, 3.174999999999999822, 14.02500000000000036 ) ) ;
#2675 = CARTESIAN_POINT ( 'NONE',  ( 4.949497572824959946, -4.500338972710011376, 4.950000000000527756 ) ) ;
#2676 = EDGE_LOOP ( 'NONE', ( #1933, #377 ) ) ;
#2677 = CARTESIAN_POINT ( 'NONE',  ( 25.55000000000000071, 1.921485021339510764E-15, -1.949999999999989519 ) ) ;
#2678 = CARTESIAN_POINT ( 'NONE',  ( 25.55000000000000071, -5.610253315091707549, 20.25000000000153477 ) ) ;
#2679 = VERTEX_POINT ( 'NONE', #3401 ) ;
#2680 = ORIENTED_EDGE ( 'NONE', *, *, #2606, .T. ) ;
#2681 = EDGE_CURVE ( 'NONE', #3288, #2465, #1667, .T. ) ;
#2682 = LINE ( 'NONE', #1240, #3075 ) ;
#2683 = CARTESIAN_POINT ( 'NONE',  ( 27.45000000000000284, -17.40422570142407821, -71.39841416718611811 ) ) ;
#2684 = EDGE_LOOP ( 'NONE', ( #1399, #1540, #2869, #2218 ) ) ;
#2685 = CYLINDRICAL_SURFACE ( 'NONE', #3622, 0.9000000000019027224 ) ;
#2686 = LINE ( 'NONE', #2420, #548 ) ;
#2687 = ORIENTED_EDGE ( 'NONE', *, *, #1039, .T. ) ;
#2688 = DIRECTION ( 'NONE',  ( -0.000000000000000000, 1.000000000000000000, -0.000000000000000000 ) ) ;
#2689 = EDGE_CURVE ( 'NONE', #2171, #1000, #242, .T. ) ;
#2690 = CARTESIAN_POINT ( 'NONE',  ( -9.350000000000024514, -9.500338972710009600, 24.55000000000000071 ) ) ;
#2691 = CARTESIAN_POINT ( 'NONE',  ( 27.44999999999999574, -37.61792319645748961, 28.05000000000000071 ) ) ;
#2692 = ORIENTED_EDGE ( 'NONE', *, *, #2998, .F. ) ;
#2693 = CARTESIAN_POINT ( 'NONE',  ( 0.000000000000000000, -9.500338972710009600, 0.000000000000000000 ) ) ;
#2694 = DIRECTION ( 'NONE',  ( 0.000000000000000000, -1.000000000000000000, 0.000000000000000000 ) ) ;
#2695 = ORIENTED_EDGE ( 'NONE', *, *, #1170, .F. ) ;
#2696 = VECTOR ( 'NONE', #885, 1000.000000000000000 ) ;
#2697 = ORIENTED_EDGE ( 'NONE', *, *, #1951, .F. ) ;
#2698 = EDGE_CURVE ( 'NONE', #1519, #3498, #2774, .T. ) ;
#2699 = VECTOR ( 'NONE', #2299, 1000.000000000000000 ) ;
#2700 = CARTESIAN_POINT ( 'NONE',  ( -20.64999999999999503, -11.18106697290102858, -26.30000000000000426 ) ) ;
#2701 = CARTESIAN_POINT ( 'NONE',  ( 0.000000000000000000, 0.000000000000000000, -28.05000000000000071 ) ) ;
#2702 = AXIS2_PLACEMENT_3D ( 'NONE', #3524, #2005, #3462 ) ;
#2703 = FACE_OUTER_BOUND ( 'NONE', #2748, .T. ) ;
#2704 = ORIENTED_EDGE ( 'NONE', *, *, #579, .T. ) ;
#2705 = CARTESIAN_POINT ( 'NONE',  ( -9.350000000000024514, -4.500338972710011376, 22.86009492289630174 ) ) ;
#2706 = CYLINDRICAL_SURFACE ( 'NONE', #303, 0.5000000000000004441 ) ;
#2707 = LINE ( 'NONE', #143, #3564 ) ;
#2708 = EDGE_LOOP ( 'NONE', ( #2089, #7, #822, #860 ) ) ;
#2709 = VECTOR ( 'NONE', #2093, 1000.000000000000000 ) ;
#2710 = CIRCLE ( 'NONE', #2111, 3.000000000000000444 ) ;
#2711 = CARTESIAN_POINT ( 'NONE',  ( -9.350000000000024514, -4.500338972710011376, 24.55000000000000071 ) ) ;
#2712 = LINE ( 'NONE', #2142, #681 ) ;
#2713 = VERTEX_POINT ( 'NONE', #491 ) ;
#2714 = VERTEX_POINT ( 'NONE', #1349 ) ;
#2715 = VECTOR ( 'NONE', #1661, 1000.000000000000000 ) ;
#2716 = AXIS2_PLACEMENT_3D ( 'NONE', #199, #1307, #2444 ) ;
#2717 = EDGE_CURVE ( 'NONE', #1683, #930, #190, .T. ) ;
#2718 = CARTESIAN_POINT ( 'NONE',  ( 30.95000000000000639, -7.612199995687619847, -4.199999999998458300 ) ) ;
#2719 = AXIS2_PLACEMENT_3D ( 'NONE', #500, #1045, #2442 ) ;
#2720 = DIRECTION ( 'NONE',  ( 1.000000000000000000, 9.745637505487683463E-17, -0.000000000000000000 ) ) ;
#2721 = AXIS2_PLACEMENT_3D ( 'NONE', #299, #2585, #3459 ) ;
#2722 = VERTEX_POINT ( 'NONE', #629 ) ;
#2723 = EDGE_CURVE ( 'NONE', #1104, #2411, #2033, .T. ) ;
#2724 = EDGE_CURVE ( 'NONE', #530, #3410, #2236, .T. ) ;
#2725 = PRODUCT_DEFINITION_FORMATION_WITH_SPECIFIED_SOURCE ( 'ANY', '', #1057, .NOT_KNOWN. ) ;
#2726 = AXIS2_PLACEMENT_3D ( 'NONE', #790, #1067, #3685 ) ;
#2727 = LINE ( 'NONE', #3011, #897 ) ;
#2728 = ORIENTED_EDGE ( 'NONE', *, *, #3001, .T. ) ;
#2729 = CYLINDRICAL_SURFACE ( 'NONE', #3362, 3.000000000000001776 ) ;
#2730 = EDGE_CURVE ( 'NONE', #558, #3366, #879, .T. ) ;
#2731 = FACE_OUTER_BOUND ( 'NONE', #1031, .T. ) ;
#2732 = DIRECTION ( 'NONE',  ( 0.000000000000000000, 0.000000000000000000, 1.000000000000000000 ) ) ;
#2733 = VERTEX_POINT ( 'NONE', #3436 ) ;
#2734 = PLANE ( 'NONE',  #670 ) ;
#2735 = CARTESIAN_POINT ( 'NONE',  ( -4.949497572825296565, 6.349999999999999645, -3.524999999999799183 ) ) ;
#2736 = VERTEX_POINT ( 'NONE', #1463 ) ;
#2737 = PLANE ( 'NONE',  #3481 ) ;
#2738 = ORIENTED_EDGE ( 'NONE', *, *, #499, .F. ) ;
#2739 = ADVANCED_FACE ( 'NONE', ( #3186 ), #2302, .F. ) ;
#2740 = DIRECTION ( 'NONE',  ( 1.000000000000000000, 9.745637505487682231E-17, 0.000000000000000000 ) ) ;
#2741 = LINE ( 'NONE', #452, #1874 ) ;
#2742 = ORIENTED_EDGE ( 'NONE', *, *, #714, .F. ) ;
#2743 = DIRECTION ( 'NONE',  ( 0.000000000000000000, 1.000000000000000000, -0.000000000000000000 ) ) ;
#2744 = ORIENTED_EDGE ( 'NONE', *, *, #1949, .T. ) ;
#2745 = CARTESIAN_POINT ( 'NONE',  ( 31.44999999999999929, -44.41604593830443548, -12.49999999999999112 ) ) ;
#2746 = DIRECTION ( 'NONE',  ( -0.000000000000000000, 1.000000000000000000, -0.000000000000000000 ) ) ;
#2747 = DIRECTION ( 'NONE',  ( 0.000000000000000000, 1.000000000000000000, -0.000000000000000000 ) ) ;
#2748 = EDGE_LOOP ( 'NONE', ( #2190, #3034, #1820, #645 ) ) ;
#2749 = DIRECTION ( 'NONE',  ( -1.000000000000000000, -0.000000000000000000, -0.000000000000000000 ) ) ;
#2750 = CARTESIAN_POINT ( 'NONE',  ( -9.350000000000024514, -4.500338972710007823, -7.199999999998458300 ) ) ;
#2751 = ORIENTED_EDGE ( 'NONE', *, *, #1131, .F. ) ;
#2752 = DIRECTION ( 'NONE',  ( 0.000000000000000000, -1.299418334065024380E-16, 1.000000000000000000 ) ) ;
#2753 = VERTEX_POINT ( 'NONE', #2278 ) ;
#2754 = DIRECTION ( 'NONE',  ( -1.000000000000000000, -0.000000000000000000, -0.000000000000000000 ) ) ;
#2755 = LINE ( 'NONE', #1241, #1447 ) ;
#2756 = EDGE_LOOP ( 'NONE', ( #2751, #1956, #922, #1198 ) ) ;
#2757 = CIRCLE ( 'NONE', #2942, 3.000000000000000000 ) ;
#2758 = LINE ( 'NONE', #2526, #3018 ) ;
#2759 = ADVANCED_FACE ( 'NONE', ( #315 ), #2849, .F. ) ;
#2760 = CIRCLE ( 'NONE', #2151, 0.9000000000014556356 ) ;
#2761 = ORIENTED_EDGE ( 'NONE', *, *, #1770, .T. ) ;
#2762 = LINE ( 'NONE', #3655, #2999 ) ;
#2763 = EDGE_CURVE ( 'NONE', #808, #1417, #252, .T. ) ;
#2764 = DIRECTION ( 'NONE',  ( 0.000000000000000000, -1.000000000000000000, 0.000000000000000000 ) ) ;
#2765 = CARTESIAN_POINT ( 'NONE',  ( -4.949497572825296565, 0.000000000000000000, -4.949999999999799449 ) ) ;
#2766 = VERTEX_POINT ( 'NONE', #1407 ) ;
#2767 = CARTESIAN_POINT ( 'NONE',  ( 30.95000000000000284, -29.25000000000000000, 19.41500000000000270 ) ) ;
#2768 = CARTESIAN_POINT ( 'NONE',  ( -6.500000000000024869, -6.610000000000006537, -3.299999999996555466 ) ) ;
#2769 = VERTEX_POINT ( 'NONE', #1443 ) ;
#2770 = AXIS2_PLACEMENT_3D ( 'NONE', #1427, #2061, #26 ) ;
#2771 = CARTESIAN_POINT ( 'NONE',  ( -6.500000000000024869, -4.500338972710011376, 0.000000000000000000 ) ) ;
#2772 = AXIS2_PLACEMENT_3D ( 'NONE', #2966, #2374, #1217 ) ;
#2773 = LINE ( 'NONE', #3630, #240 ) ;
#2774 = LINE ( 'NONE', #2489, #2417 ) ;
#2775 = VECTOR ( 'NONE', #106, 1000.000000000000000 ) ;
#2776 = ORIENTED_EDGE ( 'NONE', *, *, #2224, .T. ) ;
#2777 = CIRCLE ( 'NONE', #300, 0.9000000000019031665 ) ;
#2778 = VECTOR ( 'NONE', #123, 1000.000000000000000 ) ;
#2779 = AXIS2_PLACEMENT_3D ( 'NONE', #1851, #3069, #1410 ) ;
#2780 = DIRECTION ( 'NONE',  ( 1.000000000000000000, 0.000000000000000000, 0.000000000000000000 ) ) ;
#2781 = ORIENTED_EDGE ( 'NONE', *, *, #245, .F. ) ;
#2782 = ORIENTED_EDGE ( 'NONE', *, *, #987, .F. ) ;
#2783 = CARTESIAN_POINT ( 'NONE',  ( -20.64999999999999503, -11.18106697290102858, -26.30000000000000426 ) ) ;
#2784 = AXIS2_PLACEMENT_3D ( 'NONE', #1553, #2128, #2375 ) ;
#2785 = LINE ( 'NONE', #2569, #3731 ) ;
#2786 = AXIS2_PLACEMENT_3D ( 'NONE', #1535, #2694, #110 ) ;
#2787 = LINE ( 'NONE', #3037, #2168 ) ;
#2788 = EDGE_LOOP ( 'NONE', ( #158, #2518, #517, #2457 ) ) ;
#2789 = DIRECTION ( 'NONE',  ( 1.000000000000000000, 0.000000000000000000, 0.000000000000000000 ) ) ;
#2790 = EDGE_CURVE ( 'NONE', #3464, #2078, #2886, .T. ) ;
#2791 = ORIENTED_EDGE ( 'NONE', *, *, #2972, .T. ) ;
#2792 = DIRECTION ( 'NONE',  ( 0.000000000000000000, -1.000000000000000000, 0.000000000000000000 ) ) ;
#2793 = DIRECTION ( 'NONE',  ( -0.000000000000000000, -1.000000000000000000, -0.000000000000000000 ) ) ;
#2794 = DIRECTION ( 'NONE',  ( -1.000000000000000000, 0.000000000000000000, 0.000000000000000000 ) ) ;
#2795 = EDGE_CURVE ( 'NONE', #1294, #501, #39, .T. ) ;
#2796 = CARTESIAN_POINT ( 'NONE',  ( 31.44999999999999929, -27.45767651737898518, 4.335076018827155764 ) ) ;
#2797 = VERTEX_POINT ( 'NONE', #2015 ) ;
#2798 = VERTEX_POINT ( 'NONE', #2560 ) ;
#2799 = DIRECTION ( 'NONE',  ( 0.000000000000000000, 0.000000000000000000, 1.000000000000000000 ) ) ;
#2800 = DIRECTION ( 'NONE',  ( 0.000000000000000000, 0.000000000000000000, 1.000000000000000000 ) ) ;
#2801 = DIRECTION ( 'NONE',  ( 0.000000000000000000, -1.000000000000000000, 0.000000000000000000 ) ) ;
#2802 = VERTEX_POINT ( 'NONE', #899 ) ;
#2803 = EDGE_CURVE ( 'NONE', #731, #3464, #1998, .T. ) ;
#2804 = CARTESIAN_POINT ( 'NONE',  ( -4.950000000000338574, -4.500338972710011376, 1.949497572825494185 ) ) ;
#2805 = ORIENTED_EDGE ( 'NONE', *, *, #1230, .T. ) ;
#2806 = FACE_OUTER_BOUND ( 'NONE', #3159, .T. ) ;
#2807 = LINE ( 'NONE', #2825, #418 ) ;
#2808 = CARTESIAN_POINT ( 'NONE',  ( -9.350000000000024514, -16.85999999999956245, -19.59999999999865850 ) ) ;
#2809 = ADVANCED_FACE ( 'NONE', ( #2073 ), #3724, .T. ) ;
#2810 = CIRCLE ( 'NONE', #880, 12.50000000000000355 ) ;
#2811 = CARTESIAN_POINT ( 'NONE',  ( -13.35000000000002096, 0.000000000000000000, 24.55000000000000071 ) ) ;
#2812 = ORIENTED_EDGE ( 'NONE', *, *, #1216, .F. ) ;
#2813 = VERTEX_POINT ( 'NONE', #1745 ) ;
#2814 = AXIS2_PLACEMENT_3D ( 'NONE', #3591, #3323, #1858 ) ;
#2815 = FACE_BOUND ( 'NONE', #2081, .T. ) ;
#2816 = AXIS2_PLACEMENT_3D ( 'NONE', #396, #1002, #2134 ) ;
#2817 = CARTESIAN_POINT ( 'NONE',  ( -20.64999999999999503, 3.174999999999999822, 14.90000000000000213 ) ) ;
#2818 = ORIENTED_EDGE ( 'NONE', *, *, #3518, .F. ) ;
#2819 = ORIENTED_EDGE ( 'NONE', *, *, #2419, .T. ) ;
#2820 = EDGE_CURVE ( 'NONE', #256, #1055, #3154, .T. ) ;
#2821 = CARTESIAN_POINT ( 'NONE',  ( -28.64999999999999503, -0.000000000000000000, 24.55000000000000071 ) ) ;
#2822 = CARTESIAN_POINT ( 'NONE',  ( -28.64999999999999503, -11.18106697290104101, 26.30000000000000071 ) ) ;
#2823 = VERTEX_POINT ( 'NONE', #1118 ) ;
#2824 = FACE_OUTER_BOUND ( 'NONE', #432, .T. ) ;
#2825 = CARTESIAN_POINT ( 'NONE',  ( -28.64999999999999503, 6.349999999999999645, 25.05000000000001492 ) ) ;
#2826 = DIRECTION ( 'NONE',  ( 1.000000000000000000, 0.000000000000000000, 0.000000000000000000 ) ) ;
#2827 = AXIS2_PLACEMENT_3D ( 'NONE', #115, #1225, #1018 ) ;
#2828 = CARTESIAN_POINT ( 'NONE',  ( 30.95000000000000639, -27.45767651737898518, 4.835076018827155764 ) ) ;
#2829 = CARTESIAN_POINT ( 'NONE',  ( 4.950000000000001066, -4.500338972710011376, -4.949497572824772540 ) ) ;
#2830 = VECTOR ( 'NONE', #3739, 1000.000000000000000 ) ;
#2831 = ORIENTED_EDGE ( 'NONE', *, *, #2538, .T. ) ;
#2832 = EDGE_CURVE ( 'NONE', #1987, #1392, #1707, .T. ) ;
#2833 = ORIENTED_EDGE ( 'NONE', *, *, #2626, .F. ) ;
#2834 = CIRCLE ( 'NONE', #904, 0.9995327267658220549 ) ;
#2835 = AXIS2_PLACEMENT_3D ( 'NONE', #3149, #1660, #2254 ) ;
#2836 = PLANE ( 'NONE',  #465 ) ;
#2837 = AXIS2_PLACEMENT_3D ( 'NONE', #1698, #1415, #2287 ) ;
#2838 = CARTESIAN_POINT ( 'NONE',  ( 31.44999999999999929, -6.260289708239329620, 4.335076018827155764 ) ) ;
#2839 = ORIENTED_EDGE ( 'NONE', *, *, #1299, .F. ) ;
#2840 = AXIS2_PLACEMENT_3D ( 'NONE', #1321, #1693, #3640 ) ;
#2841 = EDGE_LOOP ( 'NONE', ( #1704, #1536 ) ) ;
#2842 = ADVANCED_FACE ( 'NONE', ( #1160 ), #275, .T. ) ;
#2843 = EDGE_CURVE ( 'NONE', #1496, #1968, #1176, .T. ) ;
#2844 = AXIS2_PLACEMENT_3D ( 'NONE', #1597, #1223, #2147 ) ;
#2845 = PRODUCT_DEFINITION_CONTEXT ( 'detailed design', #1783, 'design' ) ;
#2846 = LINE ( 'NONE', #1457, #2660 ) ;
#2847 = ORIENTED_EDGE ( 'NONE', *, *, #2871, .T. ) ;
#2848 = LINE ( 'NONE', #565, #1678 ) ;
#2849 = CYLINDRICAL_SURFACE ( 'NONE', #2603, 0.8750000000000007772 ) ;
#2850 = EDGE_CURVE ( 'NONE', #44, #772, #58, .T. ) ;
#2851 = DIRECTION ( 'NONE',  ( -0.000000000000000000, 1.000000000000000000, -0.000000000000000000 ) ) ;
#2852 = FACE_OUTER_BOUND ( 'NONE', #3596, .T. ) ;
#2853 = EDGE_LOOP ( 'NONE', ( #2617, #3044, #1147, #2738 ) ) ;
#2854 = EDGE_LOOP ( 'NONE', ( #3257, #1882, #2074, #3297 ) ) ;
#2855 = DIRECTION ( 'NONE',  ( 0.000000000000000000, 0.000000000000000000, 1.000000000000000000 ) ) ;
#2856 = CARTESIAN_POINT ( 'NONE',  ( -13.35000000000002274, -24.33107499999992385, -24.33107500000005174 ) ) ;
#2857 = ORIENTED_EDGE ( 'NONE', *, *, #3176, .F. ) ;
#2858 = ORIENTED_EDGE ( 'NONE', *, *, #3039, .T. ) ;
#2859 = EDGE_CURVE ( 'NONE', #3525, #1583, #2540, .T. ) ;
#2860 = LINE ( 'NONE', #2821, #3258 ) ;
#2861 = CYLINDRICAL_SURFACE ( 'NONE', #669, 0.9000000000019027224 ) ;
#2862 = ORIENTED_EDGE ( 'NONE', *, *, #2850, .F. ) ;
#2863 = DIRECTION ( 'NONE',  ( -1.000000000000000000, 0.000000000000000000, 0.000000000000000000 ) ) ;
#2864 = CARTESIAN_POINT ( 'NONE',  ( 28.44999999999999929, -12.85999999999964949, -12.49999999999928946 ) ) ;
#2865 = CARTESIAN_POINT ( 'NONE',  ( -6.500000000000024869, -27.11000000000001009, 15.59999999999963372 ) ) ;
#2866 = VERTEX_POINT ( 'NONE', #3571 ) ;
#2867 = LINE ( 'NONE', #337, #724 ) ;
#2868 = CARTESIAN_POINT ( 'NONE',  ( 4.949497572824959946, 0.000000000000000000, 1.950000000000526423 ) ) ;
#2869 = ORIENTED_EDGE ( 'NONE', *, *, #3273, .F. ) ;
#2870 = ORIENTED_EDGE ( 'NONE', *, *, #283, .T. ) ;
#2871 = EDGE_CURVE ( 'NONE', #1411, #2429, #2945, .T. ) ;
#2872 = DIRECTION ( 'NONE',  ( 0.000000000000000000, 1.000000000000000000, -0.000000000000000000 ) ) ;
#2873 = VECTOR ( 'NONE', #986, 1000.000000000000000 ) ;
#2874 = DIRECTION ( 'NONE',  ( -1.000000000000000000, -0.000000000000000000, -0.000000000000000000 ) ) ;
#2875 = VERTEX_POINT ( 'NONE', #2678 ) ;
#2876 = ORIENTED_EDGE ( 'NONE', *, *, #2899, .F. ) ;
#2877 = EDGE_CURVE ( 'NONE', #2535, #2227, #1837, .T. ) ;
#2878 = AXIS2_PLACEMENT_3D ( 'NONE', #1113, #3206, #3737 ) ;
#2879 = CARTESIAN_POINT ( 'NONE',  ( 0.000000000000000000, -37.61792319645748961, -28.05000000000000071 ) ) ;
#2880 = CARTESIAN_POINT ( 'NONE',  ( -13.35000000000002274, -27.11000000000000654, -3.299999999997006217 ) ) ;
#2881 = ORIENTED_EDGE ( 'NONE', *, *, #318, .T. ) ;
#2882 = AXIS2_PLACEMENT_3D ( 'NONE', #3196, #2079, #284 ) ;
#2883 = DIRECTION ( 'NONE',  ( -0.000000000000000000, 1.000000000000000000, -0.000000000000000000 ) ) ;
#2884 = EDGE_CURVE ( 'NONE', #2535, #2388, #2712, .T. ) ;
#2885 = DIRECTION ( 'NONE',  ( 0.000000000000000000, -1.000000000000000000, 0.000000000000000000 ) ) ;
#2886 = LINE ( 'NONE', #2339, #3635 ) ;
#2887 = EDGE_LOOP ( 'NONE', ( #3017, #1173, #725, #3165 ) ) ;
#2888 = CARTESIAN_POINT ( 'NONE',  ( 4.949497572824959946, 6.349999999999999645, 3.525000000000527933 ) ) ;
#2889 = ORIENTED_EDGE ( 'NONE', *, *, #3556, .T. ) ;
#2890 = VECTOR ( 'NONE', #3578, 1000.000000000000000 ) ;
#2891 = AXIS2_PLACEMENT_3D ( 'NONE', #1139, #2885, #2641 ) ;
#2892 = CARTESIAN_POINT ( 'NONE',  ( 31.44999999999999929, -26.95767651737898163, -1.037918005908522456 ) ) ;
#2893 = PLANE ( 'NONE',  #1746 ) ;
#2894 = ORIENTED_EDGE ( 'NONE', *, *, #1027, .T. ) ;
#2895 = ADVANCED_FACE ( 'NONE', ( #389 ), #716, .F. ) ;
#2896 = VERTEX_POINT ( 'NONE', #698 ) ;
#2897 = VECTOR ( 'NONE', #3041, 1000.000000000000000 ) ;
#2898 = VECTOR ( 'NONE', #893, 1000.000000000000000 ) ;
#2899 = EDGE_CURVE ( 'NONE', #585, #288, #3241, .T. ) ;
#2900 = VECTOR ( 'NONE', #3123, 1000.000000000000000 ) ;
#2901 = MECHANICAL_DESIGN_GEOMETRIC_PRESENTATION_REPRESENTATION (  '', ( #3260 ), #2058 ) ;
#2902 = DIRECTION ( 'NONE',  ( -1.000000000000000000, -9.745637505487682231E-17, 0.000000000000000000 ) ) ;
#2903 = VERTEX_POINT ( 'NONE', #1218 ) ;
#2904 = DIRECTION ( 'NONE',  ( 0.000000000000000000, -1.000000000000000000, 0.000000000000000000 ) ) ;
#2905 = AXIS2_PLACEMENT_3D ( 'NONE', #1296, #2416, #1283 ) ;
#2906 = DIRECTION ( 'NONE',  ( 0.000000000000000000, -1.000000000000000000, 0.000000000000000000 ) ) ;
#2907 = DIRECTION ( 'NONE',  ( 1.000000000000000000, 0.000000000000000000, 0.000000000000000000 ) ) ;
#2908 = AXIS2_PLACEMENT_3D ( 'NONE', #562, #54, #329 ) ;
#2909 = EDGE_LOOP ( 'NONE', ( #2993, #1, #366, #3252, #2247, #1694 ) ) ;
#2910 = CARTESIAN_POINT ( 'NONE',  ( 25.55000000000000426, -29.25000000000000000, -6.449999999999987743 ) ) ;
#2911 = CARTESIAN_POINT ( 'NONE',  ( -28.64999999999999503, 6.349999999999999645, 0.000000000000000000 ) ) ;
#2912 = CARTESIAN_POINT ( 'NONE',  ( -20.64999999999999503, -11.18106697290104101, 25.42500000000000071 ) ) ;
#2913 = VERTEX_POINT ( 'NONE', #1856 ) ;
#2914 = EDGE_CURVE ( 'NONE', #2485, #168, #78, .T. ) ;
#2915 = DIRECTION ( 'NONE',  ( 0.000000000000000000, -1.000000000000000000, 0.000000000000000000 ) ) ;
#2916 = LINE ( 'NONE', #2633, #733 ) ;
#2917 = ORIENTED_EDGE ( 'NONE', *, *, #888, .F. ) ;
#2918 = DIRECTION ( 'NONE',  ( 0.000000000000000000, -1.000000000000000000, -1.299418334065024133E-16 ) ) ;
#2919 = CARTESIAN_POINT ( 'NONE',  ( -6.500000000000024869, -6.610000000000006537, -5.100000000000361133 ) ) ;
#2920 = EDGE_CURVE ( 'NONE', #1000, #710, #1624, .T. ) ;
#2921 = DIRECTION ( 'NONE',  ( -0.000000000000000000, 1.000000000000000000, -0.000000000000000000 ) ) ;
#2922 = ORIENTED_EDGE ( 'NONE', *, *, #947, .F. ) ;
#2923 = DIRECTION ( 'NONE',  ( -1.000000000000000000, -0.000000000000000000, -0.000000000000000000 ) ) ;
#2924 = EDGE_CURVE ( 'NONE', #2969, #1776, #2412, .T. ) ;
#2925 = LINE ( 'NONE', #2624, #3195 ) ;
#2926 = DIRECTION ( 'NONE',  ( 0.000000000000000000, 0.000000000000000000, 1.000000000000000000 ) ) ;
#2927 = ORIENTED_EDGE ( 'NONE', *, *, #1827, .F. ) ;
#2928 = DIRECTION ( 'NONE',  ( 1.000000000000000000, 9.745637505487683463E-17, -0.000000000000000000 ) ) ;
#2929 = CARTESIAN_POINT ( 'NONE',  ( -1.110223024625156540E-13, 6.349999999999999645, 1.387778780781445676E-13 ) ) ;
#2930 = CYLINDRICAL_SURFACE ( 'NONE', #3298, 0.5000000000000004441 ) ;
#2931 = EDGE_LOOP ( 'NONE', ( #1640, #479, #2858, #2839 ) ) ;
#2932 = DIRECTION ( 'NONE',  ( 0.000000000000000000, 0.000000000000000000, 1.000000000000000000 ) ) ;
#2933 = EDGE_CURVE ( 'NONE', #2331, #360, #3003, .T. ) ;
#2934 = DIRECTION ( 'NONE',  ( 1.000000000000000000, 0.000000000000000000, 0.000000000000000000 ) ) ;
#2935 = ORIENTED_EDGE ( 'NONE', *, *, #2598, .F. ) ;
#2936 = DIRECTION ( 'NONE',  ( 0.000000000000000000, -1.000000000000000000, 0.000000000000000000 ) ) ;
#2937 = AXIS2_PLACEMENT_3D ( 'NONE', #2783, #1339, #2799 ) ;
#2938 = CARTESIAN_POINT ( 'NONE',  ( -6.500000000000024869, -27.11000000000000654, -4.199999999998461853 ) ) ;
#2939 = CARTESIAN_POINT ( 'NONE',  ( -6.500000000000024869, -6.610000000000006537, -3.299999999996555466 ) ) ;
#2940 = ORIENTED_EDGE ( 'NONE', *, *, #3293, .T. ) ;
#2941 = EDGE_CURVE ( 'NONE', #395, #2227, #3523, .T. ) ;
#2942 = AXIS2_PLACEMENT_3D ( 'NONE', #3169, #2904, #877 ) ;
#2943 = DIRECTION ( 'NONE',  ( 0.000000000000000000, 0.000000000000000000, -1.000000000000000000 ) ) ;
#2944 = AXIS2_PLACEMENT_3D ( 'NONE', #1243, #2117, #3333 ) ;
#2945 = LINE ( 'NONE', #977, #850 ) ;
#2946 = VERTEX_POINT ( 'NONE', #2428 ) ;
#2947 = ORIENTED_EDGE ( 'NONE', *, *, #3306, .T. ) ;
#2948 = CARTESIAN_POINT ( 'NONE',  ( 30.95000000000000639, -27.45767651737898518, 4.835076018827155764 ) ) ;
#2949 = CARTESIAN_POINT ( 'NONE',  ( 27.45000000000000639, -63.61328037885306941, -27.69722337876547869 ) ) ;
#2950 = DIRECTION ( 'NONE',  ( 3.840100063292027821E-17, -0.3940327209102228445, -0.9190964121636459039 ) ) ;
#2951 = ORIENTED_EDGE ( 'NONE', *, *, #818, .F. ) ;
#2952 = FACE_OUTER_BOUND ( 'NONE', #662, .T. ) ;
#2953 = EDGE_CURVE ( 'NONE', #1583, #3525, #1077, .T. ) ;
#2954 = VECTOR ( 'NONE', #1298, 1000.000000000000000 ) ;
#2955 = CARTESIAN_POINT ( 'NONE',  ( -1.110223024625156540E-13, -18.64999999999999858, 1.387778780781445676E-13 ) ) ;
#2956 = ORIENTED_EDGE ( 'NONE', *, *, #2092, .T. ) ;
#2957 = DIRECTION ( 'NONE',  ( 0.000000000000000000, 0.000000000000000000, 1.000000000000000000 ) ) ;
#2958 = AXIS2_PLACEMENT_3D ( 'NONE', #543, #3723, #2338 ) ;
#2959 = DIRECTION ( 'NONE',  ( -1.000000000000000000, -7.779833121590977705E-17, 6.162975822039154730E-33 ) ) ;
#2960 = LINE ( 'NONE', #3565, #2594 ) ;
#2961 = VERTEX_POINT ( 'NONE', #936 ) ;
#2962 = CIRCLE ( 'NONE', #963, 1.002199995687616196 ) ;
#2963 = ADVANCED_FACE ( 'NONE', ( #1800 ), #956, .F. ) ;
#2964 = VECTOR ( 'NONE', #1074, 1000.000000000000000 ) ;
#2965 = AXIS2_PLACEMENT_3D ( 'NONE', #1794, #2959, #2101 ) ;
#2966 = CARTESIAN_POINT ( 'NONE',  ( -4.949497572825296565, -4.500338972710011376, -4.949999999999799449 ) ) ;
#2967 = DIRECTION ( 'NONE',  ( 1.000000000000000000, 0.000000000000000000, 0.000000000000000000 ) ) ;
#2968 = ORIENTED_EDGE ( 'NONE', *, *, #3598, .T. ) ;
#2969 = VERTEX_POINT ( 'NONE', #2735 ) ;
#2970 = VECTOR ( 'NONE', #5, 1000.000000000000000 ) ;
#2971 = AXIS2_PLACEMENT_3D ( 'NONE', #208, #3631, #1099 ) ;
#2972 = EDGE_CURVE ( 'NONE', #2946, #269, #1202, .T. ) ;
#2973 = LINE ( 'NONE', #3007, #2709 ) ;
#2974 = CYLINDRICAL_SURFACE ( 'NONE', #1815, 1.425000000000000044 ) ;
#2975 = ADVANCED_FACE ( 'NONE', ( #683, #1822 ), #2987, .T. ) ;
#2976 = EDGE_LOOP ( 'NONE', ( #387, #1455, #2282, #546 ) ) ;
#2977 = CARTESIAN_POINT ( 'NONE',  ( 4.950000000000001066, -29.25000000000000000, -6.374497572824771474 ) ) ;
#2978 =( NAMED_UNIT ( * ) SI_UNIT ( $, .STERADIAN. ) SOLID_ANGLE_UNIT ( ) );
#2979 = ORIENTED_EDGE ( 'NONE', *, *, #2884, .T. ) ;
#2980 = CARTESIAN_POINT ( 'NONE',  ( 27.44999999999999574, 1.188438069118419611E-14, 12.49999999999998757 ) ) ;
#2981 = CARTESIAN_POINT ( 'NONE',  ( 27.45000000000000284, -29.25000000000000000, -60.32163680906983672 ) ) ;
#2983 = ADVANCED_FACE ( 'NONE', ( #1251 ), #200, .F. ) ;
#2982 = DIRECTION ( 'NONE',  ( -1.000000000000000000, -9.745637505487680998E-17, 0.000000000000000000 ) ) ;
#2984 = ORIENTED_EDGE ( 'NONE', *, *, #1653, .T. ) ;
#2985 = EDGE_CURVE ( 'NONE', #3270, #3233, #2217, .T. ) ;
#2986 = CARTESIAN_POINT ( 'NONE',  ( 27.44999999999999929, -4.500338972710011376, 22.50000000000153122 ) ) ;
#2987 = PLANE ( 'NONE',  #2786 ) ;
#2988 = VERTEX_POINT ( 'NONE', #1606 ) ;
#2989 = ORIENTED_EDGE ( 'NONE', *, *, #1873, .T. ) ;
#2990 = CARTESIAN_POINT ( 'NONE',  ( -9.350000000000024514, -16.85999999999956245, -12.49999999999865885 ) ) ;
#2991 = PLANE ( 'NONE',  #15 ) ;
#2992 = CARTESIAN_POINT ( 'NONE',  ( -6.500000000000024869, -27.11000000000000654, -5.099999999999917044 ) ) ;
#2993 = ORIENTED_EDGE ( 'NONE', *, *, #2200, .T. ) ;
#2994 = FACE_BOUND ( 'NONE', #3560, .T. ) ;
#2995 = DIRECTION ( 'NONE',  ( 0.000000000000000000, -1.000000000000000000, 0.000000000000000000 ) ) ;
#2996 = DIRECTION ( 'NONE',  ( 0.000000000000000000, 1.000000000000000000, -0.000000000000000000 ) ) ;
#2997 = ORIENTED_EDGE ( 'NONE', *, *, #3598, .F. ) ;
#2998 = EDGE_CURVE ( 'NONE', #2188, #2348, #1095, .T. ) ;
#2999 = VECTOR ( 'NONE', #473, 1000.000000000000000 ) ;
#3000 = DIRECTION ( 'NONE',  ( 0.000000000000000000, 0.000000000000000000, 1.000000000000000000 ) ) ;
#3001 = EDGE_CURVE ( 'NONE', #3418, #2679, #503, .T. ) ;
#3002 = EDGE_CURVE ( 'NONE', #772, #1708, #3357, .T. ) ;
#3003 = LINE ( 'NONE', #407, #3381 ) ;
#3004 = ORIENTED_EDGE ( 'NONE', *, *, #1032, .T. ) ;
#3005 = VERTEX_POINT ( 'NONE', #182 ) ;
#3006 = CIRCLE ( 'NONE', #224, 0.9000000000014556356 ) ;
#3007 = CARTESIAN_POINT ( 'NONE',  ( 25.55000000000000071, -4.500338972710011376, -1.949999999999989075 ) ) ;
#3008 = DIRECTION ( 'NONE',  ( 0.000000000000000000, -0.000000000000000000, 1.000000000000000000 ) ) ;
#3009 = CIRCLE ( 'NONE', #2816, 7.099999999999999645 ) ;
#3010 = EDGE_CURVE ( 'NONE', #1372, #2631, #3266, .T. ) ;
#3011 = CARTESIAN_POINT ( 'NONE',  ( -4.949497572825296565, -29.25000000000000000, -3.524999999999799183 ) ) ;
#3012 = ORIENTED_EDGE ( 'NONE', *, *, #1646, .F. ) ;
#3013 = DIRECTION ( 'NONE',  ( -0.000000000000000000, 1.000000000000000000, -0.000000000000000000 ) ) ;
#3014 = EDGE_CURVE ( 'NONE', #3198, #2198, #2229, .T. ) ;
#3015 = DIRECTION ( 'NONE',  ( -1.000000000000000000, -7.779833121590977705E-17, 6.162975822039154730E-33 ) ) ;
#3016 = DIRECTION ( 'NONE',  ( 0.000000000000000000, -1.000000000000000000, 0.000000000000000000 ) ) ;
#3017 = ORIENTED_EDGE ( 'NONE', *, *, #1865, .T. ) ;
#3018 = VECTOR ( 'NONE', #1979, 1000.000000000000000 ) ;
#3019 = EDGE_CURVE ( 'NONE', #1768, #563, #122, .T. ) ;
#3020 = VECTOR ( 'NONE', #1666, 1000.000000000000000 ) ;
#3021 = CARTESIAN_POINT ( 'NONE',  ( -4.949497572825296565, 0.000000000000000000, -4.949999999999799449 ) ) ;
#3022 = DIRECTION ( 'NONE',  ( 0.000000000000000000, 0.000000000000000000, -1.000000000000000000 ) ) ;
#3023 = ORIENTED_EDGE ( 'NONE', *, *, #2524, .T. ) ;
#3024 = CARTESIAN_POINT ( 'NONE',  ( 27.44999999999999929, -4.500338972710011376, -6.449999999999983302 ) ) ;
#3025 = EDGE_LOOP ( 'NONE', ( #1983, #1224 ) ) ;
#3026 = VECTOR ( 'NONE', #625, 1000.000000000000000 ) ;
#3027 = AXIS2_PLACEMENT_3D ( 'NONE', #145, #3040, #1029 ) ;
#3028 = CARTESIAN_POINT ( 'NONE',  ( -4.949497572825296565, 6.349999999999999645, -4.949999999999799449 ) ) ;
#3029 = CIRCLE ( 'NONE', #2293, 3.000000000000000000 ) ;
#3030 = DIRECTION ( 'NONE',  ( 0.000000000000000000, 0.000000000000000000, 1.000000000000000000 ) ) ;
#3031 = VECTOR ( 'NONE', #279, 1000.000000000000000 ) ;
#3032 = CIRCLE ( 'NONE', #3265, 3.000000000000000888 ) ;
#3033 = DIRECTION ( 'NONE',  ( -1.000000000000000000, -0.000000000000000000, -0.000000000000000000 ) ) ;
#3034 = ORIENTED_EDGE ( 'NONE', *, *, #2681, .F. ) ;
#3035 = LINE ( 'NONE', #440, #1721 ) ;
#3036 = CARTESIAN_POINT ( 'NONE',  ( 30.95000000000000284, -6.760289708239329620, 4.335076018827155764 ) ) ;
#3037 = CARTESIAN_POINT ( 'NONE',  ( 27.45000000000000284, -27.45767651737898518, 4.835076018827155764 ) ) ;
#3038 = EDGE_LOOP ( 'NONE', ( #3222, #3628 ) ) ;
#3039 = EDGE_CURVE ( 'NONE', #1893, #803, #1941, .T. ) ;
#3040 = DIRECTION ( 'NONE',  ( 0.000000000000000000, -1.000000000000000000, 0.000000000000000000 ) ) ;
#3041 = DIRECTION ( 'NONE',  ( 1.000000000000000000, 0.000000000000000000, 0.000000000000000000 ) ) ;
#3042 = VERTEX_POINT ( 'NONE', #802 ) ;
#3043 = LINE ( 'NONE', #448, #464 ) ;
#3044 = ORIENTED_EDGE ( 'NONE', *, *, #3120, .T. ) ;
#3045 = ADVANCED_FACE ( 'NONE', ( #3107, #1383 ), #2484, .T. ) ;
#3046 = DIRECTION ( 'NONE',  ( -0.000000000000000000, -1.000000000000000000, -0.000000000000000000 ) ) ;
#3047 = LINE ( 'NONE', #2683, #1996 ) ;
#3048 = EDGE_LOOP ( 'NONE', ( #3311, #233, #1233, #250 ) ) ;
#3049 = LINE ( 'NONE', #2170, #823 ) ;
#3050 = ORIENTED_EDGE ( 'NONE', *, *, #900, .T. ) ;
#3051 = LINE ( 'NONE', #3521, #3479 ) ;
#3052 = EDGE_CURVE ( 'NONE', #958, #350, #1627, .T. ) ;
#3053 = SURFACE_STYLE_USAGE ( .BOTH. , #2459 ) ;
#3054 = CYLINDRICAL_SURFACE ( 'NONE', #1322, 1.350000000000000089 ) ;
#3055 = ORIENTED_EDGE ( 'NONE', *, *, #1391, .T. ) ;
#3056 = CARTESIAN_POINT ( 'NONE',  ( 25.55000000000000071, -5.607800004312387898, -4.199999999998458300 ) ) ;
#3057 = EDGE_LOOP ( 'NONE', ( #1823, #3658 ) ) ;
#3058 = CARTESIAN_POINT ( 'NONE',  ( -20.64999999999999503, -11.18106697290102858, -26.30000000000000426 ) ) ;
#3059 = ORIENTED_EDGE ( 'NONE', *, *, #988, .F. ) ;
#3060 = DIRECTION ( 'NONE',  ( 0.000000000000000000, 0.000000000000000000, 1.000000000000000000 ) ) ;
#3061 = VECTOR ( 'NONE', #1926, 1000.000000000000000 ) ;
#3062 = DIRECTION ( 'NONE',  ( -0.000000000000000000, 0.7071067811865456854, 0.7071067811865494601 ) ) ;
#3063 = AXIS2_PLACEMENT_3D ( 'NONE', #3184, #600, #1740 ) ;
#3064 = DIRECTION ( 'NONE',  ( -0.000000000000000000, 1.000000000000000000, -0.000000000000000000 ) ) ;
#3065 = AXIS2_PLACEMENT_3D ( 'NONE', #3730, #3177, #1125 ) ;
#3066 = ORIENTED_EDGE ( 'NONE', *, *, #481, .F. ) ;
#3067 = CARTESIAN_POINT ( 'NONE',  ( -4.950000000000338574, 0.000000000000000000, 6.374497572825494451 ) ) ;
#3068 = PLANE ( 'NONE',  #656 ) ;
#3069 = DIRECTION ( 'NONE',  ( -1.000000000000000000, 0.000000000000000000, 0.000000000000000000 ) ) ;
#3070 = CARTESIAN_POINT ( 'NONE',  ( -4.950000000000338574, -4.500338972710011376, 1.949497572825494185 ) ) ;
#3071 = ORIENTED_EDGE ( 'NONE', *, *, #621, .F. ) ;
#3072 = LINE ( 'NONE', #1344, #3446 ) ;
#3073 = DIRECTION ( 'NONE',  ( 0.000000000000000000, 0.000000000000000000, -1.000000000000000000 ) ) ;
#3074 = ORIENTED_EDGE ( 'NONE', *, *, #2803, .T. ) ;
#3075 = VECTOR ( 'NONE', #701, 1000.000000000000000 ) ;
#3076 = CARTESIAN_POINT ( 'NONE',  ( -20.64999999999999503, 3.174999999999999822, -14.02500000000000036 ) ) ;
#3077 = EDGE_CURVE ( 'NONE', #2913, #1434, #2422, .T. ) ;
#3078 = DIRECTION ( 'NONE',  ( -0.000000000000000000, 1.000000000000000000, -0.000000000000000000 ) ) ;
#3079 = PLANE ( 'NONE',  #1085 ) ;
#3080 = AXIS2_PLACEMENT_3D ( 'NONE', #3167, #2921, #2272 ) ;
#3081 = AXIS2_PLACEMENT_3D ( 'NONE', #2765, #2801, #2514 ) ;
#3082 = AXIS2_PLACEMENT_3D ( 'NONE', #2829, #1394, #2548 ) ;
#3083 = CARTESIAN_POINT ( 'NONE',  ( -28.64999999999999503, 6.349999999999999645, 25.05000000000001492 ) ) ;
#3084 = EDGE_CURVE ( 'NONE', #3614, #3661, #3687, .T. ) ;
#3085 = ORIENTED_EDGE ( 'NONE', *, *, #1653, .F. ) ;
#3086 = ORIENTED_EDGE ( 'NONE', *, *, #828, .F. ) ;
#3087 = CYLINDRICAL_SURFACE ( 'NONE', #2392, 1.425000000000000044 ) ;
#3088 = AXIS2_PLACEMENT_3D ( 'NONE', #666, #687, #3030 ) ;
#3089 = DIRECTION ( 'NONE',  ( 0.000000000000000000, -1.000000000000000000, 4.811992998548701407E-16 ) ) ;
#3090 = AXIS2_PLACEMENT_3D ( 'NONE', #2409, #146, #2445 ) ;
#3091 = LINE ( 'NONE', #3354, #971 ) ;
#3092 = ORIENTED_EDGE ( 'NONE', *, *, #3278, .T. ) ;
#3093 = LINE ( 'NONE', #3644, #1928 ) ;
#3094 = EDGE_CURVE ( 'NONE', #1968, #1012, #3645, .T. ) ;
#3095 = ORIENTED_EDGE ( 'NONE', *, *, #1777, .F. ) ;
#3096 = FACE_OUTER_BOUND ( 'NONE', #3552, .T. ) ;
#3097 = LINE ( 'NONE', #1050, #3254 ) ;
#3098 = LINE ( 'NONE', #805, #1035 ) ;
#3099 = ORIENTED_EDGE ( 'NONE', *, *, #1547, .F. ) ;
#3100 = DIRECTION ( 'NONE',  ( -1.000000000000000000, 0.000000000000000000, -0.000000000000000000 ) ) ;
#3101 = EDGE_LOOP ( 'NONE', ( #3086, #1824, #3530, #1396 ) ) ;
#3102 = VERTEX_POINT ( 'NONE', #3341 ) ;
#3103 = FACE_BOUND ( 'NONE', #3025, .T. ) ;
#3104 = CARTESIAN_POINT ( 'NONE',  ( 0.000000000000000000, 6.349999999999999645, -25.04999999999998650 ) ) ;
#3105 = ORIENTED_EDGE ( 'NONE', *, *, #283, .F. ) ;
#3106 = DIRECTION ( 'NONE',  ( -1.000000000000000000, 0.000000000000000000, 0.000000000000000000 ) ) ;
#3107 = FACE_BOUND ( 'NONE', #2195, .T. ) ;
#3108 = ORIENTED_EDGE ( 'NONE', *, *, #1971, .F. ) ;
#3109 = DIRECTION ( 'NONE',  ( 0.000000000000000000, 0.000000000000000000, 1.000000000000000000 ) ) ;
#3110 = EDGE_CURVE ( 'NONE', #1096, #614, #1630, .T. ) ;
#3111 = EDGE_CURVE ( 'NONE', #3330, #212, #485, .T. ) ;
#3112 = EDGE_CURVE ( 'NONE', #2348, #2961, #1459, .T. ) ;
#3113 = DIRECTION ( 'NONE',  ( 0.000000000000000000, 1.000000000000000000, -0.000000000000000000 ) ) ;
#3114 = FACE_BOUND ( 'NONE', #796, .T. ) ;
#3115 = ORIENTED_EDGE ( 'NONE', *, *, #2730, .F. ) ;
#3116 = VECTOR ( 'NONE', #155, 1000.000000000000114 ) ;
#3117 = PLANE ( 'NONE',  #664 ) ;
#3118 = ORIENTED_EDGE ( 'NONE', *, *, #2717, .F. ) ;
#3119 = CIRCLE ( 'NONE', #1658, 0.8750000000000007772 ) ;
#3120 = EDGE_CURVE ( 'NONE', #3728, #1227, #3413, .T. ) ;
#3121 = FACE_OUTER_BOUND ( 'NONE', #2244, .T. ) ;
#3122 = VECTOR ( 'NONE', #1909, 1000.000000000000114 ) ;
#3123 = DIRECTION ( 'NONE',  ( 0.000000000000000000, -0.7071067811865493491, 0.7071067811865456854 ) ) ;
#3124 = EDGE_LOOP ( 'NONE', ( #3669, #1289, #1266, #2156, #3676, #1229, #96, #2109, #2435, #3183, #2656, #812, #2368, #827, #2263, #1761, #3397, #3409, #901, #997, #2728, #761, #2021, #3402, #1801, #1515 ) ) ;
#3125 = VERTEX_POINT ( 'NONE', #1972 ) ;
#3126 = EDGE_CURVE ( 'NONE', #1080, #800, #2011, .T. ) ;
#3127 = CARTESIAN_POINT ( 'NONE',  ( 27.44999999999999574, -4.500338972710011376, -24.55000000000000071 ) ) ;
#3128 = CARTESIAN_POINT ( 'NONE',  ( 31.44999999999999929, -39.25000000000000000, 24.55000000000000071 ) ) ;
#3129 = ORIENTED_EDGE ( 'NONE', *, *, #929, .T. ) ;
#3130 = CARTESIAN_POINT ( 'NONE',  ( 31.44999999999999929, -6.610000000000003872, 20.25000000000153477 ) ) ;
#3131 = CARTESIAN_POINT ( 'NONE',  ( 4.950000000000001066, -29.25000000000000000, -4.949497572824772540 ) ) ;
#3132 = CARTESIAN_POINT ( 'NONE',  ( 27.45000000000000284, -26.95767651737898163, 4.835076018827155764 ) ) ;
#3133 = VERTEX_POINT ( 'NONE', #2880 ) ;
#3134 = VECTOR ( 'NONE', #98, 1000.000000000000000 ) ;
#3135 = DIRECTION ( 'NONE',  ( -1.000000000000000000, -0.000000000000000000, -0.000000000000000000 ) ) ;
#3136 = EDGE_CURVE ( 'NONE', #2388, #958, #3150, .T. ) ;
#3137 = CARTESIAN_POINT ( 'NONE',  ( 30.95000000000000995, -27.11000000000000654, 20.25000000000153477 ) ) ;
#3138 = AXIS2_PLACEMENT_3D ( 'NONE', #3131, #1275, #3000 ) ;
#3139 = ORIENTED_EDGE ( 'NONE', *, *, #2568, .T. ) ;
#3140 = ORIENTED_EDGE ( 'NONE', *, *, #1967, .T. ) ;
#3141 = CIRCLE ( 'NONE', #1444, 0.5000000000000004441 ) ;
#3142 = AXIS2_PLACEMENT_3D ( 'NONE', #1382, #1419, #2575 ) ;
#3143 = CARTESIAN_POINT ( 'NONE',  ( 30.95000000000000284, -6.760289708239330508, -1.037918005908522900 ) ) ;
#3144 = LINE ( 'NONE', #2838, #126 ) ;
#3145 = ORIENTED_EDGE ( 'NONE', *, *, #2843, .F. ) ;
#3146 = VECTOR ( 'NONE', #740, 1000.000000000000000 ) ;
#3147 = ORIENTED_EDGE ( 'NONE', *, *, #1335, .F. ) ;
#3148 = CIRCLE ( 'NONE', #1937, 0.5000000000000004441 ) ;
#3149 = CARTESIAN_POINT ( 'NONE',  ( 4.949497572824959946, 0.000000000000000000, 4.950000000000527756 ) ) ;
#3150 = LINE ( 'NONE', #3182, #1440 ) ;
#3151 = ORIENTED_EDGE ( 'NONE', *, *, #722, .F. ) ;
#3152 = CARTESIAN_POINT ( 'NONE',  ( -13.35000000000002274, -16.85999999999956245, -5.399999999998658318 ) ) ;
#3153 = DIRECTION ( 'NONE',  ( -7.779833121590977705E-17, 1.000000000000000000, 0.000000000000000000 ) ) ;
#3154 = LINE ( 'NONE', #3171, #3696 ) ;
#3155 = ADVANCED_FACE ( 'NONE', ( #2620 ), #1111, .F. ) ;
#3156 = LINE ( 'NONE', #1709, #3738 ) ;
#3157 = DIRECTION ( 'NONE',  ( 0.000000000000000000, -1.000000000000000000, 0.000000000000000000 ) ) ;
#3158 = EDGE_LOOP ( 'NONE', ( #3572, #978 ) ) ;
#3159 = EDGE_LOOP ( 'NONE', ( #1839, #1814, #2984, #1330 ) ) ;
#3160 = EDGE_CURVE ( 'NONE', #3330, #2465, #1192, .T. ) ;
#3161 = LINE ( 'NONE', #2367, #711 ) ;
#3162 = EDGE_CURVE ( 'NONE', #2823, #2432, #2834, .T. ) ;
#3163 = CARTESIAN_POINT ( 'NONE',  ( 4.949497572824959946, 0.000000000000000000, 4.950000000000527756 ) ) ;
#3164 = ORIENTED_EDGE ( 'NONE', *, *, #797, .T. ) ;
#3165 = ORIENTED_EDGE ( 'NONE', *, *, #1179, .F. ) ;
#3166 = CARTESIAN_POINT ( 'NONE',  ( 0.000000000000000000, -24.11213394580208913, -24.54999999999997939 ) ) ;
#3167 = CARTESIAN_POINT ( 'NONE',  ( -4.949497572825296565, -4.500338972710011376, -4.949999999999799449 ) ) ;
#3168 = VERTEX_POINT ( 'NONE', #1155 ) ;
#3169 = CARTESIAN_POINT ( 'NONE',  ( -4.950000000000338574, -4.500338972710011376, 4.949497572825494629 ) ) ;
#3170 = PLANE ( 'NONE',  #2 ) ;
#3171 = CARTESIAN_POINT ( 'NONE',  ( 27.44999999999999929, -6.260289708239329620, 4.835076018827155764 ) ) ;
#3172 = ORIENTED_EDGE ( 'NONE', *, *, #3370, .F. ) ;
#3173 = CARTESIAN_POINT ( 'NONE',  ( -4.950000000000338574, -4.500338972710011376, 4.949497572825494629 ) ) ;
#3174 = CARTESIAN_POINT ( 'NONE',  ( -4.949497572825296565, 0.000000000000000000, -7.949999999999799449 ) ) ;
#3175 = ORIENTED_EDGE ( 'NONE', *, *, #639, .F. ) ;
#3176 = EDGE_CURVE ( 'NONE', #269, #3133, #2047, .T. ) ;
#3177 = DIRECTION ( 'NONE',  ( 0.000000000000000000, -1.000000000000000000, 0.000000000000000000 ) ) ;
#3178 = LINE ( 'NONE', #532, #2659 ) ;
#3179 = EDGE_LOOP ( 'NONE', ( #3284, #2039, #3140, #552 ) ) ;
#3180 = ORIENTED_EDGE ( 'NONE', *, *, #1982, .F. ) ;
#3181 = DIRECTION ( 'NONE',  ( -0.000000000000000000, -0.7071067811865436870, -0.7071067811865513475 ) ) ;
#3182 = CARTESIAN_POINT ( 'NONE',  ( -9.350000000000024514, -78.47458735225720261, -24.55000000000000071 ) ) ;
#3183 = ORIENTED_EDGE ( 'NONE', *, *, #1328, .T. ) ;
#3184 = CARTESIAN_POINT ( 'NONE',  ( -32.77581323893203802, -51.62604593830443633, 1.040834085586084257E-14 ) ) ;
#3185 = LINE ( 'NONE', #1744, #542 ) ;
#3186 = FACE_OUTER_BOUND ( 'NONE', #138, .T. ) ;
#3187 = EDGE_CURVE ( 'NONE', #3005, #2248, #975, .T. ) ;
#3188 = ORIENTED_EDGE ( 'NONE', *, *, #3667, .F. ) ;
#3189 = DIRECTION ( 'NONE',  ( -1.444956082831584140E-33, 1.482669637587015198E-17, 1.000000000000000000 ) ) ;
#3190 = CARTESIAN_POINT ( 'NONE',  ( 31.44999999999999929, 6.349999999999999645, 25.05000000000001492 ) ) ;
#3191 = DIRECTION ( 'NONE',  ( 0.000000000000000000, 1.000000000000000000, 0.000000000000000000 ) ) ;
#3192 = ORIENTED_EDGE ( 'NONE', *, *, #642, .T. ) ;
#3193 = VECTOR ( 'NONE', #3348, 1000.000000000000000 ) ;
#3194 = EDGE_CURVE ( 'NONE', #2988, #2713, #793, .T. ) ;
#3195 = VECTOR ( 'NONE', #1442, 1000.000000000000114 ) ;
#3196 = CARTESIAN_POINT ( 'NONE',  ( -13.35000000000002274, -27.11000000000000654, -4.199999999998461853 ) ) ;
#3197 = LINE ( 'NONE', #325, #3629 ) ;
#3198 = VERTEX_POINT ( 'NONE', #2316 ) ;
#3199 = PLANE ( 'NONE',  #2636 ) ;
#3200 = AXIS2_PLACEMENT_3D ( 'NONE', #1030, #446, #2500 ) ;
#3201 = EDGE_CURVE ( 'NONE', #1782, #3694, #3505, .T. ) ;
#3202 = CIRCLE ( 'NONE', #185, 1.425000000000000044 ) ;
#3203 = AXIS2_PLACEMENT_3D ( 'NONE', #2363, #3476, #925 ) ;
#3204 = FACE_OUTER_BOUND ( 'NONE', #742, .T. ) ;
#3205 = VERTEX_POINT ( 'NONE', #2638 ) ;
#3206 = DIRECTION ( 'NONE',  ( 0.000000000000000000, -0.9190964121636459039, 0.3940327209102228445 ) ) ;
#3207 = VECTOR ( 'NONE', #2056, 1000.000000000000000 ) ;
#3208 = CYLINDRICAL_SURFACE ( 'NONE', #3138, 1.424999999999999600 ) ;
#3209 = DIRECTION ( 'NONE',  ( -1.000000000000000000, 0.000000000000000000, 0.000000000000000000 ) ) ;
#3210 = ORIENTED_EDGE ( 'NONE', *, *, #90, .T. ) ;
#3211 = DIRECTION ( 'NONE',  ( 0.000000000000000000, -1.000000000000000000, 0.000000000000000000 ) ) ;
#3212 = CARTESIAN_POINT ( 'NONE',  ( -9.350000000000024514, -24.11213394580208913, -24.55000000000000071 ) ) ;
#3213 = FACE_OUTER_BOUND ( 'NONE', #439, .T. ) ;
#3214 = EDGE_LOOP ( 'NONE', ( #1711, #3653 ) ) ;
#3215 = FACE_OUTER_BOUND ( 'NONE', #3214, .T. ) ;
#3216 = EDGE_CURVE ( 'NONE', #930, #504, #298, .T. ) ;
#3217 = FACE_OUTER_BOUND ( 'NONE', #1450, .T. ) ;
#3218 = EDGE_LOOP ( 'NONE', ( #1460, #577 ) ) ;
#3219 = DIRECTION ( 'NONE',  ( 1.000000000000000000, 9.745637505487680998E-17, -0.000000000000000000 ) ) ;
#3220 = CARTESIAN_POINT ( 'NONE',  ( 30.95100000000001472, -16.85999999999956245, -12.49999999999865885 ) ) ;
#3221 = CARTESIAN_POINT ( 'NONE',  ( -20.64999999999999503, -11.18106697290104101, 27.17500000000000071 ) ) ;
#3222 = ORIENTED_EDGE ( 'NONE', *, *, #621, .T. ) ;
#3223 = PLANE ( 'NONE',  #177 ) ;
#3224 = CARTESIAN_POINT ( 'NONE',  ( 27.44999999999999929, -9.500338972710009600, 24.55000000000000071 ) ) ;
#3225 = ORIENTED_EDGE ( 'NONE', *, *, #1585, .F. ) ;
#3226 = ORIENTED_EDGE ( 'NONE', *, *, #2284, .T. ) ;
#3227 = PLANE ( 'NONE',  #775 ) ;
#3228 = DIRECTION ( 'NONE',  ( 0.000000000000000000, 0.000000000000000000, -1.000000000000000000 ) ) ;
#3229 = DIRECTION ( 'NONE',  ( -1.000000000000000000, -7.779833121590977705E-17, 6.162975822039154730E-33 ) ) ;
#3230 = ORIENTED_EDGE ( 'NONE', *, *, #2723, .T. ) ;
#3231 = PLANE ( 'NONE',  #3065 ) ;
#3232 = ADVANCED_FACE ( 'NONE', ( #1703 ), #2861, .F. ) ;
#3233 = VERTEX_POINT ( 'NONE', #1834 ) ;
#3234 = CARTESIAN_POINT ( 'NONE',  ( -6.500000000000024869, -6.610000000000006537, -4.199999999998458300 ) ) ;
#3235 = DIRECTION ( 'NONE',  ( 0.000000000000000000, 0.000000000000000000, -1.000000000000000000 ) ) ;
#3236 = DIRECTION ( 'NONE',  ( -1.000000000000000000, -9.745637505487683463E-17, 0.000000000000000000 ) ) ;
#3237 = ORIENTED_EDGE ( 'NONE', *, *, #1967, .F. ) ;
#3238 = AXIS2_PLACEMENT_3D ( 'NONE', #3130, #541, #1684 ) ;
#3239 = EDGE_CURVE ( 'NONE', #2798, #3205, #1262, .T. ) ;
#3240 = CYLINDRICAL_SURFACE ( 'NONE', #2285, 3.000000000000000444 ) ;
#3241 = LINE ( 'NONE', #352, #1689 ) ;
#3242 = ORIENTED_EDGE ( 'NONE', *, *, #590, .T. ) ;
#3243 = ADVANCED_BREP_SHAPE_REPRESENTATION ( 'Hip-pulley-housing-left', ( #2329, #789 ), #3695 ) ;
#3244 = VERTEX_POINT ( 'NONE', #3280 ) ;
#3245 = DIRECTION ( 'NONE',  ( 0.000000000000000000, 0.000000000000000000, 1.000000000000000000 ) ) ;
#3246 = LINE ( 'NONE', #394, #1390 ) ;
#3247 = ORIENTED_EDGE ( 'NONE', *, *, #1371, .F. ) ;
#3248 = EDGE_CURVE ( 'NONE', #1041, #3614, #3529, .T. ) ;
#3249 = CARTESIAN_POINT ( 'NONE',  ( -1.106549084227714486E-13, 0.000000000000000000, 3.000000000000139444 ) ) ;
#3250 = AXIS2_PLACEMENT_3D ( 'NONE', #3438, #3495, #1201 ) ;
#3251 = SHAPE_DEFINITION_REPRESENTATION ( #2539, #3243 ) ;
#3252 = ORIENTED_EDGE ( 'NONE', *, *, #3526, .F. ) ;
#3253 = DIRECTION ( 'NONE',  ( 0.000000000000000000, 1.000000000000000000, 0.000000000000000000 ) ) ;
#3254 = VECTOR ( 'NONE', #3078, 1000.000000000000000 ) ;
#3255 = DIRECTION ( 'NONE',  ( 1.000000000000000000, 9.745637505487680998E-17, -0.000000000000000000 ) ) ;
#3256 = DIRECTION ( 'NONE',  ( 0.000000000000000000, -1.000000000000000000, 0.000000000000000000 ) ) ;
#3257 = ORIENTED_EDGE ( 'NONE', *, *, #3293, .F. ) ;
#3258 = VECTOR ( 'NONE', #3467, 1000.000000000000000 ) ;
#3259 = AXIS2_PLACEMENT_3D ( 'NONE', #2675, #2102, #92 ) ;
#3260 = STYLED_ITEM ( 'NONE', ( #3619 ), #2329 ) ;
#3261 = CYLINDRICAL_SURFACE ( 'NONE', #2105, 1.425000000000000044 ) ;
#3262 = DIRECTION ( 'NONE',  ( 0.000000000000000000, 0.000000000000000000, -1.000000000000000000 ) ) ;
#3263 = ORIENTED_EDGE ( 'NONE', *, *, #867, .F. ) ;
#3264 = ORIENTED_EDGE ( 'NONE', *, *, #3094, .T. ) ;
#3265 = AXIS2_PLACEMENT_3D ( 'NONE', #999, #721, #3346 ) ;
#3266 = CIRCLE ( 'NONE', #2110, 7.099999999999999645 ) ;
#3267 = FACE_OUTER_BOUND ( 'NONE', #330, .T. ) ;
#3268 = FACE_OUTER_BOUND ( 'NONE', #144, .T. ) ;
#3269 = EDGE_CURVE ( 'NONE', #3244, #3042, #482, .T. ) ;
#3270 = VERTEX_POINT ( 'NONE', #2939 ) ;
#3271 = FACE_OUTER_BOUND ( 'NONE', #2091, .T. ) ;
#3272 = ADVANCED_FACE ( 'NONE', ( #2372 ), #386, .F. ) ;
#3273 = EDGE_CURVE ( 'NONE', #1657, #209, #1775, .T. ) ;
#3274 = DIRECTION ( 'NONE',  ( 0.000000000000000000, 0.000000000000000000, 1.000000000000000000 ) ) ;
#3275 = ORIENTED_EDGE ( 'NONE', *, *, #441, .T. ) ;
#3276 = DIRECTION ( 'NONE',  ( -1.000000000000000000, -7.779833121590977705E-17, 6.162975822039154730E-33 ) ) ;
#3277 = EDGE_CURVE ( 'NONE', #3703, #772, #2960, .T. ) ;
#3278 = EDGE_CURVE ( 'NONE', #1715, #154, #2707, .T. ) ;
#3279 = LINE ( 'NONE', #2981, #1991 ) ;
#3280 = CARTESIAN_POINT ( 'NONE',  ( -20.64999999999999503, 3.174999999999999822, 14.90000000000000213 ) ) ;
#3281 = ORIENTED_EDGE ( 'NONE', *, *, #60, .T. ) ;
#3282 = FACE_OUTER_BOUND ( 'NONE', #1279, .T. ) ;
#3283 = DIRECTION ( 'NONE',  ( 0.000000000000000000, 0.000000000000000000, 1.000000000000000000 ) ) ;
#3284 = ORIENTED_EDGE ( 'NONE', *, *, #2208, .T. ) ;
#3285 = ORIENTED_EDGE ( 'NONE', *, *, #332, .F. ) ;
#3286 = CARTESIAN_POINT ( 'NONE',  ( 27.45000000000000284, -29.25000000000000000, -60.32163680906983672 ) ) ;
#3287 = DIRECTION ( 'NONE',  ( 0.000000000000000000, -1.000000000000000000, 0.000000000000000000 ) ) ;
#3288 = VERTEX_POINT ( 'NONE', #2691 ) ;
#3289 = ADVANCED_FACE ( 'NONE', ( #2352 ), #2070, .F. ) ;
#3290 = DIRECTION ( 'NONE',  ( -1.000000000000000000, -9.745637505487680998E-17, -0.000000000000000000 ) ) ;
#3291 = DIRECTION ( 'NONE',  ( -0.000000000000000000, 0.7071067811865493491, -0.7071067811865456854 ) ) ;
#3292 = ORIENTED_EDGE ( 'NONE', *, *, #1280, .T. ) ;
#3293 = EDGE_CURVE ( 'NONE', #2391, #2669, #933, .T. ) ;
#3294 = CARTESIAN_POINT ( 'NONE',  ( 25.55000000000000071, 1.950397079272457286E-15, 18.00000000000153477 ) ) ;
#3295 = DIRECTION ( 'NONE',  ( 0.000000000000000000, -0.000000000000000000, -1.000000000000000000 ) ) ;
#3296 = DIRECTION ( 'NONE',  ( -0.000000000000000000, 1.000000000000000000, -0.000000000000000000 ) ) ;
#3297 = ORIENTED_EDGE ( 'NONE', *, *, #1899, .F. ) ;
#3298 = AXIS2_PLACEMENT_3D ( 'NONE', #2038, #339, #3191 ) ;
#3299 = DIRECTION ( 'NONE',  ( 1.000000000000000000, 0.000000000000000000, 0.000000000000000000 ) ) ;
#3300 = DIRECTION ( 'NONE',  ( -0.000000000000000000, 1.000000000000000000, -0.000000000000000000 ) ) ;
#3301 = ORIENTED_EDGE ( 'NONE', *, *, #2580, .T. ) ;
#3302 = AXIS2_PLACEMENT_3D ( 'NONE', #3433, #273, #1421 ) ;
#3303 = CARTESIAN_POINT ( 'NONE',  ( 31.44999999999999929, -5.610253315091708437, 20.25000000000153477 ) ) ;
#3304 = ORIENTED_EDGE ( 'NONE', *, *, #722, .T. ) ;
#3305 = AXIS2_PLACEMENT_3D ( 'NONE', #2418, #1868, #86 ) ;
#3306 = EDGE_CURVE ( 'NONE', #1384, #2432, #952, .T. ) ;
#3307 = FACE_BOUND ( 'NONE', #97, .T. ) ;
#3308 = CARTESIAN_POINT ( 'NONE',  ( 31.44999999999999929, -37.61792319645748961, 28.05000000000000071 ) ) ;
#3309 = ORIENTED_EDGE ( 'NONE', *, *, #741, .F. ) ;
#3310 = DIRECTION ( 'NONE',  ( 0.000000000000000000, -1.000000000000000000, 0.000000000000000000 ) ) ;
#3311 = ORIENTED_EDGE ( 'NONE', *, *, #1873, .F. ) ;
#3312 = FACE_OUTER_BOUND ( 'NONE', #2481, .T. ) ;
#3313 = EDGE_CURVE ( 'NONE', #731, #154, #1247, .T. ) ;
#3314 = FACE_OUTER_BOUND ( 'NONE', #2034, .T. ) ;
#3315 = DIRECTION ( 'NONE',  ( 1.000000000000000000, 9.745637505487680998E-17, -0.000000000000000000 ) ) ;
#3316 = EDGE_LOOP ( 'NONE', ( #3573, #2587 ) ) ;
#3317 = ADVANCED_FACE ( 'NONE', ( #370 ), #1819, .F. ) ;
#3318 = AXIS2_PLACEMENT_3D ( 'NONE', #1481, #2612, #609 ) ;
#3319 = CIRCLE ( 'NONE', #2891, 1.424999999999999156 ) ;
#3320 = CARTESIAN_POINT ( 'NONE',  ( 27.45000000000000284, -26.95767651737898163, -1.037918005908522456 ) ) ;
#3321 = CARTESIAN_POINT ( 'NONE',  ( -13.35000000000002274, -24.11213394580208913, -24.55000000000000071 ) ) ;
#3322 = EDGE_LOOP ( 'NONE', ( #908, #1765, #1939 ) ) ;
#3323 = DIRECTION ( 'NONE',  ( -1.000000000000000000, -9.745637505487680998E-17, 0.000000000000000000 ) ) ;
#3324 = VERTEX_POINT ( 'NONE', #2425 ) ;
#3325 = CIRCLE ( 'NONE', #1931, 1.424999999999999600 ) ;
#3326 = CARTESIAN_POINT ( 'NONE',  ( 4.949497572824959946, -4.500338972710011376, 1.950000000000526423 ) ) ;
#3327 = VECTOR ( 'NONE', #1603, 1000.000000000000000 ) ;
#3328 = CARTESIAN_POINT ( 'NONE',  ( -4.950000000000338574, 0.000000000000000000, 4.949497572825494629 ) ) ;
#3329 = CIRCLE ( 'NONE', #616, 3.000000000000000000 ) ;
#3330 = VERTEX_POINT ( 'NONE', #2655 ) ;
#3331 = EDGE_CURVE ( 'NONE', #2344, #118, #3029, .T. ) ;
#3332 = AXIS2_PLACEMENT_3D ( 'NONE', #3515, #3209, #2926 ) ;
#3333 = DIRECTION ( 'NONE',  ( 1.000000000000000000, 0.000000000000000000, 0.000000000000000000 ) ) ;
#3334 = ORIENTED_EDGE ( 'NONE', *, *, #1249, .F. ) ;
#3335 = PLANE ( 'NONE',  #399 ) ;
#3336 = EDGE_CURVE ( 'NONE', #1497, #2733, #1141, .T. ) ;
#3337 = LINE ( 'NONE', #2911, #3031 ) ;
#3338 = CARTESIAN_POINT ( 'NONE',  ( 31.44999999999999929, -27.11000000000000654, -4.199999999998461853 ) ) ;
#3339 = ORIENTED_EDGE ( 'NONE', *, *, #3094, .F. ) ;
#3340 = CARTESIAN_POINT ( 'NONE',  ( -20.64999999999999503, 3.174999999999999822, 13.15000000000000036 ) ) ;
#3341 = CARTESIAN_POINT ( 'NONE',  ( -20.64999999999999503, 3.174999999999999822, -14.90000000000000213 ) ) ;
#3342 = ORIENTED_EDGE ( 'NONE', *, *, #2730, .T. ) ;
#3343 = DIRECTION ( 'NONE',  ( 1.000000000000000000, -0.000000000000000000, -0.000000000000000000 ) ) ;
#3344 = ORIENTED_EDGE ( 'NONE', *, *, #2140, .T. ) ;
#3345 = CARTESIAN_POINT ( 'NONE',  ( -6.500000000000024869, -6.610000000000006537, 15.59999999999963372 ) ) ;
#3346 = DIRECTION ( 'NONE',  ( 0.000000000000000000, 0.000000000000000000, -1.000000000000000000 ) ) ;
#3347 = EDGE_CURVE ( 'NONE', #55, #773, #422, .T. ) ;
#3348 = DIRECTION ( 'NONE',  ( 0.000000000000000000, -1.299418334065024380E-16, 1.000000000000000000 ) ) ;
#3349 = VERTEX_POINT ( 'NONE', #1570 ) ;
#3350 = DIRECTION ( 'NONE',  ( 1.000000000000000000, 0.000000000000000000, 0.000000000000000000 ) ) ;
#3351 = CARTESIAN_POINT ( 'NONE',  ( 31.44999999999999929, -44.41604593830443548, 12.50000000000000711 ) ) ;
#3352 = ADVANCED_FACE ( 'NONE', ( #75 ), #1214, .F. ) ;
#3353 = CARTESIAN_POINT ( 'NONE',  ( 31.44999999999999929, -39.25000000000000000, -28.05000000000000071 ) ) ;
#3354 = CARTESIAN_POINT ( 'NONE',  ( 25.55000000000000071, -4.500338972710011376, 22.50000000000153122 ) ) ;
#3355 = ORIENTED_EDGE ( 'NONE', *, *, #2568, .F. ) ;
#3356 = DIRECTION ( 'NONE',  ( -1.000000000000000000, 0.000000000000000000, 0.000000000000000000 ) ) ;
#3357 = LINE ( 'NONE', #1642, #3576 ) ;
#3358 = EDGE_LOOP ( 'NONE', ( #1537, #2876, #93, #2672 ) ) ;
#3359 = CARTESIAN_POINT ( 'NONE',  ( -13.35000000000002274, -27.11000000000000654, -4.199999999998461853 ) ) ;
#3360 = EDGE_CURVE ( 'NONE', #1075, #2411, #1232, .T. ) ;
#3361 = CARTESIAN_POINT ( 'NONE',  ( 31.44999999999999929, -6.610000000000003872, -4.199999999998458300 ) ) ;
#3362 = AXIS2_PLACEMENT_3D ( 'NONE', #1849, #3013, #1870 ) ;
#3363 = PLANE ( 'NONE',  #307 ) ;
#3364 = EDGE_LOOP ( 'NONE', ( #654, #881 ) ) ;
#3365 = CARTESIAN_POINT ( 'NONE',  ( -13.35000000000002274, -6.610000000000006537, 15.59999999999963372 ) ) ;
#3366 = VERTEX_POINT ( 'NONE', #3641 ) ;
#3367 = AXIS2_PLACEMENT_3D ( 'NONE', #652, #1769, #67 ) ;
#3368 = ORIENTED_EDGE ( 'NONE', *, *, #3713, .T. ) ;
#3369 = CYLINDRICAL_SURFACE ( 'NONE', #2937, 0.8750000000000007772 ) ;
#3370 = EDGE_CURVE ( 'NONE', #2411, #3330, #799, .T. ) ;
#3371 = CARTESIAN_POINT ( 'NONE',  ( -9.350000000000024514, -9.500338972710009600, 22.86009492289630174 ) ) ;
#3372 = LINE ( 'NONE', #1341, #3327 ) ;
#3373 = ORIENTED_EDGE ( 'NONE', *, *, #2795, .T. ) ;
#3374 = LINE ( 'NONE', #1625, #1620 ) ;
#3375 = DIRECTION ( 'NONE',  ( 0.000000000000000000, -1.000000000000000000, 0.000000000000000000 ) ) ;
#3376 = EDGE_LOOP ( 'NONE', ( #736, #1888, #1588, #3493 ) ) ;
#3377 = AXIS2_PLACEMENT_3D ( 'NONE', #980, #1557, #3245 ) ;
#3378 = CARTESIAN_POINT ( 'NONE',  ( 0.000000000000000000, 0.000000000000000000, -24.55000000000000071 ) ) ;
#3379 = DIRECTION ( 'NONE',  ( 1.000000000000000000, 0.000000000000000000, 0.000000000000000000 ) ) ;
#3380 = DIRECTION ( 'NONE',  ( -0.000000000000000000, 1.299418334065024380E-16, -1.000000000000000000 ) ) ;
#3381 = VECTOR ( 'NONE', #3550, 1000.000000000000000 ) ;
#3382 = VECTOR ( 'NONE', #2424, 1000.000000000000000 ) ;
#3383 = VECTOR ( 'NONE', #1151, 1000.000000000000000 ) ;
#3384 = AXIS2_PLACEMENT_3D ( 'NONE', #1710, #1146, #3520 ) ;
#3385 = FACE_OUTER_BOUND ( 'NONE', #1237, .T. ) ;
#3386 = ORIENTED_EDGE ( 'NONE', *, *, #392, .T. ) ;
#3387 = ORIENTED_EDGE ( 'NONE', *, *, #3248, .T. ) ;
#3388 = AXIS2_PLACEMENT_3D ( 'NONE', #1084, #2243, #2202 ) ;
#3389 = PLANE ( 'NONE',  #52 ) ;
#3390 = EDGE_CURVE ( 'NONE', #1227, #3642, #3202, .T. ) ;
#3391 = DIRECTION ( 'NONE',  ( -0.000000000000000000, 1.000000000000000000, -0.000000000000000000 ) ) ;
#3392 = ORIENTED_EDGE ( 'NONE', *, *, #1865, .F. ) ;
#3393 = EDGE_CURVE ( 'NONE', #699, #731, #3372, .T. ) ;
#3394 = EDGE_CURVE ( 'NONE', #3102, #563, #2178, .T. ) ;
#3395 = CARTESIAN_POINT ( 'NONE',  ( 0.000000000000000000, 0.000000000000000000, 24.55000000000000071 ) ) ;
#3396 = DIRECTION ( 'NONE',  ( -1.000000000000000000, -7.779833121590977705E-17, 6.162975822039154730E-33 ) ) ;
#3397 = ORIENTED_EDGE ( 'NONE', *, *, #1379, .F. ) ;
#3398 = LINE ( 'NONE', #1064, #2212 ) ;
#3399 = DIRECTION ( 'NONE',  ( -0.000000000000000000, 0.7071067811865491270, -0.7071067811865459074 ) ) ;
#3400 = ADVANCED_FACE ( 'NONE', ( #443 ), #1892, .F. ) ;
#3401 = CARTESIAN_POINT ( 'NONE',  ( 27.44999999999999574, -37.61792319645748961, -28.05000000000000071 ) ) ;
#3402 = ORIENTED_EDGE ( 'NONE', *, *, #1401, .F. ) ;
#3403 = FACE_BOUND ( 'NONE', #630, .T. ) ;
#3404 = ORIENTED_EDGE ( 'NONE', *, *, #3615, .T. ) ;
#3405 = ORIENTED_EDGE ( 'NONE', *, *, #2337, .F. ) ;
#3406 = EDGE_CURVE ( 'NONE', #1384, #471, #1679, .T. ) ;
#3407 = DIRECTION ( 'NONE',  ( 0.000000000000000000, -1.000000000000000000, 0.000000000000000000 ) ) ;
#3408 = FACE_OUTER_BOUND ( 'NONE', #948, .T. ) ;
#3409 = ORIENTED_EDGE ( 'NONE', *, *, #1228, .F. ) ;
#3410 = VERTEX_POINT ( 'NONE', #2496 ) ;
#3411 = UNCERTAINTY_MEASURE_WITH_UNIT (LENGTH_MEASURE( 1.000000000000000082E-05 ), #2076, 'distance_accuracy_value', 'NONE');
#3412 = CARTESIAN_POINT ( 'NONE',  ( -28.64999999999999503, -20.61213394580206781, 28.05000000000000071 ) ) ;
#3413 = LINE ( 'NONE', #2599, #492 ) ;
#3414 = EDGE_LOOP ( 'NONE', ( #3115, #70, #3373, #2461 ) ) ;
#3415 = DIRECTION ( 'NONE',  ( 0.000000000000000000, 0.000000000000000000, 1.000000000000000000 ) ) ;
#3416 = CARTESIAN_POINT ( 'NONE',  ( -20.64999999999999503, 3.174999999999999822, 14.02500000000000036 ) ) ;
#3417 = CARTESIAN_POINT ( 'NONE',  ( -6.500000000000024869, -8.720338972710006686, -7.199999999998459188 ) ) ;
#3418 = VERTEX_POINT ( 'NONE', #1587 ) ;
#3419 = VECTOR ( 'NONE', #3253, 1000.000000000000000 ) ;
#3420 = FACE_OUTER_BOUND ( 'NONE', #3414, .T. ) ;
#3421 = CYLINDRICAL_SURFACE ( 'NONE', #1387, 1.002293481871904923 ) ;
#3422 = ORIENTED_EDGE ( 'NONE', *, *, #3112, .T. ) ;
#3423 = ORIENTED_EDGE ( 'NONE', *, *, #2941, .T. ) ;
#3424 = CARTESIAN_POINT ( 'NONE',  ( 27.44999999999999929, -9.500338972710009600, 22.86009492289630174 ) ) ;
#3425 = CIRCLE ( 'NONE', #3305, 3.000000000000001332 ) ;
#3426 = DIRECTION ( 'NONE',  ( 0.000000000000000000, 0.000000000000000000, -1.000000000000000000 ) ) ;
#3427 = EDGE_LOOP ( 'NONE', ( #2968, #3654, #3055, #1695, #1555, #2577, #974 ) ) ;
#3428 = ORIENTED_EDGE ( 'NONE', *, *, #3430, .F. ) ;
#3429 = DIRECTION ( 'NONE',  ( 0.000000000000000000, 0.000000000000000000, 1.000000000000000000 ) ) ;
#3430 = EDGE_CURVE ( 'NONE', #699, #8, #746, .T. ) ;
#3431 = DIRECTION ( 'NONE',  ( -1.000000000000000000, 0.000000000000000000, 0.000000000000000000 ) ) ;
#3432 = ORIENTED_EDGE ( 'NONE', *, *, #3526, .T. ) ;
#3433 = CARTESIAN_POINT ( 'NONE',  ( -6.500000000000024869, -4.500338972710011376, 19.50000000000153833 ) ) ;
#3434 = CIRCLE ( 'NONE', #959, 1.424999999999999600 ) ;
#3435 = CARTESIAN_POINT ( 'NONE',  ( -6.500000000000024869, 0.000000000000000000, 0.000000000000000000 ) ) ;
#3436 = CARTESIAN_POINT ( 'NONE',  ( 28.44999999999999929, -12.85999999999964949, -12.49999999999928946 ) ) ;
#3437 = VECTOR ( 'NONE', #79, 1000.000000000000000 ) ;
#3438 = CARTESIAN_POINT ( 'NONE',  ( 25.55000000000000071, 1.950397079272457286E-15, 22.50000000000153122 ) ) ;
#3439 = AXIS2_PLACEMENT_3D ( 'NONE', #2124, #2982, #3256 ) ;
#3440 = DIRECTION ( 'NONE',  ( -4.118684382124151538E-17, 0.4226182617406975539, 0.9063077870366509359 ) ) ;
#3441 = VECTOR ( 'NONE', #2180, 1000.000000000000000 ) ;
#3442 = VERTEX_POINT ( 'NONE', #1952 ) ;
#3443 = ADVANCED_FACE ( 'NONE', ( #760 ), #3054, .F. ) ;
#3444 = ORIENTED_EDGE ( 'NONE', *, *, #2204, .T. ) ;
#3445 = AXIS2_PLACEMENT_3D ( 'NONE', #1791, #1508, #3274 ) ;
#3446 = VECTOR ( 'NONE', #2499, 1000.000000000000000 ) ;
#3447 = PLANE ( 'NONE',  #2702 ) ;
#3448 = DIRECTION ( 'NONE',  ( -1.636733330948934159E-16, 1.000000000000000000, 0.000000000000000000 ) ) ;
#3449 = ORIENTED_EDGE ( 'NONE', *, *, #497, .T. ) ;
#3450 = CIRCLE ( 'NONE', #3088, 0.8750000000000007772 ) ;
#3451 = EDGE_LOOP ( 'NONE', ( #3237, #865, #2742, #2833 ) ) ;
#3452 = CARTESIAN_POINT ( 'NONE',  ( 4.950000000000001066, -4.500338972710011376, -4.949497572824772540 ) ) ;
#3453 = EDGE_LOOP ( 'NONE', ( #2397, #1324 ) ) ;
#3454 = FACE_OUTER_BOUND ( 'NONE', #2270, .T. ) ;
#3455 = CARTESIAN_POINT ( 'NONE',  ( 31.44999999999999929, 3.350000000000010747, -28.05000000000000071 ) ) ;
#3456 = CARTESIAN_POINT ( 'NONE',  ( -20.64999999999999503, 3.174999999999999822, 14.02500000000000036 ) ) ;
#3457 = ORIENTED_EDGE ( 'NONE', *, *, #28, .T. ) ;
#3458 = LINE ( 'NONE', #2001, #2405 ) ;
#3459 = DIRECTION ( 'NONE',  ( 0.000000000000000000, 0.000000000000000000, 1.000000000000000000 ) ) ;
#3460 = ORIENTED_EDGE ( 'NONE', *, *, #2606, .F. ) ;
#3461 = ORIENTED_EDGE ( 'NONE', *, *, #509, .F. ) ;
#3462 = DIRECTION ( 'NONE',  ( 9.745637505487680998E-17, -1.000000000000000000, 0.000000000000000000 ) ) ;
#3463 = DIRECTION ( 'NONE',  ( 0.000000000000000000, -0.000000000000000000, -1.000000000000000000 ) ) ;
#3464 = VERTEX_POINT ( 'NONE', #2213 ) ;
#3465 = ORIENTED_EDGE ( 'NONE', *, *, #1951, .T. ) ;
#3466 = EDGE_CURVE ( 'NONE', #953, #2426, #459, .T. ) ;
#3467 = DIRECTION ( 'NONE',  ( 0.000000000000000000, -1.000000000000000000, 0.000000000000000000 ) ) ;
#3468 = CARTESIAN_POINT ( 'NONE',  ( -4.949497572825296565, 0.000000000000000000, -4.949999999999799449 ) ) ;
#3469 = ORIENTED_EDGE ( 'NONE', *, *, #239, .F. ) ;
#3470 = CARTESIAN_POINT ( 'NONE',  ( -28.64999999999999503, 3.174999999999999822, -14.90000000000000213 ) ) ;
#3471 = FACE_BOUND ( 'NONE', #2365, .T. ) ;
#3472 = DIRECTION ( 'NONE',  ( -0.000000000000000000, 1.000000000000000000, -0.000000000000000000 ) ) ;
#3473 = EDGE_LOOP ( 'NONE', ( #3522, #1712, #2012, #165 ) ) ;
#3474 = EDGE_CURVE ( 'NONE', #1193, #1715, #3091, .T. ) ;
#3475 = CARTESIAN_POINT ( 'NONE',  ( -4.949497572825296565, -29.25000000000000000, -6.374999999999799272 ) ) ;
#3476 = DIRECTION ( 'NONE',  ( 1.000000000000000000, 0.000000000000000000, 0.000000000000000000 ) ) ;
#3477 = DIRECTION ( 'NONE',  ( 0.000000000000000000, -0.000000000000000000, -1.000000000000000000 ) ) ;
#3478 = ORIENTED_EDGE ( 'NONE', *, *, #206, .F. ) ;
#3479 = VECTOR ( 'NONE', #1752, 1000.000000000000000 ) ;
#3480 = DIRECTION ( 'NONE',  ( 0.000000000000000000, 0.000000000000000000, 1.000000000000000000 ) ) ;
#3481 = AXIS2_PLACEMENT_3D ( 'NONE', #149, #2364, #3477 ) ;
#3482 = DIRECTION ( 'NONE',  ( 6.891206367116250355E-17, -0.7071067811865436870, -0.7071067811865513475 ) ) ;
#3483 = ORIENTED_EDGE ( 'NONE', *, *, #1890, .T. ) ;
#3484 = VERTEX_POINT ( 'NONE', #3070 ) ;
#3485 = EDGE_CURVE ( 'NONE', #3694, #1782, #1685, .T. ) ;
#3486 = VECTOR ( 'NONE', #498, 1000.000000000000000 ) ;
#3487 = FACE_OUTER_BOUND ( 'NONE', #416, .T. ) ;
#3488 = CARTESIAN_POINT ( 'NONE',  ( -1.110223024625156540E-13, -18.64999999999999858, 1.350000000000138867 ) ) ;
#3489 = ORIENTED_EDGE ( 'NONE', *, *, #257, .T. ) ;
#3490 = DIRECTION ( 'NONE',  ( -1.000000000000000000, -7.779833121590977705E-17, 6.162975822039154730E-33 ) ) ;
#3491 = DIRECTION ( 'NONE',  ( -1.000000000000000000, -7.779833121590977705E-17, 6.162975822039154730E-33 ) ) ;
#3492 = CARTESIAN_POINT ( 'NONE',  ( 0.000000000000000000, 3.349999999999996980, -28.05000000000000071 ) ) ;
#3493 = ORIENTED_EDGE ( 'NONE', *, *, #900, .F. ) ;
#3494 = EDGE_CURVE ( 'NONE', #1075, #1738, #3675, .T. ) ;
#3495 = DIRECTION ( 'NONE',  ( 0.000000000000000000, 0.000000000000000000, -1.000000000000000000 ) ) ;
#3496 =( NAMED_UNIT ( * ) SI_UNIT ( $, .STERADIAN. ) SOLID_ANGLE_UNIT ( ) );
#3497 = CYLINDRICAL_SURFACE ( 'NONE', #2031, 1.002199995687616196 ) ;
#3498 = VERTEX_POINT ( 'NONE', #514 ) ;
#3499 = AXIS2_PLACEMENT_3D ( 'NONE', #570, #3211, #2305 ) ;
#3500 = VECTOR ( 'NONE', #3060, 1000.000000000000000 ) ;
#3501 = CARTESIAN_POINT ( 'NONE',  ( -4.950000000000338574, -4.500338972710011376, 7.949497572825495517 ) ) ;
#3502 = LINE ( 'NONE', #1771, #431 ) ;
#3503 = ORIENTED_EDGE ( 'NONE', *, *, #623, .T. ) ;
#3504 = DIRECTION ( 'NONE',  ( 0.000000000000000000, -1.000000000000000000, 0.000000000000000000 ) ) ;
#3505 = CIRCLE ( 'NONE', #1866, 1.425000000000000044 ) ;
#3506 = VECTOR ( 'NONE', #1327, 1000.000000000000000 ) ;
#3507 = VECTOR ( 'NONE', #990, 1000.000000000000000 ) ;
#3508 = VECTOR ( 'NONE', #708, 1000.000000000000000 ) ;
#3509 = CYLINDRICAL_SURFACE ( 'NONE', #2531, 1.425000000000000044 ) ;
#3510 = CARTESIAN_POINT ( 'NONE',  ( -20.64999999999999503, 3.174999999999999822, 14.02500000000000036 ) ) ;
#3511 = EDGE_LOOP ( 'NONE', ( #2000, #667, #2129, #2857 ) ) ;
#3512 = EDGE_CURVE ( 'NONE', #3244, #2913, #3602, .T. ) ;
#3513 = VECTOR ( 'NONE', #2826, 1000.000000000000000 ) ;
#3514 = FACE_OUTER_BOUND ( 'NONE', #534, .T. ) ;
#3515 = CARTESIAN_POINT ( 'NONE',  ( -20.64999999999999503, 3.174999999999999822, -14.02500000000000036 ) ) ;
#3516 = ORIENTED_EDGE ( 'NONE', *, *, #1371, .T. ) ;
#3517 = EDGE_CURVE ( 'NONE', #2664, #2903, #3141, .T. ) ;
#3518 = EDGE_CURVE ( 'NONE', #2766, #2248, #1288, .T. ) ;
#3519 = DIRECTION ( 'NONE',  ( 0.000000000000000000, 0.000000000000000000, 1.000000000000000000 ) ) ;
#3520 = DIRECTION ( 'NONE',  ( 7.779833121590977705E-17, -1.000000000000000000, 0.000000000000000000 ) ) ;
#3521 = CARTESIAN_POINT ( 'NONE',  ( -20.64999999999999503, 3.174999999999999822, -13.15000000000000036 ) ) ;
#3522 = ORIENTED_EDGE ( 'NONE', *, *, #3347, .F. ) ;
#3523 = B_SPLINE_CURVE_WITH_KNOTS ( 'NONE', 3,
 ( #3321, #130, #1291, #1276 ),
 .UNSPECIFIED., .F., .F.,
 ( 4, 4 ),
 ( 0.000000000000000000, 1.000000000000000000 ),
 .UNSPECIFIED. ) ;
#3524 = CARTESIAN_POINT ( 'NONE',  ( 28.44999999999999929, -16.85999999999965127, -12.49999999999928946 ) ) ;
#3525 = VERTEX_POINT ( 'NONE', #478 ) ;
#3526 = EDGE_CURVE ( 'NONE', #765, #1417, #1876, .T. ) ;
#3527 = CYLINDRICAL_SURFACE ( 'NONE', #943, 0.9000000000019031665 ) ;
#3528 = CARTESIAN_POINT ( 'NONE',  ( 31.44999999999999929, -6.760289708239327844, 4.835076018827155764 ) ) ;
#3529 = LINE ( 'NONE', #3221, #2775 ) ;
#3530 = ORIENTED_EDGE ( 'NONE', *, *, #1391, .F. ) ;
#3531 = CARTESIAN_POINT ( 'NONE',  ( -9.350000000000024514, -9.500338972710009600, 22.86009492289630174 ) ) ;
#3532 = CARTESIAN_POINT ( 'NONE',  ( 31.44999999999999929, -51.62604593830443633, 1.040834085586084257E-14 ) ) ;
#3533 = ORIENTED_EDGE ( 'NONE', *, *, #245, .T. ) ;
#3534 = ORIENTED_EDGE ( 'NONE', *, *, #3002, .F. ) ;
#3535 = EDGE_CURVE ( 'NONE', #2664, #2572, #2787, .T. ) ;
#3536 = PLANE ( 'NONE',  #1673 ) ;
#3537 = DIRECTION ( 'NONE',  ( 0.000000000000000000, 0.000000000000000000, 1.000000000000000000 ) ) ;
#3538 = ORIENTED_EDGE ( 'NONE', *, *, #419, .T. ) ;
#3539 = CARTESIAN_POINT ( 'NONE',  ( 27.45000000000000284, -26.95767651737898163, -1.537918005908522900 ) ) ;
#3540 = DIRECTION ( 'NONE',  ( 0.000000000000000000, -1.000000000000000000, 0.000000000000000000 ) ) ;
#3541 = VERTEX_POINT ( 'NONE', #830 ) ;
#3542 = CARTESIAN_POINT ( 'NONE',  ( 30.95000000000000639, -6.610000000000003872, 20.25000000000153477 ) ) ;
#3543 = AXIS2_PLACEMENT_3D ( 'NONE', #3542, #2332, #2936 ) ;
#3544 = FACE_OUTER_BOUND ( 'NONE', #2008, .T. ) ;
#3545 = DIRECTION ( 'NONE',  ( -1.000000000000000000, -7.779833121590977705E-17, 6.162975822039154730E-33 ) ) ;
#3546 = VERTEX_POINT ( 'NONE', #1107 ) ;
#3547 = EDGE_CURVE ( 'NONE', #3728, #2769, #3325, .T. ) ;
#3548 = CARTESIAN_POINT ( 'NONE',  ( -28.64999999999999503, 3.174999999999999822, -13.15000000000000036 ) ) ;
#3549 = AXIS2_PLACEMENT_3D ( 'NONE', #3143, #1073, #798 ) ;
#3550 = DIRECTION ( 'NONE',  ( 1.000000000000000000, 0.000000000000000000, 0.000000000000000000 ) ) ;
#3551 = ORIENTED_EDGE ( 'NONE', *, *, #2610, .T. ) ;
#3552 = EDGE_LOOP ( 'NONE', ( #3516, #376 ) ) ;
#3553 = EDGE_CURVE ( 'NONE', #1683, #2344, #1375, .T. ) ;
#3554 = DIRECTION ( 'NONE',  ( -9.745637505487680998E-17, 1.000000000000000000, 0.000000000000000000 ) ) ;
#3555 = CARTESIAN_POINT ( 'NONE',  ( 31.44999999999999929, 3.350000000000010747, -28.05000000000000071 ) ) ;
#3556 = EDGE_CURVE ( 'NONE', #2393, #1968, #3715, .T. ) ;
#3557 = CARTESIAN_POINT ( 'NONE',  ( 4.950000000000001066, 6.349999999999999645, -4.949497572824772540 ) ) ;
#3558 = CIRCLE ( 'NONE', #1373, 0.9000000000019027224 ) ;
#3559 = CYLINDRICAL_SURFACE ( 'NONE', #675, 1.350000000000000089 ) ;
#3560 = EDGE_LOOP ( 'NONE', ( #3566, #1529 ) ) ;
#3561 = CARTESIAN_POINT ( 'NONE',  ( 27.44999999999999929, -39.25000000000000000, -24.55000000000000071 ) ) ;
#3562 = AXIS2_PLACEMENT_3D ( 'NONE', #23, #2906, #2581 ) ;
#3563 = CARTESIAN_POINT ( 'NONE',  ( -4.949497572825296565, -29.25000000000000000, -4.949999999999799449 ) ) ;
#3564 = VECTOR ( 'NONE', #2387, 1000.000000000000000 ) ;
#3565 = CARTESIAN_POINT ( 'NONE',  ( -13.35000000000002274, 0.000000000000000000, 24.55000000000000071 ) ) ;
#3566 = ORIENTED_EDGE ( 'NONE', *, *, #1297, .T. ) ;
#3567 = AXIS2_PLACEMENT_3D ( 'NONE', #2597, #1436, #814 ) ;
#3568 = VECTOR ( 'NONE', #196, 1000.000000000000000 ) ;
#3569 = AXIS2_PLACEMENT_3D ( 'NONE', #1569, #2746, #142 ) ;
#3570 = CARTESIAN_POINT ( 'NONE',  ( -28.64999999999999503, 6.349999999999999645, -25.05000000000000426 ) ) ;
#3571 = CARTESIAN_POINT ( 'NONE',  ( 25.55000000000000426, -29.25000000000000000, 18.00000000000153477 ) ) ;
#3572 = ORIENTED_EDGE ( 'NONE', *, *, #318, .F. ) ;
#3573 = ORIENTED_EDGE ( 'NONE', *, *, #3671, .T. ) ;
#3574 = VECTOR ( 'NONE', #3380, 1000.000000000000000 ) ;
#3575 = ADVANCED_FACE ( 'NONE', ( #1965 ), #2893, .T. ) ;
#3576 = VECTOR ( 'NONE', #2238, 1000.000000000000000 ) ;
#3577 = EDGE_CURVE ( 'NONE', #2465, #2348, #2591, .T. ) ;
#3578 = DIRECTION ( 'NONE',  ( -0.000000000000000000, -0.000000000000000000, -1.000000000000000000 ) ) ;
#3579 = CARTESIAN_POINT ( 'NONE',  ( 25.55000000000000426, -27.11000000000000654, 20.25000000000153477 ) ) ;
#3580 = CARTESIAN_POINT ( 'NONE',  ( -4.949497572825296565, -4.500338972710011376, -1.949999999999799005 ) ) ;
#3581 = DIRECTION ( 'NONE',  ( 1.000000000000000000, 0.000000000000000000, 0.000000000000000000 ) ) ;
#3582 = VERTEX_POINT ( 'NONE', #2006 ) ;
#3583 = FACE_OUTER_BOUND ( 'NONE', #783, .T. ) ;
#3584 = FACE_OUTER_BOUND ( 'NONE', #3511, .T. ) ;
#3585 = DIRECTION ( 'NONE',  ( 6.162975822039154730E-33, 6.006212831667855052E-49, 1.000000000000000000 ) ) ;
#3586 = ORIENTED_EDGE ( 'NONE', *, *, #457, .T. ) ;
#3587 = EDGE_CURVE ( 'NONE', #2029, #1185, #1990, .T. ) ;
#3588 = DIRECTION ( 'NONE',  ( 0.000000000000000000, 0.000000000000000000, -1.000000000000000000 ) ) ;
#3589 = DIRECTION ( 'NONE',  ( -1.000000000000000000, 0.000000000000000000, 0.000000000000000000 ) ) ;
#3590 = ORIENTED_EDGE ( 'NONE', *, *, #1831, .F. ) ;
#3591 = CARTESIAN_POINT ( 'NONE',  ( 28.44999999999999929, -16.85999999999965127, -12.49999999999928946 ) ) ;
#3592 = ORIENTED_EDGE ( 'NONE', *, *, #741, .T. ) ;
#3593 = FACE_BOUND ( 'NONE', #460, .T. ) ;
#3594 = CARTESIAN_POINT ( 'NONE',  ( -13.35000000000002274, -6.610000000000006537, 16.50000000000153833 ) ) ;
#3595 = ADVANCED_FACE ( 'NONE', ( #3408 ), #811, .F. ) ;
#3596 = EDGE_LOOP ( 'NONE', ( #447, #1219, #260, #2583 ) ) ;
#3597 = LINE ( 'NONE', #723, #361 ) ;
#3598 = EDGE_CURVE ( 'NONE', #395, #2331, #1756, .T. ) ;
#3599 = ORIENTED_EDGE ( 'NONE', *, *, #2341, .T. ) ;
#3600 = LINE ( 'NONE', #1907, #817 ) ;
#3601 = DIRECTION ( 'NONE',  ( 0.000000000000000000, 1.000000000000000000, 0.000000000000000000 ) ) ;
#3602 = LINE ( 'NONE', #2817, #1566 ) ;
#3603 = ORIENTED_EDGE ( 'NONE', *, *, #1563, .T. ) ;
#3604 = VECTOR ( 'NONE', #2752, 1000.000000000000000 ) ;
#3605 = DIRECTION ( 'NONE',  ( -1.000000000000000000, -9.745637505487680998E-17, -0.000000000000000000 ) ) ;
#3606 = EDGE_CURVE ( 'NONE', #288, #2321, #1432, .T. ) ;
#3607 = DIRECTION ( 'NONE',  ( 0.000000000000000000, 0.000000000000000000, -1.000000000000000000 ) ) ;
#3608 = ORIENTED_EDGE ( 'NONE', *, *, #785, .F. ) ;
#3609 = CARTESIAN_POINT ( 'NONE',  ( 0.000000000000000000, -24.11499999999997002, 24.55000000000000071 ) ) ;
#3610 = VERTEX_POINT ( 'NONE', #2041 ) ;
#3611 = VECTOR ( 'NONE', #267, 1000.000000000000000 ) ;
#3612 = FACE_BOUND ( 'NONE', #872, .T. ) ;
#3613 = DIRECTION ( 'NONE',  ( -1.000000000000000000, -0.000000000000000000, -0.000000000000000000 ) ) ;
#3614 = VERTEX_POINT ( 'NONE', #268 ) ;
#3615 = EDGE_CURVE ( 'NONE', #2896, #494, #3178, .T. ) ;
#3616 = FACE_OUTER_BOUND ( 'NONE', #1108, .T. ) ;
#3617 = ORIENTED_EDGE ( 'NONE', *, *, #653, .T. ) ;
#3618 = CARTESIAN_POINT ( 'NONE',  ( -28.64999999999999503, 3.349999999999996536, 28.05000000000000071 ) ) ;
#3619 = PRESENTATION_STYLE_ASSIGNMENT (( #3053 ) ) ;
#3620 = CARTESIAN_POINT ( 'NONE',  ( -20.64999999999999503, 3.174999999999999822, -14.90000000000000213 ) ) ;
#3621 = ORIENTED_EDGE ( 'NONE', *, *, #2059, .F. ) ;
#3622 = AXIS2_PLACEMENT_3D ( 'NONE', #1828, #3033, #1284 ) ;
#3623 = CARTESIAN_POINT ( 'NONE',  ( -6.500000000000024869, -8.720338972710010239, 19.50000000000153833 ) ) ;
#3624 = EDGE_CURVE ( 'NONE', #1248, #3525, #3732, .T. ) ;
#3625 = DIRECTION ( 'NONE',  ( 0.000000000000000000, -0.000000000000000000, -1.000000000000000000 ) ) ;
#3626 = ORIENTED_EDGE ( 'NONE', *, *, #3313, .F. ) ;
#3627 = CYLINDRICAL_SURFACE ( 'NONE', #1303, 0.9995327267658220549 ) ;
#3628 = ORIENTED_EDGE ( 'NONE', *, *, #2292, .T. ) ;
#3629 = VECTOR ( 'NONE', #3291, 1000.000000000000114 ) ;
#3630 = CARTESIAN_POINT ( 'NONE',  ( -13.35000000000002274, 0.000000000000000000, 0.000000000000000000 ) ) ;
#3631 = DIRECTION ( 'NONE',  ( -1.000000000000000000, -7.779833121590977705E-17, 6.162975822039154730E-33 ) ) ;
#3632 = AXIS2_PLACEMENT_3D ( 'NONE', #3594, #1580, #412 ) ;
#3633 = ORIENTED_EDGE ( 'NONE', *, *, #3606, .T. ) ;
#3634 = EDGE_CURVE ( 'NONE', #3582, #3198, #3144, .T. ) ;
#3635 = VECTOR ( 'NONE', #2643, 1000.000000000000000 ) ;
#3636 = CARTESIAN_POINT ( 'NONE',  ( 0.000000000000000000, -24.11213394580208913, -24.55000000000000071 ) ) ;
#3637 = ORIENTED_EDGE ( 'NONE', *, *, #3019, .T. ) ;
#3638 = CARTESIAN_POINT ( 'NONE',  ( 4.950000000000001066, -4.500338972710011376, -7.949497572824773428 ) ) ;
#3639 = ADVANCED_FACE ( 'NONE', ( #575 ), #2552, .F. ) ;
#3640 = DIRECTION ( 'NONE',  ( 0.000000000000000000, 0.000000000000000000, 1.000000000000000000 ) ) ;
#3641 = CARTESIAN_POINT ( 'NONE',  ( -13.35000000000002274, -27.11000000000001009, 15.59999999999963372 ) ) ;
#3642 = VERTEX_POINT ( 'NONE', #852 ) ;
#3643 = EDGE_CURVE ( 'NONE', #2866, #2404, #593, .T. ) ;
#3644 = CARTESIAN_POINT ( 'NONE',  ( -6.500000000000024869, -4.500338972710011376, -7.199999999998458300 ) ) ;
#3645 = LINE ( 'NONE', #2750, #2053 ) ;
#3646 = ORIENTED_EDGE ( 'NONE', *, *, #2306, .T. ) ;
#3647 = DIRECTION ( 'NONE',  ( -1.000000000000000000, -7.779833121590977705E-17, 6.162975822039154730E-33 ) ) ;
#3648 = CARTESIAN_POINT ( 'NONE',  ( -28.64999999999999503, 0.000000000000000000, -24.55000000000000071 ) ) ;
#3649 = DIRECTION ( 'NONE',  ( 1.000000000000000000, 0.000000000000000000, 0.000000000000000000 ) ) ;
#3650 = EDGE_CURVE ( 'NONE', #2903, #1112, #1732, .T. ) ;
#3651 = EDGE_CURVE ( 'NONE', #1392, #2078, #2616, .T. ) ;
#3652 = PLANE ( 'NONE',  #1493 ) ;
#3653 = ORIENTED_EDGE ( 'NONE', *, *, #1900, .F. ) ;
#3654 = ORIENTED_EDGE ( 'NONE', *, *, #317, .T. ) ;
#3655 = CARTESIAN_POINT ( 'NONE',  ( -4.950000000000338574, -29.25000000000000000, 6.374497572825494451 ) ) ;
#3656 = DIRECTION ( 'NONE',  ( -1.000000000000000000, -7.779833121590977705E-17, 6.162975822039154730E-33 ) ) ;
#3657 = DIRECTION ( 'NONE',  ( -0.000000000000000000, 1.000000000000000000, -0.000000000000000000 ) ) ;
#3658 = ORIENTED_EDGE ( 'NONE', *, *, #1813, .F. ) ;
#3659 = DIRECTION ( 'NONE',  ( 0.000000000000000000, 0.000000000000000000, -1.000000000000000000 ) ) ;
#3660 = DIRECTION ( 'NONE',  ( 0.000000000000000000, 0.000000000000000000, -1.000000000000000000 ) ) ;
#3661 = VERTEX_POINT ( 'NONE', #1167 ) ;
#3662 = CARTESIAN_POINT ( 'NONE',  ( 30.95100000000001472, -16.85999999999956245, -5.399999999998658318 ) ) ;
#3663 = DIRECTION ( 'NONE',  ( 0.000000000000000000, -0.7071067811865459074, -0.7071067811865491270 ) ) ;
#3664 = AXIS2_PLACEMENT_3D ( 'NONE', #141, #2191, #3350 ) ;
#3665 = DIRECTION ( 'NONE',  ( 1.000000000000000000, 0.000000000000000000, 0.000000000000000000 ) ) ;
#3666 = VERTEX_POINT ( 'NONE', #890 ) ;
#3667 = EDGE_CURVE ( 'NONE', #360, #2535, #3197, .T. ) ;
#3668 = CARTESIAN_POINT ( 'NONE',  ( -9.350000000000024514, -29.25000000000000000, 0.000000000000000000 ) ) ;
#3669 = ORIENTED_EDGE ( 'NONE', *, *, #262, .F. ) ;
#3670 = AXIS2_PLACEMENT_3D ( 'NONE', #30, #911, #1166 ) ;
#3671 = EDGE_CURVE ( 'NONE', #501, #3366, #246, .T. ) ;
#3672 = ADVANCED_FACE ( 'NONE', ( #3217 ), #1265, .F. ) ;
#3673 = ORIENTED_EDGE ( 'NONE', *, *, #2241, .T. ) ;
#3674 = CYLINDRICAL_SURFACE ( 'NONE', #3549, 0.5000000000000004441 ) ;
#3675 = LINE ( 'NONE', #3104, #786 ) ;
#3676 = ORIENTED_EDGE ( 'NONE', *, *, #2790, .F. ) ;
#3677 = EDGE_CURVE ( 'NONE', #131, #133, #2916, .T. ) ;
#3678 = FACE_OUTER_BOUND ( 'NONE', #1357, .T. ) ;
#3679 = DIRECTION ( 'NONE',  ( 0.000000000000000000, 0.000000000000000000, -1.000000000000000000 ) ) ;
#3680 = ORIENTED_EDGE ( 'NONE', *, *, #939, .F. ) ;
#3681 = CIRCLE ( 'NONE', #1923, 1.425000000000000044 ) ;
#3682 = PLANE ( 'NONE',  #1845 ) ;
#3683 = CIRCLE ( 'NONE', #2958, 1.424999999999999600 ) ;
#3684 = CARTESIAN_POINT ( 'NONE',  ( 27.44999999999999929, -9.500338972710009600, -22.85972004506499999 ) ) ;
#3685 = DIRECTION ( 'NONE',  ( 0.000000000000000000, 0.000000000000000000, 1.000000000000000000 ) ) ;
#3686 = EDGE_CURVE ( 'NONE', #2896, #3125, #2098, .T. ) ;
#3687 = CIRCLE ( 'NONE', #1560, 0.8750000000000007772 ) ;
#3688 = ORIENTED_EDGE ( 'NONE', *, *, #3160, .F. ) ;
#3689 = ADVANCED_FACE ( 'NONE', ( #87 ), #3559, .F. ) ;
#3690 = VECTOR ( 'NONE', #13, 1000.000000000000000 ) ;
#3691 = AXIS2_PLACEMENT_3D ( 'NONE', #3579, #435, #2380 ) ;
#3692 = CARTESIAN_POINT ( 'NONE',  ( 4.950000000000001066, 0.000000000000000000, -3.524497572824773162 ) ) ;
#3693 = ORIENTED_EDGE ( 'NONE', *, *, #1755, .F. ) ;
#3694 = VERTEX_POINT ( 'NONE', #49 ) ;
#3695 =( GEOMETRIC_REPRESENTATION_CONTEXT ( 3 ) GLOBAL_UNCERTAINTY_ASSIGNED_CONTEXT ( ( #536 ) ) GLOBAL_UNIT_ASSIGNED_CONTEXT ( ( #1829, #68, #2978 ) ) REPRESENTATION_CONTEXT ( 'NONE', 'WORKASPACE' ) );
#3696 = VECTOR ( 'NONE', #584, 1000.000000000000000 ) ;
#3697 = CARTESIAN_POINT ( 'NONE',  ( 25.55000000000000426, -27.11000000000000654, -4.199999999998461853 ) ) ;
#3698 = CARTESIAN_POINT ( 'NONE',  ( 30.95000000000000284, -29.25000000000000000, -60.32163680906983672 ) ) ;
#3699 = ORIENTED_EDGE ( 'NONE', *, *, #1609, .T. ) ;
#3700 = ORIENTED_EDGE ( 'NONE', *, *, #1335, .T. ) ;
#3701 = FACE_OUTER_BOUND ( 'NONE', #969, .T. ) ;
#3702 = DIRECTION ( 'NONE',  ( 0.000000000000000000, 0.000000000000000000, 1.000000000000000000 ) ) ;
#3703 = VERTEX_POINT ( 'NONE', #690 ) ;
#3704 = DIRECTION ( 'NONE',  ( -1.000000000000000000, -7.779833121590977705E-17, 6.162975822039154730E-33 ) ) ;
#3705 = DIRECTION ( 'NONE',  ( 0.000000000000000000, -1.000000000000000000, 0.000000000000000000 ) ) ;
#3706 = FACE_OUTER_BOUND ( 'NONE', #831, .T. ) ;
#3707 = EDGE_LOOP ( 'NONE', ( #1838, #2475, #112, #2214 ) ) ;
#3708 = CARTESIAN_POINT ( 'NONE',  ( -13.35000000000002274, -27.11000000000001009, 16.50000000000153833 ) ) ;
#3709 = EDGE_CURVE ( 'NONE', #1912, #1496, #3502, .T. ) ;
#3710 = DIRECTION ( 'NONE',  ( 1.000000000000000000, 9.745637505487680998E-17, 0.000000000000000000 ) ) ;
#3711 = ORIENTED_EDGE ( 'NONE', *, *, #2296, .T. ) ;
#3712 = ORIENTED_EDGE ( 'NONE', *, *, #499, .T. ) ;
#3713 = EDGE_CURVE ( 'NONE', #2145, #1248, #2602, .T. ) ;
#3714 = FACE_OUTER_BOUND ( 'NONE', #2162, .T. ) ;
#3715 = LINE ( 'NONE', #618, #909 ) ;
#3716 = ORIENTED_EDGE ( 'NONE', *, *, #1239, .T. ) ;
#3717 = ORIENTED_EDGE ( 'NONE', *, *, #1413, .F. ) ;
#3718 = LINE ( 'NONE', #3127, #2356 ) ;
#3719 = DIRECTION ( 'NONE',  ( -0.000000000000000000, 1.000000000000000000, -0.000000000000000000 ) ) ;
#3720 = ORIENTED_EDGE ( 'NONE', *, *, #1530, .F. ) ;
#3721 = FACE_OUTER_BOUND ( 'NONE', #2788, .T. ) ;
#3722 = EDGE_CURVE ( 'NONE', #1708, #2078, #2686, .T. ) ;
#3723 = DIRECTION ( 'NONE',  ( 0.000000000000000000, -1.000000000000000000, 0.000000000000000000 ) ) ;
#3724 = PLANE ( 'NONE',  #3332 ) ;
#3725 = VECTOR ( 'NONE', #2688, 1000.000000000000000 ) ;
#3726 = DIRECTION ( 'NONE',  ( 0.000000000000000000, 0.000000000000000000, -1.000000000000000000 ) ) ;
#3727 = LINE ( 'NONE', #551, #3508 ) ;
#3728 = VERTEX_POINT ( 'NONE', #344 ) ;
#3729 = ORIENTED_EDGE ( 'NONE', *, *, #3331, .F. ) ;
#3730 = CARTESIAN_POINT ( 'NONE',  ( 0.000000000000000000, 0.000000000000000000, 0.000000000000000000 ) ) ;
#3731 = VECTOR ( 'NONE', #1340, 1000.000000000000000 ) ;
#3732 = LINE ( 'NONE', #1986, #3383 ) ;
#3733 = EDGE_LOOP ( 'NONE', ( #140, #1651 ) ) ;
#3734 = VERTEX_POINT ( 'NONE', #365 ) ;
#3735 = CARTESIAN_POINT ( 'NONE',  ( 27.45000000000000284, -24.11213394580208913, 24.55000000000000071 ) ) ;
#3736 = ORIENTED_EDGE ( 'NONE', *, *, #2419, .F. ) ;
#3737 = DIRECTION ( 'NONE',  ( 0.000000000000000000, -0.3940327209102228445, -0.9190964121636459039 ) ) ;
#3738 = VECTOR ( 'NONE', #3519, 1000.000000000000000 ) ;
#3739 = DIRECTION ( 'NONE',  ( 1.000000000000000000, 0.000000000000000000, 0.000000000000000000 ) ) ;
#3740 = CARTESIAN_POINT ( 'NONE',  ( -13.35000000000002274, -16.85999999999956245, -12.49999999999865885 ) ) ;
ENDSEC;
END-ISO-10303-21;
