ISO-10303-21;
HEADER;
FILE_DESCRIPTION (( 'STEP AP214' ),
    '1' );
FILE_NAME ('Hip-pulley-housing-right.STEP',
    '2026-01-04T17:51:09',
    ( '' ),
    ( '' ),
    'SwSTEP 2.0',
    'SolidWorks 2025',
    '' );
FILE_SCHEMA (( 'AUTOMOTIVE_DESIGN' ));
ENDSEC;

DATA;
#1 = ORIENTED_EDGE ( 'NONE', *, *, #1741, .T. ) ;
#2 = VECTOR ( 'NONE', #218, 1000.000000000000000 ) ;
#3 = CIRCLE ( 'NONE', #302, 1.002293481871901371 ) ;
#4 = CARTESIAN_POINT ( 'NONE',  ( -72.14999999999994884, 0.000000000000000000, -24.55000000000000071 ) ) ;
#5 = CARTESIAN_POINT ( 'NONE',  ( -80.54999999999964189, -29.25000000000000000, 3.524497572825494363 ) ) ;
#6 = VECTOR ( 'NONE', #620, 1000.000000000000000 ) ;
#7 = VECTOR ( 'NONE', #678, 1000.000000000000000 ) ;
#8 = EDGE_CURVE ( 'NONE', #1242, #1667, #3168, .T. ) ;
#9 = LINE ( 'NONE', #2545, #2605 ) ;
#10 = DIRECTION ( 'NONE',  ( -1.000000000000000000, 0.000000000000000000, 0.000000000000000000 ) ) ;
#11 = ORIENTED_EDGE ( 'NONE', *, *, #3413, .T. ) ;
#12 = LINE ( 'NONE', #1455, #837 ) ;
#13 = EDGE_CURVE ( 'NONE', #504, #895, #1781, .T. ) ;
#14 = LINE ( 'NONE', #1641, #3453 ) ;
#15 = ORIENTED_EDGE ( 'NONE', *, *, #245, .F. ) ;
#16 = CARTESIAN_POINT ( 'NONE',  ( -116.9499999999999744, -27.45767651737898518, -1.037918005908522456 ) ) ;
#17 = ORIENTED_EDGE ( 'NONE', *, *, #3391, .T. ) ;
#18 = CARTESIAN_POINT ( 'NONE',  ( -116.4499999999999886, -7.609746684908300196, 20.25000000000153477 ) ) ;
#19 = ORIENTED_EDGE ( 'NONE', *, *, #596, .T. ) ;
#20 = ADVANCED_FACE ( 'NONE', ( #3096 ), #1750, .F. ) ;
#21 = DIRECTION ( 'NONE',  ( 1.000000000000000000, -0.000000000000000000, -0.000000000000000000 ) ) ;
#22 = CARTESIAN_POINT ( 'NONE',  ( -78.99999999999995737, -27.11000000000001009, 16.50000000000153833 ) ) ;
#23 = LINE ( 'NONE', #2247, #2818 ) ;
#24 = AXIS2_PLACEMENT_3D ( 'NONE', #1940, #3089, #2210 ) ;
#25 = CARTESIAN_POINT ( 'NONE',  ( -80.55050242717467768, 0.000000000000000000, -7.949999999999799449 ) ) ;
#26 = ORIENTED_EDGE ( 'NONE', *, *, #977, .T. ) ;
#27 = VECTOR ( 'NONE', #1469, 1000.000000000000000 ) ;
#28 = CARTESIAN_POINT ( 'NONE',  ( -72.14999999999994884, -6.610000000000006537, -3.299999999996555466 ) ) ;
#29 = FACE_OUTER_BOUND ( 'NONE', #703, .T. ) ;
#30 = ORIENTED_EDGE ( 'NONE', *, *, #3103, .F. ) ;
#31 = CARTESIAN_POINT ( 'NONE',  ( -78.99999999999995737, -6.610000000000006537, -5.100000000000361133 ) ) ;
#32 = ORIENTED_EDGE ( 'NONE', *, *, #2137, .T. ) ;
#33 = CARTESIAN_POINT ( 'NONE',  ( -78.99999999999995737, -4.500338972710007823, -7.199999999998458300 ) ) ;
#34 = ORIENTED_EDGE ( 'NONE', *, *, #226, .T. ) ;
#35 = ADVANCED_FACE ( 'NONE', ( #2825, #2091, #2423, #1565, #2929, #1314, #1872 ), #1257, .T. ) ;
#36 = DIRECTION ( 'NONE',  ( 0.000000000000000000, 0.000000000000000000, -1.000000000000000000 ) ) ;
#37 = ORIENTED_EDGE ( 'NONE', *, *, #1808, .T. ) ;
#38 = CARTESIAN_POINT ( 'NONE',  ( -76.14999999999994884, -29.25000000000000000, 19.41500000000000270 ) ) ;
#39 = LINE ( 'NONE', #1175, #1887 ) ;
#40 = LINE ( 'NONE', #2795, #2194 ) ;
#41 = ORIENTED_EDGE ( 'NONE', *, *, #2797, .T. ) ;
#42 = DIRECTION ( 'NONE',  ( 0.000000000000000000, 0.000000000000000000, 1.000000000000000000 ) ) ;
#43 = CARTESIAN_POINT ( 'NONE',  ( -85.49999999999998579, -23.34828442116732106, -24.55000000000000071 ) ) ;
#44 = EDGE_CURVE ( 'NONE', #865, #1132, #3574, .T. ) ;
#45 = EDGE_LOOP ( 'NONE', ( #1944, #2575, #821, #2170, #2096, #2786, #610 ) ) ;
#46 = LINE ( 'NONE', #1182, #2434 ) ;
#47 = ORIENTED_EDGE ( 'NONE', *, *, #615, .T. ) ;
#48 = CARTESIAN_POINT ( 'NONE',  ( -56.09999999999998010, 0.000000000000000000, 24.54999999999999005 ) ) ;
#49 = ORIENTED_EDGE ( 'NONE', *, *, #92, .F. ) ;
#50 = CARTESIAN_POINT ( 'NONE',  ( -80.55050242717467768, 0.000000000000000000, -1.949999999999799005 ) ) ;
#51 = VERTEX_POINT ( 'NONE', #3516 ) ;
#52 = DIRECTION ( 'NONE',  ( 0.000000000000000000, 0.000000000000000000, 1.000000000000000000 ) ) ;
#53 = EDGE_CURVE ( 'NONE', #3295, #3303, #757, .T. ) ;
#54 = AXIS2_PLACEMENT_3D ( 'NONE', #551, #2514, #3373 ) ;
#55 = AXIS2_PLACEMENT_3D ( 'NONE', #1217, #3126, #3143 ) ;
#56 = EDGE_CURVE ( 'NONE', #524, #3124, #1331, .T. ) ;
#57 = DIRECTION ( 'NONE',  ( 1.000000000000000000, 0.000000000000000000, 0.000000000000000000 ) ) ;
#58 = VECTOR ( 'NONE', #2119, 1000.000000000000000 ) ;
#59 = AXIS2_PLACEMENT_3D ( 'NONE', #586, #1983, #921 ) ;
#60 = DIRECTION ( 'NONE',  ( 0.000000000000000000, -1.000000000000000000, 0.000000000000000000 ) ) ;
#61 = CIRCLE ( 'NONE', #602, 12.50000000000000355 ) ;
#62 = ORIENTED_EDGE ( 'NONE', *, *, #3066, .F. ) ;
#63 = AXIS2_PLACEMENT_3D ( 'NONE', #418, #1732, #887 ) ;
#64 = CYLINDRICAL_SURFACE ( 'NONE', #2406, 1.425000000000000044 ) ;
#65 = DIRECTION ( 'NONE',  ( 0.000000000000000000, 0.000000000000000000, -1.000000000000000000 ) ) ;
#66 = EDGE_LOOP ( 'NONE', ( #1496, #1546, #1901, #3502 ) ) ;
#67 = EDGE_CURVE ( 'NONE', #2212, #3149, #2526, .T. ) ;
#68 = ORIENTED_EDGE ( 'NONE', *, *, #285, .F. ) ;
#69 = CYLINDRICAL_SURFACE ( 'NONE', #1592, 3.000000000000001332 ) ;
#70 = VERTEX_POINT ( 'NONE', #3199 ) ;
#71 = VERTEX_POINT ( 'NONE', #142 ) ;
#72 = DIRECTION ( 'NONE',  ( -0.000000000000000000, 0.000000000000000000, -1.000000000000000000 ) ) ;
#73 = ORIENTED_EDGE ( 'NONE', *, *, #686, .T. ) ;
#74 = CARTESIAN_POINT ( 'NONE',  ( -80.55050242717467768, -29.25000000000000000, -4.949999999999799449 ) ) ;
#75 = EDGE_CURVE ( 'NONE', #3388, #1259, #1038, .T. ) ;
#76 = CYLINDRICAL_SURFACE ( 'NONE', #1599, 0.9000000000019027224 ) ;
#77 = FACE_OUTER_BOUND ( 'NONE', #2535, .T. ) ;
#78 = ORIENTED_EDGE ( 'NONE', *, *, #2371, .T. ) ;
#79 = AXIS2_PLACEMENT_3D ( 'NONE', #2850, #1539, #2886 ) ;
#80 = ADVANCED_FACE ( 'NONE', ( #425 ), #2363, .T. ) ;
#81 = LINE ( 'NONE', #2837, #1705 ) ;
#82 = DIRECTION ( 'NONE',  ( 1.000000000000000000, -0.000000000000000000, -0.000000000000000000 ) ) ;
#83 = PRODUCT_DEFINITION_SHAPE ( 'NONE', 'NONE',  #3325 ) ;
#84 = CIRCLE ( 'NONE', #3602, 1.424999999999999600 ) ;
#85 = ORIENTED_EDGE ( 'NONE', *, *, #75, .F. ) ;
#86 = CARTESIAN_POINT ( 'NONE',  ( -72.14999999999994884, -29.25000000000000000, 0.000000000000000000 ) ) ;
#87 = LINE ( 'NONE', #1783, #3157 ) ;
#88 = ORIENTED_EDGE ( 'NONE', *, *, #3434, .T. ) ;
#89 = CARTESIAN_POINT ( 'NONE',  ( -85.49999999999998579, 6.349999999999999645, -25.05000000000001492 ) ) ;
#90 = VERTEX_POINT ( 'NONE', #3258 ) ;
#91 = PLANE ( 'NONE',  #768 ) ;
#92 = EDGE_CURVE ( 'NONE', #994, #2963, #1547, .T. ) ;
#93 = LINE ( 'NONE', #638, #178 ) ;
#94 = DIRECTION ( 'NONE',  ( 1.000000000000000000, -0.000000000000000000, -0.000000000000000000 ) ) ;
#95 = CARTESIAN_POINT ( 'NONE',  ( -80.54999999999964189, -4.500338972710011376, 4.949497572825494629 ) ) ;
#96 = VERTEX_POINT ( 'NONE', #1527 ) ;
#97 = CARTESIAN_POINT ( 'NONE',  ( -46.92906222802340466, -23.34828442116732106, 28.05000000000000071 ) ) ;
#98 = DIRECTION ( 'NONE',  ( 0.000000000000000000, 1.000000000000000000, 2.055359568692899499E-16 ) ) ;
#99 = EDGE_CURVE ( 'NONE', #256, #1337, #2715, .T. ) ;
#100 = ORIENTED_EDGE ( 'NONE', *, *, #2298, .F. ) ;
#101 = ORIENTED_EDGE ( 'NONE', *, *, #313, .F. ) ;
#102 = ADVANCED_FACE ( 'NONE', ( #464 ), #962, .F. ) ;
#103 = ORIENTED_EDGE ( 'NONE', *, *, #1671, .T. ) ;
#104 = LINE ( 'NONE', #2309, #1995 ) ;
#105 = ORIENTED_EDGE ( 'NONE', *, *, #2383, .F. ) ;
#106 = DIRECTION ( 'NONE',  ( -0.000000000000000000, 1.000000000000000000, -0.000000000000000000 ) ) ;
#107 = EDGE_LOOP ( 'NONE', ( #517, #372, #1834, #3216 ) ) ;
#108 = CARTESIAN_POINT ( 'NONE',  ( -90.44999999999997442, -29.25000000000000000, -6.374497572824771474 ) ) ;
#109 = CIRCLE ( 'NONE', #307, 0.9000000000019027224 ) ;
#110 = DIRECTION ( 'NONE',  ( 0.000000000000000000, 0.000000000000000000, 1.000000000000000000 ) ) ;
#111 = EDGE_CURVE ( 'NONE', #2787, #3330, #3221, .T. ) ;
#112 = CARTESIAN_POINT ( 'NONE',  ( -112.9499999999999744, -4.500338972710011376, 18.00000000000153477 ) ) ;
#113 = VECTOR ( 'NONE', #3377, 1000.000000000000000 ) ;
#114 = AXIS2_PLACEMENT_3D ( 'NONE', #1584, #1040, #2695 ) ;
#115 = CIRCLE ( 'NONE', #59, 1.425000000000000044 ) ;
#116 = DIRECTION ( 'NONE',  ( 0.000000000000000000, 0.000000000000000000, 1.000000000000000000 ) ) ;
#117 = DIRECTION ( 'NONE',  ( 0.000000000000000000, -1.000000000000000000, 0.000000000000000000 ) ) ;
#118 = CARTESIAN_POINT ( 'NONE',  ( -90.44949757282493863, -29.25000000000000000, 4.950000000000527756 ) ) ;
#119 = AXIS2_PLACEMENT_3D ( 'NONE', #1520, #2630, #110 ) ;
#120 = CARTESIAN_POINT ( 'NONE',  ( -112.9499999999999602, 1.868478213922281057E-14, -28.05000000000000071 ) ) ;
#121 = VECTOR ( 'NONE', #358, 1000.000000000000000 ) ;
#122 = ORIENTED_EDGE ( 'NONE', *, *, #933, .T. ) ;
#123 = ORIENTED_EDGE ( 'NONE', *, *, #1922, .T. ) ;
#124 = VECTOR ( 'NONE', #1684, 1000.000000000000000 ) ;
#125 = EDGE_CURVE ( 'NONE', #2093, #1097, #2657, .T. ) ;
#126 = CARTESIAN_POINT ( 'NONE',  ( -80.54999999999964189, 0.000000000000000000, 1.949497572825494185 ) ) ;
#127 = CARTESIAN_POINT ( 'NONE',  ( -76.14999999999994884, -16.85999999999956245, -5.399999999998658318 ) ) ;
#128 = ORIENTED_EDGE ( 'NONE', *, *, #2943, .F. ) ;
#129 = EDGE_CURVE ( 'NONE', #2530, #177, #444, .T. ) ;
#130 = CARTESIAN_POINT ( 'NONE',  ( -90.44949757282493863, 6.349999999999999645, 3.525000000000527933 ) ) ;
#131 = EDGE_LOOP ( 'NONE', ( #186, #32, #1960, #2680 ) ) ;
#132 = DIRECTION ( 'NONE',  ( 0.000000000000000000, 1.000000000000000000, 0.000000000000000000 ) ) ;
#133 = CARTESIAN_POINT ( 'NONE',  ( -111.0499999999999829, -29.25000000000000000, -1.949999999999989075 ) ) ;
#134 = CARTESIAN_POINT ( 'NONE',  ( -112.9499999999999744, -24.11213394580208913, 24.55000000000000071 ) ) ;
#135 = CARTESIAN_POINT ( 'NONE',  ( -116.9499999999999744, -39.25000000000000000, -24.55000000000000071 ) ) ;
#136 = DIRECTION ( 'NONE',  ( 1.000000000000000000, -0.000000000000000000, -0.000000000000000000 ) ) ;
#137 = LINE ( 'NONE', #2159, #1267 ) ;
#138 = FACE_BOUND ( 'NONE', #206, .T. ) ;
#139 = ORIENTED_EDGE ( 'NONE', *, *, #344, .F. ) ;
#140 = ORIENTED_EDGE ( 'NONE', *, *, #1196, .F. ) ;
#141 = AXIS2_PLACEMENT_3D ( 'NONE', #3585, #1090, #2196 ) ;
#142 = CARTESIAN_POINT ( 'NONE',  ( -52.74999999999999289, 6.349999999999999645, 25.05000000000001492 ) ) ;
#143 = CARTESIAN_POINT ( 'NONE',  ( -116.4499999999999886, -6.760289708239329620, 4.835076018827155764 ) ) ;
#144 = VECTOR ( 'NONE', #3068, 1000.000000000000000 ) ;
#145 = ORIENTED_EDGE ( 'NONE', *, *, #781, .T. ) ;
#146 = FACE_OUTER_BOUND ( 'NONE', #3468, .T. ) ;
#147 = ORIENTED_EDGE ( 'NONE', *, *, #1869, .F. ) ;
#148 = CARTESIAN_POINT ( 'NONE',  ( -80.55050242717467768, -4.500338972710011376, -4.949999999999799449 ) ) ;
#149 = EDGE_CURVE ( 'NONE', #2659, #1731, #1798, .T. ) ;
#150 = CARTESIAN_POINT ( 'NONE',  ( -72.14999999999994884, -27.11000000000000654, -5.099999999999917044 ) ) ;
#151 = DIRECTION ( 'NONE',  ( 6.891206367116325544E-17, 0.7071067811865513475, -0.7071067811865436870 ) ) ;
#152 = FACE_BOUND ( 'NONE', #966, .T. ) ;
#153 = CARTESIAN_POINT ( 'NONE',  ( -90.44999999999997442, 0.000000000000000000, -1.949497572824771208 ) ) ;
#154 = CARTESIAN_POINT ( 'NONE',  ( -112.9499999999999744, -17.40422570142419190, -71.39841416718611811 ) ) ;
#155 = DIRECTION ( 'NONE',  ( 0.000000000000000000, 0.000000000000000000, 1.000000000000000000 ) ) ;
#156 = VERTEX_POINT ( 'NONE', #126 ) ;
#157 = ORIENTED_EDGE ( 'NONE', *, *, #1918, .T. ) ;
#158 = DIRECTION ( 'NONE',  ( -0.000000000000000000, 0.4226182617406958886, -0.9063077870366517130 ) ) ;
#159 = EDGE_CURVE ( 'NONE', #2503, #3412, #2946, .T. ) ;
#160 = LINE ( 'NONE', #2130, #832 ) ;
#161 = ORIENTED_EDGE ( 'NONE', *, *, #1468, .T. ) ;
#162 = LINE ( 'NONE', #2933, #899 ) ;
#163 = ORIENTED_EDGE ( 'NONE', *, *, #676, .F. ) ;
#164 = DIRECTION ( 'NONE',  ( 0.000000000000000000, -0.000000000000000000, -1.000000000000000000 ) ) ;
#165 = ORIENTED_EDGE ( 'NONE', *, *, #3267, .F. ) ;
#166 = DIRECTION ( 'NONE',  ( 1.000000000000000000, 0.000000000000000000, 0.000000000000000000 ) ) ;
#167 = CARTESIAN_POINT ( 'NONE',  ( -112.9499999999999744, -53.34604593830443520, 12.50000000000001243 ) ) ;
#168 = EDGE_CURVE ( 'NONE', #2764, #3198, #1292, .T. ) ;
#169 = VECTOR ( 'NONE', #613, 1000.000000000000000 ) ;
#170 = CARTESIAN_POINT ( 'NONE',  ( -112.9499999999999744, -6.760289708239327844, 4.835076018827155764 ) ) ;
#171 = DIRECTION ( 'NONE',  ( 0.000000000000000000, -1.000000000000000000, 0.000000000000000000 ) ) ;
#172 = CARTESIAN_POINT ( 'NONE',  ( -112.9499999999999744, 6.350000000000000533, 24.55000000000000071 ) ) ;
#173 = LINE ( 'NONE', #2088, #1361 ) ;
#174 = VECTOR ( 'NONE', #519, 1000.000000000000000 ) ;
#175 = ORIENTED_EDGE ( 'NONE', *, *, #3250, .F. ) ;
#176 = AXIS2_PLACEMENT_3D ( 'NONE', #1094, #2202, #2767 ) ;
#177 = VERTEX_POINT ( 'NONE', #2183 ) ;
#178 = VECTOR ( 'NONE', #1195, 1000.000000000000000 ) ;
#179 = VECTOR ( 'NONE', #1231, 1000.000000000000000 ) ;
#180 = CARTESIAN_POINT ( 'NONE',  ( -116.9499999999999744, 3.350000000000010747, -28.05000000000000071 ) ) ;
#181 = DIRECTION ( 'NONE',  ( 0.000000000000000000, -0.9063077870366517130, 0.4226182617406958886 ) ) ;
#182 = ORIENTED_EDGE ( 'NONE', *, *, #3299, .T. ) ;
#183 = VECTOR ( 'NONE', #3445, 1000.000000000000000 ) ;
#184 = EDGE_CURVE ( 'NONE', #573, #440, #3315, .T. ) ;
#185 = LINE ( 'NONE', #3501, #3111 ) ;
#186 = ORIENTED_EDGE ( 'NONE', *, *, #1759, .T. ) ;
#187 = DIRECTION ( 'NONE',  ( 1.000000000000000000, -7.779833121590977705E-17, 6.162975822039154730E-33 ) ) ;
#188 = EDGE_LOOP ( 'NONE', ( #2485, #1552, #1689, #147, #2835, #1857, #3432 ) ) ;
#189 = EDGE_CURVE ( 'NONE', #2623, #1060, #1127, .T. ) ;
#190 = LINE ( 'NONE', #3287, #58 ) ;
#191 = LINE ( 'NONE', #1903, #1799 ) ;
#192 = DIRECTION ( 'NONE',  ( -0.000000000000000000, 0.000000000000000000, -1.000000000000000000 ) ) ;
#193 = DIRECTION ( 'NONE',  ( -1.000000000000000000, 9.745637505487680998E-17, 0.000000000000000000 ) ) ;
#194 = DIRECTION ( 'NONE',  ( 0.000000000000000000, -1.000000000000000000, -0.000000000000000000 ) ) ;
#195 = EDGE_LOOP ( 'NONE', ( #1665, #1605, #2387, #3301 ) ) ;
#196 = EDGE_CURVE ( 'NONE', #3081, #1581, #595, .T. ) ;
#197 = ORIENTED_EDGE ( 'NONE', *, *, #3094, .T. ) ;
#198 = EDGE_CURVE ( 'NONE', #552, #2056, #951, .T. ) ;
#199 = CARTESIAN_POINT ( 'NONE',  ( -112.9499999999999744, 2.326828575125447664E-15, -6.449999999999986855 ) ) ;
#200 = DIRECTION ( 'NONE',  ( -0.000000000000000000, 0.000000000000000000, -1.000000000000000000 ) ) ;
#201 = VERTEX_POINT ( 'NONE', #2513 ) ;
#202 = AXIS2_PLACEMENT_3D ( 'NONE', #3545, #1905, #3508 ) ;
#203 = CARTESIAN_POINT ( 'NONE',  ( -76.14999999999994884, -8.720338972710006686, -7.199999999998459188 ) ) ;
#204 = VERTEX_POINT ( 'NONE', #2733 ) ;
#205 = DIRECTION ( 'NONE',  ( 0.000000000000000000, -1.000000000000000000, 5.827738441131490604E-16 ) ) ;
#206 = EDGE_LOOP ( 'NONE', ( #614, #1219 ) ) ;
#207 = AXIS2_PLACEMENT_3D ( 'NONE', #2829, #3584, #2542 ) ;
#208 = DIRECTION ( 'NONE',  ( -0.000000000000000000, 1.000000000000000000, -0.000000000000000000 ) ) ;
#209 = CYLINDRICAL_SURFACE ( 'NONE', #1558, 1.424999999999999600 ) ;
#210 = ADVANCED_FACE ( 'NONE', ( #3331 ), #570, .F. ) ;
#211 = FACE_OUTER_BOUND ( 'NONE', #1148, .T. ) ;
#212 = PLANE ( 'NONE',  #954 ) ;
#213 = DIRECTION ( 'NONE',  ( -0.000000000000000000, -1.000000000000000000, -0.000000000000000000 ) ) ;
#214 = VERTEX_POINT ( 'NONE', #1420 ) ;
#215 = EDGE_LOOP ( 'NONE', ( #2301, #2362, #1371, #2573 ) ) ;
#216 = PLANE ( 'NONE',  #534 ) ;
#217 = EDGE_CURVE ( 'NONE', #573, #1004, #1363, .T. ) ;
#218 = DIRECTION ( 'NONE',  ( 7.779833121590977705E-17, 1.000000000000000000, 0.000000000000000000 ) ) ;
#219 = VERTEX_POINT ( 'NONE', #2163 ) ;
#220 = VERTEX_POINT ( 'NONE', #3075 ) ;
#221 = CARTESIAN_POINT ( 'NONE',  ( -72.14999999999994884, -6.610000000000006537, 16.50000000000153833 ) ) ;
#222 = VERTEX_POINT ( 'NONE', #3552 ) ;
#223 = CARTESIAN_POINT ( 'NONE',  ( -112.9499999999999744, -9.500338972710009600, -22.85966188955990930 ) ) ;
#224 = CARTESIAN_POINT ( 'NONE',  ( -72.14999999999994884, -24.11213394580208913, -24.55000000000000071 ) ) ;
#225 = ADVANCED_FACE ( 'NONE', ( #550, #292, #1676, #798, #3006, #1911 ), #216, .T. ) ;
#226 = EDGE_CURVE ( 'NONE', #2072, #1948, #3353, .T. ) ;
#227 = DIRECTION ( 'NONE',  ( 0.000000000000000000, 1.000000000000000000, 0.000000000000000000 ) ) ;
#228 = DIRECTION ( 'NONE',  ( -1.000000000000000000, 0.000000000000000000, 0.000000000000000000 ) ) ;
#229 = DIRECTION ( 'NONE',  ( -1.000000000000000000, 0.000000000000000000, 0.000000000000000000 ) ) ;
#230 = ORIENTED_EDGE ( 'NONE', *, *, #373, .F. ) ;
#231 = VERTEX_POINT ( 'NONE', #1639 ) ;
#232 = CIRCLE ( 'NONE', #3628, 3.000000000000001332 ) ;
#233 = CARTESIAN_POINT ( 'NONE',  ( -53.50000000000000000, 0.000000000000000000, -27.30000000000000426 ) ) ;
#234 = EDGE_CURVE ( 'NONE', #440, #204, #3512, .T. ) ;
#235 = AXIS2_PLACEMENT_3D ( 'NONE', #3536, #1873, #3277 ) ;
#236 = LINE ( 'NONE', #273, #3160 ) ;
#237 = EDGE_LOOP ( 'NONE', ( #30, #3599, #1645, #2366, #451, #1362 ) ) ;
#238 = VECTOR ( 'NONE', #422, 999.9999999999998863 ) ;
#239 = VECTOR ( 'NONE', #1855, 1000.000000000000000 ) ;
#240 = PRESENTATION_STYLE_ASSIGNMENT (( #1915 ) ) ;
#241 = VERTEX_POINT ( 'NONE', #1080 ) ;
#242 = CARTESIAN_POINT ( 'NONE',  ( -116.9499999999999744, -5.607800004312387898, -4.199999999998458300 ) ) ;
#243 = VECTOR ( 'NONE', #320, 1000.000000000000000 ) ;
#244 = EDGE_LOOP ( 'NONE', ( #2352, #352, #1181, #3158 ) ) ;
#245 = EDGE_CURVE ( 'NONE', #241, #2517, #2759, .T. ) ;
#246 = DIRECTION ( 'NONE',  ( 0.000000000000000000, -1.000000000000000000, 1.482669637587015198E-17 ) ) ;
#247 = AXIS2_PLACEMENT_3D ( 'NONE', #3010, #2166, #1810 ) ;
#248 = CYLINDRICAL_SURFACE ( 'NONE', #2311, 0.9000000000019027224 ) ;
#249 = LINE ( 'NONE', #880, #2725 ) ;
#250 = DIRECTION ( 'NONE',  ( 1.000000000000000000, -7.779833121590977705E-17, 6.162975822039154730E-33 ) ) ;
#251 = ORIENTED_EDGE ( 'NONE', *, *, #1089, .T. ) ;
#252 = EDGE_LOOP ( 'NONE', ( #1513, #1138 ) ) ;
#253 = PRODUCT_DEFINITION_CONTEXT ( 'detailed design', #3314, 'design' ) ;
#254 = DIRECTION ( 'NONE',  ( 1.000000000000000000, 0.000000000000000000, -0.000000000000000000 ) ) ;
#255 = DIRECTION ( 'NONE',  ( 0.000000000000000000, -0.000000000000000000, -1.000000000000000000 ) ) ;
#256 = VERTEX_POINT ( 'NONE', #1367 ) ;
#257 = CARTESIAN_POINT ( 'NONE',  ( -90.44999999999997442, 6.349999999999999645, -4.949497572824772540 ) ) ;
#258 = VERTEX_POINT ( 'NONE', #1057 ) ;
#259 = LINE ( 'NONE', #2501, #2580 ) ;
#260 = CIRCLE ( 'NONE', #141, 3.000000000000000000 ) ;
#261 = VERTEX_POINT ( 'NONE', #3590 ) ;
#262 = CARTESIAN_POINT ( 'NONE',  ( -116.9499999999999744, -37.61792319645751093, 28.05000000000000071 ) ) ;
#263 = DIRECTION ( 'NONE',  ( -0.000000000000000000, 1.000000000000000000, -0.000000000000000000 ) ) ;
#264 = CIRCLE ( 'NONE', #202, 1.002293481871904923 ) ;
#265 = EDGE_CURVE ( 'NONE', #3035, #319, #1402, .T. ) ;
#266 = AXIS2_PLACEMENT_3D ( 'NONE', #95, #1996, #604 ) ;
#267 = CARTESIAN_POINT ( 'NONE',  ( -90.44999999999997442, 0.000000000000000000, -7.949497572824773428 ) ) ;
#268 = DIRECTION ( 'NONE',  ( 0.000000000000000000, 1.000000000000000000, 0.000000000000000000 ) ) ;
#269 = ORIENTED_EDGE ( 'NONE', *, *, #1373, .T. ) ;
#270 = EDGE_LOOP ( 'NONE', ( #3020, #1613, #3317, #2674 ) ) ;
#271 = AXIS2_PLACEMENT_3D ( 'NONE', #510, #3544, #2938 ) ;
#272 = DIRECTION ( 'NONE',  ( -0.000000000000000000, 1.000000000000000000, -0.000000000000000000 ) ) ;
#273 = CARTESIAN_POINT ( 'NONE',  ( -78.99999999999995737, -4.500338972710007823, -7.199999999998458300 ) ) ;
#274 = CIRCLE ( 'NONE', #1050, 7.100000352873617082 ) ;
#275 = ORIENTED_EDGE ( 'NONE', *, *, #2389, .F. ) ;
#276 = EDGE_CURVE ( 'NONE', #2126, #489, #2987, .T. ) ;
#277 = LINE ( 'NONE', #1664, #1192 ) ;
#278 = ORIENTED_EDGE ( 'NONE', *, *, #1169, .F. ) ;
#279 = PLANE ( 'NONE',  #590 ) ;
#280 = ORIENTED_EDGE ( 'NONE', *, *, #1396, .T. ) ;
#281 = ORIENTED_EDGE ( 'NONE', *, *, #1633, .F. ) ;
#282 = PLANE ( 'NONE',  #892 ) ;
#283 = CARTESIAN_POINT ( 'NONE',  ( -76.14999999999994884, -27.11000000000001009, 16.50000000000153833 ) ) ;
#284 = ADVANCED_FACE ( 'NONE', ( #2235, #3037, #851 ), #1963, .T. ) ;
#285 = EDGE_CURVE ( 'NONE', #870, #3550, #3, .T. ) ;
#286 = CARTESIAN_POINT ( 'NONE',  ( -72.14999999999994884, 0.000000000000000000, 24.55000000000000071 ) ) ;
#287 = EDGE_CURVE ( 'NONE', #3379, #3426, #775, .T. ) ;
#288 = CARTESIAN_POINT ( 'NONE',  ( -112.9499999999999744, -27.45767651737898518, 4.835076018827155764 ) ) ;
#289 = ORIENTED_EDGE ( 'NONE', *, *, #1907, .T. ) ;
#290 = ORIENTED_EDGE ( 'NONE', *, *, #3299, .F. ) ;
#291 = EDGE_CURVE ( 'NONE', #2313, #1853, #1657, .T. ) ;
#292 = FACE_BOUND ( 'NONE', #298, .T. ) ;
#293 = PLANE ( 'NONE',  #301 ) ;
#294 = AXIS2_PLACEMENT_3D ( 'NONE', #3177, #3456, #3509 ) ;
#295 = ORIENTED_EDGE ( 'NONE', *, *, #1153, .T. ) ;
#296 = FACE_OUTER_BOUND ( 'NONE', #796, .T. ) ;
#297 = VECTOR ( 'NONE', #2169, 1000.000000000000000 ) ;
#298 = EDGE_LOOP ( 'NONE', ( #1298, #2582 ) ) ;
#299 = DIRECTION ( 'NONE',  ( 0.000000000000000000, 0.000000000000000000, -1.000000000000000000 ) ) ;
#300 = ORIENTED_EDGE ( 'NONE', *, *, #3032, .F. ) ;
#301 = AXIS2_PLACEMENT_3D ( 'NONE', #3093, #3060, #1422 ) ;
#302 = AXIS2_PLACEMENT_3D ( 'NONE', #2000, #1178, #1200 ) ;
#303 = CARTESIAN_POINT ( 'NONE',  ( -76.14999999999994884, -78.47458735225720261, -24.55000000000000071 ) ) ;
#304 = CYLINDRICAL_SURFACE ( 'NONE', #2201, 12.50000000000000178 ) ;
#305 = CIRCLE ( 'NONE', #1482, 3.000000000000001332 ) ;
#306 = CARTESIAN_POINT ( 'NONE',  ( -80.54999999999964189, -4.500338972710011376, 7.949497572825495517 ) ) ;
#307 = AXIS2_PLACEMENT_3D ( 'NONE', #1252, #1033, #1830 ) ;
#308 = AXIS2_PLACEMENT_3D ( 'NONE', #392, #876, #2328 ) ;
#309 = CARTESIAN_POINT ( 'NONE',  ( -56.84999999999998721, -20.61213394580206781, 28.05000000000000071 ) ) ;
#310 = ORIENTED_EDGE ( 'NONE', *, *, #2509, .T. ) ;
#311 = CARTESIAN_POINT ( 'NONE',  ( -80.55050242717467768, -4.500338972710011376, -4.949999999999799449 ) ) ;
#312 = DIRECTION ( 'NONE',  ( 0.000000000000000000, -1.000000000000000000, 0.000000000000000000 ) ) ;
#313 = EDGE_CURVE ( 'NONE', #2682, #3294, #641, .T. ) ;
#314 = ORIENTED_EDGE ( 'NONE', *, *, #2371, .F. ) ;
#315 = VERTEX_POINT ( 'NONE', #3406 ) ;
#316 = DIRECTION ( 'NONE',  ( -1.000000000000000000, 0.000000000000000000, 0.000000000000000000 ) ) ;
#317 = ORIENTED_EDGE ( 'NONE', *, *, #3582, .F. ) ;
#318 = LINE ( 'NONE', #18, #1709 ) ;
#319 = VERTEX_POINT ( 'NONE', #3092 ) ;
#320 = DIRECTION ( 'NONE',  ( 0.000000000000000000, 0.000000000000000000, 1.000000000000000000 ) ) ;
#321 = DIRECTION ( 'NONE',  ( 1.000000000000000000, -0.000000000000000000, -0.000000000000000000 ) ) ;
#322 = DIRECTION ( 'NONE',  ( -0.000000000000000000, 0.9063077870366517130, 0.4226182617406958886 ) ) ;
#323 = EDGE_CURVE ( 'NONE', #1581, #220, #1245, .T. ) ;
#324 = CARTESIAN_POINT ( 'NONE',  ( -78.99999999999995737, -6.610000000000006537, 16.50000000000153833 ) ) ;
#325 = EDGE_CURVE ( 'NONE', #1328, #1532, #2889, .T. ) ;
#326 = CARTESIAN_POINT ( 'NONE',  ( -112.9499999999999744, -27.45767651737898518, -1.537918005908522900 ) ) ;
#327 = VECTOR ( 'NONE', #2211, 1000.000000000000000 ) ;
#328 = APPLICATION_PROTOCOL_DEFINITION ( 'draft international standard', 'automotive_design', 1998, #2307 ) ;
#329 = ORIENTED_EDGE ( 'NONE', *, *, #2565, .F. ) ;
#330 = VECTOR ( 'NONE', #3475, 1000.000000000000000 ) ;
#331 = CARTESIAN_POINT ( 'NONE',  ( -72.14999999999994884, -16.85999999999956245, -5.399999999998658318 ) ) ;
#332 = DIRECTION ( 'NONE',  ( 0.000000000000000000, 0.000000000000000000, -1.000000000000000000 ) ) ;
#333 = EDGE_LOOP ( 'NONE', ( #2267, #3072 ) ) ;
#334 = EDGE_CURVE ( 'NONE', #2979, #156, #3280, .T. ) ;
#335 = CARTESIAN_POINT ( 'NONE',  ( -116.9499999999999744, -27.45767651737898518, -1.037918005908522456 ) ) ;
#336 = ORIENTED_EDGE ( 'NONE', *, *, #1468, .F. ) ;
#337 = DIRECTION ( 'NONE',  ( -0.000000000000000000, 1.000000000000000000, -0.000000000000000000 ) ) ;
#338 = ORIENTED_EDGE ( 'NONE', *, *, #2018, .T. ) ;
#339 = DIRECTION ( 'NONE',  ( 1.000000000000000000, -9.745637505487680998E-17, 0.000000000000000000 ) ) ;
#340 = ORIENTED_EDGE ( 'NONE', *, *, #3038, .F. ) ;
#341 = LINE ( 'NONE', #2598, #1483 ) ;
#342 = CARTESIAN_POINT ( 'NONE',  ( -52.74999999999999289, 6.349999999999999645, -28.05000000000000426 ) ) ;
#343 = DIRECTION ( 'NONE',  ( -1.000000000000000000, 9.745637505487680998E-17, 0.000000000000000000 ) ) ;
#344 = EDGE_CURVE ( 'NONE', #1853, #2313, #115, .T. ) ;
#345 = ORIENTED_EDGE ( 'NONE', *, *, #1526, .F. ) ;
#346 = ADVANCED_FACE ( 'NONE', ( #2051 ), #64, .F. ) ;
#347 = LINE ( 'NONE', #2251, #3346 ) ;
#348 = CARTESIAN_POINT ( 'NONE',  ( -85.49999999999998579, -9.500338972710009600, 0.000000000000000000 ) ) ;
#349 = ORIENTED_EDGE ( 'NONE', *, *, #2459, .T. ) ;
#350 = LINE ( 'NONE', #335, #443 ) ;
#351 = ADVANCED_FACE ( 'NONE', ( #384 ), #3386, .F. ) ;
#352 = ORIENTED_EDGE ( 'NONE', *, *, #3007, .F. ) ;
#353 = LINE ( 'NONE', #389, #1762 ) ;
#354 = ORIENTED_EDGE ( 'NONE', *, *, #1003, .T. ) ;
#355 = VECTOR ( 'NONE', #490, 1000.000000000000000 ) ;
#356 = DIRECTION ( 'NONE',  ( 1.000000000000000000, -0.000000000000000000, -0.000000000000000000 ) ) ;
#357 = ORIENTED_EDGE ( 'NONE', *, *, #607, .T. ) ;
#358 = DIRECTION ( 'NONE',  ( 0.000000000000000000, 0.000000000000000000, 1.000000000000000000 ) ) ;
#359 = CIRCLE ( 'NONE', #1938, 1.002293481871901371 ) ;
#360 = AXIS2_PLACEMENT_3D ( 'NONE', #1492, #627, #608 ) ;
#361 = EDGE_CURVE ( 'NONE', #1242, #1515, #1471, .T. ) ;
#362 = CARTESIAN_POINT ( 'NONE',  ( -112.9499999999999744, -6.760289708239330508, -1.537918005908522900 ) ) ;
#363 = VECTOR ( 'NONE', #1864, 1000.000000000000000 ) ;
#364 = CIRCLE ( 'NONE', #2231, 1.425000000000000044 ) ;
#365 = CARTESIAN_POINT ( 'NONE',  ( -116.9499999999999744, -39.25000000000000000, 24.55000000000000071 ) ) ;
#366 = AXIS2_PLACEMENT_3D ( 'NONE', #3520, #1531, #2645 ) ;
#367 = VERTEX_POINT ( 'NONE', #1728 ) ;
#368 = VECTOR ( 'NONE', #316, 1000.000000000000000 ) ;
#369 = CARTESIAN_POINT ( 'NONE',  ( -116.9499999999999744, -6.610000000000003872, 20.25000000000153477 ) ) ;
#370 = CARTESIAN_POINT ( 'NONE',  ( -85.49999999999998579, 0.000000000000000000, -24.55000000000000071 ) ) ;
#371 = ORIENTED_EDGE ( 'NONE', *, *, #2342, .T. ) ;
#372 = ORIENTED_EDGE ( 'NONE', *, *, #1978, .F. ) ;
#373 = EDGE_CURVE ( 'NONE', #1698, #1768, #12, .T. ) ;
#374 = CARTESIAN_POINT ( 'NONE',  ( -52.74999999999999289, 0.000000000000000000, 24.55000000000000071 ) ) ;
#375 = EDGE_LOOP ( 'NONE', ( #3521, #3482, #2537, #2320 ) ) ;
#376 = VERTEX_POINT ( 'NONE', #3162 ) ;
#377 = LINE ( 'NONE', #89, #2875 ) ;
#378 = ORIENTED_EDGE ( 'NONE', *, *, #2094, .F. ) ;
#379 = FACE_BOUND ( 'NONE', #2802, .T. ) ;
#380 = CARTESIAN_POINT ( 'NONE',  ( -72.14999999999994884, 0.000000000000000000, 0.000000000000000000 ) ) ;
#381 = EDGE_CURVE ( 'NONE', #3035, #256, #81, .T. ) ;
#382 = CARTESIAN_POINT ( 'NONE',  ( -112.9499999999999744, -27.45767651737898518, 4.835076018827155764 ) ) ;
#383 = ORIENTED_EDGE ( 'NONE', *, *, #1904, .F. ) ;
#384 = FACE_OUTER_BOUND ( 'NONE', #2862, .T. ) ;
#385 = DIRECTION ( 'NONE',  ( -0.000000000000000000, 1.000000000000000000, -0.000000000000000000 ) ) ;
#386 = ORIENTED_EDGE ( 'NONE', *, *, #325, .F. ) ;
#387 = VERTEX_POINT ( 'NONE', #331 ) ;
#388 = VERTEX_POINT ( 'NONE', #28 ) ;
#389 = CARTESIAN_POINT ( 'NONE',  ( -90.44999999999997442, -29.25000000000000000, -3.524497572824773162 ) ) ;
#390 = ORIENTED_EDGE ( 'NONE', *, *, #938, .F. ) ;
#391 = EDGE_CURVE ( 'NONE', #895, #498, #364, .T. ) ;
#392 = CARTESIAN_POINT ( 'NONE',  ( -51.71209851473932417, 7.284673051414351423E-15, 12.49999999999998224 ) ) ;
#393 = ORIENTED_EDGE ( 'NONE', *, *, #1051, .F. ) ;
#394 = LINE ( 'NONE', #1264, #1012 ) ;
#395 = CIRCLE ( 'NONE', #3084, 0.9000000000014556356 ) ;
#396 = LINE ( 'NONE', #362, #3163 ) ;
#397 = CARTESIAN_POINT ( 'NONE',  ( -116.4499999999999886, -6.760289708239329620, 4.335076018827155764 ) ) ;
#398 = EDGE_CURVE ( 'NONE', #516, #2324, #2853, .T. ) ;
#399 = EDGE_CURVE ( 'NONE', #2845, #3441, #347, .T. ) ;
#400 = FACE_OUTER_BOUND ( 'NONE', #2281, .T. ) ;
#401 = CARTESIAN_POINT ( 'NONE',  ( -116.4499999999999886, -29.25000000000000000, 19.41500000000000270 ) ) ;
#402 = EDGE_LOOP ( 'NONE', ( #2771, #1609, #2075, #2964 ) ) ;
#403 = EDGE_CURVE ( 'NONE', #2255, #1262, #2036, .T. ) ;
#404 = ORIENTED_EDGE ( 'NONE', *, *, #2923, .F. ) ;
#405 = DIRECTION ( 'NONE',  ( 0.000000000000000000, -0.7071067811865537900, 0.7071067811865412445 ) ) ;
#406 = CARTESIAN_POINT ( 'NONE',  ( -111.0499999999999829, 1.950397079272457286E-15, 18.00000000000153477 ) ) ;
#407 = EDGE_LOOP ( 'NONE', ( #3135, #17, #2340, #2539, #857, #3446, #2380, #3334 ) ) ;
#408 = CARTESIAN_POINT ( 'NONE',  ( -116.9499999999999744, -53.34604593830443520, 1.040834085586084257E-14 ) ) ;
#409 = EDGE_LOOP ( 'NONE', ( #34, #2263, #317 ) ) ;
#410 = CARTESIAN_POINT ( 'NONE',  ( -85.49999999999998579, 0.000000000000000000, -28.05000000000000071 ) ) ;
#411 = VECTOR ( 'NONE', #1168, 1000.000000000000000 ) ;
#412 = DIRECTION ( 'NONE',  ( 0.000000000000000000, 1.000000000000000000, 0.000000000000000000 ) ) ;
#413 = DIRECTION ( 'NONE',  ( 1.000000000000000000, 0.000000000000000000, 0.000000000000000000 ) ) ;
#414 = AXIS2_PLACEMENT_3D ( 'NONE', #722, #3553, #2658 ) ;
#415 = ADVANCED_FACE ( 'NONE', ( #1811 ), #1850, .T. ) ;
#416 = VECTOR ( 'NONE', #578, 1000.000000000000000 ) ;
#417 = VECTOR ( 'NONE', #1660, 1000.000000000000000 ) ;
#418 = CARTESIAN_POINT ( 'NONE',  ( -52.74999999999999289, -16.85999999999956245, -12.49999999999865885 ) ) ;
#419 = LINE ( 'NONE', #2143, #2872 ) ;
#420 = CARTESIAN_POINT ( 'NONE',  ( -76.14999999999994884, -8.720338972710004910, 19.50000000000153833 ) ) ;
#421 = VECTOR ( 'NONE', #2413, 1000.000000000000000 ) ;
#422 = DIRECTION ( 'NONE',  ( -0.000000000000000000, -0.4226182617406958886, -0.9063077870366517130 ) ) ;
#423 = ORIENTED_EDGE ( 'NONE', *, *, #2993, .T. ) ;
#424 = VERTEX_POINT ( 'NONE', #1287 ) ;
#425 = FACE_OUTER_BOUND ( 'NONE', #2071, .T. ) ;
#426 = EDGE_CURVE ( 'NONE', #2855, #1401, #1305, .T. ) ;
#427 = DIRECTION ( 'NONE',  ( -1.000000000000000000, 0.000000000000000000, 0.000000000000000000 ) ) ;
#428 = ORIENTED_EDGE ( 'NONE', *, *, #313, .T. ) ;
#429 = LINE ( 'NONE', #1551, #2590 ) ;
#430 = ORIENTED_EDGE ( 'NONE', *, *, #2887, .T. ) ;
#431 = CARTESIAN_POINT ( 'NONE',  ( -90.44949757282493863, 0.000000000000000000, 4.950000000000527756 ) ) ;
#432 = CARTESIAN_POINT ( 'NONE',  ( -80.54999999999964189, -4.500338972710011376, 4.949497572825494629 ) ) ;
#433 = CARTESIAN_POINT ( 'NONE',  ( -80.54999999999964189, -4.500338972710011376, 1.949497572825494185 ) ) ;
#434 = EDGE_CURVE ( 'NONE', #1581, #424, #1014, .T. ) ;
#435 = CARTESIAN_POINT ( 'NONE',  ( -116.4499999999999886, -28.10953272676582770, -4.199999999998461853 ) ) ;
#436 = DIRECTION ( 'NONE',  ( 0.000000000000000000, 0.000000000000000000, 1.000000000000000000 ) ) ;
#437 = CARTESIAN_POINT ( 'NONE',  ( -78.99999999999995737, -27.11000000000000654, -3.299999999997006217 ) ) ;
#438 = FACE_OUTER_BOUND ( 'NONE', #188, .T. ) ;
#439 = CIRCLE ( 'NONE', #3364, 0.9000000000019031665 ) ;
#440 = VERTEX_POINT ( 'NONE', #2394 ) ;
#441 = ORIENTED_EDGE ( 'NONE', *, *, #2660, .T. ) ;
#442 = UNCERTAINTY_MEASURE_WITH_UNIT (LENGTH_MEASURE( 1.000000000000000082E-05 ), #1726, 'distance_accuracy_value', 'NONE');
#443 = VECTOR ( 'NONE', #972, 1000.000000000000000 ) ;
#444 = LINE ( 'NONE', #2382, #1010 ) ;
#445 = EDGE_CURVE ( 'NONE', #3388, #2951, #3212, .T. ) ;
#446 = DIRECTION ( 'NONE',  ( -1.000000000000000000, 7.779833121590977705E-17, -6.162975822039154730E-33 ) ) ;
#447 = CIRCLE ( 'NONE', #1100, 0.9000000000019031665 ) ;
#448 = VERTEX_POINT ( 'NONE', #2122 ) ;
#449 = EDGE_CURVE ( 'NONE', #489, #2126, #2349, .T. ) ;
#450 = FACE_OUTER_BOUND ( 'NONE', #270, .T. ) ;
#451 = ORIENTED_EDGE ( 'NONE', *, *, #906, .T. ) ;
#452 = EDGE_CURVE ( 'NONE', #3133, #2133, #419, .T. ) ;
#453 = CARTESIAN_POINT ( 'NONE',  ( -72.64999999999996305, -24.11214197290103911, -24.55000000000000071 ) ) ;
#454 = ORIENTED_EDGE ( 'NONE', *, *, #672, .T. ) ;
#455 = DIRECTION ( 'NONE',  ( 0.000000000000000000, 0.000000000000000000, -1.000000000000000000 ) ) ;
#456 = CARTESIAN_POINT ( 'NONE',  ( -90.44999999999997442, 0.000000000000000000, -4.949497572824772540 ) ) ;
#457 = DIRECTION ( 'NONE',  ( 1.000000000000000000, -7.779833121590977705E-17, 6.162975822039154730E-33 ) ) ;
#458 = DIRECTION ( 'NONE',  ( 1.000000000000000000, -7.779833121590977705E-17, 6.162975822039154730E-33 ) ) ;
#459 = CARTESIAN_POINT ( 'NONE',  ( -116.9499999999999744, -6.760289708239330508, -1.037918005908522900 ) ) ;
#460 = LINE ( 'NONE', #120, #3284 ) ;
#461 = ADVANCED_FACE ( 'NONE', ( #2086 ), #1541, .F. ) ;
#462 = ORIENTED_EDGE ( 'NONE', *, *, #2488, .F. ) ;
#463 = ORIENTED_EDGE ( 'NONE', *, *, #3021, .F. ) ;
#464 = FACE_OUTER_BOUND ( 'NONE', #2271, .T. ) ;
#465 = CARTESIAN_POINT ( 'NONE',  ( -76.14999999999994884, -4.500338972710011376, -7.199999999998457412 ) ) ;
#466 = ORIENTED_EDGE ( 'NONE', *, *, #2884, .T. ) ;
#467 = CARTESIAN_POINT ( 'NONE',  ( -85.49999999999998579, -20.61213394580206781, 28.05000000000000071 ) ) ;
#468 = ORIENTED_EDGE ( 'NONE', *, *, #198, .T. ) ;
#469 = CARTESIAN_POINT ( 'NONE',  ( -116.9499999999999744, -26.11046727323418537, -4.199999999998461853 ) ) ;
#470 = ORIENTED_EDGE ( 'NONE', *, *, #3491, .F. ) ;
#471 = CARTESIAN_POINT ( 'NONE',  ( -72.14999999999994884, -6.610000000000006537, 16.50000000000153833 ) ) ;
#472 = DIRECTION ( 'NONE',  ( 0.000000000000000000, 0.000000000000000000, 1.000000000000000000 ) ) ;
#473 = EDGE_CURVE ( 'NONE', #3329, #3441, #1794, .T. ) ;
#474 = AXIS2_PLACEMENT_3D ( 'NONE', #1992, #228, #1073 ) ;
#475 = VECTOR ( 'NONE', #1528, 1000.000000000000000 ) ;
#476 = DIRECTION ( 'NONE',  ( 0.000000000000000000, 1.000000000000000000, 0.000000000000000000 ) ) ;
#477 = LINE ( 'NONE', #1603, #1717 ) ;
#478 = CIRCLE ( 'NONE', #1534, 3.000000000000000000 ) ;
#479 = ORIENTED_EDGE ( 'NONE', *, *, #1971, .F. ) ;
#480 = ORIENTED_EDGE ( 'NONE', *, *, #2100, .F. ) ;
#481 = AXIS2_PLACEMENT_3D ( 'NONE', #2995, #3504, #1826 ) ;
#482 = CIRCLE ( 'NONE', #942, 7.100000352873621523 ) ;
#483 = DIRECTION ( 'NONE',  ( 0.000000000000000000, 0.000000000000000000, -1.000000000000000000 ) ) ;
#484 = DIRECTION ( 'NONE',  ( 1.000000000000000000, -0.000000000000000000, -0.000000000000000000 ) ) ;
#485 = ORIENTED_EDGE ( 'NONE', *, *, #3598, .T. ) ;
#486 = AXIS2_PLACEMENT_3D ( 'NONE', #843, #1935, #2541 ) ;
#487 = EDGE_CURVE ( 'NONE', #1758, #2682, #2905, .T. ) ;
#488 = LINE ( 'NONE', #203, #1604 ) ;
#489 = VERTEX_POINT ( 'NONE', #3529 ) ;
#490 = DIRECTION ( 'NONE',  ( 1.000000000000000000, -7.779833121590977705E-17, 6.162975822039154730E-33 ) ) ;
#491 = ORIENTED_EDGE ( 'NONE', *, *, #1383, .T. ) ;
#492 = DIRECTION ( 'NONE',  ( -1.000000000000000000, 7.779833121590977705E-17, -6.162975822039154730E-33 ) ) ;
#493 = CARTESIAN_POINT ( 'NONE',  ( -80.55050242717467768, -4.500338972710011376, -1.949999999999799005 ) ) ;
#494 = CARTESIAN_POINT ( 'NONE',  ( -80.55050242717467768, -4.500338972710011376, -4.949999999999799449 ) ) ;
#495 = DIRECTION ( 'NONE',  ( -1.000000000000000000, -0.000000000000000000, -0.000000000000000000 ) ) ;
#496 = ADVANCED_FACE ( 'NONE', ( #400 ), #991, .F. ) ;
#497 = DIRECTION ( 'NONE',  ( 0.000000000000000000, 0.000000000000000000, -1.000000000000000000 ) ) ;
#498 = VERTEX_POINT ( 'NONE', #2669 ) ;
#499 = VERTEX_POINT ( 'NONE', #153 ) ;
#500 = CARTESIAN_POINT ( 'NONE',  ( -116.4499999999999886, -7.612199995687619847, -4.199999999998458300 ) ) ;
#501 = CARTESIAN_POINT ( 'NONE',  ( -111.0499999999999829, 1.921485021339510764E-15, -1.949999999999989519 ) ) ;
#502 = ORIENTED_EDGE ( 'NONE', *, *, #3469, .F. ) ;
#503 =( NAMED_UNIT ( * ) PLANE_ANGLE_UNIT ( ) SI_UNIT ( $, .RADIAN. ) );
#504 = VERTEX_POINT ( 'NONE', #713 ) ;
#505 = CARTESIAN_POINT ( 'NONE',  ( -116.4499999999999886, -27.11000000000000654, 20.25000000000153477 ) ) ;
#506 = EDGE_CURVE ( 'NONE', #2897, #3533, #109, .T. ) ;
#507 = ORIENTED_EDGE ( 'NONE', *, *, #571, .T. ) ;
#508 = VECTOR ( 'NONE', #3381, 1000.000000000000000 ) ;
#509 = LINE ( 'NONE', #1631, #2932 ) ;
#510 = CARTESIAN_POINT ( 'NONE',  ( -80.55050242717467768, 0.000000000000000000, -4.949999999999799449 ) ) ;
#511 = EDGE_CURVE ( 'NONE', #998, #387, #1587, .T. ) ;
#512 = LINE ( 'NONE', #1032, #1735 ) ;
#513 = DIRECTION ( 'NONE',  ( 0.000000000000000000, 0.000000000000000000, -1.000000000000000000 ) ) ;
#514 = DIRECTION ( 'NONE',  ( 0.000000000000000000, 1.000000000000000000, 0.000000000000000000 ) ) ;
#515 = EDGE_CURVE ( 'NONE', #2517, #1853, #1522, .T. ) ;
#516 = VERTEX_POINT ( 'NONE', #2960 ) ;
#517 = ORIENTED_EDGE ( 'NONE', *, *, #607, .F. ) ;
#518 = DIRECTION ( 'NONE',  ( 0.000000000000000000, 0.000000000000000000, -1.000000000000000000 ) ) ;
#519 = DIRECTION ( 'NONE',  ( 0.000000000000000000, 1.000000000000000000, 0.000000000000000000 ) ) ;
#520 = EDGE_CURVE ( 'NONE', #516, #2255, #3625, .T. ) ;
#521 = ORIENTED_EDGE ( 'NONE', *, *, #1330, .T. ) ;
#522 = CYLINDRICAL_SURFACE ( 'NONE', #2416, 7.099999999999999645 ) ;
#523 = FACE_OUTER_BOUND ( 'NONE', #1313, .T. ) ;
#524 = VERTEX_POINT ( 'NONE', #1308 ) ;
#525 = DIRECTION ( 'NONE',  ( 1.000000000000000000, 0.000000000000000000, -2.282530889443168600E-15 ) ) ;
#526 = CARTESIAN_POINT ( 'NONE',  ( -72.14999999999994884, -24.11213394580208913, 24.55000000000000071 ) ) ;
#527 = CARTESIAN_POINT ( 'NONE',  ( -72.14999999999996305, 0.000000000000000000, -24.55000000000000071 ) ) ;
#528 = CARTESIAN_POINT ( 'NONE',  ( -116.9499999999999744, -44.41604593830443548, -12.49999999999999112 ) ) ;
#529 = ORIENTED_EDGE ( 'NONE', *, *, #2242, .T. ) ;
#530 = ORIENTED_EDGE ( 'NONE', *, *, #2730, .T. ) ;
#531 = CARTESIAN_POINT ( 'NONE',  ( -111.0499999999999829, -6.610000000000003872, -4.199999999998458300 ) ) ;
#532 = VECTOR ( 'NONE', #2480, 1000.000000000000114 ) ;
#533 = CARTESIAN_POINT ( 'NONE',  ( -116.9499999999999744, -44.41604593830443548, -12.49999999999999112 ) ) ;
#534 = AXIS2_PLACEMENT_3D ( 'NONE', #2479, #254, #3023 ) ;
#535 = ORIENTED_EDGE ( 'NONE', *, *, #189, .T. ) ;
#536 = VECTOR ( 'NONE', #3586, 1000.000000000000000 ) ;
#537 = EDGE_CURVE ( 'NONE', #1948, #231, #1509, .T. ) ;
#538 = DIRECTION ( 'NONE',  ( -7.779833121590977705E-17, -1.000000000000000000, 0.000000000000000000 ) ) ;
#539 = ORIENTED_EDGE ( 'NONE', *, *, #361, .T. ) ;
#540 = CARTESIAN_POINT ( 'NONE',  ( -116.4499999999999886, -28.11229348187190880, 20.25000000000153477 ) ) ;
#541 = VECTOR ( 'NONE', #2486, 1000.000000000000000 ) ;
#542 = ORIENTED_EDGE ( 'NONE', *, *, #449, .F. ) ;
#543 = CYLINDRICAL_SURFACE ( 'NONE', #3462, 1.002293481871904923 ) ;
#544 = DIRECTION ( 'NONE',  ( 0.000000000000000000, 0.000000000000000000, -1.000000000000000000 ) ) ;
#545 = FACE_OUTER_BOUND ( 'NONE', #1290, .T. ) ;
#546 = CYLINDRICAL_SURFACE ( 'NONE', #1333, 0.9997466849082959905 ) ;
#547 = EDGE_LOOP ( 'NONE', ( #3580, #2719, #3572, #2347 ) ) ;
#548 = EDGE_CURVE ( 'NONE', #499, #2859, #2704, .T. ) ;
#549 = ORIENTED_EDGE ( 'NONE', *, *, #831, .T. ) ;
#550 = FACE_BOUND ( 'NONE', #2497, .T. ) ;
#551 = CARTESIAN_POINT ( 'NONE',  ( -116.9499999999999744, -6.610000000000003872, -4.199999999998458300 ) ) ;
#552 = VERTEX_POINT ( 'NONE', #2377 ) ;
#553 = DIRECTION ( 'NONE',  ( 0.000000000000000000, 0.000000000000000000, 1.000000000000000000 ) ) ;
#554 = ADVANCED_FACE ( 'NONE', ( #1890 ), #2728, .F. ) ;
#555 = ORIENTED_EDGE ( 'NONE', *, *, #988, .T. ) ;
#556 = LINE ( 'NONE', #2292, #411 ) ;
#557 = ORIENTED_EDGE ( 'NONE', *, *, #3153, .F. ) ;
#558 = ADVANCED_FACE ( 'NONE', ( #1450 ), #3382, .F. ) ;
#559 = VECTOR ( 'NONE', #971, 1000.000000000000000 ) ;
#560 = ORIENTED_EDGE ( 'NONE', *, *, #111, .F. ) ;
#561 = DIRECTION ( 'NONE',  ( 0.000000000000000000, -1.000000000000000000, 0.000000000000000000 ) ) ;
#562 = DIRECTION ( 'NONE',  ( 1.000000000000000000, 0.000000000000000000, 0.000000000000000000 ) ) ;
#563 = CIRCLE ( 'NONE', #2896, 1.002293481871904923 ) ;
#564 = AXIS2_PLACEMENT_3D ( 'NONE', #2634, #194, #1326 ) ;
#565 = DIRECTION ( 'NONE',  ( -1.000000000000000000, 0.000000000000000000, 0.000000000000000000 ) ) ;
#566 = CARTESIAN_POINT ( 'NONE',  ( -90.44949757282493863, -4.500338972710011376, 7.950000000000529532 ) ) ;
#567 = ORIENTED_EDGE ( 'NONE', *, *, #1590, .T. ) ;
#568 = ORIENTED_EDGE ( 'NONE', *, *, #1550, .F. ) ;
#569 = VECTOR ( 'NONE', #918, 1000.000000000000000 ) ;
#570 = PLANE ( 'NONE',  #1303 ) ;
#571 = EDGE_CURVE ( 'NONE', #661, #2515, #2167, .T. ) ;
#572 = DIRECTION ( 'NONE',  ( 1.000000000000000000, 0.000000000000000000, 0.000000000000000000 ) ) ;
#573 = VERTEX_POINT ( 'NONE', #1618 ) ;
#574 = DIRECTION ( 'NONE',  ( 1.000000000000000000, -0.000000000000000000, -0.000000000000000000 ) ) ;
#575 = ORIENTED_EDGE ( 'NONE', *, *, #3591, .T. ) ;
#576 = FACE_OUTER_BOUND ( 'NONE', #1230, .T. ) ;
#577 = EDGE_LOOP ( 'NONE', ( #542, #2090 ) ) ;
#578 = DIRECTION ( 'NONE',  ( 7.779833121590977705E-17, 1.000000000000000000, 0.000000000000000000 ) ) ;
#579 = CARTESIAN_POINT ( 'NONE',  ( -90.44949757282493863, -29.25000000000000000, 3.525000000000527933 ) ) ;
#580 = LINE ( 'NONE', #1157, #601 ) ;
#581 = EDGE_CURVE ( 'NONE', #828, #2623, #482, .T. ) ;
#582 = CARTESIAN_POINT ( 'NONE',  ( -53.50000000000000000, 0.000000000000000000, -24.55000000000000071 ) ) ;
#583 = ADVANCED_FACE ( 'NONE', ( #1343 ), #212, .F. ) ;
#584 = ORIENTED_EDGE ( 'NONE', *, *, #2784, .T. ) ;
#585 = ORIENTED_EDGE ( 'NONE', *, *, #381, .F. ) ;
#586 = CARTESIAN_POINT ( 'NONE',  ( -90.44949757282493863, 6.349999999999999645, 4.950000000000527756 ) ) ;
#587 = CYLINDRICAL_SURFACE ( 'NONE', #3570, 0.9995327267658220549 ) ;
#588 = CIRCLE ( 'NONE', #1426, 0.9000000000019027224 ) ;
#589 = CYLINDRICAL_SURFACE ( 'NONE', #1949, 0.9000000000014556356 ) ;
#590 = AXIS2_PLACEMENT_3D ( 'NONE', #2189, #3302, #805 ) ;
#591 = DIRECTION ( 'NONE',  ( 0.000000000000000000, 1.000000000000000000, 0.000000000000000000 ) ) ;
#592 = DIRECTION ( 'NONE',  ( 0.000000000000000000, 1.000000000000000000, 0.000000000000000000 ) ) ;
#593 = EDGE_LOOP ( 'NONE', ( #930, #295, #2214, #736 ) ) ;
#594 = AXIS2_PLACEMENT_3D ( 'NONE', #2002, #2265, #2549 ) ;
#595 = CIRCLE ( 'NONE', #2928, 3.000000000000000000 ) ;
#596 = EDGE_CURVE ( 'NONE', #2926, #1233, #771, .T. ) ;
#597 = DIRECTION ( 'NONE',  ( 0.000000000000000000, 0.000000000000000000, -1.000000000000000000 ) ) ;
#598 = CARTESIAN_POINT ( 'NONE',  ( -56.09999999999998010, 0.000000000000000000, 27.30000000000000071 ) ) ;
#599 = AXIS2_PLACEMENT_3D ( 'NONE', #1265, #3526, #455 ) ;
#600 = DIRECTION ( 'NONE',  ( 1.000000000000000000, 0.000000000000000000, 0.000000000000000000 ) ) ;
#601 = VECTOR ( 'NONE', #2261, 1000.000000000000000 ) ;
#602 = AXIS2_PLACEMENT_3D ( 'NONE', #408, #687, #743 ) ;
#603 = FACE_BOUND ( 'NONE', #333, .T. ) ;
#604 = DIRECTION ( 'NONE',  ( 0.000000000000000000, 0.000000000000000000, -1.000000000000000000 ) ) ;
#605 = ORIENTED_EDGE ( 'NONE', *, *, #3182, .F. ) ;
#606 = EDGE_CURVE ( 'NONE', #1879, #90, #588, .T. ) ;
#607 = EDGE_CURVE ( 'NONE', #3379, #2274, #1359, .T. ) ;
#608 = DIRECTION ( 'NONE',  ( -1.000000000000000000, 0.000000000000000000, 0.000000000000000000 ) ) ;
#609 = DIRECTION ( 'NONE',  ( 0.000000000000000000, 1.000000000000000000, 1.299418334065024133E-16 ) ) ;
#610 = ORIENTED_EDGE ( 'NONE', *, *, #1392, .F. ) ;
#611 = CARTESIAN_POINT ( 'NONE',  ( -76.14999999999994884, -9.500338972710009600, 24.55000000000000071 ) ) ;
#612 = ORIENTED_EDGE ( 'NONE', *, *, #1922, .F. ) ;
#613 = DIRECTION ( 'NONE',  ( 0.000000000000000000, 1.000000000000000000, 0.000000000000000000 ) ) ;
#614 = ORIENTED_EDGE ( 'NONE', *, *, #2161, .T. ) ;
#615 = EDGE_CURVE ( 'NONE', #3352, #1328, #3018, .T. ) ;
#616 = CARTESIAN_POINT ( 'NONE',  ( -116.9499999999999744, -53.34604593830443520, -12.49999999999999289 ) ) ;
#617 = VERTEX_POINT ( 'NONE', #306 ) ;
#618 = DIRECTION ( 'NONE',  ( 0.000000000000000000, 1.000000000000000000, 0.000000000000000000 ) ) ;
#619 = EDGE_CURVE ( 'NONE', #3412, #2787, #23, .T. ) ;
#620 = DIRECTION ( 'NONE',  ( 0.000000000000000000, 0.000000000000000000, -1.000000000000000000 ) ) ;
#621 = DIRECTION ( 'NONE',  ( 0.000000000000000000, 0.000000000000000000, -1.000000000000000000 ) ) ;
#622 = VECTOR ( 'NONE', #1959, 1000.000000000000000 ) ;
#623 = CARTESIAN_POINT ( 'NONE',  ( -116.9499999999999744, -53.34604593830443520, 12.50000000000001243 ) ) ;
#624 = EDGE_LOOP ( 'NONE', ( #1690, #3057, #3396, #853 ) ) ;
#625 = ADVANCED_FACE ( 'NONE', ( #3363 ), #861, .F. ) ;
#626 = EDGE_CURVE ( 'NONE', #1400, #3294, #580, .T. ) ;
#627 = DIRECTION ( 'NONE',  ( 0.000000000000000000, 0.000000000000000000, 1.000000000000000000 ) ) ;
#628 = DIRECTION ( 'NONE',  ( 0.000000000000000000, 0.000000000000000000, -1.000000000000000000 ) ) ;
#629 = ORIENTED_EDGE ( 'NONE', *, *, #1285, .F. ) ;
#630 = CARTESIAN_POINT ( 'NONE',  ( -80.55050242717467768, 6.349999999999999645, -6.374999999999799272 ) ) ;
#631 = ORIENTED_EDGE ( 'NONE', *, *, #1978, .T. ) ;
#632 = EDGE_CURVE ( 'NONE', #926, #2458, #878, .T. ) ;
#633 = CARTESIAN_POINT ( 'NONE',  ( -51.71209851473932417, -53.34604593830443520, 1.040834085586084257E-14 ) ) ;
#634 = EDGE_LOOP ( 'NONE', ( #2165, #612, #1638, #2257 ) ) ;
#635 = LINE ( 'NONE', #3395, #3052 ) ;
#636 = ORIENTED_EDGE ( 'NONE', *, *, #1263, .F. ) ;
#637 = CARTESIAN_POINT ( 'NONE',  ( -85.49999999999998579, 0.000000000000000000, 24.55000000000000071 ) ) ;
#638 = CARTESIAN_POINT ( 'NONE',  ( -72.14999999999994884, -24.33107499999995937, -24.33107500000002332 ) ) ;
#639 = CARTESIAN_POINT ( 'NONE',  ( -76.14999999999994884, -24.11213394580208913, -24.55000000000000071 ) ) ;
#640 = ORIENTED_EDGE ( 'NONE', *, *, #615, .F. ) ;
#641 = LINE ( 'NONE', #2869, #2814 ) ;
#642 = CARTESIAN_POINT ( 'NONE',  ( -56.09999999999998010, -23.34828442116732106, 24.55000000000000071 ) ) ;
#643 = ORIENTED_EDGE ( 'NONE', *, *, #3110, .T. ) ;
#644 = EDGE_LOOP ( 'NONE', ( #466, #251 ) ) ;
#645 = DIRECTION ( 'NONE',  ( -1.000000000000000000, 0.000000000000000000, 0.000000000000000000 ) ) ;
#646 = ORIENTED_EDGE ( 'NONE', *, *, #1419, .T. ) ;
#647 = ORIENTED_EDGE ( 'NONE', *, *, #1950, .T. ) ;
#648 = ADVANCED_FACE ( 'NONE', ( #1724 ), #3397, .F. ) ;
#649 = AXIS2_PLACEMENT_3D ( 'NONE', #221, #2409, #3503 ) ;
#650 = CARTESIAN_POINT ( 'NONE',  ( -76.14999999999994884, -27.11000000000000654, -5.099999999999917044 ) ) ;
#651 = VERTEX_POINT ( 'NONE', #38 ) ;
#652 = DIRECTION ( 'NONE',  ( 0.000000000000000000, 1.000000000000000000, 0.000000000000000000 ) ) ;
#653 = CIRCLE ( 'NONE', #1652, 3.000000000000000888 ) ;
#654 = VECTOR ( 'NONE', #3410, 1000.000000000000000 ) ;
#655 = DIRECTION ( 'NONE',  ( -0.000000000000000000, -0.7071067811865475727, -0.7071067811865475727 ) ) ;
#656 = AXIS2_PLACEMENT_3D ( 'NONE', #1562, #2671, #155 ) ;
#657 = AXIS2_PLACEMENT_3D ( 'NONE', #732, #3233, #2687 ) ;
#658 = LINE ( 'NONE', #1467, #2893 ) ;
#659 = CARTESIAN_POINT ( 'NONE',  ( 0.000000000000000000, 0.000000000000000000, 0.000000000000000000 ) ) ;
#660 = AXIS2_PLACEMENT_3D ( 'NONE', #1410, #2522, #2259 ) ;
#661 = VERTEX_POINT ( 'NONE', #1173 ) ;
#662 = CARTESIAN_POINT ( 'NONE',  ( -78.99999999999995737, -6.610000000000006537, 15.59999999999963372 ) ) ;
#663 = CARTESIAN_POINT ( 'NONE',  ( -53.50000000000000000, 0.000000000000000000, 27.30000000000000071 ) ) ;
#664 = EDGE_CURVE ( 'NONE', #2131, #3486, #3271, .T. ) ;
#665 = VERTEX_POINT ( 'NONE', #2275 ) ;
#666 = DIRECTION ( 'NONE',  ( 0.000000000000000000, 0.000000000000000000, 1.000000000000000000 ) ) ;
#667 = CARTESIAN_POINT ( 'NONE',  ( -90.44999999999997442, 0.000000000000000000, -6.374497572824771474 ) ) ;
#668 = EDGE_LOOP ( 'NONE', ( #390, #698, #1164 ) ) ;
#669 = DIRECTION ( 'NONE',  ( 0.000000000000000000, 1.000000000000000000, 0.000000000000000000 ) ) ;
#670 = EDGE_LOOP ( 'NONE', ( #2200, #2402, #1715, #1135 ) ) ;
#671 = FACE_BOUND ( 'NONE', #2325, .T. ) ;
#672 = EDGE_CURVE ( 'NONE', #2804, #1948, #477, .T. ) ;
#673 = EDGE_CURVE ( 'NONE', #1046, #2546, #2158, .T. ) ;
#674 = DIRECTION ( 'NONE',  ( 1.000000000000000000, -0.000000000000000000, -0.000000000000000000 ) ) ;
#675 = DIRECTION ( 'NONE',  ( -1.000000000000000000, 0.000000000000000000, 0.000000000000000000 ) ) ;
#676 = EDGE_CURVE ( 'NONE', #1160, #665, #2882, .T. ) ;
#677 = AXIS2_PLACEMENT_3D ( 'NONE', #1490, #94, #2601 ) ;
#678 = DIRECTION ( 'NONE',  ( 0.000000000000000000, 0.000000000000000000, 1.000000000000000000 ) ) ;
#679 = CARTESIAN_POINT ( 'NONE',  ( -76.14999999999994884, -78.47458735225720261, 24.55000000000000071 ) ) ;
#680 = VECTOR ( 'NONE', #2197, 1000.000000000000000 ) ;
#681 = ORIENTED_EDGE ( 'NONE', *, *, #129, .T. ) ;
#682 = ORIENTED_EDGE ( 'NONE', *, *, #1595, .F. ) ;
#683 = DIRECTION ( 'NONE',  ( 1.000000000000000000, -0.000000000000000000, -0.000000000000000000 ) ) ;
#684 = DIRECTION ( 'NONE',  ( 1.000000000000000000, -0.000000000000000000, -0.000000000000000000 ) ) ;
#685 = ORIENTED_EDGE ( 'NONE', *, *, #1847, .T. ) ;
#686 = EDGE_CURVE ( 'NONE', #3429, #499, #1487, .T. ) ;
#687 = DIRECTION ( 'NONE',  ( 1.000000000000000000, -0.000000000000000000, -0.000000000000000000 ) ) ;
#688 = ORIENTED_EDGE ( 'NONE', *, *, #664, .F. ) ;
#689 = DIRECTION ( 'NONE',  ( -1.000000000000000000, 0.000000000000000000, 0.000000000000000000 ) ) ;
#690 = DIRECTION ( 'NONE',  ( 0.000000000000000000, -1.000000000000000000, 1.168231438136803963E-16 ) ) ;
#691 = LINE ( 'NONE', #3123, #3192 ) ;
#692 = ADVANCED_FACE ( 'NONE', ( #3188, #2030, #2576 ), #91, .T. ) ;
#693 = DIRECTION ( 'NONE',  ( 1.000000000000000000, -0.000000000000000000, -0.000000000000000000 ) ) ;
#694 = DIRECTION ( 'NONE',  ( 0.000000000000000000, 0.000000000000000000, 1.000000000000000000 ) ) ;
#695 = DIRECTION ( 'NONE',  ( -4.118684382124135515E-17, -0.4226182617406958886, 0.9063077870366517130 ) ) ;
#696 = DIRECTION ( 'NONE',  ( 1.000000000000000000, -9.745637505487682231E-17, 0.000000000000000000 ) ) ;
#697 = ORIENTED_EDGE ( 'NONE', *, *, #2551, .T. ) ;
#698 = ORIENTED_EDGE ( 'NONE', *, *, #2836, .F. ) ;
#699 = DIRECTION ( 'NONE',  ( 1.000000000000000000, 0.000000000000000000, 0.000000000000000000 ) ) ;
#700 = DIRECTION ( 'NONE',  ( 0.000000000000000000, 0.000000000000000000, 1.000000000000000000 ) ) ;
#701 = ORIENTED_EDGE ( 'NONE', *, *, #1957, .F. ) ;
#702 = LINE ( 'NONE', #1803, #2009 ) ;
#703 = EDGE_LOOP ( 'NONE', ( #1498, #3256, #480, #278 ) ) ;
#704 = FACE_OUTER_BOUND ( 'NONE', #1479, .T. ) ;
#705 = ADVANCED_FACE ( 'NONE', ( #3433 ), #1225, .T. ) ;
#706 = VECTOR ( 'NONE', #592, 1000.000000000000000 ) ;
#707 = CYLINDRICAL_SURFACE ( 'NONE', #2991, 3.000000000000000888 ) ;
#708 = DIRECTION ( 'NONE',  ( 0.000000000000000000, -1.000000000000000000, 0.000000000000000000 ) ) ;
#709 = VECTOR ( 'NONE', #1692, 1000.000000000000000 ) ;
#710 = AXIS2_PLACEMENT_3D ( 'NONE', #2562, #655, #2578 ) ;
#711 = VECTOR ( 'NONE', #2147, 1000.000000000000000 ) ;
#712 = DIRECTION ( 'NONE',  ( 1.000000000000000000, -0.000000000000000000, -0.000000000000000000 ) ) ;
#713 = CARTESIAN_POINT ( 'NONE',  ( -80.54999999999964189, 0.000000000000000000, 6.374497572825494451 ) ) ;
#714 = DIRECTION ( 'NONE',  ( -1.000000000000000000, 0.000000000000000000, 0.000000000000000000 ) ) ;
#715 = AXIS2_PLACEMENT_3D ( 'NONE', #2627, #2273, #2596 ) ;
#716 = DIRECTION ( 'NONE',  ( -1.000000000000000000, 0.000000000000000000, 0.000000000000000000 ) ) ;
#717 = ADVANCED_FACE ( 'NONE', ( #671, #2297, #2314, #379, #1209 ), #1465, .F. ) ;
#718 = ORIENTED_EDGE ( 'NONE', *, *, #1741, .F. ) ;
#719 = ORIENTED_EDGE ( 'NONE', *, *, #1975, .F. ) ;
#720 = AXIS2_PLACEMENT_3D ( 'NONE', #2752, #818, #538 ) ;
#721 = CARTESIAN_POINT ( 'NONE',  ( -116.9499999999999744, -51.17083667108038014, 1.014316739396298850 ) ) ;
#722 = CARTESIAN_POINT ( 'NONE',  ( -72.14999999999994884, -27.11000000000000654, -4.199999999998461853 ) ) ;
#723 = ORIENTED_EDGE ( 'NONE', *, *, #2433, .F. ) ;
#724 = DIRECTION ( 'NONE',  ( 0.000000000000000000, 0.7071067811865465735, -0.7071067811865484609 ) ) ;
#725 = EDGE_LOOP ( 'NONE', ( #1708, #774, #404, #3542 ) ) ;
#726 = DIRECTION ( 'NONE',  ( 1.438880092385038863E-16, 1.000000000000000000, 0.000000000000000000 ) ) ;
#727 = VERTEX_POINT ( 'NONE', #2848 ) ;
#728 = DIRECTION ( 'NONE',  ( 0.000000000000000000, 0.000000000000000000, 1.000000000000000000 ) ) ;
#729 = ADVANCED_FACE ( 'NONE', ( #949 ), #1501, .F. ) ;
#730 = CARTESIAN_POINT ( 'NONE',  ( -116.9499999999999744, -53.34604593830443520, 7.100000352873627740 ) ) ;
#731 = DIRECTION ( 'NONE',  ( 1.000000000000000000, -0.000000000000000000, -0.000000000000000000 ) ) ;
#732 = CARTESIAN_POINT ( 'NONE',  ( -72.14999999999994884, -16.85999999999956245, -12.49999999999865885 ) ) ;
#733 = FACE_OUTER_BOUND ( 'NONE', #252, .T. ) ;
#734 = LINE ( 'NONE', #2689, #238 ) ;
#735 = ADVANCED_FACE ( 'NONE', ( #2045 ), #931, .F. ) ;
#736 = ORIENTED_EDGE ( 'NONE', *, *, #2094, .T. ) ;
#737 = EDGE_LOOP ( 'NONE', ( #336, #3272, #1329, #2978 ) ) ;
#738 = DIRECTION ( 'NONE',  ( 0.000000000000000000, 0.000000000000000000, 1.000000000000000000 ) ) ;
#739 = CARTESIAN_POINT ( 'NONE',  ( -85.49999999999998579, 0.000000000000000000, 0.000000000000000000 ) ) ;
#740 = CIRCLE ( 'NONE', #1913, 0.5000000000000006661 ) ;
#741 = VERTEX_POINT ( 'NONE', #1533 ) ;
#742 = EDGE_CURVE ( 'NONE', #2560, #976, #394, .T. ) ;
#743 = DIRECTION ( 'NONE',  ( 0.000000000000000000, 0.000000000000000000, -1.000000000000000000 ) ) ;
#744 = ORIENTED_EDGE ( 'NONE', *, *, #2298, .T. ) ;
#745 = FACE_OUTER_BOUND ( 'NONE', #3374, .T. ) ;
#746 = ADVANCED_FACE ( 'NONE', ( #1518 ), #2369, .T. ) ;
#747 = ORIENTED_EDGE ( 'NONE', *, *, #323, .T. ) ;
#748 = AXIS2_PLACEMENT_3D ( 'NONE', #1827, #1323, #2120 ) ;
#749 = LINE ( 'NONE', #3489, #1079 ) ;
#750 = CARTESIAN_POINT ( 'NONE',  ( -116.9499999999999744, -53.34604593830443520, 1.040834085586084257E-14 ) ) ;
#751 = DIRECTION ( 'NONE',  ( 0.000000000000000000, -1.000000000000000000, -0.000000000000000000 ) ) ;
#752 = CARTESIAN_POINT ( 'NONE',  ( -116.4499999999999886, -6.610000000000003872, 20.25000000000153477 ) ) ;
#753 = FACE_OUTER_BOUND ( 'NONE', #244, .T. ) ;
#754 = ORIENTED_EDGE ( 'NONE', *, *, #1216, .T. ) ;
#755 = EDGE_CURVE ( 'NONE', #2093, #2368, #341, .T. ) ;
#756 = ORIENTED_EDGE ( 'NONE', *, *, #3321, .T. ) ;
#757 = LINE ( 'NONE', #1022, #2639 ) ;
#758 = DIRECTION ( 'NONE',  ( 0.000000000000000000, 0.000000000000000000, 1.000000000000000000 ) ) ;
#759 = ORIENTED_EDGE ( 'NONE', *, *, #626, .T. ) ;
#760 = CARTESIAN_POINT ( 'NONE',  ( -116.4509999999999934, -16.85999999999956245, -5.399999999998658318 ) ) ;
#761 = ORIENTED_EDGE ( 'NONE', *, *, #596, .F. ) ;
#762 = CARTESIAN_POINT ( 'NONE',  ( -116.9499999999999744, -26.10770651812810428, 20.25000000000153477 ) ) ;
#763 = ADVANCED_FACE ( 'NONE', ( #2064 ), #1193, .F. ) ;
#764 = ORIENTED_EDGE ( 'NONE', *, *, #755, .F. ) ;
#765 = CARTESIAN_POINT ( 'NONE',  ( -112.9499999999999602, -37.61792319645751093, 28.05000000000000071 ) ) ;
#766 = EDGE_CURVE ( 'NONE', #1874, #1337, #3416, .T. ) ;
#767 = DIRECTION ( 'NONE',  ( 1.000000000000000000, 0.000000000000000000, 0.000000000000000000 ) ) ;
#768 = AXIS2_PLACEMENT_3D ( 'NONE', #1243, #2354, #2078 ) ;
#769 = AXIS2_PLACEMENT_3D ( 'NONE', #1553, #1027, #2428 ) ;
#770 = FACE_OUTER_BOUND ( 'NONE', #1511, .T. ) ;
#771 = LINE ( 'NONE', #1906, #2992 ) ;
#772 = CARTESIAN_POINT ( 'NONE',  ( -85.49999999999998579, -9.500338972710009600, 0.000000000000000000 ) ) ;
#773 = VECTOR ( 'NONE', #2642, 1000.000000000000000 ) ;
#774 = ORIENTED_EDGE ( 'NONE', *, *, #904, .T. ) ;
#775 = CIRCLE ( 'NONE', #1478, 0.9997466849082959905 ) ;
#776 = EDGE_CURVE ( 'NONE', #1184, #3496, #1650, .T. ) ;
#777 = EDGE_LOOP ( 'NONE', ( #1674, #3218, #2558, #2954 ) ) ;
#778 = CIRCLE ( 'NONE', #599, 0.5000000000000004441 ) ;
#779 = AXIS2_PLACEMENT_3D ( 'NONE', #2920, #2336, #958 ) ;
#780 = CARTESIAN_POINT ( 'NONE',  ( -112.9499999999999744, 6.350000000000000533, -60.32163680906983672 ) ) ;
#781 = EDGE_CURVE ( 'NONE', #3412, #219, #3447, .T. ) ;
#782 = CARTESIAN_POINT ( 'NONE',  ( -52.75000000000000000, -23.34828442116732106, 24.54999999999999716 ) ) ;
#783 = VERTEX_POINT ( 'NONE', #2449 ) ;
#784 = PRESENTATION_LAYER_ASSIGNMENT (  '', '', ( #1430 ) ) ;
#785 = DIRECTION ( 'NONE',  ( 0.000000000000000000, 0.000000000000000000, 1.000000000000000000 ) ) ;
#786 = ORIENTED_EDGE ( 'NONE', *, *, #742, .F. ) ;
#787 = CYLINDRICAL_SURFACE ( 'NONE', #1070, 1.002293481871904923 ) ;
#788 = ORIENTED_EDGE ( 'NONE', *, *, #291, .F. ) ;
#789 = CARTESIAN_POINT ( 'NONE',  ( -111.0499999999999829, 1.921485021339510764E-15, -1.949999999999989519 ) ) ;
#790 = LINE ( 'NONE', #3561, #1980 ) ;
#791 = ADVANCED_FACE ( 'NONE', ( #2739 ), #3283, .T. ) ;
#792 = EDGE_CURVE ( 'NONE', #2682, #3329, #2990, .T. ) ;
#793 = PLANE ( 'NONE',  #1846 ) ;
#794 = DIRECTION ( 'NONE',  ( -0.000000000000000000, 1.000000000000000000, -0.000000000000000000 ) ) ;
#795 = CARTESIAN_POINT ( 'NONE',  ( -52.74999999999999289, 1.020000000000954143, -30.37999999999909306 ) ) ;
#796 = EDGE_LOOP ( 'NONE', ( #1727, #585, #371, #3415 ) ) ;
#797 = ORIENTED_EDGE ( 'NONE', *, *, #2443, .T. ) ;
#798 = FACE_BOUND ( 'NONE', #2493, .T. ) ;
#799 = DIRECTION ( 'NONE',  ( 0.000000000000000000, 0.000000000000000000, -1.000000000000000000 ) ) ;
#800 = ORIENTED_EDGE ( 'NONE', *, *, #3146, .F. ) ;
#801 = AXIS2_PLACEMENT_3D ( 'NONE', #2939, #1358, #2473 ) ;
#802 = CYLINDRICAL_SURFACE ( 'NONE', #1370, 0.9000000000014556356 ) ;
#803 = VECTOR ( 'NONE', #268, 1000.000000000000000 ) ;
#804 = ORIENTED_EDGE ( 'NONE', *, *, #2079, .F. ) ;
#805 = DIRECTION ( 'NONE',  ( 1.000000000000000000, 0.000000000000000000, 0.000000000000000000 ) ) ;
#806 = ORIENTED_EDGE ( 'NONE', *, *, #2342, .F. ) ;
#807 = PRODUCT_RELATED_PRODUCT_CATEGORY ( 'part', '', ( #2404 ) ) ;
#808 = LINE ( 'NONE', #4, #2471 ) ;
#809 = CARTESIAN_POINT ( 'NONE',  ( -76.14999999999994884, -4.500338972710016705, 19.50000000000153833 ) ) ;
#810 = CYLINDRICAL_SURFACE ( 'NONE', #916, 1.424999999999999600 ) ;
#811 = CARTESIAN_POINT ( 'NONE',  ( -116.4499999999999886, -6.610000000000003872, 20.25000000000153477 ) ) ;
#812 = ORIENTED_EDGE ( 'NONE', *, *, #2784, .F. ) ;
#813 = EDGE_CURVE ( 'NONE', #3198, #1630, #1886, .T. ) ;
#814 = EDGE_LOOP ( 'NONE', ( #1573, #2911, #2690, #1989 ) ) ;
#815 = UNCERTAINTY_MEASURE_WITH_UNIT (LENGTH_MEASURE( 1.000000000000000082E-05 ), #3281, 'distance_accuracy_value', 'NONE');
#816 = CARTESIAN_POINT ( 'NONE',  ( -72.14999999999996305, 0.000000000000000000, 24.55000000000000071 ) ) ;
#817 = ORIENTED_EDGE ( 'NONE', *, *, #1710, .F. ) ;
#818 = DIRECTION ( 'NONE',  ( 1.000000000000000000, -7.779833121590977705E-17, 6.162975822039154730E-33 ) ) ;
#819 = ORIENTED_EDGE ( 'NONE', *, *, #445, .T. ) ;
#820 = DIRECTION ( 'NONE',  ( 0.000000000000000000, -1.299418334065024380E-16, 1.000000000000000000 ) ) ;
#821 = ORIENTED_EDGE ( 'NONE', *, *, #1161, .T. ) ;
#822 = DIRECTION ( 'NONE',  ( 0.000000000000000000, 1.000000000000000000, 0.000000000000000000 ) ) ;
#823 = CARTESIAN_POINT ( 'NONE',  ( -56.84999999999998721, -24.11213394580203229, 24.55000000000000071 ) ) ;
#824 = EDGE_CURVE ( 'NONE', #1585, #1786, #1841, .T. ) ;
#825 = FACE_OUTER_BOUND ( 'NONE', #2602, .T. ) ;
#826 = CARTESIAN_POINT ( 'NONE',  ( -76.14999999999994884, -9.500338972710009600, -24.55000000000000071 ) ) ;
#827 = ORIENTED_EDGE ( 'NONE', *, *, #1554, .F. ) ;
#828 = VERTEX_POINT ( 'NONE', #1282 ) ;
#829 = AXIS2_PLACEMENT_3D ( 'NONE', #2970, #2153, #1045 ) ;
#830 = CARTESIAN_POINT ( 'NONE',  ( -90.44949757282493863, 0.000000000000000000, 4.950000000000527756 ) ) ;
#831 = EDGE_CURVE ( 'NONE', #1036, #1532, #2114, .T. ) ;
#832 = VECTOR ( 'NONE', #1856, 1000.000000000000000 ) ;
#833 = DIRECTION ( 'NONE',  ( 0.000000000000000000, 1.000000000000000000, 0.000000000000000000 ) ) ;
#834 = CLOSED_SHELL ( 'NONE', ( #879, #2224, #3483, #1898, #3310, #2507, #1791, #2609, #1067, #2403, #1572, #461, #496, #846, #3422, #3189, #763, #346, #925, #1473, #1008, #284, #2765, #692, #791, #3356, #3420, #2685, #1226, #2315, #1621, #717, #2421, #705, #3369, #729, #2236, #3200, #2534, #1495, #1409, #2751, #20, #2007, #1149, #2843, #3442, #3290, #2453, #1598, #1416, #2949, #554, #3308, #2998, #2999, #625, #2011, #3579, #2150, #1601, #415, #2190, #2468, #3209, #2773, #1967, #2462, #2117, #746, #1885, #989, #2672, #80, #735, #2323, #1661, #2794, #2239, #1538, #2577, #1774, #2446, #1236, #225, #2873, #2544, #2819, #1694, #35, #2303, #1858, #1106, #858, #351, #1462, #1320, #3378, #648, #1260, #2651, #3477, #3506, #558, #923, #583, #2332, #210, #868, #102 ) ) ;
#835 = ORIENTED_EDGE ( 'NONE', *, *, #196, .T. ) ;
#836 = VECTOR ( 'NONE', #1504, 1000.000000000000000 ) ;
#837 = VECTOR ( 'NONE', #1146, 1000.000000000000000 ) ;
#838 = CARTESIAN_POINT ( 'NONE',  ( -78.99999999999995737, -27.11000000000000654, -4.199999999998461853 ) ) ;
#839 = EDGE_LOOP ( 'NONE', ( #756, #912, #984, #1564 ) ) ;
#840 = CARTESIAN_POINT ( 'NONE',  ( -111.0499999999999829, -4.500338972710011376, 18.00000000000153477 ) ) ;
#841 = VECTOR ( 'NONE', #1875, 1000.000000000000000 ) ;
#842 = ORIENTED_EDGE ( 'NONE', *, *, #673, .F. ) ;
#843 = CARTESIAN_POINT ( 'NONE',  ( -72.14999999999994884, -27.11000000000001009, 16.50000000000153833 ) ) ;
#844 = AXIS2_PLACEMENT_3D ( 'NONE', #3300, #3080, #2447 ) ;
#845 = FACE_OUTER_BOUND ( 'NONE', #2646, .T. ) ;
#846 = ADVANCED_FACE ( 'NONE', ( #1297 ), #787, .F. ) ;
#847 = DIRECTION ( 'NONE',  ( 0.000000000000000000, 0.7071067811865484609, 0.7071067811865465735 ) ) ;
#848 = DIRECTION ( 'NONE',  ( 0.000000000000000000, 0.000000000000000000, -1.000000000000000000 ) ) ;
#849 = ORIENTED_EDGE ( 'NONE', *, *, #946, .F. ) ;
#850 = VERTEX_POINT ( 'NONE', #3245 ) ;
#851 = FACE_OUTER_BOUND ( 'NONE', #1801, .T. ) ;
#852 = CARTESIAN_POINT ( 'NONE',  ( -111.0499999999999829, -4.500338972710011376, -6.449999999999987743 ) ) ;
#853 = ORIENTED_EDGE ( 'NONE', *, *, #1229, .F. ) ;
#854 = CARTESIAN_POINT ( 'NONE',  ( -76.14999999999994884, -4.500338972710011376, -22.85966188955990930 ) ) ;
#855 = ORIENTED_EDGE ( 'NONE', *, *, #1327, .T. ) ;
#856 = DIRECTION ( 'NONE',  ( 0.000000000000000000, 0.000000000000000000, -1.000000000000000000 ) ) ;
#857 = ORIENTED_EDGE ( 'NONE', *, *, #2392, .T. ) ;
#858 = ADVANCED_FACE ( 'NONE', ( #745 ), #2134, .F. ) ;
#859 = DIRECTION ( 'NONE',  ( 0.000000000000000000, 0.3940327209102222894, -0.9190964121636460149 ) ) ;
#860 = DIRECTION ( 'NONE',  ( 0.000000000000000000, 0.000000000000000000, 1.000000000000000000 ) ) ;
#861 = CYLINDRICAL_SURFACE ( 'NONE', #2980, 0.5000000000000004441 ) ;
#862 = AXIS2_PLACEMENT_3D ( 'NONE', #118, #2103, #2921 ) ;
#863 = FACE_OUTER_BOUND ( 'NONE', #670, .T. ) ;
#864 = DIRECTION ( 'NONE',  ( 0.000000000000000000, 0.000000000000000000, -1.000000000000000000 ) ) ;
#865 = VERTEX_POINT ( 'NONE', #469 ) ;
#866 = DIRECTION ( 'NONE',  ( 0.000000000000000000, 0.000000000000000000, -1.000000000000000000 ) ) ;
#867 = CARTESIAN_POINT ( 'NONE',  ( -112.9499999999999744, -9.500338972710009600, 22.86009492289630174 ) ) ;
#868 = ADVANCED_FACE ( 'NONE', ( #1589 ), #3228, .F. ) ;
#869 = VECTOR ( 'NONE', #2684, 1000.000000000000000 ) ;
#870 = VERTEX_POINT ( 'NONE', #762 ) ;
#871 = DIRECTION ( 'NONE',  ( 1.000000000000000000, -0.000000000000000000, -0.000000000000000000 ) ) ;
#872 = ORIENTED_EDGE ( 'NONE', *, *, #2721, .T. ) ;
#873 = CARTESIAN_POINT ( 'NONE',  ( -80.55050242717467768, 0.000000000000000000, -4.949999999999799449 ) ) ;
#874 = ORIENTED_EDGE ( 'NONE', *, *, #632, .F. ) ;
#875 = EDGE_CURVE ( 'NONE', #1004, #204, #2664, .T. ) ;
#876 = DIRECTION ( 'NONE',  ( 0.000000000000000000, 5.827738441131490604E-16, 1.000000000000000000 ) ) ;
#877 = DIRECTION ( 'NONE',  ( -1.000000000000000000, -0.000000000000000000, -0.000000000000000000 ) ) ;
#878 = LINE ( 'NONE', #3102, #3285 ) ;
#879 = ADVANCED_FACE ( 'NONE', ( #2388 ), #3265, .F. ) ;
#880 = CARTESIAN_POINT ( 'NONE',  ( -54.54999999999998295, 0.000000000000000000, 24.55000000000000071 ) ) ;
#881 = DIRECTION ( 'NONE',  ( 1.000000000000000000, 0.000000000000000000, 0.000000000000000000 ) ) ;
#882 = EDGE_LOOP ( 'NONE', ( #2617, #3549, #1969, #2308 ) ) ;
#883 = DIRECTION ( 'NONE',  ( 0.000000000000000000, 0.000000000000000000, -1.000000000000000000 ) ) ;
#884 = LINE ( 'NONE', #2603, #1596 ) ;
#885 = ORIENTED_EDGE ( 'NONE', *, *, #2699, .T. ) ;
#886 = EDGE_CURVE ( 'NONE', #1262, #2324, #2225, .T. ) ;
#887 = DIRECTION ( 'NONE',  ( 0.000000000000000000, 0.000000000000000000, 1.000000000000000000 ) ) ;
#888 = AXIS2_PLACEMENT_3D ( 'NONE', #3531, #2360, #3476 ) ;
#889 = ORIENTED_EDGE ( 'NONE', *, *, #1376, .T. ) ;
#890 = CARTESIAN_POINT ( 'NONE',  ( -111.0499999999999829, 2.141661462521182009E-15, -6.449999999999986855 ) ) ;
#891 = ORIENTED_EDGE ( 'NONE', *, *, #217, .T. ) ;
#892 = AXIS2_PLACEMENT_3D ( 'NONE', #789, #2757, #246 ) ;
#893 = AXIS2_PLACEMENT_3D ( 'NONE', #996, #2981, #2965 ) ;
#894 = DIRECTION ( 'NONE',  ( 0.000000000000000000, -1.000000000000000000, 0.000000000000000000 ) ) ;
#895 = VERTEX_POINT ( 'NONE', #1862 ) ;
#896 = CIRCLE ( 'NONE', #3583, 0.9000000000019044988 ) ;
#897 = CARTESIAN_POINT ( 'NONE',  ( -116.9499999999999744, -53.34604593830443520, -12.49999999999999289 ) ) ;
#898 = EDGE_CURVE ( 'NONE', #3149, #2212, #232, .T. ) ;
#899 = VECTOR ( 'NONE', #3225, 1000.000000000000000 ) ;
#900 = CARTESIAN_POINT ( 'NONE',  ( -76.14999999999994884, -9.500338972710009600, 22.86009492289630174 ) ) ;
#901 = CYLINDRICAL_SURFACE ( 'NONE', #2548, 0.5000000000000004441 ) ;
#902 = DIRECTION ( 'NONE',  ( 0.000000000000000000, 0.000000000000000000, 1.000000000000000000 ) ) ;
#903 = EDGE_LOOP ( 'NONE', ( #345, #3260, #535, #1972 ) ) ;
#904 = EDGE_CURVE ( 'NONE', #1351, #3613, #1878, .T. ) ;
#905 = DIRECTION ( 'NONE',  ( -0.000000000000000000, 1.000000000000000000, -0.000000000000000000 ) ) ;
#906 = EDGE_CURVE ( 'NONE', #617, #2979, #1002, .T. ) ;
#907 = CARTESIAN_POINT ( 'NONE',  ( -52.74999999999999289, -23.34828442116732106, -28.05000000000000426 ) ) ;
#908 = ORIENTED_EDGE ( 'NONE', *, *, #2884, .F. ) ;
#909 = LINE ( 'NONE', #611, #2763 ) ;
#910 = ORIENTED_EDGE ( 'NONE', *, *, #2678, .T. ) ;
#911 = CARTESIAN_POINT ( 'NONE',  ( -76.14999999999994884, -78.47458735225720261, -24.55000000000000071 ) ) ;
#912 = ORIENTED_EDGE ( 'NONE', *, *, #2551, .F. ) ;
#913 = DIRECTION ( 'NONE',  ( 0.000000000000000000, -1.000000000000000000, 0.000000000000000000 ) ) ;
#914 = ORIENTED_EDGE ( 'NONE', *, *, #445, .F. ) ;
#915 = DIRECTION ( 'NONE',  ( 0.000000000000000000, 0.000000000000000000, 1.000000000000000000 ) ) ;
#916 = AXIS2_PLACEMENT_3D ( 'NONE', #2975, #476, #1559 ) ;
#917 = DIRECTION ( 'NONE',  ( 0.000000000000000000, 1.000000000000000000, 0.000000000000000000 ) ) ;
#918 = DIRECTION ( 'NONE',  ( 1.000000000000000000, -0.000000000000000000, -0.000000000000000000 ) ) ;
#919 = AXIS2_PLACEMENT_3D ( 'NONE', #3019, #848, #1688 ) ;
#920 = EDGE_LOOP ( 'NONE', ( #1441, #182 ) ) ;
#921 = DIRECTION ( 'NONE',  ( 0.000000000000000000, 0.000000000000000000, 1.000000000000000000 ) ) ;
#922 = DIRECTION ( 'NONE',  ( 1.000000000000000000, -9.745637505487680998E-17, 0.000000000000000000 ) ) ;
#923 = ADVANCED_FACE ( 'NONE', ( #704 ), #1823, .F. ) ;
#924 = EDGE_LOOP ( 'NONE', ( #3565, #2750, #1170, #3202 ) ) ;
#925 = ADVANCED_FACE ( 'NONE', ( #576 ), #3630, .T. ) ;
#926 = VERTEX_POINT ( 'NONE', #3596 ) ;
#927 = CARTESIAN_POINT ( 'NONE',  ( -53.50000000000000000, 0.000000000000000000, -27.30000000000000426 ) ) ;
#928 = ORIENTED_EDGE ( 'NONE', *, *, #2498, .F. ) ;
#929 = FACE_OUTER_BOUND ( 'NONE', #725, .T. ) ;
#930 = ORIENTED_EDGE ( 'NONE', *, *, #3455, .T. ) ;
#931 = PLANE ( 'NONE',  #2588 ) ;
#932 = DIRECTION ( 'NONE',  ( 0.000000000000000000, 0.000000000000000000, 1.000000000000000000 ) ) ;
#933 = EDGE_CURVE ( 'NONE', #2621, #2852, #1697, .T. ) ;
#934 = CARTESIAN_POINT ( 'NONE',  ( -51.71209851473932417, -53.34604593830443520, 12.50000000000001243 ) ) ;
#935 = ORIENTED_EDGE ( 'NONE', *, *, #487, .T. ) ;
#936 = DIRECTION ( 'NONE',  ( -1.000000000000000000, 0.000000000000000000, 0.000000000000000000 ) ) ;
#937 = CARTESIAN_POINT ( 'NONE',  ( -78.99999999999995737, -6.610000000000006537, -3.299999999996555466 ) ) ;
#938 = EDGE_CURVE ( 'NONE', #2764, #2560, #1407, .T. ) ;
#939 = ORIENTED_EDGE ( 'NONE', *, *, #2184, .T. ) ;
#940 = EDGE_CURVE ( 'NONE', #90, #2897, #1720, .T. ) ;
#941 = ORIENTED_EDGE ( 'NONE', *, *, #473, .T. ) ;
#942 = AXIS2_PLACEMENT_3D ( 'NONE', #2711, #2178, #1434 ) ;
#943 = CARTESIAN_POINT ( 'NONE',  ( -116.9499999999999744, -53.34604593830443520, -7.100000352873606424 ) ) ;
#944 = ORIENTED_EDGE ( 'NONE', *, *, #2266, .F. ) ;
#945 = VECTOR ( 'NONE', #2681, 1000.000000000000000 ) ;
#946 = EDGE_CURVE ( 'NONE', #727, #2492, #1682, .T. ) ;
#947 = DIRECTION ( 'NONE',  ( 1.000000000000000000, -0.000000000000000000, -0.000000000000000000 ) ) ;
#948 = ORIENTED_EDGE ( 'NONE', *, *, #398, .T. ) ;
#949 = FACE_OUTER_BOUND ( 'NONE', #3187, .T. ) ;
#950 = AXIS2_PLACEMENT_3D ( 'NONE', #2384, #981, #3481 ) ;
#951 = CIRCLE ( 'NONE', #3454, 0.9995327267658220549 ) ;
#952 = FACE_OUTER_BOUND ( 'NONE', #1930, .T. ) ;
#953 = AXIS2_PLACEMENT_3D ( 'NONE', #3581, #3048, #859 ) ;
#954 = AXIS2_PLACEMENT_3D ( 'NONE', #1701, #3002, #513 ) ;
#955 = DIRECTION ( 'NONE',  ( 0.000000000000000000, 1.000000000000000000, 0.000000000000000000 ) ) ;
#956 = DIRECTION ( 'NONE',  ( 0.000000000000000000, 0.000000000000000000, 1.000000000000000000 ) ) ;
#957 = CIRCLE ( 'NONE', #660, 7.099999999999999645 ) ;
#958 = DIRECTION ( 'NONE',  ( 0.000000000000000000, 0.000000000000000000, 1.000000000000000000 ) ) ;
#959 = DIRECTION ( 'NONE',  ( 0.000000000000000000, 1.000000000000000000, 0.000000000000000000 ) ) ;
#960 = EDGE_LOOP ( 'NONE', ( #1894, #122, #1222, #1020 ) ) ;
#961 = ORIENTED_EDGE ( 'NONE', *, *, #2519, .F. ) ;
#962 = PLANE ( 'NONE',  #1423 ) ;
#963 = DIRECTION ( 'NONE',  ( 0.000000000000000000, 0.7071067811865500152, 0.7071067811865451302 ) ) ;
#964 = VERTEX_POINT ( 'NONE', #3082 ) ;
#965 = FILL_AREA_STYLE ('',( #2351 ) ) ;
#966 = EDGE_LOOP ( 'NONE', ( #567, #3022 ) ) ;
#967 = CARTESIAN_POINT ( 'NONE',  ( -90.44999999999997442, -4.500338972710011376, -1.949497572824771208 ) ) ;
#968 = EDGE_CURVE ( 'NONE', #727, #1097, #1152, .T. ) ;
#969 = LINE ( 'NONE', #2081, #3219 ) ;
#970 = EDGE_CURVE ( 'NONE', #3426, #222, #318, .T. ) ;
#971 = DIRECTION ( 'NONE',  ( -1.000000000000000000, 0.000000000000000000, 0.000000000000000000 ) ) ;
#972 = DIRECTION ( 'NONE',  ( 0.000000000000000000, -0.000000000000000000, -1.000000000000000000 ) ) ;
#973 = CARTESIAN_POINT ( 'NONE',  ( -76.14999999999994884, -9.500338972710009600, 22.86009492289630174 ) ) ;
#974 = PLANE ( 'NONE',  #2372 ) ;
#975 = CARTESIAN_POINT ( 'NONE',  ( -112.9499999999999744, -4.500338972710011376, 22.50000000000153122 ) ) ;
#976 = VERTEX_POINT ( 'NONE', #1446 ) ;
#977 = EDGE_CURVE ( 'NONE', #1233, #1816, #1429, .T. ) ;
#978 = ORIENTED_EDGE ( 'NONE', *, *, #1061, .T. ) ;
#979 = CARTESIAN_POINT ( 'NONE',  ( -85.49999999999998579, 0.000000000000000000, 24.55000000000000071 ) ) ;
#980 = EDGE_CURVE ( 'NONE', #1114, #1318, #3451, .T. ) ;
#981 = DIRECTION ( 'NONE',  ( -0.000000000000000000, 1.000000000000000000, -0.000000000000000000 ) ) ;
#982 = ORIENTED_EDGE ( 'NONE', *, *, #2709, .T. ) ;
#983 = CARTESIAN_POINT ( 'NONE',  ( -53.50000000000000000, 0.000000000000000000, -27.30000000000000426 ) ) ;
#984 = ORIENTED_EDGE ( 'NONE', *, *, #1392, .T. ) ;
#985 = DIRECTION ( 'NONE',  ( 0.000000000000000000, 0.000000000000000000, 1.000000000000000000 ) ) ;
#986 = CARTESIAN_POINT ( 'NONE',  ( -58.04999999999997584, -20.61213394580202873, -28.05000000000000071 ) ) ;
#987 = CARTESIAN_POINT ( 'NONE',  ( -90.44999999999997442, 6.349999999999999645, -3.524497572824773162 ) ) ;
#988 = EDGE_CURVE ( 'NONE', #2823, #964, #1116, .T. ) ;
#989 = ADVANCED_FACE ( 'NONE', ( #523 ), #279, .T. ) ;
#990 = DIRECTION ( 'NONE',  ( 0.000000000000000000, -1.000000000000000000, -0.000000000000000000 ) ) ;
#991 = CYLINDRICAL_SURFACE ( 'NONE', #1122, 0.9997466849082959905 ) ;
#992 = FACE_OUTER_BOUND ( 'NONE', #2160, .T. ) ;
#993 = DIRECTION ( 'NONE',  ( 0.000000000000000000, 0.000000000000000000, 1.000000000000000000 ) ) ;
#994 = VERTEX_POINT ( 'NONE', #1917 ) ;
#995 = ORIENTED_EDGE ( 'NONE', *, *, #506, .F. ) ;
#996 = CARTESIAN_POINT ( 'NONE',  ( -116.9499999999999744, -27.11000000000000654, -4.199999999998461853 ) ) ;
#997 = CARTESIAN_POINT ( 'NONE',  ( -54.54999999999998295, 0.000000000000000000, -24.55000000000000071 ) ) ;
#998 = VERTEX_POINT ( 'NONE', #1391 ) ;
#999 = EDGE_CURVE ( 'NONE', #2790, #2492, #3028, .T. ) ;
#1000 = CARTESIAN_POINT ( 'NONE',  ( -78.99999999999995737, -4.500338972710007823, -7.199999999998458300 ) ) ;
#1001 = ORIENTED_EDGE ( 'NONE', *, *, #1957, .T. ) ;
#1002 = LINE ( 'NONE', #2466, #2400 ) ;
#1003 = EDGE_CURVE ( 'NONE', #424, #1777, #2220, .T. ) ;
#1004 = VERTEX_POINT ( 'NONE', #242 ) ;
#1005 = CIRCLE ( 'NONE', #2983, 0.9000000000019027224 ) ;
#1006 = CARTESIAN_POINT ( 'NONE',  ( -53.50000000000000000, 0.000000000000000000, -27.30000000000000426 ) ) ;
#1007 = CARTESIAN_POINT ( 'NONE',  ( -52.74999999999999289, 0.000000000000000000, -12.49999999999865885 ) ) ;
#1008 = ADVANCED_FACE ( 'NONE', ( #1372 ), #3064, .T. ) ;
#1009 = VECTOR ( 'NONE', #82, 1000.000000000000000 ) ;
#1010 = VECTOR ( 'NONE', #683, 1000.000000000000000 ) ;
#1011 = VECTOR ( 'NONE', #917, 1000.000000000000000 ) ;
#1012 = VECTOR ( 'NONE', #3152, 1000.000000000000000 ) ;
#1013 = LINE ( 'NONE', #1889, #1845 ) ;
#1014 = LINE ( 'NONE', #2976, #1770 ) ;
#1015 = DIRECTION ( 'NONE',  ( 0.000000000000000000, 1.000000000000000000, 0.000000000000000000 ) ) ;
#1016 = AXIS2_PLACEMENT_3D ( 'NONE', #3119, #1753, #913 ) ;
#1017 = DIRECTION ( 'NONE',  ( -1.000000000000000000, 0.000000000000000000, 0.000000000000000000 ) ) ;
#1018 = ORIENTED_EDGE ( 'NONE', *, *, #511, .T. ) ;
#1019 = EDGE_CURVE ( 'NONE', #3550, #448, #1933, .T. ) ;
#1020 = ORIENTED_EDGE ( 'NONE', *, *, #3264, .F. ) ;
#1021 = AXIS2_PLACEMENT_3D ( 'NONE', #3041, #2187, #2218 ) ;
#1022 = CARTESIAN_POINT ( 'NONE',  ( -85.49999999999998579, -24.11213394580208913, 24.55000000000000071 ) ) ;
#1023 = CARTESIAN_POINT ( 'NONE',  ( -53.50000000000000000, 0.000000000000000000, 24.55000000000000071 ) ) ;
#1024 = EDGE_LOOP ( 'NONE', ( #1172, #1507, #1459, #2445 ) ) ;
#1025 = DIRECTION ( 'NONE',  ( 0.000000000000000000, 1.299418334065024380E-16, -1.000000000000000000 ) ) ;
#1026 = ORIENTED_EDGE ( 'NONE', *, *, #781, .F. ) ;
#1027 = DIRECTION ( 'NONE',  ( -1.000000000000000000, 0.000000000000000000, 0.000000000000000000 ) ) ;
#1028 = ORIENTED_EDGE ( 'NONE', *, *, #8, .T. ) ;
#1029 = LINE ( 'NONE', #3268, #3050 ) ;
#1030 = CARTESIAN_POINT ( 'NONE',  ( -116.9499999999999744, 3.349999999999996536, 28.05000000000000071 ) ) ;
#1031 = EDGE_CURVE ( 'NONE', #2412, #2859, #259, .T. ) ;
#1032 = CARTESIAN_POINT ( 'NONE',  ( -72.14999999999994884, 0.000000000000000000, 24.55000000000000071 ) ) ;
#1033 = DIRECTION ( 'NONE',  ( 1.000000000000000000, 0.000000000000000000, 0.000000000000000000 ) ) ;
#1034 = DIRECTION ( 'NONE',  ( 0.000000000000000000, 0.000000000000000000, 1.000000000000000000 ) ) ;
#1035 = CARTESIAN_POINT ( 'NONE',  ( -72.64999999999996305, -24.11214197290103911, -24.55000000000000071 ) ) ;
#1036 = VERTEX_POINT ( 'NONE', #840 ) ;
#1037 = EDGE_LOOP ( 'NONE', ( #68, #491, #2925, #3197 ) ) ;
#1038 = LINE ( 'NONE', #2107, #711 ) ;
#1039 = EDGE_CURVE ( 'NONE', #2944, #3329, #556, .T. ) ;
#1040 = DIRECTION ( 'NONE',  ( 1.000000000000000000, -9.745637505487680998E-17, 0.000000000000000000 ) ) ;
#1041 = VECTOR ( 'NONE', #2811, 1000.000000000000000 ) ;
#1042 = EDGE_LOOP ( 'NONE', ( #289, #2191 ) ) ;
#1043 = CARTESIAN_POINT ( 'NONE',  ( -78.99999999999995737, -4.500338972710011376, 19.50000000000153833 ) ) ;
#1044 = ORIENTED_EDGE ( 'NONE', *, *, #1993, .F. ) ;
#1045 = DIRECTION ( 'NONE',  ( 0.000000000000000000, 0.000000000000000000, 1.000000000000000000 ) ) ;
#1046 = VERTEX_POINT ( 'NONE', #48 ) ;
#1047 = AXIS2_PLACEMENT_3D ( 'NONE', #397, #343, #2356 ) ;
#1048 = DIRECTION ( 'NONE',  ( 0.000000000000000000, -1.000000000000000000, -0.000000000000000000 ) ) ;
#1049 = DIRECTION ( 'NONE',  ( 0.000000000000000000, 0.000000000000000000, 1.000000000000000000 ) ) ;
#1050 = AXIS2_PLACEMENT_3D ( 'NONE', #750, #3231, #1844 ) ;
#1051 = EDGE_CURVE ( 'NONE', #3352, #1036, #2844, .T. ) ;
#1052 = PLANE ( 'NONE',  #1557 ) ;
#1053 = DIRECTION ( 'NONE',  ( 0.000000000000000000, 1.000000000000000000, 0.000000000000000000 ) ) ;
#1054 = DIRECTION ( 'NONE',  ( 0.000000000000000000, -1.000000000000000000, -0.000000000000000000 ) ) ;
#1055 = ORIENTED_EDGE ( 'NONE', *, *, #1215, .F. ) ;
#1056 = ORIENTED_EDGE ( 'NONE', *, *, #2350, .F. ) ;
#1057 = CARTESIAN_POINT ( 'NONE',  ( -112.9499999999999744, -39.25000000000000000, 24.55000000000000071 ) ) ;
#1058 = EDGE_CURVE ( 'NONE', #504, #1339, #1071, .T. ) ;
#1059 = DIRECTION ( 'NONE',  ( 0.000000000000000000, 1.000000000000000000, 0.000000000000000000 ) ) ;
#1060 = VERTEX_POINT ( 'NONE', #943 ) ;
#1061 = EDGE_CURVE ( 'NONE', #2126, #1954, #2625, .T. ) ;
#1062 = FACE_OUTER_BOUND ( 'NONE', #2230, .T. ) ;
#1063 = VERTEX_POINT ( 'NONE', #374 ) ;
#1064 = EDGE_CURVE ( 'NONE', #2926, #315, #3411, .T. ) ;
#1065 = CARTESIAN_POINT ( 'NONE',  ( -85.49999999999998579, -37.61792319645751093, -28.05000000000000071 ) ) ;
#1066 = ORIENTED_EDGE ( 'NONE', *, *, #2600, .T. ) ;
#1067 = ADVANCED_FACE ( 'NONE', ( #3117 ), #3169, .F. ) ;
#1068 = DIRECTION ( 'NONE',  ( 0.000000000000000000, 0.000000000000000000, -1.000000000000000000 ) ) ;
#1069 = DIRECTION ( 'NONE',  ( 0.000000000000000000, 1.000000000000000000, 0.000000000000000000 ) ) ;
#1070 = AXIS2_PLACEMENT_3D ( 'NONE', #505, #187, #2720 ) ;
#1071 = CIRCLE ( 'NONE', #2753, 1.425000000000000044 ) ;
#1072 = CARTESIAN_POINT ( 'NONE',  ( -76.14999999999994884, -4.500338972710011376, 22.86009492289630174 ) ) ;
#1073 = DIRECTION ( 'NONE',  ( 0.000000000000000000, 0.000000000000000000, -1.000000000000000000 ) ) ;
#1074 = LINE ( 'NONE', #566, #622 ) ;
#1075 = VECTOR ( 'NONE', #3316, 1000.000000000000000 ) ;
#1076 = ORIENTED_EDGE ( 'NONE', *, *, #3434, .F. ) ;
#1077 = VECTOR ( 'NONE', #2675, 1000.000000000000114 ) ;
#1078 = ORIENTED_EDGE ( 'NONE', *, *, #1802, .T. ) ;
#1079 = VECTOR ( 'NONE', #2649, 1000.000000000000000 ) ;
#1080 = CARTESIAN_POINT ( 'NONE',  ( -90.44949757282493863, 0.000000000000000000, 3.525000000000527933 ) ) ;
#1081 = CARTESIAN_POINT ( 'NONE',  ( -116.9499999999999744, -44.41604593830443548, 12.50000000000000711 ) ) ;
#1082 = ORIENTED_EDGE ( 'NONE', *, *, #968, .F. ) ;
#1083 = DIRECTION ( 'NONE',  ( -0.000000000000000000, -1.000000000000000000, -0.000000000000000000 ) ) ;
#1084 = ORIENTED_EDGE ( 'NONE', *, *, #168, .F. ) ;
#1085 = DIRECTION ( 'NONE',  ( -1.000000000000000000, 0.000000000000000000, 0.000000000000000000 ) ) ;
#1086 = EDGE_LOOP ( 'NONE', ( #1642, #2589, #3460, #2894 ) ) ;
#1087 = DIRECTION ( 'NONE',  ( 0.000000000000000000, 0.000000000000000000, 1.000000000000000000 ) ) ;
#1088 = LINE ( 'NONE', #2506, #1506 ) ;
#1089 = EDGE_CURVE ( 'NONE', #2530, #1447, #1005, .T. ) ;
#1090 = DIRECTION ( 'NONE',  ( -0.000000000000000000, 1.000000000000000000, -0.000000000000000000 ) ) ;
#1091 = FACE_OUTER_BOUND ( 'NONE', #107, .T. ) ;
#1092 = ORIENTED_EDGE ( 'NONE', *, *, #2622, .T. ) ;
#1093 = VERTEX_POINT ( 'NONE', #1751 ) ;
#1094 = CARTESIAN_POINT ( 'NONE',  ( -76.14999999999994884, -27.11000000000000654, -4.199999999998461853 ) ) ;
#1095 = CIRCLE ( 'NONE', #1502, 0.5000000000000004441 ) ;
#1096 = CARTESIAN_POINT ( 'NONE',  ( -80.54999999999964189, -4.500338972710011376, 1.949497572825494185 ) ) ;
#1097 = VERTEX_POINT ( 'NONE', #2858 ) ;
#1098 = EDGE_CURVE ( 'NONE', #2857, #3036, #353, .T. ) ;
#1099 = FACE_OUTER_BOUND ( 'NONE', #2118, .T. ) ;
#1100 = AXIS2_PLACEMENT_3D ( 'NONE', #1936, #1120, #860 ) ;
#1101 = EDGE_LOOP ( 'NONE', ( #3593, #175 ) ) ;
#1102 = CARTESIAN_POINT ( 'NONE',  ( -85.49999999999998579, 0.000000000000000000, -24.55000000000000071 ) ) ;
#1103 = ORIENTED_EDGE ( 'NONE', *, *, #56, .T. ) ;
#1104 = LINE ( 'NONE', #3343, #2996 ) ;
#1105 = DIRECTION ( 'NONE',  ( -1.000000000000000000, 0.000000000000000000, 0.000000000000000000 ) ) ;
#1106 = ADVANCED_FACE ( 'NONE', ( #1800 ), #69, .F. ) ;
#1107 = EDGE_CURVE ( 'NONE', #1719, #2034, #1221, .T. ) ;
#1108 = DIRECTION ( 'NONE',  ( 0.000000000000000000, 0.000000000000000000, 1.000000000000000000 ) ) ;
#1109 = CARTESIAN_POINT ( 'NONE',  ( -56.84999999999998721, -23.34828442116732106, -34.30073859982388029 ) ) ;
#1110 = ORIENTED_EDGE ( 'NONE', *, *, #3217, .F. ) ;
#1111 = ORIENTED_EDGE ( 'NONE', *, *, #1975, .T. ) ;
#1112 = DIRECTION ( 'NONE',  ( 0.000000000000000000, -1.000000000000000000, 0.000000000000000000 ) ) ;
#1113 = CARTESIAN_POINT ( 'NONE',  ( -80.55050242717467768, 0.000000000000000000, -4.949999999999799449 ) ) ;
#1114 = VERTEX_POINT ( 'NONE', #2593 ) ;
#1115 = EDGE_LOOP ( 'NONE', ( #2673, #1754, #2969, #3626 ) ) ;
#1116 = LINE ( 'NONE', #2538, #113 ) ;
#1117 = EDGE_CURVE ( 'NONE', #2740, #1581, #1204, .T. ) ;
#1118 = ORIENTED_EDGE ( 'NONE', *, *, #1327, .F. ) ;
#1119 = LINE ( 'NONE', #2222, #541 ) ;
#1120 = DIRECTION ( 'NONE',  ( 1.000000000000000000, 0.000000000000000000, 0.000000000000000000 ) ) ;
#1121 = CARTESIAN_POINT ( 'NONE',  ( -116.9499999999999744, 3.350000000000010747, -28.05000000000000071 ) ) ;
#1122 = AXIS2_PLACEMENT_3D ( 'NONE', #752, #458, #171 ) ;
#1123 = CARTESIAN_POINT ( 'NONE',  ( -90.44999999999997442, -4.500338972710011376, -4.949497572824772540 ) ) ;
#1124 = ORIENTED_EDGE ( 'NONE', *, *, #1759, .F. ) ;
#1125 = ORIENTED_EDGE ( 'NONE', *, *, #426, .T. ) ;
#1126 = VECTOR ( 'NONE', #1734, 1000.000000000000000 ) ;
#1127 = LINE ( 'NONE', #1623, #3047 ) ;
#1128 = CIRCLE ( 'NONE', #414, 0.9000000000014556356 ) ;
#1129 = LINE ( 'NONE', #1662, #2583 ) ;
#1130 = VECTOR ( 'NONE', #3535, 1000.000000000000000 ) ;
#1131 = EDGE_CURVE ( 'NONE', #3567, #3388, #104, .T. ) ;
#1132 = VERTEX_POINT ( 'NONE', #1238 ) ;
#1133 = VECTOR ( 'NONE', #1756, 1000.000000000000000 ) ;
#1134 = CARTESIAN_POINT ( 'NONE',  ( -56.09999999999998010, 0.000000000000000000, -24.55000000000000071 ) ) ;
#1135 = ORIENTED_EDGE ( 'NONE', *, *, #2678, .F. ) ;
#1136 = DIRECTION ( 'NONE',  ( 1.000000000000000000, 0.000000000000000000, 0.000000000000000000 ) ) ;
#1137 = CIRCLE ( 'NONE', #486, 0.9000000000019027224 ) ;
#1138 = ORIENTED_EDGE ( 'NONE', *, *, #2195, .T. ) ;
#1139 = DIRECTION ( 'NONE',  ( 0.000000000000000000, -1.000000000000000000, 0.000000000000000000 ) ) ;
#1140 = CARTESIAN_POINT ( 'NONE',  ( -85.49999999999998579, 0.000000000000000000, 0.000000000000000000 ) ) ;
#1141 = DIRECTION ( 'NONE',  ( -6.162975822039154730E-33, 6.006212831667855052E-49, 1.000000000000000000 ) ) ;
#1142 = EDGE_CURVE ( 'NONE', #3404, #2093, #2910, .T. ) ;
#1143 = FACE_BOUND ( 'NONE', #3286, .T. ) ;
#1144 = DIRECTION ( 'NONE',  ( 0.000000000000000000, -1.000000000000000000, 0.000000000000000000 ) ) ;
#1145 = ORIENTED_EDGE ( 'NONE', *, *, #606, .T. ) ;
#1146 = DIRECTION ( 'NONE',  ( 0.000000000000000000, 0.000000000000000000, -1.000000000000000000 ) ) ;
#1147 = CARTESIAN_POINT ( 'NONE',  ( -111.0499999999999829, -29.25000000000000000, 22.50000000000153122 ) ) ;
#1148 = EDGE_LOOP ( 'NONE', ( #928, #1525, #2135, #3009, #1408, #1208, #1428, #3011, #269 ) ) ;
#1149 = ADVANCED_FACE ( 'NONE', ( #3465 ), #1767, .T. ) ;
#1150 = FACE_OUTER_BOUND ( 'NONE', #2429, .T. ) ;
#1151 = ORIENTED_EDGE ( 'NONE', *, *, #1869, .T. ) ;
#1152 = LINE ( 'NONE', #3320, #2053 ) ;
#1153 = EDGE_CURVE ( 'NONE', #1431, #2787, #2607, .T. ) ;
#1154 = EDGE_LOOP ( 'NONE', ( #2291, #3466, #939, #2054, #584, #1588 ) ) ;
#1155 = CARTESIAN_POINT ( 'NONE',  ( -56.84999999999998721, -23.34828442116732106, 25.31384952463475102 ) ) ;
#1156 = DIRECTION ( 'NONE',  ( 0.000000000000000000, 0.000000000000000000, 1.000000000000000000 ) ) ;
#1157 = CARTESIAN_POINT ( 'NONE',  ( -112.9499999999999744, -9.500338972710009600, 22.86009492289630174 ) ) ;
#1158 = VECTOR ( 'NONE', #714, 1000.000000000000000 ) ;
#1159 = CARTESIAN_POINT ( 'NONE',  ( -112.9499999999999744, -26.95767651737898163, 4.335076018827155764 ) ) ;
#1160 = VERTEX_POINT ( 'NONE', #667 ) ;
#1161 = EDGE_CURVE ( 'NONE', #3295, #2072, #87, .T. ) ;
#1162 = CARTESIAN_POINT ( 'NONE',  ( -116.4499999999999886, -29.25000000000000000, -19.41215000000000401 ) ) ;
#1163 = FACE_OUTER_BOUND ( 'NONE', #924, .T. ) ;
#1164 = ORIENTED_EDGE ( 'NONE', *, *, #1215, .T. ) ;
#1165 = CARTESIAN_POINT ( 'NONE',  ( -116.4499999999999886, -29.25000000000000000, -60.32163680906983672 ) ) ;
#1166 = EDGE_CURVE ( 'NONE', #1132, #865, #3507, .T. ) ;
#1167 = ORIENTED_EDGE ( 'NONE', *, *, #2488, .T. ) ;
#1168 = DIRECTION ( 'NONE',  ( 1.000000000000000000, -0.000000000000000000, -0.000000000000000000 ) ) ;
#1169 = EDGE_CURVE ( 'NONE', #2790, #1871, #1608, .T. ) ;
#1170 = ORIENTED_EDGE ( 'NONE', *, *, #13, .T. ) ;
#1171 = FACE_OUTER_BOUND ( 'NONE', #1294, .T. ) ;
#1172 = ORIENTED_EDGE ( 'NONE', *, *, #473, .F. ) ;
#1173 = CARTESIAN_POINT ( 'NONE',  ( -90.44949757282493863, -4.500338972710011376, 1.950000000000526423 ) ) ;
#1174 = EDGE_CURVE ( 'NONE', #2056, #552, #2226, .T. ) ;
#1175 = CARTESIAN_POINT ( 'NONE',  ( -112.9499999999999744, -42.04685710750737115, 18.02622368288013277 ) ) ;
#1176 = DIRECTION ( 'NONE',  ( -7.779833121590977705E-17, -1.000000000000000000, 0.000000000000000000 ) ) ;
#1177 = ORIENTED_EDGE ( 'NONE', *, *, #3094, .F. ) ;
#1178 = DIRECTION ( 'NONE',  ( 1.000000000000000000, -0.000000000000000000, -0.000000000000000000 ) ) ;
#1179 = DIRECTION ( 'NONE',  ( 0.000000000000000000, -1.000000000000000000, -0.000000000000000000 ) ) ;
#1180 = AXIS2_PLACEMENT_3D ( 'NONE', #633, #2270, #3443 ) ;
#1181 = ORIENTED_EDGE ( 'NONE', *, *, #2276, .F. ) ;
#1182 = CARTESIAN_POINT ( 'NONE',  ( -112.9499999999999744, -63.61328037885304099, -27.69722337876564922 ) ) ;
#1183 = AXIS2_PLACEMENT_3D ( 'NONE', #1348, #922, #2337 ) ;
#1184 = VERTEX_POINT ( 'NONE', #2930 ) ;
#1185 = EDGE_CURVE ( 'NONE', #376, #1786, #2424, .T. ) ;
#1186 = CARTESIAN_POINT ( 'NONE',  ( -80.54999999999964189, 0.000000000000000000, 4.949497572825494629 ) ) ;
#1187 = ORIENTED_EDGE ( 'NONE', *, *, #968, .T. ) ;
#1188 = CIRCLE ( 'NONE', #3514, 7.100000352873621523 ) ;
#1189 = VECTOR ( 'NONE', #1835, 1000.000000000000000 ) ;
#1190 = CARTESIAN_POINT ( 'NONE',  ( -116.4499999999999886, -29.25000000000000000, -60.32163680906983672 ) ) ;
#1191 = VERTEX_POINT ( 'NONE', #465 ) ;
#1192 = VECTOR ( 'NONE', #3594, 1000.000000000000000 ) ;
#1193 = CYLINDRICAL_SURFACE ( 'NONE', #3210, 1.425000000000000044 ) ;
#1194 = VECTOR ( 'NONE', #1986, 1000.000000000000114 ) ;
#1195 = DIRECTION ( 'NONE',  ( 0.000000000000000000, -0.7071067811865484609, 0.7071067811865465735 ) ) ;
#1196 = EDGE_CURVE ( 'NONE', #2592, #3043, #1712, .T. ) ;
#1197 = LINE ( 'NONE', #3418, #569 ) ;
#1198 = CARTESIAN_POINT ( 'NONE',  ( -54.54999999999998295, 0.000000000000000000, 24.55000000000000071 ) ) ;
#1199 = ORIENTED_EDGE ( 'NONE', *, *, #1142, .F. ) ;
#1200 = DIRECTION ( 'NONE',  ( 0.000000000000000000, 0.000000000000000000, -1.000000000000000000 ) ) ;
#1201 = LINE ( 'NONE', #663, #1009 ) ;
#1202 = EDGE_LOOP ( 'NONE', ( #1187, #1111, #786, #1055, #1840, #1910, #2089, #1457, #849 ) ) ;
#1203 = DIRECTION ( 'NONE',  ( 0.000000000000000000, 0.000000000000000000, 1.000000000000000000 ) ) ;
#1204 = LINE ( 'NONE', #33, #1418 ) ;
#1205 = VERTEX_POINT ( 'NONE', #782 ) ;
#1206 = EDGE_CURVE ( 'NONE', #214, #1954, #1128, .T. ) ;
#1207 = CYLINDRICAL_SURFACE ( 'NONE', #1016, 1.002199995687616196 ) ;
#1208 = ORIENTED_EDGE ( 'NONE', *, *, #3326, .F. ) ;
#1209 = FACE_OUTER_BOUND ( 'NONE', #2637, .T. ) ;
#1210 = CIRCLE ( 'NONE', #79, 0.9000000000019027224 ) ;
#1211 = CARTESIAN_POINT ( 'NONE',  ( -78.99999999999995737, -4.500338972710011376, 7.518057480633947520 ) ) ;
#1212 = LINE ( 'NONE', #934, #559 ) ;
#1213 = AXIS2_PLACEMENT_3D ( 'NONE', #1140, #1395, #1649 ) ;
#1214 = ORIENTED_EDGE ( 'NONE', *, *, #1614, .T. ) ;
#1215 = EDGE_CURVE ( 'NONE', #1731, #2560, #2109, .T. ) ;
#1216 = EDGE_CURVE ( 'NONE', #2152, #2713, #2813, .T. ) ;
#1217 = CARTESIAN_POINT ( 'NONE',  ( -90.44949757282493863, 6.349999999999999645, 4.950000000000527756 ) ) ;
#1218 = DIRECTION ( 'NONE',  ( 1.000000000000000000, 0.000000000000000000, 0.000000000000000000 ) ) ;
#1219 = ORIENTED_EDGE ( 'NONE', *, *, #520, .T. ) ;
#1220 = ORIENTED_EDGE ( 'NONE', *, *, #2600, .F. ) ;
#1221 = LINE ( 'NONE', #2041, #169 ) ;
#1222 = ORIENTED_EDGE ( 'NONE', *, *, #3053, .F. ) ;
#1223 = CARTESIAN_POINT ( 'NONE',  ( -112.9499999999999744, -9.500338972710009600, 24.55000000000000071 ) ) ;
#1224 = VERTEX_POINT ( 'NONE', #127 ) ;
#1225 = PLANE ( 'NONE',  #2692 ) ;
#1226 = ADVANCED_FACE ( 'NONE', ( #1837, #2676 ), #2984, .T. ) ;
#1227 = LINE ( 'NONE', #2032, #3457 ) ;
#1228 = DIRECTION ( 'NONE',  ( -1.000000000000000000, 9.745637505487680998E-17, 0.000000000000000000 ) ) ;
#1229 = EDGE_CURVE ( 'NONE', #1454, #1404, #3240, .T. ) ;
#1230 = EDGE_LOOP ( 'NONE', ( #3376, #1658, #701, #3073 ) ) ;
#1231 = DIRECTION ( 'NONE',  ( 1.000000000000000000, -0.000000000000000000, -0.000000000000000000 ) ) ;
#1232 = LINE ( 'NONE', #3458, #3573 ) ;
#1233 = VERTEX_POINT ( 'NONE', #3259 ) ;
#1234 = EDGE_LOOP ( 'NONE', ( #2967, #2774, #2003, #1679, #3273, #961, #2881, #3151, #1001, #62 ) ) ;
#1235 = CARTESIAN_POINT ( 'NONE',  ( -90.44949757282493863, -29.25000000000000000, 4.950000000000527756 ) ) ;
#1236 = ADVANCED_FACE ( 'NONE', ( #1332 ), #2444, .F. ) ;
#1237 = AXIS2_PLACEMENT_3D ( 'NONE', #410, #985, #689 ) ;
#1238 = CARTESIAN_POINT ( 'NONE',  ( -116.9499999999999744, -28.10953272676582770, -4.199999999998461853 ) ) ;
#1239 = ORIENTED_EDGE ( 'NONE', *, *, #1643, .T. ) ;
#1240 = AXIS2_PLACEMENT_3D ( 'NONE', #2935, #856, #1136 ) ;
#1241 = LINE ( 'NONE', #3136, #3347 ) ;
#1242 = VERTEX_POINT ( 'NONE', #1548 ) ;
#1243 = CARTESIAN_POINT ( 'NONE',  ( -85.49999999999998579, -4.500338972710011376, 0.000000000000000000 ) ) ;
#1244 = VECTOR ( 'NONE', #700, 1000.000000000000000 ) ;
#1245 = CIRCLE ( 'NONE', #2175, 3.000000000000000000 ) ;
#1246 = CYLINDRICAL_SURFACE ( 'NONE', #119, 0.9000000000019027224 ) ;
#1247 = VECTOR ( 'NONE', #1017, 1000.000000000000000 ) ;
#1248 = CARTESIAN_POINT ( 'NONE',  ( -52.74999999999999289, -23.34828442116732106, -28.05000000000000071 ) ) ;
#1249 = VECTOR ( 'NONE', #2112, 1000.000000000000000 ) ;
#1250 = EDGE_CURVE ( 'NONE', #3550, #870, #359, .T. ) ;
#1251 = CARTESIAN_POINT ( 'NONE',  ( -52.74999999999999289, 13.51999999999955016, 17.88000000000045375 ) ) ;
#1252 = CARTESIAN_POINT ( 'NONE',  ( -72.14999999999994884, -27.11000000000001009, 16.50000000000153833 ) ) ;
#1253 = CARTESIAN_POINT ( 'NONE',  ( -90.44999999999997442, -4.500338972710011376, -1.949497572824771208 ) ) ;
#1254 = DIRECTION ( 'NONE',  ( 0.000000000000000000, 1.299418334065024133E-16, -1.000000000000000000 ) ) ;
#1255 = ORIENTED_EDGE ( 'NONE', *, *, #511, .F. ) ;
#1256 = ORIENTED_EDGE ( 'NONE', *, *, #344, .T. ) ;
#1257 = PLANE ( 'NONE',  #2584 ) ;
#1258 = LINE ( 'NONE', #143, #3215 ) ;
#1259 = VERTEX_POINT ( 'NONE', #1896 ) ;
#1260 = ADVANCED_FACE ( 'NONE', ( #2401 ), #3008, .T. ) ;
#1261 = CARTESIAN_POINT ( 'NONE',  ( -111.0499999999999829, -5.610253315091707549, 20.25000000000153477 ) ) ;
#1262 = VERTEX_POINT ( 'NONE', #2947 ) ;
#1263 = EDGE_CURVE ( 'NONE', #3567, #1909, #1315, .T. ) ;
#1264 = CARTESIAN_POINT ( 'NONE',  ( -85.49999999999998579, -23.34828442116732106, -24.55000000000000071 ) ) ;
#1265 = CARTESIAN_POINT ( 'NONE',  ( -116.9499999999999744, -26.95767651737898163, -1.037918005908522456 ) ) ;
#1266 = CARTESIAN_POINT ( 'NONE',  ( -80.54999999999964189, 0.000000000000000000, 7.949497572825495517 ) ) ;
#1267 = VECTOR ( 'NONE', #1542, 1000.000000000000000 ) ;
#1268 = PLANE ( 'NONE',  #3227 ) ;
#1269 = DIRECTION ( 'NONE',  ( 0.000000000000000000, 0.000000000000000000, -1.000000000000000000 ) ) ;
#1270 = DIRECTION ( 'NONE',  ( 1.000000000000000000, -0.000000000000000000, -0.000000000000000000 ) ) ;
#1271 = CARTESIAN_POINT ( 'NONE',  ( -112.9499999999999744, -27.45767651737898518, -1.037918005908522456 ) ) ;
#1272 = EDGE_CURVE ( 'NONE', #2713, #1093, #1258, .T. ) ;
#1273 = ORIENTED_EDGE ( 'NONE', *, *, #1166, .T. ) ;
#1274 = ORIENTED_EDGE ( 'NONE', *, *, #3032, .T. ) ;
#1275 = EDGE_CURVE ( 'NONE', #1339, #504, #1421, .T. ) ;
#1276 = DIRECTION ( 'NONE',  ( 0.000000000000000000, -1.000000000000000000, -0.000000000000000000 ) ) ;
#1277 = DIRECTION ( 'NONE',  ( 0.000000000000000000, 0.000000000000000000, 1.000000000000000000 ) ) ;
#1278 = ORIENTED_EDGE ( 'NONE', *, *, #189, .F. ) ;
#1279 = EDGE_CURVE ( 'NONE', #1532, #3589, #160, .T. ) ;
#1280 = PLANE ( 'NONE',  #2820 ) ;
#1281 = ORIENTED_EDGE ( 'NONE', *, *, #938, .T. ) ;
#1282 = CARTESIAN_POINT ( 'NONE',  ( -112.9499999999999744, -53.34604593830443520, 7.100000352873628628 ) ) ;
#1283 = LINE ( 'NONE', #1006, #1655 ) ;
#1284 = LINE ( 'NONE', #3527, #1569 ) ;
#1285 = EDGE_CURVE ( 'NONE', #3486, #2503, #2966, .T. ) ;
#1286 = FACE_BOUND ( 'NONE', #577, .T. ) ;
#1287 = CARTESIAN_POINT ( 'NONE',  ( -78.99999999999995737, -4.500338972710011376, 2.380937665017040406 ) ) ;
#1288 = FACE_OUTER_BOUND ( 'NONE', #1380, .T. ) ;
#1289 = CARTESIAN_POINT ( 'NONE',  ( -78.99999999999995737, -4.500338972710007823, -7.199999999998458300 ) ) ;
#1290 = EDGE_LOOP ( 'NONE', ( #889, #1675, #806, #1386 ) ) ;
#1291 = EDGE_LOOP ( 'NONE', ( #3525, #2746, #2287, #1220 ) ) ;
#1292 = LINE ( 'NONE', #2399, #417 ) ;
#1293 = CARTESIAN_POINT ( 'NONE',  ( -111.0499999999999829, -27.11000000000000654, -4.199999999998461853 ) ) ;
#1294 = EDGE_LOOP ( 'NONE', ( #3065, #2481, #2385, #479 ) ) ;
#1295 = DIRECTION ( 'NONE',  ( -6.162975822039154730E-33, 6.006212831667855052E-49, 1.000000000000000000 ) ) ;
#1296 = ORIENTED_EDGE ( 'NONE', *, *, #831, .F. ) ;
#1297 = FACE_OUTER_BOUND ( 'NONE', #1037, .T. ) ;
#1298 = ORIENTED_EDGE ( 'NONE', *, *, #886, .F. ) ;
#1299 = AXIS2_PLACEMENT_3D ( 'NONE', #873, #2555, #299 ) ;
#1300 = CARTESIAN_POINT ( 'NONE',  ( -52.74999999999999289, -16.85999999999956245, 24.55000000000000071 ) ) ;
#1301 = CARTESIAN_POINT ( 'NONE',  ( -72.14999999999994884, -27.11000000000000654, -4.199999999998461853 ) ) ;
#1302 = VECTOR ( 'NONE', #3354, 1000.000000000000000 ) ;
#1303 = AXIS2_PLACEMENT_3D ( 'NONE', #233, #2215, #3623 ) ;
#1304 = AXIS2_PLACEMENT_3D ( 'NONE', #2706, #3560, #1555 ) ;
#1305 = CIRCLE ( 'NONE', #294, 0.5000000000000004441 ) ;
#1306 = EDGE_CURVE ( 'NONE', #70, #2503, #14, .T. ) ;
#1307 = CARTESIAN_POINT ( 'NONE',  ( -78.99999999999995737, -6.610000000000006537, -4.199999999998458300 ) ) ;
#1308 = CARTESIAN_POINT ( 'NONE',  ( -112.9499999999999744, -44.41604593830443548, 12.50000000000000711 ) ) ;
#1309 = FACE_BOUND ( 'NONE', #3172, .T. ) ;
#1310 = AXIS2_PLACEMENT_3D ( 'NONE', #983, #3262, #2407 ) ;
#1311 = DIRECTION ( 'NONE',  ( 0.000000000000000000, 1.000000000000000000, 0.000000000000000000 ) ) ;
#1312 = EDGE_LOOP ( 'NONE', ( #2520, #2556, #3479, #2626 ) ) ;
#1313 = EDGE_LOOP ( 'NONE', ( #1626, #2900, #310, #19, #1390, #685, #3241, #2807 ) ) ;
#1314 = FACE_BOUND ( 'NONE', #1549, .T. ) ;
#1315 = LINE ( 'NONE', #501, #773 ) ;
#1316 = EDGE_LOOP ( 'NONE', ( #2891, #2738, #1028, #2769 ) ) ;
#1317 = PLANE ( 'NONE',  #2472 ) ;
#1318 = VERTEX_POINT ( 'NONE', #1677 ) ;
#1319 = CARTESIAN_POINT ( 'NONE',  ( -116.4499999999999886, -5.607800004312387898, -4.199999999998458300 ) ) ;
#1320 = ADVANCED_FACE ( 'NONE', ( #2785 ), #2749, .F. ) ;
#1321 = ORIENTED_EDGE ( 'NONE', *, *, #287, .F. ) ;
#1322 = FACE_OUTER_BOUND ( 'NONE', #634, .T. ) ;
#1323 = DIRECTION ( 'NONE',  ( 1.000000000000000000, -0.000000000000000000, -0.000000000000000000 ) ) ;
#1324 = PLANE ( 'NONE',  #3597 ) ;
#1325 = DIRECTION ( 'NONE',  ( 0.000000000000000000, 0.000000000000000000, -1.000000000000000000 ) ) ;
#1326 = DIRECTION ( 'NONE',  ( -0.000000000000000000, 0.000000000000000000, -1.000000000000000000 ) ) ;
#1327 = EDGE_CURVE ( 'NONE', #1318, #1114, #3046, .T. ) ;
#1328 = VERTEX_POINT ( 'NONE', #1147 ) ;
#1329 = ORIENTED_EDGE ( 'NONE', *, *, #548, .F. ) ;
#1330 = EDGE_CURVE ( 'NONE', #1114, #3043, #1912, .T. ) ;
#1331 = LINE ( 'NONE', #2073, #1130 ) ;
#1332 = FACE_OUTER_BOUND ( 'NONE', #66, .T. ) ;
#1333 = AXIS2_PLACEMENT_3D ( 'NONE', #811, #250, #1144 ) ;
#1334 = EDGE_CURVE ( 'NONE', #2823, #2740, #236, .T. ) ;
#1335 = ORIENTED_EDGE ( 'NONE', *, *, #548, .T. ) ;
#1336 = CARTESIAN_POINT ( 'NONE',  ( -116.9499999999999744, -26.95767651737898163, 4.835076018827155764 ) ) ;
#1337 = VERTEX_POINT ( 'NONE', #1403 ) ;
#1338 = CARTESIAN_POINT ( 'NONE',  ( -53.50000000000000000, 0.000000000000000000, -27.30000000000000426 ) ) ;
#1339 = VERTEX_POINT ( 'NONE', #2496 ) ;
#1340 = CARTESIAN_POINT ( 'NONE',  ( -80.54999999999964189, -4.500338972710011376, 4.949497572825494629 ) ) ;
#1341 = CARTESIAN_POINT ( 'NONE',  ( -90.44999999999997442, 0.000000000000000000, -4.949497572824772540 ) ) ;
#1342 = DIRECTION ( 'NONE',  ( -1.000000000000000000, 0.000000000000000000, 0.000000000000000000 ) ) ;
#1343 = FACE_OUTER_BOUND ( 'NONE', #1733, .T. ) ;
#1344 = DIRECTION ( 'NONE',  ( 0.000000000000000000, 0.000000000000000000, 1.000000000000000000 ) ) ;
#1345 = ORIENTED_EDGE ( 'NONE', *, *, #3153, .T. ) ;
#1346 = VERTEX_POINT ( 'NONE', #1096 ) ;
#1347 = CARTESIAN_POINT ( 'NONE',  ( -56.84999999999998721, -23.34828442116732106, -34.30073859982388029 ) ) ;
#1348 = CARTESIAN_POINT ( 'NONE',  ( -112.9499999999999744, -53.34604593830443520, 1.040834085586084257E-14 ) ) ;
#1349 = EDGE_LOOP ( 'NONE', ( #2663, #874, #1345, #3351, #1926, #2269, #454, #3393 ) ) ;
#1350 = LINE ( 'NONE', #2463, #1488 ) ;
#1351 = VERTEX_POINT ( 'NONE', #1081 ) ;
#1352 = DIRECTION ( 'NONE',  ( 0.000000000000000000, 0.000000000000000000, -1.000000000000000000 ) ) ;
#1353 = ORIENTED_EDGE ( 'NONE', *, *, #1098, .F. ) ;
#1354 = CARTESIAN_POINT ( 'NONE',  ( -112.9499999999999744, -4.500338972710011376, -6.449999999999983302 ) ) ;
#1355 = LINE ( 'NONE', #2173, #2619 ) ;
#1356 = VECTOR ( 'NONE', #2788, 1000.000000000000000 ) ;
#1357 = AXIS2_PLACEMENT_3D ( 'NONE', #3201, #2092, #758 ) ;
#1358 = DIRECTION ( 'NONE',  ( -0.000000000000000000, -1.000000000000000000, -0.000000000000000000 ) ) ;
#1359 = LINE ( 'NONE', #2543, #536 ) ;
#1360 = DIRECTION ( 'NONE',  ( 0.000000000000000000, 0.000000000000000000, 1.000000000000000000 ) ) ;
#1361 = VECTOR ( 'NONE', #1311, 1000.000000000000000 ) ;
#1362 = ORIENTED_EDGE ( 'NONE', *, *, #2195, .F. ) ;
#1363 = CIRCLE ( 'NONE', #3400, 1.002199995687616196 ) ;
#1364 = EDGE_CURVE ( 'NONE', #1004, #573, #2867, .T. ) ;
#1365 = ORIENTED_EDGE ( 'NONE', *, *, #980, .T. ) ;
#1366 = COLOUR_RGB ( '',0.7921568627450980005, 0.8196078431372548767, 0.9333333333333333481 ) ;
#1367 = CARTESIAN_POINT ( 'NONE',  ( -112.9499999999999744, -29.25000000000000000, -6.449999999999983302 ) ) ;
#1368 = DIRECTION ( 'NONE',  ( 0.000000000000000000, 1.000000000000000000, 2.055359568692899499E-16 ) ) ;
#1369 = VERTEX_POINT ( 'NONE', #816 ) ;
#1370 = AXIS2_PLACEMENT_3D ( 'NONE', #838, #3026, #785 ) ;
#1371 = ORIENTED_EDGE ( 'NONE', *, *, #1174, .F. ) ;
#1372 = FACE_OUTER_BOUND ( 'NONE', #2329, .T. ) ;
#1373 = EDGE_CURVE ( 'NONE', #3595, #376, #2185, .T. ) ;
#1374 = ORIENTED_EDGE ( 'NONE', *, *, #1334, .T. ) ;
#1375 = LINE ( 'NONE', #2810, #124 ) ;
#1376 = EDGE_CURVE ( 'NONE', #319, #3567, #2203, .T. ) ;
#1377 = DIRECTION ( 'NONE',  ( 0.000000000000000000, 1.000000000000000000, 0.000000000000000000 ) ) ;
#1378 = PLANE ( 'NONE',  #2661 ) ;
#1379 = DIRECTION ( 'NONE',  ( 0.000000000000000000, 0.7071067811865500152, 0.7071067811865451302 ) ) ;
#1380 = EDGE_LOOP ( 'NONE', ( #3588, #393, #744, #2398 ) ) ;
#1381 = ORIENTED_EDGE ( 'NONE', *, *, #824, .F. ) ;
#1382 = DIRECTION ( 'NONE',  ( -1.000000000000000000, 7.779833121590977705E-17, -6.162975822039154730E-33 ) ) ;
#1383 = EDGE_CURVE ( 'NONE', #870, #850, #1928, .T. ) ;
#1384 = VECTOR ( 'NONE', #2815, 1000.000000000000000 ) ;
#1385 = CYLINDRICAL_SURFACE ( 'NONE', #1764, 1.425000000000000044 ) ;
#1386 = ORIENTED_EDGE ( 'NONE', *, *, #265, .T. ) ;
#1387 = VECTOR ( 'NONE', #457, 1000.000000000000000 ) ;
#1388 = FACE_OUTER_BOUND ( 'NONE', #1349, .T. ) ;
#1389 = VECTOR ( 'NONE', #229, 1000.000000000000000 ) ;
#1390 = ORIENTED_EDGE ( 'NONE', *, *, #3105, .T. ) ;
#1391 = CARTESIAN_POINT ( 'NONE',  ( -72.14999999999994884, -16.85999999999956245, -19.59999999999865850 ) ) ;
#1392 = EDGE_CURVE ( 'NONE', #2048, #2963, #1129, .T. ) ;
#1393 = ORIENTED_EDGE ( 'NONE', *, *, #1782, .F. ) ;
#1394 = DIRECTION ( 'NONE',  ( 1.000000000000000000, -0.000000000000000000, -0.000000000000000000 ) ) ;
#1395 = DIRECTION ( 'NONE',  ( 0.000000000000000000, -1.000000000000000000, -0.000000000000000000 ) ) ;
#1396 = EDGE_CURVE ( 'NONE', #3091, #3486, #3039, .T. ) ;
#1397 = FACE_OUTER_BOUND ( 'NONE', #1966, .T. ) ;
#1398 = VECTOR ( 'NONE', #708, 1000.000000000000000 ) ;
#1399 = PLANE ( 'NONE',  #2610 ) ;
#1400 = VERTEX_POINT ( 'NONE', #867 ) ;
#1401 = VERTEX_POINT ( 'NONE', #3610 ) ;
#1402 = LINE ( 'NONE', #2800, #3342 ) ;
#1403 = CARTESIAN_POINT ( 'NONE',  ( -112.9499999999999744, -4.500338972710011376, -6.449999999999983302 ) ) ;
#1404 = VERTEX_POINT ( 'NONE', #2768 ) ;
#1405 = LINE ( 'NONE', #1336, #3056 ) ;
#1406 = ORIENTED_EDGE ( 'NONE', *, *, #1526, .T. ) ;
#1407 = LINE ( 'NONE', #2826, #706 ) ;
#1408 = ORIENTED_EDGE ( 'NONE', *, *, #3174, .F. ) ;
#1409 = ADVANCED_FACE ( 'NONE', ( #1965 ), #1385, .F. ) ;
#1410 = CARTESIAN_POINT ( 'NONE',  ( -76.14999999999994884, -16.85999999999956245, -12.49999999999865885 ) ) ;
#1411 = DIRECTION ( 'NONE',  ( -0.000000000000000000, -1.000000000000000000, -0.000000000000000000 ) ) ;
#1412 = FACE_OUTER_BOUND ( 'NONE', #593, .T. ) ;
#1413 = VECTOR ( 'NONE', #3474, 1000.000000000000000 ) ;
#1414 = FACE_OUTER_BOUND ( 'NONE', #1202, .T. ) ;
#1415 = ORIENTED_EDGE ( 'NONE', *, *, #1275, .T. ) ;
#1416 = ADVANCED_FACE ( 'NONE', ( #2801 ), #293, .F. ) ;
#1417 = ORIENTED_EDGE ( 'NONE', *, *, #3105, .F. ) ;
#1418 = VECTOR ( 'NONE', #3392, 1000.000000000000000 ) ;
#1419 = EDGE_CURVE ( 'NONE', #1698, #3589, #1624, .T. ) ;
#1420 = CARTESIAN_POINT ( 'NONE',  ( -72.14999999999994884, -27.11000000000000654, -3.299999999997006217 ) ) ;
#1421 = CIRCLE ( 'NONE', #950, 1.425000000000000044 ) ;
#1422 = DIRECTION ( 'NONE',  ( -1.000000000000000000, 9.745637505487682231E-17, 0.000000000000000000 ) ) ;
#1423 = AXIS2_PLACEMENT_3D ( 'NONE', #1582, #2693, #3498 ) ;
#1424 = VERTEX_POINT ( 'NONE', #3571 ) ;
#1425 = CIRCLE ( 'NONE', #2410, 1.002199995687616196 ) ;
#1426 = AXIS2_PLACEMENT_3D ( 'NONE', #2455, #495, #3292 ) ;
#1427 = DIRECTION ( 'NONE',  ( -1.000000000000000000, 7.779833121590977705E-17, -6.162975822039154730E-33 ) ) ;
#1428 = ORIENTED_EDGE ( 'NONE', *, *, #1229, .T. ) ;
#1429 = LINE ( 'NONE', #2256, #1356 ) ;
#1430 = STYLED_ITEM ( 'NONE', ( #240 ), #2365 ) ;
#1431 = VERTEX_POINT ( 'NONE', #2460 ) ;
#1432 = LINE ( 'NONE', #223, #3167 ) ;
#1433 = FACE_OUTER_BOUND ( 'NONE', #2511, .T. ) ;
#1434 = DIRECTION ( 'NONE',  ( 0.000000000000000000, -1.000000000000000000, 0.000000000000000000 ) ) ;
#1435 = EDGE_CURVE ( 'NONE', #3124, #2204, #3279, .T. ) ;
#1436 = CARTESIAN_POINT ( 'NONE',  ( -78.99999999999995737, -8.720338972710010239, 19.50000000000153833 ) ) ;
#1437 = VERTEX_POINT ( 'NONE', #3439 ) ;
#1438 = CARTESIAN_POINT ( 'NONE',  ( -80.54999999999964189, -29.25000000000000000, 4.949497572825494629 ) ) ;
#1439 = EDGE_CURVE ( 'NONE', #2152, #1681, #1493, .T. ) ;
#1440 = CARTESIAN_POINT ( 'NONE',  ( -78.99999999999995737, -4.500338972710011376, -2.381743349404832344 ) ) ;
#1441 = ORIENTED_EDGE ( 'NONE', *, *, #2433, .T. ) ;
#1442 = ORIENTED_EDGE ( 'NONE', *, *, #449, .T. ) ;
#1443 = CYLINDRICAL_SURFACE ( 'NONE', #2878, 7.100000352873617970 ) ;
#1444 = ORIENTED_EDGE ( 'NONE', *, *, #581, .F. ) ;
#1445 = EDGE_CURVE ( 'NONE', #2546, #1585, #1201, .T. ) ;
#1446 = CARTESIAN_POINT ( 'NONE',  ( -56.09999999999998010, -23.34828442116732106, -24.55000000000000071 ) ) ;
#1447 = VERTEX_POINT ( 'NONE', #937 ) ;
#1448 = FACE_OUTER_BOUND ( 'NONE', #2042, .T. ) ;
#1449 = ORIENTED_EDGE ( 'NONE', *, *, #3203, .T. ) ;
#1450 = FACE_OUTER_BOUND ( 'NONE', #668, .T. ) ;
#1451 = LINE ( 'NONE', #2316, #1716 ) ;
#1452 = DIRECTION ( 'NONE',  ( 0.000000000000000000, -0.7071067811865513475, 0.7071067811865436870 ) ) ;
#1453 = PRODUCT_CONTEXT ( 'NONE', #2307, 'mechanical' ) ;
#1454 = VERTEX_POINT ( 'NONE', #642 ) ;
#1455 = CARTESIAN_POINT ( 'NONE',  ( -112.9499999999999744, -29.25000000000000000, -60.32163680906983672 ) ) ;
#1456 = DIRECTION ( 'NONE',  ( -1.000000000000000000, 0.000000000000000000, 0.000000000000000000 ) ) ;
#1457 = ORIENTED_EDGE ( 'NONE', *, *, #1508, .F. ) ;
#1458 = CARTESIAN_POINT ( 'NONE',  ( -56.84999999999998721, -23.34828442116732106, -24.55000000000000426 ) ) ;
#1459 = ORIENTED_EDGE ( 'NONE', *, *, #1678, .T. ) ;
#1460 = DIRECTION ( 'NONE',  ( 0.000000000000000000, 0.000000000000000000, -1.000000000000000000 ) ) ;
#1461 = ORIENTED_EDGE ( 'NONE', *, *, #3140, .F. ) ;
#1462 = ADVANCED_FACE ( 'NONE', ( #2305 ), #2052, .T. ) ;
#1463 = CARTESIAN_POINT ( 'NONE',  ( -90.44999999999997442, -4.500338972710011376, -4.949497572824772540 ) ) ;
#1464 = ORIENTED_EDGE ( 'NONE', *, *, #2565, .T. ) ;
#1465 = PLANE ( 'NONE',  #2809 ) ;
#1466 = LINE ( 'NONE', #2065, #3108 ) ;
#1467 = CARTESIAN_POINT ( 'NONE',  ( -116.9499999999999744, -6.760289708239330508, -1.537918005908522900 ) ) ;
#1468 = EDGE_CURVE ( 'NONE', #2412, #3429, #653, .T. ) ;
#1469 = DIRECTION ( 'NONE',  ( -1.000000000000000000, 0.000000000000000000, 0.000000000000000000 ) ) ;
#1470 = VERTEX_POINT ( 'NONE', #907 ) ;
#1471 = LINE ( 'NONE', #1162, #3165 ) ;
#1472 = CARTESIAN_POINT ( 'NONE',  ( -76.14999999999994884, -29.25000000000000000, -19.41215000000000401 ) ) ;
#1473 = ADVANCED_FACE ( 'NONE', ( #29 ), #1729, .T. ) ;
#1474 = VECTOR ( 'NONE', #3134, 1000.000000000000000 ) ;
#1475 = VERTEX_POINT ( 'NONE', #3387 ) ;
#1476 = DIRECTION ( 'NONE',  ( -1.000000000000000000, 0.000000000000000000, 0.000000000000000000 ) ) ;
#1477 = VECTOR ( 'NONE', #1059, 1000.000000000000000 ) ;
#1478 = AXIS2_PLACEMENT_3D ( 'NONE', #369, #1711, #2283 ) ;
#1479 = EDGE_LOOP ( 'NONE', ( #1082, #1637, #1796, #1804 ) ) ;
#1480 = CARTESIAN_POINT ( 'NONE',  ( -90.44999999999997442, -4.500338972710011376, -4.949497572824772540 ) ) ;
#1481 = EDGE_LOOP ( 'NONE', ( #163, #1943, #2106, #290 ) ) ;
#1482 = AXIS2_PLACEMENT_3D ( 'NONE', #1615, #208, #1536 ) ;
#1483 = VECTOR ( 'NONE', #52, 1000.000000000000000 ) ;
#1484 = CYLINDRICAL_SURFACE ( 'NONE', #2760, 7.099999999999999645 ) ;
#1485 = EDGE_LOOP ( 'NONE', ( #3244, #3557, #2334, #812, #2450, #3419, #1663 ) ) ;
#1486 = VECTOR ( 'NONE', #3600, 1000.000000000000000 ) ;
#1487 = LINE ( 'NONE', #967, #2411 ) ;
#1488 = VECTOR ( 'NONE', #2482, 1000.000000000000000 ) ;
#1489 = CARTESIAN_POINT ( 'NONE',  ( -56.84999999999998721, -23.34828442116732106, -25.31384952463474391 ) ) ;
#1490 = CARTESIAN_POINT ( 'NONE',  ( -116.9499999999999744, -53.34604593830443520, 1.040834085586084257E-14 ) ) ;
#1491 = ORIENTED_EDGE ( 'NONE', *, *, #3038, .T. ) ;
#1492 = CARTESIAN_POINT ( 'NONE',  ( -76.14999999999994884, -9.500338972710009600, 22.86009492289630174 ) ) ;
#1493 = LINE ( 'NONE', #2020, #3341 ) ;
#1494 = VERTEX_POINT ( 'NONE', #3164 ) ;
#1495 = ADVANCED_FACE ( 'NONE', ( #1163 ), #3425, .F. ) ;
#1496 = ORIENTED_EDGE ( 'NONE', *, *, #940, .F. ) ;
#1497 = DIRECTION ( 'NONE',  ( 0.000000000000000000, 1.000000000000000000, 2.965339275174030396E-17 ) ) ;
#1498 = ORIENTED_EDGE ( 'NONE', *, *, #999, .T. ) ;
#1499 = CARTESIAN_POINT ( 'NONE',  ( -56.84999999999998721, 0.000000000000000000, 24.55000000000000071 ) ) ;
#1500 = ORIENTED_EDGE ( 'NONE', *, *, #1196, .T. ) ;
#1501 = PLANE ( 'NONE',  #1237 ) ;
#1502 = AXIS2_PLACEMENT_3D ( 'NONE', #1159, #2262, #1958 ) ;
#1503 = VECTOR ( 'NONE', #2958, 1000.000000000000114 ) ;
#1504 = DIRECTION ( 'NONE',  ( -1.000000000000000000, 9.745637505487682231E-17, -0.000000000000000000 ) ) ;
#1505 = LINE ( 'NONE', #3436, #2139 ) ;
#1506 = VECTOR ( 'NONE', #321, 1000.000000000000000 ) ;
#1507 = ORIENTED_EDGE ( 'NONE', *, *, #1039, .F. ) ;
#1508 = EDGE_CURVE ( 'NONE', #2492, #261, #2567, .T. ) ;
#1509 = LINE ( 'NONE', #97, #179 ) ;
#1510 = DIRECTION ( 'NONE',  ( -1.000000000000000000, 0.000000000000000000, 0.000000000000000000 ) ) ;
#1511 = EDGE_LOOP ( 'NONE', ( #539, #2408, #78, #3246, #1870 ) ) ;
#1512 = ORIENTED_EDGE ( 'NONE', *, *, #1064, .T. ) ;
#1513 = ORIENTED_EDGE ( 'NONE', *, *, #334, .T. ) ;
#1514 = DIRECTION ( 'NONE',  ( 0.000000000000000000, 1.000000000000000000, 0.000000000000000000 ) ) ;
#1515 = VERTEX_POINT ( 'NONE', #1472 ) ;
#1516 = CARTESIAN_POINT ( 'NONE',  ( -80.54999999999964189, 0.000000000000000000, 4.949497572825494629 ) ) ;
#1517 = ORIENTED_EDGE ( 'NONE', *, *, #2618, .T. ) ;
#1518 = FACE_OUTER_BOUND ( 'NONE', #839, .T. ) ;
#1519 = EDGE_CURVE ( 'NONE', #1879, #3533, #884, .T. ) ;
#1520 = CARTESIAN_POINT ( 'NONE',  ( -78.99999999999995737, -6.610000000000006537, 16.50000000000153833 ) ) ;
#1521 = LINE ( 'NONE', #1248, #3069 ) ;
#1522 = LINE ( 'NONE', #2653, #1413 ) ;
#1523 = DIRECTION ( 'NONE',  ( 0.000000000000000000, -1.000000000000000000, 0.000000000000000000 ) ) ;
#1524 = ORIENTED_EDGE ( 'NONE', *, *, #373, .T. ) ;
#1525 = ORIENTED_EDGE ( 'NONE', *, *, #2289, .T. ) ;
#1526 = EDGE_CURVE ( 'NONE', #828, #3116, #2871, .T. ) ;
#1527 = CARTESIAN_POINT ( 'NONE',  ( -76.14999999999994884, -16.85999999999956245, -19.59999999999865850 ) ) ;
#1528 = DIRECTION ( 'NONE',  ( 7.779833121590977705E-17, 1.000000000000000000, 0.000000000000000000 ) ) ;
#1529 = EDGE_LOOP ( 'NONE', ( #1877, #145, #88, #3313 ) ) ;
#1530 = VECTOR ( 'NONE', #696, 1000.000000000000000 ) ;
#1531 = DIRECTION ( 'NONE',  ( 0.000000000000000000, 1.000000000000000000, 0.000000000000000000 ) ) ;
#1532 = VERTEX_POINT ( 'NONE', #3407 ) ;
#1533 = CARTESIAN_POINT ( 'NONE',  ( -112.9499999999999744, -9.500338972710009600, -22.85966188955990930 ) ) ;
#1534 = AXIS2_PLACEMENT_3D ( 'NONE', #2890, #385, #628 ) ;
#1535 = AXIS2_PLACEMENT_3D ( 'NONE', #979, #738, #699 ) ;
#1536 = DIRECTION ( 'NONE',  ( 0.000000000000000000, 0.000000000000000000, -1.000000000000000000 ) ) ;
#1537 = VECTOR ( 'NONE', #2666, 1000.000000000000000 ) ;
#1538 = ADVANCED_FACE ( 'NONE', ( #2322 ), #1779, .F. ) ;
#1539 = DIRECTION ( 'NONE',  ( 1.000000000000000000, -0.000000000000000000, -0.000000000000000000 ) ) ;
#1540 = FACE_OUTER_BOUND ( 'NONE', #1934, .T. ) ;
#1541 = CYLINDRICAL_SURFACE ( 'NONE', #2176, 1.002199995687616196 ) ;
#1542 = DIRECTION ( 'NONE',  ( -1.000000000000000000, 0.000000000000000000, 0.000000000000000000 ) ) ;
#1543 = FACE_BOUND ( 'NONE', #644, .T. ) ;
#1544 = EDGE_CURVE ( 'NONE', #1777, #424, #478, .T. ) ;
#1545 = ORIENTED_EDGE ( 'NONE', *, *, #1519, .F. ) ;
#1546 = ORIENTED_EDGE ( 'NONE', *, *, #3250, .T. ) ;
#1547 = LINE ( 'NONE', #2640, #1077 ) ;
#1548 = CARTESIAN_POINT ( 'NONE',  ( -72.14999999999994884, -29.25000000000000000, -19.41214999999999691 ) ) ;
#1549 = EDGE_LOOP ( 'NONE', ( #891, #2306 ) ) ;
#1550 = EDGE_CURVE ( 'NONE', #964, #1191, #1746, .T. ) ;
#1551 = CARTESIAN_POINT ( 'NONE',  ( -111.0499999999999829, -29.25000000000000000, 18.00000000000153477 ) ) ;
#1552 = ORIENTED_EDGE ( 'NONE', *, *, #2242, .F. ) ;
#1553 = CARTESIAN_POINT ( 'NONE',  ( -56.09999999999998010, 0.000000000000000000, -27.30000000000000426 ) ) ;
#1554 = EDGE_CURVE ( 'NONE', #1318, #2592, #1232, .T. ) ;
#1555 = DIRECTION ( 'NONE',  ( 0.000000000000000000, 0.000000000000000000, 1.000000000000000000 ) ) ;
#1556 = CARTESIAN_POINT ( 'NONE',  ( -116.9499999999999744, -6.260289708239329620, -1.037918005908522456 ) ) ;
#1557 = AXIS2_PLACEMENT_3D ( 'NONE', #2710, #751, #192 ) ;
#1558 = AXIS2_PLACEMENT_3D ( 'NONE', #2452, #1069, #3289 ) ;
#1559 = DIRECTION ( 'NONE',  ( 0.000000000000000000, 0.000000000000000000, 1.000000000000000000 ) ) ;
#1560 = CARTESIAN_POINT ( 'NONE',  ( -116.4499999999999886, -6.610000000000003872, -4.199999999998458300 ) ) ;
#1561 = CARTESIAN_POINT ( 'NONE',  ( -116.9499999999999744, -7.609746684908299308, 20.25000000000153477 ) ) ;
#1562 = CARTESIAN_POINT ( 'NONE',  ( -78.99999999999995737, 0.000000000000000000, 0.000000000000000000 ) ) ;
#1563 = ORIENTED_EDGE ( 'NONE', *, *, #2128, .F. ) ;
#1564 = ORIENTED_EDGE ( 'NONE', *, *, #3413, .F. ) ;
#1565 = FACE_OUTER_BOUND ( 'NONE', #2989, .T. ) ;
#1566 = DIRECTION ( 'NONE',  ( 0.000000000000000000, 0.000000000000000000, -1.000000000000000000 ) ) ;
#1567 = ORIENTED_EDGE ( 'NONE', *, *, #3129, .T. ) ;
#1568 = PLANE ( 'NONE',  #1310 ) ;
#1569 = VECTOR ( 'NONE', #1865, 1000.000000000000000 ) ;
#1570 = EDGE_LOOP ( 'NONE', ( #3427, #1406, #1177, #1278 ) ) ;
#1571 = CARTESIAN_POINT ( 'NONE',  ( -56.84999999999998010, -4.066673503662784162E-15, 0.000000000000000000 ) ) ;
#1572 = ADVANCED_FACE ( 'NONE', ( #2069 ), #587, .F. ) ;
#1573 = ORIENTED_EDGE ( 'NONE', *, *, #1364, .F. ) ;
#1574 = LINE ( 'NONE', #2136, #1537 ) ;
#1575 = LINE ( 'NONE', #1007, #2616 ) ;
#1576 = DIRECTION ( 'NONE',  ( 0.000000000000000000, 0.7071067811865465735, 0.7071067811865484609 ) ) ;
#1577 = DIRECTION ( 'NONE',  ( 0.000000000000000000, 1.000000000000000000, 0.000000000000000000 ) ) ;
#1578 = LINE ( 'NONE', #172, #330 ) ;
#1579 = FACE_OUTER_BOUND ( 'NONE', #1312, .T. ) ;
#1580 = ORIENTED_EDGE ( 'NONE', *, *, #2338, .T. ) ;
#1581 = VERTEX_POINT ( 'NONE', #1440 ) ;
#1582 = CARTESIAN_POINT ( 'NONE',  ( -53.50000000000000000, 0.000000000000000000, 27.30000000000000071 ) ) ;
#1583 = EDGE_CURVE ( 'NONE', #2608, #2855, #2922, .T. ) ;
#1584 = CARTESIAN_POINT ( 'NONE',  ( -112.9499999999999744, -6.760289708239329620, 4.335076018827155764 ) ) ;
#1585 = VERTEX_POINT ( 'NONE', #1832 ) ;
#1586 = CARTESIAN_POINT ( 'NONE',  ( -78.99999999999995737, -8.720338972710006686, -7.199999999998459188 ) ) ;
#1587 = CIRCLE ( 'NONE', #657, 7.099999999999999645 ) ;
#1588 = ORIENTED_EDGE ( 'NONE', *, *, #2808, .F. ) ;
#1589 = FACE_OUTER_BOUND ( 'NONE', #624, .T. ) ;
#1590 = EDGE_CURVE ( 'NONE', #1224, #96, #1999, .T. ) ;
#1591 = ORIENTED_EDGE ( 'NONE', *, *, #3401, .T. ) ;
#1592 = AXIS2_PLACEMENT_3D ( 'NONE', #1480, #2326, #2895 ) ;
#1593 = DIRECTION ( 'NONE',  ( 0.000000000000000000, -1.000000000000000000, 0.000000000000000000 ) ) ;
#1594 = DIRECTION ( 'NONE',  ( 0.000000000000000000, 0.000000000000000000, -1.000000000000000000 ) ) ;
#1595 = EDGE_CURVE ( 'NONE', #3589, #3294, #3196, .T. ) ;
#1596 = VECTOR ( 'NONE', #3113, 1000.000000000000000 ) ;
#1597 = AXIS2_PLACEMENT_3D ( 'NONE', #531, #1382, #2748 ) ;
#1598 = ADVANCED_FACE ( 'NONE', ( #753 ), #2124, .F. ) ;
#1599 = AXIS2_PLACEMENT_3D ( 'NONE', #324, #674, #3449 ) ;
#1600 = AXIS2_PLACEMENT_3D ( 'NONE', #3563, #2744, #2812 ) ;
#1601 = ADVANCED_FACE ( 'NONE', ( #1579 ), #2419, .F. ) ;
#1602 = FACE_OUTER_BOUND ( 'NONE', #2714, .T. ) ;
#1603 = CARTESIAN_POINT ( 'NONE',  ( -56.84999999999998721, -20.61213394580206781, 28.05000000000000071 ) ) ;
#1604 = VECTOR ( 'NONE', #1610, 1000.000000000000000 ) ;
#1605 = ORIENTED_EDGE ( 'NONE', *, *, #2059, .F. ) ;
#1606 = ORIENTED_EDGE ( 'NONE', *, *, #2070, .T. ) ;
#1607 = DIRECTION ( 'NONE',  ( -1.000000000000000000, 0.000000000000000000, 0.000000000000000000 ) ) ;
#1608 = LINE ( 'NONE', #997, #2282 ) ;
#1609 = ORIENTED_EDGE ( 'NONE', *, *, #3532, .F. ) ;
#1610 = DIRECTION ( 'NONE',  ( 0.000000000000000000, 1.299418334065024380E-16, -1.000000000000000000 ) ) ;
#1611 = ORIENTED_EDGE ( 'NONE', *, *, #3066, .T. ) ;
#1612 = DIRECTION ( 'NONE',  ( -1.000000000000000000, 1.438880092385038863E-16, 0.000000000000000000 ) ) ;
#1613 = ORIENTED_EDGE ( 'NONE', *, *, #1904, .T. ) ;
#1614 = EDGE_CURVE ( 'NONE', #1437, #219, #460, .T. ) ;
#1615 = CARTESIAN_POINT ( 'NONE',  ( -90.44949757282493863, -4.500338972710011376, 4.950000000000527756 ) ) ;
#1616 = CARTESIAN_POINT ( 'NONE',  ( -116.9499999999999744, 6.349999999999999645, 25.05000000000001492 ) ) ;
#1617 = LINE ( 'NONE', #435, #1387 ) ;
#1618 = CARTESIAN_POINT ( 'NONE',  ( -116.9499999999999744, -7.612199995687619847, -4.199999999998458300 ) ) ;
#1619 = DIRECTION ( 'NONE',  ( 0.000000000000000000, 0.000000000000000000, 1.000000000000000000 ) ) ;
#1620 = ORIENTED_EDGE ( 'NONE', *, *, #2125, .F. ) ;
#1621 = ADVANCED_FACE ( 'NONE', ( #2942 ), #3235, .F. ) ;
#1622 = ORIENTED_EDGE ( 'NONE', *, *, #3182, .T. ) ;
#1623 = CARTESIAN_POINT ( 'NONE',  ( -51.71209851473932417, -53.34604593830443520, -7.100000352873607312 ) ) ;
#1624 = LINE ( 'NONE', #2734, #2 ) ;
#1625 = AXIS2_PLACEMENT_3D ( 'NONE', #3606, #213, #1344 ) ;
#1626 = ORIENTED_EDGE ( 'NONE', *, *, #168, .T. ) ;
#1627 = AXIS2_PLACEMENT_3D ( 'NONE', #1707, #1743, #956 ) ;
#1628 = EDGE_LOOP ( 'NONE', ( #2250, #2272, #1780 ) ) ;
#1629 = DIRECTION ( 'NONE',  ( 0.000000000000000000, 0.000000000000000000, 1.000000000000000000 ) ) ;
#1630 = VERTEX_POINT ( 'NONE', #1035 ) ;
#1631 = CARTESIAN_POINT ( 'NONE',  ( -76.14999999999994884, -29.25000000000000000, 0.000000000000000000 ) ) ;
#1632 = DIRECTION ( 'NONE',  ( 0.000000000000000000, 0.000000000000000000, -1.000000000000000000 ) ) ;
#1633 = EDGE_CURVE ( 'NONE', #258, #2732, #2104, .T. ) ;
#1634 = DIRECTION ( 'NONE',  ( 0.000000000000000000, 1.000000000000000000, 0.000000000000000000 ) ) ;
#1635 = CARTESIAN_POINT ( 'NONE',  ( -111.0499999999999829, -29.25000000000000000, -1.691736863149747930E-31 ) ) ;
#1636 = FACE_OUTER_BOUND ( 'NONE', #3615, .T. ) ;
#1637 = ORIENTED_EDGE ( 'NONE', *, *, #1815, .F. ) ;
#1638 = ORIENTED_EDGE ( 'NONE', *, *, #3469, .T. ) ;
#1639 = CARTESIAN_POINT ( 'NONE',  ( -52.74999999999999289, -23.34828442116732106, 28.05000000000000071 ) ) ;
#1640 = EDGE_CURVE ( 'NONE', #1494, #2732, #734, .T. ) ;
#1641 = CARTESIAN_POINT ( 'NONE',  ( -51.71209851473932417, -39.25000000000000000, -24.55000000000000071 ) ) ;
#1642 = ORIENTED_EDGE ( 'NONE', *, *, #2035, .T. ) ;
#1643 = EDGE_CURVE ( 'NONE', #976, #2368, #173, .T. ) ;
#1644 = FACE_OUTER_BOUND ( 'NONE', #3013, .T. ) ;
#1645 = ORIENTED_EDGE ( 'NONE', *, *, #1544, .F. ) ;
#1646 = CARTESIAN_POINT ( 'NONE',  ( -53.50000000000000000, 0.000000000000000000, -24.55000000000000071 ) ) ;
#1647 = ORIENTED_EDGE ( 'NONE', *, *, #676, .T. ) ;
#1648 = CARTESIAN_POINT ( 'NONE',  ( -111.0499999999999829, -6.610000000000003872, -4.199999999998458300 ) ) ;
#1649 = DIRECTION ( 'NONE',  ( -0.000000000000000000, 0.000000000000000000, -1.000000000000000000 ) ) ;
#1650 = CIRCLE ( 'NONE', #1880, 0.5000000000000000000 ) ;
#1651 = EDGE_CURVE ( 'NONE', #2623, #828, #1188, .T. ) ;
#1652 = AXIS2_PLACEMENT_3D ( 'NONE', #2285, #2587, #65 ) ;
#1653 = FACE_OUTER_BOUND ( 'NONE', #409, .T. ) ;
#1654 = LINE ( 'NONE', #2762, #803 ) ;
#1655 = VECTOR ( 'NONE', #1048, 1000.000000000000000 ) ;
#1656 = ORIENTED_EDGE ( 'NONE', *, *, #3239, .T. ) ;
#1657 = CIRCLE ( 'NONE', #55, 1.425000000000000044 ) ;
#1658 = ORIENTED_EDGE ( 'NONE', *, *, #3598, .F. ) ;
#1659 = CIRCLE ( 'NONE', #2414, 0.5000000000000004441 ) ;
#1660 = DIRECTION ( 'NONE',  ( -1.000000000000000000, 0.000000000000000000, 0.000000000000000000 ) ) ;
#1661 = ADVANCED_FACE ( 'NONE', ( #438, #1543, #138 ), #3178, .F. ) ;
#1662 = CARTESIAN_POINT ( 'NONE',  ( -85.49999999999998579, -24.11213394580208913, 24.55000000000000071 ) ) ;
#1663 = ORIENTED_EDGE ( 'NONE', *, *, #8, .F. ) ;
#1664 = CARTESIAN_POINT ( 'NONE',  ( -85.49999999999998579, -24.11499999999998423, 24.55000000000000071 ) ) ;
#1665 = ORIENTED_EDGE ( 'NONE', *, *, #2459, .F. ) ;
#1666 = DIRECTION ( 'NONE',  ( 1.000000000000000000, -7.779833121590977705E-17, 6.162975822039154730E-33 ) ) ;
#1667 = VERTEX_POINT ( 'NONE', #2396 ) ;
#1668 = EDGE_CURVE ( 'NONE', #783, #2048, #3510, .T. ) ;
#1669 = DIRECTION ( 'NONE',  ( 1.000000000000000000, -7.779833121590977705E-17, 6.162975822039154730E-33 ) ) ;
#1670 = CYLINDRICAL_SURFACE ( 'NONE', #207, 0.5000000000000004441 ) ;
#1671 = EDGE_CURVE ( 'NONE', #651, #1667, #2906, .T. ) ;
#1672 = CARTESIAN_POINT ( 'NONE',  ( -112.9499999999999744, -27.45767651737898518, -1.037918005908522456 ) ) ;
#1673 = CARTESIAN_POINT ( 'NONE',  ( -116.4499999999999886, -26.11046727323418537, -4.199999999998461853 ) ) ;
#1674 = ORIENTED_EDGE ( 'NONE', *, *, #1633, .T. ) ;
#1675 = ORIENTED_EDGE ( 'NONE', *, *, #1263, .T. ) ;
#1676 = FACE_OUTER_BOUND ( 'NONE', #1485, .T. ) ;
#1677 = CARTESIAN_POINT ( 'NONE',  ( -80.55050242717467768, 0.000000000000000000, -6.374999999999799272 ) ) ;
#1678 = EDGE_CURVE ( 'NONE', #2944, #2845, #1466, .T. ) ;
#1679 = ORIENTED_EDGE ( 'NONE', *, *, #3455, .F. ) ;
#1680 = AXIS2_PLACEMENT_3D ( 'NONE', #2510, #3366, #1360 ) ;
#1681 = VERTEX_POINT ( 'NONE', #2885 ) ;
#1682 = LINE ( 'NONE', #1970, #3568 ) ;
#1683 = VERTEX_POINT ( 'NONE', #2015 ) ;
#1684 = DIRECTION ( 'NONE',  ( 1.000000000000000000, -9.745637505487682231E-17, 0.000000000000000000 ) ) ;
#1685 = CARTESIAN_POINT ( 'NONE',  ( -112.9499999999999744, -4.500338972710011376, 22.86009492289630174 ) ) ;
#1686 = EDGE_CURVE ( 'NONE', #367, #3496, #3471, .T. ) ;
#1687 = PLANE ( 'NONE',  #2080 ) ;
#1688 = DIRECTION ( 'NONE',  ( 1.000000000000000000, 0.000000000000000000, 0.000000000000000000 ) ) ;
#1689 = ORIENTED_EDGE ( 'NONE', *, *, #1678, .F. ) ;
#1690 = ORIENTED_EDGE ( 'NONE', *, *, #3000, .F. ) ;
#1691 = DIRECTION ( 'NONE',  ( 0.000000000000000000, 0.000000000000000000, -1.000000000000000000 ) ) ;
#1692 = DIRECTION ( 'NONE',  ( 1.000000000000000000, -7.779833121590977705E-17, 6.162975822039154730E-33 ) ) ;
#1693 = ORIENTED_EDGE ( 'NONE', *, *, #159, .F. ) ;
#1694 = ADVANCED_FACE ( 'NONE', ( #2331 ), #2355, .F. ) ;
#1695 = FACE_OUTER_BOUND ( 'NONE', #777, .T. ) ;
#1696 = ORIENTED_EDGE ( 'NONE', *, *, #1802, .F. ) ;
#1697 = LINE ( 'NONE', #3614, #2108 ) ;
#1698 = VERTEX_POINT ( 'NONE', #3175 ) ;
#1699 = DIRECTION ( 'NONE',  ( 0.000000000000000000, -1.000000000000000000, 0.000000000000000000 ) ) ;
#1700 = LINE ( 'NONE', #579, #2726 ) ;
#1701 = CARTESIAN_POINT ( 'NONE',  ( -56.09999999999998010, 0.000000000000000000, -27.30000000000000426 ) ) ;
#1702 = EDGE_CURVE ( 'NONE', #3198, #1242, #93, .T. ) ;
#1703 = EDGE_CURVE ( 'NONE', #1369, #2874, #2849, .T. ) ;
#1704 = PLANE ( 'NONE',  #2432 ) ;
#1705 = VECTOR ( 'NONE', #2821, 1000.000000000000000 ) ;
#1706 = EDGE_CURVE ( 'NONE', #1431, #1470, #2614, .T. ) ;
#1707 = CARTESIAN_POINT ( 'NONE',  ( -72.14999999999994884, -16.85999999999956245, -12.49999999999865885 ) ) ;
#1708 = ORIENTED_EDGE ( 'NONE', *, *, #3383, .T. ) ;
#1709 = VECTOR ( 'NONE', #2805, 1000.000000000000000 ) ;
#1710 = EDGE_CURVE ( 'NONE', #2908, #2659, #3417, .T. ) ;
#1711 = DIRECTION ( 'NONE',  ( 1.000000000000000000, -0.000000000000000000, -0.000000000000000000 ) ) ;
#1712 = CIRCLE ( 'NONE', #235, 1.425000000000000044 ) ;
#1713 = CARTESIAN_POINT ( 'NONE',  ( -116.4499999999999886, -27.11000000000000654, -4.199999999998461853 ) ) ;
#1714 = AXIS2_PLACEMENT_3D ( 'NONE', #2019, #2547, #883 ) ;
#1715 = ORIENTED_EDGE ( 'NONE', *, *, #1396, .F. ) ;
#1716 = VECTOR ( 'NONE', #3155, 1000.000000000000000 ) ;
#1717 = VECTOR ( 'NONE', #2437, 1000.000000000000000 ) ;
#1718 = DIRECTION ( 'NONE',  ( -1.000000000000000000, 0.000000000000000000, 0.000000000000000000 ) ) ;
#1719 = VERTEX_POINT ( 'NONE', #3122 ) ;
#1720 = LINE ( 'NONE', #1953, #3276 ) ;
#1721 = ORIENTED_EDGE ( 'NONE', *, *, #1929, .T. ) ;
#1722 = PLANE ( 'NONE',  #1892 ) ;
#1723 = FACE_OUTER_BOUND ( 'NONE', #1819, .T. ) ;
#1724 = FACE_OUTER_BOUND ( 'NONE', #1529, .T. ) ;
#1725 = DIRECTION ( 'NONE',  ( 1.000000000000000000, -7.779833121590977705E-17, 6.162975822039154730E-33 ) ) ;
#1726 =( LENGTH_UNIT ( ) NAMED_UNIT ( * ) SI_UNIT ( .MILLI., .METRE. ) );
#1727 = ORIENTED_EDGE ( 'NONE', *, *, #3021, .T. ) ;
#1728 = CARTESIAN_POINT ( 'NONE',  ( -112.9499999999999744, -27.45767651737898518, 4.335076018827155764 ) ) ;
#1729 = PLANE ( 'NONE',  #2111 ) ;
#1730 = EDGE_CURVE ( 'NONE', #3091, #70, #1790, .T. ) ;
#1731 = VERTEX_POINT ( 'NONE', #1489 ) ;
#1732 = DIRECTION ( 'NONE',  ( 1.000000000000000000, 0.000000000000000000, -0.000000000000000000 ) ) ;
#1733 = EDGE_LOOP ( 'NONE', ( #1919, #719, #3511, #2467 ) ) ;
#1734 = DIRECTION ( 'NONE',  ( -1.000000000000000000, 0.000000000000000000, 0.000000000000000000 ) ) ;
#1735 = VECTOR ( 'NONE', #1634, 1000.000000000000000 ) ;
#1736 = EDGE_LOOP ( 'NONE', ( #1118, #3114, #1738, #2105 ) ) ;
#1737 = PLANE ( 'NONE',  #308 ) ;
#1738 = ORIENTED_EDGE ( 'NONE', *, *, #2730, .F. ) ;
#1739 = DIRECTION ( 'NONE',  ( -1.000000000000000000, 0.000000000000000000, 0.000000000000000000 ) ) ;
#1740 = CARTESIAN_POINT ( 'NONE',  ( -116.4499999999999886, -27.45767651737898518, 4.335076018827155764 ) ) ;
#1741 = EDGE_CURVE ( 'NONE', #3330, #3083, #1227, .T. ) ;
#1742 = DIRECTION ( 'NONE',  ( 0.000000000000000000, 0.000000000000000000, -1.000000000000000000 ) ) ;
#1743 = DIRECTION ( 'NONE',  ( 1.000000000000000000, 0.000000000000000000, 0.000000000000000000 ) ) ;
#1744 = ORIENTED_EDGE ( 'NONE', *, *, #619, .F. ) ;
#1745 = CARTESIAN_POINT ( 'NONE',  ( -80.54999999999964189, 6.349999999999999645, 4.949497572825494629 ) ) ;
#1746 = LINE ( 'NONE', #2854, #2525 ) ;
#1747 = ORIENTED_EDGE ( 'NONE', *, *, #1435, .F. ) ;
#1748 = EDGE_CURVE ( 'NONE', #1909, #1259, #3139, .T. ) ;
#1749 = CARTESIAN_POINT ( 'NONE',  ( -111.0499999999999829, -27.11000000000000654, 20.25000000000153477 ) ) ;
#1750 = CYLINDRICAL_SURFACE ( 'NONE', #2698, 1.425000000000000044 ) ;
#1751 = CARTESIAN_POINT ( 'NONE',  ( -116.9499999999999744, -6.760289708239327844, 4.835076018827155764 ) ) ;
#1752 = ORIENTED_EDGE ( 'NONE', *, *, #2971, .T. ) ;
#1753 = DIRECTION ( 'NONE',  ( 1.000000000000000000, -7.779833121590977705E-17, 6.162975822039154730E-33 ) ) ;
#1754 = ORIENTED_EDGE ( 'NONE', *, *, #3261, .T. ) ;
#1755 = DIRECTION ( 'NONE',  ( -1.916821520416359432E-16, 0.000000000000000000, 1.000000000000000000 ) ) ;
#1756 = DIRECTION ( 'NONE',  ( -1.000000000000000000, 9.745637505487683463E-17, 0.000000000000000000 ) ) ;
#1757 = CARTESIAN_POINT ( 'NONE',  ( -72.14999999999994884, -27.11000000000001009, 15.59999999999963372 ) ) ;
#1758 = VERTEX_POINT ( 'NONE', #900 ) ;
#1759 = EDGE_CURVE ( 'NONE', #2422, #201, #396, .T. ) ;
#1760 = DIRECTION ( 'NONE',  ( -1.000000000000000000, 0.000000000000000000, 0.000000000000000000 ) ) ;
#1761 = DIRECTION ( 'NONE',  ( 0.000000000000000000, 0.000000000000000000, 1.000000000000000000 ) ) ;
#1762 = VECTOR ( 'NONE', #1514, 1000.000000000000000 ) ;
#1763 = ORIENTED_EDGE ( 'NONE', *, *, #2915, .T. ) ;
#1764 = AXIS2_PLACEMENT_3D ( 'NONE', #2216, #833, #1947 ) ;
#1765 = VECTOR ( 'NONE', #2783, 1000.000000000000000 ) ;
#1766 = ORIENTED_EDGE ( 'NONE', *, *, #1031, .F. ) ;
#1767 = PLANE ( 'NONE',  #3042 ) ;
#1768 = VERTEX_POINT ( 'NONE', #2046 ) ;
#1769 = VECTOR ( 'NONE', #1795, 1000.000000000000000 ) ;
#1770 = VECTOR ( 'NONE', #694, 1000.000000000000000 ) ;
#1771 = DIRECTION ( 'NONE',  ( 0.000000000000000000, -1.000000000000000000, 0.000000000000000000 ) ) ;
#1772 = ORIENTED_EDGE ( 'NONE', *, *, #3239, .F. ) ;
#1773 = CARTESIAN_POINT ( 'NONE',  ( -116.9499999999999744, -26.95767651737898163, 4.335076018827155764 ) ) ;
#1774 = ADVANCED_FACE ( 'NONE', ( #2832 ), #76, .F. ) ;
#1775 = CARTESIAN_POINT ( 'NONE',  ( -53.50000000000000000, 0.000000000000000000, 24.54999999999999005 ) ) ;
#1776 = CARTESIAN_POINT ( 'NONE',  ( -56.09999999999998010, 0.000000000000000000, 24.55000000000000071 ) ) ;
#1777 = VERTEX_POINT ( 'NONE', #1211 ) ;
#1778 = CARTESIAN_POINT ( 'NONE',  ( -78.99999999999995737, -6.610000000000006537, 17.40000000000344116 ) ) ;
#1779 = PLANE ( 'NONE',  #2055 ) ;
#1780 = ORIENTED_EDGE ( 'NONE', *, *, #1161, .F. ) ;
#1781 = LINE ( 'NONE', #3463, #654 ) ;
#1782 = EDGE_CURVE ( 'NONE', #96, #998, #1451, .T. ) ;
#1783 = CARTESIAN_POINT ( 'NONE',  ( -56.84999999999998721, -24.11213394580208913, 24.55000000000000071 ) ) ;
#1784 = EDGE_LOOP ( 'NONE', ( #1365, #855 ) ) ;
#1785 = DIRECTION ( 'NONE',  ( 1.000000000000000000, 0.000000000000000000, 0.000000000000000000 ) ) ;
#1786 = VERTEX_POINT ( 'NONE', #1775 ) ;
#1787 = CARTESIAN_POINT ( 'NONE',  ( -85.49999999999998579, -20.61213394580206781, 28.05000000000000071 ) ) ;
#1788 = CIRCLE ( 'NONE', #677, 7.100000352873617082 ) ;
#1789 = AXIS2_PLACEMENT_3D ( 'NONE', #494, #3232, #2454 ) ;
#1790 = LINE ( 'NONE', #2278, #2703 ) ;
#1791 = ADVANCED_FACE ( 'NONE', ( #952 ), #1246, .F. ) ;
#1792 = FACE_OUTER_BOUND ( 'NONE', #1987, .T. ) ;
#1793 = VECTOR ( 'NONE', #472, 1000.000000000000000 ) ;
#1794 = LINE ( 'NONE', #2620, #3154 ) ;
#1795 = DIRECTION ( 'NONE',  ( 0.000000000000000000, 1.000000000000000000, 0.000000000000000000 ) ) ;
#1796 = ORIENTED_EDGE ( 'NONE', *, *, #1142, .T. ) ;
#1797 = ORIENTED_EDGE ( 'NONE', *, *, #3321, .F. ) ;
#1798 = LINE ( 'NONE', #2909, #1825 ) ;
#1799 = VECTOR ( 'NONE', #1632, 1000.000000000000000 ) ;
#1800 = FACE_OUTER_BOUND ( 'NONE', #3027, .T. ) ;
#1801 = EDGE_LOOP ( 'NONE', ( #37, #1103, #2110, #910, #2186, #1076, #2931, #1417, #26, #3339, #2294, #3513, #2381, #463, #85, #819, #1044, #230, #646, #2722, #2550, #3282, #11, #49, #1449, #329 ) ) ;
#1802 = EDGE_CURVE ( 'NONE', #1191, #220, #969, .T. ) ;
#1803 = CARTESIAN_POINT ( 'NONE',  ( -112.9499999999999744, -26.95767651737898163, 4.835076018827155764 ) ) ;
#1804 = ORIENTED_EDGE ( 'NONE', *, *, #125, .T. ) ;
#1805 = DIRECTION ( 'NONE',  ( 0.000000000000000000, 0.7071067811865513475, -0.7071067811865436870 ) ) ;
#1806 = CARTESIAN_POINT ( 'NONE',  ( -53.50000000000000000, 0.000000000000000000, -27.30000000000000426 ) ) ;
#1807 = CARTESIAN_POINT ( 'NONE',  ( -56.84999999999998721, -23.34828442116732106, -34.30073859982388029 ) ) ;
#1808 = EDGE_CURVE ( 'NONE', #258, #524, #39, .T. ) ;
#1809 = EDGE_CURVE ( 'NONE', #2608, #3440, #778, .T. ) ;
#1810 = DIRECTION ( 'NONE',  ( -0.000000000000000000, -0.3940327209102227890, -0.9190964121636459039 ) ) ;
#1811 = FACE_OUTER_BOUND ( 'NONE', #1316, .T. ) ;
#1812 = CARTESIAN_POINT ( 'NONE',  ( -116.9499999999999744, -26.95767651737898163, -1.537918005908522900 ) ) ;
#1813 = DIRECTION ( 'NONE',  ( -6.806842309370794645E-16, -1.000000000000000000, 0.000000000000000000 ) ) ;
#1814 = ORIENTED_EDGE ( 'NONE', *, *, #3217, .T. ) ;
#1815 = EDGE_CURVE ( 'NONE', #3404, #727, #1283, .T. ) ;
#1816 = VERTEX_POINT ( 'NONE', #1843 ) ;
#1817 = DIRECTION ( 'NONE',  ( -1.000000000000000000, 0.000000000000000000, 0.000000000000000000 ) ) ;
#1818 = CARTESIAN_POINT ( 'NONE',  ( -116.4499999999999744, -39.25000000000000000, 24.54999999999997229 ) ) ;
#1819 = EDGE_LOOP ( 'NONE', ( #1899, #1125, #647, #2512 ) ) ;
#1820 = VECTOR ( 'NONE', #255, 1000.000000000000000 ) ;
#1821 = LINE ( 'NONE', #1586, #2180 ) ;
#1822 = VERTEX_POINT ( 'NONE', #765 ) ;
#1823 = PLANE ( 'NONE',  #1240 ) ;
#1824 = CIRCLE ( 'NONE', #2529, 0.9997466849082959905 ) ;
#1825 = VECTOR ( 'NONE', #405, 1000.000000000000114 ) ;
#1826 = DIRECTION ( 'NONE',  ( 1.000000000000000000, 0.000000000000000000, 0.000000000000000000 ) ) ;
#1827 = CARTESIAN_POINT ( 'NONE',  ( -116.9499999999999744, -6.760289708239329620, 4.335076018827155764 ) ) ;
#1828 = AXIS2_PLACEMENT_3D ( 'NONE', #257, #1083, #553 ) ;
#1829 = FACE_OUTER_BOUND ( 'NONE', #2972, .T. ) ;
#1830 = DIRECTION ( 'NONE',  ( 0.000000000000000000, 0.000000000000000000, 1.000000000000000000 ) ) ;
#1831 = DIRECTION ( 'NONE',  ( -1.000000000000000000, 0.000000000000000000, 0.000000000000000000 ) ) ;
#1832 = CARTESIAN_POINT ( 'NONE',  ( -53.50000000000000000, 0.000000000000000000, 27.30000000000000071 ) ) ;
#1833 = ORIENTED_EDGE ( 'NONE', *, *, #3604, .F. ) ;
#1834 = ORIENTED_EDGE ( 'NONE', *, *, #970, .T. ) ;
#1835 = DIRECTION ( 'NONE',  ( 0.000000000000000000, 0.7071067811865463515, 0.7071067811865487940 ) ) ;
#1836 = EDGE_CURVE ( 'NONE', #2908, #1470, #190, .T. ) ;
#1837 = FACE_BOUND ( 'NONE', #1784, .T. ) ;
#1838 = ORIENTED_EDGE ( 'NONE', *, *, #980, .F. ) ;
#1839 = FACE_OUTER_BOUND ( 'NONE', #3236, .T. ) ;
#1840 = ORIENTED_EDGE ( 'NONE', *, *, #2887, .F. ) ;
#1841 = LINE ( 'NONE', #1338, #2171 ) ;
#1842 = ORIENTED_EDGE ( 'NONE', *, *, #520, .F. ) ;
#1843 = CARTESIAN_POINT ( 'NONE',  ( -112.9499999999999744, -9.500338972710009600, -24.55000000000000071 ) ) ;
#1844 = DIRECTION ( 'NONE',  ( 0.000000000000000000, 0.000000000000000000, -1.000000000000000000 ) ) ;
#1845 = VECTOR ( 'NONE', #3001, 1000.000000000000000 ) ;
#1846 = AXIS2_PLACEMENT_3D ( 'NONE', #3528, #227, #2177 ) ;
#1847 = EDGE_CURVE ( 'NONE', #1437, #2659, #2451, .T. ) ;
#1848 = VECTOR ( 'NONE', #2228, 1000.000000000000000 ) ;
#1849 = DIRECTION ( 'NONE',  ( 0.000000000000000000, 0.000000000000000000, 1.000000000000000000 ) ) ;
#1850 = PLANE ( 'NONE',  #1888 ) ;
#1851 = FACE_OUTER_BOUND ( 'NONE', #1962, .T. ) ;
#1852 = CARTESIAN_POINT ( 'NONE',  ( -116.4499999999999886, -27.45767651737898518, 4.835076018827155764 ) ) ;
#1853 = VERTEX_POINT ( 'NONE', #2723 ) ;
#1854 = ORIENTED_EDGE ( 'NONE', *, *, #2570, .F. ) ;
#1855 = DIRECTION ( 'NONE',  ( 7.779833121590977705E-17, 1.000000000000000000, 2.965339275174029780E-17 ) ) ;
#1856 = DIRECTION ( 'NONE',  ( -1.000000000000000000, 0.000000000000000000, 0.000000000000000000 ) ) ;
#1857 = ORIENTED_EDGE ( 'NONE', *, *, #434, .F. ) ;
#1858 = ADVANCED_FACE ( 'NONE', ( #1322 ), #2373, .F. ) ;
#1859 = DIRECTION ( 'NONE',  ( 0.000000000000000000, -1.000000000000000000, -1.299418334065024133E-16 ) ) ;
#1860 = VECTOR ( 'NONE', #3269, 1000.000000000000000 ) ;
#1861 = ORIENTED_EDGE ( 'NONE', *, *, #196, .F. ) ;
#1862 = CARTESIAN_POINT ( 'NONE',  ( -80.54999999999964189, 6.349999999999999645, 6.374497572825494451 ) ) ;
#1863 = ORIENTED_EDGE ( 'NONE', *, *, #403, .F. ) ;
#1864 = DIRECTION ( 'NONE',  ( 0.000000000000000000, 1.000000000000000000, 0.000000000000000000 ) ) ;
#1865 = DIRECTION ( 'NONE',  ( -1.000000000000000000, 0.000000000000000000, 0.000000000000000000 ) ) ;
#1866 = LINE ( 'NONE', #3270, #3306 ) ;
#1867 = DIRECTION ( 'NONE',  ( 0.000000000000000000, 0.000000000000000000, -1.000000000000000000 ) ) ;
#1868 = CARTESIAN_POINT ( 'NONE',  ( -53.50000000000000000, 0.000000000000000000, -27.30000000000000426 ) ) ;
#1869 = EDGE_CURVE ( 'NONE', #1777, #2944, #1029, .T. ) ;
#1870 = ORIENTED_EDGE ( 'NONE', *, *, #1702, .T. ) ;
#1871 = VERTEX_POINT ( 'NONE', #3207 ) ;
#1872 = FACE_BOUND ( 'NONE', #2427, .T. ) ;
#1873 = DIRECTION ( 'NONE',  ( -0.000000000000000000, -1.000000000000000000, -0.000000000000000000 ) ) ;
#1874 = VERTEX_POINT ( 'NONE', #1881 ) ;
#1875 = DIRECTION ( 'NONE',  ( 1.000000000000000000, -0.000000000000000000, -0.000000000000000000 ) ) ;
#1876 = VECTOR ( 'NONE', #3423, 1000.000000000000000 ) ;
#1877 = ORIENTED_EDGE ( 'NONE', *, *, #159, .T. ) ;
#1878 = LINE ( 'NONE', #3523, #2524 ) ;
#1879 = VERTEX_POINT ( 'NONE', #2098 ) ;
#1880 = AXIS2_PLACEMENT_3D ( 'NONE', #1773, #2613, #2330 ) ;
#1881 = CARTESIAN_POINT ( 'NONE',  ( -112.9499999999999602, -4.500338972710011376, -22.85966188955990930 ) ) ;
#1882 = DIRECTION ( 'NONE',  ( 0.000000000000000000, 1.000000000000000000, 0.000000000000000000 ) ) ;
#1883 = AXIS2_PLACEMENT_3D ( 'NONE', #1113, #2252, #799 ) ;
#1884 = AXIS2_PLACEMENT_3D ( 'NONE', #780, #3438, #2533 ) ;
#1885 = ADVANCED_FACE ( 'NONE', ( #2430 ), #3543, .T. ) ;
#1886 = B_SPLINE_CURVE_WITH_KNOTS ( 'NONE', 3,
 ( #3012, #3206, #2952, #453 ),
 .UNSPECIFIED., .F., .F.,
 ( 4, 4 ),
 ( 0.000000000000000000, 1.000000000000000000 ),
 .UNSPECIFIED. ) ;
#1887 = VECTOR ( 'NONE', #2390, 1000.000000000000000 ) ;
#1888 = AXIS2_PLACEMENT_3D ( 'NONE', #2068, #2102, #2940 ) ;
#1889 = CARTESIAN_POINT ( 'NONE',  ( -85.49999999999998579, 6.349999999999999645, 25.05000000000001492 ) ) ;
#1890 = FACE_OUTER_BOUND ( 'NONE', #882, .T. ) ;
#1891 = DIRECTION ( 'NONE',  ( -0.000000000000000000, 0.000000000000000000, -1.000000000000000000 ) ) ;
#1892 = AXIS2_PLACEMENT_3D ( 'NONE', #1190, #2295, #72 ) ;
#1893 = ORIENTED_EDGE ( 'NONE', *, *, #1710, .T. ) ;
#1894 = ORIENTED_EDGE ( 'NONE', *, *, #2622, .F. ) ;
#1895 = DIRECTION ( 'NONE',  ( 1.000000000000000000, -0.000000000000000000, -0.000000000000000000 ) ) ;
#1896 = CARTESIAN_POINT ( 'NONE',  ( -112.9499999999999602, -29.25000000000000000, -1.949999999999986411 ) ) ;
#1897 = EDGE_LOOP ( 'NONE', ( #1833, #2021, #2595, #3554 ) ) ;
#1898 = ADVANCED_FACE ( 'NONE', ( #2155 ), #707, .F. ) ;
#1899 = ORIENTED_EDGE ( 'NONE', *, *, #1583, .T. ) ;
#1900 = DIRECTION ( 'NONE',  ( 1.000000000000000000, 0.000000000000000000, 0.000000000000000000 ) ) ;
#1901 = ORIENTED_EDGE ( 'NONE', *, *, #1519, .T. ) ;
#1902 = DIRECTION ( 'NONE',  ( -1.000000000000000000, 7.779833121590977705E-17, -6.162975822039154730E-33 ) ) ;
#1903 = CARTESIAN_POINT ( 'NONE',  ( -52.74999999999999289, 6.349999999999999645, 28.05000000000000071 ) ) ;
#1904 = EDGE_CURVE ( 'NONE', #2790, #3404, #2936, .T. ) ;
#1905 = DIRECTION ( 'NONE',  ( -1.000000000000000000, 7.779833121590977705E-17, -6.162975822039154730E-33 ) ) ;
#1906 = CARTESIAN_POINT ( 'NONE',  ( -85.49999999999998579, -24.11213394580208913, -24.55000000000000071 ) ) ;
#1907 = EDGE_CURVE ( 'NONE', #222, #2274, #1824, .T. ) ;
#1908 = PLANE ( 'NONE',  #3130 ) ;
#1909 = VERTEX_POINT ( 'NONE', #133 ) ;
#1910 = ORIENTED_EDGE ( 'NONE', *, *, #1836, .T. ) ;
#1911 = FACE_BOUND ( 'NONE', #2781, .T. ) ;
#1912 = LINE ( 'NONE', #3024, #174 ) ;
#1913 = AXIS2_PLACEMENT_3D ( 'NONE', #459, #2438, #497 ) ;
#1914 = ORIENTED_EDGE ( 'NONE', *, *, #2266, .T. ) ;
#1915 = SURFACE_STYLE_USAGE ( .BOTH. , #3186 ) ;
#1916 = EDGE_LOOP ( 'NONE', ( #2221, #982, #1622, #2780 ) ) ;
#1917 = CARTESIAN_POINT ( 'NONE',  ( -112.9499999999999602, -20.61213394580206781, 28.05000000000000071 ) ) ;
#1918 = EDGE_CURVE ( 'NONE', #1585, #3595, #1574, .T. ) ;
#1919 = ORIENTED_EDGE ( 'NONE', *, *, #1643, .F. ) ;
#1920 = DIRECTION ( 'NONE',  ( 0.000000000000000000, 0.000000000000000000, -1.000000000000000000 ) ) ;
#1921 = DIRECTION ( 'NONE',  ( 0.000000000000000000, 0.000000000000000000, 1.000000000000000000 ) ) ;
#1922 = EDGE_CURVE ( 'NONE', #2515, #661, #305, .T. ) ;
#1923 = DIRECTION ( 'NONE',  ( 1.438880092385038863E-16, 1.000000000000000000, 0.000000000000000000 ) ) ;
#1924 = LINE ( 'NONE', #3034, #3371 ) ;
#1925 = EDGE_LOOP ( 'NONE', ( #1524, #100, #47, #2244 ) ) ;
#1926 = ORIENTED_EDGE ( 'NONE', *, *, #3203, .F. ) ;
#1927 = CARTESIAN_POINT ( 'NONE',  ( -111.0499999999999829, -27.11000000000000654, -4.199999999998461853 ) ) ;
#1928 = LINE ( 'NONE', #3624, #709 ) ;
#1929 = EDGE_CURVE ( 'NONE', #617, #1777, #1942, .T. ) ;
#1930 = EDGE_LOOP ( 'NONE', ( #1842, #948, #2701, #1863 ) ) ;
#1931 = DIRECTION ( 'NONE',  ( 0.000000000000000000, -1.000000000000000000, -0.000000000000000000 ) ) ;
#1932 = ORIENTED_EDGE ( 'NONE', *, *, #1550, .T. ) ;
#1933 = LINE ( 'NONE', #540, #2694 ) ;
#1934 = EDGE_LOOP ( 'NONE', ( #2146, #908, #885, #1814 ) ) ;
#1935 = DIRECTION ( 'NONE',  ( 1.000000000000000000, 0.000000000000000000, 0.000000000000000000 ) ) ;
#1936 = CARTESIAN_POINT ( 'NONE',  ( -72.14999999999994884, -6.610000000000006537, -4.199999999998458300 ) ) ;
#1937 = AXIS2_PLACEMENT_3D ( 'NONE', #2074, #3183, #2008 ) ;
#1938 = AXIS2_PLACEMENT_3D ( 'NONE', #2164, #484, #1566 ) ;
#1939 = VECTOR ( 'NONE', #666, 1000.000000000000000 ) ;
#1940 = CARTESIAN_POINT ( 'NONE',  ( -51.71209851473932417, 2.428224350471451132E-15, -12.49999999999998224 ) ) ;
#1941 = CARTESIAN_POINT ( 'NONE',  ( -116.9499999999999744, -27.45767651737898518, 4.335076018827155764 ) ) ;
#1942 = CIRCLE ( 'NONE', #2644, 3.000000000000000000 ) ;
#1943 = ORIENTED_EDGE ( 'NONE', *, *, #3129, .F. ) ;
#1944 = ORIENTED_EDGE ( 'NONE', *, *, #2915, .F. ) ;
#1945 = CIRCLE ( 'NONE', #715, 3.000000000000000000 ) ;
#1946 = DIRECTION ( 'NONE',  ( 0.000000000000000000, 0.000000000000000000, -1.000000000000000000 ) ) ;
#1947 = DIRECTION ( 'NONE',  ( 0.000000000000000000, 0.000000000000000000, 1.000000000000000000 ) ) ;
#1948 = VERTEX_POINT ( 'NONE', #2172 ) ;
#1949 = AXIS2_PLACEMENT_3D ( 'NONE', #3473, #871, #116 ) ;
#1950 = EDGE_CURVE ( 'NONE', #1401, #3440, #749, .T. ) ;
#1951 = DIRECTION ( 'NONE',  ( 1.000000000000000000, -0.000000000000000000, -0.000000000000000000 ) ) ;
#1952 = EDGE_LOOP ( 'NONE', ( #1110, #2457 ) ) ;
#1953 = CARTESIAN_POINT ( 'NONE',  ( -78.99999999999995737, -27.11000000000001009, 15.59999999999963372 ) ) ;
#1954 = VERTEX_POINT ( 'NONE', #150 ) ;
#1955 = DIRECTION ( 'NONE',  ( -1.000000000000000000, 0.000000000000000000, 0.000000000000000000 ) ) ;
#1956 = FACE_OUTER_BOUND ( 'NONE', #3559, .T. ) ;
#1957 = EDGE_CURVE ( 'NONE', #1205, #1063, #2683, .T. ) ;
#1958 = DIRECTION ( 'NONE',  ( 0.000000000000000000, -1.000000000000000000, 0.000000000000000000 ) ) ;
#1959 = DIRECTION ( 'NONE',  ( 0.000000000000000000, 1.000000000000000000, 0.000000000000000000 ) ) ;
#1960 = ORIENTED_EDGE ( 'NONE', *, *, #3464, .T. ) ;
#1961 = EDGE_CURVE ( 'NONE', #2324, #1262, #2284, .T. ) ;
#1962 = EDGE_LOOP ( 'NONE', ( #1239, #1982, #3137, #1084, #1281, #2638 ) ) ;
#1963 = PLANE ( 'NONE',  #1884 ) ;
#1964 = VECTOR ( 'NONE', #2631, 1000.000000000000227 ) ;
#1965 = FACE_OUTER_BOUND ( 'NONE', #2691, .T. ) ;
#1966 = EDGE_LOOP ( 'NONE', ( #2149, #2154, #2238, #3131, #1461, #2182, #2241, #2188, #697, #1167, #935, #3312, #941, #3540, #1932, #3444 ) ) ;
#1967 = ADVANCED_FACE ( 'NONE', ( #3361 ), #2245, .T. ) ;
#1968 = AXIS2_PLACEMENT_3D ( 'NONE', #2209, #544, #562 ) ;
#1969 = ORIENTED_EDGE ( 'NONE', *, *, #2018, .F. ) ;
#1970 = CARTESIAN_POINT ( 'NONE',  ( -53.50000000000000000, -23.34828442116732106, 0.000000000000000000 ) ) ;
#1971 = EDGE_CURVE ( 'NONE', #204, #440, #1425, .T. ) ;
#1972 = ORIENTED_EDGE ( 'NONE', *, *, #2993, .F. ) ;
#1973 = AXIS2_PLACEMENT_3D ( 'NONE', #659, #902, #881 ) ;
#1974 = CARTESIAN_POINT ( 'NONE',  ( -112.9499999999999744, 2.135564191876723336E-15, 18.00000000000153477 ) ) ;
#1975 = EDGE_CURVE ( 'NONE', #1097, #976, #3067, .T. ) ;
#1976 = DIRECTION ( 'NONE',  ( 0.000000000000000000, 0.000000000000000000, 1.000000000000000000 ) ) ;
#1977 = CARTESIAN_POINT ( 'NONE',  ( -116.4499999999999886, -6.760289708239330508, -1.037918005908522900 ) ) ;
#1978 = EDGE_CURVE ( 'NONE', #3426, #3379, #3578, .T. ) ;
#1979 = LINE ( 'NONE', #286, #2198 ) ;
#1980 = VECTOR ( 'NONE', #151, 1000.000000000000114 ) ;
#1981 = LINE ( 'NONE', #1673, #1848 ) ;
#1982 = ORIENTED_EDGE ( 'NONE', *, *, #2049, .F. ) ;
#1983 = DIRECTION ( 'NONE',  ( -0.000000000000000000, -1.000000000000000000, -0.000000000000000000 ) ) ;
#1984 = CARTESIAN_POINT ( 'NONE',  ( -76.14999999999994884, -9.500338972710009600, -22.85966188955990930 ) ) ;
#1985 = EDGE_LOOP ( 'NONE', ( #1772, #2500, #3226, #788 ) ) ;
#1986 = DIRECTION ( 'NONE',  ( -0.000000000000000000, 0.7071067811865474617, -0.7071067811865474617 ) ) ;
#1987 = EDGE_LOOP ( 'NONE', ( #2913, #1124, #128, #2013 ) ) ;
#1988 = DIRECTION ( 'NONE',  ( 0.000000000000000000, 0.000000000000000000, -1.000000000000000000 ) ) ;
#1989 = ORIENTED_EDGE ( 'NONE', *, *, #184, .F. ) ;
#1990 = CARTESIAN_POINT ( 'NONE',  ( -112.9499999999999602, -53.34604593830443520, -12.49999999999999289 ) ) ;
#1991 = CARTESIAN_POINT ( 'NONE',  ( -80.55050242717467768, -4.500338972710011376, -1.949999999999799005 ) ) ;
#1992 = CARTESIAN_POINT ( 'NONE',  ( -56.84999999999998721, -23.34828442116732106, -34.30073859982388029 ) ) ;
#1993 = EDGE_CURVE ( 'NONE', #1768, #2951, #2469, .T. ) ;
#1994 = DIRECTION ( 'NONE',  ( -1.000000000000000000, 0.000000000000000000, 0.000000000000000000 ) ) ;
#1995 = VECTOR ( 'NONE', #3428, 1000.000000000000000 ) ;
#1996 = DIRECTION ( 'NONE',  ( -0.000000000000000000, 1.000000000000000000, -0.000000000000000000 ) ) ;
#1997 = EDGE_CURVE ( 'NONE', #2874, #3198, #808, .T. ) ;
#1998 = EDGE_LOOP ( 'NONE', ( #3120, #1078, #2876, #1092, #835, #2847, #2483, #3040, #1721, #1151, #2327, #3340, #428, #682, #2397, #1296, #2061, #914, #2624, #2643, #2420, #3322, #349 ) ) ;
#1999 = CIRCLE ( 'NONE', #888, 7.099999999999999645 ) ;
#2000 = CARTESIAN_POINT ( 'NONE',  ( -116.9499999999999744, -27.11000000000000654, 20.25000000000153477 ) ) ;
#2001 = AXIS2_PLACEMENT_3D ( 'NONE', #3030, #1394, #1920 ) ;
#2002 = CARTESIAN_POINT ( 'NONE',  ( -80.54999999999964189, -29.25000000000000000, 4.949497572825494629 ) ) ;
#2003 = ORIENTED_EDGE ( 'NONE', *, *, #1706, .F. ) ;
#2004 = AXIS2_PLACEMENT_3D ( 'NONE', #471, #166, #2973 ) ;
#2005 = CARTESIAN_POINT ( 'NONE',  ( -76.14999999999994884, -78.47458735225720261, 24.55000000000000071 ) ) ;
#2006 = EDGE_LOOP ( 'NONE', ( #2477, #2612 ) ) ;
#2007 = ADVANCED_FACE ( 'NONE', ( #2192 ), #282, .T. ) ;
#2008 = DIRECTION ( 'NONE',  ( 0.000000000000000000, 0.000000000000000000, -1.000000000000000000 ) ) ;
#2009 = VECTOR ( 'NONE', #2132, 1000.000000000000000 ) ;
#2010 = ORIENTED_EDGE ( 'NONE', *, *, #3348, .F. ) ;
#2011 = ADVANCED_FACE ( 'NONE', ( #3085 ), #543, .F. ) ;
#2012 = CARTESIAN_POINT ( 'NONE',  ( -116.4509999999999934, -16.85999999999956245, -12.49999999999865885 ) ) ;
#2013 = ORIENTED_EDGE ( 'NONE', *, *, #1950, .F. ) ;
#2014 = DIRECTION ( 'NONE',  ( 0.000000000000000000, 1.000000000000000000, 3.885158960754326741E-16 ) ) ;
#2015 = CARTESIAN_POINT ( 'NONE',  ( -56.84999999999998721, -23.34828442116732106, 24.54999999999999005 ) ) ;
#2016 = CYLINDRICAL_SURFACE ( 'NONE', #1047, 0.5000000000000004441 ) ;
#2017 = ORIENTED_EDGE ( 'NONE', *, *, #3088, .T. ) ;
#2018 = EDGE_CURVE ( 'NONE', #2133, #2152, #1375, .T. ) ;
#2019 = CARTESIAN_POINT ( 'NONE',  ( -80.54999999999964189, 0.000000000000000000, 4.949497572825494629 ) ) ;
#2020 = CARTESIAN_POINT ( 'NONE',  ( -112.9499999999999744, -6.260289708239329620, 4.835076018827155764 ) ) ;
#2021 = ORIENTED_EDGE ( 'NONE', *, *, #3103, .T. ) ;
#2022 = VECTOR ( 'NONE', #3450, 1000.000000000000000 ) ;
#2023 = CARTESIAN_POINT ( 'NONE',  ( -85.49999999999998579, -24.11213394580208913, -24.55000000000000071 ) ) ;
#2024 = ORIENTED_EDGE ( 'NONE', *, *, #3621, .T. ) ;
#2025 = DIRECTION ( 'NONE',  ( 0.000000000000000000, 1.000000000000000000, 0.000000000000000000 ) ) ;
#2026 = ORIENTED_EDGE ( 'NONE', *, *, #1445, .F. ) ;
#2027 = VECTOR ( 'NONE', #2708, 1000.000000000000227 ) ;
#2028 = CARTESIAN_POINT ( 'NONE',  ( -90.44949757282493863, 0.000000000000000000, 4.950000000000527756 ) ) ;
#2029 = ORIENTED_EDGE ( 'NONE', *, *, #1272, .T. ) ;
#2030 = FACE_BOUND ( 'NONE', #3497, .T. ) ;
#2031 = EDGE_CURVE ( 'NONE', #2168, #2926, #2505, .T. ) ;
#2032 = CARTESIAN_POINT ( 'NONE',  ( -116.9499999999999744, 6.349999999999999645, -25.05000000000000426 ) ) ;
#2033 = CARTESIAN_POINT ( 'NONE',  ( -76.14999999999994884, -4.500338972710011376, 24.55000000000000071 ) ) ;
#2034 = VERTEX_POINT ( 'NONE', #3304 ) ;
#2035 = EDGE_CURVE ( 'NONE', #1337, #319, #2775, .T. ) ;
#2036 = LINE ( 'NONE', #1778, #2632 ) ;
#2037 = CARTESIAN_POINT ( 'NONE',  ( -51.71209851473932417, -53.34604593830443520, 7.100000352873628628 ) ) ;
#2038 = ORIENTED_EDGE ( 'NONE', *, *, #1847, .F. ) ;
#2039 = EDGE_LOOP ( 'NONE', ( #470, #1854, #275, #340 ) ) ;
#2040 = EDGE_CURVE ( 'NONE', #1404, #3595, #1119, .T. ) ;
#2041 = CARTESIAN_POINT ( 'NONE',  ( -76.14999999999994884, -9.500338972710009600, -22.85966188955990930 ) ) ;
#2042 = EDGE_LOOP ( 'NONE', ( #1393, #2113, #1580, #2024 ) ) ;
#2043 = DIRECTION ( 'NONE',  ( -1.000000000000000000, 9.745637505487683463E-17, 0.000000000000000000 ) ) ;
#2044 = ORIENTED_EDGE ( 'NONE', *, *, #1061, .F. ) ;
#2045 = FACE_OUTER_BOUND ( 'NONE', #45, .T. ) ;
#2046 = CARTESIAN_POINT ( 'NONE',  ( -112.9499999999999602, -29.25000000000000000, 18.00000000000152767 ) ) ;
#2047 = PLANE ( 'NONE',  #3538 ) ;
#2048 = VERTEX_POINT ( 'NONE', #2792 ) ;
#2049 = EDGE_CURVE ( 'NONE', #2874, #2368, #1104, .T. ) ;
#2050 = AXIS2_PLACEMENT_3D ( 'NONE', #2474, #794, #1325 ) ;
#2051 = FACE_OUTER_BOUND ( 'NONE', #1115, .T. ) ;
#2052 = PLANE ( 'NONE',  #2343 ) ;
#2053 = VECTOR ( 'NONE', #2484, 1000.000000000000000 ) ;
#2054 = ORIENTED_EDGE ( 'NONE', *, *, #53, .T. ) ;
#2055 = AXIS2_PLACEMENT_3D ( 'NONE', #3128, #609, #2838 ) ;
#2056 = VERTEX_POINT ( 'NONE', #3323 ) ;
#2057 = CARTESIAN_POINT ( 'NONE',  ( -78.99999999999995737, -27.11000000000000654, -5.099999999999917044 ) ) ;
#2058 = ORIENTED_EDGE ( 'NONE', *, *, #3555, .T. ) ;
#2059 = EDGE_CURVE ( 'NONE', #741, #1874, #1432, .T. ) ;
#2060 = DIRECTION ( 'NONE',  ( 0.000000000000000000, 0.000000000000000000, 1.000000000000000000 ) ) ;
#2061 = ORIENTED_EDGE ( 'NONE', *, *, #2277, .F. ) ;
#2062 = EDGE_CURVE ( 'NONE', #3533, #2897, #1137, .T. ) ;
#2063 = CIRCLE ( 'NONE', #2532, 3.000000000000000000 ) ;
#2064 = FACE_OUTER_BOUND ( 'NONE', #1736, .T. ) ;
#2065 = CARTESIAN_POINT ( 'NONE',  ( -78.99999999999995737, -4.500338972710011376, 19.50000000000153833 ) ) ;
#2066 = CARTESIAN_POINT ( 'NONE',  ( -116.4499999999999886, -27.45767651737898518, -1.537918005908522900 ) ) ;
#2067 = LINE ( 'NONE', #1198, #27 ) ;
#2068 = CARTESIAN_POINT ( 'NONE',  ( -116.4499999999999886, -29.25000000000000000, -60.32163680906983672 ) ) ;
#2069 = FACE_OUTER_BOUND ( 'NONE', #215, .T. ) ;
#2070 = EDGE_CURVE ( 'NONE', #1822, #1494, #3616, .T. ) ;
#2071 = EDGE_LOOP ( 'NONE', ( #1763, #2145, #105, #872 ) ) ;
#2072 = VERTEX_POINT ( 'NONE', #1155 ) ;
#2073 = CARTESIAN_POINT ( 'NONE',  ( -112.9499999999999602, 1.325269694613551156E-14, 12.49999999999998224 ) ) ;
#2074 = CARTESIAN_POINT ( 'NONE',  ( -116.9499999999999744, -27.11000000000000654, -4.199999999998461853 ) ) ;
#2075 = ORIENTED_EDGE ( 'NONE', *, *, #1583, .F. ) ;
#2076 = SURFACE_STYLE_FILL_AREA ( #965 ) ;
#2077 = ORIENTED_EDGE ( 'NONE', *, *, #3532, .T. ) ;
#2078 = DIRECTION ( 'NONE',  ( -0.000000000000000000, 0.000000000000000000, -1.000000000000000000 ) ) ;
#2079 = EDGE_CURVE ( 'NONE', #96, #1224, #957, .T. ) ;
#2080 = AXIS2_PLACEMENT_3D ( 'NONE', #3070, #3033, #565 ) ;
#2081 = CARTESIAN_POINT ( 'NONE',  ( -78.99999999999995737, -4.500338972710011376, -7.199999999998458300 ) ) ;
#2082 = LINE ( 'NONE', #382, #2959 ) ;
#2083 = CIRCLE ( 'NONE', #266, 3.000000000000000000 ) ;
#2084 = EDGE_CURVE ( 'NONE', #1515, #651, #509, .T. ) ;
#2085 = DIRECTION ( 'NONE',  ( 4.118684382124135515E-17, 0.4226182617406958886, 0.9063077870366517130 ) ) ;
#2086 = FACE_OUTER_BOUND ( 'NONE', #814, .T. ) ;
#2087 = LINE ( 'NONE', #154, #2375 ) ;
#2088 = CARTESIAN_POINT ( 'NONE',  ( -56.09999999999998010, 0.000000000000000000, -24.55000000000000071 ) ) ;
#2089 = ORIENTED_EDGE ( 'NONE', *, *, #2937, .T. ) ;
#2090 = ORIENTED_EDGE ( 'NONE', *, *, #276, .F. ) ;
#2091 = FACE_BOUND ( 'NONE', #2866, .T. ) ;
#2092 = DIRECTION ( 'NONE',  ( 1.000000000000000000, -0.000000000000000000, -0.000000000000000000 ) ) ;
#2093 = VERTEX_POINT ( 'NONE', #2611 ) ;
#2094 = EDGE_CURVE ( 'NONE', #3330, #3223, #377, .T. ) ;
#2095 = LINE ( 'NONE', #760, #841 ) ;
#2096 = ORIENTED_EDGE ( 'NONE', *, *, #2258, .T. ) ;
#2097 = DIRECTION ( 'NONE',  ( 0.000000000000000000, 1.000000000000000000, 0.000000000000000000 ) ) ;
#2098 = CARTESIAN_POINT ( 'NONE',  ( -76.14999999999994884, -27.11000000000001009, 17.40000000000344116 ) ) ;
#2099 = LINE ( 'NONE', #433, #1860 ) ;
#2100 = EDGE_CURVE ( 'NONE', #1871, #261, #635, .T. ) ;
#2101 = CARTESIAN_POINT ( 'NONE',  ( -56.09999999999998010, 0.000000000000000000, 27.30000000000000071 ) ) ;
#2102 = DIRECTION ( 'NONE',  ( 0.000000000000000000, -1.000000000000000000, -0.000000000000000000 ) ) ;
#2103 = DIRECTION ( 'NONE',  ( 0.000000000000000000, 1.000000000000000000, 0.000000000000000000 ) ) ;
#2104 = LINE ( 'NONE', #3214, #1247 ) ;
#2105 = ORIENTED_EDGE ( 'NONE', *, *, #1330, .F. ) ;
#2106 = ORIENTED_EDGE ( 'NONE', *, *, #1098, .T. ) ;
#2107 = CARTESIAN_POINT ( 'NONE',  ( -112.9499999999999744, 2.106652133943776419E-15, -1.949999999999989519 ) ) ;
#2108 = VECTOR ( 'NONE', #2243, 1000.000000000000000 ) ;
#2109 = LINE ( 'NONE', #3222, #3398 ) ;
#2110 = ORIENTED_EDGE ( 'NONE', *, *, #1435, .T. ) ;
#2111 = AXIS2_PLACEMENT_3D ( 'NONE', #370, #1761, #1456 ) ;
#2112 = DIRECTION ( 'NONE',  ( -1.000000000000000000, 0.000000000000000000, 0.000000000000000000 ) ) ;
#2113 = ORIENTED_EDGE ( 'NONE', *, *, #1590, .F. ) ;
#2114 = LINE ( 'NONE', #3558, #297 ) ;
#2115 = VECTOR ( 'NONE', #2956, 1000.000000000000000 ) ;
#2116 = VECTOR ( 'NONE', #2321, 1000.000000000000000 ) ;
#2117 = ADVANCED_FACE ( 'NONE', ( #929 ), #1737, .T. ) ;
#2118 = EDGE_LOOP ( 'NONE', ( #804, #3004, #1018, #2540 ) ) ;
#2119 = DIRECTION ( 'NONE',  ( 1.000000000000000000, 0.000000000000000000, 0.000000000000000000 ) ) ;
#2120 = DIRECTION ( 'NONE',  ( 0.000000000000000000, 0.000000000000000000, -1.000000000000000000 ) ) ;
#2121 = CARTESIAN_POINT ( 'NONE',  ( -76.14999999999994884, -29.25000000000000000, 19.41500000000000270 ) ) ;
#2122 = CARTESIAN_POINT ( 'NONE',  ( -111.0499999999999829, -28.11229348187190880, 20.25000000000153477 ) ) ;
#2123 = CARTESIAN_POINT ( 'NONE',  ( -85.49999999999998579, 0.000000000000000000, 0.000000000000000000 ) ) ;
#2124 = PLANE ( 'NONE',  #2816 ) ;
#2125 = EDGE_CURVE ( 'NONE', #1328, #1698, #1241, .T. ) ;
#2126 = VERTEX_POINT ( 'NONE', #650 ) ;
#2127 = VERTEX_POINT ( 'NONE', #50 ) ;
#2128 = EDGE_CURVE ( 'NONE', #1400, #1424, #3150, .T. ) ;
#2129 = CARTESIAN_POINT ( 'NONE',  ( -90.44949757282493863, 0.000000000000000000, 4.950000000000527756 ) ) ;
#2130 = CARTESIAN_POINT ( 'NONE',  ( -111.0499999999999829, -4.500338972710011376, 22.50000000000153122 ) ) ;
#2131 = VERTEX_POINT ( 'NONE', #616 ) ;
#2132 = DIRECTION ( 'NONE',  ( 1.000000000000000000, -9.745637505487683463E-17, 0.000000000000000000 ) ) ;
#2133 = VERTEX_POINT ( 'NONE', #3380 ) ;
#2134 = CYLINDRICAL_SURFACE ( 'NONE', #829, 3.000000000000000000 ) ;
#2135 = ORIENTED_EDGE ( 'NONE', *, *, #537, .F. ) ;
#2136 = CARTESIAN_POINT ( 'NONE',  ( -53.50000000000000000, 0.000000000000000000, 27.30000000000000071 ) ) ;
#2137 = EDGE_CURVE ( 'NONE', #201, #1681, #1659, .T. ) ;
#2138 = DIRECTION ( 'NONE',  ( 0.000000000000000000, 0.000000000000000000, -1.000000000000000000 ) ) ;
#2139 = VECTOR ( 'NONE', #675, 1000.000000000000000 ) ;
#2140 = VECTOR ( 'NONE', #693, 1000.000000000000000 ) ;
#2141 = AXIS2_PLACEMENT_3D ( 'NONE', #2123, #1054, #1891 ) ;
#2142 = CARTESIAN_POINT ( 'NONE',  ( -116.9499999999999744, -39.25000000000000000, 24.55000000000000071 ) ) ;
#2143 = CARTESIAN_POINT ( 'NONE',  ( -116.9499999999999744, -6.260289708239329620, 4.335076018827155764 ) ) ;
#2144 = CARTESIAN_POINT ( 'NONE',  ( -116.4499999999999886, -27.11000000000000654, -4.199999999998461853 ) ) ;
#2145 = ORIENTED_EDGE ( 'NONE', *, *, #1668, .F. ) ;
#2146 = ORIENTED_EDGE ( 'NONE', *, *, #129, .F. ) ;
#2147 = DIRECTION ( 'NONE',  ( -7.779833121590977705E-17, -1.000000000000000000, 1.482669637587014890E-17 ) ) ;
#2148 = CARTESIAN_POINT ( 'NONE',  ( -56.09999999999998010, -23.34828442116732106, -27.30000000000000426 ) ) ;
#2149 = ORIENTED_EDGE ( 'NONE', *, *, #1107, .F. ) ;
#2150 = ADVANCED_FACE ( 'NONE', ( #1171 ), #1207, .F. ) ;
#2151 = DIRECTION ( 'NONE',  ( 0.000000000000000000, 1.299418334065024133E-16, -1.000000000000000000 ) ) ;
#2152 = VERTEX_POINT ( 'NONE', #2861 ) ;
#2153 = DIRECTION ( 'NONE',  ( 0.000000000000000000, 1.000000000000000000, 0.000000000000000000 ) ) ;
#2154 = ORIENTED_EDGE ( 'NONE', *, *, #3491, .T. ) ;
#2155 = FACE_OUTER_BOUND ( 'NONE', #1897, .T. ) ;
#2156 = LINE ( 'NONE', #1030, #1398 ) ;
#2157 = CARTESIAN_POINT ( 'NONE',  ( -78.99999999999995737, -6.610000000000006537, -3.299999999996555466 ) ) ;
#2158 = LINE ( 'NONE', #2629, #121 ) ;
#2159 = CARTESIAN_POINT ( 'NONE',  ( -51.71209851473932417, -44.41604593830443548, 12.50000000000000711 ) ) ;
#2160 = EDGE_LOOP ( 'NONE', ( #3622, #3368 ) ) ;
#2161 = EDGE_CURVE ( 'NONE', #2255, #516, #896, .T. ) ;
#2162 = ORIENTED_EDGE ( 'NONE', *, *, #2062, .F. ) ;
#2163 = CARTESIAN_POINT ( 'NONE',  ( -112.9499999999999602, -37.61792319645751093, -28.05000000000000071 ) ) ;
#2164 = CARTESIAN_POINT ( 'NONE',  ( -116.9499999999999744, -27.11000000000000654, 20.25000000000153477 ) ) ;
#2165 = ORIENTED_EDGE ( 'NONE', *, *, #3088, .F. ) ;
#2166 = DIRECTION ( 'NONE',  ( 0.000000000000000000, -0.9190964121636459039, 0.3940327209102227890 ) ) ;
#2167 = CIRCLE ( 'NONE', #2050, 3.000000000000001332 ) ;
#2168 = VERTEX_POINT ( 'NONE', #3100 ) ;
#2169 = DIRECTION ( 'NONE',  ( 0.000000000000000000, 0.000000000000000000, 1.000000000000000000 ) ) ;
#2170 = ORIENTED_EDGE ( 'NONE', *, *, #3582, .T. ) ;
#2171 = VECTOR ( 'NONE', #164, 1000.000000000000000 ) ;
#2172 = CARTESIAN_POINT ( 'NONE',  ( -56.84999999999998721, -23.34828442116732106, 28.05000000000000071 ) ) ;
#2173 = CARTESIAN_POINT ( 'NONE',  ( -90.44949757282493863, -4.500338972710011376, 1.950000000000526423 ) ) ;
#2174 = AXIS2_PLACEMENT_3D ( 'NONE', #1984, #3592, #572 ) ;
#2175 = AXIS2_PLACEMENT_3D ( 'NONE', #311, #905, #866 ) ;
#2176 = AXIS2_PLACEMENT_3D ( 'NONE', #1560, #3194, #2418 ) ;
#2177 = DIRECTION ( 'NONE',  ( 0.000000000000000000, 0.000000000000000000, 1.000000000000000000 ) ) ;
#2178 = DIRECTION ( 'NONE',  ( 1.000000000000000000, -9.745637505487680998E-17, 0.000000000000000000 ) ) ;
#2179 = CYLINDRICAL_SURFACE ( 'NONE', #1680, 3.000000000000001776 ) ;
#2180 = VECTOR ( 'NONE', #1025, 1000.000000000000000 ) ;
#2181 = ORIENTED_EDGE ( 'NONE', *, *, #2860, .F. ) ;
#2182 = ORIENTED_EDGE ( 'NONE', *, *, #2084, .T. ) ;
#2183 = CARTESIAN_POINT ( 'NONE',  ( -72.14999999999994884, -6.610000000000006537, -5.100000000000361133 ) ) ;
#2184 = EDGE_CURVE ( 'NONE', #1683, #3295, #3430, .T. ) ;
#2185 = LINE ( 'NONE', #3297, #1820 ) ;
#2186 = ORIENTED_EDGE ( 'NONE', *, *, #1730, .T. ) ;
#2187 = DIRECTION ( 'NONE',  ( -0.000000000000000000, 1.000000000000000000, -0.000000000000000000 ) ) ;
#2188 = ORIENTED_EDGE ( 'NONE', *, *, #1668, .T. ) ;
#2189 = CARTESIAN_POINT ( 'NONE',  ( -85.49999999999998579, -24.11213394580208913, -24.54999999999997939 ) ) ;
#2190 = ADVANCED_FACE ( 'NONE', ( #1448 ), #1484, .F. ) ;
#2191 = ORIENTED_EDGE ( 'NONE', *, *, #2883, .T. ) ;
#2192 = FACE_OUTER_BOUND ( 'NONE', #2597, .T. ) ;
#2193 = CARTESIAN_POINT ( 'NONE',  ( -85.49999999999998579, -23.34828442116732106, 24.55000000000000071 ) ) ;
#2194 = VECTOR ( 'NONE', #1452, 1000.000000000000114 ) ;
#2195 = EDGE_CURVE ( 'NONE', #156, #2979, #2063, .T. ) ;
#2196 = DIRECTION ( 'NONE',  ( 0.000000000000000000, 0.000000000000000000, -1.000000000000000000 ) ) ;
#2197 = DIRECTION ( 'NONE',  ( 0.000000000000000000, -0.000000000000000000, -1.000000000000000000 ) ) ;
#2198 = VECTOR ( 'NONE', #2833, 1000.000000000000000 ) ;
#2199 = EDGE_LOOP ( 'NONE', ( #2440, #281, #1464, #1606 ) ) ;
#2200 = ORIENTED_EDGE ( 'NONE', *, *, #3348, .T. ) ;
#2201 = AXIS2_PLACEMENT_3D ( 'NONE', #2246, #1105, #3362 ) ;
#2202 = DIRECTION ( 'NONE',  ( -1.000000000000000000, -0.000000000000000000, -0.000000000000000000 ) ) ;
#2203 = LINE ( 'NONE', #852, #1075 ) ;
#2204 = VERTEX_POINT ( 'NONE', #1990 ) ;
#2205 = ORIENTED_EDGE ( 'NONE', *, *, #1206, .F. ) ;
#2206 = DIRECTION ( 'NONE',  ( -1.000000000000000000, 0.000000000000000000, 0.000000000000000000 ) ) ;
#2207 = EDGE_LOOP ( 'NONE', ( #462, #1797, #1563, #2341 ) ) ;
#2208 = CARTESIAN_POINT ( 'NONE',  ( -116.4499999999999886, -27.11000000000000654, 20.25000000000153477 ) ) ;
#2209 = CARTESIAN_POINT ( 'NONE',  ( -111.0499999999999829, 1.950397079272457286E-15, 22.50000000000153122 ) ) ;
#2210 = DIRECTION ( 'NONE',  ( 0.000000000000000000, 1.000000000000000000, 1.942579480377163863E-16 ) ) ;
#2211 = DIRECTION ( 'NONE',  ( -0.000000000000000000, -0.7071067811865459074, -0.7071067811865491270 ) ) ;
#2212 = VERTEX_POINT ( 'NONE', #2828 ) ;
#2213 = EDGE_CURVE ( 'NONE', #2852, #2127, #1945, .T. ) ;
#2214 = ORIENTED_EDGE ( 'NONE', *, *, #111, .T. ) ;
#2215 = DIRECTION ( 'NONE',  ( 1.000000000000000000, 0.000000000000000000, -0.000000000000000000 ) ) ;
#2216 = CARTESIAN_POINT ( 'NONE',  ( -80.55050242717467768, -29.25000000000000000, -4.949999999999799449 ) ) ;
#2217 = ORIENTED_EDGE ( 'NONE', *, *, #3264, .T. ) ;
#2218 = DIRECTION ( 'NONE',  ( 0.000000000000000000, 0.000000000000000000, -1.000000000000000000 ) ) ;
#2219 = ORIENTED_EDGE ( 'NONE', *, *, #1051, .T. ) ;
#2220 = LINE ( 'NONE', #2755, #2636 ) ;
#2221 = ORIENTED_EDGE ( 'NONE', *, *, #2519, .T. ) ;
#2222 = CARTESIAN_POINT ( 'NONE',  ( -53.50000000000000000, -23.34828442116732106, 27.30000000000000071 ) ) ;
#2223 = DIRECTION ( 'NONE',  ( 0.000000000000000000, 1.000000000000000000, 0.000000000000000000 ) ) ;
#2224 = ADVANCED_FACE ( 'NONE', ( #3171 ), #2846, .F. ) ;
#2225 = CIRCLE ( 'NONE', #649, 0.9000000000019027224 ) ;
#2226 = CIRCLE ( 'NONE', #2924, 0.9995327267658220549 ) ;
#2227 = FACE_BOUND ( 'NONE', #1101, .T. ) ;
#2228 = DIRECTION ( 'NONE',  ( 1.000000000000000000, -7.779833121590977705E-17, 6.162975822039154730E-33 ) ) ;
#2229 = VECTOR ( 'NONE', #690, 1000.000000000000000 ) ;
#2230 = EDGE_LOOP ( 'NONE', ( #2044, #2892, #1591, #2628 ) ) ;
#2231 = AXIS2_PLACEMENT_3D ( 'NONE', #1745, #2264, #42 ) ;
#2232 = EDGE_CURVE ( 'NONE', #2517, #241, #3519, .T. ) ;
#2233 = ORIENTED_EDGE ( 'NONE', *, *, #2049, .T. ) ;
#2234 = VECTOR ( 'NONE', #1955, 1000.000000000000000 ) ;
#2235 = FACE_BOUND ( 'NONE', #2448, .T. ) ;
#2236 = ADVANCED_FACE ( 'NONE', ( #2559 ), #1722, .T. ) ;
#2237 = DIRECTION ( 'NONE',  ( -1.000000000000000000, 0.000000000000000000, 0.000000000000000000 ) ) ;
#2238 = ORIENTED_EDGE ( 'NONE', *, *, #1064, .F. ) ;
#2239 = ADVANCED_FACE ( 'NONE', ( #2386 ), #1317, .F. ) ;
#2240 = FACE_BOUND ( 'NONE', #2465, .T. ) ;
#2241 = ORIENTED_EDGE ( 'NONE', *, *, #2618, .F. ) ;
#2242 = EDGE_CURVE ( 'NONE', #2845, #2823, #1821, .T. ) ;
#2243 = DIRECTION ( 'NONE',  ( 0.000000000000000000, 1.000000000000000000, 0.000000000000000000 ) ) ;
#2244 = ORIENTED_EDGE ( 'NONE', *, *, #2125, .T. ) ;
#2245 = PLANE ( 'NONE',  #953 ) ;
#2246 = CARTESIAN_POINT ( 'NONE',  ( -51.71209851473932417, -53.34604593830443520, 1.040834085586084257E-14 ) ) ;
#2247 = CARTESIAN_POINT ( 'NONE',  ( -116.9499999999999744, -39.25000000000000000, -28.05000000000000071 ) ) ;
#2248 = CARTESIAN_POINT ( 'NONE',  ( -56.84999999999998010, -4.066673503662784162E-15, 0.000000000000000000 ) ) ;
#2249 = LINE ( 'NONE', #795, #327 ) ;
#2250 = ORIENTED_EDGE ( 'NONE', *, *, #2184, .F. ) ;
#2251 = CARTESIAN_POINT ( 'NONE',  ( -78.99999999999995737, -8.720338972710010239, 19.50000000000153833 ) ) ;
#2252 = DIRECTION ( 'NONE',  ( -0.000000000000000000, 1.000000000000000000, -0.000000000000000000 ) ) ;
#2253 = ORIENTED_EDGE ( 'NONE', *, *, #1285, .T. ) ;
#2254 = CYLINDRICAL_SURFACE ( 'NONE', #3424, 0.9000000000019031665 ) ;
#2255 = VERTEX_POINT ( 'NONE', #3204 ) ;
#2256 = CARTESIAN_POINT ( 'NONE',  ( -112.9499999999999744, 6.350000000000000533, -24.55000000000000071 ) ) ;
#2257 = ORIENTED_EDGE ( 'NONE', *, *, #67, .F. ) ;
#2258 = EDGE_CURVE ( 'NONE', #2804, #994, #2700, .T. ) ;
#2259 = DIRECTION ( 'NONE',  ( 0.000000000000000000, 0.000000000000000000, 1.000000000000000000 ) ) ;
#2260 = LINE ( 'NONE', #598, #1041 ) ;
#2261 = DIRECTION ( 'NONE',  ( 0.000000000000000000, 1.000000000000000000, 0.000000000000000000 ) ) ;
#2262 = DIRECTION ( 'NONE',  ( 1.000000000000000000, -9.745637505487680998E-17, 0.000000000000000000 ) ) ;
#2263 = ORIENTED_EDGE ( 'NONE', *, *, #672, .F. ) ;
#2264 = DIRECTION ( 'NONE',  ( -0.000000000000000000, -1.000000000000000000, -0.000000000000000000 ) ) ;
#2265 = DIRECTION ( 'NONE',  ( 0.000000000000000000, 1.000000000000000000, 0.000000000000000000 ) ) ;
#2266 = EDGE_CURVE ( 'NONE', #3613, #2131, #61, .T. ) ;
#2267 = ORIENTED_EDGE ( 'NONE', *, *, #234, .T. ) ;
#2268 = LINE ( 'NONE', #2023, #3522 ) ;
#2269 = ORIENTED_EDGE ( 'NONE', *, *, #2258, .F. ) ;
#2270 = DIRECTION ( 'NONE',  ( -1.000000000000000000, 0.000000000000000000, 0.000000000000000000 ) ) ;
#2271 = EDGE_LOOP ( 'NONE', ( #3500, #165, #2766, #157 ) ) ;
#2272 = ORIENTED_EDGE ( 'NONE', *, *, #3174, .T. ) ;
#2273 = DIRECTION ( 'NONE',  ( 0.000000000000000000, -1.000000000000000000, 0.000000000000000000 ) ) ;
#2274 = VERTEX_POINT ( 'NONE', #1261 ) ;
#2275 = CARTESIAN_POINT ( 'NONE',  ( -90.44999999999997442, 6.349999999999999645, -6.374497572824771474 ) ) ;
#2276 = EDGE_CURVE ( 'NONE', #1184, #51, #702, .T. ) ;
#2277 = EDGE_CURVE ( 'NONE', #2951, #1036, #162, .T. ) ;
#2278 = CARTESIAN_POINT ( 'NONE',  ( -112.9499999999999744, -42.04685710750737826, -18.02622368288010790 ) ) ;
#2279 = CARTESIAN_POINT ( 'NONE',  ( -90.44999999999997442, 0.000000000000000000, -3.524497572824773162 ) ) ;
#2280 = AXIS2_PLACEMENT_3D ( 'NONE', #148, #3577, #1629 ) ;
#2281 = EDGE_LOOP ( 'NONE', ( #1321, #357, #2756, #3608 ) ) ;
#2282 = VECTOR ( 'NONE', #3499, 1000.000000000000000 ) ;
#2283 = DIRECTION ( 'NONE',  ( 0.000000000000000000, 0.000000000000000000, -1.000000000000000000 ) ) ;
#2284 = CIRCLE ( 'NONE', #2004, 0.9000000000019027224 ) ;
#2285 = CARTESIAN_POINT ( 'NONE',  ( -90.44999999999997442, -4.500338972710011376, -4.949497572824772540 ) ) ;
#2286 = VECTOR ( 'NONE', #158, 999.9999999999998863 ) ;
#2287 = ORIENTED_EDGE ( 'NONE', *, *, #1019, .T. ) ;
#2288 = VECTOR ( 'NONE', #525, 1000.000000000000000 ) ;
#2289 = EDGE_CURVE ( 'NONE', #1205, #231, #185, .T. ) ;
#2290 = CARTESIAN_POINT ( 'NONE',  ( -76.14999999999994884, -9.500338972710009600, -22.85966188955990930 ) ) ;
#2291 = ORIENTED_EDGE ( 'NONE', *, *, #3000, .T. ) ;
#2292 = CARTESIAN_POINT ( 'NONE',  ( -78.99999999999995737, -4.500338972710011376, 19.50000000000153833 ) ) ;
#2293 = CIRCLE ( 'NONE', #1021, 1.424999999999999156 ) ;
#2294 = ORIENTED_EDGE ( 'NONE', *, *, #2059, .T. ) ;
#2295 = DIRECTION ( 'NONE',  ( 0.000000000000000000, -1.000000000000000000, -0.000000000000000000 ) ) ;
#2296 = ORIENTED_EDGE ( 'NONE', *, *, #3146, .T. ) ;
#2297 = FACE_BOUND ( 'NONE', #2502, .T. ) ;
#2298 = EDGE_CURVE ( 'NONE', #3352, #1768, #429, .T. ) ;
#2299 = DIRECTION ( 'NONE',  ( 0.000000000000000000, -1.000000000000000000, 0.000000000000000000 ) ) ;
#2300 = DIRECTION ( 'NONE',  ( 0.000000000000000000, 0.000000000000000000, 1.000000000000000000 ) ) ;
#2301 = ORIENTED_EDGE ( 'NONE', *, *, #44, .F. ) ;
#2302 = ADVANCED_BREP_SHAPE_REPRESENTATION ( 'Hip-pulley-housing-right', ( #2365, #1973 ), #2439 ) ;
#2303 = ADVANCED_FACE ( 'NONE', ( #2662 ), #2912, .F. ) ;
#2304 = CARTESIAN_POINT ( 'NONE',  ( -111.0499999999999829, 1.950397079272457286E-15, 22.50000000000153122 ) ) ;
#2305 = FACE_OUTER_BOUND ( 'NONE', #2207, .T. ) ;
#2306 = ORIENTED_EDGE ( 'NONE', *, *, #1364, .T. ) ;
#2307 = APPLICATION_CONTEXT ( 'automotive_design' ) ;
#2308 = ORIENTED_EDGE ( 'NONE', *, *, #452, .F. ) ;
#2309 = CARTESIAN_POINT ( 'NONE',  ( -111.0499999999999829, -4.500338972710011376, -1.949999999999989075 ) ) ;
#2310 = ORIENTED_EDGE ( 'NONE', *, *, #3621, .F. ) ;
#2311 = AXIS2_PLACEMENT_3D ( 'NONE', #22, #3031, #1156 ) ;
#2312 = DIRECTION ( 'NONE',  ( 0.000000000000000000, -1.000000000000000000, 0.000000000000000000 ) ) ;
#2313 = VERTEX_POINT ( 'NONE', #130 ) ;
#2314 = FACE_BOUND ( 'NONE', #920, .T. ) ;
#2315 = ADVANCED_FACE ( 'NONE', ( #146 ), #1280, .F. ) ;
#2316 = CARTESIAN_POINT ( 'NONE',  ( -116.4509999999999934, -16.85999999999956245, -19.59999999999865494 ) ) ;
#2317 = DIRECTION ( 'NONE',  ( 0.000000000000000000, 1.000000000000000000, 0.000000000000000000 ) ) ;
#2318 = SHAPE_DEFINITION_REPRESENTATION ( #83, #2302 ) ;
#2319 = CIRCLE ( 'NONE', #748, 0.4999999999999995559 ) ;
#2320 = ORIENTED_EDGE ( 'NONE', *, *, #824, .T. ) ;
#2321 = DIRECTION ( 'NONE',  ( 7.779833121590977705E-17, 1.000000000000000000, 0.000000000000000000 ) ) ;
#2322 = FACE_OUTER_BOUND ( 'NONE', #2879, .T. ) ;
#2323 = ADVANCED_FACE ( 'NONE', ( #1839 ), #2367, .F. ) ;
#2324 = VERTEX_POINT ( 'NONE', #3539 ) ;
#2325 = EDGE_LOOP ( 'NONE', ( #2656, #575 ) ) ;
#2326 = DIRECTION ( 'NONE',  ( 0.000000000000000000, 1.000000000000000000, 0.000000000000000000 ) ) ;
#2327 = ORIENTED_EDGE ( 'NONE', *, *, #1039, .T. ) ;
#2328 = DIRECTION ( 'NONE',  ( 0.000000000000000000, -1.000000000000000000, 5.827738441131490604E-16 ) ) ;
#2329 = EDGE_LOOP ( 'NONE', ( #2571, #761, #1512, #1491 ) ) ;
#2330 = DIRECTION ( 'NONE',  ( 0.000000000000000000, 0.000000000000000000, -1.000000000000000000 ) ) ;
#2331 = FACE_OUTER_BOUND ( 'NONE', #1916, .T. ) ;
#2332 = ADVANCED_FACE ( 'NONE', ( #450 ), #1568, .F. ) ;
#2333 = LINE ( 'NONE', #1776, #3546 ) ;
#2334 = ORIENTED_EDGE ( 'NONE', *, *, #1703, .F. ) ;
#2335 = VECTOR ( 'NONE', #618, 1000.000000000000000 ) ;
#2336 = DIRECTION ( 'NONE',  ( -1.000000000000000000, -0.000000000000000000, -0.000000000000000000 ) ) ;
#2337 = DIRECTION ( 'NONE',  ( 0.000000000000000000, -1.000000000000000000, 0.000000000000000000 ) ) ;
#2338 = EDGE_CURVE ( 'NONE', #1224, #387, #2095, .T. ) ;
#2339 = VECTOR ( 'NONE', #1900, 1000.000000000000000 ) ;
#2340 = ORIENTED_EDGE ( 'NONE', *, *, #452, .T. ) ;
#2341 = ORIENTED_EDGE ( 'NONE', *, *, #3555, .F. ) ;
#2342 = EDGE_CURVE ( 'NONE', #3035, #1909, #3467, .T. ) ;
#2343 = AXIS2_PLACEMENT_3D ( 'NONE', #348, #1179, #3144 ) ;
#2344 = VECTOR ( 'NONE', #2495, 1000.000000000000000 ) ;
#2345 = ORIENTED_EDGE ( 'NONE', *, *, #3159, .F. ) ;
#2346 = CARTESIAN_POINT ( 'NONE',  ( -85.49999999999998579, 3.350000000000024958, -28.05000000000000071 ) ) ;
#2347 = ORIENTED_EDGE ( 'NONE', *, *, #886, .T. ) ;
#2348 = VECTOR ( 'NONE', #993, 1000.000000000000000 ) ;
#2349 = CIRCLE ( 'NONE', #779, 0.9000000000014556356 ) ;
#2350 = EDGE_CURVE ( 'NONE', #3441, #964, #488, .T. ) ;
#2351 = FILL_AREA_STYLE_COLOUR ( '', #1366 ) ;
#2352 = ORIENTED_EDGE ( 'NONE', *, *, #1272, .F. ) ;
#2353 = AXIS2_PLACEMENT_3D ( 'NONE', #1463, #669, #2574 ) ;
#2354 = DIRECTION ( 'NONE',  ( 0.000000000000000000, -1.000000000000000000, -0.000000000000000000 ) ) ;
#2355 = PLANE ( 'NONE',  #710 ) ;
#2356 = DIRECTION ( 'NONE',  ( 0.000000000000000000, 1.000000000000000000, 0.000000000000000000 ) ) ;
#2357 = CARTESIAN_POINT ( 'NONE',  ( -85.49999999999998579, -23.34828442116732106, 24.55000000000000071 ) ) ;
#2358 = CARTESIAN_POINT ( 'NONE',  ( -112.9499999999999744, -4.500338972710011376, -1.949999999999993516 ) ) ;
#2359 = LINE ( 'NONE', #437, #2553 ) ;
#2360 = DIRECTION ( 'NONE',  ( 1.000000000000000000, 0.000000000000000000, 0.000000000000000000 ) ) ;
#2361 = EDGE_LOOP ( 'NONE', ( #123, #507 ) ) ;
#2362 = ORIENTED_EDGE ( 'NONE', *, *, #3524, .T. ) ;
#2363 = PLANE ( 'NONE',  #1535 ) ;
#2364 = DIRECTION ( 'NONE',  ( -1.000000000000000000, 9.745637505487683463E-17, -0.000000000000000000 ) ) ;
#2365 = MANIFOLD_SOLID_BREP ( 'Mirror6', #834 ) ;
#2366 = ORIENTED_EDGE ( 'NONE', *, *, #1929, .F. ) ;
#2367 = PLANE ( 'NONE',  #2647 ) ;
#2368 = VERTEX_POINT ( 'NONE', #1134 ) ;
#2369 = PLANE ( 'NONE',  #3051 ) ;
#2370 = CIRCLE ( 'NONE', #801, 1.425000000000000044 ) ;
#2371 = EDGE_CURVE ( 'NONE', #2168, #1630, #2718, .T. ) ;
#2372 = AXIS2_PLACEMENT_3D ( 'NONE', #772, #1015, #2941 ) ;
#2373 = CYLINDRICAL_SURFACE ( 'NONE', #1304, 3.000000000000001776 ) ;
#2374 = CARTESIAN_POINT ( 'NONE',  ( -78.99999999999995737, -4.500338972710011376, 19.50000000000153833 ) ) ;
#2375 = VECTOR ( 'NONE', #695, 999.9999999999998863 ) ;
#2376 = LINE ( 'NONE', #2290, #2140 ) ;
#2377 = CARTESIAN_POINT ( 'NONE',  ( -111.0499999999999829, -26.11046727323418537, -4.199999999998461853 ) ) ;
#2378 = FACE_OUTER_BOUND ( 'NONE', #2039, .T. ) ;
#2379 = DIRECTION ( 'NONE',  ( 1.000000000000000000, -7.779833121590977705E-17, 6.162975822039154730E-33 ) ) ;
#2380 = ORIENTED_EDGE ( 'NONE', *, *, #2557, .T. ) ;
#2381 = ORIENTED_EDGE ( 'NONE', *, *, #99, .F. ) ;
#2382 = CARTESIAN_POINT ( 'NONE',  ( -78.99999999999995737, -6.610000000000006537, -5.100000000000361133 ) ) ;
#2383 = EDGE_CURVE ( 'NONE', #1475, #783, #277, .T. ) ;
#2384 = CARTESIAN_POINT ( 'NONE',  ( -80.54999999999964189, 0.000000000000000000, 4.949497572825494629 ) ) ;
#2385 = ORIENTED_EDGE ( 'NONE', *, *, #184, .T. ) ;
#2386 = FACE_OUTER_BOUND ( 'NONE', #1024, .T. ) ;
#2387 = ORIENTED_EDGE ( 'NONE', *, *, #2570, .T. ) ;
#2388 = FACE_OUTER_BOUND ( 'NONE', #960, .T. ) ;
#2389 = EDGE_CURVE ( 'NONE', #1816, #741, #1350, .T. ) ;
#2390 = DIRECTION ( 'NONE',  ( -3.840100063292027204E-17, -0.3940327209102227890, -0.9190964121636459039 ) ) ;
#2391 = LINE ( 'NONE', #3208, #869 ) ;
#2392 = EDGE_CURVE ( 'NONE', #1093, #1184, #1405, .T. ) ;
#2393 = LINE ( 'NONE', #2121, #1503 ) ;
#2394 = CARTESIAN_POINT ( 'NONE',  ( -111.0499999999999829, -7.612199995687619847, -4.199999999998458300 ) ) ;
#2395 = PLANE ( 'NONE',  #919 ) ;
#2396 = CARTESIAN_POINT ( 'NONE',  ( -72.14999999999994884, -29.24999999999998224, 19.41500000000001691 ) ) ;
#2397 = ORIENTED_EDGE ( 'NONE', *, *, #1279, .F. ) ;
#2398 = ORIENTED_EDGE ( 'NONE', *, *, #1993, .T. ) ;
#2399 = CARTESIAN_POINT ( 'NONE',  ( -85.49999999999998579, -24.11213394580208913, -24.55000000000000071 ) ) ;
#2400 = VECTOR ( 'NONE', #2097, 1000.000000000000000 ) ;
#2401 = FACE_OUTER_BOUND ( 'NONE', #2199, .T. ) ;
#2402 = ORIENTED_EDGE ( 'NONE', *, *, #664, .T. ) ;
#2403 = ADVANCED_FACE ( 'NONE', ( #1099 ), #522, .F. ) ;
#2404 = PRODUCT ( 'Hip-pulley-housing-right', 'Hip-pulley-housing-right', '', ( #1453 ) ) ;
#2405 = AXIS2_PLACEMENT_3D ( 'NONE', #1818, #181, #427 ) ;
#2406 = AXIS2_PLACEMENT_3D ( 'NONE', #1438, #2566, #3112 ) ;
#2407 = DIRECTION ( 'NONE',  ( 0.000000000000000000, 0.000000000000000000, 1.000000000000000000 ) ) ;
#2408 = ORIENTED_EDGE ( 'NONE', *, *, #3140, .T. ) ;
#2409 = DIRECTION ( 'NONE',  ( 1.000000000000000000, 0.000000000000000000, 0.000000000000000000 ) ) ;
#2410 = AXIS2_PLACEMENT_3D ( 'NONE', #1648, #1902, #561 ) ;
#2411 = VECTOR ( 'NONE', #132, 1000.000000000000000 ) ;
#2412 = VERTEX_POINT ( 'NONE', #3627 ) ;
#2413 = DIRECTION ( 'NONE',  ( 1.000000000000000000, 0.000000000000000000, 0.000000000000000000 ) ) ;
#2414 = AXIS2_PLACEMENT_3D ( 'NONE', #3414, #339, #1771 ) ;
#2415 = CARTESIAN_POINT ( 'NONE',  ( -116.9499999999999744, 6.349999999999999645, 25.05000000000001492 ) ) ;
#2416 = AXIS2_PLACEMENT_3D ( 'NONE', #3575, #1951, #2516 ) ;
#2417 = CARTESIAN_POINT ( 'NONE',  ( -112.9499999999999744, -53.34604593830443520, -7.100000352873607312 ) ) ;
#2418 = DIRECTION ( 'NONE',  ( 0.000000000000000000, -1.000000000000000000, 0.000000000000000000 ) ) ;
#2419 = CYLINDRICAL_SURFACE ( 'NONE', #2927, 0.9995327267658220549 ) ;
#2420 = ORIENTED_EDGE ( 'NONE', *, *, #2035, .F. ) ;
#2421 = ADVANCED_FACE ( 'NONE', ( #1388 ), #2770, .F. ) ;
#2422 = VERTEX_POINT ( 'NONE', #3062 ) ;
#2423 = FACE_BOUND ( 'NONE', #407, .T. ) ;
#2424 = LINE ( 'NONE', #1023, #1477 ) ;
#2425 = ORIENTED_EDGE ( 'NONE', *, *, #426, .F. ) ;
#2426 = DIRECTION ( 'NONE',  ( 0.000000000000000000, 0.000000000000000000, 1.000000000000000000 ) ) ;
#2427 = EDGE_LOOP ( 'NONE', ( #631, #3390 ) ) ;
#2428 = DIRECTION ( 'NONE',  ( 0.000000000000000000, 0.000000000000000000, -1.000000000000000000 ) ) ;
#2429 = EDGE_LOOP ( 'NONE', ( #2677, #681, #1752, #2568 ) ) ;
#2430 = FACE_OUTER_BOUND ( 'NONE', #3518, .T. ) ;
#2431 = CARTESIAN_POINT ( 'NONE',  ( -90.44949757282493863, 0.000000000000000000, 7.950000000000529532 ) ) ;
#2432 = AXIS2_PLACEMENT_3D ( 'NONE', #2778, #3618, #2563 ) ;
#2433 = EDGE_CURVE ( 'NONE', #3036, #665, #3405, .T. ) ;
#2434 = VECTOR ( 'NONE', #2085, 999.9999999999998863 ) ;
#2435 = CIRCLE ( 'NONE', #2494, 3.000000000000000000 ) ;
#2436 = CARTESIAN_POINT ( 'NONE',  ( -116.4499999999999886, -29.25000000000000000, -19.41215000000000401 ) ) ;
#2437 = DIRECTION ( 'NONE',  ( 0.000000000000000000, -1.000000000000000000, 0.000000000000000000 ) ) ;
#2438 = DIRECTION ( 'NONE',  ( 1.000000000000000000, -0.000000000000000000, -0.000000000000000000 ) ) ;
#2439 =( GEOMETRIC_REPRESENTATION_CONTEXT ( 3 ) GLOBAL_UNCERTAINTY_ASSIGNED_CONTEXT ( ( #442 ) ) GLOBAL_UNIT_ASSIGNED_CONTEXT ( ( #1726, #2581, #2834 ) ) REPRESENTATION_CONTEXT ( 'NONE', 'WORKASPACE' ) );
#2440 = ORIENTED_EDGE ( 'NONE', *, *, #1640, .T. ) ;
#2441 = ORIENTED_EDGE ( 'NONE', *, *, #776, .F. ) ;
#2442 = DIRECTION ( 'NONE',  ( 0.000000000000000000, 0.000000000000000000, -1.000000000000000000 ) ) ;
#2443 = EDGE_CURVE ( 'NONE', #1160, #2857, #2293, .T. ) ;
#2444 = CYLINDRICAL_SURFACE ( 'NONE', #1357, 0.9000000000019027224 ) ;
#2445 = ORIENTED_EDGE ( 'NONE', *, *, #399, .T. ) ;
#2446 = ADVANCED_FACE ( 'NONE', ( #1062 ), #802, .F. ) ;
#2447 = DIRECTION ( 'NONE',  ( -1.000000000000000000, 0.000000000000000000, 0.000000000000000000 ) ) ;
#2448 = EDGE_LOOP ( 'NONE', ( #2731, #1444 ) ) ;
#2449 = CARTESIAN_POINT ( 'NONE',  ( -76.14999999999994884, -24.11499999999998423, 24.55000000000000071 ) ) ;
#2450 = ORIENTED_EDGE ( 'NONE', *, *, #2721, .F. ) ;
#2451 = LINE ( 'NONE', #986, #421 ) ;
#2452 = CARTESIAN_POINT ( 'NONE',  ( -90.44999999999997442, -29.25000000000000000, -4.949497572824772540 ) ) ;
#2453 = ADVANCED_FACE ( 'NONE', ( #1644, #2499, #2240 ), #3612, .T. ) ;
#2454 = DIRECTION ( 'NONE',  ( 0.000000000000000000, 0.000000000000000000, -1.000000000000000000 ) ) ;
#2455 = CARTESIAN_POINT ( 'NONE',  ( -76.14999999999994884, -27.11000000000001009, 16.50000000000153833 ) ) ;
#2456 = CARTESIAN_POINT ( 'NONE',  ( -53.50000000000000000, -23.34828442116732106, 27.30000000000000071 ) ) ;
#2457 = ORIENTED_EDGE ( 'NONE', *, *, #2971, .F. ) ;
#2458 = VERTEX_POINT ( 'NONE', #3335 ) ;
#2459 = EDGE_CURVE ( 'NONE', #1874, #2034, #3357, .T. ) ;
#2460 = CARTESIAN_POINT ( 'NONE',  ( -52.74999999999999289, 3.350000000000024958, -28.05000000000000426 ) ) ;
#2461 = ORIENTED_EDGE ( 'NONE', *, *, #515, .F. ) ;
#2462 = ADVANCED_FACE ( 'NONE', ( #1695 ), #2803, .T. ) ;
#2463 = CARTESIAN_POINT ( 'NONE',  ( -112.9499999999999744, -9.500338972710009600, -24.55000000000000071 ) ) ;
#2464 = VECTOR ( 'NONE', #645, 1000.000000000000000 ) ;
#2465 = EDGE_LOOP ( 'NONE', ( #441, #1066 ) ) ;
#2466 = CARTESIAN_POINT ( 'NONE',  ( -80.54999999999964189, -4.500338972710011376, 7.949497572825495517 ) ) ;
#2467 = ORIENTED_EDGE ( 'NONE', *, *, #755, .T. ) ;
#2468 = ADVANCED_FACE ( 'NONE', ( #3409 ), #1443, .F. ) ;
#2469 = LINE ( 'NONE', #1974, #416 ) ;
#2470 = LINE ( 'NONE', #2193, #3484 ) ;
#2471 = VECTOR ( 'NONE', #1139, 1000.000000000000000 ) ;
#2472 = AXIS2_PLACEMENT_3D ( 'NONE', #1043, #2950, #2968 ) ;
#2473 = DIRECTION ( 'NONE',  ( 0.000000000000000000, 0.000000000000000000, 1.000000000000000000 ) ) ;
#2474 = CARTESIAN_POINT ( 'NONE',  ( -90.44949757282493863, -4.500338972710011376, 4.950000000000527756 ) ) ;
#2475 = LINE ( 'NONE', #288, #2955 ) ;
#2476 =( GEOMETRIC_REPRESENTATION_CONTEXT ( 3 ) GLOBAL_UNCERTAINTY_ASSIGNED_CONTEXT ( ( #815 ) ) GLOBAL_UNIT_ASSIGNED_CONTEXT ( ( #3281, #503, #3318 ) ) REPRESENTATION_CONTEXT ( 'NONE', 'WORKASPACE' ) );
#2477 = ORIENTED_EDGE ( 'NONE', *, *, #3053, .T. ) ;
#2478 = ORIENTED_EDGE ( 'NONE', *, *, #2383, .T. ) ;
#2479 = CARTESIAN_POINT ( 'NONE',  ( -72.14999999999994884, 0.000000000000000000, 0.000000000000000000 ) ) ;
#2480 = DIRECTION ( 'NONE',  ( 0.000000000000000000, 0.3940327209102222339, -0.9190964121636460149 ) ) ;
#2481 = ORIENTED_EDGE ( 'NONE', *, *, #217, .F. ) ;
#2482 = DIRECTION ( 'NONE',  ( 0.000000000000000000, 0.000000000000000000, 1.000000000000000000 ) ) ;
#2483 = ORIENTED_EDGE ( 'NONE', *, *, #2735, .T. ) ;
#2484 = DIRECTION ( 'NONE',  ( -1.000000000000000000, 0.000000000000000000, 0.000000000000000000 ) ) ;
#2485 = ORIENTED_EDGE ( 'NONE', *, *, #1334, .F. ) ;
#2486 = DIRECTION ( 'NONE',  ( 1.000000000000000000, -0.000000000000000000, -0.000000000000000000 ) ) ;
#2487 = CARTESIAN_POINT ( 'NONE',  ( -116.9499999999999744, 6.349999999999999645, -25.05000000000000426 ) ) ;
#2488 = EDGE_CURVE ( 'NONE', #3537, #1758, #909, .T. ) ;
#2489 = VECTOR ( 'NONE', #621, 1000.000000000000000 ) ;
#2490 = DIRECTION ( 'NONE',  ( 1.000000000000000000, 0.000000000000000000, -0.000000000000000000 ) ) ;
#2491 = DIRECTION ( 'NONE',  ( 0.000000000000000000, 0.000000000000000000, 1.000000000000000000 ) ) ;
#2492 = VERTEX_POINT ( 'NONE', #3375 ) ;
#2493 = EDGE_LOOP ( 'NONE', ( #2310, #1255 ) ) ;
#2494 = AXIS2_PLACEMENT_3D ( 'NONE', #2776, #263, #3617 ) ;
#2495 = DIRECTION ( 'NONE',  ( 1.000000000000000000, -7.779833121590977705E-17, 6.162975822039154730E-33 ) ) ;
#2496 = CARTESIAN_POINT ( 'NONE',  ( -80.54999999999964189, 0.000000000000000000, 3.524497572825494363 ) ) ;
#2497 = EDGE_LOOP ( 'NONE', ( #2205, #800 ) ) ;
#2498 = EDGE_CURVE ( 'NONE', #1205, #376, #2591, .T. ) ;
#2499 = FACE_BOUND ( 'NONE', #1042, .T. ) ;
#2500 = ORIENTED_EDGE ( 'NONE', *, *, #2232, .F. ) ;
#2501 = CARTESIAN_POINT ( 'NONE',  ( -90.44999999999997442, -4.500338972710011376, -7.949497572824773428 ) ) ;
#2502 = EDGE_LOOP ( 'NONE', ( #530, #1500 ) ) ;
#2503 = VERTEX_POINT ( 'NONE', #135 ) ;
#2504 = CIRCLE ( 'NONE', #3551, 1.424999999999999156 ) ;
#2505 = LINE ( 'NONE', #303, #1486 ) ;
#2506 = CARTESIAN_POINT ( 'NONE',  ( -76.14999999999994884, -9.500338972710009600, 24.55000000000000071 ) ) ;
#2507 = ADVANCED_FACE ( 'NONE', ( #1829 ), #589, .F. ) ;
#2508 = DIRECTION ( 'NONE',  ( -1.000000000000000000, 7.779833121590977705E-17, -6.162975822039154730E-33 ) ) ;
#2509 = EDGE_CURVE ( 'NONE', #1630, #2926, #2268, .T. ) ;
#2510 = CARTESIAN_POINT ( 'NONE',  ( -90.44949757282493863, -4.500338972710011376, 4.950000000000527756 ) ) ;
#2511 = EDGE_LOOP ( 'NONE', ( #3385, #1620, #2907, #3098 ) ) ;
#2512 = ORIENTED_EDGE ( 'NONE', *, *, #1809, .F. ) ;
#2513 = CARTESIAN_POINT ( 'NONE',  ( -112.9499999999999744, -6.760289708239330508, -1.537918005908522900 ) ) ;
#2514 = DIRECTION ( 'NONE',  ( 1.000000000000000000, -0.000000000000000000, -0.000000000000000000 ) ) ;
#2515 = VERTEX_POINT ( 'NONE', #3095 ) ;
#2516 = DIRECTION ( 'NONE',  ( 0.000000000000000000, 0.000000000000000000, 1.000000000000000000 ) ) ;
#2517 = VERTEX_POINT ( 'NONE', #3115 ) ;
#2518 = DIRECTION ( 'NONE',  ( 0.000000000000000000, -1.000000000000000000, 0.000000000000000000 ) ) ;
#2519 = EDGE_CURVE ( 'NONE', #2458, #71, #2569, .T. ) ;
#2520 = ORIENTED_EDGE ( 'NONE', *, *, #3524, .F. ) ;
#2521 = VECTOR ( 'NONE', #1141, 1000.000000000000000 ) ;
#2522 = DIRECTION ( 'NONE',  ( 1.000000000000000000, 0.000000000000000000, 0.000000000000000000 ) ) ;
#2523 = CARTESIAN_POINT ( 'NONE',  ( -90.44999999999997442, 6.349999999999999645, -4.949497572824772540 ) ) ;
#2524 = VECTOR ( 'NONE', #205, 1000.000000000000000 ) ;
#2525 = VECTOR ( 'NONE', #98, 1000.000000000000000 ) ;
#2526 = CIRCLE ( 'NONE', #3161, 3.000000000000001332 ) ;
#2527 = PLANE ( 'NONE',  #2777 ) ;
#2528 = CARTESIAN_POINT ( 'NONE',  ( -76.14999999999994884, -9.500338972710009600, 22.86009492289630174 ) ) ;
#2529 = AXIS2_PLACEMENT_3D ( 'NONE', #2916, #492, #1593 ) ;
#2530 = VERTEX_POINT ( 'NONE', #31 ) ;
#2531 = AXIS2_PLACEMENT_3D ( 'NONE', #3252, #136, #1867 ) ;
#2532 = AXIS2_PLACEMENT_3D ( 'NONE', #1516, #894, #36 ) ;
#2533 = DIRECTION ( 'NONE',  ( -9.745637505487680998E-17, -1.000000000000000000, 0.000000000000000000 ) ) ;
#2534 = ADVANCED_FACE ( 'NONE', ( #296 ), #1268, .T. ) ;
#2535 = EDGE_LOOP ( 'NONE', ( #3576, #3170, #3255, #2441 ) ) ;
#2536 = DIRECTION ( 'NONE',  ( 0.000000000000000000, -1.000000000000000000, 0.000000000000000000 ) ) ;
#2537 = ORIENTED_EDGE ( 'NONE', *, *, #1918, .F. ) ;
#2538 = CARTESIAN_POINT ( 'NONE',  ( -78.99999999999995737, -8.720338972710006686, -7.199999999998459188 ) ) ;
#2539 = ORIENTED_EDGE ( 'NONE', *, *, #3078, .T. ) ;
#2540 = ORIENTED_EDGE ( 'NONE', *, *, #2338, .F. ) ;
#2541 = DIRECTION ( 'NONE',  ( 0.000000000000000000, 0.000000000000000000, 1.000000000000000000 ) ) ;
#2542 = DIRECTION ( 'NONE',  ( 0.000000000000000000, 1.000000000000000000, 0.000000000000000000 ) ) ;
#2543 = CARTESIAN_POINT ( 'NONE',  ( -116.4499999999999886, -5.610253315091707549, 20.25000000000153477 ) ) ;
#2544 = ADVANCED_FACE ( 'NONE', ( #2856 ), #3193, .T. ) ;
#2545 = CARTESIAN_POINT ( 'NONE',  ( -72.14999999999994884, -24.33249999999995694, 24.33250000000002444 ) ) ;
#2546 = VERTEX_POINT ( 'NONE', #2101 ) ;
#2547 = DIRECTION ( 'NONE',  ( 0.000000000000000000, -1.000000000000000000, 0.000000000000000000 ) ) ;
#2548 = AXIS2_PLACEMENT_3D ( 'NONE', #3156, #1228, #2317 ) ;
#2549 = DIRECTION ( 'NONE',  ( 0.000000000000000000, 0.000000000000000000, 1.000000000000000000 ) ) ;
#2550 = ORIENTED_EDGE ( 'NONE', *, *, #626, .F. ) ;
#2551 = EDGE_CURVE ( 'NONE', #2048, #3537, #2919, .T. ) ;
#2552 = CARTESIAN_POINT ( 'NONE',  ( -51.71209851473932417, -53.34604593830443520, 1.040834085586084257E-14 ) ) ;
#2553 = VECTOR ( 'NONE', #1270, 1000.000000000000000 ) ;
#2554 = EDGE_LOOP ( 'NONE', ( #197, #423 ) ) ;
#2555 = DIRECTION ( 'NONE',  ( -0.000000000000000000, 1.000000000000000000, -0.000000000000000000 ) ) ;
#2556 = ORIENTED_EDGE ( 'NONE', *, *, #1166, .F. ) ;
#2557 = EDGE_CURVE ( 'NONE', #3496, #2608, #350, .T. ) ;
#2558 = ORIENTED_EDGE ( 'NONE', *, *, #3383, .F. ) ;
#2559 = FACE_OUTER_BOUND ( 'NONE', #1925, .T. ) ;
#2560 = VERTEX_POINT ( 'NONE', #1458 ) ;
#2561 = DIRECTION ( 'NONE',  ( 1.000000000000000000, 0.000000000000000000, 0.000000000000000000 ) ) ;
#2562 = CARTESIAN_POINT ( 'NONE',  ( -85.49999999999998579, 6.349999999999999645, 25.05000000000001492 ) ) ;
#2563 = DIRECTION ( 'NONE',  ( -0.000000000000000000, -1.000000000000000000, -2.055359568692899253E-16 ) ) ;
#2564 = EDGE_LOOP ( 'NONE', ( #1567, #797 ) ) ;
#2565 = EDGE_CURVE ( 'NONE', #258, #1822, #46, .T. ) ;
#2566 = DIRECTION ( 'NONE',  ( 0.000000000000000000, 1.000000000000000000, 0.000000000000000000 ) ) ;
#2567 = LINE ( 'NONE', #43, #2697 ) ;
#2568 = ORIENTED_EDGE ( 'NONE', *, *, #2699, .F. ) ;
#2569 = LINE ( 'NONE', #1251, #1194 ) ;
#2570 = EDGE_CURVE ( 'NONE', #741, #1719, #2376, .T. ) ;
#2571 = ORIENTED_EDGE ( 'NONE', *, *, #977, .F. ) ;
#2572 = DIRECTION ( 'NONE',  ( 0.000000000000000000, 0.000000000000000000, -1.000000000000000000 ) ) ;
#2573 = ORIENTED_EDGE ( 'NONE', *, *, #2641, .F. ) ;
#2574 = DIRECTION ( 'NONE',  ( 0.000000000000000000, 0.000000000000000000, 1.000000000000000000 ) ) ;
#2575 = ORIENTED_EDGE ( 'NONE', *, *, #53, .F. ) ;
#2576 = FACE_OUTER_BOUND ( 'NONE', #1998, .T. ) ;
#2577 = ADVANCED_FACE ( 'NONE', ( #1540 ), #2652, .F. ) ;
#2578 = DIRECTION ( 'NONE',  ( -1.000000000000000000, 0.000000000000000000, 0.000000000000000000 ) ) ;
#2579 = CARTESIAN_POINT ( 'NONE',  ( -72.14999999999994884, -6.610000000000006537, -4.199999999998458300 ) ) ;
#2580 = VECTOR ( 'NONE', #3338, 1000.000000000000000 ) ;
#2581 =( NAMED_UNIT ( * ) PLANE_ANGLE_UNIT ( ) SI_UNIT ( $, .RADIAN. ) );
#2582 = ORIENTED_EDGE ( 'NONE', *, *, #1961, .F. ) ;
#2583 = VECTOR ( 'NONE', #2237, 1000.000000000000000 ) ;
#2584 = AXIS2_PLACEMENT_3D ( 'NONE', #3480, #1817, #2442 ) ;
#2585 = DIRECTION ( 'NONE',  ( 1.000000000000000000, -0.000000000000000000, -0.000000000000000000 ) ) ;
#2586 = VECTOR ( 'NONE', #57, 1000.000000000000000 ) ;
#2587 = DIRECTION ( 'NONE',  ( -0.000000000000000000, 1.000000000000000000, -0.000000000000000000 ) ) ;
#2588 = AXIS2_PLACEMENT_3D ( 'NONE', #1787, #1805, #2863 ) ;
#2589 = ORIENTED_EDGE ( 'NONE', *, *, #265, .F. ) ;
#2590 = VECTOR ( 'NONE', #3243, 1000.000000000000000 ) ;
#2591 = LINE ( 'NONE', #2357, #368 ) ;
#2592 = VERTEX_POINT ( 'NONE', #630 ) ;
#2593 = CARTESIAN_POINT ( 'NONE',  ( -80.55050242717467768, 0.000000000000000000, -3.524999999999799183 ) ) ;
#2594 = VECTOR ( 'NONE', #574, 1000.000000000000000 ) ;
#2595 = ORIENTED_EDGE ( 'NONE', *, *, #334, .F. ) ;
#2596 = DIRECTION ( 'NONE',  ( 0.000000000000000000, 0.000000000000000000, -1.000000000000000000 ) ) ;
#2597 = EDGE_LOOP ( 'NONE', ( #2655, #3478, #3461, #636 ) ) ;
#2598 = CARTESIAN_POINT ( 'NONE',  ( -56.09999999999998010, 0.000000000000000000, -27.30000000000000426 ) ) ;
#2599 = DIRECTION ( 'NONE',  ( 1.000000000000000000, -9.745637505487683463E-17, 0.000000000000000000 ) ) ;
#2600 = EDGE_CURVE ( 'NONE', #850, #448, #563, .T. ) ;
#2601 = DIRECTION ( 'NONE',  ( 0.000000000000000000, 0.000000000000000000, -1.000000000000000000 ) ) ;
#2602 = EDGE_LOOP ( 'NONE', ( #568, #3147, #1374, #1274, #1696 ) ) ;
#2603 = CARTESIAN_POINT ( 'NONE',  ( -78.99999999999995737, -27.11000000000001009, 17.40000000000344116 ) ) ;
#2604 = EDGE_LOOP ( 'NONE', ( #300, #2994, #747 ) ) ;
#2605 = VECTOR ( 'NONE', #847, 1000.000000000000000 ) ;
#2606 = CARTESIAN_POINT ( 'NONE',  ( -80.55050242717467768, -4.500338972710011376, -4.949999999999799449 ) ) ;
#2607 = LINE ( 'NONE', #2346, #1126 ) ;
#2608 = VERTEX_POINT ( 'NONE', #16 ) ;
#2609 = ADVANCED_FACE ( 'NONE', ( #1150 ), #2254, .F. ) ;
#2610 = AXIS2_PLACEMENT_3D ( 'NONE', #1109, #10, #864 ) ;
#2611 = CARTESIAN_POINT ( 'NONE',  ( -56.09999999999998010, 0.000000000000000000, -27.30000000000000426 ) ) ;
#2612 = ORIENTED_EDGE ( 'NONE', *, *, #2213, .T. ) ;
#2613 = DIRECTION ( 'NONE',  ( 1.000000000000000000, -0.000000000000000000, -0.000000000000000000 ) ) ;
#2614 = LINE ( 'NONE', #342, #2229 ) ;
#2615 = DIRECTION ( 'NONE',  ( 1.000000000000000000, 0.000000000000000000, 0.000000000000000000 ) ) ;
#2616 = VECTOR ( 'NONE', #3505, 1000.000000000000000 ) ;
#2617 = ORIENTED_EDGE ( 'NONE', *, *, #3464, .F. ) ;
#2618 = EDGE_CURVE ( 'NONE', #783, #651, #2393, .T. ) ;
#2619 = VECTOR ( 'NONE', #1882, 1000.000000000000000 ) ;
#2620 = CARTESIAN_POINT ( 'NONE',  ( -76.14999999999994884, -4.500338972710011376, 19.50000000000153833 ) ) ;
#2621 = VERTEX_POINT ( 'NONE', #3562 ) ;
#2622 = EDGE_CURVE ( 'NONE', #2621, #3081, #3367, .T. ) ;
#2623 = VERTEX_POINT ( 'NONE', #2417 ) ;
#2624 = ORIENTED_EDGE ( 'NONE', *, *, #1131, .F. ) ;
#2625 = LINE ( 'NONE', #2057, #1474 ) ;
#2626 = ORIENTED_EDGE ( 'NONE', *, *, #198, .F. ) ;
#2627 = CARTESIAN_POINT ( 'NONE',  ( -80.55050242717467768, 0.000000000000000000, -4.949999999999799449 ) ) ;
#2628 = ORIENTED_EDGE ( 'NONE', *, *, #1206, .T. ) ;
#2629 = CARTESIAN_POINT ( 'NONE',  ( -56.09999999999998010, 0.000000000000000000, -27.30000000000000426 ) ) ;
#2630 = DIRECTION ( 'NONE',  ( 1.000000000000000000, -0.000000000000000000, -0.000000000000000000 ) ) ;
#2631 = DIRECTION ( 'NONE',  ( -0.000000000000000000, -0.3940327209102227335, -0.9190964121636459039 ) ) ;
#2632 = VECTOR ( 'NONE', #3372, 1000.000000000000000 ) ;
#2633 = CARTESIAN_POINT ( 'NONE',  ( -90.44999999999997442, 0.000000000000000000, -4.949497572824772540 ) ) ;
#2634 = CARTESIAN_POINT ( 'NONE',  ( -85.49999999999998579, 0.000000000000000000, 0.000000000000000000 ) ) ;
#2635 = DIRECTION ( 'NONE',  ( 0.000000000000000000, 0.000000000000000000, 1.000000000000000000 ) ) ;
#2636 = VECTOR ( 'NONE', #820, 1000.000000000000000 ) ;
#2637 = EDGE_LOOP ( 'NONE', ( #2817, #643, #378, #1 ) ) ;
#2638 = ORIENTED_EDGE ( 'NONE', *, *, #742, .T. ) ;
#2639 = VECTOR ( 'NONE', #1607, 1000.000000000000000 ) ;
#2640 = CARTESIAN_POINT ( 'NONE',  ( -112.9499999999999744, -20.61213394580206781, 28.05000000000000071 ) ) ;
#2641 = EDGE_CURVE ( 'NONE', #1132, #2056, #1617, .T. ) ;
#2642 = DIRECTION ( 'NONE',  ( -7.779833121590977705E-17, -1.000000000000000000, 1.482669637587014890E-17 ) ) ;
#2643 = ORIENTED_EDGE ( 'NONE', *, *, #1376, .F. ) ;
#2644 = AXIS2_PLACEMENT_3D ( 'NONE', #1340, #3248, #1068 ) ;
#2645 = DIRECTION ( 'NONE',  ( 0.000000000000000000, 0.000000000000000000, 1.000000000000000000 ) ) ;
#2646 = EDGE_LOOP ( 'NONE', ( #3358, #1914, #2010, #1747 ) ) ;
#2647 = AXIS2_PLACEMENT_3D ( 'NONE', #3485, #724, #2679 ) ;
#2648 = DIRECTION ( 'NONE',  ( 0.000000000000000000, -1.000000000000000000, -0.000000000000000000 ) ) ;
#2649 = DIRECTION ( 'NONE',  ( -1.000000000000000000, 9.745637505487683463E-17, -0.000000000000000000 ) ) ;
#2650 = CARTESIAN_POINT ( 'NONE',  ( -56.84999999999998721, -23.34828442116732106, -28.05000000000000426 ) ) ;
#2651 = ADVANCED_FACE ( 'NONE', ( #211 ), #793, .F. ) ;
#2652 = CYLINDRICAL_SURFACE ( 'NONE', #2953, 0.9000000000019031665 ) ;
#2653 = CARTESIAN_POINT ( 'NONE',  ( -90.44949757282493863, -29.25000000000000000, 6.375000000000527578 ) ) ;
#2654 = DIRECTION ( 'NONE',  ( 1.000000000000000000, -9.745637505487680998E-17, 0.000000000000000000 ) ) ;
#2655 = ORIENTED_EDGE ( 'NONE', *, *, #1131, .T. ) ;
#2656 = ORIENTED_EDGE ( 'NONE', *, *, #391, .T. ) ;
#2657 = LINE ( 'NONE', #3181, #2868 ) ;
#2658 = DIRECTION ( 'NONE',  ( 0.000000000000000000, 0.000000000000000000, 1.000000000000000000 ) ) ;
#2659 = VERTEX_POINT ( 'NONE', #2743 ) ;
#2660 = EDGE_CURVE ( 'NONE', #448, #850, #264, .T. ) ;
#2661 = AXIS2_PLACEMENT_3D ( 'NONE', #3605, #1725, #1176 ) ;
#2662 = FACE_OUTER_BOUND ( 'NONE', #237, .T. ) ;
#2663 = ORIENTED_EDGE ( 'NONE', *, *, #3566, .T. ) ;
#2664 = LINE ( 'NONE', #1319, #355 ) ;
#2665 = CIRCLE ( 'NONE', #3074, 3.000000000000000888 ) ;
#2666 = DIRECTION ( 'NONE',  ( 0.000000000000000000, -1.000000000000000000, -0.000000000000000000 ) ) ;
#2667 = DIRECTION ( 'NONE',  ( 0.000000000000000000, -1.000000000000000000, 0.000000000000000000 ) ) ;
#2668 = CARTESIAN_POINT ( 'NONE',  ( -56.84999999999998721, -24.11213394580208202, -24.54999999999999716 ) ) ;
#2669 = CARTESIAN_POINT ( 'NONE',  ( -80.54999999999964189, 6.349999999999999645, 3.524497572825494363 ) ) ;
#2670 = CARTESIAN_POINT ( 'NONE',  ( -116.9499999999999744, -5.610253315091708437, 20.25000000000153477 ) ) ;
#2671 = DIRECTION ( 'NONE',  ( 1.000000000000000000, 0.000000000000000000, -0.000000000000000000 ) ) ;
#2672 = ADVANCED_FACE ( 'NONE', ( #770 ), #1324, .F. ) ;
#2673 = ORIENTED_EDGE ( 'NONE', *, *, #1275, .F. ) ;
#2674 = ORIENTED_EDGE ( 'NONE', *, *, #946, .T. ) ;
#2675 = DIRECTION ( 'NONE',  ( -6.891206367116250355E-17, -0.7071067811865436870, -0.7071067811865513475 ) ) ;
#2676 = FACE_OUTER_BOUND ( 'NONE', #2006, .T. ) ;
#2677 = ORIENTED_EDGE ( 'NONE', *, *, #1089, .F. ) ;
#2678 = EDGE_CURVE ( 'NONE', #2204, #3091, #1866, .T. ) ;
#2679 = DIRECTION ( 'NONE',  ( 1.000000000000000000, 0.000000000000000000, 0.000000000000000000 ) ) ;
#2680 = ORIENTED_EDGE ( 'NONE', *, *, #3391, .F. ) ;
#2681 = DIRECTION ( 'NONE',  ( 0.000000000000000000, 0.000000000000000000, -1.000000000000000000 ) ) ;
#2682 = VERTEX_POINT ( 'NONE', #1072 ) ;
#2683 = LINE ( 'NONE', #1300, #363 ) ;
#2684 = DIRECTION ( 'NONE',  ( -0.000000000000000000, 0.7071067811865484609, -0.7071067811865465735 ) ) ;
#2685 = ADVANCED_FACE ( 'NONE', ( #3291, #1602 ), #1052, .T. ) ;
#2686 = DIRECTION ( 'NONE',  ( 9.745637505487682231E-17, 1.000000000000000000, 1.942579480377163863E-16 ) ) ;
#2687 = DIRECTION ( 'NONE',  ( 0.000000000000000000, 0.000000000000000000, 1.000000000000000000 ) ) ;
#2688 = LINE ( 'NONE', #3234, #1158 ) ;
#2689 = CARTESIAN_POINT ( 'NONE',  ( -116.9499999999999744, -51.17083667108037304, -1.014316739396282419 ) ) ;
#2690 = ORIENTED_EDGE ( 'NONE', *, *, #234, .F. ) ;
#2691 = EDGE_LOOP ( 'NONE', ( #827, #1838, #521, #140 ) ) ;
#2692 = AXIS2_PLACEMENT_3D ( 'NONE', #637, #2901, #3173 ) ;
#2693 = DIRECTION ( 'NONE',  ( 0.000000000000000000, 0.000000000000000000, 1.000000000000000000 ) ) ;
#2694 = VECTOR ( 'NONE', #1666, 1000.000000000000000 ) ;
#2695 = DIRECTION ( 'NONE',  ( 0.000000000000000000, -1.000000000000000000, 0.000000000000000000 ) ) ;
#2696 = ORIENTED_EDGE ( 'NONE', *, *, #2213, .F. ) ;
#2697 = VECTOR ( 'NONE', #1218, 1000.000000000000000 ) ;
#2698 = AXIS2_PLACEMENT_3D ( 'NONE', #1235, #591, #1203 ) ;
#2699 = EDGE_CURVE ( 'NONE', #1447, #388, #3017, .T. ) ;
#2700 = LINE ( 'NONE', #467, #1249 ) ;
#2701 = ORIENTED_EDGE ( 'NONE', *, *, #1961, .T. ) ;
#2702 = CARTESIAN_POINT ( 'NONE',  ( -76.14999999999994884, -4.500338972710011376, 24.55000000000000071 ) ) ;
#2703 = VECTOR ( 'NONE', #3399, 1000.000000000000114 ) ;
#2704 = CIRCLE ( 'NONE', #3274, 3.000000000000000888 ) ;
#2705 = ORIENTED_EDGE ( 'NONE', *, *, #1174, .T. ) ;
#2706 = CARTESIAN_POINT ( 'NONE',  ( -90.44949757282493863, -4.500338972710011376, 4.950000000000527756 ) ) ;
#2707 = VECTOR ( 'NONE', #1295, 1000.000000000000000 ) ;
#2708 = DIRECTION ( 'NONE',  ( 0.000000000000000000, -0.7071067811865492381, 0.7071067811865457964 ) ) ;
#2709 = EDGE_CURVE ( 'NONE', #71, #3083, #1013, .T. ) ;
#2710 = CARTESIAN_POINT ( 'NONE',  ( -85.49999999999998579, 0.000000000000000000, 0.000000000000000000 ) ) ;
#2711 = CARTESIAN_POINT ( 'NONE',  ( -112.9499999999999744, -53.34604593830443520, 1.040834085586084257E-14 ) ) ;
#2712 = CARTESIAN_POINT ( 'NONE',  ( -116.9499999999999744, -37.61792319645751093, -28.05000000000000071 ) ) ;
#2713 = VERTEX_POINT ( 'NONE', #170 ) ;
#2714 = EDGE_LOOP ( 'NONE', ( #1335, #3045 ) ) ;
#2715 = LINE ( 'NONE', #199, #239 ) ;
#2716 = DIRECTION ( 'NONE',  ( 0.000000000000000000, -1.000000000000000000, -0.000000000000000000 ) ) ;
#2717 = ORIENTED_EDGE ( 'NONE', *, *, #2808, .T. ) ;
#2718 = LINE ( 'NONE', #2737, #3403 ) ;
#2719 = ORIENTED_EDGE ( 'NONE', *, *, #2161, .F. ) ;
#2720 = DIRECTION ( 'NONE',  ( 0.000000000000000000, -1.000000000000000000, 0.000000000000000000 ) ) ;
#2721 = EDGE_CURVE ( 'NONE', #1475, #3303, #512, .T. ) ;
#2722 = ORIENTED_EDGE ( 'NONE', *, *, #1595, .T. ) ;
#2723 = CARTESIAN_POINT ( 'NONE',  ( -90.44949757282493863, 6.349999999999999645, 6.375000000000527578 ) ) ;
#2724 = FACE_OUTER_BOUND ( 'NONE', #3005, .T. ) ;
#2725 = VECTOR ( 'NONE', #1994, 1000.000000000000000 ) ;
#2726 = VECTOR ( 'NONE', #2223, 1000.000000000000000 ) ;
#2727 = DIRECTION ( 'NONE',  ( 1.000000000000000000, -0.000000000000000000, -0.000000000000000000 ) ) ;
#2728 = PLANE ( 'NONE',  #1600 ) ;
#2729 = CARTESIAN_POINT ( 'NONE',  ( -112.9499999999999744, -4.500338972710011376, 22.50000000000153122 ) ) ;
#2730 = EDGE_CURVE ( 'NONE', #3043, #2592, #2370, .T. ) ;
#2731 = ORIENTED_EDGE ( 'NONE', *, *, #1651, .F. ) ;
#2732 = VERTEX_POINT ( 'NONE', #2142 ) ;
#2733 = CARTESIAN_POINT ( 'NONE',  ( -111.0499999999999829, -5.607800004312387898, -4.199999999998458300 ) ) ;
#2734 = CARTESIAN_POINT ( 'NONE',  ( -112.9499999999999744, 2.135564191876723336E-15, 22.50000000000153122 ) ) ;
#2735 = EDGE_CURVE ( 'NONE', #424, #1346, #260, .T. ) ;
#2736 = ORIENTED_EDGE ( 'NONE', *, *, #1169, .T. ) ;
#2737 = CARTESIAN_POINT ( 'NONE',  ( -85.49999999999998579, -24.11214999999998554, -24.55000000000000071 ) ) ;
#2738 = ORIENTED_EDGE ( 'NONE', *, *, #361, .F. ) ;
#2739 = FACE_OUTER_BOUND ( 'NONE', #2789, .T. ) ;
#2740 = VERTEX_POINT ( 'NONE', #3309 ) ;
#2741 = DIRECTION ( 'NONE',  ( 0.000000000000000000, 0.000000000000000000, 1.000000000000000000 ) ) ;
#2742 = DIRECTION ( 'NONE',  ( -0.000000000000000000, 1.000000000000000000, -0.000000000000000000 ) ) ;
#2743 = CARTESIAN_POINT ( 'NONE',  ( -56.84999999999998721, -20.61213394580202873, -28.05000000000000071 ) ) ;
#2744 = DIRECTION ( 'NONE',  ( 9.745637505487682231E-17, 1.000000000000000000, 0.000000000000000000 ) ) ;
#2745 = CARTESIAN_POINT ( 'NONE',  ( -116.9499999999999744, -28.11229348187190524, 20.25000000000153477 ) ) ;
#2746 = ORIENTED_EDGE ( 'NONE', *, *, #1250, .F. ) ;
#2747 = ORIENTED_EDGE ( 'NONE', *, *, #2509, .F. ) ;
#2748 = DIRECTION ( 'NONE',  ( 0.000000000000000000, -1.000000000000000000, 0.000000000000000000 ) ) ;
#2749 = PLANE ( 'NONE',  #2174 ) ;
#2750 = ORIENTED_EDGE ( 'NONE', *, *, #1058, .F. ) ;
#2751 = ADVANCED_FACE ( 'NONE', ( #3251 ), #810, .F. ) ;
#2752 = CARTESIAN_POINT ( 'NONE',  ( -111.0499999999999829, 1.950397079272457286E-15, -1.691736863149747930E-31 ) ) ;
#2753 = AXIS2_PLACEMENT_3D ( 'NONE', #1186, #337, #2572 ) ;
#2754 = ORIENTED_EDGE ( 'NONE', *, *, #291, .T. ) ;
#2755 = CARTESIAN_POINT ( 'NONE',  ( -78.99999999999995737, -4.500338972710007823, -7.199999999998458300 ) ) ;
#2756 = ORIENTED_EDGE ( 'NONE', *, *, #1907, .F. ) ;
#2757 = DIRECTION ( 'NONE',  ( 1.444956082831584140E-33, 1.482669637587015198E-17, 1.000000000000000000 ) ) ;
#2758 = PLANE ( 'NONE',  #1968 ) ;
#2759 = CIRCLE ( 'NONE', #3220, 1.424999999999999600 ) ;
#2760 = AXIS2_PLACEMENT_3D ( 'NONE', #2012, #947, #2060 ) ;
#2761 = CARTESIAN_POINT ( 'NONE',  ( -111.0499999999999829, -6.610000000000003872, 20.25000000000153477 ) ) ;
#2762 = CARTESIAN_POINT ( 'NONE',  ( -52.74999999999999289, -23.34828442116732106, 28.05000000000000071 ) ) ;
#2763 = VECTOR ( 'NONE', #3211, 1000.000000000000000 ) ;
#2764 = VERTEX_POINT ( 'NONE', #2668 ) ;
#2765 = ADVANCED_FACE ( 'NONE', ( #152, #1286, #2227, #1397 ), #2527, .F. ) ;
#2766 = ORIENTED_EDGE ( 'NONE', *, *, #1445, .T. ) ;
#2767 = DIRECTION ( 'NONE',  ( 0.000000000000000000, 0.000000000000000000, 1.000000000000000000 ) ) ;
#2768 = CARTESIAN_POINT ( 'NONE',  ( -56.09999999999998010, -23.34828442116732106, 27.30000000000000071 ) ) ;
#2769 = ORIENTED_EDGE ( 'NONE', *, *, #1671, .F. ) ;
#2770 = PLANE ( 'NONE',  #844 ) ;
#2771 = ORIENTED_EDGE ( 'NONE', *, *, #1686, .F. ) ;
#2772 = DIRECTION ( 'NONE',  ( 0.000000000000000000, 0.000000000000000000, 1.000000000000000000 ) ) ;
#2773 = ADVANCED_FACE ( 'NONE', ( #863 ), #3327, .T. ) ;
#2774 = ORIENTED_EDGE ( 'NONE', *, *, #2937, .F. ) ;
#2775 = LINE ( 'NONE', #1354, #2288 ) ;
#2776 = CARTESIAN_POINT ( 'NONE',  ( -80.55050242717467768, -4.500338972710011376, -4.949999999999799449 ) ) ;
#2777 = AXIS2_PLACEMENT_3D ( 'NONE', #3384, #2490, #1108 ) ;
#2778 = CARTESIAN_POINT ( 'NONE',  ( -78.99999999999995737, -4.500338972710007823, -7.199999999998458300 ) ) ;
#2779 = DIRECTION ( 'NONE',  ( 0.000000000000000000, 0.000000000000000000, -1.000000000000000000 ) ) ;
#2780 = ORIENTED_EDGE ( 'NONE', *, *, #632, .T. ) ;
#2781 = EDGE_LOOP ( 'NONE', ( #2162, #995 ) ) ;
#2782 = AXIS2_PLACEMENT_3D ( 'NONE', #283, #877, #1976 ) ;
#2783 = DIRECTION ( 'NONE',  ( 0.000000000000000000, 0.000000000000000000, 1.000000000000000000 ) ) ;
#2784 = EDGE_CURVE ( 'NONE', #3303, #1369, #1979, .T. ) ;
#2785 = FACE_OUTER_BOUND ( 'NONE', #195, .T. ) ;
#2786 = ORIENTED_EDGE ( 'NONE', *, *, #92, .T. ) ;
#2787 = VERTEX_POINT ( 'NONE', #1121 ) ;
#2788 = DIRECTION ( 'NONE',  ( 9.745637505487680998E-17, 1.000000000000000000, 0.000000000000000000 ) ) ;
#2789 = EDGE_LOOP ( 'NONE', ( #430, #2888, #817 ) ) ;
#2790 = VERTEX_POINT ( 'NONE', #582 ) ;
#2791 = CIRCLE ( 'NONE', #3257, 3.000000000000000888 ) ;
#2792 = CARTESIAN_POINT ( 'NONE',  ( -76.14999999999994884, -24.11213394580208913, 24.55000000000000071 ) ) ;
#2793 = FACE_OUTER_BOUND ( 'NONE', #2799, .T. ) ;
#2794 = ADVANCED_FACE ( 'NONE', ( #825 ), #1704, .F. ) ;
#2795 = CARTESIAN_POINT ( 'NONE',  ( -56.84999999999998721, -24.11213394580208913, -24.54999999999997939 ) ) ;
#2796 = DIRECTION ( 'NONE',  ( -1.000000000000000000, 9.745637505487682231E-17, -0.000000000000000000 ) ) ;
#2797 = EDGE_CURVE ( 'NONE', #201, #1401, #3054, .T. ) ;
#2798 = ORIENTED_EDGE ( 'NONE', *, *, #323, .F. ) ;
#2799 = EDGE_LOOP ( 'NONE', ( #1145, #2985, #3355, #1545 ) ) ;
#2800 = CARTESIAN_POINT ( 'NONE',  ( -111.0499999999999829, 2.141661462521182009E-15, -6.449999999999986855 ) ) ;
#2801 = FACE_OUTER_BOUND ( 'NONE', #402, .T. ) ;
#2802 = EDGE_LOOP ( 'NONE', ( #1256, #2754 ) ) ;
#2803 = PLANE ( 'NONE',  #247 ) ;
#2804 = VERTEX_POINT ( 'NONE', #309 ) ;
#2805 = DIRECTION ( 'NONE',  ( 1.000000000000000000, -7.779833121590977705E-17, 6.162975822039154730E-33 ) ) ;
#2806 = ORIENTED_EDGE ( 'NONE', *, *, #898, .F. ) ;
#2807 = ORIENTED_EDGE ( 'NONE', *, *, #2836, .T. ) ;
#2808 = EDGE_CURVE ( 'NONE', #1046, #1369, #249, .T. ) ;
#2809 = AXIS2_PLACEMENT_3D ( 'NONE', #3470, #2648, #2914 ) ;
#2810 = CARTESIAN_POINT ( 'NONE',  ( -112.9499999999999744, -6.260289708239329620, 4.335076018827155764 ) ) ;
#2811 = DIRECTION ( 'NONE',  ( 0.000000000000000000, -1.000000000000000000, -0.000000000000000000 ) ) ;
#2812 = DIRECTION ( 'NONE',  ( 1.000000000000000000, -9.745637505487682231E-17, 0.000000000000000000 ) ) ;
#2813 = CIRCLE ( 'NONE', #114, 0.5000000000000004441 ) ;
#2814 = VECTOR ( 'NONE', #936, 1000.000000000000000 ) ;
#2815 = DIRECTION ( 'NONE',  ( -1.636733330948934159E-16, -1.000000000000000000, 0.000000000000000000 ) ) ;
#2816 = AXIS2_PLACEMENT_3D ( 'NONE', #1852, #2635, #716 ) ;
#2817 = ORIENTED_EDGE ( 'NONE', *, *, #2709, .F. ) ;
#2818 = VECTOR ( 'NONE', #1053, 1000.000000000000000 ) ;
#2819 = ADVANCED_FACE ( 'NONE', ( #1412 ), #1687, .F. ) ;
#2820 = AXIS2_PLACEMENT_3D ( 'NONE', #1000, #1859, #2151 ) ;
#2821 = DIRECTION ( 'NONE',  ( -1.000000000000000000, 9.745637505487683463E-17, 0.000000000000000000 ) ) ;
#2822 = DIRECTION ( 'NONE',  ( 1.000000000000000000, -7.779833121590977705E-17, 6.162975822039154730E-33 ) ) ;
#2823 = VERTEX_POINT ( 'NONE', #3107 ) ;
#2824 = DIRECTION ( 'NONE',  ( 0.000000000000000000, 0.000000000000000000, -1.000000000000000000 ) ) ;
#2825 = FACE_BOUND ( 'NONE', #3180, .T. ) ;
#2826 = CARTESIAN_POINT ( 'NONE',  ( -56.84999999999998721, 0.000000000000000000, -24.55000000000000071 ) ) ;
#2827 = ORIENTED_EDGE ( 'NONE', *, *, #571, .F. ) ;
#2828 = CARTESIAN_POINT ( 'NONE',  ( -90.44949757282493863, 0.000000000000000000, 1.950000000000526423 ) ) ;
#2829 = CARTESIAN_POINT ( 'NONE',  ( -116.4499999999999886, -26.95767651737898163, -1.037918005908522456 ) ) ;
#2830 = CARTESIAN_POINT ( 'NONE',  ( -85.49999999999998579, -37.61792319645751093, -28.05000000000000071 ) ) ;
#2831 = EDGE_CURVE ( 'NONE', #1667, #1475, #9, .T. ) ;
#2832 = FACE_OUTER_BOUND ( 'NONE', #547, .T. ) ;
#2833 = DIRECTION ( 'NONE',  ( 0.000000000000000000, 1.000000000000000000, 0.000000000000000000 ) ) ;
#2834 =( NAMED_UNIT ( * ) SI_UNIT ( $, .STERADIAN. ) SOLID_ANGLE_UNIT ( ) );
#2835 = ORIENTED_EDGE ( 'NONE', *, *, #1003, .F. ) ;
#2836 = EDGE_CURVE ( 'NONE', #1731, #2764, #40, .T. ) ;
#2837 = CARTESIAN_POINT ( 'NONE',  ( -111.0499999999999829, -29.25000000000000000, -6.449999999999987743 ) ) ;
#2838 = DIRECTION ( 'NONE',  ( 0.000000000000000000, -1.299418334065024133E-16, 1.000000000000000000 ) ) ;
#2839 = VECTOR ( 'NONE', #1377, 1000.000000000000000 ) ;
#2840 = EDGE_LOOP ( 'NONE', ( #15, #1656, #139, #2461 ) ) ;
#2841 = DIRECTION ( 'NONE',  ( 0.000000000000000000, 1.000000000000000000, 0.000000000000000000 ) ) ;
#2842 = EDGE_LOOP ( 'NONE', ( #3408, #3118 ) ) ;
#2843 = ADVANCED_FACE ( 'NONE', ( #545, #1143, #603 ), #1378, .T. ) ;
#2844 = LINE ( 'NONE', #406, #475 ) ;
#2845 = VERTEX_POINT ( 'NONE', #1436 ) ;
#2846 = CYLINDRICAL_SURFACE ( 'NONE', #2353, 3.000000000000001332 ) ;
#2847 = ORIENTED_EDGE ( 'NONE', *, *, #434, .T. ) ;
#2848 = CARTESIAN_POINT ( 'NONE',  ( -53.50000000000000000, -23.34828442116732106, -27.30000000000000426 ) ) ;
#2849 = LINE ( 'NONE', #380, #6 ) ;
#2850 = CARTESIAN_POINT ( 'NONE',  ( -78.99999999999995737, -6.610000000000006537, -4.199999999998458300 ) ) ;
#2851 = APPLICATION_PROTOCOL_DEFINITION ( 'draft international standard', 'automotive_design', 1998, #3314 ) ;
#2852 = VERTEX_POINT ( 'NONE', #25 ) ;
#2853 = LINE ( 'NONE', #662, #1876 ) ;
#2854 = CARTESIAN_POINT ( 'NONE',  ( -76.14999999999994884, -4.500338972710007823, -7.199999999998458300 ) ) ;
#2855 = VERTEX_POINT ( 'NONE', #1672 ) ;
#2856 = FACE_OUTER_BOUND ( 'NONE', #1234, .T. ) ;
#2857 = VERTEX_POINT ( 'NONE', #2279 ) ;
#2858 = CARTESIAN_POINT ( 'NONE',  ( -56.09999999999998010, -23.34828442116732106, -27.30000000000000426 ) ) ;
#2859 = VERTEX_POINT ( 'NONE', #267 ) ;
#2860 = EDGE_CURVE ( 'NONE', #51, #367, #1095, .T. ) ;
#2861 = CARTESIAN_POINT ( 'NONE',  ( -112.9499999999999744, -6.260289708239329620, 4.335076018827155764 ) ) ;
#2862 = EDGE_LOOP ( 'NONE', ( #101, #3029, #2058, #759 ) ) ;
#2863 = DIRECTION ( 'NONE',  ( -1.000000000000000000, 0.000000000000000000, 0.000000000000000000 ) ) ;
#2864 = LINE ( 'NONE', #365, #1964 ) ;
#2865 = AXIS2_PLACEMENT_3D ( 'NONE', #3359, #1988, #1085 ) ;
#2866 = EDGE_LOOP ( 'NONE', ( #2948, #3370 ) ) ;
#2867 = CIRCLE ( 'NONE', #54, 1.002199995687616196 ) ;
#2868 = VECTOR ( 'NONE', #1276, 1000.000000000000000 ) ;
#2869 = CARTESIAN_POINT ( 'NONE',  ( -76.14999999999994884, -4.500338972710011376, 22.86009492289630174 ) ) ;
#2870 = AXIS2_PLACEMENT_3D ( 'NONE', #1289, #3495, #1254 ) ;
#2871 = LINE ( 'NONE', #2037, #3106 ) ;
#2872 = VECTOR ( 'NONE', #436, 1000.000000000000000 ) ;
#2873 = ADVANCED_FACE ( 'NONE', ( #1653 ), #3349, .T. ) ;
#2874 = VERTEX_POINT ( 'NONE', #527 ) ;
#2875 = VECTOR ( 'NONE', #1785, 1000.000000000000000 ) ;
#2876 = ORIENTED_EDGE ( 'NONE', *, *, #3333, .T. ) ;
#2877 = DIRECTION ( 'NONE',  ( 2.889912165663168279E-33, 2.965339275174030396E-17, -1.000000000000000000 ) ) ;
#2878 = AXIS2_PLACEMENT_3D ( 'NONE', #2552, #1476, #2824 ) ;
#2879 = EDGE_LOOP ( 'NONE', ( #1056, #3142, #529, #555 ) ) ;
#2880 = CARTESIAN_POINT ( 'NONE',  ( -78.99999999999995737, -6.610000000000006537, 16.50000000000153833 ) ) ;
#2881 = ORIENTED_EDGE ( 'NONE', *, *, #3566, .F. ) ;
#2882 = LINE ( 'NONE', #108, #2335 ) ;
#2883 = EDGE_CURVE ( 'NONE', #2274, #222, #3242, .T. ) ;
#2884 = EDGE_CURVE ( 'NONE', #1447, #2530, #1210, .T. ) ;
#2885 = CARTESIAN_POINT ( 'NONE',  ( -112.9499999999999744, -6.260289708239329620, -1.037918005908522456 ) ) ;
#2886 = DIRECTION ( 'NONE',  ( 0.000000000000000000, 0.000000000000000000, -1.000000000000000000 ) ) ;
#2887 = EDGE_CURVE ( 'NONE', #2908, #1731, #3472, .T. ) ;
#2888 = ORIENTED_EDGE ( 'NONE', *, *, #149, .F. ) ;
#2889 = LINE ( 'NONE', #2304, #2116 ) ;
#2890 = CARTESIAN_POINT ( 'NONE',  ( -80.54999999999964189, -4.500338972710011376, 4.949497572825494629 ) ) ;
#2891 = ORIENTED_EDGE ( 'NONE', *, *, #2084, .F. ) ;
#2892 = ORIENTED_EDGE ( 'NONE', *, *, #276, .T. ) ;
#2893 = VECTOR ( 'NONE', #955, 1000.000000000000000 ) ;
#2894 = ORIENTED_EDGE ( 'NONE', *, *, #99, .T. ) ;
#2895 = DIRECTION ( 'NONE',  ( 0.000000000000000000, 0.000000000000000000, 1.000000000000000000 ) ) ;
#2896 = AXIS2_PLACEMENT_3D ( 'NONE', #1749, #1427, #2536 ) ;
#2897 = VERTEX_POINT ( 'NONE', #1757 ) ;
#2898 = VECTOR ( 'NONE', #2796, 1000.000000000000000 ) ;
#2899 = DIRECTION ( 'NONE',  ( 0.000000000000000000, 0.000000000000000000, -1.000000000000000000 ) ) ;
#2900 = ORIENTED_EDGE ( 'NONE', *, *, #813, .T. ) ;
#2901 = DIRECTION ( 'NONE',  ( 0.000000000000000000, 0.000000000000000000, -1.000000000000000000 ) ) ;
#2902 = CARTESIAN_POINT ( 'NONE',  ( -111.0499999999999829, -29.25000000000000000, -1.949999999999989075 ) ) ;
#2903 = FACE_OUTER_BOUND ( 'NONE', #2945, .T. ) ;
#2904 = EDGE_CURVE ( 'NONE', #1191, #2034, #3141, .T. ) ;
#2905 = LINE ( 'NONE', #973, #3459 ) ;
#2906 = LINE ( 'NONE', #401, #2586 ) ;
#2907 = ORIENTED_EDGE ( 'NONE', *, *, #325, .T. ) ;
#2908 = VERTEX_POINT ( 'NONE', #2650 ) ;
#2909 = CARTESIAN_POINT ( 'NONE',  ( -56.84999999999998721, -20.61213394580202873, -28.05000000000000071 ) ) ;
#2910 = LINE ( 'NONE', #927, #2464 ) ;
#2911 = ORIENTED_EDGE ( 'NONE', *, *, #875, .T. ) ;
#2912 = CYLINDRICAL_SURFACE ( 'NONE', #366, 3.000000000000000888 ) ;
#2913 = ORIENTED_EDGE ( 'NONE', *, *, #2797, .F. ) ;
#2914 = DIRECTION ( 'NONE',  ( -0.000000000000000000, 0.000000000000000000, -1.000000000000000000 ) ) ;
#2915 = EDGE_CURVE ( 'NONE', #3303, #2048, #1505, .T. ) ;
#2916 = CARTESIAN_POINT ( 'NONE',  ( -111.0499999999999829, -6.610000000000003872, 20.25000000000153477 ) ) ;
#2917 = DIRECTION ( 'NONE',  ( 0.000000000000000000, 0.000000000000000000, 1.000000000000000000 ) ) ;
#2918 = AXIS2_PLACEMENT_3D ( 'NONE', #1571, #1612, #726 ) ;
#2919 = LINE ( 'NONE', #2005, #3127 ) ;
#2920 = CARTESIAN_POINT ( 'NONE',  ( -76.14999999999994884, -27.11000000000000654, -4.199999999998461853 ) ) ;
#2921 = DIRECTION ( 'NONE',  ( 0.000000000000000000, 0.000000000000000000, 1.000000000000000000 ) ) ;
#2922 = LINE ( 'NONE', #1271, #1530 ) ;
#2923 = EDGE_CURVE ( 'NONE', #3124, #3613, #1212, .T. ) ;
#2924 = AXIS2_PLACEMENT_3D ( 'NONE', #1293, #446, #3517 ) ;
#2925 = ORIENTED_EDGE ( 'NONE', *, *, #2660, .F. ) ;
#2926 = VERTEX_POINT ( 'NONE', #639 ) ;
#2927 = AXIS2_PLACEMENT_3D ( 'NONE', #2144, #2379, #2962 ) ;
#2928 = AXIS2_PLACEMENT_3D ( 'NONE', #2606, #3569, #1946 ) ;
#2929 = FACE_BOUND ( 'NONE', #2554, .T. ) ;
#2930 = CARTESIAN_POINT ( 'NONE',  ( -116.9499999999999744, -26.95767651737898163, 4.835076018827155764 ) ) ;
#2931 = ORIENTED_EDGE ( 'NONE', *, *, #1614, .F. ) ;
#2932 = VECTOR ( 'NONE', #2741, 1000.000000000000000 ) ;
#2933 = CARTESIAN_POINT ( 'NONE',  ( -112.9499999999999744, -4.500338972710011376, 18.00000000000153477 ) ) ;
#2934 = ORIENTED_EDGE ( 'NONE', *, *, #3488, .T. ) ;
#2935 = CARTESIAN_POINT ( 'NONE',  ( -53.50000000000000000, 0.000000000000000000, -27.30000000000000426 ) ) ;
#2936 = LINE ( 'NONE', #1806, #2115 ) ;
#2937 = EDGE_CURVE ( 'NONE', #1470, #261, #1521, .T. ) ;
#2938 = DIRECTION ( 'NONE',  ( 0.000000000000000000, 0.000000000000000000, -1.000000000000000000 ) ) ;
#2939 = CARTESIAN_POINT ( 'NONE',  ( -80.55050242717467768, 6.349999999999999645, -4.949999999999799449 ) ) ;
#2940 = DIRECTION ( 'NONE',  ( -0.000000000000000000, 0.000000000000000000, -1.000000000000000000 ) ) ;
#2941 = DIRECTION ( 'NONE',  ( 0.000000000000000000, 0.000000000000000000, 1.000000000000000000 ) ) ;
#2942 = FACE_OUTER_BOUND ( 'NONE', #2604, .T. ) ;
#2943 = EDGE_CURVE ( 'NONE', #3440, #2422, #658, .T. ) ;
#2944 = VERTEX_POINT ( 'NONE', #2374 ) ;
#2945 = EDGE_LOOP ( 'NONE', ( #338, #754, #2029, #3360 ) ) ;
#2946 = LINE ( 'NONE', #721, #2286 ) ;
#2947 = CARTESIAN_POINT ( 'NONE',  ( -72.14999999999994884, -6.610000000000006537, 17.40000000000344116 ) ) ;
#2948 = ORIENTED_EDGE ( 'NONE', *, *, #1250, .T. ) ;
#2949 = ADVANCED_FACE ( 'NONE', ( #1792 ), #2047, .F. ) ;
#2950 = DIRECTION ( 'NONE',  ( 0.000000000000000000, 0.000000000000000000, -1.000000000000000000 ) ) ;
#2951 = VERTEX_POINT ( 'NONE', #112 ) ;
#2952 = CARTESIAN_POINT ( 'NONE',  ( -72.48333333333330586, -24.11213394580207492, -24.54999999999999005 ) ) ;
#2953 = AXIS2_PLACEMENT_3D ( 'NONE', #3492, #712, #3132 ) ;
#2954 = ORIENTED_EDGE ( 'NONE', *, *, #1808, .F. ) ;
#2955 = VECTOR ( 'NONE', #1619, 1000.000000000000000 ) ;
#2956 = DIRECTION ( 'NONE',  ( 0.000000000000000000, -0.000000000000000000, -1.000000000000000000 ) ) ;
#2957 = CARTESIAN_POINT ( 'NONE',  ( -111.0499999999999829, -29.25000000000000000, -6.449999999999987743 ) ) ;
#2958 = DIRECTION ( 'NONE',  ( -0.000000000000000000, -0.7071067811865484609, -0.7071067811865465735 ) ) ;
#2959 = VECTOR ( 'NONE', #3191, 1000.000000000000000 ) ;
#2960 = CARTESIAN_POINT ( 'NONE',  ( -78.99999999999995737, -6.610000000000006537, 15.59999999999963372 ) ) ;
#2961 = CARTESIAN_POINT ( 'NONE',  ( -85.49999999999998579, 0.000000000000000000, -24.55000000000000071 ) ) ;
#2962 = DIRECTION ( 'NONE',  ( 0.000000000000000000, -1.000000000000000000, 0.000000000000000000 ) ) ;
#2963 = VERTEX_POINT ( 'NONE', #134 ) ;
#2964 = ORIENTED_EDGE ( 'NONE', *, *, #2557, .F. ) ;
#2965 = DIRECTION ( 'NONE',  ( 0.000000000000000000, 0.000000000000000000, -1.000000000000000000 ) ) ;
#2966 = LINE ( 'NONE', #533, #532 ) ;
#2967 = ORIENTED_EDGE ( 'NONE', *, *, #2100, .T. ) ;
#2968 = DIRECTION ( 'NONE',  ( 1.000000000000000000, 0.000000000000000000, 0.000000000000000000 ) ) ;
#2969 = ORIENTED_EDGE ( 'NONE', *, *, #391, .F. ) ;
#2970 = CARTESIAN_POINT ( 'NONE',  ( -80.55050242717467768, -4.500338972710011376, -4.949999999999799449 ) ) ;
#2971 = EDGE_CURVE ( 'NONE', #177, #388, #439, .T. ) ;
#2972 = EDGE_LOOP ( 'NONE', ( #1442, #978, #2296, #3058 ) ) ;
#2973 = DIRECTION ( 'NONE',  ( 0.000000000000000000, 0.000000000000000000, 1.000000000000000000 ) ) ;
#2974 = CARTESIAN_POINT ( 'NONE',  ( -56.84999999999998721, -23.34828442116732106, -34.30073859982388029 ) ) ;
#2975 = CARTESIAN_POINT ( 'NONE',  ( -90.44999999999997442, -29.25000000000000000, -4.949497572824772540 ) ) ;
#2976 = CARTESIAN_POINT ( 'NONE',  ( -78.99999999999995737, -4.500338972710011376, 0.000000000000000000 ) ) ;
#2977 = PLANE ( 'NONE',  #3247 ) ;
#2978 = ORIENTED_EDGE ( 'NONE', *, *, #686, .F. ) ;
#2979 = VERTEX_POINT ( 'NONE', #1266 ) ;
#2980 = AXIS2_PLACEMENT_3D ( 'NONE', #1977, #193, #3087 ) ;
#2981 = DIRECTION ( 'NONE',  ( 1.000000000000000000, -0.000000000000000000, -0.000000000000000000 ) ) ;
#2982 = EDGE_CURVE ( 'NONE', #2732, #1351, #2864, .T. ) ;
#2983 = AXIS2_PLACEMENT_3D ( 'NONE', #3148, #684, #1460 ) ;
#2984 = PLANE ( 'NONE',  #2986 ) ;
#2985 = ORIENTED_EDGE ( 'NONE', *, *, #940, .T. ) ;
#2986 = AXIS2_PLACEMENT_3D ( 'NONE', #739, #2716, #200 ) ;
#2987 = CIRCLE ( 'NONE', #176, 0.9000000000014556356 ) ;
#2988 = CARTESIAN_POINT ( 'NONE',  ( -111.0499999999999829, -29.25000000000000000, -1.691736863149747930E-31 ) ) ;
#2989 = EDGE_LOOP ( 'NONE', ( #557, #605, #718, #560, #1744, #1693, #629, #688, #944, #3629, #3298, #3607 ) ) ;
#2990 = LINE ( 'NONE', #2702, #945 ) ;
#2991 = AXIS2_PLACEMENT_3D ( 'NONE', #432, #412, #728 ) ;
#2992 = VECTOR ( 'NONE', #3547, 1000.000000000000000 ) ;
#2993 = EDGE_CURVE ( 'NONE', #3116, #1060, #1788, .T. ) ;
#2994 = ORIENTED_EDGE ( 'NONE', *, *, #1117, .T. ) ;
#2995 = CARTESIAN_POINT ( 'NONE',  ( -85.49999999999998579, 0.000000000000000000, -24.55000000000000071 ) ) ;
#2996 = VECTOR ( 'NONE', #21, 1000.000000000000000 ) ;
#2997 = LINE ( 'NONE', #1616, #2027 ) ;
#2998 = ADVANCED_FACE ( 'NONE', ( #77 ), #901, .F. ) ;
#2999 = ADVANCED_FACE ( 'NONE', ( #2903 ), #2016, .F. ) ;
#3000 = EDGE_CURVE ( 'NONE', #1046, #1454, #2333, .T. ) ;
#3001 = DIRECTION ( 'NONE',  ( -1.000000000000000000, 0.000000000000000000, 0.000000000000000000 ) ) ;
#3002 = DIRECTION ( 'NONE',  ( -1.000000000000000000, 0.000000000000000000, 0.000000000000000000 ) ) ;
#3003 = CYLINDRICAL_SURFACE ( 'NONE', #862, 1.425000000000000044 ) ;
#3004 = ORIENTED_EDGE ( 'NONE', *, *, #1782, .T. ) ;
#3005 = EDGE_LOOP ( 'NONE', ( #3452, #1647, #723, #1353 ) ) ;
#3006 = FACE_BOUND ( 'NONE', #1952, .T. ) ;
#3007 = EDGE_CURVE ( 'NONE', #51, #2713, #2082, .T. ) ;
#3008 = PLANE ( 'NONE',  #2405 ) ;
#3009 = ORIENTED_EDGE ( 'NONE', *, *, #226, .F. ) ;
#3010 = CARTESIAN_POINT ( 'NONE',  ( -51.71209851473932417, -42.04685710750737115, 18.02622368288012922 ) ) ;
#3011 = ORIENTED_EDGE ( 'NONE', *, *, #2040, .T. ) ;
#3012 = CARTESIAN_POINT ( 'NONE',  ( -72.14999999999994884, -24.11213394580208913, -24.55000000000000071 ) ) ;
#3013 = EDGE_LOOP ( 'NONE', ( #549, #386, #640, #2219 ) ) ;
#3014 = CARTESIAN_POINT ( 'NONE',  ( -56.09999999999998010, -23.34828442116732106, -27.30000000000000426 ) ) ;
#3015 = CARTESIAN_POINT ( 'NONE',  ( -80.55050242717467768, 6.349999999999999645, -3.524999999999799183 ) ) ;
#3016 = VECTOR ( 'NONE', #2727, 1000.000000000000000 ) ;
#3017 = LINE ( 'NONE', #2157, #3016 ) ;
#3018 = LINE ( 'NONE', #1635, #2521 ) ;
#3019 = CARTESIAN_POINT ( 'NONE',  ( -111.0499999999999829, 1.950397079272457286E-15, 18.00000000000153477 ) ) ;
#3020 = ORIENTED_EDGE ( 'NONE', *, *, #999, .F. ) ;
#3021 = EDGE_CURVE ( 'NONE', #1259, #256, #691, .T. ) ;
#3022 = ORIENTED_EDGE ( 'NONE', *, *, #2079, .T. ) ;
#3023 = DIRECTION ( 'NONE',  ( 0.000000000000000000, 0.000000000000000000, 1.000000000000000000 ) ) ;
#3024 = CARTESIAN_POINT ( 'NONE',  ( -80.55050242717467768, -29.25000000000000000, -3.524999999999799183 ) ) ;
#3025 = ORIENTED_EDGE ( 'NONE', *, *, #1706, .T. ) ;
#3026 = DIRECTION ( 'NONE',  ( 1.000000000000000000, -0.000000000000000000, -0.000000000000000000 ) ) ;
#3027 = EDGE_LOOP ( 'NONE', ( #1766, #3319, #73, #2345 ) ) ;
#3028 = LINE ( 'NONE', #1646, #3394 ) ;
#3029 = ORIENTED_EDGE ( 'NONE', *, *, #487, .F. ) ;
#3030 = CARTESIAN_POINT ( 'NONE',  ( -116.9499999999999744, -6.610000000000003872, 20.25000000000153477 ) ) ;
#3031 = DIRECTION ( 'NONE',  ( 1.000000000000000000, -0.000000000000000000, -0.000000000000000000 ) ) ;
#3032 = EDGE_CURVE ( 'NONE', #2740, #220, #1197, .T. ) ;
#3033 = DIRECTION ( 'NONE',  ( 0.000000000000000000, -0.7071067811865491270, 0.7071067811865459074 ) ) ;
#3034 = CARTESIAN_POINT ( 'NONE',  ( -56.84999999999998721, -24.11213394580208913, 24.55000000000000071 ) ) ;
#3035 = VERTEX_POINT ( 'NONE', #2957 ) ;
#3036 = VERTEX_POINT ( 'NONE', #987 ) ;
#3037 = FACE_BOUND ( 'NONE', #3266, .T. ) ;
#3038 = EDGE_CURVE ( 'NONE', #315, #1816, #1284, .T. ) ;
#3039 = LINE ( 'NONE', #3332, #1302 ) ;
#3040 = ORIENTED_EDGE ( 'NONE', *, *, #3604, .T. ) ;
#3041 = CARTESIAN_POINT ( 'NONE',  ( -90.44999999999997442, 0.000000000000000000, -4.949497572824772540 ) ) ;
#3042 = AXIS2_PLACEMENT_3D ( 'NONE', #890, #2877, #1497 ) ;
#3043 = VERTEX_POINT ( 'NONE', #3015 ) ;
#3044 = DIRECTION ( 'NONE',  ( 0.000000000000000000, 0.000000000000000000, 1.000000000000000000 ) ) ;
#3045 = ORIENTED_EDGE ( 'NONE', *, *, #3159, .T. ) ;
#3046 = CIRCLE ( 'NONE', #1883, 1.425000000000000044 ) ;
#3047 = VECTOR ( 'NONE', #3059, 1000.000000000000000 ) ;
#3048 = DIRECTION ( 'NONE',  ( 0.000000000000000000, -0.9190964121636461259, -0.3940327209102223449 ) ) ;
#3049 = LINE ( 'NONE', #5, #144 ) ;
#3050 = VECTOR ( 'NONE', #3230, 1000.000000000000000 ) ;
#3051 = AXIS2_PLACEMENT_3D ( 'NONE', #3487, #3121, #1739 ) ;
#3052 = VECTOR ( 'NONE', #2312, 1000.000000000000000 ) ;
#3053 = EDGE_CURVE ( 'NONE', #2127, #2852, #3431, .T. ) ;
#3054 = LINE ( 'NONE', #326, #1384 ) ;
#3055 = CARTESIAN_POINT ( 'NONE',  ( -72.14999999999994884, -27.11000000000001009, 17.40000000000344116 ) ) ;
#3056 = VECTOR ( 'NONE', #1931, 1000.000000000000000 ) ;
#3057 = ORIENTED_EDGE ( 'NONE', *, *, #673, .T. ) ;
#3058 = ORIENTED_EDGE ( 'NONE', *, *, #3401, .F. ) ;
#3059 = DIRECTION ( 'NONE',  ( -1.000000000000000000, 0.000000000000000000, 0.000000000000000000 ) ) ;
#3060 = DIRECTION ( 'NONE',  ( -9.745637505487682231E-17, -1.000000000000000000, 0.000000000000000000 ) ) ;
#3061 = ORIENTED_EDGE ( 'NONE', *, *, #2831, .T. ) ;
#3062 = CARTESIAN_POINT ( 'NONE',  ( -116.9499999999999744, -6.760289708239330508, -1.537918005908523567 ) ) ;
#3063 = ORIENTED_EDGE ( 'NONE', *, *, #1836, .F. ) ;
#3064 = PLANE ( 'NONE',  #3336 ) ;
#3065 = ORIENTED_EDGE ( 'NONE', *, *, #875, .F. ) ;
#3066 = EDGE_CURVE ( 'NONE', #1871, #1063, #1575, .T. ) ;
#3067 = LINE ( 'NONE', #3014, #3345 ) ;
#3068 = DIRECTION ( 'NONE',  ( 0.000000000000000000, 1.000000000000000000, 0.000000000000000000 ) ) ;
#3069 = VECTOR ( 'NONE', #2917, 1000.000000000000000 ) ;
#3070 = CARTESIAN_POINT ( 'NONE',  ( -85.49999999999998579, 3.350000000000024958, -28.05000000000000071 ) ) ;
#3071 = CARTESIAN_POINT ( 'NONE',  ( -116.4499999999999744, -6.260289708239329620, -1.037918005908522900 ) ) ;
#3072 = ORIENTED_EDGE ( 'NONE', *, *, #1971, .T. ) ;
#3073 = ORIENTED_EDGE ( 'NONE', *, *, #2498, .T. ) ;
#3074 = AXIS2_PLACEMENT_3D ( 'NONE', #1123, #3293, #2779 ) ;
#3075 = CARTESIAN_POINT ( 'NONE',  ( -78.56618894387472096, -4.500338972710011376, -7.199999999998458300 ) ) ;
#3076 = DIRECTION ( 'NONE',  ( -1.000000000000000000, 0.000000000000000000, 0.000000000000000000 ) ) ;
#3077 = CIRCLE ( 'NONE', #1627, 7.099999999999999645 ) ;
#3078 = EDGE_CURVE ( 'NONE', #2133, #1093, #2319, .T. ) ;
#3079 = ORIENTED_EDGE ( 'NONE', *, *, #3007, .T. ) ;
#3080 = DIRECTION ( 'NONE',  ( 0.000000000000000000, 0.000000000000000000, -1.000000000000000000 ) ) ;
#3081 = VERTEX_POINT ( 'NONE', #493 ) ;
#3082 = CARTESIAN_POINT ( 'NONE',  ( -76.14999999999994884, -8.720338972710006686, -7.199999999998459188 ) ) ;
#3083 = VERTEX_POINT ( 'NONE', #2415 ) ;
#3084 = AXIS2_PLACEMENT_3D ( 'NONE', #1301, #767, #1049 ) ;
#3085 = FACE_OUTER_BOUND ( 'NONE', #1291, .T. ) ;
#3086 = PLANE ( 'NONE',  #1213 ) ;
#3087 = DIRECTION ( 'NONE',  ( 0.000000000000000000, 1.000000000000000000, 0.000000000000000000 ) ) ;
#3088 = EDGE_CURVE ( 'NONE', #661, #2212, #1355, .T. ) ;
#3089 = DIRECTION ( 'NONE',  ( 0.000000000000000000, 1.942579480377163863E-16, -1.000000000000000000 ) ) ;
#3090 = CARTESIAN_POINT ( 'NONE',  ( -85.49999999999998579, -23.34828442116732106, 0.000000000000000000 ) ) ;
#3091 = VERTEX_POINT ( 'NONE', #3490 ) ;
#3092 = CARTESIAN_POINT ( 'NONE',  ( -111.0499999999999829, -4.500338972710011376, -6.449999999999987743 ) ) ;
#3093 = CARTESIAN_POINT ( 'NONE',  ( -116.4499999999999886, -27.45767651737898518, 4.835076018827155764 ) ) ;
#3094 = EDGE_CURVE ( 'NONE', #1060, #3116, #274, .T. ) ;
#3095 = CARTESIAN_POINT ( 'NONE',  ( -90.44949757282493863, -4.500338972710011376, 7.950000000000529532 ) ) ;
#3096 = FACE_OUTER_BOUND ( 'NONE', #1985, .T. ) ;
#3097 = DIRECTION ( 'NONE',  ( 1.000000000000000000, -0.000000000000000000, -0.000000000000000000 ) ) ;
#3098 = ORIENTED_EDGE ( 'NONE', *, *, #1279, .T. ) ;
#3099 = VECTOR ( 'NONE', #2025, 1000.000000000000000 ) ;
#3100 = CARTESIAN_POINT ( 'NONE',  ( -76.14999999999994884, -24.11214999999998554, -24.55000000000000071 ) ) ;
#3101 = LINE ( 'NONE', #3344, #508 ) ;
#3102 = CARTESIAN_POINT ( 'NONE',  ( -85.49999999999998579, 3.350000000000011191, 28.05000000000000071 ) ) ;
#3103 = EDGE_CURVE ( 'NONE', #1346, #156, #2099, .T. ) ;
#3104 = VECTOR ( 'NONE', #1755, 1000.000000000000000 ) ;
#3105 = EDGE_CURVE ( 'NONE', #1233, #1437, #790, .T. ) ;
#3106 = VECTOR ( 'NONE', #1510, 1000.000000000000000 ) ;
#3107 = CARTESIAN_POINT ( 'NONE',  ( -78.99999999999995737, -8.720338972710006686, -7.199999999998459188 ) ) ;
#3108 = VECTOR ( 'NONE', #2299, 1000.000000000000000 ) ;
#3109 = ORIENTED_EDGE ( 'NONE', *, *, #2137, .F. ) ;
#3110 = EDGE_CURVE ( 'NONE', #71, #3223, #191, .T. ) ;
#3111 = VECTOR ( 'NONE', #2426, 1000.000000000000000 ) ;
#3112 = DIRECTION ( 'NONE',  ( 0.000000000000000000, 0.000000000000000000, 1.000000000000000000 ) ) ;
#3113 = DIRECTION ( 'NONE',  ( 1.000000000000000000, -0.000000000000000000, -0.000000000000000000 ) ) ;
#3114 = ORIENTED_EDGE ( 'NONE', *, *, #1554, .T. ) ;
#3115 = CARTESIAN_POINT ( 'NONE',  ( -90.44949757282493863, 0.000000000000000000, 6.375000000000527578 ) ) ;
#3116 = VERTEX_POINT ( 'NONE', #730 ) ;
#3117 = FACE_OUTER_BOUND ( 'NONE', #1570, .T. ) ;
#3118 = ORIENTED_EDGE ( 'NONE', *, *, #245, .T. ) ;
#3119 = CARTESIAN_POINT ( 'NONE',  ( -116.4499999999999886, -6.610000000000003872, -4.199999999998458300 ) ) ;
#3120 = ORIENTED_EDGE ( 'NONE', *, *, #2904, .F. ) ;
#3121 = DIRECTION ( 'NONE',  ( 0.000000000000000000, 0.000000000000000000, -1.000000000000000000 ) ) ;
#3122 = CARTESIAN_POINT ( 'NONE',  ( -76.14999999999994884, -9.500338972710009600, -22.85966188955990930 ) ) ;
#3123 = CARTESIAN_POINT ( 'NONE',  ( -112.9499999999999744, -29.25000000000000000, -60.32163680906983672 ) ) ;
#3124 = VERTEX_POINT ( 'NONE', #167 ) ;
#3125 = AXIS2_PLACEMENT_3D ( 'NONE', #2248, #3402, #1923 ) ;
#3126 = DIRECTION ( 'NONE',  ( -0.000000000000000000, -1.000000000000000000, -0.000000000000000000 ) ) ;
#3127 = VECTOR ( 'NONE', #2841, 1000.000000000000000 ) ;
#3128 = CARTESIAN_POINT ( 'NONE',  ( -78.99999999999995737, -8.720338972710006686, -7.199999999998459188 ) ) ;
#3129 = EDGE_CURVE ( 'NONE', #2857, #1160, #2504, .T. ) ;
#3130 = AXIS2_PLACEMENT_3D ( 'NONE', #3090, #514, #2491 ) ;
#3131 = ORIENTED_EDGE ( 'NONE', *, *, #2031, .F. ) ;
#3132 = DIRECTION ( 'NONE',  ( 0.000000000000000000, 0.000000000000000000, 1.000000000000000000 ) ) ;
#3133 = VERTEX_POINT ( 'NONE', #1556 ) ;
#3134 = DIRECTION ( 'NONE',  ( 1.000000000000000000, -0.000000000000000000, -0.000000000000000000 ) ) ;
#3135 = ORIENTED_EDGE ( 'NONE', *, *, #2943, .T. ) ;
#3136 = CARTESIAN_POINT ( 'NONE',  ( -111.0499999999999829, -29.25000000000000000, 22.50000000000153122 ) ) ;
#3137 = ORIENTED_EDGE ( 'NONE', *, *, #1997, .T. ) ;
#3138 = CARTESIAN_POINT ( 'NONE',  ( -112.9499999999999602, -4.500338972710011376, -24.55000000000000071 ) ) ;
#3139 = LINE ( 'NONE', #2902, #1133 ) ;
#3140 = EDGE_CURVE ( 'NONE', #1515, #2168, #2391, .T. ) ;
#3141 = LINE ( 'NONE', #2033, #2489 ) ;
#3142 = ORIENTED_EDGE ( 'NONE', *, *, #399, .F. ) ;
#3143 = DIRECTION ( 'NONE',  ( 0.000000000000000000, 0.000000000000000000, 1.000000000000000000 ) ) ;
#3144 = DIRECTION ( 'NONE',  ( -0.000000000000000000, 0.000000000000000000, -1.000000000000000000 ) ) ;
#3145 = ORIENTED_EDGE ( 'NONE', *, *, #44, .T. ) ;
#3146 = EDGE_CURVE ( 'NONE', #1954, #214, #395, .T. ) ;
#3147 = ORIENTED_EDGE ( 'NONE', *, *, #988, .F. ) ;
#3148 = CARTESIAN_POINT ( 'NONE',  ( -78.99999999999995737, -6.610000000000006537, -4.199999999998458300 ) ) ;
#3149 = VERTEX_POINT ( 'NONE', #2431 ) ;
#3150 = LINE ( 'NONE', #1223, #243 ) ;
#3151 = ORIENTED_EDGE ( 'NONE', *, *, #2289, .F. ) ;
#3152 = DIRECTION ( 'NONE',  ( 1.000000000000000000, 0.000000000000000000, 0.000000000000000000 ) ) ;
#3153 = EDGE_CURVE ( 'NONE', #926, #1494, #2156, .T. ) ;
#3154 = VECTOR ( 'NONE', #3493, 1000.000000000000000 ) ;
#3155 = DIRECTION ( 'NONE',  ( 1.000000000000000000, -0.000000000000000000, -0.000000000000000000 ) ) ;
#3156 = CARTESIAN_POINT ( 'NONE',  ( -116.4499999999999886, -26.95767651737898163, 4.335076018827155764 ) ) ;
#3157 = VECTOR ( 'NONE', #963, 1000.000000000000114 ) ;
#3158 = ORIENTED_EDGE ( 'NONE', *, *, #2392, .F. ) ;
#3159 = EDGE_CURVE ( 'NONE', #2859, #499, #2791, .T. ) ;
#3160 = VECTOR ( 'NONE', #1368, 1000.000000000000000 ) ;
#3161 = AXIS2_PLACEMENT_3D ( 'NONE', #2129, #3238, #483 ) ;
#3162 = CARTESIAN_POINT ( 'NONE',  ( -53.50000000000000000, -23.34828442116732106, 24.54999999999997584 ) ) ;
#3163 = VECTOR ( 'NONE', #2599, 1000.000000000000000 ) ;
#3164 = CARTESIAN_POINT ( 'NONE',  ( -116.9499999999999744, -37.61792319645751093, 28.05000000000000071 ) ) ;
#3165 = VECTOR ( 'NONE', #1760, 1000.000000000000000 ) ;
#3166 = ORIENTED_EDGE ( 'NONE', *, *, #1439, .T. ) ;
#3167 = VECTOR ( 'NONE', #822, 1000.000000000000000 ) ;
#3168 = LINE ( 'NONE', #86, #1939 ) ;
#3169 = CYLINDRICAL_SURFACE ( 'NONE', #1180, 7.100000352873617970 ) ;
#3170 = ORIENTED_EDGE ( 'NONE', *, *, #2860, .T. ) ;
#3171 = FACE_OUTER_BOUND ( 'NONE', #737, .T. ) ;
#3172 = EDGE_LOOP ( 'NONE', ( #3263, #1415 ) ) ;
#3173 = DIRECTION ( 'NONE',  ( -1.000000000000000000, 0.000000000000000000, 0.000000000000000000 ) ) ;
#3174 = EDGE_CURVE ( 'NONE', #1683, #2072, #3249, .T. ) ;
#3175 = CARTESIAN_POINT ( 'NONE',  ( -112.9499999999999602, -29.25000000000000000, 22.50000000000153122 ) ) ;
#3176 = DIRECTION ( 'NONE',  ( 0.000000000000000000, 0.000000000000000000, -1.000000000000000000 ) ) ;
#3177 = CARTESIAN_POINT ( 'NONE',  ( -112.9499999999999744, -26.95767651737898163, -1.037918005908522456 ) ) ;
#3178 = PLANE ( 'NONE',  #656 ) ;
#3179 = ORIENTED_EDGE ( 'NONE', *, *, #2031, .T. ) ;
#3180 = EDGE_LOOP ( 'NONE', ( #1273, #3145 ) ) ;
#3181 = CARTESIAN_POINT ( 'NONE',  ( -56.09999999999998010, 0.000000000000000000, -27.30000000000000426 ) ) ;
#3182 = EDGE_CURVE ( 'NONE', #3083, #926, #2997, .T. ) ;
#3183 = DIRECTION ( 'NONE',  ( 1.000000000000000000, -0.000000000000000000, -0.000000000000000000 ) ) ;
#3184 = ORIENTED_EDGE ( 'NONE', *, *, #1153, .F. ) ;
#3185 = CIRCLE ( 'NONE', #1625, 1.425000000000000044 ) ;
#3186 = SURFACE_SIDE_STYLE ('',( #2076 ) ) ;
#3187 = EDGE_LOOP ( 'NONE', ( #1893, #2038, #1214, #1026, #3611, #3184, #3025, #3063 ) ) ;
#3188 = FACE_BOUND ( 'NONE', #2361, .T. ) ;
#3189 = ADVANCED_FACE ( 'NONE', ( #2724 ), #209, .F. ) ;
#3190 = DIRECTION ( 'NONE',  ( -1.000000000000000000, 0.000000000000000000, 0.000000000000000000 ) ) ;
#3191 = DIRECTION ( 'NONE',  ( 1.636733330948934159E-16, 1.000000000000000000, 0.000000000000000000 ) ) ;
#3192 = VECTOR ( 'NONE', #1742, 1000.000000000000000 ) ;
#3193 = PLANE ( 'NONE',  #63 ) ;
#3194 = DIRECTION ( 'NONE',  ( 1.000000000000000000, -7.779833121590977705E-17, 6.162975822039154730E-33 ) ) ;
#3195 = PLANE ( 'NONE',  #564 ) ;
#3196 = LINE ( 'NONE', #975, #2348 ) ;
#3197 = ORIENTED_EDGE ( 'NONE', *, *, #1019, .F. ) ;
#3198 = VERTEX_POINT ( 'NONE', #224 ) ;
#3199 = CARTESIAN_POINT ( 'NONE',  ( -112.9499999999999744, -39.25000000000000000, -24.55000000000000071 ) ) ;
#3200 = ADVANCED_FACE ( 'NONE', ( #1956 ), #3086, .T. ) ;
#3201 = CARTESIAN_POINT ( 'NONE',  ( -78.99999999999995737, -27.11000000000001009, 16.50000000000153833 ) ) ;
#3202 = ORIENTED_EDGE ( 'NONE', *, *, #3591, .F. ) ;
#3203 = EDGE_CURVE ( 'NONE', #994, #1822, #3101, .T. ) ;
#3204 = CARTESIAN_POINT ( 'NONE',  ( -78.99999999999995737, -6.610000000000006537, 17.40000000000344116 ) ) ;
#3205 = ORIENTED_EDGE ( 'NONE', *, *, #1306, .F. ) ;
#3206 = CARTESIAN_POINT ( 'NONE',  ( -72.31666666666660603, -24.11213394580207492, -24.54999999999999005 ) ) ;
#3207 = CARTESIAN_POINT ( 'NONE',  ( -52.74999999999999289, 0.000000000000000000, -24.55000000000000071 ) ) ;
#3208 = CARTESIAN_POINT ( 'NONE',  ( -76.14999999999994884, -29.25000000000000000, -19.41215000000000401 ) ) ;
#3209 = ADVANCED_FACE ( 'NONE', ( #845 ), #304, .T. ) ;
#3210 = AXIS2_PLACEMENT_3D ( 'NONE', #74, #652, #915 ) ;
#3211 = DIRECTION ( 'NONE',  ( 0.000000000000000000, 0.000000000000000000, -1.000000000000000000 ) ) ;
#3212 = LINE ( 'NONE', #2358, #7 ) ;
#3213 = FACE_OUTER_BOUND ( 'NONE', #2840, .T. ) ;
#3214 = CARTESIAN_POINT ( 'NONE',  ( -51.71209851473932417, -39.25000000000000000, 24.55000000000000071 ) ) ;
#3215 = VECTOR ( 'NONE', #2364, 1000.000000000000000 ) ;
#3216 = ORIENTED_EDGE ( 'NONE', *, *, #2883, .F. ) ;
#3217 = EDGE_CURVE ( 'NONE', #388, #177, #447, .T. ) ;
#3218 = ORIENTED_EDGE ( 'NONE', *, *, #2982, .T. ) ;
#3219 = VECTOR ( 'NONE', #3190, 1000.000000000000000 ) ;
#3220 = AXIS2_PLACEMENT_3D ( 'NONE', #830, #272, #518 ) ;
#3221 = LINE ( 'NONE', #180, #1189 ) ;
#3222 = CARTESIAN_POINT ( 'NONE',  ( -56.84999999999998721, -23.34828442116732106, -34.30073859982388029 ) ) ;
#3223 = VERTEX_POINT ( 'NONE', #3324 ) ;
#3224 = AXIS2_PLACEMENT_3D ( 'NONE', #2028, #106, #597 ) ;
#3225 = DIRECTION ( 'NONE',  ( 1.000000000000000000, 0.000000000000000000, 0.000000000000000000 ) ) ;
#3226 = ORIENTED_EDGE ( 'NONE', *, *, #515, .T. ) ;
#3227 = AXIS2_PLACEMENT_3D ( 'NONE', #1165, #990, #3389 ) ;
#3228 = PLANE ( 'NONE',  #769 ) ;
#3229 = ORIENTED_EDGE ( 'NONE', *, *, #933, .F. ) ;
#3230 = DIRECTION ( 'NONE',  ( 0.000000000000000000, 0.000000000000000000, 1.000000000000000000 ) ) ;
#3231 = DIRECTION ( 'NONE',  ( 1.000000000000000000, -0.000000000000000000, -0.000000000000000000 ) ) ;
#3232 = DIRECTION ( 'NONE',  ( -0.000000000000000000, 1.000000000000000000, -0.000000000000000000 ) ) ;
#3233 = DIRECTION ( 'NONE',  ( 1.000000000000000000, 0.000000000000000000, 0.000000000000000000 ) ) ;
#3234 = CARTESIAN_POINT ( 'NONE',  ( -51.71209851473932417, -53.34604593830443520, -12.49999999999999289 ) ) ;
#3235 = PLANE ( 'NONE',  #2870 ) ;
#3236 = EDGE_LOOP ( 'NONE', ( #1517, #103, #3061, #2478 ) ) ;
#3237 = ORIENTED_EDGE ( 'NONE', *, *, #1544, .T. ) ;
#3238 = DIRECTION ( 'NONE',  ( 0.000000000000000000, -1.000000000000000000, 0.000000000000000000 ) ) ;
#3239 = EDGE_CURVE ( 'NONE', #241, #2313, #1700, .T. ) ;
#3240 = LINE ( 'NONE', #2148, #1244 ) ;
#3241 = ORIENTED_EDGE ( 'NONE', *, *, #149, .T. ) ;
#3242 = CIRCLE ( 'NONE', #3421, 0.9997466849082959905 ) ;
#3243 = DIRECTION ( 'NONE',  ( -1.000000000000000000, 9.745637505487683463E-17, 0.000000000000000000 ) ) ;
#3244 = ORIENTED_EDGE ( 'NONE', *, *, #1702, .F. ) ;
#3245 = CARTESIAN_POINT ( 'NONE',  ( -111.0499999999999829, -26.10770651812810073, 20.25000000000153477 ) ) ;
#3246 = ORIENTED_EDGE ( 'NONE', *, *, #813, .F. ) ;
#3247 = AXIS2_PLACEMENT_3D ( 'NONE', #2961, #1034, #1831 ) ;
#3248 = DIRECTION ( 'NONE',  ( -0.000000000000000000, 1.000000000000000000, -0.000000000000000000 ) ) ;
#3249 = LINE ( 'NONE', #2974, #1793 ) ;
#3250 = EDGE_CURVE ( 'NONE', #90, #1879, #3307, .T. ) ;
#3251 = FACE_OUTER_BOUND ( 'NONE', #1481, .T. ) ;
#3252 = CARTESIAN_POINT ( 'NONE',  ( -78.99999999999995737, -6.610000000000006537, 16.50000000000153833 ) ) ;
#3253 = CARTESIAN_POINT ( 'NONE',  ( -112.9499999999999744, -4.500338972710011376, -1.949999999999993516 ) ) ;
#3254 = CARTESIAN_POINT ( 'NONE',  ( -112.9499999999999744, -53.34604593830443520, 1.040834085586084257E-14 ) ) ;
#3255 = ORIENTED_EDGE ( 'NONE', *, *, #1686, .T. ) ;
#3256 = ORIENTED_EDGE ( 'NONE', *, *, #1508, .T. ) ;
#3257 = AXIS2_PLACEMENT_3D ( 'NONE', #1341, #2667, #2138 ) ;
#3258 = CARTESIAN_POINT ( 'NONE',  ( -76.14999999999994884, -27.11000000000001009, 15.59999999999963372 ) ) ;
#3259 = CARTESIAN_POINT ( 'NONE',  ( -112.9499999999999744, -24.11213394580208913, -24.55000000000000071 ) ) ;
#3260 = ORIENTED_EDGE ( 'NONE', *, *, #581, .T. ) ;
#3261 = EDGE_CURVE ( 'NONE', #1339, #498, #3049, .T. ) ;
#3262 = DIRECTION ( 'NONE',  ( 1.000000000000000000, 0.000000000000000000, -0.000000000000000000 ) ) ;
#3263 = ORIENTED_EDGE ( 'NONE', *, *, #1058, .T. ) ;
#3264 = EDGE_CURVE ( 'NONE', #3081, #2127, #3601, .T. ) ;
#3265 = CYLINDRICAL_SURFACE ( 'NONE', #2280, 3.000000000000000000 ) ;
#3266 = EDGE_LOOP ( 'NONE', ( #3079, #3337, #3166, #3109, #41, #2425, #2077, #2181 ) ) ;
#3267 = EDGE_CURVE ( 'NONE', #2546, #1404, #2260, .T. ) ;
#3268 = CARTESIAN_POINT ( 'NONE',  ( -78.99999999999995737, -4.500338972710011376, 0.000000000000000000 ) ) ;
#3269 = DIRECTION ( 'NONE',  ( 0.000000000000000000, 1.000000000000000000, 0.000000000000000000 ) ) ;
#3270 = CARTESIAN_POINT ( 'NONE',  ( -112.9499999999999602, 8.396248245192611661E-15, -12.49999999999998224 ) ) ;
#3271 = LINE ( 'NONE', #897, #3448 ) ;
#3272 = ORIENTED_EDGE ( 'NONE', *, *, #1031, .T. ) ;
#3273 = ORIENTED_EDGE ( 'NONE', *, *, #3110, .F. ) ;
#3274 = AXIS2_PLACEMENT_3D ( 'NONE', #2633, #117, #1269 ) ;
#3275 = DIRECTION ( 'NONE',  ( 7.779833121590977705E-17, 1.000000000000000000, 2.965339275174029780E-17 ) ) ;
#3276 = VECTOR ( 'NONE', #3097, 1000.000000000000000 ) ;
#3277 = DIRECTION ( 'NONE',  ( 0.000000000000000000, 0.000000000000000000, 1.000000000000000000 ) ) ;
#3278 = ORIENTED_EDGE ( 'NONE', *, *, #1730, .F. ) ;
#3279 = CIRCLE ( 'NONE', #1183, 12.50000000000000355 ) ;
#3280 = CIRCLE ( 'NONE', #1714, 3.000000000000000000 ) ;
#3281 =( LENGTH_UNIT ( ) NAMED_UNIT ( * ) SI_UNIT ( .MILLI., .METRE. ) );
#3282 = ORIENTED_EDGE ( 'NONE', *, *, #2128, .T. ) ;
#3283 = PLANE ( 'NONE',  #2918 ) ;
#3284 = VECTOR ( 'NONE', #1813, 1000.000000000000000 ) ;
#3285 = VECTOR ( 'NONE', #600, 1000.000000000000000 ) ;
#3286 = EDGE_LOOP ( 'NONE', ( #2705, #468 ) ) ;
#3287 = CARTESIAN_POINT ( 'NONE',  ( -85.49999999999998579, -23.34828442116732106, -28.05000000000000071 ) ) ;
#3288 = MECHANICAL_DESIGN_GEOMETRIC_PRESENTATION_REPRESENTATION (  '', ( #1430 ), #2476 ) ;
#3289 = DIRECTION ( 'NONE',  ( 0.000000000000000000, 0.000000000000000000, 1.000000000000000000 ) ) ;
#3290 = ADVANCED_FACE ( 'NONE', ( #1433 ), #2758, .F. ) ;
#3291 = FACE_BOUND ( 'NONE', #2564, .T. ) ;
#3292 = DIRECTION ( 'NONE',  ( 0.000000000000000000, 0.000000000000000000, 1.000000000000000000 ) ) ;
#3293 = DIRECTION ( 'NONE',  ( -0.000000000000000000, 1.000000000000000000, -0.000000000000000000 ) ) ;
#3294 = VERTEX_POINT ( 'NONE', #1685 ) ;
#3295 = VERTEX_POINT ( 'NONE', #823 ) ;
#3296 = CARTESIAN_POINT ( 'NONE',  ( -116.9499999999999744, -6.610000000000003872, -4.199999999998458300 ) ) ;
#3297 = CARTESIAN_POINT ( 'NONE',  ( -53.50000000000000000, -23.34828442116732106, -27.30000000000000426 ) ) ;
#3298 = ORIENTED_EDGE ( 'NONE', *, *, #2982, .F. ) ;
#3299 = EDGE_CURVE ( 'NONE', #665, #3036, #84, .T. ) ;
#3300 = CARTESIAN_POINT ( 'NONE',  ( -85.49999999999998579, 0.000000000000000000, 28.05000000000000071 ) ) ;
#3301 = ORIENTED_EDGE ( 'NONE', *, *, #1107, .T. ) ;
#3302 = DIRECTION ( 'NONE',  ( 0.000000000000000000, -0.7071067811865436870, -0.7071067811865513475 ) ) ;
#3303 = VERTEX_POINT ( 'NONE', #526 ) ;
#3304 = CARTESIAN_POINT ( 'NONE',  ( -76.14999999999994884, -4.500338972710011376, -22.85966188955990930 ) ) ;
#3305 = DIRECTION ( 'NONE',  ( -1.000000000000000000, 0.000000000000000000, 0.000000000000000000 ) ) ;
#3306 = VECTOR ( 'NONE', #2686, 1000.000000000000000 ) ;
#3307 = CIRCLE ( 'NONE', #2782, 0.9000000000019027224 ) ;
#3308 = ADVANCED_FACE ( 'NONE', ( #1723 ), #1670, .F. ) ;
#3309 = CARTESIAN_POINT ( 'NONE',  ( -78.99999999999995737, -4.500338972710007823, -7.199999999998458300 ) ) ;
#3310 = ADVANCED_FACE ( 'NONE', ( #2793 ), #248, .F. ) ;
#3311 = CARTESIAN_POINT ( 'NONE',  ( -76.14999999999994884, -9.500338972710009600, 24.55000000000000071 ) ) ;
#3312 = ORIENTED_EDGE ( 'NONE', *, *, #792, .T. ) ;
#3313 = ORIENTED_EDGE ( 'NONE', *, *, #1306, .T. ) ;
#3314 = APPLICATION_CONTEXT ( 'automotive_design' ) ;
#3315 = LINE ( 'NONE', #500, #2344 ) ;
#3316 = DIRECTION ( 'NONE',  ( 0.000000000000000000, 0.000000000000000000, 1.000000000000000000 ) ) ;
#3317 = ORIENTED_EDGE ( 'NONE', *, *, #1815, .T. ) ;
#3318 =( NAMED_UNIT ( * ) SI_UNIT ( $, .STERADIAN. ) SOLID_ANGLE_UNIT ( ) );
#3319 = ORIENTED_EDGE ( 'NONE', *, *, #3488, .F. ) ;
#3320 = CARTESIAN_POINT ( 'NONE',  ( -53.50000000000000000, -23.34828442116732106, -27.30000000000000426 ) ) ;
#3321 = EDGE_CURVE ( 'NONE', #1424, #3537, #1088, .T. ) ;
#3322 = ORIENTED_EDGE ( 'NONE', *, *, #766, .F. ) ;
#3323 = CARTESIAN_POINT ( 'NONE',  ( -111.0499999999999829, -28.10953272676582770, -4.199999999998461853 ) ) ;
#3324 = CARTESIAN_POINT ( 'NONE',  ( -52.74999999999999289, 6.349999999999999645, -25.05000000000000071 ) ) ;
#3325 = PRODUCT_DEFINITION ( 'UNKNOWN', '', #3603, #253 ) ;
#3326 = EDGE_CURVE ( 'NONE', #1454, #1683, #2470, .T. ) ;
#3327 = PLANE ( 'NONE',  #24 ) ;
#3328 = FACE_OUTER_BOUND ( 'NONE', #1628, .T. ) ;
#3329 = VERTEX_POINT ( 'NONE', #809 ) ;
#3330 = VERTEX_POINT ( 'NONE', #2487 ) ;
#3331 = FACE_OUTER_BOUND ( 'NONE', #375, .T. ) ;
#3332 = CARTESIAN_POINT ( 'NONE',  ( -51.71209851473932417, -44.41604593830443548, -12.49999999999999112 ) ) ;
#3333 = EDGE_CURVE ( 'NONE', #220, #2621, #2435, .T. ) ;
#3334 = ORIENTED_EDGE ( 'NONE', *, *, #1809, .T. ) ;
#3335 = CARTESIAN_POINT ( 'NONE',  ( -52.74999999999999289, 3.350000000000012523, 28.05000000000000071 ) ) ;
#3336 = AXIS2_PLACEMENT_3D ( 'NONE', #1102, #3044, #2206 ) ;
#3337 = ORIENTED_EDGE ( 'NONE', *, *, #1216, .F. ) ;
#3338 = DIRECTION ( 'NONE',  ( 0.000000000000000000, 1.000000000000000000, 0.000000000000000000 ) ) ;
#3339 = ORIENTED_EDGE ( 'NONE', *, *, #2389, .T. ) ;
#3340 = ORIENTED_EDGE ( 'NONE', *, *, #792, .F. ) ;
#3341 = VECTOR ( 'NONE', #332, 1000.000000000000000 ) ;
#3342 = VECTOR ( 'NONE', #3275, 1000.000000000000000 ) ;
#3343 = CARTESIAN_POINT ( 'NONE',  ( -54.54999999999998295, 0.000000000000000000, -24.55000000000000071 ) ) ;
#3344 = CARTESIAN_POINT ( 'NONE',  ( -112.9499999999999602, 1.868478213922281057E-14, 28.05000000000000071 ) ) ;
#3345 = VECTOR ( 'NONE', #1087, 1000.000000000000000 ) ;
#3346 = VECTOR ( 'NONE', #2585, 1000.000000000000000 ) ;
#3347 = VECTOR ( 'NONE', #2043, 1000.000000000000000 ) ;
#3348 = EDGE_CURVE ( 'NONE', #2204, #2131, #2688, .T. ) ;
#3349 = PLANE ( 'NONE',  #3125 ) ;
#3350 = LINE ( 'NONE', #2528, #1389 ) ;
#3351 = ORIENTED_EDGE ( 'NONE', *, *, #2070, .F. ) ;
#3352 = VERTEX_POINT ( 'NONE', #3548 ) ;
#3353 = LINE ( 'NONE', #1347, #1765 ) ;
#3354 = DIRECTION ( 'NONE',  ( -1.000000000000000000, 0.000000000000000000, 0.000000000000000000 ) ) ;
#3355 = ORIENTED_EDGE ( 'NONE', *, *, #506, .T. ) ;
#3356 = ADVANCED_FACE ( 'NONE', ( #1309, #733 ), #3530, .T. ) ;
#3357 = LINE ( 'NONE', #854, #2594 ) ;
#3358 = ORIENTED_EDGE ( 'NONE', *, *, #2923, .T. ) ;
#3359 = CARTESIAN_POINT ( 'NONE',  ( -85.49999999999998579, 0.000000000000000000, 24.55000000000000071 ) ) ;
#3360 = ORIENTED_EDGE ( 'NONE', *, *, #3078, .F. ) ;
#3361 = FACE_OUTER_BOUND ( 'NONE', #3620, .T. ) ;
#3362 = DIRECTION ( 'NONE',  ( 0.000000000000000000, 0.000000000000000000, -1.000000000000000000 ) ) ;
#3363 = FACE_OUTER_BOUND ( 'NONE', #131, .T. ) ;
#3364 = AXIS2_PLACEMENT_3D ( 'NONE', #2579, #2615, #2300 ) ;
#3365 = DIRECTION ( 'NONE',  ( 0.000000000000000000, -1.000000000000000000, 0.000000000000000000 ) ) ;
#3366 = DIRECTION ( 'NONE',  ( 0.000000000000000000, 1.000000000000000000, 0.000000000000000000 ) ) ;
#3367 = CIRCLE ( 'NONE', #1789, 3.000000000000000000 ) ;
#3368 = ORIENTED_EDGE ( 'NONE', *, *, #67, .T. ) ;
#3369 = ADVANCED_FACE ( 'NONE', ( #1851 ), #2977, .T. ) ;
#3370 = ORIENTED_EDGE ( 'NONE', *, *, #285, .T. ) ;
#3371 = VECTOR ( 'NONE', #1379, 1000.000000000000114 ) ;
#3372 = DIRECTION ( 'NONE',  ( 1.000000000000000000, -0.000000000000000000, -0.000000000000000000 ) ) ;
#3373 = DIRECTION ( 'NONE',  ( 0.000000000000000000, 0.000000000000000000, -1.000000000000000000 ) ) ;
#3374 = EDGE_LOOP ( 'NONE', ( #3229, #3437, #2798, #1861, #2217, #2696 ) ) ;
#3375 = CARTESIAN_POINT ( 'NONE',  ( -53.50000000000000000, -23.34828442116732106, -24.55000000000000071 ) ) ;
#3376 = ORIENTED_EDGE ( 'NONE', *, *, #1185, .T. ) ;
#3377 = DIRECTION ( 'NONE',  ( 1.000000000000000000, -0.000000000000000000, -0.000000000000000000 ) ) ;
#3378 = ADVANCED_FACE ( 'NONE', ( #2378 ), #974, .F. ) ;
#3379 = VERTEX_POINT ( 'NONE', #2670 ) ;
#3380 = CARTESIAN_POINT ( 'NONE',  ( -116.9499999999999744, -6.260289708239329620, 4.335076018827155764 ) ) ;
#3381 = DIRECTION ( 'NONE',  ( -6.806842309370794645E-16, -1.000000000000000000, 0.000000000000000000 ) ) ;
#3382 = PLANE ( 'NONE',  #474 ) ;
#3383 = EDGE_CURVE ( 'NONE', #524, #1351, #137, .T. ) ;
#3384 = CARTESIAN_POINT ( 'NONE',  ( -76.14999999999994884, -78.47458735225720261, 0.000000000000000000 ) ) ;
#3385 = ORIENTED_EDGE ( 'NONE', *, *, #1419, .F. ) ;
#3386 = PLANE ( 'NONE',  #360 ) ;
#3387 = CARTESIAN_POINT ( 'NONE',  ( -72.14999999999994884, -24.11499999999998423, 24.55000000000000071 ) ) ;
#3388 = VERTEX_POINT ( 'NONE', #3253 ) ;
#3389 = DIRECTION ( 'NONE',  ( -0.000000000000000000, 0.000000000000000000, -1.000000000000000000 ) ) ;
#3390 = ORIENTED_EDGE ( 'NONE', *, *, #287, .T. ) ;
#3391 = EDGE_CURVE ( 'NONE', #2422, #3133, #740, .T. ) ;
#3392 = DIRECTION ( 'NONE',  ( 0.000000000000000000, -1.299418334065024380E-16, 1.000000000000000000 ) ) ;
#3393 = ORIENTED_EDGE ( 'NONE', *, *, #537, .T. ) ;
#3394 = VECTOR ( 'NONE', #2518, 1000.000000000000000 ) ;
#3395 = CARTESIAN_POINT ( 'NONE',  ( -52.74999999999999289, -16.85999999999956245, -24.55000000000000071 ) ) ;
#3396 = ORIENTED_EDGE ( 'NONE', *, *, #3267, .T. ) ;
#3397 = PLANE ( 'NONE',  #3515 ) ;
#3398 = VECTOR ( 'NONE', #1277, 1000.000000000000000 ) ;
#3399 = DIRECTION ( 'NONE',  ( 3.840100063292022274E-17, 0.3940327209102222894, -0.9190964121636460149 ) ) ;
#3400 = AXIS2_PLACEMENT_3D ( 'NONE', #3296, #1895, #1691 ) ;
#3401 = EDGE_CURVE ( 'NONE', #489, #214, #2359, .T. ) ;
#3402 = DIRECTION ( 'NONE',  ( -1.000000000000000000, 1.438880092385038863E-16, 0.000000000000000000 ) ) ;
#3403 = VECTOR ( 'NONE', #3556, 1000.000000000000000 ) ;
#3404 = VERTEX_POINT ( 'NONE', #1868 ) ;
#3405 = CIRCLE ( 'NONE', #1828, 1.424999999999999600 ) ;
#3406 = CARTESIAN_POINT ( 'NONE',  ( -76.14999999999994884, -9.500338972710009600, -24.55000000000000071 ) ) ;
#3407 = CARTESIAN_POINT ( 'NONE',  ( -111.0499999999999829, -4.500338972710011376, 22.50000000000153122 ) ) ;
#3408 = ORIENTED_EDGE ( 'NONE', *, *, #2232, .T. ) ;
#3409 = FACE_OUTER_BOUND ( 'NONE', #903, .T. ) ;
#3410 = DIRECTION ( 'NONE',  ( 0.000000000000000000, 1.000000000000000000, 0.000000000000000000 ) ) ;
#3411 = LINE ( 'NONE', #911, #3099 ) ;
#3412 = VERTEX_POINT ( 'NONE', #2712 ) ;
#3413 = EDGE_CURVE ( 'NONE', #1424, #2963, #1578, .T. ) ;
#3414 = CARTESIAN_POINT ( 'NONE',  ( -112.9499999999999744, -6.760289708239330508, -1.037918005908522900 ) ) ;
#3415 = ORIENTED_EDGE ( 'NONE', *, *, #1748, .T. ) ;
#3416 = LINE ( 'NONE', #3138, #3104 ) ;
#3417 = LINE ( 'NONE', #3435, #1011 ) ;
#3418 = CARTESIAN_POINT ( 'NONE',  ( -78.99999999999995737, -4.500338972710007823, -7.199999999998458300 ) ) ;
#3419 = ORIENTED_EDGE ( 'NONE', *, *, #2831, .F. ) ;
#3420 = ADVANCED_FACE ( 'NONE', ( #3494, #992 ), #3195, .T. ) ;
#3421 = AXIS2_PLACEMENT_3D ( 'NONE', #2761, #2508, #3365 ) ;
#3422 = ADVANCED_FACE ( 'NONE', ( #3213 ), #3003, .F. ) ;
#3423 = DIRECTION ( 'NONE',  ( 1.000000000000000000, -0.000000000000000000, -0.000000000000000000 ) ) ;
#3424 = AXIS2_PLACEMENT_3D ( 'NONE', #1307, #731, #1849 ) ;
#3425 = CYLINDRICAL_SURFACE ( 'NONE', #594, 1.425000000000000044 ) ;
#3426 = VERTEX_POINT ( 'NONE', #1561 ) ;
#3427 = ORIENTED_EDGE ( 'NONE', *, *, #1651, .T. ) ;
#3428 = DIRECTION ( 'NONE',  ( -1.000000000000000000, 0.000000000000000000, -2.282530889443168600E-15 ) ) ;
#3429 = VERTEX_POINT ( 'NONE', #1253 ) ;
#3430 = LINE ( 'NONE', #1499, #183 ) ;
#3431 = CIRCLE ( 'NONE', #271, 3.000000000000000000 ) ;
#3432 = ORIENTED_EDGE ( 'NONE', *, *, #1117, .F. ) ;
#3433 = FACE_OUTER_BOUND ( 'NONE', #1154, .T. ) ;
#3434 = EDGE_CURVE ( 'NONE', #219, #70, #2087, .T. ) ;
#3435 = CARTESIAN_POINT ( 'NONE',  ( -56.84999999999998721, -38.41145406905854287, -28.05000000000000071 ) ) ;
#3436 = CARTESIAN_POINT ( 'NONE',  ( -85.49999999999998579, -24.11213394580208913, 24.55000000000000071 ) ) ;
#3437 = ORIENTED_EDGE ( 'NONE', *, *, #3333, .F. ) ;
#3438 = DIRECTION ( 'NONE',  ( 1.000000000000000000, -9.745637505487680998E-17, 0.000000000000000000 ) ) ;
#3439 = CARTESIAN_POINT ( 'NONE',  ( -112.9499999999999602, -20.61213394580202873, -28.05000000000000071 ) ) ;
#3440 = VERTEX_POINT ( 'NONE', #1812 ) ;
#3441 = VERTEX_POINT ( 'NONE', #420 ) ;
#3442 = ADVANCED_FACE ( 'NONE', ( #1288 ), #2395, .T. ) ;
#3443 = DIRECTION ( 'NONE',  ( 0.000000000000000000, 0.000000000000000000, -1.000000000000000000 ) ) ;
#3444 = ORIENTED_EDGE ( 'NONE', *, *, #2904, .T. ) ;
#3445 = DIRECTION ( 'NONE',  ( 0.000000000000000000, -1.000000000000000000, 0.000000000000000000 ) ) ;
#3446 = ORIENTED_EDGE ( 'NONE', *, *, #776, .T. ) ;
#3447 = LINE ( 'NONE', #1065, #2339 ) ;
#3448 = VECTOR ( 'NONE', #2014, 1000.000000000000000 ) ;
#3449 = DIRECTION ( 'NONE',  ( 0.000000000000000000, 0.000000000000000000, 1.000000000000000000 ) ) ;
#3450 = DIRECTION ( 'NONE',  ( 0.000000000000000000, 0.000000000000000000, 1.000000000000000000 ) ) ;
#3451 = CIRCLE ( 'NONE', #1299, 1.425000000000000044 ) ;
#3452 = ORIENTED_EDGE ( 'NONE', *, *, #2443, .F. ) ;
#3453 = VECTOR ( 'NONE', #3076, 1000.000000000000000 ) ;
#3454 = AXIS2_PLACEMENT_3D ( 'NONE', #1927, #3609, #1112 ) ;
#3455 = EDGE_CURVE ( 'NONE', #3223, #1431, #2249, .T. ) ;
#3456 = DIRECTION ( 'NONE',  ( 1.000000000000000000, -9.745637505487680998E-17, 0.000000000000000000 ) ) ;
#3457 = VECTOR ( 'NONE', #932, 1000.000000000000000 ) ;
#3458 = CARTESIAN_POINT ( 'NONE',  ( -80.55050242717467768, -29.25000000000000000, -6.374999999999799272 ) ) ;
#3459 = VECTOR ( 'NONE', #1577, 1000.000000000000000 ) ;
#3460 = ORIENTED_EDGE ( 'NONE', *, *, #381, .T. ) ;
#3461 = ORIENTED_EDGE ( 'NONE', *, *, #1748, .F. ) ;
#3462 = AXIS2_PLACEMENT_3D ( 'NONE', #2208, #1669, #1699 ) ;
#3463 = CARTESIAN_POINT ( 'NONE',  ( -80.54999999999964189, -29.25000000000000000, 6.374497572825494451 ) ) ;
#3464 = EDGE_CURVE ( 'NONE', #1681, #3133, #3564, .T. ) ;
#3465 = FACE_OUTER_BOUND ( 'NONE', #1086, .T. ) ;
#3466 = ORIENTED_EDGE ( 'NONE', *, *, #3326, .T. ) ;
#3467 = LINE ( 'NONE', #2988, #2707 ) ;
#3468 = EDGE_LOOP ( 'NONE', ( #354, #3237 ) ) ;
#3469 = EDGE_CURVE ( 'NONE', #2515, #3149, #1074, .T. ) ;
#3470 = CARTESIAN_POINT ( 'NONE',  ( -85.49999999999998579, 6.349999999999999645, 0.000000000000000000 ) ) ;
#3471 = LINE ( 'NONE', #1740, #836 ) ;
#3472 = LINE ( 'NONE', #1807, #2022 ) ;
#3473 = CARTESIAN_POINT ( 'NONE',  ( -78.99999999999995737, -27.11000000000000654, -4.199999999998461853 ) ) ;
#3474 = DIRECTION ( 'NONE',  ( 0.000000000000000000, 1.000000000000000000, 0.000000000000000000 ) ) ;
#3475 = DIRECTION ( 'NONE',  ( -9.745637505487680998E-17, -1.000000000000000000, 0.000000000000000000 ) ) ;
#3476 = DIRECTION ( 'NONE',  ( 0.000000000000000000, 0.000000000000000000, 1.000000000000000000 ) ) ;
#3477 = ADVANCED_FACE ( 'NONE', ( #3328 ), #1399, .F. ) ;
#3478 = ORIENTED_EDGE ( 'NONE', *, *, #75, .T. ) ;
#3479 = ORIENTED_EDGE ( 'NONE', *, *, #2641, .T. ) ;
#3480 = CARTESIAN_POINT ( 'NONE',  ( -116.9499999999999744, -53.34604593830443520, 1.040834085586084257E-14 ) ) ;
#3481 = DIRECTION ( 'NONE',  ( 0.000000000000000000, 0.000000000000000000, -1.000000000000000000 ) ) ;
#3482 = ORIENTED_EDGE ( 'NONE', *, *, #1373, .F. ) ;
#3483 = ADVANCED_FACE ( 'NONE', ( #1636 ), #2179, .F. ) ;
#3484 = VECTOR ( 'NONE', #3305, 1000.000000000000000 ) ;
#3485 = CARTESIAN_POINT ( 'NONE',  ( -116.4499999999999886, -29.25000000000000000, 19.41500000000000270 ) ) ;
#3486 = VERTEX_POINT ( 'NONE', #528 ) ;
#3487 = CARTESIAN_POINT ( 'NONE',  ( -85.49999999999998579, 0.000000000000000000, 24.55000000000000071 ) ) ;
#3488 = EDGE_CURVE ( 'NONE', #3429, #2412, #2665, .T. ) ;
#3489 = CARTESIAN_POINT ( 'NONE',  ( -116.4499999999999886, -26.95767651737898163, -1.537918005908522900 ) ) ;
#3490 = CARTESIAN_POINT ( 'NONE',  ( -112.9499999999999744, -44.41604593830443548, -12.49999999999999112 ) ) ;
#3491 = EDGE_CURVE ( 'NONE', #1719, #315, #3619, .T. ) ;
#3492 = CARTESIAN_POINT ( 'NONE',  ( -78.99999999999995737, -6.610000000000006537, -4.199999999998458300 ) ) ;
#3493 = DIRECTION ( 'NONE',  ( 0.000000000000000000, -1.000000000000000000, 0.000000000000000000 ) ) ;
#3494 = FACE_BOUND ( 'NONE', #2842, .T. ) ;
#3495 = DIRECTION ( 'NONE',  ( 0.000000000000000000, -1.000000000000000000, -1.299418334065024133E-16 ) ) ;
#3496 = VERTEX_POINT ( 'NONE', #1941 ) ;
#3497 = EDGE_LOOP ( 'NONE', ( #2934, #161 ) ) ;
#3498 = DIRECTION ( 'NONE',  ( -1.000000000000000000, 0.000000000000000000, 0.000000000000000000 ) ) ;
#3499 = DIRECTION ( 'NONE',  ( 1.000000000000000000, -0.000000000000000000, -0.000000000000000000 ) ) ;
#3500 = ORIENTED_EDGE ( 'NONE', *, *, #2040, .F. ) ;
#3501 = CARTESIAN_POINT ( 'NONE',  ( -52.74999999999999289, -23.34828442116732106, -9.616917401453875414 ) ) ;
#3502 = ORIENTED_EDGE ( 'NONE', *, *, #2062, .T. ) ;
#3503 = DIRECTION ( 'NONE',  ( 0.000000000000000000, 0.000000000000000000, 1.000000000000000000 ) ) ;
#3504 = DIRECTION ( 'NONE',  ( 0.000000000000000000, 0.000000000000000000, -1.000000000000000000 ) ) ;
#3505 = DIRECTION ( 'NONE',  ( 0.000000000000000000, 0.000000000000000000, 1.000000000000000000 ) ) ;
#3506 = ADVANCED_FACE ( 'NONE', ( #1414 ), #1908, .F. ) ;
#3507 = CIRCLE ( 'NONE', #1937, 0.9995327267658229431 ) ;
#3508 = DIRECTION ( 'NONE',  ( 0.000000000000000000, -1.000000000000000000, 0.000000000000000000 ) ) ;
#3509 = DIRECTION ( 'NONE',  ( 0.000000000000000000, -1.000000000000000000, 0.000000000000000000 ) ) ;
#3510 = LINE ( 'NONE', #679, #1769 ) ;
#3511 = ORIENTED_EDGE ( 'NONE', *, *, #125, .F. ) ;
#3512 = CIRCLE ( 'NONE', #1597, 1.002199995687616196 ) ;
#3513 = ORIENTED_EDGE ( 'NONE', *, *, #766, .T. ) ;
#3514 = AXIS2_PLACEMENT_3D ( 'NONE', #3254, #2654, #1523 ) ;
#3515 = AXIS2_PLACEMENT_3D ( 'NONE', #2830, #322, #2561 ) ;
#3516 = CARTESIAN_POINT ( 'NONE',  ( -112.9499999999999744, -26.95767651737898163, 4.835076018827155764 ) ) ;
#3517 = DIRECTION ( 'NONE',  ( 0.000000000000000000, -1.000000000000000000, 0.000000000000000000 ) ) ;
#3518 = EDGE_LOOP ( 'NONE', ( #3179, #2747, #314 ) ) ;
#3519 = CIRCLE ( 'NONE', #3224, 1.424999999999999600 ) ;
#3520 = CARTESIAN_POINT ( 'NONE',  ( -80.54999999999964189, -4.500338972710011376, 4.949497572825494629 ) ) ;
#3521 = ORIENTED_EDGE ( 'NONE', *, *, #1185, .F. ) ;
#3522 = VECTOR ( 'NONE', #1718, 1000.000000000000000 ) ;
#3523 = CARTESIAN_POINT ( 'NONE',  ( -116.9499999999999744, -44.41604593830443548, 12.50000000000000711 ) ) ;
#3524 = EDGE_CURVE ( 'NONE', #865, #552, #1981, .T. ) ;
#3525 = ORIENTED_EDGE ( 'NONE', *, *, #1383, .F. ) ;
#3526 = DIRECTION ( 'NONE',  ( 1.000000000000000000, -0.000000000000000000, -0.000000000000000000 ) ) ;
#3527 = CARTESIAN_POINT ( 'NONE',  ( -76.14999999999994884, -9.500338972710009600, -24.55000000000000071 ) ) ;
#3528 = CARTESIAN_POINT ( 'NONE',  ( -85.49999999999998579, -23.34828442116732106, 0.000000000000000000 ) ) ;
#3529 = CARTESIAN_POINT ( 'NONE',  ( -76.14999999999994884, -27.11000000000000654, -3.299999999997006217 ) ) ;
#3530 = PLANE ( 'NONE',  #2141 ) ;
#3531 = CARTESIAN_POINT ( 'NONE',  ( -76.14999999999994884, -16.85999999999956245, -12.49999999999865885 ) ) ;
#3532 = EDGE_CURVE ( 'NONE', #2855, #367, #2475, .T. ) ;
#3533 = VERTEX_POINT ( 'NONE', #3055 ) ;
#3534 = ORIENTED_EDGE ( 'NONE', *, *, #1703, .T. ) ;
#3535 = DIRECTION ( 'NONE',  ( -9.745637505487682231E-17, -1.000000000000000000, 5.827738441131490604E-16 ) ) ;
#3536 = CARTESIAN_POINT ( 'NONE',  ( -80.55050242717467768, 6.349999999999999645, -4.949999999999799449 ) ) ;
#3537 = VERTEX_POINT ( 'NONE', #3311 ) ;
#3538 = AXIS2_PLACEMENT_3D ( 'NONE', #2066, #3176, #413 ) ;
#3539 = CARTESIAN_POINT ( 'NONE',  ( -72.14999999999994884, -6.610000000000006537, 15.59999999999963372 ) ) ;
#3540 = ORIENTED_EDGE ( 'NONE', *, *, #2350, .T. ) ;
#3541 = DIRECTION ( 'NONE',  ( 0.000000000000000000, -1.000000000000000000, 0.000000000000000000 ) ) ;
#3542 = ORIENTED_EDGE ( 'NONE', *, *, #56, .F. ) ;
#3543 = PLANE ( 'NONE',  #481 ) ;
#3544 = DIRECTION ( 'NONE',  ( 0.000000000000000000, -1.000000000000000000, 0.000000000000000000 ) ) ;
#3545 = CARTESIAN_POINT ( 'NONE',  ( -111.0499999999999829, -27.11000000000000654, 20.25000000000153477 ) ) ;
#3546 = VECTOR ( 'NONE', #60, 1000.000000000000000 ) ;
#3547 = DIRECTION ( 'NONE',  ( -1.000000000000000000, 0.000000000000000000, 0.000000000000000000 ) ) ;
#3548 = CARTESIAN_POINT ( 'NONE',  ( -111.0499999999999829, -29.25000000000000000, 18.00000000000153477 ) ) ;
#3549 = ORIENTED_EDGE ( 'NONE', *, *, #1439, .F. ) ;
#3550 = VERTEX_POINT ( 'NONE', #2745 ) ;
#3551 = AXIS2_PLACEMENT_3D ( 'NONE', #456, #2742, #1594 ) ;
#3552 = CARTESIAN_POINT ( 'NONE',  ( -111.0499999999999829, -7.609746684908300196, 20.25000000000153477 ) ) ;
#3553 = DIRECTION ( 'NONE',  ( 1.000000000000000000, 0.000000000000000000, 0.000000000000000000 ) ) ;
#3554 = ORIENTED_EDGE ( 'NONE', *, *, #906, .F. ) ;
#3555 = EDGE_CURVE ( 'NONE', #1758, #1400, #3350, .T. ) ;
#3556 = DIRECTION ( 'NONE',  ( 1.000000000000000000, 0.000000000000000000, 0.000000000000000000 ) ) ;
#3557 = ORIENTED_EDGE ( 'NONE', *, *, #1997, .F. ) ;
#3558 = CARTESIAN_POINT ( 'NONE',  ( -111.0499999999999829, -4.500338972710011376, 18.00000000000153477 ) ) ;
#3559 = EDGE_LOOP ( 'NONE', ( #2717, #3534, #2233, #764, #1199, #383, #2736, #1611, #485, #1381, #2026, #842 ) ) ;
#3560 = DIRECTION ( 'NONE',  ( 0.000000000000000000, 1.000000000000000000, 0.000000000000000000 ) ) ;
#3561 = CARTESIAN_POINT ( 'NONE',  ( -112.9499999999999744, -24.11213394580208913, -24.54999999999997939 ) ) ;
#3562 = CARTESIAN_POINT ( 'NONE',  ( -80.55050242717467768, -4.500338972710011376, -7.949999999999799449 ) ) ;
#3563 = CARTESIAN_POINT ( 'NONE',  ( -116.4499999999999886, -6.260289708239329620, 4.835076018827155764 ) ) ;
#3564 = LINE ( 'NONE', #3071, #2898 ) ;
#3565 = ORIENTED_EDGE ( 'NONE', *, *, #3261, .F. ) ;
#3566 = EDGE_CURVE ( 'NONE', #231, #2458, #1654, .T. ) ;
#3567 = VERTEX_POINT ( 'NONE', #3587 ) ;
#3568 = VECTOR ( 'NONE', #2772, 1000.000000000000000 ) ;
#3569 = DIRECTION ( 'NONE',  ( -0.000000000000000000, 1.000000000000000000, -0.000000000000000000 ) ) ;
#3570 = AXIS2_PLACEMENT_3D ( 'NONE', #1713, #2822, #312 ) ;
#3571 = CARTESIAN_POINT ( 'NONE',  ( -112.9499999999999744, -9.500338972710009600, 24.55000000000000071 ) ) ;
#3572 = ORIENTED_EDGE ( 'NONE', *, *, #403, .T. ) ;
#3573 = VECTOR ( 'NONE', #959, 1000.000000000000000 ) ;
#3574 = CIRCLE ( 'NONE', #893, 0.9995327267658229431 ) ;
#3575 = CARTESIAN_POINT ( 'NONE',  ( -116.4509999999999934, -16.85999999999956245, -12.49999999999865885 ) ) ;
#3576 = ORIENTED_EDGE ( 'NONE', *, *, #2276, .T. ) ;
#3577 = DIRECTION ( 'NONE',  ( 0.000000000000000000, 1.000000000000000000, 0.000000000000000000 ) ) ;
#3578 = CIRCLE ( 'NONE', #2001, 0.9997466849082959905 ) ;
#3579 = ADVANCED_FACE ( 'NONE', ( #1091 ), #546, .F. ) ;
#3580 = ORIENTED_EDGE ( 'NONE', *, *, #398, .F. ) ;
#3581 = CARTESIAN_POINT ( 'NONE',  ( -51.71209851473932417, -42.04685710750737826, -18.02622368288010435 ) ) ;
#3582 = EDGE_CURVE ( 'NONE', #2072, #2804, #1924, .T. ) ;
#3583 = AXIS2_PLACEMENT_3D ( 'NONE', #2880, #356, #2899 ) ;
#3584 = DIRECTION ( 'NONE',  ( -1.000000000000000000, 9.745637505487680998E-17, 0.000000000000000000 ) ) ;
#3585 = CARTESIAN_POINT ( 'NONE',  ( -80.54999999999964189, -4.500338972710011376, 4.949497572825494629 ) ) ;
#3586 = DIRECTION ( 'NONE',  ( 1.000000000000000000, -7.779833121590977705E-17, 6.162975822039154730E-33 ) ) ;
#3587 = CARTESIAN_POINT ( 'NONE',  ( -111.0499999999999829, -4.500338972710011376, -1.949999999999989075 ) ) ;
#3588 = ORIENTED_EDGE ( 'NONE', *, *, #2277, .T. ) ;
#3589 = VERTEX_POINT ( 'NONE', #2729 ) ;
#3590 = CARTESIAN_POINT ( 'NONE',  ( -52.74999999999999289, -23.34828442116732816, -24.55000000000000071 ) ) ;
#3591 = EDGE_CURVE ( 'NONE', #498, #895, #3185, .T. ) ;
#3592 = DIRECTION ( 'NONE',  ( 0.000000000000000000, 0.000000000000000000, -1.000000000000000000 ) ) ;
#3593 = ORIENTED_EDGE ( 'NONE', *, *, #606, .F. ) ;
#3594 = DIRECTION ( 'NONE',  ( -1.000000000000000000, 0.000000000000000000, 0.000000000000000000 ) ) ;
#3595 = VERTEX_POINT ( 'NONE', #2456 ) ;
#3596 = CARTESIAN_POINT ( 'NONE',  ( -116.9499999999999744, 3.349999999999996536, 28.05000000000000071 ) ) ;
#3597 = AXIS2_PLACEMENT_3D ( 'NONE', #2436, #1576, #1342 ) ;
#3598 = EDGE_CURVE ( 'NONE', #1063, #1786, #2067, .T. ) ;
#3599 = ORIENTED_EDGE ( 'NONE', *, *, #2735, .F. ) ;
#3600 = DIRECTION ( 'NONE',  ( 0.000000000000000000, 1.000000000000000000, 0.000000000000000000 ) ) ;
#3601 = LINE ( 'NONE', #1991, #2839 ) ;
#3602 = AXIS2_PLACEMENT_3D ( 'NONE', #2523, #1411, #1921 ) ;
#3603 = PRODUCT_DEFINITION_FORMATION_WITH_SPECIFIED_SOURCE ( 'ANY', '', #2404, .NOT_KNOWN. ) ;
#3604 = EDGE_CURVE ( 'NONE', #1346, #617, #2083, .T. ) ;
#3605 = CARTESIAN_POINT ( 'NONE',  ( -111.0499999999999829, 1.950397079272457286E-15, -1.691736863149747930E-31 ) ) ;
#3606 = CARTESIAN_POINT ( 'NONE',  ( -80.54999999999964189, 6.349999999999999645, 4.949497572825494629 ) ) ;
#3607 = ORIENTED_EDGE ( 'NONE', *, *, #1640, .F. ) ;
#3608 = ORIENTED_EDGE ( 'NONE', *, *, #970, .F. ) ;
#3609 = DIRECTION ( 'NONE',  ( -1.000000000000000000, 7.779833121590977705E-17, -6.162975822039154730E-33 ) ) ;
#3610 = CARTESIAN_POINT ( 'NONE',  ( -112.9499999999999744, -26.95767651737898163, -1.537918005908522900 ) ) ;
#3611 = ORIENTED_EDGE ( 'NONE', *, *, #619, .T. ) ;
#3612 = PLANE ( 'NONE',  #720 ) ;
#3613 = VERTEX_POINT ( 'NONE', #623 ) ;
#3614 = CARTESIAN_POINT ( 'NONE',  ( -80.55050242717467768, -4.500338972710011376, -7.949999999999799449 ) ) ;
#3615 = EDGE_LOOP ( 'NONE', ( #2827, #2017, #2806, #502 ) ) ;
#3616 = LINE ( 'NONE', #262, #2234 ) ;
#3617 = DIRECTION ( 'NONE',  ( 0.000000000000000000, 0.000000000000000000, -1.000000000000000000 ) ) ;
#3618 = DIRECTION ( 'NONE',  ( 0.000000000000000000, -2.055359568692899253E-16, 1.000000000000000000 ) ) ;
#3619 = LINE ( 'NONE', #826, #680 ) ;
#3620 = EDGE_LOOP ( 'NONE', ( #280, #2253, #3205, #3278 ) ) ;
#3621 = EDGE_CURVE ( 'NONE', #387, #998, #3077, .T. ) ;
#3622 = ORIENTED_EDGE ( 'NONE', *, *, #898, .T. ) ;
#3623 = DIRECTION ( 'NONE',  ( 0.000000000000000000, 0.000000000000000000, 1.000000000000000000 ) ) ;
#3624 = CARTESIAN_POINT ( 'NONE',  ( -116.4499999999999886, -26.10770651812810073, 20.25000000000153477 ) ) ;
#3625 = CIRCLE ( 'NONE', #2531, 0.9000000000019044988 ) ;
#3626 = ORIENTED_EDGE ( 'NONE', *, *, #13, .F. ) ;
#3627 = CARTESIAN_POINT ( 'NONE',  ( -90.44999999999997442, -4.500338972710011376, -7.949497572824773428 ) ) ;
#3628 = AXIS2_PLACEMENT_3D ( 'NONE', #431, #3541, #1352 ) ;
#3629 = ORIENTED_EDGE ( 'NONE', *, *, #904, .F. ) ;
#3630 = PLANE ( 'NONE',  #2865 ) ;
ENDSEC;
END-ISO-10303-21;
