ISO-10303-21;
HEADER;
FILE_DESCRIPTION (( 'STEP AP214' ),
    '1' );
FILE_NAME ('Thigh-housing-left-v2.STEP',
    '2026-02-27T12:26:22',
    ( '' ),
    ( '' ),
    'SwSTEP 2.0',
    'SolidWorks 2025',
    '' );
FILE_SCHEMA (( 'AUTOMOTIVE_DESIGN' ));
ENDSEC;

DATA;
#1 = CARTESIAN_POINT ( 'NONE',  ( 1.020000000025375719, -16.13517866272587042, 11.82003704497813601 ) ) ;
#2 = EDGE_CURVE ( 'NONE', #6138, #2822, #5201, .T. ) ;
#3 = CARTESIAN_POINT ( 'NONE',  ( 3.500000000000000000, 0.000000000000000000, 4.099999999999999645 ) ) ;
#4 = CARTESIAN_POINT ( 'NONE',  ( -0.2500000000001022515, -71.00000000000002842, -20.24999999999998579 ) ) ;
#5 = VERTEX_POINT ( 'NONE', #316 ) ;
#6 = ORIENTED_EDGE ( 'NONE', *, *, #6082, .F. ) ;
#7 = CARTESIAN_POINT ( 'NONE',  ( 57.08623742806174306, -3.727404654646071958, 23.70605424221579227 ) ) ;
#8 = EDGE_CURVE ( 'NONE', #223, #3856, #6824, .T. ) ;
#9 = CARTESIAN_POINT ( 'NONE',  ( 59.39999999999999147, -67.24999999999998579, 20.25000000000001421 ) ) ;
#10 = VERTEX_POINT ( 'NONE', #4619 ) ;
#11 = FACE_OUTER_BOUND ( 'NONE', #4225, .T. ) ;
#12 = LINE ( 'NONE', #2899, #5716 ) ;
#13 = FACE_OUTER_BOUND ( 'NONE', #493, .T. ) ;
#14 = ADVANCED_FACE ( 'NONE', ( #4171 ), #1922, .F. ) ;
#15 = CARTESIAN_POINT ( 'NONE',  ( 3.782054103281776936, -1.626029201458719209, -20.06636519151722808 ) ) ;
#16 = ORIENTED_EDGE ( 'NONE', *, *, #2887, .T. ) ;
#17 = EDGE_CURVE ( 'NONE', #5873, #6621, #5761, .T. ) ;
#18 = ORIENTED_EDGE ( 'NONE', *, *, #483, .T. ) ;
#19 = VERTEX_POINT ( 'NONE', #6364 ) ;
#20 = VECTOR ( 'NONE', #21, 1000.000000000000000 ) ;
#21 = DIRECTION ( 'NONE',  ( -0.08688894065010210888, -0.000000000000000000, 0.9962180042504266142 ) ) ;
#22 = DIRECTION ( 'NONE',  ( 0.000000000000000000, 1.182668467503926991E-06, -0.9999999999993006705 ) ) ;
#23 = EDGE_CURVE ( 'NONE', #6560, #857, #1881, .T. ) ;
#24 = VERTEX_POINT ( 'NONE', #3516 ) ;
#25 = DIRECTION ( 'NONE',  ( 0.000000000000000000, -0.000000000000000000, 1.000000000000000000 ) ) ;
#26 = EDGE_CURVE ( 'NONE', #19, #2706, #4057, .T. ) ;
#27 = CARTESIAN_POINT ( 'NONE',  ( 38.41413931812409999, -43.17851648078251259, 11.86000115217198037 ) ) ;
#28 = FACE_OUTER_BOUND ( 'NONE', #126, .T. ) ;
#29 = CARTESIAN_POINT ( 'NONE',  ( 40.07000000001264794, -23.25000000000000711, 23.87063664370447924 ) ) ;
#30 = LINE ( 'NONE', #2817, #4150 ) ;
#31 = FACE_OUTER_BOUND ( 'NONE', #3376, .T. ) ;
#32 = CARTESIAN_POINT ( 'NONE',  ( 13.50000000000000178, 0.000000000000000000, 4.099999999999999645 ) ) ;
#33 = DIRECTION ( 'NONE',  ( 0.000000000000000000, 0.000000000000000000, -1.000000000000000000 ) ) ;
#34 = VECTOR ( 'NONE', #5686, 1000.000000000000000 ) ;
#35 = ORIENTED_EDGE ( 'NONE', *, *, #1459, .T. ) ;
#36 = CARTESIAN_POINT ( 'NONE',  ( 38.41413931812409999, -38.88999999619777981, -10.80000000000469740 ) ) ;
#37 = DIRECTION ( 'NONE',  ( 1.000000000000000000, -0.000000000000000000, -0.000000000000000000 ) ) ;
#38 = AXIS2_PLACEMENT_3D ( 'NONE', #5292, #4853, #4297 ) ;
#39 = CARTESIAN_POINT ( 'NONE',  ( 50.03522155753238110, -67.25000000000000000, 22.77902761317091773 ) ) ;
#40 = DIRECTION ( 'NONE',  ( 0.000000000000000000, 0.000000000000000000, 1.000000000000000000 ) ) ;
#41 = VECTOR ( 'NONE', #3140, 1000.000000000000000 ) ;
#42 = EDGE_LOOP ( 'NONE', ( #5228, #6779, #7145, #5573 ) ) ;
#43 = CARTESIAN_POINT ( 'NONE',  ( 55.89999999999999858, 0.000000000000000000, 0.000000000000000000 ) ) ;
#44 = ORIENTED_EDGE ( 'NONE', *, *, #5244, .T. ) ;
#45 = ORIENTED_EDGE ( 'NONE', *, *, #3448, .T. ) ;
#46 = ADVANCED_FACE ( 'NONE', ( #5268 ), #6264, .T. ) ;
#47 = CARTESIAN_POINT ( 'NONE',  ( 3.500000000000000000, -19.75000000000000355, -12.55999904183487637 ) ) ;
#48 = AXIS2_PLACEMENT_3D ( 'NONE', #2529, #1005, #4240 ) ;
#49 = EDGE_CURVE ( 'NONE', #1602, #5180, #3616, .T. ) ;
#50 = CARTESIAN_POINT ( 'NONE',  ( 55.89999999999999858, 0.000000000000000000, 0.000000000000000000 ) ) ;
#51 = VECTOR ( 'NONE', #1408, 1000.000000000000000 ) ;
#52 = FACE_OUTER_BOUND ( 'NONE', #2478, .T. ) ;
#53 = CARTESIAN_POINT ( 'NONE',  ( 3.828562801722851017, -1.648953455744797569, -20.10607116466633926 ) ) ;
#54 = ORIENTED_EDGE ( 'NONE', *, *, #221, .F. ) ;
#55 = EDGE_LOOP ( 'NONE', ( #4377, #7054, #4701, #5996 ) ) ;
#56 = CARTESIAN_POINT ( 'NONE',  ( 59.39999999999999858, -43.02999999999998693, 15.24999999999999289 ) ) ;
#57 = EDGE_CURVE ( 'NONE', #5541, #3153, #1385, .T. ) ;
#58 = VECTOR ( 'NONE', #5452, 1000.000000000000000 ) ;
#59 = CARTESIAN_POINT ( 'NONE',  ( 0.000000000000000000, 5.021051876504147385E-16, -4.099999999999999645 ) ) ;
#60 = ORIENTED_EDGE ( 'NONE', *, *, #3283, .T. ) ;
#61 = CARTESIAN_POINT ( 'NONE',  ( -0.8000000000000020428, -15.60747117984326948, 11.55874418326229858 ) ) ;
#62 = AXIS2_PLACEMENT_3D ( 'NONE', #86, #1817, #2292 ) ;
#63 = DIRECTION ( 'NONE',  ( 0.000000000000000000, 0.000000000000000000, -1.000000000000000000 ) ) ;
#64 = EDGE_CURVE ( 'NONE', #6573, #159, #5168, .T. ) ;
#65 = CARTESIAN_POINT ( 'NONE',  ( 8.500000000000003553, -3.942635539838801328, -1.125000000000000444 ) ) ;
#66 = LINE ( 'NONE', #2857, #4964 ) ;
#67 = ORIENTED_EDGE ( 'NONE', *, *, #5725, .T. ) ;
#68 = CARTESIAN_POINT ( 'NONE',  ( 59.39999999999999858, -43.02999999999998693, -18.24999999999998579 ) ) ;
#69 = VECTOR ( 'NONE', #4736, 1000.000000000000000 ) ;
#70 = AXIS2_PLACEMENT_3D ( 'NONE', #4874, #4360, #6550 ) ;
#71 = DIRECTION ( 'NONE',  ( 0.7071067811865527908, 0.7071067811865422437, 0.000000000000000000 ) ) ;
#72 = ORIENTED_EDGE ( 'NONE', *, *, #6787, .T. ) ;
#73 = EDGE_LOOP ( 'NONE', ( #1797, #1116, #3685, #1389 ) ) ;
#74 = DIRECTION ( 'NONE',  ( 0.000000000000000000, 0.000000000000000000, 1.000000000000000000 ) ) ;
#75 = VERTEX_POINT ( 'NONE', #1373 ) ;
#76 = EDGE_CURVE ( 'NONE', #4031, #822, #1161, .T. ) ;
#77 = CARTESIAN_POINT ( 'NONE',  ( -0.8000000000000020428, -15.03977988296545654, 10.55684471750548070 ) ) ;
#78 = CARTESIAN_POINT ( 'NONE',  ( 63.15100000000033020, -79.53999999999987836, -4.757139680021170548E-15 ) ) ;
#79 = PLANE ( 'NONE',  #6978 ) ;
#80 = CYLINDRICAL_SURFACE ( 'NONE', #487, 1.149999999999998135 ) ;
#81 = CARTESIAN_POINT ( 'NONE',  ( -3.673940397442063812E-16, -67.25000000000000000, 20.24999999999999645 ) ) ;
#82 = ORIENTED_EDGE ( 'NONE', *, *, #4848, .F. ) ;
#83 = DIRECTION ( 'NONE',  ( 0.000000000000000000, -1.000000000000000000, 0.000000000000000000 ) ) ;
#84 = ORIENTED_EDGE ( 'NONE', *, *, #5024, .T. ) ;
#85 = CYLINDRICAL_SURFACE ( 'NONE', #1666, 3.750000000000000888 ) ;
#86 = CARTESIAN_POINT ( 'NONE',  ( 38.41413931812409999, -43.17840353941161169, -11.85999537889485644 ) ) ;
#87 = CARTESIAN_POINT ( 'NONE',  ( 57.39999999999999858, -43.02999999999998693, -10.24999999999998401 ) ) ;
#88 = VERTEX_POINT ( 'NONE', #3582 ) ;
#89 = ORIENTED_EDGE ( 'NONE', *, *, #6334, .T. ) ;
#90 = CARTESIAN_POINT ( 'NONE',  ( 7.932917493105025031, -3.980924972311563170, -0.9826638238355953625 ) ) ;
#91 = DIRECTION ( 'NONE',  ( 0.7071067811865527908, 0.7071067811865422437, 0.000000000000000000 ) ) ;
#92 = ORIENTED_EDGE ( 'NONE', *, *, #4161, .F. ) ;
#93 = EDGE_CURVE ( 'NONE', #2896, #1916, #4202, .T. ) ;
#94 = EDGE_LOOP ( 'NONE', ( #1462, #4994, #1057, #1047 ) ) ;
#95 = DIRECTION ( 'NONE',  ( 1.000000000000000000, -2.529146437248130062E-15, 2.920409892216848119E-16 ) ) ;
#96 = DIRECTION ( 'NONE',  ( 0.000000000000000000, 0.000000000000000000, -1.000000000000000000 ) ) ;
#97 = CIRCLE ( 'NONE', #2635, 8.000000000000000000 ) ;
#98 = DIRECTION ( 'NONE',  ( -0.000000000000000000, 1.000000000000000000, 4.127223139870470387E-16 ) ) ;
#99 = DIRECTION ( 'NONE',  ( 0.000000000000000000, -1.000000000000000000, 0.000000000000000000 ) ) ;
#100 = ORIENTED_EDGE ( 'NONE', *, *, #5126, .F. ) ;
#101 = DIRECTION ( 'NONE',  ( -0.9962180042504268362, 0.000000000000000000, 0.08688894065010013823 ) ) ;
#102 = ADVANCED_FACE ( 'NONE', ( #3065 ), #727, .F. ) ;
#103 = CARTESIAN_POINT ( 'NONE',  ( -0.2500000000000279776, -88.21000000000016428, 17.70000000000003126 ) ) ;
#104 = VECTOR ( 'NONE', #2488, 1000.000000000000000 ) ;
#105 = FACE_BOUND ( 'NONE', #1528, .T. ) ;
#106 = LINE ( 'NONE', #1661, #5068 ) ;
#107 = CARTESIAN_POINT ( 'NONE',  ( 8.795909674583102245, -3.951428512349879352, -1.095261249938893400 ) ) ;
#108 = DIRECTION ( 'NONE',  ( 0.000000000000000000, 5.248785101291397186E-16, -1.000000000000000000 ) ) ;
#109 = CARTESIAN_POINT ( 'NONE',  ( 9.364778442467656561, -67.24999999999998579, -22.77902761317091063 ) ) ;
#110 = ORIENTED_EDGE ( 'NONE', *, *, #5687, .F. ) ;
#111 = DIRECTION ( 'NONE',  ( 2.504354313910180939E-15, 1.000000000000000000, 0.000000000000000000 ) ) ;
#112 = VERTEX_POINT ( 'NONE', #2559 ) ;
#113 = EDGE_LOOP ( 'NONE', ( #5469, #7091, #4437, #993, #3995, #4058 ) ) ;
#114 = DIRECTION ( 'NONE',  ( 0.000000000000000000, 0.000000000000000000, -1.000000000000000000 ) ) ;
#115 = ORIENTED_EDGE ( 'NONE', *, *, #4385, .F. ) ;
#116 = FACE_OUTER_BOUND ( 'NONE', #1200, .T. ) ;
#117 = DIRECTION ( 'NONE',  ( 0.000000000000000000, 0.000000000000000000, 1.000000000000000000 ) ) ;
#118 = DIRECTION ( 'NONE',  ( 0.000000000000000000, 0.000000000000000000, -1.000000000000000000 ) ) ;
#119 = VERTEX_POINT ( 'NONE', #3756 ) ;
#120 = ORIENTED_EDGE ( 'NONE', *, *, #6375, .T. ) ;
#121 = EDGE_LOOP ( 'NONE', ( #6159, #5314, #6448, #527 ) ) ;
#122 = CIRCLE ( 'NONE', #3112, 5.000000000000000000 ) ;
#123 = CARTESIAN_POINT ( 'NONE',  ( 55.66055478701430559, -1.570132692542024033, 19.96954959810775776 ) ) ;
#124 = PLANE ( 'NONE',  #4855 ) ;
#125 = ORIENTED_EDGE ( 'NONE', *, *, #6860, .F. ) ;
#126 = EDGE_LOOP ( 'NONE', ( #1553, #2602, #129, #3230 ) ) ;
#127 = DIRECTION ( 'NONE',  ( 0.000000000000000000, 1.000000000000000000, 5.248785101291397186E-16 ) ) ;
#128 = ADVANCED_FACE ( 'NONE', ( #2671 ), #2047, .T. ) ;
#129 = ORIENTED_EDGE ( 'NONE', *, *, #1418, .T. ) ;
#130 = CARTESIAN_POINT ( 'NONE',  ( -0.8000000000000020428, -16.52954290413744332, -11.86002913982032503 ) ) ;
#131 = EDGE_CURVE ( 'NONE', #6207, #3046, #6434, .T. ) ;
#132 = DIRECTION ( 'NONE',  ( 0.000000000000000000, 0.000000000000000000, -1.000000000000000000 ) ) ;
#133 = DIRECTION ( 'NONE',  ( 1.000000000000000000, -0.000000000000000000, -0.000000000000000000 ) ) ;
#134 = ORIENTED_EDGE ( 'NONE', *, *, #5867, .T. ) ;
#135 = LINE ( 'NONE', #4021, #1411 ) ;
#136 = DIRECTION ( 'NONE',  ( -0.000000000000000000, 1.000000000000000000, 4.127223139870470387E-16 ) ) ;
#137 = CARTESIAN_POINT ( 'NONE',  ( 63.15100000000034441, -86.63999999999987267, -5.626638907415791520E-15 ) ) ;
#138 = CARTESIAN_POINT ( 'NONE',  ( -0.8000000000000000444, -15.02996549883271982, 10.36041478471158506 ) ) ;
#139 = CYLINDRICAL_SURFACE ( 'NONE', #6749, 2.250000000000000000 ) ;
#140 = EDGE_CURVE ( 'NONE', #3192, #4280, #1477, .T. ) ;
#141 = LINE ( 'NONE', #5831, #279 ) ;
#142 = EDGE_CURVE ( 'NONE', #2997, #10, #3096, .T. ) ;
#143 = CARTESIAN_POINT ( 'NONE',  ( 36.07000000001264794, -73.25000000000000000, 26.00793539950937827 ) ) ;
#144 = EDGE_LOOP ( 'NONE', ( #6483, #5357, #4062, #5856 ) ) ;
#145 = CARTESIAN_POINT ( 'NONE',  ( 55.89999999999999858, -43.02999999999998693, -15.24999999999998757 ) ) ;
#146 = VECTOR ( 'NONE', #7128, 1000.000000000000000 ) ;
#147 = ORIENTED_EDGE ( 'NONE', *, *, #2260, .T. ) ;
#148 = VECTOR ( 'NONE', #4655, 1000.000000000000000 ) ;
#149 = DIRECTION ( 'NONE',  ( 0.000000000000000000, -3.832900158126043952E-16, 1.000000000000000000 ) ) ;
#150 = EDGE_CURVE ( 'NONE', #6305, #674, #6135, .T. ) ;
#151 = LINE ( 'NONE', #5021, #4454 ) ;
#152 = ADVANCED_FACE ( 'NONE', ( #6465, #346, #5330, #965, #2597, #4898, #3684, #2714 ), #5941, .F. ) ;
#153 = ORIENTED_EDGE ( 'NONE', *, *, #408, .T. ) ;
#154 = CARTESIAN_POINT ( 'NONE',  ( 38.41413931812409999, -43.67851763289844769, 11.35999220644692009 ) ) ;
#155 = ADVANCED_FACE ( 'NONE', ( #3714 ), #4790, .F. ) ;
#156 = AXIS2_PLACEMENT_3D ( 'NONE', #5899, #7034, #3121 ) ;
#157 = ADVANCED_FACE ( 'NONE', ( #4938 ), #4829, .F. ) ;
#158 = DIRECTION ( 'NONE',  ( 0.000000000000000000, 0.000000000000000000, 1.000000000000000000 ) ) ;
#159 = VERTEX_POINT ( 'NONE', #381 ) ;
#160 = CIRCLE ( 'NONE', #6862, 5.000000000000000888 ) ;
#161 = CARTESIAN_POINT ( 'NONE',  ( 55.89999999999999858, -8.125000000000000000, 0.000000000000000000 ) ) ;
#162 = CARTESIAN_POINT ( 'NONE',  ( -2.000000000000001776, -49.63999999999779789, 5.107025913275720086E-12 ) ) ;
#163 = AXIS2_PLACEMENT_3D ( 'NONE', #5439, #459, #2667 ) ;
#164 = AXIS2_PLACEMENT_3D ( 'NONE', #616, #6083, #2275 ) ;
#165 = ADVANCED_FACE ( 'NONE', ( #5910 ), #421, .F. ) ;
#166 = ORIENTED_EDGE ( 'NONE', *, *, #833, .T. ) ;
#167 = AXIS2_PLACEMENT_3D ( 'NONE', #423, #3134, #507 ) ;
#168 = ORIENTED_EDGE ( 'NONE', *, *, #1849, .T. ) ;
#169 = CARTESIAN_POINT ( 'NONE',  ( 36.07000000001264794, -23.25000000000000711, 0.000000000000000000 ) ) ;
#170 = DIRECTION ( 'NONE',  ( 0.000000000000000000, 0.000000000000000000, -1.000000000000000000 ) ) ;
#171 = VECTOR ( 'NONE', #5523, 1000.000000000000000 ) ;
#172 = CARTESIAN_POINT ( 'NONE',  ( 62.91776695296638877, -67.26776695296629782, 20.25000000000001421 ) ) ;
#174 = ORIENTED_EDGE ( 'NONE', *, *, #1340, .F. ) ;
#173 = DIRECTION ( 'NONE',  ( 7.347936464463195819E-15, 7.919019609369661399E-15, 1.000000000000000000 ) ) ;
#175 = ORIENTED_EDGE ( 'NONE', *, *, #4769, .F. ) ;
#176 = DIRECTION ( 'NONE',  ( 0.7071067811865422437, 0.7071067811865527908, 1.690599291620206140E-16 ) ) ;
#177 = VECTOR ( 'NONE', #1651, 1000.000000000000000 ) ;
#178 = DIRECTION ( 'NONE',  ( 0.000000000000000000, 0.000000000000000000, -1.000000000000000000 ) ) ;
#179 = LINE ( 'NONE', #1339, #2378 ) ;
#180 = CARTESIAN_POINT ( 'NONE',  ( -0.8000000000000000444, -49.64000000000250878, -4.391820240812112655E-12 ) ) ;
#181 = DIRECTION ( 'NONE',  ( -2.033631237309899163E-15, -0.7071067811865514585, 0.7071067811865435759 ) ) ;
#182 = AXIS2_PLACEMENT_3D ( 'NONE', #4173, #3618, #2531 ) ;
#183 = CARTESIAN_POINT ( 'NONE',  ( 3.500000000000000000, -13.50000000000000000, 13.24999999999999822 ) ) ;
#184 = DIRECTION ( 'NONE',  ( 0.000000000000000000, 0.000000000000000000, -1.000000000000000000 ) ) ;
#185 = EDGE_CURVE ( 'NONE', #1424, #930, #3465, .T. ) ;
#186 = LINE ( 'NONE', #47, #6198 ) ;
#187 = DIRECTION ( 'NONE',  ( 7.353719082945160989E-15, 0.000000000000000000, 1.000000000000000000 ) ) ;
#188 = PLANE ( 'NONE',  #3752 ) ;
#189 = DIRECTION ( 'NONE',  ( 0.000000000000000000, 0.000000000000000000, -1.000000000000000000 ) ) ;
#190 = ORIENTED_EDGE ( 'NONE', *, *, #4317, .F. ) ;
#191 = ADVANCED_FACE ( 'NONE', ( #4382 ), #1616, .F. ) ;
#192 = LINE ( 'NONE', #1856, #415 ) ;
#193 = CIRCLE ( 'NONE', #5185, 1.149999999999999911 ) ;
#194 = LINE ( 'NONE', #6311, #4071 ) ;
#195 = EDGE_LOOP ( 'NONE', ( #504, #1550 ) ) ;
#196 = CARTESIAN_POINT ( 'NONE',  ( 29.69999999999999929, -23.25000000000000355, 24.25227219979916882 ) ) ;
#197 = EDGE_CURVE ( 'NONE', #6732, #5497, #6773, .T. ) ;
#198 = DIRECTION ( 'NONE',  ( -0.000000000000000000, 1.000000000000000000, -0.000000000000000000 ) ) ;
#199 = LINE ( 'NONE', #2411, #284 ) ;
#200 = DIRECTION ( 'NONE',  ( -1.000000000000000000, 0.000000000000000000, 0.000000000000000000 ) ) ;
#201 = EDGE_LOOP ( 'NONE', ( #3831, #6948, #2069, #1250, #2770, #5591, #6847, #7140, #6321, #3211, #5290, #3893, #5990, #2416 ) ) ;
#202 = DIRECTION ( 'NONE',  ( 1.070137257056862091E-15, 0.7071067811865522357, 0.7071067811865426878 ) ) ;
#203 = ORIENTED_EDGE ( 'NONE', *, *, #3013, .F. ) ;
#204 = EDGE_LOOP ( 'NONE', ( #6994, #1675, #4698, #1592, #4264, #1999, #203, #2685, #6822, #4865, #3120, #6695 ) ) ;
#205 = ORIENTED_EDGE ( 'NONE', *, *, #2887, .F. ) ;
#206 = FACE_OUTER_BOUND ( 'NONE', #5123, .T. ) ;
#207 = AXIS2_PLACEMENT_3D ( 'NONE', #3429, #5653, #686 ) ;
#208 = FACE_BOUND ( 'NONE', #6322, .T. ) ;
#209 = DIRECTION ( 'NONE',  ( 1.000000000000000000, 0.000000000000000000, 0.000000000000000000 ) ) ;
#210 = DIRECTION ( 'NONE',  ( 0.000000000000000000, 0.000000000000000000, -1.000000000000000000 ) ) ;
#211 = CIRCLE ( 'NONE', #6698, 11.05841992757138392 ) ;
#212 = FACE_OUTER_BOUND ( 'NONE', #6490, .T. ) ;
#213 = ORIENTED_EDGE ( 'NONE', *, *, #6049, .T. ) ;
#214 = EDGE_CURVE ( 'NONE', #5308, #5437, #6613, .T. ) ;
#215 = LINE ( 'NONE', #347, #1344 ) ;
#216 = EDGE_CURVE ( 'NONE', #2937, #746, #6332, .T. ) ;
#217 = CARTESIAN_POINT ( 'NONE',  ( 55.89999999999999858, 0.000000000000000000, -8.125000000000000000 ) ) ;
#218 = CARTESIAN_POINT ( 'NONE',  ( 57.89999999999999858, 8.125000000000000000, 2.250000000000000000 ) ) ;
#219 = ADVANCED_FACE ( 'NONE', ( #6153 ), #7161, .F. ) ;
#220 = FACE_OUTER_BOUND ( 'NONE', #3588, .T. ) ;
#221 = EDGE_CURVE ( 'NONE', #4155, #4664, #4569, .T. ) ;
#222 = ORIENTED_EDGE ( 'NONE', *, *, #4061, .F. ) ;
#223 = VERTEX_POINT ( 'NONE', #1080 ) ;
#224 = CARTESIAN_POINT ( 'NONE',  ( 9.192026167667135539, 7.950009002729041541, 0.8990062635109281608 ) ) ;
#225 = CARTESIAN_POINT ( 'NONE',  ( 59.65000000000004832, -88.21000000000016428, 17.70000000000002061 ) ) ;
#226 = EDGE_CURVE ( 'NONE', #6474, #119, #3286, .T. ) ;
#227 = ADVANCED_FACE ( 'NONE', ( #2237 ), #2821, .F. ) ;
#228 = DIRECTION ( 'NONE',  ( 0.000000000000000000, 0.000000000000000000, 1.000000000000000000 ) ) ;
#229 = VERTEX_POINT ( 'NONE', #2276 ) ;
#230 = DIRECTION ( 'NONE',  ( 0.000000000000000000, 0.000000000000000000, 1.000000000000000000 ) ) ;
#231 = DIRECTION ( 'NONE',  ( -0.000000000000000000, 1.000000000000000000, -0.000000000000000000 ) ) ;
#232 = ORIENTED_EDGE ( 'NONE', *, *, #3500, .T. ) ;
#233 = LINE ( 'NONE', #1867, #1215 ) ;
#234 = VECTOR ( 'NONE', #2199, 1000.000000000000000 ) ;
#235 = EDGE_CURVE ( 'NONE', #6474, #2320, #6718, .T. ) ;
#236 = CARTESIAN_POINT ( 'NONE',  ( 34.51999872291127502, -23.25000000000000355, -12.55999904183487637 ) ) ;
#237 = ORIENTED_EDGE ( 'NONE', *, *, #4571, .T. ) ;
#238 = VERTEX_POINT ( 'NONE', #4465 ) ;
#239 = CARTESIAN_POINT ( 'NONE',  ( -0.8000000000000000444, -60.75000000000000711, 13.25000000000000355 ) ) ;
#240 = ORIENTED_EDGE ( 'NONE', *, *, #3214, .F. ) ;
#241 = ORIENTED_EDGE ( 'NONE', *, *, #4546, .F. ) ;
#242 = CARTESIAN_POINT ( 'NONE',  ( 3.500000000000000000, 0.000000000000000000, 0.000000000000000000 ) ) ;
#243 = CARTESIAN_POINT ( 'NONE',  ( 59.39999999999999858, -56.24999999999998579, 18.24999999999998934 ) ) ;
#244 = VECTOR ( 'NONE', #4995, 1000.000000000000000 ) ;
#245 = ORIENTED_EDGE ( 'NONE', *, *, #4105, .F. ) ;
#246 = DIRECTION ( 'NONE',  ( -0.7071067811865449082, 0.7071067811865501263, 1.690599291620215754E-16 ) ) ;
#247 = ORIENTED_EDGE ( 'NONE', *, *, #3144, .T. ) ;
#248 = CARTESIAN_POINT ( 'NONE',  ( 40.07000000001264794, -73.25000000000000000, 0.000000000000000000 ) ) ;
#249 = ORIENTED_EDGE ( 'NONE', *, *, #2040, .F. ) ;
#250 = DIRECTION ( 'NONE',  ( 1.000000000000000000, -0.000000000000000000, -0.000000000000000000 ) ) ;
#251 = DIRECTION ( 'NONE',  ( 0.000000000000000000, 1.000000000000000000, 0.000000000000000000 ) ) ;
#252 = CARTESIAN_POINT ( 'NONE',  ( 3.500000000000000000, 0.000000000000000000, 0.000000000000000000 ) ) ;
#253 = EDGE_LOOP ( 'NONE', ( #3331, #3293 ) ) ;
#254 = DIRECTION ( 'NONE',  ( -1.000000000000000000, -0.000000000000000000, -0.000000000000000000 ) ) ;
#255 = CARTESIAN_POINT ( 'NONE',  ( 9.364778442467656561, -3.192185580821016444, -22.77902761317088220 ) ) ;
#256 = FACE_BOUND ( 'NONE', #2441, .T. ) ;
#257 = ORIENTED_EDGE ( 'NONE', *, *, #1837, .T. ) ;
#258 = CARTESIAN_POINT ( 'NONE',  ( 8.794921572155715239, 7.924825341833287240, 1.095623858659704908 ) ) ;
#259 = VECTOR ( 'NONE', #6009, 1000.000000000000000 ) ;
#260 = CARTESIAN_POINT ( 'NONE',  ( -3.673940397442063812E-16, -67.25000000000000000, 20.24999999999999645 ) ) ;
#261 = AXIS2_PLACEMENT_3D ( 'NONE', #1397, #5349, #370 ) ;
#262 = SHAPE_DEFINITION_REPRESENTATION ( #5398, #4633 ) ;
#263 = CARTESIAN_POINT ( 'NONE',  ( 3.735903773857076615, -67.25000000000000000, 19.95473532107411785 ) ) ;
#264 = AXIS2_PLACEMENT_3D ( 'NONE', #5413, #426, #4871 ) ;
#265 = ORIENTED_EDGE ( 'NONE', *, *, #6989, .F. ) ;
#266 = PLANE ( 'NONE',  #2574 ) ;
#267 = VECTOR ( 'NONE', #2196, 1000.000000000000000 ) ;
#268 = EDGE_CURVE ( 'NONE', #1742, #2616, #5590, .T. ) ;
#269 = DIRECTION ( 'NONE',  ( 0.000000000000000000, -1.000000000000000000, 0.000000000000000000 ) ) ;
#270 = VECTOR ( 'NONE', #4863, 1000.000000000000000 ) ;
#271 = DIRECTION ( 'NONE',  ( -1.000000000000000000, 3.478120569333522285E-15, 7.346553920761778045E-15 ) ) ;
#272 = AXIS2_PLACEMENT_3D ( 'NONE', #731, #831, #2932 ) ;
#273 = CARTESIAN_POINT ( 'NONE',  ( 38.41413931812409999, -41.34000000000252584, -11.40000000000473257 ) ) ;
#274 = AXIS2_PLACEMENT_3D ( 'NONE', #804, #771, #6268 ) ;
#275 = VERTEX_POINT ( 'NONE', #4499 ) ;
#276 = DIRECTION ( 'NONE',  ( -1.000000000000000000, -0.000000000000000000, -0.000000000000000000 ) ) ;
#277 = DIRECTION ( 'NONE',  ( 3.469446951953611033E-15, -1.000000000000000000, 0.000000000000000000 ) ) ;
#278 = ADVANCED_FACE ( 'NONE', ( #1229, #660, #105 ), #3874, .F. ) ;
#279 = VECTOR ( 'NONE', #6777, 1000.000000000000000 ) ;
#280 = CARTESIAN_POINT ( 'NONE',  ( -0.8000000000000020428, -15.21944764235372993, -11.11534759458924171 ) ) ;
#281 = DIRECTION ( 'NONE',  ( -0.000000000000000000, 1.000000000000000000, -0.000000000000000000 ) ) ;
#282 = EDGE_CURVE ( 'NONE', #6103, #3872, #4533, .T. ) ;
#283 = FACE_OUTER_BOUND ( 'NONE', #2056, .T. ) ;
#284 = VECTOR ( 'NONE', #1256, 1000.000000000000000 ) ;
#285 = LINE ( 'NONE', #2501, #6281 ) ;
#286 = DIRECTION ( 'NONE',  ( -1.000000000000000000, -0.000000000000000000, -0.000000000000000000 ) ) ;
#287 = DIRECTION ( 'NONE',  ( -1.000000000000000000, -0.000000000000000000, -0.000000000000000000 ) ) ;
#288 = VECTOR ( 'NONE', #1710, 1000.000000000000000 ) ;
#289 = PRESENTATION_LAYER_ASSIGNMENT (  '', '', ( #3753 ) ) ;
#290 = LINE ( 'NONE', #2673, #2823 ) ;
#291 = PLANE ( 'NONE',  #7095 ) ;
#292 = DIRECTION ( 'NONE',  ( -1.000000000000000000, -0.000000000000000000, -0.000000000000000000 ) ) ;
#293 = VECTOR ( 'NONE', #7088, 1000.000000000000000 ) ;
#294 = EDGE_LOOP ( 'NONE', ( #2054, #2086, #3493, #814 ) ) ;
#295 = CARTESIAN_POINT ( 'NONE',  ( 9.483074033617171494, 7.981084689631958717, 0.5662689197559216403 ) ) ;
#296 = LINE ( 'NONE', #4181, #259 ) ;
#297 = DIRECTION ( 'NONE',  ( 0.000000000000000000, 0.000000000000000000, -1.000000000000000000 ) ) ;
#298 = VERTEX_POINT ( 'NONE', #1696 ) ;
#299 = CARTESIAN_POINT ( 'NONE',  ( 57.15000000000009095, -72.03553390593276617, 20.25000000000001421 ) ) ;
#300 = ORIENTED_EDGE ( 'NONE', *, *, #5325, .T. ) ;
#301 = CARTESIAN_POINT ( 'NONE',  ( 3.500000000000010214, -67.24999999999998579, 20.25000000000001421 ) ) ;
#302 = CARTESIAN_POINT ( 'NONE',  ( 38.41413931812409999, -32.11500000000139465, -10.80000000000469740 ) ) ;
#303 = CARTESIAN_POINT ( 'NONE',  ( 9.625100333867537827, -8.000014109446958344, 0.1479618409372883137 ) ) ;
#304 = EDGE_CURVE ( 'NONE', #4710, #7102, #3359, .T. ) ;
#305 = VERTEX_POINT ( 'NONE', #1768 ) ;
#306 = CARTESIAN_POINT ( 'NONE',  ( 38.41413931812409999, -20.93691467460053346, 9.442286694052302920 ) ) ;
#307 = ORIENTED_EDGE ( 'NONE', *, *, #216, .F. ) ;
#308 = ORIENTED_EDGE ( 'NONE', *, *, #1128, .F. ) ;
#309 = CARTESIAN_POINT ( 'NONE',  ( 6.025412262023917442, -16.71712313639177339, -46.20490662861620024 ) ) ;
#310 = DIRECTION ( 'NONE',  ( 0.000000000000000000, 0.000000000000000000, -1.000000000000000000 ) ) ;
#311 = DIRECTION ( 'NONE',  ( 0.000000000000000000, 0.000000000000000000, -1.000000000000000000 ) ) ;
#312 = ORIENTED_EDGE ( 'NONE', *, *, #6694, .T. ) ;
#313 = DIRECTION ( 'NONE',  ( 1.000000000000000000, 0.000000000000000000, 0.000000000000000000 ) ) ;
#314 = EDGE_CURVE ( 'NONE', #4595, #2286, #3982, .T. ) ;
#315 = CARTESIAN_POINT ( 'NONE',  ( -2.000000000000000000, 0.000000000000000000, 0.000000000000000000 ) ) ;
#316 = CARTESIAN_POINT ( 'NONE',  ( -4.250000000000035527, -69.03553390593266670, -20.24999999999998579 ) ) ;
#317 = DIRECTION ( 'NONE',  ( 0.000000000000000000, 1.000000000000000000, 0.000000000000000000 ) ) ;
#318 = DIRECTION ( 'NONE',  ( 0.000000000000000000, 0.000000000000000000, -1.000000000000000000 ) ) ;
#319 = CIRCLE ( 'NONE', #6804, 141.0803369579429614 ) ;
#320 = DIRECTION ( 'NONE',  ( 0.000000000000000000, 0.000000000000000000, -1.000000000000000000 ) ) ;
#321 = VERTEX_POINT ( 'NONE', #690 ) ;
#322 = CARTESIAN_POINT ( 'NONE',  ( -22.41666666666665364, -40.83333333333332860, -6.666666666666676733 ) ) ;
#323 = ADVANCED_FACE ( 'NONE', ( #2888 ), #5127, .F. ) ;
#324 = EDGE_LOOP ( 'NONE', ( #6830, #1669, #1578, #5114, #2306 ) ) ;
#325 = AXIS2_PLACEMENT_3D ( 'NONE', #1363, #3567, #1801 ) ;
#326 = CARTESIAN_POINT ( 'NONE',  ( 59.39999999999999858, 0.000000000000000000, 8.125000000000000000 ) ) ;
#327 = CARTESIAN_POINT ( 'NONE',  ( 38.41413931812409999, -32.11500000000251731, 9.303042912640844264 ) ) ;
#328 = VERTEX_POINT ( 'NONE', #545 ) ;
#329 = LINE ( 'NONE', #4566, #5352 ) ;
#330 = VERTEX_POINT ( 'NONE', #2749 ) ;
#331 = DIRECTION ( 'NONE',  ( 0.000000000000000000, 0.000000000000000000, -1.000000000000000000 ) ) ;
#332 = DIRECTION ( 'NONE',  ( 1.000000000000000000, 0.000000000000000000, -0.000000000000000000 ) ) ;
#333 = DIRECTION ( 'NONE',  ( 0.000000000000000000, -1.000000000000000000, 0.000000000000000000 ) ) ;
#334 = VERTEX_POINT ( 'NONE', #1297 ) ;
#335 = LINE ( 'NONE', #306, #3972 ) ;
#336 = LINE ( 'NONE', #4854, #5915 ) ;
#337 = CARTESIAN_POINT ( 'NONE',  ( 59.39999999999999858, 2.755455298081545764E-16, -5.875000000000000000 ) ) ;
#338 = EDGE_CURVE ( 'NONE', #674, #6305, #122, .T. ) ;
#339 = AXIS2_PLACEMENT_3D ( 'NONE', #5785, #1841, #4133 ) ;
#340 = ORIENTED_EDGE ( 'NONE', *, *, #4106, .T. ) ;
#341 = CARTESIAN_POINT ( 'NONE',  ( 57.39999999999999858, -43.02999999999998693, 18.24999999999999289 ) ) ;
#342 = ORIENTED_EDGE ( 'NONE', *, *, #4261, .T. ) ;
#343 = CARTESIAN_POINT ( 'NONE',  ( 1.320127283879557911, -67.25000000000000000, 22.88608840329823479 ) ) ;
#344 = CARTESIAN_POINT ( 'NONE',  ( 11.21526601878286655, -67.25000000000000000, -11.87653491542466710 ) ) ;
#345 = AXIS2_PLACEMENT_3D ( 'NONE', #6381, #3080, #2545 ) ;
#346 = FACE_BOUND ( 'NONE', #5106, .T. ) ;
#347 = CARTESIAN_POINT ( 'NONE',  ( 36.07000000001264794, -73.25000000000000000, -26.00793539950940669 ) ) ;
#348 = EDGE_CURVE ( 'NONE', #3337, #3307, #2522, .T. ) ;
#349 = VECTOR ( 'NONE', #5647, 1000.000000000000000 ) ;
#350 = CARTESIAN_POINT ( 'NONE',  ( 50.03522155753238110, -67.24999999999998579, -22.77902761317094615 ) ) ;
#351 = ORIENTED_EDGE ( 'NONE', *, *, #4727, .T. ) ;
#352 = LINE ( 'NONE', #2566, #2917 ) ;
#353 = ORIENTED_EDGE ( 'NONE', *, *, #6216, .T. ) ;
#354 = CARTESIAN_POINT ( 'NONE',  ( 8.646939249149207640, 7.920503456220445493, -1.125000000000000888 ) ) ;
#355 = ADVANCED_FACE ( 'NONE', ( #824 ), #2496, .T. ) ;
#356 = ADVANCED_FACE ( 'NONE', ( #4094, #6291 ), #5689, .F. ) ;
#357 = CARTESIAN_POINT ( 'NONE',  ( -2.001000000000280110, -88.20999999999997954, -17.70000000000000284 ) ) ;
#358 = DIRECTION ( 'NONE',  ( 0.000000000000000000, 1.000000000000000000, -1.328017972039660961E-16 ) ) ;
#359 = DIRECTION ( 'NONE',  ( -0.000000000000000000, 1.000000000000000000, -0.000000000000000000 ) ) ;
#360 = ORIENTED_EDGE ( 'NONE', *, *, #4003, .F. ) ;
#361 = AXIS2_PLACEMENT_3D ( 'NONE', #6952, #2511, #1421 ) ;
#362 = ORIENTED_EDGE ( 'NONE', *, *, #2931, .F. ) ;
#363 = EDGE_CURVE ( 'NONE', #5905, #4710, #4744, .T. ) ;
#364 = CARTESIAN_POINT ( 'NONE',  ( 36.60983577010992462, -6.491534390643774799, -28.49366738367589136 ) ) ;
#365 = AXIS2_PLACEMENT_3D ( 'NONE', #5688, #1365, #5784 ) ;
#366 = VECTOR ( 'NONE', #5372, 1000.000000000000000 ) ;
#367 = DIRECTION ( 'NONE',  ( 0.000000000000000000, 0.000000000000000000, -1.000000000000000000 ) ) ;
#368 = ORIENTED_EDGE ( 'NONE', *, *, #4141, .F. ) ;
#369 = AXIS2_PLACEMENT_3D ( 'NONE', #5450, #472, #6017 ) ;
#370 = DIRECTION ( 'NONE',  ( 0.000000000000000000, 0.000000000000000000, -1.000000000000000000 ) ) ;
#371 = DIRECTION ( 'NONE',  ( 0.000000000000000000, 0.000000000000000000, -1.000000000000000000 ) ) ;
#372 = VECTOR ( 'NONE', #7135, 1000.000000000000000 ) ;
#373 = CARTESIAN_POINT ( 'NONE',  ( 9.624937766112930504, 4.099982923629944764, 0.1480421745635060737 ) ) ;
#374 = AXIS2_PLACEMENT_3D ( 'NONE', #2331, #6712, #1241 ) ;
#375 = DIRECTION ( 'NONE',  ( -0.08688894065010092926, -0.000000000000000000, -0.9962180042504267252 ) ) ;
#376 = ORIENTED_EDGE ( 'NONE', *, *, #4303, .F. ) ;
#377 = DIRECTION ( 'NONE',  ( -1.000000000000000000, -0.000000000000000000, -0.000000000000000000 ) ) ;
#378 = CARTESIAN_POINT ( 'NONE',  ( 1.020000000025271580, -32.11500000000229704, -9.303042912649976515 ) ) ;
#379 = AXIS2_PLACEMENT_3D ( 'NONE', #3329, #3914, #3439 ) ;
#380 = ADVANCED_FACE ( 'NONE', ( #2417 ), #3505, .F. ) ;
#381 = CARTESIAN_POINT ( 'NONE',  ( -0.8000000000000000444, -40.65361423466074342, 6.999996328446810523 ) ) ;
#382 = LINE ( 'NONE', #547, #407 ) ;
#383 = CARTESIAN_POINT ( 'NONE',  ( 13.50000000000000178, 0.000000000000000000, 0.000000000000000000 ) ) ;
#384 = EDGE_CURVE ( 'NONE', #4887, #859, #463, .T. ) ;
#385 = AXIS2_PLACEMENT_3D ( 'NONE', #4913, #5418, #3641 ) ;
#386 = ORIENTED_EDGE ( 'NONE', *, *, #6639, .T. ) ;
#387 = DIRECTION ( 'NONE',  ( 0.000000000000000000, 1.000000000000000000, 1.224646799147353207E-16 ) ) ;
#388 = VERTEX_POINT ( 'NONE', #1914 ) ;
#389 = ADVANCED_FACE ( 'NONE', ( #1873, #1367 ), #5826, .F. ) ;
#390 = LINE ( 'NONE', #908, #502 ) ;
#391 = VERTEX_POINT ( 'NONE', #4713 ) ;
#392 = ORIENTED_EDGE ( 'NONE', *, *, #881, .F. ) ;
#393 = CIRCLE ( 'NONE', #2256, 144.8280647581438245 ) ;
#394 = AXIS2_PLACEMENT_3D ( 'NONE', #5080, #6606, #96 ) ;
#395 = CARTESIAN_POINT ( 'NONE',  ( -2.000000000000000000, 0.000000000000000000, 0.000000000000000000 ) ) ;
#396 = VECTOR ( 'NONE', #471, 1000.000000000000114 ) ;
#397 = EDGE_CURVE ( 'NONE', #3335, #3396, #1617, .T. ) ;
#398 = ORIENTED_EDGE ( 'NONE', *, *, #2477, .F. ) ;
#399 = ORIENTED_EDGE ( 'NONE', *, *, #5034, .T. ) ;
#400 = LINE ( 'NONE', #4323, #735 ) ;
#401 = VECTOR ( 'NONE', #2504, 1000.000000000000000 ) ;
#402 = EDGE_CURVE ( 'NONE', #5255, #5480, #6835, .T. ) ;
#403 = CARTESIAN_POINT ( 'NONE',  ( 7.517039272557104468, -7.981068483238724198, -0.5667309940832780946 ) ) ;
#404 = ORIENTED_EDGE ( 'NONE', *, *, #214, .T. ) ;
#405 = ORIENTED_EDGE ( 'NONE', *, *, #3082, .F. ) ;
#406 = CYLINDRICAL_SURFACE ( 'NONE', #2791, 5.000000000000000888 ) ;
#407 = VECTOR ( 'NONE', #4242, 1000.000000000000000 ) ;
#408 = EDGE_CURVE ( 'NONE', #5308, #5821, #1498, .T. ) ;
#409 = VERTEX_POINT ( 'NONE', #790 ) ;
#410 = ORIENTED_EDGE ( 'NONE', *, *, #2446, .T. ) ;
#411 = CARTESIAN_POINT ( 'NONE',  ( -0.8000000000000000444, -32.11500000000139465, -10.80000000000469740 ) ) ;
#412 = EDGE_LOOP ( 'NONE', ( #1931, #5952, #6308, #2023 ) ) ;
#413 = CARTESIAN_POINT ( 'NONE',  ( 8.500000000000003553, -15.00000000000000000, 0.000000000000000000 ) ) ;
#414 = CARTESIAN_POINT ( 'NONE',  ( 9.398884758133227990, 4.042540303831831494, 0.6920604853487493102 ) ) ;
#415 = VECTOR ( 'NONE', #4073, 1000.000000000000000 ) ;
#416 = LINE ( 'NONE', #4859, #2121 ) ;
#417 = ORIENTED_EDGE ( 'NONE', *, *, #93, .F. ) ;
#418 = VECTOR ( 'NONE', #7159, 1000.000000000000000 ) ;
#419 = DIRECTION ( 'NONE',  ( 1.000000000000000000, 0.000000000000000000, 0.000000000000000000 ) ) ;
#420 = DIRECTION ( 'NONE',  ( -1.118454898384986335E-16, 0.000000000000000000, 1.000000000000000000 ) ) ;
#421 = PLANE ( 'NONE',  #1042 ) ;
#422 = FACE_OUTER_BOUND ( 'NONE', #4395, .T. ) ;
#423 = CARTESIAN_POINT ( 'NONE',  ( 38.41413931812409999, -16.89000000000253010, 10.24999999999526601 ) ) ;
#424 = ORIENTED_EDGE ( 'NONE', *, *, #4974, .F. ) ;
#425 = DIRECTION ( 'NONE',  ( 1.000000000000000000, -0.000000000000000000, -0.000000000000000000 ) ) ;
#426 = DIRECTION ( 'NONE',  ( -1.000000000000000000, 0.000000000000000000, 0.000000000000000000 ) ) ;
#427 = EDGE_CURVE ( 'NONE', #5404, #2972, #5259, .T. ) ;
#428 = VERTEX_POINT ( 'NONE', #6803 ) ;
#429 = EDGE_LOOP ( 'NONE', ( #247, #2655 ) ) ;
#430 = LINE ( 'NONE', #3767, #3170 ) ;
#431 = VECTOR ( 'NONE', #4266, 1000.000000000000000 ) ;
#432 = EDGE_LOOP ( 'NONE', ( #613, #3562, #6768, #1015, #120, #1203 ) ) ;
#433 = EDGE_CURVE ( 'NONE', #3781, #598, #4055, .T. ) ;
#434 = CARTESIAN_POINT ( 'NONE',  ( 55.90000000000000568, -67.24999999999998579, -17.25000000000004263 ) ) ;
#435 = DIRECTION ( 'NONE',  ( 0.000000000000000000, 0.000000000000000000, -1.000000000000000000 ) ) ;
#436 = DIRECTION ( 'NONE',  ( 1.000000000000000000, 0.000000000000000000, 0.000000000000000000 ) ) ;
#437 = AXIS2_PLACEMENT_3D ( 'NONE', #6643, #6178, #6685 ) ;
#438 = VERTEX_POINT ( 'NONE', #5294 ) ;
#439 = ORIENTED_EDGE ( 'NONE', *, *, #2462, .T. ) ;
#440 = FACE_OUTER_BOUND ( 'NONE', #2387, .T. ) ;
#441 = ADVANCED_FACE ( 'NONE', ( #206 ), #6903, .T. ) ;
#442 = EDGE_CURVE ( 'NONE', #3335, #1235, #4673, .T. ) ;
#443 = ORIENTED_EDGE ( 'NONE', *, *, #5859, .T. ) ;
#444 = DIRECTION ( 'NONE',  ( 0.5773502691896258421, -0.5773502691896258421, -0.5773502691896256200 ) ) ;
#445 = ORIENTED_EDGE ( 'NONE', *, *, #1722, .F. ) ;
#446 = EDGE_LOOP ( 'NONE', ( #5609, #1334, #1514, #4953 ) ) ;
#447 = VERTEX_POINT ( 'NONE', #1399 ) ;
#448 = PLANE ( 'NONE',  #5356 ) ;
#449 = EDGE_LOOP ( 'NONE', ( #4990, #2348, #2647, #168 ) ) ;
#450 = LINE ( 'NONE', #3648, #6248 ) ;
#451 = CARTESIAN_POINT ( 'NONE',  ( 9.192452022587657368, 4.001703150320653712, 0.8985831737795006990 ) ) ;
#452 = EDGE_CURVE ( 'NONE', #3192, #6902, #450, .T. ) ;
#453 = EDGE_CURVE ( 'NONE', #4430, #6230, #3673, .T. ) ;
#454 = VERTEX_POINT ( 'NONE', #1032 ) ;
#455 = CARTESIAN_POINT ( 'NONE',  ( 57.39999999999999858, -56.24999999999998579, 18.24999999999998934 ) ) ;
#456 = CLOSED_SHELL ( 'NONE', ( #1406, #2492, #6855, #2270, #1781, #5770, #540, #2787, #3377, #4806, #1004, #6318, #6133, #2028, #3317, #683, #4364, #5122, #4596, #6976, #5851, #3843, #2793, #389, #3671, #1154, #3113, #4996, #4125, #5364, #219, #5111, #1282, #475, #1724, #1382, #152, #5617, #356, #2404, #680, #1534, #1069, #46, #4009, #1493, #2007, #5930, #1988, #1835, #4186, #1353, #4220, #1108, #3512, #4406, #5795, #3598, #6463, #191, #3539, #3003, #3556, #3631, #5735, #278, #1040, #3702, #944, #6337, #5696, #4095, #1820, #102, #2897, #6641, #6549, #441, #2323, #2648, #1430, #2696, #5113, #2214, #1171, #1055, #5714, #499, #5456, #4506, #3135, #1950, #380, #4679, #3708, #4229, #1560, #6868, #975, #355, #4172, #4179, #3862, #5301, #7037, #6014, #1188, #4537, #3415, #4755, #165, #155, #7064, #3772, #2381, #7082, #6651, #1512, #3160, #7094, #2996, #5090, #3712, #1598, #5328, #3817, #323, #4584, #5773, #1428, #4665, #6238, #2078, #6475, #5829, #1818, #6131, #3946, #7127, #2374, #5805, #2430, #3198, #4001, #4644, #4253, #3126, #6504, #2277, #2754, #5170, #6939, #1164, #14, #3049, #157, #902, #227, #2910, #7068, #2525, #4896, #549, #5354, #5081, #4292, #2729, #6659, #675, #4857, #3103, #1243, #128, #5944, #1648, #3342, #1374, #1984, #2502, #5513, #958, #797, #2855, #1350, #6736, #6819, #3739, #851, #3555, #5815, #5468, #5046, #1468, #1466, #6980, #606, #5078, #6111, #4315, #7041, #1045, #6850, #3809, #2309, #3533, #1827, #5988, #691, #1699, #6421, #6493, #3020, #7139 ) ) ;
#457 = ORIENTED_EDGE ( 'NONE', *, *, #3133, .T. ) ;
#458 = CARTESIAN_POINT ( 'NONE',  ( 63.65000000000002700, -69.03553390593266670, 20.25000000000001421 ) ) ;
#459 = DIRECTION ( 'NONE',  ( -1.000000000000000000, 3.478120569333522285E-15, 7.346553920761778045E-15 ) ) ;
#460 = DIRECTION ( 'NONE',  ( 0.000000000000000000, 0.000000000000000000, 1.000000000000000000 ) ) ;
#461 = ORIENTED_EDGE ( 'NONE', *, *, #6171, .T. ) ;
#462 = DIRECTION ( 'NONE',  ( 0.000000000000000000, 0.000000000000000000, 1.000000000000000000 ) ) ;
#463 = CIRCLE ( 'NONE', #3936, 2.500000000000002220 ) ;
#464 = DIRECTION ( 'NONE',  ( 0.000000000000000000, 0.000000000000000000, -1.000000000000000000 ) ) ;
#465 = DIRECTION ( 'NONE',  ( -1.000000000000000000, -1.802143912355449343E-15, 2.887412898249062070E-16 ) ) ;
#466 = ORIENTED_EDGE ( 'NONE', *, *, #76, .T. ) ;
#467 = CARTESIAN_POINT ( 'NONE',  ( 57.89999999999999858, 8.125000000000000000, -2.250000000000000000 ) ) ;
#468 = VECTOR ( 'NONE', #3353, 999.9999999999998863 ) ;
#469 = CARTESIAN_POINT ( 'NONE',  ( 11.21526601878286655, -67.25000000000000000, -11.87653491542466710 ) ) ;
#470 = ORIENTED_EDGE ( 'NONE', *, *, #1735, .T. ) ;
#471 = DIRECTION ( 'NONE',  ( -0.08688894065010092926, -0.000000000000000000, -0.9962180042504267252 ) ) ;
#472 = DIRECTION ( 'NONE',  ( -1.000000000000000000, 0.000000000000000000, 0.000000000000000000 ) ) ;
#473 = LINE ( 'NONE', #6515, #1676 ) ;
#474 = CARTESIAN_POINT ( 'NONE',  ( 8.500000000000003553, 7.920503456220443717, -1.125000000000000444 ) ) ;
#475 = ADVANCED_FACE ( 'NONE', ( #5866 ), #4339, .F. ) ;
#476 = VERTEX_POINT ( 'NONE', #2006 ) ;
#477 = VERTEX_POINT ( 'NONE', #5323 ) ;
#478 = ORIENTED_EDGE ( 'NONE', *, *, #6325, .F. ) ;
#479 = CYLINDRICAL_SURFACE ( 'NONE', #2267, 4.099999999999999645 ) ;
#480 = ORIENTED_EDGE ( 'NONE', *, *, #5676, .T. ) ;
#481 = CARTESIAN_POINT ( 'NONE',  ( 8.500000000000003553, 7.920503456220443717, 1.125000000000000444 ) ) ;
#482 = VERTEX_POINT ( 'NONE', #896 ) ;
#483 = EDGE_CURVE ( 'NONE', #3193, #4762, #7001, .T. ) ;
#484 = ORIENTED_EDGE ( 'NONE', *, *, #3341, .T. ) ;
#485 = LINE ( 'NONE', #4925, #2226 ) ;
#486 = ORIENTED_EDGE ( 'NONE', *, *, #2931, .T. ) ;
#487 = AXIS2_PLACEMENT_3D ( 'NONE', #2284, #4504, #6704 ) ;
#488 = DIRECTION ( 'NONE',  ( 0.000000000000000000, 0.000000000000000000, -1.000000000000000000 ) ) ;
#489 = CARTESIAN_POINT ( 'NONE',  ( 9.067082506894985627, 3.980924972311563170, -0.9826638238355953625 ) ) ;
#490 = CIRCLE ( 'NONE', #4556, 2.250000000000000444 ) ;
#491 = ORIENTED_EDGE ( 'NONE', *, *, #5151, .T. ) ;
#492 = CARTESIAN_POINT ( 'NONE',  ( -2.000000000000000000, -41.34000000000251163, 10.24999999999528733 ) ) ;
#493 = EDGE_LOOP ( 'NONE', ( #6015, #4722, #1219, #5646 ) ) ;
#494 = ORIENTED_EDGE ( 'NONE', *, *, #1059, .F. ) ;
#495 = CARTESIAN_POINT ( 'NONE',  ( 3.500000000000000000, -67.24999999999998579, -17.25000000000002487 ) ) ;
#496 = ORIENTED_EDGE ( 'NONE', *, *, #4659, .F. ) ;
#497 = LINE ( 'NONE', #6080, #267 ) ;
#498 = VERTEX_POINT ( 'NONE', #3744 ) ;
#499 = ADVANCED_FACE ( 'NONE', ( #7036 ), #2037, .T. ) ;
#500 = EDGE_CURVE ( 'NONE', #6036, #298, #336, .T. ) ;
#501 = DIRECTION ( 'NONE',  ( 7.408714845317603640E-15, 0.000000000000000000, 1.000000000000000000 ) ) ;
#502 = VECTOR ( 'NONE', #7096, 1000.000000000000000 ) ;
#503 = DIRECTION ( 'NONE',  ( 2.887412898249061084E-16, -4.965444515013923475E-17, -1.000000000000000000 ) ) ;
#504 = ORIENTED_EDGE ( 'NONE', *, *, #2444, .F. ) ;
#505 = VECTOR ( 'NONE', #943, 1000.000000000000000 ) ;
#506 =( LENGTH_UNIT ( ) NAMED_UNIT ( * ) SI_UNIT ( .MILLI., .METRE. ) );
#507 = DIRECTION ( 'NONE',  ( 0.000000000000000000, 0.000000000000000000, 1.000000000000000000 ) ) ;
#508 = AXIS2_PLACEMENT_3D ( 'NONE', #665, #6586, #4541 ) ;
#509 = ORIENTED_EDGE ( 'NONE', *, *, #1650, .T. ) ;
#510 = CARTESIAN_POINT ( 'NONE',  ( 57.39999999999999858, -36.52999999999998693, -10.24999999999998401 ) ) ;
#511 = CIRCLE ( 'NONE', #1431, 2.250000000000000444 ) ;
#512 = LINE ( 'NONE', #2171, #2110 ) ;
#513 = ORIENTED_EDGE ( 'NONE', *, *, #3852, .T. ) ;
#514 = EDGE_LOOP ( 'NONE', ( #3312, #3814, #6571, #6664 ) ) ;
#515 = EDGE_CURVE ( 'NONE', #5611, #4368, #6018, .T. ) ;
#516 = CARTESIAN_POINT ( 'NONE',  ( 59.65000000000006253, -88.21000000000013586, -17.69999999999998508 ) ) ;
#517 = VECTOR ( 'NONE', #2526, 1000.000000000000000 ) ;
#518 = VERTEX_POINT ( 'NONE', #5393 ) ;
#519 = ORIENTED_EDGE ( 'NONE', *, *, #1020, .T. ) ;
#520 = DIRECTION ( 'NONE',  ( 0.000000000000000000, 1.000000000000000000, -0.000000000000000000 ) ) ;
#521 = CARTESIAN_POINT ( 'NONE',  ( 59.39999999999999858, 0.000000000000000000, 0.000000000000000000 ) ) ;
#522 = CARTESIAN_POINT ( 'NONE',  ( 7.809340141726820228, -7.949873905930273210, -0.9003434213284681187 ) ) ;
#523 = VECTOR ( 'NONE', #2272, 1000.000000000000000 ) ;
#524 = ORIENTED_EDGE ( 'NONE', *, *, #3579, .T. ) ;
#525 = ORIENTED_EDGE ( 'NONE', *, *, #3482, .T. ) ;
#526 = AXIS2_PLACEMENT_3D ( 'NONE', #4117, #2473, #4763 ) ;
#527 = ORIENTED_EDGE ( 'NONE', *, *, #2846, .T. ) ;
#528 = ORIENTED_EDGE ( 'NONE', *, *, #5606, .F. ) ;
#529 = CARTESIAN_POINT ( 'NONE',  ( 7.807547977412349738, -4.001703150320653712, 0.8985831737795008101 ) ) ;
#530 = CIRCLE ( 'NONE', #70, 0.5000011521766773992 ) ;
#531 = DIRECTION ( 'NONE',  ( -0.000000000000000000, 1.000000000000000000, -0.000000000000000000 ) ) ;
#532 = ORIENTED_EDGE ( 'NONE', *, *, #3837, .T. ) ;
#533 = DIRECTION ( 'NONE',  ( -0.000000000000000000, 1.000000000000000000, 4.127223139870470387E-16 ) ) ;
#534 = ORIENTED_EDGE ( 'NONE', *, *, #2620, .F. ) ;
#535 = EDGE_CURVE ( 'NONE', #2138, #275, #4260, .T. ) ;
#536 = AXIS2_PLACEMENT_3D ( 'NONE', #5149, #6351, #170 ) ;
#537 = AXIS2_PLACEMENT_3D ( 'NONE', #1478, #3758, #3174 ) ;
#538 = DIRECTION ( 'NONE',  ( 1.813129056811916186E-15, -1.000000000000000000, 0.000000000000000000 ) ) ;
#539 = DIRECTION ( 'NONE',  ( 0.000000000000000000, 0.000000000000000000, -1.000000000000000000 ) ) ;
#540 = ADVANCED_FACE ( 'NONE', ( #1465 ), #6963, .F. ) ;
#541 = DIRECTION ( 'NONE',  ( -0.000000000000000000, 1.000000000000000000, -1.101411730778924924E-16 ) ) ;
#542 = VERTEX_POINT ( 'NONE', #5901 ) ;
#543 = CARTESIAN_POINT ( 'NONE',  ( 39.57996919761690435, -3.842783294266308047, 23.90589590814617793 ) ) ;
#544 = LINE ( 'NONE', #1118, #418 ) ;
#545 = CARTESIAN_POINT ( 'NONE',  ( 55.90000000000000568, -67.24999999999998579, -20.24999999999998579 ) ) ;
#546 = EDGE_LOOP ( 'NONE', ( #1727, #2808 ) ) ;
#547 = CARTESIAN_POINT ( 'NONE',  ( 57.39999999999999858, -43.02999999999998693, 18.24999999999999289 ) ) ;
#548 = LINE ( 'NONE', #327, #5931 ) ;
#549 = ADVANCED_FACE ( 'NONE', ( #4298 ), #2071, .T. ) ;
#550 = DIRECTION ( 'NONE',  ( -2.583947887447540056E-15, 1.000000000000000000, -9.938261105567461563E-17 ) ) ;
#551 = ORIENTED_EDGE ( 'NONE', *, *, #2149, .T. ) ;
#552 = FACE_OUTER_BOUND ( 'NONE', #5014, .T. ) ;
#553 = LINE ( 'NONE', #81, #2820 ) ;
#554 = ORIENTED_EDGE ( 'NONE', *, *, #5419, .T. ) ;
#555 = ORIENTED_EDGE ( 'NONE', *, *, #1857, .F. ) ;
#556 = CARTESIAN_POINT ( 'NONE',  ( 3.500000000000000000, -19.75000000000000355, -17.25000000000002487 ) ) ;
#557 = ORIENTED_EDGE ( 'NONE', *, *, #4642, .T. ) ;
#558 = LINE ( 'NONE', #2766, #4219 ) ;
#559 = EDGE_CURVE ( 'NONE', #4423, #5789, #4528, .T. ) ;
#560 = LINE ( 'NONE', #3842, #1903 ) ;
#561 = CARTESIAN_POINT ( 'NONE',  ( 3.500000000000000000, 0.000000000000000000, -17.24999999999999645 ) ) ;
#562 = EDGE_LOOP ( 'NONE', ( #754, #4387, #6253, #3223 ) ) ;
#563 = VECTOR ( 'NONE', #2499, 1000.000000000000114 ) ;
#564 = ORIENTED_EDGE ( 'NONE', *, *, #2741, .F. ) ;
#565 = CARTESIAN_POINT ( 'NONE',  ( 7.601115241866780892, -4.042540303831831494, 0.6920604853487495323 ) ) ;
#566 = EDGE_CURVE ( 'NONE', #6101, #3248, #6391, .T. ) ;
#567 = VECTOR ( 'NONE', #3267, 1000.000000000000000 ) ;
#568 = CARTESIAN_POINT ( 'NONE',  ( 3.499999999999998224, -67.24999999999998579, -20.24999999999998579 ) ) ;
#569 = EDGE_LOOP ( 'NONE', ( #3122, #5447, #6128, #1291, #1702, #5215, #3749, #6926, #6461, #2654, #115, #2626, #4359, #1301, #6790, #555, #3410, #3110, #2029, #2658, #2470, #2295, #5188, #4212, #639, #2104, #496 ) ) ;
#570 = ORIENTED_EDGE ( 'NONE', *, *, #1590, .F. ) ;
#571 = CARTESIAN_POINT ( 'NONE',  ( 3.500000000000000000, -67.25000000000000000, 17.24999999999999645 ) ) ;
#572 = LINE ( 'NONE', #27, #820 ) ;
#573 = FACE_OUTER_BOUND ( 'NONE', #623, .T. ) ;
#574 = DIRECTION ( 'NONE',  ( 0.000000000000000000, 1.000000000000000000, 0.000000000000000000 ) ) ;
#575 = ORIENTED_EDGE ( 'NONE', *, *, #1857, .T. ) ;
#576 = DIRECTION ( 'NONE',  ( 1.000000000000000000, -0.000000000000000000, -0.000000000000000000 ) ) ;
#577 = DIRECTION ( 'NONE',  ( 0.000000000000000000, 0.000000000000000000, -1.000000000000000000 ) ) ;
#578 = CARTESIAN_POINT ( 'NONE',  ( 1.020000000025278464, -38.89000006848765167, -6.999999457044213003 ) ) ;
#579 = CARTESIAN_POINT ( 'NONE',  ( 3.500000000000000000, -13.50000000000000000, -13.25000000000002487 ) ) ;
#580 = EDGE_CURVE ( 'NONE', #6983, #5578, #3481, .T. ) ;
#581 = ORIENTED_EDGE ( 'NONE', *, *, #5162, .F. ) ;
#582 = CARTESIAN_POINT ( 'NONE',  ( 56.64999999999985647, -67.25000000000000000, 22.77871965419709355 ) ) ;
#583 = DIRECTION ( 'NONE',  ( 0.000000000000000000, 1.000000000000000000, 0.000000000000000000 ) ) ;
#584 = LINE ( 'NONE', #2827, #5955 ) ;
#585 =( BOUNDED_CURVE ( )  B_SPLINE_CURVE ( 3, ( #5753, #755, #5189, #5125 ),
 .UNSPECIFIED., .F., .F. ) 
 B_SPLINE_CURVE_WITH_KNOTS ( ( 4, 4 ),
 ( 3.072357531160960331, 3.141592653589793116 ),
 .UNSPECIFIED. ) 
 CURVE ( )  GEOMETRIC_REPRESENTATION_ITEM ( )  RATIONAL_B_SPLINE_CURVE ( ( 1.000000000000000000, 0.9996005813753715552, 0.9996005813753715552, 1.000000000000000000 ) ) 
 REPRESENTATION_ITEM ( '' )  );
#586 = VERTEX_POINT ( 'NONE', #3784 ) ;
#587 = LINE ( 'NONE', #4473, #5814 ) ;
#588 = ORIENTED_EDGE ( 'NONE', *, *, #4048, .F. ) ;
#589 = CARTESIAN_POINT ( 'NONE',  ( -0.8000000000000020428, -32.25000000000000000, -10.65111910102082504 ) ) ;
#590 = VECTOR ( 'NONE', #6810, 1000.000000000000000 ) ;
#591 = ORIENTED_EDGE ( 'NONE', *, *, #3875, .T. ) ;
#592 = EDGE_CURVE ( 'NONE', #409, #7005, #4409, .T. ) ;
#593 = DIRECTION ( 'NONE',  ( 0.000000000000000000, 1.000000000000000000, 1.494163200669084626E-16 ) ) ;
#594 = CARTESIAN_POINT ( 'NONE',  ( 55.89999999999999858, 0.000000000000000000, -4.099999999999999645 ) ) ;
#595 = AXIS2_PLACEMENT_3D ( 'NONE', #6457, #5928, #953 ) ;
#596 = CARTESIAN_POINT ( 'NONE',  ( 13.50000000000000178, 0.000000000000000000, 0.000000000000000000 ) ) ;
#597 = CARTESIAN_POINT ( 'NONE',  ( 1.020000000025216069, -43.17840353905278050, -11.85999537889485644 ) ) ;
#598 = VERTEX_POINT ( 'NONE', #6935 ) ;
#599 = EDGE_CURVE ( 'NONE', #3420, #6418, #4820, .T. ) ;
#600 = EDGE_LOOP ( 'NONE', ( #2414, #2189, #2031, #2304 ) ) ;
#601 = CIRCLE ( 'NONE', #345, 4.030931702365784908 ) ;
#602 = VERTEX_POINT ( 'NONE', #1971 ) ;
#603 = CARTESIAN_POINT ( 'NONE',  ( 7.404281213769001724, -4.091694130071132918, -0.2948411244584974722 ) ) ;
#604 = VECTOR ( 'NONE', #1717, 1000.000000000000000 ) ;
#605 = DIRECTION ( 'NONE',  ( -1.000000000000000000, -0.000000000000000000, -0.000000000000000000 ) ) ;
#606 = ADVANCED_FACE ( 'NONE', ( #1437 ), #5001, .F. ) ;
#607 = ORIENTED_EDGE ( 'NONE', *, *, #2269, .F. ) ;
#608 = DIRECTION ( 'NONE',  ( -1.000000000000000000, 0.000000000000000000, 0.000000000000000000 ) ) ;
#609 = PLANE ( 'NONE',  #7003 ) ;
#610 = DIRECTION ( 'NONE',  ( 0.000000000000000000, 1.387778780781445676E-15, 1.000000000000000000 ) ) ;
#611 = CARTESIAN_POINT ( 'NONE',  ( 38.41413931812409999, -32.11500000000251731, 10.79999999999530225 ) ) ;
#612 = DIRECTION ( 'NONE',  ( 0.000000000000000000, 0.000000000000000000, -1.000000000000000000 ) ) ;
#613 = ORIENTED_EDGE ( 'NONE', *, *, #2621, .T. ) ;
#614 = ORIENTED_EDGE ( 'NONE', *, *, #2878, .F. ) ;
#615 = DIRECTION ( 'NONE',  ( 0.000000000000000000, 1.000000000000000000, 0.000000000000000000 ) ) ;
#616 = CARTESIAN_POINT ( 'NONE',  ( 3.500000000000000000, -67.25000000000000000, 17.24999999999999645 ) ) ;
#617 = DIRECTION ( 'NONE',  ( -1.000000000000000000, -0.000000000000000000, -0.000000000000000000 ) ) ;
#618 = VECTOR ( 'NONE', #2319, 999.9999999999998863 ) ;
#619 = DIRECTION ( 'NONE',  ( 1.000000000000000000, -0.000000000000000000, -0.000000000000000000 ) ) ;
#620 = LINE ( 'NONE', #5094, #3609 ) ;
#621 = CIRCLE ( 'NONE', #5485, 11.05841992757136438 ) ;
#622 = CARTESIAN_POINT ( 'NONE',  ( -2.000000000000000000, -16.89000000000251944, 11.39999999999528768 ) ) ;
#623 = EDGE_LOOP ( 'NONE', ( #4516, #2577, #398, #1072 ) ) ;
#624 = CARTESIAN_POINT ( 'NONE',  ( 34.51999872291127502, -19.75000000000000355, -12.55999904183487637 ) ) ;
#625 = AXIS2_PLACEMENT_3D ( 'NONE', #1209, #6593, #1244 ) ;
#626 = LINE ( 'NONE', #6127, #6627 ) ;
#627 = VECTOR ( 'NONE', #1038, 1000.000000000000000 ) ;
#628 = ORIENTED_EDGE ( 'NONE', *, *, #2033, .F. ) ;
#629 = ORIENTED_EDGE ( 'NONE', *, *, #892, .F. ) ;
#630 = DIRECTION ( 'NONE',  ( 0.000000000000000000, -1.000000000000000000, -1.494163200669084626E-16 ) ) ;
#631 = AXIS2_PLACEMENT_3D ( 'NONE', #1372, #3479, #2926 ) ;
#632 = EDGE_LOOP ( 'NONE', ( #2548, #2690, #1693, #3735 ) ) ;
#633 = CARTESIAN_POINT ( 'NONE',  ( 57.89999999999999858, 0.000000000000000000, -8.125000000000000000 ) ) ;
#634 = CIRCLE ( 'NONE', #4572, 11.05841992757138392 ) ;
#635 = DIRECTION ( 'NONE',  ( -3.478111262123839367E-15, -0.9999999999991975308, 1.266880634428716140E-06 ) ) ;
#636 = AXIS2_PLACEMENT_3D ( 'NONE', #1267, #3367, #5597 ) ;
#637 = EDGE_CURVE ( 'NONE', #2851, #1878, #572, .T. ) ;
#638 = DIRECTION ( 'NONE',  ( -1.000000000000000000, -0.000000000000000000, -0.000000000000000000 ) ) ;
#639 = ORIENTED_EDGE ( 'NONE', *, *, #3681, .F. ) ;
#640 = EDGE_LOOP ( 'NONE', ( #3961, #4455, #4999, #6667 ) ) ;
#641 = VECTOR ( 'NONE', #905, 1000.000000000000000 ) ;
#642 = ORIENTED_EDGE ( 'NONE', *, *, #2802, .T. ) ;
#643 = CARTESIAN_POINT ( 'NONE',  ( -2.000000000000000000, -49.63999999999779789, -4.999999999994892974 ) ) ;
#644 = EDGE_CURVE ( 'NONE', #7012, #3523, #6721, .T. ) ;
#645 = TOROIDAL_SURFACE ( 'NONE', #4693, 4.250000000000000000, 0.7500000000000000000 ) ;
#646 = CARTESIAN_POINT ( 'NONE',  ( 3.500000000000000000, 0.000000000000000000, -17.24999999999999645 ) ) ;
#647 = ORIENTED_EDGE ( 'NONE', *, *, #3986, .T. ) ;
#648 = ORIENTED_EDGE ( 'NONE', *, *, #3716, .T. ) ;
#649 = CARTESIAN_POINT ( 'NONE',  ( 63.15100000000034441, -88.20999999999997954, -17.70000000000000639 ) ) ;
#650 = EDGE_CURVE ( 'NONE', #946, #305, #1145, .T. ) ;
#651 = AXIS2_PLACEMENT_3D ( 'NONE', #5817, #6352, #853 ) ;
#652 = DIRECTION ( 'NONE',  ( 0.000000000000000000, 0.000000000000000000, -1.000000000000000000 ) ) ;
#653 = DIRECTION ( 'NONE',  ( 1.000000000000000000, -0.000000000000000000, -0.000000000000000000 ) ) ;
#654 = CARTESIAN_POINT ( 'NONE',  ( 38.41413931812409999, -19.73691467762551710, -8.242286695573696420 ) ) ;
#655 = DIRECTION ( 'NONE',  ( 0.000000000000000000, 0.000000000000000000, -1.000000000000000000 ) ) ;
#656 = VECTOR ( 'NONE', #4047, 1000.000000000000000 ) ;
#657 = CIRCLE ( 'NONE', #1804, 0.2866033983652087613 ) ;
#658 = LINE ( 'NONE', #5086, #4319 ) ;
#659 = ORIENTED_EDGE ( 'NONE', *, *, #2068, .F. ) ;
#660 = FACE_OUTER_BOUND ( 'NONE', #113, .T. ) ;
#661 = PLANE ( 'NONE',  #6663 ) ;
#662 = DIRECTION ( 'NONE',  ( -1.000000000000000000, 0.000000000000000000, 0.000000000000000000 ) ) ;
#663 = CARTESIAN_POINT ( 'NONE',  ( 55.90000000000000568, -67.25000000000000000, 17.25000000000001421 ) ) ;
#664 = CARTESIAN_POINT ( 'NONE',  ( 1.020000000025417242, -31.89210119208746264, 9.442286694051299278 ) ) ;
#665 = CARTESIAN_POINT ( 'NONE',  ( 55.89999999999999858, 0.000000000000000000, 0.000000000000000000 ) ) ;
#666 = ORIENTED_EDGE ( 'NONE', *, *, #1504, .T. ) ;
#667 = DIRECTION ( 'NONE',  ( 0.000000000000000000, 0.000000000000000000, -1.000000000000000000 ) ) ;
#668 = DIRECTION ( 'NONE',  ( 0.000000000000000000, 0.000000000000000000, -1.000000000000000000 ) ) ;
#669 = LINE ( 'NONE', #6713, #4119 ) ;
#670 = EDGE_CURVE ( 'NONE', #5054, #112, #6791, .T. ) ;
#671 = DIRECTION ( 'NONE',  ( 0.000000000000000000, 0.000000000000000000, 1.000000000000000000 ) ) ;
#672 = EDGE_CURVE ( 'NONE', #2997, #3157, #775, .T. ) ;
#673 = VERTEX_POINT ( 'NONE', #2154 ) ;
#674 = VERTEX_POINT ( 'NONE', #2402 ) ;
#675 = ADVANCED_FACE ( 'NONE', ( #3524, #3273 ), #1608, .T. ) ;
#676 = CARTESIAN_POINT ( 'NONE',  ( 59.39999999999999147, -67.24999999999998579, 20.25000000000001421 ) ) ;
#677 = ORIENTED_EDGE ( 'NONE', *, *, #2708, .F. ) ;
#678 = ORIENTED_EDGE ( 'NONE', *, *, #3748, .T. ) ;
#679 = CARTESIAN_POINT ( 'NONE',  ( 63.65000000000004121, -69.03553390593266670, -20.24999999999998579 ) ) ;
#680 = ADVANCED_FACE ( 'NONE', ( #2373, #1646 ), #6030, .T. ) ;
#681 = EDGE_CURVE ( 'NONE', #3678, #1176, #3001, .T. ) ;
#682 = CARTESIAN_POINT ( 'NONE',  ( 57.89999999999999858, -8.125000000000000000, 0.000000000000000000 ) ) ;
#683 = ADVANCED_FACE ( 'NONE', ( #6237 ), #5543, .F. ) ;
#684 = AXIS2_PLACEMENT_3D ( 'NONE', #6079, #6186, #2232 ) ;
#685 = DIRECTION ( 'NONE',  ( 0.000000000000000000, 0.8481145238784923990, 0.5298129428263886886 ) ) ;
#686 = DIRECTION ( 'NONE',  ( 0.000000000000000000, 0.000000000000000000, -1.000000000000000000 ) ) ;
#687 = VERTEX_POINT ( 'NONE', #3822 ) ;
#688 = DIRECTION ( 'NONE',  ( -0.000000000000000000, 1.000000000000000000, -0.000000000000000000 ) ) ;
#689 = AXIS2_PLACEMENT_3D ( 'NONE', #1492, #1967, #4189 ) ;
#690 = CARTESIAN_POINT ( 'NONE',  ( -0.8000000000000000444, -40.65361677846749444, -6.999996311609041122 ) ) ;
#691 = ADVANCED_FACE ( 'NONE', ( #4040 ), #609, .T. ) ;
#692 = EDGE_CURVE ( 'NONE', #6467, #4305, #5750, .T. ) ;
#693 = EDGE_CURVE ( 'NONE', #5613, #7137, #193, .T. ) ;
#694 = CARTESIAN_POINT ( 'NONE',  ( 1.020000000025333975, -15.02996285716811542, -10.36012183223556882 ) ) ;
#695 = DIRECTION ( 'NONE',  ( -1.000000000000000000, -0.000000000000000000, -0.000000000000000000 ) ) ;
#696 = CARTESIAN_POINT ( 'NONE',  ( 58.84615304313142303, -2.856367076954050788, -22.19737290235152471 ) ) ;
#697 = CARTESIAN_POINT ( 'NONE',  ( -3.000000000000000000, -49.63999999999779789, 5.107025913275720086E-12 ) ) ;
#698 = DIRECTION ( 'NONE',  ( 0.000000000000000000, 0.000000000000000000, -1.000000000000000000 ) ) ;
#699 = ORIENTED_EDGE ( 'NONE', *, *, #6204, .F. ) ;
#700 = DIRECTION ( 'NONE',  ( 0.000000000000000000, 0.000000000000000000, 1.000000000000000000 ) ) ;
#701 = DIRECTION ( 'NONE',  ( 2.920409892216846640E-16, -5.295414454691787047E-17, -1.000000000000000000 ) ) ;
#702 = VERTEX_POINT ( 'NONE', #2742 ) ;
#703 = DIRECTION ( 'NONE',  ( 0.000000000000000000, 0.000000000000000000, 1.000000000000000000 ) ) ;
#704 = DIRECTION ( 'NONE',  ( -1.000000000000000000, 0.000000000000000000, 0.000000000000000000 ) ) ;
#705 = ORIENTED_EDGE ( 'NONE', *, *, #5860, .F. ) ;
#706 = VECTOR ( 'NONE', #3573, 1000.000000000000000 ) ;
#707 = LINE ( 'NONE', #741, #7075 ) ;
#708 = EDGE_CURVE ( 'NONE', #4200, #6106, #1278, .T. ) ;
#709 = EDGE_LOOP ( 'NONE', ( #6740, #6852, #2489, #3035 ) ) ;
#710 = LINE ( 'NONE', #649, #4785 ) ;
#711 = DIRECTION ( 'NONE',  ( 1.000000000000000000, -0.000000000000000000, -0.000000000000000000 ) ) ;
#712 = FACE_OUTER_BOUND ( 'NONE', #1138, .T. ) ;
#713 = CARTESIAN_POINT ( 'NONE',  ( -4.888766159571000736E-15, -67.24999999999998579, -20.24999999999998579 ) ) ;
#714 = EDGE_CURVE ( 'NONE', #939, #5960, #3545, .T. ) ;
#715 = ORIENTED_EDGE ( 'NONE', *, *, #2532, .T. ) ;
#716 = EDGE_CURVE ( 'NONE', #764, #6914, #192, .T. ) ;
#717 = CARTESIAN_POINT ( 'NONE',  ( 29.69999999999999929, -67.25000000000000000, 28.00000000000005329 ) ) ;
#718 = VERTEX_POINT ( 'NONE', #1318 ) ;
#719 = EDGE_CURVE ( 'NONE', #6331, #4121, #5411, .T. ) ;
#720 = DIRECTION ( 'NONE',  ( 0.000000000000000000, -1.000000000000000000, 0.000000000000000000 ) ) ;
#721 = CARTESIAN_POINT ( 'NONE',  ( -0.8000000000000020428, -15.18200551005773669, 11.02518507328145247 ) ) ;
#722 = DIRECTION ( 'NONE',  ( 0.000000000000000000, 0.000000000000000000, -1.000000000000000000 ) ) ;
#723 = LINE ( 'NONE', #4680, #4555 ) ;
#724 = EDGE_CURVE ( 'NONE', #6833, #1355, #3589, .T. ) ;
#725 = DIRECTION ( 'NONE',  ( 1.832454376031839558E-15, -1.000000000000000000, 0.000000000000000000 ) ) ;
#726 = VECTOR ( 'NONE', #1416, 1000.000000000000000 ) ;
#727 = CYLINDRICAL_SURFACE ( 'NONE', #1155, 11.05841992757138392 ) ;
#728 = AXIS2_PLACEMENT_3D ( 'NONE', #6771, #2388, #3704 ) ;
#729 = CARTESIAN_POINT ( 'NONE',  ( 55.89999999999999858, 0.000000000000000000, 0.000000000000000000 ) ) ;
#730 = ORIENTED_EDGE ( 'NONE', *, *, #2967, .T. ) ;
#731 = CARTESIAN_POINT ( 'NONE',  ( 34.51999872291127502, -23.25000000000000355, 12.55999940691883410 ) ) ;
#732 = AXIS2_PLACEMENT_3D ( 'NONE', #6714, #6099, #4514 ) ;
#733 = ORIENTED_EDGE ( 'NONE', *, *, #3226, .F. ) ;
#734 = DIRECTION ( 'NONE',  ( 1.000000000000000000, -0.000000000000000000, -0.000000000000000000 ) ) ;
#735 = VECTOR ( 'NONE', #1561, 1000.000000000000000 ) ;
#736 = CARTESIAN_POINT ( 'NONE',  ( 38.41413931812409999, -41.34000000000252584, 11.39999999999526459 ) ) ;
#737 = ORIENTED_EDGE ( 'NONE', *, *, #2453, .F. ) ;
#738 = ORIENTED_EDGE ( 'NONE', *, *, #1461, .T. ) ;
#739 = VECTOR ( 'NONE', #2393, 1000.000000000000000 ) ;
#740 = DIRECTION ( 'NONE',  ( -1.000000000000000000, -0.000000000000000000, -0.000000000000000000 ) ) ;
#741 = CARTESIAN_POINT ( 'NONE',  ( 40.07000000001264794, -67.25000000000000000, 23.87063664370445082 ) ) ;
#742 = AXIS2_PLACEMENT_3D ( 'NONE', #2573, #1596, #4397 ) ;
#743 = ORIENTED_EDGE ( 'NONE', *, *, #580, .F. ) ;
#744 =( NAMED_UNIT ( * ) SI_UNIT ( $, .STERADIAN. ) SOLID_ANGLE_UNIT ( ) );
#745 = VECTOR ( 'NONE', #4757, 1000.000000000000000 ) ;
#746 = VERTEX_POINT ( 'NONE', #1357 ) ;
#747 = CARTESIAN_POINT ( 'NONE',  ( 3.500000000000000000, -67.25000000000000000, 17.24999999999999645 ) ) ;
#748 = ORIENTED_EDGE ( 'NONE', *, *, #2327, .F. ) ;
#749 = LINE ( 'NONE', #1934, #656 ) ;
#750 = AXIS2_PLACEMENT_3D ( 'NONE', #3509, #5726, #4168 ) ;
#751 = LINE ( 'NONE', #4159, #5171 ) ;
#752 = CARTESIAN_POINT ( 'NONE',  ( 3.515405188854683338, -4.393147540714434918, -24.85915474566381889 ) ) ;
#753 = EDGE_CURVE ( 'NONE', #919, #2629, #4245, .T. ) ;
#754 = ORIENTED_EDGE ( 'NONE', *, *, #4886, .F. ) ;
#755 = CARTESIAN_POINT ( 'NONE',  ( 36.38412510213931483, -6.139712728666244068, 27.88429438992736920 ) ) ;
#756 = VECTOR ( 'NONE', #6214, 1000.000000000000000 ) ;
#757 = DIRECTION ( 'NONE',  ( -1.000000000000000000, -0.000000000000000000, -0.000000000000000000 ) ) ;
#758 = CYLINDRICAL_SURFACE ( 'NONE', #3998, 0.2866033983652087613 ) ;
#759 = EDGE_CURVE ( 'NONE', #1855, #4423, #3897, .T. ) ;
#760 = ORIENTED_EDGE ( 'NONE', *, *, #3766, .T. ) ;
#761 = VERTEX_POINT ( 'NONE', #5804 ) ;
#762 = PLANE ( 'NONE',  #4809 ) ;
#763 = CARTESIAN_POINT ( 'NONE',  ( -4.250000000000000000, -88.21000000000015007, -17.69999999999998863 ) ) ;
#764 = VERTEX_POINT ( 'NONE', #4729 ) ;
#765 = CYLINDRICAL_SURFACE ( 'NONE', #4795, 5.000000000000000000 ) ;
#766 = DIRECTION ( 'NONE',  ( -0.000000000000000000, 1.000000000000000000, 4.127223139870470387E-16 ) ) ;
#767 = CARTESIAN_POINT ( 'NONE',  ( 38.41413931812409999, -31.89210119208635419, -9.442286694060694430 ) ) ;
#768 = EDGE_CURVE ( 'NONE', #5480, #6726, #5534, .T. ) ;
#769 = EDGE_CURVE ( 'NONE', #6440, #3078, #6414, .T. ) ;
#770 = LINE ( 'NONE', #2962, #6630 ) ;
#771 = DIRECTION ( 'NONE',  ( -0.000000000000000000, 1.000000000000000000, -0.000000000000000000 ) ) ;
#772 = CARTESIAN_POINT ( 'NONE',  ( 1.020000000025245379, -41.34000000000252584, -9.100000000004735412 ) ) ;
#773 = ORIENTED_EDGE ( 'NONE', *, *, #3275, .F. ) ;
#774 = B_SPLINE_CURVE_WITH_KNOTS ( 'NONE', 3,
 ( #4714, #4167, #5786, #5295, #825, #4097, #3019, #2418, #1972, #5261, #280, #2497, #1941, #4194 ),
 .UNSPECIFIED., .F., .F.,
 ( 4, 2, 2, 2, 2, 2, 4 ),
 ( 0.000000000000000000, 0.1249999999999988620, 0.2499999999999977240, 0.3749999999999965583, 0.4999999999999972244, 0.7499999999999985567, 1.000000000000000000 ),
 .UNSPECIFIED. ) ;
#775 = LINE ( 'NONE', #4414, #468 ) ;
#776 = EDGE_CURVE ( 'NONE', #1611, #2885, #1102, .T. ) ;
#777 = FACE_OUTER_BOUND ( 'NONE', #973, .T. ) ;
#778 = EDGE_CURVE ( 'NONE', #1537, #330, #4695, .T. ) ;
#779 = CARTESIAN_POINT ( 'NONE',  ( 0.000000000000000000, 0.000000000000000000, 0.000000000000000000 ) ) ;
#780 = EDGE_LOOP ( 'NONE', ( #6679, #3347, #5108, #2315, #3910, #570 ) ) ;
#781 = ORIENTED_EDGE ( 'NONE', *, *, #1308, .T. ) ;
#782 = CARTESIAN_POINT ( 'NONE',  ( 3.500000000000000000, -13.50000000000000000, 13.24999999999999822 ) ) ;
#783 = FACE_OUTER_BOUND ( 'NONE', #885, .T. ) ;
#784 = CARTESIAN_POINT ( 'NONE',  ( 57.89999999999999858, -8.125000000000000000, 1.149999999999999911 ) ) ;
#785 = CARTESIAN_POINT ( 'NONE',  ( 16.10172213595145507, -3.758742720331702092, 23.76033336419419939 ) ) ;
#786 = ORIENTED_EDGE ( 'NONE', *, *, #753, .F. ) ;
#787 = CARTESIAN_POINT ( 'NONE',  ( 57.89999999999999858, 0.000000000000000000, -9.275000000000000355 ) ) ;
#788 = ORIENTED_EDGE ( 'NONE', *, *, #2741, .T. ) ;
#789 = ORIENTED_EDGE ( 'NONE', *, *, #4740, .F. ) ;
#790 = CARTESIAN_POINT ( 'NONE',  ( -2.000000000000000000, -41.34000000000252584, -11.40000000000471125 ) ) ;
#791 = CIRCLE ( 'NONE', #6227, 2.250000000000000000 ) ;
#792 = CARTESIAN_POINT ( 'NONE',  ( 55.89999999999999858, 8.125000000000000000, -1.149999999999999911 ) ) ;
#793 = DIRECTION ( 'NONE',  ( -1.000000000000000000, 0.000000000000000000, 0.000000000000000000 ) ) ;
#794 = CARTESIAN_POINT ( 'NONE',  ( 57.89999999999999858, 1.408343819019455535E-16, -6.975000000000000533 ) ) ;
#795 = VECTOR ( 'NONE', #605, 1000.000000000000000 ) ;
#796 = ORIENTED_EDGE ( 'NONE', *, *, #4017, .T. ) ;
#797 = ADVANCED_FACE ( 'NONE', ( #3693 ), #6413, .F. ) ;
#798 = CARTESIAN_POINT ( 'NONE',  ( 55.64999999999984936, -19.74999999999999645, 22.77871965419709355 ) ) ;
#799 = ORIENTED_EDGE ( 'NONE', *, *, #6108, .F. ) ;
#800 = CARTESIAN_POINT ( 'NONE',  ( -0.8000000000000000444, -31.89210119208746264, 9.442286694051299278 ) ) ;
#801 = DIRECTION ( 'NONE',  ( -0.000000000000000000, 0.000000000000000000, 1.000000000000000000 ) ) ;
#802 = CARTESIAN_POINT ( 'NONE',  ( 3.735903773857076615, -67.25000000000000000, 19.95473532107411785 ) ) ;
#803 = ORIENTED_EDGE ( 'NONE', *, *, #776, .T. ) ;
#804 = CARTESIAN_POINT ( 'NONE',  ( 39.64999999999984936, -67.25000000000000000, 24.90344073757374943 ) ) ;
#805 = ORIENTED_EDGE ( 'NONE', *, *, #3604, .F. ) ;
#806 = EDGE_CURVE ( 'NONE', #6313, #6377, #5918, .T. ) ;
#807 = LINE ( 'NONE', #2998, #4910 ) ;
#808 = EDGE_LOOP ( 'NONE', ( #4845, #3969, #2785, #7160, #6582, #6372 ) ) ;
#809 = CARTESIAN_POINT ( 'NONE',  ( 36.07000000001264794, -63.25000000000000000, 24.10839105143927696 ) ) ;
#810 = CARTESIAN_POINT ( 'NONE',  ( 55.65584609671023486, -1.578495962053233059, 19.98403520581856441 ) ) ;
#811 = ORIENTED_EDGE ( 'NONE', *, *, #2187, .F. ) ;
#812 = EDGE_CURVE ( 'NONE', #4762, #6103, #1928, .T. ) ;
#813 = DIRECTION ( 'NONE',  ( -1.000000000000000000, 0.000000000000000000, 0.000000000000000000 ) ) ;
#814 = ORIENTED_EDGE ( 'NONE', *, *, #5659, .F. ) ;
#815 = ORIENTED_EDGE ( 'NONE', *, *, #5599, .F. ) ;
#816 = DIRECTION ( 'NONE',  ( 0.000000000000000000, -0.000000000000000000, 1.000000000000000000 ) ) ;
#817 = VECTOR ( 'NONE', #6357, 1000.000000000000000 ) ;
#818 = CARTESIAN_POINT ( 'NONE',  ( 1.020000000025375719, -15.02980442205631384, -10.55811656341952265 ) ) ;
#819 = CARTESIAN_POINT ( 'NONE',  ( 59.39999999999999858, -8.125000000000000000, 0.000000000000000000 ) ) ;
#820 = VECTOR ( 'NONE', #740, 1000.000000000000000 ) ;
#821 = CARTESIAN_POINT ( 'NONE',  ( 57.89999999999999858, 0.000000000000000000, -8.125000000000000000 ) ) ;
#822 = VERTEX_POINT ( 'NONE', #6342 ) ;
#823 = CARTESIAN_POINT ( 'NONE',  ( 59.39999999999998437, -1.321449802727579806E-16, -20.24999999999999289 ) ) ;
#824 = FACE_OUTER_BOUND ( 'NONE', #1565, .T. ) ;
#825 = CARTESIAN_POINT ( 'NONE',  ( -0.8000000000000020428, -16.04630758933521761, -11.78313435482941252 ) ) ;
#826 = DIRECTION ( 'NONE',  ( 0.000000000000000000, -0.8660254037844417052, -0.4999999999999947264 ) ) ;
#827 = DIRECTION ( 'NONE',  ( 0.000000000000000000, 0.000000000000000000, -1.000000000000000000 ) ) ;
#828 = CARTESIAN_POINT ( 'NONE',  ( 55.89999999999999858, -43.02999999999998693, 10.24999999999999112 ) ) ;
#829 = DIRECTION ( 'NONE',  ( 0.000000000000000000, 0.000000000000000000, -1.000000000000000000 ) ) ;
#830 = PLANE ( 'NONE',  #3530 ) ;
#831 = DIRECTION ( 'NONE',  ( 1.000000000000000000, 0.000000000000000000, 0.000000000000000000 ) ) ;
#832 = LINE ( 'NONE', #218, #148 ) ;
#833 = EDGE_CURVE ( 'NONE', #1494, #5345, #839, .T. ) ;
#834 = ORIENTED_EDGE ( 'NONE', *, *, #692, .T. ) ;
#835 = CARTESIAN_POINT ( 'NONE',  ( 3.828562801722851017, -1.648953455744797569, -20.10607116466633926 ) ) ;
#836 = CIRCLE ( 'NONE', #4900, 1.149999999999999911 ) ;
#837 = ORIENTED_EDGE ( 'NONE', *, *, #2975, .F. ) ;
#838 = ORIENTED_EDGE ( 'NONE', *, *, #3786, .T. ) ;
#839 = LINE ( 'NONE', #3037, #2943 ) ;
#840 = VECTOR ( 'NONE', #5655, 1000.000000000000000 ) ;
#841 = FACE_OUTER_BOUND ( 'NONE', #2542, .T. ) ;
#842 = EDGE_CURVE ( 'NONE', #7109, #6354, #4759, .T. ) ;
#843 = AXIS2_PLACEMENT_3D ( 'NONE', #6688, #6073, #6147 ) ;
#844 = CARTESIAN_POINT ( 'NONE',  ( 7.807973832332874231, -7.950009002729037988, 0.8990062635109271616 ) ) ;
#845 = VECTOR ( 'NONE', #2333, 1000.000000000000000 ) ;
#846 = VERTEX_POINT ( 'NONE', #4802 ) ;
#847 = FACE_OUTER_BOUND ( 'NONE', #5519, .T. ) ;
#848 = ORIENTED_EDGE ( 'NONE', *, *, #5499, .T. ) ;
#849 = AXIS2_PLACEMENT_3D ( 'NONE', #2161, #6575, #2274 ) ;
#850 = CARTESIAN_POINT ( 'NONE',  ( 1.020000000025375719, -15.33122917649601469, -11.28249486240453336 ) ) ;
#851 = ADVANCED_FACE ( 'NONE', ( #6986 ), #2024, .F. ) ;
#852 = AXIS2_PLACEMENT_3D ( 'NONE', #2894, #4063, #5133 ) ;
#853 = DIRECTION ( 'NONE',  ( 0.000000000000000000, 0.000000000000000000, 1.000000000000000000 ) ) ;
#854 = VECTOR ( 'NONE', #1509, 1000.000000000000000 ) ;
#855 = CARTESIAN_POINT ( 'NONE',  ( 29.69999999999999929, -4.042763739493027586, 24.25227219979914040 ) ) ;
#856 = AXIS2_PLACEMENT_3D ( 'NONE', #4314, #5481, #6508 ) ;
#857 = VERTEX_POINT ( 'NONE', #1558 ) ;
#858 = CARTESIAN_POINT ( 'NONE',  ( 59.40000000000006253, -63.74999999999998579, -20.24999999999998579 ) ) ;
#859 = VERTEX_POINT ( 'NONE', #7057 ) ;
#860 = DIRECTION ( 'NONE',  ( -1.000000000000000000, 0.000000000000000000, 0.000000000000000000 ) ) ;
#861 = AXIS2_PLACEMENT_3D ( 'NONE', #3610, #5196, #3061 ) ;
#862 = FACE_OUTER_BOUND ( 'NONE', #2118, .T. ) ;
#863 = EDGE_LOOP ( 'NONE', ( #6596, #1706, #3142, #6285, #2792, #5775, #6451, #985 ) ) ;
#864 = CARTESIAN_POINT ( 'NONE',  ( -3.000000000000000000, -49.63999999999779789, -4.249999999994892974 ) ) ;
#865 = ORIENTED_EDGE ( 'NONE', *, *, #3549, .F. ) ;
#866 = LINE ( 'NONE', #4101, #4972 ) ;
#867 = AXIS2_PLACEMENT_3D ( 'NONE', #3497, #6247, #132 ) ;
#868 = AXIS2_PLACEMENT_3D ( 'NONE', #3506, #6257, #4745 ) ;
#869 = DIRECTION ( 'NONE',  ( 2.920409892216846640E-16, 5.295414454691777803E-17, 1.000000000000000000 ) ) ;
#870 = DIRECTION ( 'NONE',  ( 1.000000000000000000, -0.000000000000000000, -0.000000000000000000 ) ) ;
#871 = EDGE_CURVE ( 'NONE', #4895, #2735, #430, .T. ) ;
#872 = DIRECTION ( 'NONE',  ( 0.000000000000000000, -0.5298129428255871076, -0.8481145238789932206 ) ) ;
#873 = AXIS2_PLACEMENT_3D ( 'NONE', #252, #5732, #2561 ) ;
#874 = CARTESIAN_POINT ( 'NONE',  ( 59.40000000000000568, -67.24999999999998579, -20.24999999999998579 ) ) ;
#875 = CARTESIAN_POINT ( 'NONE',  ( 55.66409622614292374, -19.75000000000000355, -19.95473532107414272 ) ) ;
#876 = EDGE_LOOP ( 'NONE', ( #3938, #6612, #5430, #3803 ) ) ;
#877 = CARTESIAN_POINT ( 'NONE',  ( 4.014652893356916330, -23.25000000000000355, 19.88809872202711304 ) ) ;
#878 = ORIENTED_EDGE ( 'NONE', *, *, #3227, .F. ) ;
#879 = CARTESIAN_POINT ( 'NONE',  ( 8.794516364530375441, 7.924810817414496000, -1.095724697839761230 ) ) ;
#880 = CARTESIAN_POINT ( 'NONE',  ( 7.931934880045368175, 3.981072450863423207, 0.9820718214668434642 ) ) ;
#881 = EDGE_CURVE ( 'NONE', #3409, #4394, #2091, .T. ) ;
#882 = DIRECTION ( 'NONE',  ( 1.000000000000000000, -0.000000000000000000, -0.000000000000000000 ) ) ;
#883 = VERTEX_POINT ( 'NONE', #3804 ) ;
#884 = EDGE_CURVE ( 'NONE', #5017, #3085, #4396, .T. ) ;
#885 = EDGE_LOOP ( 'NONE', ( #2326, #6858, #6329, #5893, #6634, #2465, #5903, #525, #1296, #2583, #7013, #1643, #5882, #6838, #738, #1757, #591, #2736, #1704, #1238, #1659, #1292, #2185, #5221, #1672, #4184, #2730, #2146, #232, #2164, #5461 ) ) ;
#886 = CARTESIAN_POINT ( 'NONE',  ( -2.000000000000000000, 1.826024711554530857E-15, 13.74999999999997868 ) ) ;
#887 = CARTESIAN_POINT ( 'NONE',  ( 22.79016422989010593, -6.491534390643773023, -28.49366738367588781 ) ) ;
#888 = DIRECTION ( 'NONE',  ( -1.000000000000000000, 0.000000000000000000, -0.000000000000000000 ) ) ;
#889 = VERTEX_POINT ( 'NONE', #4321 ) ;
#890 = CARTESIAN_POINT ( 'NONE',  ( 57.89999999999999858, -8.125000000000000000, 0.000000000000000000 ) ) ;
#891 = ORIENTED_EDGE ( 'NONE', *, *, #4571, .F. ) ;
#892 = EDGE_CURVE ( 'NONE', #4984, #4430, #979, .T. ) ;
#893 = CARTESIAN_POINT ( 'NONE',  ( 4.014652893356916330, -19.75000000000000355, -19.88809872202713791 ) ) ;
#894 = ORIENTED_EDGE ( 'NONE', *, *, #1737, .T. ) ;
#895 = ORIENTED_EDGE ( 'NONE', *, *, #3728, .T. ) ;
#896 = CARTESIAN_POINT ( 'NONE',  ( 50.03522155753238110, -19.75000000000000355, -22.77902761317092484 ) ) ;
#897 = FACE_OUTER_BOUND ( 'NONE', #4985, .T. ) ;
#898 = CARTESIAN_POINT ( 'NONE',  ( 57.39999999999999858, -36.52999999999998693, -10.24999999999998401 ) ) ;
#899 = CARTESIAN_POINT ( 'NONE',  ( 36.52592744212587661, -4.328277461510987578, -24.74679647259242188 ) ) ;
#900 = EDGE_CURVE ( 'NONE', #602, #3570, #2263, .T. ) ;
#901 = CARTESIAN_POINT ( 'NONE',  ( 3.499999999999996447, -23.25000000000000355, 12.55999940691883054 ) ) ;
#902 = ADVANCED_FACE ( 'NONE', ( #6016 ), #1670, .F. ) ;
#903 = CARTESIAN_POINT ( 'NONE',  ( 1.020000000025375719, -15.61578520055723907, -11.55300437124067159 ) ) ;
#904 = CARTESIAN_POINT ( 'NONE',  ( 38.41413931812409999, -38.88999999619777981, -10.80000000000469740 ) ) ;
#905 = DIRECTION ( 'NONE',  ( 0.000000000000000000, -0.4999999999999947264, 0.8660254037844417052 ) ) ;
#906 = VECTOR ( 'NONE', #2632, 1000.000000000000000 ) ;
#907 = CARTESIAN_POINT ( 'NONE',  ( 59.40100000000001046, -32.25000000000000000, -10.65111910102082504 ) ) ;
#908 = CARTESIAN_POINT ( 'NONE',  ( 59.40000000000000568, -67.24999999999998579, -20.24999999999998579 ) ) ;
#909 = ORIENTED_EDGE ( 'NONE', *, *, #3852, .F. ) ;
#910 = CARTESIAN_POINT ( 'NONE',  ( 9.066862201548811839, 7.939598186204286812, -0.9828630356705136961 ) ) ;
#911 = CARTESIAN_POINT ( 'NONE',  ( 3.828562801722851017, -67.24999999999998579, -20.10607116466636768 ) ) ;
#912 = EDGE_LOOP ( 'NONE', ( #3070, #4882, #4190, #5348 ) ) ;
#913 = CARTESIAN_POINT ( 'NONE',  ( 59.40000000000000568, -67.25000000000000000, 20.25000000000001421 ) ) ;
#914 = ORIENTED_EDGE ( 'NONE', *, *, #1217, .F. ) ;
#915 = VERTEX_POINT ( 'NONE', #2763 ) ;
#916 = DIRECTION ( 'NONE',  ( -0.000000000000000000, 1.000000000000000000, -0.000000000000000000 ) ) ;
#917 = CARTESIAN_POINT ( 'NONE',  ( 40.07000000001264794, -67.25000000000000000, 17.24999999999999645 ) ) ;
#918 = AXIS2_PLACEMENT_3D ( 'NONE', #2459, #4685, #829 ) ;
#919 = VERTEX_POINT ( 'NONE', #3252 ) ;
#920 = CARTESIAN_POINT ( 'NONE',  ( -1.750000000000024425, -69.03553390593266670, 20.25000000000001421 ) ) ;
#921 = VERTEX_POINT ( 'NONE', #516 ) ;
#922 = CARTESIAN_POINT ( 'NONE',  ( 11.21526601878286655, -19.75000000000000355, 11.87653491542464046 ) ) ;
#923 = CARTESIAN_POINT ( 'NONE',  ( 8.500000000000003553, 3.942635539838801328, -1.125000000000000444 ) ) ;
#924 = VECTOR ( 'NONE', #6254, 1000.000000000000227 ) ;
#925 = EDGE_CURVE ( 'NONE', #6072, #2937, #2679, .T. ) ;
#926 = DIRECTION ( 'NONE',  ( 0.000000000000000000, 6.025932307130908246E-13, -1.000000000000000000 ) ) ;
#927 = ORIENTED_EDGE ( 'NONE', *, *, #2254, .F. ) ;
#928 = DIRECTION ( 'NONE',  ( 1.000000000000000000, -0.000000000000000000, 0.000000000000000000 ) ) ;
#929 = LINE ( 'NONE', #4348, #2701 ) ;
#930 = VERTEX_POINT ( 'NONE', #2055 ) ;
#931 = CIRCLE ( 'NONE', #1861, 3.750000000000000888 ) ;
#932 = DIRECTION ( 'NONE',  ( 0.000000000000000000, -0.4999999999999943934, -0.8660254037844420383 ) ) ;
#933 = LINE ( 'NONE', #3288, #4704 ) ;
#934 = B_SPLINE_CURVE_WITH_KNOTS ( 'NONE', 3,
 ( #6702, #1771, #107, #6121, #5691, #3327, #4536, #3987, #1189, #3400, #2241, #6223, #5632, #1231, #3437, #1265, #5560, #4575 ),
 .UNSPECIFIED., .F., .F.,
 ( 4, 2, 2, 2, 2, 2, 2, 2, 4 ),
 ( 0.003534248467565138333, 0.003975907983824180855, 0.004417567500083223811, 0.004859227016342266767, 0.005300886532601309722, 0.005742546048860352678, 0.006184205565119395634, 0.006625865081378438590, 0.007067524597637481545 ),
 .UNSPECIFIED. ) ;
#935 = EDGE_CURVE ( 'NONE', #2885, #7005, #4909, .T. ) ;
#936 = CARTESIAN_POINT ( 'NONE',  ( -0.8000000000000000444, -15.02996288919170986, -10.36012183223557415 ) ) ;
#937 = ORIENTED_EDGE ( 'NONE', *, *, #6747, .T. ) ;
#938 = CARTESIAN_POINT ( 'NONE',  ( 5.394726825227871281, -2.460571892484188172, 21.51183553345858357 ) ) ;
#939 = VERTEX_POINT ( 'NONE', #7099 ) ;
#940 = LINE ( 'NONE', #6546, #366 ) ;
#941 = ORIENTED_EDGE ( 'NONE', *, *, #6594, .F. ) ;
#942 = FACE_OUTER_BOUND ( 'NONE', #3469, .T. ) ;
#943 = DIRECTION ( 'NONE',  ( -0.000000000000000000, -0.000000000000000000, -1.000000000000000000 ) ) ;
#944 = ADVANCED_FACE ( 'NONE', ( #6588 ), #6058, .T. ) ;
#945 = CARTESIAN_POINT ( 'NONE',  ( 7.934127968384810714, 7.939540778873658056, -0.9833060551093760759 ) ) ;
#946 = VERTEX_POINT ( 'NONE', #1629 ) ;
#947 = CARTESIAN_POINT ( 'NONE',  ( -0.7999999999999951594, -49.63999999999779789, 5.107025913275720086E-12 ) ) ;
#948 = AXIS2_PLACEMENT_3D ( 'NONE', #3197, #5429, #2491 ) ;
#949 = CARTESIAN_POINT ( 'NONE',  ( 3.499999999999996447, -23.25000000000000355, 12.55999940691883054 ) ) ;
#950 = EDGE_LOOP ( 'NONE', ( #4808, #5338, #6126, #2809 ) ) ;
#951 = AXIS2_PLACEMENT_3D ( 'NONE', #5515, #1692, #6005 ) ;
#952 = DIRECTION ( 'NONE',  ( -0.000000000000000000, 1.000000000000000000, -0.000000000000000000 ) ) ;
#953 = DIRECTION ( 'NONE',  ( 0.000000000000000000, 0.000000000000000000, 1.000000000000000000 ) ) ;
#954 = AXIS2_PLACEMENT_3D ( 'NONE', #4751, #3207, #4827 ) ;
#955 = FACE_OUTER_BOUND ( 'NONE', #6620, .T. ) ;
#956 = VECTOR ( 'NONE', #6336, 1000.000000000000000 ) ;
#957 = LINE ( 'NONE', #6531, #5507 ) ;
#958 = ADVANCED_FACE ( 'NONE', ( #11 ), #3839, .F. ) ;
#959 = ORIENTED_EDGE ( 'NONE', *, *, #5079, .F. ) ;
#960 = CARTESIAN_POINT ( 'NONE',  ( 0.000000000000000000, -1.732050807568846995, 20.24999999999999289 ) ) ;
#961 = ORIENTED_EDGE ( 'NONE', *, *, #1490, .T. ) ;
#962 = DIRECTION ( 'NONE',  ( 0.000000000000000000, -1.251123237157643934E-06, -0.9999999999992172928 ) ) ;
#963 = ORIENTED_EDGE ( 'NONE', *, *, #1410, .T. ) ;
#964 = VECTOR ( 'NONE', #1809, 1000.000000000000000 ) ;
#965 = FACE_BOUND ( 'NONE', #7071, .T. ) ;
#966 = EDGE_CURVE ( 'NONE', #1878, #6602, #530, .T. ) ;
#967 = DIRECTION ( 'NONE',  ( -7.397540539913467678E-16, 0.000000000000000000, -1.000000000000000000 ) ) ;
#968 = DIRECTION ( 'NONE',  ( -0.000000000000000000, -9.938261105567462796E-17, -1.000000000000000000 ) ) ;
#969 = AXIS2_PLACEMENT_3D ( 'NONE', #2883, #2979, #4562 ) ;
#970 = VERTEX_POINT ( 'NONE', #3725 ) ;
#971 = CARTESIAN_POINT ( 'NONE',  ( 1.020000000025417242, -32.11500000000230415, 9.303042912640979267 ) ) ;
#972 = CARTESIAN_POINT ( 'NONE',  ( 38.41413931812409999, -16.89000000000253010, -10.25000000000473399 ) ) ;
#973 = EDGE_LOOP ( 'NONE', ( #4475, #1668, #4917, #3625 ) ) ;
#974 = ORIENTED_EDGE ( 'NONE', *, *, #5064, .T. ) ;
#975 = ADVANCED_FACE ( 'NONE', ( #3143, #5532, #2211, #1593, #4436, #3886, #942 ), #5375, .T. ) ;
#976 = EDGE_CURVE ( 'NONE', #6834, #1526, #1540, .T. ) ;
#977 = AXIS2_PLACEMENT_3D ( 'NONE', #596, #4000, #3450 ) ;
#978 = AXIS2_PLACEMENT_3D ( 'NONE', #2854, #4525, #3934 ) ;
#979 = LINE ( 'NONE', #1515, #396 ) ;
#980 = ORIENTED_EDGE ( 'NONE', *, *, #2278, .T. ) ;
#981 = VERTEX_POINT ( 'NONE', #4511 ) ;
#982 = DIRECTION ( 'NONE',  ( 0.000000000000000000, 0.000000000000000000, 1.000000000000000000 ) ) ;
#983 = CIRCLE ( 'NONE', #7111, 1.000000000000000888 ) ;
#984 = CARTESIAN_POINT ( 'NONE',  ( 7.601271343933566627, 7.970660512823043220, -0.6923989936017317381 ) ) ;
#985 = ORIENTED_EDGE ( 'NONE', *, *, #1745, .T. ) ;
#986 = EDGE_CURVE ( 'NONE', #2107, #2320, #6746, .T. ) ;
#987 = EDGE_CURVE ( 'NONE', #4601, #5017, #186, .T. ) ;
#988 = EDGE_CURVE ( 'NONE', #2329, #5821, #4585, .T. ) ;
#989 = ORIENTED_EDGE ( 'NONE', *, *, #2425, .F. ) ;
#990 = VECTOR ( 'NONE', #3637, 1000.000000000000000 ) ;
#991 = FACE_OUTER_BOUND ( 'NONE', #2867, .T. ) ;
#992 = AXIS2_PLACEMENT_3D ( 'NONE', #5911, #5406, #3911 ) ;
#993 = ORIENTED_EDGE ( 'NONE', *, *, #1210, .F. ) ;
#994 = DIRECTION ( 'NONE',  ( -1.000000000000000000, 0.000000000000000000, 0.000000000000000000 ) ) ;
#995 = ORIENTED_EDGE ( 'NONE', *, *, #2287, .F. ) ;
#996 = DIRECTION ( 'NONE',  ( -1.581872432528857480E-15, 0.7071067811865435759, 0.7071067811865514585 ) ) ;
#997 = ORIENTED_EDGE ( 'NONE', *, *, #4941, .F. ) ;
#998 = DIRECTION ( 'NONE',  ( 0.000000000000000000, 0.000000000000000000, 1.000000000000000000 ) ) ;
#999 = LINE ( 'NONE', #4928, #2835 ) ;
#1000 = LINE ( 'NONE', #3127, #1212 ) ;
#1001 = ORIENTED_EDGE ( 'NONE', *, *, #57, .T. ) ;
#1002 = CARTESIAN_POINT ( 'NONE',  ( 58.07987271612044822, -3.253997156820731540, 22.88608840329827032 ) ) ;
#1003 = ORIENTED_EDGE ( 'NONE', *, *, #3681, .T. ) ;
#1004 = ADVANCED_FACE ( 'NONE', ( #5698 ), #6784, .F. ) ;
#1005 = DIRECTION ( 'NONE',  ( -0.000000000000000000, -9.938261105567462796E-17, -1.000000000000000000 ) ) ;
#1006 = CARTESIAN_POINT ( 'NONE',  ( 1.020000000025375719, -16.14152881293917829, -11.81192963603168877 ) ) ;
#1007 = CARTESIAN_POINT ( 'NONE',  ( 3.500000000000000000, -19.75000000000000355, 17.24999999999999645 ) ) ;
#1008 = DIRECTION ( 'NONE',  ( 0.000000000000000000, 0.000000000000000000, 1.000000000000000000 ) ) ;
#1009 = ORIENTED_EDGE ( 'NONE', *, *, #4967, .F. ) ;
#1010 = LINE ( 'NONE', #1623, #5478 ) ;
#1011 = DIRECTION ( 'NONE',  ( -1.000000000000000000, 0.000000000000000000, 0.000000000000000000 ) ) ;
#1012 = ORIENTED_EDGE ( 'NONE', *, *, #5067, .F. ) ;
#1013 = CARTESIAN_POINT ( 'NONE',  ( -0.8000000000000000444, -16.52983830244284746, 11.86003266774541842 ) ) ;
#1014 = AXIS2_PLACEMENT_3D ( 'NONE', #2043, #377, #5358 ) ;
#1015 = ORIENTED_EDGE ( 'NONE', *, *, #6325, .T. ) ;
#1016 = CARTESIAN_POINT ( 'NONE',  ( 3.500000000000000000, -23.25000000000000711, 17.24999999999999645 ) ) ;
#1017 = CARTESIAN_POINT ( 'NONE',  ( -0.8000000000000000444, -60.75000000000000711, -13.25000000000001954 ) ) ;
#1018 = EDGE_CURVE ( 'NONE', #1023, #1832, #2136, .T. ) ;
#1019 = CARTESIAN_POINT ( 'NONE',  ( 7.404184983880252702, 7.995752764173326810, 0.2941591011288254842 ) ) ;
#1020 = EDGE_CURVE ( 'NONE', #2313, #6160, #3300, .T. ) ;
#1021 = AXIS2_PLACEMENT_3D ( 'NONE', #3930, #1216, #6105 ) ;
#1022 = ORIENTED_EDGE ( 'NONE', *, *, #5318, .T. ) ;
#1023 = VERTEX_POINT ( 'NONE', #2797 ) ;
#1024 = ORIENTED_EDGE ( 'NONE', *, *, #3773, .T. ) ;
#1025 = FACE_OUTER_BOUND ( 'NONE', #6022, .T. ) ;
#1026 = ORIENTED_EDGE ( 'NONE', *, *, #5199, .F. ) ;
#1027 = EDGE_CURVE ( 'NONE', #6006, #6533, #5637, .T. ) ;
#1028 = DIRECTION ( 'NONE',  ( 0.000000000000000000, 0.000000000000000000, 1.000000000000000000 ) ) ;
#1029 = ORIENTED_EDGE ( 'NONE', *, *, #6970, .T. ) ;
#1030 = CARTESIAN_POINT ( 'NONE',  ( 11.21526601878286655, -67.25000000000000000, 11.87653491542464046 ) ) ;
#1031 = ORIENTED_EDGE ( 'NONE', *, *, #5599, .T. ) ;
#1032 = CARTESIAN_POINT ( 'NONE',  ( -3.517766952966396410, -67.26776695296629782, -20.24999999999998579 ) ) ;
#1033 = DIRECTION ( 'NONE',  ( -0.000000000000000000, -0.000000000000000000, 1.000000000000000000 ) ) ;
#1034 = CARTESIAN_POINT ( 'NONE',  ( 3.500000000000000000, -19.75000000000000355, 17.24999999999999645 ) ) ;
#1035 = VECTOR ( 'NONE', #2503, 1000.000000000000000 ) ;
#1036 = ORIENTED_EDGE ( 'NONE', *, *, #4523, .T. ) ;
#1037 = PLANE ( 'NONE',  #4039 ) ;
#1038 = DIRECTION ( 'NONE',  ( 0.000000000000000000, 0.000000000000000000, -1.000000000000000000 ) ) ;
#1039 = DIRECTION ( 'NONE',  ( 0.000000000000000000, -1.000000000000000000, 0.000000000000000000 ) ) ;
#1040 = ADVANCED_FACE ( 'NONE', ( #2868 ), #1848, .T. ) ;
#1041 = CARTESIAN_POINT ( 'NONE',  ( 1.020000000025375719, -16.52954290413744332, -11.86002913982032503 ) ) ;
#1042 = AXIS2_PLACEMENT_3D ( 'NONE', #5405, #2636, #4864 ) ;
#1043 = ORIENTED_EDGE ( 'NONE', *, *, #1218, .T. ) ;
#1044 = CARTESIAN_POINT ( 'NONE',  ( 7.518320334162503116, 4.062638132255733225, -0.5691902499110176317 ) ) ;
#1045 = ADVANCED_FACE ( 'NONE', ( #1708, #3922 ), #6201, .T. ) ;
#1046 = CARTESIAN_POINT ( 'NONE',  ( 39.57996919761693277, -67.25000000000000000, 23.90589590814620635 ) ) ;
#1047 = ORIENTED_EDGE ( 'NONE', *, *, #6144, .T. ) ;
#1048 = LINE ( 'NONE', #510, #2094 ) ;
#1049 = CARTESIAN_POINT ( 'NONE',  ( 55.89999999999999858, -61.24999999999998579, -10.24999999999998757 ) ) ;
#1050 = ORIENTED_EDGE ( 'NONE', *, *, #3133, .F. ) ;
#1051 = ORIENTED_EDGE ( 'NONE', *, *, #2539, .F. ) ;
#1052 = DIRECTION ( 'NONE',  ( 0.000000000000000000, -1.000000000000000000, -2.624392550645698593E-16 ) ) ;
#1053 = CARTESIAN_POINT ( 'NONE',  ( -0.8000000000000000444, -43.17848579441921686, 11.86000115123032828 ) ) ;
#1054 = DIRECTION ( 'NONE',  ( 1.000000000000000000, 0.000000000000000000, 0.000000000000000000 ) ) ;
#1055 = ADVANCED_FACE ( 'NONE', ( #3484 ), #3338, .T. ) ;
#1056 = CARTESIAN_POINT ( 'NONE',  ( 7.599570822022245764, -7.970837897292529561, -0.6905480516268835967 ) ) ;
#1057 = ORIENTED_EDGE ( 'NONE', *, *, #1650, .F. ) ;
#1058 = ORIENTED_EDGE ( 'NONE', *, *, #7130, .T. ) ;
#1059 = EDGE_CURVE ( 'NONE', #6006, #3438, #5101, .T. ) ;
#1060 = LINE ( 'NONE', #4958, #6599 ) ;
#1061 = PLANE ( 'NONE',  #1945 ) ;
#1062 = VECTOR ( 'NONE', #2346, 1000.000000000000000 ) ;
#1063 = ORIENTED_EDGE ( 'NONE', *, *, #1949, .T. ) ;
#1064 = CARTESIAN_POINT ( 'NONE',  ( 1.020000000025493625, -15.18200551005773669, 11.02518507328145247 ) ) ;
#1065 = VECTOR ( 'NONE', #6946, 1000.000000000000000 ) ;
#1066 = DIRECTION ( 'NONE',  ( 0.000000000000000000, 0.000000000000000000, -1.000000000000000000 ) ) ;
#1067 = EDGE_CURVE ( 'NONE', #1347, #1285, #4124, .T. ) ;
#1068 = DIRECTION ( 'NONE',  ( 1.000000000000000000, -0.000000000000000000, -0.000000000000000000 ) ) ;
#1069 = ADVANCED_FACE ( 'NONE', ( #2289 ), #6711, .T. ) ;
#1070 = VECTOR ( 'NONE', #5701, 1000.000000000000000 ) ;
#1071 = LINE ( 'NONE', #6692, #6984 ) ;
#1072 = ORIENTED_EDGE ( 'NONE', *, *, #4203, .F. ) ;
#1074 = EDGE_LOOP ( 'NONE', ( #5440, #6220 ) ) ;
#1073 = VECTOR ( 'NONE', #3158, 1000.000000000000000 ) ;
#1075 = FACE_OUTER_BOUND ( 'NONE', #7077, .T. ) ;
#1076 = ORIENTED_EDGE ( 'NONE', *, *, #442, .F. ) ;
#1077 = DIRECTION ( 'NONE',  ( 0.000000000000000000, 0.000000000000000000, -1.000000000000000000 ) ) ;
#1078 = DIRECTION ( 'NONE',  ( -0.000000000000000000, -0.000000000000000000, -1.000000000000000000 ) ) ;
#1079 = VECTOR ( 'NONE', #6841, 1000.000000000000000 ) ;
#1080 = CARTESIAN_POINT ( 'NONE',  ( 3.828562801722851017, -67.25000000000000000, 20.10607116466633926 ) ) ;
#1081 = ORIENTED_EDGE ( 'NONE', *, *, #2569, .F. ) ;
#1082 = CIRCLE ( 'NONE', #3507, 1.149999999999999911 ) ;
#1083 = CARTESIAN_POINT ( 'NONE',  ( 55.66409622614292374, -23.25000000000000711, 19.95473532107411785 ) ) ;
#1084 = CARTESIAN_POINT ( 'NONE',  ( 0.000000000000000000, 2.012497873877412131E-15, 20.25000000000000711 ) ) ;
#1085 = CARTESIAN_POINT ( 'NONE',  ( 3.500000000000000000, -19.75000000000000355, -17.25000000000000000 ) ) ;
#1086 = VECTOR ( 'NONE', #4380, 1000.000000000000000 ) ;
#1087 = ORIENTED_EDGE ( 'NONE', *, *, #3765, .T. ) ;
#1088 = EDGE_LOOP ( 'NONE', ( #3741, #3246, #5455, #1871 ) ) ;
#1089 = DIRECTION ( 'NONE',  ( 0.000000000000000000, -1.000000000000000000, 1.101411730778924924E-16 ) ) ;
#1090 = ORIENTED_EDGE ( 'NONE', *, *, #4135, .F. ) ;
#1091 = VECTOR ( 'NONE', #254, 1000.000000000000000 ) ;
#1092 = ORIENTED_EDGE ( 'NONE', *, *, #452, .T. ) ;
#1093 = DIRECTION ( 'NONE',  ( 1.000000000000000000, 0.000000000000000000, 0.000000000000000000 ) ) ;
#1094 = ORIENTED_EDGE ( 'NONE', *, *, #4746, .T. ) ;
#1095 = CARTESIAN_POINT ( 'NONE',  ( 69.40000000000000568, -43.02999999999998693, -10.24999999999998401 ) ) ;
#1096 = ORIENTED_EDGE ( 'NONE', *, *, #2221, .T. ) ;
#1097 = VECTOR ( 'NONE', #6738, 1000.000000000000000 ) ;
#1098 = LINE ( 'NONE', #5671, #2475 ) ;
#1099 = CYLINDRICAL_SURFACE ( 'NONE', #6297, 14.80283886912690505 ) ;
#1100 = FACE_OUTER_BOUND ( 'NONE', #6900, .T. ) ;
#1101 = VECTOR ( 'NONE', #3355, 1000.000000000000000 ) ;
#1102 = CIRCLE ( 'NONE', #1552, 1.149999999999998135 ) ;
#1103 = ORIENTED_EDGE ( 'NONE', *, *, #3957, .F. ) ;
#1104 = ORIENTED_EDGE ( 'NONE', *, *, #1814, .F. ) ;
#1105 = LINE ( 'NONE', #5074, #349 ) ;
#1106 = CIRCLE ( 'NONE', #5969, 1.000000000000000888 ) ;
#1107 = DIRECTION ( 'NONE',  ( 0.000000000000000000, 0.000000000000000000, -1.000000000000000000 ) ) ;
#1108 = ADVANCED_FACE ( 'NONE', ( #3956 ), #1271, .F. ) ;
#1109 = ORIENTED_EDGE ( 'NONE', *, *, #5762, .T. ) ;
#1110 = LINE ( 'NONE', #2225, #1882 ) ;
#1111 = DIRECTION ( 'NONE',  ( 1.000000000000000000, -0.000000000000000000, -0.000000000000000000 ) ) ;
#1112 = CARTESIAN_POINT ( 'NONE',  ( 55.89999999999999858, 0.000000000000000000, 8.125000000000000000 ) ) ;
#1113 = DIRECTION ( 'NONE',  ( 0.000000000000000000, -3.934719212345380907E-16, 1.000000000000000000 ) ) ;
#1114 = DIRECTION ( 'NONE',  ( 1.000000000000000000, 0.000000000000000000, 0.000000000000000000 ) ) ;
#1115 = EDGE_CURVE ( 'NONE', #6251, #3046, #2396, .T. ) ;
#1116 = ORIENTED_EDGE ( 'NONE', *, *, #1420, .T. ) ;
#1117 = FACE_BOUND ( 'NONE', #5070, .T. ) ;
#1118 = CARTESIAN_POINT ( 'NONE',  ( 63.15000000000006963, -67.49999999999995737, -20.24999999999998579 ) ) ;
#1119 = EDGE_LOOP ( 'NONE', ( #4830, #1910, #5984, #7032 ) ) ;
#1120 = CARTESIAN_POINT ( 'NONE',  ( 39.57996919761690435, -3.842783294266308047, 23.90589590814617793 ) ) ;
#1121 = AXIS2_PLACEMENT_3D ( 'NONE', #6646, #1687, #538 ) ;
#1122 = ORIENTED_EDGE ( 'NONE', *, *, #759, .F. ) ;
#1123 = CARTESIAN_POINT ( 'NONE',  ( 55.89999999999999858, -56.24999999999998579, 15.24999999999998934 ) ) ;
#1124 = CARTESIAN_POINT ( 'NONE',  ( 38.41413931812409999, -43.17851648078251259, 11.35999999999530274 ) ) ;
#1125 = CARTESIAN_POINT ( 'NONE',  ( 38.41413931812409999, -16.89000000000253010, 9.099999999995265654 ) ) ;
#1126 = EDGE_CURVE ( 'NONE', #5630, #764, #1923, .T. ) ;
#1127 = LINE ( 'NONE', #109, #2476 ) ;
#1128 = EDGE_CURVE ( 'NONE', #3670, #3192, #6300, .T. ) ;
#1129 = CYLINDRICAL_SURFACE ( 'NONE', #5368, 17.24999999999999645 ) ;
#1130 = ORIENTED_EDGE ( 'NONE', *, *, #753, .T. ) ;
#1131 = CARTESIAN_POINT ( 'NONE',  ( 29.69999999999999929, -67.25000000000004263, 116.8280647581437819 ) ) ;
#1132 = DIRECTION ( 'NONE',  ( -1.000000000000000000, -0.000000000000000000, -0.000000000000000000 ) ) ;
#1133 = CARTESIAN_POINT ( 'NONE',  ( -2.000000000000000000, -41.34000000000252584, 9.099999999995288746 ) ) ;
#1134 = CARTESIAN_POINT ( 'NONE',  ( 59.40000000000000568, 0.000000000000000000, 17.24999999999999645 ) ) ;
#1135 = ORIENTED_EDGE ( 'NONE', *, *, #5567, .T. ) ;
#1136 = AXIS2_PLACEMENT_3D ( 'NONE', #6875, #5231, #6397 ) ;
#1137 = VERTEX_POINT ( 'NONE', #6913 ) ;
#1138 = EDGE_LOOP ( 'NONE', ( #4955, #4051, #3883, #1142 ) ) ;
#1139 = CARTESIAN_POINT ( 'NONE',  ( 8.350560016966351640, -3.942635539838800440, 1.125000000000000222 ) ) ;
#1140 = PRODUCT_DEFINITION_FORMATION_WITH_SPECIFIED_SOURCE ( 'ANY', '', #2606, .NOT_KNOWN. ) ;
#1141 = CARTESIAN_POINT ( 'NONE',  ( 57.89999999999999858, 1.408343819019455535E-16, 9.275000000000000355 ) ) ;
#1142 = ORIENTED_EDGE ( 'NONE', *, *, #3179, .T. ) ;
#1143 = ORIENTED_EDGE ( 'NONE', *, *, #2481, .F. ) ;
#1144 = CARTESIAN_POINT ( 'NONE',  ( 1.020000000025493625, -16.33184324812957300, 11.86018697004518963 ) ) ;
#1145 = LINE ( 'NONE', #3315, #1747 ) ;
#1146 = CARTESIAN_POINT ( 'NONE',  ( 55.90000000000000568, -19.75000000000000355, 17.25000000000001421 ) ) ;
#1147 = DIRECTION ( 'NONE',  ( -0.000000000000000000, 1.000000000000000000, -0.000000000000000000 ) ) ;
#1148 = LINE ( 'NONE', #2779, #6917 ) ;
#1149 = DIRECTION ( 'NONE',  ( 0.000000000000000000, -1.000000000000000000, 0.000000000000000000 ) ) ;
#1150 = PLANE ( 'NONE',  #3844 ) ;
#1151 = DIRECTION ( 'NONE',  ( 1.000000000000000000, 0.000000000000000000, 0.000000000000000000 ) ) ;
#1152 = ORIENTED_EDGE ( 'NONE', *, *, #1852, .F. ) ;
#1153 = CARTESIAN_POINT ( 'NONE',  ( -0.8000000000000020428, -16.13517866272587042, 11.82003704497813601 ) ) ;
#1154 = ADVANCED_FACE ( 'NONE', ( #4109 ), #4793, .F. ) ;
#1155 = AXIS2_PLACEMENT_3D ( 'NONE', #1307, #766, #2959 ) ;
#1156 = CARTESIAN_POINT ( 'NONE',  ( 0.000000000000000000, -11.00000000000001421, -7.608588896766578458 ) ) ;
#1157 = DIRECTION ( 'NONE',  ( 1.000000000000000000, -0.000000000000000000, -0.000000000000000000 ) ) ;
#1158 = DIRECTION ( 'NONE',  ( -0.000000000000000000, 1.000000000000000000, 4.127223139870470387E-16 ) ) ;
#1159 = ORIENTED_EDGE ( 'NONE', *, *, #1115, .T. ) ;
#1160 = CARTESIAN_POINT ( 'NONE',  ( 38.41413931812409999, -32.11500000000139465, -10.80000000000469740 ) ) ;
#1161 = CIRCLE ( 'NONE', #5227, 1.149999999999999911 ) ;
#1162 = ORIENTED_EDGE ( 'NONE', *, *, #2435, .T. ) ;
#1163 = CARTESIAN_POINT ( 'NONE',  ( 59.39999999999999858, -67.25000000000000000, -15.24999999999999289 ) ) ;
#1164 = ADVANCED_FACE ( 'NONE', ( #5269 ), #1375, .F. ) ;
#1165 = DIRECTION ( 'NONE',  ( 1.000000000000000000, 0.000000000000000000, 0.000000000000000000 ) ) ;
#1166 = DIRECTION ( 'NONE',  ( -0.000000000000000000, 1.000000000000000000, -0.000000000000000000 ) ) ;
#1167 = DIRECTION ( 'NONE',  ( 0.000000000000000000, 0.000000000000000000, 1.000000000000000000 ) ) ;
#1168 = VERTEX_POINT ( 'NONE', #6975 ) ;
#1169 = ORIENTED_EDGE ( 'NONE', *, *, #719, .T. ) ;
#1170 = VERTEX_POINT ( 'NONE', #1310 ) ;
#1171 = ADVANCED_FACE ( 'NONE', ( #3657 ), #2993, .F. ) ;
#1172 = DIRECTION ( 'NONE',  ( -1.000000000000000000, -0.000000000000000000, -0.000000000000000000 ) ) ;
#1173 = EDGE_CURVE ( 'NONE', #1716, #6050, #6365, .T. ) ;
#1174 = PLANE ( 'NONE',  #4158 ) ;
#1175 = EDGE_LOOP ( 'NONE', ( #3086, #1782, #705, #6129 ) ) ;
#1176 = VERTEX_POINT ( 'NONE', #5796 ) ;
#1177 = CARTESIAN_POINT ( 'NONE',  ( 59.39999999999999858, -56.24999999999998579, -10.24999999999998757 ) ) ;
#1178 = CARTESIAN_POINT ( 'NONE',  ( -2.000000000000000000, -13.00000000000001421, -13.75000000000000888 ) ) ;
#1179 = LINE ( 'NONE', #3866, #523 ) ;
#1180 = CARTESIAN_POINT ( 'NONE',  ( 59.39999999999999858, -43.02999999999998693, 10.24999999999999112 ) ) ;
#1181 = CARTESIAN_POINT ( 'NONE',  ( 59.65000000000009095, -71.00000000000002842, 20.25000000000001421 ) ) ;
#1182 = AXIS2_PLACEMENT_3D ( 'NONE', #5636, #2864, #2790 ) ;
#1183 = FACE_BOUND ( 'NONE', #2061, .T. ) ;
#1184 = CARTESIAN_POINT ( 'NONE',  ( 1.020000000025493625, -16.52983830244271957, 11.86003266774541842 ) ) ;
#1185 = AXIS2_PLACEMENT_3D ( 'NONE', #5493, #4365, #2614 ) ;
#1186 = ORIENTED_EDGE ( 'NONE', *, *, #2670, .T. ) ;
#1187 = CARTESIAN_POINT ( 'NONE',  ( -0.8000000000000020428, -15.77461599535319792, 11.67052989598730584 ) ) ;
#1188 = ADVANCED_FACE ( 'NONE', ( #5840 ), #830, .F. ) ;
#1189 = CARTESIAN_POINT ( 'NONE',  ( 9.624971847350021648, -4.099992275187633872, -0.1485499779506134210 ) ) ;
#1190 = VECTOR ( 'NONE', #3821, 1000.000000000000114 ) ;
#1191 = CARTESIAN_POINT ( 'NONE',  ( 29.69999999999999929, -23.25000000000000355, -116.8280647581438103 ) ) ;
#1192 = LINE ( 'NONE', #2987, #3611 ) ;
#1193 = AXIS2_PLACEMENT_3D ( 'NONE', #1487, #6417, #2030 ) ;
#1194 = ORIENTED_EDGE ( 'NONE', *, *, #884, .T. ) ;
#1195 = EDGE_CURVE ( 'NONE', #1570, #2379, #983, .T. ) ;
#1196 = LINE ( 'NONE', #1160, #6964 ) ;
#1197 = EDGE_LOOP ( 'NONE', ( #4851, #2990, #2844, #4231 ) ) ;
#1198 = AXIS2_PLACEMENT_3D ( 'NONE', #3727, #2057, #7021 ) ;
#1199 = EDGE_CURVE ( 'NONE', #4115, #3335, #1106, .T. ) ;
#1200 = EDGE_LOOP ( 'NONE', ( #995, #312, #6053, #3820 ) ) ;
#1201 = CARTESIAN_POINT ( 'NONE',  ( 53.37458773797602873, -16.71712313639177339, -46.20490662861620734 ) ) ;
#1202 = CIRCLE ( 'NONE', #631, 8.000000000000000000 ) ;
#1203 = ORIENTED_EDGE ( 'NONE', *, *, #314, .F. ) ;
#1204 = FACE_OUTER_BOUND ( 'NONE', #3362, .T. ) ;
#1205 = VECTOR ( 'NONE', #5443, 1000.000000000000000 ) ;
#1206 = CARTESIAN_POINT ( 'NONE',  ( 3.500000000000000000, -67.24999999999998579, -17.25000000000002487 ) ) ;
#1207 = AXIS2_PLACEMENT_3D ( 'NONE', #5206, #4069, #4210 ) ;
#1208 = EDGE_CURVE ( 'NONE', #5905, #476, #215, .T. ) ;
#1209 = CARTESIAN_POINT ( 'NONE',  ( -2.000000000000000000, -16.89000000000251944, 10.24999999999528733 ) ) ;
#1210 = EDGE_CURVE ( 'NONE', #6801, #1587, #6405, .T. ) ;
#1211 = ORIENTED_EDGE ( 'NONE', *, *, #2613, .F. ) ;
#1212 = VECTOR ( 'NONE', #1470, 1000.000000000000000 ) ;
#1213 = ORIENTED_EDGE ( 'NONE', *, *, #5458, .F. ) ;
#1214 = CARTESIAN_POINT ( 'NONE',  ( 59.39999999999999858, -56.24999999999998579, -18.24999999999999289 ) ) ;
#1215 = VECTOR ( 'NONE', #4082, 1000.000000000000000 ) ;
#1216 = DIRECTION ( 'NONE',  ( -0.7071067811865449082, -0.7071067811865501263, -1.690599291620215754E-16 ) ) ;
#1217 = EDGE_CURVE ( 'NONE', #5302, #2750, #6333, .T. ) ;
#1218 = EDGE_CURVE ( 'NONE', #1896, #6210, #6883, .T. ) ;
#1219 = ORIENTED_EDGE ( 'NONE', *, *, #2125, .F. ) ;
#1220 = DIRECTION ( 'NONE',  ( 0.000000000000000000, 0.000000000000000000, -1.000000000000000000 ) ) ;
#1221 = LINE ( 'NONE', #5002, #5853 ) ;
#1222 = PLANE ( 'NONE',  #7106 ) ;
#1223 = EDGE_CURVE ( 'NONE', #518, #6006, #5236, .T. ) ;
#1224 = DIRECTION ( 'NONE',  ( 0.000000000000000000, 0.000000000000000000, -1.000000000000000000 ) ) ;
#1225 = ORIENTED_EDGE ( 'NONE', *, *, #1293, .T. ) ;
#1226 = CARTESIAN_POINT ( 'NONE',  ( 7.600712022080844399, -7.970725299115928308, 0.6916600402929155011 ) ) ;
#1227 = AXIS2_PLACEMENT_3D ( 'NONE', #4686, #3132, #464 ) ;
#1228 = LINE ( 'NONE', #4671, #4670 ) ;
#1229 = FACE_BOUND ( 'NONE', #6095, .T. ) ;
#1230 = CARTESIAN_POINT ( 'NONE',  ( 1.020000000025375719, -15.07805549177039417, 10.74843056778889228 ) ) ;
#1231 = CARTESIAN_POINT ( 'NONE',  ( 9.192660474570727658, -4.001741256182346440, 0.8984076089989011527 ) ) ;
#1232 = CARTESIAN_POINT ( 'NONE',  ( 1.020000000025221176, -43.67851345202855384, -11.35998886197551982 ) ) ;
#1233 = CARTESIAN_POINT ( 'NONE',  ( 0.000000000000000000, 0.000000000000000000, -17.24999999999999645 ) ) ;
#1234 = ORIENTED_EDGE ( 'NONE', *, *, #6909, .F. ) ;
#1235 = VERTEX_POINT ( 'NONE', #3098 ) ;
#1236 = ORIENTED_EDGE ( 'NONE', *, *, #4765, .F. ) ;
#1237 = DIRECTION ( 'NONE',  ( 0.000000000000000000, -0.9999999999984239274, -1.775372104042659124E-06 ) ) ;
#1238 = ORIENTED_EDGE ( 'NONE', *, *, #2920, .T. ) ;
#1239 = DIRECTION ( 'NONE',  ( 0.000000000000000000, 0.000000000000000000, -1.000000000000000000 ) ) ;
#1240 = EDGE_CURVE ( 'NONE', #3307, #4879, #4478, .T. ) ;
#1241 = DIRECTION ( 'NONE',  ( -7.397540539913467678E-16, 0.000000000000000000, -1.000000000000000000 ) ) ;
#1242 = DIRECTION ( 'NONE',  ( 0.000000000000000000, 0.9999999999992174038, -1.251123237157644146E-06 ) ) ;
#1243 = ADVANCED_FACE ( 'NONE', ( #6265 ), #2961, .T. ) ;
#1244 = DIRECTION ( 'NONE',  ( 0.000000000000000000, 0.000000000000000000, 1.000000000000000000 ) ) ;
#1245 = ORIENTED_EDGE ( 'NONE', *, *, #2022, .F. ) ;
#1246 = CARTESIAN_POINT ( 'NONE',  ( 63.15100000000006730, -49.63999999999779789, 3.750000000005107914 ) ) ;
#1247 = MANIFOLD_SOLID_BREP ( 'Cut-Extrude20', #456 ) ;
#1248 = EDGE_CURVE ( 'NONE', #5789, #5666, #4599, .T. ) ;
#1249 = EDGE_CURVE ( 'NONE', #4428, #3375, #657, .T. ) ;
#1250 = ORIENTED_EDGE ( 'NONE', *, *, #6782, .F. ) ;
#1251 = ORIENTED_EDGE ( 'NONE', *, *, #5107, .T. ) ;
#1252 = CARTESIAN_POINT ( 'NONE',  ( -1.612274518247399868, -12.61227451824741230, 4.747649660777046421 ) ) ;
#1253 = CARTESIAN_POINT ( 'NONE',  ( 1.020000000025375719, -15.61578520055723907, -11.55300437124067159 ) ) ;
#1254 = EDGE_CURVE ( 'NONE', #2406, #6331, #2672, .T. ) ;
#1255 = CIRCLE ( 'NONE', #2046, 2.250000000000000000 ) ;
#1256 = DIRECTION ( 'NONE',  ( 1.000000000000000000, -0.000000000000000000, -0.000000000000000000 ) ) ;
#1257 = CARTESIAN_POINT ( 'NONE',  ( 9.399562213126845478, -7.970757540278667896, 0.6912879081419878169 ) ) ;
#1258 = ORIENTED_EDGE ( 'NONE', *, *, #2752, .F. ) ;
#1259 = LINE ( 'NONE', #1181, #34 ) ;
#1260 = DIRECTION ( 'NONE',  ( 1.000000000000000000, -0.000000000000000000, -0.000000000000000000 ) ) ;
#1261 = ORIENTED_EDGE ( 'NONE', *, *, #2399, .F. ) ;
#1262 = CIRCLE ( 'NONE', #3674, 141.0803369579429614 ) ;
#1263 = CARTESIAN_POINT ( 'NONE',  ( 56.64999999999985647, -19.75000000000000355, 22.77871965419709355 ) ) ;
#1264 = CARTESIAN_POINT ( 'NONE',  ( 69.40000000000000568, -38.02999999999998693, 15.24999999999999289 ) ) ;
#1265 = CARTESIAN_POINT ( 'NONE',  ( 8.797115345605696746, -3.951520897971946056, 1.094936306108208468 ) ) ;
#1266 = CARTESIAN_POINT ( 'NONE',  ( 59.40000000000000568, -67.24999999999998579, -20.25000000000004263 ) ) ;
#1267 = CARTESIAN_POINT ( 'NONE',  ( 57.89999999999999858, 0.000000000000000000, 8.125000000000000000 ) ) ;
#1268 = ORIENTED_EDGE ( 'NONE', *, *, #5178, .F. ) ;
#1269 = DIRECTION ( 'NONE',  ( 0.000000000000000000, 0.000000000000000000, 1.000000000000000000 ) ) ;
#1270 = ORIENTED_EDGE ( 'NONE', *, *, #6033, .F. ) ;
#1271 = CYLINDRICAL_SURFACE ( 'NONE', #5516, 141.0803369579429614 ) ;
#1272 = ORIENTED_EDGE ( 'NONE', *, *, #2764, .F. ) ;
#1273 = DIRECTION ( 'NONE',  ( -1.000000000000000000, 0.000000000000000000, 0.000000000000000000 ) ) ;
#1274 = LINE ( 'NONE', #5104, #1337 ) ;
#1275 = AXIS2_PLACEMENT_3D ( 'NONE', #6912, #2928, #1979 ) ;
#1276 = CARTESIAN_POINT ( 'NONE',  ( 55.38534710664308136, -67.25000000000000000, 19.88809872202711304 ) ) ;
#1277 = EDGE_LOOP ( 'NONE', ( #4971, #6240, #6423, #2607 ) ) ;
#1278 = LINE ( 'NONE', #3491, #6428 ) ;
#1279 = EDGE_CURVE ( 'NONE', #2629, #6251, #6045, .T. ) ;
#1280 = AXIS2_PLACEMENT_3D ( 'NONE', #6323, #4611, #5159 ) ;
#1281 = DIRECTION ( 'NONE',  ( 1.000000000000000000, -0.000000000000000000, -0.000000000000000000 ) ) ;
#1282 = ADVANCED_FACE ( 'NONE', ( #6541 ), #4866, .F. ) ;
#1283 = AXIS2_PLACEMENT_3D ( 'NONE', #3225, #4883, #7065 ) ;
#1284 = EDGE_CURVE ( 'NONE', #5071, #6813, #6466, .T. ) ;
#1285 = VERTEX_POINT ( 'NONE', #6435 ) ;
#1286 = PLANE ( 'NONE',  #5712 ) ;
#1287 = VECTOR ( 'NONE', #1384, 1000.000000000000000 ) ;
#1288 = CARTESIAN_POINT ( 'NONE',  ( -2.000000000000000000, -16.89000000000253010, 9.099999999995286970 ) ) ;
#1289 = CYLINDRICAL_SURFACE ( 'NONE', #969, 8.000000000000000000 ) ;
#1291 = ORIENTED_EDGE ( 'NONE', *, *, #670, .F. ) ;
#1290 = FACE_OUTER_BOUND ( 'NONE', #4777, .T. ) ;
#1292 = ORIENTED_EDGE ( 'NONE', *, *, #453, .T. ) ;
#1293 = EDGE_CURVE ( 'NONE', #2832, #5054, #2608, .T. ) ;
#1294 = DIRECTION ( 'NONE',  ( 0.000000000000000000, 0.000000000000000000, -1.000000000000000000 ) ) ;
#1295 = VERTEX_POINT ( 'NONE', #1083 ) ;
#1296 = ORIENTED_EDGE ( 'NONE', *, *, #6038, .T. ) ;
#1297 = CARTESIAN_POINT ( 'NONE',  ( 55.89999999999999858, -38.02999999999998693, -10.24999999999998401 ) ) ;
#1298 = DIRECTION ( 'NONE',  ( 0.000000000000000000, 0.000000000000000000, 1.000000000000000000 ) ) ;
#1299 = ORIENTED_EDGE ( 'NONE', *, *, #3226, .T. ) ;
#1300 = DIRECTION ( 'NONE',  ( -0.000000000000000000, 1.000000000000000000, -0.000000000000000000 ) ) ;
#1301 = ORIENTED_EDGE ( 'NONE', *, *, #6794, .F. ) ;
#1302 = CARTESIAN_POINT ( 'NONE',  ( 4.014652893356916330, -67.25000000000000000, 19.88809872202711304 ) ) ;
#1303 = EDGE_CURVE ( 'NONE', #6796, #6762, #4899, .T. ) ;
#1304 = DIRECTION ( 'NONE',  ( -1.000000000000000000, -0.000000000000000000, -0.000000000000000000 ) ) ;
#1305 = AXIS2_PLACEMENT_3D ( 'NONE', #5212, #2434, #1358 ) ;
#1306 = EDGE_CURVE ( 'NONE', #3193, #4383, #3795, .T. ) ;
#1307 = CARTESIAN_POINT ( 'NONE',  ( 48.18473398121713558, -67.25000000000000000, -11.87653491542466710 ) ) ;
#1308 = EDGE_CURVE ( 'NONE', #4428, #438, #933, .T. ) ;
#1309 = VECTOR ( 'NONE', #5216, 1000.000000000000000 ) ;
#1310 = CARTESIAN_POINT ( 'NONE',  ( -4.249999999999991118, -88.21000000000017849, 17.70000000000002771 ) ) ;
#1311 = CARTESIAN_POINT ( 'NONE',  ( 1.320127283879557911, -3.253997156820689796, -22.88608840329823479 ) ) ;
#1312 = AXIS2_PLACEMENT_3D ( 'NONE', #5600, #5564, #2794 ) ;
#1313 = ORIENTED_EDGE ( 'NONE', *, *, #2353, .F. ) ;
#1314 = CARTESIAN_POINT ( 'NONE',  ( 1.020000000025331088, -19.73691467762551710, -8.242286695573696420 ) ) ;
#1315 = VECTOR ( 'NONE', #2303, 1000.000000000000000 ) ;
#1316 = DIRECTION ( 'NONE',  ( 2.920409892216846640E-16, 5.295414454691784582E-17, 1.000000000000000000 ) ) ;
#1317 = ORIENTED_EDGE ( 'NONE', *, *, #6775, .T. ) ;
#1318 = CARTESIAN_POINT ( 'NONE',  ( 29.69999999999999929, -4.042763739493027586, 24.25227219979914040 ) ) ;
#1319 = CARTESIAN_POINT ( 'NONE',  ( 63.65000000000016200, -9.490421090145933647E-15, -20.24999999999999289 ) ) ;
#1320 = CIRCLE ( 'NONE', #3865, 3.750000000000000888 ) ;
#1321 =( BOUNDED_CURVE ( )  B_SPLINE_CURVE ( 3, ( #6891, #810, #123, #6274 ),
 .UNSPECIFIED., .F., .T. ) 
 B_SPLINE_CURVE_WITH_KNOTS ( ( 4, 4 ),
 ( 4.318468846830480601, 4.477736948919035953 ),
 .UNSPECIFIED. ) 
 CURVE ( )  GEOMETRIC_REPRESENTATION_ITEM ( )  RATIONAL_B_SPLINE_CURVE ( ( 1.000000000000000000, 0.9978872561704058564, 0.9978872561704058564, 1.000000000000000000 ) ) 
 REPRESENTATION_ITEM ( '' )  );
#1322 = ORIENTED_EDGE ( 'NONE', *, *, #4930, .F. ) ;
#1323 = CIRCLE ( 'NONE', #4579, 141.0803369579429614 ) ;
#1324 = ORIENTED_EDGE ( 'NONE', *, *, #6256, .T. ) ;
#1325 = ORIENTED_EDGE ( 'NONE', *, *, #2908, .F. ) ;
#1326 = DIRECTION ( 'NONE',  ( 1.000000000000000000, -0.000000000000000000, -0.000000000000000000 ) ) ;
#1327 = CARTESIAN_POINT ( 'NONE',  ( 48.18473398121713558, -19.74999999999999645, 11.87653491542464046 ) ) ;
#1328 = VECTOR ( 'NONE', #3975, 1000.000000000000000 ) ;
#1329 = VECTOR ( 'NONE', #3060, 1000.000000000000000 ) ;
#1330 = CARTESIAN_POINT ( 'NONE',  ( 1.020000000025381048, -41.34000000000252584, 9.099999999995267430 ) ) ;
#1331 = LINE ( 'NONE', #2385, #4043 ) ;
#1332 = ORIENTED_EDGE ( 'NONE', *, *, #5659, .T. ) ;
#1333 = DIRECTION ( 'NONE',  ( 0.000000000000000000, 9.938261105567462796E-17, 1.000000000000000000 ) ) ;
#1334 = ORIENTED_EDGE ( 'NONE', *, *, #1546, .T. ) ;
#1335 = ORIENTED_EDGE ( 'NONE', *, *, #6296, .F. ) ;
#1336 = ORIENTED_EDGE ( 'NONE', *, *, #4631, .F. ) ;
#1337 = VECTOR ( 'NONE', #3487, 1000.000000000000114 ) ;
#1338 = CARTESIAN_POINT ( 'NONE',  ( 3.500000000000000000, -67.25000000000000000, -26.00793539950941025 ) ) ;
#1339 = CARTESIAN_POINT ( 'NONE',  ( -0.2500000000001528777, -52.95499999999966434, -52.95500000000007645 ) ) ;
#1340 = EDGE_CURVE ( 'NONE', #5776, #4881, #382, .T. ) ;
#1341 = FACE_OUTER_BOUND ( 'NONE', #1074, .T. ) ;
#1342 = AXIS2_PLACEMENT_3D ( 'NONE', #1361, #1393, #1865 ) ;
#1343 = CARTESIAN_POINT ( 'NONE',  ( 59.65000000000005542, -88.21000000000015007, 1.742024500707357367E-14 ) ) ;
#1344 = VECTOR ( 'NONE', #317, 1000.000000000000000 ) ;
#1345 = ORIENTED_EDGE ( 'NONE', *, *, #2444, .T. ) ;
#1346 = LINE ( 'NONE', #4170, #3266 ) ;
#1347 = VERTEX_POINT ( 'NONE', #7010 ) ;
#1348 = DIRECTION ( 'NONE',  ( 0.000000000000000000, 0.8481145238789931096, -0.5298129428255869966 ) ) ;
#1349 = VECTOR ( 'NONE', #2862, 1000.000000000000000 ) ;
#1350 = ADVANCED_FACE ( 'NONE', ( #422 ), #4831, .F. ) ;
#1351 = CARTESIAN_POINT ( 'NONE',  ( 59.40000000000000568, 7.119459916276560690E-15, -17.24999999999999645 ) ) ;
#1352 = CARTESIAN_POINT ( 'NONE',  ( 8.500000000000003553, -7.920503456220443717, -1.125000000000000444 ) ) ;
#1353 = ADVANCED_FACE ( 'NONE', ( #4272 ), #5978, .F. ) ;
#1354 = LINE ( 'NONE', #6340, #6276 ) ;
#1355 = VERTEX_POINT ( 'NONE', #1123 ) ;
#1356 = ORIENTED_EDGE ( 'NONE', *, *, #3500, .F. ) ;
#1357 = CARTESIAN_POINT ( 'NONE',  ( -0.8000000000000000444, -19.73691467762551710, 8.242286694052301854 ) ) ;
#1358 = DIRECTION ( 'NONE',  ( 0.000000000000000000, 0.000000000000000000, 1.000000000000000000 ) ) ;
#1359 = ORIENTED_EDGE ( 'NONE', *, *, #5559, .F. ) ;
#1360 = DIRECTION ( 'NONE',  ( -1.000000000000000000, -0.000000000000000000, -0.000000000000000000 ) ) ;
#1361 = CARTESIAN_POINT ( 'NONE',  ( 48.18473398121713558, -67.25000000000000000, 11.87653491542464046 ) ) ;
#1362 = LINE ( 'NONE', #6766, #2486 ) ;
#1363 = CARTESIAN_POINT ( 'NONE',  ( 57.89999999999999858, 8.125000000000000000, 0.000000000000000000 ) ) ;
#1364 = ORIENTED_EDGE ( 'NONE', *, *, #6449, .F. ) ;
#1365 = DIRECTION ( 'NONE',  ( 0.000000000000000000, -1.468548974371900227E-16, -1.000000000000000000 ) ) ;
#1366 = VERTEX_POINT ( 'NONE', #6661 ) ;
#1367 = FACE_OUTER_BOUND ( 'NONE', #2420, .T. ) ;
#1368 = AXIS2_PLACEMENT_3D ( 'NONE', #1302, #3511, #5728 ) ;
#1369 = DIRECTION ( 'NONE',  ( 1.000000000000000000, -2.583947887447540056E-15, 2.920409892216848119E-16 ) ) ;
#1370 = CARTESIAN_POINT ( 'NONE',  ( 59.40000000000000568, 0.000000000000000000, 17.24999999999999645 ) ) ;
#1371 = DIRECTION ( 'NONE',  ( 0.000000000000000000, 0.000000000000000000, -1.000000000000000000 ) ) ;
#1372 = CARTESIAN_POINT ( 'NONE',  ( 57.39999999999999858, -43.02999999999998693, -10.24999999999998401 ) ) ;
#1373 = CARTESIAN_POINT ( 'NONE',  ( 59.39999999999999858, -35.02999999999998693, 10.24999999999999112 ) ) ;
#1374 = ADVANCED_FACE ( 'NONE', ( #6701 ), #661, .T. ) ;
#1375 = PLANE ( 'NONE',  #3419 ) ;
#1376 = EDGE_CURVE ( 'NONE', #5932, #3409, #6821, .T. ) ;
#1377 = DIRECTION ( 'NONE',  ( 0.000000000000000000, 1.000000000000000000, 0.000000000000000000 ) ) ;
#1378 = CARTESIAN_POINT ( 'NONE',  ( 9.110854841707393348, -5.357248103745007484, -26.52902590443853725 ) ) ;
#1379 = ORIENTED_EDGE ( 'NONE', *, *, #6592, .T. ) ;
#1380 = CARTESIAN_POINT ( 'NONE',  ( 63.64999999999999858, -86.64000000000004320, 1.405721580711509153E-14 ) ) ;
#1381 = VERTEX_POINT ( 'NONE', #4501 ) ;
#1382 = ADVANCED_FACE ( 'NONE', ( #5055 ), #3945, .F. ) ;
#1383 = CARTESIAN_POINT ( 'NONE',  ( 1.020000000025479636, -16.89000000000253010, 10.24999999999526601 ) ) ;
#1384 = DIRECTION ( 'NONE',  ( -1.802143912355449343E-15, -1.000000000000000000, 9.032665847314738249E-17 ) ) ;
#1385 = CIRCLE ( 'NONE', #918, 1.149999999999999911 ) ;
#1386 = APPLICATION_PROTOCOL_DEFINITION ( 'draft international standard', 'automotive_design', 1998, #3521 ) ;
#1387 = LINE ( 'NONE', #4531, #5141 ) ;
#1388 = EDGE_LOOP ( 'NONE', ( #6758, #3806 ) ) ;
#1389 = ORIENTED_EDGE ( 'NONE', *, *, #1376, .T. ) ;
#1390 = CARTESIAN_POINT ( 'NONE',  ( 50.03522155753238110, -67.24999999999998579, -22.77902761317094615 ) ) ;
#1391 = AXIS2_PLACEMENT_3D ( 'NONE', #4570, #6118, #5009 ) ;
#1392 = ORIENTED_EDGE ( 'NONE', *, *, #1965, .T. ) ;
#1393 = DIRECTION ( 'NONE',  ( 0.000000000000000000, -1.000000000000000000, 0.000000000000000000 ) ) ;
#1394 = DIRECTION ( 'NONE',  ( 1.000000000000000000, -0.000000000000000000, -0.000000000000000000 ) ) ;
#1395 = CARTESIAN_POINT ( 'NONE',  ( 9.482255240675133479, -7.980980490796008020, -0.5679465585637898384 ) ) ;
#1396 = ORIENTED_EDGE ( 'NONE', *, *, #2269, .T. ) ;
#1397 = CARTESIAN_POINT ( 'NONE',  ( 29.69999999999999929, -23.25000000000000355, -116.8280647581438103 ) ) ;
#1398 = EDGE_LOOP ( 'NONE', ( #564, #7052, #6730, #4132 ) ) ;
#1399 = CARTESIAN_POINT ( 'NONE',  ( 55.57143719827714534, -1.648953455744797569, -20.10607116466634281 ) ) ;
#1400 = LINE ( 'NONE', #2524, #6412 ) ;
#1401 = DIRECTION ( 'NONE',  ( 0.000000000000000000, 0.000000000000000000, -1.000000000000000000 ) ) ;
#1402 = VERTEX_POINT ( 'NONE', #2824 ) ;
#1403 = DIRECTION ( 'NONE',  ( 1.000000000000000000, -0.000000000000000000, 0.000000000000000000 ) ) ;
#1404 = CARTESIAN_POINT ( 'NONE',  ( 3.500000000000000000, -67.25000000000000000, 17.24999999999999645 ) ) ;
#1405 = CARTESIAN_POINT ( 'NONE',  ( 55.57143719827714534, -67.25000000000000000, 20.10607116466634281 ) ) ;
#1406 = ADVANCED_FACE ( 'NONE', ( #3398 ), #6155, .T. ) ;
#1407 = DIRECTION ( 'NONE',  ( 0.000000000000000000, 0.000000000000000000, -1.000000000000000000 ) ) ;
#1408 = DIRECTION ( 'NONE',  ( -0.000000000000000000, 1.000000000000000000, -0.000000000000000000 ) ) ;
#1409 = CARTESIAN_POINT ( 'NONE',  ( 29.69999999999999929, -67.25000000000004263, 116.8280647581437819 ) ) ;
#1410 = EDGE_CURVE ( 'NONE', #2762, #4200, #5631, .T. ) ;
#1411 = VECTOR ( 'NONE', #3006, 1000.000000000000000 ) ;
#1412 = DIRECTION ( 'NONE',  ( 1.000000000000000000, 2.583947887447540056E-15, -2.920409892216848119E-16 ) ) ;
#1413 = CIRCLE ( 'NONE', #1535, 3.750000000000000888 ) ;
#1414 = ORIENTED_EDGE ( 'NONE', *, *, #5593, .T. ) ;
#1415 = CARTESIAN_POINT ( 'NONE',  ( 4.014652893356916330, -67.24999999999998579, -19.88809872202713791 ) ) ;
#1416 = DIRECTION ( 'NONE',  ( -0.000000000000000000, 1.000000000000000000, -0.000000000000000000 ) ) ;
#1417 = VECTOR ( 'NONE', #1530, 1000.000000000000000 ) ;
#1418 = EDGE_CURVE ( 'NONE', #930, #6762, #6222, .T. ) ;
#1419 = EDGE_CURVE ( 'NONE', #857, #2205, #106, .T. ) ;
#1420 = EDGE_CURVE ( 'NONE', #2616, #586, #4507, .T. ) ;
#1421 = DIRECTION ( 'NONE',  ( 0.000000000000000000, 0.000000000000000000, -1.000000000000000000 ) ) ;
#1422 = ORIENTED_EDGE ( 'NONE', *, *, #1284, .F. ) ;
#1423 = DIRECTION ( 'NONE',  ( 0.000000000000000000, -1.000000000000000000, 1.328017972039660961E-16 ) ) ;
#1424 = VERTEX_POINT ( 'NONE', #694 ) ;
#1425 = AXIS2_PLACEMENT_3D ( 'NONE', #4463, #1149, #3239 ) ;
#1426 = CARTESIAN_POINT ( 'NONE',  ( 29.69999999999999929, -67.25000000000000000, 24.25227219979914040 ) ) ;
#1427 = AXIS2_PLACEMENT_3D ( 'NONE', #344, #6499, #460 ) ;
#1428 = ADVANCED_FACE ( 'NONE', ( #2889 ), #2352, .F. ) ;
#1429 = DIRECTION ( 'NONE',  ( 0.000000000000000000, 0.000000000000000000, -1.000000000000000000 ) ) ;
#1430 = ADVANCED_FACE ( 'NONE', ( #2240 ), #758, .F. ) ;
#1431 = AXIS2_PLACEMENT_3D ( 'NONE', #633, #1165, #1746 ) ;
#1432 = CARTESIAN_POINT ( 'NONE',  ( -3.673940397442063812E-16, -67.25000000000000000, 20.24999999999999645 ) ) ;
#1433 = AXIS2_PLACEMENT_3D ( 'NONE', #1588, #3719, #7092 ) ;
#1434 = ORIENTED_EDGE ( 'NONE', *, *, #6375, .F. ) ;
#1435 = CARTESIAN_POINT ( 'NONE',  ( 8.500000000000003553, -7.920503456220443717, 1.125000000000000444 ) ) ;
#1436 = VERTEX_POINT ( 'NONE', #243 ) ;
#1437 = FACE_OUTER_BOUND ( 'NONE', #5355, .T. ) ;
#1438 = AXIS2_PLACEMENT_3D ( 'NONE', #180, #6806, #6839 ) ;
#1439 = CARTESIAN_POINT ( 'NONE',  ( -2.001000000000183299, -52.95499999999950091, -52.95500000000009777 ) ) ;
#1440 = CARTESIAN_POINT ( 'NONE',  ( -0.2500000000000374145, -93.74000000000003752, 1.347313382867171501E-14 ) ) ;
#1441 = ORIENTED_EDGE ( 'NONE', *, *, #6949, .F. ) ;
#1442 = CARTESIAN_POINT ( 'NONE',  ( 0.5538469568685784328, -2.856367076954057005, 22.19737290235151050 ) ) ;
#1443 = CARTESIAN_POINT ( 'NONE',  ( 55.89999999999999858, -61.24999999999998579, 0.000000000000000000 ) ) ;
#1444 = CARTESIAN_POINT ( 'NONE',  ( 55.89999999999999858, 0.000000000000000000, 8.125000000000000000 ) ) ;
#1445 = CARTESIAN_POINT ( 'NONE',  ( 0.000000000000000000, 0.000000000000000000, 17.24999999999999645 ) ) ;
#1446 = AXIS2_PLACEMENT_3D ( 'NONE', #729, #2328, #5640 ) ;
#1447 = CARTESIAN_POINT ( 'NONE',  ( 59.39999999999999858, 0.000000000000000000, 8.125000000000000000 ) ) ;
#1448 = CARTESIAN_POINT ( 'NONE',  ( 39.57996919761693277, -19.75000000000000355, 23.90589590814623477 ) ) ;
#1449 = CARTESIAN_POINT ( 'NONE',  ( 39.71917982256600510, -6.006187445107738831, 27.65302181470899612 ) ) ;
#1450 = CIRCLE ( 'NONE', #1342, 14.80283886912690505 ) ;
#1451 = EDGE_LOOP ( 'NONE', ( #3885, #5809, #1211, #519 ) ) ;
#1452 = CARTESIAN_POINT ( 'NONE',  ( 9.595860795565297252, 7.995758452186283449, -0.2940831992696872899 ) ) ;
#1453 = DIRECTION ( 'NONE',  ( -1.000000000000000000, -0.000000000000000000, -0.000000000000000000 ) ) ;
#1454 = ORIENTED_EDGE ( 'NONE', *, *, #2576, .F. ) ;
#1455 = B_SPLINE_CURVE_WITH_KNOTS ( 'NONE', 3,
 ( #474, #3730, #4285, #945, #2684, #984, #3189, #7143, #5420, #1599, #1019, #3148, #6516, #4915, #1456, #7105, #3664, #2143 ),
 .UNSPECIFIED., .F., .F.,
 ( 4, 2, 2, 2, 2, 2, 2, 2, 4 ),
 ( 0.003521624184111891206, 0.003961720144132463081, 0.004401816104153034523, 0.004841912064173606832, 0.005282008024194180876, 0.005722103984214754052, 0.006162199944235326361, 0.006602295904255899538, 0.007042391864276472714 ),
 .UNSPECIFIED. ) ;
#1456 = CARTESIAN_POINT ( 'NONE',  ( 7.932796401630261229, 7.939638063377962851, 0.9825299998590946160 ) ) ;
#1457 = ORIENTED_EDGE ( 'NONE', *, *, #3079, .T. ) ;
#1458 = FACE_OUTER_BOUND ( 'NONE', #6066, .T. ) ;
#1459 = EDGE_CURVE ( 'NONE', #3490, #6106, #6293, .T. ) ;
#1460 = FACE_OUTER_BOUND ( 'NONE', #6854, .T. ) ;
#1461 = EDGE_CURVE ( 'NONE', #1927, #970, #6873, .T. ) ;
#1462 = ORIENTED_EDGE ( 'NONE', *, *, #5155, .T. ) ;
#1463 = CARTESIAN_POINT ( 'NONE',  ( 63.15100000000023783, -52.95499999999950091, -52.95500000000009777 ) ) ;
#1464 = VERTEX_POINT ( 'NONE', #792 ) ;
#1465 = FACE_OUTER_BOUND ( 'NONE', #3721, .T. ) ;
#1466 = ADVANCED_FACE ( 'NONE', ( #862 ), #2954, .T. ) ;
#1467 = CARTESIAN_POINT ( 'NONE',  ( 9.191090956082160091, 4.001446073652652480, -0.8998167553355834736 ) ) ;
#1468 = ADVANCED_FACE ( 'NONE', ( #5756 ), #6836, .F. ) ;
#1469 = EDGE_CURVE ( 'NONE', #673, #2651, #179, .T. ) ;
#1470 = DIRECTION ( 'NONE',  ( 1.000000000000000000, -0.000000000000000000, -0.000000000000000000 ) ) ;
#1471 = EDGE_LOOP ( 'NONE', ( #5563, #3185, #7113, #1359 ) ) ;
#1472 = ORIENTED_EDGE ( 'NONE', *, *, #1418, .F. ) ;
#1473 = CARTESIAN_POINT ( 'NONE',  ( 62.91776695296640298, -67.26776695296629782, -20.24999999999998579 ) ) ;
#1474 = ORIENTED_EDGE ( 'NONE', *, *, #637, .F. ) ;
#1475 = CARTESIAN_POINT ( 'NONE',  ( 55.38534710664308136, -19.75000000000000355, -19.88809872202713791 ) ) ;
#1476 = AXIS2_PLACEMENT_3D ( 'NONE', #3789, #2077, #6003 ) ;
#1477 = LINE ( 'NONE', #3131, #2062 ) ;
#1478 = CARTESIAN_POINT ( 'NONE',  ( 57.39999999999999858, -36.52999999999998693, -10.24999999999998401 ) ) ;
#1479 = DIRECTION ( 'NONE',  ( 0.08688894065010011047, 4.111613999497939868E-16, -0.9962180042504267252 ) ) ;
#1480 = AXIS2_PLACEMENT_3D ( 'NONE', #6720, #7112, #6601 ) ;
#1481 = CARTESIAN_POINT ( 'NONE',  ( 57.89999999999999858, 8.125000000000000000, -1.149999999999999911 ) ) ;
#1482 = ORIENTED_EDGE ( 'NONE', *, *, #4774, .T. ) ;
#1483 = PLANE ( 'NONE',  #264 ) ;
#1484 = VERTEX_POINT ( 'NONE', #4056 ) ;
#1485 = CARTESIAN_POINT ( 'NONE',  ( 9.625054449182407268, 8.000007656915759213, -0.1465393476680152407 ) ) ;
#1486 = DIRECTION ( 'NONE',  ( -0.000000000000000000, 1.000000000000000000, -0.000000000000000000 ) ) ;
#1487 = CARTESIAN_POINT ( 'NONE',  ( 8.500000000000003553, -15.00000000000000000, 0.000000000000000000 ) ) ;
#1488 = ORIENTED_EDGE ( 'NONE', *, *, #5089, .T. ) ;
#1489 = ORIENTED_EDGE ( 'NONE', *, *, #2425, .T. ) ;
#1490 = EDGE_CURVE ( 'NONE', #4466, #1714, #2942, .T. ) ;
#1491 = LINE ( 'NONE', #5962, #990 ) ;
#1492 = CARTESIAN_POINT ( 'NONE',  ( 38.41413931812409999, -20.93691467762551639, -9.442286694061698071 ) ) ;
#1493 = ADVANCED_FACE ( 'NONE', ( #208, #6936 ), #5226, .F. ) ;
#1494 = VERTEX_POINT ( 'NONE', #3574 ) ;
#1495 = LINE ( 'NONE', #3055, #1417 ) ;
#1496 = DIRECTION ( 'NONE',  ( -0.000000000000000000, 1.000000000000000000, -1.101411730778924924E-16 ) ) ;
#1497 = CARTESIAN_POINT ( 'NONE',  ( 8.796007157197522019, 3.951417805187293908, 1.095317331915726333 ) ) ;
#1498 = CIRCLE ( 'NONE', #6359, 5.000000000000000000 ) ;
#1499 = CARTESIAN_POINT ( 'NONE',  ( -0.8000000000000000444, -32.11500000000229704, -9.303042912649976515 ) ) ;
#1500 = ORIENTED_EDGE ( 'NONE', *, *, #3780, .T. ) ;
#1501 = VERTEX_POINT ( 'NONE', #2452 ) ;
#1502 = DIRECTION ( 'NONE',  ( 0.000000000000000000, 0.000000000000000000, -1.000000000000000000 ) ) ;
#1503 = EDGE_CURVE ( 'NONE', #6762, #4791, #774, .T. ) ;
#1504 = EDGE_CURVE ( 'NONE', #6487, #2735, #1400, .T. ) ;
#1505 = CYLINDRICAL_SURFACE ( 'NONE', #1427, 11.05841992757138392 ) ;
#1506 = EDGE_LOOP ( 'NONE', ( #6319, #2201, #2650, #5322 ) ) ;
#1507 = ORIENTED_EDGE ( 'NONE', *, *, #4008, .T. ) ;
#1508 = CARTESIAN_POINT ( 'NONE',  ( 59.39999999999999858, -67.25000000000000000, 17.25000000000000711 ) ) ;
#1509 = DIRECTION ( 'NONE',  ( 0.000000000000000000, -1.000000000000000000, 0.000000000000000000 ) ) ;
#1510 = ORIENTED_EDGE ( 'NONE', *, *, #5279, .F. ) ;
#1511 = LINE ( 'NONE', #971, #1894 ) ;
#1512 = ADVANCED_FACE ( 'NONE', ( #3608 ), #6393, .T. ) ;
#1513 = DIRECTION ( 'NONE',  ( 0.000000000000000000, 1.000000000000000000, 4.127223139870470387E-16 ) ) ;
#1514 = ORIENTED_EDGE ( 'NONE', *, *, #3144, .F. ) ;
#1515 = CARTESIAN_POINT ( 'NONE',  ( 3.500000000000000000, -23.25000000000000355, 17.24999999999999645 ) ) ;
#1516 = LINE ( 'NONE', #3146, #2365 ) ;
#1517 = CARTESIAN_POINT ( 'NONE',  ( 8.205483635469633441, -7.924810817414494224, -1.095724697839761230 ) ) ;
#1518 = ORIENTED_EDGE ( 'NONE', *, *, #4438, .T. ) ;
#1519 = CIRCLE ( 'NONE', #1185, 17.70000000000000639 ) ;
#1520 = ORIENTED_EDGE ( 'NONE', *, *, #1748, .T. ) ;
#1521 = EDGE_LOOP ( 'NONE', ( #3111, #5961 ) ) ;
#1522 = LINE ( 'NONE', #3194, #2208 ) ;
#1523 = VECTOR ( 'NONE', #3470, 1000.000000000000114 ) ;
#1524 = VECTOR ( 'NONE', #3846, 999.9999999999998863 ) ;
#1525 = CARTESIAN_POINT ( 'NONE',  ( 48.18473398121713558, -67.25000000000000000, -11.87653491542466710 ) ) ;
#1526 = VERTEX_POINT ( 'NONE', #5868 ) ;
#1527 = CIRCLE ( 'NONE', #7087, 2.500000000000002220 ) ;
#1528 = EDGE_LOOP ( 'NONE', ( #4131, #4975 ) ) ;
#1529 = EDGE_LOOP ( 'NONE', ( #5654, #4914, #3760, #5503 ) ) ;
#1530 = DIRECTION ( 'NONE',  ( 0.000000000000000000, -1.000000000000000000, 0.000000000000000000 ) ) ;
#1531 = CARTESIAN_POINT ( 'NONE',  ( 55.89999999999999858, 0.000000000000000000, -8.125000000000000000 ) ) ;
#1532 = VECTOR ( 'NONE', #2045, 1000.000000000000000 ) ;
#1533 = CARTESIAN_POINT ( 'NONE',  ( 40.64999999999984936, -19.74999999999999645, 18.25000000000001066 ) ) ;
#1534 = ADVANCED_FACE ( 'NONE', ( #897 ), #5161, .T. ) ;
#1535 = AXIS2_PLACEMENT_3D ( 'NONE', #4169, #5833, #4616 ) ;
#1536 = CARTESIAN_POINT ( 'NONE',  ( -2.001000000000280110, -85.65999999999995396, -20.25000000000000000 ) ) ;
#1537 = VERTEX_POINT ( 'NONE', #337 ) ;
#1538 = EDGE_LOOP ( 'NONE', ( #1715, #2096, #6390, #1135 ) ) ;
#1539 = CYLINDRICAL_SURFACE ( 'NONE', #1014, 0.4999969713701014618 ) ;
#1540 =( BOUNDED_CURVE ( )  B_SPLINE_CURVE ( 3, ( #2249, #3371, #3447, #5062 ),
 .UNSPECIFIED., .F., .F. ) 
 B_SPLINE_CURVE_WITH_KNOTS ( ( 4, 4 ),
 ( 1.805448358260551167, 2.434935845121413145 ),
 .UNSPECIFIED. ) 
 CURVE ( )  GEOMETRIC_REPRESENTATION_ITEM ( )  RATIONAL_B_SPLINE_CURVE ( ( 1.000000000000000000, 0.9672504934674135413, 0.9672504934674135413, 1.000000000000000000 ) ) 
 REPRESENTATION_ITEM ( '' )  );
#1541 = DIRECTION ( 'NONE',  ( 0.000000000000000000, 0.000000000000000000, -1.000000000000000000 ) ) ;
#1542 = ORIENTED_EDGE ( 'NONE', *, *, #6716, .F. ) ;
#1543 = AXIS2_PLACEMENT_3D ( 'NONE', #1447, #3245, #4942 ) ;
#1544 = CARTESIAN_POINT ( 'NONE',  ( 1.020000000025375719, -15.53857461681990415, -11.48982415952375469 ) ) ;
#1545 =( NAMED_UNIT ( * ) PLANE_ANGLE_UNIT ( ) SI_UNIT ( $, .RADIAN. ) );
#1546 = EDGE_CURVE ( 'NONE', #3840, #7048, #5395, .T. ) ;
#1547 = DIRECTION ( 'NONE',  ( 0.000000000000000000, 0.000000000000000000, -1.000000000000000000 ) ) ;
#1548 = VECTOR ( 'NONE', #685, 1000.000000000000114 ) ;
#1549 = VECTOR ( 'NONE', #6570, 1000.000000000000000 ) ;
#1550 = ORIENTED_EDGE ( 'NONE', *, *, #2783, .F. ) ;
#1551 = DIRECTION ( 'NONE',  ( 1.000000000000000000, -0.000000000000000000, -0.000000000000000000 ) ) ;
#1552 = AXIS2_PLACEMENT_3D ( 'NONE', #2537, #4694, #5211 ) ;
#1553 = ORIENTED_EDGE ( 'NONE', *, *, #2960, .F. ) ;
#1554 = DIRECTION ( 'NONE',  ( -2.920409892216846640E-16, -5.295414454691784582E-17, -1.000000000000000000 ) ) ;
#1555 = ORIENTED_EDGE ( 'NONE', *, *, #5618, .T. ) ;
#1556 = EDGE_CURVE ( 'NONE', #5247, #3927, #3966, .T. ) ;
#1557 = VECTOR ( 'NONE', #1166, 1000.000000000000000 ) ;
#1558 = CARTESIAN_POINT ( 'NONE',  ( -0.8000000000000000444, -32.11500000000251731, 10.79999999999530225 ) ) ;
#1559 = VECTOR ( 'NONE', #801, 1000.000000000000000 ) ;
#1560 = ADVANCED_FACE ( 'NONE', ( #955 ), #3675, .F. ) ;
#1561 = DIRECTION ( 'NONE',  ( 0.000000000000000000, 0.000000000000000000, 1.000000000000000000 ) ) ;
#1562 = LINE ( 'NONE', #4738, #6642 ) ;
#1563 = CARTESIAN_POINT ( 'NONE',  ( 57.39999999999999858, -36.52999999999998693, 10.24999999999999112 ) ) ;
#1564 = ORIENTED_EDGE ( 'NONE', *, *, #3262, .T. ) ;
#1565 = EDGE_LOOP ( 'NONE', ( #2345, #16, #3167, #2386 ) ) ;
#1566 = DIRECTION ( 'NONE',  ( 0.000000000000000000, 0.000000000000000000, -1.000000000000000000 ) ) ;
#1567 = VECTOR ( 'NONE', #4856, 1000.000000000000000 ) ;
#1568 = ORIENTED_EDGE ( 'NONE', *, *, #2059, .T. ) ;
#1569 = PLANE ( 'NONE',  #5771 ) ;
#1570 = VERTEX_POINT ( 'NONE', #6000 ) ;
#1571 = CARTESIAN_POINT ( 'NONE',  ( 1.020000000025493625, -15.10684851965067033, 10.84365261617258014 ) ) ;
#1572 = DIRECTION ( 'NONE',  ( -1.000000000000000000, 3.478120569333522285E-15, 7.346553920761778045E-15 ) ) ;
#1573 = CARTESIAN_POINT ( 'NONE',  ( -0.8000000000000000444, -31.89210119208746264, 9.442286694051299278 ) ) ;
#1574 = DIRECTION ( 'NONE',  ( 1.000000000000000000, -0.000000000000000000, -0.000000000000000000 ) ) ;
#1575 = ORIENTED_EDGE ( 'NONE', *, *, #5725, .F. ) ;
#1576 = DIRECTION ( 'NONE',  ( 0.000000000000000000, -1.000000000000000000, -9.168304811491035211E-14 ) ) ;
#1577 = CARTESIAN_POINT ( 'NONE',  ( 8.500000000000003553, -15.00000000000000000, 0.000000000000000000 ) ) ;
#1578 = ORIENTED_EDGE ( 'NONE', *, *, #4941, .T. ) ;
#1579 = CYLINDRICAL_SURFACE ( 'NONE', #3863, 8.000000000000000000 ) ;
#1580 = ORIENTED_EDGE ( 'NONE', *, *, #4817, .T. ) ;
#1581 = CARTESIAN_POINT ( 'NONE',  ( 1.020000000025375719, -15.86477721247436534, -11.70797299346834386 ) ) ;
#1582 = ORIENTED_EDGE ( 'NONE', *, *, #23, .T. ) ;
#1583 = DIRECTION ( 'NONE',  ( 0.000000000000000000, 0.000000000000000000, -1.000000000000000000 ) ) ;
#1584 = LINE ( 'NONE', #357, #6614 ) ;
#1585 = CARTESIAN_POINT ( 'NONE',  ( 55.89999999999999858, 1.408343819019455781E-16, 9.275000000000000355 ) ) ;
#1586 = EDGE_CURVE ( 'NONE', #4672, #3928, #6458, .T. ) ;
#1587 = VERTEX_POINT ( 'NONE', #3746 ) ;
#1588 = CARTESIAN_POINT ( 'NONE',  ( 38.41413931812409999, -16.89000000000253010, -10.25000000000473399 ) ) ;
#1589 = ORIENTED_EDGE ( 'NONE', *, *, #4642, .F. ) ;
#1590 = EDGE_CURVE ( 'NONE', #2944, #4223, #2552, .T. ) ;
#1591 = DIRECTION ( 'NONE',  ( 0.000000000000000000, 0.000000000000000000, -1.000000000000000000 ) ) ;
#1592 = ORIENTED_EDGE ( 'NONE', *, *, #4438, .F. ) ;
#1593 = FACE_BOUND ( 'NONE', #2099, .T. ) ;
#1594 = CIRCLE ( 'NONE', #5664, 11.39100863496588367 ) ;
#1595 = ORIENTED_EDGE ( 'NONE', *, *, #3218, .T. ) ;
#1596 = DIRECTION ( 'NONE',  ( 1.000000000000000000, -3.478120569333522285E-15, -7.346553920761778045E-15 ) ) ;
#1597 = DIRECTION ( 'NONE',  ( 0.000000000000000000, 0.000000000000000000, -1.000000000000000000 ) ) ;
#1598 = ADVANCED_FACE ( 'NONE', ( #5971 ), #6032, .T. ) ;
#1599 = CARTESIAN_POINT ( 'NONE',  ( 7.374899666132474607, 8.000014109446954791, 0.1479618409372884247 ) ) ;
#1600 = AXIS2_PLACEMENT_3D ( 'NONE', #2695, #4519, #6070 ) ;
#1601 = ORIENTED_EDGE ( 'NONE', *, *, #4719, .F. ) ;
#1602 = VERTEX_POINT ( 'NONE', #1573 ) ;
#1603 = CARTESIAN_POINT ( 'NONE',  ( 9.364778442467656561, -23.25000000000000711, -22.77902761317089286 ) ) ;
#1604 = EDGE_LOOP ( 'NONE', ( #3215, #3421, #1601, #2217 ) ) ;
#1605 = FACE_OUTER_BOUND ( 'NONE', #5514, .T. ) ;
#1606 = EDGE_LOOP ( 'NONE', ( #461, #2158, #67, #1324 ) ) ;
#1607 = CARTESIAN_POINT ( 'NONE',  ( 50.03522155753238110, -67.24999999999998579, -22.77902761317094615 ) ) ;
#1608 = PLANE ( 'NONE',  #2664 ) ;
#1609 = CARTESIAN_POINT ( 'NONE',  ( 8.795702662887453727, 3.951407487261500595, -1.095340447286943686 ) ) ;
#1610 = CYLINDRICAL_SURFACE ( 'NONE', #6877, 141.0803369579429614 ) ;
#1611 = VERTEX_POINT ( 'NONE', #2072 ) ;
#1612 = DIRECTION ( 'NONE',  ( -1.000000000000000000, -0.000000000000000000, -0.000000000000000000 ) ) ;
#1613 = CARTESIAN_POINT ( 'NONE',  ( -2.000000000000000000, -13.00000000000001421, 3.144936406352216274 ) ) ;
#1614 = CARTESIAN_POINT ( 'NONE',  ( 11.21526601878286655, -23.25000000000000355, 11.87653491542464046 ) ) ;
#1615 = ORIENTED_EDGE ( 'NONE', *, *, #5318, .F. ) ;
#1616 = CYLINDRICAL_SURFACE ( 'NONE', #2325, 11.05841992757138392 ) ;
#1617 = CIRCLE ( 'NONE', #5120, 1.000000000000000888 ) ;
#1618 = ORIENTED_EDGE ( 'NONE', *, *, #5458, .T. ) ;
#1619 = CARTESIAN_POINT ( 'NONE',  ( 1.320127283879557911, -3.253997156820717773, 22.88608840329823479 ) ) ;
#1620 = ORIENTED_EDGE ( 'NONE', *, *, #4489, .T. ) ;
#1621 = CARTESIAN_POINT ( 'NONE',  ( 55.66409622614292374, -67.25000000000000000, 19.95473532107411785 ) ) ;
#1622 = ORIENTED_EDGE ( 'NONE', *, *, #2721, .F. ) ;
#1623 = CARTESIAN_POINT ( 'NONE',  ( 57.39999999999999858, -56.24999999999998579, 18.24999999999998934 ) ) ;
#1624 = ORIENTED_EDGE ( 'NONE', *, *, #3283, .F. ) ;
#1625 = CARTESIAN_POINT ( 'NONE',  ( 59.65000000000003411, -93.74000000000002331, 1.434263305606633677E-14 ) ) ;
#1626 = EDGE_CURVE ( 'NONE', #6477, #6517, #3125, .T. ) ;
#1627 = B_SPLINE_SURFACE_WITH_KNOTS ( 'NONE', 3, 1, ( 
 ( #1938, #6355 ),
 ( #1721, #1644 ),
 ( #4456, #2659 ),
 ( #6028, #1686 ),
 ( #1571, #7115 ),
 ( #1064, #5040 ),
 ( #2740, #6645 ),
 ( #3899, #5580 ),
 ( #2153, #7151 ),
 ( #2810, #61 ),
 ( #4337, #6107 ),
 ( #2699, #3860 ),
 ( #1144, #6604 ),
 ( #2775, #4372 ) ),
 .UNSPECIFIED., .F., .F., .F.,
 ( 4, 2, 2, 2, 2, 2, 4 ),
 ( 2, 2 ),
 ( 0.000000000000000000, 0.1250000000000003886, 0.2500000000000007772, 0.3750000000000011657, 0.5000000000000015543, 0.7500000000000007772, 1.000000000000000000 ),
 ( 0.000000000000000000, 1.000000000000000000 ),
 .UNSPECIFIED. ) ;
#1628 = VERTEX_POINT ( 'NONE', #5351 ) ;
#1629 = CARTESIAN_POINT ( 'NONE',  ( 1.020000000025375719, -38.89000006817515498, 6.999999459518204681 ) ) ;
#1630 = EDGE_CURVE ( 'NONE', #5611, #5883, #999, .T. ) ;
#1631 = LINE ( 'NONE', #7103, #505 ) ;
#1632 = DIRECTION ( 'NONE',  ( 0.000000000000000000, 3.934719212345380907E-16, -1.000000000000000000 ) ) ;
#1633 = DIRECTION ( 'NONE',  ( -0.000000000000000000, 1.000000000000000000, 2.063611569935235193E-16 ) ) ;
#1634 = ORIENTED_EDGE ( 'NONE', *, *, #2560, .F. ) ;
#1635 = ORIENTED_EDGE ( 'NONE', *, *, #2960, .T. ) ;
#1636 = ORIENTED_EDGE ( 'NONE', *, *, #599, .T. ) ;
#1637 = VERTEX_POINT ( 'NONE', #4781 ) ;
#1638 = LINE ( 'NONE', #2772, #244 ) ;
#1639 = EDGE_CURVE ( 'NONE', #4728, #1570, #6492, .T. ) ;
#1640 = CARTESIAN_POINT ( 'NONE',  ( 40.07000000001264794, -23.25000000000000711, -26.00793539950940669 ) ) ;
#1641 = ORIENTED_EDGE ( 'NONE', *, *, #2975, .T. ) ;
#1642 = AXIS2_PLACEMENT_3D ( 'NONE', #4148, #101, #6346 ) ;
#1643 = ORIENTED_EDGE ( 'NONE', *, *, #4798, .T. ) ;
#1644 = CARTESIAN_POINT ( 'NONE',  ( -0.8000000000000020428, -15.02982678560843688, 10.45948856101041180 ) ) ;
#1645 = VECTOR ( 'NONE', #127, 1000.000000000000000 ) ;
#1646 = FACE_BOUND ( 'NONE', #4265, .T. ) ;
#1647 = CARTESIAN_POINT ( 'NONE',  ( 1.020000000025375719, -15.86477721247436534, -11.70797299346834386 ) ) ;
#1648 = ADVANCED_FACE ( 'NONE', ( #6965 ), #3201, .T. ) ;
#1649 = TOROIDAL_SURFACE ( 'NONE', #5709, 4.250000000000000000, 0.7500000000000000000 ) ;
#1650 = EDGE_CURVE ( 'NONE', #5198, #2060, #6191, .T. ) ;
#1651 = DIRECTION ( 'NONE',  ( 1.000000000000000000, 0.000000000000000000, -1.982541115402067674E-15 ) ) ;
#1652 = CIRCLE ( 'NONE', #369, 4.250000000000000000 ) ;
#1653 = CARTESIAN_POINT ( 'NONE',  ( 57.89999999999999858, 2.755455298081545764E-16, -5.875000000000000000 ) ) ;
#1655 = ORIENTED_EDGE ( 'NONE', *, *, #2802, .F. ) ;
#1654 = FACE_OUTER_BOUND ( 'NONE', #55, .T. ) ;
#1656 = CARTESIAN_POINT ( 'NONE',  ( 1.020000000025451881, -20.93691467762551639, 8.242286694052301854 ) ) ;
#1657 = CIRCLE ( 'NONE', #2923, 1.149999999999999911 ) ;
#1658 = CARTESIAN_POINT ( 'NONE',  ( 38.41413931812409999, -19.73691467762551710, 8.242286694052301854 ) ) ;
#1659 = ORIENTED_EDGE ( 'NONE', *, *, #892, .T. ) ;
#1660 = AXIS2_PLACEMENT_3D ( 'NONE', #2717, #5367, #2019 ) ;
#1661 = CARTESIAN_POINT ( 'NONE',  ( -0.8000000000000000444, -32.11500000000251731, 10.79999999999530225 ) ) ;
#1662 = DIRECTION ( 'NONE',  ( 1.000000000000000000, -2.529146437248130062E-15, 2.920409892216848119E-16 ) ) ;
#1663 = CARTESIAN_POINT ( 'NONE',  ( 59.30749873778312775, -2.324491549274046776, 21.27613746510720816 ) ) ;
#1664 = ORIENTED_EDGE ( 'NONE', *, *, #4625, .F. ) ;
#1665 = CARTESIAN_POINT ( 'NONE',  ( -0.8000000000000000444, -20.93691467762551639, -9.442286694061698071 ) ) ;
#1666 = AXIS2_PLACEMENT_3D ( 'NONE', #5641, #6164, #1816 ) ;
#1667 = CARTESIAN_POINT ( 'NONE',  ( -2.001000000000280110, -86.63999999999987267, -5.115567176277822268E-15 ) ) ;
#1668 = ORIENTED_EDGE ( 'NONE', *, *, #6071, .F. ) ;
#1669 = ORIENTED_EDGE ( 'NONE', *, *, #5526, .T. ) ;
#1670 = CYLINDRICAL_SURFACE ( 'NONE', #1919, 1.149999999999998135 ) ;
#1671 = AXIS2_PLACEMENT_3D ( 'NONE', #5396, #2074, #311 ) ;
#1672 = ORIENTED_EDGE ( 'NONE', *, *, #1284, .T. ) ;
#1673 = CARTESIAN_POINT ( 'NONE',  ( 55.88459481114530547, -4.393147540714449129, -24.85915474566384020 ) ) ;
#1674 = CYLINDRICAL_SURFACE ( 'NONE', #3417, 141.0803369579429614 ) ;
#1675 = ORIENTED_EDGE ( 'NONE', *, *, #871, .F. ) ;
#1676 = VECTOR ( 'NONE', #6019, 1000.000000000000000 ) ;
#1677 = CIRCLE ( 'NONE', #394, 141.0803369579429614 ) ;
#1678 = AXIS2_PLACEMENT_3D ( 'NONE', #1989, #3000, #5242 ) ;
#1679 = VERTEX_POINT ( 'NONE', #4374 ) ;
#1680 = CARTESIAN_POINT ( 'NONE',  ( 3.500000000000000000, -13.50000000000000000, -13.25000000000002487 ) ) ;
#1681 = CIRCLE ( 'NONE', #3298, 5.000000000000000000 ) ;
#1682 = VECTOR ( 'NONE', #287, 1000.000000000000000 ) ;
#1683 = CARTESIAN_POINT ( 'NONE',  ( 57.89999999999999858, -8.125000000000000000, 2.250000000000000000 ) ) ;
#1684 = EDGE_CURVE ( 'NONE', #6525, #1970, #2009, .T. ) ;
#1685 = EDGE_LOOP ( 'NONE', ( #6609, #1707, #2634, #7120 ) ) ;
#1686 = CARTESIAN_POINT ( 'NONE',  ( -0.8000000000000020428, -15.07805549177039417, 10.74843056778889228 ) ) ;
#1687 = DIRECTION ( 'NONE',  ( -1.000000000000000000, -1.802143912355449343E-15, 2.887412898249062070E-16 ) ) ;
#1688 = CYLINDRICAL_SURFACE ( 'NONE', #4935, 2.250000000000000000 ) ;
#1689 = FACE_OUTER_BOUND ( 'NONE', #3605, .T. ) ;
#1690 = DIRECTION ( 'NONE',  ( 0.000000000000000000, 0.7071067811865522357, 0.7071067811865426878 ) ) ;
#1691 = ORIENTED_EDGE ( 'NONE', *, *, #4410, .F. ) ;
#1692 = DIRECTION ( 'NONE',  ( -0.000000000000000000, 1.000000000000000000, 0.000000000000000000 ) ) ;
#1693 = ORIENTED_EDGE ( 'NONE', *, *, #5859, .F. ) ;
#1694 = EDGE_CURVE ( 'NONE', #6103, #4601, #6110, .T. ) ;
#1695 = CARTESIAN_POINT ( 'NONE',  ( 55.89999999999999858, 0.000000000000000000, 0.000000000000000000 ) ) ;
#1696 = CARTESIAN_POINT ( 'NONE',  ( 0.000000000000000000, -11.00000000000000000, 7.608588896766578458 ) ) ;
#1697 = ORIENTED_EDGE ( 'NONE', *, *, #6539, .F. ) ;
#1698 = DIRECTION ( 'NONE',  ( 0.000000000000000000, 0.000000000000000000, -1.000000000000000000 ) ) ;
#1699 = ADVANCED_FACE ( 'NONE', ( #573 ), #5582, .F. ) ;
#1700 = CARTESIAN_POINT ( 'NONE',  ( 57.39999999999999858, -35.02999999999998693, 10.24999999999999112 ) ) ;
#1701 = DIRECTION ( 'NONE',  ( 1.000000000000000000, -0.000000000000000000, -0.000000000000000000 ) ) ;
#1702 = ORIENTED_EDGE ( 'NONE', *, *, #1293, .F. ) ;
#1703 = DIRECTION ( 'NONE',  ( 1.000000000000000000, -2.529146437248130062E-15, 2.920409892216848119E-16 ) ) ;
#1704 = ORIENTED_EDGE ( 'NONE', *, *, #3630, .T. ) ;
#1705 = CARTESIAN_POINT ( 'NONE',  ( 1.020000000025389486, -43.67851763289844769, 11.35999220644692009 ) ) ;
#1706 = ORIENTED_EDGE ( 'NONE', *, *, #6114, .T. ) ;
#1707 = ORIENTED_EDGE ( 'NONE', *, *, #759, .T. ) ;
#1708 = FACE_OUTER_BOUND ( 'NONE', #6436, .T. ) ;
#1709 = DIRECTION ( 'NONE',  ( 1.000000000000000000, 0.000000000000000000, 0.000000000000000000 ) ) ;
#1710 = DIRECTION ( 'NONE',  ( 3.478120569332848597E-15, 1.000000000000000000, -9.168304814023545036E-14 ) ) ;
#1711 = DIRECTION ( 'NONE',  ( -1.000000000000000000, -0.000000000000000000, -0.000000000000000000 ) ) ;
#1712 = EDGE_LOOP ( 'NONE', ( #1356, #1258, #5947, #781 ) ) ;
#1713 = AXIS2_PLACEMENT_3D ( 'NONE', #3092, #419, #5906 ) ;
#1714 = VERTEX_POINT ( 'NONE', #4015 ) ;
#1715 = ORIENTED_EDGE ( 'NONE', *, *, #3451, .F. ) ;
#1716 = VERTEX_POINT ( 'NONE', #1178 ) ;
#1717 = DIRECTION ( 'NONE',  ( 0.000000000000000000, -1.000000000000000000, 1.468548974371899981E-16 ) ) ;
#1718 = VECTOR ( 'NONE', #3643, 1000.000000000000000 ) ;
#1719 = PLANE ( 'NONE',  #1021 ) ;
#1720 = ORIENTED_EDGE ( 'NONE', *, *, #7093, .F. ) ;
#1721 = CARTESIAN_POINT ( 'NONE',  ( 1.020000000025493625, -15.02982678560843688, 10.45948856101041180 ) ) ;
#1722 = EDGE_CURVE ( 'NONE', #1381, #5905, #5509, .T. ) ;
#1723 = CARTESIAN_POINT ( 'NONE',  ( 0.000000000000000000, -73.25000000000000000, 26.00793539950937827 ) ) ;
#1724 = ADVANCED_FACE ( 'NONE', ( #5043 ), #3387, .F. ) ;
#1725 = CARTESIAN_POINT ( 'NONE',  ( 57.89999999999999858, 0.000000000000000000, -10.37500000000000000 ) ) ;
#1726 = CARTESIAN_POINT ( 'NONE',  ( 59.39999999999999858, -8.125000000000000000, 0.000000000000000000 ) ) ;
#1727 = ORIENTED_EDGE ( 'NONE', *, *, #2846, .F. ) ;
#1728 = DIRECTION ( 'NONE',  ( 0.000000000000000000, 0.000000000000000000, 1.000000000000000000 ) ) ;
#1729 = DIRECTION ( 'NONE',  ( 1.000000000000000000, -0.000000000000000000, -0.000000000000000000 ) ) ;
#1730 = DIRECTION ( 'NONE',  ( 0.000000000000000000, 0.000000000000000000, 1.000000000000000000 ) ) ;
#1731 = ORIENTED_EDGE ( 'NONE', *, *, #2708, .T. ) ;
#1732 = DIRECTION ( 'NONE',  ( 0.000000000000000000, 0.000000000000000000, -1.000000000000000000 ) ) ;
#1733 = AXIS2_PLACEMENT_3D ( 'NONE', #3172, #7086, #2082 ) ;
#1734 = CARTESIAN_POINT ( 'NONE',  ( 59.39999999999999858, 8.125000000000000000, 2.250000000000000000 ) ) ;
#1735 = EDGE_CURVE ( 'NONE', #7137, #5613, #6990, .T. ) ;
#1736 = DIRECTION ( 'NONE',  ( 0.000000000000000000, 1.000000000000000000, 5.248785101291397186E-16 ) ) ;
#1737 = EDGE_CURVE ( 'NONE', #518, #2780, #2192, .T. ) ;
#1738 = CARTESIAN_POINT ( 'NONE',  ( -2.001000000000294321, -88.20999999999999375, 17.70000000000001705 ) ) ;
#1739 = EDGE_LOOP ( 'NONE', ( #5923, #3805, #2224, #2689 ) ) ;
#1740 = CARTESIAN_POINT ( 'NONE',  ( 3.499999999999996891, -19.75000000000000355, 13.24999999999999822 ) ) ;
#1741 = AXIS2_PLACEMENT_3D ( 'NONE', #413, #5432, #4234 ) ;
#1742 = VERTEX_POINT ( 'NONE', #4416 ) ;
#1743 = ORIENTED_EDGE ( 'NONE', *, *, #1248, .F. ) ;
#1744 = DIRECTION ( 'NONE',  ( 0.000000000000000000, 0.000000000000000000, 1.000000000000000000 ) ) ;
#1745 = EDGE_CURVE ( 'NONE', #3097, #4875, #1681, .T. ) ;
#1746 = DIRECTION ( 'NONE',  ( 0.000000000000000000, 0.000000000000000000, -1.000000000000000000 ) ) ;
#1747 = VECTOR ( 'NONE', #2191, 1000.000000000000000 ) ;
#1748 = EDGE_CURVE ( 'NONE', #1168, #6313, #1677, .T. ) ;
#1749 = FACE_OUTER_BOUND ( 'NONE', #3042, .T. ) ;
#1750 = CARTESIAN_POINT ( 'NONE',  ( 1.020000000025393261, -43.17851648078251259, 11.86000115217198037 ) ) ;
#1751 = UNCERTAINTY_MEASURE_WITH_UNIT (LENGTH_MEASURE( 1.000000000000000082E-05 ), #4007, 'distance_accuracy_value', 'NONE');
#1752 = VERTEX_POINT ( 'NONE', #6148 ) ;
#1753 = EDGE_LOOP ( 'NONE', ( #6356, #6725 ) ) ;
#1754 = DIRECTION ( 'NONE',  ( 0.000000000000000000, 0.000000000000000000, -1.000000000000000000 ) ) ;
#1755 = EDGE_LOOP ( 'NONE', ( #5645, #2611, #480, #6217 ) ) ;
#1756 = DIRECTION ( 'NONE',  ( 0.000000000000000000, 0.000000000000000000, 1.000000000000000000 ) ) ;
#1757 = ORIENTED_EDGE ( 'NONE', *, *, #4304, .T. ) ;
#1758 = ORIENTED_EDGE ( 'NONE', *, *, #4840, .F. ) ;
#1759 = CARTESIAN_POINT ( 'NONE',  ( 55.90000000000000568, -23.25000000000000711, 17.25000000000001421 ) ) ;
#1760 = CARTESIAN_POINT ( 'NONE',  ( 1.020000000025375719, -16.33311347870889207, -11.85020984583683834 ) ) ;
#1761 = EDGE_CURVE ( 'NONE', #4113, #6726, #1221, .T. ) ;
#1762 = DIRECTION ( 'NONE',  ( 0.000000000000000000, 0.000000000000000000, 1.000000000000000000 ) ) ;
#1763 = CARTESIAN_POINT ( 'NONE',  ( 55.66409622614292374, -23.25000000000000711, -19.95473532107412851 ) ) ;
#1764 = EDGE_LOOP ( 'NONE', ( #3775, #5408, #6341, #6635 ) ) ;
#1765 = CARTESIAN_POINT ( 'NONE',  ( 59.65000000000005542, -86.64000000000002899, 1.288905185022836530E-14 ) ) ;
#1766 = VECTOR ( 'NONE', #4027, 1000.000000000000000 ) ;
#1767 = LINE ( 'NONE', #3980, #2693 ) ;
#1768 = CARTESIAN_POINT ( 'NONE',  ( -0.8000000000000000444, -38.89000006817515498, 6.999999459518204681 ) ) ;
#1769 = CIRCLE ( 'NONE', #5612, 2.250000000000000444 ) ;
#1770 = CARTESIAN_POINT ( 'NONE',  ( 1.020000000025375719, -15.77461599535319792, 11.67052989598730584 ) ) ;
#1771 = CARTESIAN_POINT ( 'NONE',  ( 8.647240833862735343, -3.942635539838800440, -1.125000000000000666 ) ) ;
#1772 = VECTOR ( 'NONE', #1805, 999.9999999999998863 ) ;
#1773 = CIRCLE ( 'NONE', #4088, 3.750000000000000888 ) ;
#1774 = CARTESIAN_POINT ( 'NONE',  ( 59.40000000000000568, -1.732050807568843220, -20.24999999999998934 ) ) ;
#1775 = DIRECTION ( 'NONE',  ( 0.000000000000000000, 0.000000000000000000, 1.000000000000000000 ) ) ;
#1776 = EDGE_LOOP ( 'NONE', ( #554, #534, #1104, #6615 ) ) ;
#1777 = CIRCLE ( 'NONE', #5827, 0.2866033983652087613 ) ;
#1778 = LINE ( 'NONE', #9, #4209 ) ;
#1779 = VECTOR ( 'NONE', #520, 1000.000000000000000 ) ;
#1780 = ORIENTED_EDGE ( 'NONE', *, *, #6286, .F. ) ;
#1781 = ADVANCED_FACE ( 'NONE', ( #6764 ), #1688, .F. ) ;
#1782 = ORIENTED_EDGE ( 'NONE', *, *, #3992, .T. ) ;
#1783 = CARTESIAN_POINT ( 'NONE',  ( 38.41413931812409999, -41.34000000000252584, 10.24999999999526601 ) ) ;
#1784 = CIRCLE ( 'NONE', #954, 0.2866033983652087613 ) ;
#1785 = DIRECTION ( 'NONE',  ( 1.000000000000000000, -0.000000000000000000, -0.000000000000000000 ) ) ;
#1786 = CIRCLE ( 'NONE', #1893, 1.149999999999999911 ) ;
#1787 = LINE ( 'NONE', #5138, #1557 ) ;
#1788 = VECTOR ( 'NONE', #1810, 1000.000000000000000 ) ;
#1789 = CARTESIAN_POINT ( 'NONE',  ( 55.66409622614292374, -67.24999999999998579, -19.95473532107414272 ) ) ;
#1790 = VERTEX_POINT ( 'NONE', #6727 ) ;
#1791 = EDGE_CURVE ( 'NONE', #3840, #1464, #3418, .T. ) ;
#1792 = VECTOR ( 'NONE', #4196, 1000.000000000000000 ) ;
#1793 = CARTESIAN_POINT ( 'NONE',  ( -2.000000000000000000, -16.89000000000251944, -10.25000000000471445 ) ) ;
#1794 = AXIS2_PLACEMENT_3D ( 'NONE', #2157, #3388, #4376 ) ;
#1795 = VECTOR ( 'NONE', #3354, 1000.000000000000000 ) ;
#1796 = DIRECTION ( 'NONE',  ( -1.000000000000000000, 0.000000000000000000, 0.000000000000000000 ) ) ;
#1797 = ORIENTED_EDGE ( 'NONE', *, *, #3360, .F. ) ;
#1798 = LINE ( 'NONE', #2880, #2101 ) ;
#1799 = CARTESIAN_POINT ( 'NONE',  ( 1.020000000025375719, -16.43046926659601681, -11.86016531324574963 ) ) ;
#1800 = DIRECTION ( 'NONE',  ( 0.000000000000000000, 0.000000000000000000, -1.000000000000000000 ) ) ;
#1801 = DIRECTION ( 'NONE',  ( 0.000000000000000000, 0.000000000000000000, -1.000000000000000000 ) ) ;
#1802 = ORIENTED_EDGE ( 'NONE', *, *, #1195, .T. ) ;
#1803 = DIRECTION ( 'NONE',  ( 1.000000000000000000, -0.000000000000000000, -0.000000000000000000 ) ) ;
#1804 = AXIS2_PLACEMENT_3D ( 'NONE', #3242, #5520, #6503 ) ;
#1805 = DIRECTION ( 'NONE',  ( -9.424547817316193904E-16, 0.8481145238789931096, -0.5298129428255871076 ) ) ;
#1806 = DIRECTION ( 'NONE',  ( 0.000000000000000000, 0.4999999999999947264, -0.8660254037844417052 ) ) ;
#1807 = DIRECTION ( 'NONE',  ( -0.000000000000000000, 1.000000000000000000, -0.000000000000000000 ) ) ;
#1808 = LINE ( 'NONE', #5056, #2342 ) ;
#1809 = DIRECTION ( 'NONE',  ( -0.000000000000000000, 1.000000000000000000, 4.127223139870470387E-16 ) ) ;
#1810 = DIRECTION ( 'NONE',  ( -1.000000000000000000, 0.000000000000000000, 0.000000000000000000 ) ) ;
#1811 = EDGE_LOOP ( 'NONE', ( #405, #6700 ) ) ;
#1812 = CARTESIAN_POINT ( 'NONE',  ( 11.21526601878286655, -23.25000000000000355, -11.87653491542466710 ) ) ;
#1813 = ORIENTED_EDGE ( 'NONE', *, *, #1998, .T. ) ;
#1814 = EDGE_CURVE ( 'NONE', #6925, #19, #5118, .T. ) ;
#1815 = DIRECTION ( 'NONE',  ( 1.000000000000000000, 0.000000000000000000, 0.000000000000000000 ) ) ;
#1816 = DIRECTION ( 'NONE',  ( 0.000000000000000000, 0.000000000000000000, 1.000000000000000000 ) ) ;
#1817 = DIRECTION ( 'NONE',  ( -0.000000000000000000, 1.266880634428716140E-06, 0.9999999999991975308 ) ) ;
#1818 = ADVANCED_FACE ( 'NONE', ( #28 ), #4542, .F. ) ;
#1819 = CARTESIAN_POINT ( 'NONE',  ( 7.289923758971997181, -2.988862150900919890, -22.42686110218010498 ) ) ;
#1820 = ADVANCED_FACE ( 'NONE', ( #5813 ), #4703, .F. ) ;
#1821 = EDGE_LOOP ( 'NONE', ( #6789, #3703, #4603, #2408 ) ) ;
#1822 = ORIENTED_EDGE ( 'NONE', *, *, #5954, .F. ) ;
#1823 = DIRECTION ( 'NONE',  ( 1.954618001100629151E-15, -1.000000000000000000, 0.000000000000000000 ) ) ;
#1824 = CARTESIAN_POINT ( 'NONE',  ( 55.38534710664308136, -67.25000000000000000, 19.88809872202711304 ) ) ;
#1825 = EDGE_CURVE ( 'NONE', #4115, #6418, #2141, .T. ) ;
#1826 = VERTEX_POINT ( 'NONE', #3462 ) ;
#1827 = ADVANCED_FACE ( 'NONE', ( #2946 ), #6929, .T. ) ;
#1828 = CIRCLE ( 'NONE', #5885, 8.000000000000000000 ) ;
#1829 = VERTEX_POINT ( 'NONE', #5249 ) ;
#1830 = ORIENTED_EDGE ( 'NONE', *, *, #6532, .F. ) ;
#1831 = LINE ( 'NONE', #4080, #3033 ) ;
#1832 = VERTEX_POINT ( 'NONE', #3599 ) ;
#1833 = CARTESIAN_POINT ( 'NONE',  ( 1.020000000025375719, -15.53857461681990415, -11.48982415952375469 ) ) ;
#1834 = AXIS2_PLACEMENT_3D ( 'NONE', #1180, #3356, #5004 ) ;
#1835 = ADVANCED_FACE ( 'NONE', ( #783 ), #4123, .T. ) ;
#1836 = CARTESIAN_POINT ( 'NONE',  ( 0.000000000000000000, -63.25000000000000000, 15.75000000000000355 ) ) ;
#1837 = EDGE_CURVE ( 'NONE', #2440, #1752, #3652, .T. ) ;
#1838 = CARTESIAN_POINT ( 'NONE',  ( 57.39999999999999858, -43.02999999999998693, 16.74999999999999289 ) ) ;
#1839 = ORIENTED_EDGE ( 'NONE', *, *, #3482, .F. ) ;
#1840 = DIRECTION ( 'NONE',  ( 0.000000000000000000, -1.000000000000000000, 9.938261105567462796E-17 ) ) ;
#1841 = DIRECTION ( 'NONE',  ( -1.000000000000000000, -0.000000000000000000, -0.000000000000000000 ) ) ;
#1842 = DIRECTION ( 'NONE',  ( -2.033631237309899163E-15, 0.7071067811865514585, -0.7071067811865435759 ) ) ;
#1843 = ORIENTED_EDGE ( 'NONE', *, *, #5151, .F. ) ;
#1844 = LINE ( 'NONE', #4649, #6184 ) ;
#1845 = FACE_OUTER_BOUND ( 'NONE', #6603, .T. ) ;
#1846 = CARTESIAN_POINT ( 'NONE',  ( 63.64999999999999858, -86.64000000000004320, 1.405721580711509153E-14 ) ) ;
#1847 = CARTESIAN_POINT ( 'NONE',  ( 57.39999999999999858, -43.02999999999998693, 10.24999999999999112 ) ) ;
#1848 = CYLINDRICAL_SURFACE ( 'NONE', #6081, 4.030931702365777802 ) ;
#1849 = EDGE_CURVE ( 'NONE', #388, #2051, #749, .T. ) ;
#1850 = CARTESIAN_POINT ( 'NONE',  ( 38.41413931812409999, -43.17840353905477713, -11.85999695861888803 ) ) ;
#1851 = DIRECTION ( 'NONE',  ( -1.000000000000000000, -0.000000000000000000, -0.000000000000000000 ) ) ;
#1852 = EDGE_CURVE ( 'NONE', #3771, #391, #2485, .T. ) ;
#1853 = FACE_BOUND ( 'NONE', #5872, .T. ) ;
#1854 = ORIENTED_EDGE ( 'NONE', *, *, #1027, .T. ) ;
#1855 = VERTEX_POINT ( 'NONE', #3048 ) ;
#1856 = CARTESIAN_POINT ( 'NONE',  ( 55.89999999999999147, -67.24999999999998579, 20.25000000000001421 ) ) ;
#1857 = EDGE_CURVE ( 'NONE', #5315, #946, #5183, .T. ) ;
#1858 = AXIS2_PLACEMENT_3D ( 'NONE', #5970, #3161, #998 ) ;
#1859 = DIRECTION ( 'NONE',  ( 0.000000000000000000, -1.000000000000000000, 0.000000000000000000 ) ) ;
#1860 = CARTESIAN_POINT ( 'NONE',  ( 36.07000000001264794, -73.25000000000000000, 0.000000000000000000 ) ) ;
#1861 = AXIS2_PLACEMENT_3D ( 'NONE', #947, #2580, #3776 ) ;
#1862 = ORIENTED_EDGE ( 'NONE', *, *, #987, .F. ) ;
#1863 = LINE ( 'NONE', #6278, #6061 ) ;
#1864 = EDGE_CURVE ( 'NONE', #5873, #3420, #1450, .T. ) ;
#1865 = DIRECTION ( 'NONE',  ( 0.000000000000000000, 0.000000000000000000, -1.000000000000000000 ) ) ;
#1866 = EDGE_CURVE ( 'NONE', #6006, #2641, #2976, .T. ) ;
#1867 = CARTESIAN_POINT ( 'NONE',  ( -4.250000000000159872, -9.490421090145933647E-15, -20.24999999999999289 ) ) ;
#1868 = DIRECTION ( 'NONE',  ( -0.000000000000000000, 0.000000000000000000, -1.000000000000000000 ) ) ;
#1869 = EDGE_LOOP ( 'NONE', ( #5166, #3882, #353, #4010 ) ) ;
#1870 = CARTESIAN_POINT ( 'NONE',  ( 4.014652893356916330, -23.25000000000000355, -19.88809872202713791 ) ) ;
#1871 = ORIENTED_EDGE ( 'NONE', *, *, #5757, .F. ) ;
#1872 = ORIENTED_EDGE ( 'NONE', *, *, #4066, .F. ) ;
#1873 = FACE_BOUND ( 'NONE', #4515, .T. ) ;
#1874 = EDGE_CURVE ( 'NONE', #6512, #5281, #6306, .T. ) ;
#1875 = CARTESIAN_POINT ( 'NONE',  ( 0.000000000000000000, -23.25000000000000711, 26.00793539950937827 ) ) ;
#1876 = DIRECTION ( 'NONE',  ( 0.000000000000000000, -1.000000000000000000, 1.468548974371899981E-16 ) ) ;
#1877 = CARTESIAN_POINT ( 'NONE',  ( 59.39999999999999858, 8.125000000000000000, 0.000000000000000000 ) ) ;
#1878 = VERTEX_POINT ( 'NONE', #6245 ) ;
#1879 = DIRECTION ( 'NONE',  ( 1.000000000000000000, -0.000000000000000000, -0.000000000000000000 ) ) ;
#1880 = AXIS2_PLACEMENT_3D ( 'NONE', #3696, #436, #5957 ) ;
#1881 = LINE ( 'NONE', #5235, #2540 ) ;
#1882 = VECTOR ( 'NONE', #4888, 1000.000000000000000 ) ;
#1883 = CARTESIAN_POINT ( 'NONE',  ( 58.91776695296644561, -70.26776695296639730, 20.25000000000001421 ) ) ;
#1884 = DIRECTION ( 'NONE',  ( 0.000000000000000000, 0.000000000000000000, -1.000000000000000000 ) ) ;
#1885 = CIRCLE ( 'NONE', #2694, 7.099999999999995204 ) ;
#1886 = FACE_OUTER_BOUND ( 'NONE', #42, .T. ) ;
#1887 = VECTOR ( 'NONE', #3905, 1000.000000000000000 ) ;
#1888 = FACE_BOUND ( 'NONE', #1753, .T. ) ;
#1889 = VERTEX_POINT ( 'NONE', #1288 ) ;
#1890 = CIRCLE ( 'NONE', #2472, 0.2866033983652087613 ) ;
#1891 = DIRECTION ( 'NONE',  ( 0.000000000000000000, 1.000000000000000000, 4.127223139870470387E-16 ) ) ;
#1892 = CARTESIAN_POINT ( 'NONE',  ( -2.001000000000262347, -79.53999999999987836, -5.115567176277822268E-15 ) ) ;
#1893 = AXIS2_PLACEMENT_3D ( 'NONE', #2994, #5237, #187 ) ;
#1894 = VECTOR ( 'NONE', #7053, 1000.000000000000000 ) ;
#1895 = APPLICATION_PROTOCOL_DEFINITION ( 'draft international standard', 'automotive_design', 1998, #3740 ) ;
#1896 = VERTEX_POINT ( 'NONE', #5218 ) ;
#1897 = ORIENTED_EDGE ( 'NONE', *, *, #5333, .T. ) ;
#1898 = CIRCLE ( 'NONE', #4111, 141.0803369579429614 ) ;
#1899 = ORIENTED_EDGE ( 'NONE', *, *, #282, .T. ) ;
#1900 = EDGE_LOOP ( 'NONE', ( #3007, #5870, #3710, #3692 ) ) ;
#1901 = LINE ( 'NONE', #4558, #6757 ) ;
#1902 = CARTESIAN_POINT ( 'NONE',  ( 55.38534710664308136, -67.24999999999998579, -19.88809872202713791 ) ) ;
#1903 = VECTOR ( 'NONE', #4363, 1000.000000000000000 ) ;
#1904 = AXIS2_PLACEMENT_3D ( 'NONE', #4235, #2702, #5929 ) ;
#1905 = DIRECTION ( 'NONE',  ( -1.000000000000000000, 0.000000000000000000, 0.000000000000000000 ) ) ;
#1906 = PLANE ( 'NONE',  #7025 ) ;
#1907 = EDGE_CURVE ( 'NONE', #859, #6090, #4666, .T. ) ;
#1908 = VERTEX_POINT ( 'NONE', #2909 ) ;
#1909 = CARTESIAN_POINT ( 'NONE',  ( 55.89999999999999858, 5.021051876504147385E-16, 4.099999999999999645 ) ) ;
#1910 = ORIENTED_EDGE ( 'NONE', *, *, #2722, .F. ) ;
#1911 = ORIENTED_EDGE ( 'NONE', *, *, #5426, .T. ) ;
#1912 = ORIENTED_EDGE ( 'NONE', *, *, #6795, .T. ) ;
#1913 = AXIS2_PLACEMENT_3D ( 'NONE', #4441, #6786, #117 ) ;
#1914 = CARTESIAN_POINT ( 'NONE',  ( 57.39999999999999858, -56.24999999999998579, -18.24999999999999289 ) ) ;
#1915 = DIRECTION ( 'NONE',  ( 1.000000000000000000, -0.000000000000000000, -0.000000000000000000 ) ) ;
#1916 = VERTEX_POINT ( 'NONE', #6452 ) ;
#1917 = PLANE ( 'NONE',  #3155 ) ;
#1918 = FACE_OUTER_BOUND ( 'NONE', #2624, .T. ) ;
#1919 = AXIS2_PLACEMENT_3D ( 'NONE', #4282, #5415, #5488 ) ;
#1920 = EDGE_CURVE ( 'NONE', #1855, #718, #3116, .T. ) ;
#1921 = CARTESIAN_POINT ( 'NONE',  ( -4.249999999999998224, -86.64000000000004320, 1.405721580711509153E-14 ) ) ;
#1922 = PLANE ( 'NONE',  #5680 ) ;
#1923 = LINE ( 'NONE', #1883, #2947 ) ;
#1924 = CARTESIAN_POINT ( 'NONE',  ( 0.000000000000000000, -1.732050807568845219, -20.24999999999999645 ) ) ;
#1925 = CARTESIAN_POINT ( 'NONE',  ( -0.7999999999999951594, -49.63999999999779789, -3.749999999994893862 ) ) ;
#1926 = LINE ( 'NONE', #6788, #1070 ) ;
#1927 = VERTEX_POINT ( 'NONE', #4333 ) ;
#1928 = LINE ( 'NONE', #4180, #4589 ) ;
#1929 = DIRECTION ( 'NONE',  ( 0.000000000000000000, 0.000000000000000000, 1.000000000000000000 ) ) ;
#1930 = LINE ( 'NONE', #263, #840 ) ;
#1931 = ORIENTED_EDGE ( 'NONE', *, *, #4048, .T. ) ;
#1932 = FACE_OUTER_BOUND ( 'NONE', #1398, .T. ) ;
#1933 = EDGE_LOOP ( 'NONE', ( #2265, #811 ) ) ;
#1934 = CARTESIAN_POINT ( 'NONE',  ( 57.39999999999999858, -56.24999999999998579, -18.24999999999999289 ) ) ;
#1935 = CARTESIAN_POINT ( 'NONE',  ( 1.320127283879557911, -67.25000000000000000, 22.88608840329823479 ) ) ;
#1936 = DIRECTION ( 'NONE',  ( 0.000000000000000000, -0.000000000000000000, -1.000000000000000000 ) ) ;
#1937 = ORIENTED_EDGE ( 'NONE', *, *, #6092, .T. ) ;
#1938 = CARTESIAN_POINT ( 'NONE',  ( 1.020000000025493625, -15.02996549883271982, 10.36041478471158506 ) ) ;
#1939 = ORIENTED_EDGE ( 'NONE', *, *, #57, .F. ) ;
#1940 = DIRECTION ( 'NONE',  ( 0.000000000000000000, 1.000000000000000000, 0.000000000000000000 ) ) ;
#1941 = CARTESIAN_POINT ( 'NONE',  ( -0.8000000000000020428, -15.02980442205631384, -10.55811656341952265 ) ) ;
#1942 = EDGE_CURVE ( 'NONE', #5832, #846, #1491, .T. ) ;
#1943 = DIRECTION ( 'NONE',  ( -0.7071067811865501263, -0.7071067811865449082, 0.000000000000000000 ) ) ;
#1944 = DIRECTION ( 'NONE',  ( 0.000000000000000000, 0.000000000000000000, 1.000000000000000000 ) ) ;
#1945 = AXIS2_PLACEMENT_3D ( 'NONE', #3855, #22, #6820 ) ;
#1946 = CARTESIAN_POINT ( 'NONE',  ( 59.39999999999999858, -8.125000000000000000, -2.250000000000000000 ) ) ;
#1947 = VERTEX_POINT ( 'NONE', #4812 ) ;
#1948 = CARTESIAN_POINT ( 'NONE',  ( 3.500000000000000000, -23.25000000000000355, -12.55999904183487637 ) ) ;
#1949 = EDGE_CURVE ( 'NONE', #454, #846, #3699, .T. ) ;
#1950 = ADVANCED_FACE ( 'NONE', ( #991 ), #479, .F. ) ;
#1951 = CARTESIAN_POINT ( 'NONE',  ( 38.41413931812409999, -38.89000006848778668, -6.999999457044213003 ) ) ;
#1952 = DIRECTION ( 'NONE',  ( 0.000000000000000000, 0.000000000000000000, -1.000000000000000000 ) ) ;
#1953 = ORIENTED_EDGE ( 'NONE', *, *, #5435, .F. ) ;
#1954 = CARTESIAN_POINT ( 'NONE',  ( 5.394726825227868616, -2.460571892484169076, -21.51183553345858712 ) ) ;
#1955 = EDGE_LOOP ( 'NONE', ( #959, #3571 ) ) ;
#1956 = CARTESIAN_POINT ( 'NONE',  ( 9.190659858273189542, 7.949873905930273210, -0.9003434213284677856 ) ) ;
#1957 = EDGE_CURVE ( 'NONE', #6021, #5412, #4014, .T. ) ;
#1958 = EDGE_CURVE ( 'NONE', #687, #5, #5387, .T. ) ;
#1959 = DIRECTION ( 'NONE',  ( -1.000000000000000000, -0.000000000000000000, -0.000000000000000000 ) ) ;
#1960 = CARTESIAN_POINT ( 'NONE',  ( 0.000000000000000000, -11.00000000000001421, -7.608588896766578458 ) ) ;
#1961 = ORIENTED_EDGE ( 'NONE', *, *, #4840, .T. ) ;
#1962 = CARTESIAN_POINT ( 'NONE',  ( 3.500000000000000000, -67.25000000000000000, 26.00793539950937827 ) ) ;
#1963 = VECTOR ( 'NONE', #3942, 1000.000000000000114 ) ;
#1964 = CARTESIAN_POINT ( 'NONE',  ( 1.020000000025375719, -15.06994931240793179, -10.75478182293883123 ) ) ;
#1965 = EDGE_CURVE ( 'NONE', #2795, #6004, #931, .T. ) ;
#1966 = FACE_OUTER_BOUND ( 'NONE', #1606, .T. ) ;
#1967 = DIRECTION ( 'NONE',  ( 0.000000000000000000, -9.168304814023545036E-14, -1.000000000000000000 ) ) ;
#1968 = ORIENTED_EDGE ( 'NONE', *, *, #976, .T. ) ;
#1969 = CARTESIAN_POINT ( 'NONE',  ( 40.64999999999984936, 2.000000000000000444, 18.25000000000001066 ) ) ;
#1970 = VERTEX_POINT ( 'NONE', #2032 ) ;
#1971 = CARTESIAN_POINT ( 'NONE',  ( 13.50000000000000178, 5.021051876504147385E-16, -4.099999999999999645 ) ) ;
#1972 = CARTESIAN_POINT ( 'NONE',  ( -0.8000000000000020428, -15.53857461681990415, -11.48982415952375469 ) ) ;
#1973 = LINE ( 'NONE', #341, #2941 ) ;
#1974 = ORIENTED_EDGE ( 'NONE', *, *, #6974, .F. ) ;
#1975 = DIRECTION ( 'NONE',  ( 1.000000000000000000, 0.000000000000000000, 0.000000000000000000 ) ) ;
#1976 = ORIENTED_EDGE ( 'NONE', *, *, #4758, .F. ) ;
#1977 = ORIENTED_EDGE ( 'NONE', *, *, #4605, .F. ) ;
#1978 = LINE ( 'NONE', #5300, #270 ) ;
#1979 = DIRECTION ( 'NONE',  ( 0.000000000000000000, 0.000000000000000000, 1.000000000000000000 ) ) ;
#1980 = CARTESIAN_POINT ( 'NONE',  ( -2.000000000000000000, -63.25000000000000000, -13.75000000000000178 ) ) ;
#1981 = LINE ( 'NONE', #802, #51 ) ;
#1982 = CARTESIAN_POINT ( 'NONE',  ( -2.000000000000000000, -61.24999999999998579, -13.75000000000000178 ) ) ;
#1983 = AXIS2_PLACEMENT_3D ( 'NONE', #1765, #4182, #2886 ) ;
#1984 = ADVANCED_FACE ( 'NONE', ( #1460 ), #406, .F. ) ;
#1985 = CARTESIAN_POINT ( 'NONE',  ( 11.21526601878286655, -67.25000000000000000, -11.87653491542466710 ) ) ;
#1986 = CIRCLE ( 'NONE', #5143, 11.05841992757138392 ) ;
#1987 = ORIENTED_EDGE ( 'NONE', *, *, #6344, .F. ) ;
#1988 = ADVANCED_FACE ( 'NONE', ( #1025 ), #2653, .F. ) ;
#1989 = CARTESIAN_POINT ( 'NONE',  ( 3.500000000000000000, 0.000000000000000000, 0.000000000000000000 ) ) ;
#1990 = CIRCLE ( 'NONE', #3726, 14.80283886912689439 ) ;
#1991 = CARTESIAN_POINT ( 'NONE',  ( 38.41413931812409999, -49.64000000000250878, -4.391820240812112655E-12 ) ) ;
#1992 = CIRCLE ( 'NONE', #3265, 0.2866033983652087613 ) ;
#1993 = EDGE_CURVE ( 'NONE', #3989, #1235, #4054, .T. ) ;
#1994 = CARTESIAN_POINT ( 'NONE',  ( -0.8000000000000000444, -43.17851648078251259, -11.36000000000469790 ) ) ;
#1995 = CIRCLE ( 'NONE', #48, 2.500000000000002220 ) ;
#1996 = ORIENTED_EDGE ( 'NONE', *, *, #5593, .F. ) ;
#1997 = CARTESIAN_POINT ( 'NONE',  ( -2.000000000000000000, -61.24999999999998579, 0.000000000000000000 ) ) ;
#1998 = EDGE_CURVE ( 'NONE', #4879, #6834, #1522, .T. ) ;
#1999 = ORIENTED_EDGE ( 'NONE', *, *, #5419, .F. ) ;
#2000 = AXIS2_PLACEMENT_3D ( 'NONE', #4876, #3186, #6514 ) ;
#2001 = CARTESIAN_POINT ( 'NONE',  ( 38.41413931812409999, -43.17851648078251259, 11.35999999999530274 ) ) ;
#2002 = AXIS2_PLACEMENT_3D ( 'NONE', #6988, #1486, #5919 ) ;
#2003 = CARTESIAN_POINT ( 'NONE',  ( 57.26329890894511010, -3.648028411841577334, 23.56857055676450940 ) ) ;
#2004 = EDGE_LOOP ( 'NONE', ( #2296, #5192, #1422, #557 ) ) ;
#2005 = FACE_OUTER_BOUND ( 'NONE', #2964, .T. ) ;
#2006 = CARTESIAN_POINT ( 'NONE',  ( 36.07000000001264794, -23.25000000000000711, -26.00793539950940669 ) ) ;
#2007 = ADVANCED_FACE ( 'NONE', ( #440 ), #4921, .F. ) ;
#2008 = CIRCLE ( 'NONE', #1438, 11.39100863496588367 ) ;
#2009 = LINE ( 'NONE', #4458, #1795 ) ;
#2010 = VERTEX_POINT ( 'NONE', #2100 ) ;
#2011 = DIRECTION ( 'NONE',  ( 0.000000000000000000, -1.000000000000000000, 0.000000000000000000 ) ) ;
#2012 = ORIENTED_EDGE ( 'NONE', *, *, #3370, .T. ) ;
#2013 = CARTESIAN_POINT ( 'NONE',  ( 29.69999999999999929, -23.25000000000000355, 116.8280647581437819 ) ) ;
#2014 = AXIS2_PLACEMENT_3D ( 'NONE', #6316, #5152, #2767 ) ;
#2015 = PLANE ( 'NONE',  #4568 ) ;
#2016 = CARTESIAN_POINT ( 'NONE',  ( -2.250000000000000444, -49.63999999999779789, 5.107025913275720086E-12 ) ) ;
#2017 = CARTESIAN_POINT ( 'NONE',  ( 55.89999999999999858, 8.125000000000000000, 0.000000000000000000 ) ) ;
#2018 = VECTOR ( 'NONE', #593, 1000.000000000000000 ) ;
#2019 = DIRECTION ( 'NONE',  ( 0.000000000000000000, 0.000000000000000000, -1.000000000000000000 ) ) ;
#2020 = CARTESIAN_POINT ( 'NONE',  ( 9.364778442467656561, -3.192185580821058188, 22.77902761317088220 ) ) ;
#2021 = CARTESIAN_POINT ( 'NONE',  ( 40.64999999999984936, -5.430220388136072884, 26.65541760854819842 ) ) ;
#2022 = EDGE_CURVE ( 'NONE', #6431, #2875, #3118, .T. ) ;
#2023 = ORIENTED_EDGE ( 'NONE', *, *, #4847, .T. ) ;
#2024 = PLANE ( 'NONE',  #2594 ) ;
#2025 = ORIENTED_EDGE ( 'NONE', *, *, #1279, .T. ) ;
#2026 = EDGE_CURVE ( 'NONE', #4672, #428, #601, .T. ) ;
#2027 = FACE_OUTER_BOUND ( 'NONE', #3508, .T. ) ;
#2028 = ADVANCED_FACE ( 'NONE', ( #4775 ), #6956, .T. ) ;
#2029 = ORIENTED_EDGE ( 'NONE', *, *, #6122, .F. ) ;
#2030 = DIRECTION ( 'NONE',  ( 0.000000000000000000, 0.000000000000000000, 1.000000000000000000 ) ) ;
#2031 = ORIENTED_EDGE ( 'NONE', *, *, #3093, .T. ) ;
#2032 = CARTESIAN_POINT ( 'NONE',  ( -2.000000000000000000, -16.89000000000253010, -11.40000000000471303 ) ) ;
#2033 = EDGE_CURVE ( 'NONE', #4077, #1295, #4487, .T. ) ;
#2034 = CARTESIAN_POINT ( 'NONE',  ( 55.66409622614292374, -1.561579665708787257, -19.95473532107411785 ) ) ;
#2035 = EDGE_LOOP ( 'NONE', ( #3908, #4823 ) ) ;
#2036 = CARTESIAN_POINT ( 'NONE',  ( 9.364778442467656561, -67.25000000000000000, 22.77902761317088220 ) ) ;
#2037 = CYLINDRICAL_SURFACE ( 'NONE', #1858, 144.8280647581438245 ) ;
#2038 = CARTESIAN_POINT ( 'NONE',  ( 9.595718786231005382, 4.091694130071133806, -0.2948411244584974722 ) ) ;
#2039 = EDGE_CURVE ( 'NONE', #5010, #889, #5583, .T. ) ;
#2040 = EDGE_CURVE ( 'NONE', #7131, #6914, #1638, .T. ) ;
#2041 = DIRECTION ( 'NONE',  ( 0.000000000000000000, -1.000000000000000000, 0.000000000000000000 ) ) ;
#2042 = ORIENTED_EDGE ( 'NONE', *, *, #935, .F. ) ;
#2043 = CARTESIAN_POINT ( 'NONE',  ( 38.41413931812409999, -43.17851648078251259, -11.36000000000469790 ) ) ;
#2044 = EDGE_CURVE ( 'NONE', #5578, #6583, #4369, .T. ) ;
#2045 = DIRECTION ( 'NONE',  ( -1.000000000000000000, -0.000000000000000000, -0.000000000000000000 ) ) ;
#2046 = AXIS2_PLACEMENT_3D ( 'NONE', #1726, #1114, #6693 ) ;
#2047 = CYLINDRICAL_SURFACE ( 'NONE', #2318, 2.500000000000002220 ) ;
#2048 =( NAMED_UNIT ( * ) SI_UNIT ( $, .STERADIAN. ) SOLID_ANGLE_UNIT ( ) );
#2049 = CARTESIAN_POINT ( 'NONE',  ( 55.89999999999999858, -56.24999999999998579, -15.24999999999998934 ) ) ;
#2050 = VECTOR ( 'NONE', #5460, 1000.000000000000000 ) ;
#2051 = VERTEX_POINT ( 'NONE', #1214 ) ;
#2052 = DIRECTION ( 'NONE',  ( -2.580706579578174287E-15, 1.000000000000000000, 0.000000000000000000 ) ) ;
#2053 = CARTESIAN_POINT ( 'NONE',  ( 59.39999999999999858, 0.000000000000000000, -8.125000000000000000 ) ) ;
#2054 = ORIENTED_EDGE ( 'NONE', *, *, #4746, .F. ) ;
#2055 = CARTESIAN_POINT ( 'NONE',  ( 1.020000000025375719, -16.52954290413744332, -11.86002913982032503 ) ) ;
#2056 = EDGE_LOOP ( 'NONE', ( #7114, #4582, #6741, #4207 ) ) ;
#2057 = DIRECTION ( 'NONE',  ( -1.000000000000000000, 3.478120569333522285E-15, 7.346553920761778045E-15 ) ) ;
#2058 = CARTESIAN_POINT ( 'NONE',  ( 7.374945550817605167, -8.000007656915759213, -0.1465393476680154905 ) ) ;
#2059 = EDGE_CURVE ( 'NONE', #5630, #328, #3309, .T. ) ;
#2060 = VERTEX_POINT ( 'NONE', #2186 ) ;
#2061 = EDGE_LOOP ( 'NONE', ( #4029, #6327 ) ) ;
#2062 = VECTOR ( 'NONE', #5474, 1000.000000000000000 ) ;
#2063 = CARTESIAN_POINT ( 'NONE',  ( 55.64999999999984226, -3.530211738076151740, 23.36450609182400839 ) ) ;
#2064 = CARTESIAN_POINT ( 'NONE',  ( 57.54361268841834942, -3.522364407960534294, 23.35091411736001277 ) ) ;
#2065 = AXIS2_PLACEMENT_3D ( 'NONE', #4889, #2109, #6528 ) ;
#2066 = EDGE_LOOP ( 'NONE', ( #6547, #5752, #100, #6170, #4530 ) ) ;
#2067 = ORIENTED_EDGE ( 'NONE', *, *, #3638, .T. ) ;
#2068 = EDGE_CURVE ( 'NONE', #4601, #3248, #2876, .T. ) ;
#2069 = ORIENTED_EDGE ( 'NONE', *, *, #4289, .F. ) ;
#2070 = CARTESIAN_POINT ( 'NONE',  ( 9.364778442467656561, -19.75000000000000355, -22.77902761317088931 ) ) ;
#2071 = PLANE ( 'NONE',  #595 ) ;
#2072 = CARTESIAN_POINT ( 'NONE',  ( 1.020000000025228282, -41.34000000000252584, -11.40000000000473257 ) ) ;
#2073 = AXIS2_PLACEMENT_3D ( 'NONE', #1531, #3706, #5350 ) ;
#2074 = DIRECTION ( 'NONE',  ( -1.000000000000000000, -0.000000000000000000, -0.000000000000000000 ) ) ;
#2075 = ORIENTED_EDGE ( 'NONE', *, *, #3079, .F. ) ;
#2076 = ORIENTED_EDGE ( 'NONE', *, *, #6286, .T. ) ;
#2077 = DIRECTION ( 'NONE',  ( 1.000000000000000000, -3.478120569333522285E-15, -7.346553920761778045E-15 ) ) ;
#2078 = ADVANCED_FACE ( 'NONE', ( #5110 ), #4407, .F. ) ;
#2079 = LINE ( 'NONE', #3095, #5265 ) ;
#2080 = EDGE_LOOP ( 'NONE', ( #4415, #4028, #3762, #4019 ) ) ;
#2081 = EDGE_LOOP ( 'NONE', ( #1036, #1094, #4485, #308 ) ) ;
#2082 = DIRECTION ( 'NONE',  ( 0.000000000000000000, -0.000000000000000000, -1.000000000000000000 ) ) ;
#2083 = DIRECTION ( 'NONE',  ( 7.372619430772707779E-15, 0.000000000000000000, 1.000000000000000000 ) ) ;
#2084 = DIRECTION ( 'NONE',  ( -1.000000000000000000, 0.000000000000000000, 0.000000000000000000 ) ) ;
#2085 =( BOUNDED_CURVE ( )  B_SPLINE_CURVE ( 3, ( #3790, #6115, #2747, #543 ),
 .UNSPECIFIED., .F., .F. ) 
 B_SPLINE_CURVE_WITH_KNOTS ( ( 4, 4 ),
 ( 3.141592653589793116, 3.211680824838529791 ),
 .UNSPECIFIED. ) 
 CURVE ( )  GEOMETRIC_REPRESENTATION_ITEM ( )  RATIONAL_B_SPLINE_CURVE ( ( 1.000000000000000000, 0.9995906792469796409, 0.9995906792469796409, 1.000000000000000000 ) ) 
 REPRESENTATION_ITEM ( '' )  );
#2086 = ORIENTED_EDGE ( 'NONE', *, *, #3896, .F. ) ;
#2087 = CARTESIAN_POINT ( 'NONE',  ( -2.001000000000298318, -93.73999999999986699, -4.246067948883202085E-15 ) ) ;
#2088 = ORIENTED_EDGE ( 'NONE', *, *, #5567, .F. ) ;
#2089 = CARTESIAN_POINT ( 'NONE',  ( 55.90000000000000568, -67.24999999999998579, -20.24999999999998579 ) ) ;
#2090 = ORIENTED_EDGE ( 'NONE', *, *, #4078, .F. ) ;
#2091 = LINE ( 'NONE', #1013, #6650 ) ;
#2092 = LINE ( 'NONE', #6060, #3268 ) ;
#2093 = LINE ( 'NONE', #3305, #4813 ) ;
#2094 = VECTOR ( 'NONE', #5981, 1000.000000000000000 ) ;
#2095 = DIRECTION ( 'NONE',  ( -7.397540539913467678E-16, 0.000000000000000000, -1.000000000000000000 ) ) ;
#2096 = ORIENTED_EDGE ( 'NONE', *, *, #3004, .F. ) ;
#2097 = ORIENTED_EDGE ( 'NONE', *, *, #6557, .T. ) ;
#2098 = AXIS2_PLACEMENT_3D ( 'NONE', #6345, #5243, #2336 ) ;
#2099 = EDGE_LOOP ( 'NONE', ( #2841, #5384 ) ) ;
#2100 = CARTESIAN_POINT ( 'NONE',  ( 57.89999999999999858, 0.000000000000000000, 6.975000000000000533 ) ) ;
#2101 = VECTOR ( 'NONE', #2439, 1000.000000000000000 ) ;
#2102 = ORIENTED_EDGE ( 'NONE', *, *, #566, .F. ) ;
#2103 = CIRCLE ( 'NONE', #625, 1.149999999999999911 ) ;
#2104 = ORIENTED_EDGE ( 'NONE', *, *, #4586, .F. ) ;
#2105 = FACE_OUTER_BOUND ( 'NONE', #3178, .T. ) ;
#2106 = AXIS2_PLACEMENT_3D ( 'NONE', #886, #6896, #1423 ) ;
#2107 = VERTEX_POINT ( 'NONE', #56 ) ;
#2108 = CARTESIAN_POINT ( 'NONE',  ( 55.66409622614292374, -19.75000000000000355, 19.95473532107411785 ) ) ;
#2109 = DIRECTION ( 'NONE',  ( 0.000000000000000000, -1.000000000000000000, 0.000000000000000000 ) ) ;
#2110 = VECTOR ( 'NONE', #3836, 1000.000000000000000 ) ;
#2111 = DIRECTION ( 'NONE',  ( 0.000000000000000000, -0.000000000000000000, 1.000000000000000000 ) ) ;
#2112 = VECTOR ( 'NONE', #1377, 1000.000000000000000 ) ;
#2113 = AXIS2_PLACEMENT_3D ( 'NONE', #697, #5096, #40 ) ;
#2114 = EDGE_CURVE ( 'NONE', #586, #1424, #1105, .T. ) ;
#2115 = DIRECTION ( 'NONE',  ( -1.000000000000000000, -2.529146437248129668E-15, 2.920409892216848119E-16 ) ) ;
#2116 = ORIENTED_EDGE ( 'NONE', *, *, #4631, .T. ) ;
#2117 = CARTESIAN_POINT ( 'NONE',  ( 50.03522155753238110, -3.192185580821058188, -22.77902761317091063 ) ) ;
#2118 = EDGE_LOOP ( 'NONE', ( #2804, #4443, #6454, #1564, #513, #3602, #2512, #1937, #4045, #5877, #3346, #509 ) ) ;
#2119 = LINE ( 'NONE', #3939, #627 ) ;
#2120 = DIRECTION ( 'NONE',  ( 0.08688894065010092926, 0.000000000000000000, -0.9962180042504267252 ) ) ;
#2121 = VECTOR ( 'NONE', #1574, 1000.000000000000000 ) ;
#2122 = CARTESIAN_POINT ( 'NONE',  ( 1.020000000025333975, -15.02996285716811542, -10.36012183223556882 ) ) ;
#2123 = PRESENTATION_STYLE_ASSIGNMENT (( #4309 ) ) ;
#2124 = DIRECTION ( 'NONE',  ( 0.000000000000000000, -1.000000000000000000, 9.938261105567462796E-17 ) ) ;
#2125 = EDGE_CURVE ( 'NONE', #598, #5416, #3446, .T. ) ;
#2126 = CARTESIAN_POINT ( 'NONE',  ( 63.64999999999998437, -93.74000000000003752, 1.434263305606634939E-14 ) ) ;
#2127 = AXIS2_PLACEMENT_3D ( 'NONE', #3902, #5467, #4493 ) ;
#2128 = ORIENTED_EDGE ( 'NONE', *, *, #871, .T. ) ;
#2129 = CARTESIAN_POINT ( 'NONE',  ( -2.000000000000001776, -49.63999999999779789, -3.749999999994893862 ) ) ;
#2130 = ORIENTED_EDGE ( 'NONE', *, *, #3586, .T. ) ;
#2131 = DIRECTION ( 'NONE',  ( -1.000000000000000000, -0.000000000000000000, -0.000000000000000000 ) ) ;
#2132 = ORIENTED_EDGE ( 'NONE', *, *, #6161, .T. ) ;
#2133 = EDGE_LOOP ( 'NONE', ( #4615, #6250, #7009, #1488, #642, #3136 ) ) ;
#2134 = AXIS2_PLACEMENT_3D ( 'NONE', #3427, #6649, #63 ) ;
#2135 = DIRECTION ( 'NONE',  ( 0.000000000000000000, -3.832900158126042473E-16, 1.000000000000000000 ) ) ;
#2136 = CIRCLE ( 'NONE', #6885, 11.05841992757138392 ) ;
#2137 = ORIENTED_EDGE ( 'NONE', *, *, #2446, .F. ) ;
#2138 = VERTEX_POINT ( 'NONE', #6561 ) ;
#2139 = CARTESIAN_POINT ( 'NONE',  ( 3.499999999999996447, -23.25000000000000355, 12.55999940691883054 ) ) ;
#2140 = DIRECTION ( 'NONE',  ( -0.000000000000000000, 1.000000000000000000, -0.000000000000000000 ) ) ;
#2141 = CIRCLE ( 'NONE', #4824, 14.80283886912690505 ) ;
#2142 = ORIENTED_EDGE ( 'NONE', *, *, #7024, .F. ) ;
#2143 = CARTESIAN_POINT ( 'NONE',  ( 8.500000000000003553, 7.920503456220443717, 1.125000000000000444 ) ) ;
#2144 = ORIENTED_EDGE ( 'NONE', *, *, #5806, .F. ) ;
#2145 = EDGE_LOOP ( 'NONE', ( #2858, #439, #6856, #2310, #6530, #6638 ) ) ;
#2146 = ORIENTED_EDGE ( 'NONE', *, *, #6716, .T. ) ;
#2147 = VERTEX_POINT ( 'NONE', #1603 ) ;
#2148 = CARTESIAN_POINT ( 'NONE',  ( 50.03522155753238110, -3.192185580821058188, -22.77902761317091063 ) ) ;
#2149 = EDGE_CURVE ( 'NONE', #5180, #746, #3123, .T. ) ;
#2150 = ORIENTED_EDGE ( 'NONE', *, *, #2254, .T. ) ;
#2151 = LINE ( 'NONE', #4370, #3565 ) ;
#2152 = EDGE_LOOP ( 'NONE', ( #82, #6691 ) ) ;
#2153 = CARTESIAN_POINT ( 'NONE',  ( 1.020000000025493625, -15.40014665451483111, 11.35139346683484973 ) ) ;
#2154 = CARTESIAN_POINT ( 'NONE',  ( -0.2500000000000515143, -88.21000000000015007, -17.69999999999998508 ) ) ;
#2155 = DIRECTION ( 'NONE',  ( 0.000000000000000000, 0.000000000000000000, -1.000000000000000000 ) ) ;
#2156 = ORIENTED_EDGE ( 'NONE', *, *, #2977, .F. ) ;
#2157 = CARTESIAN_POINT ( 'NONE',  ( -2.000000000000000000, -41.34000000000251163, -10.25000000000471445 ) ) ;
#2158 = ORIENTED_EDGE ( 'NONE', *, *, #3683, .T. ) ;
#2159 = DIRECTION ( 'NONE',  ( 0.000000000000000000, -1.000000000000000000, 0.000000000000000000 ) ) ;
#2160 = EDGE_LOOP ( 'NONE', ( #7019, #5029 ) ) ;
#2161 = CARTESIAN_POINT ( 'NONE',  ( 3.500000000000000000, 0.000000000000000000, 0.000000000000000000 ) ) ;
#2162 = FACE_OUTER_BOUND ( 'NONE', #5531, .T. ) ;
#2163 = DIRECTION ( 'NONE',  ( -1.000000000000000000, 0.000000000000000000, -2.887412898249059112E-16 ) ) ;
#2164 = ORIENTED_EDGE ( 'NONE', *, *, #3757, .T. ) ;
#2165 = CARTESIAN_POINT ( 'NONE',  ( 34.51999872291127502, -23.25000000000000355, 12.55999940691883410 ) ) ;
#2166 = CARTESIAN_POINT ( 'NONE',  ( 7.404259453380534595, 4.091696588561456238, -0.2950002735704883583 ) ) ;
#2167 = VERTEX_POINT ( 'NONE', #643 ) ;
#2168 = CARTESIAN_POINT ( 'NONE',  ( 1.020000000025327092, -16.89000000000253010, -10.25000000000473399 ) ) ;
#2169 = VERTEX_POINT ( 'NONE', #676 ) ;
#2170 = CARTESIAN_POINT ( 'NONE',  ( 9.110854841707393348, -67.24999999999998579, -26.52902590443857633 ) ) ;
#2171 = CARTESIAN_POINT ( 'NONE',  ( 3.828562801722851017, -67.24999999999998579, -20.10607116466636768 ) ) ;
#2172 = EDGE_LOOP ( 'NONE', ( #404, #5694, #3325, #4924 ) ) ;
#2173 = EDGE_CURVE ( 'NONE', #4879, #3459, #2845, .T. ) ;
#2174 = DIRECTION ( 'NONE',  ( -0.000000000000000000, 1.000000000000000000, 4.127223139870470387E-16 ) ) ;
#2175 = CIRCLE ( 'NONE', #1136, 2.250000000000000000 ) ;
#2176 = CARTESIAN_POINT ( 'NONE',  ( -0.2500000000001112443, -52.95499999999956486, 52.95500000000014040 ) ) ;
#2177 = LINE ( 'NONE', #2518, #4587 ) ;
#2178 = FACE_OUTER_BOUND ( 'NONE', #6495, .T. ) ;
#2179 = EDGE_CURVE ( 'NONE', #6833, #2107, #4518, .T. ) ;
#2180 = ORIENTED_EDGE ( 'NONE', *, *, #5340, .T. ) ;
#2181 = VERTEX_POINT ( 'NONE', #2148 ) ;
#2182 = EDGE_CURVE ( 'NONE', #6440, #5027, #1060, .T. ) ;
#2183 = EDGE_CURVE ( 'NONE', #4052, #2944, #4041, .T. ) ;
#2184 = ORIENTED_EDGE ( 'NONE', *, *, #6876, .F. ) ;
#2185 = ORIENTED_EDGE ( 'NONE', *, *, #2287, .T. ) ;
#2186 = CARTESIAN_POINT ( 'NONE',  ( 57.39999999999999858, -43.02999999999998693, -16.74999999999998579 ) ) ;
#2187 = EDGE_CURVE ( 'NONE', #1970, #4259, #3489, .T. ) ;
#2188 = LINE ( 'NONE', #5616, #5102 ) ;
#2189 = ORIENTED_EDGE ( 'NONE', *, *, #197, .T. ) ;
#2190 = LINE ( 'NONE', #6567, #6618 ) ;
#2191 = DIRECTION ( 'NONE',  ( -1.000000000000000000, -0.000000000000000000, -0.000000000000000000 ) ) ;
#2192 = LINE ( 'NONE', #1146, #2495 ) ;
#2193 = LINE ( 'NONE', #2778, #177 ) ;
#2194 = VECTOR ( 'NONE', #6842, 1000.000000000000000 ) ;
#2195 = DIRECTION ( 'NONE',  ( 1.802143912355449343E-15, -1.000000000000000000, 0.000000000000000000 ) ) ;
#2196 = DIRECTION ( 'NONE',  ( 0.000000000000000000, 0.000000000000000000, -1.000000000000000000 ) ) ;
#2197 = PLANE ( 'NONE',  #2364 ) ;
#2198 = ORIENTED_EDGE ( 'NONE', *, *, #427, .F. ) ;
#2199 = DIRECTION ( 'NONE',  ( -1.000000000000000000, -0.000000000000000000, -0.000000000000000000 ) ) ;
#2200 = AXIS2_PLACEMENT_3D ( 'NONE', #137, #6042, #2350 ) ;
#2201 = ORIENTED_EDGE ( 'NONE', *, *, #2260, .F. ) ;
#2202 = CARTESIAN_POINT ( 'NONE',  ( 1.020000000025375719, -15.40014665451483111, 11.35139346683484973 ) ) ;
#2203 = CARTESIAN_POINT ( 'NONE',  ( 5.000000000000000000, 0.000000000000000000, 0.000000000000000000 ) ) ;
#2204 = CARTESIAN_POINT ( 'NONE',  ( 55.89999999999999858, 0.000000000000000000, -17.24999999999999645 ) ) ;
#2205 = VERTEX_POINT ( 'NONE', #4630 ) ;
#2206 = DIRECTION ( 'NONE',  ( 0.000000000000000000, 0.000000000000000000, 1.000000000000000000 ) ) ;
#2207 = ORIENTED_EDGE ( 'NONE', *, *, #2183, .T. ) ;
#2208 = VECTOR ( 'NONE', #5424, 1000.000000000000114 ) ;
#2209 = DIRECTION ( 'NONE',  ( -1.000000000000000000, -0.000000000000000000, -0.000000000000000000 ) ) ;
#2210 = ORIENTED_EDGE ( 'NONE', *, *, #3801, .T. ) ;
#2211 = FACE_BOUND ( 'NONE', #1933, .T. ) ;
#2212 = DIRECTION ( 'NONE',  ( 2.920409892216846640E-16, 5.295414454691777803E-17, 1.000000000000000000 ) ) ;
#2213 = CYLINDRICAL_SURFACE ( 'NONE', #651, 1.125000000000000444 ) ;
#2214 = ADVANCED_FACE ( 'NONE', ( #4074 ), #6239, .F. ) ;
#2215 = ORIENTED_EDGE ( 'NONE', *, *, #4586, .T. ) ;
#2216 = CARTESIAN_POINT ( 'NONE',  ( 3.750122000036008707, -1.595918493968401020, -20.01421191629215457 ) ) ;
#2217 = ORIENTED_EDGE ( 'NONE', *, *, #3332, .T. ) ;
#2218 = ORIENTED_EDGE ( 'NONE', *, *, #6558, .T. ) ;
#2219 = ORIENTED_EDGE ( 'NONE', *, *, #4602, .F. ) ;
#2220 = CARTESIAN_POINT ( 'NONE',  ( 55.64999999999984936, -67.25000000000000000, 19.99810033107161189 ) ) ;
#2221 = EDGE_CURVE ( 'NONE', #2060, #4895, #194, .T. ) ;
#2222 = DIRECTION ( 'NONE',  ( 1.000000000000000000, 0.000000000000000000, 0.000000000000000000 ) ) ;
#2223 = AXIS2_PLACEMENT_3D ( 'NONE', #1124, #3289, #2715 ) ;
#2224 = ORIENTED_EDGE ( 'NONE', *, *, #1249, .T. ) ;
#2225 = CARTESIAN_POINT ( 'NONE',  ( 40.07000000001264794, -23.25000000000000711, 0.000000000000000000 ) ) ;
#2226 = VECTOR ( 'NONE', #3271, 1000.000000000000000 ) ;
#2227 = CARTESIAN_POINT ( 'NONE',  ( 55.89999999999999858, 0.000000000000000000, 0.000000000000000000 ) ) ;
#2228 = CARTESIAN_POINT ( 'NONE',  ( -0.8000000000000020428, -15.77875288874589899, -11.66180175579101252 ) ) ;
#2229 = AXIS2_PLACEMENT_3D ( 'NONE', #3344, #3306, #1167 ) ;
#2230 = LINE ( 'NONE', #6652, #1328 ) ;
#2231 = AXIS2_PLACEMENT_3D ( 'NONE', #3596, #4153, #4702 ) ;
#2232 = DIRECTION ( 'NONE',  ( 0.000000000000000000, 0.000000000000000000, -1.000000000000000000 ) ) ;
#2233 = ORIENTED_EDGE ( 'NONE', *, *, #2182, .F. ) ;
#2234 = CARTESIAN_POINT ( 'NONE',  ( 59.40100000000001046, -32.25000000000000000, 10.75000000000000178 ) ) ;
#2235 = FACE_OUTER_BOUND ( 'NONE', #3560, .T. ) ;
#2236 = AXIS2_PLACEMENT_3D ( 'NONE', #3025, #1304, #1269 ) ;
#2237 = FACE_OUTER_BOUND ( 'NONE', #6482, .T. ) ;
#2238 = ORIENTED_EDGE ( 'NONE', *, *, #5099, .T. ) ;
#2239 = AXIS2_PLACEMENT_3D ( 'NONE', #2869, #3999, #3449 ) ;
#2240 = FACE_OUTER_BOUND ( 'NONE', #3026, .T. ) ;
#2241 = CARTESIAN_POINT ( 'NONE',  ( 9.595272959804372448, -4.091580475818607177, 0.2959179430020344448 ) ) ;
#2242 = CARTESIAN_POINT ( 'NONE',  ( -0.2500000000000877631, -72.03553390593276617, 20.25000000000001421 ) ) ;
#2243 = EDGE_LOOP ( 'NONE', ( #1510, #4431, #6655, #1939 ) ) ;
#2244 = CARTESIAN_POINT ( 'NONE',  ( 56.87417076477054678, -3.769358049814248712, 23.77871965419709710 ) ) ;
#2245 = AXIS2_PLACEMENT_3D ( 'NONE', #4059, #209, #1401 ) ;
#2246 = DIRECTION ( 'NONE',  ( 0.000000000000000000, 0.000000000000000000, -1.000000000000000000 ) ) ;
#2247 = ORIENTED_EDGE ( 'NONE', *, *, #226, .F. ) ;
#2248 = ORIENTED_EDGE ( 'NONE', *, *, #4509, .T. ) ;
#2249 = CARTESIAN_POINT ( 'NONE',  ( 3.735903773857076615, -1.561579665708801024, 19.95473532107411785 ) ) ;
#2250 = VECTOR ( 'NONE', #1147, 1000.000000000000000 ) ;
#2251 = EDGE_LOOP ( 'NONE', ( #3950, #838, #5088, #5039, #2076, #4301, #3272, #4020, #1595 ) ) ;
#2252 = DIRECTION ( 'NONE',  ( 0.000000000000000000, -1.902368341696333078E-08, 0.9999999999999997780 ) ) ;
#2253 = CARTESIAN_POINT ( 'NONE',  ( 58.07987271612044822, -67.25000000000000000, 22.88608840329827032 ) ) ;
#2254 = EDGE_CURVE ( 'NONE', #5589, #6093, #1773, .T. ) ;
#2255 = DIRECTION ( 'NONE',  ( -1.000000000000000000, 0.000000000000000000, 0.000000000000000000 ) ) ;
#2256 = AXIS2_PLACEMENT_3D ( 'NONE', #2799, #5023, #6166 ) ;
#2257 = EDGE_LOOP ( 'NONE', ( #815, #4932, #1272, #4005, #5399, #865, #3483, #7028, #3595 ) ) ;
#2258 = ORIENTED_EDGE ( 'NONE', *, *, #2477, .T. ) ;
#2259 = ORIENTED_EDGE ( 'NONE', *, *, #4613, .F. ) ;
#2260 = EDGE_CURVE ( 'NONE', #6566, #6474, #4147, .T. ) ;
#2261 = CARTESIAN_POINT ( 'NONE',  ( 8.352718646297340399, -3.942635539838803105, -1.125000000000000666 ) ) ;
#2262 = EDGE_CURVE ( 'NONE', #1402, #6760, #6818, .T. ) ;
#2263 = CIRCLE ( 'NONE', #6307, 4.099999999999999645 ) ;
#2264 = FACE_OUTER_BOUND ( 'NONE', #2596, .T. ) ;
#2265 = ORIENTED_EDGE ( 'NONE', *, *, #4228, .F. ) ;
#2266 = LINE ( 'NONE', #4491, #4907 ) ;
#2267 = AXIS2_PLACEMENT_3D ( 'NONE', #5924, #3154, #5346 ) ;
#2268 = VECTOR ( 'NONE', #5092, 1000.000000000000000 ) ;
#2269 = EDGE_CURVE ( 'NONE', #6583, #4412, #1321, .T. ) ;
#2270 = ADVANCED_FACE ( 'NONE', ( #3002 ), #3492, .F. ) ;
#2271 = DIRECTION ( 'NONE',  ( -0.000000000000000000, 1.000000000000000000, -0.000000000000000000 ) ) ;
#2272 = DIRECTION ( 'NONE',  ( -0.000000000000000000, 1.000000000000000000, -0.000000000000000000 ) ) ;
#2273 = DIRECTION ( 'NONE',  ( 0.000000000000000000, 0.000000000000000000, 1.000000000000000000 ) ) ;
#2274 = DIRECTION ( 'NONE',  ( 0.000000000000000000, 0.000000000000000000, -1.000000000000000000 ) ) ;
#2275 = DIRECTION ( 'NONE',  ( 0.08688894065010013823, 0.000000000000000000, 0.9962180042504268362 ) ) ;
#2276 = CARTESIAN_POINT ( 'NONE',  ( 1.020000000025335529, -16.89000000000253010, -9.100000000004733636 ) ) ;
#2277 = ADVANCED_FACE ( 'NONE', ( #4696 ), #6756, .F. ) ;
#2278 = EDGE_CURVE ( 'NONE', #2795, #5589, #4006, .T. ) ;
#2279 = AXIS2_PLACEMENT_3D ( 'NONE', #5849, #6950, #5310 ) ;
#2280 = VERTEX_POINT ( 'NONE', #260 ) ;
#2281 = CARTESIAN_POINT ( 'NONE',  ( -0.8000000000000020428, -15.10684851965067033, 10.84365261617258014 ) ) ;
#2282 = CARTESIAN_POINT ( 'NONE',  ( -6.583333333333327708, -17.58333333333334281, 9.166666666666655416 ) ) ;
#2283 = FACE_OUTER_BOUND ( 'NONE', #449, .T. ) ;
#2284 = CARTESIAN_POINT ( 'NONE',  ( 38.41413931812409999, -41.34000000000252584, -10.25000000000473399 ) ) ;
#2285 = ORIENTED_EDGE ( 'NONE', *, *, #2040, .T. ) ;
#2286 = VERTEX_POINT ( 'NONE', #225 ) ;
#2287 = EDGE_CURVE ( 'NONE', #6230, #2687, #3456, .T. ) ;
#2288 = ORIENTED_EDGE ( 'NONE', *, *, #2376, .F. ) ;
#2289 = FACE_OUTER_BOUND ( 'NONE', #5697, .T. ) ;
#2290 = LINE ( 'NONE', #594, #4918 ) ;
#2291 = VERTEX_POINT ( 'NONE', #2474 ) ;
#2292 = DIRECTION ( 'NONE',  ( 0.000000000000000000, -0.9999999999991975308, 1.266880634428716140E-06 ) ) ;
#2293 = LINE ( 'NONE', #1789, #2351 ) ;
#2294 =( BOUNDED_CURVE ( )  B_SPLINE_CURVE ( 3, ( #1924, #3067, #5305, #1311 ),
 .UNSPECIFIED., .F., .F. ) 
 B_SPLINE_CURVE_WITH_KNOTS ( ( 4, 4 ),
 ( 1.660698431136858000, 2.409453388187861478 ),
 .UNSPECIFIED. ) 
 CURVE ( )  GEOMETRIC_REPRESENTATION_ITEM ( )  RATIONAL_B_SPLINE_CURVE ( ( 1.000000000000000000, 0.9538236360741795261, 0.9538236360741795261, 1.000000000000000000 ) ) 
 REPRESENTATION_ITEM ( '' )  );
#2295 = ORIENTED_EDGE ( 'NONE', *, *, #925, .F. ) ;
#2296 = ORIENTED_EDGE ( 'NONE', *, *, #3328, .T. ) ;
#2297 = AXIS2_PLACEMENT_3D ( 'NONE', #3168, #4825, #2159 ) ;
#2298 = ORIENTED_EDGE ( 'NONE', *, *, #812, .F. ) ;
#2299 = DIRECTION ( 'NONE',  ( 0.000000000000000000, -1.000000000000000000, 0.000000000000000000 ) ) ;
#2300 = CARTESIAN_POINT ( 'NONE',  ( 48.18473398121713558, -67.25000000000000000, 11.87653491542464046 ) ) ;
#2301 = EDGE_CURVE ( 'NONE', #5397, #5010, #707, .T. ) ;
#2302 = ORIENTED_EDGE ( 'NONE', *, *, #4627, .F. ) ;
#2303 = DIRECTION ( 'NONE',  ( 0.000000000000000000, 0.000000000000000000, 1.000000000000000000 ) ) ;
#2304 = ORIENTED_EDGE ( 'NONE', *, *, #4467, .F. ) ;
#2305 = DIRECTION ( 'NONE',  ( -1.000000000000000000, -0.000000000000000000, -0.000000000000000000 ) ) ;
#2306 = ORIENTED_EDGE ( 'NONE', *, *, #6270, .F. ) ;
#2307 = CARTESIAN_POINT ( 'NONE',  ( 40.07000000001264794, -23.25000000000000711, -23.87063664370450766 ) ) ;
#2308 = CARTESIAN_POINT ( 'NONE',  ( 3.500000000000000000, 9.797174393178825657E-16, -8.000000000000000000 ) ) ;
#2309 = ADVANCED_FACE ( 'NONE', ( #841 ), #5675, .F. ) ;
#2310 = ORIENTED_EDGE ( 'NONE', *, *, #6997, .T. ) ;
#2311 = EDGE_LOOP ( 'NONE', ( #914, #2950, #6722, #6366 ) ) ;
#2312 = CARTESIAN_POINT ( 'NONE',  ( -0.2500000000000557332, -85.66000000000012449, -20.24999999999998579 ) ) ;
#2313 = VERTEX_POINT ( 'NONE', #5179 ) ;
#2314 = CARTESIAN_POINT ( 'NONE',  ( 55.90000000000000568, -67.25000000000000000, 17.25000000000001421 ) ) ;
#2315 = ORIENTED_EDGE ( 'NONE', *, *, #3731, .F. ) ;
#2316 = CARTESIAN_POINT ( 'NONE',  ( 40.64999999999985647, -4.061408190761540915, 24.28456533667549166 ) ) ;
#2317 = DIRECTION ( 'NONE',  ( 0.000000000000000000, 0.000000000000000000, -1.000000000000000000 ) ) ;
#2318 = AXIS2_PLACEMENT_3D ( 'NONE', #4270, #503, #2163 ) ;
#2319 = DIRECTION ( 'NONE',  ( -0.5773502691896257311, -0.5773502691896257311, -0.5773502691896258421 ) ) ;
#2320 = VERTEX_POINT ( 'NONE', #5742 ) ;
#2321 = CARTESIAN_POINT ( 'NONE',  ( 34.51999872291127502, -23.25000000000000355, 12.55999940691883410 ) ) ;
#2322 = DIRECTION ( 'NONE',  ( -1.000000000000000000, -0.000000000000000000, -0.000000000000000000 ) ) ;
#2323 = ADVANCED_FACE ( 'NONE', ( #777 ), #2969, .T. ) ;
#2324 = CARTESIAN_POINT ( 'NONE',  ( 22.80777660867280332, -6.206515393788429868, 28.00000000000002487 ) ) ;
#2325 = AXIS2_PLACEMENT_3D ( 'NONE', #5875, #3323, #1730 ) ;
#2326 = ORIENTED_EDGE ( 'NONE', *, *, #6600, .T. ) ;
#2327 = EDGE_CURVE ( 'NONE', #2780, #6533, #3557, .T. ) ;
#2328 = DIRECTION ( 'NONE',  ( 1.000000000000000000, -0.000000000000000000, -0.000000000000000000 ) ) ;
#2329 = VERTEX_POINT ( 'NONE', #3663 ) ;
#2330 = ORIENTED_EDGE ( 'NONE', *, *, #2756, .F. ) ;
#2331 = CARTESIAN_POINT ( 'NONE',  ( 3.500000000000000000, -23.25000000000000355, 17.24999999999999645 ) ) ;
#2332 = CARTESIAN_POINT ( 'NONE',  ( 53.37458773797602873, -16.71712313639179470, 46.20490662861620024 ) ) ;
#2333 = DIRECTION ( 'NONE',  ( -1.000000000000000000, -0.000000000000000000, -0.000000000000000000 ) ) ;
#2334 = ORIENTED_EDGE ( 'NONE', *, *, #4858, .T. ) ;
#2335 = EDGE_LOOP ( 'NONE', ( #2903, #6350, #3441, #3071 ) ) ;
#2336 = DIRECTION ( 'NONE',  ( 0.000000000000000000, 0.000000000000000000, 1.000000000000000000 ) ) ;
#2337 = ORIENTED_EDGE ( 'NONE', *, *, #6970, .F. ) ;
#2338 = ORIENTED_EDGE ( 'NONE', *, *, #5251, .F. ) ;
#2339 = CARTESIAN_POINT ( 'NONE',  ( 29.69999999999999929, -19.75000000000000355, -116.8280647581438103 ) ) ;
#2340 = DIRECTION ( 'NONE',  ( 0.000000000000000000, 0.000000000000000000, 1.000000000000000000 ) ) ;
#2341 = FACE_OUTER_BOUND ( 'NONE', #5845, .T. ) ;
#2342 = VECTOR ( 'NONE', #695, 1000.000000000000000 ) ;
#2343 = CARTESIAN_POINT ( 'NONE',  ( 4.014652893356916330, -67.24999999999998579, -19.88809872202713791 ) ) ;
#2344 = EDGE_CURVE ( 'NONE', #3570, #3523, #4977, .T. ) ;
#2345 = ORIENTED_EDGE ( 'NONE', *, *, #5293, .T. ) ;
#2346 = DIRECTION ( 'NONE',  ( 1.000000000000000000, -0.000000000000000000, -0.000000000000000000 ) ) ;
#2347 = VECTOR ( 'NONE', #2892, 1000.000000000000000 ) ;
#2348 = ORIENTED_EDGE ( 'NONE', *, *, #3179, .F. ) ;
#2349 = DIRECTION ( 'NONE',  ( 0.000000000000000000, 0.000000000000000000, -1.000000000000000000 ) ) ;
#2350 = DIRECTION ( 'NONE',  ( 1.954618001100629151E-15, -1.000000000000000000, 0.000000000000000000 ) ) ;
#2351 = VECTOR ( 'NONE', #5139, 1000.000000000000000 ) ;
#2352 = PLANE ( 'NONE',  #2853 ) ;
#2353 = EDGE_CURVE ( 'NONE', #3927, #5247, #2847, .T. ) ;
#2354 = CARTESIAN_POINT ( 'NONE',  ( 57.89999999999999858, 8.125000000000000000, 0.000000000000000000 ) ) ;
#2355 = DIRECTION ( 'NONE',  ( 0.000000000000000000, 0.4999999999999947264, -0.8660254037844417052 ) ) ;
#2356 = ORIENTED_EDGE ( 'NONE', *, *, #6049, .F. ) ;
#2357 = DIRECTION ( 'NONE',  ( 0.000000000000000000, 0.000000000000000000, -1.000000000000000000 ) ) ;
#2358 = VECTOR ( 'NONE', #962, 1000.000000000000227 ) ;
#2359 = CARTESIAN_POINT ( 'NONE',  ( 3.500000000000000000, -19.75000000000000355, -12.55999904183487637 ) ) ;
#2360 = VECTOR ( 'NONE', #2974, 1000.000000000000000 ) ;
#2361 = ORIENTED_EDGE ( 'NONE', *, *, #2662, .F. ) ;
#2362 = CARTESIAN_POINT ( 'NONE',  ( -2.000000000000000000, -13.00000000000001421, 0.000000000000000000 ) ) ;
#2363 = EDGE_CURVE ( 'NONE', #3375, #6889, #3073, .T. ) ;
#2364 = AXIS2_PLACEMENT_3D ( 'NONE', #2314, #6007, #6152 ) ;
#2365 = VECTOR ( 'NONE', #5378, 1000.000000000000000 ) ;
#2366 = ORIENTED_EDGE ( 'NONE', *, *, #5107, .F. ) ;
#2367 = CARTESIAN_POINT ( 'NONE',  ( 57.39999999999999858, -43.02999999999998693, 18.24999999999999289 ) ) ;
#2368 = VECTOR ( 'NONE', #6303, 1000.000000000000114 ) ;
#2369 = EDGE_CURVE ( 'NONE', #1366, #5889, #5803, .T. ) ;
#2370 = PLANE ( 'NONE',  #6958 ) ;
#2371 = ORIENTED_EDGE ( 'NONE', *, *, #4013, .F. ) ;
#2372 = AXIS2_PLACEMENT_3D ( 'NONE', #5758, #281, #4716 ) ;
#2373 = FACE_OUTER_BOUND ( 'NONE', #4743, .T. ) ;
#2374 = ADVANCED_FACE ( 'NONE', ( #3107 ), #6987, .T. ) ;
#2375 = CARTESIAN_POINT ( 'NONE',  ( 55.64999999999984936, 2.000000000000000444, 18.25000000000001066 ) ) ;
#2376 = EDGE_CURVE ( 'NONE', #921, #4223, #1584, .T. ) ;
#2377 = VECTOR ( 'NONE', #3935, 1000.000000000000000 ) ;
#2378 = VECTOR ( 'NONE', #1842, 1000.000000000000000 ) ;
#2379 = VERTEX_POINT ( 'NONE', #2572 ) ;
#2380 = CARTESIAN_POINT ( 'NONE',  ( -2.001000000000280110, -85.65999999999996817, 20.25000000000000000 ) ) ;
#2381 = ADVANCED_FACE ( 'NONE', ( #6581 ), #3878, .T. ) ;
#2382 = CARTESIAN_POINT ( 'NONE',  ( -0.8000000000000020428, -15.53857461681990415, -11.48982415952375469 ) ) ;
#2383 = VECTOR ( 'NONE', #5566, 1000.000000000000000 ) ;
#2384 = CARTESIAN_POINT ( 'NONE',  ( 0.4822330470335483565, -70.26776695296639730, -20.24999999999998579 ) ) ;
#2385 = CARTESIAN_POINT ( 'NONE',  ( -2.000000000000000000, -13.00000000000001421, -15.75000000000002487 ) ) ;
#2386 = ORIENTED_EDGE ( 'NONE', *, *, #1173, .F. ) ;
#2387 = EDGE_LOOP ( 'NONE', ( #3044, #5297, #2207, #7150, #647, #342, #1568, #7033, #3279 ) ) ;
#2388 = DIRECTION ( 'NONE',  ( -0.000000000000000000, -1.000000000000000000, -0.000000000000000000 ) ) ;
#2389 = CARTESIAN_POINT ( 'NONE',  ( 59.39999999999999858, -43.02999999999998693, -10.24999999999998401 ) ) ;
#2390 = CARTESIAN_POINT ( 'NONE',  ( -2.000000000000000000, -13.00000000000001421, 0.000000000000000000 ) ) ;
#2391 = FACE_OUTER_BOUND ( 'NONE', #2080, .T. ) ;
#2392 = DIRECTION ( 'NONE',  ( 0.000000000000000000, 0.000000000000000000, -1.000000000000000000 ) ) ;
#2393 = DIRECTION ( 'NONE',  ( -0.000000000000000000, 1.000000000000000000, -1.101411730778924924E-16 ) ) ;
#2394 = AXIS2_PLACEMENT_3D ( 'NONE', #7116, #5041, #1823 ) ;
#2395 = ORIENTED_EDGE ( 'NONE', *, *, #670, .T. ) ;
#2396 = LINE ( 'NONE', #6811, #2383 ) ;
#2397 = LINE ( 'NONE', #4174, #745 ) ;
#2398 = CARTESIAN_POINT ( 'NONE',  ( 3.500000000000000000, 0.000000000000000000, 17.24999999999999645 ) ) ;
#2399 = EDGE_CURVE ( 'NONE', #2138, #2205, #548, .T. ) ;
#2400 = CYLINDRICAL_SURFACE ( 'NONE', #4789, 0.2866033983652087613 ) ;
#2401 = EDGE_LOOP ( 'NONE', ( #2361, #4500, #257, #6 ) ) ;
#2402 = CARTESIAN_POINT ( 'NONE',  ( -2.250000000000000444, -49.63999999999779789, -4.999999999994892974 ) ) ;
#2403 = DIRECTION ( 'NONE',  ( -1.000000000000000000, 0.000000000000000000, 0.000000000000000000 ) ) ;
#2404 = ADVANCED_FACE ( 'NONE', ( #4352, #5278 ), #2753, .T. ) ;
#2405 = CIRCLE ( 'NONE', #4255, 141.0803369579429614 ) ;
#2406 = VERTEX_POINT ( 'NONE', #6617 ) ;
#2407 = CARTESIAN_POINT ( 'NONE',  ( 57.26329890894511010, -19.74999999999999645, 23.56857055676451296 ) ) ;
#2408 = ORIENTED_EDGE ( 'NONE', *, *, #768, .T. ) ;
#2409 = CARTESIAN_POINT ( 'NONE',  ( -0.8000000000000020428, -15.02980442205631384, -10.55811656341952265 ) ) ;
#2410 = VECTOR ( 'NONE', #444, 999.9999999999998863 ) ;
#2411 = CARTESIAN_POINT ( 'NONE',  ( 55.89999999999999858, 8.125000000000000000, -1.149999999999999911 ) ) ;
#2413 = ORIENTED_EDGE ( 'NONE', *, *, #966, .F. ) ;
#2412 = CARTESIAN_POINT ( 'NONE',  ( 8.646903511648460494, -7.920503456220441940, -1.125000000000000222 ) ) ;
#2414 = ORIENTED_EDGE ( 'NONE', *, *, #6915, .T. ) ;
#2415 = CARTESIAN_POINT ( 'NONE',  ( 59.65000000000009095, -72.03553390593276617, 20.25000000000001421 ) ) ;
#2416 = ORIENTED_EDGE ( 'NONE', *, *, #3011, .T. ) ;
#2417 = FACE_OUTER_BOUND ( 'NONE', #5537, .T. ) ;
#2418 = CARTESIAN_POINT ( 'NONE',  ( -0.8000000000000020428, -15.61578520055723907, -11.55300437124067159 ) ) ;
#2419 = DIRECTION ( 'NONE',  ( 0.000000000000000000, 0.000000000000000000, 1.000000000000000000 ) ) ;
#2420 = EDGE_LOOP ( 'NONE', ( #3076, #5964, #7035, #6139 ) ) ;
#2421 = DIRECTION ( 'NONE',  ( -1.000000000000000000, 2.583947887447540056E-15, -2.920409892216848119E-16 ) ) ;
#2422 = DIRECTION ( 'NONE',  ( -1.954618001100629151E-15, -1.000000000000000000, 0.000000000000000000 ) ) ;
#2423 = ORIENTED_EDGE ( 'NONE', *, *, #4707, .T. ) ;
#2424 = ORIENTED_EDGE ( 'NONE', *, *, #2800, .T. ) ;
#2425 = EDGE_CURVE ( 'NONE', #6902, #4103, #296, .T. ) ;
#2426 = CARTESIAN_POINT ( 'NONE',  ( -1.750000000000030198, -69.03553390593266670, 3.934868238634695851E-15 ) ) ;
#2427 = CARTESIAN_POINT ( 'NONE',  ( 59.65000000000003411, -85.66000000000011028, -20.24999999999998224 ) ) ;
#2428 = EDGE_LOOP ( 'NONE', ( #614, #2395, #6067, #3962 ) ) ;
#2429 = PLANE ( 'NONE',  #3399 ) ;
#2430 = ADVANCED_FACE ( 'NONE', ( #6951 ), #6374, .F. ) ;
#2431 = LINE ( 'NONE', #736, #6500 ) ;
#2432 = ORIENTED_EDGE ( 'NONE', *, *, #4767, .T. ) ;
#2433 = CARTESIAN_POINT ( 'NONE',  ( 9.624945395939333181, 7.999992321304487675, 0.1473741842894697729 ) ) ;
#2434 = DIRECTION ( 'NONE',  ( -1.000000000000000000, -0.000000000000000000, -0.000000000000000000 ) ) ;
#2435 = EDGE_CURVE ( 'NONE', #5665, #223, #2688, .T. ) ;
#2436 = CARTESIAN_POINT ( 'NONE',  ( 55.89999999999999858, -8.125000000000000000, -1.149999999999999911 ) ) ;
#2437 = AXIS2_PLACEMENT_3D ( 'NONE', #5500, #3264, #1754 ) ;
#2438 = VERTEX_POINT ( 'NONE', #5660 ) ;
#2439 = DIRECTION ( 'NONE',  ( -0.000000000000000000, 1.000000000000000000, 4.127223139870470387E-16 ) ) ;
#2440 = VERTEX_POINT ( 'NONE', #1734 ) ;
#2441 = EDGE_LOOP ( 'NONE', ( #2746, #2423 ) ) ;
#2442 = AXIS2_PLACEMENT_3D ( 'NONE', #2737, #1172, #3963 ) ;
#2443 = CARTESIAN_POINT ( 'NONE',  ( -0.2500000000000557332, -86.64000000000004320, 1.288905185022836530E-14 ) ) ;
#2444 = EDGE_CURVE ( 'NONE', #5027, #1889, #6380, .T. ) ;
#2445 = CARTESIAN_POINT ( 'NONE',  ( 63.15000000000005542, -67.49999999999995737, 20.25000000000001421 ) ) ;
#2446 = EDGE_CURVE ( 'NONE', #4402, #2830, #3947, .T. ) ;
#2447 = LINE ( 'NONE', #713, #4733 ) ;
#2448 = ORIENTED_EDGE ( 'NONE', *, *, #6224, .T. ) ;
#2449 = CARTESIAN_POINT ( 'NONE',  ( 63.65000000000004121, -52.95499999999950802, 52.95500000000021856 ) ) ;
#2450 = EDGE_LOOP ( 'NONE', ( #1026, #4779, #3690, #2448 ) ) ;
#2451 = DIRECTION ( 'NONE',  ( 0.000000000000000000, 0.000000000000000000, -1.000000000000000000 ) ) ;
#2452 = CARTESIAN_POINT ( 'NONE',  ( 59.39999999999999858, 0.000000000000000000, 17.24999999999999645 ) ) ;
#2453 = EDGE_CURVE ( 'NONE', #6512, #939, #2863, .T. ) ;
#2454 = FACE_BOUND ( 'NONE', #1388, .T. ) ;
#2455 = LINE ( 'NONE', #3477, #3454 ) ;
#2456 = VERTEX_POINT ( 'NONE', #4470 ) ;
#2457 = CARTESIAN_POINT ( 'NONE',  ( 9.110854841707393348, -67.25000000000000000, 26.52902590443854791 ) ) ;
#2458 = CIRCLE ( 'NONE', #1983, 7.099999999999995204 ) ;
#2459 = CARTESIAN_POINT ( 'NONE',  ( 57.89999999999999858, -8.125000000000000000, 0.000000000000000000 ) ) ;
#2460 = AXIS2_PLACEMENT_3D ( 'NONE', #823, #1333, #1840 ) ;
#2461 = DIRECTION ( 'NONE',  ( -1.000000000000000000, 0.000000000000000000, 2.887412898249060591E-16 ) ) ;
#2462 = EDGE_CURVE ( 'NONE', #859, #5551, #2890, .T. ) ;
#2463 = DIRECTION ( 'NONE',  ( 0.000000000000000000, 1.000000000000000000, -0.000000000000000000 ) ) ;
#2464 = VECTOR ( 'NONE', #4550, 1000.000000000000000 ) ;
#2465 = ORIENTED_EDGE ( 'NONE', *, *, #1018, .T. ) ;
#2466 = FACE_OUTER_BOUND ( 'NONE', #5140, .T. ) ;
#2467 = CIRCLE ( 'NONE', #6279, 2.500000000000002220 ) ;
#2468 = VERTEX_POINT ( 'NONE', #1156 ) ;
#2469 = CARTESIAN_POINT ( 'NONE',  ( 36.07000000001264794, -67.25000000000000000, 17.24999999999999645 ) ) ;
#2470 = ORIENTED_EDGE ( 'NONE', *, *, #3593, .F. ) ;
#2471 = ORIENTED_EDGE ( 'NONE', *, *, #2752, .T. ) ;
#2472 = AXIS2_PLACEMENT_3D ( 'NONE', #1475, #2669, #1541 ) ;
#2473 = DIRECTION ( 'NONE',  ( 0.000000000000000000, -2.624392550645698593E-16, 1.000000000000000000 ) ) ;
#2474 = CARTESIAN_POINT ( 'NONE',  ( 59.39999999999999858, -56.24999999999998579, 16.74999999999999289 ) ) ;
#2475 = VECTOR ( 'NONE', #701, 1000.000000000000000 ) ;
#2476 = VECTOR ( 'NONE', #1158, 1000.000000000000000 ) ;
#2477 = EDGE_CURVE ( 'NONE', #2456, #1927, #620, .T. ) ;
#2478 = EDGE_LOOP ( 'NONE', ( #3263, #1194, #2097, #5181 ) ) ;
#2479 = PLANE ( 'NONE',  #1642 ) ;
#2480 = CIRCLE ( 'NONE', #1671, 6.500000000000002665 ) ;
#2481 = EDGE_CURVE ( 'NONE', #586, #5932, #1808, .T. ) ;
#2482 = ORIENTED_EDGE ( 'NONE', *, *, #6137, .T. ) ;
#2483 = CYLINDRICAL_SURFACE ( 'NONE', #2697, 11.05841992757138392 ) ;
#2484 = VERTEX_POINT ( 'NONE', #1700 ) ;
#2485 = LINE ( 'NONE', #6213, #4476 ) ;
#2486 = VECTOR ( 'NONE', #4016, 1000.000000000000000 ) ;
#2487 = FACE_BOUND ( 'NONE', #863, .T. ) ;
#2488 = DIRECTION ( 'NONE',  ( -1.000000000000000000, -0.000000000000000000, -0.000000000000000000 ) ) ;
#2489 = ORIENTED_EDGE ( 'NONE', *, *, #6092, .F. ) ;
#2490 = EDGE_CURVE ( 'NONE', #6036, #2830, #5129, .T. ) ;
#2491 = DIRECTION ( 'NONE',  ( 0.000000000000000000, 0.000000000000000000, -1.000000000000000000 ) ) ;
#2492 = ADVANCED_FACE ( 'NONE', ( #3912 ), #139, .F. ) ;
#2493 = ORIENTED_EDGE ( 'NONE', *, *, #304, .F. ) ;
#2494 = CIRCLE ( 'NONE', #6522, 14.80283886912690505 ) ;
#2495 = VECTOR ( 'NONE', #6689, 1000.000000000000000 ) ;
#2496 = PLANE ( 'NONE',  #1280 ) ;
#2497 = CARTESIAN_POINT ( 'NONE',  ( -0.8000000000000020428, -15.06994931240793179, -10.75478182293883123 ) ) ;
#2498 = DIRECTION ( 'NONE',  ( 7.353719082945160989E-15, 0.000000000000000000, 1.000000000000000000 ) ) ;
#2499 = DIRECTION ( 'NONE',  ( 0.000000000000000000, 1.893684135851524636E-08, 0.9999999999999997780 ) ) ;
#2500 = EDGE_CURVE ( 'NONE', #5416, #598, #934, .T. ) ;
#2501 = CARTESIAN_POINT ( 'NONE',  ( 55.90000000000000568, -67.25000000000000000, 17.25000000000001421 ) ) ;
#2502 = ADVANCED_FACE ( 'NONE', ( #2788 ), #5012, .F. ) ;
#2503 = DIRECTION ( 'NONE',  ( 0.000000000000000000, 0.000000000000000000, 1.000000000000000000 ) ) ;
#2504 = DIRECTION ( 'NONE',  ( -3.478120569334195972E-15, -1.000000000000000000, -9.168304811491035211E-14 ) ) ;
#2505 = DIRECTION ( 'NONE',  ( 0.000000000000000000, 0.000000000000000000, 1.000000000000000000 ) ) ;
#2506 = DIRECTION ( 'NONE',  ( 0.000000000000000000, 0.000000000000000000, -1.000000000000000000 ) ) ;
#2507 = DIRECTION ( 'NONE',  ( 1.000000000000000000, 0.000000000000000000, 1.118454898384986335E-16 ) ) ;
#2508 = ORIENTED_EDGE ( 'NONE', *, *, #1639, .T. ) ;
#2509 = CARTESIAN_POINT ( 'NONE',  ( 8.500000000000003553, 7.920503456220443717, 1.125000000000000444 ) ) ;
#2510 = CARTESIAN_POINT ( 'NONE',  ( 55.90000000000000568, -67.25000000000000000, 17.25000000000001421 ) ) ;
#2511 = DIRECTION ( 'NONE',  ( 1.000000000000000000, 0.000000000000000000, 0.000000000000000000 ) ) ;
#2512 = ORIENTED_EDGE ( 'NONE', *, *, #1340, .T. ) ;
#2513 = ORIENTED_EDGE ( 'NONE', *, *, #768, .F. ) ;
#2514 = ORIENTED_EDGE ( 'NONE', *, *, #6246, .T. ) ;
#2515 = DIRECTION ( 'NONE',  ( -0.000000000000000000, -9.938261105567462796E-17, -1.000000000000000000 ) ) ;
#2516 = CARTESIAN_POINT ( 'NONE',  ( -0.8000000000000020428, -15.33122917649601469, -11.28249486240453336 ) ) ;
#2517 = EDGE_CURVE ( 'NONE', #4113, #5255, #4553, .T. ) ;
#2518 = CARTESIAN_POINT ( 'NONE',  ( -2.000000000000000000, -32.25000000000000000, 10.75000000000000178 ) ) ;
#2519 = FACE_BOUND ( 'NONE', #2680, .T. ) ;
#2520 = EDGE_LOOP ( 'NONE', ( #3847, #3665, #3253, #1050 ) ) ;
#2521 = CARTESIAN_POINT ( 'NONE',  ( 3.828562801722851017, -67.25000000000000000, 20.10607116466633926 ) ) ;
#2522 = LINE ( 'NONE', #309, #924 ) ;
#2523 = AXIS2_PLACEMENT_3D ( 'NONE', #4933, #928, #1502 ) ;
#2524 = CARTESIAN_POINT ( 'NONE',  ( 57.39999999999999858, -56.24999999999998579, -16.74999999999998934 ) ) ;
#2525 = ADVANCED_FACE ( 'NONE', ( #6894 ), #3074, .F. ) ;
#2526 = DIRECTION ( 'NONE',  ( 0.5773502691896257311, 0.5773502691896258421, -0.5773502691896258421 ) ) ;
#2527 = ORIENTED_EDGE ( 'NONE', *, *, #197, .F. ) ;
#2528 = DIRECTION ( 'NONE',  ( 0.000000000000000000, 0.000000000000000000, -1.000000000000000000 ) ) ;
#2529 = CARTESIAN_POINT ( 'NONE',  ( -1.750000000000035971, -69.03553390593266670, -20.24999999999998579 ) ) ;
#2530 = DIRECTION ( 'NONE',  ( 0.000000000000000000, -6.025932307130908246E-13, 1.000000000000000000 ) ) ;
#2531 = DIRECTION ( 'NONE',  ( 0.000000000000000000, 0.000000000000000000, -1.000000000000000000 ) ) ;
#2532 = EDGE_CURVE ( 'NONE', #3851, #6796, #3138, .T. ) ;
#2533 = FACE_OUTER_BOUND ( 'NONE', #3733, .T. ) ;
#2534 = LINE ( 'NONE', #2398, #5250 ) ;
#2535 = CARTESIAN_POINT ( 'NONE',  ( 55.57143719827714534, -67.24999999999998579, -20.10607116466637123 ) ) ;
#2536 = ORIENTED_EDGE ( 'NONE', *, *, #1874, .T. ) ;
#2537 = CARTESIAN_POINT ( 'NONE',  ( 1.020000000025236719, -41.34000000000252584, -10.25000000000473399 ) ) ;
#2538 = CARTESIAN_POINT ( 'NONE',  ( 7.517387584570947467, 4.062872763522964448, 0.5671535299315831891 ) ) ;
#2539 = EDGE_CURVE ( 'NONE', #6181, #2468, #5309, .T. ) ;
#2540 = VECTOR ( 'NONE', #251, 1000.000000000000000 ) ;
#2541 = CARTESIAN_POINT ( 'NONE',  ( 9.364778442467656561, -3.192185580821058188, 22.77902761317088220 ) ) ;
#2542 = EDGE_LOOP ( 'NONE', ( #6995, #2514, #6715, #2771 ) ) ;
#2543 = DIRECTION ( 'NONE',  ( 1.000000000000000000, 0.000000000000000000, -0.000000000000000000 ) ) ;
#2544 = VECTOR ( 'NONE', #2661, 1000.000000000000000 ) ;
#2545 = DIRECTION ( 'NONE',  ( 0.000000000000000000, 0.000000000000000000, 1.000000000000000000 ) ) ;
#2546 = EDGE_CURVE ( 'NONE', #6305, #5922, #4732, .T. ) ;
#2547 = DIRECTION ( 'NONE',  ( 0.000000000000000000, 0.000000000000000000, 1.000000000000000000 ) ) ;
#2548 = ORIENTED_EDGE ( 'NONE', *, *, #3904, .T. ) ;
#2549 = DIRECTION ( 'NONE',  ( 0.000000000000000000, -1.000000000000000000, 0.000000000000000000 ) ) ;
#2550 = VECTOR ( 'NONE', #6174, 1000.000000000000000 ) ;
#2551 = CARTESIAN_POINT ( 'NONE',  ( 1.020000000025389486, -41.34000000000252584, 10.24999999999526601 ) ) ;
#2552 = LINE ( 'NONE', #7038, #1549 ) ;
#2553 = DIRECTION ( 'NONE',  ( -1.000000000000000000, -0.000000000000000000, -0.000000000000000000 ) ) ;
#2554 = EDGE_CURVE ( 'NONE', #2641, #4968, #329, .T. ) ;
#2555 = ORIENTED_EDGE ( 'NONE', *, *, #6194, .F. ) ;
#2556 = DIRECTION ( 'NONE',  ( 0.9962180042504268362, -3.586100464499250400E-17, 0.08688894065010013823 ) ) ;
#2557 = ORIENTED_EDGE ( 'NONE', *, *, #93, .T. ) ;
#2558 = CYLINDRICAL_SURFACE ( 'NONE', #5489, 1.000000000000000888 ) ;
#2559 = CARTESIAN_POINT ( 'NONE',  ( 1.020000000025236719, -43.67851681897402472, -9.706479796979284203 ) ) ;
#2560 = EDGE_CURVE ( 'NONE', #5383, #330, #135, .T. ) ;
#2561 = DIRECTION ( 'NONE',  ( 0.000000000000000000, 0.000000000000000000, -1.000000000000000000 ) ) ;
#2562 = LINE ( 'NONE', #5979, #3277 ) ;
#2563 = CARTESIAN_POINT ( 'NONE',  ( 1.020000000025479636, -16.89000000000253010, 10.24999999999526601 ) ) ;
#2564 = AXIS2_PLACEMENT_3D ( 'NONE', #6924, #5627, #297 ) ;
#2565 = ORIENTED_EDGE ( 'NONE', *, *, #5757, .T. ) ;
#2566 = CARTESIAN_POINT ( 'NONE',  ( 9.364778442467656561, -67.25000000000000000, 22.77902761317088220 ) ) ;
#2567 = CIRCLE ( 'NONE', #948, 1.149999999999999911 ) ;
#2568 = ORIENTED_EDGE ( 'NONE', *, *, #5207, .T. ) ;
#2569 = EDGE_CURVE ( 'NONE', #5666, #6834, #1930, .T. ) ;
#2570 = CARTESIAN_POINT ( 'NONE',  ( 8.500000000000003553, 7.920503456220443717, -1.125000000000000444 ) ) ;
#2571 = CIRCLE ( 'NONE', #6172, 1.149999999999998135 ) ;
#2572 = CARTESIAN_POINT ( 'NONE',  ( 39.71917982256599799, -19.74999999999999645, 27.65302181470902099 ) ) ;
#2573 = CARTESIAN_POINT ( 'NONE',  ( 1.020000000025285347, -49.64000000000250878, -4.846123502488786489E-12 ) ) ;
#2574 = AXIS2_PLACEMENT_3D ( 'NONE', #1997, #4735, #331 ) ;
#2575 = DIRECTION ( 'NONE',  ( 0.000000000000000000, 0.000000000000000000, 1.000000000000000000 ) ) ;
#2576 = EDGE_CURVE ( 'NONE', #3222, #1402, #2458, .T. ) ;
#2577 = ORIENTED_EDGE ( 'NONE', *, *, #1461, .F. ) ;
#2578 = EDGE_CURVE ( 'NONE', #334, #5308, #5124, .T. ) ;
#2579 = VECTOR ( 'NONE', #2463, 1000.000000000000000 ) ;
#2580 = DIRECTION ( 'NONE',  ( -1.000000000000000000, -0.000000000000000000, -0.000000000000000000 ) ) ;
#2581 = VECTOR ( 'NONE', #6459, 1000.000000000000000 ) ;
#2582 = CARTESIAN_POINT ( 'NONE',  ( 8.648825392973090942, -7.920503456220445493, 1.125000000000000444 ) ) ;
#2583 = ORIENTED_EDGE ( 'NONE', *, *, #2033, .T. ) ;
#2584 = CARTESIAN_POINT ( 'NONE',  ( -0.8000000000000000444, -43.67851503175263161, -11.35998886195792323 ) ) ;
#2585 = ORIENTED_EDGE ( 'NONE', *, *, #6224, .F. ) ;
#2586 = DIRECTION ( 'NONE',  ( 0.000000000000000000, 0.000000000000000000, 1.000000000000000000 ) ) ;
#2587 = VECTOR ( 'NONE', #375, 1000.000000000000114 ) ;
#2588 = DIRECTION ( 'NONE',  ( -1.000000000000000000, -2.529146437248129668E-15, 2.920409892216848119E-16 ) ) ;
#2589 = CARTESIAN_POINT ( 'NONE',  ( 8.500000000000003553, 3.942635539838801328, 1.125000000000000444 ) ) ;
#2590 = ORIENTED_EDGE ( 'NONE', *, *, #6296, .T. ) ;
#2591 = CARTESIAN_POINT ( 'NONE',  ( 3.735903773857076615, -67.24999999999998579, -19.95473532107414272 ) ) ;
#2592 = ORIENTED_EDGE ( 'NONE', *, *, #4342, .T. ) ;
#2593 = VECTOR ( 'NONE', #5781, 1000.000000000000000 ) ;
#2594 = AXIS2_PLACEMENT_3D ( 'NONE', #6441, #4947, #1052 ) ;
#2595 = DIRECTION ( 'NONE',  ( -0.000000000000000000, 1.000000000000000000, -0.000000000000000000 ) ) ;
#2596 = EDGE_LOOP ( 'NONE', ( #1434, #4425, #4268, #2739 ) ) ;
#2597 = FACE_BOUND ( 'NONE', #204, .T. ) ;
#2598 = EDGE_LOOP ( 'NONE', ( #2128, #5100, #878, #1096 ) ) ;
#2599 = AXIS2_PLACEMENT_3D ( 'NONE', #1783, #2898, #6671 ) ;
#2600 = CYLINDRICAL_SURFACE ( 'NONE', #3873, 2.500000000000002220 ) ;
#2601 =( BOUNDED_CURVE ( )  B_SPLINE_CURVE ( 3, ( #2758, #2244, #7, #5015 ),
 .UNSPECIFIED., .F., .T. ) 
 B_SPLINE_CURVE_WITH_KNOTS ( ( 4, 4 ),
 ( 3.141592653589793116, 3.801823128333889912 ),
 .UNSPECIFIED. ) 
 CURVE ( )  GEOMETRIC_REPRESENTATION_ITEM ( )  RATIONAL_B_SPLINE_CURVE ( ( 1.000000000000000000, 0.9640033302532602377, 0.9640033302532602377, 1.000000000000000000 ) ) 
 REPRESENTATION_ITEM ( '' )  );
#2602 = ORIENTED_EDGE ( 'NONE', *, *, #185, .T. ) ;
#2603 = DIRECTION ( 'NONE',  ( 0.000000000000000000, 0.000000000000000000, 1.000000000000000000 ) ) ;
#2604 = ORIENTED_EDGE ( 'NONE', *, *, #3093, .F. ) ;
#2605 = LINE ( 'NONE', #2535, #3620 ) ;
#2606 = PRODUCT ( 'Thigh-housing-left-v2', 'Thigh-housing-left-v2', '', ( #4600 ) ) ;
#2607 = ORIENTED_EDGE ( 'NONE', *, *, #3579, .F. ) ;
#2608 = CIRCLE ( 'NONE', #2732, 0.4999969713701014618 ) ;
#2609 = VERTEX_POINT ( 'NONE', #2541 ) ;
#2610 = CARTESIAN_POINT ( 'NONE',  ( 38.41413931812409999, -41.34000000000252584, -9.100000000004735412 ) ) ;
#2611 = ORIENTED_EDGE ( 'NONE', *, *, #5819, .T. ) ;
#2612 = CARTESIAN_POINT ( 'NONE',  ( 55.66409622614292374, -1.561579665708799247, 19.95473532107412140 ) ) ;
#2613 = EDGE_CURVE ( 'NONE', #2313, #5412, #1387, .T. ) ;
#2614 = DIRECTION ( 'NONE',  ( -1.568111616702198006E-15, -1.000000000000000000, 0.000000000000000000 ) ) ;
#2615 = ORIENTED_EDGE ( 'NONE', *, *, #592, .T. ) ;
#2616 = VERTEX_POINT ( 'NONE', #3632 ) ;
#2617 = AXIS2_PLACEMENT_3D ( 'NONE', #326, #5772, #6310 ) ;
#2618 = ORIENTED_EDGE ( 'NONE', *, *, #397, .F. ) ;
#2619 = CARTESIAN_POINT ( 'NONE',  ( 69.40000000000000568, -56.24999999999998579, -10.24999999999998757 ) ) ;
#2620 = EDGE_CURVE ( 'NONE', #19, #4557, #3594, .T. ) ;
#2621 = EDGE_CURVE ( 'NONE', #4595, #3679, #1259, .T. ) ;
#2622 = DIRECTION ( 'NONE',  ( 0.000000000000000000, 0.000000000000000000, 1.000000000000000000 ) ) ;
#2623 = ORIENTED_EDGE ( 'NONE', *, *, #2578, .F. ) ;
#2624 = EDGE_LOOP ( 'NONE', ( #5402, #2198, #360, #2493 ) ) ;
#2625 = DIRECTION ( 'NONE',  ( 0.000000000000000000, 9.938261105567462796E-17, 1.000000000000000000 ) ) ;
#2626 = ORIENTED_EDGE ( 'NONE', *, *, #5608, .F. ) ;
#2627 = CARTESIAN_POINT ( 'NONE',  ( 3.500000000000000000, -13.50000000000000000, 13.24999999999999822 ) ) ;
#2628 = CARTESIAN_POINT ( 'NONE',  ( 59.40000000000000568, -67.24999999999998579, -20.25000000000004263 ) ) ;
#2629 = VERTEX_POINT ( 'NONE', #4770 ) ;
#2630 = LINE ( 'NONE', #3747, #3043 ) ;
#2631 = ORIENTED_EDGE ( 'NONE', *, *, #4411, .F. ) ;
#2632 = DIRECTION ( 'NONE',  ( -0.000000000000000000, 1.000000000000000000, 4.127223139870470387E-16 ) ) ;
#2633 = CARTESIAN_POINT ( 'NONE',  ( 57.89999999999999858, 0.000000000000000000, 8.125000000000000000 ) ) ;
#2634 = ORIENTED_EDGE ( 'NONE', *, *, #3119, .T. ) ;
#2635 = AXIS2_PLACEMENT_3D ( 'NONE', #3613, #3542, #827 ) ;
#2636 = DIRECTION ( 'NONE',  ( 0.000000000000000000, 0.000000000000000000, -1.000000000000000000 ) ) ;
#2637 = FILL_AREA_STYLE ('',( #6580 ) ) ;
#2638 = DIRECTION ( 'NONE',  ( 0.000000000000000000, 1.000000000000000000, 5.248785101291397186E-16 ) ) ;
#2639 = EDGE_LOOP ( 'NONE', ( #4908, #1063, #5386, #3553 ) ) ;
#2640 = CARTESIAN_POINT ( 'NONE',  ( 3.500000000000010214, -67.25000000000000000, 20.25000000000001421 ) ) ;
#2641 = VERTEX_POINT ( 'NONE', #6218 ) ;
#2642 = DIRECTION ( 'NONE',  ( 0.000000000000000000, 0.000000000000000000, -1.000000000000000000 ) ) ;
#2643 = ORIENTED_EDGE ( 'NONE', *, *, #5762, .F. ) ;
#2644 = CARTESIAN_POINT ( 'NONE',  ( 3.499999999999996447, -19.75000000000000355, 12.55999940691883054 ) ) ;
#2645 = DIRECTION ( 'NONE',  ( 0.000000000000000000, 0.000000000000000000, 1.000000000000000000 ) ) ;
#2646 = CARTESIAN_POINT ( 'NONE',  ( 3.500000000000000000, -19.75000000000000355, 17.24999999999999645 ) ) ;
#2647 = ORIENTED_EDGE ( 'NONE', *, *, #4042, .F. ) ;
#2648 = ADVANCED_FACE ( 'NONE', ( #5245 ), #2479, .F. ) ;
#2649 = ORIENTED_EDGE ( 'NONE', *, *, #3218, .F. ) ;
#2650 = ORIENTED_EDGE ( 'NONE', *, *, #7029, .F. ) ;
#2651 = VERTEX_POINT ( 'NONE', #2312 ) ;
#2652 = EDGE_CURVE ( 'NONE', #3781, #5980, #4842, .T. ) ;
#2653 = CYLINDRICAL_SURFACE ( 'NONE', #6837, 141.0803369579429614 ) ;
#2654 = ORIENTED_EDGE ( 'NONE', *, *, #268, .F. ) ;
#2655 = ORIENTED_EDGE ( 'NONE', *, *, #6416, .T. ) ;
#2656 = DIRECTION ( 'NONE',  ( -0.000000000000000000, 1.000000000000000000, -0.000000000000000000 ) ) ;
#2657 = VECTOR ( 'NONE', #5518, 1000.000000000000000 ) ;
#2658 = ORIENTED_EDGE ( 'NONE', *, *, #1218, .F. ) ;
#2659 = CARTESIAN_POINT ( 'NONE',  ( -0.8000000000000020428, -15.03977988296545654, 10.55684471750548070 ) ) ;
#2660 = ORIENTED_EDGE ( 'NONE', *, *, #64, .T. ) ;
#2661 = DIRECTION ( 'NONE',  ( 0.000000000000000000, 0.000000000000000000, -1.000000000000000000 ) ) ;
#2662 = EDGE_CURVE ( 'NONE', #702, #4645, #6043, .T. ) ;
#2663 = CARTESIAN_POINT ( 'NONE',  ( 9.625062034440722059, 4.100017021643920678, -0.1470948052677139573 ) ) ;
#2664 = AXIS2_PLACEMENT_3D ( 'NONE', #4926, #5741, #3861 ) ;
#2665 = FACE_OUTER_BOUND ( 'NONE', #1197, .T. ) ;
#2666 = ORIENTED_EDGE ( 'NONE', *, *, #1761, .T. ) ;
#2668 = ORIENTED_EDGE ( 'NONE', *, *, #900, .T. ) ;
#2667 = DIRECTION ( 'NONE',  ( 7.353719082945172033E-15, 0.000000000000000000, 1.000000000000000000 ) ) ;
#2669 = DIRECTION ( 'NONE',  ( 0.000000000000000000, -1.000000000000000000, 0.000000000000000000 ) ) ;
#2670 = EDGE_CURVE ( 'NONE', #7026, #3166, #4083, .T. ) ;
#2671 = FACE_OUTER_BOUND ( 'NONE', #562, .T. ) ;
#2672 = LINE ( 'NONE', #4976, #4826 ) ;
#2673 = CARTESIAN_POINT ( 'NONE',  ( 59.39999999999999858, -35.02999999999998693, -10.24999999999998401 ) ) ;
#2674 = VERTEX_POINT ( 'NONE', #4843 ) ;
#2675 = CARTESIAN_POINT ( 'NONE',  ( 55.89999999999999858, -43.02999999999998693, -10.24999999999998401 ) ) ;
#2676 = EDGE_LOOP ( 'NONE', ( #2482, #4237, #1624, #805 ) ) ;
#2677 = CARTESIAN_POINT ( 'NONE',  ( 1.020000000025471198, -16.89000000000253010, 9.099999999995265654 ) ) ;
#2678 = ORIENTED_EDGE ( 'NONE', *, *, #2800, .F. ) ;
#2679 = LINE ( 'NONE', #4983, #5063 ) ;
#2680 = EDGE_LOOP ( 'NONE', ( #5808, #1001 ) ) ;
#2681 = CARTESIAN_POINT ( 'NONE',  ( 4.014652893356916330, -67.24999999999998579, -19.88809872202713791 ) ) ;
#2682 = DIRECTION ( 'NONE',  ( -1.000000000000000000, 0.000000000000000000, 0.000000000000000000 ) ) ;
#2683 = CIRCLE ( 'NONE', #1207, 17.70000000000000639 ) ;
#2684 = CARTESIAN_POINT ( 'NONE',  ( 7.808795460996308613, 7.949935819123380654, -0.8996476248156048960 ) ) ;
#2685 = ORIENTED_EDGE ( 'NONE', *, *, #5527, .F. ) ;
#2686 = ORIENTED_EDGE ( 'NONE', *, *, #5374, .T. ) ;
#2687 = VERTEX_POINT ( 'NONE', #3258 ) ;
#2688 = CIRCLE ( 'NONE', #4195, 0.2866033983652087613 ) ;
#2689 = ORIENTED_EDGE ( 'NONE', *, *, #2363, .T. ) ;
#2690 = ORIENTED_EDGE ( 'NONE', *, *, #3630, .F. ) ;
#2691 = EDGE_CURVE ( 'NONE', #3459, #3193, #5989, .T. ) ;
#2692 = CARTESIAN_POINT ( 'NONE',  ( 55.64999999999984936, -3.192007780624623869, 22.77871965419709355 ) ) ;
#2693 = VECTOR ( 'NONE', #1260, 1000.000000000000000 ) ;
#2694 = AXIS2_PLACEMENT_3D ( 'NONE', #1380, #2936, #3587 ) ;
#2695 = CARTESIAN_POINT ( 'NONE',  ( 59.40100000000001046, -32.25000000000000000, -10.65111910102082504 ) ) ;
#2696 = ADVANCED_FACE ( 'NONE', ( #4878 ), #5343, .F. ) ;
#2697 = AXIS2_PLACEMENT_3D ( 'NONE', #3635, #5857, #3077 ) ;
#2698 = ORIENTED_EDGE ( 'NONE', *, *, #4548, .T. ) ;
#2699 = CARTESIAN_POINT ( 'NONE',  ( 1.020000000025493625, -16.13517866272587042, 11.82003704497813601 ) ) ;
#2700 = DIRECTION ( 'NONE',  ( -0.000000000000000000, 1.000000000000000000, 2.668805347656626678E-16 ) ) ;
#2701 = VECTOR ( 'NONE', #5908, 1000.000000000000114 ) ;
#2702 = DIRECTION ( 'NONE',  ( -0.000000000000000000, 1.101411730778924924E-16, 1.000000000000000000 ) ) ;
#2703 = CIRCLE ( 'NONE', #3983, 5.000000000000000000 ) ;
#2704 = VECTOR ( 'NONE', #1089, 1000.000000000000000 ) ;
#2705 = DIRECTION ( 'NONE',  ( -1.000000000000000000, 0.000000000000000000, 0.000000000000000000 ) ) ;
#2706 = VERTEX_POINT ( 'NONE', #1563 ) ;
#2707 = DIRECTION ( 'NONE',  ( 0.08688894065010013823, 0.000000000000000000, -0.9962180042504268362 ) ) ;
#2708 = EDGE_CURVE ( 'NONE', #6354, #7109, #1455, .T. ) ;
#2709 = EDGE_CURVE ( 'NONE', #229, #4259, #3770, .T. ) ;
#2710 = PLANE ( 'NONE',  #3147 ) ;
#2711 = CARTESIAN_POINT ( 'NONE',  ( 63.15100000000035863, -93.73999999999986699, -5.626638907415791520E-15 ) ) ;
#2712 = EDGE_CURVE ( 'NONE', #4223, #1484, #1519, .T. ) ;
#2713 = AXIS2_PLACEMENT_3D ( 'NONE', #3651, #4891, #4263 ) ;
#2714 = FACE_BOUND ( 'NONE', #6681, .T. ) ;
#2715 = DIRECTION ( 'NONE',  ( 0.000000000000000000, 0.000000000000000000, 1.000000000000000000 ) ) ;
#2716 = EDGE_LOOP ( 'NONE', ( #1839, #2088, #6672, #974 ) ) ;
#2717 = CARTESIAN_POINT ( 'NONE',  ( 59.39999999999999858, -43.02999999999998693, 10.24999999999999112 ) ) ;
#2718 = VECTOR ( 'NONE', #653, 1000.000000000000000 ) ;
#2719 = EDGE_LOOP ( 'NONE', ( #3788, #1043, #6347, #4156 ) ) ;
#2720 = CARTESIAN_POINT ( 'NONE',  ( -0.2500000000000557332, -86.64000000000004320, 1.288905185022836530E-14 ) ) ;
#2721 = EDGE_CURVE ( 'NONE', #2169, #88, #2733, .T. ) ;
#2722 = EDGE_CURVE ( 'NONE', #542, #2406, #1769, .T. ) ;
#2723 = FACE_OUTER_BOUND ( 'NONE', #6676, .T. ) ;
#2724 = ORIENTED_EDGE ( 'NONE', *, *, #2554, .T. ) ;
#2725 = DIRECTION ( 'NONE',  ( -1.000000000000000000, -0.000000000000000000, -0.000000000000000000 ) ) ;
#2726 = ORIENTED_EDGE ( 'NONE', *, *, #5449, .T. ) ;
#2727 = CARTESIAN_POINT ( 'NONE',  ( 3.735903773857076615, -67.24999999999998579, -19.95473532107414272 ) ) ;
#2728 = FACE_OUTER_BOUND ( 'NONE', #808, .T. ) ;
#2729 = ADVANCED_FACE ( 'NONE', ( #2178 ), #6992, .F. ) ;
#2730 = ORIENTED_EDGE ( 'NONE', *, *, #566, .T. ) ;
#2731 = AXIS2_PLACEMENT_3D ( 'NONE', #6315, #269, #5713 ) ;
#2732 = AXIS2_PLACEMENT_3D ( 'NONE', #7050, #4384, #2083 ) ;
#2733 = LINE ( 'NONE', #913, #5253 ) ;
#2734 = EDGE_CURVE ( 'NONE', #1908, #321, #4250, .T. ) ;
#2735 = VERTEX_POINT ( 'NONE', #3926 ) ;
#2736 = ORIENTED_EDGE ( 'NONE', *, *, #4273, .T. ) ;
#2737 = CARTESIAN_POINT ( 'NONE',  ( -0.8000000000000000444, -20.93691467762551639, 8.242286694052301854 ) ) ;
#2738 = FACE_OUTER_BOUND ( 'NONE', #2145, .T. ) ;
#2739 = ORIENTED_EDGE ( 'NONE', *, *, #6206, .F. ) ;
#2740 = CARTESIAN_POINT ( 'NONE',  ( 1.020000000025493625, -15.22817469490355968, 11.11121065079267289 ) ) ;
#2741 = EDGE_CURVE ( 'NONE', #7066, #3438, #2293, .T. ) ;
#2742 = CARTESIAN_POINT ( 'NONE',  ( 57.89999999999999858, 8.125000000000000000, 2.250000000000000000 ) ) ;
#2743 = DIRECTION ( 'NONE',  ( 1.000000000000000000, -0.000000000000000000, -0.000000000000000000 ) ) ;
#2744 = CARTESIAN_POINT ( 'NONE',  ( 57.89999999999999858, -8.125000000000000000, -2.250000000000000000 ) ) ;
#2745 = DIRECTION ( 'NONE',  ( -1.000000000000000000, -1.802143912355449343E-15, 2.887412898249062070E-16 ) ) ;
#2746 = ORIENTED_EDGE ( 'NONE', *, *, #5073, .T. ) ;
#2747 = CARTESIAN_POINT ( 'NONE',  ( 36.29136739568232883, -3.976076294528934518, 24.13676615689434257 ) ) ;
#2748 = CARTESIAN_POINT ( 'NONE',  ( 29.69999999999999929, -67.25000000000000000, -116.8280647581438103 ) ) ;
#2749 = CARTESIAN_POINT ( 'NONE',  ( 59.39999999999999858, 0.000000000000000000, -10.37500000000000000 ) ) ;
#2750 = VERTEX_POINT ( 'NONE', #5028 ) ;
#2751 = SURFACE_SIDE_STYLE ('',( #3686 ) ) ;
#2752 = EDGE_CURVE ( 'NONE', #2674, #5283, #2902, .T. ) ;
#2753 = CYLINDRICAL_SURFACE ( 'NONE', #5604, 8.000000000000000000 ) ;
#2754 = ADVANCED_FACE ( 'NONE', ( #1100 ), #3416, .F. ) ;
#2755 = CARTESIAN_POINT ( 'NONE',  ( 57.39999999999999858, -56.24999999999998579, -18.24999999999999289 ) ) ;
#2756 = EDGE_CURVE ( 'NONE', #3774, #6399, #3974, .T. ) ;
#2757 = EDGE_LOOP ( 'NONE', ( #1152, #4162, #1636, #5570, #1087, #1024 ) ) ;
#2758 = CARTESIAN_POINT ( 'NONE',  ( 56.64999999999985647, -3.769358049814250489, 23.77871965419709710 ) ) ;
#2759 = CIRCLE ( 'NONE', #2297, 2.500000000000002220 ) ;
#2760 = ORIENTED_EDGE ( 'NONE', *, *, #2878, .T. ) ;
#2761 = CARTESIAN_POINT ( 'NONE',  ( 57.89999999999999858, 8.125000000000000000, 0.000000000000000000 ) ) ;
#2762 = VERTEX_POINT ( 'NONE', #3452 ) ;
#2763 = CARTESIAN_POINT ( 'NONE',  ( 0.000000000000000000, -11.00000000000000000, -15.75000000000002487 ) ) ;
#2764 = EDGE_CURVE ( 'NONE', #6251, #454, #4484, .T. ) ;
#2765 = ORIENTED_EDGE ( 'NONE', *, *, #4269, .T. ) ;
#2766 = CARTESIAN_POINT ( 'NONE',  ( -0.8000000000000000444, -38.88999999619777981, -10.80000000000469740 ) ) ;
#2767 = DIRECTION ( 'NONE',  ( 0.000000000000000000, 0.000000000000000000, -1.000000000000000000 ) ) ;
#2768 = CARTESIAN_POINT ( 'NONE',  ( -3.750000000000063505, -67.49999999999995737, -20.24999999999998579 ) ) ;
#2769 = AXIS2_PLACEMENT_3D ( 'NONE', #821, #3532, #5289 ) ;
#2770 = ORIENTED_EDGE ( 'NONE', *, *, #6176, .F. ) ;
#2771 = ORIENTED_EDGE ( 'NONE', *, *, #2044, .F. ) ;
#2772 = CARTESIAN_POINT ( 'NONE',  ( 55.90000000000000568, -67.24999999999998579, -20.24999999999998579 ) ) ;
#2773 = CARTESIAN_POINT ( 'NONE',  ( -0.2500000000000099920, -105.9100000000001671, 1.800432698551692653E-14 ) ) ;
#2774 = ORIENTED_EDGE ( 'NONE', *, *, #6905, .F. ) ;
#2775 = CARTESIAN_POINT ( 'NONE',  ( 1.020000000025493625, -16.52983831628184319, 11.86003260712139884 ) ) ;
#2776 = CARTESIAN_POINT ( 'NONE',  ( 1.020000000025236719, -43.67851681897402472, -9.706479796979007091 ) ) ;
#2777 = DIRECTION ( 'NONE',  ( 1.000000000000000000, -0.000000000000000000, -0.000000000000000000 ) ) ;
#2778 = CARTESIAN_POINT ( 'NONE',  ( 55.90000000000000568, 0.000000000000000000, 17.25000000000001421 ) ) ;
#2779 = CARTESIAN_POINT ( 'NONE',  ( 3.500000000000000000, -13.50000000000000000, 13.24999999999999822 ) ) ;
#2780 = VERTEX_POINT ( 'NONE', #6205 ) ;
#2781 = LINE ( 'NONE', #6654, #1887 ) ;
#2782 = FACE_BOUND ( 'NONE', #1521, .T. ) ;
#2783 = EDGE_CURVE ( 'NONE', #1889, #5027, #2103, .T. ) ;
#2784 = CARTESIAN_POINT ( 'NONE',  ( 38.41413931812409999, -16.89000000000253010, 10.24999999999526601 ) ) ;
#2785 = ORIENTED_EDGE ( 'NONE', *, *, #1825, .T. ) ;
#2786 = DIRECTION ( 'NONE',  ( 0.000000000000000000, -0.9999999999999998890, -1.902368341696333409E-08 ) ) ;
#2787 = ADVANCED_FACE ( 'NONE', ( #2838 ), #1649, .T. ) ;
#2788 = FACE_OUTER_BOUND ( 'NONE', #1506, .T. ) ;
#2789 = DIRECTION ( 'NONE',  ( 0.000000000000000000, 0.000000000000000000, -1.000000000000000000 ) ) ;
#2790 = DIRECTION ( 'NONE',  ( 0.000000000000000000, 0.000000000000000000, -1.000000000000000000 ) ) ;
#2791 = AXIS2_PLACEMENT_3D ( 'NONE', #2619, #332, #1566 ) ;
#2792 = ORIENTED_EDGE ( 'NONE', *, *, #724, .T. ) ;
#2793 = ADVANCED_FACE ( 'NONE', ( #3891, #6063 ), #3374, .T. ) ;
#2794 = DIRECTION ( 'NONE',  ( 0.000000000000000000, -0.8481145238784923990, -0.5298129428263885776 ) ) ;
#2795 = VERTEX_POINT ( 'NONE', #4400 ) ;
#2796 = ORIENTED_EDGE ( 'NONE', *, *, #2462, .F. ) ;
#2797 = CARTESIAN_POINT ( 'NONE',  ( 50.03522155753238110, -23.25000000000000711, -22.77902761317092839 ) ) ;
#2798 = DIRECTION ( 'NONE',  ( 0.000000000000000000, 0.000000000000000000, -1.000000000000000000 ) ) ;
#2799 = CARTESIAN_POINT ( 'NONE',  ( 29.69999999999999929, -19.74999999999999645, -116.8280647581438103 ) ) ;
#2800 = EDGE_CURVE ( 'NONE', #5315, #6560, #6753, .T. ) ;
#2801 = CARTESIAN_POINT ( 'NONE',  ( -2.000000000000000000, -41.34000000000251163, 10.24999999999528733 ) ) ;
#2802 = EDGE_CURVE ( 'NONE', #1501, #5134, #5644, .T. ) ;
#2803 = ORIENTED_EDGE ( 'NONE', *, *, #3676, .T. ) ;
#2804 = ORIENTED_EDGE ( 'NONE', *, *, #3227, .T. ) ;
#2805 = CARTESIAN_POINT ( 'NONE',  ( 7.600730974429812825, -4.042604204114180533, -0.6918035287646661091 ) ) ;
#2806 = LINE ( 'NONE', #646, #795 ) ;
#2807 = EDGE_CURVE ( 'NONE', #498, #3337, #5993, .T. ) ;
#2808 = ORIENTED_EDGE ( 'NONE', *, *, #5464, .F. ) ;
#2809 = ORIENTED_EDGE ( 'NONE', *, *, #4228, .T. ) ;
#2810 = CARTESIAN_POINT ( 'NONE',  ( 1.020000000025493625, -15.60747117984326948, 11.55874418326229858 ) ) ;
#2811 = CIRCLE ( 'NONE', #6851, 141.0803369579429614 ) ;
#2812 = DIRECTION ( 'NONE',  ( 0.000000000000000000, 0.000000000000000000, -1.000000000000000000 ) ) ;
#2813 = DIRECTION ( 'NONE',  ( 0.000000000000000000, 0.000000000000000000, -1.000000000000000000 ) ) ;
#2814 = AXIS2_PLACEMENT_3D ( 'NONE', #5673, #4002, #6136 ) ;
#2815 = LINE ( 'NONE', #4460, #1101 ) ;
#2816 = CIRCLE ( 'NONE', #849, 8.000000000000000000 ) ;
#2817 = CARTESIAN_POINT ( 'NONE',  ( 3.500000000000000000, -23.25000000000000355, -12.55999904183487637 ) ) ;
#2818 = EDGE_LOOP ( 'NONE', ( #2678, #575, #5571, #5156 ) ) ;
#2819 = FACE_OUTER_BOUND ( 'NONE', #3653, .T. ) ;
#2820 = VECTOR ( 'NONE', #3408, 1000.000000000000000 ) ;
#2821 = CYLINDRICAL_SURFACE ( 'NONE', #3819, 1.149999999999999911 ) ;
#2822 = VERTEX_POINT ( 'NONE', #6633 ) ;
#2823 = VECTOR ( 'NONE', #7051, 1000.000000000000000 ) ;
#2824 = CARTESIAN_POINT ( 'NONE',  ( 59.65000000000007674, -79.54000000000002046, 1.288905185022836530E-14 ) ) ;
#2825 = AXIS2_PLACEMENT_3D ( 'NONE', #5335, #3068, #320 ) ;
#2826 = CARTESIAN_POINT ( 'NONE',  ( -2.000000000000000000, -11.00000000000000000, 13.74999999999998046 ) ) ;
#2827 = CARTESIAN_POINT ( 'NONE',  ( -4.250000000000149214, -5.832191421983443578E-15, 20.25000000000000711 ) ) ;
#2828 = LINE ( 'NONE', #6739, #6403 ) ;
#2829 = CIRCLE ( 'NONE', #3285, 1.149999999999999911 ) ;
#2830 = VERTEX_POINT ( 'NONE', #5536 ) ;
#2831 = DIRECTION ( 'NONE',  ( 1.000000000000000000, -0.000000000000000000, -0.000000000000000000 ) ) ;
#2832 = VERTEX_POINT ( 'NONE', #597 ) ;
#2833 = CARTESIAN_POINT ( 'NONE',  ( 55.38534710664308136, -67.25000000000000000, 19.88809872202711304 ) ) ;
#2834 = CIRCLE ( 'NONE', #5052, 0.2866033983652087613 ) ;
#2835 = VECTOR ( 'NONE', #3090, 1000.000000000000000 ) ;
#2836 = CARTESIAN_POINT ( 'NONE',  ( -2.250000000000000444, -49.63999999999779789, 4.250000000005107026 ) ) ;
#2837 = DIRECTION ( 'NONE',  ( 0.000000000000000000, 0.000000000000000000, 1.000000000000000000 ) ) ;
#2838 = FACE_OUTER_BOUND ( 'NONE', #3250, .T. ) ;
#2839 = VECTOR ( 'NONE', #4035, 1000.000000000000000 ) ;
#2840 = AXIS2_PLACEMENT_3D ( 'NONE', #1112, #1068, #652 ) ;
#2841 = ORIENTED_EDGE ( 'NONE', *, *, #5325, .F. ) ;
#2842 = COLOUR_RGB ( '',0.7921568627450980005, 0.8196078431372548767, 0.9333333333333333481 ) ;
#2843 = ORIENTED_EDGE ( 'NONE', *, *, #5279, .T. ) ;
#2844 = ORIENTED_EDGE ( 'NONE', *, *, #6665, .T. ) ;
#2845 = LINE ( 'NONE', #6023, #6480 ) ;
#2846 = EDGE_CURVE ( 'NONE', #5050, #5883, #2571, .T. ) ;
#2847 = B_SPLINE_CURVE_WITH_KNOTS ( 'NONE', 3,
 ( #3244, #5886, #6087, #5477, #4940, #3832, #1044, #2166, #5852, #6046, #4766, #2538, #6542, #4803, #880, #3796, #4386, #5311 ),
 .UNSPECIFIED., .F., .F.,
 ( 4, 2, 2, 2, 2, 2, 2, 2, 4 ),
 ( 0.003534248467565137899, 0.003975907983824180855, 0.004417567500083223811, 0.004859227016342266767, 0.005300886532601309722, 0.005742546048860352678, 0.006184205565119394767, 0.006625865081378437722, 0.007067524597637480678 ),
 .UNSPECIFIED. ) ;
#2848 = VECTOR ( 'NONE', #4754, 999.9999999999998863 ) ;
#2849 =( BOUNDED_CURVE ( )  B_SPLINE_CURVE ( 3, ( #4796, #938, #6979, #2020 ),
 .UNSPECIFIED., .F., .F. ) 
 B_SPLINE_CURVE_WITH_KNOTS ( ( 4, 4 ),
 ( 2.410113750965476420, 2.973464256489448676 ),
 .UNSPECIFIED. ) 
 CURVE ( )  GEOMETRIC_REPRESENTATION_ITEM ( )  RATIONAL_B_SPLINE_CURVE ( ( 1.000000000000000000, 0.9737274162510585196, 0.9737274162510585196, 1.000000000000000000 ) ) 
 REPRESENTATION_ITEM ( '' )  );
#2850 = CARTESIAN_POINT ( 'NONE',  ( 55.66409622614292374, -19.75000000000000355, -19.95473532107412495 ) ) ;
#2851 = VERTEX_POINT ( 'NONE', #1750 ) ;
#2852 = LINE ( 'NONE', #6314, #6859 ) ;
#2853 = AXIS2_PLACEMENT_3D ( 'NONE', #36, #2786, #5011 ) ;
#2854 = CARTESIAN_POINT ( 'NONE',  ( 55.89999999999999858, -8.125000000000000000, 0.000000000000000000 ) ) ;
#2855 = ADVANCED_FACE ( 'NONE', ( #6678 ), #5069, .T. ) ;
#2856 = PLANE ( 'NONE',  #3412 ) ;
#2857 = CARTESIAN_POINT ( 'NONE',  ( 55.89999999999999858, 2.278598881020351145E-15, -15.24999999999998046 ) ) ;
#2858 = ORIENTED_EDGE ( 'NONE', *, *, #1907, .F. ) ;
#2859 = CARTESIAN_POINT ( 'NONE',  ( -3.000000000000000000, -49.63999999999779789, 5.000000000005107026 ) ) ;
#2860 = CYLINDRICAL_SURFACE ( 'NONE', #3141, 1.149999999999999911 ) ;
#2861 = DIRECTION ( 'NONE',  ( -1.000000000000000000, 0.000000000000000000, 0.000000000000000000 ) ) ;
#2862 = DIRECTION ( 'NONE',  ( -1.000000000000000000, -0.000000000000000000, -0.000000000000000000 ) ) ;
#2863 = LINE ( 'NONE', #78, #5704 ) ;
#2864 = DIRECTION ( 'NONE',  ( 1.000000000000000000, 0.000000000000000000, 0.000000000000000000 ) ) ;
#2865 = ORIENTED_EDGE ( 'NONE', *, *, #150, .F. ) ;
#2866 = LINE ( 'NONE', #5484, #372 ) ;
#2867 = EDGE_LOOP ( 'NONE', ( #6544, #240, #6389, #4752 ) ) ;
#2868 = FACE_OUTER_BOUND ( 'NONE', #4734, .T. ) ;
#2869 = CARTESIAN_POINT ( 'NONE',  ( 59.65000000000005542, -86.64000000000002899, 1.288905185022836530E-14 ) ) ;
#2870 = ORIENTED_EDGE ( 'NONE', *, *, #986, .F. ) ;
#2871 = CARTESIAN_POINT ( 'NONE',  ( 59.39999999999999858, -43.02999999999998693, -15.24999999999998934 ) ) ;
#2872 = CARTESIAN_POINT ( 'NONE',  ( -0.8000000000000000444, -20.93691467762551639, -9.442286694061698071 ) ) ;
#2873 = EDGE_LOOP ( 'NONE', ( #4204, #4192, #2432, #5144 ) ) ;
#2874 = AXIS2_PLACEMENT_3D ( 'NONE', #5512, #2745, #2195 ) ;
#2875 = VERTEX_POINT ( 'NONE', #2872 ) ;
#2876 = LINE ( 'NONE', #1680, #604 ) ;
#2877 = CARTESIAN_POINT ( 'NONE',  ( 55.57143719827714534, -1.648953455744797569, -20.10607116466634281 ) ) ;
#2878 = EDGE_CURVE ( 'NONE', #5054, #3851, #6168, .T. ) ;
#2879 = ORIENTED_EDGE ( 'NONE', *, *, #6686, .T. ) ;
#2880 = CARTESIAN_POINT ( 'NONE',  ( 9.110854841707393348, -67.24999999999998579, -26.52902590443857633 ) ) ;
#2881 = EDGE_CURVE ( 'NONE', #4383, #1137, #807, .T. ) ;
#2882 = CARTESIAN_POINT ( 'NONE',  ( 3.500000000000000000, -13.50000000000000000, -13.25000000000002487 ) ) ;
#2883 = CARTESIAN_POINT ( 'NONE',  ( 57.39999999999999858, -43.02999999999998693, -10.24999999999998401 ) ) ;
#2884 = CARTESIAN_POINT ( 'NONE',  ( 63.65000000000001279, -79.54000000000003467, 1.347313382867173394E-14 ) ) ;
#2885 = VERTEX_POINT ( 'NONE', #772 ) ;
#2886 = DIRECTION ( 'NONE',  ( 2.931927001650943529E-15, 1.000000000000000000, 0.000000000000000000 ) ) ;
#2887 = EDGE_CURVE ( 'NONE', #915, #6732, #1926, .T. ) ;
#2888 = FACE_OUTER_BOUND ( 'NONE', #5598, .T. ) ;
#2889 = FACE_OUTER_BOUND ( 'NONE', #1529, .T. ) ;
#2890 = LINE ( 'NONE', #6737, #5818 ) ;
#2891 = CARTESIAN_POINT ( 'NONE',  ( 59.30749873778312065, -2.324491549274033453, -21.27613746510721171 ) ) ;
#2892 = DIRECTION ( 'NONE',  ( 0.000000000000000000, -1.000000000000000000, 9.168304814023546299E-14 ) ) ;
#2893 = ORIENTED_EDGE ( 'NONE', *, *, #3786, .F. ) ;
#2894 = CARTESIAN_POINT ( 'NONE',  ( 69.40000000000000568, -38.02999999999998693, -15.24999999999998579 ) ) ;
#2895 = VECTOR ( 'NONE', #4193, 1000.000000000000000 ) ;
#2896 = VERTEX_POINT ( 'NONE', #5240 ) ;
#2897 = ADVANCED_FACE ( 'NONE', ( #3488 ), #6815, .F. ) ;
#2898 = DIRECTION ( 'NONE',  ( -1.000000000000000000, -0.000000000000000000, -0.000000000000000000 ) ) ;
#2899 = CARTESIAN_POINT ( 'NONE',  ( 3.499999999999998224, -67.24999999999998579, -20.24999999999998579 ) ) ;
#2900 = ORIENTED_EDGE ( 'NONE', *, *, #6647, .T. ) ;
#2901 = CARTESIAN_POINT ( 'NONE',  ( 29.69999999999999929, -67.25000000000000000, -116.8280647581438103 ) ) ;
#2902 = LINE ( 'NONE', #561, #3850 ) ;
#2903 = ORIENTED_EDGE ( 'NONE', *, *, #64, .F. ) ;
#2904 = DIRECTION ( 'NONE',  ( -0.000000000000000000, 1.000000000000000000, -0.000000000000000000 ) ) ;
#2905 = ORIENTED_EDGE ( 'NONE', *, *, #6212, .T. ) ;
#2906 = ORIENTED_EDGE ( 'NONE', *, *, #49, .F. ) ;
#2907 = DIRECTION ( 'NONE',  ( -0.9962180042504266142, -3.586100464499332983E-17, 0.08688894065010210888 ) ) ;
#2908 = EDGE_CURVE ( 'NONE', #4368, #5050, #2431, .T. ) ;
#2909 = CARTESIAN_POINT ( 'NONE',  ( 1.020000000025265141, -40.65361677846749444, -6.999996311609041122 ) ) ;
#2910 = ADVANCED_FACE ( 'NONE', ( #1853, #1888, #6846, #256, #6235 ), #2370, .F. ) ;
#2911 = CARTESIAN_POINT ( 'NONE',  ( 1.020000000025389486, -43.17851648078251259, 11.35999999999530274 ) ) ;
#2912 = DIRECTION ( 'NONE',  ( 0.000000000000000000, 0.000000000000000000, -1.000000000000000000 ) ) ;
#2913 = EDGE_LOOP ( 'NONE', ( #3915, #2843, #7101, #4712 ) ) ;
#2914 = AXIS2_PLACEMENT_3D ( 'NONE', #1030, #3231, #230 ) ;
#2915 = CARTESIAN_POINT ( 'NONE',  ( 55.90000000000000568, -67.24999999999998579, -20.24999999999998579 ) ) ;
#2916 = CARTESIAN_POINT ( 'NONE',  ( 5.000000000000000000, 0.000000000000000000, 8.000000000000000000 ) ) ;
#2917 = VECTOR ( 'NONE', #4246, 1000.000000000000000 ) ;
#2918 = CARTESIAN_POINT ( 'NONE',  ( 1.020000000025493625, -16.52983831628188227, 11.86003263743340064 ) ) ;
#2919 = CIRCLE ( 'NONE', #2914, 14.80283886912689439 ) ;
#2920 = EDGE_CURVE ( 'NONE', #5926, #4984, #1777, .T. ) ;
#2921 = DIRECTION ( 'NONE',  ( -1.000000000000000000, 3.478120569333522285E-15, 7.346553920761778045E-15 ) ) ;
#2922 = LINE ( 'NONE', #6295, #563 ) ;
#2923 = AXIS2_PLACEMENT_3D ( 'NONE', #2761, #6669, #2246 ) ;
#2924 = EDGE_LOOP ( 'NONE', ( #5718, #3755, #895, #6585 ) ) ;
#2925 = ORIENTED_EDGE ( 'NONE', *, *, #3463, .F. ) ;
#2926 = DIRECTION ( 'NONE',  ( 0.000000000000000000, 0.000000000000000000, -1.000000000000000000 ) ) ;
#2927 = AXIS2_PLACEMENT_3D ( 'NONE', #2681, #4362, #982 ) ;
#2928 = DIRECTION ( 'NONE',  ( 0.000000000000000000, 1.000000000000000000, 0.000000000000000000 ) ) ;
#2929 = DIRECTION ( 'NONE',  ( -0.7071067811865475727, 0.7071067811865475727, 0.000000000000000000 ) ) ;
#2930 = VECTOR ( 'NONE', #3284, 1000.000000000000000 ) ;
#2931 = EDGE_CURVE ( 'NONE', #1916, #5373, #6920, .T. ) ;
#2932 = DIRECTION ( 'NONE',  ( 0.000000000000000000, 0.000000000000000000, -1.000000000000000000 ) ) ;
#2933 = EDGE_CURVE ( 'NONE', #6044, #498, #5544, .T. ) ;
#2934 = CIRCLE ( 'NONE', #2239, 7.099999999999995204 ) ;
#2935 = DIRECTION ( 'NONE',  ( 0.08688894065010013823, 0.000000000000000000, -0.9962180042504268362 ) ) ;
#2936 = DIRECTION ( 'NONE',  ( 1.000000000000000000, -1.802143912355449343E-15, 2.887412898249062070E-16 ) ) ;
#2937 = VERTEX_POINT ( 'NONE', #3623 ) ;
#2938 = VECTOR ( 'NONE', #550, 1000.000000000000000 ) ;
#2939 = CARTESIAN_POINT ( 'NONE',  ( -4.249999999999998224, -86.64000000000004320, 1.405721580711509153E-14 ) ) ;
#2940 = DIRECTION ( 'NONE',  ( 0.000000000000000000, 0.000000000000000000, -1.000000000000000000 ) ) ;
#2941 = VECTOR ( 'NONE', #3677, 1000.000000000000000 ) ;
#2942 = CIRCLE ( 'NONE', #4814, 1.149999999999999911 ) ;
#2943 = VECTOR ( 'NONE', #5884, 1000.000000000000000 ) ;
#2944 = VERTEX_POINT ( 'NONE', #5273 ) ;
#2945 = CARTESIAN_POINT ( 'NONE',  ( -0.9380297132551900230, -11.93802971325520090, 6.252446912253257771 ) ) ;
#2946 = FACE_OUTER_BOUND ( 'NONE', #4988, .T. ) ;
#2947 = VECTOR ( 'NONE', #5763, 1000.000000000000000 ) ;
#2948 = LINE ( 'NONE', #3428, #756 ) ;
#2949 = CARTESIAN_POINT ( 'NONE',  ( 55.89999999999999858, -43.02999999999998693, 15.24999999999999112 ) ) ;
#2950 = ORIENTED_EDGE ( 'NONE', *, *, #4659, .T. ) ;
#2951 = AXIS2_PLACEMENT_3D ( 'NONE', #1902, #3010, #6798 ) ;
#2952 = DIRECTION ( 'NONE',  ( 1.000000000000000000, -0.000000000000000000, -0.000000000000000000 ) ) ;
#2953 = DIRECTION ( 'NONE',  ( 0.000000000000000000, -1.000000000000000000, -4.127223139870470387E-16 ) ) ;
#2954 = PLANE ( 'NONE',  #868 ) ;
#2955 = DIRECTION ( 'NONE',  ( 1.000000000000000000, 0.000000000000000000, 0.000000000000000000 ) ) ;
#2956 = CARTESIAN_POINT ( 'NONE',  ( 59.39999999999999858, -61.24999999999998579, 10.24999999999998757 ) ) ;
#2957 = CARTESIAN_POINT ( 'NONE',  ( -3.000000000000000000, -49.63999999999779789, 5.107025913275720086E-12 ) ) ;
#2958 = VECTOR ( 'NONE', #3072, 1000.000000000000000 ) ;
#2959 = DIRECTION ( 'NONE',  ( 0.000000000000000000, 0.000000000000000000, 1.000000000000000000 ) ) ;
#2960 = EDGE_CURVE ( 'NONE', #1424, #4791, #4114, .T. ) ;
#2961 = CYLINDRICAL_SURFACE ( 'NONE', #5965, 2.499999999999999556 ) ;
#2962 = CARTESIAN_POINT ( 'NONE',  ( 34.51999872291127502, -23.25000000000000355, -12.55999904183487637 ) ) ;
#2963 = CARTESIAN_POINT ( 'NONE',  ( 48.18473398121713558, -19.75000000000000355, -11.87653491542466710 ) ) ;
#2964 = EDGE_LOOP ( 'NONE', ( #6444, #2132, #5423, #6064 ) ) ;
#2965 = FACE_BOUND ( 'NONE', #5380, .T. ) ;
#2966 = ORIENTED_EDGE ( 'NONE', *, *, #3904, .F. ) ;
#2967 = EDGE_CURVE ( 'NONE', #6313, #6187, #4144, .T. ) ;
#2968 = CARTESIAN_POINT ( 'NONE',  ( 9.067331839364783264, 7.939631186698617782, 0.9826011181706206798 ) ) ;
#2969 = CYLINDRICAL_SURFACE ( 'NONE', #1305, 17.24999999999999645 ) ;
#2970 = CARTESIAN_POINT ( 'NONE',  ( 55.89999999999999147, -67.24999999999998579, 17.25000000000001776 ) ) ;
#2971 = AXIS2_PLACEMENT_3D ( 'NONE', #3937, #3867, #1690 ) ;
#2972 = VERTEX_POINT ( 'NONE', #4037 ) ;
#2973 = EDGE_LOOP ( 'NONE', ( #3955, #4079, #1169, #1090 ) ) ;
#2974 = DIRECTION ( 'NONE',  ( -0.000000000000000000, 1.000000000000000000, 4.127223139870470387E-16 ) ) ;
#2975 = EDGE_CURVE ( 'NONE', #1829, #4887, #1354, .T. ) ;
#2976 = LINE ( 'NONE', #5681, #5392 ) ;
#2977 = EDGE_CURVE ( 'NONE', #4833, #6760, #1885, .T. ) ;
#2978 = VECTOR ( 'NONE', #3669, 1000.000000000000000 ) ;
#2979 = DIRECTION ( 'NONE',  ( 1.000000000000000000, -0.000000000000000000, -0.000000000000000000 ) ) ;
#2980 = CARTESIAN_POINT ( 'NONE',  ( 9.191204539003699381, -7.949935819123378877, -0.8996476248156053401 ) ) ;
#2981 = ORIENTED_EDGE ( 'NONE', *, *, #2756, .T. ) ;
#2982 = DIRECTION ( 'NONE',  ( 0.000000000000000000, 0.000000000000000000, -1.000000000000000000 ) ) ;
#2983 = ORIENTED_EDGE ( 'NONE', *, *, #2734, .F. ) ;
#2984 = DIRECTION ( 'NONE',  ( 1.000000000000000000, -0.000000000000000000, -0.000000000000000000 ) ) ;
#2985 = CARTESIAN_POINT ( 'NONE',  ( 59.65000000000010516, -71.00000000000002842, -20.24999999999998579 ) ) ;
#2986 = PLANE ( 'NONE',  #2245 ) ;
#2987 = CARTESIAN_POINT ( 'NONE',  ( 59.65000000000016200, -52.95499999999966434, -52.95500000000007645 ) ) ;
#2988 = ORIENTED_EDGE ( 'NONE', *, *, #1248, .T. ) ;
#2989 = DIRECTION ( 'NONE',  ( 0.000000000000000000, -1.000000000000000000, 0.000000000000000000 ) ) ;
#2990 = ORIENTED_EDGE ( 'NONE', *, *, #6548, .T. ) ;
#2991 = EDGE_CURVE ( 'NONE', #5524, #6540, #5738, .T. ) ;
#2992 = AXIS2_PLACEMENT_3D ( 'NONE', #2016, #3208, #5363 ) ;
#2993 = PLANE ( 'NONE',  #4233 ) ;
#2994 = CARTESIAN_POINT ( 'NONE',  ( 1.020000000025327092, -16.89000000000253010, -10.25000000000473399 ) ) ;
#2995 = DIRECTION ( 'NONE',  ( 0.000000000000000000, -3.934719212345380907E-16, 1.000000000000000000 ) ) ;
#2996 = ADVANCED_FACE ( 'NONE', ( #2965, #220 ), #3034, .T. ) ;
#2997 = VERTEX_POINT ( 'NONE', #5174 ) ;
#2998 = CARTESIAN_POINT ( 'NONE',  ( 3.499999999999996447, -19.75000000000000355, 12.55999940691883054 ) ) ;
#2999 = ORIENTED_EDGE ( 'NONE', *, *, #6826, .F. ) ;
#3000 = DIRECTION ( 'NONE',  ( 1.000000000000000000, 0.000000000000000000, 0.000000000000000000 ) ) ;
#3001 = CIRCLE ( 'NONE', #6097, 4.099999999999999645 ) ;
#3002 = FACE_OUTER_BOUND ( 'NONE', #2973, .T. ) ;
#3003 = ADVANCED_FACE ( 'NONE', ( #3069 ), #2400, .F. ) ;
#3004 = EDGE_CURVE ( 'NONE', #6450, #1832, #2605, .T. ) ;
#3005 = ORIENTED_EDGE ( 'NONE', *, *, #6343, .T. ) ;
#3006 = DIRECTION ( 'NONE',  ( 1.000000000000000000, -0.000000000000000000, -0.000000000000000000 ) ) ;
#3007 = ORIENTED_EDGE ( 'NONE', *, *, #4451, .F. ) ;
#3008 = PLANE ( 'NONE',  #2106 ) ;
#3009 = ORIENTED_EDGE ( 'NONE', *, *, #3964, .T. ) ;
#3010 = DIRECTION ( 'NONE',  ( -0.000000000000000000, 1.000000000000000000, 4.127223139870470387E-16 ) ) ;
#3011 = EDGE_CURVE ( 'NONE', #6742, #24, #6485, .T. ) ;
#3012 = CARTESIAN_POINT ( 'NONE',  ( 1.320127283879557911, -67.24999999999998579, -22.88608840329826322 ) ) ;
#3013 = EDGE_CURVE ( 'NONE', #1436, #2291, #5916, .T. ) ;
#3014 = DIRECTION ( 'NONE',  ( 1.000000000000000000, -3.478120569333522285E-15, -7.346553920761778045E-15 ) ) ;
#3015 = ORIENTED_EDGE ( 'NONE', *, *, #4719, .T. ) ;
#3016 = CARTESIAN_POINT ( 'NONE',  ( 1.020000000025278464, -31.89210119208637906, -9.442286694060674890 ) ) ;
#3017 = ORIENTED_EDGE ( 'NONE', *, *, #3448, .F. ) ;
#3018 = DIRECTION ( 'NONE',  ( 1.000000000000000000, 0.000000000000000000, -0.000000000000000000 ) ) ;
#3019 = CARTESIAN_POINT ( 'NONE',  ( -0.8000000000000020428, -15.77875288874589899, -11.66180175579101252 ) ) ;
#3020 = ADVANCED_FACE ( 'NONE', ( #4906 ), #1483, .T. ) ;
#3021 = ORIENTED_EDGE ( 'NONE', *, *, #1825, .F. ) ;
#3022 = FACE_OUTER_BOUND ( 'NONE', #5031, .T. ) ;
#3023 = AXIS2_PLACEMENT_3D ( 'NONE', #5370, #387, #2603 ) ;
#3024 = DIRECTION ( 'NONE',  ( -0.000000000000000000, 1.000000000000000000, 4.127223139870470387E-16 ) ) ;
#3025 = CARTESIAN_POINT ( 'NONE',  ( 63.15100000000006730, -49.63999999999779789, 5.107025913275720086E-12 ) ) ;
#3026 = EDGE_LOOP ( 'NONE', ( #3898, #6783, #2966, #6675 ) ) ;
#3027 = ORIENTED_EDGE ( 'NONE', *, *, #2691, .T. ) ;
#3028 = AXIS2_PLACEMENT_3D ( 'NONE', #2915, #176, #5719 ) ;
#3029 = CARTESIAN_POINT ( 'NONE',  ( 39.64999999999984936, -19.75000000000000355, 26.65541760854819842 ) ) ;
#3030 = DIRECTION ( 'NONE',  ( 0.000000000000000000, 0.9999999999984094945, -1.783514044786382919E-06 ) ) ;
#3031 = VECTOR ( 'NONE', #4691, 1000.000000000000000 ) ;
#3032 = LINE ( 'NONE', #3101, #3380 ) ;
#3033 = VECTOR ( 'NONE', #3528, 1000.000000000000000 ) ;
#3034 = PLANE ( 'NONE',  #6755 ) ;
#3035 = ORIENTED_EDGE ( 'NONE', *, *, #5299, .T. ) ;
#3036 = CIRCLE ( 'NONE', #5615, 2.250000000000000444 ) ;
#3037 = CARTESIAN_POINT ( 'NONE',  ( -2.000000000000000000, -32.25000000000000000, -10.65111910102082504 ) ) ;
#3038 = DIRECTION ( 'NONE',  ( 1.000000000000000000, -0.000000000000000000, -0.000000000000000000 ) ) ;
#3039 = AXIS2_PLACEMENT_3D ( 'NONE', #6673, #4481, #3924 ) ;
#3040 = EDGE_CURVE ( 'NONE', #6160, #919, #1990, .T. ) ;
#3041 = CARTESIAN_POINT ( 'NONE',  ( 7.404675515871322666, -7.995687212056076909, 0.2955661000894758694 ) ) ;
#3042 = EDGE_LOOP ( 'NONE', ( #1472, #134, #3838, #6921 ) ) ;
#3043 = VECTOR ( 'NONE', #6429, 1000.000000000000000 ) ;
#3044 = ORIENTED_EDGE ( 'NONE', *, *, #3624, .T. ) ;
#3045 = PLANE ( 'NONE',  #2231 ) ;
#3046 = VERTEX_POINT ( 'NONE', #4761 ) ;
#3047 = EDGE_CURVE ( 'NONE', #328, #4672, #390, .T. ) ;
#3048 = CARTESIAN_POINT ( 'NONE',  ( 29.69999999999999929, -19.75000000000000355, 24.25227219979916882 ) ) ;
#3049 = ADVANCED_FACE ( 'NONE', ( #6947 ), #3763, .F. ) ;
#3050 = AXIS2_PLACEMENT_3D ( 'NONE', #2911, #271, #6898 ) ;
#3051 = AXIS2_PLACEMENT_3D ( 'NONE', #6529, #5434, #2111 ) ;
#3052 = FACE_OUTER_BOUND ( 'NONE', #2311, .T. ) ;
#3053 = CARTESIAN_POINT ( 'NONE',  ( 9.624899151475959869, -7.999985818179483843, -0.1494836668370806143 ) ) ;
#3054 = EDGE_LOOP ( 'NONE', ( #2893, #3287, #5359, #6871 ) ) ;
#3055 = CARTESIAN_POINT ( 'NONE',  ( -2.000000000000000000, -32.25000000000000000, -10.65111910102082504 ) ) ;
#3056 = VECTOR ( 'NONE', #2271, 1000.000000000000000 ) ;
#3057 = AXIS2_PLACEMENT_3D ( 'NONE', #6231, #6130, #6094 ) ;
#3058 = CARTESIAN_POINT ( 'NONE',  ( 40.07000000001264794, -67.24999999999998579, -23.87063664370447924 ) ) ;
#3059 = EDGE_CURVE ( 'NONE', #4466, #3774, #940, .T. ) ;
#3060 = DIRECTION ( 'NONE',  ( -1.000000000000000000, 0.000000000000000000, 0.000000000000000000 ) ) ;
#3061 = DIRECTION ( 'NONE',  ( 2.504354313910180939E-15, 1.000000000000000000, 0.000000000000000000 ) ) ;
#3062 = CARTESIAN_POINT ( 'NONE',  ( -0.8000000000000000444, -43.67851681897402472, -9.706479796979284203 ) ) ;
#3063 = CARTESIAN_POINT ( 'NONE',  ( 63.15100000000006730, -49.63999999999779789, -3.749999999994893862 ) ) ;
#3064 = EDGE_CURVE ( 'NONE', #5437, #4288, #6439, .T. ) ;
#3065 = FACE_OUTER_BOUND ( 'NONE', #144, .T. ) ;
#3066 = DIRECTION ( 'NONE',  ( 1.000000000000000000, 0.000000000000000000, 0.000000000000000000 ) ) ;
#3067 = CARTESIAN_POINT ( 'NONE',  ( 0.09250126221687922368, -2.324491549274029900, -21.27613746510720816 ) ) ;
#3068 = DIRECTION ( 'NONE',  ( 1.000000000000000000, 0.000000000000000000, 0.000000000000000000 ) ) ;
#3069 = FACE_OUTER_BOUND ( 'NONE', #3480, .T. ) ;
#3070 = ORIENTED_EDGE ( 'NONE', *, *, #4991, .T. ) ;
#3071 = ORIENTED_EDGE ( 'NONE', *, *, #5091, .T. ) ;
#3072 = DIRECTION ( 'NONE',  ( 0.000000000000000000, -1.000000000000000000, -1.494163200669084626E-16 ) ) ;
#3073 = LINE ( 'NONE', #911, #146 ) ;
#3074 = PLANE ( 'NONE',  #4782 ) ;
#3075 = ORIENTED_EDGE ( 'NONE', *, *, #4361, .F. ) ;
#3076 = ORIENTED_EDGE ( 'NONE', *, *, #5799, .T. ) ;
#3077 = DIRECTION ( 'NONE',  ( 0.000000000000000000, 0.000000000000000000, 1.000000000000000000 ) ) ;
#3078 = VERTEX_POINT ( 'NONE', #2677 ) ;
#3079 = EDGE_CURVE ( 'NONE', #3375, #6287, #4561, .T. ) ;
#3080 = DIRECTION ( 'NONE',  ( -0.000000000000000000, 1.000000000000000000, 4.127223139870470387E-16 ) ) ;
#3081 = CARTESIAN_POINT ( 'NONE',  ( 29.69999999999999929, -23.25000000000000355, 116.8280647581437819 ) ) ;
#3082 = EDGE_CURVE ( 'NONE', #330, #1537, #490, .T. ) ;
#3083 = ORIENTED_EDGE ( 'NONE', *, *, #1306, .F. ) ;
#3084 = DIRECTION ( 'NONE',  ( -1.000000000000000000, -0.000000000000000000, -0.000000000000000000 ) ) ;
#3085 = VERTEX_POINT ( 'NONE', #6476 ) ;
#3086 = ORIENTED_EDGE ( 'NONE', *, *, #4469, .T. ) ;
#3087 = ORIENTED_EDGE ( 'NONE', *, *, #650, .F. ) ;
#3088 = CARTESIAN_POINT ( 'NONE',  ( 3.500000000000000000, -23.25000000000000355, 17.24999999999999645 ) ) ;
#3089 = CIRCLE ( 'NONE', #1476, 1.200000000000000622 ) ;
#3090 = DIRECTION ( 'NONE',  ( -1.000000000000000000, -0.000000000000000000, -0.000000000000000000 ) ) ;
#3091 = LINE ( 'NONE', #455, #2581 ) ;
#3092 = CARTESIAN_POINT ( 'NONE',  ( 57.89999999999999858, 0.000000000000000000, -8.125000000000000000 ) ) ;
#3093 = EDGE_CURVE ( 'NONE', #5497, #4402, #3180, .T. ) ;
#3094 = AXIS2_PLACEMENT_3D ( 'NONE', #4776, #994, #3156 ) ;
#3095 = CARTESIAN_POINT ( 'NONE',  ( 3.500000000000000000, -23.25000000000000355, -17.25000000000002487 ) ) ;
#3096 = LINE ( 'NONE', #7047, #6932 ) ;
#3097 = VERTEX_POINT ( 'NONE', #1049 ) ;
#3098 = CARTESIAN_POINT ( 'NONE',  ( 56.64999999999985647, -3.769358049814250489, 23.77871965419709710 ) ) ;
#3099 = CARTESIAN_POINT ( 'NONE',  ( 3.500000000000003109, 0.000000000000000000, 17.24999999999999645 ) ) ;
#3100 = EDGE_LOOP ( 'NONE', ( #60, #3115 ) ) ;
#3101 = CARTESIAN_POINT ( 'NONE',  ( 55.90000000000000568, -23.25000000000000355, 17.25000000000001421 ) ) ;
#3102 = EDGE_CURVE ( 'NONE', #328, #3261, #5881, .T. ) ;
#3103 = ADVANCED_FACE ( 'NONE', ( #4318 ), #3802, .F. ) ;
#3104 = DIRECTION ( 'NONE',  ( 1.000000000000000000, -0.000000000000000000, -0.000000000000000000 ) ) ;
#3105 = ORIENTED_EDGE ( 'NONE', *, *, #6270, .T. ) ;
#3106 = DIRECTION ( 'NONE',  ( 0.000000000000000000, 0.000000000000000000, -1.000000000000000000 ) ) ;
#3107 = FACE_OUTER_BOUND ( 'NONE', #5973, .T. ) ;
#3108 = CARTESIAN_POINT ( 'NONE',  ( 3.828562801722851017, -67.25000000000000000, 20.10607116466633926 ) ) ;
#3109 = CARTESIAN_POINT ( 'NONE',  ( 57.89999999999999858, 8.125000000000000000, 0.000000000000000000 ) ) ;
#3110 = ORIENTED_EDGE ( 'NONE', *, *, #535, .F. ) ;
#3111 = ORIENTED_EDGE ( 'NONE', *, *, #3214, .T. ) ;
#3112 = AXIS2_PLACEMENT_3D ( 'NONE', #5722, #2984, #4023 ) ;
#3113 = ADVANCED_FACE ( 'NONE', ( #3213 ), #5446, .F. ) ;
#3114 = ORIENTED_EDGE ( 'NONE', *, *, #5894, .T. ) ;
#3115 = ORIENTED_EDGE ( 'NONE', *, *, #714, .T. ) ;
#3116 = LINE ( 'NONE', #1426, #6892 ) ;
#3117 = CARTESIAN_POINT ( 'NONE',  ( 63.15100000000034441, -85.65999999999995396, -20.25000000000000355 ) ) ;
#3118 = CIRCLE ( 'NONE', #3701, 1.200000000000001510 ) ;
#3119 = EDGE_CURVE ( 'NONE', #4423, #2609, #352, .T. ) ;
#3120 = ORIENTED_EDGE ( 'NONE', *, *, #6455, .F. ) ;
#3121 = DIRECTION ( 'NONE',  ( 0.000000000000000000, -0.000000000000000000, -1.000000000000000000 ) ) ;
#3122 = ORIENTED_EDGE ( 'NONE', *, *, #7118, .F. ) ;
#3123 = CIRCLE ( 'NONE', #2442, 1.200000000000000622 ) ;
#3124 = CARTESIAN_POINT ( 'NONE',  ( -2.000000000000000000, -41.34000000000251163, -10.25000000000471445 ) ) ;
#3125 = LINE ( 'NONE', #7074, #5958 ) ;
#3126 = ADVANCED_FACE ( 'NONE', ( #2723 ), #5016, .F. ) ;
#3127 = CARTESIAN_POINT ( 'NONE',  ( 57.39999999999999858, -35.02999999999998693, 10.24999999999999112 ) ) ;
#3128 = ORIENTED_EDGE ( 'NONE', *, *, #6943, .F. ) ;
#3129 = DIRECTION ( 'NONE',  ( 0.000000000000000000, -1.000000000000000000, 0.000000000000000000 ) ) ;
#3130 = CARTESIAN_POINT ( 'NONE',  ( 0.000000000000000000, 0.000000000000000000, 4.099999999999999645 ) ) ;
#3131 = CARTESIAN_POINT ( 'NONE',  ( 59.40100000000001046, -38.75000000000000000, 10.75000000000000000 ) ) ;
#3132 = DIRECTION ( 'NONE',  ( 0.000000000000000000, -1.000000000000000000, 0.000000000000000000 ) ) ;
#3133 = EDGE_CURVE ( 'NONE', #4103, #3670, #4474, .T. ) ;
#3134 = DIRECTION ( 'NONE',  ( -1.000000000000000000, -0.000000000000000000, -0.000000000000000000 ) ) ;
#3135 = ADVANCED_FACE ( 'NONE', ( #3368 ), #1129, .T. ) ;
#3136 = ORIENTED_EDGE ( 'NONE', *, *, #5526, .F. ) ;
#3137 = CARTESIAN_POINT ( 'NONE',  ( 36.07000000001264794, -67.25000000000000000, 26.00793539950937827 ) ) ;
#3138 = CIRCLE ( 'NONE', #6744, 0.4999969713701014618 ) ;
#3139 = ORIENTED_EDGE ( 'NONE', *, *, #5954, .T. ) ;
#3140 = DIRECTION ( 'NONE',  ( 0.000000000000000000, 0.000000000000000000, -1.000000000000000000 ) ) ;
#3141 = AXIS2_PLACEMENT_3D ( 'NONE', #6697, #1729, #3393 ) ;
#3142 = ORIENTED_EDGE ( 'NONE', *, *, #7097, .T. ) ;
#3143 = FACE_BOUND ( 'NONE', #546, .T. ) ;
#3144 = EDGE_CURVE ( 'NONE', #6119, #7048, #1657, .T. ) ;
#3145 = VECTOR ( 'NONE', #638, 1000.000000000000000 ) ;
#3146 = CARTESIAN_POINT ( 'NONE',  ( 55.66409622614292374, -67.25000000000000000, 19.95473532107411785 ) ) ;
#3147 = AXIS2_PLACEMENT_3D ( 'NONE', #4934, #5550, #577 ) ;
#3148 = CARTESIAN_POINT ( 'NONE',  ( 7.516916082362604890, 7.981084243719590354, 0.5664681255050073583 ) ) ;
#3149 = VECTOR ( 'NONE', #5266, 1000.000000000000000 ) ;
#3150 = EDGE_LOOP ( 'NONE', ( #5146, #2215, #35, #4517 ) ) ;
#3151 = EDGE_LOOP ( 'NONE', ( #1213, #2592, #2424, #1582 ) ) ;
#3152 = CIRCLE ( 'NONE', #3039, 1.149999999999999911 ) ;
#3153 = VERTEX_POINT ( 'NONE', #3884 ) ;
#3154 = DIRECTION ( 'NONE',  ( 1.000000000000000000, -0.000000000000000000, -0.000000000000000000 ) ) ;
#3155 = AXIS2_PLACEMENT_3D ( 'NONE', #5788, #246, #1943 ) ;
#3156 = DIRECTION ( 'NONE',  ( 0.000000000000000000, 0.000000000000000000, 1.000000000000000000 ) ) ;
#3157 = VERTEX_POINT ( 'NONE', #1705 ) ;
#3158 = DIRECTION ( 'NONE',  ( -1.000000000000000000, -2.529146437248129668E-15, 2.920409892216848119E-16 ) ) ;
#3159 = ORIENTED_EDGE ( 'NONE', *, *, #515, .F. ) ;
#3160 = ADVANCED_FACE ( 'NONE', ( #6199 ), #6091, .F. ) ;
#3161 = DIRECTION ( 'NONE',  ( -0.000000000000000000, 1.000000000000000000, -0.000000000000000000 ) ) ;
#3162 = AXIS2_PLACEMENT_3D ( 'NONE', #4325, #6930, #1632 ) ;
#3163 = AXIS2_PLACEMENT_3D ( 'NONE', #5902, #2588, #4890 ) ;
#3164 = CARTESIAN_POINT ( 'NONE',  ( 9.068126634273637521, 3.981061454764307062, 0.9821264797041430183 ) ) ;
#3165 = CARTESIAN_POINT ( 'NONE',  ( 3.500000000000000000, 0.000000000000000000, 17.24999999999999645 ) ) ;
#3166 = VERTEX_POINT ( 'NONE', #3920 ) ;
#3167 = ORIENTED_EDGE ( 'NONE', *, *, #6915, .F. ) ;
#3168 = CARTESIAN_POINT ( 'NONE',  ( 61.15000000000001990, -69.03553390593266670, 20.25000000000001421 ) ) ;
#3169 = AXIS2_PLACEMENT_3D ( 'NONE', #154, #1242, #6631 ) ;
#3170 = VECTOR ( 'NONE', #5985, 1000.000000000000000 ) ;
#3171 = LINE ( 'NONE', #3063, #1532 ) ;
#3172 = CARTESIAN_POINT ( 'NONE',  ( 55.38534710664308136, -19.75000000000000355, 19.88809872202711304 ) ) ;
#3173 = ORIENTED_EDGE ( 'NONE', *, *, #6879, .F. ) ;
#3174 = DIRECTION ( 'NONE',  ( 0.000000000000000000, -0.000000000000000000, -1.000000000000000000 ) ) ;
#3175 = DIRECTION ( 'NONE',  ( 0.000000000000000000, -1.000000000000000000, 0.000000000000000000 ) ) ;
#3176 = ORIENTED_EDGE ( 'NONE', *, *, #226, .T. ) ;
#3177 = CARTESIAN_POINT ( 'NONE',  ( -0.8000000000000000444, -32.11500000000229704, -9.303042912649976515 ) ) ;
#3178 = EDGE_LOOP ( 'NONE', ( #213, #1186 ) ) ;
#3179 = EDGE_CURVE ( 'NONE', #5937, #4293, #626, .T. ) ;
#3180 = LINE ( 'NONE', #322, #5482 ) ;
#3181 = ORIENTED_EDGE ( 'NONE', *, *, #6870, .F. ) ;
#3182 = VECTOR ( 'NONE', #3715, 1000.000000000000000 ) ;
#3183 = ORIENTED_EDGE ( 'NONE', *, *, #4075, .T. ) ;
#3184 = DIRECTION ( 'NONE',  ( 1.000000000000000000, 0.000000000000000000, 0.000000000000000000 ) ) ;
#3185 = ORIENTED_EDGE ( 'NONE', *, *, #1852, .T. ) ;
#3186 = DIRECTION ( 'NONE',  ( 0.000000000000000000, -1.000000000000000000, 0.000000000000000000 ) ) ;
#3187 = CARTESIAN_POINT ( 'NONE',  ( 59.39999999999999858, -43.02999999999998693, 10.24999999999999112 ) ) ;
#3188 = EDGE_CURVE ( 'NONE', #3952, #3919, #1196, .T. ) ;
#3189 = CARTESIAN_POINT ( 'NONE',  ( 7.517744759324873627, 7.980980490796006244, -0.5679465585637898384 ) ) ;
#3190 = EDGE_LOOP ( 'NONE', ( #4446, #6400, #6154, #340 ) ) ;
#3191 = EDGE_CURVE ( 'NONE', #391, #1366, #6266, .T. ) ;
#3192 = VERTEX_POINT ( 'NONE', #6708 ) ;
#3193 = VERTEX_POINT ( 'NONE', #1740 ) ;
#3194 = CARTESIAN_POINT ( 'NONE',  ( 6.025412262023917442, -16.71712313639180181, 46.20490662861619313 ) ) ;
#3195 = FACE_OUTER_BOUND ( 'NONE', #1471, .T. ) ;
#3196 = ORIENTED_EDGE ( 'NONE', *, *, #4008, .F. ) ;
#3197 = CARTESIAN_POINT ( 'NONE',  ( 57.89999999999999858, -8.125000000000000000, 0.000000000000000000 ) ) ;
#3198 = ADVANCED_FACE ( 'NONE', ( #4980 ), #3993, .F. ) ;
#3199 = VERTEX_POINT ( 'NONE', #6158 ) ;
#3200 = CARTESIAN_POINT ( 'NONE',  ( 1.020000000025424125, -32.11500000000251731, 10.79999999999557758 ) ) ;
#3201 = PLANE ( 'NONE',  #3051 ) ;
#3202 = CARTESIAN_POINT ( 'NONE',  ( 3.500000000000000000, -23.25000000000000355, -17.25000000000000000 ) ) ;
#3203 = ORIENTED_EDGE ( 'NONE', *, *, #644, .F. ) ;
#3204 = CARTESIAN_POINT ( 'NONE',  ( -0.2500000000000740519, -79.54000000000003467, 1.434263305606634939E-14 ) ) ;
#3206 = EDGE_LOOP ( 'NONE', ( #6200, #2156 ) ) ;
#3205 = DIRECTION ( 'NONE',  ( 0.08688894065010011047, 0.000000000000000000, 0.9962180042504267252 ) ) ;
#3207 = DIRECTION ( 'NONE',  ( 0.000000000000000000, -1.000000000000000000, 0.000000000000000000 ) ) ;
#3208 = DIRECTION ( 'NONE',  ( 1.000000000000000000, -0.000000000000000000, -0.000000000000000000 ) ) ;
#3209 = ORIENTED_EDGE ( 'NONE', *, *, #5091, .F. ) ;
#3210 = CARTESIAN_POINT ( 'NONE',  ( -0.8000000000000000444, -13.50000000000000000, 13.24999999999999822 ) ) ;
#3211 = ORIENTED_EDGE ( 'NONE', *, *, #6565, .F. ) ;
#3212 = DIRECTION ( 'NONE',  ( 1.000000000000000000, -0.000000000000000000, -0.000000000000000000 ) ) ;
#3213 = FACE_OUTER_BOUND ( 'NONE', #3705, .T. ) ;
#3214 = EDGE_CURVE ( 'NONE', #1176, #3678, #6177, .T. ) ;
#3215 = ORIENTED_EDGE ( 'NONE', *, *, #6038, .F. ) ;
#3216 = DIRECTION ( 'NONE',  ( 0.000000000000000000, -0.9999999999993005595, -1.182668467503926780E-06 ) ) ;
#3217 = ORIENTED_EDGE ( 'NONE', *, *, #7080, .T. ) ;
#3218 = EDGE_CURVE ( 'NONE', #2280, #5832, #553, .T. ) ;
#3219 = LINE ( 'NONE', #2176, #3854 ) ;
#3220 = CARTESIAN_POINT ( 'NONE',  ( 55.38534710664308136, -67.25000000000000000, 19.88809872202711304 ) ) ;
#3221 = CARTESIAN_POINT ( 'NONE',  ( 7.933137798451193490, -7.939598186204286812, -0.9828630356705136961 ) ) ;
#3222 = VERTEX_POINT ( 'NONE', #1625 ) ;
#3223 = ORIENTED_EDGE ( 'NONE', *, *, #3243, .F. ) ;
#3224 = ORIENTED_EDGE ( 'NONE', *, *, #3269, .F. ) ;
#3225 = CARTESIAN_POINT ( 'NONE',  ( 1.182766006347822832E-14, -1.321449802727579806E-16, -20.24999999999999289 ) ) ;
#3226 = EDGE_CURVE ( 'NONE', #6914, #2169, #1778, .T. ) ;
#3227 = EDGE_CURVE ( 'NONE', #2060, #6487, #2866, .T. ) ;
#3228 = LINE ( 'NONE', #3117, #2050 ) ;
#3229 = VECTOR ( 'NONE', #5053, 1000.000000000000000 ) ;
#3230 = ORIENTED_EDGE ( 'NONE', *, *, #1503, .T. ) ;
#3231 = DIRECTION ( 'NONE',  ( -0.000000000000000000, -1.000000000000000000, -0.000000000000000000 ) ) ;
#3232 = CARTESIAN_POINT ( 'NONE',  ( 50.28914515829260523, -67.25000000000000000, 26.52902590443859054 ) ) ;
#3233 = CARTESIAN_POINT ( 'NONE',  ( 8.649439983033657242, 3.942635539838800440, 1.125000000000000222 ) ) ;
#3234 = EDGE_CURVE ( 'NONE', #238, #498, #512, .T. ) ;
#3235 = EDGE_CURVE ( 'NONE', #3523, #7012, #7090, .T. ) ;
#3236 = CYLINDRICAL_SURFACE ( 'NONE', #2127, 14.80283886912689439 ) ;
#3237 = EDGE_LOOP ( 'NONE', ( #3382, #3575, #1580, #5238 ) ) ;
#3238 = PLANE ( 'NONE',  #2523 ) ;
#3239 = DIRECTION ( 'NONE',  ( 0.000000000000000000, 0.000000000000000000, -1.000000000000000000 ) ) ;
#3240 = FACE_BOUND ( 'NONE', #6411, .T. ) ;
#3241 = DIRECTION ( 'NONE',  ( -1.000000000000000000, -0.000000000000000000, -0.000000000000000000 ) ) ;
#3242 = CARTESIAN_POINT ( 'NONE',  ( 4.014652893356916330, -67.24999999999998579, -19.88809872202713791 ) ) ;
#3243 = EDGE_CURVE ( 'NONE', #4052, #6517, #5530, .T. ) ;
#3244 = CARTESIAN_POINT ( 'NONE',  ( 8.500000000000003553, 3.942635539838801328, -1.125000000000000444 ) ) ;
#3245 = DIRECTION ( 'NONE',  ( 1.000000000000000000, 0.000000000000000000, 0.000000000000000000 ) ) ;
#3246 = ORIENTED_EDGE ( 'NONE', *, *, #6751, .F. ) ;
#3247 = CARTESIAN_POINT ( 'NONE',  ( 3.500000000000000000, -23.25000000000000355, -12.55999904183487637 ) ) ;
#3248 = VERTEX_POINT ( 'NONE', #6330 ) ;
#3249 = DIRECTION ( 'NONE',  ( -0.000000000000000000, 1.000000000000000000, 4.127223139870470387E-16 ) ) ;
#3250 = EDGE_LOOP ( 'NONE', ( #6460, #5812, #6430, #891 ) ) ;
#3251 =( BOUNDED_CURVE ( )  B_SPLINE_CURVE ( 3, ( #3290, #1663, #4503, #5013 ),
 .UNSPECIFIED., .F., .F. ) 
 B_SPLINE_CURVE_WITH_KNOTS ( ( 4, 4 ),
 ( 1.660698431136855113, 2.409453388187867251 ),
 .UNSPECIFIED. ) 
 CURVE ( )  GEOMETRIC_REPRESENTATION_ITEM ( )  RATIONAL_B_SPLINE_CURVE ( ( 1.000000000000000000, 0.9538236360741783049, 0.9538236360741783049, 1.000000000000000000 ) ) 
 REPRESENTATION_ITEM ( '' )  );
#3252 = CARTESIAN_POINT ( 'NONE',  ( 1.320127283879557911, -67.24999999999998579, -22.88608840329826322 ) ) ;
#3253 = ORIENTED_EDGE ( 'NONE', *, *, #4523, .F. ) ;
#3254 = LINE ( 'NONE', #2139, #1779 ) ;
#3255 = VECTOR ( 'NONE', #6208, 1000.000000000000000 ) ;
#3256 = DIRECTION ( 'NONE',  ( -0.000000000000000000, 1.000000000000000000, 2.668805347656626678E-16 ) ) ;
#3257 = AXIS2_PLACEMENT_3D ( 'NONE', #3990, #4979, #4540 ) ;
#3258 = CARTESIAN_POINT ( 'NONE',  ( 3.499999999999996447, -23.25000000000000355, 12.55999940691883054 ) ) ;
#3259 = VERTEX_POINT ( 'NONE', #2457 ) ;
#3260 = ORIENTED_EDGE ( 'NONE', *, *, #3683, .F. ) ;
#3261 = VERTEX_POINT ( 'NONE', #4651 ) ;
#3262 = EDGE_CURVE ( 'NONE', #5937, #3812, #1202, .T. ) ;
#3263 = ORIENTED_EDGE ( 'NONE', *, *, #4092, .F. ) ;
#3264 = DIRECTION ( 'NONE',  ( -0.000000000000000000, 1.000000000000000000, -0.000000000000000000 ) ) ;
#3265 = AXIS2_PLACEMENT_3D ( 'NONE', #893, #4778, #6934 ) ;
#3266 = VECTOR ( 'NONE', #3444, 1000.000000000000000 ) ;
#3267 = DIRECTION ( 'NONE',  ( 2.920409892216846640E-16, 5.295414454691777803E-17, 1.000000000000000000 ) ) ;
#3268 = VECTOR ( 'NONE', #5417, 1000.000000000000000 ) ;
#3269 = EDGE_CURVE ( 'NONE', #4151, #4601, #4104, .T. ) ;
#3270 = ORIENTED_EDGE ( 'NONE', *, *, #6137, .F. ) ;
#3271 = DIRECTION ( 'NONE',  ( 2.583947887447540056E-15, 1.000000000000000000, -9.938261105567461563E-17 ) ) ;
#3272 = ORIENTED_EDGE ( 'NONE', *, *, #1907, .T. ) ;
#3273 = FACE_BOUND ( 'NONE', #3206, .T. ) ;
#3274 = CIRCLE ( 'NONE', #5158, 1.200000000000001510 ) ;
#3275 = EDGE_CURVE ( 'NONE', #4288, #6833, #160, .T. ) ;
#3276 = CARTESIAN_POINT ( 'NONE',  ( -0.8000000000000020428, -16.33311347870889207, -11.85020984583683834 ) ) ;
#3277 = VECTOR ( 'NONE', #2638, 1000.000000000000000 ) ;
#3278 = DIRECTION ( 'NONE',  ( -0.000000000000000000, -0.000000000000000000, 1.000000000000000000 ) ) ;
#3279 = ORIENTED_EDGE ( 'NONE', *, *, #1586, .T. ) ;
#3280 = PLANE ( 'NONE',  #2874 ) ;
#3281 = ORIENTED_EDGE ( 'NONE', *, *, #26, .F. ) ;
#3282 = DIRECTION ( 'NONE',  ( -1.000000000000000000, -0.000000000000000000, -0.000000000000000000 ) ) ;
#3283 = EDGE_CURVE ( 'NONE', #5960, #939, #6059, .T. ) ;
#3284 = DIRECTION ( 'NONE',  ( -1.000000000000000000, -0.000000000000000000, -0.000000000000000000 ) ) ;
#3285 = AXIS2_PLACEMENT_3D ( 'NONE', #2168, #2921, #2498 ) ;
#3286 = LINE ( 'NONE', #4973, #2657 ) ;
#3287 = ORIENTED_EDGE ( 'NONE', *, *, #1949, .F. ) ;
#3288 = CARTESIAN_POINT ( 'NONE',  ( 3.735903773857076615, -67.24999999999998579, -19.95473532107414272 ) ) ;
#3289 = DIRECTION ( 'NONE',  ( -1.000000000000000000, -0.000000000000000000, -0.000000000000000000 ) ) ;
#3290 = CARTESIAN_POINT ( 'NONE',  ( 59.40000000000000568, -1.732050807568846995, 20.24999999999998934 ) ) ;
#3291 = CIRCLE ( 'NONE', #3880, 2.250000000000000000 ) ;
#3292 = AXIS2_PLACEMENT_3D ( 'NONE', #1439, #5828, #3649 ) ;
#3293 = ORIENTED_EDGE ( 'NONE', *, *, #2353, .T. ) ;
#3294 = CARTESIAN_POINT ( 'NONE',  ( 58.07987271612044822, -3.253997156820717773, -22.88608840329827032 ) ) ;
#3295 = EDGE_CURVE ( 'NONE', #7026, #883, #6229, .T. ) ;
#3296 = DIRECTION ( 'NONE',  ( 0.000000000000000000, 0.000000000000000000, -1.000000000000000000 ) ) ;
#3297 = ORIENTED_EDGE ( 'NONE', *, *, #2539, .T. ) ;
#3298 = AXIS2_PLACEMENT_3D ( 'NONE', #4560, #2777, #610 ) ;
#3299 = DIRECTION ( 'NONE',  ( 7.346553920761778045E-15, 0.000000000000000000, 1.000000000000000000 ) ) ;
#3300 = CIRCLE ( 'NONE', #4594, 144.8280647581437961 ) ;
#3301 = EDGE_LOOP ( 'NONE', ( #3906, #6597, #4312, #1634 ) ) ;
#3302 = EDGE_LOOP ( 'NONE', ( #4852, #1961, #4640, #6488 ) ) ;
#3303 = CARTESIAN_POINT ( 'NONE',  ( 53.21081584697754607, -5.114983607565696921, -26.10941148818590563 ) ) ;
#3304 = ORIENTED_EDGE ( 'NONE', *, *, #6974, .T. ) ;
#3305 = CARTESIAN_POINT ( 'NONE',  ( 6.938893903907228378E-15, -67.24999999999998579, 20.25000000000001421 ) ) ;
#3306 = DIRECTION ( 'NONE',  ( -1.000000000000000000, -0.000000000000000000, -0.000000000000000000 ) ) ;
#3307 = VERTEX_POINT ( 'NONE', #5200 ) ;
#3308 = ORIENTED_EDGE ( 'NONE', *, *, #3473, .F. ) ;
#3309 = LINE ( 'NONE', #4450, #6478 ) ;
#3310 = CARTESIAN_POINT ( 'NONE',  ( 3.499999999999998224, -67.24999999999998579, -20.24999999999998579 ) ) ;
#3311 = AXIS2_PLACEMENT_3D ( 'NONE', #2939, #4373, #6568 ) ;
#3312 = ORIENTED_EDGE ( 'NONE', *, *, #3472, .F. ) ;
#3313 = DIRECTION ( 'NONE',  ( -1.000000000000000000, 0.000000000000000000, 0.000000000000000000 ) ) ;
#3314 = EDGE_CURVE ( 'NONE', #1916, #6230, #5695, .T. ) ;
#3315 = CARTESIAN_POINT ( 'NONE',  ( 38.41413931812409999, -38.89000006817515498, 6.999999459518204681 ) ) ;
#3316 = CARTESIAN_POINT ( 'NONE',  ( 1.020000000025375719, -15.77875288874589899, -11.66180175579101252 ) ) ;
#3317 = ADVANCED_FACE ( 'NONE', ( #3580 ), #4618, .F. ) ;
#3318 = FACE_OUTER_BOUND ( 'NONE', #1175, .T. ) ;
#3319 = FACE_BOUND ( 'NONE', #3100, .T. ) ;
#3320 = ORIENTED_EDGE ( 'NONE', *, *, #1684, .T. ) ;
#3321 = DIRECTION ( 'NONE',  ( -0.000000000000000000, -1.000000000000000000, -0.000000000000000000 ) ) ;
#3322 = DIRECTION ( 'NONE',  ( 0.000000000000000000, 0.000000000000000000, -1.000000000000000000 ) ) ;
#3323 = DIRECTION ( 'NONE',  ( -0.000000000000000000, 1.000000000000000000, -0.000000000000000000 ) ) ;
#3324 = ORIENTED_EDGE ( 'NONE', *, *, #1027, .F. ) ;
#3325 = ORIENTED_EDGE ( 'NONE', *, *, #7097, .F. ) ;
#3326 = CARTESIAN_POINT ( 'NONE',  ( -0.8000000000000020428, -15.22817469490355968, 11.11121065079267289 ) ) ;
#3327 = CARTESIAN_POINT ( 'NONE',  ( 9.398981133003912802, -4.042547276568127401, -0.6920912916623834787 ) ) ;
#3328 = EDGE_CURVE ( 'NONE', #1137, #1679, #3514, .T. ) ;
#3329 = CARTESIAN_POINT ( 'NONE',  ( 29.69999999999999929, -67.25000000000004263, 116.8280647581437819 ) ) ;
#3330 = LINE ( 'NONE', #1738, #6382 ) ;
#3331 = ORIENTED_EDGE ( 'NONE', *, *, #1556, .T. ) ;
#3332 = EDGE_CURVE ( 'NONE', #7131, #4077, #285, .T. ) ;
#3333 = VECTOR ( 'NONE', #4461, 1000.000000000000000 ) ;
#3334 = ORIENTED_EDGE ( 'NONE', *, *, #769, .T. ) ;
#3335 = VERTEX_POINT ( 'NONE', #6809 ) ;
#3336 = DIRECTION ( 'NONE',  ( 1.000000000000000000, -2.529146437248130062E-15, 2.920409892216848119E-16 ) ) ;
#3337 = VERTEX_POINT ( 'NONE', #4721 ) ;
#3338 = CYLINDRICAL_SURFACE ( 'NONE', #6523, 4.030931702365784908 ) ;
#3339 = CIRCLE ( 'NONE', #4737, 17.70000000000000639 ) ;
#3340 = CARTESIAN_POINT ( 'NONE',  ( 59.40100000000001046, -38.75000000000000000, -10.65111910102082504 ) ) ;
#3341 = EDGE_CURVE ( 'NONE', #6760, #4833, #5946, .T. ) ;
#3342 = ADVANCED_FACE ( 'NONE', ( #212 ), #6911, .T. ) ;
#3343 = CARTESIAN_POINT ( 'NONE',  ( 1.320127283879557911, -3.253997156820717773, 22.88608840329823479 ) ) ;
#3344 = CARTESIAN_POINT ( 'NONE',  ( 5.000000000000000000, 0.000000000000000000, 0.000000000000000000 ) ) ;
#3345 = VERTEX_POINT ( 'NONE', #1946 ) ;
#3346 = ORIENTED_EDGE ( 'NONE', *, *, #3572, .T. ) ;
#3347 = ORIENTED_EDGE ( 'NONE', *, *, #3243, .T. ) ;
#3348 = ORIENTED_EDGE ( 'NONE', *, *, #1837, .F. ) ;
#3349 = CARTESIAN_POINT ( 'NONE',  ( 7.404959371728738304, -4.091519595731385017, 0.2965924156800096023 ) ) ;
#3350 = CYLINDRICAL_SURFACE ( 'NONE', #1480, 17.70000000000000639 ) ;
#3351 = ORIENTED_EDGE ( 'NONE', *, *, #2039, .T. ) ;
#3352 = CARTESIAN_POINT ( 'NONE',  ( 1.020000000025368614, -40.65361423466061552, 6.999996328446811411 ) ) ;
#3353 = DIRECTION ( 'NONE',  ( 7.346558272313495061E-15, 1.251123237157644146E-06, 0.9999999999992174038 ) ) ;
#3354 = DIRECTION ( 'NONE',  ( -1.000000000000000000, -0.000000000000000000, -0.000000000000000000 ) ) ;
#3355 = DIRECTION ( 'NONE',  ( 1.000000000000000000, -0.000000000000000000, -0.000000000000000000 ) ) ;
#3356 = DIRECTION ( 'NONE',  ( -1.000000000000000000, -0.000000000000000000, -0.000000000000000000 ) ) ;
#3357 = CARTESIAN_POINT ( 'NONE',  ( -2.000000000000000000, -38.75000000000000000, 10.75000000000000000 ) ) ;
#3358 = CARTESIAN_POINT ( 'NONE',  ( -0.8000000000000020428, -38.75000000000000000, -10.65111910102082504 ) ) ;
#3359 = LINE ( 'NONE', #6734, #5234 ) ;
#3360 = EDGE_CURVE ( 'NONE', #2616, #3409, #6363, .T. ) ;
#3361 = AXIS2_PLACEMENT_3D ( 'NONE', #922, #6491, #371 ) ;
#3362 = EDGE_LOOP ( 'NONE', ( #3017, #6628, #980, #4801 ) ) ;
#3363 = CARTESIAN_POINT ( 'NONE',  ( 55.89999999999999858, -8.125000000000000000, 0.000000000000000000 ) ) ;
#3364 = DIRECTION ( 'NONE',  ( -1.000000000000000000, -2.529146437248129668E-15, 2.920409892216848119E-16 ) ) ;
#3365 = CYLINDRICAL_SURFACE ( 'NONE', #5729, 1.149999999999999911 ) ;
#3366 = ORIENTED_EDGE ( 'NONE', *, *, #4317, .T. ) ;
#3367 = DIRECTION ( 'NONE',  ( -1.000000000000000000, -0.000000000000000000, -0.000000000000000000 ) ) ;
#3368 = FACE_OUTER_BOUND ( 'NONE', #5839, .T. ) ;
#3369 = ORIENTED_EDGE ( 'NONE', *, *, #2179, .F. ) ;
#3370 = EDGE_CURVE ( 'NONE', #1927, #5397, #1346, .T. ) ;
#3371 = CARTESIAN_POINT ( 'NONE',  ( 3.750122000035997605, -1.595918493968404572, 20.01421191629212970 ) ) ;
#3372 = CARTESIAN_POINT ( 'NONE',  ( 0.000000000000000000, 0.000000000000000000, 0.000000000000000000 ) ) ;
#3373 = DIRECTION ( 'NONE',  ( 0.07531914298566547150, 0.4985797395351829753, -0.8635654404994065336 ) ) ;
#3374 = CYLINDRICAL_SURFACE ( 'NONE', #2229, 8.000000000000000000 ) ;
#3375 = VERTEX_POINT ( 'NONE', #6263 ) ;
#3376 = EDGE_LOOP ( 'NONE', ( #2698, #1379 ) ) ;
#3377 = ADVANCED_FACE ( 'NONE', ( #5667 ), #765, .T. ) ;
#3378 = ORIENTED_EDGE ( 'NONE', *, *, #3295, .F. ) ;
#3379 = DIRECTION ( 'NONE',  ( -0.000000000000000000, 1.000000000000000000, -0.000000000000000000 ) ) ;
#3380 = VECTOR ( 'NONE', #5272, 1000.000000000000000 ) ;
#3381 = DIRECTION ( 'NONE',  ( 0.7071067811865422437, -0.7071067811865527908, -1.690599291620206140E-16 ) ) ;
#3382 = ORIENTED_EDGE ( 'NONE', *, *, #363, .T. ) ;
#3383 = VECTOR ( 'NONE', #3591, 1000.000000000000000 ) ;
#3384 = EDGE_LOOP ( 'NONE', ( #5369, #2643, #789, #4247 ) ) ;
#3385 = FACE_OUTER_BOUND ( 'NONE', #2818, .T. ) ;
#3386 = AXIS2_PLACEMENT_3D ( 'NONE', #1463, #996, #6456 ) ;
#3387 = CYLINDRICAL_SURFACE ( 'NONE', #2840, 1.149999999999999911 ) ;
#3388 = DIRECTION ( 'NONE',  ( -1.000000000000000000, 0.000000000000000000, 0.000000000000000000 ) ) ;
#3389 = VECTOR ( 'NONE', #6151, 1000.000000000000000 ) ;
#3390 = CARTESIAN_POINT ( 'NONE',  ( 57.39999999999999858, -56.24999999999998579, 16.74999999999999289 ) ) ;
#3391 = ORIENTED_EDGE ( 'NONE', *, *, #483, .F. ) ;
#3392 = CARTESIAN_POINT ( 'NONE',  ( -2.000000000000000000, -13.00000000000001421, -3.144936406352223823 ) ) ;
#3393 = DIRECTION ( 'NONE',  ( 0.000000000000000000, 0.000000000000000000, -1.000000000000000000 ) ) ;
#3394 = CIRCLE ( 'NONE', #4327, 13.37500000000000000 ) ;
#3395 = CARTESIAN_POINT ( 'NONE',  ( 59.39999999999999858, -56.24999999999998579, 10.24999999999998757 ) ) ;
#3396 = VERTEX_POINT ( 'NONE', #798 ) ;
#3397 = AXIS2_PLACEMENT_3D ( 'NONE', #4547, #5603, #6132 ) ;
#3398 = FACE_OUTER_BOUND ( 'NONE', #6102, .T. ) ;
#3399 = AXIS2_PLACEMENT_3D ( 'NONE', #4760, #2506, #5239 ) ;
#3400 = CARTESIAN_POINT ( 'NONE',  ( 9.625028112185884055, -4.100007713709413082, 0.1481232597221777414 ) ) ;
#3401 = DIRECTION ( 'NONE',  ( 0.08688894065010210888, -0.000000000000000000, -0.9962180042504266142 ) ) ;
#3402 = VERTEX_POINT ( 'NONE', #145 ) ;
#3403 = DIRECTION ( 'NONE',  ( -0.000000000000000000, 1.000000000000000000, 0.000000000000000000 ) ) ;
#3404 = AXIS2_PLACEMENT_3D ( 'NONE', #5945, #968, #3175 ) ;
#3405 = ORIENTED_EDGE ( 'NONE', *, *, #4982, .T. ) ;
#3406 = EDGE_CURVE ( 'NONE', #6889, #2147, #3732, .T. ) ;
#3407 = ORIENTED_EDGE ( 'NONE', *, *, #3766, .F. ) ;
#3408 = DIRECTION ( 'NONE',  ( -0.000000000000000000, 1.000000000000000000, -0.000000000000000000 ) ) ;
#3409 = VERTEX_POINT ( 'NONE', #4682 ) ;
#3410 = ORIENTED_EDGE ( 'NONE', *, *, #4342, .F. ) ;
#3411 = DIRECTION ( 'NONE',  ( -0.000000000000000000, 1.000000000000000000, 4.127223139870470387E-16 ) ) ;
#3412 = AXIS2_PLACEMENT_3D ( 'NONE', #6078, #3824, #6149 ) ;
#3413 = CARTESIAN_POINT ( 'NONE',  ( 59.65000000000004832, -85.66000000000012449, 20.25000000000001776 ) ) ;
#3414 = DIRECTION ( 'NONE',  ( 0.9962180042504268362, -3.586100464499250400E-17, 0.08688894065010013823 ) ) ;
#3415 = ADVANCED_FACE ( 'NONE', ( #6880 ), #2015, .F. ) ;
#3416 = PLANE ( 'NONE',  #2814 ) ;
#3417 = AXIS2_PLACEMENT_3D ( 'NONE', #2901, #3890, #703 ) ;
#3418 = CIRCLE ( 'NONE', #2134, 1.149999999999999911 ) ;
#3419 = AXIS2_PLACEMENT_3D ( 'NONE', #767, #872, #1348 ) ;
#3420 = VERTEX_POINT ( 'NONE', #6971 ) ;
#3421 = ORIENTED_EDGE ( 'NONE', *, *, #5064, .F. ) ;
#3422 = CARTESIAN_POINT ( 'NONE',  ( 59.39999999999999858, -43.02999999999998693, 15.24999999999999289 ) ) ;
#3423 = EDGE_CURVE ( 'NONE', #5, #454, #1995, .T. ) ;
#3424 = CYLINDRICAL_SURFACE ( 'NONE', #3923, 13.37500000000000000 ) ;
#3425 = EDGE_LOOP ( 'NONE', ( #5137, #1977, #92, #4869 ) ) ;
#3426 = CARTESIAN_POINT ( 'NONE',  ( 57.39999999999999858, -56.24999999999998579, -18.24999999999999289 ) ) ;
#3427 = CARTESIAN_POINT ( 'NONE',  ( 55.89999999999999858, 8.125000000000000000, 0.000000000000000000 ) ) ;
#3428 = CARTESIAN_POINT ( 'NONE',  ( 9.110854841707393348, -67.25000000000000000, 26.52902590443854791 ) ) ;
#3429 = CARTESIAN_POINT ( 'NONE',  ( 55.38534710664308136, -23.25000000000000355, 19.88809872202711304 ) ) ;
#3430 = ORIENTED_EDGE ( 'NONE', *, *, #6870, .T. ) ;
#3431 = CARTESIAN_POINT ( 'NONE',  ( 7.516925966382835611, -7.981084689631953388, 0.5662689197559211962 ) ) ;
#3432 = CARTESIAN_POINT ( 'NONE',  ( -3.000000000000000000, -49.63999999999779789, -4.999999999994892974 ) ) ;
#3433 = EDGE_CURVE ( 'NONE', #6566, #3097, #5403, .T. ) ;
#3434 = EDGE_LOOP ( 'NONE', ( #307, #6041, #2210, #551 ) ) ;
#3435 = DIRECTION ( 'NONE',  ( -1.000000000000000000, -0.000000000000000000, -0.000000000000000000 ) ) ;
#3436 = CARTESIAN_POINT ( 'NONE',  ( 1.020000000025375719, -15.03977988296545654, 10.55684471750548070 ) ) ;
#3437 = CARTESIAN_POINT ( 'NONE',  ( 9.068065119954640707, -3.981072450863423207, 0.9820718214668432422 ) ) ;
#3438 = VERTEX_POINT ( 'NONE', #6433 ) ;
#3439 = DIRECTION ( 'NONE',  ( 0.000000000000000000, 3.934719212345380907E-16, -1.000000000000000000 ) ) ;
#3440 = CARTESIAN_POINT ( 'NONE',  ( -0.2500000000000904277, -71.00000000000002842, 20.25000000000001421 ) ) ;
#3441 = ORIENTED_EDGE ( 'NONE', *, *, #142, .T. ) ;
#3442 = VERTEX_POINT ( 'NONE', #5836 ) ;
#3443 = ORIENTED_EDGE ( 'NONE', *, *, #4638, .F. ) ;
#3444 = DIRECTION ( 'NONE',  ( 0.000000000000000000, 0.000000000000000000, -1.000000000000000000 ) ) ;
#3445 = ORIENTED_EDGE ( 'NONE', *, *, #452, .F. ) ;
#3446 = B_SPLINE_CURVE_WITH_KNOTS ( 'NONE', 3,
 ( #6104, #1139, #5574, #5539, #529, #565, #6684, #3349, #6719, #3816, #603, #6141, #2805, #5614, #90, #6598, #2261, #3929 ),
 .UNSPECIFIED., .F., .F.,
 ( 4, 2, 2, 2, 2, 2, 2, 2, 4 ),
 ( 0.000000000000000000, 0.0004417810584456422916, 0.0008835621168912845833, 0.001325343175336926929, 0.001767124233782569167, 0.002208905292228211404, 0.002650686350673853858, 0.003092467409119495879, 0.003534248467565138333 ),
 .UNSPECIFIED. ) ;
#3447 = CARTESIAN_POINT ( 'NONE',  ( 3.782054103281768942, -1.626029201458729201, 20.06636519151721743 ) ) ;
#3448 = EDGE_CURVE ( 'NONE', #6004, #6093, #3171, .T. ) ;
#3449 = DIRECTION ( 'NONE',  ( 2.931927001650943529E-15, 1.000000000000000000, 0.000000000000000000 ) ) ;
#3450 = DIRECTION ( 'NONE',  ( 0.000000000000000000, 0.000000000000000000, -1.000000000000000000 ) ) ;
#3451 = EDGE_CURVE ( 'NONE', #1832, #6717, #1784, .T. ) ;
#3452 = CARTESIAN_POINT ( 'NONE',  ( 1.020000000025278464, -31.89210119208635419, -9.442286694060694430 ) ) ;
#3453 = ORIENTED_EDGE ( 'NONE', *, *, #4707, .F. ) ;
#3454 = VECTOR ( 'NONE', #4137, 1000.000000000000000 ) ;
#3455 = EDGE_CURVE ( 'NONE', #2406, #542, #3036, .T. ) ;
#3456 = LINE ( 'NONE', #5705, #3383 ) ;
#3457 = ORIENTED_EDGE ( 'NONE', *, *, #2662, .T. ) ;
#3458 = ORIENTED_EDGE ( 'NONE', *, *, #6258, .T. ) ;
#3459 = VERTEX_POINT ( 'NONE', #3655 ) ;
#3460 = LINE ( 'NONE', #3426, #1645 ) ;
#3461 = EDGE_CURVE ( 'NONE', #6251, #5832, #5329, .T. ) ;
#3462 = CARTESIAN_POINT ( 'NONE',  ( -0.2500000000000525135, -85.66000000000012449, 20.25000000000001421 ) ) ;
#3463 = EDGE_CURVE ( 'NONE', #4860, #7066, #1890, .T. ) ;
#3464 = CARTESIAN_POINT ( 'NONE',  ( -2.000000000000001776, -49.63999999999779789, 3.750000000005107914 ) ) ;
#3465 = B_SPLINE_CURVE_WITH_KNOTS ( 'NONE', 3,
 ( #2122, #4308, #5442, #6501, #4349, #1544, #903, #6538, #1581, #5977, #1006, #6008, #7124, #1041 ),
 .UNSPECIFIED., .F., .F.,
 ( 4, 2, 2, 2, 2, 2, 4 ),
 ( 0.000000000000000000, 0.2500000000000014433, 0.5000000000000027756, 0.6250000000000034417, 0.7500000000000022204, 0.8750000000000011102, 1.000000000000000000 ),
 .UNSPECIFIED. ) ;
#3466 = CARTESIAN_POINT ( 'NONE',  ( 9.192500938010235600, -7.950051643842865445, 0.8986287320600985229 ) ) ;
#3467 = ORIENTED_EDGE ( 'NONE', *, *, #842, .F. ) ;
#3468 = DIRECTION ( 'NONE',  ( 0.000000000000000000, -0.4999999999999943934, -0.8660254037844420383 ) ) ;
#3469 = EDGE_LOOP ( 'NONE', ( #4892, #6682, #6981, #5565, #4617, #410 ) ) ;
#3470 = DIRECTION ( 'NONE',  ( 0.000000000000000000, -0.9999999999984094945, 1.783514044786382707E-06 ) ) ;
#3471 = DIRECTION ( 'NONE',  ( 0.000000000000000000, 0.000000000000000000, 1.000000000000000000 ) ) ;
#3472 = EDGE_CURVE ( 'NONE', #1714, #6399, #1978, .T. ) ;
#3473 = EDGE_CURVE ( 'NONE', #4320, #6181, #3394, .T. ) ;
#3474 = CARTESIAN_POINT ( 'NONE',  ( 38.41413931812409999, -16.52954290413744332, -11.86002913982032503 ) ) ;
#3475 = DIRECTION ( 'NONE',  ( 0.000000000000000000, 0.000000000000000000, 1.000000000000000000 ) ) ;
#3476 = LINE ( 'NONE', #6225, #5271 ) ;
#3477 = CARTESIAN_POINT ( 'NONE',  ( 40.64999999999984936, 0.000000000000000000, 17.24999999999999645 ) ) ;
#3478 = ORIENTED_EDGE ( 'NONE', *, *, #5093, .T. ) ;
#3479 = DIRECTION ( 'NONE',  ( 1.000000000000000000, 0.000000000000000000, 0.000000000000000000 ) ) ;
#3480 = EDGE_LOOP ( 'NONE', ( #3642, #6660, #1396, #1953 ) ) ;
#3481 = CIRCLE ( 'NONE', #2065, 0.2866033983652087613 ) ;
#3482 = EDGE_CURVE ( 'NONE', #6717, #5431, #929, .T. ) ;
#3483 = ORIENTED_EDGE ( 'NONE', *, *, #4546, .T. ) ;
#3484 = FACE_OUTER_BOUND ( 'NONE', #324, .T. ) ;
#3485 = CARTESIAN_POINT ( 'NONE',  ( -2.000000000000000000, -38.75000000000000000, -10.65111910102082504 ) ) ;
#3486 = ORIENTED_EDGE ( 'NONE', *, *, #5648, .F. ) ;
#3487 = DIRECTION ( 'NONE',  ( -1.070137257056862091E-15, 0.7071067811865522357, 0.7071067811865426878 ) ) ;
#3488 = FACE_OUTER_BOUND ( 'NONE', #4543, .T. ) ;
#3489 = CIRCLE ( 'NONE', #6261, 1.149999999999999911 ) ;
#3490 = VERTEX_POINT ( 'NONE', #378 ) ;
#3491 = CARTESIAN_POINT ( 'NONE',  ( -0.8000000000000000444, -31.89210119208635419, -9.442286694060694430 ) ) ;
#3492 = CYLINDRICAL_SURFACE ( 'NONE', #5475, 2.250000000000000444 ) ;
#3493 = ORIENTED_EDGE ( 'NONE', *, *, #833, .F. ) ;
#3494 = FACE_OUTER_BOUND ( 'NONE', #5505, .T. ) ;
#3495 =( BOUNDED_CURVE ( )  B_SPLINE_CURVE ( 3, ( #2877, #4120, #5112, #4661 ),
 .UNSPECIFIED., .F., .F. ) 
 B_SPLINE_CURVE_WITH_KNOTS ( ( 4, 4 ),
 ( 2.410113750965476864, 2.973464256489445567 ),
 .UNSPECIFIED. ) 
 CURVE ( )  GEOMETRIC_REPRESENTATION_ITEM ( )  RATIONAL_B_SPLINE_CURVE ( ( 1.000000000000000000, 0.9737274162510589637, 0.9737274162510589637, 1.000000000000000000 ) ) 
 REPRESENTATION_ITEM ( '' )  );
#3496 = CARTESIAN_POINT ( 'NONE',  ( -0.8000000000000020428, -15.21944764235372993, -11.11534759458924171 ) ) ;
#3497 = CARTESIAN_POINT ( 'NONE',  ( 69.40000000000000568, -43.02999999999998693, 10.24999999999999112 ) ) ;
#3498 = VECTOR ( 'NONE', #5341, 1000.000000000000000 ) ;
#3499 = CARTESIAN_POINT ( 'NONE',  ( 22.89196274201136561, -4.042763739493040021, 24.25227219979914040 ) ) ;
#3500 = EDGE_CURVE ( 'NONE', #5283, #438, #2079, .T. ) ;
#3501 = EDGE_LOOP ( 'NONE', ( #4592, #1482, #6301, #2765 ) ) ;
#3502 = AXIS2_PLACEMENT_3D ( 'NONE', #1177, #3313, #5542 ) ;
#3503 = LINE ( 'NONE', #3535, #1523 ) ;
#3504 = VERTEX_POINT ( 'NONE', #4307 ) ;
#3505 = PLANE ( 'NONE',  #6590 ) ;
#3506 = CARTESIAN_POINT ( 'NONE',  ( 57.39999999999999858, -43.02999999999998693, -10.24999999999998401 ) ) ;
#3507 = AXIS2_PLACEMENT_3D ( 'NONE', #5316, #6954, #6419 ) ;
#3508 = EDGE_LOOP ( 'NONE', ( #7132, #6145, #2774, #2649, #6770 ) ) ;
#3509 = CARTESIAN_POINT ( 'NONE',  ( 29.69999999999999929, -67.25000000000000000, -116.8280647581438103 ) ) ;
#3510 = ORIENTED_EDGE ( 'NONE', *, *, #2517, .F. ) ;
#3511 = DIRECTION ( 'NONE',  ( -0.000000000000000000, 1.000000000000000000, -0.000000000000000000 ) ) ;
#3512 = ADVANCED_FACE ( 'NONE', ( #4201 ), #1505, .F. ) ;
#3513 = AXIS2_PLACEMENT_3D ( 'NONE', #1921, #5167, #725 ) ;
#3514 = LINE ( 'NONE', #6781, #6506 ) ;
#3515 = AXIS2_PLACEMENT_3D ( 'NONE', #4687, #2505, #6916 ) ;
#3516 = CARTESIAN_POINT ( 'NONE',  ( 40.64999999999984936, -5.430220388136072884, 26.65541760854819842 ) ) ;
#3517 = DIRECTION ( 'NONE',  ( 0.000000000000000000, -1.000000000000000000, 0.000000000000000000 ) ) ;
#3518 = CARTESIAN_POINT ( 'NONE',  ( 40.64999999999984936, -19.74999999999999645, 24.90344073757374943 ) ) ;
#3519 = AXIS2_PLACEMENT_3D ( 'NONE', #6874, #793, #2419 ) ;
#3520 = LINE ( 'NONE', #467, #3629 ) ;
#3521 = APPLICATION_CONTEXT ( 'automotive_design' ) ;
#3522 = DIRECTION ( 'NONE',  ( 0.000000000000000000, -1.000000000000000000, 0.000000000000000000 ) ) ;
#3523 = VERTEX_POINT ( 'NONE', #3130 ) ;
#3524 = FACE_OUTER_BOUND ( 'NONE', #780, .T. ) ;
#3525 = CARTESIAN_POINT ( 'NONE',  ( 57.89999999999999858, 0.000000000000000000, 8.125000000000000000 ) ) ;
#3526 = AXIS2_PLACEMENT_3D ( 'NONE', #3187, #2682, #3600 ) ;
#3527 = EDGE_LOOP ( 'NONE', ( #5727, #4772, #2102, #1109 ) ) ;
#3528 = DIRECTION ( 'NONE',  ( -0.000000000000000000, 1.000000000000000000, 2.063611569935235193E-16 ) ) ;
#3529 = DIRECTION ( 'NONE',  ( 0.000000000000000000, 0.000000000000000000, -1.000000000000000000 ) ) ;
#3530 = AXIS2_PLACEMENT_3D ( 'NONE', #1948, #3066, #1407 ) ;
#3531 = CARTESIAN_POINT ( 'NONE',  ( 55.89999999999999858, -8.125000000000000000, 1.149999999999999911 ) ) ;
#3532 = DIRECTION ( 'NONE',  ( 1.000000000000000000, -0.000000000000000000, -0.000000000000000000 ) ) ;
#3533 = ADVANCED_FACE ( 'NONE', ( #5360 ), #2558, .T. ) ;
#3534 = ORIENTED_EDGE ( 'NONE', *, *, #5806, .T. ) ;
#3535 = CARTESIAN_POINT ( 'NONE',  ( -0.8000000000000000444, -38.89000006848778668, -6.999999457044213003 ) ) ;
#3536 = ORIENTED_EDGE ( 'NONE', *, *, #716, .T. ) ;
#3537 = CARTESIAN_POINT ( 'NONE',  ( 59.40000000000000568, 0.000000000000000000, 17.24999999999999645 ) ) ;
#3538 = DIRECTION ( 'NONE',  ( 0.000000000000000000, 0.000000000000000000, -1.000000000000000000 ) ) ;
#3539 = ADVANCED_FACE ( 'NONE', ( #3754 ), #6464, .F. ) ;
#3540 = EDGE_CURVE ( 'NONE', #6602, #10, #4897, .T. ) ;
#3541 = DIRECTION ( 'NONE',  ( 0.000000000000000000, 0.000000000000000000, -1.000000000000000000 ) ) ;
#3542 = DIRECTION ( 'NONE',  ( 1.000000000000000000, 0.000000000000000000, 0.000000000000000000 ) ) ;
#3543 = ORIENTED_EDGE ( 'NONE', *, *, #4930, .T. ) ;
#3544 = DIRECTION ( 'NONE',  ( 0.000000000000000000, 0.000000000000000000, 1.000000000000000000 ) ) ;
#3545 = CIRCLE ( 'NONE', #3311, 7.099999999999995204 ) ;
#3546 = DIRECTION ( 'NONE',  ( 0.000000000000000000, 1.000000000000000000, 9.168304811491036473E-14 ) ) ;
#3547 = DIRECTION ( 'NONE',  ( 0.000000000000000000, -1.000000000000000000, 0.000000000000000000 ) ) ;
#3548 = EDGE_CURVE ( 'NONE', #1637, #2674, #7084, .T. ) ;
#3549 = EDGE_CURVE ( 'NONE', #5551, #3442, #3828, .T. ) ;
#3550 = ORIENTED_EDGE ( 'NONE', *, *, #4411, .T. ) ;
#3551 = DIRECTION ( 'NONE',  ( 0.000000000000000000, 0.4999999999999943379, 0.8660254037844419273 ) ) ;
#3552 = FACE_OUTER_BOUND ( 'NONE', #6562, .T. ) ;
#3553 = ORIENTED_EDGE ( 'NONE', *, *, #3461, .F. ) ;
#3554 = DIRECTION ( 'NONE',  ( -1.000000000000000000, 3.478120569333522285E-15, 7.346553920761778045E-15 ) ) ;
#3555 = ADVANCED_FACE ( 'NONE', ( #2235 ), #1579, .F. ) ;
#3556 = ADVANCED_FACE ( 'NONE', ( #6657 ), #2197, .F. ) ;
#3557 = LINE ( 'NONE', #2510, #726 ) ;
#3558 = EDGE_LOOP ( 'NONE', ( #6551, #2337, #6228, #1236 ) ) ;
#3559 = VECTOR ( 'NONE', #5548, 1000.000000000000000 ) ;
#3560 = EDGE_LOOP ( 'NONE', ( #6471, #1615, #1987, #44 ) ) ;
#3561 = ORIENTED_EDGE ( 'NONE', *, *, #5291, .T. ) ;
#3562 = ORIENTED_EDGE ( 'NONE', *, *, #4605, .T. ) ;
#3563 = DIRECTION ( 'NONE',  ( 0.000000000000000000, 1.000000000000000000, 0.000000000000000000 ) ) ;
#3564 = CARTESIAN_POINT ( 'NONE',  ( -0.8000000000000020428, -15.02996288919170986, -10.36012183223557415 ) ) ;
#3565 = VECTOR ( 'NONE', #6564, 999.9999999999998863 ) ;
#3566 = CARTESIAN_POINT ( 'NONE',  ( 55.66409622614292374, -67.24999999999998579, -19.95473532107414272 ) ) ;
#3567 = DIRECTION ( 'NONE',  ( 1.000000000000000000, -0.000000000000000000, -0.000000000000000000 ) ) ;
#3568 = ORIENTED_EDGE ( 'NONE', *, *, #1590, .T. ) ;
#3569 = PLANE ( 'NONE',  #2460 ) ;
#3570 = VERTEX_POINT ( 'NONE', #32 ) ;
#3571 = ORIENTED_EDGE ( 'NONE', *, *, #4767, .F. ) ;
#3572 = EDGE_CURVE ( 'NONE', #2706, #5198, #4422, .T. ) ;
#3573 = DIRECTION ( 'NONE',  ( -1.000000000000000000, -0.000000000000000000, -0.000000000000000000 ) ) ;
#3574 = CARTESIAN_POINT ( 'NONE',  ( -2.000000000000000000, -32.25000000000000000, 10.75000000000000178 ) ) ;
#3575 = ORIENTED_EDGE ( 'NONE', *, *, #304, .T. ) ;
#3576 = PLANE ( 'NONE',  #6069 ) ;
#3577 = CARTESIAN_POINT ( 'NONE',  ( 48.18473398121713558, -67.25000000000000000, -11.87653491542466710 ) ) ;
#3578 =( BOUNDED_CURVE ( )  B_SPLINE_CURVE ( 3, ( #3680, #1442, #6498, #960 ),
 .UNSPECIFIED., .F., .F. ) 
 B_SPLINE_CURVE_WITH_KNOTS ( ( 4, 4 ),
 ( 3.873731918991723866, 4.622486876042730231 ),
 .UNSPECIFIED. ) 
 CURVE ( )  GEOMETRIC_REPRESENTATION_ITEM ( )  RATIONAL_B_SPLINE_CURVE ( ( 1.000000000000000000, 0.9538236360741790820, 0.9538236360741790820, 1.000000000000000000 ) ) 
 REPRESENTATION_ITEM ( '' )  );
#3579 = EDGE_CURVE ( 'NONE', #3157, #6602, #3940, .T. ) ;
#3580 = FACE_OUTER_BOUND ( 'NONE', #4480, .T. ) ;
#3581 = ORIENTED_EDGE ( 'NONE', *, *, #6144, .F. ) ;
#3582 = CARTESIAN_POINT ( 'NONE',  ( 59.40000000000000568, -63.74999999999998579, 20.25000000000001421 ) ) ;
#3583 = DIRECTION ( 'NONE',  ( 0.000000000000000000, -1.000000000000000000, 1.328017972039660961E-16 ) ) ;
#3584 = LINE ( 'NONE', #6945, #2579 ) ;
#3585 = CARTESIAN_POINT ( 'NONE',  ( -0.8000000000000000444, -15.02996549883271982, 10.36041478471158506 ) ) ;
#3586 = EDGE_CURVE ( 'NONE', #1908, #3504, #5517, .T. ) ;
#3587 = DIRECTION ( 'NONE',  ( -1.954618001100629151E-15, -1.000000000000000000, 0.000000000000000000 ) ) ;
#3588 = EDGE_LOOP ( 'NONE', ( #84, #1641, #1780, #3742, #1029, #3139, #3888 ) ) ;
#3589 = LINE ( 'NONE', #4658, #2958 ) ;
#3590 = VECTOR ( 'NONE', #5463, 1000.000000000000000 ) ;
#3591 = DIRECTION ( 'NONE',  ( -7.397540539913467678E-16, 0.000000000000000000, -1.000000000000000000 ) ) ;
#3592 = ORIENTED_EDGE ( 'NONE', *, *, #6362, .T. ) ;
#3593 = EDGE_CURVE ( 'NONE', #2937, #1896, #3274, .T. ) ;
#3594 = LINE ( 'NONE', #5855, #5022 ) ;
#3595 = ORIENTED_EDGE ( 'NONE', *, *, #6989, .T. ) ;
#3596 = CARTESIAN_POINT ( 'NONE',  ( 55.90000000000000568, -67.24999999999998579, -17.25000000000004263 ) ) ;
#3597 = EDGE_LOOP ( 'NONE', ( #1758, #4331, #678, #1335 ) ) ;
#3598 = ADVANCED_FACE ( 'NONE', ( #2819 ), #6116, .F. ) ;
#3599 = CARTESIAN_POINT ( 'NONE',  ( 55.57143719827714534, -23.25000000000000711, -20.10607116466635347 ) ) ;
#3600 = DIRECTION ( 'NONE',  ( 0.000000000000000000, 0.000000000000000000, 1.000000000000000000 ) ) ;
#3601 = PLANE ( 'NONE',  #6447 ) ;
#3602 = ORIENTED_EDGE ( 'NONE', *, *, #6344, .T. ) ;
#3603 = PLANE ( 'NONE',  #6387 ) ;
#3604 = EDGE_CURVE ( 'NONE', #5281, #5960, #4464, .T. ) ;
#3605 = EDGE_LOOP ( 'NONE', ( #2555, #2865, #237, #5579 ) ) ;
#3606 = ORIENTED_EDGE ( 'NONE', *, *, #427, .T. ) ;
#3607 = CARTESIAN_POINT ( 'NONE',  ( 2.249999999999912070, -72.03553390593276617, 20.25000000000001421 ) ) ;
#3608 = FACE_OUTER_BOUND ( 'NONE', #6576, .T. ) ;
#3609 = VECTOR ( 'NONE', #4502, 1000.000000000000000 ) ;
#3610 = CARTESIAN_POINT ( 'NONE',  ( -2.001000000000280110, -86.63999999999987267, -5.115567176277822268E-15 ) ) ;
#3611 = VECTOR ( 'NONE', #181, 1000.000000000000000 ) ;
#3612 = VERTEX_POINT ( 'NONE', #103 ) ;
#3613 = CARTESIAN_POINT ( 'NONE',  ( 57.39999999999999858, -43.02999999999998693, 10.24999999999999112 ) ) ;
#3614 = DIRECTION ( 'NONE',  ( 1.000000000000000000, 0.000000000000000000, 0.000000000000000000 ) ) ;
#3615 = AXIS2_PLACEMENT_3D ( 'NONE', #1084, #5521, #2124 ) ;
#3616 = LINE ( 'NONE', #800, #4524 ) ;
#3617 = AXIS2_PLACEMENT_3D ( 'NONE', #920, #2625, #2549 ) ;
#3618 = DIRECTION ( 'NONE',  ( 1.000000000000000000, -0.000000000000000000, -0.000000000000000000 ) ) ;
#3619 = PLANE ( 'NONE',  #4107 ) ;
#3620 = VECTOR ( 'NONE', #3249, 1000.000000000000000 ) ;
#3621 = CARTESIAN_POINT ( 'NONE',  ( 57.39999999999999858, -43.02999999999998693, -18.24999999999998579 ) ) ;
#3622 = CIRCLE ( 'NONE', #3976, 1.149999999999999911 ) ;
#3623 = CARTESIAN_POINT ( 'NONE',  ( 1.020000000025451881, -19.73691467762551710, 8.242286694052301854 ) ) ;
#3624 = EDGE_CURVE ( 'NONE', #3928, #6540, #544, .T. ) ;
#3625 = ORIENTED_EDGE ( 'NONE', *, *, #7024, .T. ) ;
#3626 = CARTESIAN_POINT ( 'NONE',  ( 9.595324484128683551, 7.995687212056075133, 0.2955661000894764801 ) ) ;
#3627 = CARTESIAN_POINT ( 'NONE',  ( 3.515405188854687335, -4.393147540714459787, 24.85915474566382244 ) ) ;
#3628 = CIRCLE ( 'NONE', #6179, 17.24999999999999645 ) ;
#3629 = VECTOR ( 'NONE', #3212, 1000.000000000000000 ) ;
#3630 = EDGE_CURVE ( 'NONE', #2438, #5926, #621, .T. ) ;
#3631 = ADVANCED_FACE ( 'NONE', ( #2782, #1183, #5628, #5473, #3240, #2162 ), #1150, .T. ) ;
#3632 = CARTESIAN_POINT ( 'NONE',  ( 1.020000000025493625, -16.52983831628188227, 11.86003263743340064 ) ) ;
#3633 = VECTOR ( 'NONE', #3787, 1000.000000000000000 ) ;
#3634 = ORIENTED_EDGE ( 'NONE', *, *, #6705, .F. ) ;
#3635 = CARTESIAN_POINT ( 'NONE',  ( 48.18473398121713558, -67.25000000000000000, -11.87653491542466710 ) ) ;
#3636 = VERTEX_POINT ( 'NONE', #5008 ) ;
#3637 = DIRECTION ( 'NONE',  ( -0.7071067811865501263, -0.7071067811865449082, 0.000000000000000000 ) ) ;
#3638 = EDGE_CURVE ( 'NONE', #3420, #3771, #5256, .T. ) ;
#3639 = AXIS2_PLACEMENT_3D ( 'NONE', #521, #1394, #5535 ) ;
#3640 = AXIS2_PLACEMENT_3D ( 'NONE', #1723, #2340, #5650 ) ;
#3641 = DIRECTION ( 'NONE',  ( 0.000000000000000000, 0.000000000000000000, 1.000000000000000000 ) ) ;
#3642 = ORIENTED_EDGE ( 'NONE', *, *, #580, .T. ) ;
#3643 = DIRECTION ( 'NONE',  ( 1.000000000000000000, 0.000000000000000000, 1.118454898384986335E-16 ) ) ;
#3644 = ORIENTED_EDGE ( 'NONE', *, *, #6122, .T. ) ;
#3645 = CARTESIAN_POINT ( 'NONE',  ( 38.41413931812409999, -38.89000006848778668, -6.999999457044213003 ) ) ;
#3646 = ORIENTED_EDGE ( 'NONE', *, *, #5132, .T. ) ;
#3647 = AXIS2_PLACEMENT_3D ( 'NONE', #7138, #2174, #2135 ) ;
#3648 = CARTESIAN_POINT ( 'NONE',  ( -0.8000000000000020428, -32.25000000000000000, 10.75000000000000178 ) ) ;
#3649 = DIRECTION ( 'NONE',  ( 0.000000000000000000, 0.7071067811865514585, -0.7071067811865435759 ) ) ;
#3650 = ORIENTED_EDGE ( 'NONE', *, *, #3777, .T. ) ;
#3651 = CARTESIAN_POINT ( 'NONE',  ( 1.020000000025389486, -41.34000000000252584, 10.24999999999526601 ) ) ;
#3652 = CIRCLE ( 'NONE', #536, 2.250000000000000000 ) ;
#3653 = EDGE_LOOP ( 'NONE', ( #6520, #4093, #1813, #1081 ) ) ;
#3654 = CARTESIAN_POINT ( 'NONE',  ( 55.64999999999984936, -1.586616465904270967, 19.99810033107160478 ) ) ;
#3655 = CARTESIAN_POINT ( 'NONE',  ( 3.500000000000000000, -19.75000000000000355, 17.24999999999999645 ) ) ;
#3656 = CARTESIAN_POINT ( 'NONE',  ( 3.500000000000000000, -60.75000000000000711, -13.25000000000001954 ) ) ;
#3657 = FACE_OUTER_BOUND ( 'NONE', #3718, .T. ) ;
#3658 = CARTESIAN_POINT ( 'NONE',  ( 55.64999999999984936, 0.000000000000000000, 17.24999999999999645 ) ) ;
#3659 = CYLINDRICAL_SURFACE ( 'NONE', #6761, 141.0803369579429614 ) ;
#3660 = DIRECTION ( 'NONE',  ( 0.000000000000000000, 0.000000000000000000, -1.000000000000000000 ) ) ;
#3661 = ORIENTED_EDGE ( 'NONE', *, *, #3328, .F. ) ;
#3662 = CARTESIAN_POINT ( 'NONE',  ( 8.648861598013619201, 7.920503456220445493, 1.125000000000000666 ) ) ;
#3663 = CARTESIAN_POINT ( 'NONE',  ( 59.39999999999999858, -56.24999999999998579, -15.24999999999999112 ) ) ;
#3664 = CARTESIAN_POINT ( 'NONE',  ( 8.351174607026917940, 7.920503456220441940, 1.125000000000000222 ) ) ;
#3665 = ORIENTED_EDGE ( 'NONE', *, *, #3896, .T. ) ;
#3666 = PLANE ( 'NONE',  #4563 ) ;
#3667 = CARTESIAN_POINT ( 'NONE',  ( 29.69999999999999929, -67.25000000000000000, -116.8280647581438103 ) ) ;
#3668 = VECTOR ( 'NONE', #1612, 1000.000000000000000 ) ;
#3669 = DIRECTION ( 'NONE',  ( -0.000000000000000000, 1.000000000000000000, 4.127223139870470387E-16 ) ) ;
#3670 = VERTEX_POINT ( 'NONE', #3358 ) ;
#3671 = ADVANCED_FACE ( 'NONE', ( #4497 ), #2860, .F. ) ;
#3672 = PLANE ( 'NONE',  #156 ) ;
#3673 = LINE ( 'NONE', #3088, #6473 ) ;
#3674 = AXIS2_PLACEMENT_3D ( 'NONE', #3081, #333, #367 ) ;
#3675 = PLANE ( 'NONE',  #1904 ) ;
#3676 = EDGE_CURVE ( 'NONE', #2468, #915, #658, .T. ) ;
#3677 = DIRECTION ( 'NONE',  ( 1.000000000000000000, -0.000000000000000000, -0.000000000000000000 ) ) ;
#3678 = VERTEX_POINT ( 'NONE', #1909 ) ;
#3679 = VERTEX_POINT ( 'NONE', #2415 ) ;
#3680 = CARTESIAN_POINT ( 'NONE',  ( 1.320127283879557911, -3.253997156820717773, 22.88608840329823479 ) ) ;
#3681 = EDGE_CURVE ( 'NONE', #3490, #2762, #5257, .T. ) ;
#3682 = DIRECTION ( 'NONE',  ( 1.000000000000000000, 0.000000000000000000, 1.118454898384986335E-16 ) ) ;
#3683 = EDGE_CURVE ( 'NONE', #5373, #6816, #4130, .T. ) ;
#3684 = FACE_BOUND ( 'NONE', #5428, .T. ) ;
#3685 = ORIENTED_EDGE ( 'NONE', *, *, #2481, .T. ) ;
#3686 = SURFACE_STYLE_FILL_AREA ( #2637 ) ;
#3687 = CARTESIAN_POINT ( 'NONE',  ( -4.249999999999994671, -88.21000000000016428, 1.858840896396029832E-14 ) ) ;
#3688 = EDGE_LOOP ( 'NONE', ( #5720, #5195, #6707, #245 ) ) ;
#3689 = CARTESIAN_POINT ( 'NONE',  ( 3.500000000000000000, -13.50000000000000000, -13.25000000000002487 ) ) ;
#3690 = ORIENTED_EDGE ( 'NONE', *, *, #2734, .T. ) ;
#3691 = DIRECTION ( 'NONE',  ( -0.000000000000000000, -1.000000000000000000, -4.127223139870470387E-16 ) ) ;
#3692 = ORIENTED_EDGE ( 'NONE', *, *, #3082, .T. ) ;
#3693 = FACE_OUTER_BOUND ( 'NONE', #2598, .T. ) ;
#3694 = DIRECTION ( 'NONE',  ( -1.620622909583742321E-15, 0.7071067811865522357, 0.7071067811865426878 ) ) ;
#3695 = AXIS2_PLACEMENT_3D ( 'NONE', #4753, #6404, #6299 ) ;
#3696 = CARTESIAN_POINT ( 'NONE',  ( 57.89999999999999858, -8.125000000000000000, 0.000000000000000000 ) ) ;
#3697 = ORIENTED_EDGE ( 'NONE', *, *, #4361, .T. ) ;
#3698 = AXIS2_PLACEMENT_3D ( 'NONE', #3124, #5998, #2586 ) ;
#3699 = LINE ( 'NONE', #6996, #5643 ) ;
#3700 = LINE ( 'NONE', #949, #1718 ) ;
#3701 = AXIS2_PLACEMENT_3D ( 'NONE', #6521, #7110, #4187 ) ;
#3702 = ADVANCED_FACE ( 'NONE', ( #4643 ), #6802, .T. ) ;
#3703 = ORIENTED_EDGE ( 'NONE', *, *, #4836, .F. ) ;
#3704 = DIRECTION ( 'NONE',  ( 0.000000000000000000, 0.000000000000000000, 1.000000000000000000 ) ) ;
#3705 = EDGE_LOOP ( 'NONE', ( #1336, #4238, #2330, #4981 ) ) ;
#3706 = DIRECTION ( 'NONE',  ( 1.000000000000000000, -0.000000000000000000, -0.000000000000000000 ) ) ;
#3707 = DIRECTION ( 'NONE',  ( 1.000000000000000000, -0.000000000000000000, -0.000000000000000000 ) ) ;
#3708 = ADVANCED_FACE ( 'NONE', ( #6320 ), #4610, .F. ) ;
#3709 = DIRECTION ( 'NONE',  ( 0.000000000000000000, -1.000000000000000000, -2.668805347656626678E-16 ) ) ;
#3710 = ORIENTED_EDGE ( 'NONE', *, *, #2560, .T. ) ;
#3711 = CARTESIAN_POINT ( 'NONE',  ( -0.8000000000000000444, -38.88999999621514547, 10.79999999999530225 ) ) ;
#3712 = ADVANCED_FACE ( 'NONE', ( #4090 ), #3569, .F. ) ;
#3713 = DIRECTION ( 'NONE',  ( -0.000000000000000000, 1.000000000000000000, -0.000000000000000000 ) ) ;
#3714 = FACE_OUTER_BOUND ( 'NONE', #6942, .T. ) ;
#3715 = DIRECTION ( 'NONE',  ( -0.000000000000000000, 1.000000000000000000, 4.127223139870470387E-16 ) ) ;
#3716 = EDGE_CURVE ( 'NONE', #5109, #2875, #6832, .T. ) ;
#3717 = DIRECTION ( 'NONE',  ( 0.000000000000000000, 0.000000000000000000, -1.000000000000000000 ) ) ;
#3718 = EDGE_LOOP ( 'NONE', ( #2248, #628, #4329, #1009 ) ) ;
#3719 = DIRECTION ( 'NONE',  ( -1.000000000000000000, -0.000000000000000000, -0.000000000000000000 ) ) ;
#3720 = VECTOR ( 'NONE', #6662, 1000.000000000000000 ) ;
#3721 = EDGE_LOOP ( 'NONE', ( #1313, #2686, #1731, #1976 ) ) ;
#3722 = CARTESIAN_POINT ( 'NONE',  ( 40.27197326899050722, -5.984055303997383390, 27.61468782182562975 ) ) ;
#3723 = VECTOR ( 'NONE', #2349, 1000.000000000000000 ) ;
#3724 = EDGE_LOOP ( 'NONE', ( #5274, #2590 ) ) ;
#3725 = CARTESIAN_POINT ( 'NONE',  ( 36.07000000001264794, -23.25000000000000711, 26.00793539950937827 ) ) ;
#3726 = AXIS2_PLACEMENT_3D ( 'NONE', #1985, #1513, #3660 ) ;
#3727 = CARTESIAN_POINT ( 'NONE',  ( 1.020000000025389486, -43.17851648078251259, 11.35999999999530274 ) ) ;
#3728 = EDGE_CURVE ( 'NONE', #674, #2167, #4532, .T. ) ;
#3729 = VECTOR ( 'NONE', #358, 1000.000000000000000 ) ;
#3730 = CARTESIAN_POINT ( 'NONE',  ( 8.353096488351548388, 7.920503456220445493, -1.125000000000000444 ) ) ;
#3731 = EDGE_CURVE ( 'NONE', #1484, #6477, #5656, .T. ) ;
#3732 = CIRCLE ( 'NONE', #4681, 11.05841992757136616 ) ;
#3733 = EDGE_LOOP ( 'NONE', ( #2983, #2130, #1500, #760 ) ) ;
#3734 = VECTOR ( 'NONE', #7089, 1000.000000000000000 ) ;
#3735 = ORIENTED_EDGE ( 'NONE', *, *, #8, .F. ) ;
#3736 = VECTOR ( 'NONE', #6622, 1000.000000000000000 ) ;
#3737 = DIRECTION ( 'NONE',  ( -2.887412898249061084E-16, -4.965444515013923475E-17, -1.000000000000000000 ) ) ;
#3738 = DIRECTION ( 'NONE',  ( -0.000000000000000000, -1.000000000000000000, -4.127223139870470387E-16 ) ) ;
#3739 = ADVANCED_FACE ( 'NONE', ( #6219 ), #4567, .F. ) ;
#3740 = APPLICATION_CONTEXT ( 'automotive_design' ) ;
#3741 = ORIENTED_EDGE ( 'NONE', *, *, #2, .T. ) ;
#3742 = ORIENTED_EDGE ( 'NONE', *, *, #4469, .F. ) ;
#3743 = CARTESIAN_POINT ( 'NONE',  ( 63.15100000000034441, -88.20999999999999375, 17.70000000000001350 ) ) ;
#3744 = CARTESIAN_POINT ( 'NONE',  ( 3.828562801722851017, -1.648953455744797569, -20.10607116466633926 ) ) ;
#3745 = AXIS2_PLACEMENT_3D ( 'NONE', #2390, #4612, #5465 ) ;
#3746 = CARTESIAN_POINT ( 'NONE',  ( 0.000000000000000000, -1.732050807568846995, 20.24999999999999289 ) ) ;
#3747 = CARTESIAN_POINT ( 'NONE',  ( 38.41413931812409999, -43.67851681897402472, -9.706479796979284203 ) ) ;
#3748 = EDGE_CURVE ( 'NONE', #822, #2010, #1767, .T. ) ;
#3749 = ORIENTED_EDGE ( 'NONE', *, *, #185, .F. ) ;
#3750 = ORIENTED_EDGE ( 'NONE', *, *, #6860, .T. ) ;
#3751 = LINE ( 'NONE', #2591, #906 ) ;
#3752 = AXIS2_PLACEMENT_3D ( 'NONE', #1206, #3414, #2935 ) ;
#3753 = STYLED_ITEM ( 'NONE', ( #2123 ), #1247 ) ;
#3754 = FACE_OUTER_BOUND ( 'NONE', #1685, .T. ) ;
#3755 = ORIENTED_EDGE ( 'NONE', *, *, #150, .T. ) ;
#3756 = CARTESIAN_POINT ( 'NONE',  ( 59.39999999999999858, -61.24999999999998579, -10.24999999999998757 ) ) ;
#3757 = EDGE_CURVE ( 'NONE', #438, #6889, #6496, .T. ) ;
#3758 = DIRECTION ( 'NONE',  ( 0.000000000000000000, -1.000000000000000000, 0.000000000000000000 ) ) ;
#3759 = CARTESIAN_POINT ( 'NONE',  ( 40.64999999999984936, 2.000000000000000444, 24.90344073757374943 ) ) ;
#3760 = ORIENTED_EDGE ( 'NONE', *, *, #1217, .T. ) ;
#3761 = FACE_OUTER_BOUND ( 'NONE', #4403, .T. ) ;
#3762 = ORIENTED_EDGE ( 'NONE', *, *, #2977, .T. ) ;
#3763 = CYLINDRICAL_SURFACE ( 'NONE', #5940, 1.149999999999999911 ) ;
#3764 = EDGE_LOOP ( 'NONE', ( #799, #3543, #6379, #2233 ) ) ;
#3765 = EDGE_CURVE ( 'NONE', #2379, #6742, #1228, .T. ) ;
#3766 = EDGE_CURVE ( 'NONE', #3636, #321, #3503, .T. ) ;
#3767 = CARTESIAN_POINT ( 'NONE',  ( 59.39999999999999858, -56.24999999999998579, -16.74999999999998934 ) ) ;
#3768 = DIRECTION ( 'NONE',  ( -1.000000000000000000, -2.529146437248129668E-15, 2.920409892216848119E-16 ) ) ;
#3769 = FACE_BOUND ( 'NONE', #5425, .T. ) ;
#3770 = LINE ( 'NONE', #4326, #4668 ) ;
#3771 = VERTEX_POINT ( 'NONE', #717 ) ;
#3772 = ADVANCED_FACE ( 'NONE', ( #6289 ), #5157, .F. ) ;
#3773 = EDGE_CURVE ( 'NONE', #6742, #391, #585, .T. ) ;
#3774 = VERTEX_POINT ( 'NONE', #787 ) ;
#3775 = ORIENTED_EDGE ( 'NONE', *, *, #1546, .F. ) ;
#3776 = DIRECTION ( 'NONE',  ( 0.000000000000000000, 0.000000000000000000, -1.000000000000000000 ) ) ;
#3777 = EDGE_CURVE ( 'NONE', #5601, #2280, #6957, .T. ) ;
#3778 = VERTEX_POINT ( 'NONE', #2070 ) ;
#3779 = DIRECTION ( 'NONE',  ( 1.000000000000000000, 0.000000000000000000, 0.000000000000000000 ) ) ;
#3780 = EDGE_CURVE ( 'NONE', #3504, #3636, #4191, .T. ) ;
#3781 = VERTEX_POINT ( 'NONE', #1435 ) ;
#3782 = FACE_OUTER_BOUND ( 'NONE', #3921, .T. ) ;
#3783 = ORIENTED_EDGE ( 'NONE', *, *, #5435, .T. ) ;
#3784 = CARTESIAN_POINT ( 'NONE',  ( 1.020000000025375719, -15.02996549883271982, 10.36041478471158506 ) ) ;
#3785 = CARTESIAN_POINT ( 'NONE',  ( 57.39999999999999858, -43.02999999999998693, -10.24999999999998401 ) ) ;
#3786 = EDGE_CURVE ( 'NONE', #846, #687, #6752, .T. ) ;
#3787 = DIRECTION ( 'NONE',  ( -1.000000000000000000, -0.000000000000000000, -0.000000000000000000 ) ) ;
#3788 = ORIENTED_EDGE ( 'NONE', *, *, #3801, .F. ) ;
#3789 = CARTESIAN_POINT ( 'NONE',  ( 1.020000000025327092, -20.93691467762551639, -8.242286694061697006 ) ) ;
#3790 = CARTESIAN_POINT ( 'NONE',  ( 29.69999999999999929, -4.042763739493027586, 24.25227219979914040 ) ) ;
#3791 = DIRECTION ( 'NONE',  ( 1.000000000000000000, -0.000000000000000000, -0.000000000000000000 ) ) ;
#3792 = EDGE_LOOP ( 'NONE', ( #4844, #2142, #5217, #4139, #3869, #1830, #4286, #1234, #494, #6928, #2724, #1012, #2259, #6470, #5938, #4750 ) ) ;
#3793 = AXIS2_PLACEMENT_3D ( 'NONE', #5264, #6361, #1371 ) ;
#3794 = CARTESIAN_POINT ( 'NONE',  ( 38.41413931812409999, -41.34000000000252584, -10.25000000000473399 ) ) ;
#3795 = LINE ( 'NONE', #1007, #4129 ) ;
#3796 = CARTESIAN_POINT ( 'NONE',  ( 8.202884654394312136, 3.951520897971946056, 1.094936306108208468 ) ) ;
#3797 = DIRECTION ( 'NONE',  ( 1.813129056811916186E-15, -1.000000000000000000, 0.000000000000000000 ) ) ;
#3798 =( GEOMETRIC_REPRESENTATION_CONTEXT ( 3 ) GLOBAL_UNCERTAINTY_ASSIGNED_CONTEXT ( ( #1751 ) ) GLOBAL_UNIT_ASSIGNED_CONTEXT ( ( #4007, #5707, #744 ) ) REPRESENTATION_CONTEXT ( 'NONE', 'WORKASPACE' ) );
#3799 = ORIENTED_EDGE ( 'NONE', *, *, #1694, .T. ) ;
#3800 = DIRECTION ( 'NONE',  ( 1.000000000000000000, 2.583947887447540056E-15, -2.920409892216848119E-16 ) ) ;
#3801 = EDGE_CURVE ( 'NONE', #1896, #5180, #335, .T. ) ;
#3802 = CYLINDRICAL_SURFACE ( 'NONE', #5145, 2.500000000000000000 ) ;
#3803 = ORIENTED_EDGE ( 'NONE', *, *, #6255, .F. ) ;
#3804 = CARTESIAN_POINT ( 'NONE',  ( 59.39999999999999858, -8.125000000000000000, 2.250000000000000000 ) ) ;
#3805 = ORIENTED_EDGE ( 'NONE', *, *, #1308, .F. ) ;
#3806 = ORIENTED_EDGE ( 'NONE', *, *, #900, .F. ) ;
#3807 = CARTESIAN_POINT ( 'NONE',  ( 55.89999999999999858, 0.000000000000000000, -9.275000000000000355 ) ) ;
#3808 = CYLINDRICAL_SURFACE ( 'NONE', #385, 4.030931702365784908 ) ;
#3809 = ADVANCED_FACE ( 'NONE', ( #7000 ), #3603, .F. ) ;
#3810 = DIRECTION ( 'NONE',  ( 1.000000000000000000, 0.000000000000000000, 0.000000000000000000 ) ) ;
#3811 = EDGE_LOOP ( 'NONE', ( #1414, #1912, #222, #7020 ) ) ;
#3812 = VERTEX_POINT ( 'NONE', #5865 ) ;
#3813 = ORIENTED_EDGE ( 'NONE', *, *, #4017, .F. ) ;
#3814 = ORIENTED_EDGE ( 'NONE', *, *, #1490, .F. ) ;
#3815 = ORIENTED_EDGE ( 'NONE', *, *, #4489, .F. ) ;
#3816 = CARTESIAN_POINT ( 'NONE',  ( 7.374937965559286823, -4.100017021643920678, -0.1470948052677137630 ) ) ;
#3817 = ADVANCED_FACE ( 'NONE', ( #4742 ), #6424, .F. ) ;
#3818 = LINE ( 'NONE', #568, #567 ) ;
#3819 = AXIS2_PLACEMENT_3D ( 'NONE', #2784, #617, #5629 ) ;
#3820 = ORIENTED_EDGE ( 'NONE', *, *, #4392, .F. ) ;
#3821 = DIRECTION ( 'NONE',  ( -3.478133612194932221E-15, -0.9999999999984239274, -1.775372104042659124E-06 ) ) ;
#3822 = CARTESIAN_POINT ( 'NONE',  ( -4.250000000000025757, -69.03553390593266670, 20.25000000000001421 ) ) ;
#3823 = CARTESIAN_POINT ( 'NONE',  ( 9.482584154557862632, 4.062867244382636578, 0.5671061786080728861 ) ) ;
#3824 = DIRECTION ( 'NONE',  ( 1.994880760255020238E-15, -0.7071067811865427988, 0.7071067811865523467 ) ) ;
#3825 = ORIENTED_EDGE ( 'NONE', *, *, #6031, .F. ) ;
#3826 = FACE_OUTER_BOUND ( 'NONE', #1739, .T. ) ;
#3827 = LINE ( 'NONE', #7083, #6502 ) ;
#3828 = LINE ( 'NONE', #4970, #6969 ) ;
#3829 = ORIENTED_EDGE ( 'NONE', *, *, #4089, .T. ) ;
#3830 = CARTESIAN_POINT ( 'NONE',  ( 0.000000000000000000, 0.000000000000000000, 0.000000000000000000 ) ) ;
#3831 = ORIENTED_EDGE ( 'NONE', *, *, #6427, .T. ) ;
#3832 = CARTESIAN_POINT ( 'NONE',  ( 7.601018866996096968, 4.042547276568124737, -0.6920912916623827016 ) ) ;
#3833 = LINE ( 'NONE', #4978, #171 ) ;
#3834 = ORIENTED_EDGE ( 'NONE', *, *, #6532, .T. ) ;
#3835 = LINE ( 'NONE', #6051, #2704 ) ;
#3836 = DIRECTION ( 'NONE',  ( -0.000000000000000000, 1.000000000000000000, 4.127223139870470387E-16 ) ) ;
#3837 = EDGE_CURVE ( 'NONE', #3085, #238, #1992, .T. ) ;
#3838 = ORIENTED_EDGE ( 'NONE', *, *, #4638, .T. ) ;
#3839 = CYLINDRICAL_SURFACE ( 'NONE', #5175, 5.000000000000000888 ) ;
#3840 = VERTEX_POINT ( 'NONE', #5391 ) ;
#3841 = FACE_OUTER_BOUND ( 'NONE', #5862, .T. ) ;
#3842 = CARTESIAN_POINT ( 'NONE',  ( 3.500000000000000000, -23.25000000000000355, -12.55999904183487637 ) ) ;
#3843 = ADVANCED_FACE ( 'NONE', ( #2005 ), #4232, .F. ) ;
#3844 = AXIS2_PLACEMENT_3D ( 'NONE', #1695, #4937, #7123 ) ;
#3845 = VECTOR ( 'NONE', #5774, 1000.000000000000000 ) ;
#3846 = DIRECTION ( 'NONE',  ( 0.000000000000000000, -0.4999999999999947264, 0.8660254037844418162 ) ) ;
#3847 = ORIENTED_EDGE ( 'NONE', *, *, #6031, .T. ) ;
#3848 = ORIENTED_EDGE ( 'NONE', *, *, #4105, .T. ) ;
#3849 = ORIENTED_EDGE ( 'NONE', *, *, #1223, .F. ) ;
#3850 = VECTOR ( 'NONE', #1633, 1000.000000000000000 ) ;
#3851 = VERTEX_POINT ( 'NONE', #2584 ) ;
#3852 = EDGE_CURVE ( 'NONE', #3812, #2484, #5823, .T. ) ;
#3853 = CARTESIAN_POINT ( 'NONE',  ( 55.66409622614292374, -23.25000000000000355, 19.95473532107411785 ) ) ;
#3854 = VECTOR ( 'NONE', #3694, 1000.000000000000114 ) ;
#3855 = CARTESIAN_POINT ( 'NONE',  ( 38.41413931812409999, -16.52983830244284746, 11.86003266774541842 ) ) ;
#3856 = VERTEX_POINT ( 'NONE', #2036 ) ;
#3857 = CIRCLE ( 'NONE', #742, 11.39100661779977841 ) ;
#3858 = EDGE_LOOP ( 'NONE', ( #5344, #5661, #5061, #3834 ) ) ;
#3859 = ORIENTED_EDGE ( 'NONE', *, *, #5162, .T. ) ;
#3860 = CARTESIAN_POINT ( 'NONE',  ( -0.8000000000000020428, -16.13517866272587042, 11.82003704497813601 ) ) ;
#3861 = DIRECTION ( 'NONE',  ( -1.802143912355449343E-15, -1.000000000000000000, 0.000000000000000000 ) ) ;
#3862 = ADVANCED_FACE ( 'NONE', ( #6901 ), #3672, .F. ) ;
#3863 = AXIS2_PLACEMENT_3D ( 'NONE', #5051, #3791, #5588 ) ;
#3864 = CARTESIAN_POINT ( 'NONE',  ( 1.020000000025375719, -16.52954290413744332, -11.86002913982032503 ) ) ;
#3865 = AXIS2_PLACEMENT_3D ( 'NONE', #4986, #1132, #1884 ) ;
#3866 = CARTESIAN_POINT ( 'NONE',  ( 55.66409622614292374, -67.25000000000000000, 19.95473532107411785 ) ) ;
#3867 = DIRECTION ( 'NONE',  ( 1.994880760255019844E-15, 0.7071067811865427988, -0.7071067811865523467 ) ) ;
#3868 = ORIENTED_EDGE ( 'NONE', *, *, #6449, .T. ) ;
#3869 = ORIENTED_EDGE ( 'NONE', *, *, #2933, .F. ) ;
#3870 = LINE ( 'NONE', #7157, #3389 ) ;
#3871 = DIRECTION ( 'NONE',  ( 1.000000000000000000, -3.478120569333522285E-15, -7.346553920761778045E-15 ) ) ;
#3872 = VERTEX_POINT ( 'NONE', #4258 ) ;
#3873 = AXIS2_PLACEMENT_3D ( 'NONE', #4243, #5879, #7129 ) ;
#3874 = PLANE ( 'NONE',  #5451 ) ;
#3875 = EDGE_CURVE ( 'NONE', #6377, #4128, #4087, .T. ) ;
#3876 = ORIENTED_EDGE ( 'NONE', *, *, #2262, .T. ) ;
#3877 = CARTESIAN_POINT ( 'NONE',  ( 1.020000000025375719, -15.10684851965067033, 10.84365261617258014 ) ) ;
#3878 = PLANE ( 'NONE',  #3615 ) ;
#3879 = DIRECTION ( 'NONE',  ( 0.000000000000000000, 0.000000000000000000, -1.000000000000000000 ) ) ;
#3880 = AXIS2_PLACEMENT_3D ( 'NONE', #819, #4049, #1800 ) ;
#3881 = CARTESIAN_POINT ( 'NONE',  ( 3.500000000000000000, -23.25000000000000711, 13.25000000000000000 ) ) ;
#3882 = ORIENTED_EDGE ( 'NONE', *, *, #4399, .T. ) ;
#3883 = ORIENTED_EDGE ( 'NONE', *, *, #3262, .F. ) ;
#3884 = CARTESIAN_POINT ( 'NONE',  ( 57.89999999999999858, -8.125000000000000000, -1.149999999999999911 ) ) ;
#3885 = ORIENTED_EDGE ( 'NONE', *, *, #4061, .T. ) ;
#3886 = FACE_BOUND ( 'NONE', #294, .T. ) ;
#3887 = VECTOR ( 'NONE', #3583, 1000.000000000000000 ) ;
#3888 = ORIENTED_EDGE ( 'NONE', *, *, #1469, .T. ) ;
#3889 = DIRECTION ( 'NONE',  ( -1.000000000000000000, -0.000000000000000000, -0.000000000000000000 ) ) ;
#3890 = DIRECTION ( 'NONE',  ( -0.000000000000000000, 1.000000000000000000, -0.000000000000000000 ) ) ;
#3891 = FACE_BOUND ( 'NONE', #4690, .T. ) ;
#3892 = ORIENTED_EDGE ( 'NONE', *, *, #4991, .F. ) ;
#3893 = ORIENTED_EDGE ( 'NONE', *, *, #3191, .F. ) ;
#3894 = DIRECTION ( 'NONE',  ( 0.000000000000000000, -1.080865800197198721E-06, 0.9999999999994159117 ) ) ;
#3895 = FACE_OUTER_BOUND ( 'NONE', #1900, .T. ) ;
#3896 = EDGE_CURVE ( 'NONE', #5345, #6908, #1495, .T. ) ;
#3897 = CIRCLE ( 'NONE', #2279, 141.0803369579429614 ) ;
#3898 = ORIENTED_EDGE ( 'NONE', *, *, #4674, .T. ) ;
#3899 = CARTESIAN_POINT ( 'NONE',  ( 1.020000000025493625, -15.33696824735187469, 11.27418124505110164 ) ) ;
#3900 = DIRECTION ( 'NONE',  ( 1.000000000000000000, -0.000000000000000000, -0.000000000000000000 ) ) ;
#3901 = CARTESIAN_POINT ( 'NONE',  ( 57.39999999999999858, -43.02999999999998693, 16.74999999999999289 ) ) ;
#3902 = CARTESIAN_POINT ( 'NONE',  ( 11.21526601878286655, -67.25000000000000000, 11.87653491542464046 ) ) ;
#3903 = LINE ( 'NONE', #5626, #4505 ) ;
#3904 = EDGE_CURVE ( 'NONE', #223, #5926, #5927, .T. ) ;
#3905 = DIRECTION ( 'NONE',  ( -3.478120569333522285E-15, -1.000000000000000000, 0.000000000000000000 ) ) ;
#3906 = ORIENTED_EDGE ( 'NONE', *, *, #6592, .F. ) ;
#3907 = DIRECTION ( 'NONE',  ( 0.000000000000000000, 0.000000000000000000, 1.000000000000000000 ) ) ;
#3908 = ORIENTED_EDGE ( 'NONE', *, *, #4836, .T. ) ;
#3909 = DIRECTION ( 'NONE',  ( 0.000000000000000000, 1.000000000000000000, 0.000000000000000000 ) ) ;
#3910 = ORIENTED_EDGE ( 'NONE', *, *, #2712, .F. ) ;
#3911 = DIRECTION ( 'NONE',  ( 0.000000000000000000, 0.000000000000000000, 1.000000000000000000 ) ) ;
#3912 = FACE_OUTER_BOUND ( 'NONE', #2401, .T. ) ;
#3913 = ORIENTED_EDGE ( 'NONE', *, *, #1626, .T. ) ;
#3914 = DIRECTION ( 'NONE',  ( -0.000000000000000000, -1.000000000000000000, -4.127223139870470387E-16 ) ) ;
#3915 = ORIENTED_EDGE ( 'NONE', *, *, #693, .F. ) ;
#3916 = DIRECTION ( 'NONE',  ( 0.000000000000000000, 0.000000000000000000, -1.000000000000000000 ) ) ;
#3917 = EDGE_CURVE ( 'NONE', #3612, #1170, #4163, .T. ) ;
#3918 = CIRCLE ( 'NONE', #207, 0.2866033983652087613 ) ;
#3919 = VERTEX_POINT ( 'NONE', #411 ) ;
#3920 = CARTESIAN_POINT ( 'NONE',  ( 57.89999999999999858, -8.125000000000000000, -2.250000000000000000 ) ) ;
#3921 = EDGE_LOOP ( 'NONE', ( #6100, #4884, #4251, #445, #3892, #2075, #5800, #175, #5483, #72, #786, #5900, #7081, #6348, #6394, #7016, #5936, #1691, #6057, #2184 ) ) ;
#3922 = FACE_BOUND ( 'NONE', #429, .T. ) ;
#3923 = AXIS2_PLACEMENT_3D ( 'NONE', #4923, #2222, #4408 ) ;
#3924 = DIRECTION ( 'NONE',  ( 0.000000000000000000, 0.000000000000000000, -1.000000000000000000 ) ) ;
#3925 = CARTESIAN_POINT ( 'NONE',  ( 3.828562801722851017, -19.75000000000000355, 20.10607116466633926 ) ) ;
#3926 = CARTESIAN_POINT ( 'NONE',  ( 59.39999999999999858, -56.24999999999998579, -16.74999999999999289 ) ) ;
#3927 = VERTEX_POINT ( 'NONE', #5968 ) ;
#3928 = VERTEX_POINT ( 'NONE', #858 ) ;
#3929 = CARTESIAN_POINT ( 'NONE',  ( 8.500000000000003553, -3.942635539838801328, -1.125000000000000444 ) ) ;
#3930 = CARTESIAN_POINT ( 'NONE',  ( 63.15000000000006963, -67.49999999999995737, -20.24999999999998579 ) ) ;
#3931 = ORIENTED_EDGE ( 'NONE', *, *, #4620, .F. ) ;
#3932 = PLANE ( 'NONE',  #843 ) ;
#3933 = AXIS2_PLACEMENT_3D ( 'NONE', #1508, #4241, #6578 ) ;
#3934 = DIRECTION ( 'NONE',  ( 0.000000000000000000, 0.000000000000000000, -1.000000000000000000 ) ) ;
#3935 = DIRECTION ( 'NONE',  ( -1.000000000000000000, -0.000000000000000000, -0.000000000000000000 ) ) ;
#3936 = AXIS2_PLACEMENT_3D ( 'NONE', #3607, #5755, #277 ) ;
#3937 = CARTESIAN_POINT ( 'NONE',  ( -2.001000000000210832, -52.95499999999940854, 52.95500000000012619 ) ) ;
#3938 = ORIENTED_EDGE ( 'NONE', *, *, #2967, .F. ) ;
#3939 = CARTESIAN_POINT ( 'NONE',  ( 36.07000000001264794, -23.25000000000000711, 0.000000000000000000 ) ) ;
#3940 = LINE ( 'NONE', #6040, #2930 ) ;
#3941 = EDGE_CURVE ( 'NONE', #3153, #5541, #2567, .T. ) ;
#3942 = DIRECTION ( 'NONE',  ( 3.478129257868756297E-15, 0.9999999999993005595, 1.182668467503926780E-06 ) ) ;
#3943 = AXIS2_PLACEMENT_3D ( 'NONE', #6272, #5177, #6074 ) ;
#3944 = EDGE_LOOP ( 'NONE', ( #3913, #2218, #528, #1622, #733, #4366, #4943, #4404, #3848 ) ) ;
#3945 = CYLINDRICAL_SURFACE ( 'NONE', #5287, 1.149999999999999911 ) ;
#3946 = ADVANCED_FACE ( 'NONE', ( #4709 ), #1627, .F. ) ;
#3947 = LINE ( 'NONE', #2826, #3720 ) ;
#3948 = DIRECTION ( 'NONE',  ( 0.000000000000000000, 1.000000000000000000, 2.063611569935235193E-16 ) ) ;
#3949 = EDGE_CURVE ( 'NONE', #119, #3097, #2190, .T. ) ;
#3950 = ORIENTED_EDGE ( 'NONE', *, *, #1942, .T. ) ;
#3951 = LINE ( 'NONE', #624, #1788 ) ;
#3952 = VERTEX_POINT ( 'NONE', #6526 ) ;
#3953 = CARTESIAN_POINT ( 'NONE',  ( 38.41413931812409999, -40.65361423466074342, 6.999996328446811411 ) ) ;
#3954 = EDGE_LOOP ( 'NONE', ( #7162, #1872, #265, #6396 ) ) ;
#3955 = ORIENTED_EDGE ( 'NONE', *, *, #3455, .F. ) ;
#3956 = FACE_OUTER_BOUND ( 'NONE', #3858, .T. ) ;
#3957 = EDGE_CURVE ( 'NONE', #482, #2181, #5462, .T. ) ;
#3958 = DIRECTION ( 'NONE',  ( 0.000000000000000000, 0.000000000000000000, -1.000000000000000000 ) ) ;
#3959 = PLANE ( 'NONE',  #1913 ) ;
#3960 = DIRECTION ( 'NONE',  ( 1.000000000000000000, -0.000000000000000000, -0.000000000000000000 ) ) ;
#3961 = ORIENTED_EDGE ( 'NONE', *, *, #1195, .F. ) ;
#3962 = ORIENTED_EDGE ( 'NONE', *, *, #5687, .T. ) ;
#3963 = DIRECTION ( 'NONE',  ( 0.000000000000000000, 0.000000000000000000, -1.000000000000000000 ) ) ;
#3964 = EDGE_CURVE ( 'NONE', #946, #6573, #4961, .T. ) ;
#3965 = CIRCLE ( 'NONE', #6180, 4.030931702365784908 ) ;
#3966 = B_SPLINE_CURVE_WITH_KNOTS ( 'NONE', 3,
 ( #4341, #3233, #1497, #3164, #451, #414, #3823, #6426, #373, #2663, #2038, #4299, #7002, #1467, #489, #1609, #4262, #923 ),
 .UNSPECIFIED., .F., .F.,
 ( 4, 2, 2, 2, 2, 2, 2, 2, 4 ),
 ( 0.000000000000000000, 0.0004417810584456422374, 0.0008835621168912844749, 0.001325343175336926712, 0.001767124233782568950, 0.002208905292228210970, 0.002650686350673853425, 0.003092467409119495879, 0.003534248467565137899 ),
 .UNSPECIFIED. ) ;
#3967 = LINE ( 'NONE', #5075, #5554 ) ;
#3968 = VECTOR ( 'NONE', #1803, 1000.000000000000000 ) ;
#3969 = ORIENTED_EDGE ( 'NONE', *, *, #4992, .T. ) ;
#3970 = CARTESIAN_POINT ( 'NONE',  ( 0.000000000000000000, -11.00000000000000000, 7.608588896766578458 ) ) ;
#3971 = EDGE_LOOP ( 'NONE', ( #89, #4313, #1720, #666 ) ) ;
#3972 = VECTOR ( 'NONE', #6388, 1000.000000000000000 ) ;
#3973 = CARTESIAN_POINT ( 'NONE',  ( -0.8000000000000020428, -16.14152881293917829, -11.81192963603168877 ) ) ;
#3974 = CIRCLE ( 'NONE', #732, 1.149999999999999911 ) ;
#3975 = DIRECTION ( 'NONE',  ( -1.000000000000000000, 0.000000000000000000, 0.000000000000000000 ) ) ;
#3976 = AXIS2_PLACEMENT_3D ( 'NONE', #5587, #6039, #1077 ) ;
#3977 = FACE_OUTER_BOUND ( 'NONE', #6236, .T. ) ;
#3978 = ORIENTED_EDGE ( 'NONE', *, *, #692, .F. ) ;
#3979 = CARTESIAN_POINT ( 'NONE',  ( 8.351138401986396786, -7.920503456220447269, 1.125000000000000666 ) ) ;
#3980 = CARTESIAN_POINT ( 'NONE',  ( 55.89999999999999858, 0.000000000000000000, 6.975000000000000533 ) ) ;
#3981 = VECTOR ( 'NONE', #698, 1000.000000000000000 ) ;
#3982 = LINE ( 'NONE', #6192, #6143 ) ;
#3983 = AXIS2_PLACEMENT_3D ( 'NONE', #4901, #2084, #1008 ) ;
#3984 = CARTESIAN_POINT ( 'NONE',  ( 1.020000000025375719, -15.60747117984326948, 11.55874418326229858 ) ) ;
#3985 = AXIS2_PLACEMENT_3D ( 'NONE', #2675, #425, #5409 ) ;
#3986 = EDGE_CURVE ( 'NONE', #4741, #1947, #485, .T. ) ;
#3987 = CARTESIAN_POINT ( 'NONE',  ( 9.595740546619472511, -4.091696588561455350, -0.2950002735704887469 ) ) ;
#3988 = CARTESIAN_POINT ( 'NONE',  ( -2.000000000000000000, -41.34000000000251163, 11.39999999999528590 ) ) ;
#3989 = VERTEX_POINT ( 'NONE', #4413 ) ;
#3990 = CARTESIAN_POINT ( 'NONE',  ( -0.8000000000000000444, -49.64000000000250878, -4.846123502488786489E-12 ) ) ;
#3991 = AXIS2_PLACEMENT_3D ( 'NONE', #6157, #1701, #2789 ) ;
#3992 = EDGE_CURVE ( 'NONE', #1826, #4275, #2266, .T. ) ;
#3993 = PLANE ( 'NONE',  #5150 ) ;
#3994 = EDGE_LOOP ( 'NONE', ( #5846, #5802, #3536, #249, #3015, #7027 ) ) ;
#3995 = ORIENTED_EDGE ( 'NONE', *, *, #4526, .F. ) ;
#3996 = DIRECTION ( 'NONE',  ( -0.000000000000000000, 1.000000000000000000, 4.127223139870470387E-16 ) ) ;
#3997 = AXIS2_PLACEMENT_3D ( 'NONE', #492, #2705, #5119 ) ;
#3998 = AXIS2_PLACEMENT_3D ( 'NONE', #6805, #6324, #1298 ) ;
#3999 = DIRECTION ( 'NONE',  ( -1.000000000000000000, 2.583947887447540056E-15, -2.920409892216848119E-16 ) ) ;
#4000 = DIRECTION ( 'NONE',  ( 1.000000000000000000, 0.000000000000000000, 0.000000000000000000 ) ) ;
#4001 = ADVANCED_FACE ( 'NONE', ( #3385 ), #3932, .F. ) ;
#4002 = DIRECTION ( 'NONE',  ( -0.000000000000000000, 1.000000000000000000, 0.000000000000000000 ) ) ;
#4003 = EDGE_CURVE ( 'NONE', #7102, #5404, #1110, .T. ) ;
#4004 = VECTOR ( 'NONE', #6944, 1000.000000000000000 ) ;
#4005 = ORIENTED_EDGE ( 'NONE', *, *, #1279, .F. ) ;
#4006 = LINE ( 'NONE', #1246, #3255 ) ;
#4007 =( LENGTH_UNIT ( ) NAMED_UNIT ( * ) SI_UNIT ( .MILLI., .METRE. ) );
#4008 = EDGE_CURVE ( 'NONE', #2329, #119, #6056, .T. ) ;
#4009 = ADVANCED_FACE ( 'NONE', ( #3782 ), #448, .F. ) ;
#4010 = ORIENTED_EDGE ( 'NONE', *, *, #2933, .T. ) ;
#4011 = EDGE_LOOP ( 'NONE', ( #1899, #1575, #941, #2366, #659, #6706 ) ) ;
#4012 = CARTESIAN_POINT ( 'NONE',  ( 55.89999999999999858, 1.408343819019455535E-16, 9.275000000000000355 ) ) ;
#4013 = EDGE_CURVE ( 'NONE', #2780, #6983, #7070, .T. ) ;
#4014 =( BOUNDED_CURVE ( )  B_SPLINE_CURVE ( 3, ( #5992, #887, #364, #5317 ),
 .UNSPECIFIED., .F., .F. ) 
 B_SPLINE_CURVE_WITH_KNOTS ( ( 4, 4 ),
 ( 2.998946713422947496, 3.284238593756639180 ),
 .UNSPECIFIED. ) 
 CURVE ( )  GEOMETRIC_REPRESENTATION_ITEM ( )  RATIONAL_B_SPLINE_CURVE ( ( 1.000000000000000000, 0.9932288717751036611, 0.9932288717751036611, 1.000000000000000000 ) ) 
 REPRESENTATION_ITEM ( '' )  );
#4015 = CARTESIAN_POINT ( 'NONE',  ( 55.89999999999999858, 1.408343819019455535E-16, -6.975000000000000533 ) ) ;
#4016 = DIRECTION ( 'NONE',  ( -0.000000000000000000, 1.000000000000000000, -0.000000000000000000 ) ) ;
#4017 = EDGE_CURVE ( 'NONE', #3259, #5601, #2919, .T. ) ;
#4018 = CARTESIAN_POINT ( 'NONE',  ( -0.8000000000000000444, -60.75000000000000711, -13.25000000000001954 ) ) ;
#4019 = ORIENTED_EDGE ( 'NONE', *, *, #2262, .F. ) ;
#4020 = ORIENTED_EDGE ( 'NONE', *, *, #5648, .T. ) ;
#4021 = CARTESIAN_POINT ( 'NONE',  ( 57.89999999999999858, 0.000000000000000000, -10.37500000000000000 ) ) ;
#4022 = CARTESIAN_POINT ( 'NONE',  ( 38.41413931812409999, -20.93691467762551639, -9.442286694061698071 ) ) ;
#4023 = DIRECTION ( 'NONE',  ( 0.000000000000000000, 0.000000000000000000, 1.000000000000000000 ) ) ;
#4024 = CARTESIAN_POINT ( 'NONE',  ( 38.41413931812409999, -31.89210119208635419, -9.442286694060694430 ) ) ;
#4025 = DIRECTION ( 'NONE',  ( 0.000000000000000000, 0.000000000000000000, -1.000000000000000000 ) ) ;
#4026 = CARTESIAN_POINT ( 'NONE',  ( 59.40000000000000568, -1.732050807568846995, 20.24999999999998934 ) ) ;
#4027 = DIRECTION ( 'NONE',  ( -2.583947887447540056E-15, 1.000000000000000000, -9.938261105567461563E-17 ) ) ;
#4028 = ORIENTED_EDGE ( 'NONE', *, *, #6124, .T. ) ;
#4029 = ORIENTED_EDGE ( 'NONE', *, *, #4545, .T. ) ;
#4030 = CARTESIAN_POINT ( 'NONE',  ( 38.41413931812409999, -16.52983831628184319, 11.86003260712139884 ) ) ;
#4031 = VERTEX_POINT ( 'NONE', #4012 ) ;
#4032 = EDGE_CURVE ( 'NONE', #673, #6467, #710, .T. ) ;
#4033 = CARTESIAN_POINT ( 'NONE',  ( 4.014652893356916330, -67.24999999999998579, -19.88809872202713791 ) ) ;
#4034 = CYLINDRICAL_SURFACE ( 'NONE', #5371, 4.099999999999999645 ) ;
#4035 = DIRECTION ( 'NONE',  ( 1.000000000000000000, -0.000000000000000000, -0.000000000000000000 ) ) ;
#4036 = ORIENTED_EDGE ( 'NONE', *, *, #5293, .F. ) ;
#4037 = CARTESIAN_POINT ( 'NONE',  ( 40.07000000001264794, -67.24999999999998579, -23.87063664370450766 ) ) ;
#4038 = ORIENTED_EDGE ( 'NONE', *, *, #5093, .F. ) ;
#4039 = AXIS2_PLACEMENT_3D ( 'NONE', #495, #2556, #2707 ) ;
#4040 = FACE_OUTER_BOUND ( 'NONE', #3237, .T. ) ;
#4041 = LINE ( 'NONE', #1319, #1287 ) ;
#4042 = EDGE_CURVE ( 'NONE', #388, #5937, #3460, .T. ) ;
#4043 = VECTOR ( 'NONE', #2912, 1000.000000000000000 ) ;
#4044 = EDGE_CURVE ( 'NONE', #2320, #1355, #5115, .T. ) ;
#4045 = ORIENTED_EDGE ( 'NONE', *, *, #1814, .T. ) ;
#4046 = CARTESIAN_POINT ( 'NONE',  ( 59.39999999999999858, 0.000000000000000000, 5.875000000000000000 ) ) ;
#4047 = DIRECTION ( 'NONE',  ( 1.000000000000000000, -0.000000000000000000, -0.000000000000000000 ) ) ;
#4048 = EDGE_CURVE ( 'NONE', #5909, #1855, #2811, .T. ) ;
#4049 = DIRECTION ( 'NONE',  ( 1.000000000000000000, 0.000000000000000000, 0.000000000000000000 ) ) ;
#4051 = ORIENTED_EDGE ( 'NONE', *, *, #6647, .F. ) ;
#4050 = CARTESIAN_POINT ( 'NONE',  ( 3.735903773857076615, -1.561579665708801024, 19.95473532107411785 ) ) ;
#4052 = VERTEX_POINT ( 'NONE', #679 ) ;
#4053 = DIRECTION ( 'NONE',  ( 0.000000000000000000, 0.000000000000000000, -1.000000000000000000 ) ) ;
#4054 =( BOUNDED_CURVE ( )  B_SPLINE_CURVE ( 3, ( #2692, #2063, #4290, #6484 ),
 .UNSPECIFIED., .F., .F. ) 
 B_SPLINE_CURVE_WITH_KNOTS ( ( 4, 4 ),
 ( 1.570796326794893227, 3.141592653589793116 ),
 .UNSPECIFIED. ) 
 CURVE ( )  GEOMETRIC_REPRESENTATION_ITEM ( )  RATIONAL_B_SPLINE_CURVE ( ( 1.000000000000000000, 0.8047378541243641603, 0.8047378541243641603, 1.000000000000000000 ) ) 
 REPRESENTATION_ITEM ( '' )  );
#4055 = LINE ( 'NONE', #5193, #7049 ) ;
#4056 = CARTESIAN_POINT ( 'NONE',  ( 63.64999999999999858, -88.21000000000017849, 17.70000000000002771 ) ) ;
#4057 = CIRCLE ( 'NONE', #5117, 6.500000000000000888 ) ;
#4058 = ORIENTED_EDGE ( 'NONE', *, *, #131, .T. ) ;
#4059 = CARTESIAN_POINT ( 'NONE',  ( 57.89999999999999858, 0.000000000000000000, 8.125000000000000000 ) ) ;
#4060 = CYLINDRICAL_SURFACE ( 'NONE', #1368, 0.2866033983652087613 ) ;
#4061 = EDGE_CURVE ( 'NONE', #6160, #6021, #1798, .T. ) ;
#4062 = ORIENTED_EDGE ( 'NONE', *, *, #6876, .T. ) ;
#4063 = DIRECTION ( 'NONE',  ( 0.000000000000000000, -1.494163200669084626E-16, 1.000000000000000000 ) ) ;
#4064 = DIRECTION ( 'NONE',  ( -0.000000000000000000, 1.000000000000000000, 6.025932307130908246E-13 ) ) ;
#4065 = CARTESIAN_POINT ( 'NONE',  ( 56.64999999999985647, -19.75000000000000355, 22.77871965419709355 ) ) ;
#4066 = EDGE_CURVE ( 'NONE', #5721, #6467, #1901, .T. ) ;
#4067 = PLANE ( 'NONE',  #6759 ) ;
#4068 = AXIS2_PLACEMENT_3D ( 'NONE', #2001, #4226, #6420 ) ;
#4069 = DIRECTION ( 'NONE',  ( 1.000000000000000000, 2.583947887447540056E-15, -2.920409892216848119E-16 ) ) ;
#4070 = CARTESIAN_POINT ( 'NONE',  ( 3.500000000000000000, -60.75000000000000711, 13.25000000000000355 ) ) ;
#4071 = VECTOR ( 'NONE', #1281, 1000.000000000000000 ) ;
#4072 = ORIENTED_EDGE ( 'NONE', *, *, #3463, .T. ) ;
#4073 = DIRECTION ( 'NONE',  ( -0.7071067811865527908, 0.7071067811865422437, -0.000000000000000000 ) ) ;
#4074 = FACE_OUTER_BOUND ( 'NONE', #1088, .T. ) ;
#4075 = EDGE_CURVE ( 'NONE', #476, #1790, #4663, .T. ) ;
#4076 = FACE_OUTER_BOUND ( 'NONE', #876, .T. ) ;
#4077 = VERTEX_POINT ( 'NONE', #1759 ) ;
#4078 = EDGE_CURVE ( 'NONE', #1381, #1790, #6763, .T. ) ;
#4079 = ORIENTED_EDGE ( 'NONE', *, *, #1254, .T. ) ;
#4080 = CARTESIAN_POINT ( 'NONE',  ( 3.500000000000000000, 0.000000000000000000, -17.24999999999999645 ) ) ;
#4081 = DIRECTION ( 'NONE',  ( -2.580706579578174287E-15, 1.000000000000000000, 0.000000000000000000 ) ) ;
#4082 = DIRECTION ( 'NONE',  ( 1.802143912355449343E-15, -1.000000000000000000, 9.032665847314738249E-17 ) ) ;
#4083 = CIRCLE ( 'NONE', #1880, 2.250000000000000000 ) ;
#4085 = EDGE_LOOP ( 'NONE', ( #5459, #1332, #190, #3445 ) ) ;
#4084 = FACE_OUTER_BOUND ( 'NONE', #7023, .T. ) ;
#4086 = EDGE_LOOP ( 'NONE', ( #961, #2116 ) ) ;
#4087 = CIRCLE ( 'NONE', #261, 141.0803369579429614 ) ;
#4088 = AXIS2_PLACEMENT_3D ( 'NONE', #162, #3038, #4660 ) ;
#4089 = EDGE_CURVE ( 'NONE', #298, #4320, #5042, .T. ) ;
#4090 = FACE_OUTER_BOUND ( 'NONE', #2257, .T. ) ;
#4091 = EDGE_LOOP ( 'NONE', ( #1441, #1051, #3308, #5825 ) ) ;
#4092 = EDGE_CURVE ( 'NONE', #5017, #3307, #1831, .T. ) ;
#4093 = ORIENTED_EDGE ( 'NONE', *, *, #2173, .F. ) ;
#4094 = FACE_OUTER_BOUND ( 'NONE', #4784, .T. ) ;
#4095 = ADVANCED_FACE ( 'NONE', ( #4635 ), #1286, .T. ) ;
#4096 = VECTOR ( 'NONE', #4393, 1000.000000000000000 ) ;
#4097 = CARTESIAN_POINT ( 'NONE',  ( -0.8000000000000020428, -15.86477721247436534, -11.70797299346834386 ) ) ;
#4098 = VECTOR ( 'NONE', #6378, 1000.000000000000000 ) ;
#4099 = CARTESIAN_POINT ( 'NONE',  ( 1.020000000025320208, -20.93691467762551639, -9.442286694061698071 ) ) ;
#4100 = ORIENTED_EDGE ( 'NONE', *, *, #4032, .F. ) ;
#4101 = CARTESIAN_POINT ( 'NONE',  ( -0.8000000000000000444, -40.65361423466074342, 6.999996328446811411 ) ) ;
#4102 = VECTOR ( 'NONE', #7046, 1000.000000000000000 ) ;
#4103 = VERTEX_POINT ( 'NONE', #4122 ) ;
#4104 = LINE ( 'NONE', #2359, #3981 ) ;
#4105 = EDGE_CURVE ( 'NONE', #4595, #6477, #6242, .T. ) ;
#4106 = EDGE_CURVE ( 'NONE', #3928, #88, #2852, .T. ) ;
#4107 = AXIS2_PLACEMENT_3D ( 'NONE', #1351, #5797, #3551 ) ;
#4108 = DIRECTION ( 'NONE',  ( 0.000000000000000000, 0.000000000000000000, -1.000000000000000000 ) ) ;
#4109 = FACE_OUTER_BOUND ( 'NONE', #3302, .T. ) ;
#4110 = DIRECTION ( 'NONE',  ( 0.000000000000000000, -1.783514044786383131E-06, -0.9999999999984096055 ) ) ;
#4111 = AXIS2_PLACEMENT_3D ( 'NONE', #4678, #1300, #3541 ) ;
#4112 = DIRECTION ( 'NONE',  ( 0.000000000000000000, -1.000000000000000000, 0.000000000000000000 ) ) ;
#4113 = VERTEX_POINT ( 'NONE', #6797 ) ;
#4114 = LINE ( 'NONE', #6304, #4675 ) ;
#4115 = VERTEX_POINT ( 'NONE', #2407 ) ;
#4116 = AXIS2_PLACEMENT_3D ( 'NONE', #5861, #1054, #435 ) ;
#4117 = CARTESIAN_POINT ( 'NONE',  ( 57.39999999999999858, -56.24999999999998579, -16.74999999999998934 ) ) ;
#4118 = DIRECTION ( 'NONE',  ( 0.000000000000000000, 0.000000000000000000, 1.000000000000000000 ) ) ;
#4119 = VECTOR ( 'NONE', #734, 1000.000000000000000 ) ;
#4120 = CARTESIAN_POINT ( 'NONE',  ( 54.00527317477213529, -2.460571892484166412, -21.51183553345858357 ) ) ;
#4121 = VERTEX_POINT ( 'NONE', #4046 ) ;
#4122 = CARTESIAN_POINT ( 'NONE',  ( -0.8000000000000020428, -32.25000000000000000, -10.65111910102082504 ) ) ;
#4123 = PLANE ( 'NONE',  #2731 ) ;
#4124 = CIRCLE ( 'NONE', #3057, 4.099999999999999645 ) ;
#4125 = ADVANCED_FACE ( 'NONE', ( #3494 ), #5711, .F. ) ;
#4126 = DIRECTION ( 'NONE',  ( 0.000000000000000000, 0.000000000000000000, -1.000000000000000000 ) ) ;
#4127 = CARTESIAN_POINT ( 'NONE',  ( 6.189184153022434742, -5.114983607565688928, -26.10941148818589141 ) ) ;
#4128 = VERTEX_POINT ( 'NONE', #196 ) ;
#4129 = VECTOR ( 'NONE', #967, 1000.000000000000000 ) ;
#4130 = LINE ( 'NONE', #239, #3723 ) ;
#4131 = ORIENTED_EDGE ( 'NONE', *, *, #3235, .T. ) ;
#4132 = ORIENTED_EDGE ( 'NONE', *, *, #1059, .T. ) ;
#4133 = DIRECTION ( 'NONE',  ( 0.000000000000000000, 0.000000000000000000, 1.000000000000000000 ) ) ;
#4134 = DIRECTION ( 'NONE',  ( 2.583947887447540056E-15, 1.000000000000000000, 0.000000000000000000 ) ) ;
#4135 = EDGE_CURVE ( 'NONE', #542, #4121, #1863, .T. ) ;
#4136 = DIRECTION ( 'NONE',  ( 1.000000000000000000, -0.000000000000000000, -0.000000000000000000 ) ) ;
#4137 = DIRECTION ( 'NONE',  ( 0.000000000000000000, 0.4999999999999947264, -0.8660254037844417052 ) ) ;
#4138 = DIRECTION ( 'NONE',  ( 1.000000000000000000, -1.802143912355449343E-15, 2.887412898249062070E-16 ) ) ;
#4139 = ORIENTED_EDGE ( 'NONE', *, *, #2807, .F. ) ;
#4140 = CARTESIAN_POINT ( 'NONE',  ( 55.90000000000000568, -67.25000000000000000, 17.25000000000001421 ) ) ;
#4141 = EDGE_CURVE ( 'NONE', #4762, #4839, #5747, .T. ) ;
#4142 = CARTESIAN_POINT ( 'NONE',  ( 57.89999999999999858, 8.125000000000000000, -2.250000000000000000 ) ) ;
#4143 = FACE_OUTER_BOUND ( 'NONE', #2520, .T. ) ;
#4144 = LINE ( 'NONE', #2469, #3031 ) ;
#4145 = EDGE_LOOP ( 'NONE', ( #5892, #6556, #909, #2900 ) ) ;
#4146 = CARTESIAN_POINT ( 'NONE',  ( 9.399287977919163595, 7.970725299115929197, 0.6916600402929158342 ) ) ;
#4147 = LINE ( 'NONE', #6792, #3845 ) ;
#4148 = CARTESIAN_POINT ( 'NONE',  ( 3.500000000000000000, -67.25000000000000000, 17.24999999999999645 ) ) ;
#4149 = ORIENTED_EDGE ( 'NONE', *, *, #2490, .F. ) ;
#4150 = VECTOR ( 'NONE', #1224, 1000.000000000000000 ) ;
#4151 = VERTEX_POINT ( 'NONE', #5622 ) ;
#4152 = ORIENTED_EDGE ( 'NONE', *, *, #433, .T. ) ;
#4153 = DIRECTION ( 'NONE',  ( -0.9962180042504266142, -3.586100464499332983E-17, 0.08688894065010210888 ) ) ;
#4154 = EDGE_LOOP ( 'NONE', ( #5586, #1003, #963, #5422 ) ) ;
#4155 = VERTEX_POINT ( 'NONE', #5284 ) ;
#4156 = ORIENTED_EDGE ( 'NONE', *, *, #49, .T. ) ;
#4157 = CARTESIAN_POINT ( 'NONE',  ( -0.8000000000000020428, -15.06994931240793179, -10.75478182293883123 ) ) ;
#4158 = AXIS2_PLACEMENT_3D ( 'NONE', #3310, #3381, #91 ) ;
#4159 = CARTESIAN_POINT ( 'NONE',  ( 59.39999999999999858, -43.02999999999998693, 18.24999999999999289 ) ) ;
#4160 = CARTESIAN_POINT ( 'NONE',  ( 9.398728656066436926, -7.970660512823044996, -0.6923989936017330704 ) ) ;
#4161 = EDGE_CURVE ( 'NONE', #764, #3679, #1527, .T. ) ;
#4162 = ORIENTED_EDGE ( 'NONE', *, *, #3638, .F. ) ;
#4163 = LINE ( 'NONE', #3743, #1073 ) ;
#4164 = ORIENTED_EDGE ( 'NONE', *, *, #5677, .T. ) ;
#4165 = ORIENTED_EDGE ( 'NONE', *, *, #2881, .T. ) ;
#4166 = DIRECTION ( 'NONE',  ( 1.000000000000000000, 0.000000000000000000, 0.000000000000000000 ) ) ;
#4167 = CARTESIAN_POINT ( 'NONE',  ( -0.8000000000000020428, -16.43046926659601681, -11.86016531324574963 ) ) ;
#4168 = DIRECTION ( 'NONE',  ( 0.000000000000000000, 0.000000000000000000, 1.000000000000000000 ) ) ;
#4169 = CARTESIAN_POINT ( 'NONE',  ( -2.000000000000001776, -49.63999999999779789, 5.107025913275720086E-12 ) ) ;
#4170 = CARTESIAN_POINT ( 'NONE',  ( 40.07000000001264794, -23.25000000000000711, 0.000000000000000000 ) ) ;
#4171 = FACE_OUTER_BOUND ( 'NONE', #3150, .T. ) ;
#4172 = ADVANCED_FACE ( 'NONE', ( #847 ), #3008, .T. ) ;
#4173 = CARTESIAN_POINT ( 'NONE',  ( 55.89999999999999858, 0.000000000000000000, 8.125000000000000000 ) ) ;
#4174 = CARTESIAN_POINT ( 'NONE',  ( 1.020000000025271580, -32.11500000000125965, -10.80000000000469740 ) ) ;
#4175 = CARTESIAN_POINT ( 'NONE',  ( -4.249999999999985789, -93.74000000000003752, 1.405721580711509153E-14 ) ) ;
#4176 = VECTOR ( 'NONE', #3018, 1000.000000000000000 ) ;
#4177 = DIRECTION ( 'NONE',  ( -1.000000000000000000, -0.000000000000000000, -0.000000000000000000 ) ) ;
#4178 = VERTEX_POINT ( 'NONE', #1390 ) ;
#4179 = ADVANCED_FACE ( 'NONE', ( #6349 ), #266, .T. ) ;
#4180 = CARTESIAN_POINT ( 'NONE',  ( 3.500000000000000000, -13.50000000000000000, -13.25000000000002487 ) ) ;
#4181 = CARTESIAN_POINT ( 'NONE',  ( -0.8000000000000020428, -32.25000000000000000, -10.65111910102082504 ) ) ;
#4182 = DIRECTION ( 'NONE',  ( -1.000000000000000000, 2.583947887447540056E-15, -2.920409892216848119E-16 ) ) ;
#4183 = ORIENTED_EDGE ( 'NONE', *, *, #5291, .F. ) ;
#4184 = ORIENTED_EDGE ( 'NONE', *, *, #4740, .T. ) ;
#4185 = LINE ( 'NONE', #4773, #4098 ) ;
#4186 = ADVANCED_FACE ( 'NONE', ( #1932 ), #3045, .T. ) ;
#4187 = DIRECTION ( 'NONE',  ( 0.000000000000000000, 0.000000000000000000, -1.000000000000000000 ) ) ;
#4188 = CARTESIAN_POINT ( 'NONE',  ( 48.18473398121713558, -67.25000000000000000, 11.87653491542464046 ) ) ;
#4189 = DIRECTION ( 'NONE',  ( 0.000000000000000000, 1.000000000000000000, -9.168304814023545036E-14 ) ) ;
#4190 = ORIENTED_EDGE ( 'NONE', *, *, #6600, .F. ) ;
#4191 = LINE ( 'NONE', #3645, #7078 ) ;
#4192 = ORIENTED_EDGE ( 'NONE', *, *, #2546, .T. ) ;
#4193 = DIRECTION ( 'NONE',  ( 7.346553920761778045E-15, 0.000000000000000000, 1.000000000000000000 ) ) ;
#4194 = CARTESIAN_POINT ( 'NONE',  ( -0.8000000000000000444, -15.02996288919170986, -10.36012183223557415 ) ) ;
#4195 = AXIS2_PLACEMENT_3D ( 'NONE', #6195, #583, #3475 ) ;
#4196 = DIRECTION ( 'NONE',  ( 1.000000000000000000, -2.529146437248130062E-15, 2.920409892216848119E-16 ) ) ;
#4197 =( BOUNDED_CURVE ( )  B_SPLINE_CURVE ( 3, ( #2034, #6486, #5925, #5966 ),
 .UNSPECIFIED., .F., .F. ) 
 B_SPLINE_CURVE_WITH_KNOTS ( ( 4, 4 ),
 ( 1.805448358260547836, 2.434935845121426912 ),
 .UNSPECIFIED. ) 
 CURVE ( )  GEOMETRIC_REPRESENTATION_ITEM ( )  RATIONAL_B_SPLINE_CURVE ( ( 1.000000000000000000, 0.9672504934674117649, 0.9672504934674117649, 1.000000000000000000 ) ) 
 REPRESENTATION_ITEM ( '' )  );
#4198 = CIRCLE ( 'NONE', #636, 1.149999999999999911 ) ;
#4199 = CYLINDRICAL_SURFACE ( 'NONE', #6690, 14.80283886912690505 ) ;
#4200 = VERTEX_POINT ( 'NONE', #5810 ) ;
#4201 = FACE_OUTER_BOUND ( 'NONE', #1869, .T. ) ;
#4202 = LINE ( 'NONE', #3656, #1035 ) ;
#4203 = EDGE_CURVE ( 'NONE', #6187, #2456, #6927, .T. ) ;
#4204 = ORIENTED_EDGE ( 'NONE', *, *, #338, .T. ) ;
#4205 = VECTOR ( 'NONE', #952, 1000.000000000000000 ) ;
#4206 = DIRECTION ( 'NONE',  ( 0.08688894065010210888, 0.000000000000000000, -0.9962180042504266142 ) ) ;
#4207 = ORIENTED_EDGE ( 'NONE', *, *, #5876, .T. ) ;
#4208 = LINE ( 'NONE', #350, #7100 ) ;
#4209 = VECTOR ( 'NONE', #5638, 1000.000000000000000 ) ;
#4210 = DIRECTION ( 'NONE',  ( -2.584933993157529418E-15, 1.000000000000000000, 0.000000000000000000 ) ) ;
#4211 = EDGE_CURVE ( 'NONE', #428, #6173, #4185, .T. ) ;
#4212 = ORIENTED_EDGE ( 'NONE', *, *, #5894, .F. ) ;
#4213 = VECTOR ( 'NONE', #1360, 1000.000000000000000 ) ;
#4214 = DIRECTION ( 'NONE',  ( 0.000000000000000000, 0.000000000000000000, 1.000000000000000000 ) ) ;
#4215 = ORIENTED_EDGE ( 'NONE', *, *, #4798, .F. ) ;
#4216 = VECTOR ( 'NONE', #6537, 1000.000000000000000 ) ;
#4217 = DIRECTION ( 'NONE',  ( 1.000000000000000000, 0.000000000000000000, 0.000000000000000000 ) ) ;
#4218 = DIRECTION ( 'NONE',  ( -1.000000000000000000, -0.000000000000000000, -0.000000000000000000 ) ) ;
#4219 = VECTOR ( 'NONE', #2252, 1000.000000000000227 ) ;
#4220 = ADVANCED_FACE ( 'NONE', ( #4224 ), #2483, .F. ) ;
#4221 = DIRECTION ( 'NONE',  ( 0.000000000000000000, 0.000000000000000000, 1.000000000000000000 ) ) ;
#4222 = ORIENTED_EDGE ( 'NONE', *, *, #2149, .F. ) ;
#4223 = VERTEX_POINT ( 'NONE', #5248 ) ;
#4224 = FACE_OUTER_BOUND ( 'NONE', #5824, .T. ) ;
#4225 = EDGE_LOOP ( 'NONE', ( #4811, #2623, #5320, #4405 ) ) ;
#4226 = DIRECTION ( 'NONE',  ( -1.000000000000000000, -0.000000000000000000, -0.000000000000000000 ) ) ;
#4227 = AXIS2_PLACEMENT_3D ( 'NONE', #5296, #6966, #3709 ) ;
#4228 = EDGE_CURVE ( 'NONE', #4259, #1970, #1082, .T. ) ;
#4229 = ADVANCED_FACE ( 'NONE', ( #1458 ), #3666, .F. ) ;
#4230 = FACE_OUTER_BOUND ( 'NONE', #6793, .T. ) ;
#4231 = ORIENTED_EDGE ( 'NONE', *, *, #2022, .T. ) ;
#4232 = CYLINDRICAL_SURFACE ( 'NONE', #38, 141.0803369579429614 ) ;
#4233 = AXIS2_PLACEMENT_3D ( 'NONE', #4140, #5332, #4206 ) ;
#4234 = DIRECTION ( 'NONE',  ( 0.000000000000000000, 0.000000000000000000, 1.000000000000000000 ) ) ;
#4235 = CARTESIAN_POINT ( 'NONE',  ( 3.500000000000000000, -13.50000000000000000, 13.24999999999999822 ) ) ;
#4236 = CARTESIAN_POINT ( 'NONE',  ( -0.8000000000000000444, -20.93691467460053346, 9.442286694052302920 ) ) ;
#4237 = ORIENTED_EDGE ( 'NONE', *, *, #2453, .T. ) ;
#4238 = ORIENTED_EDGE ( 'NONE', *, *, #3472, .T. ) ;
#4239 = CARTESIAN_POINT ( 'NONE',  ( 1.020000000025318654, -16.89000000000253010, -11.40000000000473435 ) ) ;
#4240 = DIRECTION ( 'NONE',  ( 8.673617379884027583E-16, -1.000000000000000000, 0.000000000000000000 ) ) ;
#4241 = DIRECTION ( 'NONE',  ( -1.000000000000000000, 0.000000000000000000, 0.000000000000000000 ) ) ;
#4242 = DIRECTION ( 'NONE',  ( 0.000000000000000000, -1.000000000000000000, -2.624392550645698593E-16 ) ) ;
#4243 = CARTESIAN_POINT ( 'NONE',  ( 57.15000000000010516, -72.03553390593276617, -20.24999999999998579 ) ) ;
#4244 = DIRECTION ( 'NONE',  ( 1.000000000000000000, -2.529146437248130062E-15, 2.920409892216848119E-16 ) ) ;
#4245 = CIRCLE ( 'NONE', #6674, 4.030931702365777802 ) ;
#4246 = DIRECTION ( 'NONE',  ( -0.000000000000000000, 1.000000000000000000, -0.000000000000000000 ) ) ;
#4247 = ORIENTED_EDGE ( 'NONE', *, *, #5982, .T. ) ;
#4248 = DIRECTION ( 'NONE',  ( -0.000000000000000000, -0.000000000000000000, -1.000000000000000000 ) ) ;
#4249 = CYLINDRICAL_SURFACE ( 'NONE', #2002, 4.030931702365777802 ) ;
#4250 = LINE ( 'NONE', #6445, #6853 ) ;
#4251 = ORIENTED_EDGE ( 'NONE', *, *, #363, .F. ) ;
#4252 = ORIENTED_EDGE ( 'NONE', *, *, #672, .T. ) ;
#4253 = ADVANCED_FACE ( 'NONE', ( #4420 ), #5049, .F. ) ;
#4254 = CARTESIAN_POINT ( 'NONE',  ( -4.250000000000031086, -69.03553390593266670, 4.656721463196960777E-15 ) ) ;
#4255 = AXIS2_PLACEMENT_3D ( 'NONE', #5585, #99, #612 ) ;
#4256 = LINE ( 'NONE', #6422, #2410 ) ;
#4257 = ORIENTED_EDGE ( 'NONE', *, *, #235, .T. ) ;
#4258 = CARTESIAN_POINT ( 'NONE',  ( -0.8000000000000000444, -13.50000000000000000, -13.25000000000002487 ) ) ;
#4259 = VERTEX_POINT ( 'NONE', #6610 ) ;
#4260 = LINE ( 'NONE', #3200, #2895 ) ;
#4261 = EDGE_CURVE ( 'NONE', #1947, #5630, #2467, .T. ) ;
#4262 = CARTESIAN_POINT ( 'NONE',  ( 8.647281353702666706, 3.942635539838803105, -1.125000000000000666 ) ) ;
#4263 = DIRECTION ( 'NONE',  ( 7.353719082945172033E-15, 0.000000000000000000, 1.000000000000000000 ) ) ;
#4264 = ORIENTED_EDGE ( 'NONE', *, *, #6686, .F. ) ;
#4265 = EDGE_LOOP ( 'NONE', ( #2513, #5557 ) ) ;
#4266 = DIRECTION ( 'NONE',  ( -0.000000000000000000, 1.000000000000000000, -0.000000000000000000 ) ) ;
#4267 = DIRECTION ( 'NONE',  ( 0.000000000000000000, 0.000000000000000000, 1.000000000000000000 ) ) ;
#4268 = ORIENTED_EDGE ( 'NONE', *, *, #2712, .T. ) ;
#4269 = EDGE_CURVE ( 'NONE', #24, #1570, #3827, .T. ) ;
#4270 = CARTESIAN_POINT ( 'NONE',  ( 61.15000000000002700, -69.03553390593266670, 3.934868238634695851E-15 ) ) ;
#4271 = EDGE_LOOP ( 'NONE', ( #125, #3075, #6140, #300 ) ) ;
#4272 = FACE_OUTER_BOUND ( 'NONE', #6497, .T. ) ;
#4273 = EDGE_CURVE ( 'NONE', #4128, #2438, #5262, .T. ) ;
#4274 = CYLINDRICAL_SURFACE ( 'NONE', #167, 1.149999999999999911 ) ;
#4275 = VERTEX_POINT ( 'NONE', #4379 ) ;
#4276 = ORIENTED_EDGE ( 'NONE', *, *, #2807, .T. ) ;
#4277 = DIRECTION ( 'NONE',  ( 0.000000000000000000, 0.000000000000000000, -1.000000000000000000 ) ) ;
#4278 = ORIENTED_EDGE ( 'NONE', *, *, #453, .F. ) ;
#4279 = DIRECTION ( 'NONE',  ( 1.000000000000000000, 0.000000000000000000, 0.000000000000000000 ) ) ;
#4280 = VERTEX_POINT ( 'NONE', #3357 ) ;
#4281 = EDGE_LOOP ( 'NONE', ( #2150, #4748 ) ) ;
#4282 = CARTESIAN_POINT ( 'NONE',  ( 38.41413931812409999, -41.34000000000252584, 10.24999999999526601 ) ) ;
#4283 = ORIENTED_EDGE ( 'NONE', *, *, #1208, .T. ) ;
#4284 = DIRECTION ( 'NONE',  ( -0.000000000000000000, 1.000000000000000000, -0.000000000000000000 ) ) ;
#4285 = CARTESIAN_POINT ( 'NONE',  ( 8.204922123189643202, 7.924844955998591622, -1.095459264781743602 ) ) ;
#4286 = ORIENTED_EDGE ( 'NONE', *, *, #7130, .F. ) ;
#4287 = AXIS2_PLACEMENT_3D ( 'NONE', #3395, #2861, #6658 ) ;
#4288 = VERTEX_POINT ( 'NONE', #4969 ) ;
#4289 = EDGE_CURVE ( 'NONE', #718, #4664, #2085, .T. ) ;
#4290 = CARTESIAN_POINT ( 'NONE',  ( 56.06421356237295583, -3.769358049814249156, 23.77871965419709710 ) ) ;
#4291 = CARTESIAN_POINT ( 'NONE',  ( 55.66409622614292374, -19.75000000000000355, 19.95473532107411785 ) ) ;
#4292 = ADVANCED_FACE ( 'NONE', ( #1654 ), #7122, .F. ) ;
#4293 = VERTEX_POINT ( 'NONE', #68 ) ;
#4294 = ORIENTED_EDGE ( 'NONE', *, *, #2173, .T. ) ;
#4295 = ORIENTED_EDGE ( 'NONE', *, *, #5860, .T. ) ;
#4296 = ORIENTED_EDGE ( 'NONE', *, *, #442, .T. ) ;
#4297 = DIRECTION ( 'NONE',  ( 0.000000000000000000, 0.000000000000000000, 1.000000000000000000 ) ) ;
#4298 = FACE_OUTER_BOUND ( 'NONE', #2160, .T. ) ;
#4299 = CARTESIAN_POINT ( 'NONE',  ( 9.482174351167895310, 4.062761087198100363, -0.5682116604571140206 ) ) ;
#4300 = LINE ( 'NONE', #1499, #4334 ) ;
#4301 = ORIENTED_EDGE ( 'NONE', *, *, #384, .T. ) ;
#4302 = CARTESIAN_POINT ( 'NONE',  ( -0.8000000000000000444, -43.67851763289844769, 11.35999220644692009 ) ) ;
#4303 = EDGE_CURVE ( 'NONE', #6181, #1716, #3870, .T. ) ;
#4304 = EDGE_CURVE ( 'NONE', #970, #6377, #2119, .T. ) ;
#4305 = VERTEX_POINT ( 'NONE', #5471 ) ;
#4306 = EDGE_CURVE ( 'NONE', #746, #6431, #497, .T. ) ;
#4307 = CARTESIAN_POINT ( 'NONE',  ( 1.020000000025278464, -38.89000006848778668, -6.999999457044213003 ) ) ;
#4308 = CARTESIAN_POINT ( 'NONE',  ( 1.020000000025375719, -15.02980442205631384, -10.55811656341952265 ) ) ;
#4309 = SURFACE_STYLE_USAGE ( .BOTH. , #2751 ) ;
#4310 = VECTOR ( 'NONE', #6584, 1000.000000000000000 ) ;
#4311 = CARTESIAN_POINT ( 'NONE',  ( 48.18473398121713558, -23.25000000000000355, 11.87653491542464046 ) ) ;
#4312 = ORIENTED_EDGE ( 'NONE', *, *, #778, .T. ) ;
#4313 = ORIENTED_EDGE ( 'NONE', *, *, #1849, .F. ) ;
#4314 = CARTESIAN_POINT ( 'NONE',  ( 38.41413931812409999, -15.02996282514451565, -10.36012184685432480 ) ) ;
#4315 = ADVANCED_FACE ( 'NONE', ( #31, #1117 ), #2710, .T. ) ;
#4316 = VECTOR ( 'NONE', #2095, 1000.000000000000000 ) ;
#4317 = EDGE_CURVE ( 'NONE', #6902, #1494, #4346, .T. ) ;
#4318 = FACE_OUTER_BOUND ( 'NONE', #5934, .T. ) ;
#4319 = VECTOR ( 'NONE', #2982, 1000.000000000000000 ) ;
#4320 = VERTEX_POINT ( 'NONE', #1613 ) ;
#4321 = CARTESIAN_POINT ( 'NONE',  ( 50.03522155753238110, -67.25000000000000000, 22.77902761317091773 ) ) ;
#4322 = AXIS2_PLACEMENT_3D ( 'NONE', #469, #3691, #1591 ) ;
#4323 = CARTESIAN_POINT ( 'NONE',  ( -2.000000000000000000, -61.24999999999998579, 15.75000000000000355 ) ) ;
#4324 = VECTOR ( 'NONE', #3205, 1000.000000000000114 ) ;
#4325 = CARTESIAN_POINT ( 'NONE',  ( 29.69999999999999929, -67.25000000000004263, 116.8280647581437819 ) ) ;
#4326 = CARTESIAN_POINT ( 'NONE',  ( 38.41413931812409999, -16.89000000000253010, -9.100000000004733636 ) ) ;
#4327 = AXIS2_PLACEMENT_3D ( 'NONE', #315, #7007, #6941 ) ;
#4328 =( BOUNDED_CURVE ( )  B_SPLINE_CURVE ( 3, ( #4639, #785, #3499, #855 ),
 .UNSPECIFIED., .F., .F. ) 
 B_SPLINE_CURVE_WITH_KNOTS ( ( 4, 4 ),
 ( 2.996949515185856505, 3.141592653589793116 ),
 .UNSPECIFIED. ) 
 CURVE ( )  GEOMETRIC_REPRESENTATION_ITEM ( )  RATIONAL_B_SPLINE_CURVE ( ( 1.000000000000000000, 0.9982572899986382753, 0.9982572899986382753, 1.000000000000000000 ) ) 
 REPRESENTATION_ITEM ( '' )  );
#4329 = ORIENTED_EDGE ( 'NONE', *, *, #3332, .F. ) ;
#4330 = VECTOR ( 'NONE', #4794, 1000.000000000000000 ) ;
#4331 = ORIENTED_EDGE ( 'NONE', *, *, #6775, .F. ) ;
#4332 = CIRCLE ( 'NONE', #3985, 5.000000000000000000 ) ;
#4333 = CARTESIAN_POINT ( 'NONE',  ( 40.07000000001264794, -23.25000000000000711, 26.00793539950937827 ) ) ;
#4334 = VECTOR ( 'NONE', #926, 1000.000000000000000 ) ;
#4335 = CARTESIAN_POINT ( 'NONE',  ( -2.000000000000000000, -38.75000000000000000, -10.65111910102082504 ) ) ;
#4336 = ORIENTED_EDGE ( 'NONE', *, *, #1199, .T. ) ;
#4337 = CARTESIAN_POINT ( 'NONE',  ( 1.020000000025493625, -15.77461599535319792, 11.67052989598730584 ) ) ;
#4338 = ORIENTED_EDGE ( 'NONE', *, *, #4847, .F. ) ;
#4339 = CYLINDRICAL_SURFACE ( 'NONE', #2073, 1.149999999999999911 ) ;
#4340 = VECTOR ( 'NONE', #3278, 1000.000000000000000 ) ;
#4341 = CARTESIAN_POINT ( 'NONE',  ( 8.500000000000003553, 3.942635539838801328, 1.125000000000000444 ) ) ;
#4342 = EDGE_CURVE ( 'NONE', #275, #5315, #2781, .T. ) ;
#4343 = CARTESIAN_POINT ( 'NONE',  ( 59.39999999999999858, -38.02999999999998693, -10.24999999999998401 ) ) ;
#4344 = ORIENTED_EDGE ( 'NONE', *, *, #6108, .T. ) ;
#4345 = CARTESIAN_POINT ( 'NONE',  ( 9.364778442467656561, -3.192185580821016444, -22.77902761317088220 ) ) ;
#4346 = LINE ( 'NONE', #2234, #6175 ) ;
#4347 = AXIS2_PLACEMENT_3D ( 'NONE', #2362, #2929, #1744 ) ;
#4348 = CARTESIAN_POINT ( 'NONE',  ( 55.66409622614292374, -23.25000000000000355, -19.95473532107414272 ) ) ;
#4349 = CARTESIAN_POINT ( 'NONE',  ( 1.020000000025375719, -15.33122917649601469, -11.28249486240453336 ) ) ;
#4350 = DIRECTION ( 'NONE',  ( 1.000000000000000000, -0.000000000000000000, -0.000000000000000000 ) ) ;
#4351 = EDGE_CURVE ( 'NONE', #6726, #5480, #2816, .T. ) ;
#4352 = FACE_OUTER_BOUND ( 'NONE', #1821, .T. ) ;
#4353 = LINE ( 'NONE', #1585, #1205 ) ;
#4354 = EDGE_CURVE ( 'NONE', #2010, #7044, #3622, .T. ) ;
#4355 = EDGE_CURVE ( 'NONE', #1637, #5665, #4495, .T. ) ;
#4356 = ORIENTED_EDGE ( 'NONE', *, *, #6024, .T. ) ;
#4357 = FACE_OUTER_BOUND ( 'NONE', #1119, .T. ) ;
#4358 = CARTESIAN_POINT ( 'NONE',  ( 40.64999999999984226, -5.750142300181413368, 27.20953861466531265 ) ) ;
#4359 = ORIENTED_EDGE ( 'NONE', *, *, #672, .F. ) ;
#4360 = DIRECTION ( 'NONE',  ( 1.000000000000000000, 0.000000000000000000, 0.000000000000000000 ) ) ;
#4361 = EDGE_CURVE ( 'NONE', #2885, #1611, #4912, .T. ) ;
#4362 = DIRECTION ( 'NONE',  ( -0.000000000000000000, 1.000000000000000000, 4.127223139870470387E-16 ) ) ;
#4363 = DIRECTION ( 'NONE',  ( 0.000000000000000000, 1.000000000000000000, -0.000000000000000000 ) ) ;
#4364 = ADVANCED_FACE ( 'NONE', ( #3841 ), #4911, .T. ) ;
#4365 = DIRECTION ( 'NONE',  ( -1.000000000000000000, 1.802143912355449343E-15, -2.887412898249062070E-16 ) ) ;
#4366 = ORIENTED_EDGE ( 'NONE', *, *, #716, .F. ) ;
#4367 = ORIENTED_EDGE ( 'NONE', *, *, #384, .F. ) ;
#4368 = VERTEX_POINT ( 'NONE', #4841 ) ;
#4369 = LINE ( 'NONE', #2220, #4417 ) ;
#4370 = CARTESIAN_POINT ( 'NONE',  ( 1.020000000025250708, -38.88999999619777981, -10.80000000000442384 ) ) ;
#4371 = ORIENTED_EDGE ( 'NONE', *, *, #2363, .F. ) ;
#4372 = CARTESIAN_POINT ( 'NONE',  ( -0.8000000000000020428, -16.52983831628184319, 11.86003260712139884 ) ) ;
#4373 = DIRECTION ( 'NONE',  ( 1.000000000000000000, 1.802143912355449343E-15, -2.887412898249062070E-16 ) ) ;
#4374 = CARTESIAN_POINT ( 'NONE',  ( 34.51999872291127502, -19.75000000000000355, -12.55999904183487637 ) ) ;
#4375 = ORIENTED_EDGE ( 'NONE', *, *, #3949, .T. ) ;
#4376 = DIRECTION ( 'NONE',  ( 0.000000000000000000, 0.000000000000000000, 1.000000000000000000 ) ) ;
#4377 = ORIENTED_EDGE ( 'NONE', *, *, #5374, .F. ) ;
#4378 = CARTESIAN_POINT ( 'NONE',  ( 1.020000000025368614, -40.65361423466074342, 6.999996328446811411 ) ) ;
#4379 = CARTESIAN_POINT ( 'NONE',  ( -4.249999999999994671, -85.66000000000013870, 20.25000000000001421 ) ) ;
#4380 = DIRECTION ( 'NONE',  ( 0.000000000000000000, 0.000000000000000000, -1.000000000000000000 ) ) ;
#4381 = AXIS2_PLACEMENT_3D ( 'NONE', #4718, #5790, #2392 ) ;
#4382 = FACE_OUTER_BOUND ( 'NONE', #5991, .T. ) ;
#4383 = VERTEX_POINT ( 'NONE', #2644 ) ;
#4384 = DIRECTION ( 'NONE',  ( -1.000000000000000000, 3.478120569333522285E-15, 7.346553920761778045E-15 ) ) ;
#4385 = EDGE_CURVE ( 'NONE', #2851, #1742, #4677, .T. ) ;
#4386 = CARTESIAN_POINT ( 'NONE',  ( 8.350601130685365803, 3.942635539838802217, 1.125000000000000444 ) ) ;
#4387 = ORIENTED_EDGE ( 'NONE', *, *, #2991, .F. ) ;
#4388 = LINE ( 'NONE', #2204, #6407 ) ;
#4389 = AXIS2_PLACEMENT_3D ( 'NONE', #5540, #5502, #5036 ) ;
#4390 = ORIENTED_EDGE ( 'NONE', *, *, #6362, .F. ) ;
#4391 = DIRECTION ( 'NONE',  ( -1.000000000000000000, 3.478120569333522285E-15, 7.346553920761778045E-15 ) ) ;
#4392 = EDGE_CURVE ( 'NONE', #2687, #4383, #3254, .T. ) ;
#4393 = DIRECTION ( 'NONE',  ( 0.000000000000000000, -1.000000000000000000, 0.000000000000000000 ) ) ;
#4394 = VERTEX_POINT ( 'NONE', #1053 ) ;
#4395 = EDGE_LOOP ( 'NONE', ( #1518, #3581, #4521, #2180 ) ) ;
#4396 = LINE ( 'NONE', #556, #5734 ) ;
#4397 = DIRECTION ( 'NONE',  ( 7.347937765665878722E-15, -5.482399161947598432E-15, 1.000000000000000000 ) ) ;
#4398 = CARTESIAN_POINT ( 'NONE',  ( 3.735903773857076615, -67.25000000000000000, 19.95473532107411785 ) ) ;
#4399 = EDGE_CURVE ( 'NONE', #238, #3778, #5491, .T. ) ;
#4400 = CARTESIAN_POINT ( 'NONE',  ( -0.7999999999999951594, -49.63999999999779789, 3.750000000005107914 ) ) ;
#4401 = ORIENTED_EDGE ( 'NONE', *, *, #4982, .F. ) ;
#4402 = VERTEX_POINT ( 'NONE', #5956 ) ;
#4403 = EDGE_LOOP ( 'NONE', ( #3453, #3320, #6625, #5331 ) ) ;
#4404 = ORIENTED_EDGE ( 'NONE', *, *, #2621, .F. ) ;
#4405 = ORIENTED_EDGE ( 'NONE', *, *, #5449, .F. ) ;
#4406 = ADVANCED_FACE ( 'NONE', ( #5490 ), #6443, .F. ) ;
#4407 = PLANE ( 'NONE',  #4421 ) ;
#4408 = DIRECTION ( 'NONE',  ( 0.000000000000000000, 0.000000000000000000, -1.000000000000000000 ) ) ;
#4409 = CIRCLE ( 'NONE', #3698, 1.149999999999998135 ) ;
#4410 = EDGE_CURVE ( 'NONE', #1628, #3261, #5986, .T. ) ;
#4411 = EDGE_CURVE ( 'NONE', #5497, #6036, #5342, .T. ) ;
#4412 = VERTEX_POINT ( 'NONE', #2612 ) ;
#4413 = CARTESIAN_POINT ( 'NONE',  ( 55.64999999999984936, -3.192007780624623869, 22.77871965419709355 ) ) ;
#4414 = CARTESIAN_POINT ( 'NONE',  ( 1.020000000025389486, -43.67851763289844769, 11.35999220644719365 ) ) ;
#4415 = ORIENTED_EDGE ( 'NONE', *, *, #4602, .T. ) ;
#4416 = CARTESIAN_POINT ( 'NONE',  ( 1.020000000025393261, -43.17848579441921686, 11.86000115123032828 ) ) ;
#4417 = VECTOR ( 'NONE', #3379, 1000.000000000000000 ) ;
#4418 = DIRECTION ( 'NONE',  ( -1.000000000000000000, -0.000000000000000000, -0.000000000000000000 ) ) ;
#4419 = LINE ( 'NONE', #5047, #3333 ) ;
#4420 = FACE_OUTER_BOUND ( 'NONE', #4433, .T. ) ;
#4421 = AXIS2_PLACEMENT_3D ( 'NONE', #5032, #6068, #3894 ) ;
#4422 = LINE ( 'NONE', #6577, #6065 ) ;
#4423 = VERTEX_POINT ( 'NONE', #7058 ) ;
#4424 = CARTESIAN_POINT ( 'NONE',  ( 40.64999999999984936, -4.418716070064991897, 24.90344073757374943 ) ) ;
#4425 = ORIENTED_EDGE ( 'NONE', *, *, #2376, .T. ) ;
#4426 = CARTESIAN_POINT ( 'NONE',  ( 1.020000000025375719, -15.22817469490355968, 11.11121065079267289 ) ) ;
#4427 = DIRECTION ( 'NONE',  ( 0.000000000000000000, 0.000000000000000000, 1.000000000000000000 ) ) ;
#4428 = VERTEX_POINT ( 'NONE', #2727 ) ;
#4429 = DIRECTION ( 'NONE',  ( 0.000000000000000000, 0.000000000000000000, -1.000000000000000000 ) ) ;
#4430 = VERTEX_POINT ( 'NONE', #1016 ) ;
#4431 = ORIENTED_EDGE ( 'NONE', *, *, #1735, .F. ) ;
#4432 = LINE ( 'NONE', #143, #3736 ) ;
#4433 = EDGE_LOOP ( 'NONE', ( #1261, #5241, #1618, #7144 ) ) ;
#4434 = CARTESIAN_POINT ( 'NONE',  ( 63.65000000000002700, -69.03553390593266670, 20.25000000000001421 ) ) ;
#4435 = ORIENTED_EDGE ( 'NONE', *, *, #5410, .F. ) ;
#4436 = FACE_BOUND ( 'NONE', #1955, .T. ) ;
#4437 = ORIENTED_EDGE ( 'NONE', *, *, #6905, .T. ) ;
#4438 = EDGE_CURVE ( 'NONE', #477, #5472, #1631, .T. ) ;
#4439 = CARTESIAN_POINT ( 'NONE',  ( 3.500000000000000000, -19.75000000000000355, -13.25000000000002309 ) ) ;
#4440 = AXIS2_PLACEMENT_3D ( 'NONE', #6776, #662, #6156 ) ;
#4441 = CARTESIAN_POINT ( 'NONE',  ( 57.39999999999999858, -35.02999999999998693, -10.24999999999998401 ) ) ;
#4442 = VECTOR ( 'NONE', #202, 1000.000000000000114 ) ;
#4443 = ORIENTED_EDGE ( 'NONE', *, *, #7093, .T. ) ;
#4444 = CARTESIAN_POINT ( 'NONE',  ( 3.735903773857077059, -1.561579665708809683, -19.95473532107414627 ) ) ;
#4445 = ORIENTED_EDGE ( 'NONE', *, *, #4774, .F. ) ;
#4446 = ORIENTED_EDGE ( 'NONE', *, *, #5606, .T. ) ;
#4447 = VECTOR ( 'NONE', #7015, 1000.000000000000000 ) ;
#4448 = ORIENTED_EDGE ( 'NONE', *, *, #988, .F. ) ;
#4449 = ORIENTED_EDGE ( 'NONE', *, *, #5303, .T. ) ;
#4450 = CARTESIAN_POINT ( 'NONE',  ( 55.90000000000000568, -67.24999999999998579, -20.24999999999998579 ) ) ;
#4451 = EDGE_CURVE ( 'NONE', #6745, #1537, #2092, .T. ) ;
#4452 = VECTOR ( 'NONE', #4581, 1000.000000000000000 ) ;
#4453 = CYLINDRICAL_SURFACE ( 'NONE', #437, 2.250000000000000444 ) ;
#4454 = VECTOR ( 'NONE', #6748, 1000.000000000000000 ) ;
#4455 = ORIENTED_EDGE ( 'NONE', *, *, #4269, .F. ) ;
#4456 = CARTESIAN_POINT ( 'NONE',  ( 1.020000000025493625, -15.03977988296545654, 10.55684471750548070 ) ) ;
#4457 = CARTESIAN_POINT ( 'NONE',  ( 0.000000000000000000, -73.25000000000000000, -26.00793539950940669 ) ) ;
#4458 = CARTESIAN_POINT ( 'NONE',  ( 38.41413931812409999, -16.89000000000253010, -11.40000000000473435 ) ) ;
#4459 = EDGE_CURVE ( 'NONE', #112, #1908, #3857, .T. ) ;
#4460 = CARTESIAN_POINT ( 'NONE',  ( 57.39999999999999858, -36.52999999999998693, 10.24999999999999112 ) ) ;
#4461 = DIRECTION ( 'NONE',  ( 1.000000000000000000, -0.000000000000000000, -0.000000000000000000 ) ) ;
#4462 = ORIENTED_EDGE ( 'NONE', *, *, #881, .T. ) ;
#4463 = CARTESIAN_POINT ( 'NONE',  ( 29.69999999999999929, -23.25000000000000355, -116.8280647581438103 ) ) ;
#4464 = LINE ( 'NONE', #2711, #4216 ) ;
#4465 = CARTESIAN_POINT ( 'NONE',  ( 3.828562801722851017, -19.75000000000000355, -20.10607116466634636 ) ) ;
#4466 = VERTEX_POINT ( 'NONE', #3807 ) ;
#4467 = EDGE_CURVE ( 'NONE', #6050, #4402, #400, .T. ) ;
#4468 = CARTESIAN_POINT ( 'NONE',  ( -0.8000000000000020428, -15.33696824735187469, 11.27418124505110164 ) ) ;
#4469 = EDGE_CURVE ( 'NONE', #3612, #1826, #3219, .T. ) ;
#4470 = CARTESIAN_POINT ( 'NONE',  ( 40.07000000001264794, -67.25000000000000000, 26.00793539950937827 ) ) ;
#4471 = DIRECTION ( 'NONE',  ( 0.000000000000000000, -1.000000000000000000, 0.000000000000000000 ) ) ;
#4472 = CIRCLE ( 'NONE', #5388, 0.2866033983652087613 ) ;
#4473 = CARTESIAN_POINT ( 'NONE',  ( 40.07000000001264794, -67.25000000000000000, 17.24999999999999645 ) ) ;
#4474 = LINE ( 'NONE', #589, #4096 ) ;
#4475 = ORIENTED_EDGE ( 'NONE', *, *, #4526, .T. ) ;
#4476 = VECTOR ( 'NONE', #231, 1000.000000000000000 ) ;
#4477 = CARTESIAN_POINT ( 'NONE',  ( 59.39999999999999858, -67.25000000000000000, 15.24999999999998934 ) ) ;
#4478 = CIRCLE ( 'NONE', #873, 17.24999999999999645 ) ;
#4479 = ORIENTED_EDGE ( 'NONE', *, *, #5897, .F. ) ;
#4480 = EDGE_LOOP ( 'NONE', ( #2302, #45, #927, #7069 ) ) ;
#4481 = DIRECTION ( 'NONE',  ( 1.000000000000000000, -0.000000000000000000, -0.000000000000000000 ) ) ;
#4482 = CARTESIAN_POINT ( 'NONE',  ( 36.07000000001264794, -67.25000000000000000, -26.00793539950940669 ) ) ;
#4483 = VECTOR ( 'NONE', #3737, 1000.000000000000000 ) ;
#4484 = LINE ( 'NONE', #2768, #2464 ) ;
#4485 = ORIENTED_EDGE ( 'NONE', *, *, #140, .F. ) ;
#4486 = ORIENTED_EDGE ( 'NONE', *, *, #23, .F. ) ;
#4487 = LINE ( 'NONE', #3853, #20 ) ;
#4488 = PLANE ( 'NONE',  #1600 ) ;
#4489 = EDGE_CURVE ( 'NONE', #5789, #1526, #6589, .T. ) ;
#4490 = ORIENTED_EDGE ( 'NONE', *, *, #1303, .F. ) ;
#4491 = CARTESIAN_POINT ( 'NONE',  ( 63.15100000000034441, -85.65999999999996817, 20.24999999999999645 ) ) ;
#4492 = DIRECTION ( 'NONE',  ( 0.000000000000000000, -1.000000000000000000, 1.468548974371899981E-16 ) ) ;
#4493 = DIRECTION ( 'NONE',  ( 0.000000000000000000, 0.000000000000000000, 1.000000000000000000 ) ) ;
#4494 = PLANE ( 'NONE',  #2971 ) ;
#4495 = LINE ( 'NONE', #6696, #4324 ) ;
#4496 = EDGE_CURVE ( 'NONE', #5084, #5754, #1652, .T. ) ;
#4497 = FACE_OUTER_BOUND ( 'NONE', #2913, .T. ) ;
#4498 = VERTEX_POINT ( 'NONE', #4805 ) ;
#4499 = CARTESIAN_POINT ( 'NONE',  ( 1.020000000025424125, -32.11500000000251731, 10.79999999999530225 ) ) ;
#4500 = ORIENTED_EDGE ( 'NONE', *, *, #6034, .T. ) ;
#4501 = CARTESIAN_POINT ( 'NONE',  ( 36.07000000001264794, -67.24999999999998579, -24.10839105143930539 ) ) ;
#4502 = DIRECTION ( 'NONE',  ( 0.000000000000000000, 1.000000000000000000, 0.000000000000000000 ) ) ;
#4503 = CARTESIAN_POINT ( 'NONE',  ( 58.84615304313140882, -2.856367076954064554, 22.19737290235151761 ) ) ;
#4504 = DIRECTION ( 'NONE',  ( -1.000000000000000000, -0.000000000000000000, -0.000000000000000000 ) ) ;
#4505 = VECTOR ( 'NONE', #576, 1000.000000000000000 ) ;
#4506 = ADVANCED_FACE ( 'NONE', ( #2027 ), #4249, .T. ) ;
#4507 = B_SPLINE_CURVE_WITH_KNOTS ( 'NONE', 3,
 ( #2918, #5658, #1, #1770, #3984, #2202, #6193, #4426, #6616, #3877, #1230, #3436, #5128, #6086 ),
 .UNSPECIFIED., .F., .F.,
 ( 4, 2, 2, 2, 2, 2, 4 ),
 ( 0.000000000000000000, 0.2499999999999992228, 0.4999999999999984457, 0.6249999999999988898, 0.7499999999999992228, 0.8749999999999995559, 1.000000000000000000 ),
 .UNSPECIFIED. ) ;
#4508 = CARTESIAN_POINT ( 'NONE',  ( 9.110854841707393348, -5.357248103745021695, 26.52902590443854791 ) ) ;
#4509 = EDGE_CURVE ( 'NONE', #5018, #1295, #1516, .T. ) ;
#4510 = EDGE_LOOP ( 'NONE', ( #3443, #1225, #2760, #715 ) ) ;
#4511 = CARTESIAN_POINT ( 'NONE',  ( 59.39999999999999858, -43.02999999999998693, 18.24999999999999289 ) ) ;
#4512 = DIRECTION ( 'NONE',  ( -1.000000000000000000, -0.000000000000000000, -0.000000000000000000 ) ) ;
#4513 = DIRECTION ( 'NONE',  ( -0.000000000000000000, 1.000000000000000000, 4.127223139870470387E-16 ) ) ;
#4514 = DIRECTION ( 'NONE',  ( 0.000000000000000000, 0.000000000000000000, -1.000000000000000000 ) ) ;
#4515 = EDGE_LOOP ( 'NONE', ( #6029, #6002 ) ) ;
#4516 = ORIENTED_EDGE ( 'NONE', *, *, #6255, .T. ) ;
#4517 = ORIENTED_EDGE ( 'NONE', *, *, #5178, .T. ) ;
#4518 = LINE ( 'NONE', #3422, #2550 ) ;
#4519 = DIRECTION ( 'NONE',  ( 0.000000000000000000, 1.000000000000000000, 0.000000000000000000 ) ) ;
#4520 = EDGE_CURVE ( 'NONE', #1176, #1347, #2290, .T. ) ;
#4521 = ORIENTED_EDGE ( 'NONE', *, *, #3572, .F. ) ;
#4522 = DIRECTION ( 'NONE',  ( -1.000000000000000000, -2.529146437248129668E-15, 2.920409892216848119E-16 ) ) ;
#4523 = EDGE_CURVE ( 'NONE', #3670, #6908, #6629, .T. ) ;
#4524 = VECTOR ( 'NONE', #3546, 1000.000000000000000 ) ;
#4525 = DIRECTION ( 'NONE',  ( 1.000000000000000000, -0.000000000000000000, -0.000000000000000000 ) ) ;
#4526 = EDGE_CURVE ( 'NONE', #6207, #6801, #3628, .T. ) ;
#4527 = FACE_OUTER_BOUND ( 'NONE', #912, .T. ) ;
#4528 = CIRCLE ( 'NONE', #3361, 11.05841992757136438 ) ;
#4529 = DIRECTION ( 'NONE',  ( -0.000000000000000000, 1.000000000000000000, 4.127223139870470387E-16 ) ) ;
#4530 = ORIENTED_EDGE ( 'NONE', *, *, #2026, .T. ) ;
#4531 = CARTESIAN_POINT ( 'NONE',  ( 50.28914515829260523, -67.24999999999998579, -26.52902590443861897 ) ) ;
#4532 = LINE ( 'NONE', #3432, #5822 ) ;
#4533 = LINE ( 'NONE', #579, #5336 ) ;
#4534 = AXIS2_PLACEMENT_3D ( 'NONE', #5581, #6817, #6605 ) ;
#4535 = CARTESIAN_POINT ( 'NONE',  ( -0.8000000000000020428, -15.07805549177039417, 10.74843056778889228 ) ) ;
#4536 = CARTESIAN_POINT ( 'NONE',  ( 9.481679665837507542, -4.062638132255733225, -0.5691902499110178537 ) ) ;
#4537 = ADVANCED_FACE ( 'NONE', ( #116 ), #5136, .F. ) ;
#4538 = CARTESIAN_POINT ( 'NONE',  ( 58.07987271612044822, -3.253997156820717773, -22.88608840329827032 ) ) ;
#4539 = EDGE_CURVE ( 'NONE', #1637, #6090, #12, .T. ) ;
#4540 = DIRECTION ( 'NONE',  ( 0.000000000000000000, 0.000000000000000000, -1.000000000000000000 ) ) ;
#4541 = DIRECTION ( 'NONE',  ( 0.000000000000000000, 0.000000000000000000, -1.000000000000000000 ) ) ;
#4542 = B_SPLINE_SURFACE_WITH_KNOTS ( 'NONE', 3, 1, ( 
 ( #3864, #130 ),
 ( #1799, #5545 ),
 ( #1760, #3276 ),
 ( #4963, #3973 ),
 ( #7153, #6183 ),
 ( #1647, #6076 ),
 ( #3316, #2228 ),
 ( #1253, #6897 ),
 ( #1833, #2382 ),
 ( #850, #2516 ),
 ( #6280, #3496 ),
 ( #1964, #4157 ),
 ( #818, #2409 ),
 ( #6861, #3564 ) ),
 .UNSPECIFIED., .F., .F., .F.,
 ( 4, 2, 2, 2, 2, 2, 4 ),
 ( 2, 2 ),
 ( 0.000000000000000000, 0.1249999999999988620, 0.2499999999999977240, 0.3749999999999965583, 0.4999999999999972244, 0.7499999999999985567, 1.000000000000000000 ),
 ( 0.000000000000000000, 1.000000000000000000 ),
 .UNSPECIFIED. ) ;
#4543 = EDGE_LOOP ( 'NONE', ( #4861, #4371, #1457, #4957 ) ) ;
#4544 = DIRECTION ( 'NONE',  ( -0.07531914298566549926, -0.4985797395351826422, -0.8635654404994067557 ) ) ;
#4545 = EDGE_CURVE ( 'NONE', #1464, #3840, #3152, .T. ) ;
#4546 = EDGE_CURVE ( 'NONE', #5551, #1829, #5037, .T. ) ;
#4547 = CARTESIAN_POINT ( 'NONE',  ( 2.249999999999900524, -72.03553390593276617, -20.24999999999998579 ) ) ;
#4548 = EDGE_CURVE ( 'NONE', #5383, #6745, #511, .T. ) ;
#4549 = LINE ( 'NONE', #2332, #6884 ) ;
#4550 = DIRECTION ( 'NONE',  ( -0.7071067811865501263, -0.7071067811865449082, 0.000000000000000000 ) ) ;
#4551 = ORIENTED_EDGE ( 'NONE', *, *, #4867, .T. ) ;
#4552 = ORIENTED_EDGE ( 'NONE', *, *, #1240, .T. ) ;
#4553 = CIRCLE ( 'NONE', #361, 8.000000000000000000 ) ;
#4554 = DIRECTION ( 'NONE',  ( 1.000000000000000000, -2.529146437248130062E-15, 2.920409892216848119E-16 ) ) ;
#4555 = VECTOR ( 'NONE', #210, 1000.000000000000000 ) ;
#4556 = AXIS2_PLACEMENT_3D ( 'NONE', #2053, #4279, #5951 ) ;
#4557 = VERTEX_POINT ( 'NONE', #6202 ) ;
#4558 = CARTESIAN_POINT ( 'NONE',  ( -4.250000000000074607, -52.95499999999957907, -52.95500000000016882 ) ) ;
#4559 = VECTOR ( 'NONE', #6489, 1000.000000000000000 ) ;
#4560 = CARTESIAN_POINT ( 'NONE',  ( 55.89999999999999858, -56.24999999999998579, -10.24999999999998757 ) ) ;
#4561 = CIRCLE ( 'NONE', #4322, 11.05841992757138392 ) ;
#4562 = DIRECTION ( 'NONE',  ( 0.000000000000000000, 0.000000000000000000, -1.000000000000000000 ) ) ;
#4563 = AXIS2_PLACEMENT_3D ( 'NONE', #5891, #3563, #816 ) ;
#4564 = CARTESIAN_POINT ( 'NONE',  ( 9.595815016119761509, -7.995752764173326810, 0.2941591011288263724 ) ) ;
#4565 = EDGE_LOOP ( 'NONE', ( #1489, #457, #5116, #1092 ) ) ;
#4566 = CARTESIAN_POINT ( 'NONE',  ( 59.40000000000000568, 7.119459916276560690E-15, -17.24999999999999645 ) ) ;
#4567 = PLANE ( 'NONE',  #6275 ) ;
#4568 = AXIS2_PLACEMENT_3D ( 'NONE', #901, #420, #3682 ) ;
#4569 =( BOUNDED_CURVE ( )  B_SPLINE_CURVE ( 3, ( #4424, #2316, #5555, #1120 ),
 .UNSPECIFIED., .F., .T. ) 
 B_SPLINE_CURVE_WITH_KNOTS ( ( 4, 4 ),
 ( 4.712388980384686121, 6.353273478428357990 ),
 .UNSPECIFIED. ) 
 CURVE ( )  GEOMETRIC_REPRESENTATION_ITEM ( )  RATIONAL_B_SPLINE_CURVE ( ( 1.000000000000000000, 0.7879318613695300844, 0.7879318613695300844, 1.000000000000000000 ) ) 
 REPRESENTATION_ITEM ( '' )  );
#4570 = CARTESIAN_POINT ( 'NONE',  ( 29.69999999999999929, -67.25000000000000000, -116.8280647581438103 ) ) ;
#4571 = EDGE_CURVE ( 'NONE', #6305, #5754, #6402, .T. ) ;
#4572 = AXIS2_PLACEMENT_3D ( 'NONE', #4311, #6505, #1547 ) ;
#4573 = DIRECTION ( 'NONE',  ( 0.000000000000000000, -1.000000000000000000, -0.000000000000000000 ) ) ;
#4574 = AXIS2_PLACEMENT_3D ( 'NONE', #4577, #2322, #1775 ) ;
#4575 = CARTESIAN_POINT ( 'NONE',  ( 8.500000000000003553, -3.942635539838801328, 1.125000000000000444 ) ) ;
#4576 = LINE ( 'NONE', #1266, #964 ) ;
#4577 = CARTESIAN_POINT ( 'NONE',  ( 38.41413931812409999, -49.64000000000250878, -4.846123502488786489E-12 ) ) ;
#4578 = EDGE_LOOP ( 'NONE', ( #5610, #5710, #174, #1022 ) ) ;
#4579 = AXIS2_PLACEMENT_3D ( 'NONE', #1191, #4471, #4429 ) ;
#4580 = EDGE_LOOP ( 'NONE', ( #4165, #1589, #3128, #5224 ) ) ;
#4581 = DIRECTION ( 'NONE',  ( 1.000000000000000000, -0.000000000000000000, -0.000000000000000000 ) ) ;
#4582 = ORIENTED_EDGE ( 'NONE', *, *, #4613, .T. ) ;
#4583 = ORIENTED_EDGE ( 'NONE', *, *, #4066, .T. ) ;
#4584 = ADVANCED_FACE ( 'NONE', ( #1204 ), #85, .F. ) ;
#4585 = LINE ( 'NONE', #1163, #2018 ) ;
#4586 = EDGE_CURVE ( 'NONE', #3952, #3490, #151, .T. ) ;
#4587 = VECTOR ( 'NONE', #3256, 1000.000000000000000 ) ;
#4588 = VECTOR ( 'NONE', #3707, 1000.000000000000000 ) ;
#4589 = VECTOR ( 'NONE', #4248, 1000.000000000000000 ) ;
#4590 = LINE ( 'NONE', #6096, #6972 ) ;
#4591 = FACE_OUTER_BOUND ( 'NONE', #4145, .T. ) ;
#4592 = ORIENTED_EDGE ( 'NONE', *, *, #1639, .F. ) ;
#4593 = CARTESIAN_POINT ( 'NONE',  ( 9.364778442467656561, -3.192185580821016444, -22.77902761317088220 ) ) ;
#4594 = AXIS2_PLACEMENT_3D ( 'NONE', #1131, #4621, #149 ) ;
#4595 = VERTEX_POINT ( 'NONE', #3413 ) ;
#4596 = ADVANCED_FACE ( 'NONE', ( #5568 ), #4034, .F. ) ;
#4597 = DIRECTION ( 'NONE',  ( 7.346550161375914825E-15, -1.080865800197198721E-06, 0.9999999999994159117 ) ) ;
#4598 = DIRECTION ( 'NONE',  ( 1.000000000000000000, 0.000000000000000000, 0.000000000000000000 ) ) ;
#4599 = CIRCLE ( 'NONE', #1227, 0.2866033983652087613 ) ;
#4600 = PRODUCT_CONTEXT ( 'NONE', #3521, 'mechanical' ) ;
#4601 = VERTEX_POINT ( 'NONE', #4439 ) ;
#4602 = EDGE_CURVE ( 'NONE', #1402, #3222, #2934, .T. ) ;
#4603 = ORIENTED_EDGE ( 'NONE', *, *, #402, .T. ) ;
#4604 = DIRECTION ( 'NONE',  ( 1.478479105144341113E-15, -0.7071067811865515695, 0.7071067811865435759 ) ) ;
#4605 = EDGE_CURVE ( 'NONE', #3679, #1947, #1098, .T. ) ;
#4606 = CARTESIAN_POINT ( 'NONE',  ( 1.020000000025375719, -38.89000006817515498, 6.999999459518479128 ) ) ;
#4607 = FACE_OUTER_BOUND ( 'NONE', #1604, .T. ) ;
#4608 = CARTESIAN_POINT ( 'NONE',  ( 8.795077876810367457, -7.924844955998591622, -1.095459264781743602 ) ) ;
#4609 = ORIENTED_EDGE ( 'NONE', *, *, #6410, .F. ) ;
#4610 = PLANE ( 'NONE',  #365 ) ;
#4611 = DIRECTION ( 'NONE',  ( -0.7071067811865474617, -9.390505135668511503E-17, -0.7071067811865475727 ) ) ;
#4612 = DIRECTION ( 'NONE',  ( -0.7071067811865475727, 0.7071067811865475727, 0.000000000000000000 ) ) ;
#4613 = EDGE_CURVE ( 'NONE', #5412, #6173, #5764, .T. ) ;
#4614 = FACE_OUTER_BOUND ( 'NONE', #2639, .T. ) ;
#4615 = ORIENTED_EDGE ( 'NONE', *, *, #4106, .F. ) ;
#4616 = DIRECTION ( 'NONE',  ( 0.000000000000000000, 0.000000000000000000, 1.000000000000000000 ) ) ;
#4617 = ORIENTED_EDGE ( 'NONE', *, *, #4467, .T. ) ;
#4618 = CYLINDRICAL_SURFACE ( 'NONE', #2236, 3.750000000000000888 ) ;
#4619 = CARTESIAN_POINT ( 'NONE',  ( -0.8000000000000000444, -43.67851970164107200, 9.706483934671219060 ) ) ;
#4620 = EDGE_CURVE ( 'NONE', #6210, #1602, #4590, .T. ) ;
#4621 = DIRECTION ( 'NONE',  ( -0.000000000000000000, 1.000000000000000000, 4.127223139870470387E-16 ) ) ;
#4622 = CARTESIAN_POINT ( 'NONE',  ( 55.89999999999999858, -67.25000000000000000, 17.24999999999999645 ) ) ;
#4623 = AXIS2_PLACEMENT_3D ( 'NONE', #5438, #7045, #1576 ) ;
#4624 = LINE ( 'NONE', #5880, #4920 ) ;
#4625 = EDGE_CURVE ( 'NONE', #2750, #3636, #558, .T. ) ;
#4626 = DIRECTION ( 'NONE',  ( 2.887412898249061084E-16, -4.965444515013921010E-17, -1.000000000000000000 ) ) ;
#4627 = EDGE_CURVE ( 'NONE', #6004, #2795, #1320, .T. ) ;
#4628 = ORIENTED_EDGE ( 'NONE', *, *, #2327, .T. ) ;
#4629 = DIRECTION ( 'NONE',  ( 1.000000000000000000, 0.000000000000000000, -0.000000000000000000 ) ) ;
#4630 = CARTESIAN_POINT ( 'NONE',  ( -0.8000000000000000444, -32.11500000000251731, 9.303042912640844264 ) ) ;
#4631 = EDGE_CURVE ( 'NONE', #1714, #4466, #6509, .T. ) ;
#4632 = ORIENTED_EDGE ( 'NONE', *, *, #2620, .T. ) ;
#4633 = ADVANCED_BREP_SHAPE_REPRESENTATION ( 'Thigh-housing-left-v2', ( #1247, #5999 ), #3798 ) ;
#4634 = ORIENTED_EDGE ( 'NONE', *, *, #5676, .F. ) ;
#4635 = FACE_OUTER_BOUND ( 'NONE', #2716, .T. ) ;
#4636 = DIRECTION ( 'NONE',  ( -7.346553986626395618E-15, -1.893684135851525297E-08, -0.9999999999999998890 ) ) ;
#4637 = LINE ( 'NONE', #3012, #2593 ) ;
#4638 = EDGE_CURVE ( 'NONE', #2832, #6796, #5736, .T. ) ;
#4639 = CARTESIAN_POINT ( 'NONE',  ( 9.364778442467656561, -3.192185580821058188, 22.77902761317088220 ) ) ;
#4640 = ORIENTED_EDGE ( 'NONE', *, *, #4354, .F. ) ;
#4641 = PRODUCT_DEFINITION_CONTEXT ( 'detailed design', #3740, 'design' ) ;
#4642 = EDGE_CURVE ( 'NONE', #5071, #1137, #3584, .T. ) ;
#4643 = FACE_OUTER_BOUND ( 'NONE', #3811, .T. ) ;
#4644 = ADVANCED_FACE ( 'NONE', ( #5765 ), #6812, .F. ) ;
#4645 = VERTEX_POINT ( 'NONE', #4142 ) ;
#4646 = DIRECTION ( 'NONE',  ( 0.000000000000000000, -0.8660254037844417052, -0.4999999999999947264 ) ) ;
#4647 = DIRECTION ( 'NONE',  ( -1.000000000000000000, -0.000000000000000000, -0.000000000000000000 ) ) ;
#4648 = ORIENTED_EDGE ( 'NONE', *, *, #3433, .F. ) ;
#4649 = CARTESIAN_POINT ( 'NONE',  ( 3.500000000000000000, -13.50000000000000000, -13.25000000000002487 ) ) ;
#4650 = CARTESIAN_POINT ( 'NONE',  ( 50.28914515829260523, -19.74999999999999645, 26.52902590443856212 ) ) ;
#4651 = CARTESIAN_POINT ( 'NONE',  ( 55.90000000000000568, -67.24999999999998579, -17.25000000000004263 ) ) ;
#4652 = AXIS2_PLACEMENT_3D ( 'NONE', #6221, #757, #3471 ) ;
#4653 = CARTESIAN_POINT ( 'NONE',  ( 38.41413931812409999, -32.11500000000229704, -9.303042912649976515 ) ) ;
#4654 = DIRECTION ( 'NONE',  ( -2.887412898249061084E-16, -4.965444515013923475E-17, -1.000000000000000000 ) ) ;
#4655 = DIRECTION ( 'NONE',  ( 1.000000000000000000, -0.000000000000000000, -0.000000000000000000 ) ) ;
#4656 = CARTESIAN_POINT ( 'NONE',  ( 11.21526601878286655, -67.25000000000000000, -11.87653491542466710 ) ) ;
#4657 = ORIENTED_EDGE ( 'NONE', *, *, #6256, .F. ) ;
#4658 = CARTESIAN_POINT ( 'NONE',  ( 55.89999999999999858, -2.278598881020353512E-15, 15.24999999999999822 ) ) ;
#4659 = EDGE_CURVE ( 'NONE', #5302, #3952, #2397, .T. ) ;
#4660 = DIRECTION ( 'NONE',  ( 0.000000000000000000, 0.000000000000000000, 1.000000000000000000 ) ) ;
#4661 = CARTESIAN_POINT ( 'NONE',  ( 50.03522155753238110, -3.192185580821058188, -22.77902761317091063 ) ) ;
#4662 = EDGE_LOOP ( 'NONE', ( #3159, #5778, #7136, #1325 ) ) ;
#4663 = LINE ( 'NONE', #169, #1315 ) ;
#4664 = VERTEX_POINT ( 'NONE', #6302 ) ;
#4665 = ADVANCED_FACE ( 'NONE', ( #2533 ), #4067, .F. ) ;
#4666 = LINE ( 'NONE', #301, #69 ) ;
#4667 = CARTESIAN_POINT ( 'NONE',  ( 55.64999999999984936, -19.74999999999999645, 19.99810033107161189 ) ) ;
#4668 = VECTOR ( 'NONE', #5379, 1000.000000000000000 ) ;
#4669 = ORIENTED_EDGE ( 'NONE', *, *, #1737, .F. ) ;
#4670 = VECTOR ( 'NONE', #688, 1000.000000000000000 ) ;
#4671 = CARTESIAN_POINT ( 'NONE',  ( 39.71917982256599799, -67.25000000000000000, 27.65302181470902099 ) ) ;
#4672 = VERTEX_POINT ( 'NONE', #874 ) ;
#4673 = LINE ( 'NONE', #6872, #817 ) ;
#4674 = EDGE_CURVE ( 'NONE', #5665, #4984, #1981, .T. ) ;
#4675 = VECTOR ( 'NONE', #292, 1000.000000000000000 ) ;
#4676 = CARTESIAN_POINT ( 'NONE',  ( 57.39999999999999858, -56.24999999999998579, -16.74999999999998934 ) ) ;
#4677 = CIRCLE ( 'NONE', #1198, 0.5000011521766773992 ) ;
#4678 = CARTESIAN_POINT ( 'NONE',  ( 29.69999999999999929, -67.25000000000000000, -116.8280647581438103 ) ) ;
#4679 = ADVANCED_FACE ( 'NONE', ( #6367 ), #3619, .T. ) ;
#4680 = CARTESIAN_POINT ( 'NONE',  ( 59.39999999999999858, -56.24999999999998579, -16.74999999999998934 ) ) ;
#4681 = AXIS2_PLACEMENT_3D ( 'NONE', #1812, #2989, #5233 ) ;
#4682 = CARTESIAN_POINT ( 'NONE',  ( -0.8000000000000000444, -16.52983831628184319, 11.86003260712139884 ) ) ;
#4683 = CIRCLE ( 'NONE', #5619, 8.000000000000000000 ) ;
#4684 = VECTOR ( 'NONE', #3403, 1000.000000000000000 ) ;
#4685 = DIRECTION ( 'NONE',  ( -1.000000000000000000, -0.000000000000000000, -0.000000000000000000 ) ) ;
#4686 = CARTESIAN_POINT ( 'NONE',  ( 4.014652893356916330, -19.75000000000000355, 19.88809872202711304 ) ) ;
#4687 = CARTESIAN_POINT ( 'NONE',  ( 38.41413931812409999, -38.88999999621514547, 10.79999999999530225 ) ) ;
#4688 = CIRCLE ( 'NONE', #3519, 5.000000000000000000 ) ;
#4689 = DIRECTION ( 'NONE',  ( -0.000000000000000000, 1.000000000000000000, 4.127223139870470387E-16 ) ) ;
#4690 = EDGE_LOOP ( 'NONE', ( #3467, #677 ) ) ;
#4691 = DIRECTION ( 'NONE',  ( 0.000000000000000000, 0.000000000000000000, 1.000000000000000000 ) ) ;
#4692 = ORIENTED_EDGE ( 'NONE', *, *, #2569, .T. ) ;
#4693 = AXIS2_PLACEMENT_3D ( 'NONE', #6572, #5082, #1762 ) ;
#4694 = DIRECTION ( 'NONE',  ( -1.000000000000000000, 3.478120569333522285E-15, 7.346553920761778045E-15 ) ) ;
#4695 = CIRCLE ( 'NONE', #5959, 2.250000000000000444 ) ;
#4696 = FACE_OUTER_BOUND ( 'NONE', #3434, .T. ) ;
#4698 = ORIENTED_EDGE ( 'NONE', *, *, #5155, .F. ) ;
#4697 = VECTOR ( 'NONE', #4544, 1000.000000000000114 ) ;
#4699 = PRODUCT_DEFINITION ( 'UNKNOWN', '', #1140, #4641 ) ;
#4700 = CARTESIAN_POINT ( 'NONE',  ( -2.000000000000000000, -49.63999999999779789, 5.107025913275720086E-12 ) ) ;
#4701 = ORIENTED_EDGE ( 'NONE', *, *, #4758, .T. ) ;
#4702 = DIRECTION ( 'NONE',  ( 0.08688894065010210888, 0.000000000000000000, 0.9962180042504266142 ) ) ;
#4703 = CYLINDRICAL_SURFACE ( 'NONE', #2951, 0.2866033983652087613 ) ;
#4704 = VECTOR ( 'NONE', #5366, 1000.000000000000000 ) ;
#4705 = CARTESIAN_POINT ( 'NONE',  ( 59.39999999999999858, -36.52999999999998693, -10.24999999999998401 ) ) ;
#4706 = CARTESIAN_POINT ( 'NONE',  ( 3.500000000000000000, -60.75000000000000711, -13.25000000000001954 ) ) ;
#4707 = EDGE_CURVE ( 'NONE', #6525, #229, #1786, .T. ) ;
#4708 = ORIENTED_EDGE ( 'NONE', *, *, #1376, .F. ) ;
#4709 = FACE_OUTER_BOUND ( 'NONE', #73, .T. ) ;
#4710 = VERTEX_POINT ( 'NONE', #6267 ) ;
#4711 = ORIENTED_EDGE ( 'NONE', *, *, #6258, .F. ) ;
#4712 = ORIENTED_EDGE ( 'NONE', *, *, #5816, .F. ) ;
#4713 = CARTESIAN_POINT ( 'NONE',  ( 29.69999999999999929, -6.206515393788428092, 28.00000000000002487 ) ) ;
#4714 = CARTESIAN_POINT ( 'NONE',  ( -0.8000000000000000444, -16.52954290413744332, -11.86002913982032503 ) ) ;
#4715 = ORIENTED_EDGE ( 'NONE', *, *, #4203, .T. ) ;
#4716 = DIRECTION ( 'NONE',  ( 0.000000000000000000, 0.000000000000000000, 1.000000000000000000 ) ) ;
#4717 =( BOUNDED_CURVE ( )  B_SPLINE_CURVE ( 3, ( #5347, #4885, #2064, #2003 ),
 .UNSPECIFIED., .F., .T. ) 
 B_SPLINE_CURVE_WITH_KNOTS ( ( 4, 4 ),
 ( 2.409453388187861478, 2.481362178845697652 ),
 .UNSPECIFIED. ) 
 CURVE ( )  GEOMETRIC_REPRESENTATION_ITEM ( )  RATIONAL_B_SPLINE_CURVE ( ( 1.000000000000000000, 0.9995691402368779288, 0.9995691402368779288, 1.000000000000000000 ) ) 
 REPRESENTATION_ITEM ( '' )  );
#4718 = CARTESIAN_POINT ( 'NONE',  ( 57.89999999999999858, 8.125000000000000000, 0.000000000000000000 ) ) ;
#4719 = EDGE_CURVE ( 'NONE', #7131, #3261, #6233, .T. ) ;
#4720 = ORIENTED_EDGE ( 'NONE', *, *, #6747, .F. ) ;
#4721 = CARTESIAN_POINT ( 'NONE',  ( 3.735903773857077059, -1.561579665708809683, -19.95473532107414627 ) ) ;
#4722 = ORIENTED_EDGE ( 'NONE', *, *, #5651, .T. ) ;
#4723 = CARTESIAN_POINT ( 'NONE',  ( 55.89999999999999858, 0.000000000000000000, -17.24999999999999645 ) ) ;
#4724 = PLANE ( 'NONE',  #272 ) ;
#4725 = CARTESIAN_POINT ( 'NONE',  ( 3.828562801722851017, -23.25000000000000711, 20.10607116466633926 ) ) ;
#4726 = DIRECTION ( 'NONE',  ( -1.000000000000000000, -0.000000000000000000, -0.000000000000000000 ) ) ;
#4727 = EDGE_CURVE ( 'NONE', #3046, #5556, #2294, .T. ) ;
#4728 = VERTEX_POINT ( 'NONE', #3518 ) ;
#4729 = CARTESIAN_POINT ( 'NONE',  ( 58.91776695296644561, -70.26776695296639730, 20.25000000000001421 ) ) ;
#4730 = CARTESIAN_POINT ( 'NONE',  ( 9.110854841707393348, -5.357248103745021695, 26.52902590443854791 ) ) ;
#4731 = ORIENTED_EDGE ( 'NONE', *, *, #1993, .T. ) ;
#4732 = LINE ( 'NONE', #2859, #3968 ) ;
#4733 = VECTOR ( 'NONE', #6800, 1000.000000000000000 ) ;
#4734 = EDGE_LOOP ( 'NONE', ( #2025, #1159, #351, #1996, #1130 ) ) ;
#4735 = DIRECTION ( 'NONE',  ( -0.7071067811865475727, -0.7071067811865475727, -0.000000000000000000 ) ) ;
#4736 = DIRECTION ( 'NONE',  ( 0.7071067811865527908, 0.7071067811865422437, 0.000000000000000000 ) ) ;
#4737 = AXIS2_PLACEMENT_3D ( 'NONE', #6385, #5389, #5863 ) ;
#4738 = CARTESIAN_POINT ( 'NONE',  ( -0.8000000000000000444, -43.67851681897402472, -9.706479796979282426 ) ) ;
#4739 = CARTESIAN_POINT ( 'NONE',  ( 55.89999999999999147, -67.24999999999998579, 20.25000000000001421 ) ) ;
#4740 = EDGE_CURVE ( 'NONE', #6813, #6101, #770, .T. ) ;
#4741 = VERTEX_POINT ( 'NONE', #2427 ) ;
#4742 = FACE_OUTER_BOUND ( 'NONE', #3954, .T. ) ;
#4743 = EDGE_LOOP ( 'NONE', ( #4294, #3027, #18, #7125, #3799, #4952, #5649, #4552 ) ) ;
#4744 = LINE ( 'NONE', #1338, #4176 ) ;
#4745 = DIRECTION ( 'NONE',  ( 0.000000000000000000, 0.000000000000000000, -1.000000000000000000 ) ) ;
#4746 = EDGE_CURVE ( 'NONE', #6908, #4280, #6844, .T. ) ;
#4747 = CARTESIAN_POINT ( 'NONE',  ( 1.020000000025403253, -38.88999999621514547, 10.79999999999530225 ) ) ;
#4748 = ORIENTED_EDGE ( 'NONE', *, *, #6335, .T. ) ;
#4749 = CARTESIAN_POINT ( 'NONE',  ( 55.57143719827714534, -67.24999999999998579, -20.10607116466637123 ) ) ;
#4750 = ORIENTED_EDGE ( 'NONE', *, *, #4727, .F. ) ;
#4751 = CARTESIAN_POINT ( 'NONE',  ( 55.38534710664308136, -23.25000000000000355, -19.88809872202713791 ) ) ;
#4752 = ORIENTED_EDGE ( 'NONE', *, *, #1067, .T. ) ;
#4753 = CARTESIAN_POINT ( 'NONE',  ( 59.39999999999999858, 2.012497873877412131E-15, 20.25000000000000711 ) ) ;
#4754 = DIRECTION ( 'NONE',  ( 0.000000000000000000, -0.4999999999999947264, 0.8660254037844418162 ) ) ;
#4755 = ADVANCED_FACE ( 'NONE', ( #5699 ), #4724, .F. ) ;
#4756 =( BOUNDED_CURVE ( )  B_SPLINE_CURVE ( 3, ( #4538, #696, #2891, #5130 ),
 .UNSPECIFIED., .F., .F. ) 
 B_SPLINE_CURVE_WITH_KNOTS ( ( 4, 4 ),
 ( 3.873731918991718981, 4.622486876042730231 ),
 .UNSPECIFIED. ) 
 CURVE ( )  GEOMETRIC_REPRESENTATION_ITEM ( )  RATIONAL_B_SPLINE_CURVE ( ( 1.000000000000000000, 0.9538236360741785269, 0.9538236360741785269, 1.000000000000000000 ) ) 
 REPRESENTATION_ITEM ( '' )  );
#4757 = DIRECTION ( 'NONE',  ( 3.478120569333522285E-15, 1.000000000000000000, 0.000000000000000000 ) ) ;
#4758 = EDGE_CURVE ( 'NONE', #5247, #7109, #5270, .T. ) ;
#4759 = B_SPLINE_CURVE_WITH_KNOTS ( 'NONE', 3,
 ( #2509, #3662, #258, #2968, #224, #4146, #295, #3626, #2433, #1485, #1452, #5339, #6922, #1956, #910, #879, #354, #2570 ),
 .UNSPECIFIED., .F., .F.,
 ( 4, 2, 2, 2, 2, 2, 2, 2, 4 ),
 ( 0.000000000000000000, 0.0004402030230139862923, 0.0008804060460279725846, 0.001320609069041959148, 0.001760812092055946037, 0.002201015115069932492, 0.002641218138083918296, 0.003081421161097904968, 0.003521624184111891206 ),
 .UNSPECIFIED. ) ;
#4760 = CARTESIAN_POINT ( 'NONE',  ( 59.40100000000001046, -32.25000000000000000, -10.65111910102082504 ) ) ;
#4761 = CARTESIAN_POINT ( 'NONE',  ( 0.000000000000000000, -1.732050807568845219, -20.24999999999999645 ) ) ;
#4762 = VERTEX_POINT ( 'NONE', #5172 ) ;
#4763 = DIRECTION ( 'NONE',  ( 0.000000000000000000, -1.000000000000000000, -2.624392550645698593E-16 ) ) ;
#4764 = EDGE_CURVE ( 'NONE', #4498, #75, #290, .T. ) ;
#4765 = EDGE_CURVE ( 'NONE', #4305, #1170, #5837, .T. ) ;
#4766 = CARTESIAN_POINT ( 'NONE',  ( 7.404727040195634657, 4.091580475818608065, 0.2959179430020348334 ) ) ;
#4767 = EDGE_CURVE ( 'NONE', #5922, #2167, #2703, .T. ) ;
#4768 = EDGE_CURVE ( 'NONE', #2051, #4293, #2562, .T. ) ;
#4769 = EDGE_CURVE ( 'NONE', #2674, #4428, #5912, .T. ) ;
#4770 = CARTESIAN_POINT ( 'NONE',  ( -3.673940397442063812E-16, -67.24999999999998579, -20.25000000000002487 ) ) ;
#4771 = ORIENTED_EDGE ( 'NONE', *, *, #8, .T. ) ;
#4772 = ORIENTED_EDGE ( 'NONE', *, *, #2068, .T. ) ;
#4773 = CARTESIAN_POINT ( 'NONE',  ( 58.07987271612044822, -67.24999999999998579, -22.88608840329829519 ) ) ;
#4774 = EDGE_CURVE ( 'NONE', #4728, #4155, #5479, .T. ) ;
#4775 = FACE_OUTER_BOUND ( 'NONE', #1277, .T. ) ;
#4776 = CARTESIAN_POINT ( 'NONE',  ( 0.000000000000000000, 0.000000000000000000, 0.000000000000000000 ) ) ;
#4777 = EDGE_LOOP ( 'NONE', ( #5779, #3260, #362, #417 ) ) ;
#4778 = DIRECTION ( 'NONE',  ( 0.000000000000000000, -1.000000000000000000, 0.000000000000000000 ) ) ;
#4779 = ORIENTED_EDGE ( 'NONE', *, *, #4459, .T. ) ;
#4780 = DIRECTION ( 'NONE',  ( 7.353719082945172033E-15, 0.000000000000000000, 1.000000000000000000 ) ) ;
#4781 = CARTESIAN_POINT ( 'NONE',  ( 3.500000000000000000, -67.25000000000000000, 17.24999999999999645 ) ) ;
#4782 = AXIS2_PLACEMENT_3D ( 'NONE', #4700, #813, #4221 ) ;
#4783 = CYLINDRICAL_SURFACE ( 'NONE', #5044, 1.200000000000000622 ) ;
#4784 = EDGE_LOOP ( 'NONE', ( #5209, #2668, #5745, #3203 ) ) ;
#4785 = VECTOR ( 'NONE', #4522, 1000.000000000000000 ) ;
#4786 = CARTESIAN_POINT ( 'NONE',  ( 57.39999999999999858, -56.24999999999998579, -16.74999999999998934 ) ) ;
#4787 = PRODUCT_RELATED_PRODUCT_CATEGORY ( 'part', '', ( #2606 ) ) ;
#4788 = CARTESIAN_POINT ( 'NONE',  ( 39.64999999999984936, -67.25000000000000000, 26.65541760854819842 ) ) ;
#4789 = AXIS2_PLACEMENT_3D ( 'NONE', #1276, #6982, #4799 ) ;
#4790 = PLANE ( 'NONE',  #1733 ) ;
#4791 = VERTEX_POINT ( 'NONE', #936 ) ;
#4792 = VECTOR ( 'NONE', #4284, 1000.000000000000000 ) ;
#4793 = CYLINDRICAL_SURFACE ( 'NONE', #182, 1.149999999999999911 ) ;
#4794 = DIRECTION ( 'NONE',  ( -1.000000000000000000, 0.000000000000000000, 0.000000000000000000 ) ) ;
#4795 = AXIS2_PLACEMENT_3D ( 'NONE', #2957, #1879, #6298 ) ;
#4796 = CARTESIAN_POINT ( 'NONE',  ( 3.828562801722851017, -1.648953455744811558, 20.10607116466633926 ) ) ;
#4797 = CIRCLE ( 'NONE', #1660, 8.000000000000000000 ) ;
#4798 = EDGE_CURVE ( 'NONE', #2822, #761, #634, .T. ) ;
#4799 = DIRECTION ( 'NONE',  ( 0.000000000000000000, 0.000000000000000000, 1.000000000000000000 ) ) ;
#4800 = EDGE_CURVE ( 'NONE', #75, #981, #4797, .T. ) ;
#4801 = ORIENTED_EDGE ( 'NONE', *, *, #6335, .F. ) ;
#4802 = CARTESIAN_POINT ( 'NONE',  ( -3.517766952966384419, -67.26776695296629782, 20.25000000000001421 ) ) ;
#4803 = CARTESIAN_POINT ( 'NONE',  ( 7.807339525429282112, 4.001741256182345552, 0.8984076089989011527 ) ) ;
#4804 = VECTOR ( 'NONE', #1479, 1000.000000000000114 ) ;
#4805 = CARTESIAN_POINT ( 'NONE',  ( 59.39999999999999858, -35.02999999999998693, -10.24999999999998401 ) ) ;
#4806 = ADVANCED_FACE ( 'NONE', ( #6977 ), #4274, .F. ) ;
#4807 = DIRECTION ( 'NONE',  ( 1.000000000000000000, 0.000000000000000000, 0.000000000000000000 ) ) ;
#4808 = ORIENTED_EDGE ( 'NONE', *, *, #1684, .F. ) ;
#4809 = AXIS2_PLACEMENT_3D ( 'NONE', #1370, #826, #2355 ) ;
#4810 = ORIENTED_EDGE ( 'NONE', *, *, #4627, .T. ) ;
#4811 = ORIENTED_EDGE ( 'NONE', *, *, #408, .F. ) ;
#4812 = CARTESIAN_POINT ( 'NONE',  ( 59.65000000000010516, -72.03553390593276617, -20.24999999999998579 ) ) ;
#4813 = VECTOR ( 'NONE', #5492, 1000.000000000000000 ) ;
#4814 = AXIS2_PLACEMENT_3D ( 'NONE', #6904, #1915, #3538 ) ;
#4815 = LINE ( 'NONE', #1432, #5210 ) ;
#4816 = ORIENTED_EDGE ( 'NONE', *, *, #4385, .T. ) ;
#4817 = EDGE_CURVE ( 'NONE', #7102, #476, #5407, .T. ) ;
#4818 = DIRECTION ( 'NONE',  ( -1.000000000000000000, 0.000000000000000000, -0.000000000000000000 ) ) ;
#4819 = AXIS2_PLACEMENT_3D ( 'NONE', #5135, #1815, #1239 ) ;
#4820 = LINE ( 'NONE', #3232, #3590 ) ;
#4821 = DIRECTION ( 'NONE',  ( 1.802143912355449343E-15, 1.000000000000000000, -9.032665847314738249E-17 ) ) ;
#4822 = LINE ( 'NONE', #1034, #2587 ) ;
#4823 = ORIENTED_EDGE ( 'NONE', *, *, #2517, .T. ) ;
#4824 = AXIS2_PLACEMENT_3D ( 'NONE', #1327, #5780, #3529 ) ;
#4825 = DIRECTION ( 'NONE',  ( 0.000000000000000000, 9.938261105567462796E-17, 1.000000000000000000 ) ) ;
#4826 = VECTOR ( 'NONE', #4939, 1000.000000000000000 ) ;
#4827 = DIRECTION ( 'NONE',  ( 0.000000000000000000, 0.000000000000000000, -1.000000000000000000 ) ) ;
#4828 = ORIENTED_EDGE ( 'NONE', *, *, #5340, .F. ) ;
#4829 = CYLINDRICAL_SURFACE ( 'NONE', #5787, 1.149999999999998135 ) ;
#4830 = ORIENTED_EDGE ( 'NONE', *, *, #1254, .F. ) ;
#4831 = PLANE ( 'NONE',  #537 ) ;
#4832 = FACE_OUTER_BOUND ( 'NONE', #3425, .T. ) ;
#4833 = VERTEX_POINT ( 'NONE', #2126 ) ;
#4834 = LINE ( 'NONE', #1665, #2347 ) ;
#4835 = CARTESIAN_POINT ( 'NONE',  ( 55.89999999999999858, -38.02999999999998693, 10.24999999999999112 ) ) ;
#4836 = EDGE_CURVE ( 'NONE', #5255, #4113, #4683, .T. ) ;
#4837 = ORIENTED_EDGE ( 'NONE', *, *, #2532, .F. ) ;
#4838 = DIRECTION ( 'NONE',  ( -1.000000000000000000, 0.000000000000000000, 0.000000000000000000 ) ) ;
#4839 = VERTEX_POINT ( 'NONE', #3210 ) ;
#4840 = EDGE_CURVE ( 'NONE', #4031, #7044, #4353, .T. ) ;
#4841 = CARTESIAN_POINT ( 'NONE',  ( 1.020000000025397924, -41.34000000000252584, 11.39999999999526459 ) ) ;
#4842 = B_SPLINE_CURVE_WITH_KNOTS ( 'NONE', 3,
 ( #6731, #3979, #6188, #5807, #844, #1226, #3431, #3041, #6020, #2058, #6481, #403, #1056, #522, #3221, #1517, #7022, #5920 ),
 .UNSPECIFIED., .F., .F.,
 ( 4, 2, 2, 2, 2, 2, 2, 2, 4 ),
 ( 0.000000000000000000, 0.0004402030230139859670, 0.0008804060460279719341, 0.001320609069041957847, 0.001760812092055943868, 0.002201015115069929889, 0.002641218138083915694, 0.003081421161097903667, 0.003521624184111891639 ),
 .UNSPECIFIED. ) ;
#4843 = CARTESIAN_POINT ( 'NONE',  ( 3.500000000000000000, -67.24999999999998579, -17.25000000000002487 ) ) ;
#4844 = ORIENTED_EDGE ( 'NONE', *, *, #131, .F. ) ;
#4845 = ORIENTED_EDGE ( 'NONE', *, *, #6879, .T. ) ;
#4846 = DIRECTION ( 'NONE',  ( 0.000000000000000000, 0.000000000000000000, 1.000000000000000000 ) ) ;
#4847 = EDGE_CURVE ( 'NONE', #4664, #5909, #6543, .T. ) ;
#4848 = EDGE_CURVE ( 'NONE', #4121, #6331, #5267, .T. ) ;
#4849 = AXIS2_PLACEMENT_3D ( 'NONE', #5121, #133, #6574 ) ;
#4850 = CARTESIAN_POINT ( 'NONE',  ( 9.364778442467656561, -67.24999999999998579, -22.77902761317091063 ) ) ;
#4851 = ORIENTED_EDGE ( 'NONE', *, *, #3716, .F. ) ;
#4852 = ORIENTED_EDGE ( 'NONE', *, *, #76, .F. ) ;
#4853 = DIRECTION ( 'NONE',  ( -0.000000000000000000, 1.000000000000000000, -0.000000000000000000 ) ) ;
#4854 = CARTESIAN_POINT ( 'NONE',  ( 0.000000000000000000, -11.00000000000000000, 15.74999999999999645 ) ) ;
#4855 = AXIS2_PLACEMENT_3D ( 'NONE', #1860, #1796, #5213 ) ;
#4856 = DIRECTION ( 'NONE',  ( -0.000000000000000000, 1.000000000000000000, 4.127223139870470387E-16 ) ) ;
#4857 = ADVANCED_FACE ( 'NONE', ( #4832 ), #2600, .F. ) ;
#4858 = EDGE_CURVE ( 'NONE', #4178, #1023, #4208, .T. ) ;
#4859 = CARTESIAN_POINT ( 'NONE',  ( 55.89999999999999858, -8.125000000000000000, 1.149999999999999911 ) ) ;
#4860 = VERTEX_POINT ( 'NONE', #6437 ) ;
#4861 = ORIENTED_EDGE ( 'NONE', *, *, #3406, .F. ) ;
#4862 = DIRECTION ( 'NONE',  ( 0.000000000000000000, 0.000000000000000000, -1.000000000000000000 ) ) ;
#4863 = DIRECTION ( 'NONE',  ( 1.000000000000000000, -0.000000000000000000, -0.000000000000000000 ) ) ;
#4864 = DIRECTION ( 'NONE',  ( -1.000000000000000000, 0.000000000000000000, 0.000000000000000000 ) ) ;
#4865 = ORIENTED_EDGE ( 'NONE', *, *, #4764, .F. ) ;
#4866 = CYLINDRICAL_SURFACE ( 'NONE', #6527, 1.149999999999999911 ) ;
#4867 = EDGE_CURVE ( 'NONE', #6583, #3989, #6406, .T. ) ;
#4868 = DIRECTION ( 'NONE',  ( 1.000000000000000000, 0.000000000000000000, 0.000000000000000000 ) ) ;
#4869 = ORIENTED_EDGE ( 'NONE', *, *, #1126, .F. ) ;
#4870 = FACE_OUTER_BOUND ( 'NONE', #6587, .T. ) ;
#4871 = DIRECTION ( 'NONE',  ( 0.000000000000000000, 0.000000000000000000, 1.000000000000000000 ) ) ;
#4872 = VECTOR ( 'NONE', #932, 999.9999999999998863 ) ;
#4873 = ORIENTED_EDGE ( 'NONE', *, *, #4306, .T. ) ;
#4874 = CARTESIAN_POINT ( 'NONE',  ( -0.8000000000000000444, -43.17851648078251259, 11.35999999999530274 ) ) ;
#4875 = VERTEX_POINT ( 'NONE', #2049 ) ;
#4876 = CARTESIAN_POINT ( 'NONE',  ( 11.21526601878286655, -19.75000000000000355, -11.87653491542466710 ) ) ;
#4877 = DIRECTION ( 'NONE',  ( -0.000000000000000000, 1.000000000000000000, -0.000000000000000000 ) ) ;
#4878 = FACE_OUTER_BOUND ( 'NONE', #632, .T. ) ;
#4879 = VERTEX_POINT ( 'NONE', #3099 ) ;
#4880 = AXIS2_PLACEMENT_3D ( 'NONE', #4962, #7152, #6109 ) ;
#4881 = VERTEX_POINT ( 'NONE', #6468 ) ;
#4882 = ORIENTED_EDGE ( 'NONE', *, *, #4078, .T. ) ;
#4883 = DIRECTION ( 'NONE',  ( 0.000000000000000000, 9.938261105567462796E-17, 1.000000000000000000 ) ) ;
#4884 = ORIENTED_EDGE ( 'NONE', *, *, #6288, .T. ) ;
#4885 = CARTESIAN_POINT ( 'NONE',  ( 57.81592128429391408, -3.390964041156005138, 23.12332200592137710 ) ) ;
#4886 = EDGE_CURVE ( 'NONE', #6540, #4052, #5376, .T. ) ;
#4887 = VERTEX_POINT ( 'NONE', #2242 ) ;
#4888 = DIRECTION ( 'NONE',  ( 0.000000000000000000, 0.000000000000000000, 1.000000000000000000 ) ) ;
#4889 = CARTESIAN_POINT ( 'NONE',  ( 55.38534710664308136, -19.75000000000000355, 19.88809872202711304 ) ) ;
#4890 = DIRECTION ( 'NONE',  ( 2.352167425053296813E-15, -1.000000000000000000, 0.000000000000000000 ) ) ;
#4891 = DIRECTION ( 'NONE',  ( -1.000000000000000000, 3.478120569333522285E-15, 7.346553920761778045E-15 ) ) ;
#4892 = ORIENTED_EDGE ( 'NONE', *, *, #6826, .T. ) ;
#4893 = CARTESIAN_POINT ( 'NONE',  ( 22.87407255787421789, -4.328277461510996460, -24.74679647259243964 ) ) ;
#4894 = CARTESIAN_POINT ( 'NONE',  ( 57.15000000000010516, -72.03553390593276617, -20.24999999999998579 ) ) ;
#4895 = VERTEX_POINT ( 'NONE', #5662 ) ;
#4896 = ADVANCED_FACE ( 'NONE', ( #6666 ), #6048, .T. ) ;
#4897 = LINE ( 'NONE', #5939, #2358 ) ;
#4898 = FACE_OUTER_BOUND ( 'NONE', #2133, .T. ) ;
#4899 = LINE ( 'NONE', #5943, #5744 ) ;
#4900 = AXIS2_PLACEMENT_3D ( 'NONE', #2563, #4391, #5948 ) ;
#4901 = CARTESIAN_POINT ( 'NONE',  ( -2.000000000000000000, -49.63999999999779789, 5.107025913275720086E-12 ) ) ;
#4902 = ORIENTED_EDGE ( 'NONE', *, *, #268, .T. ) ;
#4903 = CYLINDRICAL_SURFACE ( 'NONE', #6047, 2.250000000000000444 ) ;
#4904 = AXIS2_PLACEMENT_3D ( 'NONE', #6555, #359, #2575 ) ;
#4905 = EDGE_LOOP ( 'NONE', ( #6687, #532, #6271, #4276 ) ) ;
#4906 = FACE_OUTER_BOUND ( 'NONE', #5445, .T. ) ;
#4907 = VECTOR ( 'NONE', #5504, 1000.000000000000000 ) ;
#4908 = ORIENTED_EDGE ( 'NONE', *, *, #2764, .T. ) ;
#4909 = LINE ( 'NONE', #2610, #5739 ) ;
#4910 = VECTOR ( 'NONE', #2507, 1000.000000000000000 ) ;
#4911 = CYLINDRICAL_SURFACE ( 'NONE', #6624, 17.70000000000000639 ) ;
#4912 = CIRCLE ( 'NONE', #163, 1.149999999999998135 ) ;
#4913 = CARTESIAN_POINT ( 'NONE',  ( 55.38534710664308136, -67.24999999999998579, -19.88809872202713791 ) ) ;
#4914 = ORIENTED_EDGE ( 'NONE', *, *, #7118, .T. ) ;
#4915 = CARTESIAN_POINT ( 'NONE',  ( 7.807499061989772393, 7.950051643842865445, 0.8986287320600985229 ) ) ;
#4916 = AXIS2_PLACEMENT_3D ( 'NONE', #6054, #1093, #3296 ) ;
#4917 = ORIENTED_EDGE ( 'NONE', *, *, #1240, .F. ) ;
#4918 = VECTOR ( 'NONE', #5103, 1000.000000000000000 ) ;
#4919 = ORIENTED_EDGE ( 'NONE', *, *, #3548, .T. ) ;
#4920 = VECTOR ( 'NONE', #6814, 1000.000000000000000 ) ;
#4921 = PLANE ( 'NONE',  #1283 ) ;
#4922 = CIRCLE ( 'NONE', #379, 141.0803369579429614 ) ;
#4923 = CARTESIAN_POINT ( 'NONE',  ( -3.299999999999999822, 0.000000000000000000, 0.000000000000000000 ) ) ;
#4924 = ORIENTED_EDGE ( 'NONE', *, *, #2578, .T. ) ;
#4925 = CARTESIAN_POINT ( 'NONE',  ( 59.65000000000010516, -71.00000000000002842, -20.24999999999998579 ) ) ;
#4926 = CARTESIAN_POINT ( 'NONE',  ( 63.65000000000014779, -7.661306256064689007E-15, 1.228800331454285302E-15 ) ) ;
#4927 = CIRCLE ( 'NONE', #1794, 1.149999999999998135 ) ;
#4928 = CARTESIAN_POINT ( 'NONE',  ( 38.41413931812409999, -41.34000000000252584, 9.099999999995267430 ) ) ;
#4929 = ORIENTED_EDGE ( 'NONE', *, *, #7080, .F. ) ;
#4930 = EDGE_CURVE ( 'NONE', #3078, #1889, #6088, .T. ) ;
#4931 = CARTESIAN_POINT ( 'NONE',  ( -2.000000000000000000, -32.25000000000000000, -10.65111910102082504 ) ) ;
#4932 = ORIENTED_EDGE ( 'NONE', *, *, #3423, .T. ) ;
#4933 = CARTESIAN_POINT ( 'NONE',  ( 36.07000000001264794, -73.25000000000000000, 0.000000000000000000 ) ) ;
#4934 = CARTESIAN_POINT ( 'NONE',  ( 57.89999999999999858, 0.000000000000000000, -8.125000000000000000 ) ) ;
#4935 = AXIS2_PLACEMENT_3D ( 'NONE', #682, #2743, #2813 ) ;
#4936 = MECHANICAL_DESIGN_GEOMETRIC_PRESENTATION_REPRESENTATION (  '', ( #3753 ), #6893 ) ;
#4937 = DIRECTION ( 'NONE',  ( -1.000000000000000000, 0.000000000000000000, 0.000000000000000000 ) ) ;
#4938 = FACE_OUTER_BOUND ( 'NONE', #4271, .T. ) ;
#4939 = DIRECTION ( 'NONE',  ( 1.000000000000000000, -0.000000000000000000, -0.000000000000000000 ) ) ;
#4940 = CARTESIAN_POINT ( 'NONE',  ( 7.808621905546116793, 4.001502852089709350, -0.8995297460346733942 ) ) ;
#4941 = EDGE_CURVE ( 'NONE', #5134, #6621, #3251, .T. ) ;
#4942 = DIRECTION ( 'NONE',  ( 0.000000000000000000, 0.000000000000000000, -1.000000000000000000 ) ) ;
#4943 = ORIENTED_EDGE ( 'NONE', *, *, #4161, .T. ) ;
#4944 = CARTESIAN_POINT ( 'NONE',  ( 29.69999999999999929, -67.25000000000000000, 24.25227219979914040 ) ) ;
#4945 = DIRECTION ( 'NONE',  ( 0.000000000000000000, -1.775372104042659336E-06, 0.9999999999984240384 ) ) ;
#4946 = ORIENTED_EDGE ( 'NONE', *, *, #6665, .F. ) ;
#4947 = DIRECTION ( 'NONE',  ( 0.000000000000000000, -2.624392550645698593E-16, 1.000000000000000000 ) ) ;
#4948 = DIRECTION ( 'NONE',  ( 2.352167425053296813E-15, -1.000000000000000000, 0.000000000000000000 ) ) ;
#4949 = CARTESIAN_POINT ( 'NONE',  ( 3.735903773857076615, -19.75000000000000355, 19.95473532107411785 ) ) ;
#4950 = EDGE_LOOP ( 'NONE', ( #5511, #4252, #524, #7056 ) ) ;
#4951 = DIRECTION ( 'NONE',  ( 0.000000000000000000, 0.000000000000000000, -1.000000000000000000 ) ) ;
#4952 = ORIENTED_EDGE ( 'NONE', *, *, #987, .T. ) ;
#4953 = ORIENTED_EDGE ( 'NONE', *, *, #5575, .F. ) ;
#4954 = ORIENTED_EDGE ( 'NONE', *, *, #3314, .T. ) ;
#4955 = ORIENTED_EDGE ( 'NONE', *, *, #6455, .T. ) ;
#4956 = ORIENTED_EDGE ( 'NONE', *, *, #397, .T. ) ;
#4957 = ORIENTED_EDGE ( 'NONE', *, *, #6881, .T. ) ;
#4958 = CARTESIAN_POINT ( 'NONE',  ( 38.41413931812409999, -16.89000000000253010, 11.39999999999526636 ) ) ;
#4959 = FACE_OUTER_BOUND ( 'NONE', #3190, .T. ) ;
#4960 = ORIENTED_EDGE ( 'NONE', *, *, #4273, .F. ) ;
#4961 = LINE ( 'NONE', #3352, #1190 ) ;
#4962 = CARTESIAN_POINT ( 'NONE',  ( 0.000000000000000000, 0.000000000000000000, 0.000000000000000000 ) ) ;
#4963 = CARTESIAN_POINT ( 'NONE',  ( 1.020000000025375719, -16.14152881293917829, -11.81192963603168877 ) ) ;
#4964 = VECTOR ( 'NONE', #5083, 1000.000000000000000 ) ;
#4965 = CARTESIAN_POINT ( 'NONE',  ( 50.28914515829260523, -5.357248103745028800, -26.52902590443859054 ) ) ;
#4966 = CYLINDRICAL_SURFACE ( 'NONE', #684, 6.500000000000000888 ) ;
#4967 = EDGE_CURVE ( 'NONE', #5018, #7131, #6196, .T. ) ;
#4968 = VERTEX_POINT ( 'NONE', #1774 ) ;
#4969 = CARTESIAN_POINT ( 'NONE',  ( 55.89999999999999858, -38.02999999999998693, 10.24999999999999112 ) ) ;
#4970 = CARTESIAN_POINT ( 'NONE',  ( 3.499999999999998224, -67.24999999999998579, -20.24999999999998579 ) ) ;
#4971 = ORIENTED_EDGE ( 'NONE', *, *, #5608, .T. ) ;
#4972 = VECTOR ( 'NONE', #5759, 1000.000000000000227 ) ;
#4973 = CARTESIAN_POINT ( 'NONE',  ( 59.39999999999999858, -61.24999999999998579, 17.25000000000000711 ) ) ;
#4974 = EDGE_CURVE ( 'NONE', #761, #5397, #1323, .T. ) ;
#4975 = ORIENTED_EDGE ( 'NONE', *, *, #644, .T. ) ;
#4976 = CARTESIAN_POINT ( 'NONE',  ( 57.89999999999999858, 2.755455298081545271E-16, 10.37500000000000000 ) ) ;
#4977 = LINE ( 'NONE', #3, #3498 ) ;
#4978 = CARTESIAN_POINT ( 'NONE',  ( 57.26329890894511720, -67.25000000000000000, 23.56857055676451296 ) ) ;
#4979 = DIRECTION ( 'NONE',  ( -1.000000000000000000, -0.000000000000000000, -0.000000000000000000 ) ) ;
#4980 = FACE_OUTER_BOUND ( 'NONE', #6910, .T. ) ;
#4981 = ORIENTED_EDGE ( 'NONE', *, *, #3059, .F. ) ;
#4982 = EDGE_CURVE ( 'NONE', #889, #761, #5095, .T. ) ;
#4983 = CARTESIAN_POINT ( 'NONE',  ( 1.020000000025451881, -19.73691467762551710, 8.242286694052575413 ) ) ;
#4984 = VERTEX_POINT ( 'NONE', #6703 ) ;
#4985 = EDGE_LOOP ( 'NONE', ( #7156, #3829, #2999, #4149 ) ) ;
#4986 = CARTESIAN_POINT ( 'NONE',  ( -0.7999999999999951594, -49.63999999999779789, 5.107025913275720086E-12 ) ) ;
#4987 = FACE_BOUND ( 'NONE', #4565, .T. ) ;
#4988 = EDGE_LOOP ( 'NONE', ( #1076, #5313, #6241, #7134 ) ) ;
#4989 = CARTESIAN_POINT ( 'NONE',  ( -2.250000000000000444, -49.63999999999779789, 5.107025913275720086E-12 ) ) ;
#4990 = ORIENTED_EDGE ( 'NONE', *, *, #4768, .T. ) ;
#4991 = EDGE_CURVE ( 'NONE', #6287, #1381, #4922, .T. ) ;
#4992 = EDGE_CURVE ( 'NONE', #3199, #4115, #3833, .T. ) ;
#4993 = EDGE_LOOP ( 'NONE', ( #1392, #4810 ) ) ;
#4994 = ORIENTED_EDGE ( 'NONE', *, *, #2221, .F. ) ;
#4995 = DIRECTION ( 'NONE',  ( -2.920409892216846640E-16, 5.295414454691777803E-17, 1.000000000000000000 ) ) ;
#4996 = ADVANCED_FACE ( 'NONE', ( #6123 ), #3365, .F. ) ;
#4997 = DIRECTION ( 'NONE',  ( 0.000000000000000000, 0.000000000000000000, -1.000000000000000000 ) ) ;
#4998 = VECTOR ( 'NONE', #1496, 1000.000000000000000 ) ;
#4999 = ORIENTED_EDGE ( 'NONE', *, *, #3011, .F. ) ;
#5000 = DIRECTION ( 'NONE',  ( -0.000000000000000000, 1.000000000000000000, 0.000000000000000000 ) ) ;
#5001 = CYLINDRICAL_SURFACE ( 'NONE', #3943, 2.250000000000000000 ) ;
#5002 = CARTESIAN_POINT ( 'NONE',  ( 5.000000000000000000, 9.797174393178825657E-16, -8.000000000000000000 ) ) ;
#5003 = CARTESIAN_POINT ( 'NONE',  ( 59.39999999999999858, -38.02999999999998693, 10.24999999999999112 ) ) ;
#5004 = DIRECTION ( 'NONE',  ( 0.000000000000000000, 0.000000000000000000, -1.000000000000000000 ) ) ;
#5005 = EDGE_LOOP ( 'NONE', ( #5232, #424, #4401, #5205 ) ) ;
#5006 = DIRECTION ( 'NONE',  ( 0.000000000000000000, 9.938261105567462796E-17, 1.000000000000000000 ) ) ;
#5007 = AXIS2_PLACEMENT_3D ( 'NONE', #1824, #2904, #1929 ) ;
#5008 = CARTESIAN_POINT ( 'NONE',  ( -0.8000000000000000444, -38.89000006848778668, -6.999999457044213003 ) ) ;
#5009 = DIRECTION ( 'NONE',  ( 0.000000000000000000, 0.000000000000000000, 1.000000000000000000 ) ) ;
#5010 = VERTEX_POINT ( 'NONE', #5561 ) ;
#5011 = DIRECTION ( 'NONE',  ( 0.000000000000000000, 1.902368341696333078E-08, -0.9999999999999997780 ) ) ;
#5012 = CYLINDRICAL_SURFACE ( 'NONE', #2564, 5.000000000000000000 ) ;
#5013 = CARTESIAN_POINT ( 'NONE',  ( 58.07987271612044822, -3.253997156820731540, 22.88608840329827032 ) ) ;
#5014 = EDGE_LOOP ( 'NONE', ( #5454, #3750, #2615, #2042 ) ) ;
#5015 = CARTESIAN_POINT ( 'NONE',  ( 57.26329890894511010, -3.648028411841577334, 23.56857055676450940 ) ) ;
#5016 = PLANE ( 'NONE',  #1312 ) ;
#5017 = VERTEX_POINT ( 'NONE', #1085 ) ;
#5018 = VERTEX_POINT ( 'NONE', #1621 ) ;
#5019 = ORIENTED_EDGE ( 'NONE', *, *, #5499, .F. ) ;
#5020 = DIRECTION ( 'NONE',  ( -0.000000000000000000, 1.000000000000000000, -0.000000000000000000 ) ) ;
#5021 = CARTESIAN_POINT ( 'NONE',  ( 1.020000000025278464, -32.11500000000229704, -9.303042912649702956 ) ) ;
#5022 = VECTOR ( 'NONE', #882, 1000.000000000000000 ) ;
#5023 = DIRECTION ( 'NONE',  ( 0.000000000000000000, -1.000000000000000000, 0.000000000000000000 ) ) ;
#5024 = EDGE_CURVE ( 'NONE', #2651, #1829, #5596, .T. ) ;
#5025 = VECTOR ( 'NONE', #533, 1000.000000000000000 ) ;
#5026 = VECTOR ( 'NONE', #4554, 1000.000000000000000 ) ;
#5027 = VERTEX_POINT ( 'NONE', #622 ) ;
#5028 = CARTESIAN_POINT ( 'NONE',  ( -0.8000000000000000444, -38.88999999619777981, -10.80000000000469740 ) ) ;
#5029 = ORIENTED_EDGE ( 'NONE', *, *, #4496, .T. ) ;
#5030 = AXIS2_PLACEMENT_3D ( 'NONE', #4656, #5208, #5307 ) ;
#5031 = EDGE_LOOP ( 'NONE', ( #3405, #4215, #6085, #4929 ) ) ;
#5032 = CARTESIAN_POINT ( 'NONE',  ( 38.41413931812409999, -43.67851681897402472, -9.706479796979282426 ) ) ;
#5033 = AXIS2_PLACEMENT_3D ( 'NONE', #1577, #615, #1728 ) ;
#5034 = EDGE_CURVE ( 'NONE', #4275, #687, #584, .T. ) ;
#5035 = VECTOR ( 'NONE', #869, 1000.000000000000000 ) ;
#5036 = DIRECTION ( 'NONE',  ( 0.000000000000000000, 0.000000000000000000, 1.000000000000000000 ) ) ;
#5037 = CIRCLE ( 'NONE', #3397, 2.500000000000002220 ) ;
#5038 = ORIENTED_EDGE ( 'NONE', *, *, #2881, .F. ) ;
#5039 = ORIENTED_EDGE ( 'NONE', *, *, #3992, .F. ) ;
#5040 = CARTESIAN_POINT ( 'NONE',  ( -0.8000000000000020428, -15.18200551005773669, 11.02518507328145247 ) ) ;
#5041 = DIRECTION ( 'NONE',  ( -1.000000000000000000, -2.529146437248129668E-15, 2.920409892216848119E-16 ) ) ;
#5042 =( BOUNDED_CURVE ( )  B_SPLINE_CURVE ( 3, ( #3970, #2945, #1252, #6182 ),
 .UNSPECIFIED., .F., .F. ) 
 B_SPLINE_CURVE_WITH_KNOTS ( ( 4, 4 ),
 ( 2.536465738541599180, 2.904234748893120166 ),
 .UNSPECIFIED. ) 
 CURVE ( )  GEOMETRIC_REPRESENTATION_ITEM ( )  RATIONAL_B_SPLINE_CURVE ( ( 1.000000000000000000, 0.9887605536306219856, 0.9887605536306219856, 1.000000000000000000 ) ) 
 REPRESENTATION_ITEM ( '' )  );
#5043 = FACE_OUTER_BOUND ( 'NONE', #3597, .T. ) ;
#5044 = AXIS2_PLACEMENT_3D ( 'NONE', #5353, #2553, #7004 ) ;
#5045 = CARTESIAN_POINT ( 'NONE',  ( 3.500000000000000000, 5.021051876504147385E-16, -4.099999999999999645 ) ) ;
#5046 = ADVANCED_FACE ( 'NONE', ( #2283 ), #79, .F. ) ;
#5047 = CARTESIAN_POINT ( 'NONE',  ( 59.39999999999999858, -56.24999999999998579, -15.24999999999998934 ) ) ;
#5048 = ORIENTED_EDGE ( 'NONE', *, *, #1410, .F. ) ;
#5049 = PLANE ( 'NONE',  #951 ) ;
#5050 = VERTEX_POINT ( 'NONE', #3988 ) ;
#5051 = CARTESIAN_POINT ( 'NONE',  ( 57.39999999999999858, -43.02999999999998693, 10.24999999999999112 ) ) ;
#5052 = AXIS2_PLACEMENT_3D ( 'NONE', #3220, #2140, #1597 ) ;
#5053 = DIRECTION ( 'NONE',  ( 0.000000000000000000, 0.000000000000000000, 1.000000000000000000 ) ) ;
#5054 = VERTEX_POINT ( 'NONE', #1232 ) ;
#5055 = FACE_OUTER_BOUND ( 'NONE', #2243, .T. ) ;
#5056 = CARTESIAN_POINT ( 'NONE',  ( 38.41413931812409999, -15.02996549883271982, 10.36041478471158506 ) ) ;
#5057 = DIRECTION ( 'NONE',  ( -1.802143912355449343E-15, 1.000000000000000000, -9.032665847314738249E-17 ) ) ;
#5058 = AXIS2_PLACEMENT_3D ( 'NONE', #302, #1429, #888 ) ;
#5059 = CARTESIAN_POINT ( 'NONE',  ( 36.07000000001264794, -67.25000000000000000, 24.10839105143924854 ) ) ;
#5060 = CARTESIAN_POINT ( 'NONE',  ( 29.69999999999999929, -6.206515393788428092, 28.00000000000002487 ) ) ;
#5061 = ORIENTED_EDGE ( 'NONE', *, *, #3957, .T. ) ;
#5062 = CARTESIAN_POINT ( 'NONE',  ( 3.828562801722851017, -1.648953455744811558, 20.10607116466633926 ) ) ;
#5063 = VECTOR ( 'NONE', #3299, 1000.000000000000000 ) ;
#5064 = EDGE_CURVE ( 'NONE', #3261, #5431, #4388, .T. ) ;
#5065 = DIRECTION ( 'NONE',  ( 0.000000000000000000, -1.000000000000000000, 0.000000000000000000 ) ) ;
#5066 = LINE ( 'NONE', #5700, #5634 ) ;
#5067 = EDGE_CURVE ( 'NONE', #6173, #4968, #4756, .T. ) ;
#5068 = VECTOR ( 'NONE', #2317, 1000.000000000000000 ) ;
#5069 = CYLINDRICAL_SURFACE ( 'NONE', #7085, 6.500000000000002665 ) ;
#5070 = EDGE_LOOP ( 'NONE', ( #2981, #1555 ) ) ;
#5071 = VERTEX_POINT ( 'NONE', #2321 ) ;
#5072 = ORIENTED_EDGE ( 'NONE', *, *, #3360, .T. ) ;
#5073 = EDGE_CURVE ( 'NONE', #229, #6525, #2829, .T. ) ;
#5074 = CARTESIAN_POINT ( 'NONE',  ( 1.020000000025333975, -15.02996282514451565, -10.36012184685404947 ) ) ;
#5075 = CARTESIAN_POINT ( 'NONE',  ( 57.39999999999999858, -56.24999999999998579, -16.74999999999998934 ) ) ;
#5076 = ORIENTED_EDGE ( 'NONE', *, *, #769, .F. ) ;
#5077 = DIRECTION ( 'NONE',  ( -2.920409892216846640E-16, 5.295414454691777803E-17, 1.000000000000000000 ) ) ;
#5078 = ADVANCED_FACE ( 'NONE', ( #1341, #6326 ), #2986, .T. ) ;
#5079 = EDGE_CURVE ( 'NONE', #2167, #5922, #4688, .T. ) ;
#5080 = CARTESIAN_POINT ( 'NONE',  ( 29.69999999999999929, -67.25000000000000000, -116.8280647581438103 ) ) ;
#5081 = ADVANCED_FACE ( 'NONE', ( #6260, #2454 ), #3576, .T. ) ;
#5082 = DIRECTION ( 'NONE',  ( -1.000000000000000000, 0.000000000000000000, 0.000000000000000000 ) ) ;
#5083 = DIRECTION ( 'NONE',  ( 0.000000000000000000, 1.000000000000000000, 1.494163200669084626E-16 ) ) ;
#5084 = VERTEX_POINT ( 'NONE', #864 ) ;
#5085 = CARTESIAN_POINT ( 'NONE',  ( 59.39999999999999858, -38.02999999999998693, -10.24999999999998401 ) ) ;
#5086 = CARTESIAN_POINT ( 'NONE',  ( 0.000000000000000000, -11.00000000000000000, 15.74999999999999645 ) ) ;
#5087 =( BOUNDED_CURVE ( )  B_SPLINE_CURVE ( 3, ( #6317, #752, #4127, #5220 ),
 .UNSPECIFIED., .F., .F. ) 
 B_SPLINE_CURVE_WITH_KNOTS ( ( 4, 4 ),
 ( 2.409453388187860146, 2.998946713422956822 ),
 .UNSPECIFIED. ) 
 CURVE ( )  GEOMETRIC_REPRESENTATION_ITEM ( )  RATIONAL_B_SPLINE_CURVE ( ( 1.000000000000000000, 0.9712505112594211898, 0.9712505112594211898, 1.000000000000000000 ) ) 
 REPRESENTATION_ITEM ( '' )  );
#5088 = ORIENTED_EDGE ( 'NONE', *, *, #5034, .F. ) ;
#5089 = EDGE_CURVE ( 'NONE', #2641, #1501, #5165, .T. ) ;
#5090 = ADVANCED_FACE ( 'NONE', ( #4614 ), #1917, .T. ) ;
#5091 = EDGE_CURVE ( 'NONE', #10, #159, #2008, .T. ) ;
#5092 = DIRECTION ( 'NONE',  ( -1.000000000000000000, -0.000000000000000000, -0.000000000000000000 ) ) ;
#5093 = EDGE_CURVE ( 'NONE', #3856, #1168, #1898, .T. ) ;
#5094 = CARTESIAN_POINT ( 'NONE',  ( 40.07000000001264794, -73.25000000000000000, 26.00793539950937827 ) ) ;
#5095 = LINE ( 'NONE', #39, #6292 ) ;
#5096 = DIRECTION ( 'NONE',  ( -1.000000000000000000, 0.000000000000000000, 0.000000000000000000 ) ) ;
#5097 = CIRCLE ( 'NONE', #3793, 1.000000000000000888 ) ;
#5098 = DIRECTION ( 'NONE',  ( 0.000000000000000000, 0.000000000000000000, -1.000000000000000000 ) ) ;
#5099 = EDGE_CURVE ( 'NONE', #3771, #3259, #5624, .T. ) ;
#5100 = ORIENTED_EDGE ( 'NONE', *, *, #1504, .F. ) ;
#5101 = LINE ( 'NONE', #1201, #4697 ) ;
#5102 = VECTOR ( 'NONE', #1756, 1000.000000000000000 ) ;
#5103 = DIRECTION ( 'NONE',  ( 1.000000000000000000, -0.000000000000000000, -0.000000000000000000 ) ) ;
#5104 = CARTESIAN_POINT ( 'NONE',  ( -4.250000000000043521, -52.95499999999950802, 52.95500000000021856 ) ) ;
#5105 = CARTESIAN_POINT ( 'NONE',  ( 38.41413931812409999, -43.67851503175263161, -11.35998886195792323 ) ) ;
#5106 = EDGE_LOOP ( 'NONE', ( #5019, #5362 ) ) ;
#5107 = EDGE_CURVE ( 'NONE', #3248, #2896, #1844, .T. ) ;
#5108 = ORIENTED_EDGE ( 'NONE', *, *, #1626, .F. ) ;
#5109 = VERTEX_POINT ( 'NONE', #4099 ) ;
#5110 = FACE_OUTER_BOUND ( 'NONE', #2428, .T. ) ;
#5111 = ADVANCED_FACE ( 'NONE', ( #6294 ), #762, .F. ) ;
#5112 = CARTESIAN_POINT ( 'NONE',  ( 52.11007624102801827, -2.988862150900916781, -22.42686110218010143 ) ) ;
#5113 = ADVANCED_FACE ( 'NONE', ( #3022 ), #5263, .F. ) ;
#5114 = ORIENTED_EDGE ( 'NONE', *, *, #17, .F. ) ;
#5115 = LINE ( 'NONE', #6724, #1309 ) ;
#5116 = ORIENTED_EDGE ( 'NONE', *, *, #1128, .T. ) ;
#5117 = AXIS2_PLACEMENT_3D ( 'NONE', #1847, #286, #4108 ) ;
#5118 = LINE ( 'NONE', #3901, #3056 ) ;
#5119 = DIRECTION ( 'NONE',  ( 0.000000000000000000, 0.000000000000000000, 1.000000000000000000 ) ) ;
#5120 = AXIS2_PLACEMENT_3D ( 'NONE', #1263, #720, #178 ) ;
#5121 = CARTESIAN_POINT ( 'NONE',  ( 55.89999999999999858, 0.000000000000000000, 8.125000000000000000 ) ) ;
#5122 = ADVANCED_FACE ( 'NONE', ( #2391 ), #6360, .F. ) ;
#5123 = EDGE_LOOP ( 'NONE', ( #4278, #3859, #4919, #2471, #1542, #1251, #2557, #4954 ) ) ;
#5124 = LINE ( 'NONE', #5085, #1062 ) ;
#5125 = CARTESIAN_POINT ( 'NONE',  ( 29.69999999999999929, -6.206515393788428092, 28.00000000000002487 ) ) ;
#5126 = EDGE_CURVE ( 'NONE', #3928, #4968, #4576, .T. ) ;
#5127 = CYLINDRICAL_SURFACE ( 'NONE', #2200, 7.099999999999995204 ) ;
#5128 = CARTESIAN_POINT ( 'NONE',  ( 1.020000000025375719, -15.02982678560843688, 10.45948856101041180 ) ) ;
#5129 = LINE ( 'NONE', #2282, #618 ) ;
#5130 = CARTESIAN_POINT ( 'NONE',  ( 59.40000000000000568, -1.732050807568843220, -20.24999999999998934 ) ) ;
#5131 = FACE_OUTER_BOUND ( 'NONE', #2450, .T. ) ;
#5132 = EDGE_CURVE ( 'NONE', #4791, #5932, #141, .T. ) ;
#5133 = DIRECTION ( 'NONE',  ( 0.000000000000000000, -1.000000000000000000, -1.494163200669084626E-16 ) ) ;
#5134 = VERTEX_POINT ( 'NONE', #4026 ) ;
#5135 = CARTESIAN_POINT ( 'NONE',  ( 57.89999999999999858, 8.125000000000000000, 0.000000000000000000 ) ) ;
#5136 = PLANE ( 'NONE',  #374 ) ;
#5137 = ORIENTED_EDGE ( 'NONE', *, *, #4261, .F. ) ;
#5138 = CARTESIAN_POINT ( 'NONE',  ( 9.364778442467656561, -67.25000000000000000, 22.77902761317088220 ) ) ;
#5139 = DIRECTION ( 'NONE',  ( -0.000000000000000000, 1.000000000000000000, 4.127223139870470387E-16 ) ) ;
#5140 = EDGE_LOOP ( 'NONE', ( #3606, #5377, #2334, #5414 ) ) ;
#5141 = VECTOR ( 'NONE', #6376, 1000.000000000000000 ) ;
#5142 = DIRECTION ( 'NONE',  ( 0.000000000000000000, 0.000000000000000000, -1.000000000000000000 ) ) ;
#5143 = AXIS2_PLACEMENT_3D ( 'NONE', #2963, #4112, #1952 ) ;
#5144 = ORIENTED_EDGE ( 'NONE', *, *, #3728, .F. ) ;
#5145 = AXIS2_PLACEMENT_3D ( 'NONE', #6511, #1554, #1011 ) ;
#5146 = ORIENTED_EDGE ( 'NONE', *, *, #3188, .F. ) ;
#5147 = DIRECTION ( 'NONE',  ( 0.000000000000000000, -1.000000000000000000, 0.000000000000000000 ) ) ;
#5148 = AXIS2_PLACEMENT_3D ( 'NONE', #2748, #5553, #3907 ) ;
#5149 = CARTESIAN_POINT ( 'NONE',  ( 59.39999999999999858, 8.125000000000000000, 0.000000000000000000 ) ) ;
#5150 = AXIS2_PLACEMENT_3D ( 'NONE', #3953, #4945, #1237 ) ;
#5151 = EDGE_CURVE ( 'NONE', #4860, #447, #3476, .T. ) ;
#5152 = DIRECTION ( 'NONE',  ( -1.000000000000000000, -0.000000000000000000, -0.000000000000000000 ) ) ;
#5153 = AXIS2_PLACEMENT_3D ( 'NONE', #747, #6823, #5182 ) ;
#5154 = CARTESIAN_POINT ( 'NONE',  ( 8.796673770039673101, -7.924906812150295465, 1.095020454967461809 ) ) ;
#5155 = EDGE_CURVE ( 'NONE', #5472, #4895, #2480, .T. ) ;
#5156 = ORIENTED_EDGE ( 'NONE', *, *, #6370, .T. ) ;
#5157 = PLANE ( 'NONE',  #3028 ) ;
#5158 = AXIS2_PLACEMENT_3D ( 'NONE', #1656, #3871, #501 ) ;
#5159 = DIRECTION ( 'NONE',  ( 0.000000000000000000, 1.000000000000000000, -1.328017972039660961E-16 ) ) ;
#5160 = AXIS2_PLACEMENT_3D ( 'NONE', #2836, #5065, #3958 ) ;
#5161 = PLANE ( 'NONE',  #3745 ) ;
#5162 = EDGE_CURVE ( 'NONE', #4430, #1637, #5904, .T. ) ;
#5163 = DIRECTION ( 'NONE',  ( 0.000000000000000000, 0.000000000000000000, -1.000000000000000000 ) ) ;
#5164 = CARTESIAN_POINT ( 'NONE',  ( 36.07000000001264794, -23.25000000000000711, 24.10839105143924854 ) ) ;
#5165 = CIRCLE ( 'NONE', #5501, 17.24999999999999645 ) ;
#5166 = ORIENTED_EDGE ( 'NONE', *, *, #3234, .F. ) ;
#5167 = DIRECTION ( 'NONE',  ( 1.000000000000000000, 1.802143912355449343E-15, -2.887412898249062070E-16 ) ) ;
#5168 = LINE ( 'NONE', #6882, #590 ) ;
#5169 = DIRECTION ( 'NONE',  ( 0.000000000000000000, -3.934719212345380907E-16, 1.000000000000000000 ) ) ;
#5170 = ADVANCED_FACE ( 'NONE', ( #2665 ), #4783, .F. ) ;
#5171 = VECTOR ( 'NONE', #5715, 1000.000000000000000 ) ;
#5172 = CARTESIAN_POINT ( 'NONE',  ( 3.500000000000000000, -13.50000000000000000, 13.24999999999999822 ) ) ;
#5173 = CARTESIAN_POINT ( 'NONE',  ( 48.18473398121713558, -67.25000000000000000, -11.87653491542466710 ) ) ;
#5174 = CARTESIAN_POINT ( 'NONE',  ( 1.020000000025377274, -43.67851970164107200, 9.706483934671219060 ) ) ;
#5175 = AXIS2_PLACEMENT_3D ( 'NONE', #1095, #3184, #2642 ) ;
#5176 = ORIENTED_EDGE ( 'NONE', *, *, #5651, .F. ) ;
#5177 = DIRECTION ( 'NONE',  ( 1.000000000000000000, -0.000000000000000000, -0.000000000000000000 ) ) ;
#5178 = EDGE_CURVE ( 'NONE', #6106, #3919, #4300, .T. ) ;
#5179 = CARTESIAN_POINT ( 'NONE',  ( 50.28914515829260523, -67.24999999999998579, -26.52902590443861897 ) ) ;
#5180 = VERTEX_POINT ( 'NONE', #4236 ) ;
#5181 = ORIENTED_EDGE ( 'NONE', *, *, #348, .T. ) ;
#5182 = DIRECTION ( 'NONE',  ( 0.000000000000000000, -0.000000000000000000, 1.000000000000000000 ) ) ;
#5183 = LINE ( 'NONE', #4606, #5743 ) ;
#5184 = DIRECTION ( 'NONE',  ( -0.000000000000000000, 1.000000000000000000, 4.127223139870470387E-16 ) ) ;
#5185 = AXIS2_PLACEMENT_3D ( 'NONE', #161, #3900, #2812 ) ;
#5187 = ORIENTED_EDGE ( 'NONE', *, *, #5333, .F. ) ;
#5186 = CARTESIAN_POINT ( 'NONE',  ( 8.500000000000003553, -7.920503456220443717, -1.125000000000000444 ) ) ;
#5188 = ORIENTED_EDGE ( 'NONE', *, *, #6548, .F. ) ;
#5189 = CARTESIAN_POINT ( 'NONE',  ( 33.04306401259213999, -6.206515393788428980, 28.00000000000002842 ) ) ;
#5190 = ORIENTED_EDGE ( 'NONE', *, *, #1722, .T. ) ;
#5191 = ORIENTED_EDGE ( 'NONE', *, *, #2500, .F. ) ;
#5192 = ORIENTED_EDGE ( 'NONE', *, *, #5982, .F. ) ;
#5193 = CARTESIAN_POINT ( 'NONE',  ( 8.500000000000003553, -15.00000000000000000, 1.125000000000000444 ) ) ;
#5194 = DIRECTION ( 'NONE',  ( 0.000000000000000000, -1.000000000000000000, -0.000000000000000000 ) ) ;
#5195 = ORIENTED_EDGE ( 'NONE', *, *, #6206, .T. ) ;
#5196 = DIRECTION ( 'NONE',  ( 1.000000000000000000, -2.529146437248130062E-15, 2.920409892216848119E-16 ) ) ;
#5197 = DIRECTION ( 'NONE',  ( 2.744195329228846216E-15, 1.000000000000000000, 0.000000000000000000 ) ) ;
#5198 = VERTEX_POINT ( 'NONE', #898 ) ;
#5199 = EDGE_CURVE ( 'NONE', #112, #6446, #2630, .T. ) ;
#5200 = CARTESIAN_POINT ( 'NONE',  ( 3.500000000000003109, 7.119459916276560690E-15, -17.24999999999999645 ) ) ;
#5201 = LINE ( 'NONE', #1405, #7042 ) ;
#5202 = CARTESIAN_POINT ( 'NONE',  ( 1.020000000025417242, -31.89210119208733119, 9.442286694051299278 ) ) ;
#5203 = CARTESIAN_POINT ( 'NONE',  ( 8.500000000000003553, -15.00000000000000000, 1.125000000000000444 ) ) ;
#5204 = AXIS2_PLACEMENT_3D ( 'NONE', #248, #1403, #6262 ) ;
#5205 = ORIENTED_EDGE ( 'NONE', *, *, #2039, .F. ) ;
#5206 = CARTESIAN_POINT ( 'NONE',  ( -0.2500000000000557332, -88.21000000000016428, 1.742024500707357683E-14 ) ) ;
#5207 = EDGE_CURVE ( 'NONE', #4741, #2944, #6938, .T. ) ;
#5208 = DIRECTION ( 'NONE',  ( -0.000000000000000000, 1.000000000000000000, 4.127223139870470387E-16 ) ) ;
#5209 = ORIENTED_EDGE ( 'NONE', *, *, #5385, .F. ) ;
#5210 = VECTOR ( 'NONE', #5319, 1000.000000000000000 ) ;
#5211 = DIRECTION ( 'NONE',  ( 7.353719082945172033E-15, 0.000000000000000000, 1.000000000000000000 ) ) ;
#5212 = CARTESIAN_POINT ( 'NONE',  ( 3.500000000000000000, 0.000000000000000000, 0.000000000000000000 ) ) ;
#5213 = DIRECTION ( 'NONE',  ( 0.000000000000000000, 0.000000000000000000, 1.000000000000000000 ) ) ;
#5214 = EDGE_CURVE ( 'NONE', #5666, #3459, #4822, .T. ) ;
#5215 = ORIENTED_EDGE ( 'NONE', *, *, #5867, .F. ) ;
#5216 = DIRECTION ( 'NONE',  ( -1.000000000000000000, 0.000000000000000000, 0.000000000000000000 ) ) ;
#5217 = ORIENTED_EDGE ( 'NONE', *, *, #348, .F. ) ;
#5218 = CARTESIAN_POINT ( 'NONE',  ( 1.020000000025460762, -20.93691467762551639, 9.442286694052302920 ) ) ;
#5219 = LINE ( 'NONE', #3566, #6518 ) ;
#5220 = CARTESIAN_POINT ( 'NONE',  ( 9.110854841707393348, -5.357248103745007484, -26.52902590443853725 ) ) ;
#5221 = ORIENTED_EDGE ( 'NONE', *, *, #6943, .T. ) ;
#5222 = CARTESIAN_POINT ( 'NONE',  ( 11.21526601878286655, -67.25000000000000000, -11.87653491542466710 ) ) ;
#5223 = ORIENTED_EDGE ( 'NONE', *, *, #884, .F. ) ;
#5224 = ORIENTED_EDGE ( 'NONE', *, *, #4392, .T. ) ;
#5225 = DIRECTION ( 'NONE',  ( 0.000000000000000000, 0.000000000000000000, 1.000000000000000000 ) ) ;
#5226 = PLANE ( 'NONE',  #5382 ) ;
#5227 = AXIS2_PLACEMENT_3D ( 'NONE', #1444, #870, #184 ) ;
#5228 = ORIENTED_EDGE ( 'NONE', *, *, #986, .T. ) ;
#5229 = ORIENTED_EDGE ( 'NONE', *, *, #1866, .F. ) ;
#5230 = CARTESIAN_POINT ( 'NONE',  ( 59.39999999999999858, 0.000000000000000000, 0.000000000000000000 ) ) ;
#5231 = DIRECTION ( 'NONE',  ( 1.000000000000000000, 0.000000000000000000, 0.000000000000000000 ) ) ;
#5232 = ORIENTED_EDGE ( 'NONE', *, *, #2301, .F. ) ;
#5233 = DIRECTION ( 'NONE',  ( 0.000000000000000000, 0.000000000000000000, -1.000000000000000000 ) ) ;
#5234 = VECTOR ( 'NONE', #3909, 1000.000000000000000 ) ;
#5235 = CARTESIAN_POINT ( 'NONE',  ( -0.8000000000000000444, -38.88999999621514547, 10.79999999999530225 ) ) ;
#5236 = LINE ( 'NONE', #4723, #4004 ) ;
#5237 = DIRECTION ( 'NONE',  ( -1.000000000000000000, 3.478120569333522285E-15, 7.346553920761778045E-15 ) ) ;
#5238 = ORIENTED_EDGE ( 'NONE', *, *, #1208, .F. ) ;
#5239 = DIRECTION ( 'NONE',  ( -1.000000000000000000, 0.000000000000000000, -0.000000000000000000 ) ) ;
#5240 = CARTESIAN_POINT ( 'NONE',  ( 3.500000000000000000, -60.75000000000000711, -13.25000000000001954 ) ) ;
#5241 = ORIENTED_EDGE ( 'NONE', *, *, #535, .T. ) ;
#5242 = DIRECTION ( 'NONE',  ( 0.000000000000000000, 0.000000000000000000, -1.000000000000000000 ) ) ;
#5243 = DIRECTION ( 'NONE',  ( -1.000000000000000000, -0.000000000000000000, -0.000000000000000000 ) ) ;
#5244 = EDGE_CURVE ( 'NONE', #2484, #75, #1000, .T. ) ;
#5245 = FACE_OUTER_BOUND ( 'NONE', #5486, .T. ) ;
#5246 = EDGE_LOOP ( 'NONE', ( #3510, #2666, #5258, #6867 ) ) ;
#5247 = VERTEX_POINT ( 'NONE', #2589 ) ;
#5248 = CARTESIAN_POINT ( 'NONE',  ( 63.64999999999999858, -88.21000000000015007, -17.69999999999998863 ) ) ;
#5249 = CARTESIAN_POINT ( 'NONE',  ( -0.2500000000000995870, -72.03553390593276617, -20.24999999999998579 ) ) ;
#5250 = VECTOR ( 'NONE', #1851, 1000.000000000000000 ) ;
#5251 = EDGE_CURVE ( 'NONE', #3919, #2750, #6395, .T. ) ;
#5252 = DIRECTION ( 'NONE',  ( 0.7071067811865501263, -0.7071067811865449082, -0.000000000000000000 ) ) ;
#5253 = VECTOR ( 'NONE', #7060, 1000.000000000000000 ) ;
#5254 = LINE ( 'NONE', #273, #104 ) ;
#5255 = VERTEX_POINT ( 'NONE', #6494 ) ;
#5256 = CIRCLE ( 'NONE', #5148, 144.8280647581438529 ) ;
#5257 = LINE ( 'NONE', #3016, #1772 ) ;
#5258 = ORIENTED_EDGE ( 'NONE', *, *, #4351, .T. ) ;
#5259 = LINE ( 'NONE', #3058, #5577 ) ;
#5260 = VECTOR ( 'NONE', #4626, 1000.000000000000000 ) ;
#5261 = CARTESIAN_POINT ( 'NONE',  ( -0.8000000000000020428, -15.33122917649601469, -11.28249486240453336 ) ) ;
#5262 = CIRCLE ( 'NONE', #1425, 141.0803369579429614 ) ;
#5263 = CYLINDRICAL_SURFACE ( 'NONE', #2372, 11.05841992757138392 ) ;
#5264 = CARTESIAN_POINT ( 'NONE',  ( 39.64999999999984936, -19.75000000000000355, 24.90344073757374943 ) ) ;
#5265 = VECTOR ( 'NONE', #2120, 1000.000000000000114 ) ;
#5266 = DIRECTION ( 'NONE',  ( -2.887412898249061084E-16, 4.965444515013923475E-17, 1.000000000000000000 ) ) ;
#5267 = CIRCLE ( 'NONE', #1543, 2.250000000000000444 ) ;
#5268 = FACE_OUTER_BOUND ( 'NONE', #2251, .T. ) ;
#5269 = FACE_OUTER_BOUND ( 'NONE', #4154, .T. ) ;
#5270 = LINE ( 'NONE', #5203, #2112 ) ;
#5271 = VECTOR ( 'NONE', #5692, 1000.000000000000000 ) ;
#5272 = DIRECTION ( 'NONE',  ( 2.011273595335426847E-16, -0.000000000000000000, 1.000000000000000000 ) ) ;
#5273 = CARTESIAN_POINT ( 'NONE',  ( 63.65000000000001279, -85.66000000000012449, -20.24999999999998579 ) ) ;
#5274 = ORIENTED_EDGE ( 'NONE', *, *, #4354, .T. ) ;
#5275 = VECTOR ( 'NONE', #5252, 1000.000000000000000 ) ;
#5276 = AXIS2_PLACEMENT_3D ( 'NONE', #3785, #7117, #2155 ) ;
#5277 = CARTESIAN_POINT ( 'NONE',  ( 59.39999999999999858, 0.000000000000000000, -8.125000000000000000 ) ) ;
#5278 = FACE_BOUND ( 'NONE', #6895, .T. ) ;
#5279 = EDGE_CURVE ( 'NONE', #5613, #5541, #416, .T. ) ;
#5280 = DIRECTION ( 'NONE',  ( 1.000000000000000000, 0.000000000000000000, 0.000000000000000000 ) ) ;
#5281 = VERTEX_POINT ( 'NONE', #1440 ) ;
#5282 = EDGE_CURVE ( 'NONE', #4368, #5611, #5842, .T. ) ;
#5283 = VERTEX_POINT ( 'NONE', #3202 ) ;
#5284 = CARTESIAN_POINT ( 'NONE',  ( 40.64999999999984936, -4.418716070064991897, 24.90344073757374943 ) ) ;
#5285 = ORIENTED_EDGE ( 'NONE', *, *, #2301, .T. ) ;
#5286 = DIRECTION ( 'NONE',  ( 1.000000000000000000, 2.583947887447540056E-15, -2.920409892216848119E-16 ) ) ;
#5287 = AXIS2_PLACEMENT_3D ( 'NONE', #3363, #619, #1698 ) ;
#5288 = PLANE ( 'NONE',  #5058 ) ;
#5289 = DIRECTION ( 'NONE',  ( 0.000000000000000000, 0.000000000000000000, -1.000000000000000000 ) ) ;
#5290 = ORIENTED_EDGE ( 'NONE', *, *, #2369, .F. ) ;
#5291 = EDGE_CURVE ( 'NONE', #1742, #4394, #7040, .T. ) ;
#5292 = CARTESIAN_POINT ( 'NONE',  ( 29.69999999999999929, -67.25000000000000000, -116.8280647581438103 ) ) ;
#5293 = EDGE_CURVE ( 'NONE', #1716, #915, #6001, .T. ) ;
#5294 = CARTESIAN_POINT ( 'NONE',  ( 3.735903773857076615, -23.25000000000000711, -19.95473532107412851 ) ) ;
#5295 = CARTESIAN_POINT ( 'NONE',  ( -0.8000000000000020428, -16.14152881293917829, -11.81192963603168877 ) ) ;
#5296 = CARTESIAN_POINT ( 'NONE',  ( 59.40100000000001046, -32.25000000000000000, 10.75000000000000178 ) ) ;
#5297 = ORIENTED_EDGE ( 'NONE', *, *, #4886, .T. ) ;
#5298 = PLANE ( 'NONE',  #5204 ) ;
#5299 = EDGE_CURVE ( 'NONE', #4881, #1436, #3091, .T. ) ;
#5300 = CARTESIAN_POINT ( 'NONE',  ( 55.89999999999999858, 1.408343819019455781E-16, -6.975000000000000533 ) ) ;
#5301 = ADVANCED_FACE ( 'NONE', ( #5326 ), #7076, .F. ) ;
#5302 = VERTEX_POINT ( 'NONE', #5933 ) ;
#5303 = EDGE_CURVE ( 'NONE', #7062, #4305, #957, .T. ) ;
#5304 = DIRECTION ( 'NONE',  ( 0.000000000000000000, 0.000000000000000000, -1.000000000000000000 ) ) ;
#5305 = CARTESIAN_POINT ( 'NONE',  ( 0.5538469568685784328, -2.856367076954041018, -22.19737290235149985 ) ) ;
#5306 = CARTESIAN_POINT ( 'NONE',  ( 0.000000000000000000, -11.00000000000000000, 15.74999999999999645 ) ) ;
#5307 = DIRECTION ( 'NONE',  ( 0.000000000000000000, 0.000000000000000000, 1.000000000000000000 ) ) ;
#5308 = VERTEX_POINT ( 'NONE', #4343 ) ;
#5309 =( BOUNDED_CURVE ( )  B_SPLINE_CURVE ( 3, ( #3392, #5312, #6769, #1960 ),
 .UNSPECIFIED., .F., .F. ) 
 B_SPLINE_CURVE_WITH_KNOTS ( ( 4, 4 ),
 ( 3.378950558286466954, 3.746719568637987052 ),
 .UNSPECIFIED. ) 
 CURVE ( )  GEOMETRIC_REPRESENTATION_ITEM ( )  RATIONAL_B_SPLINE_CURVE ( ( 1.000000000000000000, 0.9887605536306219856, 0.9887605536306219856, 1.000000000000000000 ) ) 
 REPRESENTATION_ITEM ( '' )  );
#5310 = DIRECTION ( 'NONE',  ( 0.000000000000000000, 0.000000000000000000, -1.000000000000000000 ) ) ;
#5311 = CARTESIAN_POINT ( 'NONE',  ( 8.500000000000003553, 3.942635539838801328, 1.125000000000000444 ) ) ;
#5312 = CARTESIAN_POINT ( 'NONE',  ( -1.612274518247396315, -12.61227451824740875, -4.747649660777050862 ) ) ;
#5313 = ORIENTED_EDGE ( 'NONE', *, *, #1199, .F. ) ;
#5314 = ORIENTED_EDGE ( 'NONE', *, *, #5282, .F. ) ;
#5315 = VERTEX_POINT ( 'NONE', #4747 ) ;
#5316 = CARTESIAN_POINT ( 'NONE',  ( -2.000000000000000000, -16.89000000000251944, -10.25000000000471445 ) ) ;
#5317 = CARTESIAN_POINT ( 'NONE',  ( 50.28914515829260523, -5.357248103745028800, -26.52902590443859054 ) ) ;
#5318 = EDGE_CURVE ( 'NONE', #5776, #981, #1973, .T. ) ;
#5319 = DIRECTION ( 'NONE',  ( -0.000000000000000000, 1.000000000000000000, -0.000000000000000000 ) ) ;
#5320 = ORIENTED_EDGE ( 'NONE', *, *, #6114, .F. ) ;
#5321 = DIRECTION ( 'NONE',  ( -0.000000000000000000, 0.000000000000000000, 1.000000000000000000 ) ) ;
#5322 = ORIENTED_EDGE ( 'NONE', *, *, #4044, .F. ) ;
#5323 = CARTESIAN_POINT ( 'NONE',  ( 59.39999999999999858, -36.52999999999998693, 10.24999999999999112 ) ) ;
#5324 = CARTESIAN_POINT ( 'NONE',  ( 55.89999999999999858, 8.125000000000000000, 1.149999999999999911 ) ) ;
#5325 = EDGE_CURVE ( 'NONE', #7005, #409, #4927, .T. ) ;
#5326 = FACE_OUTER_BOUND ( 'NONE', #4085, .T. ) ;
#5327 = DIRECTION ( 'NONE',  ( -1.000000000000000000, -0.000000000000000000, -0.000000000000000000 ) ) ;
#5328 = ADVANCED_FACE ( 'NONE', ( #3318 ), #2856, .T. ) ;
#5329 = LINE ( 'NONE', #5874, #5035 ) ;
#5330 = FACE_BOUND ( 'NONE', #2152, .T. ) ;
#5331 = ORIENTED_EDGE ( 'NONE', *, *, #2709, .F. ) ;
#5332 = DIRECTION ( 'NONE',  ( 0.9962180042504266142, 0.000000000000000000, 0.08688894065010210888 ) ) ;
#5333 = EDGE_CURVE ( 'NONE', #3166, #3345, #5584, .T. ) ;
#5334 = CARTESIAN_POINT ( 'NONE',  ( 3.500000000000000000, -67.24999999999998579, -17.25000000000002487 ) ) ;
#5335 = CARTESIAN_POINT ( 'NONE',  ( 57.89999999999999858, -8.125000000000000000, 0.000000000000000000 ) ) ;
#5336 = VECTOR ( 'NONE', #3435, 1000.000000000000000 ) ;
#5337 = DIRECTION ( 'NONE',  ( 0.000000000000000000, 0.000000000000000000, -1.000000000000000000 ) ) ;
#5338 = ORIENTED_EDGE ( 'NONE', *, *, #5073, .F. ) ;
#5339 = CARTESIAN_POINT ( 'NONE',  ( 9.482960727442900861, 7.981068483238725975, -0.5667309940832774284 ) ) ;
#5340 = EDGE_CURVE ( 'NONE', #2706, #477, #2815, .T. ) ;
#5341 = DIRECTION ( 'NONE',  ( -1.000000000000000000, -0.000000000000000000, -0.000000000000000000 ) ) ;
#5342 = LINE ( 'NONE', #7141, #3729 ) ;
#5343 = CYLINDRICAL_SURFACE ( 'NONE', #4904, 11.05841992757138392 ) ;
#5344 = ORIENTED_EDGE ( 'NONE', *, *, #6216, .F. ) ;
#5345 = VERTEX_POINT ( 'NONE', #4931 ) ;
#5346 = DIRECTION ( 'NONE',  ( 0.000000000000000000, 0.000000000000000000, -1.000000000000000000 ) ) ;
#5347 = CARTESIAN_POINT ( 'NONE',  ( 58.07987271612044822, -3.253997156820731540, 22.88608840329827032 ) ) ;
#5348 = ORIENTED_EDGE ( 'NONE', *, *, #6881, .F. ) ;
#5349 = DIRECTION ( 'NONE',  ( 0.000000000000000000, -1.000000000000000000, 0.000000000000000000 ) ) ;
#5350 = DIRECTION ( 'NONE',  ( 0.000000000000000000, 0.000000000000000000, -1.000000000000000000 ) ) ;
#5351 = CARTESIAN_POINT ( 'NONE',  ( 55.66409622614292374, -67.24999999999998579, -19.95473532107414272 ) ) ;
#5352 = VECTOR ( 'NONE', #3468, 999.9999999999998863 ) ;
#5353 = CARTESIAN_POINT ( 'NONE',  ( 38.41413931812409999, -20.93691467762551639, -8.242286694061697006 ) ) ;
#5354 = ADVANCED_FACE ( 'NONE', ( #1689 ), #645, .T. ) ;
#5355 = EDGE_LOOP ( 'NONE', ( #3378, #2356, #1897, #848 ) ) ;
#5356 = AXIS2_PLACEMENT_3D ( 'NONE', #571, #5000, #25 ) ;
#5357 = ORIENTED_EDGE ( 'NONE', *, *, #4858, .F. ) ;
#5358 = DIRECTION ( 'NONE',  ( 0.000000000000000000, 0.000000000000000000, 1.000000000000000000 ) ) ;
#5359 = ORIENTED_EDGE ( 'NONE', *, *, #3423, .F. ) ;
#5360 = FACE_OUTER_BOUND ( 'NONE', #640, .T. ) ;
#5361 = VECTOR ( 'NONE', #4177, 1000.000000000000000 ) ;
#5362 = ORIENTED_EDGE ( 'NONE', *, *, #6639, .F. ) ;
#5363 = DIRECTION ( 'NONE',  ( 0.000000000000000000, 0.000000000000000000, 1.000000000000000000 ) ) ;
#5364 = ADVANCED_FACE ( 'NONE', ( #4527 ), #1610, .F. ) ;
#5365 = VECTOR ( 'NONE', #95, 1000.000000000000000 ) ;
#5366 = DIRECTION ( 'NONE',  ( -0.000000000000000000, 1.000000000000000000, 4.127223139870470387E-16 ) ) ;
#5367 = DIRECTION ( 'NONE',  ( 1.000000000000000000, 0.000000000000000000, 0.000000000000000000 ) ) ;
#5368 = AXIS2_PLACEMENT_3D ( 'NONE', #43, #6623, #5098 ) ;
#5369 = ORIENTED_EDGE ( 'NONE', *, *, #6209, .T. ) ;
#5370 = CARTESIAN_POINT ( 'NONE',  ( -2.250000000000000444, -49.63999999999779789, -4.249999999994892974 ) ) ;
#5371 = AXIS2_PLACEMENT_3D ( 'NONE', #50, #1785, #668 ) ;
#5372 = DIRECTION ( 'NONE',  ( 1.000000000000000000, -0.000000000000000000, -0.000000000000000000 ) ) ;
#5373 = VERTEX_POINT ( 'NONE', #5547 ) ;
#5374 = EDGE_CURVE ( 'NONE', #3927, #6354, #1071, .T. ) ;
#5375 = PLANE ( 'NONE',  #6991 ) ;
#5376 = CIRCLE ( 'NONE', #3404, 2.500000000000002220 ) ;
#5377 = ORIENTED_EDGE ( 'NONE', *, *, #5717, .T. ) ;
#5378 = DIRECTION ( 'NONE',  ( -0.000000000000000000, 1.000000000000000000, -0.000000000000000000 ) ) ;
#5379 = DIRECTION ( 'NONE',  ( -1.000000000000000000, -0.000000000000000000, -0.000000000000000000 ) ) ;
#5380 = EDGE_LOOP ( 'NONE', ( #3270, #5595 ) ) ;
#5381 = CIRCLE ( 'NONE', #3162, 141.0803369579429614 ) ;
#5382 = AXIS2_PLACEMENT_3D ( 'NONE', #2985, #1369, #4134 ) ;
#5383 = VERTEX_POINT ( 'NONE', #1725 ) ;
#5384 = ORIENTED_EDGE ( 'NONE', *, *, #592, .F. ) ;
#5385 = EDGE_CURVE ( 'NONE', #602, #7012, #5625, .T. ) ;
#5386 = ORIENTED_EDGE ( 'NONE', *, *, #1942, .F. ) ;
#5387 = LINE ( 'NONE', #4254, #4483 ) ;
#5388 = AXIS2_PLACEMENT_3D ( 'NONE', #6677, #6408, #6369 ) ;
#5389 = DIRECTION ( 'NONE',  ( 1.000000000000000000, 2.583947887447540056E-15, -2.920409892216848119E-16 ) ) ;
#5390 = ORIENTED_EDGE ( 'NONE', *, *, #4355, .F. ) ;
#5391 = CARTESIAN_POINT ( 'NONE',  ( 55.89999999999999858, 8.125000000000000000, 1.149999999999999911 ) ) ;
#5392 = VECTOR ( 'NONE', #711, 1000.000000000000000 ) ;
#5393 = CARTESIAN_POINT ( 'NONE',  ( 55.89999999999999858, -19.75000000000000355, -17.25000000000000000 ) ) ;
#5394 = B_SPLINE_CURVE_WITH_KNOTS ( 'NONE', 3,
 ( #5186, #2412, #4608, #6353, #2980, #4160, #1395, #5820, #3053, #303, #4564, #6215, #1257, #3466, #5684, #5154, #2582, #6998 ),
 .UNSPECIFIED., .F., .F.,
 ( 4, 2, 2, 2, 2, 2, 2, 2, 4 ),
 ( 0.003521624184111891639, 0.003961720144132463949, 0.004401816104153036258, 0.004841912064173609434, 0.005282008024194181743, 0.005722103984214754052, 0.006162199944235327229, 0.006602295904255900405, 0.007042391864276473581 ),
 .UNSPECIFIED. ) ;
#5395 = LINE ( 'NONE', #5324, #4588 ) ;
#5396 = CARTESIAN_POINT ( 'NONE',  ( 59.39999999999999858, -43.02999999999998693, -10.24999999999998401 ) ) ;
#5397 = VERTEX_POINT ( 'NONE', #29 ) ;
#5398 = PRODUCT_DEFINITION_SHAPE ( 'NONE', 'NONE',  #4699 ) ;
#5399 = ORIENTED_EDGE ( 'NONE', *, *, #6787, .F. ) ;
#5400 = CARTESIAN_POINT ( 'NONE',  ( 55.89999999999999858, -61.24999999999998579, 10.24999999999998757 ) ) ;
#5401 = AXIS2_PLACEMENT_3D ( 'NONE', #582, #1807, #5690 ) ;
#5402 = ORIENTED_EDGE ( 'NONE', *, *, #6288, .F. ) ;
#5403 = LINE ( 'NONE', #1443, #4102 ) ;
#5404 = VERTEX_POINT ( 'NONE', #2307 ) ;
#5405 = CARTESIAN_POINT ( 'NONE',  ( 34.51999872291127502, -23.25000000000000355, -12.55999904183487637 ) ) ;
#5406 = DIRECTION ( 'NONE',  ( -0.000000000000000000, 1.000000000000000000, 4.127223139870470387E-16 ) ) ;
#5407 = LINE ( 'NONE', #6010, #4330 ) ;
#5408 = ORIENTED_EDGE ( 'NONE', *, *, #4545, .F. ) ;
#5409 = DIRECTION ( 'NONE',  ( 0.000000000000000000, 0.000000000000000000, 1.000000000000000000 ) ) ;
#5410 = EDGE_CURVE ( 'NONE', #5578, #3396, #7119, .T. ) ;
#5411 = CIRCLE ( 'NONE', #2617, 2.250000000000000444 ) ;
#5412 = VERTEX_POINT ( 'NONE', #4965 ) ;
#5413 = CARTESIAN_POINT ( 'NONE',  ( 40.07000000001264794, -73.25000000000000000, 0.000000000000000000 ) ) ;
#5414 = ORIENTED_EDGE ( 'NONE', *, *, #6993, .F. ) ;
#5415 = DIRECTION ( 'NONE',  ( -1.000000000000000000, -0.000000000000000000, -0.000000000000000000 ) ) ;
#5416 = VERTEX_POINT ( 'NONE', #65 ) ;
#5417 = DIRECTION ( 'NONE',  ( 1.000000000000000000, -0.000000000000000000, -0.000000000000000000 ) ) ;
#5418 = DIRECTION ( 'NONE',  ( -0.000000000000000000, 1.000000000000000000, 4.127223139870470387E-16 ) ) ;
#5419 = EDGE_CURVE ( 'NONE', #2291, #4557, #5510, .T. ) ;
#5420 = CARTESIAN_POINT ( 'NONE',  ( 7.375100848524052566, 7.999985818179483843, -0.1494836668370804200 ) ) ;
#5421 = ORIENTED_EDGE ( 'NONE', *, *, #4306, .F. ) ;
#5422 = ORIENTED_EDGE ( 'NONE', *, *, #708, .T. ) ;
#5423 = ORIENTED_EDGE ( 'NONE', *, *, #3875, .F. ) ;
#5424 = DIRECTION ( 'NONE',  ( 0.07531914298566376453, -0.4985797395351830863, 0.8635654404994066446 ) ) ;
#5425 = EDGE_LOOP ( 'NONE', ( #1664, #2338, #1268, #5674, #699, #1245, #5421, #4222, #2906, #6519, #6680, #4486, #6595, #6933, #3209, #5811, #2413, #4711, #392, #4708, #5549, #6554, #4490, #4837, #110, #2585, #3407 ) ) ;
#5426 = EDGE_CURVE ( 'NONE', #6533, #1501, #2193, .T. ) ;
#5427 = CARTESIAN_POINT ( 'NONE',  ( 29.69999999999999929, -67.25000000000000000, -116.8280647581438103 ) ) ;
#5428 = EDGE_LOOP ( 'NONE', ( #5678, #4634 ) ) ;
#5429 = DIRECTION ( 'NONE',  ( -1.000000000000000000, -0.000000000000000000, -0.000000000000000000 ) ) ;
#5430 = ORIENTED_EDGE ( 'NONE', *, *, #4304, .F. ) ;
#5431 = VERTEX_POINT ( 'NONE', #6728 ) ;
#5432 = DIRECTION ( 'NONE',  ( 0.000000000000000000, 1.000000000000000000, 0.000000000000000000 ) ) ;
#5433 = VECTOR ( 'NONE', #2622, 1000.000000000000000 ) ;
#5434 = DIRECTION ( 'NONE',  ( 0.000000000000000000, 1.000000000000000000, 0.000000000000000000 ) ) ;
#5435 = EDGE_CURVE ( 'NONE', #6983, #4412, #1179, .T. ) ;
#5436 = CARTESIAN_POINT ( 'NONE',  ( 38.41413931812409999, -43.17848579441921686, 11.86000115123032828 ) ) ;
#5437 = VERTEX_POINT ( 'NONE', #5003 ) ;
#5438 = CARTESIAN_POINT ( 'NONE',  ( 38.41413931812409999, -31.89210119208746264, 9.442286694051299278 ) ) ;
#5440 = ORIENTED_EDGE ( 'NONE', *, *, #2722, .T. ) ;
#5439 = CARTESIAN_POINT ( 'NONE',  ( 1.020000000025236719, -41.34000000000252584, -10.25000000000473399 ) ) ;
#5441 = DIRECTION ( 'NONE',  ( 0.000000000000000000, 0.000000000000000000, -1.000000000000000000 ) ) ;
#5442 = CARTESIAN_POINT ( 'NONE',  ( 1.020000000025375719, -15.06994931240793179, -10.75478182293883123 ) ) ;
#5443 = DIRECTION ( 'NONE',  ( 1.000000000000000000, -0.000000000000000000, -0.000000000000000000 ) ) ;
#5444 = CYLINDRICAL_SURFACE ( 'NONE', #1433, 1.149999999999999911 ) ;
#5445 = EDGE_LOOP ( 'NONE', ( #3304, #2258, #2012, #5285 ) ) ;
#5446 = CYLINDRICAL_SURFACE ( 'NONE', #6052, 1.149999999999999911 ) ;
#5447 = ORIENTED_EDGE ( 'NONE', *, *, #3586, .F. ) ;
#5448 = DIRECTION ( 'NONE',  ( 0.08688894065010092926, 0.000000000000000000, -0.9962180042504267252 ) ) ;
#5449 = EDGE_CURVE ( 'NONE', #5821, #3402, #2230, .T. ) ;
#5450 = CARTESIAN_POINT ( 'NONE',  ( -3.000000000000000000, -49.63999999999779789, 5.107025913275720086E-12 ) ) ;
#5451 = AXIS2_PLACEMENT_3D ( 'NONE', #3830, #1151, #33 ) ;
#5452 = DIRECTION ( 'NONE',  ( 0.000000000000000000, 1.000000000000000000, -1.468548974371899981E-16 ) ) ;
#5453 = DIRECTION ( 'NONE',  ( 0.000000000000000000, 0.000000000000000000, -1.000000000000000000 ) ) ;
#5454 = ORIENTED_EDGE ( 'NONE', *, *, #776, .F. ) ;
#5455 = ORIENTED_EDGE ( 'NONE', *, *, #4509, .F. ) ;
#5456 = ADVANCED_FACE ( 'NONE', ( #6185 ), #3236, .T. ) ;
#5457 = DIRECTION ( 'NONE',  ( 2.887412898249061084E-16, 4.965444515013921010E-17, 1.000000000000000000 ) ) ;
#5458 = EDGE_CURVE ( 'NONE', #275, #857, #6112, .T. ) ;
#5459 = ORIENTED_EDGE ( 'NONE', *, *, #140, .T. ) ;
#5460 = DIRECTION ( 'NONE',  ( -1.000000000000000000, -2.529146437248129668E-15, 2.920409892216848119E-16 ) ) ;
#5461 = ORIENTED_EDGE ( 'NONE', *, *, #3406, .T. ) ;
#5462 = LINE ( 'NONE', #1607, #5025 ) ;
#5463 = DIRECTION ( 'NONE',  ( -0.000000000000000000, 1.000000000000000000, -0.000000000000000000 ) ) ;
#5464 = EDGE_CURVE ( 'NONE', #5883, #5050, #5733, .T. ) ;
#5465 = DIRECTION ( 'NONE',  ( 0.000000000000000000, 0.000000000000000000, 1.000000000000000000 ) ) ;
#5466 = EDGE_CURVE ( 'NONE', #2205, #1602, #5652, .T. ) ;
#5467 = DIRECTION ( 'NONE',  ( -0.000000000000000000, 1.000000000000000000, -0.000000000000000000 ) ) ;
#5468 = ADVANCED_FACE ( 'NONE', ( #712 ), #1289, .F. ) ;
#5469 = ORIENTED_EDGE ( 'NONE', *, *, #1115, .F. ) ;
#5470 = PLANE ( 'NONE',  #4623 ) ;
#5471 = CARTESIAN_POINT ( 'NONE',  ( -4.249999999999962697, -105.9100000000001671, 1.800432698551693284E-14 ) ) ;
#5472 = VERTEX_POINT ( 'NONE', #4705 ) ;
#5473 = FACE_BOUND ( 'NONE', #5529, .T. ) ;
#5474 = DIRECTION ( 'NONE',  ( -1.000000000000000000, -0.000000000000000000, -0.000000000000000000 ) ) ;
#5475 = AXIS2_PLACEMENT_3D ( 'NONE', #3525, #6849, #5142 ) ;
#5476 = DIRECTION ( 'NONE',  ( 0.000000000000000000, 0.9999999999991975308, -1.266880634428716140E-06 ) ) ;
#5477 = CARTESIAN_POINT ( 'NONE',  ( 7.933036166611768358, 3.980913556091113303, -0.9827063410598817494 ) ) ;
#5478 = VECTOR ( 'NONE', #7014, 1000.000000000000000 ) ;
#5479 = LINE ( 'NONE', #3759, #3734 ) ;
#5480 = VERTEX_POINT ( 'NONE', #6799 ) ;
#5481 = DIRECTION ( 'NONE',  ( 0.000000000000000000, -0.9999999999999916733, -1.290356640211203334E-07 ) ) ;
#5482 = VECTOR ( 'NONE', #5983, 1000.000000000000114 ) ;
#5483 = ORIENTED_EDGE ( 'NONE', *, *, #6997, .F. ) ;
#5484 = CARTESIAN_POINT ( 'NONE',  ( 57.39999999999999858, -56.24999999999998579, -16.74999999999998934 ) ) ;
#5485 = AXIS2_PLACEMENT_3D ( 'NONE', #1614, #1039, #3322 ) ;
#5486 = EDGE_LOOP ( 'NONE', ( #581, #629, #5791, #5390 ) ) ;
#5487 = ORIENTED_EDGE ( 'NONE', *, *, #693, .T. ) ;
#5488 = DIRECTION ( 'NONE',  ( 0.000000000000000000, 0.000000000000000000, 1.000000000000000000 ) ) ;
#5489 = AXIS2_PLACEMENT_3D ( 'NONE', #4788, #2595, #4267 ) ;
#5490 = FACE_OUTER_BOUND ( 'NONE', #4905, .T. ) ;
#5491 = CIRCLE ( 'NONE', #2000, 11.05841992757136616 ) ;
#5492 = DIRECTION ( 'NONE',  ( -1.000000000000000000, 0.000000000000000000, 0.000000000000000000 ) ) ;
#5493 = CARTESIAN_POINT ( 'NONE',  ( 63.64999999999999858, -88.21000000000016428, 1.858840896396029832E-14 ) ) ;
#5494 = AXIS2_PLACEMENT_3D ( 'NONE', #1846, #4138, #2422 ) ;
#5495 = EDGE_LOOP ( 'NONE', ( #3176, #4375, #4648, #147 ) ) ;
#5496 = VECTOR ( 'NONE', #4512, 1000.000000000000000 ) ;
#5497 = VERTEX_POINT ( 'NONE', #1836 ) ;
#5498 = CIRCLE ( 'NONE', #2113, 4.250000000000000000 ) ;
#5499 = EDGE_CURVE ( 'NONE', #3345, #883, #3291, .T. ) ;
#5500 = CARTESIAN_POINT ( 'NONE',  ( 29.69999999999999929, -67.25000000000000000, -116.8280647581438103 ) ) ;
#5501 = AXIS2_PLACEMENT_3D ( 'NONE', #5230, #4136, #5163 ) ;
#5502 = DIRECTION ( 'NONE',  ( 1.000000000000000000, -0.000000000000000000, -0.000000000000000000 ) ) ;
#5503 = ORIENTED_EDGE ( 'NONE', *, *, #4625, .T. ) ;
#5504 = DIRECTION ( 'NONE',  ( -1.000000000000000000, -2.529146437248129668E-15, 2.920409892216848119E-16 ) ) ;
#5505 = EDGE_LOOP ( 'NONE', ( #1974, #3351, #3217, #2565, #5708, #2285, #1299, #3105, #6644, #2067, #2238, #796, #3650, #3486, #6710, #6670, #1162, #4771, #3478, #1520, #730, #4715 ) ) ;
#5506 = DIRECTION ( 'NONE',  ( 0.000000000000000000, 0.000000000000000000, 1.000000000000000000 ) ) ;
#5507 = VECTOR ( 'NONE', #2115, 1000.000000000000000 ) ;
#5508 = AXIS2_PLACEMENT_3D ( 'NONE', #4676, #5194, #310 ) ;
#5509 = LINE ( 'NONE', #5623, #5635 ) ;
#5510 = LINE ( 'NONE', #6607, #2250 ) ;
#5511 = ORIENTED_EDGE ( 'NONE', *, *, #142, .F. ) ;
#5512 = CARTESIAN_POINT ( 'NONE',  ( -4.250000000000154543, -7.661306256064689007E-15, 1.228800331454285302E-15 ) ) ;
#5513 = ADVANCED_FACE ( 'NONE', ( #2341 ), #5682, .F. ) ;
#5514 = EDGE_LOOP ( 'NONE', ( #4183, #4902, #5072, #4462 ) ) ;
#5515 = CARTESIAN_POINT ( 'NONE',  ( 38.41413931812409999, -32.11500000000251731, 10.79999999999530225 ) ) ;
#5516 = AXIS2_PLACEMENT_3D ( 'NONE', #6163, #3411, #5169 ) ;
#5517 = LINE ( 'NONE', #578, #6398 ) ;
#5518 = DIRECTION ( 'NONE',  ( 0.000000000000000000, 0.000000000000000000, -1.000000000000000000 ) ) ;
#5519 = EDGE_LOOP ( 'NONE', ( #7146, #2137, #2604, #3550 ) ) ;
#5520 = DIRECTION ( 'NONE',  ( -0.000000000000000000, -1.000000000000000000, -4.127223139870470387E-16 ) ) ;
#5521 = DIRECTION ( 'NONE',  ( 0.000000000000000000, 9.938261105567462796E-17, 1.000000000000000000 ) ) ;
#5522 = AXIS2_PLACEMENT_3D ( 'NONE', #2443, #5286, #4081 ) ;
#5523 = DIRECTION ( 'NONE',  ( 0.000000000000000000, -1.000000000000000000, 0.000000000000000000 ) ) ;
#5524 = VERTEX_POINT ( 'NONE', #172 ) ;
#5525 = CARTESIAN_POINT ( 'NONE',  ( -2.250000000000000444, -49.63999999999779789, 5.000000000005107026 ) ) ;
#5526 = EDGE_CURVE ( 'NONE', #88, #5134, #1362, .T. ) ;
#5527 = EDGE_CURVE ( 'NONE', #981, #1436, #751, .T. ) ;
#5528 = ORIENTED_EDGE ( 'NONE', *, *, #4013, .T. ) ;
#5529 = EDGE_LOOP ( 'NONE', ( #1317, #466 ) ) ;
#5530 = LINE ( 'NONE', #4434, #3149 ) ;
#5531 = EDGE_LOOP ( 'NONE', ( #3849, #894, #4628, #3324 ) ) ;
#5532 = FACE_BOUND ( 'NONE', #195, .T. ) ;
#5533 = CARTESIAN_POINT ( 'NONE',  ( 58.07987271612044822, -3.253997156820717773, -22.88608840329827032 ) ) ;
#5534 = CIRCLE ( 'NONE', #1678, 8.000000000000000000 ) ;
#5535 = DIRECTION ( 'NONE',  ( 0.000000000000000000, 0.000000000000000000, -1.000000000000000000 ) ) ;
#5536 = CARTESIAN_POINT ( 'NONE',  ( -2.000000000000000000, -13.00000000000001421, 13.74999999999998046 ) ) ;
#5537 = EDGE_LOOP ( 'NONE', ( #4551, #4731, #2905, #3173, #997, #1655, #6723, #2144, #607 ) ) ;
#5538 = ORIENTED_EDGE ( 'NONE', *, *, #3949, .F. ) ;
#5539 = CARTESIAN_POINT ( 'NONE',  ( 7.931873365726368696, -3.981061454764307062, 0.9821264797041430183 ) ) ;
#5540 = CARTESIAN_POINT ( 'NONE',  ( 55.89999999999999858, -56.24999999999998579, 10.24999999999998757 ) ) ;
#5541 = VERTEX_POINT ( 'NONE', #784 ) ;
#5542 = DIRECTION ( 'NONE',  ( 0.000000000000000000, 0.000000000000000000, 1.000000000000000000 ) ) ;
#5543 = CYLINDRICAL_SURFACE ( 'NONE', #2394, 7.099999999999995204 ) ;
#5544 =( BOUNDED_CURVE ( )  B_SPLINE_CURVE ( 3, ( #4593, #1819, #1954, #835 ),
 .UNSPECIFIED., .F., .T. ) 
 B_SPLINE_CURVE_WITH_KNOTS ( ( 4, 4 ),
 ( 3.309721050690138444, 3.873071556214109812 ),
 .UNSPECIFIED. ) 
 CURVE ( )  GEOMETRIC_REPRESENTATION_ITEM ( )  RATIONAL_B_SPLINE_CURVE ( ( 1.000000000000000000, 0.9737274162510587416, 0.9737274162510587416, 1.000000000000000000 ) ) 
 REPRESENTATION_ITEM ( '' )  );
#5545 = CARTESIAN_POINT ( 'NONE',  ( -0.8000000000000020428, -16.43046926659601681, -11.86016531324574963 ) ) ;
#5546 = VECTOR ( 'NONE', #5327, 1000.000000000000000 ) ;
#5547 = CARTESIAN_POINT ( 'NONE',  ( -0.8000000000000000444, -60.75000000000000711, 13.25000000000000355 ) ) ;
#5548 = DIRECTION ( 'NONE',  ( 1.000000000000000000, -0.000000000000000000, -0.000000000000000000 ) ) ;
#5549 = ORIENTED_EDGE ( 'NONE', *, *, #5132, .F. ) ;
#5551 = VERTEX_POINT ( 'NONE', #2384 ) ;
#5550 = DIRECTION ( 'NONE',  ( 1.000000000000000000, 0.000000000000000000, 0.000000000000000000 ) ) ;
#5552 = ORIENTED_EDGE ( 'NONE', *, *, #6024, .F. ) ;
#5553 = DIRECTION ( 'NONE',  ( -0.000000000000000000, -1.000000000000000000, -0.000000000000000000 ) ) ;
#5554 = VECTOR ( 'NONE', #4997, 1000.000000000000000 ) ;
#5555 = CARTESIAN_POINT ( 'NONE',  ( 40.19732515384285421, -3.817760736780918318, 23.86255556724624682 ) ) ;
#5556 = VERTEX_POINT ( 'NONE', #6827 ) ;
#5557 = ORIENTED_EDGE ( 'NONE', *, *, #4351, .F. ) ;
#5558 = CARTESIAN_POINT ( 'NONE',  ( -0.8000000000000020428, -16.33184324812957300, 11.86018697004518963 ) ) ;
#5559 = EDGE_CURVE ( 'NONE', #3259, #1366, #2948, .T. ) ;
#5560 = CARTESIAN_POINT ( 'NONE',  ( 8.649398869314643079, -3.942635539838802217, 1.125000000000000444 ) ) ;
#5561 = CARTESIAN_POINT ( 'NONE',  ( 40.07000000001264794, -67.25000000000000000, 23.87063664370445082 ) ) ;
#5562 = CYLINDRICAL_SURFACE ( 'NONE', #4574, 11.39100661779977841 ) ;
#5563 = ORIENTED_EDGE ( 'NONE', *, *, #5099, .F. ) ;
#5564 = DIRECTION ( 'NONE',  ( 0.000000000000000000, -0.5298129428263885776, 0.8481145238784923990 ) ) ;
#5565 = ORIENTED_EDGE ( 'NONE', *, *, #1173, .T. ) ;
#5566 = DIRECTION ( 'NONE',  ( -0.000000000000000000, 1.000000000000000000, 4.127223139870470387E-16 ) ) ;
#5567 = EDGE_CURVE ( 'NONE', #1628, #6717, #5219, .T. ) ;
#5568 = FACE_OUTER_BOUND ( 'NONE', #1755, .T. ) ;
#5569 = CARTESIAN_POINT ( 'NONE',  ( 1.020000000025320208, -20.93691467762538849, -9.442286694061698071 ) ) ;
#5570 = ORIENTED_EDGE ( 'NONE', *, *, #5897, .T. ) ;
#5571 = ORIENTED_EDGE ( 'NONE', *, *, #650, .T. ) ;
#5572 = ORIENTED_EDGE ( 'NONE', *, *, #214, .F. ) ;
#5573 = ORIENTED_EDGE ( 'NONE', *, *, #2179, .T. ) ;
#5574 = CARTESIAN_POINT ( 'NONE',  ( 8.203992842802488639, -3.951417805187293908, 1.095317331915726333 ) ) ;
#5575 = EDGE_CURVE ( 'NONE', #1464, #6119, #199, .T. ) ;
#5576 = FACE_OUTER_BOUND ( 'NONE', #4091, .T. ) ;
#5577 = VECTOR ( 'NONE', #2953, 1000.000000000000000 ) ;
#5578 = VERTEX_POINT ( 'NONE', #4667 ) ;
#5579 = ORIENTED_EDGE ( 'NONE', *, *, #4496, .F. ) ;
#5580 = CARTESIAN_POINT ( 'NONE',  ( -0.8000000000000020428, -15.33696824735187469, 11.27418124505110164 ) ) ;
#5581 = CARTESIAN_POINT ( 'NONE',  ( 3.500000000000000000, 0.000000000000000000, 0.000000000000000000 ) ) ;
#5582 = PLANE ( 'NONE',  #3640 ) ;
#5583 = CIRCLE ( 'NONE', #2437, 141.0803369579429614 ) ;
#5584 = LINE ( 'NONE', #2744, #2718 ) ;
#5585 = CARTESIAN_POINT ( 'NONE',  ( 29.69999999999999929, -19.75000000000000355, 116.8280647581437819 ) ) ;
#5586 = ORIENTED_EDGE ( 'NONE', *, *, #1459, .F. ) ;
#5587 = CARTESIAN_POINT ( 'NONE',  ( 57.89999999999999858, 0.000000000000000000, 8.125000000000000000 ) ) ;
#5588 = DIRECTION ( 'NONE',  ( 0.000000000000000000, 0.000000000000000000, -1.000000000000000000 ) ) ;
#5589 = VERTEX_POINT ( 'NONE', #3464 ) ;
#5590 = LINE ( 'NONE', #1184, #1963 ) ;
#5591 = ORIENTED_EDGE ( 'NONE', *, *, #976, .F. ) ;
#5592 = CARTESIAN_POINT ( 'NONE',  ( -0.8000000000000020428, -15.02982678560843688, 10.45948856101041180 ) ) ;
#5593 = EDGE_CURVE ( 'NONE', #919, #5556, #4637, .T. ) ;
#5594 = DIRECTION ( 'NONE',  ( -2.920409892216847133E-16, -5.295414454691784582E-17, -1.000000000000000000 ) ) ;
#5595 = ORIENTED_EDGE ( 'NONE', *, *, #1874, .F. ) ;
#5596 = LINE ( 'NONE', #4, #2938 ) ;
#5597 = DIRECTION ( 'NONE',  ( 0.000000000000000000, 0.000000000000000000, -1.000000000000000000 ) ) ;
#5598 = EDGE_LOOP ( 'NONE', ( #737, #2536, #5702, #5974 ) ) ;
#5599 = EDGE_CURVE ( 'NONE', #5, #5721, #233, .T. ) ;
#5600 = CARTESIAN_POINT ( 'NONE',  ( 38.41413931812409999, -32.11500000000251731, 9.303042912640844264 ) ) ;
#5601 = VERTEX_POINT ( 'NONE', #1935 ) ;
#5602 = DIRECTION ( 'NONE',  ( 0.000000000000000000, 0.000000000000000000, 1.000000000000000000 ) ) ;
#5603 = DIRECTION ( 'NONE',  ( 0.000000000000000000, 9.938261105567462796E-17, 1.000000000000000000 ) ) ;
#5604 = AXIS2_PLACEMENT_3D ( 'NONE', #2203, #1453, #4427 ) ;
#5605 = LINE ( 'NONE', #6098, #2839 ) ;
#5606 = EDGE_CURVE ( 'NONE', #88, #5524, #6282, .T. ) ;
#5607 = CARTESIAN_POINT ( 'NONE',  ( 38.41413931812409999, -38.88999999621514547, 10.79999999999530225 ) ) ;
#5608 = EDGE_CURVE ( 'NONE', #3157, #2851, #6190, .T. ) ;
#5609 = ORIENTED_EDGE ( 'NONE', *, *, #1791, .F. ) ;
#5610 = ORIENTED_EDGE ( 'NONE', *, *, #5527, .T. ) ;
#5611 = VERTEX_POINT ( 'NONE', #1330 ) ;
#5612 = AXIS2_PLACEMENT_3D ( 'NONE', #5887, #4807, #4951 ) ;
#5613 = VERTEX_POINT ( 'NONE', #3531 ) ;
#5614 = CARTESIAN_POINT ( 'NONE',  ( 7.808909043917847903, -4.001446073652652480, -0.8998167553355835846 ) ) ;
#5615 = AXIS2_PLACEMENT_3D ( 'NONE', #2633, #3614, #5441 ) ;
#5616 = CARTESIAN_POINT ( 'NONE',  ( 55.89999999999999858, -38.02999999999998693, 0.000000000000000000 ) ) ;
#5617 = ADVANCED_FACE ( 'NONE', ( #4607, #2487 ), #1222, .T. ) ;
#5618 = EDGE_CURVE ( 'NONE', #6399, #3774, #6075, .T. ) ;
#5619 = AXIS2_PLACEMENT_3D ( 'NONE', #383, #4868, #3717 ) ;
#5620 = AXIS2_PLACEMENT_3D ( 'NONE', #2720, #3800, #2052 ) ;
#5621 = ORIENTED_EDGE ( 'NONE', *, *, #5214, .F. ) ;
#5622 = CARTESIAN_POINT ( 'NONE',  ( 3.500000000000000000, -19.75000000000000355, -12.55999904183487637 ) ) ;
#5623 = CARTESIAN_POINT ( 'NONE',  ( 36.07000000001264794, -67.25000000000000000, 17.24999999999999645 ) ) ;
#5624 = CIRCLE ( 'NONE', #750, 144.8280647581438529 ) ;
#5625 = LINE ( 'NONE', #5045, #6772 ) ;
#5626 = CARTESIAN_POINT ( 'NONE',  ( 57.39999999999999858, -35.02999999999998693, -10.24999999999998401 ) ) ;
#5627 = DIRECTION ( 'NONE',  ( 1.000000000000000000, -0.000000000000000000, 0.000000000000000000 ) ) ;
#5628 = FACE_BOUND ( 'NONE', #4086, .T. ) ;
#5629 = DIRECTION ( 'NONE',  ( 0.000000000000000000, 0.000000000000000000, 1.000000000000000000 ) ) ;
#5630 = VERTEX_POINT ( 'NONE', #6553 ) ;
#5631 = LINE ( 'NONE', #4024, #1349 ) ;
#5632 = CARTESIAN_POINT ( 'NONE',  ( 9.398930599881042625, -4.042552506993793315, 0.6919816049124263291 ) ) ;
#5633 = CARTESIAN_POINT ( 'NONE',  ( 55.89999999999999858, 8.125000000000000000, 0.000000000000000000 ) ) ;
#5634 = VECTOR ( 'NONE', #635, 1000.000000000000000 ) ;
#5635 = VECTOR ( 'NONE', #539, 1000.000000000000000 ) ;
#5636 = CARTESIAN_POINT ( 'NONE',  ( -0.8000000000000000444, -43.17851648078251259, 11.35999999999530274 ) ) ;
#5637 = CIRCLE ( 'NONE', #1446, 17.24999999999999645 ) ;
#5638 = DIRECTION ( 'NONE',  ( 1.000000000000000000, -0.000000000000000000, -0.000000000000000000 ) ) ;
#5639 = ORIENTED_EDGE ( 'NONE', *, *, #1993, .F. ) ;
#5640 = DIRECTION ( 'NONE',  ( 0.000000000000000000, 0.000000000000000000, -1.000000000000000000 ) ) ;
#5641 = CARTESIAN_POINT ( 'NONE',  ( 63.15100000000006730, -49.63999999999779789, 5.107025913275720086E-12 ) ) ;
#5642 = PLANE ( 'NONE',  #3169 ) ;
#5643 = VECTOR ( 'NONE', #5457, 1000.000000000000000 ) ;
#5644 = LINE ( 'NONE', #1134, #1524 ) ;
#5645 = ORIENTED_EDGE ( 'NONE', *, *, #681, .F. ) ;
#5646 = ORIENTED_EDGE ( 'NONE', *, *, #433, .F. ) ;
#5647 = DIRECTION ( 'NONE',  ( -7.346553471960119372E-15, 1.290356640211203334E-07, -0.9999999999999916733 ) ) ;
#5648 = EDGE_CURVE ( 'NONE', #6090, #2280, #2093, .T. ) ;
#5649 = ORIENTED_EDGE ( 'NONE', *, *, #4092, .T. ) ;
#5650 = DIRECTION ( 'NONE',  ( 1.000000000000000000, 0.000000000000000000, -0.000000000000000000 ) ) ;
#5651 = EDGE_CURVE ( 'NONE', #5980, #5416, #473, .T. ) ;
#5652 = LINE ( 'NONE', #5749, #1548 ) ;
#5653 = DIRECTION ( 'NONE',  ( 0.000000000000000000, -1.000000000000000000, 0.000000000000000000 ) ) ;
#5654 = ORIENTED_EDGE ( 'NONE', *, *, #3780, .F. ) ;
#5655 = DIRECTION ( 'NONE',  ( -0.000000000000000000, 1.000000000000000000, -0.000000000000000000 ) ) ;
#5656 = LINE ( 'NONE', #2449, #4442 ) ;
#5657 = DIRECTION ( 'NONE',  ( -1.620622909583742321E-15, -0.7071067811865522357, -0.7071067811865426878 ) ) ;
#5658 = CARTESIAN_POINT ( 'NONE',  ( 1.020000000025375719, -16.33184324812957300, 11.86018697004518963 ) ) ;
#5659 = EDGE_CURVE ( 'NONE', #4280, #1494, #2177, .T. ) ;
#5660 = CARTESIAN_POINT ( 'NONE',  ( 9.364778442467656561, -23.25000000000000711, 22.77902761317088220 ) ) ;
#5661 = ORIENTED_EDGE ( 'NONE', *, *, #6709, .T. ) ;
#5662 = CARTESIAN_POINT ( 'NONE',  ( 59.39999999999999858, -43.02999999999998693, -16.74999999999998579 ) ) ;
#5663 = DIRECTION ( 'NONE',  ( 0.000000000000000000, -1.000000000000000000, 0.000000000000000000 ) ) ;
#5664 = AXIS2_PLACEMENT_3D ( 'NONE', #6829, #3014, #173 ) ;
#5665 = VERTEX_POINT ( 'NONE', #4398 ) ;
#5666 = VERTEX_POINT ( 'NONE', #4949 ) ;
#5667 = FACE_OUTER_BOUND ( 'NONE', #2873, .T. ) ;
#5668 = ORIENTED_EDGE ( 'NONE', *, *, #6709, .F. ) ;
#5669 = CARTESIAN_POINT ( 'NONE',  ( 48.18473398121713558, -23.25000000000000355, -11.87653491542466710 ) ) ;
#5670 = AXIS2_PLACEMENT_3D ( 'NONE', #1525, #3738, #1028 ) ;
#5671 = CARTESIAN_POINT ( 'NONE',  ( 59.65000000000010516, -72.03553390593276617, -20.24999999999998579 ) ) ;
#5672 = PLANE ( 'NONE',  #62 ) ;
#5673 = CARTESIAN_POINT ( 'NONE',  ( 38.41413931812409999, -19.73691467762551710, 8.242286694052301854 ) ) ;
#5674 = ORIENTED_EDGE ( 'NONE', *, *, #708, .F. ) ;
#5675 = PLANE ( 'NONE',  #6165 ) ;
#5676 = EDGE_CURVE ( 'NONE', #1285, #1347, #6648, .T. ) ;
#5677 = EDGE_CURVE ( 'NONE', #2107, #5437, #5847, .T. ) ;
#5678 = ORIENTED_EDGE ( 'NONE', *, *, #1067, .F. ) ;
#5679 = CARTESIAN_POINT ( 'NONE',  ( 55.90000000000000568, -67.24999999999998579, -17.25000000000004263 ) ) ;
#5680 = AXIS2_PLACEMENT_3D ( 'NONE', #4653, #4064, #2530 ) ;
#5681 = CARTESIAN_POINT ( 'NONE',  ( 55.89999999999999858, 0.000000000000000000, -17.24999999999999645 ) ) ;
#5682 = CYLINDRICAL_SURFACE ( 'NONE', #867, 5.000000000000000000 ) ;
#5683 = AXIS2_PLACEMENT_3D ( 'NONE', #242, #4166, #2451 ) ;
#5684 = CARTESIAN_POINT ( 'NONE',  ( 9.067203598369745876, -7.939638063377964627, 0.9825299998590959483 ) ) ;
#5685 = ORIENTED_EDGE ( 'NONE', *, *, #6034, .F. ) ;
#5686 = DIRECTION ( 'NONE',  ( 2.583947887447540056E-15, 1.000000000000000000, -9.938261105567461563E-17 ) ) ;
#5687 = EDGE_CURVE ( 'NONE', #6446, #3851, #1562, .T. ) ;
#5688 = CARTESIAN_POINT ( 'NONE',  ( 3.500000000000000000, -13.50000000000000000, -13.25000000000002487 ) ) ;
#5689 = CYLINDRICAL_SURFACE ( 'NONE', #339, 4.099999999999999645 ) ;
#5690 = DIRECTION ( 'NONE',  ( 0.000000000000000000, 0.000000000000000000, 1.000000000000000000 ) ) ;
#5691 = CARTESIAN_POINT ( 'NONE',  ( 9.191378094453890313, -4.001502852089709350, -0.8995297460346739493 ) ) ;
#5692 = DIRECTION ( 'NONE',  ( -0.000000000000000000, 1.000000000000000000, 4.127223139870470387E-16 ) ) ;
#5693 = CARTESIAN_POINT ( 'NONE',  ( 59.39999999999999858, 2.755455298081545764E-16, 10.37500000000000000 ) ) ;
#5694 = ORIENTED_EDGE ( 'NONE', *, *, #3064, .T. ) ;
#5695 = LINE ( 'NONE', #183, #739 ) ;
#5696 = ADVANCED_FACE ( 'NONE', ( #5987 ), #3808, .T. ) ;
#5697 = EDGE_LOOP ( 'NONE', ( #376, #3297, #2803, #4036 ) ) ;
#5698 = FACE_OUTER_BOUND ( 'NONE', #4662, .T. ) ;
#5699 = FACE_OUTER_BOUND ( 'NONE', #2004, .T. ) ;
#5700 = CARTESIAN_POINT ( 'NONE',  ( 1.020000000025216069, -43.17840353941147669, -11.85999537889485644 ) ) ;
#5701 = DIRECTION ( 'NONE',  ( 0.000000000000000000, -1.000000000000000000, 1.328017972039660961E-16 ) ) ;
#5702 = ORIENTED_EDGE ( 'NONE', *, *, #3604, .T. ) ;
#5703 = DIRECTION ( 'NONE',  ( 0.000000000000000000, -0.8481145238789931096, 0.5298129428255869966 ) ) ;
#5704 = VECTOR ( 'NONE', #3364, 1000.000000000000000 ) ;
#5705 = CARTESIAN_POINT ( 'NONE',  ( 3.500000000000000000, -23.25000000000000355, 17.24999999999999645 ) ) ;
#5706 = AXIS2_PLACEMENT_3D ( 'NONE', #5222, #136, #6189 ) ;
#5707 =( NAMED_UNIT ( * ) PLANE_ANGLE_UNIT ( ) SI_UNIT ( $, .RADIAN. ) );
#5708 = ORIENTED_EDGE ( 'NONE', *, *, #4967, .T. ) ;
#5709 = AXIS2_PLACEMENT_3D ( 'NONE', #4989, #704, #158 ) ;
#5710 = ORIENTED_EDGE ( 'NONE', *, *, #5299, .F. ) ;
#5711 = PLANE ( 'NONE',  #5153 ) ;
#5712 = AXIS2_PLACEMENT_3D ( 'NONE', #5679, #2907, #6857 ) ;
#5713 = DIRECTION ( 'NONE',  ( 0.000000000000000000, -0.000000000000000000, -1.000000000000000000 ) ) ;
#5714 = ADVANCED_FACE ( 'NONE', ( #2728 ), #1099, .T. ) ;
#5715 = DIRECTION ( 'NONE',  ( 0.000000000000000000, -1.000000000000000000, -2.624392550645698593E-16 ) ) ;
#5716 = VECTOR ( 'NONE', #2212, 1000.000000000000000 ) ;
#5717 = EDGE_CURVE ( 'NONE', #2972, #4178, #5381, .T. ) ;
#5718 = ORIENTED_EDGE ( 'NONE', *, *, #2546, .F. ) ;
#5719 = DIRECTION ( 'NONE',  ( -0.7071067811865527908, 0.7071067811865422437, 0.000000000000000000 ) ) ;
#5720 = ORIENTED_EDGE ( 'NONE', *, *, #314, .T. ) ;
#5721 = VERTEX_POINT ( 'NONE', #7059 ) ;
#5722 = CARTESIAN_POINT ( 'NONE',  ( -2.250000000000000444, -49.63999999999779789, 5.107025913275720086E-12 ) ) ;
#5723 = VECTOR ( 'NONE', #2041, 1000.000000000000000 ) ;
#5724 = DIRECTION ( 'NONE',  ( 1.000000000000000000, -0.000000000000000000, -0.000000000000000000 ) ) ;
#5725 = EDGE_CURVE ( 'NONE', #6816, #3872, #6062, .T. ) ;
#5726 = DIRECTION ( 'NONE',  ( -0.000000000000000000, -1.000000000000000000, -0.000000000000000000 ) ) ;
#5727 = ORIENTED_EDGE ( 'NONE', *, *, #3269, .T. ) ;
#5728 = DIRECTION ( 'NONE',  ( 0.000000000000000000, 0.000000000000000000, 1.000000000000000000 ) ) ;
#5729 = AXIS2_PLACEMENT_3D ( 'NONE', #5633, #1157, #3879 ) ;
#5730 = DIRECTION ( 'NONE',  ( -0.000000000000000000, 1.000000000000000000, -0.000000000000000000 ) ) ;
#5731 = CARTESIAN_POINT ( 'NONE',  ( 58.07987271612044822, -67.25000000000000000, 22.88608840329827032 ) ) ;
#5732 = DIRECTION ( 'NONE',  ( 1.000000000000000000, 0.000000000000000000, 0.000000000000000000 ) ) ;
#5733 = CIRCLE ( 'NONE', #3997, 1.149999999999998135 ) ;
#5734 = VECTOR ( 'NONE', #5448, 1000.000000000000114 ) ;
#5735 = ADVANCED_FACE ( 'NONE', ( #3769, #7104, #1966, #4987 ), #6383, .T. ) ;
#5736 = LINE ( 'NONE', #1850, #1091 ) ;
#5737 = CARTESIAN_POINT ( 'NONE',  ( -2.000000000000000000, -49.63999999999779789, 5.000000000005107026 ) ) ;
#5738 = LINE ( 'NONE', #5801, #5260 ) ;
#5739 = VECTOR ( 'NONE', #2725, 1000.000000000000000 ) ;
#5740 = ORIENTED_EDGE ( 'NONE', *, *, #216, .T. ) ;
#5741 = DIRECTION ( 'NONE',  ( 1.000000000000000000, -1.802143912355449343E-15, 2.887412898249062070E-16 ) ) ;
#5742 = CARTESIAN_POINT ( 'NONE',  ( 59.39999999999999858, -56.24999999999998579, 15.24999999999999112 ) ) ;
#5743 = VECTOR ( 'NONE', #4636, 999.9999999999998863 ) ;
#5744 = VECTOR ( 'NONE', #5476, 1000.000000000000000 ) ;
#5745 = ORIENTED_EDGE ( 'NONE', *, *, #2344, .T. ) ;
#5746 = ORIENTED_EDGE ( 'NONE', *, *, #6124, .F. ) ;
#5747 = LINE ( 'NONE', #782, #4213 ) ;
#5748 = CARTESIAN_POINT ( 'NONE',  ( 56.64999999999985647, -67.25000000000000000, 22.77871965419709355 ) ) ;
#5749 = CARTESIAN_POINT ( 'NONE',  ( -0.8000000000000000444, -32.11500000000251731, 9.303042912640844264 ) ) ;
#5750 = CIRCLE ( 'NONE', #1121, 17.70000000000000639 ) ;
#5751 = CARTESIAN_POINT ( 'NONE',  ( -0.8000000000000000444, -43.17840353905477713, -11.85999695861888803 ) ) ;
#5752 = ORIENTED_EDGE ( 'NONE', *, *, #5067, .T. ) ;
#5753 = CARTESIAN_POINT ( 'NONE',  ( 39.71917982256600510, -6.006187445107738831, 27.65302181470899612 ) ) ;
#5754 = VERTEX_POINT ( 'NONE', #7142 ) ;
#5755 = DIRECTION ( 'NONE',  ( -0.000000000000000000, -9.938261105567462796E-17, -1.000000000000000000 ) ) ;
#5756 = FACE_OUTER_BOUND ( 'NONE', #3971, .T. ) ;
#5757 = EDGE_CURVE ( 'NONE', #6138, #5018, #2834, .T. ) ;
#5758 = CARTESIAN_POINT ( 'NONE',  ( 48.18473398121713558, -67.25000000000000000, 11.87653491542464046 ) ) ;
#5759 = DIRECTION ( 'NONE',  ( 0.000000000000000000, 0.9999999999984239274, 1.775372104042659124E-06 ) ) ;
#5760 = CARTESIAN_POINT ( 'NONE',  ( 57.89999999999999858, -8.125000000000000000, 2.250000000000000000 ) ) ;
#5761 = LINE ( 'NONE', #5731, #2194 ) ;
#5762 = EDGE_CURVE ( 'NONE', #6101, #4151, #560, .T. ) ;
#5763 = DIRECTION ( 'NONE',  ( -2.920409892216847133E-16, 5.295414454691784582E-17, 1.000000000000000000 ) ) ;
#5764 =( BOUNDED_CURVE ( )  B_SPLINE_CURVE ( 3, ( #6785, #3303, #1673, #5533 ),
 .UNSPECIFIED., .F., .F. ) 
 B_SPLINE_CURVE_WITH_KNOTS ( ( 4, 4 ),
 ( 3.284238593756628521, 3.873731918991724754 ),
 .UNSPECIFIED. ) 
 CURVE ( )  GEOMETRIC_REPRESENTATION_ITEM ( )  RATIONAL_B_SPLINE_CURVE ( ( 1.000000000000000000, 0.9712505112594211898, 0.9712505112594211898, 1.000000000000000000 ) ) 
 REPRESENTATION_ITEM ( '' )  );
#5765 = FACE_OUTER_BOUND ( 'NONE', #3151, .T. ) ;
#5766 = AXIS2_PLACEMENT_3D ( 'NONE', #1343, #2421, #5197 ) ;
#5767 = CARTESIAN_POINT ( 'NONE',  ( 55.90000000000000568, 7.119459916276560690E-15, -17.24999999999999645 ) ) ;
#5768 = DIRECTION ( 'NONE',  ( -1.000000000000000000, 3.478120569333522285E-15, 7.350023367713731659E-15 ) ) ;
#5769 = ORIENTED_EDGE ( 'NONE', *, *, #5677, .F. ) ;
#5770 = ADVANCED_FACE ( 'NONE', ( #13 ), #2213, .F. ) ;
#5771 = AXIS2_PLACEMENT_3D ( 'NONE', #890, #3779, #5995 ) ;
#5772 = DIRECTION ( 'NONE',  ( 1.000000000000000000, 0.000000000000000000, 0.000000000000000000 ) ) ;
#5773 = ADVANCED_FACE ( 'NONE', ( #3052 ), #5288, .F. ) ;
#5774 = DIRECTION ( 'NONE',  ( 1.000000000000000000, -0.000000000000000000, 0.000000000000000000 ) ) ;
#5775 = ORIENTED_EDGE ( 'NONE', *, *, #7029, .T. ) ;
#5776 = VERTEX_POINT ( 'NONE', #2367 ) ;
#5777 = DIRECTION ( 'NONE',  ( 0.000000000000000000, -1.000000000000000000, 0.000000000000000000 ) ) ;
#5778 = ORIENTED_EDGE ( 'NONE', *, *, #1630, .T. ) ;
#5779 = ORIENTED_EDGE ( 'NONE', *, *, #6594, .T. ) ;
#5780 = DIRECTION ( 'NONE',  ( 0.000000000000000000, -1.000000000000000000, 0.000000000000000000 ) ) ;
#5781 = DIRECTION ( 'NONE',  ( -0.000000000000000000, 1.000000000000000000, 4.127223139870470387E-16 ) ) ;
#5782 = FACE_OUTER_BOUND ( 'NONE', #3301, .T. ) ;
#5783 = ORIENTED_EDGE ( 'NONE', *, *, #6082, .T. ) ;
#5784 = DIRECTION ( 'NONE',  ( 0.000000000000000000, 1.000000000000000000, -1.468548974371900227E-16 ) ) ;
#5785 = CARTESIAN_POINT ( 'NONE',  ( 3.500000000000000000, 0.000000000000000000, 0.000000000000000000 ) ) ;
#5786 = CARTESIAN_POINT ( 'NONE',  ( -0.8000000000000020428, -16.33311347870889207, -11.85020984583683834 ) ) ;
#5787 = AXIS2_PLACEMENT_3D ( 'NONE', #3794, #3241, #462 ) ;
#5788 = CARTESIAN_POINT ( 'NONE',  ( -3.750000000000063505, -67.49999999999995737, -20.24999999999998579 ) ) ;
#5789 = VERTEX_POINT ( 'NONE', #3925 ) ;
#5790 = DIRECTION ( 'NONE',  ( -1.000000000000000000, -0.000000000000000000, -0.000000000000000000 ) ) ;
#5791 = ORIENTED_EDGE ( 'NONE', *, *, #4674, .F. ) ;
#5792 = DIRECTION ( 'NONE',  ( 0.000000000000000000, 0.000000000000000000, -1.000000000000000000 ) ) ;
#5793 = VECTOR ( 'NONE', #4597, 1000.000000000000000 ) ;
#5794 = DIRECTION ( 'NONE',  ( -0.000000000000000000, 1.000000000000000000, -0.000000000000000000 ) ) ;
#5795 = ADVANCED_FACE ( 'NONE', ( #52 ), #188, .T. ) ;
#5796 = CARTESIAN_POINT ( 'NONE',  ( 55.89999999999999858, 0.000000000000000000, -4.099999999999999645 ) ) ;
#5797 = DIRECTION ( 'NONE',  ( 0.000000000000000000, 0.8660254037844419273, -0.4999999999999943379 ) ) ;
#5798 = LINE ( 'NONE', #907, #1065 ) ;
#5799 = EDGE_CURVE ( 'NONE', #3570, #602, #5963, .T. ) ;
#5800 = ORIENTED_EDGE ( 'NONE', *, *, #1249, .F. ) ;
#5801 = CARTESIAN_POINT ( 'NONE',  ( 62.91776695296640298, -67.26776695296629782, -20.24999999999998579 ) ) ;
#5802 = ORIENTED_EDGE ( 'NONE', *, *, #1126, .T. ) ;
#5803 =( BOUNDED_CURVE ( )  B_SPLINE_CURVE ( 3, ( #4730, #6923, #3627, #1619 ),
 .UNSPECIFIED., .F., .F. ) 
 B_SPLINE_CURVE_WITH_KNOTS ( ( 4, 4 ),
 ( 3.284238593756628966, 3.873731918991726531 ),
 .UNSPECIFIED. ) 
 CURVE ( )  GEOMETRIC_REPRESENTATION_ITEM ( )  RATIONAL_B_SPLINE_CURVE ( ( 1.000000000000000000, 0.9712505112594210788, 0.9712505112594210788, 1.000000000000000000 ) ) 
 REPRESENTATION_ITEM ( '' )  );
#5804 = CARTESIAN_POINT ( 'NONE',  ( 50.03522155753238110, -23.25000000000000711, 22.77902761317091773 ) ) ;
#5805 = ADVANCED_FACE ( 'NONE', ( #6203 ), #5642, .F. ) ;
#5806 = EDGE_CURVE ( 'NONE', #4412, #6533, #4549, .T. ) ;
#5807 = CARTESIAN_POINT ( 'NONE',  ( 7.932668160635225618, -7.939631186698617782, 0.9826011181706204578 ) ) ;
#5808 = ORIENTED_EDGE ( 'NONE', *, *, #3941, .T. ) ;
#5809 = ORIENTED_EDGE ( 'NONE', *, *, #1957, .T. ) ;
#5810 = CARTESIAN_POINT ( 'NONE',  ( -0.8000000000000000444, -31.89210119208635419, -9.442286694060694430 ) ) ;
#5811 = ORIENTED_EDGE ( 'NONE', *, *, #3540, .F. ) ;
#5812 = ORIENTED_EDGE ( 'NONE', *, *, #6194, .T. ) ;
#5813 = FACE_OUTER_BOUND ( 'NONE', #1538, .T. ) ;
#5814 = VECTOR ( 'NONE', #2357, 1000.000000000000000 ) ;
#5815 = ADVANCED_FACE ( 'NONE', ( #4591 ), #3959, .F. ) ;
#5816 = EDGE_CURVE ( 'NONE', #7137, #3153, #669, .T. ) ;
#5817 = CARTESIAN_POINT ( 'NONE',  ( 8.500000000000003553, -15.00000000000000000, 0.000000000000000000 ) ) ;
#5818 = VECTOR ( 'NONE', #5594, 1000.000000000000000 ) ;
#5819 = EDGE_CURVE ( 'NONE', #3678, #1285, #5605, .T. ) ;
#5820 = CARTESIAN_POINT ( 'NONE',  ( 9.595480101632555048, -7.995705152749542854, -0.2954860371410724107 ) ) ;
#5821 = VERTEX_POINT ( 'NONE', #2871 ) ;
#5822 = VECTOR ( 'NONE', #2952, 1000.000000000000000 ) ;
#5823 = LINE ( 'NONE', #6962, #4559 ) ;
#5824 = EDGE_LOOP ( 'NONE', ( #1103, #4356, #491, #1058 ) ) ;
#5825 = ORIENTED_EDGE ( 'NONE', *, *, #4089, .F. ) ;
#5826 = CYLINDRICAL_SURFACE ( 'NONE', #4652, 4.099999999999999645 ) ;
#5827 = AXIS2_PLACEMENT_3D ( 'NONE', #877, #3522, #189 ) ;
#5828 = DIRECTION ( 'NONE',  ( -1.581872432528857874E-15, -0.7071067811865435759, -0.7071067811865514585 ) ) ;
#5829 = ADVANCED_FACE ( 'NONE', ( #1749 ), #5672, .F. ) ;
#5830 = VECTOR ( 'NONE', #6479, 1000.000000000000000 ) ;
#5831 = CARTESIAN_POINT ( 'NONE',  ( -0.8000000000000000444, -15.02996282514451565, -10.36012184685432480 ) ) ;
#5832 = VERTEX_POINT ( 'NONE', #6234 ) ;
#5833 = DIRECTION ( 'NONE',  ( 1.000000000000000000, -0.000000000000000000, -0.000000000000000000 ) ) ;
#5834 = AXIS2_PLACEMENT_3D ( 'NONE', #1667, #3336, #111 ) ;
#5835 = ORIENTED_EDGE ( 'NONE', *, *, #1958, .T. ) ;
#5836 = CARTESIAN_POINT ( 'NONE',  ( 3.499999999999998224, -67.25000000000000000, -20.24999999999998579 ) ) ;
#5837 = CIRCLE ( 'NONE', #6864, 17.70000000000000639 ) ;
#5838 = CIRCLE ( 'NONE', #5620, 7.099999999999995204 ) ;
#5839 = EDGE_LOOP ( 'NONE', ( #7107, #5229, #1854, #1911 ) ) ;
#5840 = FACE_OUTER_BOUND ( 'NONE', #3527, .T. ) ;
#5841 = DIRECTION ( 'NONE',  ( 1.000000000000000000, -0.000000000000000000, -0.000000000000000000 ) ) ;
#5842 = CIRCLE ( 'NONE', #2713, 1.149999999999998135 ) ;
#5843 = LINE ( 'NONE', #875, #2368 ) ;
#5844 = DIRECTION ( 'NONE',  ( -2.583947887447540056E-15, 1.000000000000000000, 0.000000000000000000 ) ) ;
#5845 = EDGE_LOOP ( 'NONE', ( #5769, #3369, #773, #6259 ) ) ;
#5846 = ORIENTED_EDGE ( 'NONE', *, *, #2059, .F. ) ;
#5847 = CIRCLE ( 'NONE', #3526, 5.000000000000000888 ) ;
#5848 = VECTOR ( 'NONE', #4492, 1000.000000000000000 ) ;
#5849 = CARTESIAN_POINT ( 'NONE',  ( 29.69999999999999929, -19.75000000000000355, -116.8280647581438103 ) ) ;
#5850 = AXIS2_PLACEMENT_3D ( 'NONE', #1383, #3554, #6848 ) ;
#5851 = ADVANCED_FACE ( 'NONE', ( #6750 ), #1674, .F. ) ;
#5852 = CARTESIAN_POINT ( 'NONE',  ( 7.375028152649982793, 4.099992275187634760, -0.1485499779506131990 ) ) ;
#5853 = VECTOR ( 'NONE', #2305, 1000.000000000000000 ) ;
#5854 = VECTOR ( 'NONE', #630, 1000.000000000000000 ) ;
#5855 = CARTESIAN_POINT ( 'NONE',  ( 57.39999999999999858, -43.02999999999998693, 16.74999999999999289 ) ) ;
#5856 = ORIENTED_EDGE ( 'NONE', *, *, #3004, .T. ) ;
#5857 = DIRECTION ( 'NONE',  ( -0.000000000000000000, 1.000000000000000000, 4.127223139870470387E-16 ) ) ;
#5858 = ORIENTED_EDGE ( 'NONE', *, *, #3119, .F. ) ;
#5859 = EDGE_CURVE ( 'NONE', #3856, #2438, #1787, .T. ) ;
#5860 = EDGE_CURVE ( 'NONE', #1170, #4275, #1274, .T. ) ;
#5861 = CARTESIAN_POINT ( 'NONE',  ( -0.8000000000000000444, 0.000000000000000000, 0.000000000000000000 ) ) ;
#5862 = EDGE_LOOP ( 'NONE', ( #1822, #4449, #3978, #4100 ) ) ;
#5863 = DIRECTION ( 'NONE',  ( -2.584933993157529418E-15, 1.000000000000000000, 0.000000000000000000 ) ) ;
#5864 = ORIENTED_EDGE ( 'NONE', *, *, #6171, .F. ) ;
#5865 = CARTESIAN_POINT ( 'NONE',  ( 57.39999999999999858, -35.02999999999998693, -10.24999999999998401 ) ) ;
#5866 = FACE_OUTER_BOUND ( 'NONE', #514, .T. ) ;
#5867 = EDGE_CURVE ( 'NONE', #930, #2832, #5066, .T. ) ;
#5868 = CARTESIAN_POINT ( 'NONE',  ( 3.828562801722851017, -1.648953455744811558, 20.10607116466633926 ) ) ;
#5869 = CARTESIAN_POINT ( 'NONE',  ( -6.583333333333335702, -17.58333333333334991, -9.166666666666671404 ) ) ;
#5870 = ORIENTED_EDGE ( 'NONE', *, *, #4548, .F. ) ;
#5871 = FACE_OUTER_BOUND ( 'NONE', #2719, .T. ) ;
#5872 = EDGE_LOOP ( 'NONE', ( #3334, #4344 ) ) ;
#5873 = VERTEX_POINT ( 'NONE', #2253 ) ;
#5874 = CARTESIAN_POINT ( 'NONE',  ( -6.039991739082883801E-14, -63.74999999999998579, -20.24999999999998579 ) ) ;
#5875 = CARTESIAN_POINT ( 'NONE',  ( 11.21526601878286655, -67.25000000000000000, 11.87653491542464046 ) ) ;
#5876 = EDGE_CURVE ( 'NONE', #428, #2313, #2494, .T. ) ;
#5877 = ORIENTED_EDGE ( 'NONE', *, *, #26, .T. ) ;
#5878 = DIRECTION ( 'NONE',  ( 0.000000000000000000, 0.000000000000000000, -1.000000000000000000 ) ) ;
#5879 = DIRECTION ( 'NONE',  ( 2.920409892216846640E-16, -5.295414454691787047E-17, -1.000000000000000000 ) ) ;
#5880 = CARTESIAN_POINT ( 'NONE',  ( 34.51999872291127502, -23.25000000000000355, -12.55999904183487637 ) ) ;
#5881 = LINE ( 'NONE', #2089, #6384 ) ;
#5882 = ORIENTED_EDGE ( 'NONE', *, *, #4974, .T. ) ;
#5883 = VERTEX_POINT ( 'NONE', #1133 ) ;
#5884 = DIRECTION ( 'NONE',  ( -0.000000000000000000, -0.000000000000000000, -1.000000000000000000 ) ) ;
#5885 = AXIS2_PLACEMENT_3D ( 'NONE', #6940, #1975, #6807 ) ;
#5886 = CARTESIAN_POINT ( 'NONE',  ( 8.352759166137275315, 3.942635539838800440, -1.125000000000000444 ) ) ;
#5887 = CARTESIAN_POINT ( 'NONE',  ( 57.89999999999999858, 0.000000000000000000, 8.125000000000000000 ) ) ;
#5888 = CIRCLE ( 'NONE', #3094, 13.37500000000000000 ) ;
#5889 = VERTEX_POINT ( 'NONE', #3343 ) ;
#5890 = EDGE_LOOP ( 'NONE', ( #5528, #3783, #3534, #748 ) ) ;
#5891 = CARTESIAN_POINT ( 'NONE',  ( 3.500000000000000000, -13.50000000000000000, -13.25000000000002487 ) ) ;
#5892 = ORIENTED_EDGE ( 'NONE', *, *, #4764, .T. ) ;
#5893 = ORIENTED_EDGE ( 'NONE', *, *, #4003, .T. ) ;
#5894 = EDGE_CURVE ( 'NONE', #2762, #5109, #6134, .T. ) ;
#5895 = DIRECTION ( 'NONE',  ( -0.000000000000000000, 1.000000000000000000, -0.000000000000000000 ) ) ;
#5896 = CARTESIAN_POINT ( 'NONE',  ( 57.39999999999999858, -56.24999999999998579, 16.74999999999999289 ) ) ;
#5897 = EDGE_CURVE ( 'NONE', #6418, #2379, #393, .T. ) ;
#5898 = EDGE_LOOP ( 'NONE', ( #7108, #6999, #1697, #3813 ) ) ;
#5899 = CARTESIAN_POINT ( 'NONE',  ( 59.40100000000001046, -38.75000000000000000, -10.65111910102082504 ) ) ;
#5900 = ORIENTED_EDGE ( 'NONE', *, *, #3040, .F. ) ;
#5901 = CARTESIAN_POINT ( 'NONE',  ( 57.89999999999999858, 0.000000000000000000, 5.875000000000000000 ) ) ;
#5902 = CARTESIAN_POINT ( 'NONE',  ( 63.15100000000034441, -88.20999999999999375, -1.095445750570579008E-15 ) ) ;
#5903 = ORIENTED_EDGE ( 'NONE', *, *, #3451, .T. ) ;
#5904 = LINE ( 'NONE', #3165, #6765 ) ;
#5905 = VERTEX_POINT ( 'NONE', #4482 ) ;
#5906 = DIRECTION ( 'NONE',  ( 0.000000000000000000, 0.000000000000000000, -1.000000000000000000 ) ) ;
#5907 = EDGE_CURVE ( 'NONE', #6450, #1628, #4472, .T. ) ;
#5908 = DIRECTION ( 'NONE',  ( 0.08688894065009858392, 0.000000000000000000, 0.9962180042504269473 ) ) ;
#5909 = VERTEX_POINT ( 'NONE', #1448 ) ;
#5910 = FACE_OUTER_BOUND ( 'NONE', #3384, .T. ) ;
#5911 = CARTESIAN_POINT ( 'NONE',  ( 55.38534710664308136, -67.24999999999998579, -19.88809872202713791 ) ) ;
#5912 = LINE ( 'NONE', #5334, #4804 ) ;
#5913 = ORIENTED_EDGE ( 'NONE', *, *, #4399, .F. ) ;
#5914 = CARTESIAN_POINT ( 'NONE',  ( -2.000000000000000000, -13.00000000000001421, -3.144936406352223823 ) ) ;
#5915 = VECTOR ( 'NONE', #488, 1000.000000000000000 ) ;
#5916 = LINE ( 'NONE', #6409, #41 ) ;
#5917 = ORIENTED_EDGE ( 'NONE', *, *, #2670, .F. ) ;
#5918 = LINE ( 'NONE', #809, #6077 ) ;
#5919 = DIRECTION ( 'NONE',  ( 0.000000000000000000, 0.000000000000000000, 1.000000000000000000 ) ) ;
#5920 = CARTESIAN_POINT ( 'NONE',  ( 8.500000000000003553, -7.920503456220443717, -1.125000000000000444 ) ) ;
#5921 = ORIENTED_EDGE ( 'NONE', *, *, #3295, .T. ) ;
#5922 = VERTEX_POINT ( 'NONE', #5737 ) ;
#5923 = ORIENTED_EDGE ( 'NONE', *, *, #3757, .F. ) ;
#5924 = CARTESIAN_POINT ( 'NONE',  ( 55.89999999999999858, 0.000000000000000000, 0.000000000000000000 ) ) ;
#5925 = CARTESIAN_POINT ( 'NONE',  ( 55.61794589671822564, -1.626029201458716544, -20.06636519151722453 ) ) ;
#5926 = VERTEX_POINT ( 'NONE', #4725 ) ;
#5927 = LINE ( 'NONE', #2521, #4205 ) ;
#5928 = DIRECTION ( 'NONE',  ( -1.000000000000000000, 0.000000000000000000, 0.000000000000000000 ) ) ;
#5929 = DIRECTION ( 'NONE',  ( 0.000000000000000000, -1.000000000000000000, 1.101411730778924924E-16 ) ) ;
#5930 = ADVANCED_FACE ( 'NONE', ( #2466 ), #3659, .F. ) ;
#5931 = VECTOR ( 'NONE', #1959, 1000.000000000000000 ) ;
#5932 = VERTEX_POINT ( 'NONE', #3585 ) ;
#5933 = CARTESIAN_POINT ( 'NONE',  ( 1.020000000025250708, -38.88999999619777981, -10.80000000000469740 ) ) ;
#5934 = EDGE_LOOP ( 'NONE', ( #241, #2796, #4367, #837 ) ) ;
#5936 = ORIENTED_EDGE ( 'NONE', *, *, #3102, .T. ) ;
#5935 = VECTOR ( 'NONE', #5997, 1000.000000000000000 ) ;
#5937 = VERTEX_POINT ( 'NONE', #3621 ) ;
#5938 = ORIENTED_EDGE ( 'NONE', *, *, #6795, .F. ) ;
#5939 = CARTESIAN_POINT ( 'NONE',  ( -0.8000000000000000444, -43.67851763289844769, 11.35999220644692009 ) ) ;
#5940 = AXIS2_PLACEMENT_3D ( 'NONE', #972, #2131, #4214 ) ;
#5941 = PLANE ( 'NONE',  #3933 ) ;
#5942 = VECTOR ( 'NONE', #2543, 1000.000000000000000 ) ;
#5943 = CARTESIAN_POINT ( 'NONE',  ( -0.8000000000000000444, -43.17840353941161169, -11.85999537889485644 ) ) ;
#5944 = ADVANCED_FACE ( 'NONE', ( #1886 ), #291, .T. ) ;
#5945 = CARTESIAN_POINT ( 'NONE',  ( 61.15000000000003411, -69.03553390593266670, -20.24999999999998579 ) ) ;
#5946 = CIRCLE ( 'NONE', #5494, 7.099999999999995204 ) ;
#5947 = ORIENTED_EDGE ( 'NONE', *, *, #4769, .T. ) ;
#5948 = DIRECTION ( 'NONE',  ( 7.353719082945160989E-15, 0.000000000000000000, 1.000000000000000000 ) ) ;
#5949 = VECTOR ( 'NONE', #6886, 1000.000000000000000 ) ;
#5950 = CIRCLE ( 'NONE', #2825, 2.250000000000000000 ) ;
#5951 = DIRECTION ( 'NONE',  ( 0.000000000000000000, 0.000000000000000000, -1.000000000000000000 ) ) ;
#5952 = ORIENTED_EDGE ( 'NONE', *, *, #1920, .T. ) ;
#5953 = DIRECTION ( 'NONE',  ( 0.000000000000000000, 0.000000000000000000, -1.000000000000000000 ) ) ;
#5954 = EDGE_CURVE ( 'NONE', #7062, #673, #2683, .T. ) ;
#5955 = VECTOR ( 'NONE', #5057, 1000.000000000000000 ) ;
#5956 = CARTESIAN_POINT ( 'NONE',  ( -2.000000000000000000, -61.24999999999998579, 13.74999999999998757 ) ) ;
#5957 = DIRECTION ( 'NONE',  ( 0.000000000000000000, 0.000000000000000000, -1.000000000000000000 ) ) ;
#5958 = VECTOR ( 'NONE', #4821, 1000.000000000000000 ) ;
#5959 = AXIS2_PLACEMENT_3D ( 'NONE', #5277, #4217, #6373 ) ;
#5960 = VERTEX_POINT ( 'NONE', #4175 ) ;
#5961 = ORIENTED_EDGE ( 'NONE', *, *, #681, .T. ) ;
#5962 = CARTESIAN_POINT ( 'NONE',  ( -3.750000000000051958, -67.49999999999995737, 20.25000000000001421 ) ) ;
#5963 = CIRCLE ( 'NONE', #977, 4.099999999999999645 ) ;
#5964 = ORIENTED_EDGE ( 'NONE', *, *, #5385, .T. ) ;
#5965 = AXIS2_PLACEMENT_3D ( 'NONE', #2426, #4654, #2461 ) ;
#5966 = CARTESIAN_POINT ( 'NONE',  ( 55.57143719827714534, -1.648953455744797569, -20.10607116466634281 ) ) ;
#5967 = ORIENTED_EDGE ( 'NONE', *, *, #3676, .F. ) ;
#5968 = CARTESIAN_POINT ( 'NONE',  ( 8.500000000000003553, 3.942635539838801328, -1.125000000000000444 ) ) ;
#5969 = AXIS2_PLACEMENT_3D ( 'NONE', #4065, #3517, #5878 ) ;
#5970 = CARTESIAN_POINT ( 'NONE',  ( 29.69999999999999929, -67.25000000000000000, -116.8280647581438103 ) ) ;
#5971 = FACE_OUTER_BOUND ( 'NONE', #3558, .T. ) ;
#5972 = CARTESIAN_POINT ( 'NONE',  ( -0.8000000000000000444, -32.11500000000139465, -10.80000000000469740 ) ) ;
#5973 = EDGE_LOOP ( 'NONE', ( #1474, #4816, #3561, #3458 ) ) ;
#5974 = ORIENTED_EDGE ( 'NONE', *, *, #714, .F. ) ;
#5975 = LINE ( 'NONE', #6968, #5546 ) ;
#5976 = CARTESIAN_POINT ( 'NONE',  ( 29.69999999999999929, -67.25000000000000000, -116.8280647581438103 ) ) ;
#5977 = CARTESIAN_POINT ( 'NONE',  ( 1.020000000025375719, -16.04630758933521761, -11.78313435482941252 ) ) ;
#5978 = CYLINDRICAL_SURFACE ( 'NONE', #992, 0.2866033983652087613 ) ;
#5979 = CARTESIAN_POINT ( 'NONE',  ( 59.39999999999999858, -56.24999999999998579, -18.24999999999999289 ) ) ;
#5980 = VERTEX_POINT ( 'NONE', #1352 ) ;
#5981 = DIRECTION ( 'NONE',  ( 1.000000000000000000, -0.000000000000000000, -0.000000000000000000 ) ) ;
#5982 = EDGE_CURVE ( 'NONE', #6813, #1679, #4624, .T. ) ;
#5983 = DIRECTION ( 'NONE',  ( -0.5773502691896256200, 0.5773502691896256200, -0.5773502691896259531 ) ) ;
#5984 = ORIENTED_EDGE ( 'NONE', *, *, #4135, .T. ) ;
#5985 = DIRECTION ( 'NONE',  ( -0.000000000000000000, -1.000000000000000000, -2.624392550645698593E-16 ) ) ;
#5986 = LINE ( 'NONE', #434, #5830 ) ;
#5987 = FACE_OUTER_BOUND ( 'NONE', #2066, .T. ) ;
#5988 = ADVANCED_FACE ( 'NONE', ( #3552 ), #6339, .T. ) ;
#5989 = LINE ( 'NONE', #2646, #4316 ) ;
#5990 = ORIENTED_EDGE ( 'NONE', *, *, #3773, .F. ) ;
#5991 = EDGE_LOOP ( 'NONE', ( #7061, #1620, #6469, #5858 ) ) ;
#5992 = CARTESIAN_POINT ( 'NONE',  ( 9.110854841707393348, -5.357248103745007484, -26.52902590443853725 ) ) ;
#5993 =( BOUNDED_CURVE ( )  B_SPLINE_CURVE ( 3, ( #53, #15, #2216, #4444 ),
 .UNSPECIFIED., .F., .T. ) 
 B_SPLINE_CURVE_WITH_KNOTS ( ( 4, 4 ),
 ( 3.848249462058176640, 4.477736948918924043 ),
 .UNSPECIFIED. ) 
 CURVE ( )  GEOMETRIC_REPRESENTATION_ITEM ( )  RATIONAL_B_SPLINE_CURVE ( ( 1.000000000000000000, 0.9672504934674253096, 0.9672504934674253096, 1.000000000000000000 ) ) 
 REPRESENTATION_ITEM ( '' )  );
#5994 = CIRCLE ( 'NONE', #4849, 1.149999999999999911 ) ;
#5995 = DIRECTION ( 'NONE',  ( 0.000000000000000000, 0.000000000000000000, -1.000000000000000000 ) ) ;
#5996 = ORIENTED_EDGE ( 'NONE', *, *, #842, .T. ) ;
#5997 = DIRECTION ( 'NONE',  ( -0.08688894065010210888, -0.000000000000000000, 0.9962180042504266142 ) ) ;
#5998 = DIRECTION ( 'NONE',  ( -1.000000000000000000, 0.000000000000000000, 0.000000000000000000 ) ) ;
#5999 = AXIS2_PLACEMENT_3D ( 'NONE', #779, #228, #6312 ) ;
#6000 = CARTESIAN_POINT ( 'NONE',  ( 40.64999999999984936, -19.74999999999999645, 26.65541760854819842 ) ) ;
#6001 = LINE ( 'NONE', #5869, #517 ) ;
#6002 = ORIENTED_EDGE ( 'NONE', *, *, #2500, .T. ) ;
#6003 = DIRECTION ( 'NONE',  ( 7.408714845317609951E-15, 0.000000000000000000, 1.000000000000000000 ) ) ;
#6004 = VERTEX_POINT ( 'NONE', #1925 ) ;
#6005 = DIRECTION ( 'NONE',  ( 0.000000000000000000, -0.000000000000000000, 1.000000000000000000 ) ) ;
#6006 = VERTEX_POINT ( 'NONE', #5767 ) ;
#6007 = DIRECTION ( 'NONE',  ( 0.9962180042504266142, 0.000000000000000000, 0.08688894065010210888 ) ) ;
#6008 = CARTESIAN_POINT ( 'NONE',  ( 1.020000000025375719, -16.33311347870889207, -11.85020984583683834 ) ) ;
#6009 = DIRECTION ( 'NONE',  ( 0.000000000000000000, 0.000000000000000000, -1.000000000000000000 ) ) ;
#6010 = CARTESIAN_POINT ( 'NONE',  ( 0.000000000000000000, -23.25000000000000711, -26.00793539950940669 ) ) ;
#6011 = ORIENTED_EDGE ( 'NONE', *, *, #2576, .T. ) ;
#6012 = CARTESIAN_POINT ( 'NONE',  ( 55.57143719827714534, -67.25000000000000000, 20.10607116466634281 ) ) ;
#6013 = CARTESIAN_POINT ( 'NONE',  ( 55.89999999999999858, 0.000000000000000000, -8.125000000000000000 ) ) ;
#6014 = ADVANCED_FACE ( 'NONE', ( #4143 ), #2429, .F. ) ;
#6015 = ORIENTED_EDGE ( 'NONE', *, *, #2652, .T. ) ;
#6016 = FACE_OUTER_BOUND ( 'NONE', #121, .T. ) ;
#6017 = DIRECTION ( 'NONE',  ( 0.000000000000000000, 0.000000000000000000, 1.000000000000000000 ) ) ;
#6018 = CIRCLE ( 'NONE', #6937, 1.149999999999998135 ) ;
#6019 = DIRECTION ( 'NONE',  ( 0.000000000000000000, 1.000000000000000000, 0.000000000000000000 ) ) ;
#6020 = CARTESIAN_POINT ( 'NONE',  ( 7.375054604060676589, -7.999992321304489451, 0.1473741842894696064 ) ) ;
#6021 = VERTEX_POINT ( 'NONE', #1378 ) ;
#6022 = EDGE_LOOP ( 'NONE', ( #6290, #4038, #443, #4960 ) ) ;
#6023 = CARTESIAN_POINT ( 'NONE',  ( 3.500000000000000000, 0.000000000000000000, 17.24999999999999645 ) ) ;
#6024 = EDGE_CURVE ( 'NONE', #482, #4860, #1986, .T. ) ;
#6025 = CARTESIAN_POINT ( 'NONE',  ( 57.89999999999999858, 8.125000000000000000, 1.149999999999999911 ) ) ;
#6026 = ORIENTED_EDGE ( 'NONE', *, *, #6949, .T. ) ;
#6027 = ORIENTED_EDGE ( 'NONE', *, *, #2114, .T. ) ;
#6028 = CARTESIAN_POINT ( 'NONE',  ( 1.020000000025493625, -15.07805549177039417, 10.74843056778889228 ) ) ;
#6029 = ORIENTED_EDGE ( 'NONE', *, *, #2125, .T. ) ;
#6030 = PLANE ( 'NONE',  #4534 ) ;
#6031 = EDGE_CURVE ( 'NONE', #4103, #5345, #5798, .T. ) ;
#6032 = CYLINDRICAL_SURFACE ( 'NONE', #3163, 17.70000000000000639 ) ;
#6033 = EDGE_CURVE ( 'NONE', #7066, #518, #5843, .T. ) ;
#6034 = EDGE_CURVE ( 'NONE', #702, #2440, #832, .T. ) ;
#6035 = CARTESIAN_POINT ( 'NONE',  ( 29.69999999999999929, -67.25000000000004263, 116.8280647581437819 ) ) ;
#6036 = VERTEX_POINT ( 'NONE', #5306 ) ;
#6037 = FACE_OUTER_BOUND ( 'NONE', #3688, .T. ) ;
#6038 = EDGE_CURVE ( 'NONE', #5431, #4077, #3032, .T. ) ;
#6039 = DIRECTION ( 'NONE',  ( -1.000000000000000000, -0.000000000000000000, -0.000000000000000000 ) ) ;
#6040 = CARTESIAN_POINT ( 'NONE',  ( 38.41413931812409999, -43.67851763289844769, 11.35999220644692009 ) ) ;
#6041 = ORIENTED_EDGE ( 'NONE', *, *, #3593, .T. ) ;
#6042 = DIRECTION ( 'NONE',  ( -1.000000000000000000, -2.529146437248129668E-15, 2.920409892216848119E-16 ) ) ;
#6043 = CIRCLE ( 'NONE', #6273, 2.250000000000000000 ) ;
#6044 = VERTEX_POINT ( 'NONE', #255 ) ;
#6045 = LINE ( 'NONE', #7126, #3182 ) ;
#6046 = CARTESIAN_POINT ( 'NONE',  ( 7.374971887814124827, 4.100007713709413082, 0.1481232597221783798 ) ) ;
#6047 = AXIS2_PLACEMENT_3D ( 'NONE', #6472, #1551, #4277 ) ;
#6048 = CYLINDRICAL_SURFACE ( 'NONE', #3991, 5.000000000000000000 ) ;
#6049 = EDGE_CURVE ( 'NONE', #3166, #7026, #5950, .T. ) ;
#6050 = VERTEX_POINT ( 'NONE', #1982 ) ;
#6051 = CARTESIAN_POINT ( 'NONE',  ( -0.8000000000000000444, -13.50000000000000000, 13.24999999999999822 ) ) ;
#6052 = AXIS2_PLACEMENT_3D ( 'NONE', #6013, #3104, #5337 ) ;
#6053 = ORIENTED_EDGE ( 'NONE', *, *, #1306, .T. ) ;
#6054 = CARTESIAN_POINT ( 'NONE',  ( 0.000000000000000000, 0.000000000000000000, 0.000000000000000000 ) ) ;
#6055 = ORIENTED_EDGE ( 'NONE', *, *, #6694, .F. ) ;
#6056 = CIRCLE ( 'NONE', #3502, 5.000000000000000000 ) ;
#6057 = ORIENTED_EDGE ( 'NONE', *, *, #5907, .F. ) ;
#6058 = CYLINDRICAL_SURFACE ( 'NONE', #3647, 144.8280647581438529 ) ;
#6059 = CIRCLE ( 'NONE', #3513, 7.099999999999995204 ) ;
#6060 = CARTESIAN_POINT ( 'NONE',  ( 57.89999999999999858, 2.755455298081545271E-16, -5.875000000000000000 ) ) ;
#6061 = VECTOR ( 'NONE', #1326, 1000.000000000000000 ) ;
#6062 = LINE ( 'NONE', #1017, #58 ) ;
#6063 = FACE_OUTER_BOUND ( 'NONE', #5246, .T. ) ;
#6064 = ORIENTED_EDGE ( 'NONE', *, *, #806, .F. ) ;
#6065 = VECTOR ( 'NONE', #1078, 1000.000000000000000 ) ;
#6066 = EDGE_LOOP ( 'NONE', ( #6243, #4657, #6386, #2298 ) ) ;
#6067 = ORIENTED_EDGE ( 'NONE', *, *, #5199, .T. ) ;
#6068 = DIRECTION ( 'NONE',  ( -0.000000000000000000, 0.9999999999994159117, 1.080865800197198721E-06 ) ) ;
#6069 = AXIS2_PLACEMENT_3D ( 'NONE', #6906, #2955, #722 ) ;
#6070 = DIRECTION ( 'NONE',  ( 0.000000000000000000, -0.000000000000000000, 1.000000000000000000 ) ) ;
#6071 = EDGE_CURVE ( 'NONE', #4879, #6801, #2534, .T. ) ;
#6072 = VERTEX_POINT ( 'NONE', #1314 ) ;
#6073 = DIRECTION ( 'NONE',  ( 0.000000000000000000, -0.9999999999999998890, 1.893684135851525297E-08 ) ) ;
#6074 = DIRECTION ( 'NONE',  ( 0.000000000000000000, 0.000000000000000000, -1.000000000000000000 ) ) ;
#6075 = CIRCLE ( 'NONE', #2014, 1.149999999999999911 ) ;
#6076 = CARTESIAN_POINT ( 'NONE',  ( -0.8000000000000020428, -15.86477721247436534, -11.70797299346834386 ) ) ;
#6077 = VECTOR ( 'NONE', #6890, 1000.000000000000000 ) ;
#6078 = CARTESIAN_POINT ( 'NONE',  ( 63.15100000000025915, -52.95499999999940854, 52.95500000000012619 ) ) ;
#6079 = CARTESIAN_POINT ( 'NONE',  ( 57.39999999999999858, -43.02999999999998693, 10.24999999999999112 ) ) ;
#6080 = CARTESIAN_POINT ( 'NONE',  ( -0.8000000000000000444, -19.73691467762551710, 8.242286694052301854 ) ) ;
#6081 = AXIS2_PLACEMENT_3D ( 'NONE', #4033, #3996, #700 ) ;
#6082 = EDGE_CURVE ( 'NONE', #4645, #1752, #3520, .T. ) ;
#6083 = DIRECTION ( 'NONE',  ( -0.9962180042504268362, 0.000000000000000000, 0.08688894065010013823 ) ) ;
#6084 = CARTESIAN_POINT ( 'NONE',  ( 0.000000000000000000, -63.25000000000000000, -15.75000000000001776 ) ) ;
#6085 = ORIENTED_EDGE ( 'NONE', *, *, #2, .F. ) ;
#6086 = CARTESIAN_POINT ( 'NONE',  ( 1.020000000025375719, -15.02996549883271982, 10.36041478471158506 ) ) ;
#6087 = CARTESIAN_POINT ( 'NONE',  ( 8.204090325416906637, 3.951428512349879352, -1.095261249938893622 ) ) ;
#6088 = LINE ( 'NONE', #1125, #1097 ) ;
#6089 = LINE ( 'NONE', #6668, #4684 ) ;
#6090 = VERTEX_POINT ( 'NONE', #2640 ) ;
#6091 = CYLINDRICAL_SURFACE ( 'NONE', #5834, 7.099999999999995204 ) ;
#6092 = EDGE_CURVE ( 'NONE', #4881, #6925, #1010, .T. ) ;
#6093 = VERTEX_POINT ( 'NONE', #2129 ) ;
#6094 = DIRECTION ( 'NONE',  ( 0.000000000000000000, 0.000000000000000000, -1.000000000000000000 ) ) ;
#6095 = EDGE_LOOP ( 'NONE', ( #5967, #6026, #7031, #2631, #2527, #205 ) ) ;
#6096 = CARTESIAN_POINT ( 'NONE',  ( 38.41413931812409999, -31.89210119208746264, 9.442286694051299278 ) ) ;
#6097 = AXIS2_PLACEMENT_3D ( 'NONE', #2227, #1111, #1066 ) ;
#6098 = CARTESIAN_POINT ( 'NONE',  ( 55.89999999999999858, 5.021051876504147385E-16, 4.099999999999999645 ) ) ;
#6099 = DIRECTION ( 'NONE',  ( -1.000000000000000000, -0.000000000000000000, -0.000000000000000000 ) ) ;
#6100 = ORIENTED_EDGE ( 'NONE', *, *, #5717, .F. ) ;
#6101 = VERTEX_POINT ( 'NONE', #3247 ) ;
#6102 = EDGE_LOOP ( 'NONE', ( #2618, #4296, #5639, #7039 ) ) ;
#6103 = VERTEX_POINT ( 'NONE', #3689 ) ;
#6104 = CARTESIAN_POINT ( 'NONE',  ( 8.500000000000003553, -3.942635539838801328, 1.125000000000000444 ) ) ;
#6105 = DIRECTION ( 'NONE',  ( 0.7071067811865501263, -0.7071067811865449082, 0.000000000000000000 ) ) ;
#6106 = VERTEX_POINT ( 'NONE', #3177 ) ;
#6107 = CARTESIAN_POINT ( 'NONE',  ( -0.8000000000000020428, -15.77461599535319792, 11.67052989598730584 ) ) ;
#6108 = EDGE_CURVE ( 'NONE', #3078, #6440, #836, .T. ) ;
#6109 = DIRECTION ( 'NONE',  ( 0.000000000000000000, 0.000000000000000000, -1.000000000000000000 ) ) ;
#6110 = LINE ( 'NONE', #2882, #5848 ) ;
#6111 = ADVANCED_FACE ( 'NONE', ( #4357 ), #4903, .F. ) ;
#6112 = LINE ( 'NONE', #611, #2377 ) ;
#6113 = CYLINDRICAL_SURFACE ( 'NONE', #6338, 0.2866033983652087613 ) ;
#6114 = EDGE_CURVE ( 'NONE', #3402, #334, #4332, .T. ) ;
#6115 = CARTESIAN_POINT ( 'NONE',  ( 32.99669575233201613, -4.042763739493040909, 24.25227219979914040 ) ) ;
#6116 = PLANE ( 'NONE',  #164 ) ;
#6117 = ORIENTED_EDGE ( 'NONE', *, *, #2652, .F. ) ;
#6118 = DIRECTION ( 'NONE',  ( -0.000000000000000000, 1.000000000000000000, -0.000000000000000000 ) ) ;
#6119 = VERTEX_POINT ( 'NONE', #1481 ) ;
#6120 = CARTESIAN_POINT ( 'NONE',  ( -0.8000000000000020428, -15.60747117984326948, 11.55874418326229858 ) ) ;
#6121 = CARTESIAN_POINT ( 'NONE',  ( 9.066963833388236083, -3.980913556091112415, -0.9827063410598814164 ) ) ;
#6122 = EDGE_CURVE ( 'NONE', #6210, #2138, #1511, .T. ) ;
#6123 = FACE_OUTER_BOUND ( 'NONE', #446, .T. ) ;
#6124 = EDGE_CURVE ( 'NONE', #3222, #4833, #7133, .T. ) ;
#6125 = LINE ( 'NONE', #3440, #1766 ) ;
#6126 = ORIENTED_EDGE ( 'NONE', *, *, #2709, .T. ) ;
#6127 = CARTESIAN_POINT ( 'NONE',  ( 57.39999999999999858, -43.02999999999998693, -18.24999999999998579 ) ) ;
#6128 = ORIENTED_EDGE ( 'NONE', *, *, #4459, .F. ) ;
#6129 = ORIENTED_EDGE ( 'NONE', *, *, #3917, .F. ) ;
#6130 = DIRECTION ( 'NONE',  ( 1.000000000000000000, -0.000000000000000000, -0.000000000000000000 ) ) ;
#6131 = ADVANCED_FACE ( 'NONE', ( #4870 ), #6545, .F. ) ;
#6132 = DIRECTION ( 'NONE',  ( 0.000000000000000000, -1.000000000000000000, 0.000000000000000000 ) ) ;
#6133 = ADVANCED_FACE ( 'NONE', ( #3761 ), #5444, .F. ) ;
#6134 = LINE ( 'NONE', #5569, #288 ) ;
#6135 = CIRCLE ( 'NONE', #2992, 5.000000000000000000 ) ;
#6136 = DIRECTION ( 'NONE',  ( 0.000000000000000000, -0.000000000000000000, 1.000000000000000000 ) ) ;
#6137 = EDGE_CURVE ( 'NONE', #5281, #6512, #5838, .T. ) ;
#6138 = VERTEX_POINT ( 'NONE', #6012 ) ;
#6139 = ORIENTED_EDGE ( 'NONE', *, *, #2344, .F. ) ;
#6140 = ORIENTED_EDGE ( 'NONE', *, *, #935, .T. ) ;
#6141 = CARTESIAN_POINT ( 'NONE',  ( 7.517825648832115348, -4.062761087198099474, -0.5682116604571139096 ) ) ;
#6142 = CARTESIAN_POINT ( 'NONE',  ( -2.000000000000000000, -41.34000000000251163, -9.100000000004715872 ) ) ;
#6143 = VECTOR ( 'NONE', #5657, 1000.000000000000114 ) ;
#6144 = EDGE_CURVE ( 'NONE', #5198, #5472, #1048, .T. ) ;
#6145 = ORIENTED_EDGE ( 'NONE', *, *, #6565, .T. ) ;
#6146 = EDGE_LOOP ( 'NONE', ( #3697, #803 ) ) ;
#6147 = DIRECTION ( 'NONE',  ( 0.000000000000000000, -1.893684135851524966E-08, -0.9999999999999997780 ) ) ;
#6148 = CARTESIAN_POINT ( 'NONE',  ( 59.39999999999999858, 8.125000000000000000, -2.250000000000000000 ) ) ;
#6149 = DIRECTION ( 'NONE',  ( 0.000000000000000000, -0.7071067811865522357, -0.7071067811865426878 ) ) ;
#6150 = LINE ( 'NONE', #654, #3668 ) ;
#6151 = DIRECTION ( 'NONE',  ( 0.000000000000000000, 0.000000000000000000, -1.000000000000000000 ) ) ;
#6152 = DIRECTION ( 'NONE',  ( 0.08688894065010210888, 0.000000000000000000, -0.9962180042504266142 ) ) ;
#6153 = FACE_OUTER_BOUND ( 'NONE', #5005, .T. ) ;
#6154 = ORIENTED_EDGE ( 'NONE', *, *, #3624, .F. ) ;
#6155 = CYLINDRICAL_SURFACE ( 'NONE', #5401, 1.000000000000000888 ) ;
#6156 = DIRECTION ( 'NONE',  ( 0.000000000000000000, 0.000000000000000000, 1.000000000000000000 ) ) ;
#6157 = CARTESIAN_POINT ( 'NONE',  ( -3.000000000000000000, -49.63999999999779789, 5.107025913275720086E-12 ) ) ;
#6158 = CARTESIAN_POINT ( 'NONE',  ( 57.26329890894511010, -3.648028411841577334, 23.56857055676450940 ) ) ;
#6159 = ORIENTED_EDGE ( 'NONE', *, *, #1630, .F. ) ;
#6160 = VERTEX_POINT ( 'NONE', #2170 ) ;
#6161 = EDGE_CURVE ( 'NONE', #1168, #4128, #6438, .T. ) ;
#6162 = CIRCLE ( 'NONE', #3023, 0.7499999999999997780 ) ;
#6163 = CARTESIAN_POINT ( 'NONE',  ( 29.69999999999999929, -67.25000000000004263, 116.8280647581437819 ) ) ;
#6164 = DIRECTION ( 'NONE',  ( -1.000000000000000000, -0.000000000000000000, -0.000000000000000000 ) ) ;
#6165 = AXIS2_PLACEMENT_3D ( 'NONE', #2375, #4598, #2940 ) ;
#6166 = DIRECTION ( 'NONE',  ( 0.000000000000000000, 0.000000000000000000, -1.000000000000000000 ) ) ;
#6167 = VECTOR ( 'NONE', #276, 1000.000000000000000 ) ;
#6168 = LINE ( 'NONE', #5105, #845 ) ;
#6169 = UNCERTAINTY_MEASURE_WITH_UNIT (LENGTH_MEASURE( 1.000000000000000082E-05 ), #506, 'distance_accuracy_value', 'NONE');
#6170 = ORIENTED_EDGE ( 'NONE', *, *, #1586, .F. ) ;
#6171 = EDGE_CURVE ( 'NONE', #4839, #5373, #3835, .T. ) ;
#6172 = AXIS2_PLACEMENT_3D ( 'NONE', #2801, #2255, #671 ) ;
#6173 = VERTEX_POINT ( 'NONE', #3294 ) ;
#6174 = DIRECTION ( 'NONE',  ( 1.000000000000000000, -0.000000000000000000, -0.000000000000000000 ) ) ;
#6175 = VECTOR ( 'NONE', #3282, 1000.000000000000000 ) ;
#6176 = EDGE_CURVE ( 'NONE', #1526, #2609, #2849, .T. ) ;
#6177 = CIRCLE ( 'NONE', #508, 4.099999999999999645 ) ;
#6178 = DIRECTION ( 'NONE',  ( 1.000000000000000000, -0.000000000000000000, -0.000000000000000000 ) ) ;
#6179 = AXIS2_PLACEMENT_3D ( 'NONE', #3372, #1709, #2798 ) ;
#6180 = AXIS2_PLACEMENT_3D ( 'NONE', #6778, #5663, #3916 ) ;
#6181 = VERTEX_POINT ( 'NONE', #5914 ) ;
#6182 = CARTESIAN_POINT ( 'NONE',  ( -2.000000000000000000, -13.00000000000001421, 3.144936406352216274 ) ) ;
#6183 = CARTESIAN_POINT ( 'NONE',  ( -0.8000000000000020428, -16.04630758933521761, -11.78313435482941252 ) ) ;
#6184 = VECTOR ( 'NONE', #1876, 1000.000000000000000 ) ;
#6185 = FACE_OUTER_BOUND ( 'NONE', #5898, .T. ) ;
#6186 = DIRECTION ( 'NONE',  ( 1.000000000000000000, -0.000000000000000000, -0.000000000000000000 ) ) ;
#6187 = VERTEX_POINT ( 'NONE', #3137 ) ;
#6188 = CARTESIAN_POINT ( 'NONE',  ( 8.205078427844291866, -7.924825341833287240, 1.095623858659704686 ) ) ;
#6189 = DIRECTION ( 'NONE',  ( 0.000000000000000000, 0.000000000000000000, 1.000000000000000000 ) ) ;
#6190 = CIRCLE ( 'NONE', #3050, 0.5000011521766773992 ) ;
#6191 = CIRCLE ( 'NONE', #5276, 6.500000000000002665 ) ;
#6192 = CARTESIAN_POINT ( 'NONE',  ( 59.65000000000013358, -52.95499999999956486, 52.95500000000014040 ) ) ;
#6193 = CARTESIAN_POINT ( 'NONE',  ( 1.020000000025375719, -15.33696824735187469, 11.27418124505110164 ) ) ;
#6194 = EDGE_CURVE ( 'NONE', #674, #5084, #6162, .T. ) ;
#6195 = CARTESIAN_POINT ( 'NONE',  ( 4.014652893356916330, -67.25000000000000000, 19.88809872202711304 ) ) ;
#6196 = LINE ( 'NONE', #663, #6636 ) ;
#6197 = CARTESIAN_POINT ( 'NONE',  ( 9.364778442467656561, -67.24999999999998579, -22.77902761317091063 ) ) ;
#6198 = VECTOR ( 'NONE', #667, 1000.000000000000000 ) ;
#6199 = FACE_OUTER_BOUND ( 'NONE', #6579, .T. ) ;
#6200 = ORIENTED_EDGE ( 'NONE', *, *, #3341, .F. ) ;
#6201 = PLANE ( 'NONE',  #4819 ) ;
#6202 = CARTESIAN_POINT ( 'NONE',  ( 59.39999999999999858, -43.02999999999998693, 16.74999999999999289 ) ) ;
#6203 = FACE_OUTER_BOUND ( 'NONE', #4950, .T. ) ;
#6204 = EDGE_CURVE ( 'NONE', #2875, #4200, #4834, .T. ) ;
#6205 = CARTESIAN_POINT ( 'NONE',  ( 55.90000000000000568, -19.75000000000000355, 17.25000000000001421 ) ) ;
#6206 = EDGE_CURVE ( 'NONE', #2286, #1484, #3330, .T. ) ;
#6207 = VERTEX_POINT ( 'NONE', #1233 ) ;
#6208 = DIRECTION ( 'NONE',  ( -1.000000000000000000, -0.000000000000000000, -0.000000000000000000 ) ) ;
#6209 = EDGE_CURVE ( 'NONE', #1679, #4151, #3951, .T. ) ;
#6210 = VERTEX_POINT ( 'NONE', #664 ) ;
#6211 = CARTESIAN_POINT ( 'NONE',  ( 36.07000000001264794, -67.24999999999998579, -24.10839105143930539 ) ) ;
#6212 = EDGE_CURVE ( 'NONE', #1235, #3199, #2601, .T. ) ;
#6213 = CARTESIAN_POINT ( 'NONE',  ( 29.69999999999999929, -67.25000000000000000, 28.00000000000002487 ) ) ;
#6214 = DIRECTION ( 'NONE',  ( -0.000000000000000000, 1.000000000000000000, -0.000000000000000000 ) ) ;
#6215 = CARTESIAN_POINT ( 'NONE',  ( 9.483083917637401328, -7.981084243719593907, 0.5664681255050083575 ) ) ;
#6216 = EDGE_CURVE ( 'NONE', #3778, #6044, #1127, .T. ) ;
#6217 = ORIENTED_EDGE ( 'NONE', *, *, #4520, .F. ) ;
#6218 = CARTESIAN_POINT ( 'NONE',  ( 59.40000000000000568, 7.119459916276560690E-15, -17.24999999999999645 ) ) ;
#6219 = FACE_OUTER_BOUND ( 'NONE', #709, .T. ) ;
#6220 = ORIENTED_EDGE ( 'NONE', *, *, #3455, .T. ) ;
#6221 = CARTESIAN_POINT ( 'NONE',  ( 3.500000000000000000, 0.000000000000000000, 0.000000000000000000 ) ) ;
#6222 = LINE ( 'NONE', #3474, #2268 ) ;
#6223 = CARTESIAN_POINT ( 'NONE',  ( 9.482612415429061414, -4.062872763522963560, 0.5671535299315830780 ) ) ;
#6224 = EDGE_CURVE ( 'NONE', #321, #6446, #6866, .T. ) ;
#6225 = CARTESIAN_POINT ( 'NONE',  ( 55.57143719827714534, -67.24999999999998579, -20.10607116466637123 ) ) ;
#6226 = CARTESIAN_POINT ( 'NONE',  ( -3.673940397442063812E-16, -63.74999999999998579, -20.25000000000002487 ) ) ;
#6227 = AXIS2_PLACEMENT_3D ( 'NONE', #1877, #313, #2528 ) ;
#6228 = ORIENTED_EDGE ( 'NONE', *, *, #3917, .T. ) ;
#6229 = LINE ( 'NONE', #5760, #4452 ) ;
#6230 = VERTEX_POINT ( 'NONE', #3881 ) ;
#6231 = CARTESIAN_POINT ( 'NONE',  ( 59.39999999999999858, 0.000000000000000000, 0.000000000000000000 ) ) ;
#6232 = CIRCLE ( 'NONE', #4389, 5.000000000000000888 ) ;
#6233 = LINE ( 'NONE', #4622, #5949 ) ;
#6234 = CARTESIAN_POINT ( 'NONE',  ( -4.857225732735059864E-14, -63.74999999999998579, 20.25000000000001421 ) ) ;
#6235 = FACE_OUTER_BOUND ( 'NONE', #569, .T. ) ;
#6236 = EDGE_LOOP ( 'NONE', ( #2879, #4828, #3281, #4632 ) ) ;
#6237 = FACE_OUTER_BOUND ( 'NONE', #2676, .T. ) ;
#6238 = ADVANCED_FACE ( 'NONE', ( #5131 ), #5562, .F. ) ;
#6239 = CYLINDRICAL_SURFACE ( 'NONE', #5007, 0.2866033983652087613 ) ;
#6240 = ORIENTED_EDGE ( 'NONE', *, *, #637, .T. ) ;
#6241 = ORIENTED_EDGE ( 'NONE', *, *, #4992, .F. ) ;
#6242 = LINE ( 'NONE', #2380, #5365 ) ;
#6243 = ORIENTED_EDGE ( 'NONE', *, *, #4141, .T. ) ;
#6244 = EDGE_CURVE ( 'NONE', #5754, #5084, #5498, .T. ) ;
#6245 = CARTESIAN_POINT ( 'NONE',  ( -0.8000000000000000444, -43.17851648078251259, 11.86000115217198037 ) ) ;
#6246 = EDGE_CURVE ( 'NONE', #3396, #3989, #6089, .T. ) ;
#6247 = DIRECTION ( 'NONE',  ( 1.000000000000000000, 0.000000000000000000, 0.000000000000000000 ) ) ;
#6248 = VECTOR ( 'NONE', #2700, 1000.000000000000000 ) ;
#6250 = ORIENTED_EDGE ( 'NONE', *, *, #5126, .T. ) ;
#6249 = CYLINDRICAL_SURFACE ( 'NONE', #325, 2.250000000000000000 ) ;
#6251 = VERTEX_POINT ( 'NONE', #6226 ) ;
#6252 = DIRECTION ( 'NONE',  ( 0.000000000000000000, -1.000000000000000000, 0.000000000000000000 ) ) ;
#6253 = ORIENTED_EDGE ( 'NONE', *, *, #6558, .F. ) ;
#6254 = DIRECTION ( 'NONE',  ( -0.07531914298566376453, 0.4985797395351826977, 0.8635654404994068667 ) ) ;
#6255 = EDGE_CURVE ( 'NONE', #6187, #970, #4432, .T. ) ;
#6256 = EDGE_CURVE ( 'NONE', #3872, #4839, #2828, .T. ) ;
#6257 = DIRECTION ( 'NONE',  ( 1.000000000000000000, 0.000000000000000000, 0.000000000000000000 ) ) ;
#6258 = EDGE_CURVE ( 'NONE', #4394, #1878, #7072, .T. ) ;
#6259 = ORIENTED_EDGE ( 'NONE', *, *, #3064, .F. ) ;
#6260 = FACE_OUTER_BOUND ( 'NONE', #2035, .T. ) ;
#6261 = AXIS2_PLACEMENT_3D ( 'NONE', #1793, #2403, #4118 ) ;
#6262 = DIRECTION ( 'NONE',  ( 0.000000000000000000, 0.000000000000000000, -1.000000000000000000 ) ) ;
#6263 = CARTESIAN_POINT ( 'NONE',  ( 3.828562801722851017, -67.24999999999998579, -20.10607116466636768 ) ) ;
#6264 = PLANE ( 'NONE',  #3695 ) ;
#6265 = FACE_OUTER_BOUND ( 'NONE', #3054, .T. ) ;
#6266 =( BOUNDED_CURVE ( )  B_SPLINE_CURVE ( 3, ( #5060, #2324, #6743, #4508 ),
 .UNSPECIFIED., .F., .F. ) 
 B_SPLINE_CURVE_WITH_KNOTS ( ( 4, 4 ),
 ( 3.141592653589793116, 3.284238593756639180 ),
 .UNSPECIFIED. ) 
 CURVE ( )  GEOMETRIC_REPRESENTATION_ITEM ( )  RATIONAL_B_SPLINE_CURVE ( ( 1.000000000000000000, 0.9983050633360548431, 0.9983050633360548431, 1.000000000000000000 ) ) 
 REPRESENTATION_ITEM ( '' )  );
#6267 = CARTESIAN_POINT ( 'NONE',  ( 40.07000000001264794, -67.25000000000000000, -26.00793539950940669 ) ) ;
#6268 = DIRECTION ( 'NONE',  ( 0.000000000000000000, 0.000000000000000000, 1.000000000000000000 ) ) ;
#6269 = DIRECTION ( 'NONE',  ( 7.350023367713731659E-15, -2.009130117984764442E-30, 1.000000000000000000 ) ) ;
#6270 = EDGE_CURVE ( 'NONE', #2169, #5873, #3965, .T. ) ;
#6271 = ORIENTED_EDGE ( 'NONE', *, *, #3234, .T. ) ;
#6272 = CARTESIAN_POINT ( 'NONE',  ( 57.89999999999999858, -8.125000000000000000, 0.000000000000000000 ) ) ;
#6273 = AXIS2_PLACEMENT_3D ( 'NONE', #3109, #3810, #5453 ) ;
#6274 = CARTESIAN_POINT ( 'NONE',  ( 55.66409622614292374, -1.561579665708799247, 19.95473532107412140 ) ) ;
#6275 = AXIS2_PLACEMENT_3D ( 'NONE', #6869, #6733, #4053 ) ;
#6276 = VECTOR ( 'NONE', #1316, 1000.000000000000000 ) ;
#6277 = ORIENTED_EDGE ( 'NONE', *, *, #988, .T. ) ;
#6278 = CARTESIAN_POINT ( 'NONE',  ( 57.89999999999999858, 0.000000000000000000, 5.875000000000000000 ) ) ;
#6279 = AXIS2_PLACEMENT_3D ( 'NONE', #4894, #5006, #6535 ) ;
#6280 = CARTESIAN_POINT ( 'NONE',  ( 1.020000000025375719, -15.21944764235372993, -11.11534759458924171 ) ) ;
#6281 = VECTOR ( 'NONE', #5730, 1000.000000000000000 ) ;
#6282 = LINE ( 'NONE', #2445, #5275 ) ;
#6283 = AXIS2_PLACEMENT_3D ( 'NONE', #217, #5841, #318 ) ;
#6285 = ORIENTED_EDGE ( 'NONE', *, *, #3275, .T. ) ;
#6284 = CYLINDRICAL_SURFACE ( 'NONE', #2769, 2.250000000000000444 ) ;
#6286 = EDGE_CURVE ( 'NONE', #1826, #4887, #6125, .T. ) ;
#6287 = VERTEX_POINT ( 'NONE', #6197 ) ;
#6288 = EDGE_CURVE ( 'NONE', #2972, #4710, #587, .T. ) ;
#6289 = FACE_OUTER_BOUND ( 'NONE', #3994, .T. ) ;
#6290 = ORIENTED_EDGE ( 'NONE', *, *, #6161, .F. ) ;
#6291 = FACE_BOUND ( 'NONE', #253, .T. ) ;
#6292 = VECTOR ( 'NONE', #6619, 1000.000000000000000 ) ;
#6293 = LINE ( 'NONE', #6358, #6985 ) ;
#6294 = FACE_OUTER_BOUND ( 'NONE', #201, .T. ) ;
#6295 = CARTESIAN_POINT ( 'NONE',  ( -0.8000000000000000444, -38.89000006817515498, 6.999999459518204681 ) ) ;
#6296 = EDGE_CURVE ( 'NONE', #7044, #2010, #4198, .T. ) ;
#6297 = AXIS2_PLACEMENT_3D ( 'NONE', #4188, #4877, #2645 ) ;
#6298 = DIRECTION ( 'NONE',  ( 0.000000000000000000, 0.000000000000000000, -1.000000000000000000 ) ) ;
#6299 = DIRECTION ( 'NONE',  ( 0.000000000000000000, -1.000000000000000000, 9.938261105567462796E-17 ) ) ;
#6300 = LINE ( 'NONE', #6843, #1559 ) ;
#6301 = ORIENTED_EDGE ( 'NONE', *, *, #6427, .F. ) ;
#6302 = CARTESIAN_POINT ( 'NONE',  ( 39.57996919761690435, -3.842783294266308047, 23.90589590814617793 ) ) ;
#6303 = DIRECTION ( 'NONE',  ( 0.08688894065009858392, 0.000000000000000000, 0.9962180042504269473 ) ) ;
#6304 = CARTESIAN_POINT ( 'NONE',  ( 38.41413931812409999, -15.02996288919170986, -10.36012183223557415 ) ) ;
#6305 = VERTEX_POINT ( 'NONE', #5525 ) ;
#6306 = CIRCLE ( 'NONE', #5522, 7.099999999999995204 ) ;
#6307 = AXIS2_PLACEMENT_3D ( 'NONE', #6626, #6513, #5953 ) ;
#6308 = ORIENTED_EDGE ( 'NONE', *, *, #4289, .T. ) ;
#6309 =( BOUNDED_CURVE ( )  B_SPLINE_CURVE ( 3, ( #2117, #899, #4893, #4345 ),
 .UNSPECIFIED., .F., .F. ) 
 B_SPLINE_CURVE_WITH_KNOTS ( ( 4, 4 ),
 ( 2.996949515185855617, 3.286235791993730171 ),
 .UNSPECIFIED. ) 
 CURVE ( )  GEOMETRIC_REPRESENTATION_ITEM ( )  RATIONAL_B_SPLINE_CURVE ( ( 1.000000000000000000, 0.9930382711089996706, 0.9930382711089996706, 1.000000000000000000 ) ) 
 REPRESENTATION_ITEM ( '' )  );
#6310 = DIRECTION ( 'NONE',  ( 0.000000000000000000, 0.000000000000000000, -1.000000000000000000 ) ) ;
#6311 = CARTESIAN_POINT ( 'NONE',  ( 57.39999999999999858, -43.02999999999998693, -16.74999999999998579 ) ) ;
#6312 = DIRECTION ( 'NONE',  ( 1.000000000000000000, 0.000000000000000000, 0.000000000000000000 ) ) ;
#6313 = VERTEX_POINT ( 'NONE', #5059 ) ;
#6314 = CARTESIAN_POINT ( 'NONE',  ( 59.40000000000006253, -63.74999999999998579, -20.24999999999998579 ) ) ;
#6315 = CARTESIAN_POINT ( 'NONE',  ( 55.38534710664308136, -23.25000000000000355, 19.88809872202711304 ) ) ;
#6316 = CARTESIAN_POINT ( 'NONE',  ( 57.89999999999999858, 0.000000000000000000, -8.125000000000000000 ) ) ;
#6317 = CARTESIAN_POINT ( 'NONE',  ( 1.320127283879557911, -3.253997156820689796, -22.88608840329823479 ) ) ;
#6318 = ADVANCED_FACE ( 'NONE', ( #552 ), #80, .F. ) ;
#6319 = ORIENTED_EDGE ( 'NONE', *, *, #235, .F. ) ;
#6320 = FACE_OUTER_BOUND ( 'NONE', #4011, .T. ) ;
#6321 = ORIENTED_EDGE ( 'NONE', *, *, #1210, .T. ) ;
#6322 = EDGE_LOOP ( 'NONE', ( #2219, #1454 ) ) ;
#6323 = CARTESIAN_POINT ( 'NONE',  ( -2.000000000000000000, -1.826024711554535195E-15, -13.75000000000001066 ) ) ;
#6324 = DIRECTION ( 'NONE',  ( -0.000000000000000000, 1.000000000000000000, -0.000000000000000000 ) ) ;
#6325 = EDGE_CURVE ( 'NONE', #4741, #921, #1192, .T. ) ;
#6326 = FACE_BOUND ( 'NONE', #3724, .T. ) ;
#6327 = ORIENTED_EDGE ( 'NONE', *, *, #1791, .T. ) ;
#6328 = CARTESIAN_POINT ( 'NONE',  ( 8.500000000000003553, 7.920503456220443717, -1.125000000000000444 ) ) ;
#6329 = ORIENTED_EDGE ( 'NONE', *, *, #4817, .F. ) ;
#6330 = CARTESIAN_POINT ( 'NONE',  ( 3.500000000000000000, -23.25000000000000711, -13.25000000000002309 ) ) ;
#6331 = VERTEX_POINT ( 'NONE', #5693 ) ;
#6332 = LINE ( 'NONE', #1658, #234 ) ;
#6333 = LINE ( 'NONE', #904, #1682 ) ;
#6334 = EDGE_CURVE ( 'NONE', #2735, #2051, #723, .T. ) ;
#6335 = EDGE_CURVE ( 'NONE', #6093, #5589, #1413, .T. ) ;
#6336 = DIRECTION ( 'NONE',  ( 0.000000000000000000, 0.000000000000000000, 1.000000000000000000 ) ) ;
#6337 = ADVANCED_FACE ( 'NONE', ( #283 ), #4199, .T. ) ;
#6338 = AXIS2_PLACEMENT_3D ( 'NONE', #2343, #4529, #2273 ) ;
#6339 = CYLINDRICAL_SURFACE ( 'NONE', #274, 1.000000000000000888 ) ;
#6340 = CARTESIAN_POINT ( 'NONE',  ( -0.2500000000000877076, -72.03553390593276617, 20.25000000000001421 ) ) ;
#6341 = ORIENTED_EDGE ( 'NONE', *, *, #5575, .T. ) ;
#6342 = CARTESIAN_POINT ( 'NONE',  ( 55.89999999999999858, 0.000000000000000000, 6.975000000000000533 ) ) ;
#6343 = EDGE_CURVE ( 'NONE', #159, #305, #866, .T. ) ;
#6344 = EDGE_CURVE ( 'NONE', #2484, #5776, #97, .T. ) ;
#6345 = CARTESIAN_POINT ( 'NONE',  ( 38.41413931812409999, -20.93691467762551639, 8.242286694052301854 ) ) ;
#6346 = DIRECTION ( 'NONE',  ( 0.08688894065010013823, 0.000000000000000000, 0.9962180042504268362 ) ) ;
#6347 = ORIENTED_EDGE ( 'NONE', *, *, #4620, .T. ) ;
#6348 = ORIENTED_EDGE ( 'NONE', *, *, #5876, .F. ) ;
#6349 = FACE_OUTER_BOUND ( 'NONE', #600, .T. ) ;
#6350 = ORIENTED_EDGE ( 'NONE', *, *, #6794, .T. ) ;
#6351 = DIRECTION ( 'NONE',  ( 1.000000000000000000, 0.000000000000000000, 0.000000000000000000 ) ) ;
#6352 = DIRECTION ( 'NONE',  ( 0.000000000000000000, 1.000000000000000000, 0.000000000000000000 ) ) ;
#6353 = CARTESIAN_POINT ( 'NONE',  ( 9.065872031615194615, -7.939540778873656279, -0.9833060551093754098 ) ) ;
#6354 = VERTEX_POINT ( 'NONE', #6328 ) ;
#6355 = CARTESIAN_POINT ( 'NONE',  ( -0.8000000000000020428, -15.02996549883271982, 10.36041478471158506 ) ) ;
#6356 = ORIENTED_EDGE ( 'NONE', *, *, #5282, .T. ) ;
#6357 = DIRECTION ( 'NONE',  ( -0.000000000000000000, 1.000000000000000000, -0.000000000000000000 ) ) ;
#6358 = CARTESIAN_POINT ( 'NONE',  ( 38.41413931812409999, -32.11500000000229704, -9.303042912649976515 ) ) ;
#6359 = AXIS2_PLACEMENT_3D ( 'NONE', #2389, #860, #5225 ) ;
#6360 = CYLINDRICAL_SURFACE ( 'NONE', #861, 7.099999999999995204 ) ;
#6361 = DIRECTION ( 'NONE',  ( 0.000000000000000000, -1.000000000000000000, 0.000000000000000000 ) ) ;
#6362 = EDGE_CURVE ( 'NONE', #4645, #702, #2175, .T. ) ;
#6363 = LINE ( 'NONE', #4030, #1079 ) ;
#6364 = CARTESIAN_POINT ( 'NONE',  ( 57.39999999999999858, -43.02999999999998693, 16.74999999999999289 ) ) ;
#6365 = LINE ( 'NONE', #1980, #3887 ) ;
#6366 = ORIENTED_EDGE ( 'NONE', *, *, #5251, .T. ) ;
#6367 = FACE_OUTER_BOUND ( 'NONE', #3792, .T. ) ;
#6368 = ORIENTED_EDGE ( 'NONE', *, *, #559, .F. ) ;
#6369 = DIRECTION ( 'NONE',  ( 0.000000000000000000, 0.000000000000000000, 1.000000000000000000 ) ) ;
#6370 = EDGE_CURVE ( 'NONE', #305, #6560, #2922, .T. ) ;
#6371 = CARTESIAN_POINT ( 'NONE',  ( -0.2500000000001022515, -71.00000000000002842, -20.24999999999998579 ) ) ;
#6372 = ORIENTED_EDGE ( 'NONE', *, *, #17, .T. ) ;
#6373 = DIRECTION ( 'NONE',  ( 0.000000000000000000, 0.000000000000000000, -1.000000000000000000 ) ) ;
#6374 = CYLINDRICAL_SURFACE ( 'NONE', #6955, 11.39100863496588367 ) ;
#6375 = EDGE_CURVE ( 'NONE', #921, #2286, #6563, .T. ) ;
#6376 = DIRECTION ( 'NONE',  ( -0.000000000000000000, 1.000000000000000000, 4.127223139870470387E-16 ) ) ;
#6377 = VERTEX_POINT ( 'NONE', #5164 ) ;
#6378 = DIRECTION ( 'NONE',  ( -0.000000000000000000, 1.000000000000000000, 4.127223139870470387E-16 ) ) ;
#6379 = ORIENTED_EDGE ( 'NONE', *, *, #2783, .T. ) ;
#6380 = CIRCLE ( 'NONE', #4440, 1.149999999999999911 ) ;
#6381 = CARTESIAN_POINT ( 'NONE',  ( 55.38534710664308136, -67.24999999999998579, -19.88809872202713791 ) ) ;
#6382 = VECTOR ( 'NONE', #1703, 1000.000000000000000 ) ;
#6383 = PLANE ( 'NONE',  #4116 ) ;
#6384 = VECTOR ( 'NONE', #7055, 1000.000000000000000 ) ;
#6385 = CARTESIAN_POINT ( 'NONE',  ( -0.2500000000000557332, -88.21000000000016428, 1.742024500707357683E-14 ) ) ;
#6386 = ORIENTED_EDGE ( 'NONE', *, *, #282, .F. ) ;
#6387 = AXIS2_PLACEMENT_3D ( 'NONE', #1969, #4818, #5321 ) ;
#6388 = DIRECTION ( 'NONE',  ( -1.000000000000000000, -0.000000000000000000, -0.000000000000000000 ) ) ;
#6389 = ORIENTED_EDGE ( 'NONE', *, *, #4520, .T. ) ;
#6390 = ORIENTED_EDGE ( 'NONE', *, *, #5907, .T. ) ;
#6391 = LINE ( 'NONE', #7073, #2544 ) ;
#6392 = AXIS2_PLACEMENT_3D ( 'NONE', #5976, #3713, #6401 ) ;
#6393 = PLANE ( 'NONE',  #3292 ) ;
#6394 = ORIENTED_EDGE ( 'NONE', *, *, #2026, .F. ) ;
#6395 = LINE ( 'NONE', #5972, #5723 ) ;
#6396 = ORIENTED_EDGE ( 'NONE', *, *, #1469, .F. ) ;
#6397 = DIRECTION ( 'NONE',  ( 0.000000000000000000, 0.000000000000000000, -1.000000000000000000 ) ) ;
#6398 = VECTOR ( 'NONE', #6611, 1000.000000000000000 ) ;
#6399 = VERTEX_POINT ( 'NONE', #794 ) ;
#6400 = ORIENTED_EDGE ( 'NONE', *, *, #2991, .T. ) ;
#6401 = DIRECTION ( 'NONE',  ( 0.000000000000000000, 0.000000000000000000, 1.000000000000000000 ) ) ;
#6402 = CIRCLE ( 'NONE', #5160, 0.7499999999999997780 ) ;
#6403 = VECTOR ( 'NONE', #2206, 1000.000000000000000 ) ;
#6404 = DIRECTION ( 'NONE',  ( 0.000000000000000000, 9.938261105567462796E-17, 1.000000000000000000 ) ) ;
#6405 = LINE ( 'NONE', #1445, #2848 ) ;
#6406 = LINE ( 'NONE', #3658, #641 ) ;
#6407 = VECTOR ( 'NONE', #3948, 1000.000000000000000 ) ;
#6408 = DIRECTION ( 'NONE',  ( -0.000000000000000000, -1.000000000000000000, -4.127223139870470387E-16 ) ) ;
#6409 = CARTESIAN_POINT ( 'NONE',  ( 59.39999999999999858, -56.24999999999998579, 18.24999999999998934 ) ) ;
#6410 = EDGE_CURVE ( 'NONE', #5909, #4728, #5097, .T. ) ;
#6411 = EDGE_LOOP ( 'NONE', ( #470, #5487 ) ) ;
#6412 = VECTOR ( 'NONE', #5724, 1000.000000000000000 ) ;
#6413 = PLANE ( 'NONE',  #526 ) ;
#6414 = CIRCLE ( 'NONE', #5850, 1.149999999999999911 ) ;
#6415 = DIRECTION ( 'NONE',  ( 0.000000000000000000, 0.000000000000000000, 1.000000000000000000 ) ) ;
#6416 = EDGE_CURVE ( 'NONE', #7048, #6119, #6442, .T. ) ;
#6417 = DIRECTION ( 'NONE',  ( 0.000000000000000000, 1.000000000000000000, 0.000000000000000000 ) ) ;
#6418 = VERTEX_POINT ( 'NONE', #4650 ) ;
#6419 = DIRECTION ( 'NONE',  ( 0.000000000000000000, 0.000000000000000000, 1.000000000000000000 ) ) ;
#6420 = DIRECTION ( 'NONE',  ( 0.000000000000000000, 0.000000000000000000, 1.000000000000000000 ) ) ;
#6421 = ADVANCED_FACE ( 'NONE', ( #1918 ), #5298, .F. ) ;
#6422 = CARTESIAN_POINT ( 'NONE',  ( -22.41666666666666075, -40.83333333333332149, 6.666666666666655416 ) ) ;
#6423 = ORIENTED_EDGE ( 'NONE', *, *, #966, .T. ) ;
#6424 = PLANE ( 'NONE',  #3386 ) ;
#6425 = DIRECTION ( 'NONE',  ( -7.397540539913467678E-16, 0.000000000000000000, -1.000000000000000000 ) ) ;
#6426 = CARTESIAN_POINT ( 'NONE',  ( 9.595040628271268801, 4.091519595731385017, 0.2965924156800092693 ) ) ;
#6427 = EDGE_CURVE ( 'NONE', #24, #4155, #2455, .T. ) ;
#6428 = VECTOR ( 'NONE', #5703, 1000.000000000000227 ) ;
#6429 = DIRECTION ( 'NONE',  ( -1.000000000000000000, -0.000000000000000000, -0.000000000000000000 ) ) ;
#6430 = ORIENTED_EDGE ( 'NONE', *, *, #6244, .F. ) ;
#6431 = VERTEX_POINT ( 'NONE', #6840 ) ;
#6432 = FACE_OUTER_BOUND ( 'NONE', #7098, .T. ) ;
#6433 = CARTESIAN_POINT ( 'NONE',  ( 55.66409622614292374, -1.561579665708787257, -19.95473532107411785 ) ) ;
#6434 = LINE ( 'NONE', #7008, #4872 ) ;
#6435 = CARTESIAN_POINT ( 'NONE',  ( 59.39999999999999858, 5.021051876504147385E-16, 4.099999999999999645 ) ) ;
#6436 = EDGE_LOOP ( 'NONE', ( #3592, #3457 ) ) ;
#6437 = CARTESIAN_POINT ( 'NONE',  ( 55.57143719827714534, -19.75000000000000355, -20.10607116466634992 ) ) ;
#6438 = LINE ( 'NONE', #4944, #4310 ) ;
#6439 = LINE ( 'NONE', #4835, #4447 ) ;
#6440 = VERTEX_POINT ( 'NONE', #6907 ) ;
#6441 = CARTESIAN_POINT ( 'NONE',  ( 57.39999999999999858, -43.02999999999998693, 18.24999999999999289 ) ) ;
#6442 = CIRCLE ( 'NONE', #4381, 1.149999999999999911 ) ;
#6443 = CYLINDRICAL_SURFACE ( 'NONE', #2927, 0.2866033983652087613 ) ;
#6444 = ORIENTED_EDGE ( 'NONE', *, *, #1748, .F. ) ;
#6445 = CARTESIAN_POINT ( 'NONE',  ( 38.41413931812409999, -40.65361677846749444, -6.999996311609041122 ) ) ;
#6446 = VERTEX_POINT ( 'NONE', #3062 ) ;
#6447 = AXIS2_PLACEMENT_3D ( 'NONE', #4706, #6899, #1936 ) ;
#6448 = ORIENTED_EDGE ( 'NONE', *, *, #2908, .T. ) ;
#6449 = EDGE_CURVE ( 'NONE', #1752, #2440, #791, .T. ) ;
#6450 = VERTEX_POINT ( 'NONE', #4749 ) ;
#6451 = ORIENTED_EDGE ( 'NONE', *, *, #3433, .T. ) ;
#6452 = CARTESIAN_POINT ( 'NONE',  ( 3.500000000000000000, -60.75000000000000711, 13.25000000000000355 ) ) ;
#6453 = PLANE ( 'NONE',  #689 ) ;
#6454 = ORIENTED_EDGE ( 'NONE', *, *, #4042, .T. ) ;
#6455 = EDGE_CURVE ( 'NONE', #4293, #4498, #1828, .T. ) ;
#6456 = DIRECTION ( 'NONE',  ( 0.000000000000000000, -0.7071067811865514585, 0.7071067811865435759 ) ) ;
#6457 = CARTESIAN_POINT ( 'NONE',  ( -3.000000000000000000, -49.63999999999779789, 5.107025913275720086E-12 ) ) ;
#6458 = LINE ( 'NONE', #2628, #1567 ) ;
#6459 = DIRECTION ( 'NONE',  ( 1.000000000000000000, -0.000000000000000000, -0.000000000000000000 ) ) ;
#6460 = ORIENTED_EDGE ( 'NONE', *, *, #338, .F. ) ;
#6461 = ORIENTED_EDGE ( 'NONE', *, *, #1420, .F. ) ;
#6462 = FACE_OUTER_BOUND ( 'NONE', #1712, .T. ) ;
#6463 = ADVANCED_FACE ( 'NONE', ( #1845 ), #4060, .F. ) ;
#6464 = CYLINDRICAL_SURFACE ( 'NONE', #6392, 141.0803369579429614 ) ;
#6465 = FACE_BOUND ( 'NONE', #1811, .T. ) ;
#6466 = LINE ( 'NONE', #2165, #293 ) ;
#6467 = VERTEX_POINT ( 'NONE', #763 ) ;
#6468 = CARTESIAN_POINT ( 'NONE',  ( 57.39999999999999858, -56.24999999999998579, 18.24999999999998934 ) ) ;
#6469 = ORIENTED_EDGE ( 'NONE', *, *, #6176, .T. ) ;
#6471 = ORIENTED_EDGE ( 'NONE', *, *, #4800, .T. ) ;
#6470 = ORIENTED_EDGE ( 'NONE', *, *, #1957, .F. ) ;
#6472 = CARTESIAN_POINT ( 'NONE',  ( 57.89999999999999858, 0.000000000000000000, 8.125000000000000000 ) ) ;
#6473 = VECTOR ( 'NONE', #6425, 1000.000000000000000 ) ;
#6474 = VERTEX_POINT ( 'NONE', #2956 ) ;
#6475 = ADVANCED_FACE ( 'NONE', ( #7079 ), #1539, .T. ) ;
#6476 = CARTESIAN_POINT ( 'NONE',  ( 3.735903773857076615, -19.75000000000000355, -19.95473532107412495 ) ) ;
#6477 = VERTEX_POINT ( 'NONE', #7121 ) ;
#6478 = VECTOR ( 'NONE', #6640, 1000.000000000000000 ) ;
#6479 = DIRECTION ( 'NONE',  ( 0.08688894065010210888, -4.111613999497939375E-16, 0.9962180042504266142 ) ) ;
#6480 = VECTOR ( 'NONE', #2299, 1000.000000000000000 ) ;
#6481 = CARTESIAN_POINT ( 'NONE',  ( 7.404139204434711630, -7.995758452186285226, -0.2940831992696881225 ) ) ;
#6482 = EDGE_LOOP ( 'NONE', ( #1322, #5076, #7043, #1345 ) ) ;
#6483 = ORIENTED_EDGE ( 'NONE', *, *, #1018, .F. ) ;
#6484 = CARTESIAN_POINT ( 'NONE',  ( 56.64999999999985647, -3.769358049814250489, 23.77871965419709710 ) ) ;
#6485 =( BOUNDED_CURVE ( )  B_SPLINE_CURVE ( 3, ( #1449, #3722, #4358, #2021 ),
 .UNSPECIFIED., .F., .T. ) 
 B_SPLINE_CURVE_WITH_KNOTS ( ( 4, 4 ),
 ( 3.210827776018634339, 4.712388980384689674 ),
 .UNSPECIFIED. ) 
 CURVE ( )  GEOMETRIC_REPRESENTATION_ITEM ( )  RATIONAL_B_SPLINE_CURVE ( ( 1.000000000000000000, 0.8207710382001307536, 0.8207710382001307536, 1.000000000000000000 ) ) 
 REPRESENTATION_ITEM ( '' )  );
#6486 = CARTESIAN_POINT ( 'NONE',  ( 55.64987799996399787, -1.595918493968391028, -20.01421191629213325 ) ) ;
#6487 = VERTEX_POINT ( 'NONE', #4786 ) ;
#6488 = ORIENTED_EDGE ( 'NONE', *, *, #3748, .F. ) ;
#6489 = DIRECTION ( 'NONE',  ( 0.000000000000000000, 0.000000000000000000, 1.000000000000000000 ) ) ;
#6490 = EDGE_LOOP ( 'NONE', ( #3634, #937, #6277, #2726 ) ) ;
#6491 = DIRECTION ( 'NONE',  ( 0.000000000000000000, -1.000000000000000000, 0.000000000000000000 ) ) ;
#6492 = LINE ( 'NONE', #1533, #6878 ) ;
#6493 = ADVANCED_FACE ( 'NONE', ( #6432 ), #3238, .T. ) ;
#6494 = CARTESIAN_POINT ( 'NONE',  ( 13.50000000000000178, 0.000000000000000000, 8.000000000000000000 ) ) ;
#6495 = EDGE_LOOP ( 'NONE', ( #5176, #3430, #4152, #5191 ) ) ;
#6496 = CIRCLE ( 'NONE', #6961, 0.2866033983652087613 ) ;
#6497 = EDGE_LOOP ( 'NONE', ( #1843, #4072, #788, #7063 ) ) ;
#6498 = CARTESIAN_POINT ( 'NONE',  ( 0.09250126221687780814, -2.324491549274044111, 21.27613746510720816 ) ) ;
#6499 = DIRECTION ( 'NONE',  ( -0.000000000000000000, 1.000000000000000000, 4.127223139870470387E-16 ) ) ;
#6500 = VECTOR ( 'NONE', #4726, 1000.000000000000000 ) ;
#6501 = CARTESIAN_POINT ( 'NONE',  ( 1.020000000025375719, -15.21944764235372993, -11.11534759458924171 ) ) ;
#6502 = VECTOR ( 'NONE', #3321, 1000.000000000000000 ) ;
#6503 = DIRECTION ( 'NONE',  ( 0.000000000000000000, 0.000000000000000000, -1.000000000000000000 ) ) ;
#6504 = ADVANCED_FACE ( 'NONE', ( #5871 ), #5470, .F. ) ;
#6505 = DIRECTION ( 'NONE',  ( 0.000000000000000000, -1.000000000000000000, 0.000000000000000000 ) ) ;
#6506 = VECTOR ( 'NONE', #5792, 1000.000000000000000 ) ;
#6507 = ORIENTED_EDGE ( 'NONE', *, *, #5466, .T. ) ;
#6508 = DIRECTION ( 'NONE',  ( 0.000000000000000000, 1.290356640211203334E-07, -0.9999999999999916733 ) ) ;
#6509 = CIRCLE ( 'NONE', #6283, 1.149999999999999911 ) ;
#6510 = VECTOR ( 'NONE', #4244, 1000.000000000000000 ) ;
#6511 = CARTESIAN_POINT ( 'NONE',  ( 2.249999999999900524, -72.03553390593276617, -20.24999999999998579 ) ) ;
#6512 = VERTEX_POINT ( 'NONE', #3204 ) ;
#6513 = DIRECTION ( 'NONE',  ( 1.000000000000000000, 0.000000000000000000, 0.000000000000000000 ) ) ;
#6514 = DIRECTION ( 'NONE',  ( 0.000000000000000000, 0.000000000000000000, -1.000000000000000000 ) ) ;
#6515 = CARTESIAN_POINT ( 'NONE',  ( 8.500000000000003553, -15.00000000000000000, -1.125000000000000444 ) ) ;
#6516 = CARTESIAN_POINT ( 'NONE',  ( 7.600437786873158963, 7.970757540278666120, 0.6912879081419885940 ) ) ;
#6517 = VERTEX_POINT ( 'NONE', #458 ) ;
#6518 = VECTOR ( 'NONE', #5184, 1000.000000000000000 ) ;
#6519 = ORIENTED_EDGE ( 'NONE', *, *, #5466, .F. ) ;
#6520 = ORIENTED_EDGE ( 'NONE', *, *, #5214, .T. ) ;
#6521 = CARTESIAN_POINT ( 'NONE',  ( -0.8000000000000000444, -20.93691467762551639, -8.242286694061697006 ) ) ;
#6522 = AXIS2_PLACEMENT_3D ( 'NONE', #5173, #4513, #2837 ) ;
#6523 = AXIS2_PLACEMENT_3D ( 'NONE', #2833, #5020, #5602 ) ;
#6524 = LINE ( 'NONE', #917, #5433 ) ;
#6525 = VERTEX_POINT ( 'NONE', #4239 ) ;
#6526 = CARTESIAN_POINT ( 'NONE',  ( 1.020000000025267362, -32.11500000000139465, -10.80000000000469740 ) ) ;
#6527 = AXIS2_PLACEMENT_3D ( 'NONE', #2017, #4350, #1583 ) ;
#6528 = DIRECTION ( 'NONE',  ( 0.000000000000000000, 0.000000000000000000, -1.000000000000000000 ) ) ;
#6529 = CARTESIAN_POINT ( 'NONE',  ( 69.40000000000000568, -61.24999999999998579, 15.24999999999998934 ) ) ;
#6530 = ORIENTED_EDGE ( 'NONE', *, *, #3548, .F. ) ;
#6531 = CARTESIAN_POINT ( 'NONE',  ( 63.15100000000038705, -105.9100000000000108, -1.095445750570579008E-15 ) ) ;
#6532 = EDGE_CURVE ( 'NONE', #2181, #6044, #6309, .T. ) ;
#6533 = VERTEX_POINT ( 'NONE', #6534 ) ;
#6534 = CARTESIAN_POINT ( 'NONE',  ( 55.89999999999999858, 0.000000000000000000, 17.24999999999999645 ) ) ;
#6535 = DIRECTION ( 'NONE',  ( 0.000000000000000000, -1.000000000000000000, 0.000000000000000000 ) ) ;
#6536 = ORIENTED_EDGE ( 'NONE', *, *, #6209, .F. ) ;
#6537 = DIRECTION ( 'NONE',  ( -1.000000000000000000, -2.529146437248129668E-15, 2.920409892216848119E-16 ) ) ;
#6538 = CARTESIAN_POINT ( 'NONE',  ( 1.020000000025375719, -15.77875288874589899, -11.66180175579101252 ) ) ;
#6539 = EDGE_CURVE ( 'NONE', #5601, #5889, #7006, .T. ) ;
#6540 = VERTEX_POINT ( 'NONE', #1473 ) ;
#6541 = FACE_OUTER_BOUND ( 'NONE', #1764, .T. ) ;
#6542 = CARTESIAN_POINT ( 'NONE',  ( 7.601069400118966257, 4.042552506993793315, 0.6919816049124267732 ) ) ;
#6543 = LINE ( 'NONE', #1046, #854 ) ;
#6544 = ORIENTED_EDGE ( 'NONE', *, *, #5819, .F. ) ;
#6545 = PLANE ( 'NONE',  #856 ) ;
#6546 = CARTESIAN_POINT ( 'NONE',  ( 55.89999999999999858, 0.000000000000000000, -9.275000000000000355 ) ) ;
#6547 = ORIENTED_EDGE ( 'NONE', *, *, #4211, .T. ) ;
#6548 = EDGE_CURVE ( 'NONE', #5109, #6072, #3089, .T. ) ;
#6549 = ADVANCED_FACE ( 'NONE', ( #6462 ), #1037, .T. ) ;
#6550 = DIRECTION ( 'NONE',  ( 0.000000000000000000, 0.000000000000000000, -1.000000000000000000 ) ) ;
#6551 = ORIENTED_EDGE ( 'NONE', *, *, #5303, .F. ) ;
#6552 = CARTESIAN_POINT ( 'NONE',  ( 63.15100000000034441, -88.20999999999999375, -1.095445750570579008E-15 ) ) ;
#6553 = CARTESIAN_POINT ( 'NONE',  ( 58.91776695296645983, -70.26776695296639730, -20.24999999999998579 ) ) ;
#6554 = ORIENTED_EDGE ( 'NONE', *, *, #1503, .F. ) ;
#6555 = CARTESIAN_POINT ( 'NONE',  ( 11.21526601878286655, -67.25000000000000000, 11.87653491542464046 ) ) ;
#6556 = ORIENTED_EDGE ( 'NONE', *, *, #5244, .F. ) ;
#6557 = EDGE_CURVE ( 'NONE', #3085, #3337, #3751, .T. ) ;
#6558 = EDGE_CURVE ( 'NONE', #6517, #5524, #2759, .T. ) ;
#6559 = ORIENTED_EDGE ( 'NONE', *, *, #3837, .F. ) ;
#6560 = VERTEX_POINT ( 'NONE', #3711 ) ;
#6561 = CARTESIAN_POINT ( 'NONE',  ( 1.020000000025417242, -32.11500000000251731, 9.303042912640844264 ) ) ;
#6562 = EDGE_LOOP ( 'NONE', ( #54, #4445, #4609, #4338 ) ) ;
#6563 = CIRCLE ( 'NONE', #5766, 17.70000000000000639 ) ;
#6564 = DIRECTION ( 'NONE',  ( -7.346553854595111942E-15, 1.902368341696333409E-08, -0.9999999999999998890 ) ) ;
#6565 = EDGE_CURVE ( 'NONE', #5889, #1587, #3578, .T. ) ;
#6566 = VERTEX_POINT ( 'NONE', #5400 ) ;
#6567 = CARTESIAN_POINT ( 'NONE',  ( 55.89999999999999858, -61.24999999999998579, -10.24999999999998757 ) ) ;
#6568 = DIRECTION ( 'NONE',  ( 1.832454376031839558E-15, -1.000000000000000000, 0.000000000000000000 ) ) ;
#6569 = AXIS2_PLACEMENT_3D ( 'NONE', #5427, #2656, #2547 ) ;
#6570 = DIRECTION ( 'NONE',  ( -1.478479105144341113E-15, -0.7071067811865515695, 0.7071067811865435759 ) ) ;
#6571 = ORIENTED_EDGE ( 'NONE', *, *, #3059, .T. ) ;
#6572 = CARTESIAN_POINT ( 'NONE',  ( -2.250000000000000444, -49.63999999999779789, 5.107025913275720086E-12 ) ) ;
#6573 = VERTEX_POINT ( 'NONE', #4378 ) ;
#6574 = DIRECTION ( 'NONE',  ( 0.000000000000000000, 0.000000000000000000, -1.000000000000000000 ) ) ;
#6575 = DIRECTION ( 'NONE',  ( 1.000000000000000000, 0.000000000000000000, 0.000000000000000000 ) ) ;
#6576 = EDGE_LOOP ( 'NONE', ( #2568, #3568, #2288, #478 ) ) ;
#6577 = CARTESIAN_POINT ( 'NONE',  ( 57.39999999999999858, -36.52999999999998693, -10.24999999999998401 ) ) ;
#6578 = DIRECTION ( 'NONE',  ( 0.000000000000000000, 0.000000000000000000, 1.000000000000000000 ) ) ;
#6579 = EDGE_LOOP ( 'NONE', ( #5746, #6011, #3876, #484 ) ) ;
#6580 = FILL_AREA_STYLE_COLOUR ( '', #2842 ) ;
#6581 = FACE_OUTER_BOUND ( 'NONE', #3944, .T. ) ;
#6582 = ORIENTED_EDGE ( 'NONE', *, *, #1864, .F. ) ;
#6583 = VERTEX_POINT ( 'NONE', #3654 ) ;
#6584 = DIRECTION ( 'NONE',  ( -0.000000000000000000, 1.000000000000000000, -0.000000000000000000 ) ) ;
#6585 = ORIENTED_EDGE ( 'NONE', *, *, #5079, .T. ) ;
#6586 = DIRECTION ( 'NONE',  ( 1.000000000000000000, -0.000000000000000000, -0.000000000000000000 ) ) ;
#6587 = EDGE_LOOP ( 'NONE', ( #1143, #6027, #1635, #3646 ) ) ;
#6588 = FACE_OUTER_BOUND ( 'NONE', #1451, .T. ) ;
#6589 = LINE ( 'NONE', #3108, #4792 ) ;
#6590 = AXIS2_PLACEMENT_3D ( 'NONE', #3537, #4646, #1806 ) ;
#6591 = DIRECTION ( 'NONE',  ( 0.000000000000000000, 1.080865800197198721E-06, -0.9999999999994159117 ) ) ;
#6592 = EDGE_CURVE ( 'NONE', #6745, #5383, #7018, .T. ) ;
#6593 = DIRECTION ( 'NONE',  ( -1.000000000000000000, 0.000000000000000000, 0.000000000000000000 ) ) ;
#6594 = EDGE_CURVE ( 'NONE', #2896, #6816, #5975, .T. ) ;
#6595 = ORIENTED_EDGE ( 'NONE', *, *, #6370, .F. ) ;
#6596 = ORIENTED_EDGE ( 'NONE', *, *, #6705, .T. ) ;
#6597 = ORIENTED_EDGE ( 'NONE', *, *, #4451, .T. ) ;
#6598 = CARTESIAN_POINT ( 'NONE',  ( 8.204297337112558708, -3.951407487261500595, -1.095340447286943686 ) ) ;
#6599 = VECTOR ( 'NONE', #7147, 1000.000000000000000 ) ;
#6600 = EDGE_CURVE ( 'NONE', #2147, #1790, #319, .T. ) ;
#6601 = DIRECTION ( 'NONE',  ( 2.523679633130099972E-15, 1.000000000000000000, 0.000000000000000000 ) ) ;
#6602 = VERTEX_POINT ( 'NONE', #4302 ) ;
#6603 = EDGE_LOOP ( 'NONE', ( #2988, #4692, #1968, #3815 ) ) ;
#6604 = CARTESIAN_POINT ( 'NONE',  ( -0.8000000000000020428, -16.33184324812957300, 11.86018697004518963 ) ) ;
#6605 = DIRECTION ( 'NONE',  ( 0.000000000000000000, 0.000000000000000000, -1.000000000000000000 ) ) ;
#6606 = DIRECTION ( 'NONE',  ( -0.000000000000000000, 1.000000000000000000, -0.000000000000000000 ) ) ;
#6607 = CARTESIAN_POINT ( 'NONE',  ( 59.39999999999999858, -43.02999999999998693, 16.74999999999999289 ) ) ;
#6608 = CARTESIAN_POINT ( 'NONE',  ( -0.8000000000000000444, -16.52954290413744332, -11.86002913982032503 ) ) ;
#6609 = ORIENTED_EDGE ( 'NONE', *, *, #1920, .F. ) ;
#6610 = CARTESIAN_POINT ( 'NONE',  ( -2.000000000000000000, -16.89000000000251944, -9.100000000004714096 ) ) ;
#6611 = DIRECTION ( 'NONE',  ( 3.478107466645892105E-15, 0.9999999999984094945, -1.783514044786382919E-06 ) ) ;
#6612 = ORIENTED_EDGE ( 'NONE', *, *, #806, .T. ) ;
#6613 = LINE ( 'NONE', #6699, #3229 ) ;
#6614 = VECTOR ( 'NONE', #1662, 1000.000000000000000 ) ;
#6615 = ORIENTED_EDGE ( 'NONE', *, *, #6632, .T. ) ;
#6616 = CARTESIAN_POINT ( 'NONE',  ( 1.020000000025375719, -15.18200551005773669, 11.02518507328145247 ) ) ;
#6617 = CARTESIAN_POINT ( 'NONE',  ( 57.89999999999999858, 2.755455298081545764E-16, 10.37500000000000000 ) ) ;
#6618 = VECTOR ( 'NONE', #608, 1000.000000000000000 ) ;
#6619 = DIRECTION ( 'NONE',  ( -0.000000000000000000, 1.000000000000000000, -0.000000000000000000 ) ) ;
#6620 = EDGE_LOOP ( 'NONE', ( #486, #5864, #368, #3391, #6055, #6780 ) ) ;
#6621 = VERTEX_POINT ( 'NONE', #1002 ) ;
#6622 = DIRECTION ( 'NONE',  ( 0.000000000000000000, 1.000000000000000000, 0.000000000000000000 ) ) ;
#6623 = DIRECTION ( 'NONE',  ( 1.000000000000000000, -0.000000000000000000, -0.000000000000000000 ) ) ;
#6624 = AXIS2_PLACEMENT_3D ( 'NONE', #6552, #3768, #4948 ) ;
#6625 = ORIENTED_EDGE ( 'NONE', *, *, #2187, .T. ) ;
#6626 = CARTESIAN_POINT ( 'NONE',  ( 13.50000000000000178, 0.000000000000000000, 0.000000000000000000 ) ) ;
#6627 = VECTOR ( 'NONE', #2831, 1000.000000000000000 ) ;
#6628 = ORIENTED_EDGE ( 'NONE', *, *, #1965, .F. ) ;
#6629 = LINE ( 'NONE', #3340, #5496 ) ;
#6630 = VECTOR ( 'NONE', #1273, 1000.000000000000000 ) ;
#6631 = DIRECTION ( 'NONE',  ( 0.000000000000000000, 1.251123237157643934E-06, 0.9999999999992172928 ) ) ;
#6632 = EDGE_CURVE ( 'NONE', #6925, #2291, #6653, .T. ) ;
#6633 = CARTESIAN_POINT ( 'NONE',  ( 55.57143719827714534, -23.25000000000000711, 20.10607116466634281 ) ) ;
#6634 = ORIENTED_EDGE ( 'NONE', *, *, #6993, .T. ) ;
#6635 = ORIENTED_EDGE ( 'NONE', *, *, #6416, .F. ) ;
#6636 = VECTOR ( 'NONE', #3401, 1000.000000000000000 ) ;
#6637 = ORIENTED_EDGE ( 'NONE', *, *, #925, .T. ) ;
#6638 = ORIENTED_EDGE ( 'NONE', *, *, #4539, .T. ) ;
#6639 = EDGE_CURVE ( 'NONE', #883, #3345, #1255, .T. ) ;
#6640 = DIRECTION ( 'NONE',  ( -0.7071067811865527908, 0.7071067811865422437, -0.000000000000000000 ) ) ;
#6641 = ADVANCED_FACE ( 'NONE', ( #3826 ), #6113, .F. ) ;
#6642 = VECTOR ( 'NONE', #6591, 1000.000000000000114 ) ;
#6643 = CARTESIAN_POINT ( 'NONE',  ( 57.89999999999999858, 0.000000000000000000, -8.125000000000000000 ) ) ;
#6644 = ORIENTED_EDGE ( 'NONE', *, *, #1864, .T. ) ;
#6645 = CARTESIAN_POINT ( 'NONE',  ( -0.8000000000000020428, -15.22817469490355968, 11.11121065079267289 ) ) ;
#6646 = CARTESIAN_POINT ( 'NONE',  ( -4.249999999999994671, -88.21000000000016428, 1.858840896396029832E-14 ) ) ;
#6647 = EDGE_CURVE ( 'NONE', #3812, #4498, #3903, .T. ) ;
#6648 = CIRCLE ( 'NONE', #3639, 4.099999999999999645 ) ;
#6649 = DIRECTION ( 'NONE',  ( 1.000000000000000000, -0.000000000000000000, -0.000000000000000000 ) ) ;
#6650 = VECTOR ( 'NONE', #3216, 1000.000000000000114 ) ;
#6651 = ADVANCED_FACE ( 'NONE', ( #6037 ), #4494, .F. ) ;
#6652 = CARTESIAN_POINT ( 'NONE',  ( 55.89999999999999858, -43.02999999999998693, -15.24999999999998579 ) ) ;
#6653 = LINE ( 'NONE', #3390, #3559 ) ;
#6654 = CARTESIAN_POINT ( 'NONE',  ( 1.020000000025403253, -38.88999999621501757, 10.79999999999530225 ) ) ;
#6655 = ORIENTED_EDGE ( 'NONE', *, *, #5816, .T. ) ;
#6656 = AXIS2_PLACEMENT_3D ( 'NONE', #5748, #198, #6825 ) ;
#6657 = FACE_OUTER_BOUND ( 'NONE', #5890, .T. ) ;
#6658 = DIRECTION ( 'NONE',  ( 0.000000000000000000, 0.000000000000000000, 1.000000000000000000 ) ) ;
#6659 = ADVANCED_FACE ( 'NONE', ( #1075, #3319 ), #3280, .T. ) ;
#6660 = ORIENTED_EDGE ( 'NONE', *, *, #2044, .T. ) ;
#6661 = CARTESIAN_POINT ( 'NONE',  ( 9.110854841707393348, -5.357248103745021695, 26.52902590443854791 ) ) ;
#6662 = DIRECTION ( 'NONE',  ( 0.000000000000000000, 1.000000000000000000, -1.328017972039660961E-16 ) ) ;
#6663 = AXIS2_PLACEMENT_3D ( 'NONE', #1264, #4573, #1732 ) ;
#6664 = ORIENTED_EDGE ( 'NONE', *, *, #5618, .F. ) ;
#6665 = EDGE_CURVE ( 'NONE', #6072, #6431, #6150, .T. ) ;
#6666 = FACE_OUTER_BOUND ( 'NONE', #2924, .T. ) ;
#6667 = ORIENTED_EDGE ( 'NONE', *, *, #3765, .F. ) ;
#6668 = CARTESIAN_POINT ( 'NONE',  ( 55.64999999999984936, 2.000000000000000444, 22.77871965419709355 ) ) ;
#6669 = DIRECTION ( 'NONE',  ( -1.000000000000000000, -0.000000000000000000, -0.000000000000000000 ) ) ;
#6670 = ORIENTED_EDGE ( 'NONE', *, *, #4355, .T. ) ;
#6671 = DIRECTION ( 'NONE',  ( 0.000000000000000000, 0.000000000000000000, 1.000000000000000000 ) ) ;
#6672 = ORIENTED_EDGE ( 'NONE', *, *, #4410, .T. ) ;
#6673 = CARTESIAN_POINT ( 'NONE',  ( 55.89999999999999858, 8.125000000000000000, 0.000000000000000000 ) ) ;
#6674 = AXIS2_PLACEMENT_3D ( 'NONE', #1415, #1891, #3106 ) ;
#6675 = ORIENTED_EDGE ( 'NONE', *, *, #2435, .F. ) ;
#6676 = EDGE_LOOP ( 'NONE', ( #3931, #3644, #6754, #6507 ) ) ;
#6677 = CARTESIAN_POINT ( 'NONE',  ( 55.38534710664308136, -67.24999999999998579, -19.88809872202713791 ) ) ;
#6678 = FACE_OUTER_BOUND ( 'NONE', #94, .T. ) ;
#6679 = ORIENTED_EDGE ( 'NONE', *, *, #2183, .F. ) ;
#6680 = ORIENTED_EDGE ( 'NONE', *, *, #1419, .F. ) ;
#6681 = EDGE_LOOP ( 'NONE', ( #2870, #4164, #5572, #153, #4448, #1507, #2247, #4257 ) ) ;
#6682 = ORIENTED_EDGE ( 'NONE', *, *, #3473, .T. ) ;
#6683 = ORIENTED_EDGE ( 'NONE', *, *, #2691, .F. ) ;
#6684 = CARTESIAN_POINT ( 'NONE',  ( 7.517415845442147138, -4.062867244382636578, 0.5671061786080727751 ) ) ;
#6685 = DIRECTION ( 'NONE',  ( 0.000000000000000000, 0.000000000000000000, -1.000000000000000000 ) ) ;
#6686 = EDGE_CURVE ( 'NONE', #4557, #477, #7148, .T. ) ;
#6687 = ORIENTED_EDGE ( 'NONE', *, *, #6557, .F. ) ;
#6688 = CARTESIAN_POINT ( 'NONE',  ( 38.41413931812409999, -38.89000006817515498, 6.999999459518204681 ) ) ;
#6689 = DIRECTION ( 'NONE',  ( 2.011273595335426847E-16, -0.000000000000000000, 1.000000000000000000 ) ) ;
#6690 = AXIS2_PLACEMENT_3D ( 'NONE', #3577, #3024, #1944 ) ;
#6691 = ORIENTED_EDGE ( 'NONE', *, *, #719, .F. ) ;
#6692 = CARTESIAN_POINT ( 'NONE',  ( 8.500000000000003553, -15.00000000000000000, -1.125000000000000444 ) ) ;
#6693 = DIRECTION ( 'NONE',  ( 0.000000000000000000, 0.000000000000000000, -1.000000000000000000 ) ) ;
#6694 = EDGE_CURVE ( 'NONE', #6230, #3193, #1148, .T. ) ;
#6695 = ORIENTED_EDGE ( 'NONE', *, *, #4768, .F. ) ;
#6696 = CARTESIAN_POINT ( 'NONE',  ( 3.500000000000000000, -67.25000000000000000, 17.24999999999999645 ) ) ;
#6697 = CARTESIAN_POINT ( 'NONE',  ( 55.89999999999999858, -8.125000000000000000, 0.000000000000000000 ) ) ;
#6698 = AXIS2_PLACEMENT_3D ( 'NONE', #2300, #531, #1107 ) ;
#6699 = CARTESIAN_POINT ( 'NONE',  ( 59.39999999999999858, -38.02999999999998693, 17.25000000000000711 ) ) ;
#6700 = ORIENTED_EDGE ( 'NONE', *, *, #778, .F. ) ;
#6701 = FACE_OUTER_BOUND ( 'NONE', #2172, .T. ) ;
#6702 = CARTESIAN_POINT ( 'NONE',  ( 8.500000000000003553, -3.942635539838801328, -1.125000000000000444 ) ) ;
#6703 = CARTESIAN_POINT ( 'NONE',  ( 3.735903773857076615, -23.25000000000000711, 19.95473532107411785 ) ) ;
#6704 = DIRECTION ( 'NONE',  ( 0.000000000000000000, 0.000000000000000000, 1.000000000000000000 ) ) ;
#6705 = EDGE_CURVE ( 'NONE', #4875, #3402, #66, .T. ) ;
#6706 = ORIENTED_EDGE ( 'NONE', *, *, #1694, .F. ) ;
#6707 = ORIENTED_EDGE ( 'NONE', *, *, #3731, .T. ) ;
#6708 = CARTESIAN_POINT ( 'NONE',  ( -0.7999999999999882760, -38.75000000000000000, 10.75000000000000000 ) ) ;
#6709 = EDGE_CURVE ( 'NONE', #3778, #482, #2405, .T. ) ;
#6710 = ORIENTED_EDGE ( 'NONE', *, *, #4539, .F. ) ;
#6711 = PLANE ( 'NONE',  #4347 ) ;
#6712 = DIRECTION ( 'NONE',  ( 1.000000000000000000, 0.000000000000000000, -7.397540539913467678E-16 ) ) ;
#6713 = CARTESIAN_POINT ( 'NONE',  ( 55.89999999999999858, -8.125000000000000000, -1.149999999999999911 ) ) ;
#6714 = CARTESIAN_POINT ( 'NONE',  ( 57.89999999999999858, 0.000000000000000000, -8.125000000000000000 ) ) ;
#6715 = ORIENTED_EDGE ( 'NONE', *, *, #4867, .F. ) ;
#6716 = EDGE_CURVE ( 'NONE', #3248, #5283, #30, .T. ) ;
#6717 = VERTEX_POINT ( 'NONE', #1763 ) ;
#6718 = CIRCLE ( 'NONE', #4287, 5.000000000000000888 ) ;
#6719 = CARTESIAN_POINT ( 'NONE',  ( 7.375062233887080154, -4.099982923629944764, 0.1480421745635059350 ) ) ;
#6720 = CARTESIAN_POINT ( 'NONE',  ( -2.001000000000280110, -88.20999999999999375, -5.843740194326132077E-16 ) ) ;
#6721 = CIRCLE ( 'NONE', #4880, 4.099999999999999645 ) ;
#6722 = ORIENTED_EDGE ( 'NONE', *, *, #3188, .T. ) ;
#6723 = ORIENTED_EDGE ( 'NONE', *, *, #5426, .F. ) ;
#6724 = CARTESIAN_POINT ( 'NONE',  ( 55.89999999999999858, -56.24999999999998579, 15.24999999999998934 ) ) ;
#6725 = ORIENTED_EDGE ( 'NONE', *, *, #515, .T. ) ;
#6726 = VERTEX_POINT ( 'NONE', #2308 ) ;
#6727 = CARTESIAN_POINT ( 'NONE',  ( 36.07000000001264794, -23.25000000000000711, -24.10839105143930539 ) ) ;
#6728 = CARTESIAN_POINT ( 'NONE',  ( 55.89999999999999858, -23.25000000000000355, -17.25000000000000000 ) ) ;
#6729 = CARTESIAN_POINT ( 'NONE',  ( 0.000000000000000000, -63.25000000000000000, -15.75000000000001776 ) ) ;
#6730 = ORIENTED_EDGE ( 'NONE', *, *, #1223, .T. ) ;
#6731 = CARTESIAN_POINT ( 'NONE',  ( 8.500000000000003553, -7.920503456220443717, 1.125000000000000444 ) ) ;
#6732 = VERTEX_POINT ( 'NONE', #6729 ) ;
#6733 = DIRECTION ( 'NONE',  ( 0.000000000000000000, -1.000000000000000000, -0.000000000000000000 ) ) ;
#6734 = CARTESIAN_POINT ( 'NONE',  ( 40.07000000001264794, -73.25000000000000000, -26.00793539950940669 ) ) ;
#6735 = CARTESIAN_POINT ( 'NONE',  ( -0.8000000000000020428, -15.40014665451483111, 11.35139346683484973 ) ) ;
#6736 = ADVANCED_FACE ( 'NONE', ( #3977 ), #4966, .T. ) ;
#6737 = CARTESIAN_POINT ( 'NONE',  ( 0.4822330470335485231, -70.26776695296639730, -20.24999999999998579 ) ) ;
#6738 = DIRECTION ( 'NONE',  ( -1.000000000000000000, -0.000000000000000000, -0.000000000000000000 ) ) ;
#6739 = CARTESIAN_POINT ( 'NONE',  ( -0.8000000000000000444, -13.50000000000000000, -13.25000000000002487 ) ) ;
#6740 = ORIENTED_EDGE ( 'NONE', *, *, #3013, .T. ) ;
#6741 = ORIENTED_EDGE ( 'NONE', *, *, #4211, .F. ) ;
#6742 = VERTEX_POINT ( 'NONE', #7155 ) ;
#6743 = CARTESIAN_POINT ( 'NONE',  ( 15.93307604052868243, -5.922945664376155328, 27.50884282116938451 ) ) ;
#6744 = AXIS2_PLACEMENT_3D ( 'NONE', #1994, #5280, #655 ) ;
#6745 = VERTEX_POINT ( 'NONE', #1653 ) ;
#6746 = LINE ( 'NONE', #4477, #5854 ) ;
#6747 = EDGE_CURVE ( 'NONE', #4875, #2329, #4419, .T. ) ;
#6748 = DIRECTION ( 'NONE',  ( 7.346553920759682830E-15, -6.025932307130908246E-13, 1.000000000000000000 ) ) ;
#6749 = AXIS2_PLACEMENT_3D ( 'NONE', #2354, #37, #4025 ) ;
#6750 = FACE_OUTER_BOUND ( 'NONE', #412, .T. ) ;
#6751 = EDGE_CURVE ( 'NONE', #1295, #2822, #3918, .T. ) ;
#6752 = CIRCLE ( 'NONE', #3617, 2.500000000000002220 ) ;
#6753 = LINE ( 'NONE', #5607, #3145 ) ;
#6754 = ORIENTED_EDGE ( 'NONE', *, *, #2399, .T. ) ;
#6755 = AXIS2_PLACEMENT_3D ( 'NONE', #6371, #1412, #5844 ) ;
#6756 = CYLINDRICAL_SURFACE ( 'NONE', #2098, 1.200000000000001510 ) ;
#6757 = VECTOR ( 'NONE', #4604, 1000.000000000000000 ) ;
#6758 = ORIENTED_EDGE ( 'NONE', *, *, #5799, .F. ) ;
#6759 = AXIS2_PLACEMENT_3D ( 'NONE', #1951, #4110, #3030 ) ;
#6760 = VERTEX_POINT ( 'NONE', #2884 ) ;
#6761 = AXIS2_PLACEMENT_3D ( 'NONE', #1409, #4689, #2995 ) ;
#6762 = VERTEX_POINT ( 'NONE', #6608 ) ;
#6763 = LINE ( 'NONE', #6211, #2360 ) ;
#6764 = FACE_OUTER_BOUND ( 'NONE', #6967, .T. ) ;
#6765 = VECTOR ( 'NONE', #2011, 1000.000000000000000 ) ;
#6766 = CARTESIAN_POINT ( 'NONE',  ( 59.40000000000000568, -67.25000000000000000, 20.25000000000001421 ) ) ;
#6767 = CARTESIAN_POINT ( 'NONE',  ( 0.000000000000000000, 0.000000000000000000, 17.24999999999999645 ) ) ;
#6768 = ORIENTED_EDGE ( 'NONE', *, *, #3986, .F. ) ;
#6769 = CARTESIAN_POINT ( 'NONE',  ( -0.9380297132551889128, -11.93802971325520090, -6.252446912253257771 ) ) ;
#6770 = ORIENTED_EDGE ( 'NONE', *, *, #3777, .F. ) ;
#6771 = CARTESIAN_POINT ( 'NONE',  ( 4.014652893356916330, -67.25000000000000000, 19.88809872202711304 ) ) ;
#6772 = VECTOR ( 'NONE', #4418, 1000.000000000000000 ) ;
#6773 = LINE ( 'NONE', #6084, #6828 ) ;
#6774 = CARTESIAN_POINT ( 'NONE',  ( -0.8000000000000000444, -16.52983831628184319, 11.86003260712139884 ) ) ;
#6775 = EDGE_CURVE ( 'NONE', #822, #4031, #5994, .T. ) ;
#6776 = CARTESIAN_POINT ( 'NONE',  ( -2.000000000000000000, -16.89000000000251944, 10.24999999999528733 ) ) ;
#6777 = DIRECTION ( 'NONE',  ( 0.000000000000000000, -1.290356640211203334E-07, 0.9999999999999916733 ) ) ;
#6778 = CARTESIAN_POINT ( 'NONE',  ( 55.38534710664308136, -67.25000000000000000, 19.88809872202711304 ) ) ;
#6779 = ORIENTED_EDGE ( 'NONE', *, *, #4044, .T. ) ;
#6780 = ORIENTED_EDGE ( 'NONE', *, *, #3314, .F. ) ;
#6781 = CARTESIAN_POINT ( 'NONE',  ( 34.51999872291127502, -19.75000000000000355, 12.55999940691883410 ) ) ;
#6782 = EDGE_CURVE ( 'NONE', #2609, #718, #4328, .T. ) ;
#6783 = ORIENTED_EDGE ( 'NONE', *, *, #2920, .F. ) ;
#6784 = CYLINDRICAL_SURFACE ( 'NONE', #2599, 1.149999999999998135 ) ;
#6785 = CARTESIAN_POINT ( 'NONE',  ( 50.28914515829260523, -5.357248103745028800, -26.52902590443859054 ) ) ;
#6786 = DIRECTION ( 'NONE',  ( 0.000000000000000000, 1.000000000000000000, -0.000000000000000000 ) ) ;
#6787 = EDGE_CURVE ( 'NONE', #3442, #2629, #2447, .T. ) ;
#6788 = CARTESIAN_POINT ( 'NONE',  ( 0.000000000000000000, -11.00000000000000000, -15.75000000000002487 ) ) ;
#6789 = ORIENTED_EDGE ( 'NONE', *, *, #1761, .F. ) ;
#6790 = ORIENTED_EDGE ( 'NONE', *, *, #3964, .F. ) ;
#6791 = LINE ( 'NONE', #2776, #5793 ) ;
#6792 = CARTESIAN_POINT ( 'NONE',  ( 59.39999999999999858, -61.24999999999998579, 10.24999999999998757 ) ) ;
#6793 = EDGE_LOOP ( 'NONE', ( #5048, #3114, #648, #6960 ) ) ;
#6794 = EDGE_CURVE ( 'NONE', #6573, #2997, #1594, .T. ) ;
#6795 = EDGE_CURVE ( 'NONE', #5556, #6021, #5087, .T. ) ;
#6796 = VERTEX_POINT ( 'NONE', #5751 ) ;
#6797 = CARTESIAN_POINT ( 'NONE',  ( 13.50000000000000178, 9.797174393178825657E-16, -8.000000000000000000 ) ) ;
#6798 = DIRECTION ( 'NONE',  ( 0.000000000000000000, 0.000000000000000000, 1.000000000000000000 ) ) ;
#6799 = CARTESIAN_POINT ( 'NONE',  ( 3.500000000000000000, 0.000000000000000000, 8.000000000000000000 ) ) ;
#6800 = DIRECTION ( 'NONE',  ( -1.000000000000000000, 0.000000000000000000, 0.000000000000000000 ) ) ;
#6801 = VERTEX_POINT ( 'NONE', #6767 ) ;
#6802 = CYLINDRICAL_SURFACE ( 'NONE', #5706, 14.80283886912689439 ) ;
#6803 = CARTESIAN_POINT ( 'NONE',  ( 58.07987271612044822, -67.24999999999998579, -22.88608840329829519 ) ) ;
#6804 = AXIS2_PLACEMENT_3D ( 'NONE', #2013, #3129, #4862 ) ;
#6805 = CARTESIAN_POINT ( 'NONE',  ( 4.014652893356916330, -67.25000000000000000, 19.88809872202711304 ) ) ;
#6806 = DIRECTION ( 'NONE',  ( -1.000000000000000000, -0.000000000000000000, -0.000000000000000000 ) ) ;
#6807 = DIRECTION ( 'NONE',  ( 0.000000000000000000, 0.000000000000000000, -1.000000000000000000 ) ) ;
#6808 = CIRCLE ( 'NONE', #5670, 11.05841992757138392 ) ;
#6809 = CARTESIAN_POINT ( 'NONE',  ( 56.64999999999985647, -19.75000000000000355, 23.77871965419709710 ) ) ;
#6810 = DIRECTION ( 'NONE',  ( -1.000000000000000000, -0.000000000000000000, -0.000000000000000000 ) ) ;
#6811 = CARTESIAN_POINT ( 'NONE',  ( -3.673940397442063812E-16, -67.24999999999998579, -20.25000000000002487 ) ) ;
#6812 = PLANE ( 'NONE',  #3515 ) ;
#6813 = VERTEX_POINT ( 'NONE', #236 ) ;
#6814 = DIRECTION ( 'NONE',  ( 0.000000000000000000, 1.000000000000000000, -0.000000000000000000 ) ) ;
#6815 = CYLINDRICAL_SURFACE ( 'NONE', #5030, 11.05841992757138392 ) ;
#6816 = VERTEX_POINT ( 'NONE', #4018 ) ;
#6817 = DIRECTION ( 'NONE',  ( 1.000000000000000000, 0.000000000000000000, 0.000000000000000000 ) ) ;
#6818 = LINE ( 'NONE', #1892, #5026 ) ;
#6819 = ADVANCED_FACE ( 'NONE', ( #6865 ), #1906, .F. ) ;
#6820 = DIRECTION ( 'NONE',  ( 0.000000000000000000, 0.9999999999993005595, 1.182668467503926780E-06 ) ) ;
#6821 = B_SPLINE_CURVE_WITH_KNOTS ( 'NONE', 3,
 ( #138, #5592, #77, #4535, #2281, #721, #3326, #4468, #6735, #6120, #1187, #1153, #5558, #6774 ),
 .UNSPECIFIED., .F., .F.,
 ( 4, 2, 2, 2, 2, 2, 4 ),
 ( 0.000000000000000000, 0.1250000000000003886, 0.2500000000000007772, 0.3750000000000011657, 0.5000000000000015543, 0.7500000000000007772, 1.000000000000000000 ),
 .UNSPECIFIED. ) ;
#6822 = ORIENTED_EDGE ( 'NONE', *, *, #4800, .F. ) ;
#6823 = DIRECTION ( 'NONE',  ( -0.000000000000000000, 1.000000000000000000, 0.000000000000000000 ) ) ;
#6824 = CIRCLE ( 'NONE', #1275, 11.05841992757138392 ) ;
#6825 = DIRECTION ( 'NONE',  ( 0.000000000000000000, 0.000000000000000000, 1.000000000000000000 ) ) ;
#6826 = EDGE_CURVE ( 'NONE', #2830, #4320, #1331, .T. ) ;
#6827 = CARTESIAN_POINT ( 'NONE',  ( 1.320127283879557911, -3.253997156820689796, -22.88608840329823479 ) ) ;
#6828 = VECTOR ( 'NONE', #74, 1000.000000000000000 ) ;
#6830 = ORIENTED_EDGE ( 'NONE', *, *, #2721, .T. ) ;
#6829 = CARTESIAN_POINT ( 'NONE',  ( 1.020000000025285347, -49.64000000000250878, -4.391820240812112655E-12 ) ) ;
#6831 = ORIENTED_EDGE ( 'NONE', *, *, #4765, .T. ) ;
#6832 = LINE ( 'NONE', #4022, #6167 ) ;
#6833 = VERTEX_POINT ( 'NONE', #2949 ) ;
#6834 = VERTEX_POINT ( 'NONE', #4050 ) ;
#6835 = LINE ( 'NONE', #2916, #706 ) ;
#6836 = PLANE ( 'NONE',  #5508 ) ;
#6837 = AXIS2_PLACEMENT_3D ( 'NONE', #3667, #5895, #4846 ) ;
#6838 = ORIENTED_EDGE ( 'NONE', *, *, #3370, .F. ) ;
#6839 = DIRECTION ( 'NONE',  ( 0.000000000000000000, 0.000000000000000000, -1.000000000000000000 ) ) ;
#6840 = CARTESIAN_POINT ( 'NONE',  ( -0.8000000000000000444, -19.73691467762551710, -8.242286695573696420 ) ) ;
#6841 = DIRECTION ( 'NONE',  ( -1.000000000000000000, -0.000000000000000000, -0.000000000000000000 ) ) ;
#6842 = DIRECTION ( 'NONE',  ( -0.000000000000000000, 1.000000000000000000, -0.000000000000000000 ) ) ;
#6843 = CARTESIAN_POINT ( 'NONE',  ( -0.8000000000000020428, -38.75000000000000000, -10.65111910102082504 ) ) ;
#6844 = LINE ( 'NONE', #3485, #956 ) ;
#6845 = DIRECTION ( 'NONE',  ( 0.000000000000000000, 1.494163200669084626E-16, -1.000000000000000000 ) ) ;
#6846 = FACE_BOUND ( 'NONE', #6146, .T. ) ;
#6847 = ORIENTED_EDGE ( 'NONE', *, *, #1998, .F. ) ;
#6848 = DIRECTION ( 'NONE',  ( 7.353719082945160989E-15, 0.000000000000000000, 1.000000000000000000 ) ) ;
#6849 = DIRECTION ( 'NONE',  ( 1.000000000000000000, -0.000000000000000000, -0.000000000000000000 ) ) ;
#6850 = ADVANCED_FACE ( 'NONE', ( #4084 ), #6249, .F. ) ;
#6851 = AXIS2_PLACEMENT_3D ( 'NONE', #2339, #5147, #1220 ) ;
#6852 = ORIENTED_EDGE ( 'NONE', *, *, #6632, .F. ) ;
#6853 = VECTOR ( 'NONE', #1711, 1000.000000000000000 ) ;
#6854 = EDGE_LOOP ( 'NONE', ( #3196, #4720, #6918, #5538 ) ) ;
#6855 = ADVANCED_FACE ( 'NONE', ( #5782 ), #6284, .F. ) ;
#6856 = ORIENTED_EDGE ( 'NONE', *, *, #3549, .T. ) ;
#6857 = DIRECTION ( 'NONE',  ( 0.08688894065010210888, 0.000000000000000000, 0.9962180042504266142 ) ) ;
#6858 = ORIENTED_EDGE ( 'NONE', *, *, #4075, .F. ) ;
#6859 = VECTOR ( 'NONE', #5077, 1000.000000000000000 ) ;
#6860 = EDGE_CURVE ( 'NONE', #1611, #409, #5254, .T. ) ;
#6861 = CARTESIAN_POINT ( 'NONE',  ( 1.020000000025375719, -15.02996288919170986, -10.36012183223557415 ) ) ;
#6862 = AXIS2_PLACEMENT_3D ( 'NONE', #828, #250, #3544 ) ;
#6863 = CARTESIAN_POINT ( 'NONE',  ( 55.89999999999999858, 0.000000000000000000, 0.000000000000000000 ) ) ;
#6864 = AXIS2_PLACEMENT_3D ( 'NONE', #3687, #465, #3797 ) ;
#6865 = FACE_OUTER_BOUND ( 'NONE', #1776, .T. ) ;
#6866 = CIRCLE ( 'NONE', #3257, 11.39100661779977841 ) ;
#6867 = ORIENTED_EDGE ( 'NONE', *, *, #402, .F. ) ;
#6868 = ADVANCED_FACE ( 'NONE', ( #1290 ), #3601, .F. ) ;
#6869 = CARTESIAN_POINT ( 'NONE',  ( 57.39999999999999858, -56.24999999999998579, 18.24999999999998934 ) ) ;
#6870 = EDGE_CURVE ( 'NONE', #5980, #3781, #5394, .T. ) ;
#6871 = ORIENTED_EDGE ( 'NONE', *, *, #1958, .F. ) ;
#6872 = CARTESIAN_POINT ( 'NONE',  ( 56.64999999999985647, -67.25000000000000000, 23.77871965419709710 ) ) ;
#6873 = LINE ( 'NONE', #1875, #1329 ) ;
#6874 = CARTESIAN_POINT ( 'NONE',  ( -2.000000000000000000, -49.63999999999779789, 5.107025913275720086E-12 ) ) ;
#6875 = CARTESIAN_POINT ( 'NONE',  ( 57.89999999999999858, 8.125000000000000000, 0.000000000000000000 ) ) ;
#6876 = EDGE_CURVE ( 'NONE', #4178, #6450, #6808, .T. ) ;
#6877 = AXIS2_PLACEMENT_3D ( 'NONE', #6035, #98, #1113 ) ;
#6878 = VECTOR ( 'NONE', #1033, 1000.000000000000000 ) ;
#6879 = EDGE_CURVE ( 'NONE', #6621, #3199, #4717, .T. ) ;
#6880 = FACE_OUTER_BOUND ( 'NONE', #4580, .T. ) ;
#6881 = EDGE_CURVE ( 'NONE', #6287, #2147, #6959, .T. ) ;
#6882 = CARTESIAN_POINT ( 'NONE',  ( 38.41413931812409999, -40.65361423466074342, 6.999996328446810523 ) ) ;
#6883 = LINE ( 'NONE', #5202, #401 ) ;
#6884 = VECTOR ( 'NONE', #3373, 1000.000000000000227 ) ;
#6885 = AXIS2_PLACEMENT_3D ( 'NONE', #5669, #83, #114 ) ;
#6886 = DIRECTION ( 'NONE',  ( 0.000000000000000000, 0.000000000000000000, -1.000000000000000000 ) ) ;
#6887 = DIRECTION ( 'NONE',  ( 0.000000000000000000, 1.000000000000000000, 1.494163200669084626E-16 ) ) ;
#6888 = CARTESIAN_POINT ( 'NONE',  ( 1.020000000025377718, -24.14000000000251234, -4.695440217195034097E-12 ) ) ;
#6889 = VERTEX_POINT ( 'NONE', #6931 ) ;
#6890 = DIRECTION ( 'NONE',  ( -0.000000000000000000, 1.000000000000000000, 0.000000000000000000 ) ) ;
#6891 = CARTESIAN_POINT ( 'NONE',  ( 55.64999999999984936, -1.586616465904270967, 19.99810033107160478 ) ) ;
#6892 = VECTOR ( 'NONE', #916, 1000.000000000000000 ) ;
#6893 =( GEOMETRIC_REPRESENTATION_CONTEXT ( 3 ) GLOBAL_UNCERTAINTY_ASSIGNED_CONTEXT ( ( #6169 ) ) GLOBAL_UNIT_ASSIGNED_CONTEXT ( ( #506, #1545, #2048 ) ) REPRESENTATION_CONTEXT ( 'NONE', 'WORKASPACE' ) );
#6894 = FACE_OUTER_BOUND ( 'NONE', #4281, .T. ) ;
#6895 = EDGE_LOOP ( 'NONE', ( #6117, #3181 ) ) ;
#6896 = DIRECTION ( 'NONE',  ( -0.7071067811865476838, 9.390505135668509038E-17, 0.7071067811865473507 ) ) ;
#6897 = CARTESIAN_POINT ( 'NONE',  ( -0.8000000000000020428, -15.61578520055723907, -11.55300437124067159 ) ) ;
#6898 = DIRECTION ( 'NONE',  ( 7.372557783923167432E-15, 0.000000000000000000, 1.000000000000000000 ) ) ;
#6899 = DIRECTION ( 'NONE',  ( 0.000000000000000000, -1.000000000000000000, 0.000000000000000000 ) ) ;
#6900 = EDGE_LOOP ( 'NONE', ( #4946, #6637, #5740, #4873 ) ) ;
#6901 = FACE_OUTER_BOUND ( 'NONE', #2081, .T. ) ;
#6902 = VERTEX_POINT ( 'NONE', #7067 ) ;
#6903 = PLANE ( 'NONE',  #5683 ) ;
#6904 = CARTESIAN_POINT ( 'NONE',  ( 55.89999999999999858, 0.000000000000000000, -8.125000000000000000 ) ) ;
#6905 = EDGE_CURVE ( 'NONE', #5832, #1587, #4815, .T. ) ;
#6906 = CARTESIAN_POINT ( 'NONE',  ( 13.50000000000000178, 0.000000000000000000, 0.000000000000000000 ) ) ;
#6907 = CARTESIAN_POINT ( 'NONE',  ( 1.020000000025488074, -16.89000000000253010, 11.39999999999526636 ) ) ;
#6908 = VERTEX_POINT ( 'NONE', #4335 ) ;
#6909 = EDGE_CURVE ( 'NONE', #3438, #447, #4197, .T. ) ;
#6910 = EDGE_LOOP ( 'NONE', ( #3087, #3009, #2660, #3005 ) ) ;
#6911 = PLANE ( 'NONE',  #852 ) ;
#6912 = CARTESIAN_POINT ( 'NONE',  ( 11.21526601878286655, -67.25000000000000000, 11.87653491542464046 ) ) ;
#6913 = CARTESIAN_POINT ( 'NONE',  ( 34.51999872291127502, -19.75000000000000355, 12.55999940691883410 ) ) ;
#6914 = VERTEX_POINT ( 'NONE', #4739 ) ;
#6915 = EDGE_CURVE ( 'NONE', #6050, #6732, #4256, .T. ) ;
#6916 = DIRECTION ( 'NONE',  ( 1.000000000000000000, 0.000000000000000000, -0.000000000000000000 ) ) ;
#6917 = VECTOR ( 'NONE', #541, 1000.000000000000000 ) ;
#6918 = ORIENTED_EDGE ( 'NONE', *, *, #1745, .F. ) ;
#6919 = CARTESIAN_POINT ( 'NONE',  ( 69.40000000000000568, -38.02999999999998693, 15.24999999999999289 ) ) ;
#6920 = LINE ( 'NONE', #4070, #5361 ) ;
#6921 = ORIENTED_EDGE ( 'NONE', *, *, #1303, .T. ) ;
#6922 = CARTESIAN_POINT ( 'NONE',  ( 9.400429177977766670, 7.970837897292531338, -0.6905480516268830415 ) ) ;
#6923 = CARTESIAN_POINT ( 'NONE',  ( 6.189184153022441848, -5.114983607565712020, 26.10941148818589497 ) ) ;
#6924 = CARTESIAN_POINT ( 'NONE',  ( 69.40000000000000568, -56.24999999999998579, 10.24999999999998757 ) ) ;
#6925 = VERTEX_POINT ( 'NONE', #5896 ) ;
#6926 = ORIENTED_EDGE ( 'NONE', *, *, #2114, .F. ) ;
#6927 = LINE ( 'NONE', #1962, #5942 ) ;
#6928 = ORIENTED_EDGE ( 'NONE', *, *, #1866, .T. ) ;
#6929 = CYLINDRICAL_SURFACE ( 'NONE', #6656, 1.000000000000000888 ) ;
#6930 = DIRECTION ( 'NONE',  ( -0.000000000000000000, -1.000000000000000000, -4.127223139870470387E-16 ) ) ;
#6931 = CARTESIAN_POINT ( 'NONE',  ( 3.828562801722851017, -23.25000000000000711, -20.10607116466634992 ) ) ;
#6932 = VECTOR ( 'NONE', #6973, 1000.000000000000000 ) ;
#6933 = ORIENTED_EDGE ( 'NONE', *, *, #6343, .F. ) ;
#6934 = DIRECTION ( 'NONE',  ( 0.000000000000000000, 0.000000000000000000, -1.000000000000000000 ) ) ;
#6935 = CARTESIAN_POINT ( 'NONE',  ( 8.500000000000003553, -3.942635539838801328, 1.125000000000000444 ) ) ;
#6936 = FACE_OUTER_BOUND ( 'NONE', #432, .T. ) ;
#6937 = AXIS2_PLACEMENT_3D ( 'NONE', #2551, #1572, #4780 ) ;
#6938 = LINE ( 'NONE', #1536, #1792 ) ;
#6939 = ADVANCED_FACE ( 'NONE', ( #4230 ), #6453, .F. ) ;
#6940 = CARTESIAN_POINT ( 'NONE',  ( 59.39999999999999858, -43.02999999999998693, -10.24999999999998401 ) ) ;
#6941 = DIRECTION ( 'NONE',  ( 0.000000000000000000, 0.000000000000000000, 1.000000000000000000 ) ) ;
#6942 = EDGE_LOOP ( 'NONE', ( #588, #6953, #2508, #1802, #4479, #3021, #4336, #4956, #4435, #743, #2371, #4669, #1270, #2925, #5552, #5668, #5913, #6559, #5223, #1862, #3224, #6536, #3661, #5038, #3083, #6683, #5621, #1743, #6368, #1122 ) ) ;
#6943 = EDGE_CURVE ( 'NONE', #2687, #5071, #3700, .T. ) ;
#6944 = DIRECTION ( 'NONE',  ( 0.000000000000000000, 1.000000000000000000, 2.063611569935235193E-16 ) ) ;
#6945 = CARTESIAN_POINT ( 'NONE',  ( 34.51999872291127502, -23.25000000000000355, 12.55999940691883410 ) ) ;
#6946 = DIRECTION ( 'NONE',  ( -1.000000000000000000, -0.000000000000000000, -0.000000000000000000 ) ) ;
#6947 = FACE_OUTER_BOUND ( 'NONE', #950, .T. ) ;
#6948 = ORIENTED_EDGE ( 'NONE', *, *, #221, .T. ) ;
#6949 = EDGE_CURVE ( 'NONE', #2468, #298, #5888, .T. ) ;
#6950 = DIRECTION ( 'NONE',  ( 0.000000000000000000, -1.000000000000000000, 0.000000000000000000 ) ) ;
#6951 = FACE_OUTER_BOUND ( 'NONE', #2335, .T. ) ;
#6952 = CARTESIAN_POINT ( 'NONE',  ( 13.50000000000000178, 0.000000000000000000, 0.000000000000000000 ) ) ;
#6953 = ORIENTED_EDGE ( 'NONE', *, *, #6410, .T. ) ;
#6954 = DIRECTION ( 'NONE',  ( -1.000000000000000000, 0.000000000000000000, 0.000000000000000000 ) ) ;
#6955 = AXIS2_PLACEMENT_3D ( 'NONE', #1991, #4218, #6415 ) ;
#6956 = CYLINDRICAL_SURFACE ( 'NONE', #4068, 0.5000011521766773992 ) ;
#6957 = CIRCLE ( 'NONE', #728, 4.030931702365777802 ) ;
#6958 = AXIS2_PLACEMENT_3D ( 'NONE', #6888, #5768, #6269 ) ;
#6959 = LINE ( 'NONE', #4850, #2978 ) ;
#6960 = ORIENTED_EDGE ( 'NONE', *, *, #6204, .T. ) ;
#6961 = AXIS2_PLACEMENT_3D ( 'NONE', #1870, #6252, #1294 ) ;
#6962 = CARTESIAN_POINT ( 'NONE',  ( 57.39999999999999858, -35.02999999999998693, -10.24999999999998401 ) ) ;
#6963 = CYLINDRICAL_SURFACE ( 'NONE', #1741, 1.125000000000000444 ) ;
#6964 = VECTOR ( 'NONE', #2209, 1000.000000000000000 ) ;
#6965 = FACE_OUTER_BOUND ( 'NONE', #5495, .T. ) ;
#6966 = DIRECTION ( 'NONE',  ( 0.000000000000000000, -2.668805347656626678E-16, 1.000000000000000000 ) ) ;
#6967 = EDGE_LOOP ( 'NONE', ( #5917, #5921, #386, #5187 ) ) ;
#6968 = CARTESIAN_POINT ( 'NONE',  ( 3.500000000000000000, -60.75000000000000711, -13.25000000000001954 ) ) ;
#6969 = VECTOR ( 'NONE', #71, 1000.000000000000000 ) ;
#6970 = EDGE_CURVE ( 'NONE', #3612, #7062, #3339, .T. ) ;
#6971 = CARTESIAN_POINT ( 'NONE',  ( 50.28914515829260523, -67.25000000000000000, 26.52902590443859054 ) ) ;
#6972 = VECTOR ( 'NONE', #3889, 1000.000000000000000 ) ;
#6973 = DIRECTION ( 'NONE',  ( -1.000000000000000000, -0.000000000000000000, -0.000000000000000000 ) ) ;
#6974 = EDGE_CURVE ( 'NONE', #5010, #2456, #6524, .T. ) ;
#6975 = CARTESIAN_POINT ( 'NONE',  ( 29.69999999999999929, -67.25000000000000000, 24.25227219979914040 ) ) ;
#6976 = ADVANCED_FACE ( 'NONE', ( #3195 ), #7030, .T. ) ;
#6977 = FACE_OUTER_BOUND ( 'NONE', #3764, .T. ) ;
#6978 = AXIS2_PLACEMENT_3D ( 'NONE', #2755, #108, #1736 ) ;
#6979 = CARTESIAN_POINT ( 'NONE',  ( 7.289923758972002510, -2.988862150900939874, 22.42686110218010853 ) ) ;
#6980 = ADVANCED_FACE ( 'NONE', ( #2105, #2519 ), #1569, .T. ) ;
#6981 = ORIENTED_EDGE ( 'NONE', *, *, #4303, .T. ) ;
#6982 = DIRECTION ( 'NONE',  ( -0.000000000000000000, 1.000000000000000000, -0.000000000000000000 ) ) ;
#6983 = VERTEX_POINT ( 'NONE', #4291 ) ;
#6984 = VECTOR ( 'NONE', #574, 1000.000000000000000 ) ;
#6985 = VECTOR ( 'NONE', #4647, 1000.000000000000000 ) ;
#6986 = FACE_OUTER_BOUND ( 'NONE', #4578, .T. ) ;
#6987 = CYLINDRICAL_SURFACE ( 'NONE', #2223, 0.5000011521766773992 ) ;
#6988 = CARTESIAN_POINT ( 'NONE',  ( 4.014652893356916330, -67.25000000000000000, 19.88809872202711304 ) ) ;
#6989 = EDGE_CURVE ( 'NONE', #2651, #5721, #3228, .T. ) ;
#6990 = CIRCLE ( 'NONE', #978, 1.149999999999999911 ) ;
#6991 = AXIS2_PLACEMENT_3D ( 'NONE', #395, #4838, #7017 ) ;
#6992 = CYLINDRICAL_SURFACE ( 'NONE', #1193, 1.125000000000000444 ) ;
#6993 = EDGE_CURVE ( 'NONE', #5404, #1023, #1262, .T. ) ;
#6994 = ORIENTED_EDGE ( 'NONE', *, *, #6334, .F. ) ;
#6995 = ORIENTED_EDGE ( 'NONE', *, *, #5410, .T. ) ;
#6996 = CARTESIAN_POINT ( 'NONE',  ( -3.517766952966397298, -67.26776695296629782, -20.24999999999998579 ) ) ;
#6997 = EDGE_CURVE ( 'NONE', #3442, #2674, #3818, .T. ) ;
#6998 = CARTESIAN_POINT ( 'NONE',  ( 8.500000000000003553, -7.920503456220443717, 1.125000000000000444 ) ) ;
#6999 = ORIENTED_EDGE ( 'NONE', *, *, #2369, .T. ) ;
#7000 = FACE_OUTER_BOUND ( 'NONE', #3501, .T. ) ;
#7001 = LINE ( 'NONE', #2627, #4998 ) ;
#7002 = CARTESIAN_POINT ( 'NONE',  ( 9.399269025570196945, 4.042604204114180533, -0.6918035287646658871 ) ) ;
#7003 = AXIS2_PLACEMENT_3D ( 'NONE', #4457, #5506, #4629 ) ;
#7004 = DIRECTION ( 'NONE',  ( 0.000000000000000000, 0.000000000000000000, 1.000000000000000000 ) ) ;
#7005 = VERTEX_POINT ( 'NONE', #6142 ) ;
#7006 = LINE ( 'NONE', #343, #431 ) ;
#7007 = DIRECTION ( 'NONE',  ( 1.000000000000000000, -0.000000000000000000, -0.000000000000000000 ) ) ;
#7008 = CARTESIAN_POINT ( 'NONE',  ( 0.000000000000000000, 7.119459916276560690E-15, -17.24999999999999645 ) ) ;
#7009 = ORIENTED_EDGE ( 'NONE', *, *, #2554, .F. ) ;
#7010 = CARTESIAN_POINT ( 'NONE',  ( 59.39999999999999858, 0.000000000000000000, -4.099999999999999645 ) ) ;
#7011 = DIRECTION ( 'NONE',  ( -0.000000000000000000, 1.000000000000000000, 4.127223139870470387E-16 ) ) ;
#7012 = VERTEX_POINT ( 'NONE', #59 ) ;
#7013 = ORIENTED_EDGE ( 'NONE', *, *, #6751, .T. ) ;
#7014 = DIRECTION ( 'NONE',  ( 0.000000000000000000, 0.000000000000000000, -1.000000000000000000 ) ) ;
#7015 = DIRECTION ( 'NONE',  ( -1.000000000000000000, 0.000000000000000000, 0.000000000000000000 ) ) ;
#7016 = ORIENTED_EDGE ( 'NONE', *, *, #3047, .F. ) ;
#7017 = DIRECTION ( 'NONE',  ( 0.000000000000000000, 0.000000000000000000, 1.000000000000000000 ) ) ;
#7018 = CIRCLE ( 'NONE', #1713, 2.250000000000000444 ) ;
#7019 = ORIENTED_EDGE ( 'NONE', *, *, #6244, .T. ) ;
#7020 = ORIENTED_EDGE ( 'NONE', *, *, #3040, .T. ) ;
#7021 = DIRECTION ( 'NONE',  ( 7.372557783923167432E-15, 0.000000000000000000, 1.000000000000000000 ) ) ;
#7022 = CARTESIAN_POINT ( 'NONE',  ( 8.353060750850797689, -7.920503456220443717, -1.125000000000000222 ) ) ;
#7023 = EDGE_LOOP ( 'NONE', ( #5685, #4390, #5783, #3868 ) ) ;
#7024 = EDGE_CURVE ( 'NONE', #3307, #6207, #2806, .T. ) ;
#7025 = AXIS2_PLACEMENT_3D ( 'NONE', #1838, #1868, #200 ) ;
#7026 = VERTEX_POINT ( 'NONE', #1683 ) ;
#7027 = ORIENTED_EDGE ( 'NONE', *, *, #3102, .F. ) ;
#7028 = ORIENTED_EDGE ( 'NONE', *, *, #5024, .F. ) ;
#7029 = EDGE_CURVE ( 'NONE', #1355, #6566, #6232, .T. ) ;
#7030 = CYLINDRICAL_SURFACE ( 'NONE', #6569, 144.8280647581438245 ) ;
#7031 = ORIENTED_EDGE ( 'NONE', *, *, #500, .F. ) ;
#7032 = ORIENTED_EDGE ( 'NONE', *, *, #4848, .T. ) ;
#7033 = ORIENTED_EDGE ( 'NONE', *, *, #3047, .T. ) ;
#7034 = DIRECTION ( 'NONE',  ( 0.000000000000000000, -1.000000000000000000, 0.000000000000000000 ) ) ;
#7035 = ORIENTED_EDGE ( 'NONE', *, *, #3235, .F. ) ;
#7036 = FACE_OUTER_BOUND ( 'NONE', #2757, .T. ) ;
#7037 = ADVANCED_FACE ( 'NONE', ( #7149 ), #4488, .F. ) ;
#7038 = CARTESIAN_POINT ( 'NONE',  ( 63.65000000000008384, -52.95499999999957907, -52.95500000000016882 ) ) ;
#7039 = ORIENTED_EDGE ( 'NONE', *, *, #6246, .F. ) ;
#7040 = LINE ( 'NONE', #5436, #3633 ) ;
#7041 = ADVANCED_FACE ( 'NONE', ( #3895 ), #4453, .F. ) ;
#7042 = VECTOR ( 'NONE', #5794, 1000.000000000000000 ) ;
#7043 = ORIENTED_EDGE ( 'NONE', *, *, #2182, .T. ) ;
#7044 = VERTEX_POINT ( 'NONE', #1141 ) ;
#7045 = DIRECTION ( 'NONE',  ( 0.000000000000000000, -9.168304811491035211E-14, 1.000000000000000000 ) ) ;
#7046 = DIRECTION ( 'NONE',  ( 0.000000000000000000, 0.000000000000000000, -1.000000000000000000 ) ) ;
#7047 = CARTESIAN_POINT ( 'NONE',  ( 38.41413931812409999, -43.67851970164107200, 9.706483934671219060 ) ) ;
#7048 = VERTEX_POINT ( 'NONE', #6025 ) ;
#7049 = VECTOR ( 'NONE', #1940, 1000.000000000000000 ) ;
#7050 = CARTESIAN_POINT ( 'NONE',  ( 1.020000000025222953, -43.17851648078251259, -11.36000000000469790 ) ) ;
#7051 = DIRECTION ( 'NONE',  ( 0.000000000000000000, 0.000000000000000000, 1.000000000000000000 ) ) ;
#7052 = ORIENTED_EDGE ( 'NONE', *, *, #6033, .T. ) ;
#7053 = DIRECTION ( 'NONE',  ( -6.842143923043831311E-15, -0.8481145238784923990, -0.5298129428263885776 ) ) ;
#7054 = ORIENTED_EDGE ( 'NONE', *, *, #1556, .F. ) ;
#7055 = DIRECTION ( 'NONE',  ( -2.920409892216846640E-16, 5.295414454691777803E-17, 1.000000000000000000 ) ) ;
#7056 = ORIENTED_EDGE ( 'NONE', *, *, #3540, .T. ) ;
#7057 = CARTESIAN_POINT ( 'NONE',  ( 0.4822330470335609576, -70.26776695296639730, 20.25000000000001421 ) ) ;
#7058 = CARTESIAN_POINT ( 'NONE',  ( 9.364778442467656561, -19.75000000000000355, 22.77902761317088220 ) ) ;
#7059 = CARTESIAN_POINT ( 'NONE',  ( -4.250000000000005329, -85.66000000000012449, -20.24999999999998579 ) ) ;
#7060 = DIRECTION ( 'NONE',  ( -0.000000000000000000, 1.000000000000000000, -0.000000000000000000 ) ) ;
#7061 = ORIENTED_EDGE ( 'NONE', *, *, #559, .T. ) ;
#7062 = VERTEX_POINT ( 'NONE', #2773 ) ;
#7063 = ORIENTED_EDGE ( 'NONE', *, *, #6909, .T. ) ;
#7064 = ADVANCED_FACE ( 'NONE', ( #4959 ), #1719, .F. ) ;
#7065 = DIRECTION ( 'NONE',  ( 0.000000000000000000, -1.000000000000000000, 9.938261105567462796E-17 ) ) ;
#7066 = VERTEX_POINT ( 'NONE', #2850 ) ;
#7067 = CARTESIAN_POINT ( 'NONE',  ( -0.8000000000000020428, -32.25000000000000000, 10.75000000000000178 ) ) ;
#7068 = ADVANCED_FACE ( 'NONE', ( #5576 ), #3424, .F. ) ;
#7069 = ORIENTED_EDGE ( 'NONE', *, *, #2278, .F. ) ;
#7070 = LINE ( 'NONE', #2108, #5935 ) ;
#7071 = EDGE_LOOP ( 'NONE', ( #1364, #3348 ) ) ;
#7072 = CIRCLE ( 'NONE', #1182, 0.5000011521766773992 ) ;
#7073 = CARTESIAN_POINT ( 'NONE',  ( 3.500000000000000000, -23.25000000000000355, -12.55999904183487637 ) ) ;
#7074 = CARTESIAN_POINT ( 'NONE',  ( 63.65000000000014779, -5.832191421983443578E-15, 20.25000000000000711 ) ) ;
#7075 = VECTOR ( 'NONE', #1859, 1000.000000000000000 ) ;
#7076 = PLANE ( 'NONE',  #4227 ) ;
#7077 = EDGE_LOOP ( 'NONE', ( #399, #5835, #1031, #4583, #834, #6831, #4295 ) ) ;
#7078 = VECTOR ( 'NONE', #3084, 1000.000000000000000 ) ;
#7079 = FACE_OUTER_BOUND ( 'NONE', #4510, .T. ) ;
#7080 = EDGE_CURVE ( 'NONE', #889, #6138, #211, .T. ) ;
#7081 = ORIENTED_EDGE ( 'NONE', *, *, #1020, .F. ) ;
#7082 = ADVANCED_FACE ( 'NONE', ( #2264 ), #3350, .T. ) ;
#7083 = CARTESIAN_POINT ( 'NONE',  ( 40.64999999999984936, 2.000000000000000444, 26.65541760854819842 ) ) ;
#7084 = LINE ( 'NONE', #1404, #1086 ) ;
#7085 = AXIS2_PLACEMENT_3D ( 'NONE', #87, #3960, #118 ) ;
#7086 = DIRECTION ( 'NONE',  ( 0.000000000000000000, -1.000000000000000000, 0.000000000000000000 ) ) ;
#7087 = AXIS2_PLACEMENT_3D ( 'NONE', #299, #2515, #5777 ) ;
#7088 = DIRECTION ( 'NONE',  ( 0.000000000000000000, 0.000000000000000000, -1.000000000000000000 ) ) ;
#7089 = DIRECTION ( 'NONE',  ( 0.000000000000000000, 1.000000000000000000, 0.000000000000000000 ) ) ;
#7090 = CIRCLE ( 'NONE', #4916, 4.099999999999999645 ) ;
#7091 = ORIENTED_EDGE ( 'NONE', *, *, #3461, .T. ) ;
#7092 = DIRECTION ( 'NONE',  ( 0.000000000000000000, 0.000000000000000000, 1.000000000000000000 ) ) ;
#7093 = EDGE_CURVE ( 'NONE', #6487, #388, #3967, .T. ) ;
#7094 = ADVANCED_FACE ( 'NONE', ( #2738 ), #1174, .T. ) ;
#7095 = AXIS2_PLACEMENT_3D ( 'NONE', #6919, #6845, #6887 ) ;
#7096 = DIRECTION ( 'NONE',  ( 1.000000000000000000, -0.000000000000000000, -0.000000000000000000 ) ) ;
#7097 = EDGE_CURVE ( 'NONE', #334, #4288, #2188, .T. ) ;
#7098 = EDGE_LOOP ( 'NONE', ( #5190, #4283, #3183, #2090 ) ) ;
#7099 = CARTESIAN_POINT ( 'NONE',  ( -4.250000000000011546, -79.54000000000003467, 1.434263305606635254E-14 ) ) ;
#7100 = VECTOR ( 'NONE', #7011, 1000.000000000000000 ) ;
#7101 = ORIENTED_EDGE ( 'NONE', *, *, #3941, .F. ) ;
#7102 = VERTEX_POINT ( 'NONE', #1640 ) ;
#7103 = CARTESIAN_POINT ( 'NONE',  ( 59.39999999999999858, -36.52999999999998693, -10.24999999999998401 ) ) ;
#7104 = FACE_BOUND ( 'NONE', #4993, .T. ) ;
#7105 = CARTESIAN_POINT ( 'NONE',  ( 8.203326229960335780, 7.924906812150297242, 1.095020454967461587 ) ) ;
#7106 = AXIS2_PLACEMENT_3D ( 'NONE', #6863, #1905, #4126 ) ;
#7107 = ORIENTED_EDGE ( 'NONE', *, *, #5089, .F. ) ;
#7108 = ORIENTED_EDGE ( 'NONE', *, *, #5559, .T. ) ;
#7109 = VERTEX_POINT ( 'NONE', #481 ) ;
#7110 = DIRECTION ( 'NONE',  ( -1.000000000000000000, -0.000000000000000000, -0.000000000000000000 ) ) ;
#7111 = AXIS2_PLACEMENT_3D ( 'NONE', #3029, #3547, #5304 ) ;
#7112 = DIRECTION ( 'NONE',  ( 1.000000000000000000, -2.529146437248130062E-15, 2.920409892216848119E-16 ) ) ;
#7113 = ORIENTED_EDGE ( 'NONE', *, *, #3191, .T. ) ;
#7114 = ORIENTED_EDGE ( 'NONE', *, *, #2613, .T. ) ;
#7115 = CARTESIAN_POINT ( 'NONE',  ( -0.8000000000000020428, -15.10684851965067033, 10.84365261617258014 ) ) ;
#7116 = CARTESIAN_POINT ( 'NONE',  ( 63.15100000000034441, -86.63999999999987267, -5.626638907415791520E-15 ) ) ;
#7117 = DIRECTION ( 'NONE',  ( -1.000000000000000000, -0.000000000000000000, -0.000000000000000000 ) ) ;
#7118 = EDGE_CURVE ( 'NONE', #3504, #5302, #2151, .T. ) ;
#7119 = LINE ( 'NONE', #7154, #4340 ) ;
#7120 = ORIENTED_EDGE ( 'NONE', *, *, #6782, .T. ) ;
#7121 = CARTESIAN_POINT ( 'NONE',  ( 63.64999999999999858, -85.66000000000013870, 20.25000000000001421 ) ) ;
#7122 = CYLINDRICAL_SURFACE ( 'NONE', #5033, 1.125000000000000444 ) ;
#7123 = DIRECTION ( 'NONE',  ( 0.000000000000000000, 0.000000000000000000, -1.000000000000000000 ) ) ;
#7124 = CARTESIAN_POINT ( 'NONE',  ( 1.020000000025375719, -16.43046926659601681, -11.86016531324574963 ) ) ;
#7125 = ORIENTED_EDGE ( 'NONE', *, *, #812, .T. ) ;
#7126 = CARTESIAN_POINT ( 'NONE',  ( -3.673940397442063812E-16, -67.24999999999998579, -20.25000000000002487 ) ) ;
#7127 = ADVANCED_FACE ( 'NONE', ( #1605 ), #1061, .F. ) ;
#7128 = DIRECTION ( 'NONE',  ( -0.000000000000000000, 1.000000000000000000, 4.127223139870470387E-16 ) ) ;
#7129 = DIRECTION ( 'NONE',  ( -1.000000000000000000, 0.000000000000000000, 0.000000000000000000 ) ) ;
#7130 = EDGE_CURVE ( 'NONE', #447, #2181, #3495, .T. ) ;
#7131 = VERTEX_POINT ( 'NONE', #2970 ) ;
#7132 = ORIENTED_EDGE ( 'NONE', *, *, #6539, .T. ) ;
#7133 = LINE ( 'NONE', #2087, #6510 ) ;
#7134 = ORIENTED_EDGE ( 'NONE', *, *, #6212, .F. ) ;
#7135 = DIRECTION ( 'NONE',  ( -0.000000000000000000, -1.000000000000000000, -2.624392550645698593E-16 ) ) ;
#7136 = ORIENTED_EDGE ( 'NONE', *, *, #5464, .T. ) ;
#7137 = VERTEX_POINT ( 'NONE', #2436 ) ;
#7138 = CARTESIAN_POINT ( 'NONE',  ( 29.69999999999999929, -67.25000000000004263, 116.8280647581437819 ) ) ;
#7139 = ADVANCED_FACE ( 'NONE', ( #4076 ), #124, .F. ) ;
#7140 = ORIENTED_EDGE ( 'NONE', *, *, #6071, .T. ) ;
#7141 = CARTESIAN_POINT ( 'NONE',  ( 0.000000000000000000, -63.25000000000000000, 15.75000000000000355 ) ) ;
#7142 = CARTESIAN_POINT ( 'NONE',  ( -3.000000000000000000, -49.63999999999779789, 4.250000000005107026 ) ) ;
#7143 = CARTESIAN_POINT ( 'NONE',  ( 7.404519898367452058, 7.995705152749542854, -0.2954860371410723552 ) ) ;
#7144 = ORIENTED_EDGE ( 'NONE', *, *, #1419, .T. ) ;
#7145 = ORIENTED_EDGE ( 'NONE', *, *, #724, .F. ) ;
#7146 = ORIENTED_EDGE ( 'NONE', *, *, #2490, .T. ) ;
#7147 = DIRECTION ( 'NONE',  ( -1.000000000000000000, -0.000000000000000000, -0.000000000000000000 ) ) ;
#7148 = CIRCLE ( 'NONE', #1834, 6.500000000000000888 ) ;
#7149 = FACE_OUTER_BOUND ( 'NONE', #7158, .T. ) ;
#7150 = ORIENTED_EDGE ( 'NONE', *, *, #5207, .F. ) ;
#7151 = CARTESIAN_POINT ( 'NONE',  ( -0.8000000000000020428, -15.40014665451483111, 11.35139346683484973 ) ) ;
#7152 = DIRECTION ( 'NONE',  ( 1.000000000000000000, 0.000000000000000000, 0.000000000000000000 ) ) ;
#7153 = CARTESIAN_POINT ( 'NONE',  ( 1.020000000025375719, -16.04630758933521761, -11.78313435482941252 ) ) ;
#7154 = CARTESIAN_POINT ( 'NONE',  ( 55.64999999999984936, -19.74999999999999645, 18.25000000000001066 ) ) ;
#7155 = CARTESIAN_POINT ( 'NONE',  ( 39.71917982256600510, -6.006187445107738831, 27.65302181470899612 ) ) ;
#7156 = ORIENTED_EDGE ( 'NONE', *, *, #500, .T. ) ;
#7158 = EDGE_LOOP ( 'NONE', ( #3366, #166, #3825, #989 ) ) ;
#7157 = CARTESIAN_POINT ( 'NONE',  ( -2.000000000000000000, -13.00000000000001421, -15.75000000000002487 ) ) ;
#7159 = DIRECTION ( 'NONE',  ( 0.7071067811865501263, -0.7071067811865449082, -0.000000000000000000 ) ) ;
#7160 = ORIENTED_EDGE ( 'NONE', *, *, #599, .F. ) ;
#7161 = CYLINDRICAL_SURFACE ( 'NONE', #1391, 141.0803369579429614 ) ;
#7162 = ORIENTED_EDGE ( 'NONE', *, *, #4032, .T. ) ;
ENDSEC;
END-ISO-10303-21;
