ISO-10303-21;
HEADER;
FILE_DESCRIPTION (( 'STEP AP214' ),
    '1' );
FILE_NAME ('Chassis.STEP',
    '2026-02-09T01:56:00',
    ( '' ),
    ( '' ),
    'SwSTEP 2.0',
    'SolidWorks 2025',
    '' );
FILE_SCHEMA (( 'AUTOMOTIVE_DESIGN' ));
ENDSEC;

DATA;
#1 = CARTESIAN_POINT ( 'NONE',  ( 82.54999999999999716, 90.00000000000000000, 33.89999999999999147 ) ) ;
#2 = DIRECTION ( 'NONE',  ( 1.291518732999867493E-16, 0.5283332255394526111, 0.8490371033064914030 ) ) ;
#3 = CARTESIAN_POINT ( 'NONE',  ( -46.58189872104514251, 72.64000000000000057, 3.358535111626396397 ) ) ;
#4 = CARTESIAN_POINT ( 'NONE',  ( -11.25499999999998302, 6.350000000000001421, 13.89999999999999680 ) ) ;
#5 = LINE ( 'NONE', #919, #2528 ) ;
#6 = CARTESIAN_POINT ( 'NONE',  ( 79.37500000000000000, 5.099999999999999645, -127.1386775125482842 ) ) ;
#7 = DIRECTION ( 'NONE',  ( -1.000000000000000000, 0.000000000000000000, 5.782411586589358625E-17 ) ) ;
#8 = ORIENTED_EDGE ( 'NONE', *, *, #3574, .T. ) ;
#9 = VERTEX_POINT ( 'NONE', #9993 ) ;
#10 = ORIENTED_EDGE ( 'NONE', *, *, #6347, .T. ) ;
#11 = VERTEX_POINT ( 'NONE', #2227 ) ;
#12 = ADVANCED_FACE ( 'NONE', ( #345, #5449 ), #5676, .F. ) ;
#13 = ORIENTED_EDGE ( 'NONE', *, *, #4654, .T. ) ;
#14 = VECTOR ( 'NONE', #9618, 1000.000000000000000 ) ;
#15 = CARTESIAN_POINT ( 'NONE',  ( -61.59000000000065711, 8.274999999999998579, 18.12419718570802019 ) ) ;
#16 = CARTESIAN_POINT ( 'NONE',  ( -50.48689872104515075, 95.28999999999417980, 1.670014071680389733 ) ) ;
#17 = VECTOR ( 'NONE', #7221, 1000.000000000000000 ) ;
#18 = DIRECTION ( 'NONE',  ( -0.000000000000000000, -1.000000000000000000, -0.000000000000000000 ) ) ;
#19 = ORIENTED_EDGE ( 'NONE', *, *, #1538, .F. ) ;
#20 = CARTESIAN_POINT ( 'NONE',  ( 82.54999999999999716, -24.50000000000000355, -13.82806147072993674 ) ) ;
#21 = ORIENTED_EDGE ( 'NONE', *, *, #8589, .T. ) ;
#22 = LINE ( 'NONE', #3597, #507 ) ;
#23 = ORIENTED_EDGE ( 'NONE', *, *, #7546, .T. ) ;
#24 = VECTOR ( 'NONE', #9526, 1000.000000000000000 ) ;
#25 = AXIS2_PLACEMENT_3D ( 'NONE', #7205, #2218, #3843 ) ;
#26 = ORIENTED_EDGE ( 'NONE', *, *, #5725, .T. ) ;
#27 = DIRECTION ( 'NONE',  ( -0.000000000000000000, 1.000000000000000000, 0.000000000000000000 ) ) ;
#28 = CARTESIAN_POINT ( 'NONE',  ( 3.407483417316657270, 124.3696453025813469, -20.03649027155481832 ) ) ;
#29 = DIRECTION ( 'NONE',  ( 0.000000000000000000, 0.000000000000000000, -1.000000000000000000 ) ) ;
#30 = FACE_OUTER_BOUND ( 'NONE', #5604, .T. ) ;
#31 = DIRECTION ( 'NONE',  ( -0.000000000000000000, -0.000000000000000000, 1.000000000000000000 ) ) ;
#32 = AXIS2_PLACEMENT_3D ( 'NONE', #10076, #7529, #2316 ) ;
#33 = ADVANCED_FACE ( 'NONE', ( #8925 ), #2964, .F. ) ;
#34 = DIRECTION ( 'NONE',  ( 0.000000000000000000, 0.000000000000000000, -1.000000000000000000 ) ) ;
#35 = CIRCLE ( 'NONE', #8568, 1.200000000000003730 ) ;
#36 = LINE ( 'NONE', #4399, #7187 ) ;
#37 = FACE_OUTER_BOUND ( 'NONE', #2282, .T. ) ;
#38 = EDGE_LOOP ( 'NONE', ( #5728, #1902, #5481, #3268 ) ) ;
#39 = ORIENTED_EDGE ( 'NONE', *, *, #3653, .F. ) ;
#40 = EDGE_CURVE ( 'NONE', #8270, #4029, #2855, .T. ) ;
#41 = DIRECTION ( 'NONE',  ( 0.000000000000000000, 0.000000000000000000, -1.000000000000000000 ) ) ;
#42 = CARTESIAN_POINT ( 'NONE',  ( 0.000000000000000000, -27.00000000000000355, -10.25769145387463688 ) ) ;
#43 = CARTESIAN_POINT ( 'NONE',  ( -25.00042949693185079, 119.8258398792882105, 4.963509728450992142 ) ) ;
#44 = CARTESIAN_POINT ( 'NONE',  ( -50.48689872104515075, 74.78999999999417980, 1.670014071680389733 ) ) ;
#45 = DIRECTION ( 'NONE',  ( 0.000000000000000000, 0.000000000000000000, 1.000000000000000000 ) ) ;
#46 = DIRECTION ( 'NONE',  ( -0.000000000000000000, -1.000000000000000000, -0.000000000000000000 ) ) ;
#47 = EDGE_CURVE ( 'NONE', #6381, #6572, #7440, .T. ) ;
#48 = ORIENTED_EDGE ( 'NONE', *, *, #9543, .T. ) ;
#49 = AXIS2_PLACEMENT_3D ( 'NONE', #7638, #27, #4224 ) ;
#50 = CARTESIAN_POINT ( 'NONE',  ( -13.75499999999998479, 4.249377385370907589, 7.542308546125213731 ) ) ;
#51 = ORIENTED_EDGE ( 'NONE', *, *, #3994, .T. ) ;
#52 = EDGE_LOOP ( 'NONE', ( #1388, #2754, #7345, #8961 ) ) ;
#53 = EDGE_CURVE ( 'NONE', #2737, #5800, #737, .T. ) ;
#54 = CARTESIAN_POINT ( 'NONE',  ( 50.48689872104515075, 74.78999999999417980, -23.92998592831960991 ) ) ;
#55 = VERTEX_POINT ( 'NONE', #3974 ) ;
#56 = VECTOR ( 'NONE', #8744, 1000.000000000000000 ) ;
#57 = LINE ( 'NONE', #3522, #10836 ) ;
#58 = DIRECTION ( 'NONE',  ( 0.000000000000000000, 0.000000000000000000, 1.000000000000000000 ) ) ;
#59 = CARTESIAN_POINT ( 'NONE',  ( -28.20042949698529355, 96.12583987928823603, 18.68350972833517432 ) ) ;
#60 = CARTESIAN_POINT ( 'NONE',  ( 50.48689872104515075, 74.78999999999417980, -22.77998592831961133 ) ) ;
#61 = DIRECTION ( 'NONE',  ( 0.000000000000000000, 0.000000000000000000, 1.000000000000000000 ) ) ;
#62 = CYLINDRICAL_SURFACE ( 'NONE', #5960, 24.20000000000000284 ) ;
#63 = FACE_OUTER_BOUND ( 'NONE', #7801, .T. ) ;
#64 = ADVANCED_FACE ( 'NONE', ( #567 ), #3239, .F. ) ;
#65 = ORIENTED_EDGE ( 'NONE', *, *, #11095, .F. ) ;
#66 = ORIENTED_EDGE ( 'NONE', *, *, #3710, .F. ) ;
#67 = VECTOR ( 'NONE', #5069, 1000.000000000000000 ) ;
#68 = ORIENTED_EDGE ( 'NONE', *, *, #40, .T. ) ;
#69 = VECTOR ( 'NONE', #4567, 1000.000000000000000 ) ;
#70 = CARTESIAN_POINT ( 'NONE',  ( -77.61249999996866222, 69.46500000000000341, 22.30467496797187010 ) ) ;
#71 = PLANE ( 'NONE',  #1604 ) ;
#72 = DIRECTION ( 'NONE',  ( 0.000000000000000000, 0.000000000000000000, -1.000000000000000000 ) ) ;
#73 = DIRECTION ( 'NONE',  ( 0.000000000000000000, 0.000000000000000000, 1.000000000000000000 ) ) ;
#74 = AXIS2_PLACEMENT_3D ( 'NONE', #3746, #10672, #2914 ) ;
#75 = DIRECTION ( 'NONE',  ( -7.246021204162497556E-08, 0.000000000000000000, 0.9999999999999974465 ) ) ;
#76 = ORIENTED_EDGE ( 'NONE', *, *, #7684, .T. ) ;
#77 = CARTESIAN_POINT ( 'NONE',  ( 76.81501998216515403, 8.274999999999998579, 20.22115427298596302 ) ) ;
#78 = ORIENTED_EDGE ( 'NONE', *, *, #2674, .F. ) ;
#79 = CYLINDRICAL_SURFACE ( 'NONE', #2507, 1.149999999999998135 ) ;
#80 = EDGE_LOOP ( 'NONE', ( #3203, #11117, #6144, #4432, #9852, #11175 ) ) ;
#81 = CIRCLE ( 'NONE', #6046, 1.000000000000000888 ) ;
#82 = ORIENTED_EDGE ( 'NONE', *, *, #3667, .T. ) ;
#83 = ORIENTED_EDGE ( 'NONE', *, *, #250, .F. ) ;
#84 = CARTESIAN_POINT ( 'NONE',  ( 6.504233276802016843E-15, 6.349999999999999645, 21.38115427306258809 ) ) ;
#85 = FACE_OUTER_BOUND ( 'NONE', #299, .T. ) ;
#86 = CARTESIAN_POINT ( 'NONE',  ( -29.00042949692799965, 99.82583987928822467, -1.016490271664987288 ) ) ;
#87 = LINE ( 'NONE', #10353, #1907 ) ;
#88 = ORIENTED_EDGE ( 'NONE', *, *, #727, .T. ) ;
#89 = AXIS2_PLACEMENT_3D ( 'NONE', #5683, #4598, #8085 ) ;
#90 = FACE_OUTER_BOUND ( 'NONE', #5260, .T. ) ;
#91 = CARTESIAN_POINT ( 'NONE',  ( -42.55000000000002558, 91.50000000000000000, 10.19715292348722890 ) ) ;
#92 = PLANE ( 'NONE',  #521 ) ;
#93 = ORIENTED_EDGE ( 'NONE', *, *, #117, .F. ) ;
#94 = VERTEX_POINT ( 'NONE', #10046 ) ;
#95 = VECTOR ( 'NONE', #1558, 1000.000000000000000 ) ;
#96 = EDGE_CURVE ( 'NONE', #9416, #3055, #9364, .T. ) ;
#97 = DIRECTION ( 'NONE',  ( -1.000000000000000000, 0.000000000000000000, 0.000000000000000000 ) ) ;
#98 = DIRECTION ( 'NONE',  ( 0.000000000000000000, 0.000000000000000000, -1.000000000000000000 ) ) ;
#99 = DIRECTION ( 'NONE',  ( 0.000000000000000000, 0.000000000000000000, -1.000000000000000000 ) ) ;
#100 = DIRECTION ( 'NONE',  ( -1.000000000000000000, 0.000000000000000000, 0.000000000000000000 ) ) ;
#101 = LINE ( 'NONE', #7073, #8912 ) ;
#102 = DIRECTION ( 'NONE',  ( 0.000000000000000000, -1.000000000000000000, 0.000000000000000000 ) ) ;
#103 = VERTEX_POINT ( 'NONE', #10095 ) ;
#104 = AXIS2_PLACEMENT_3D ( 'NONE', #3566, #2661, #7010 ) ;
#105 = CARTESIAN_POINT ( 'NONE',  ( -33.11062307129483884, 96.12583987928823603, 18.79375140158797919 ) ) ;
#106 = ORIENTED_EDGE ( 'NONE', *, *, #8808, .F. ) ;
#107 = ORIENTED_EDGE ( 'NONE', *, *, #9599, .T. ) ;
#108 = CARTESIAN_POINT ( 'NONE',  ( -50.48689872104515075, 91.54000537782400215, -2.374168628343573673 ) ) ;
#109 = EDGE_CURVE ( 'NONE', #562, #4809, #9198, .T. ) ;
#110 = ADVANCED_FACE ( 'NONE', ( #3132 ), #2496, .F. ) ;
#111 = EDGE_LOOP ( 'NONE', ( #1899, #679, #4994, #9597 ) ) ;
#112 = VECTOR ( 'NONE', #7750, 1000.000000000000000 ) ;
#113 = CARTESIAN_POINT ( 'NONE',  ( 46.58189872104514251, 97.50000000000000000, 19.12967496797186939 ) ) ;
#114 = FACE_OUTER_BOUND ( 'NONE', #7576, .T. ) ;
#115 = ADVANCED_FACE ( 'NONE', ( #5052 ), #2284, .F. ) ;
#116 = DIRECTION ( 'NONE',  ( -1.000000000000000000, 0.000000000000000000, 0.000000000000000000 ) ) ;
#117 = EDGE_CURVE ( 'NONE', #10708, #4312, #11063, .T. ) ;
#118 = LINE ( 'NONE', #1088, #6325 ) ;
#119 = CARTESIAN_POINT ( 'NONE',  ( -61.81289880791658931, 8.274999999999998579, 18.26344096711873277 ) ) ;
#120 = ORIENTED_EDGE ( 'NONE', *, *, #402, .F. ) ;
#121 = DIRECTION ( 'NONE',  ( -1.593062912007103154E-16, 1.000000000000000000, 7.965314560035515770E-17 ) ) ;
#122 = EDGE_LOOP ( 'NONE', ( #4752, #4789, #2884, #3659 ) ) ;
#123 = ORIENTED_EDGE ( 'NONE', *, *, #1845, .F. ) ;
#124 = EDGE_CURVE ( 'NONE', #1983, #10917, #4088, .T. ) ;
#125 = EDGE_CURVE ( 'NONE', #8565, #1363, #6684, .T. ) ;
#126 = EDGE_CURVE ( 'NONE', #2016, #1213, #4938, .T. ) ;
#127 = DIRECTION ( 'NONE',  ( -0.000000000000000000, 1.000000000000000000, 0.000000000000000000 ) ) ;
#128 = CARTESIAN_POINT ( 'NONE',  ( 82.55000000000002558, 61.63999999999999346, 5.399999999999991473 ) ) ;
#129 = CARTESIAN_POINT ( 'NONE',  ( 77.61250000000001137, 82.35514882866895903, -32.75769145387477010 ) ) ;
#130 = PLANE ( 'NONE',  #2746 ) ;
#131 = ORIENTED_EDGE ( 'NONE', *, *, #11016, .F. ) ;
#132 = CARTESIAN_POINT ( 'NONE',  ( 54.81499993151516748, 8.274999999999998579, 15.82115373010225312 ) ) ;
#133 = FACE_BOUND ( 'NONE', #11218, .T. ) ;
#134 = ORIENTED_EDGE ( 'NONE', *, *, #10432, .T. ) ;
#135 = DIRECTION ( 'NONE',  ( -1.000000000000000000, 0.000000000000000000, -8.863495325085417182E-17 ) ) ;
#136 = ORIENTED_EDGE ( 'NONE', *, *, #2913, .T. ) ;
#137 = ORIENTED_EDGE ( 'NONE', *, *, #5950, .F. ) ;
#138 = ORIENTED_EDGE ( 'NONE', *, *, #1215, .T. ) ;
#139 = DIRECTION ( 'NONE',  ( -0.000000000000000000, -1.000000000000000000, -0.000000000000000000 ) ) ;
#140 = DIRECTION ( 'NONE',  ( 1.521157000053560499E-16, 0.000000000000000000, -1.000000000000000000 ) ) ;
#141 = ORIENTED_EDGE ( 'NONE', *, *, #5051, .T. ) ;
#142 = LINE ( 'NONE', #11213, #9995 ) ;
#143 = CARTESIAN_POINT ( 'NONE',  ( 11.25500000000000433, -27.00000000000000355, 16.39999999999999858 ) ) ;
#144 = LINE ( 'NONE', #3613, #498 ) ;
#145 = PLANE ( 'NONE',  #3789 ) ;
#146 = ORIENTED_EDGE ( 'NONE', *, *, #4836, .T. ) ;
#147 = VECTOR ( 'NONE', #938, 1000.000000000000000 ) ;
#148 = ORIENTED_EDGE ( 'NONE', *, *, #1858, .T. ) ;
#149 = VECTOR ( 'NONE', #4206, 1000.000000000000000 ) ;
#150 = ORIENTED_EDGE ( 'NONE', *, *, #8808, .T. ) ;
#151 = EDGE_CURVE ( 'NONE', #2767, #11, #506, .T. ) ;
#152 = DIRECTION ( 'NONE',  ( 0.000000000000000000, 0.000000000000000000, 1.000000000000000000 ) ) ;
#153 = LINE ( 'NONE', #6445, #2976 ) ;
#154 = DIRECTION ( 'NONE',  ( 0.000000000000000000, -1.000000000000000000, -7.709882115452476934E-17 ) ) ;
#155 = VECTOR ( 'NONE', #4802, 1000.000000000000000 ) ;
#156 = VECTOR ( 'NONE', #1026, 1000.000000000000000 ) ;
#157 = DIRECTION ( 'NONE',  ( 1.000000000000000000, 0.000000000000000000, 0.000000000000000000 ) ) ;
#158 = DIRECTION ( 'NONE',  ( 0.000000000000000000, 1.000000000000000000, 0.000000000000000000 ) ) ;
#159 = VECTOR ( 'NONE', #4060, 1000.000000000000000 ) ;
#160 = LINE ( 'NONE', #6105, #24 ) ;
#161 = CYLINDRICAL_SURFACE ( 'NONE', #5000, 0.7999800169725922450 ) ;
#162 = CARTESIAN_POINT ( 'NONE',  ( 82.54999999999999716, 109.8258398792882247, 46.90000000000009095 ) ) ;
#163 = EDGE_CURVE ( 'NONE', #7934, #968, #2446, .T. ) ;
#164 = VERTEX_POINT ( 'NONE', #6794 ) ;
#165 = ORIENTED_EDGE ( 'NONE', *, *, #9824, .F. ) ;
#166 = VECTOR ( 'NONE', #8882, 1000.000000000000000 ) ;
#167 = VERTEX_POINT ( 'NONE', #6574 ) ;
#168 = CARTESIAN_POINT ( 'NONE',  ( 9.877393833881008334, 99.82583987928819624, -2.201337213713970620 ) ) ;
#169 = DIRECTION ( 'NONE',  ( -0.000000000000000000, -0.8191520442889941300, -0.5735764363510429398 ) ) ;
#170 = DIRECTION ( 'NONE',  ( 0.000000000000000000, 0.000000000000000000, 1.000000000000000000 ) ) ;
#171 = CARTESIAN_POINT ( 'NONE',  ( 72.76808532600743717, 8.274999999999998579, -0.6211324209942632457 ) ) ;
#172 = LINE ( 'NONE', #4530, #8875 ) ;
#173 = VECTOR ( 'NONE', #10048, 1000.000000000000000 ) ;
#174 = DIRECTION ( 'NONE',  ( -1.000000000000000000, -0.000000000000000000, -0.000000000000000000 ) ) ;
#175 = ORIENTED_EDGE ( 'NONE', *, *, #2406, .T. ) ;
#176 = DIRECTION ( 'NONE',  ( 1.000000000000000000, 0.000000000000000000, 0.000000000000000000 ) ) ;
#177 = ADVANCED_FACE ( 'NONE', ( #11011 ), #10264, .T. ) ;
#178 = ORIENTED_EDGE ( 'NONE', *, *, #7546, .F. ) ;
#179 = CARTESIAN_POINT ( 'NONE',  ( 50.48689872104515075, 75.48946397805705999, -21.83805926787198715 ) ) ;
#180 = CARTESIAN_POINT ( 'NONE',  ( 9.877393833880962148, 79.82583987928819624, -2.201337213713970620 ) ) ;
#181 = EDGE_CURVE ( 'NONE', #2090, #9196, #5841, .T. ) ;
#182 = DIRECTION ( 'NONE',  ( 0.000000000000000000, 0.000000000000000000, -1.000000000000000000 ) ) ;
#183 = DIRECTION ( 'NONE',  ( -0.000000000000000000, -1.000000000000000000, -0.000000000000000000 ) ) ;
#184 = DIRECTION ( 'NONE',  ( -1.000000000000000000, -0.000000000000000000, -0.000000000000000000 ) ) ;
#185 = PLANE ( 'NONE',  #6176 ) ;
#186 = ORIENTED_EDGE ( 'NONE', *, *, #253, .T. ) ;
#187 = CARTESIAN_POINT ( 'NONE',  ( 5.844725774950916275, 119.8258398791754615, 36.88929340078460228 ) ) ;
#188 = ORIENTED_EDGE ( 'NONE', *, *, #670, .T. ) ;
#189 = EDGE_CURVE ( 'NONE', #3682, #8094, #8296, .T. ) ;
#190 = ORIENTED_EDGE ( 'NONE', *, *, #3598, .F. ) ;
#191 = EDGE_CURVE ( 'NONE', #4491, #926, #598, .T. ) ;
#192 = ORIENTED_EDGE ( 'NONE', *, *, #10865, .F. ) ;
#193 = VERTEX_POINT ( 'NONE', #1815 ) ;
#194 = AXIS2_PLACEMENT_3D ( 'NONE', #5129, #75, #815 ) ;
#195 = DIRECTION ( 'NONE',  ( 0.000000000000000000, -1.000000000000000000, 0.000000000000000000 ) ) ;
#196 = CARTESIAN_POINT ( 'NONE',  ( -61.59000000000065711, 5.099999999999999645, 18.12419718570802019 ) ) ;
#197 = PLANE ( 'NONE',  #2346 ) ;
#198 = LINE ( 'NONE', #10517, #5043 ) ;
#199 = LINE ( 'NONE', #8890, #895 ) ;
#200 = DIRECTION ( 'NONE',  ( 0.000000000000000000, 0.000000000000000000, -1.000000000000000000 ) ) ;
#201 = LINE ( 'NONE', #1745, #7829 ) ;
#202 = EDGE_CURVE ( 'NONE', #2923, #4834, #3462, .T. ) ;
#203 = LINE ( 'NONE', #3669, #8281 ) ;
#205 = CARTESIAN_POINT ( 'NONE',  ( 5.040313248097534782, 124.6347516102852637, -20.03649027154900253 ) ) ;
#204 = VECTOR ( 'NONE', #4714, 1000.000000000000000 ) ;
#206 = ADVANCED_FACE ( 'NONE', ( #1706 ), #8685, .F. ) ;
#207 = CARTESIAN_POINT ( 'NONE',  ( -69.20000000000000284, 5.099999999999999645, 8.821154273062886020 ) ) ;
#208 = CIRCLE ( 'NONE', #6174, 5.000000000000000888 ) ;
#209 = VECTOR ( 'NONE', #8648, 1000.000000000000000 ) ;
#210 = VERTEX_POINT ( 'NONE', #4420 ) ;
#211 = ORIENTED_EDGE ( 'NONE', *, *, #10999, .F. ) ;
#212 = ORIENTED_EDGE ( 'NONE', *, *, #6042, .F. ) ;
#213 = CARTESIAN_POINT ( 'NONE',  ( 46.58189872104514251, 78.54000537782802382, -2.374168628343575005 ) ) ;
#214 = VECTOR ( 'NONE', #2428, 1000.000000000000114 ) ;
#216 = FACE_OUTER_BOUND ( 'NONE', #2141, .T. ) ;
#215 = AXIS2_PLACEMENT_3D ( 'NONE', #243, #3806, #7283 ) ;
#217 = CARTESIAN_POINT ( 'NONE',  ( -76.81501998216515403, 5.099999999999999645, 19.07115427298596089 ) ) ;
#218 = PLANE ( 'NONE',  #5989 ) ;
#219 = DIRECTION ( 'NONE',  ( 0.000000000000000000, 0.000000000000000000, 1.000000000000000000 ) ) ;
#220 = DIRECTION ( 'NONE',  ( 0.000000000000000000, 0.000000000000000000, 1.000000000000000000 ) ) ;
#221 = ORIENTED_EDGE ( 'NONE', *, *, #8530, .F. ) ;
#222 = ORIENTED_EDGE ( 'NONE', *, *, #9197, .F. ) ;
#223 = EDGE_LOOP ( 'NONE', ( #21, #4737, #7427, #4600 ) ) ;
#224 = DIRECTION ( 'NONE',  ( 1.000000000000000000, -0.000000000000000000, 1.335278419062900115E-16 ) ) ;
#225 = ORIENTED_EDGE ( 'NONE', *, *, #10956, .F. ) ;
#226 = EDGE_CURVE ( 'NONE', #2667, #9230, #4251, .T. ) ;
#227 = LINE ( 'NONE', #3686, #10843 ) ;
#228 = CARTESIAN_POINT ( 'NONE',  ( 82.54999999999999716, -5.993773853708700194, -40.25769145387477721 ) ) ;
#229 = LINE ( 'NONE', #5613, #4239 ) ;
#230 = DIRECTION ( 'NONE',  ( -1.000000000000000000, 0.000000000000000000, 0.000000000000000000 ) ) ;
#231 = CARTESIAN_POINT ( 'NONE',  ( 32.54999999999999716, 97.82583987928822467, 33.89999999999999147 ) ) ;
#232 = ORIENTED_EDGE ( 'NONE', *, *, #8976, .F. ) ;
#233 = DIRECTION ( 'NONE',  ( 0.5735764363510443831, -0.8191520442889929088, 0.000000000000000000 ) ) ;
#234 = VERTEX_POINT ( 'NONE', #914 ) ;
#235 = DIRECTION ( 'NONE',  ( -1.000000000000000000, 0.000000000000000000, -0.000000000000000000 ) ) ;
#236 = CARTESIAN_POINT ( 'NONE',  ( 54.81500000380517434, 8.274999999999998579, 19.62115427306273219 ) ) ;
#237 = AXIS2_PLACEMENT_3D ( 'NONE', #2611, #6850, #1872 ) ;
#238 = AXIS2_PLACEMENT_3D ( 'NONE', #8250, #4709, #4037 ) ;
#239 = ADVANCED_FACE ( 'NONE', ( #4362 ), #5106, .F. ) ;
#240 = DIRECTION ( 'NONE',  ( 0.000000000000000000, -1.000000000000000000, 0.000000000000000000 ) ) ;
#241 = DIRECTION ( 'NONE',  ( -1.000000000000000000, 0.000000000000000000, 9.645899640478401470E-17 ) ) ;
#242 = CARTESIAN_POINT ( 'NONE',  ( -82.54999999999999716, 58.93999999999998352, -0.2576914538747649974 ) ) ;
#243 = CARTESIAN_POINT ( 'NONE',  ( -44.06500000000043826, 8.274999999999998579, 8.821154273062886020 ) ) ;
#244 = CIRCLE ( 'NONE', #6220, 5.000000000000000888 ) ;
#245 = EDGE_CURVE ( 'NONE', #2868, #2537, #10379, .T. ) ;
#246 = ORIENTED_EDGE ( 'NONE', *, *, #10661, .F. ) ;
#247 = DIRECTION ( 'NONE',  ( 0.000000000000000000, 1.000000000000000000, 0.000000000000000000 ) ) ;
#248 = ORIENTED_EDGE ( 'NONE', *, *, #3151, .F. ) ;
#249 = ORIENTED_EDGE ( 'NONE', *, *, #10084, .T. ) ;
#250 = EDGE_CURVE ( 'NONE', #315, #1612, #10608, .T. ) ;
#251 = VECTOR ( 'NONE', #2619, 1000.000000000000000 ) ;
#252 = ORIENTED_EDGE ( 'NONE', *, *, #9382, .F. ) ;
#253 = EDGE_CURVE ( 'NONE', #6870, #3324, #10484, .T. ) ;
#254 = AXIS2_PLACEMENT_3D ( 'NONE', #7068, #6215, #7191 ) ;
#255 = ADVANCED_FACE ( 'NONE', ( #6965 ), #6111, .F. ) ;
#256 = LINE ( 'NONE', #10686, #1122 ) ;
#257 = DIRECTION ( 'NONE',  ( 0.000000000000000000, 0.6427876096865389188, -0.7660444431189783465 ) ) ;
#258 = LINE ( 'NONE', #2986, #2891 ) ;
#259 = CARTESIAN_POINT ( 'NONE',  ( 30.99957050306814210, 109.8258398792882247, -3.777941523293510583E-15 ) ) ;
#260 = EDGE_CURVE ( 'NONE', #990, #3055, #971, .T. ) ;
#261 = ORIENTED_EDGE ( 'NONE', *, *, #2840, .T. ) ;
#262 = EDGE_CURVE ( 'NONE', #10685, #5409, #7716, .T. ) ;
#263 = DIRECTION ( 'NONE',  ( 9.732078352470914792E-11, 0.000000000000000000, 1.000000000000000000 ) ) ;
#264 = DIRECTION ( 'NONE',  ( -1.000000000000000000, 0.000000000000000000, 8.405686134351577711E-17 ) ) ;
#265 = DIRECTION ( 'NONE',  ( -0.000000000000000000, 0.000000000000000000, -1.000000000000000000 ) ) ;
#266 = DIRECTION ( 'NONE',  ( 0.000000000000000000, 1.000000000000000000, -0.000000000000000000 ) ) ;
#267 = VECTOR ( 'NONE', #1808, 1000.000000000000000 ) ;
#268 = ORIENTED_EDGE ( 'NONE', *, *, #9382, .T. ) ;
#269 = ORIENTED_EDGE ( 'NONE', *, *, #4378, .T. ) ;
#270 = EDGE_LOOP ( 'NONE', ( #6978, #8468, #5226, #192 ) ) ;
#271 = EDGE_CURVE ( 'NONE', #10495, #7718, #6003, .T. ) ;
#272 = AXIS2_PLACEMENT_3D ( 'NONE', #9394, #4227, #6882 ) ;
#273 = FACE_OUTER_BOUND ( 'NONE', #10931, .T. ) ;
#274 = LINE ( 'NONE', #8904, #4791 ) ;
#275 = CARTESIAN_POINT ( 'NONE',  ( -46.58189872104514251, 75.48946397805705999, -21.83805926787198715 ) ) ;
#276 = DIRECTION ( 'NONE',  ( 0.000000000000000000, -1.000000000000000000, 0.000000000000000000 ) ) ;
#277 = ORIENTED_EDGE ( 'NONE', *, *, #10876, .T. ) ;
#278 = VERTEX_POINT ( 'NONE', #5215 ) ;
#279 = VECTOR ( 'NONE', #691, 1000.000000000000000 ) ;
#280 = ORIENTED_EDGE ( 'NONE', *, *, #7315, .T. ) ;
#281 = DIRECTION ( 'NONE',  ( 0.8191520442889939080, 0.5735764363510430508, -2.368337136037539313E-16 ) ) ;
#282 = ORIENTED_EDGE ( 'NONE', *, *, #4618, .F. ) ;
#283 = LINE ( 'NONE', #3009, #10205 ) ;
#284 = CARTESIAN_POINT ( 'NONE',  ( 82.55000000000002558, 72.64000000000000057, 19.12967496797186939 ) ) ;
#285 = LINE ( 'NONE', #2051, #5691 ) ;
#286 = LINE ( 'NONE', #5281, #3973 ) ;
#287 = FACE_BOUND ( 'NONE', #8036, .T. ) ;
#288 = ORIENTED_EDGE ( 'NONE', *, *, #9964, .T. ) ;
#289 = CARTESIAN_POINT ( 'NONE',  ( -35.61042949693189996, 79.82583987928830993, -1.926685223531127367 ) ) ;
#290 = CARTESIAN_POINT ( 'NONE',  ( -42.55000000000002558, 98.32583987928822467, 10.19715292348722890 ) ) ;
#291 = AXIS2_PLACEMENT_3D ( 'NONE', #1239, #9806, #2834 ) ;
#292 = CARTESIAN_POINT ( 'NONE',  ( 82.54999999999999716, -24.50000000000000000, 25.39999999999999858 ) ) ;
#293 = CARTESIAN_POINT ( 'NONE',  ( 50.48689872104515075, 73.67999999411362921, 3.358530552390479595 ) ) ;
#294 = CARTESIAN_POINT ( 'NONE',  ( 50.48689872104515075, 73.67999999411362921, 3.358530552390479595 ) ) ;
#295 = FACE_OUTER_BOUND ( 'NONE', #3821, .T. ) ;
#296 = CARTESIAN_POINT ( 'NONE',  ( -46.58189872104513540, 97.40000406513269127, 2.358535216981981986 ) ) ;
#297 = ORIENTED_EDGE ( 'NONE', *, *, #7658, .F. ) ;
#298 = DIRECTION ( 'NONE',  ( 0.000000000000000000, 0.000000000000000000, -1.000000000000000000 ) ) ;
#299 = EDGE_LOOP ( 'NONE', ( #537, #2085, #1374, #5010 ) ) ;
#300 = EDGE_CURVE ( 'NONE', #9874, #2072, #10433, .T. ) ;
#301 = LINE ( 'NONE', #5404, #166 ) ;
#302 = ORIENTED_EDGE ( 'NONE', *, *, #3584, .T. ) ;
#303 = ORIENTED_EDGE ( 'NONE', *, *, #1941, .T. ) ;
#304 = CARTESIAN_POINT ( 'NONE',  ( -77.61249999996866222, 82.35514882866895903, -32.75769145387477010 ) ) ;
#305 = LINE ( 'NONE', #10625, #4510 ) ;
#306 = DIRECTION ( 'NONE',  ( 1.000000000000000000, -0.000000000000000000, -5.782411586589358625E-17 ) ) ;
#307 = ORIENTED_EDGE ( 'NONE', *, *, #8655, .F. ) ;
#308 = DIRECTION ( 'NONE',  ( 1.000000000000000000, -0.000000000000000000, -0.000000000000000000 ) ) ;
#309 = DIRECTION ( 'NONE',  ( 0.000000000000000000, 0.000000000000000000, 1.000000000000000000 ) ) ;
#310 = EDGE_LOOP ( 'NONE', ( #6328, #10799, #2187, #2901 ) ) ;
#311 = DIRECTION ( 'NONE',  ( -1.000000000000000000, 0.000000000000000000, 1.335278419062900361E-16 ) ) ;
#312 = EDGE_CURVE ( 'NONE', #4451, #6026, #7882, .T. ) ;
#313 = EDGE_CURVE ( 'NONE', #468, #10663, #776, .T. ) ;
#314 = VERTEX_POINT ( 'NONE', #7642 ) ;
#315 = VERTEX_POINT ( 'NONE', #5926 ) ;
#316 = ADVANCED_FACE ( 'NONE', ( #1584 ), #1634, .F. ) ;
#317 = EDGE_CURVE ( 'NONE', #4022, #1067, #11112, .T. ) ;
#318 = DIRECTION ( 'NONE',  ( -1.000000000000000000, 0.000000000000000000, 0.000000000000000000 ) ) ;
#319 = CARTESIAN_POINT ( 'NONE',  ( 76.81501998216512561, 8.274999999999998579, -1.428845727014055988 ) ) ;
#320 = CARTESIAN_POINT ( 'NONE',  ( -80.04999999999999716, -27.00000000000000355, 25.39999999999999858 ) ) ;
#321 = DIRECTION ( 'NONE',  ( -0.000000000000000000, -1.000000000000000000, -0.000000000000000000 ) ) ;
#322 = CARTESIAN_POINT ( 'NONE',  ( 54.81499993151516748, 5.099999999999999645, 15.82115373010225312 ) ) ;
#323 = VECTOR ( 'NONE', #5480, 1000.000000000000000 ) ;
#324 = VECTOR ( 'NONE', #671, 1000.000000000000000 ) ;
#325 = ADVANCED_FACE ( 'NONE', ( #5083, #5980 ), #4122, .F. ) ;
#326 = EDGE_CURVE ( 'NONE', #1487, #11006, #2315, .T. ) ;
#327 = EDGE_LOOP ( 'NONE', ( #9890, #2827, #2696, #3873, #3854, #2443, #5191, #5224 ) ) ;
#328 = EDGE_CURVE ( 'NONE', #8284, #864, #3279, .T. ) ;
#329 = VERTEX_POINT ( 'NONE', #6720 ) ;
#330 = ORIENTED_EDGE ( 'NONE', *, *, #9726, .T. ) ;
#331 = EDGE_CURVE ( 'NONE', #4999, #2210, #10192, .T. ) ;
#332 = CARTESIAN_POINT ( 'NONE',  ( -46.58189872104514251, 87.32932506185393606, -9.140776605289593348 ) ) ;
#333 = ORIENTED_EDGE ( 'NONE', *, *, #499, .T. ) ;
#334 = VECTOR ( 'NONE', #4629, 1000.000000000000000 ) ;
#335 = AXIS2_PLACEMENT_3D ( 'NONE', #10961, #3191, #2342 ) ;
#336 = CIRCLE ( 'NONE', #2697, 1.149999999999998801 ) ;
#337 = DIRECTION ( 'NONE',  ( 0.000000000000000000, -1.000000000000000000, 0.000000000000000000 ) ) ;
#338 = PLANE ( 'NONE',  #3520 ) ;
#339 = CARTESIAN_POINT ( 'NONE',  ( 82.54999999999999716, 99.82583987928822467, 33.89999999999999147 ) ) ;
#340 = EDGE_LOOP ( 'NONE', ( #9212, #6198, #2467, #6918 ) ) ;
#341 = EDGE_CURVE ( 'NONE', #1488, #7648, #4221, .T. ) ;
#342 = AXIS2_PLACEMENT_3D ( 'NONE', #2130, #5577, #4660 ) ;
#343 = ORIENTED_EDGE ( 'NONE', *, *, #5465, .T. ) ;
#344 = AXIS2_PLACEMENT_3D ( 'NONE', #5849, #3354, #5957 ) ;
#345 = FACE_BOUND ( 'NONE', #6710, .T. ) ;
#346 = LINE ( 'NONE', #404, #7137 ) ;
#347 = DIRECTION ( 'NONE',  ( 0.000000000000000000, 0.7071063548969745982, -0.7071072074758634196 ) ) ;
#348 = DIRECTION ( 'NONE',  ( 1.000000000000000000, 0.000000000000000000, 0.000000000000000000 ) ) ;
#349 = LINE ( 'NONE', #2180, #8619 ) ;
#350 = DIRECTION ( 'NONE',  ( 0.000000000000000000, 1.000000000000000000, 0.000000000000000000 ) ) ;
#351 = VERTEX_POINT ( 'NONE', #5628 ) ;
#352 = FACE_BOUND ( 'NONE', #10113, .T. ) ;
#353 = LINE ( 'NONE', #6249, #8131 ) ;
#354 = ORIENTED_EDGE ( 'NONE', *, *, #2133, .T. ) ;
#355 = EDGE_CURVE ( 'NONE', #3616, #5353, #10968, .T. ) ;
#356 = LINE ( 'NONE', #4837, #3242 ) ;
#357 = EDGE_LOOP ( 'NONE', ( #11116, #8027, #3957, #4536, #6017, #6155, #1719, #4535 ) ) ;
#358 = ORIENTED_EDGE ( 'NONE', *, *, #9871, .F. ) ;
#359 = ORIENTED_EDGE ( 'NONE', *, *, #3780, .F. ) ;
#360 = CARTESIAN_POINT ( 'NONE',  ( 4.999570503068141214, 119.8258398792882105, 11.89999999999998614 ) ) ;
#361 = EDGE_CURVE ( 'NONE', #4333, #5110, #1442, .T. ) ;
#362 = DIRECTION ( 'NONE',  ( 1.000000000000000000, 0.000000000000000000, 0.000000000000000000 ) ) ;
#363 = CARTESIAN_POINT ( 'NONE',  ( -11.25499999999998302, 4.249377385370907589, 5.042308546125213731 ) ) ;
#364 = LINE ( 'NONE', #8100, #7809 ) ;
#365 = VERTEX_POINT ( 'NONE', #2296 ) ;
#366 = DIRECTION ( 'NONE',  ( 0.9999640498417923240, 0.008479329218857384332, 0.000000000000000000 ) ) ;
#367 = PLANE ( 'NONE',  #4102 ) ;
#368 = ORIENTED_EDGE ( 'NONE', *, *, #9463, .F. ) ;
#369 = CARTESIAN_POINT ( 'NONE',  ( 0.000000000000000000, 6.349999999999999645, -24.58269145387476584 ) ) ;
#370 = VERTEX_POINT ( 'NONE', #3142 ) ;
#371 = VECTOR ( 'NONE', #10463, 1000.000000000000000 ) ;
#372 = CARTESIAN_POINT ( 'NONE',  ( 41.54999999999999716, 96.82583987928822467, 22.30467496797187010 ) ) ;
#373 = PLANE ( 'NONE',  #6584 ) ;
#374 = EDGE_CURVE ( 'NONE', #5626, #8573, #6526, .T. ) ;
#375 = CARTESIAN_POINT ( 'NONE',  ( 77.54999999999999716, 109.8258398792882247, -22.92957932766295670 ) ) ;
#376 = AXIS2_PLACEMENT_3D ( 'NONE', #5347, #9440, #2687 ) ;
#377 = DIRECTION ( 'NONE',  ( 0.000000000000000000, 1.000000000000000000, 7.709882115452476934E-17 ) ) ;
#378 = CARTESIAN_POINT ( 'NONE',  ( 4.999570503068141214, 110.8258398792882247, 11.89999999999998614 ) ) ;
#379 = CIRCLE ( 'NONE', #8724, 1.149999999999998135 ) ;
#380 = CARTESIAN_POINT ( 'NONE',  ( -29.00040951398291256, 96.12583987928823603, 18.68351409631356930 ) ) ;
#381 = VECTOR ( 'NONE', #2064, 1000.000000000000000 ) ;
#382 = DIRECTION ( 'NONE',  ( -0.000000000000000000, -1.000000000000000000, -0.000000000000000000 ) ) ;
#383 = ADVANCED_FACE ( 'NONE', ( #1387 ), #3928, .F. ) ;
#384 = ORIENTED_EDGE ( 'NONE', *, *, #2274, .T. ) ;
#385 = ORIENTED_EDGE ( 'NONE', *, *, #6634, .F. ) ;
#386 = VECTOR ( 'NONE', #9455, 1000.000000000000000 ) ;
#387 = LINE ( 'NONE', #9016, #701 ) ;
#388 = ORIENTED_EDGE ( 'NONE', *, *, #5231, .F. ) ;
#389 = VECTOR ( 'NONE', #4954, 1000.000000000000000 ) ;
#390 = DIRECTION ( 'NONE',  ( 1.000000000000000000, 0.000000000000000000, 1.335278419062900361E-16 ) ) ;
#391 = EDGE_CURVE ( 'NONE', #629, #4766, #7712, .T. ) ;
#392 = LINE ( 'NONE', #7322, #9756 ) ;
#393 = ADVANCED_FACE ( 'NONE', ( #11173 ), #8201, .F. ) ;
#394 = DIRECTION ( 'NONE',  ( -0.000000000000000000, -0.000000000000000000, -1.000000000000000000 ) ) ;
#395 = PLANE ( 'NONE',  #4515 ) ;
#396 = CARTESIAN_POINT ( 'NONE',  ( 82.54999999999999716, 61.63999999999999346, 11.10020753820971606 ) ) ;
#397 = VERTEX_POINT ( 'NONE', #10316 ) ;
#398 = EDGE_CURVE ( 'NONE', #10032, #7050, #411, .T. ) ;
#399 = ORIENTED_EDGE ( 'NONE', *, *, #9589, .F. ) ;
#400 = VERTEX_POINT ( 'NONE', #6585 ) ;
#401 = CARTESIAN_POINT ( 'NONE',  ( -46.58189872104514251, 69.76620664861324883, -5.531647977673591399 ) ) ;
#402 = EDGE_CURVE ( 'NONE', #10002, #3939, #10107, .T. ) ;
#403 = DIRECTION ( 'NONE',  ( 1.228232725407420948E-32, 0.000000000000000000, -1.000000000000000000 ) ) ;
#404 = CARTESIAN_POINT ( 'NONE',  ( 42.54999999999999716, 96.82583987928822467, 22.30467496797187010 ) ) ;
#405 = LINE ( 'NONE', #8024, #5958 ) ;
#406 = DIRECTION ( 'NONE',  ( 1.000000000000000000, 0.000000000000000000, -0.000000000000000000 ) ) ;
#407 = CARTESIAN_POINT ( 'NONE',  ( 44.06500000000043826, 8.274999999999998579, 8.821154273062886020 ) ) ;
#408 = CARTESIAN_POINT ( 'NONE',  ( 31.40689872104514180, 97.49999999999997158, -29.66122071973760299 ) ) ;
#409 = ORIENTED_EDGE ( 'NONE', *, *, #2173, .T. ) ;
#410 = FACE_BOUND ( 'NONE', #7258, .T. ) ;
#411 = LINE ( 'NONE', #1329, #1691 ) ;
#412 = ORIENTED_EDGE ( 'NONE', *, *, #10174, .T. ) ;
#413 = VECTOR ( 'NONE', #10461, 1000.000000000000000 ) ;
#414 = ORIENTED_EDGE ( 'NONE', *, *, #11081, .T. ) ;
#415 = ORIENTED_EDGE ( 'NONE', *, *, #6199, .T. ) ;
#416 = EDGE_CURVE ( 'NONE', #10032, #5271, #4779, .T. ) ;
#417 = DIRECTION ( 'NONE',  ( 0.000000000000000000, 0.000000000000000000, -1.000000000000000000 ) ) ;
#418 = CARTESIAN_POINT ( 'NONE',  ( -23.90689872104513469, 90.00000000000000000, -29.66122071973760299 ) ) ;
#419 = CARTESIAN_POINT ( 'NONE',  ( -44.06500000000043826, 8.274999999999998579, 8.821154273062886020 ) ) ;
#420 = VERTEX_POINT ( 'NONE', #8367 ) ;
#421 = LINE ( 'NONE', #6708, #2735 ) ;
#422 = DIRECTION ( 'NONE',  ( 0.000000000000000000, -9.870233350266327087E-07, -0.9999999999995128341 ) ) ;
#423 = CARTESIAN_POINT ( 'NONE',  ( -77.61249999996866222, 69.46500000000000341, -29.66122071973759944 ) ) ;
#424 = VERTEX_POINT ( 'NONE', #9471 ) ;
#425 = ORIENTED_EDGE ( 'NONE', *, *, #10301, .F. ) ;
#426 = VERTEX_POINT ( 'NONE', #1702 ) ;
#427 = AXIS2_PLACEMENT_3D ( 'NONE', #8758, #2742, #240 ) ;
#428 = VECTOR ( 'NONE', #10086, 1000.000000000000000 ) ;
#429 = ORIENTED_EDGE ( 'NONE', *, *, #9225, .F. ) ;
#430 = DIRECTION ( 'NONE',  ( 1.000000000000000000, 0.000000000000000000, 0.000000000000000000 ) ) ;
#431 = CARTESIAN_POINT ( 'NONE',  ( -33.11070517773367072, 96.12583987928823603, -1.926765952349186017 ) ) ;
#432 = CARTESIAN_POINT ( 'NONE',  ( -41.55000000000002558, 97.32583987928822467, 22.30467496797187010 ) ) ;
#433 = DIRECTION ( 'NONE',  ( 0.000000000000000000, 0.000000000000000000, -1.000000000000000000 ) ) ;
#434 = DIRECTION ( 'NONE',  ( 0.000000000000000000, 0.000000000000000000, 1.000000000000000000 ) ) ;
#435 = CIRCLE ( 'NONE', #8244, 0.7999800169607197420 ) ;
#436 = DIRECTION ( 'NONE',  ( -0.000000000000000000, -0.000000000000000000, -1.000000000000000000 ) ) ;
#437 = PLANE ( 'NONE',  #9349 ) ;
#438 = ORIENTED_EDGE ( 'NONE', *, *, #5556, .T. ) ;
#439 = ORIENTED_EDGE ( 'NONE', *, *, #4332, .T. ) ;
#440 = EDGE_CURVE ( 'NONE', #7934, #9840, #7393, .T. ) ;
#441 = ORIENTED_EDGE ( 'NONE', *, *, #866, .T. ) ;
#442 = AXIS2_PLACEMENT_3D ( 'NONE', #5205, #4353, #5098 ) ;
#443 = CARTESIAN_POINT ( 'NONE',  ( -74.43749999996865085, 82.35514882866895903, -37.08269145387477295 ) ) ;
#444 = ORIENTED_EDGE ( 'NONE', *, *, #2211, .F. ) ;
#445 = LINE ( 'NONE', #10781, #3857 ) ;
#446 = CARTESIAN_POINT ( 'NONE',  ( -50.48689872104515075, 74.78999999999417980, -22.77998592831961133 ) ) ;
#447 = DIRECTION ( 'NONE',  ( -4.937420151055313657E-11, 0.000000000000000000, -1.000000000000000000 ) ) ;
#448 = FACE_OUTER_BOUND ( 'NONE', #9253, .T. ) ;
#449 = CARTESIAN_POINT ( 'NONE',  ( -79.37499999999997158, 10.00000000000000000, 21.38115427306261296 ) ) ;
#450 = VERTEX_POINT ( 'NONE', #7141 ) ;
#451 = VECTOR ( 'NONE', #2531, 1000.000000000000000 ) ;
#453 = EDGE_LOOP ( 'NONE', ( #2444, #5089, #6366, #39 ) ) ;
#452 = LINE ( 'NONE', #2961, #711 ) ;
#454 = ORIENTED_EDGE ( 'NONE', *, *, #7870, .T. ) ;
#455 = EDGE_CURVE ( 'NONE', #4326, #480, #10001, .T. ) ;
#456 = ORIENTED_EDGE ( 'NONE', *, *, #4485, .F. ) ;
#457 = EDGE_CURVE ( 'NONE', #3159, #8018, #11120, .T. ) ;
#458 = AXIS2_PLACEMENT_3D ( 'NONE', #8807, #7, #7836 ) ;
#459 = EDGE_CURVE ( 'NONE', #9113, #9518, #9530, .T. ) ;
#460 = CARTESIAN_POINT ( 'NONE',  ( 77.61249999999999716, 23.27499999999999858, -5.564823903641046954 ) ) ;
#461 = DIRECTION ( 'NONE',  ( 0.000000000000000000, 1.000000000000000000, 0.000000000000000000 ) ) ;
#462 = CYLINDRICAL_SURFACE ( 'NONE', #3715, 1.000000000000000888 ) ;
#463 = DIRECTION ( 'NONE',  ( 0.000000000000000000, -0.7071063548969729329, 0.7071072074758651960 ) ) ;
#464 = ORIENTED_EDGE ( 'NONE', *, *, #8716, .T. ) ;
#465 = ORIENTED_EDGE ( 'NONE', *, *, #1524, .T. ) ;
#466 = VECTOR ( 'NONE', #4801, 1000.000000000000000 ) ;
#467 = ADVANCED_FACE ( 'NONE', ( #1812 ), #10429, .F. ) ;
#468 = VERTEX_POINT ( 'NONE', #851 ) ;
#469 = EDGE_CURVE ( 'NONE', #1396, #3785, #10762, .T. ) ;
#470 = ORIENTED_EDGE ( 'NONE', *, *, #2387, .T. ) ;
#471 = VECTOR ( 'NONE', #5532, 1000.000000000000000 ) ;
#472 = DIRECTION ( 'NONE',  ( 0.000000000000000000, 0.000000000000000000, -1.000000000000000000 ) ) ;
#473 = DIRECTION ( 'NONE',  ( -1.335278419062900361E-16, 3.354869254291018419E-16, -1.000000000000000000 ) ) ;
#474 = ORIENTED_EDGE ( 'NONE', *, *, #4485, .T. ) ;
#475 = PLANE ( 'NONE',  #6182 ) ;
#476 = DIRECTION ( 'NONE',  ( 0.000000000000000000, 0.000000000000000000, -1.000000000000000000 ) ) ;
#477 = ORIENTED_EDGE ( 'NONE', *, *, #3171, .F. ) ;
#478 = LINE ( 'NONE', #7408, #3045 ) ;
#479 = ORIENTED_EDGE ( 'NONE', *, *, #10712, .F. ) ;
#480 = VERTEX_POINT ( 'NONE', #4358 ) ;
#481 = ORIENTED_EDGE ( 'NONE', *, *, #5863, .T. ) ;
#482 = FACE_OUTER_BOUND ( 'NONE', #3272, .T. ) ;
#483 = PLANE ( 'NONE',  #9582 ) ;
#484 = LINE ( 'NONE', #3949, #5887 ) ;
#485 = CARTESIAN_POINT ( 'NONE',  ( 32.54999999999999716, 93.00000000000000000, 22.30467496797187010 ) ) ;
#486 = DIRECTION ( 'NONE',  ( -1.000000000000000000, 0.000000000000000000, 0.000000000000000000 ) ) ;
#487 = CARTESIAN_POINT ( 'NONE',  ( -0.0004294969318460739593, 124.8258398792882247, 8.433509728450992782 ) ) ;
#488 = VERTEX_POINT ( 'NONE', #50 ) ;
#489 = VERTEX_POINT ( 'NONE', #10374 ) ;
#490 = EDGE_CURVE ( 'NONE', #3487, #4634, #8682, .T. ) ;
#491 = ORIENTED_EDGE ( 'NONE', *, *, #9893, .T. ) ;
#492 = ORIENTED_EDGE ( 'NONE', *, *, #6497, .F. ) ;
#493 = DIRECTION ( 'NONE',  ( -0.000000000000000000, -0.000000000000000000, -1.000000000000000000 ) ) ;
#494 = CARTESIAN_POINT ( 'NONE',  ( -5.000429496931850792, 119.8299752807307357, -20.03649027154900253 ) ) ;
#495 = VECTOR ( 'NONE', #3887, 1000.000000000000000 ) ;
#496 = CARTESIAN_POINT ( 'NONE',  ( -50.48689872104514365, 74.67980196068272392, -26.29001273249923898 ) ) ;
#497 = DIRECTION ( 'NONE',  ( 0.5735764363510443831, -0.8191520442889929088, 0.000000000000000000 ) ) ;
#498 = VECTOR ( 'NONE', #9684, 1000.000000000000000 ) ;
#499 = EDGE_CURVE ( 'NONE', #9281, #3707, #6961, .T. ) ;
#500 = DIRECTION ( 'NONE',  ( -0.000000000000000000, -1.000000000000000000, -1.677434638215118067E-15 ) ) ;
#501 = CARTESIAN_POINT ( 'NONE',  ( 10.93734659411067511, 109.8653739022154383, 36.89999999999999147 ) ) ;
#502 = ORIENTED_EDGE ( 'NONE', *, *, #10102, .F. ) ;
#504 = VERTEX_POINT ( 'NONE', #6169 ) ;
#503 = FACE_OUTER_BOUND ( 'NONE', #3429, .T. ) ;
#505 = ORIENTED_EDGE ( 'NONE', *, *, #4262, .T. ) ;
#506 = LINE ( 'NONE', #11119, #8038 ) ;
#507 = VECTOR ( 'NONE', #4275, 1000.000000000000000 ) ;
#508 = VECTOR ( 'NONE', #7415, 1000.000000000000000 ) ;
#509 = CARTESIAN_POINT ( 'NONE',  ( 43.40689872104513825, 97.50000000000000000, 22.30467496797187010 ) ) ;
#510 = LINE ( 'NONE', #2061, #6029 ) ;
#511 = FACE_OUTER_BOUND ( 'NONE', #9619, .T. ) ;
#512 = CARTESIAN_POINT ( 'NONE',  ( 67.12499999999998579, 99.82583987928822467, 42.90000000000004121 ) ) ;
#513 = EDGE_CURVE ( 'NONE', #7093, #10985, #9489, .T. ) ;
#514 = CIRCLE ( 'NONE', #9226, 1.149999999999994804 ) ;
#515 = DIRECTION ( 'NONE',  ( 0.000000000000000000, 1.000000000000000000, 0.000000000000000000 ) ) ;
#516 = CARTESIAN_POINT ( 'NONE',  ( 44.06500000000043826, 5.099999999999999645, 8.821154273062886020 ) ) ;
#517 = VECTOR ( 'NONE', #8936, 1000.000000000000000 ) ;
#518 = ORIENTED_EDGE ( 'NONE', *, *, #4983, .F. ) ;
#519 = EDGE_CURVE ( 'NONE', #11053, #4317, #5257, .T. ) ;
#520 = ORIENTED_EDGE ( 'NONE', *, *, #4135, .T. ) ;
#521 = AXIS2_PLACEMENT_3D ( 'NONE', #1801, #5146, #3556 ) ;
#522 = EDGE_LOOP ( 'NONE', ( #3071, #3882, #6629, #10043 ) ) ;
#523 = AXIS2_PLACEMENT_3D ( 'NONE', #7088, #8183, #6348 ) ;
#524 = CARTESIAN_POINT ( 'NONE',  ( 4.999570503068137661, 109.8258398792882247, 4.963509728450993919 ) ) ;
#525 = CARTESIAN_POINT ( 'NONE',  ( -43.40689872104514535, 95.63999999999417412, -2.374168628343573229 ) ) ;
#526 = EDGE_CURVE ( 'NONE', #1895, #4765, #6758, .T. ) ;
#527 = ORIENTED_EDGE ( 'NONE', *, *, #5811, .T. ) ;
#528 = DIRECTION ( 'NONE',  ( 0.000000000000000000, -0.8873916384311678618, 0.4610163555042787187 ) ) ;
#529 = LINE ( 'NONE', #2194, #2654 ) ;
#530 = AXIS2_PLACEMENT_3D ( 'NONE', #1207, #3804, #1101 ) ;
#531 = VERTEX_POINT ( 'NONE', #10481 ) ;
#533 = CARTESIAN_POINT ( 'NONE',  ( 52.36501998304115091, 8.274999999999998579, 20.22115427297831403 ) ) ;
#532 = VECTOR ( 'NONE', #9801, 1000.000000000000000 ) ;
#534 = EDGE_CURVE ( 'NONE', #4373, #9, #2722, .T. ) ;
#535 = ORIENTED_EDGE ( 'NONE', *, *, #3532, .T. ) ;
#536 = ORIENTED_EDGE ( 'NONE', *, *, #4474, .F. ) ;
#537 = ORIENTED_EDGE ( 'NONE', *, *, #3320, .T. ) ;
#538 = DIRECTION ( 'NONE',  ( 1.000000000000000000, -0.000000000000000000, -0.000000000000000000 ) ) ;
#539 = DIRECTION ( 'NONE',  ( 0.000000000000000000, 1.000000000000000000, 0.000000000000000000 ) ) ;
#540 = EDGE_CURVE ( 'NONE', #10540, #1849, #2602, .T. ) ;
#541 = CARTESIAN_POINT ( 'NONE',  ( -50.48689872104515075, 74.97269081489451992, 3.358530552390480040 ) ) ;
#542 = EDGE_CURVE ( 'NONE', #10480, #1516, #7625, .T. ) ;
#543 = CARTESIAN_POINT ( 'NONE',  ( 1.717858599635257999, 124.8258398793070398, 32.58738544917789426 ) ) ;
#544 = CARTESIAN_POINT ( 'NONE',  ( 33.54999999999999716, 93.00000000000000000, 22.30467496797187010 ) ) ;
#545 = CARTESIAN_POINT ( 'NONE',  ( -43.40689872104514535, 74.78999999999417980, 1.670014071680389289 ) ) ;
#546 = DIRECTION ( 'NONE',  ( 0.000000000000000000, 0.000000000000000000, -1.000000000000000000 ) ) ;
#547 = DIRECTION ( 'NONE',  ( 2.037326371931608774E-06, 0.000000000000000000, -0.9999999999979246601 ) ) ;
#548 = AXIS2_PLACEMENT_3D ( 'NONE', #9680, #1905, #7119 ) ;
#549 = VERTEX_POINT ( 'NONE', #9376 ) ;
#550 = ORIENTED_EDGE ( 'NONE', *, *, #4419, .F. ) ;
#551 = ORIENTED_EDGE ( 'NONE', *, *, #4257, .T. ) ;
#552 = DIRECTION ( 'NONE',  ( -1.000000000000000000, -0.000000000000000000, 1.335278419062900115E-16 ) ) ;
#553 = ORIENTED_EDGE ( 'NONE', *, *, #7888, .F. ) ;
#554 = PLANE ( 'NONE',  #4735 ) ;
#555 = PLANE ( 'NONE',  #9135 ) ;
#556 = CIRCLE ( 'NONE', #10165, 1.149999999999999689 ) ;
#558 = CARTESIAN_POINT ( 'NONE',  ( 82.54999999999999716, 104.8258398792882105, 46.90000000000009095 ) ) ;
#557 = VECTOR ( 'NONE', #2861, 1000.000000000000000 ) ;
#559 = CARTESIAN_POINT ( 'NONE',  ( 9.877393833880962148, 79.82583987928819624, -2.201337213713970620 ) ) ;
#560 = CARTESIAN_POINT ( 'NONE',  ( 43.40689872104514535, 72.64000000000000057, -5.796029510066058939E-15 ) ) ;
#561 = PLANE ( 'NONE',  #4083 ) ;
#562 = VERTEX_POINT ( 'NONE', #11087 ) ;
#563 = DIRECTION ( 'NONE',  ( 0.000000000000000000, 0.000000000000000000, 1.000000000000000000 ) ) ;
#564 = VERTEX_POINT ( 'NONE', #9325 ) ;
#565 = ORIENTED_EDGE ( 'NONE', *, *, #743, .F. ) ;
#566 = CIRCLE ( 'NONE', #5633, 1.149999999999994804 ) ;
#567 = FACE_OUTER_BOUND ( 'NONE', #7383, .T. ) ;
#568 = AXIS2_PLACEMENT_3D ( 'NONE', #7568, #2461, #8318 ) ;
#569 = EDGE_CURVE ( 'NONE', #3567, #10899, #244, .T. ) ;
#570 = UNCERTAINTY_MEASURE_WITH_UNIT (LENGTH_MEASURE( 1.000000000000000082E-05 ), #10385, 'distance_accuracy_value', 'NONE');
#571 = CARTESIAN_POINT ( 'NONE',  ( -5.831367388406349939, 119.8258398791773658, -20.02614085110419140 ) ) ;
#572 = CARTESIAN_POINT ( 'NONE',  ( 1.666237169734807511, 119.8722550523063148, -20.03649027154899898 ) ) ;
#573 = DIRECTION ( 'NONE',  ( 0.000000000000000000, 1.000000000000000000, 0.000000000000000000 ) ) ;
#574 = VECTOR ( 'NONE', #7860, 1000.000000000000000 ) ;
#575 = DIRECTION ( 'NONE',  ( 0.000000000000000000, 1.000000000000000000, 0.000000000000000000 ) ) ;
#576 = CARTESIAN_POINT ( 'NONE',  ( 32.54999999999999716, 96.82583987928822467, 22.30467496797187010 ) ) ;
#577 = AXIS2_PLACEMENT_3D ( 'NONE', #242, #184, #7039 ) ;
#578 = LINE ( 'NONE', #5959, #10057 ) ;
#579 = DIRECTION ( 'NONE',  ( 0.000000000000000000, 0.000000000000000000, -1.000000000000000000 ) ) ;
#580 = ORIENTED_EDGE ( 'NONE', *, *, #3171, .T. ) ;
#581 = VERTEX_POINT ( 'NONE', #645 ) ;
#582 = ADVANCED_FACE ( 'NONE', ( #5746 ), #1451, .F. ) ;
#583 = ORIENTED_EDGE ( 'NONE', *, *, #1458, .F. ) ;
#584 = CARTESIAN_POINT ( 'NONE',  ( -46.58189872104514251, 78.54000537782802382, -2.374168628343575005 ) ) ;
#585 = DIRECTION ( 'NONE',  ( 0.000000000000000000, -1.000000000000000000, 0.000000000000000000 ) ) ;
#586 = DIRECTION ( 'NONE',  ( -1.000000000000000000, 0.000000000000000000, -1.066750355020279335E-16 ) ) ;
#587 = DIRECTION ( 'NONE',  ( -1.000000000000000000, 0.000000000000000000, 0.000000000000000000 ) ) ;
#588 = EDGE_LOOP ( 'NONE', ( #7399, #4467 ) ) ;
#589 = DIRECTION ( 'NONE',  ( 0.000000000000000000, 1.000000000000000000, 0.000000000000000000 ) ) ;
#590 = CARTESIAN_POINT ( 'NONE',  ( 73.96808532237744771, 8.274999999999998579, 0.5788675790057360437 ) ) ;
#591 = ORIENTED_EDGE ( 'NONE', *, *, #1245, .F. ) ;
#592 = LINE ( 'NONE', #10124, #2153 ) ;
#593 = ORIENTED_EDGE ( 'NONE', *, *, #1538, .T. ) ;
#594 = ORIENTED_EDGE ( 'NONE', *, *, #5997, .T. ) ;
#595 = EDGE_CURVE ( 'NONE', #5110, #6310, #4049, .T. ) ;
#596 = EDGE_CURVE ( 'NONE', #4373, #7426, #7320, .T. ) ;
#597 = CARTESIAN_POINT ( 'NONE',  ( -73.96808532237744771, 5.099999999999999645, 0.5788675790057360437 ) ) ;
#598 = CIRCLE ( 'NONE', #8578, 1.149999999999998135 ) ;
#599 = AXIS2_PLACEMENT_3D ( 'NONE', #2104, #1249, #8123 ) ;
#600 = CARTESIAN_POINT ( 'NONE',  ( 50.48689872104515075, 96.40000537621601495, 3.358535111626435476 ) ) ;
#601 = EDGE_CURVE ( 'NONE', #656, #10427, #1616, .T. ) ;
#602 = EDGE_CURVE ( 'NONE', #581, #11090, #4581, .T. ) ;
#603 = CARTESIAN_POINT ( 'NONE',  ( 82.54999999999999716, 67.34020753820971095, 25.39999999999999858 ) ) ;
#604 = FACE_OUTER_BOUND ( 'NONE', #4783, .T. ) ;
#605 = CARTESIAN_POINT ( 'NONE',  ( -5.000429496931850792, 109.8258398792882247, 4.963509728450992142 ) ) ;
#606 = CARTESIAN_POINT ( 'NONE',  ( -8.300429496927989703, 99.82583987928822467, -0.6664902716071350319 ) ) ;
#607 = LINE ( 'NONE', #5928, #466 ) ;
#608 = FACE_OUTER_BOUND ( 'NONE', #8034, .T. ) ;
#609 = AXIS2_PLACEMENT_3D ( 'NONE', #1890, #929, #1040 ) ;
#610 = CIRCLE ( 'NONE', #1319, 4.999999999999997335 ) ;
#611 = ORIENTED_EDGE ( 'NONE', *, *, #4007, .T. ) ;
#612 = VERTEX_POINT ( 'NONE', #4209 ) ;
#613 = ORIENTED_EDGE ( 'NONE', *, *, #855, .T. ) ;
#614 = ADVANCED_FACE ( 'NONE', ( #5804 ), #7677, .F. ) ;
#615 = ADVANCED_FACE ( 'NONE', ( #3265 ), #11135, .F. ) ;
#616 = ADVANCED_FACE ( 'NONE', ( #7730 ), #6808, .T. ) ;
#617 = LINE ( 'NONE', #10832, #3511 ) ;
#618 = AXIS2_PLACEMENT_3D ( 'NONE', #7945, #10545, #9539 ) ;
#619 = CARTESIAN_POINT ( 'NONE',  ( 74.43750000000000000, 82.35514882866895903, -32.75769145387477010 ) ) ;
#620 = LINE ( 'NONE', #8351, #7505 ) ;
#621 = CARTESIAN_POINT ( 'NONE',  ( -5.681610738307793618, 124.8258398792882247, -15.09244537956948662 ) ) ;
#622 = DIRECTION ( 'NONE',  ( 0.000000000000000000, 0.000000000000000000, 1.000000000000000000 ) ) ;
#623 = CARTESIAN_POINT ( 'NONE',  ( -72.76808532600743717, 8.274999999999998579, -0.6211324209942660213 ) ) ;
#624 = EDGE_LOOP ( 'NONE', ( #2663, #2818, #3786, #1192 ) ) ;
#625 = ORIENTED_EDGE ( 'NONE', *, *, #8711, .T. ) ;
#626 = ORIENTED_EDGE ( 'NONE', *, *, #1107, .F. ) ;
#627 = VECTOR ( 'NONE', #5891, 1000.000000000000000 ) ;
#628 = DIRECTION ( 'NONE',  ( 0.000000000000000000, 0.000000000000000000, -1.000000000000000000 ) ) ;
#629 = VERTEX_POINT ( 'NONE', #4953 ) ;
#630 = DIRECTION ( 'NONE',  ( 1.000000000000000000, 0.000000000000000000, 0.000000000000000000 ) ) ;
#631 = FACE_OUTER_BOUND ( 'NONE', #5269, .T. ) ;
#632 = CARTESIAN_POINT ( 'NONE',  ( -50.48689872104515075, 74.43999999999417128, -7.959769997217391868 ) ) ;
#633 = VECTOR ( 'NONE', #1662, 1000.000000000000000 ) ;
#634 = PLANE ( 'NONE',  #1499 ) ;
#635 = DIRECTION ( 'NONE',  ( 0.000000000000000000, 0.000000000000000000, -1.000000000000000000 ) ) ;
#636 = DIRECTION ( 'NONE',  ( -1.000000000000000000, -0.000000000000000000, 1.335278419062900361E-16 ) ) ;
#637 = DIRECTION ( 'NONE',  ( 0.000000000000000000, -0.000000000000000000, -1.000000000000000000 ) ) ;
#638 = ORIENTED_EDGE ( 'NONE', *, *, #469, .T. ) ;
#639 =( NAMED_UNIT ( * ) SI_UNIT ( $, .STERADIAN. ) SOLID_ANGLE_UNIT ( ) );
#640 = ORIENTED_EDGE ( 'NONE', *, *, #2351, .T. ) ;
#641 = DIRECTION ( 'NONE',  ( -0.000000000000000000, -1.000000000000000000, -0.000000000000000000 ) ) ;
#642 = ORIENTED_EDGE ( 'NONE', *, *, #2629, .T. ) ;
#643 = AXIS2_PLACEMENT_3D ( 'NONE', #9988, #9819, #1144 ) ;
#644 = ORIENTED_EDGE ( 'NONE', *, *, #4724, .T. ) ;
#645 = CARTESIAN_POINT ( 'NONE',  ( -32.55000000000002558, 92.50000000000000000, 33.89999999999999147 ) ) ;
#646 = LINE ( 'NONE', #5805, #5646 ) ;
#647 = FACE_OUTER_BOUND ( 'NONE', #6000, .T. ) ;
#648 = CIRCLE ( 'NONE', #6980, 11.39100661779977841 ) ;
#649 = ADVANCED_FACE ( 'NONE', ( #6703 ), #9217, .F. ) ;
#650 = CARTESIAN_POINT ( 'NONE',  ( -50.48689872104515075, 73.67999999411362921, 3.358530552390479595 ) ) ;
#651 = DIRECTION ( 'NONE',  ( 0.9999628129921691588, 0.008623956910147972943, -1.300994225100990854E-16 ) ) ;
#652 = ORIENTED_EDGE ( 'NONE', *, *, #1441, .F. ) ;
#653 = DIRECTION ( 'NONE',  ( -1.335278419062900361E-16, -8.182657905550979512E-17, 1.000000000000000000 ) ) ;
#654 = ORIENTED_EDGE ( 'NONE', *, *, #1376, .F. ) ;
#655 = DIRECTION ( 'NONE',  ( 0.000000000000000000, 0.000000000000000000, 1.000000000000000000 ) ) ;
#656 = VERTEX_POINT ( 'NONE', #7097 ) ;
#657 = CIRCLE ( 'NONE', #10435, 24.20000000000000639 ) ;
#658 = CARTESIAN_POINT ( 'NONE',  ( 33.75499999999999545, 6.349999999999999645, -3.957691453874785825 ) ) ;
#659 = FACE_OUTER_BOUND ( 'NONE', #9270, .T. ) ;
#660 = CARTESIAN_POINT ( 'NONE',  ( 4.999570503068142102, 119.8301161607049750, 36.89999999999999147 ) ) ;
#661 = LINE ( 'NONE', #9343, #3895 ) ;
#662 = EDGE_CURVE ( 'NONE', #8009, #10472, #6079, .T. ) ;
#663 = DIRECTION ( 'NONE',  ( 0.000000000000000000, -0.000000000000000000, 1.000000000000000000 ) ) ;
#664 = CARTESIAN_POINT ( 'NONE',  ( 46.58189872104514251, 91.54000537782400215, -2.374168628343573229 ) ) ;
#665 = EDGE_CURVE ( 'NONE', #9113, #7153, #5232, .T. ) ;
#666 = LINE ( 'NONE', #5033, #899 ) ;
#667 = VERTEX_POINT ( 'NONE', #8700 ) ;
#668 = ORIENTED_EDGE ( 'NONE', *, *, #313, .T. ) ;
#669 = ADVANCED_FACE ( 'NONE', ( #6190 ), #1828, .T. ) ;
#670 = EDGE_CURVE ( 'NONE', #9909, #4965, #3870, .T. ) ;
#671 = DIRECTION ( 'NONE',  ( 0.000000000000000000, 1.000000000000000000, 0.000000000000000000 ) ) ;
#672 = ORIENTED_EDGE ( 'NONE', *, *, #3840, .F. ) ;
#673 = DIRECTION ( 'NONE',  ( 0.000000000000000000, -1.000000000000000000, 0.000000000000000000 ) ) ;
#674 = LINE ( 'NONE', #729, #9606 ) ;
#675 = CYLINDRICAL_SURFACE ( 'NONE', #4431, 1.149999999999998135 ) ;
#676 = FACE_OUTER_BOUND ( 'NONE', #2138, .T. ) ;
#677 = DIRECTION ( 'NONE',  ( 0.000000000000000000, 0.000000000000000000, -1.000000000000000000 ) ) ;
#678 = EDGE_CURVE ( 'NONE', #6817, #5135, #6938, .T. ) ;
#679 = ORIENTED_EDGE ( 'NONE', *, *, #9292, .T. ) ;
#680 = DIRECTION ( 'NONE',  ( 0.000000000000000000, 1.000000000000000000, 0.000000000000000000 ) ) ;
#681 = ORIENTED_EDGE ( 'NONE', *, *, #490, .F. ) ;
#682 = VERTEX_POINT ( 'NONE', #4541 ) ;
#683 = EDGE_CURVE ( 'NONE', #7795, #1679, #8420, .T. ) ;
#684 = CARTESIAN_POINT ( 'NONE',  ( -11.25499999999998302, -27.00000000000000355, 19.39999999999997371 ) ) ;
#685 = LINE ( 'NONE', #7611, #2228 ) ;
#686 = CARTESIAN_POINT ( 'NONE',  ( -82.54999999999999716, 58.93999999999998352, -6.257691453874762999 ) ) ;
#687 = APPLICATION_CONTEXT ( 'automotive_design' ) ;
#688 = DIRECTION ( 'NONE',  ( 0.000000000000000000, -0.8873916384311677508, 0.4610163555042787187 ) ) ;
#689 = FACE_OUTER_BOUND ( 'NONE', #11118, .T. ) ;
#690 = CARTESIAN_POINT ( 'NONE',  ( -50.48689872104515075, 95.28999999999417980, -23.92998592831960991 ) ) ;
#691 = DIRECTION ( 'NONE',  ( -1.000000000000000000, 0.000000000000000000, -0.000000000000000000 ) ) ;
#692 = CARTESIAN_POINT ( 'NONE',  ( -50.48689872104515075, 97.40000406513269127, 2.358535216981981542 ) ) ;
#693 = VERTEX_POINT ( 'NONE', #10398 ) ;
#694 = AXIS2_PLACEMENT_3D ( 'NONE', #7286, #4603, #10742 ) ;
#695 = VECTOR ( 'NONE', #6289, 1000.000000000000000 ) ;
#696 = ORIENTED_EDGE ( 'NONE', *, *, #260, .F. ) ;
#697 = ORIENTED_EDGE ( 'NONE', *, *, #9562, .T. ) ;
#698 = CIRCLE ( 'NONE', #6671, 5.000000000000000000 ) ;
#699 = VECTOR ( 'NONE', #2287, 1000.000000000000000 ) ;
#700 = DIRECTION ( 'NONE',  ( -0.000000000000000000, -1.000000000000000000, -0.000000000000000000 ) ) ;
#701 = VECTOR ( 'NONE', #5435, 1000.000000000000000 ) ;
#702 = CARTESIAN_POINT ( 'NONE',  ( -5.043514005199849493, 124.8258398792882247, 32.10220843882515140 ) ) ;
#703 =( BOUNDED_CURVE ( )  B_SPLINE_CURVE ( 3, ( #4427, #1881, #7893, #4311 ),
 .UNSPECIFIED., .F., .T. ) 
 B_SPLINE_CURVE_WITH_KNOTS ( ( 4, 4 ),
 ( 0.000000000000000000, 1.570796326794896558 ),
 .UNSPECIFIED. ) 
 CURVE ( )  GEOMETRIC_REPRESENTATION_ITEM ( )  RATIONAL_B_SPLINE_CURVE ( ( 1.000000000000000000, 0.8047378541243649375, 0.8047378541243649375, 1.000000000000000000 ) ) 
 REPRESENTATION_ITEM ( '' )  );
#704 = EDGE_CURVE ( 'NONE', #210, #5091, #8023, .T. ) ;
#705 = DIRECTION ( 'NONE',  ( 0.8191520442889943521, 0.5735764363510422736, 0.000000000000000000 ) ) ;
#706 = LINE ( 'NONE', #3208, #8991 ) ;
#707 = ORIENTED_EDGE ( 'NONE', *, *, #6042, .T. ) ;
#708 = CARTESIAN_POINT ( 'NONE',  ( -51.69999999999999574, 10.00808511372026999, 6.954673577913530913 ) ) ;
#709 = VECTOR ( 'NONE', #8342, 1000.000000000000000 ) ;
#710 = EDGE_LOOP ( 'NONE', ( #6462, #5973, #8108, #5229 ) ) ;
#711 = VECTOR ( 'NONE', #10840, 999.9999999999998863 ) ;
#712 = ORIENTED_EDGE ( 'NONE', *, *, #4007, .F. ) ;
#713 = CARTESIAN_POINT ( 'NONE',  ( -82.55000000000002558, 99.82583987928822467, -31.32057563943574507 ) ) ;
#714 = DIRECTION ( 'NONE',  ( -1.335278419062900361E-16, -3.354869254291018419E-16, 1.000000000000000000 ) ) ;
#715 = VECTOR ( 'NONE', #183, 1000.000000000000000 ) ;
#716 = CARTESIAN_POINT ( 'NONE',  ( 3.407704474435778952, 124.3668280965001145, 36.89999999999998437 ) ) ;
#717 = DIRECTION ( 'NONE',  ( 0.000000000000000000, 1.000000000000000000, 0.000000000000000000 ) ) ;
#718 = AXIS2_PLACEMENT_3D ( 'NONE', #5500, #10723, #6459 ) ;
#719 = CARTESIAN_POINT ( 'NONE',  ( -74.43749999996865085, 90.00000000000004263, -37.08269145387477295 ) ) ;
#720 = DIRECTION ( 'NONE',  ( 0.000000000000000000, -1.000000000000000000, 0.000000000000000000 ) ) ;
#721 = DIRECTION ( 'NONE',  ( 1.000000000000000000, 0.000000000000000000, -0.000000000000000000 ) ) ;
#722 = ORIENTED_EDGE ( 'NONE', *, *, #11008, .F. ) ;
#723 = EDGE_LOOP ( 'NONE', ( #1299, #8458, #280, #4565 ) ) ;
#724 = CARTESIAN_POINT ( 'NONE',  ( 4.999570503068141214, 110.8258398792882247, 11.89999999999998614 ) ) ;
#725 = AXIS2_PLACEMENT_3D ( 'NONE', #3864, #1151, #6301 ) ;
#726 = ORIENTED_EDGE ( 'NONE', *, *, #5093, .F. ) ;
#727 = EDGE_CURVE ( 'NONE', #3128, #9416, #9133, .T. ) ;
#728 = DIRECTION ( 'NONE',  ( 1.000000000000000000, 0.000000000000000000, 0.000000000000000000 ) ) ;
#729 = CARTESIAN_POINT ( 'NONE',  ( 50.48689872104515075, 74.78999999999417980, 1.670014071680389733 ) ) ;
#730 = DIRECTION ( 'NONE',  ( 0.000000000000000000, 0.000000000000000000, -1.000000000000000000 ) ) ;
#731 = EDGE_CURVE ( 'NONE', #4249, #193, #1885, .T. ) ;
#732 = DIRECTION ( 'NONE',  ( -0.000000000000000000, -1.000000000000000000, -0.000000000000000000 ) ) ;
#733 = CARTESIAN_POINT ( 'NONE',  ( -82.54999999999999716, 61.63999999999999346, -5.257691453874764775 ) ) ;
#734 = EDGE_LOOP ( 'NONE', ( #7248, #1871 ) ) ;
#735 = ORIENTED_EDGE ( 'NONE', *, *, #5247, .F. ) ;
#736 = ORIENTED_EDGE ( 'NONE', *, *, #9883, .T. ) ;
#737 = LINE ( 'NONE', #684, #4403 ) ;
#738 = EDGE_CURVE ( 'NONE', #8271, #7493, #7901, .T. ) ;
#739 = VECTOR ( 'NONE', #5761, 1000.000000000000000 ) ;
#740 = ADVANCED_FACE ( 'NONE', ( #3536 ), #4380, .F. ) ;
#741 = EDGE_CURVE ( 'NONE', #7327, #2506, #9717, .T. ) ;
#742 = CARTESIAN_POINT ( 'NONE',  ( -77.61249999996864801, 8.275000000000003908, 24.62763407003640381 ) ) ;
#743 = EDGE_CURVE ( 'NONE', #6935, #2495, #7160, .T. ) ;
#744 = B_SPLINE_CURVE_WITH_KNOTS ( 'NONE', 3,
 ( #10019, #5706, #2256, #9176 ),
 .UNSPECIFIED., .F., .F.,
 ( 4, 4 ),
 ( 0.000000000000000000, 0.001246860561844864712 ),
 .UNSPECIFIED. ) ;
#745 = DIRECTION ( 'NONE',  ( -0.000000000000000000, 1.000000000000000000, -0.000000000000000000 ) ) ;
#746 = DIRECTION ( 'NONE',  ( 0.000000000000000000, 0.000000000000000000, -1.000000000000000000 ) ) ;
#747 = AXIS2_PLACEMENT_3D ( 'NONE', #1674, #2637, #8650 ) ;
#748 = VECTOR ( 'NONE', #7254, 1000.000000000000000 ) ;
#749 = VERTEX_POINT ( 'NONE', #3642 ) ;
#750 = AXIS2_PLACEMENT_3D ( 'NONE', #10811, #7239, #9846 ) ;
#751 = EDGE_LOOP ( 'NONE', ( #7637, #10889, #2074, #591 ) ) ;
#752 = ORIENTED_EDGE ( 'NONE', *, *, #10445, .T. ) ;
#753 = FACE_OUTER_BOUND ( 'NONE', #2112, .T. ) ;
#754 = EDGE_CURVE ( 'NONE', #8117, #10760, #3336, .T. ) ;
#755 = EDGE_CURVE ( 'NONE', #4004, #5431, #9309, .T. ) ;
#756 = EDGE_CURVE ( 'NONE', #7482, #5658, #983, .T. ) ;
#757 = CIRCLE ( 'NONE', #4734, 1.149999999999999467 ) ;
#758 = ORIENTED_EDGE ( 'NONE', *, *, #2843, .F. ) ;
#759 = VECTOR ( 'NONE', #3314, 1000.000000000000000 ) ;
#760 = DIRECTION ( 'NONE',  ( 1.000000000000000000, 0.000000000000000000, 0.000000000000000000 ) ) ;
#761 = CARTESIAN_POINT ( 'NONE',  ( 82.54999999999999716, 6.349999999999997868, 11.10020753820972317 ) ) ;
#762 = DIRECTION ( 'NONE',  ( 1.000000000000000000, 0.000000000000000000, -1.521157000053560499E-16 ) ) ;
#763 = ORIENTED_EDGE ( 'NONE', *, *, #7468, .F. ) ;
#764 = LINE ( 'NONE', #5073, #10892 ) ;
#765 = DIRECTION ( 'NONE',  ( 0.000000000000000000, 0.000000000000000000, -1.000000000000000000 ) ) ;
#766 = ORIENTED_EDGE ( 'NONE', *, *, #8809, .F. ) ;
#767 = LINE ( 'NONE', #3999, #2497 ) ;
#768 = ORIENTED_EDGE ( 'NONE', *, *, #6816, .F. ) ;
#769 = VERTEX_POINT ( 'NONE', #7963 ) ;
#770 = ORIENTED_EDGE ( 'NONE', *, *, #3860, .F. ) ;
#771 = PLANE ( 'NONE',  #7840 ) ;
#772 = AXIS2_PLACEMENT_3D ( 'NONE', #10158, #8475, #6688 ) ;
#773 = DIRECTION ( 'NONE',  ( 0.8191520442889930198, -0.5735764363510444941, 0.000000000000000000 ) ) ;
#774 = CARTESIAN_POINT ( 'NONE',  ( -50.48689872104515075, 75.48946397805705999, -8.504985928319609201 ) ) ;
#775 = FACE_OUTER_BOUND ( 'NONE', #6013, .T. ) ;
#776 = LINE ( 'NONE', #8398, #2422 ) ;
#777 = DIRECTION ( 'NONE',  ( 1.000000000000000000, 0.000000000000000000, -8.863495325085417182E-17 ) ) ;
#778 = PLANE ( 'NONE',  #2835 ) ;
#779 = CARTESIAN_POINT ( 'NONE',  ( -76.81501998216512561, 8.274999999999998579, -1.428845727014055988 ) ) ;
#780 = ORIENTED_EDGE ( 'NONE', *, *, #10999, .T. ) ;
#781 = ORIENTED_EDGE ( 'NONE', *, *, #7199, .T. ) ;
#782 = VECTOR ( 'NONE', #8474, 1000.000000000000000 ) ;
#783 = VECTOR ( 'NONE', #8842, 1000.000000000000000 ) ;
#784 = ORIENTED_EDGE ( 'NONE', *, *, #5525, .F. ) ;
#785 = DIRECTION ( 'NONE',  ( -1.000000000000000000, 0.000000000000000000, 0.000000000000000000 ) ) ;
#786 = DIRECTION ( 'NONE',  ( 1.000000000000000000, 0.000000000000000000, 0.000000000000000000 ) ) ;
#787 = PLANE ( 'NONE',  #5879 ) ;
#788 = VECTOR ( 'NONE', #7478, 1000.000000000000000 ) ;
#789 = LINE ( 'NONE', #2328, #7806 ) ;
#790 = LINE ( 'NONE', #4993, #8626 ) ;
#791 = DIRECTION ( 'NONE',  ( 0.000000000000000000, -0.000000000000000000, -1.000000000000000000 ) ) ;
#792 = VERTEX_POINT ( 'NONE', #1947 ) ;
#793 = EDGE_CURVE ( 'NONE', #5965, #10363, #4232, .T. ) ;
#794 = VERTEX_POINT ( 'NONE', #15 ) ;
#795 = ORIENTED_EDGE ( 'NONE', *, *, #8566, .F. ) ;
#796 = DIRECTION ( 'NONE',  ( -1.000000000000000000, 0.000000000000000000, 3.042040291059723567E-16 ) ) ;
#797 = AXIS2_PLACEMENT_3D ( 'NONE', #4646, #8927, #6415 ) ;
#798 = VECTOR ( 'NONE', #4179, 1000.000000000000000 ) ;
#799 = FACE_OUTER_BOUND ( 'NONE', #1022, .T. ) ;
#800 = DIRECTION ( 'NONE',  ( 0.9999999999984094945, 0.000000000000000000, 1.783514045278184224E-06 ) ) ;
#801 = CARTESIAN_POINT ( 'NONE',  ( -8.300429496927835160, 96.12583987928823603, 1.150873398797555902 ) ) ;
#802 = CARTESIAN_POINT ( 'NONE',  ( 53.40689872104514535, 95.63999999999417412, -2.374168628343574561 ) ) ;
#803 = ADVANCED_FACE ( 'NONE', ( #3477, #6465, #1322, #9936 ), #4594, .T. ) ;
#804 = VERTEX_POINT ( 'NONE', #5621 ) ;
#805 = VECTOR ( 'NONE', #447, 1000.000000000000000 ) ;
#806 = EDGE_CURVE ( 'NONE', #7754, #6246, #346, .T. ) ;
#807 = ORIENTED_EDGE ( 'NONE', *, *, #6634, .T. ) ;
#808 = ORIENTED_EDGE ( 'NONE', *, *, #6871, .F. ) ;
#809 = EDGE_CURVE ( 'NONE', #8536, #8009, #510, .T. ) ;
#810 = ADVANCED_FACE ( 'NONE', ( #9152 ), #3863, .T. ) ;
#811 = AXIS2_PLACEMENT_3D ( 'NONE', #2777, #7309, #10770 ) ;
#812 = ORIENTED_EDGE ( 'NONE', *, *, #6142, .F. ) ;
#813 = DIRECTION ( 'NONE',  ( 1.000000000000000000, -2.244742081187875711E-15, 2.787090821298670553E-12 ) ) ;
#814 = FACE_OUTER_BOUND ( 'NONE', #7414, .T. ) ;
#815 = DIRECTION ( 'NONE',  ( 0.9999999999999973355, 0.000000000000000000, 7.246021204162496233E-08 ) ) ;
#816 = ORIENTED_EDGE ( 'NONE', *, *, #1922, .F. ) ;
#817 = DIRECTION ( 'NONE',  ( 0.000000000000000000, 1.000000000000000000, 0.000000000000000000 ) ) ;
#818 = CYLINDRICAL_SURFACE ( 'NONE', #8308, 1.150000000000003020 ) ;
#819 = EDGE_CURVE ( 'NONE', #1728, #4808, #4707, .T. ) ;
#820 = EDGE_CURVE ( 'NONE', #8765, #8270, #1206, .T. ) ;
#821 = ORIENTED_EDGE ( 'NONE', *, *, #4086, .F. ) ;
#822 = PLANE ( 'NONE',  #5041 ) ;
#823 = EDGE_CURVE ( 'NONE', #10685, #4608, #1698, .T. ) ;
#824 = ORIENTED_EDGE ( 'NONE', *, *, #9687, .F. ) ;
#825 = ADVANCED_FACE ( 'NONE', ( #9092 ), #7387, .F. ) ;
#826 = ORIENTED_EDGE ( 'NONE', *, *, #96, .F. ) ;
#827 = ORIENTED_EDGE ( 'NONE', *, *, #6816, .T. ) ;
#828 = PLANE ( 'NONE',  #9663 ) ;
#829 = AXIS2_PLACEMENT_3D ( 'NONE', #2223, #10785, #5669 ) ;
#830 = CARTESIAN_POINT ( 'NONE',  ( 0.8555213153252462233, 124.1956673223668446, -20.03649027154900253 ) ) ;
#831 = FACE_OUTER_BOUND ( 'NONE', #5505, .T. ) ;
#832 = FACE_OUTER_BOUND ( 'NONE', #9487, .T. ) ;
#833 = CARTESIAN_POINT ( 'NONE',  ( -76.81501998216515403, 8.274999999999998579, 19.07115427298596089 ) ) ;
#834 = EDGE_LOOP ( 'NONE', ( #9623, #8588, #5158, #3369 ) ) ;
#835 = CARTESIAN_POINT ( 'NONE',  ( 50.48689872104515075, 95.28999999999417980, -22.77998592831961133 ) ) ;
#836 = DIRECTION ( 'NONE',  ( -0.000000000000000000, -1.000000000000000000, -0.000000000000000000 ) ) ;
#837 = CARTESIAN_POINT ( 'NONE',  ( -79.61249999999999716, -3.186125824014206308E-16, -2.456465450814841895E-32 ) ) ;
#838 = VERTEX_POINT ( 'NONE', #2116 ) ;
#839 = ORIENTED_EDGE ( 'NONE', *, *, #5661, .T. ) ;
#840 = VECTOR ( 'NONE', #1410, 1000.000000000000000 ) ;
#841 = DIRECTION ( 'NONE',  ( 0.000000000000000000, 0.000000000000000000, 1.000000000000000000 ) ) ;
#842 = ORIENTED_EDGE ( 'NONE', *, *, #8314, .T. ) ;
#843 = CARTESIAN_POINT ( 'NONE',  ( 82.54999999999999716, 72.64000000000000057, 22.30467496797187010 ) ) ;
#844 = CARTESIAN_POINT ( 'NONE',  ( -41.55000000000002558, 98.32583987928822467, 33.89999999999999147 ) ) ;
#845 = DIRECTION ( 'NONE',  ( 0.000000000000000000, 0.000000000000000000, -1.000000000000000000 ) ) ;
#846 = VECTOR ( 'NONE', #5810, 1000.000000000000000 ) ;
#847 = LINE ( 'NONE', #8623, #11076 ) ;
#848 = DIRECTION ( 'NONE',  ( 0.000000000000000000, -1.000000000000000000, 0.000000000000000000 ) ) ;
#849 = EDGE_CURVE ( 'NONE', #6094, #4212, #10610, .T. ) ;
#850 = VERTEX_POINT ( 'NONE', #8299 ) ;
#851 = CARTESIAN_POINT ( 'NONE',  ( -82.54999999999999716, 61.63999999999999346, 11.39999999999999325 ) ) ;
#852 = EDGE_LOOP ( 'NONE', ( #2057, #842, #3157, #8330 ) ) ;
#853 = EDGE_LOOP ( 'NONE', ( #8708, #7606, #9769, #5034 ) ) ;
#854 = CARTESIAN_POINT ( 'NONE',  ( -79.61249999999999716, 8.274999999999998579, -5.564823903641046954 ) ) ;
#855 = EDGE_CURVE ( 'NONE', #3986, #8629, #435, .T. ) ;
#856 = LINE ( 'NONE', #6116, #156 ) ;
#857 = LINE ( 'NONE', #975, #7863 ) ;
#858 = CARTESIAN_POINT ( 'NONE',  ( 53.05138322153545261, 8.274999999999998579, 15.82115058466708035 ) ) ;
#859 = CARTESIAN_POINT ( 'NONE',  ( -5.000429496931850792, 124.8258398792882247, 11.89999999999998614 ) ) ;
#860 = DIRECTION ( 'NONE',  ( 0.000000000000000000, 0.000000000000000000, 1.000000000000000000 ) ) ;
#861 = VERTEX_POINT ( 'NONE', #1150 ) ;
#862 = ORIENTED_EDGE ( 'NONE', *, *, #9543, .F. ) ;
#863 = ORIENTED_EDGE ( 'NONE', *, *, #7958, .F. ) ;
#864 = VERTEX_POINT ( 'NONE', #8082 ) ;
#865 = VERTEX_POINT ( 'NONE', #292 ) ;
#866 = EDGE_CURVE ( 'NONE', #5606, #6763, #4058, .T. ) ;
#867 = DIRECTION ( 'NONE',  ( 0.000000000000000000, 0.000000000000000000, 1.000000000000000000 ) ) ;
#868 = DIRECTION ( 'NONE',  ( -1.000000000000000000, 0.000000000000000000, 1.335278419062900361E-16 ) ) ;
#869 = FACE_OUTER_BOUND ( 'NONE', #8118, .T. ) ;
#870 = AXIS2_PLACEMENT_3D ( 'NONE', #2806, #10618, #3651 ) ;
#871 = ORIENTED_EDGE ( 'NONE', *, *, #756, .F. ) ;
#872 = VECTOR ( 'NONE', #8697, 1000.000000000000000 ) ;
#873 = EDGE_CURVE ( 'NONE', #2405, #5716, #6357, .T. ) ;
#874 = DIRECTION ( 'NONE',  ( 0.000000000000000000, -0.9999999829769944393, -0.0001845156108989498935 ) ) ;
#875 = ORIENTED_EDGE ( 'NONE', *, *, #8730, .T. ) ;
#876 = CARTESIAN_POINT ( 'NONE',  ( -43.40689872104514535, 74.78999999999417980, -0.6299859283196088677 ) ) ;
#877 = ORIENTED_EDGE ( 'NONE', *, *, #957, .T. ) ;
#878 = ORIENTED_EDGE ( 'NONE', *, *, #9404, .T. ) ;
#879 = CIRCLE ( 'NONE', #8316, 24.20000000000000639 ) ;
#880 = VECTOR ( 'NONE', #9080, 1000.000000000000114 ) ;
#881 = ORIENTED_EDGE ( 'NONE', *, *, #4668, .T. ) ;
#882 = AXIS2_PLACEMENT_3D ( 'NONE', #2407, #5854, #3225 ) ;
#883 = LINE ( 'NONE', #84, #7305 ) ;
#884 = EDGE_CURVE ( 'NONE', #9129, #4326, #1986, .T. ) ;
#885 = CARTESIAN_POINT ( 'NONE',  ( 0.8329038514731200715, 119.8794169292362426, -20.03649027154900253 ) ) ;
#886 = LINE ( 'NONE', #5248, #9042 ) ;
#887 = DIRECTION ( 'NONE',  ( 0.000000000000000000, 0.000000000000000000, -1.000000000000000000 ) ) ;
#888 = DIRECTION ( 'NONE',  ( -0.000000000000000000, 1.000000000000000000, -0.000000000000000000 ) ) ;
#889 = ORIENTED_EDGE ( 'NONE', *, *, #6916, .F. ) ;
#890 = EDGE_CURVE ( 'NONE', #4029, #8573, #7444, .T. ) ;
#891 = CARTESIAN_POINT ( 'NONE',  ( -50.48689872104515075, 95.63999999999417412, -7.959769997217391868 ) ) ;
#892 = LINE ( 'NONE', #5085, #112 ) ;
#893 = VECTOR ( 'NONE', #6257, 1000.000000000000000 ) ;
#894 = LINE ( 'NONE', #3670, #5418 ) ;
#895 = VECTOR ( 'NONE', #3033, 1000.000000000000000 ) ;
#896 = EDGE_LOOP ( 'NONE', ( #4347, #9422, #4115, #7752 ) ) ;
#897 = VERTEX_POINT ( 'NONE', #6577 ) ;
#898 = EDGE_CURVE ( 'NONE', #9141, #4222, #3136, .T. ) ;
#899 = VECTOR ( 'NONE', #10139, 1000.000000000000000 ) ;
#900 = CARTESIAN_POINT ( 'NONE',  ( 54.81499993151516748, 5.099999999999999645, 15.82115373010225312 ) ) ;
#901 = VECTOR ( 'NONE', #7869, 1000.000000000000000 ) ;
#902 = VECTOR ( 'NONE', #3633, 1000.000000000000000 ) ;
#903 = FACE_OUTER_BOUND ( 'NONE', #2926, .T. ) ;
#904 = DIRECTION ( 'NONE',  ( -1.815972940785026485E-28, 0.000000000000000000, -1.000000000000000000 ) ) ;
#905 = CARTESIAN_POINT ( 'NONE',  ( -51.69999999999998153, 99.82583987928822467, 33.89999999999999147 ) ) ;
#906 = CARTESIAN_POINT ( 'NONE',  ( -8.300429496927989703, 96.12583987928823603, -2.966490271607134854 ) ) ;
#907 = LINE ( 'NONE', #9469, #8985 ) ;
#908 = VERTEX_POINT ( 'NONE', #4888 ) ;
#909 = CARTESIAN_POINT ( 'NONE',  ( 82.54999999999999716, 97.50000000000000000, -26.48622071973760228 ) ) ;
#910 = AXIS2_PLACEMENT_3D ( 'NONE', #5396, #10559, #347 ) ;
#911 = CARTESIAN_POINT ( 'NONE',  ( -0.8596824276377085239, 124.8258398792879404, -15.76649027210263654 ) ) ;
#912 = ORIENTED_EDGE ( 'NONE', *, *, #6226, .F. ) ;
#913 = VERTEX_POINT ( 'NONE', #5792 ) ;
#914 = CARTESIAN_POINT ( 'NONE',  ( -61.59000000000155950, 8.274999999999998579, 19.62115427306273219 ) ) ;
#915 = EDGE_LOOP ( 'NONE', ( #10152, #10419, #5729, #8146 ) ) ;
#917 = CYLINDRICAL_SURFACE ( 'NONE', #11030, 2.499806426103014179 ) ;
#916 = AXIS2_PLACEMENT_3D ( 'NONE', #3107, #1236, #7308 ) ;
#918 = CARTESIAN_POINT ( 'NONE',  ( 80.04999999999999716, -24.50000000000000355, 0.000000000000000000 ) ) ;
#919 = CARTESIAN_POINT ( 'NONE',  ( -46.58189872104514251, 72.64000000000000057, 19.12967496797186939 ) ) ;
#920 = LINE ( 'NONE', #8074, #4155 ) ;
#921 = CARTESIAN_POINT ( 'NONE',  ( 46.58189872104513540, 97.50000000000000000, -26.48622071973760228 ) ) ;
#922 = ORIENTED_EDGE ( 'NONE', *, *, #7900, .F. ) ;
#923 = VERTEX_POINT ( 'NONE', #11071 ) ;
#924 = ADVANCED_FACE ( 'NONE', ( #8360 ), #1540, .T. ) ;
#925 = ORIENTED_EDGE ( 'NONE', *, *, #9966, .T. ) ;
#926 = VERTEX_POINT ( 'NONE', #10962 ) ;
#927 = CARTESIAN_POINT ( 'NONE',  ( 1.117740380136122116E-15, 6.349999999999999645, -6.985329661611402230 ) ) ;
#928 = DIRECTION ( 'NONE',  ( 0.000000000000000000, 0.000000000000000000, 1.000000000000000000 ) ) ;
#929 = DIRECTION ( 'NONE',  ( 0.000000000000000000, -1.000000000000000000, 0.000000000000000000 ) ) ;
#930 = AXIS2_PLACEMENT_3D ( 'NONE', #6898, #9745, #963 ) ;
#931 = CARTESIAN_POINT ( 'NONE',  ( -76.81501998216512561, 8.274999999999998579, -2.578845727014059008 ) ) ;
#932 = CIRCLE ( 'NONE', #5096, 1.200000000000003730 ) ;
#933 = CARTESIAN_POINT ( 'NONE',  ( 16.75499999999997769, 6.349999999999999645, 13.89999999999999680 ) ) ;
#934 = ORIENTED_EDGE ( 'NONE', *, *, #2706, .T. ) ;
#935 = CARTESIAN_POINT ( 'NONE',  ( 50.48689872104515075, 74.78999999999417980, -23.92998592831960991 ) ) ;
#936 = CYLINDRICAL_SURFACE ( 'NONE', #870, 2.499801894116292722 ) ;
#937 = ORIENTED_EDGE ( 'NONE', *, *, #3249, .F. ) ;
#938 = DIRECTION ( 'NONE',  ( 0.8191520442889939080, -0.5735764363510430508, -2.368337136037539313E-16 ) ) ;
#939 = EDGE_CURVE ( 'NONE', #6159, #2580, #3192, .T. ) ;
#940 = ORIENTED_EDGE ( 'NONE', *, *, #1923, .T. ) ;
#941 = AXIS2_PLACEMENT_3D ( 'NONE', #891, #1909, #10466 ) ;
#942 = AXIS2_PLACEMENT_3D ( 'NONE', #1416, #7488, #152 ) ;
#943 = VERTEX_POINT ( 'NONE', #8423 ) ;
#944 = ORIENTED_EDGE ( 'NONE', *, *, #3919, .T. ) ;
#945 = CARTESIAN_POINT ( 'NONE',  ( -33.55000000000002558, 92.50000000000000000, 22.30467496797187010 ) ) ;
#946 = DIRECTION ( 'NONE',  ( 0.000000000000000000, 1.000000000000000000, 1.951983478232497813E-16 ) ) ;
#947 = LINE ( 'NONE', #7745, #1287 ) ;
#948 = LINE ( 'NONE', #4395, #8441 ) ;
#949 = ORIENTED_EDGE ( 'NONE', *, *, #440, .T. ) ;
#950 = CARTESIAN_POINT ( 'NONE',  ( 54.81500000380517434, 5.099999999999999645, 19.62115427306273219 ) ) ;
#951 = CARTESIAN_POINT ( 'NONE',  ( 43.40689872104514535, 74.43999999999417128, -2.374168628343575005 ) ) ;
#952 = CARTESIAN_POINT ( 'NONE',  ( -11.25499999999998302, -24.89937738537090794, 13.89999999999999680 ) ) ;
#953 = ADVANCED_FACE ( 'NONE', ( #631 ), #5902, .T. ) ;
#954 = ORIENTED_EDGE ( 'NONE', *, *, #5517, .F. ) ;
#955 = ORIENTED_EDGE ( 'NONE', *, *, #10800, .F. ) ;
#956 = ORIENTED_EDGE ( 'NONE', *, *, #8529, .F. ) ;
#957 = EDGE_CURVE ( 'NONE', #3701, #3771, #5329, .T. ) ;
#958 = EDGE_CURVE ( 'NONE', #4694, #2003, #9313, .T. ) ;
#959 = CARTESIAN_POINT ( 'NONE',  ( -82.54999999999999716, 72.64000000000000057, 22.30467496797187010 ) ) ;
#960 = CARTESIAN_POINT ( 'NONE',  ( -72.76808532600743717, 5.099999999999999645, -0.6211324209942632457 ) ) ;
#961 = CARTESIAN_POINT ( 'NONE',  ( -50.48689872104515075, 74.78999999999417980, 0.5200140716803901553 ) ) ;
#962 = DIRECTION ( 'NONE',  ( 0.000000000000000000, 0.000000000000000000, -1.000000000000000000 ) ) ;
#963 = DIRECTION ( 'NONE',  ( 0.000000000000000000, 0.000000000000000000, 1.000000000000000000 ) ) ;
#964 = DIRECTION ( 'NONE',  ( 0.000000000000000000, 0.000000000000000000, -1.000000000000000000 ) ) ;
#965 = VERTEX_POINT ( 'NONE', #10439 ) ;
#966 = DIRECTION ( 'NONE',  ( 0.000000000000000000, 0.000000000000000000, 1.000000000000000000 ) ) ;
#967 = EDGE_CURVE ( 'NONE', #489, #8095, #3526, .T. ) ;
#968 = VERTEX_POINT ( 'NONE', #8635 ) ;
#969 = ADVANCED_FACE ( 'NONE', ( #114 ), #6178, .T. ) ;
#970 = ORIENTED_EDGE ( 'NONE', *, *, #40, .F. ) ;
#971 = LINE ( 'NONE', #5328, #1874 ) ;
#972 = VECTOR ( 'NONE', #7661, 1000.000000000000000 ) ;
#973 = DIRECTION ( 'NONE',  ( 0.000000000000000000, 0.000000000000000000, 1.000000000000000000 ) ) ;
#974 = FACE_OUTER_BOUND ( 'NONE', #7949, .T. ) ;
#975 = CARTESIAN_POINT ( 'NONE',  ( 82.54999999999999716, 89.17499999999999716, -40.25769145387477010 ) ) ;
#976 = CARTESIAN_POINT ( 'NONE',  ( 77.61250000000001137, 53.93999999999999062, -32.75769145387477010 ) ) ;
#977 = DIRECTION ( 'NONE',  ( 0.7071067811865489050, 0.7071067811865462405, 0.000000000000000000 ) ) ;
#978 = FACE_OUTER_BOUND ( 'NONE', #2350, .T. ) ;
#979 = ORIENTED_EDGE ( 'NONE', *, *, #5169, .F. ) ;
#980 = VERTEX_POINT ( 'NONE', #7086 ) ;
#981 = VECTOR ( 'NONE', #2782, 1000.000000000000000 ) ;
#982 = VERTEX_POINT ( 'NONE', #4254 ) ;
#983 = LINE ( 'NONE', #6130, #9854 ) ;
#984 = CARTESIAN_POINT ( 'NONE',  ( 67.12499999999998579, 104.8258398792882247, 42.90000000000004121 ) ) ;
#985 = VECTOR ( 'NONE', #8969, 1000.000000000000000 ) ;
#986 = DIRECTION ( 'NONE',  ( -1.593062912007103154E-16, -1.000000000000000000, -7.965314560035515770E-17 ) ) ;
#987 = LINE ( 'NONE', #4438, #209 ) ;
#988 = EDGE_LOOP ( 'NONE', ( #2628, #3485 ) ) ;
#989 = CARTESIAN_POINT ( 'NONE',  ( 69.20000000000776197, 8.275000000000279243, -3.957691453874791154 ) ) ;
#990 = VERTEX_POINT ( 'NONE', #1936 ) ;
#991 = CARTESIAN_POINT ( 'NONE',  ( -50.48689872104515075, 72.67999878751419374, 2.358530551520389817 ) ) ;
#992 = VERTEX_POINT ( 'NONE', #1028 ) ;
#993 = VECTOR ( 'NONE', #8113, 1000.000000000000000 ) ;
#994 = ORIENTED_EDGE ( 'NONE', *, *, #4196, .F. ) ;
#995 = ORIENTED_EDGE ( 'NONE', *, *, #806, .T. ) ;
#996 = DIRECTION ( 'NONE',  ( -9.441849941063534967E-17, -0.7071063548969742651, 0.7071072074758637527 ) ) ;
#997 = ADVANCED_FACE ( 'NONE', ( #3577 ), #4473, .T. ) ;
#998 = CARTESIAN_POINT ( 'NONE',  ( 6.616786591357619152, 99.82583987928821045, -4.426490271496838602 ) ) ;
#999 = CARTESIAN_POINT ( 'NONE',  ( 77.61250000000001137, 58.93999999999998352, 10.39999999999999680 ) ) ;
#1000 = ORIENTED_EDGE ( 'NONE', *, *, #5159, .T. ) ;
#1001 = VECTOR ( 'NONE', #2294, 1000.000000000000000 ) ;
#1002 = DIRECTION ( 'NONE',  ( 0.000000000000000000, 1.000000000000000000, -0.000000000000000000 ) ) ;
#1003 = DIRECTION ( 'NONE',  ( -0.000000000000000000, -1.000000000000000000, -0.000000000000000000 ) ) ;
#1004 = CARTESIAN_POINT ( 'NONE',  ( 42.54999999999999716, 97.82583987928822467, 10.19715292348722890 ) ) ;
#1005 = LINE ( 'NONE', #207, #3069 ) ;
#1006 = EDGE_LOOP ( 'NONE', ( #51, #5149, #625, #5951, #481, #3274, #1223, #10069 ) ) ;
#1007 = ORIENTED_EDGE ( 'NONE', *, *, #5219, .T. ) ;
#1008 = DIRECTION ( 'NONE',  ( -0.04985863843715403199, 0.000000000000000000, -0.9987562846726888433 ) ) ;
#1009 = ORIENTED_EDGE ( 'NONE', *, *, #5261, .F. ) ;
#1010 = AXIS2_PLACEMENT_3D ( 'NONE', #3967, #6407, #8075 ) ;
#1011 = CARTESIAN_POINT ( 'NONE',  ( -81.84979246179028678, 58.93999999999998352, 10.39999999999999503 ) ) ;
#1012 = EDGE_CURVE ( 'NONE', #9622, #10780, #857, .T. ) ;
#1013 = FACE_OUTER_BOUND ( 'NONE', #8812, .T. ) ;
#1014 = EDGE_CURVE ( 'NONE', #5910, #4834, #4308, .T. ) ;
#1015 = CYLINDRICAL_SURFACE ( 'NONE', #2445, 5.000000000000000000 ) ;
#1016 = FACE_OUTER_BOUND ( 'NONE', #6650, .T. ) ;
#1017 = CARTESIAN_POINT ( 'NONE',  ( -81.84979246179028678, 58.93999999999998352, -5.257691453874764775 ) ) ;
#1018 = PLANE ( 'NONE',  #2464 ) ;
#1019 = EDGE_LOOP ( 'NONE', ( #3968, #1371, #8960, #4375, #11097, #3729, #5744, #1505, #10528, #1767, #7017, #6235, #1855, #2031, #7201, #10510, #4900, #385, #10725, #763, #11235, #4553, #10945, #2552, #11140, #5354, #10184, #9384, #8755, #6253 ) ) ;
#1020 = VECTOR ( 'NONE', #9588, 1000.000000000000000 ) ;
#1021 = ADVANCED_FACE ( 'NONE', ( #3404 ), #6949, .F. ) ;
#1022 = EDGE_LOOP ( 'NONE', ( #3714, #6270, #9790, #8404, #10957, #26, #7329, #1824, #9053, #2392 ) ) ;
#1023 = ORIENTED_EDGE ( 'NONE', *, *, #2774, .F. ) ;
#1024 = AXIS2_PLACEMENT_3D ( 'NONE', #8212, #7180, #422 ) ;
#1025 = DIRECTION ( 'NONE',  ( 0.000000000000000000, 1.000000000000000000, 0.000000000000000000 ) ) ;
#1026 = DIRECTION ( 'NONE',  ( -0.000000000000000000, 1.000000000000000000, -0.000000000000000000 ) ) ;
#1027 = EDGE_CURVE ( 'NONE', #8051, #278, #1819, .T. ) ;
#1028 = CARTESIAN_POINT ( 'NONE',  ( 50.48689872104514365, 74.67980196068272392, -26.29001273249923898 ) ) ;
#1029 = FACE_OUTER_BOUND ( 'NONE', #9130, .T. ) ;
#1030 = LINE ( 'NONE', #5222, #1987 ) ;
#1031 = DIRECTION ( 'NONE',  ( 9.184139537363837425E-14, -0.000000000000000000, 1.000000000000000000 ) ) ;
#1032 = EDGE_LOOP ( 'NONE', ( #527, #2666, #165, #6793, #8710, #4838 ) ) ;
#1033 = CARTESIAN_POINT ( 'NONE',  ( 76.81501998216515403, 8.274999999999998579, 19.07115427298596089 ) ) ;
#1034 = ADVANCED_FACE ( 'NONE', ( #1877 ), #8689, .F. ) ;
#1035 = ORIENTED_EDGE ( 'NONE', *, *, #9071, .T. ) ;
#1036 = ORIENTED_EDGE ( 'NONE', *, *, #9617, .T. ) ;
#1037 = CYLINDRICAL_SURFACE ( 'NONE', #6655, 1.000000000000000888 ) ;
#1038 = CARTESIAN_POINT ( 'NONE',  ( 43.40689872104514535, 74.78999999999417980, 0.5200140716803901553 ) ) ;
#1039 = ADVANCED_FACE ( 'NONE', ( #5332 ), #6231, .F. ) ;
#1040 = DIRECTION ( 'NONE',  ( 0.000000000000000000, 0.000000000000000000, -1.000000000000000000 ) ) ;
#1041 = FACE_OUTER_BOUND ( 'NONE', #122, .T. ) ;
#1042 = LINE ( 'NONE', #9831, #10726 ) ;
#1043 = CARTESIAN_POINT ( 'NONE',  ( -72.76808532237744487, 5.099999999999999645, 0.5788675790057377091 ) ) ;
#1044 = EDGE_LOOP ( 'NONE', ( #11040, #7273, #9991, #1399 ) ) ;
#1045 = DIRECTION ( 'NONE',  ( 0.000000000000000000, 0.000000000000000000, 1.000000000000000000 ) ) ;
#1046 = CARTESIAN_POINT ( 'NONE',  ( -82.54999999999999716, 58.93999999999998352, -6.257691453874762999 ) ) ;
#1047 = ORIENTED_EDGE ( 'NONE', *, *, #6346, .T. ) ;
#1048 = VERTEX_POINT ( 'NONE', #5383 ) ;
#1049 = ORIENTED_EDGE ( 'NONE', *, *, #5175, .T. ) ;
#1050 = VERTEX_POINT ( 'NONE', #2729 ) ;
#1051 = CARTESIAN_POINT ( 'NONE',  ( 33.75499999999999545, 6.349999999999999645, -3.957691453874785825 ) ) ;
#1052 = CIRCLE ( 'NONE', #6654, 1.000000000000000888 ) ;
#1053 = EDGE_CURVE ( 'NONE', #4491, #2551, #3468, .T. ) ;
#1054 = AXIS2_PLACEMENT_3D ( 'NONE', #2679, #7511, #11086 ) ;
#1055 = DIRECTION ( 'NONE',  ( 1.000000000000000000, 0.000000000000000000, 0.000000000000000000 ) ) ;
#1056 = DIRECTION ( 'NONE',  ( -0.000000000000000000, 0.000000000000000000, -1.000000000000000000 ) ) ;
#1057 = FACE_OUTER_BOUND ( 'NONE', #7864, .T. ) ;
#1058 = ORIENTED_EDGE ( 'NONE', *, *, #1412, .T. ) ;
#1059 = DIRECTION ( 'NONE',  ( -1.000000000000000000, 0.000000000000000000, 0.000000000000000000 ) ) ;
#1060 = CARTESIAN_POINT ( 'NONE',  ( 3.101698183575731183E-15, 109.8258398792883668, 36.89999999999999147 ) ) ;
#1061 = CARTESIAN_POINT ( 'NONE',  ( 5.041933606692419190, 124.8258398792882247, -15.23534267996139135 ) ) ;
#1062 = DIRECTION ( 'NONE',  ( -1.000000000000000000, 0.000000000000000000, 0.000000000000000000 ) ) ;
#1063 = ORIENTED_EDGE ( 'NONE', *, *, #1280, .F. ) ;
#1064 = CIRCLE ( 'NONE', #11203, 1.150000000000001688 ) ;
#1065 = EDGE_LOOP ( 'NONE', ( #8062, #4202, #7001, #10696, #9503 ) ) ;
#1066 = AXIS2_PLACEMENT_3D ( 'NONE', #7003, #2711, #1008 ) ;
#1067 = VERTEX_POINT ( 'NONE', #6911 ) ;
#1068 = CARTESIAN_POINT ( 'NONE',  ( 74.43750000000000000, 82.35514882866895903, -40.25769145387477010 ) ) ;
#1069 = DIRECTION ( 'NONE',  ( 0.000000000000000000, 0.000000000000000000, -1.000000000000000000 ) ) ;
#1070 = AXIS2_PLACEMENT_3D ( 'NONE', #6994, #7694, #10462 ) ;
#1071 = DIRECTION ( 'NONE',  ( -0.000000000000000000, -0.000000000000000000, -1.000000000000000000 ) ) ;
#1072 = CARTESIAN_POINT ( 'NONE',  ( 73.96808532237744771, 8.274999999999998579, 17.06344096893413820 ) ) ;
#1073 = AXIS2_PLACEMENT_3D ( 'NONE', #2875, #4613, #1115 ) ;
#1074 = DIRECTION ( 'NONE',  ( -1.000000000000000000, 0.000000000000000000, 9.184139537363837425E-14 ) ) ;
#1075 = CARTESIAN_POINT ( 'NONE',  ( -46.58189872104514251, 97.40000406513269127, 5.861874929533527451E-15 ) ) ;
#1076 =( BOUNDED_SURFACE ( )  B_SPLINE_SURFACE ( 3, 2, ( 
 ( #6620, #1418, #11110 ),
 ( #2324, #4989, #4930 ),
 ( #8516, #3341, #4130 ),
 ( #8463, #6673, #6731 ) ),
 .UNSPECIFIED., .F., .F., .F. ) 
 B_SPLINE_SURFACE_WITH_KNOTS ( ( 4, 4 ),
 ( 3, 3 ),
 ( 0.01214628849625265170, 0.01313556158062854744 ),
 ( 0.000000000000000000, 1.000000000000000000 ),
 .UNSPECIFIED. ) 
 GEOMETRIC_REPRESENTATION_ITEM ( )  RATIONAL_B_SPLINE_SURFACE ( (
 ( 1.000000000000000000, 0.7210306795423050419, 1.000000000000000000),
 ( 1.000000000000000000, 0.7163428999798905350, 1.000000000000000000),
 ( 1.000000000000000000, 0.7117011534221902025, 1.000000000000000000),
 ( 1.000000000000000000, 0.7071067811865466846, 1.000000000000000000) ) ) 
 REPRESENTATION_ITEM ( '' )  SURFACE ( )  );
#1077 = DIRECTION ( 'NONE',  ( 0.000000000000000000, 1.000000000000000000, 0.000000000000000000 ) ) ;
#1078 = EDGE_LOOP ( 'NONE', ( #150, #9965, #1286, #7859 ) ) ;
#1079 = ORIENTED_EDGE ( 'NONE', *, *, #2147, .T. ) ;
#1080 = EDGE_CURVE ( 'NONE', #8997, #9784, #9146, .T. ) ;
#1081 = CIRCLE ( 'NONE', #2521, 10.94291382678908064 ) ;
#1082 = AXIS2_PLACEMENT_3D ( 'NONE', #8533, #9316, #5167 ) ;
#1083 = CARTESIAN_POINT ( 'NONE',  ( 0.000000000000000000, -24.89937738537090794, 5.042308546125213731 ) ) ;
#1084 = EDGE_LOOP ( 'NONE', ( #5407, #10859, #8861, #3671, #3773, #3286, #6186, #7146, #1334, #2269, #8600, #5703 ) ) ;
#1085 = ADVANCED_FACE ( 'NONE', ( #4424 ), #1762, .F. ) ;
#1086 = CARTESIAN_POINT ( 'NONE',  ( -13.75499999999998657, 4.249377385370907589, 2.100877762788714355E-15 ) ) ;
#1087 = DIRECTION ( 'NONE',  ( 1.000000000000000000, -0.000000000000000000, 0.000000000000000000 ) ) ;
#1088 = CARTESIAN_POINT ( 'NONE',  ( 0.000000000000000000, -27.00000000000000355, -3.738845726937403580 ) ) ;
#1089 = AXIS2_PLACEMENT_3D ( 'NONE', #4647, #6191, #7161 ) ;
#1090 = DIRECTION ( 'NONE',  ( 1.000000000000000000, 0.000000000000000000, 1.335278419062900361E-16 ) ) ;
#1091 = ORIENTED_EDGE ( 'NONE', *, *, #1652, .F. ) ;
#1092 = FACE_OUTER_BOUND ( 'NONE', #3473, .T. ) ;
#1093 = ORIENTED_EDGE ( 'NONE', *, *, #7190, .F. ) ;
#1094 = ADVANCED_FACE ( 'NONE', ( #2671 ), #9481, .T. ) ;
#1095 = EDGE_CURVE ( 'NONE', #3741, #3294, #8429, .T. ) ;
#1096 = ADVANCED_FACE ( 'NONE', ( #9760 ), #338, .F. ) ;
#1097 = LINE ( 'NONE', #236, #4316 ) ;
#1098 = EDGE_CURVE ( 'NONE', #5422, #6252, #229, .T. ) ;
#1099 = EDGE_CURVE ( 'NONE', #7593, #1653, #285, .T. ) ;
#1100 = CARTESIAN_POINT ( 'NONE',  ( -43.40689872104514535, 95.28999999999417980, -23.92998592831960991 ) ) ;
#1101 = DIRECTION ( 'NONE',  ( -1.000000000000000000, 0.000000000000000000, 0.000000000000000000 ) ) ;
#1102 = DIRECTION ( 'NONE',  ( -1.000000000000000000, 0.000000000000000000, 0.000000000000000000 ) ) ;
#1103 = CARTESIAN_POINT ( 'NONE',  ( 50.48689872104515075, 74.43999999999417128, -7.959769997217391868 ) ) ;
#1104 = CARTESIAN_POINT ( 'NONE',  ( 5.692444083137540467, 124.8258398792882247, 31.95671644730049721 ) ) ;
#1105 = VECTOR ( 'NONE', #9734, 1000.000000000000000 ) ;
#1106 = ORIENTED_EDGE ( 'NONE', *, *, #11223, .T. ) ;
#1107 = EDGE_CURVE ( 'NONE', #167, #4559, #6405, .T. ) ;
#1108 = CARTESIAN_POINT ( 'NONE',  ( -50.48689872104515075, 73.67999999411362921, 3.358530552390479595 ) ) ;
#1109 = ORIENTED_EDGE ( 'NONE', *, *, #9056, .T. ) ;
#1110 = ORIENTED_EDGE ( 'NONE', *, *, #5159, .F. ) ;
#1111 = EDGE_LOOP ( 'NONE', ( #770, #9296, #812, #937 ) ) ;
#1112 = AXIS2_PLACEMENT_3D ( 'NONE', #1568, #10007, #3991 ) ;
#1113 = PLANE ( 'NONE',  #6185 ) ;
#1114 = CARTESIAN_POINT ( 'NONE',  ( -28.27338749131105899, 96.12583987928823603, 19.01729097703719518 ) ) ;
#1115 = DIRECTION ( 'NONE',  ( 0.000000000000000000, 0.000000000000000000, -1.000000000000000000 ) ) ;
#1116 = FACE_BOUND ( 'NONE', #3018, .T. ) ;
#1117 = ORIENTED_EDGE ( 'NONE', *, *, #1643, .T. ) ;
#1118 = FACE_OUTER_BOUND ( 'NONE', #9245, .T. ) ;
#1119 = CARTESIAN_POINT ( 'NONE',  ( 9.877394556154523997, 99.82583987928821045, 19.06835594837479420 ) ) ;
#1120 = LINE ( 'NONE', #6382, #9027 ) ;
#1121 = CIRCLE ( 'NONE', #2743, 24.20000000000000639 ) ;
#1122 = VECTOR ( 'NONE', #9045, 1000.000000000000000 ) ;
#1123 = EDGE_LOOP ( 'NONE', ( #3877, #7105, #10207, #7796 ) ) ;
#1124 = ORIENTED_EDGE ( 'NONE', *, *, #8716, .F. ) ;
#1125 = ORIENTED_EDGE ( 'NONE', *, *, #3086, .T. ) ;
#1126 = CARTESIAN_POINT ( 'NONE',  ( -68.74198989848721908, 8.274999999999998579, 33.49814417154932045 ) ) ;
#1127 = CARTESIAN_POINT ( 'NONE',  ( -0.0004294969318460739593, 124.8258398792882247, 8.433509728450992782 ) ) ;
#1128 = CARTESIAN_POINT ( 'NONE',  ( -50.48689872104515075, 74.43999999999417128, -7.959769997217391868 ) ) ;
#1129 = CARTESIAN_POINT ( 'NONE',  ( 81.55000000000001137, 53.93999999999999062, -5.257691453874763887 ) ) ;
#1130 = FACE_OUTER_BOUND ( 'NONE', #2725, .T. ) ;
#1131 = VERTEX_POINT ( 'NONE', #8237 ) ;
#1132 = EDGE_LOOP ( 'NONE', ( #3592, #6891 ) ) ;
#1133 = ORIENTED_EDGE ( 'NONE', *, *, #3386, .T. ) ;
#1134 = CARTESIAN_POINT ( 'NONE',  ( -43.40689872104514535, 69.46500000000000341, 22.30467496797187010 ) ) ;
#1135 = ORIENTED_EDGE ( 'NONE', *, *, #6837, .F. ) ;
#1136 = CARTESIAN_POINT ( 'NONE',  ( 46.58189872104513540, 95.20641123616282187, -26.28622525258461451 ) ) ;
#1137 = CARTESIAN_POINT ( 'NONE',  ( 82.54999999999999716, 6.349999999999999645, 25.39999999999999858 ) ) ;
#1138 =( BOUNDED_SURFACE ( )  B_SPLINE_SURFACE ( 3, 2, ( 
 ( #4528, #9601, #8013 ),
 ( #8802, #2618, #6064 ),
 ( #6970, #9480, #7713 ),
 ( #10376, #2608, #5212 ),
 ( #911, #4359, #7915 ),
 ( #7056, #830, #885 ),
 ( #6204, #8607, #4501 ),
 ( #7798, #28, #10410 ),
 ( #9566, #1790, #1649 ),
 ( #1061, #205, #5363 ) ),
 .UNSPECIFIED., .F., .F., .F. ) 
 B_SPLINE_SURFACE_WITH_KNOTS ( ( 4, 2, 2, 2, 4 ),
 ( 3, 3 ),
 ( 0.008768465669037658200, 0.01125373931383974804, 0.01373901295864183615, 0.01622428660344392426, 0.01870956024824601410 ),
 ( 0.000000000000000000, 1.000000000000000000 ),
 .UNSPECIFIED. ) 
 GEOMETRIC_REPRESENTATION_ITEM ( )  RATIONAL_B_SPLINE_SURFACE ( (
 ( 1.000000000000000000, 0.7210306795423050419, 1.000000000000000000),
 ( 1.000000000000000000, 0.7329078706065644822, 1.000000000000000000),
 ( 1.000000000000000000, 0.7419055461932683171, 1.000000000000000000),
 ( 1.000000000000000000, 0.7539376630963005033, 1.000000000000000000),
 ( 1.000000000000000000, 0.7569676347840202935, 1.000000000000000000),
 ( 1.000000000000000000, 0.7569676346380259657, 1.000000000000000000),
 ( 1.000000000000000000, 0.7539376629568139698, 1.000000000000000000),
 ( 1.000000000000000000, 0.7419055460540691094, 1.000000000000000000),
 ( 1.000000000000000000, 0.7329078705388970549, 1.000000000000000000),
 ( 1.000000000000000000, 0.7210306795423054860, 1.000000000000000000) ) ) 
 REPRESENTATION_ITEM ( '' )  SURFACE ( )  );
#1139 = DIRECTION ( 'NONE',  ( -1.000000000000000000, 0.000000000000000000, 0.000000000000000000 ) ) ;
#1140 = VECTOR ( 'NONE', #6090, 1000.000000000000114 ) ;
#1141 = EDGE_CURVE ( 'NONE', #2898, #8951, #3909, .T. ) ;
#1142 = CARTESIAN_POINT ( 'NONE',  ( -16.75499999999995993, 6.349999999999999645, 2.559084472230088230E-15 ) ) ;
#1143 = VECTOR ( 'NONE', #7558, 1000.000000000000000 ) ;
#1144 = DIRECTION ( 'NONE',  ( 0.000000000000000000, -1.000000000000000000, -8.326672684688674053E-16 ) ) ;
#1145 = ORIENTED_EDGE ( 'NONE', *, *, #967, .F. ) ;
#1146 = DIRECTION ( 'NONE',  ( 0.000000000000000000, 1.000000000000000000, 0.000000000000000000 ) ) ;
#1147 = ORIENTED_EDGE ( 'NONE', *, *, #5382, .F. ) ;
#1148 = ORIENTED_EDGE ( 'NONE', *, *, #3587, .T. ) ;
#1149 = AXIS2_PLACEMENT_3D ( 'NONE', #8419, #9308, #4030 ) ;
#1150 = CARTESIAN_POINT ( 'NONE',  ( -77.61249999996864801, 8.274999999999998579, -6.985329661611389795 ) ) ;
#1151 = DIRECTION ( 'NONE',  ( 0.000000000000000000, 1.000000000000000000, 0.000000000000000000 ) ) ;
#1152 = EDGE_CURVE ( 'NONE', #838, #5886, #2106, .T. ) ;
#1153 = EDGE_CURVE ( 'NONE', #4809, #4045, #3340, .T. ) ;
#1154 = LINE ( 'NONE', #4830, #6428 ) ;
#1155 = DIRECTION ( 'NONE',  ( 0.000000000000000000, -1.000000000000000000, 0.000000000000000000 ) ) ;
#1156 = ORIENTED_EDGE ( 'NONE', *, *, #2185, .F. ) ;
#1157 = VECTOR ( 'NONE', #9613, 1000.000000000000114 ) ;
#1158 = CARTESIAN_POINT ( 'NONE',  ( -35.61042949679625735, 96.12583987928823603, 15.71614540591397713 ) ) ;
#1159 = ORIENTED_EDGE ( 'NONE', *, *, #4135, .F. ) ;
#1160 = EDGE_CURVE ( 'NONE', #4999, #11219, #3738, .T. ) ;
#1161 = EDGE_CURVE ( 'NONE', #3420, #4430, #10582, .T. ) ;
#1162 = ORIENTED_EDGE ( 'NONE', *, *, #7485, .T. ) ;
#1163 = ORIENTED_EDGE ( 'NONE', *, *, #7265, .F. ) ;
#1164 = AXIS2_PLACEMENT_3D ( 'NONE', #11111, #6674, #4931 ) ;
#1165 = ORIENTED_EDGE ( 'NONE', *, *, #5990, .F. ) ;
#1166 = CARTESIAN_POINT ( 'NONE',  ( 8.109770573919284686, 90.00000000000000000, -0.4337067317761473251 ) ) ;
#1167 = EDGE_CURVE ( 'NONE', #11006, #3708, #5555, .T. ) ;
#1168 = CARTESIAN_POINT ( 'NONE',  ( -82.54999999999999716, 67.63999999999998636, -0.2576914538747651640 ) ) ;
#1169 = CARTESIAN_POINT ( 'NONE',  ( -50.48689872104515075, 75.48946397805705999, -21.83805926787198715 ) ) ;
#1170 = ORIENTED_EDGE ( 'NONE', *, *, #2675, .F. ) ;
#1171 = CARTESIAN_POINT ( 'NONE',  ( -16.75499999999995993, 6.349999999999999645, 7.542308546125213731 ) ) ;
#1172 = DIRECTION ( 'NONE',  ( 0.000000000000000000, -0.000000000000000000, -1.000000000000000000 ) ) ;
#1173 = DIRECTION ( 'NONE',  ( -1.000000000000000000, 0.000000000000000000, 1.734723475976806848E-16 ) ) ;
#1174 = CARTESIAN_POINT ( 'NONE',  ( 0.000000000000000000, -27.00000000000000355, 21.38115427306259875 ) ) ;
#1175 = VECTOR ( 'NONE', #2095, 1000.000000000000000 ) ;
#1176 = ADVANCED_FACE ( 'NONE', ( #4640 ), #2848, .F. ) ;
#1177 = ORIENTED_EDGE ( 'NONE', *, *, #2004, .T. ) ;
#1178 = CARTESIAN_POINT ( 'NONE',  ( 76.81501998216512561, 8.274999999999998579, -2.578845727014059008 ) ) ;
#1179 = ORIENTED_EDGE ( 'NONE', *, *, #11064, .T. ) ;
#1180 = LINE ( 'NONE', #7866, #2162 ) ;
#1181 = FACE_OUTER_BOUND ( 'NONE', #5443, .T. ) ;
#1182 = EDGE_CURVE ( 'NONE', #3707, #5012, #6227, .T. ) ;
#1183 = DIRECTION ( 'NONE',  ( 0.000000000000000000, 1.000000000000000000, 0.000000000000000000 ) ) ;
#1184 = DIRECTION ( 'NONE',  ( 1.000000000000000000, -0.000000000000000000, 1.744163787209336818E-14 ) ) ;
#1185 = FACE_OUTER_BOUND ( 'NONE', #7702, .T. ) ;
#1186 = CARTESIAN_POINT ( 'NONE',  ( -50.48689872104515075, 74.78999999999417980, -23.92998592831960991 ) ) ;
#1187 = ORIENTED_EDGE ( 'NONE', *, *, #8219, .T. ) ;
#1188 = VERTEX_POINT ( 'NONE', #1253 ) ;
#1189 = AXIS2_PLACEMENT_3D ( 'NONE', #1485, #10259, #11058 ) ;
#1190 = ORIENTED_EDGE ( 'NONE', *, *, #10860, .F. ) ;
#1191 = CARTESIAN_POINT ( 'NONE',  ( 4.999570503068142990, 119.8301161607049750, 36.89999999999999147 ) ) ;
#1192 = ORIENTED_EDGE ( 'NONE', *, *, #5961, .F. ) ;
#1193 = LINE ( 'NONE', #8122, #7456 ) ;
#1194 = CARTESIAN_POINT ( 'NONE',  ( 43.40689872104514535, 95.28999999999417980, 1.670014071680389511 ) ) ;
#1195 = DIRECTION ( 'NONE',  ( 1.000000000000000000, 0.000000000000000000, 9.645899640478401470E-17 ) ) ;
#1196 = CYLINDRICAL_SURFACE ( 'NONE', #2802, 1.149999999999994804 ) ;
#1197 = EDGE_CURVE ( 'NONE', #8573, #8765, #6345, .T. ) ;
#1198 = VECTOR ( 'NONE', #2893, 1000.000000000000000 ) ;
#1199 = DIRECTION ( 'NONE',  ( 0.000000000000000000, 1.000000000000000000, 0.000000000000000000 ) ) ;
#1200 = DIRECTION ( 'NONE',  ( -0.000000000000000000, -1.000000000000000000, -0.000000000000000000 ) ) ;
#1201 = ORIENTED_EDGE ( 'NONE', *, *, #1575, .F. ) ;
#1202 = ORIENTED_EDGE ( 'NONE', *, *, #10214, .T. ) ;
#1203 = EDGE_LOOP ( 'NONE', ( #780, #10347, #9841, #2736 ) ) ;
#1204 = VECTOR ( 'NONE', #8047, 1000.000000000000000 ) ;
#1205 = LINE ( 'NONE', #7386, #7936 ) ;
#1206 = LINE ( 'NONE', #10734, #6575 ) ;
#1207 = CARTESIAN_POINT ( 'NONE',  ( 80.04999999999999716, -24.50000000000000355, 25.39999999999999858 ) ) ;
#1208 = DIRECTION ( 'NONE',  ( -0.000000000000000000, -1.000000000000000000, -0.000000000000000000 ) ) ;
#1209 = CARTESIAN_POINT ( 'NONE',  ( 61.59000000000065711, 5.099999999999999645, 18.12419718570802019 ) ) ;
#1210 = DIRECTION ( 'NONE',  ( 0.000000000000000000, 1.000000000000000000, 0.000000000000000000 ) ) ;
#1211 = ORIENTED_EDGE ( 'NONE', *, *, #6806, .T. ) ;
#1212 = CARTESIAN_POINT ( 'NONE',  ( 4.999570503068142990, 119.8301161607049750, 36.89999999999999147 ) ) ;
#1213 = VERTEX_POINT ( 'NONE', #1994 ) ;
#1214 = ORIENTED_EDGE ( 'NONE', *, *, #5844, .F. ) ;
#1215 = EDGE_CURVE ( 'NONE', #923, #2694, #8125, .T. ) ;
#1216 = ORIENTED_EDGE ( 'NONE', *, *, #10365, .F. ) ;
#1217 = EDGE_LOOP ( 'NONE', ( #4523, #19, #470, #1694, #10144, #5236 ) ) ;
#1218 = PLANE ( 'NONE',  #8560 ) ;
#1219 = ADVANCED_FACE ( 'NONE', ( #3065 ), #1196, .F. ) ;
#1220 = DIRECTION ( 'NONE',  ( -1.593062912007103154E-16, 1.000000000000000000, 7.965314560035515770E-17 ) ) ;
#1221 = LINE ( 'NONE', #4557, #5064 ) ;
#1222 = DIRECTION ( 'NONE',  ( 0.000000000000000000, 0.000000000000000000, 1.000000000000000000 ) ) ;
#1223 = ORIENTED_EDGE ( 'NONE', *, *, #8790, .T. ) ;
#1224 = LINE ( 'NONE', #9111, #8194 ) ;
#1225 = CARTESIAN_POINT ( 'NONE',  ( 46.58189872104514251, 94.56476577691782381, -7.085838131530381798E-15 ) ) ;
#1226 = EDGE_LOOP ( 'NONE', ( #8939, #10053, #10820, #6385 ) ) ;
#1227 = CARTESIAN_POINT ( 'NONE',  ( -41.55000000000002558, 92.50000000000000000, 33.89999999999999147 ) ) ;
#1228 = EDGE_LOOP ( 'NONE', ( #7538, #1135, #652, #10213 ) ) ;
#1229 = ORIENTED_EDGE ( 'NONE', *, *, #6152, .T. ) ;
#1230 = EDGE_CURVE ( 'NONE', #5634, #1512, #5665, .T. ) ;
#1231 = ADVANCED_FACE ( 'NONE', ( #8917 ), #3687, .F. ) ;
#1232 = DIRECTION ( 'NONE',  ( -0.000000000000000000, -1.000000000000000000, -0.000000000000000000 ) ) ;
#1233 = CARTESIAN_POINT ( 'NONE',  ( -53.40689872104514535, 74.43999999999417128, -7.959769997217391868 ) ) ;
#1234 = EDGE_CURVE ( 'NONE', #10754, #5490, #4812, .T. ) ;
#1235 = DIRECTION ( 'NONE',  ( 1.000000000000000000, 0.000000000000000000, 0.000000000000000000 ) ) ;
#1236 = DIRECTION ( 'NONE',  ( 0.000000000000000000, 1.000000000000000000, 0.000000000000000000 ) ) ;
#1237 = CARTESIAN_POINT ( 'NONE',  ( -33.75499999999998124, -4.758722840904920481, -3.738845726937389813 ) ) ;
#1238 = CARTESIAN_POINT ( 'NONE',  ( 43.40689872104513825, 97.50000000000000000, 22.30467496797187010 ) ) ;
#1239 = CARTESIAN_POINT ( 'NONE',  ( -33.11067117007558380, 97.50000000000000000, 18.79370330280937651 ) ) ;
#1240 = VECTOR ( 'NONE', #6711, 1000.000000000000000 ) ;
#1241 = AXIS2_PLACEMENT_3D ( 'NONE', #7356, #10815, #6486 ) ;
#1242 = ORIENTED_EDGE ( 'NONE', *, *, #6409, .F. ) ;
#1243 = VERTEX_POINT ( 'NONE', #4990 ) ;
#1244 = EDGE_LOOP ( 'NONE', ( #8644, #1476, #9990, #7431 ) ) ;
#1245 = EDGE_CURVE ( 'NONE', #2356, #9592, #10033, .T. ) ;
#1246 = FACE_BOUND ( 'NONE', #6200, .T. ) ;
#1247 = ORIENTED_EDGE ( 'NONE', *, *, #9531, .F. ) ;
#1248 = VECTOR ( 'NONE', #4008, 1000.000000000000000 ) ;
#1249 = DIRECTION ( 'NONE',  ( 0.000000000000000000, 0.000000000000000000, 1.000000000000000000 ) ) ;
#1250 = CIRCLE ( 'NONE', #3772, 5.000000000000000000 ) ;
#1251 = CIRCLE ( 'NONE', #3604, 1.000000000000000888 ) ;
#1252 = LINE ( 'NONE', #1308, #8675 ) ;
#1253 = CARTESIAN_POINT ( 'NONE',  ( 74.43750000000000000, 82.35514882866895903, -37.08269145387477295 ) ) ;
#1254 = DIRECTION ( 'NONE',  ( -1.000000000000000000, 0.000000000000000000, 0.000000000000000000 ) ) ;
#1255 = LINE ( 'NONE', #9873, #9339 ) ;
#1256 = VERTEX_POINT ( 'NONE', #2439 ) ;
#1257 = VECTOR ( 'NONE', #5806, 1000.000000000000000 ) ;
#1258 = ORIENTED_EDGE ( 'NONE', *, *, #4911, .T. ) ;
#1259 = CONICAL_SURFACE ( 'NONE', #1073, 5.700207538209721925, 0.6108652381980297363 ) ;
#1260 = ORIENTED_EDGE ( 'NONE', *, *, #601, .T. ) ;
#1261 = DIRECTION ( 'NONE',  ( 0.000000000000000000, -0.7071072074758637527, -0.7071063548969742651 ) ) ;
#1262 = DIRECTION ( 'NONE',  ( 0.000000000000000000, 1.000000000000000000, 0.000000000000000000 ) ) ;
#1263 = DIRECTION ( 'NONE',  ( -0.000000000000000000, -1.000000000000000000, -0.000000000000000000 ) ) ;
#1264 = LINE ( 'NONE', #10964, #6569 ) ;
#1265 = VECTOR ( 'NONE', #1254, 1000.000000000000000 ) ;
#1266 = CARTESIAN_POINT ( 'NONE',  ( -35.61042949679625735, 96.12583987928823603, 1.150873398797557678 ) ) ;
#1267 = DIRECTION ( 'NONE',  ( 0.000000000000000000, -0.000000000000000000, 1.000000000000000000 ) ) ;
#1268 = VERTEX_POINT ( 'NONE', #3289 ) ;
#1269 = CARTESIAN_POINT ( 'NONE',  ( 5.368809506760563011, 124.8258398792917347, 32.03271477103381670 ) ) ;
#1270 = DIRECTION ( 'NONE',  ( 2.244742081187875711E-15, 1.000000000000000000, 0.000000000000000000 ) ) ;
#1271 = EDGE_LOOP ( 'NONE', ( #4948, #8213, #5202, #6353 ) ) ;
#1272 = CIRCLE ( 'NONE', #7058, 1.150000000000003020 ) ;
#1273 = EDGE_LOOP ( 'NONE', ( #9430, #4721, #9520, #7121 ) ) ;
#1274 = ORIENTED_EDGE ( 'NONE', *, *, #10304, .F. ) ;
#1275 = CARTESIAN_POINT ( 'NONE',  ( -82.54999999999999716, -24.50000000000000355, -13.82806147072993674 ) ) ;
#1276 = LINE ( 'NONE', #8993, #4497 ) ;
#1277 = LINE ( 'NONE', #9788, #5410 ) ;
#1278 = DIRECTION ( 'NONE',  ( -0.000000000000000000, 1.000000000000000000, -0.000000000000000000 ) ) ;
#1279 = ORIENTED_EDGE ( 'NONE', *, *, #4919, .F. ) ;
#1280 = EDGE_CURVE ( 'NONE', #6489, #315, #8289, .T. ) ;
#1281 = DIRECTION ( 'NONE',  ( 0.8191520442889934639, -7.834618184293484118E-17, -0.5735764363510439390 ) ) ;
#1282 = CARTESIAN_POINT ( 'NONE',  ( -31.40689872104514180, 97.49999999999997158, -29.66122071973760299 ) ) ;
#1283 = ORIENTED_EDGE ( 'NONE', *, *, #7403, .F. ) ;
#1284 = LINE ( 'NONE', #9851, #323 ) ;
#1285 = ORIENTED_EDGE ( 'NONE', *, *, #11008, .T. ) ;
#1286 = ORIENTED_EDGE ( 'NONE', *, *, #5072, .T. ) ;
#1287 = VECTOR ( 'NONE', #887, 1000.000000000000000 ) ;
#1288 = ORIENTED_EDGE ( 'NONE', *, *, #9352, .F. ) ;
#1289 = LINE ( 'NONE', #1349, #5942 ) ;
#1290 = DIRECTION ( 'NONE',  ( 0.000000000000000000, 0.000000000000000000, 1.000000000000000000 ) ) ;
#1291 = DIRECTION ( 'NONE',  ( 0.000000000000000000, -0.5735764363510426067, -0.8191520442889942411 ) ) ;
#1292 = CARTESIAN_POINT ( 'NONE',  ( -82.54999999999999716, 107.7547720674227634, -24.66741156474240526 ) ) ;
#1293 = DIRECTION ( 'NONE',  ( 0.8191520442889941300, 0.5735764363510428288, 0.000000000000000000 ) ) ;
#1294 = ADVANCED_FACE ( 'NONE', ( #5042 ), #4876, .F. ) ;
#1295 = CARTESIAN_POINT ( 'NONE',  ( 4.999570503068137661, 124.8258398792882247, -20.03649027154900608 ) ) ;
#1296 = VECTOR ( 'NONE', #2462, 1000.000000000000000 ) ;
#1297 = CARTESIAN_POINT ( 'NONE',  ( 72.76808532237741645, 8.274999999999998579, 18.26344096711973819 ) ) ;
#1298 = CARTESIAN_POINT ( 'NONE',  ( 9.877394556154479588, 79.82583987928821045, 19.06835594837479420 ) ) ;
#1299 = ORIENTED_EDGE ( 'NONE', *, *, #9069, .F. ) ;
#1300 = CARTESIAN_POINT ( 'NONE',  ( -74.43749999996866507, -4.758722840905003082, -32.75769145387477721 ) ) ;
#1301 = VERTEX_POINT ( 'NONE', #9138 ) ;
#1302 = EDGE_CURVE ( 'NONE', #804, #11149, #620, .T. ) ;
#1303 = EDGE_CURVE ( 'NONE', #2594, #562, #1483, .T. ) ;
#1304 = VERTEX_POINT ( 'NONE', #10088 ) ;
#1305 = CIRCLE ( 'NONE', #4191, 1.149999999999994804 ) ;
#1306 = VERTEX_POINT ( 'NONE', #3229 ) ;
#1307 = AXIS2_PLACEMENT_3D ( 'NONE', #6704, #6535, #10228 ) ;
#1308 = CARTESIAN_POINT ( 'NONE',  ( -46.58189872104514251, 72.67999645958946076, -3.947744601910656847E-08 ) ) ;
#1309 = LINE ( 'NONE', #7149, #695 ) ;
#1310 = CARTESIAN_POINT ( 'NONE',  ( 0.000000000000000000, -24.89937738537090794, 5.042308546125213731 ) ) ;
#1311 = FACE_OUTER_BOUND ( 'NONE', #1032, .T. ) ;
#1312 = CARTESIAN_POINT ( 'NONE',  ( 8.109770573919306003, 99.82583987928821045, -0.4337067317761473251 ) ) ;
#1313 = EDGE_CURVE ( 'NONE', #314, #400, #10146, .T. ) ;
#1314 = EDGE_CURVE ( 'NONE', #3616, #1050, #7434, .T. ) ;
#1315 = ADVANCED_FACE ( 'NONE', ( #9191 ), #6566, .F. ) ;
#1316 = ORIENTED_EDGE ( 'NONE', *, *, #2243, .T. ) ;
#1317 = EDGE_LOOP ( 'NONE', ( #7865, #10300, #2953, #11009 ) ) ;
#1318 = VERTEX_POINT ( 'NONE', #4079 ) ;
#1319 = AXIS2_PLACEMENT_3D ( 'NONE', #10638, #2886, #539 ) ;
#1320 = DIRECTION ( 'NONE',  ( 1.000000000000000000, 0.000000000000000000, 0.000000000000000000 ) ) ;
#1321 = CYLINDRICAL_SURFACE ( 'NONE', #1777, 1.200000000000003064 ) ;
#1322 = FACE_BOUND ( 'NONE', #853, .T. ) ;
#1323 = DIRECTION ( 'NONE',  ( -0.000000000000000000, -1.000000000000000000, -0.000000000000000000 ) ) ;
#1324 = CARTESIAN_POINT ( 'NONE',  ( -5.461913016039824598, 96.12583987928823603, -1.124087247170217685 ) ) ;
#1325 = CARTESIAN_POINT ( 'NONE',  ( -76.81501998216515403, 8.274999999999998579, 19.07115427298596089 ) ) ;
#1326 = DIRECTION ( 'NONE',  ( -0.000000000000000000, 1.000000000000000000, 0.000000000000000000 ) ) ;
#1327 = ORIENTED_EDGE ( 'NONE', *, *, #4460, .T. ) ;
#1328 = DIRECTION ( 'NONE',  ( 1.000000000000000000, 0.000000000000000000, 0.000000000000000000 ) ) ;
#1329 = CARTESIAN_POINT ( 'NONE',  ( 68.74198989848721908, 8.274999999999998579, 33.49814417154932045 ) ) ;
#1330 = ORIENTED_EDGE ( 'NONE', *, *, #7485, .F. ) ;
#1331 = AXIS2_PLACEMENT_3D ( 'NONE', #7055, #7385, #10514 ) ;
#1332 = CARTESIAN_POINT ( 'NONE',  ( 30.99957050306814210, 109.8258398792882247, 11.89999999999998437 ) ) ;
#1333 = ORIENTED_EDGE ( 'NONE', *, *, #4618, .T. ) ;
#1334 = ORIENTED_EDGE ( 'NONE', *, *, #5099, .F. ) ;
#1335 = DIRECTION ( 'NONE',  ( 0.000000000000000000, -1.000000000000000000, 0.000000000000000000 ) ) ;
#1336 = CLOSED_SHELL ( 'NONE', ( #1463, #6759, #4757, #5858, #10458, #4071, #5535, #4218, #239, #5184, #3352, #1219, #2678, #3443, #3319, #7052, #3892, #6329, #7688, #2740, #5433, #2289, #9809, #1493, #6131, #10491, #803, #4824, #8232, #7878, #2197, #255, #4031, #3504, #2201, #7251, #6697, #2265, #1096, #1231, #6360, #2352, #2829, #2341, #7943, #11222, #10305, #2457, #6593, #1692, #10721, #2837, #3788, #9948, #6627, #6281, #8647, #3800, #2756, #8500, #4219, #6975, #1085, #1315, #7813, #5032, #11227, #4601, #325, #5695, #7531, #1579, #467, #5117, #4118, #7973, #1294, #383, #615, #3445, #10819, #7343, #8251, #9269, #4414, #2510, #12, #9690, #10299, #582, #7484, #1176, #7419, #2887, #7974, #5671, #3029, #2622, #6613, #1796, #6151, #4877, #11207, #9475, #7196, #8729, #7474, #4338, #924, #997, #9979, #969, #1857, #8580, #7955, #3306, #3733, #6981, #8698, #3022, #2620, #5672, #3232, #8359, #4692, #6834, #2257, #669, #3167, #10628, #9630, #10519, #10803, #10641, #5874, #6702, #810, #10588, #825, #9926, #3431, #7855, #8373, #3449, #3224, #9060, #6820, #2979, #616, #177, #9335, #9137, #206, #5593, #1507, #115, #9143, #3987, #7807, #1896, #614, #6422, #5739, #8522, #7045, #11137, #10662, #5857, #9150, #8622, #1368, #6073, #7548, #316, #6939, #2336, #8528, #6884, #8230, #1680, #6864, #6776, #5921, #2288, #3083, #4397, #6262, #4769, #4984, #6269, #2060, #5511, #6900, #6057, #2476, #7594, #8715, #4349, #10650, #4470, #3925, #953, #4061, #1931, #4610, #3975, #1338, #1513, #7720, #5543, #2281, #4484, #7048, #9556, #10031, #5607, #1754, #8313, #5111, #2963, #4669, #7939, #3787, #7441, #6005, #10503, #7685, #6752, #4742, #8323, #5865, #6274, #6032, #2603, #10023, #1039, #8015, #5999, #8186, #7409, #3243, #4513, #9701, #8282, #64, #110, #6342, #2034, #10173, #4839, #4429, #7673, #7668, #1094, #3181, #5705, #5369, #2941, #3103, #5437, #1034, #740, #5640, #7236, #9467, #5312, #7095, #8576, #5933, #8119, #2042, #7553, #1021, #8661, #4129, #5875, #1840, #7623, #7886, #9086, #10585, #5424, #9419, #393, #8044, #9770, #9322, #6967, #4702, #1996, #7034, #3097, #10955, #4593, #649, #3988, #1506, #2010, #9544, #4469, #8775, #5937, #5518, #7372, #10863, #4835, #4820, #3724, #7120, #6439, #7132, #9211, #6294, #10974, #2539, #10616, #5576, #4755, #9493, #5596, #11131, #3206, #9007, #5936, #8793, #5510, #10039, #5296, #33, #10574, #7113, #3133, #8869, #1995, #10509, #7609, #11108, #2553, #6062, #7743, #11007, #2596, #7027, #7122 ) ) ;
#1337 = FACE_BOUND ( 'NONE', #5017, .T. ) ;
#1338 = ADVANCED_FACE ( 'NONE', ( #2386 ), #5777, .F. ) ;
#1339 = ORIENTED_EDGE ( 'NONE', *, *, #9202, .F. ) ;
#1340 = DIRECTION ( 'NONE',  ( 0.000000000000000000, 0.000000000000000000, -1.000000000000000000 ) ) ;
#1341 = FACE_OUTER_BOUND ( 'NONE', #8383, .T. ) ;
#1342 = ORIENTED_EDGE ( 'NONE', *, *, #4242, .T. ) ;
#1343 = CARTESIAN_POINT ( 'NONE',  ( -53.05138322153545261, 8.274999999999998579, 15.82115058466708035 ) ) ;
#1344 = ORIENTED_EDGE ( 'NONE', *, *, #191, .F. ) ;
#1345 = VERTEX_POINT ( 'NONE', #7541 ) ;
#1346 = AXIS2_PLACEMENT_3D ( 'NONE', #4106, #7567, #5014 ) ;
#1347 = VECTOR ( 'NONE', #9247, 1000.000000000000000 ) ;
#1348 = VERTEX_POINT ( 'NONE', #10256 ) ;
#1349 = CARTESIAN_POINT ( 'NONE',  ( 11.25500000000000433, -24.89937738537090794, 5.042308546125213731 ) ) ;
#1350 = EDGE_CURVE ( 'NONE', #9101, #10377, #4184, .T. ) ;
#1351 = CARTESIAN_POINT ( 'NONE',  ( -31.40689872093238577, 97.49999999988722266, -4.426490271157039302 ) ) ;
#1352 = DIRECTION ( 'NONE',  ( 0.000000000000000000, 0.000000000000000000, -1.000000000000000000 ) ) ;
#1353 = LINE ( 'NONE', #7087, #10156 ) ;
#1354 = LINE ( 'NONE', #4799, #6785 ) ;
#1355 = CARTESIAN_POINT ( 'NONE',  ( 0.000000000000000000, 6.349999999999999645, 0.000000000000000000 ) ) ;
#1356 = LINE ( 'NONE', #3836, #10428 ) ;
#1357 = DIRECTION ( 'NONE',  ( 0.000000000000000000, 0.000000000000000000, 1.000000000000000000 ) ) ;
#1358 = EDGE_LOOP ( 'NONE', ( #2727, #4389, #2994, #2299 ) ) ;
#1359 = ORIENTED_EDGE ( 'NONE', *, *, #4764, .T. ) ;
#1360 = ORIENTED_EDGE ( 'NONE', *, *, #10943, .F. ) ;
#1361 = VECTOR ( 'NONE', #904, 1000.000000000000000 ) ;
#1362 = EDGE_CURVE ( 'NONE', #6666, #3874, #7867, .T. ) ;
#1363 = VERTEX_POINT ( 'NONE', #6787 ) ;
#1364 = CYLINDRICAL_SURFACE ( 'NONE', #3503, 1.000000000000000888 ) ;
#1365 = DIRECTION ( 'NONE',  ( -0.7071067811697020478, 6.572825393394074041E-15, -0.7071067812033930977 ) ) ;
#1366 = LINE ( 'NONE', #6344, #4305 ) ;
#1367 = CARTESIAN_POINT ( 'NONE',  ( 46.58189872104514251, 74.97269081489451992, 3.358530552390480484 ) ) ;
#1368 = ADVANCED_FACE ( 'NONE', ( #1542 ), #675, .F. ) ;
#1369 = FACE_BOUND ( 'NONE', #9380, .T. ) ;
#1370 = DIRECTION ( 'NONE',  ( -0.7071067811865489050, 0.7071067811865462405, 7.719070416997786282E-14 ) ) ;
#1371 = ORIENTED_EDGE ( 'NONE', *, *, #5173, .T. ) ;
#1372 = AXIS2_PLACEMENT_3D ( 'NONE', #6362, #9832, #2063 ) ;
#1373 = VERTEX_POINT ( 'NONE', #1367 ) ;
#1374 = ORIENTED_EDGE ( 'NONE', *, *, #9476, .T. ) ;
#1375 = CARTESIAN_POINT ( 'NONE',  ( 0.000000000000000000, 99.82583987928822467, 0.000000000000000000 ) ) ;
#1376 = EDGE_CURVE ( 'NONE', #10760, #4022, #10035, .T. ) ;
#1377 = CIRCLE ( 'NONE', #10792, 12.50000000000000355 ) ;
#1378 = FACE_OUTER_BOUND ( 'NONE', #5897, .T. ) ;
#1379 = CARTESIAN_POINT ( 'NONE',  ( -5.445312805244825860, 124.6975286209410143, -20.03580878106373220 ) ) ;
#1380 = DIRECTION ( 'NONE',  ( 1.000000000000000000, 0.000000000000000000, 1.335278419062900361E-16 ) ) ;
#1381 = CARTESIAN_POINT ( 'NONE',  ( 77.61249999999999716, 8.274999999999982592, 24.62763407003640381 ) ) ;
#1382 = DIRECTION ( 'NONE',  ( 0.000000000000000000, 0.000000000000000000, 1.000000000000000000 ) ) ;
#1383 = EDGE_CURVE ( 'NONE', #6626, #4002, #8621, .T. ) ;
#1384 = FACE_OUTER_BOUND ( 'NONE', #4498, .T. ) ;
#1385 = DIRECTION ( 'NONE',  ( 0.000000000000000000, 0.000000000000000000, 1.000000000000000000 ) ) ;
#1386 = ORIENTED_EDGE ( 'NONE', *, *, #10304, .T. ) ;
#1387 = FACE_OUTER_BOUND ( 'NONE', #6125, .T. ) ;
#1388 = ORIENTED_EDGE ( 'NONE', *, *, #6282, .F. ) ;
#1389 = AXIS2_PLACEMENT_3D ( 'NONE', #4925, #8401, #10194 ) ;
#1390 = ORIENTED_EDGE ( 'NONE', *, *, #3345, .F. ) ;
#1391 = EDGE_CURVE ( 'NONE', #5092, #562, #9323, .T. ) ;
#1392 = ORIENTED_EDGE ( 'NONE', *, *, #9902, .F. ) ;
#1393 = VECTOR ( 'NONE', #4052, 1000.000000000000000 ) ;
#1394 = DIRECTION ( 'NONE',  ( -1.000000000000000000, 0.000000000000000000, 1.527355698137925406E-16 ) ) ;
#1395 = CARTESIAN_POINT ( 'NONE',  ( -35.61042949679625735, 97.50000000000000000, 18.79369299900851686 ) ) ;
#1396 = VERTEX_POINT ( 'NONE', #1752 ) ;
#1397 = FACE_OUTER_BOUND ( 'NONE', #9043, .T. ) ;
#1398 = DIRECTION ( 'NONE',  ( 1.000000000000000000, -0.000000000000000000, -0.000000000000000000 ) ) ;
#1399 = ORIENTED_EDGE ( 'NONE', *, *, #3365, .T. ) ;
#1400 = DIRECTION ( 'NONE',  ( -0.000000000000000000, -1.000000000000000000, 1.365923996832131116E-16 ) ) ;
#1401 = ORIENTED_EDGE ( 'NONE', *, *, #1550, .F. ) ;
#1402 = VERTEX_POINT ( 'NONE', #9644 ) ;
#1403 = ORIENTED_EDGE ( 'NONE', *, *, #8745, .T. ) ;
#1404 = CARTESIAN_POINT ( 'NONE',  ( -5.461913016040046642, 99.82583987928822467, 21.29351081815998370 ) ) ;
#1405 = CARTESIAN_POINT ( 'NONE',  ( -77.61249999999999716, 23.27499999999999858, 24.62763407003640381 ) ) ;
#1406 = LINE ( 'NONE', #7475, #4340 ) ;
#1407 = CARTESIAN_POINT ( 'NONE',  ( -33.55000000000002558, 97.32583987928822467, 10.19715292348722890 ) ) ;
#1408 = CARTESIAN_POINT ( 'NONE',  ( -79.37500000000001421, 90.00000000000000000, -127.1386775125482842 ) ) ;
#1409 = CARTESIAN_POINT ( 'NONE',  ( -50.48689872104515075, 74.78999999999417980, -23.92998592831960991 ) ) ;
#1410 = DIRECTION ( 'NONE',  ( -1.000000000000000000, 0.000000000000000000, 2.131755774931517135E-14 ) ) ;
#1411 = DIRECTION ( 'NONE',  ( -0.000000000000000000, 7.709882115452476934E-17, -1.000000000000000000 ) ) ;
#1412 = EDGE_CURVE ( 'NONE', #8565, #8564, #11168, .T. ) ;
#1413 = EDGE_LOOP ( 'NONE', ( #3438, #6100, #7676, #1518 ) ) ;
#1414 = ORIENTED_EDGE ( 'NONE', *, *, #5653, .T. ) ;
#1415 = ORIENTED_EDGE ( 'NONE', *, *, #4167, .T. ) ;
#1416 = CARTESIAN_POINT ( 'NONE',  ( -33.11067117007558380, 96.12583987928823603, 18.79370330280937651 ) ) ;
#1417 = LINE ( 'NONE', #7596, #8413 ) ;
#1418 = CARTESIAN_POINT ( 'NONE',  ( 5.040313248097533894, 124.6347516102852637, -20.03649027154900608 ) ) ;
#1419 = AXIS2_PLACEMENT_3D ( 'NONE', #6485, #9957, #6138 ) ;
#1420 = CARTESIAN_POINT ( 'NONE',  ( 11.25500000000000433, 4.249377385370907589, 5.042308546125213731 ) ) ;
#1421 = CIRCLE ( 'NONE', #1241, 1.150000000000003020 ) ;
#1422 = CARTESIAN_POINT ( 'NONE',  ( 77.61250000000001137, 61.63999999999999346, -0.2576914538747651640 ) ) ;
#1423 = CARTESIAN_POINT ( 'NONE',  ( -82.54999999999999716, 67.63999999999998636, 5.399999999999991473 ) ) ;
#1424 = VERTEX_POINT ( 'NONE', #1697 ) ;
#1425 = EDGE_CURVE ( 'NONE', #5910, #1306, #1863, .T. ) ;
#1426 = VERTEX_POINT ( 'NONE', #2600 ) ;
#1427 = ORIENTED_EDGE ( 'NONE', *, *, #3940, .F. ) ;
#1428 = DIRECTION ( 'NONE',  ( -0.000000000000000000, -1.000000000000000000, -0.000000000000000000 ) ) ;
#1429 = AXIS2_PLACEMENT_3D ( 'NONE', #9523, #10310, #10473 ) ;
#1430 = CIRCLE ( 'NONE', #7761, 5.000000000000000888 ) ;
#1431 = CIRCLE ( 'NONE', #10118, 1.200000000000003064 ) ;
#1432 = EDGE_CURVE ( 'NONE', #5786, #6381, #3507, .T. ) ;
#1433 = LINE ( 'NONE', #7663, #8031 ) ;
#1434 = DIRECTION ( 'NONE',  ( -0.000000000000000000, -1.000000000000000000, -0.000000000000000000 ) ) ;
#1435 = DIRECTION ( 'NONE',  ( -0.000000000000000000, -1.000000000000000000, -0.000000000000000000 ) ) ;
#1436 = CARTESIAN_POINT ( 'NONE',  ( -8.300429496984964572, 96.12583987928823603, 18.68350972839287394 ) ) ;
#1437 = VECTOR ( 'NONE', #8554, 1000.000000000000000 ) ;
#1438 = CARTESIAN_POINT ( 'NONE',  ( -43.40689872104513825, 97.50000000000000000, -29.66122071973760299 ) ) ;
#1439 = ORIENTED_EDGE ( 'NONE', *, *, #10737, .F. ) ;
#1440 = CIRCLE ( 'NONE', #8147, 0.7999800169607197420 ) ;
#1441 = EDGE_CURVE ( 'NONE', #6311, #8748, #8736, .T. ) ;
#1442 = LINE ( 'NONE', #4040, #5311 ) ;
#1443 = EDGE_LOOP ( 'NONE', ( #2883, #5216 ) ) ;
#1444 = EDGE_CURVE ( 'NONE', #9713, #667, #11229, .T. ) ;
#1445 = EDGE_LOOP ( 'NONE', ( #7033, #3141, #6755, #10081 ) ) ;
#1446 = EDGE_CURVE ( 'NONE', #7455, #1243, #10778, .T. ) ;
#1447 = EDGE_CURVE ( 'NONE', #193, #4249, #7697, .T. ) ;
#1448 = AXIS2_PLACEMENT_3D ( 'NONE', #761, #10276, #4323 ) ;
#1449 = VERTEX_POINT ( 'NONE', #10368 ) ;
#1450 = VECTOR ( 'NONE', #9987, 1000.000000000000000 ) ;
#1451 = PLANE ( 'NONE',  #1346 ) ;
#1452 = DIRECTION ( 'NONE',  ( 0.000000000000000000, 0.000000000000000000, 1.000000000000000000 ) ) ;
#1453 = DIRECTION ( 'NONE',  ( -1.593062912007103154E-16, -1.000000000000000000, -7.965314560035515770E-17 ) ) ;
#1454 = EDGE_LOOP ( 'NONE', ( #1190, #8156, #10669, #7259, #8495, #2869 ) ) ;
#1455 = CARTESIAN_POINT ( 'NONE',  ( 69.20000000000776197, 8.275000000000281020, -6.985329661611392460 ) ) ;
#1456 = LINE ( 'NONE', #5867, #11169 ) ;
#1457 = AXIS2_PLACEMENT_3D ( 'NONE', #4145, #3921, #5622 ) ;
#1458 = EDGE_CURVE ( 'NONE', #1424, #9689, #10224, .T. ) ;
#1459 = EDGE_CURVE ( 'NONE', #7577, #3447, #6778, .T. ) ;
#1460 = ORIENTED_EDGE ( 'NONE', *, *, #10061, .T. ) ;
#1462 = DIRECTION ( 'NONE',  ( 0.000000000000000000, 0.000000000000000000, 1.000000000000000000 ) ) ;
#1461 = VECTOR ( 'NONE', #3777, 1000.000000000000000 ) ;
#1463 = ADVANCED_FACE ( 'NONE', ( #6897 ), #5316, .F. ) ;
#1464 = ORIENTED_EDGE ( 'NONE', *, *, #6835, .T. ) ;
#1465 = ORIENTED_EDGE ( 'NONE', *, *, #5109, .F. ) ;
#1466 = ORIENTED_EDGE ( 'NONE', *, *, #7256, .F. ) ;
#1467 = FACE_OUTER_BOUND ( 'NONE', #6630, .T. ) ;
#1468 = CARTESIAN_POINT ( 'NONE',  ( -81.84979246179028678, 66.63999999999998636, -0.2576914538747651640 ) ) ;
#1469 = DIRECTION ( 'NONE',  ( 0.000000000000000000, 0.000000000000000000, -1.000000000000000000 ) ) ;
#1470 = DIRECTION ( 'NONE',  ( 0.9999999999999998890, -0.000000000000000000, 1.902368341696336056E-08 ) ) ;
#1471 = DIRECTION ( 'NONE',  ( -0.000000000000000000, 1.000000000000000000, 0.000000000000000000 ) ) ;
#1472 = DIRECTION ( 'NONE',  ( 1.593062912007103154E-16, 1.000000000000000000, -8.295151110468893303E-17 ) ) ;
#1473 = DIRECTION ( 'NONE',  ( -0.000000000000000000, -1.000000000000000000, -7.709882115452476934E-17 ) ) ;
#1474 = DIRECTION ( 'NONE',  ( 1.000000000000000000, -0.000000000000000000, 1.335278419062900361E-16 ) ) ;
#1475 = ORIENTED_EDGE ( 'NONE', *, *, #499, .F. ) ;
#1476 = ORIENTED_EDGE ( 'NONE', *, *, #11221, .T. ) ;
#1477 = ORIENTED_EDGE ( 'NONE', *, *, #2533, .T. ) ;
#1478 = CARTESIAN_POINT ( 'NONE',  ( -6.014653437193473451, 124.8258398792882247, 31.87426719053791757 ) ) ;
#1479 = AXIS2_PLACEMENT_3D ( 'NONE', #5968, #4440, #874 ) ;
#1481 = CARTESIAN_POINT ( 'NONE',  ( -33.75499999999998124, -27.00000000000000355, 21.38115427306259875 ) ) ;
#1480 = AXIS2_PLACEMENT_3D ( 'NONE', #4775, #4650, #9886 ) ;
#1482 = CARTESIAN_POINT ( 'NONE',  ( -35.61042949691171344, 97.50000000000000000, 1.150873398797557901 ) ) ;
#1483 = LINE ( 'NONE', #3342, #2613 ) ;
#1484 = CARTESIAN_POINT ( 'NONE',  ( -13.75499999999998657, 4.249377385370907589, 2.100877762788714355E-15 ) ) ;
#1485 = CARTESIAN_POINT ( 'NONE',  ( 0.000000000000000000, 109.8258398792882247, 0.000000000000000000 ) ) ;
#1486 = ORIENTED_EDGE ( 'NONE', *, *, #4428, .F. ) ;
#1487 = VERTEX_POINT ( 'NONE', #4407 ) ;
#1488 = VERTEX_POINT ( 'NONE', #3563 ) ;
#1489 = AXIS2_PLACEMENT_3D ( 'NONE', #4682, #10883, #3727 ) ;
#1490 = CARTESIAN_POINT ( 'NONE',  ( -69.20000000000000284, 10.00000000000000000, -3.738845726937389813 ) ) ;
#1491 = AXIS2_PLACEMENT_3D ( 'NONE', #9163, #1394, #6757 ) ;
#1492 = DIRECTION ( 'NONE',  ( 0.000000000000000000, 0.000000000000000000, -1.000000000000000000 ) ) ;
#1493 = ADVANCED_FACE ( 'NONE', ( #5941, #4462 ), #7007, .F. ) ;
#1494 = CARTESIAN_POINT ( 'NONE',  ( 54.81500000380517434, 8.274999999999998579, 19.62115427306273219 ) ) ;
#1495 = VECTOR ( 'NONE', #263, 1000.000000000000000 ) ;
#1496 = CARTESIAN_POINT ( 'NONE',  ( 16.75499999999997769, 6.349999999999999645, -2.559084472230090991E-15 ) ) ;
#1497 = DIRECTION ( 'NONE',  ( 0.9999999999984094945, 0.000000000000000000, 1.783514045278184224E-06 ) ) ;
#1498 = DIRECTION ( 'NONE',  ( 0.000000000000000000, 1.000000000000000000, -0.000000000000000000 ) ) ;
#1499 = AXIS2_PLACEMENT_3D ( 'NONE', #7502, #2231, #406 ) ;
#1500 = FACE_OUTER_BOUND ( 'NONE', #8483, .T. ) ;
#1501 = PLANE ( 'NONE',  #4545 ) ;
#1502 = PRODUCT_CONTEXT ( 'NONE', #4961, 'mechanical' ) ;
#1503 = ORIENTED_EDGE ( 'NONE', *, *, #5313, .F. ) ;
#1504 = EDGE_LOOP ( 'NONE', ( #6901, #10222, #8652, #6508 ) ) ;
#1505 = ORIENTED_EDGE ( 'NONE', *, *, #5499, .T. ) ;
#1506 = ADVANCED_FACE ( 'NONE', ( #6164 ), #1015, .F. ) ;
#1507 = ADVANCED_FACE ( 'NONE', ( #2543 ), #787, .F. ) ;
#1508 = DIRECTION ( 'NONE',  ( -7.054731250932863595E-17, -0.8490365576105686207, -0.5283341024775853878 ) ) ;
#1509 = CARTESIAN_POINT ( 'NONE',  ( -0.0004294969318460739593, 124.8258398792882247, 8.433509728450992782 ) ) ;
#1510 = DIRECTION ( 'NONE',  ( -0.000000000000000000, -1.000000000000000000, -0.000000000000000000 ) ) ;
#1511 = EDGE_CURVE ( 'NONE', #3625, #4004, #9410, .T. ) ;
#1512 = VERTEX_POINT ( 'NONE', #320 ) ;
#1513 = ADVANCED_FACE ( 'NONE', ( #5600 ), #1901, .F. ) ;
#1514 = CARTESIAN_POINT ( 'NONE',  ( -29.00040951398291256, 99.82583987928822467, 19.48349411328616299 ) ) ;
#1515 = DIRECTION ( 'NONE',  ( 0.000000000000000000, 1.000000000000000000, 0.000000000000000000 ) ) ;
#1516 = VERTEX_POINT ( 'NONE', #6391 ) ;
#1517 = CARTESIAN_POINT ( 'NONE',  ( 53.40689872104514535, 95.63999999999417412, -7.959769997217391868 ) ) ;
#1518 = ORIENTED_EDGE ( 'NONE', *, *, #6077, .T. ) ;
#1519 = ORIENTED_EDGE ( 'NONE', *, *, #4971, .T. ) ;
#1520 = ORIENTED_EDGE ( 'NONE', *, *, #2755, .F. ) ;
#1521 = VECTOR ( 'NONE', #7769, 1000.000000000000000 ) ;
#1522 = DIRECTION ( 'NONE',  ( 0.000000000000000000, -1.000000000000000000, 0.000000000000000000 ) ) ;
#1523 = EDGE_CURVE ( 'NONE', #1718, #10569, #2088, .T. ) ;
#1524 = EDGE_CURVE ( 'NONE', #749, #2752, #7155, .T. ) ;
#1525 = CARTESIAN_POINT ( 'NONE',  ( -0.0004294969318460739593, 99.82583987928822467, -15.76649027154901006 ) ) ;
#1526 = CARTESIAN_POINT ( 'NONE',  ( -1.667374612198414985, 119.8727376174570622, 36.89999999999999147 ) ) ;
#1527 = CARTESIAN_POINT ( 'NONE',  ( -50.48689872104515075, 95.63999999999417412, -7.959769997217391868 ) ) ;
#1528 = DIRECTION ( 'NONE',  ( 0.000000000000000000, 0.000000000000000000, -1.000000000000000000 ) ) ;
#1529 = EDGE_CURVE ( 'NONE', #5502, #3886, #8224, .T. ) ;
#1530 = FACE_BOUND ( 'NONE', #5753, .T. ) ;
#1531 = CARTESIAN_POINT ( 'NONE',  ( -73.96808532237744771, 8.274999999999998579, 17.06344096893413820 ) ) ;
#1532 = FACE_OUTER_BOUND ( 'NONE', #5584, .T. ) ;
#1533 = AXIS2_PLACEMENT_3D ( 'NONE', #7037, #5178, #9551 ) ;
#1534 = VECTOR ( 'NONE', #8221, 1000.000000000000000 ) ;
#1535 = ORIENTED_EDGE ( 'NONE', *, *, #4055, .F. ) ;
#1536 = VERTEX_POINT ( 'NONE', #6448 ) ;
#1537 = ORIENTED_EDGE ( 'NONE', *, *, #9186, .F. ) ;
#1538 = EDGE_CURVE ( 'NONE', #5285, #370, #9694, .T. ) ;
#1539 = FACE_OUTER_BOUND ( 'NONE', #6470, .T. ) ;
#1540 = TOROIDAL_SURFACE ( 'NONE', #5504, 20.00000000000000000, 5.000000000000000000 ) ;
#1541 = DIRECTION ( 'NONE',  ( -1.593062912007103154E-16, -1.000000000000000000, -7.965314560035515770E-17 ) ) ;
#1542 = FACE_OUTER_BOUND ( 'NONE', #8695, .T. ) ;
#1543 = CARTESIAN_POINT ( 'NONE',  ( -79.37499999999994316, -4.758722840905020846, -3.738845726937389813 ) ) ;
#1544 = DIRECTION ( 'NONE',  ( 0.000000000000000000, 1.000000000000000000, -1.365923996832131116E-16 ) ) ;
#1545 = VERTEX_POINT ( 'NONE', #8956 ) ;
#1546 = ORIENTED_EDGE ( 'NONE', *, *, #6141, .T. ) ;
#1547 = ORIENTED_EDGE ( 'NONE', *, *, #8097, .T. ) ;
#1548 = AXIS2_PLACEMENT_3D ( 'NONE', #43, #8788, #4297 ) ;
#1549 = DIRECTION ( 'NONE',  ( -0.000000000000000000, -1.000000000000000000, -0.000000000000000000 ) ) ;
#1550 = EDGE_CURVE ( 'NONE', #3929, #6738, #274, .T. ) ;
#1551 = DIRECTION ( 'NONE',  ( 1.000000000000000000, 0.000000000000000000, 1.335278419062900361E-16 ) ) ;
#1552 = CARTESIAN_POINT ( 'NONE',  ( -5.041172241961261236, 124.6347516102852779, -20.03649027154900608 ) ) ;
#1553 = DIRECTION ( 'NONE',  ( -1.000000000000000000, 0.000000000000000000, -0.000000000000000000 ) ) ;
#1554 = CARTESIAN_POINT ( 'NONE',  ( -77.61249999996866222, 82.35514882866895903, -5.257691453874769216 ) ) ;
#1555 = VECTOR ( 'NONE', #7527, 1000.000000000000000 ) ;
#1556 = CARTESIAN_POINT ( 'NONE',  ( 41.54999999999999716, 96.82583987928822467, 10.19715292348722890 ) ) ;
#1557 = DIRECTION ( 'NONE',  ( 0.000000000000000000, 0.000000000000000000, -1.000000000000000000 ) ) ;
#1558 = DIRECTION ( 'NONE',  ( -0.000000000000000000, -1.000000000000000000, -0.000000000000000000 ) ) ;
#1559 = FACE_OUTER_BOUND ( 'NONE', #9672, .T. ) ;
#1560 = CARTESIAN_POINT ( 'NONE',  ( 0.000000000000000000, 0.000000000000000000, 0.000000000000000000 ) ) ;
#1561 = ORIENTED_EDGE ( 'NONE', *, *, #5802, .F. ) ;
#1562 = LINE ( 'NONE', #5689, #7590 ) ;
#1563 = ORIENTED_EDGE ( 'NONE', *, *, #1926, .F. ) ;
#1564 = VECTOR ( 'NONE', #4892, 1000.000000000000000 ) ;
#1565 = VERTEX_POINT ( 'NONE', #5544 ) ;
#1566 = CARTESIAN_POINT ( 'NONE',  ( 6.013794443329788741, 119.8258398792882105, 31.87426719053791757 ) ) ;
#1567 = CARTESIAN_POINT ( 'NONE',  ( 81.55000000000001137, 53.93999999999999062, -0.2576914538747649974 ) ) ;
#1568 = CARTESIAN_POINT ( 'NONE',  ( -5.000429496931850792, 110.8258398792882247, -21.03649027154900253 ) ) ;
#1569 = VERTEX_POINT ( 'NONE', #9010 ) ;
#1570 = VECTOR ( 'NONE', #6168, 1000.000000000000000 ) ;
#1571 = CARTESIAN_POINT ( 'NONE',  ( 46.58189872104514251, 86.19928456797940441, 13.55926821917161540 ) ) ;
#1572 = CARTESIAN_POINT ( 'NONE',  ( -0.0004294969318460739593, 124.8258398792882247, 8.433509728450992782 ) ) ;
#1573 = ORIENTED_EDGE ( 'NONE', *, *, #3013, .T. ) ;
#1574 = CARTESIAN_POINT ( 'NONE',  ( 73.96808532237744771, 8.274999999999998579, 17.06344096893413820 ) ) ;
#1575 = EDGE_CURVE ( 'NONE', #6001, #1983, #9916, .T. ) ;
#1576 = ORIENTED_EDGE ( 'NONE', *, *, #10168, .F. ) ;
#1577 = VERTEX_POINT ( 'NONE', #7253 ) ;
#1578 = VECTOR ( 'NONE', #8666, 1000.000000000000000 ) ;
#1579 = ADVANCED_FACE ( 'NONE', ( #1978 ), #7193, .T. ) ;
#1580 = DIRECTION ( 'NONE',  ( 1.000000000000000000, -0.000000000000000000, 0.000000000000000000 ) ) ;
#1581 = CARTESIAN_POINT ( 'NONE',  ( -43.40689872104514535, 74.78999999999417980, 0.5200140716803901553 ) ) ;
#1582 = LINE ( 'NONE', #5027, #3628 ) ;
#1583 = DIRECTION ( 'NONE',  ( -0.7071067811865426878, 0.000000000000000000, -0.7071067811865524577 ) ) ;
#1584 = FACE_OUTER_BOUND ( 'NONE', #10520, .T. ) ;
#1585 = FACE_OUTER_BOUND ( 'NONE', #11174, .T. ) ;
#1586 = CARTESIAN_POINT ( 'NONE',  ( -79.61249999999999716, 21.27499999999999503, -2.456465450814841895E-32 ) ) ;
#1587 = CARTESIAN_POINT ( 'NONE',  ( 43.40689872104513825, 97.50000000000000000, 22.30467496797187010 ) ) ;
#1588 = EDGE_CURVE ( 'NONE', #531, #9713, #4745, .T. ) ;
#1589 = ORIENTED_EDGE ( 'NONE', *, *, #2828, .F. ) ;
#1590 = EDGE_CURVE ( 'NONE', #11219, #9813, #2947, .T. ) ;
#1591 = ORIENTED_EDGE ( 'NONE', *, *, #4891, .T. ) ;
#1592 = EDGE_LOOP ( 'NONE', ( #11096, #11128, #7689, #681 ) ) ;
#1593 = EDGE_CURVE ( 'NONE', #6749, #3616, #10640, .T. ) ;
#1594 = CARTESIAN_POINT ( 'NONE',  ( -5.461913016040045754, 96.12583987928823603, -4.426490271496838602 ) ) ;
#1595 = CARTESIAN_POINT ( 'NONE',  ( -2.554834269181485580E-15, 72.64000000000000057, -26.48622071973760583 ) ) ;
#1596 = DIRECTION ( 'NONE',  ( 1.000000000000000000, 0.000000000000000000, -0.000000000000000000 ) ) ;
#1597 = CARTESIAN_POINT ( 'NONE',  ( -8.300429496984971678, 96.12583987928823603, 15.71614540591397358 ) ) ;
#1598 = FACE_OUTER_BOUND ( 'NONE', #8541, .T. ) ;
#1599 = ORIENTED_EDGE ( 'NONE', *, *, #1974, .F. ) ;
#1600 = ORIENTED_EDGE ( 'NONE', *, *, #9908, .F. ) ;
#1601 = CARTESIAN_POINT ( 'NONE',  ( -77.61249999996864801, 6.349999999999999645, -6.985329661611391572 ) ) ;
#1602 = EDGE_LOOP ( 'NONE', ( #2380, #6139, #8216, #8932, #1047, #8283, #9227, #10390, #4638, #2655, #5618, #6589 ) ) ;
#1603 = AXIS2_PLACEMENT_3D ( 'NONE', #9504, #5295, #8766 ) ;
#1604 = AXIS2_PLACEMENT_3D ( 'NONE', #10498, #1889, #5506 ) ;
#1605 = DIRECTION ( 'NONE',  ( 0.000000000000000000, 0.000000000000000000, -1.000000000000000000 ) ) ;
#1606 = DIRECTION ( 'NONE',  ( 0.8481145238789871144, 0.000000000000000000, -0.5298129428255965445 ) ) ;
#1607 = LINE ( 'NONE', #1661, #10668 ) ;
#1608 = LINE ( 'NONE', #4201, #5166 ) ;
#1609 = EDGE_LOOP ( 'NONE', ( #10729, #6011, #4291, #5243 ) ) ;
#1610 = VECTOR ( 'NONE', #9559, 1000.000000000000000 ) ;
#1611 = AXIS2_PLACEMENT_3D ( 'NONE', #9492, #1613, #1721 ) ;
#1612 = VERTEX_POINT ( 'NONE', #2832 ) ;
#1613 = DIRECTION ( 'NONE',  ( 0.000000000000000000, -0.000000000000000000, 1.000000000000000000 ) ) ;
#1614 = ORIENTED_EDGE ( 'NONE', *, *, #11054, .F. ) ;
#1615 = VECTOR ( 'NONE', #2, 1000.000000000000114 ) ;
#1616 = LINE ( 'NONE', #3313, #67 ) ;
#1617 = FACE_OUTER_BOUND ( 'NONE', #6473, .T. ) ;
#1618 = CIRCLE ( 'NONE', #7954, 1.000000000000000888 ) ;
#1619 = DIRECTION ( 'NONE',  ( -0.000000000000000000, 1.000000000000000000, -0.000000000000000000 ) ) ;
#1620 = LINE ( 'NONE', #9329, #7649 ) ;
#1621 = ORIENTED_EDGE ( 'NONE', *, *, #9731, .F. ) ;
#1622 = DIRECTION ( 'NONE',  ( 1.000000000000000000, 0.000000000000000000, 1.335278419062900361E-16 ) ) ;
#1623 = AXIS2_PLACEMENT_3D ( 'NONE', #1587, #6724, #721 ) ;
#1624 = VERTEX_POINT ( 'NONE', #7366 ) ;
#1625 = VECTOR ( 'NONE', #563, 1000.000000000000000 ) ;
#1626 = VERTEX_POINT ( 'NONE', #1237 ) ;
#1627 = ORIENTED_EDGE ( 'NONE', *, *, #9374, .F. ) ;
#1628 = FACE_OUTER_BOUND ( 'NONE', #9001, .T. ) ;
#1629 = EDGE_CURVE ( 'NONE', #8881, #3159, #5371, .T. ) ;
#1630 = PLANE ( 'NONE',  #8851 ) ;
#1631 = AXIS2_PLACEMENT_3D ( 'NONE', #10735, #6359, #7334 ) ;
#1632 = LINE ( 'NONE', #774, #4903 ) ;
#1633 = CARTESIAN_POINT ( 'NONE',  ( -29.00042949692799965, 96.12583987928823603, -1.016490271664987288 ) ) ;
#1634 = PLANE ( 'NONE',  #3679 ) ;
#1635 = CIRCLE ( 'NONE', #2899, 4.999999999999997335 ) ;
#1636 = LINE ( 'NONE', #3165, #4372 ) ;
#1637 = DIRECTION ( 'NONE',  ( 0.000000000000000000, 1.000000000000000000, 0.000000000000000000 ) ) ;
#1638 = CARTESIAN_POINT ( 'NONE',  ( -46.58189872104514251, 96.40000537621601495, 3.358535111626435921 ) ) ;
#1639 = ORIENTED_EDGE ( 'NONE', *, *, #5170, .F. ) ;
#1640 = VERTEX_POINT ( 'NONE', #4680 ) ;
#1641 = ORIENTED_EDGE ( 'NONE', *, *, #9142, .T. ) ;
#1642 = DIRECTION ( 'NONE',  ( -1.000000000000000000, 0.000000000000000000, -0.000000000000000000 ) ) ;
#1643 = EDGE_CURVE ( 'NONE', #4522, #5852, #6334, .T. ) ;
#1644 = PLANE ( 'NONE',  #1805 ) ;
#1645 = CARTESIAN_POINT ( 'NONE',  ( -46.58189872104514251, 72.64000000000000057, 3.358530552390479595 ) ) ;
#1646 = DIRECTION ( 'NONE',  ( 0.000000000000000000, 0.000000000000000000, -1.000000000000000000 ) ) ;
#1647 = VECTOR ( 'NONE', #2587, 1000.000000000000000 ) ;
#1648 = DIRECTION ( 'NONE',  ( 1.000000000000000000, -0.000000000000000000, 1.335278419062900115E-16 ) ) ;
#1649 = CARTESIAN_POINT ( 'NONE',  ( 4.166235645120520026, 119.8370416567709356, -20.03649027154900253 ) ) ;
#1650 = EDGE_LOOP ( 'NONE', ( #10274, #8837 ) ) ;
#1651 = EDGE_CURVE ( 'NONE', #2506, #1545, #8166, .T. ) ;
#1652 = EDGE_CURVE ( 'NONE', #2416, #9651, #10590, .T. ) ;
#1653 = VERTEX_POINT ( 'NONE', #6273 ) ;
#1654 = ORIENTED_EDGE ( 'NONE', *, *, #10245, .F. ) ;
#1655 = CARTESIAN_POINT ( 'NONE',  ( -79.37499999999997158, 5.099999999999999645, 21.38115427306261296 ) ) ;
#1656 = ORIENTED_EDGE ( 'NONE', *, *, #7561, .T. ) ;
#1657 = LINE ( 'NONE', #8579, #3231 ) ;
#1658 = EDGE_CURVE ( 'NONE', #10263, #10405, #10044, .T. ) ;
#1659 = EDGE_CURVE ( 'NONE', #10780, #6159, #3217, .T. ) ;
#1660 = DIRECTION ( 'NONE',  ( 0.5298129428255966555, -0.000000000000000000, 0.8481145238789872254 ) ) ;
#1661 = CARTESIAN_POINT ( 'NONE',  ( -51.69999999999998153, 109.8258398792882247, 46.90000000000009095 ) ) ;
#1662 = DIRECTION ( 'NONE',  ( 0.000000000000000000, 1.000000000000000000, 0.000000000000000000 ) ) ;
#1663 = VECTOR ( 'NONE', #7491, 999.9999999999998863 ) ;
#1664 = CIRCLE ( 'NONE', #4924, 25.00000000000000000 ) ;
#1665 = ORIENTED_EDGE ( 'NONE', *, *, #8422, .T. ) ;
#1666 = EDGE_LOOP ( 'NONE', ( #2685, #3680, #613, #4112 ) ) ;
#1667 = VERTEX_POINT ( 'NONE', #8397 ) ;
#1668 = VECTOR ( 'NONE', #700, 1000.000000000000000 ) ;
#1669 = CARTESIAN_POINT ( 'NONE',  ( -50.48689872104515075, 96.40000537621601495, 3.358535111626435476 ) ) ;
#1670 = CARTESIAN_POINT ( 'NONE',  ( -33.55000000000002558, 92.50000000000000000, 33.89999999999999147 ) ) ;
#1671 = CARTESIAN_POINT ( 'NONE',  ( -77.61249999996866222, 90.00000000000000000, 22.30467496797187010 ) ) ;
#1672 = PLANE ( 'NONE',  #194 ) ;
#1673 = VERTEX_POINT ( 'NONE', #9291 ) ;
#1674 = CARTESIAN_POINT ( 'NONE',  ( -0.0004294969318460739593, 124.8258398792882247, 8.433509728450992782 ) ) ;
#1675 = VERTEX_POINT ( 'NONE', #4860 ) ;
#1676 = DIRECTION ( 'NONE',  ( -1.000000000000000000, 0.000000000000000000, 1.335278419062900361E-16 ) ) ;
#1677 = ORIENTED_EDGE ( 'NONE', *, *, #9902, .T. ) ;
#1678 = EDGE_LOOP ( 'NONE', ( #7703, #611, #8720, #3811 ) ) ;
#1679 = VERTEX_POINT ( 'NONE', #4922 ) ;
#1680 = ADVANCED_FACE ( 'NONE', ( #6718 ), #6553, .F. ) ;
#1681 = VECTOR ( 'NONE', #8659, 1000.000000000000000 ) ;
#1682 = CARTESIAN_POINT ( 'NONE',  ( 31.40689872104514180, 97.50000000000000000, -29.66122071973760299 ) ) ;
#1683 = DIRECTION ( 'NONE',  ( 0.000000000000000000, 1.000000000000000000, 0.000000000000000000 ) ) ;
#1684 = CYLINDRICAL_SURFACE ( 'NONE', #7442, 1.150000000000001688 ) ;
#1685 = CARTESIAN_POINT ( 'NONE',  ( -77.54999999999999716, 104.8258398792882105, 0.000000000000000000 ) ) ;
#1686 = CARTESIAN_POINT ( 'NONE',  ( -79.37499999999997158, 10.00000000000000000, -3.738845726937389813 ) ) ;
#1687 = FACE_OUTER_BOUND ( 'NONE', #6183, .T. ) ;
#1688 = CARTESIAN_POINT ( 'NONE',  ( 82.55000000000001137, 104.8258398792882105, 36.89999999999998437 ) ) ;
#1689 = VERTEX_POINT ( 'NONE', #9123 ) ;
#1690 = ORIENTED_EDGE ( 'NONE', *, *, #2838, .F. ) ;
#1691 = VECTOR ( 'NONE', #2550, 1000.000000000000000 ) ;
#1692 = ADVANCED_FACE ( 'NONE', ( #8338 ), #7477, .T. ) ;
#1693 = VECTOR ( 'NONE', #461, 1000.000000000000000 ) ;
#1694 = ORIENTED_EDGE ( 'NONE', *, *, #6774, .F. ) ;
#1695 = DIRECTION ( 'NONE',  ( 0.000000000000000000, 1.000000000000000000, 0.000000000000000000 ) ) ;
#1696 = DIRECTION ( 'NONE',  ( 0.000000000000000000, -1.000000000000000000, 0.000000000000000000 ) ) ;
#1697 = CARTESIAN_POINT ( 'NONE',  ( 76.81501998216512561, 5.099999999999999645, -0.2788457270140529132 ) ) ;
#1698 = CIRCLE ( 'NONE', #8053, 1.149999999999998135 ) ;
#1699 = CARTESIAN_POINT ( 'NONE',  ( -43.40689872104513825, 95.63999999999417412, -2.374168628343573229 ) ) ;
#1700 = DIRECTION ( 'NONE',  ( 1.527355698137925406E-16, 0.000000000000000000, 1.000000000000000000 ) ) ;
#1701 = ORIENTED_EDGE ( 'NONE', *, *, #6142, .T. ) ;
#1702 = CARTESIAN_POINT ( 'NONE',  ( -32.55000000000002558, 92.50000000000000000, 22.30467496797187010 ) ) ;
#1703 = VERTEX_POINT ( 'NONE', #10191 ) ;
#1704 = ORIENTED_EDGE ( 'NONE', *, *, #4268, .F. ) ;
#1705 = EDGE_CURVE ( 'NONE', #9362, #9513, #81, .T. ) ;
#1706 = FACE_OUTER_BOUND ( 'NONE', #9305, .T. ) ;
#1707 = VECTOR ( 'NONE', #10906, 1000.000000000000000 ) ;
#1708 = VECTOR ( 'NONE', #8163, 1000.000000000000000 ) ;
#1709 = EDGE_CURVE ( 'NONE', #6557, #11090, #10075, .T. ) ;
#1710 = LINE ( 'NONE', #9600, #4315 ) ;
#1711 = DIRECTION ( 'NONE',  ( 9.344347940402802430E-13, 1.000000000000000000, -1.092650601076099465E-16 ) ) ;
#1712 = CARTESIAN_POINT ( 'NONE',  ( 31.40689872104514180, 97.50000000000000000, -29.66122071973760299 ) ) ;
#1713 = DIRECTION ( 'NONE',  ( -1.000000000000000000, -0.000000000000000000, -0.000000000000000000 ) ) ;
#1714 = DIRECTION ( 'NONE',  ( 0.000000000000000000, 0.000000000000000000, -1.000000000000000000 ) ) ;
#1715 = ORIENTED_EDGE ( 'NONE', *, *, #11155, .T. ) ;
#1716 = AXIS2_PLACEMENT_3D ( 'NONE', #961, #7871, #6956 ) ;
#1717 = ORIENTED_EDGE ( 'NONE', *, *, #6226, .T. ) ;
#1718 = VERTEX_POINT ( 'NONE', #6659 ) ;
#1719 = ORIENTED_EDGE ( 'NONE', *, *, #8080, .F. ) ;
#1720 = EDGE_CURVE ( 'NONE', #838, #7398, #4976, .T. ) ;
#1721 = DIRECTION ( 'NONE',  ( 1.000000000000000000, 0.000000000000000000, 0.000000000000000000 ) ) ;
#1722 = VECTOR ( 'NONE', #11182, 1000.000000000000000 ) ;
#1723 = ORIENTED_EDGE ( 'NONE', *, *, #7617, .T. ) ;
#1724 = EDGE_CURVE ( 'NONE', #1373, #7985, #10134, .T. ) ;
#1725 = CARTESIAN_POINT ( 'NONE',  ( -46.58189872104513540, 72.64485098712441413, -26.29038821272766668 ) ) ;
#1726 = CARTESIAN_POINT ( 'NONE',  ( -77.61250000000002558, 8.274999999999998579, 24.62763407003640381 ) ) ;
#1727 = DIRECTION ( 'NONE',  ( 0.000000000000000000, -0.5283341024775853878, 0.8490365576105686207 ) ) ;
#1728 = VERTEX_POINT ( 'NONE', #10826 ) ;
#1729 = DIRECTION ( 'NONE',  ( -0.000000000000000000, -0.000000000000000000, 1.000000000000000000 ) ) ;
#1730 = ORIENTED_EDGE ( 'NONE', *, *, #9952, .T. ) ;
#1731 = FACE_OUTER_BOUND ( 'NONE', #7792, .T. ) ;
#1732 = VECTOR ( 'NONE', #6676, 1000.000000000000000 ) ;
#1733 = EDGE_CURVE ( 'NONE', #10594, #8035, #6417, .T. ) ;
#1734 = EDGE_CURVE ( 'NONE', #9299, #8899, #2205, .T. ) ;
#1735 = ORIENTED_EDGE ( 'NONE', *, *, #10877, .T. ) ;
#1736 = ORIENTED_EDGE ( 'NONE', *, *, #8709, .F. ) ;
#1737 = EDGE_LOOP ( 'NONE', ( #3316, #2935, #3299, #232 ) ) ;
#1738 = DIRECTION ( 'NONE',  ( 0.000000000000000000, 0.000000000000000000, 1.000000000000000000 ) ) ;
#1739 = VECTOR ( 'NONE', #3580, 1000.000000000000000 ) ;
#1740 = FACE_BOUND ( 'NONE', #1006, .T. ) ;
#1741 = CARTESIAN_POINT ( 'NONE',  ( -53.40689872104514535, 95.63999999999417412, -7.959769997217391868 ) ) ;
#1742 = CARTESIAN_POINT ( 'NONE',  ( 77.54999999999999716, 109.8258398792882247, -22.92957932766295670 ) ) ;
#1743 = DIRECTION ( 'NONE',  ( 0.000000000000000000, 0.000000000000000000, -1.000000000000000000 ) ) ;
#1744 = EDGE_LOOP ( 'NONE', ( #465, #1677 ) ) ;
#1745 = CARTESIAN_POINT ( 'NONE',  ( 173.3018692371333032, 90.00000000000000000, -37.08269145387477295 ) ) ;
#1746 = CARTESIAN_POINT ( 'NONE',  ( 79.61249999999999716, -3.186125824014206308E-16, 22.62763407003640026 ) ) ;
#1747 = DIRECTION ( 'NONE',  ( 1.228232725407420948E-32, 0.000000000000000000, 1.000000000000000000 ) ) ;
#1748 = ORIENTED_EDGE ( 'NONE', *, *, #4384, .F. ) ;
#1749 = AXIS2_PLACEMENT_3D ( 'NONE', #6096, #1637, #4289 ) ;
#1750 = ORIENTED_EDGE ( 'NONE', *, *, #3459, .T. ) ;
#1751 = LINE ( 'NONE', #5204, #901 ) ;
#1752 = CARTESIAN_POINT ( 'NONE',  ( -76.81501998216512561, 5.099999999999999645, -0.2788457270140529132 ) ) ;
#1753 = DIRECTION ( 'NONE',  ( 1.000000000000000000, -0.000000000000000000, 0.000000000000000000 ) ) ;
#1754 = ADVANCED_FACE ( 'NONE', ( #10990 ), #4121, .T. ) ;
#1755 = PLANE ( 'NONE',  #2565 ) ;
#1756 = CARTESIAN_POINT ( 'NONE',  ( 82.54999999999999716, 72.64000000000000057, -26.48622071973760583 ) ) ;
#1757 = ORIENTED_EDGE ( 'NONE', *, *, #2073, .F. ) ;
#1758 = VERTEX_POINT ( 'NONE', #1527 ) ;
#1759 = EDGE_LOOP ( 'NONE', ( #955, #7551, #6373, #5755 ) ) ;
#1760 = CARTESIAN_POINT ( 'NONE',  ( -54.81499993151516748, 8.274999999999998579, 15.82115373010225312 ) ) ;
#1761 = CARTESIAN_POINT ( 'NONE',  ( 6.616786963295058221, 99.82583987928821045, 18.79370979928978969 ) ) ;
#1762 = PLANE ( 'NONE',  #8957 ) ;
#1763 =( NAMED_UNIT ( * ) SI_UNIT ( $, .STERADIAN. ) SOLID_ANGLE_UNIT ( ) );
#1764 = EDGE_CURVE ( 'NONE', #10363, #6089, #4975, .T. ) ;
#1765 = LINE ( 'NONE', #7947, #11226 ) ;
#1766 = FACE_OUTER_BOUND ( 'NONE', #4057, .T. ) ;
#1767 = ORIENTED_EDGE ( 'NONE', *, *, #1643, .F. ) ;
#1768 = EDGE_LOOP ( 'NONE', ( #5377, #4803, #1951, #9185 ) ) ;
#1769 = ORIENTED_EDGE ( 'NONE', *, *, #6205, .F. ) ;
#1770 = LINE ( 'NONE', #10333, #872 ) ;
#1771 = ORIENTED_EDGE ( 'NONE', *, *, #6689, .F. ) ;
#1772 = DIRECTION ( 'NONE',  ( 0.000000000000000000, -0.000000000000000000, -1.000000000000000000 ) ) ;
#1773 = FACE_OUTER_BOUND ( 'NONE', #9490, .T. ) ;
#1774 = EDGE_CURVE ( 'NONE', #4085, #7482, #661, .T. ) ;
#1775 = DIRECTION ( 'NONE',  ( 0.000000000000000000, -1.000000000000000000, -3.354869254291017926E-16 ) ) ;
#1776 = AXIS2_PLACEMENT_3D ( 'NONE', #8545, #653, #1622 ) ;
#1777 = AXIS2_PLACEMENT_3D ( 'NONE', #2448, #11070, #1605 ) ;
#1778 = DIRECTION ( 'NONE',  ( 0.000000000000000000, -1.000000000000000000, 0.000000000000000000 ) ) ;
#1779 = CARTESIAN_POINT ( 'NONE',  ( -43.40689872104514535, 95.28999999999417980, 1.670014071680389511 ) ) ;
#1780 = ORIENTED_EDGE ( 'NONE', *, *, #6476, .T. ) ;
#1781 = CARTESIAN_POINT ( 'NONE',  ( 79.61249999999999716, 21.27499999999999503, -3.564823903641045622 ) ) ;
#1782 = EDGE_CURVE ( 'NONE', #4786, #9840, #7583, .T. ) ;
#1783 = EDGE_CURVE ( 'NONE', #2954, #8945, #8503, .T. ) ;
#1784 = ORIENTED_EDGE ( 'NONE', *, *, #5109, .T. ) ;
#1785 = CIRCLE ( 'NONE', #5766, 1.149999999999999023 ) ;
#1786 = VECTOR ( 'NONE', #9366, 1000.000000000000000 ) ;
#1787 = EDGE_LOOP ( 'NONE', ( #252, #2641, #7507, #9810 ) ) ;
#1788 = CIRCLE ( 'NONE', #5590, 5.000000000000004441 ) ;
#1789 = DIRECTION ( 'NONE',  ( 0.000000000000000000, 1.000000000000000000, 7.965314560035515770E-17 ) ) ;
#1790 = CARTESIAN_POINT ( 'NONE',  ( 4.246849981254618100, 124.4792710398177746, -20.03649027154900253 ) ) ;
#1791 = PLANE ( 'NONE',  #5408 ) ;
#1792 = EDGE_CURVE ( 'NONE', #7495, #5012, #1354, .T. ) ;
#1793 = EDGE_CURVE ( 'NONE', #5299, #1402, #484, .T. ) ;
#1794 = DIRECTION ( 'NONE',  ( -0.5735764363510573727, -0.8191520442889839160, 0.000000000000000000 ) ) ;
#1795 = DIRECTION ( 'NONE',  ( 1.000000000000000000, 0.000000000000000000, -8.405686134351577711E-17 ) ) ;
#1796 = ADVANCED_FACE ( 'NONE', ( #775 ), #7746, .T. ) ;
#1797 = ORIENTED_EDGE ( 'NONE', *, *, #4549, .T. ) ;
#1798 = PLANE ( 'NONE',  #6542 ) ;
#1799 = DIRECTION ( 'NONE',  ( -0.000000000000000000, -1.000000000000000000, -0.000000000000000000 ) ) ;
#1800 = VECTOR ( 'NONE', #4339, 1000.000000000000000 ) ;
#1801 = CARTESIAN_POINT ( 'NONE',  ( 32.54999999999999716, 92.00000000000000000, 10.19715292348722890 ) ) ;
#1802 = AXIS2_PLACEMENT_3D ( 'NONE', #2169, #10666, #10727 ) ;
#1803 = ORIENTED_EDGE ( 'NONE', *, *, #3118, .T. ) ;
#1804 = AXIS2_PLACEMENT_3D ( 'NONE', #1830, #11190, #7678 ) ;
#1805 = AXIS2_PLACEMENT_3D ( 'NONE', #5776, #10894, #8408 ) ;
#1806 = AXIS2_PLACEMENT_3D ( 'NONE', #4944, #8426, #635 ) ;
#1807 = CARTESIAN_POINT ( 'NONE',  ( -5.000429496931850792, 110.8258398792882247, 4.963509728450992142 ) ) ;
#1808 = DIRECTION ( 'NONE',  ( -6.544275553939909236E-12, 0.000000000000000000, -1.000000000000000000 ) ) ;
#1809 = LINE ( 'NONE', #5372, #783 ) ;
#1810 = DIRECTION ( 'NONE',  ( -1.521157000053560499E-16, 0.000000000000000000, -1.000000000000000000 ) ) ;
#1811 = FACE_OUTER_BOUND ( 'NONE', #5298, .T. ) ;
#1812 = FACE_OUTER_BOUND ( 'NONE', #3325, .T. ) ;
#1813 = ORIENTED_EDGE ( 'NONE', *, *, #6275, .F. ) ;
#1814 = ORIENTED_EDGE ( 'NONE', *, *, #3378, .F. ) ;
#1815 = CARTESIAN_POINT ( 'NONE',  ( -50.48689872104515075, 74.78999999999417980, -25.07998592831960849 ) ) ;
#1816 = ORIENTED_EDGE ( 'NONE', *, *, #5880, .T. ) ;
#1817 = DIRECTION ( 'NONE',  ( 0.000000000000000000, 0.000000000000000000, -1.000000000000000000 ) ) ;
#1818 = CARTESIAN_POINT ( 'NONE',  ( -82.55000000000002558, 97.50000000000000000, 19.12967496797186939 ) ) ;
#1819 = LINE ( 'NONE', #6007, #1892 ) ;
#1820 = DIRECTION ( 'NONE',  ( 0.8191520442889834719, 0.000000000000000000, -0.5735764363510578168 ) ) ;
#1821 = DIRECTION ( 'NONE',  ( -1.000000000000000000, -0.000000000000000000, -0.000000000000000000 ) ) ;
#1822 = PLANE ( 'NONE',  #4805 ) ;
#1823 = ORIENTED_EDGE ( 'NONE', *, *, #2487, .T. ) ;
#1824 = ORIENTED_EDGE ( 'NONE', *, *, #3875, .F. ) ;
#1825 = EDGE_CURVE ( 'NONE', #2580, #5463, #948, .T. ) ;
#1826 = B_SPLINE_CURVE_WITH_KNOTS ( 'NONE', 3,
 ( #5057, #10097, #3245, #3190 ),
 .UNSPECIFIED., .F., .F.,
 ( 4, 4 ),
 ( 0.000000000000000000, 0.001268195126138692112 ),
 .UNSPECIFIED. ) ;
#1827 = VECTOR ( 'NONE', #3807, 1000.000000000000000 ) ;
#1828 = PLANE ( 'NONE',  #5495 ) ;
#1829 = VECTOR ( 'NONE', #6788, 1000.000000000000000 ) ;
#1830 = CARTESIAN_POINT ( 'NONE',  ( -8.300429496927989703, 96.12583987928823603, -1.816490271607134721 ) ) ;
#1831 = FACE_OUTER_BOUND ( 'NONE', #5130, .T. ) ;
#1832 = VECTOR ( 'NONE', #2080, 1000.000000000000000 ) ;
#1833 = DIRECTION ( 'NONE',  ( 1.075621078440235046E-16, -0.7071063548969745982, 0.7071072074758634196 ) ) ;
#1834 = ORIENTED_EDGE ( 'NONE', *, *, #1012, .F. ) ;
#1835 = DIRECTION ( 'NONE',  ( 0.000000000000000000, 1.000000000000000000, -0.000000000000000000 ) ) ;
#1836 = ORIENTED_EDGE ( 'NONE', *, *, #8258, .F. ) ;
#1837 = LINE ( 'NONE', #2639, #147 ) ;
#1838 = ORIENTED_EDGE ( 'NONE', *, *, #1652, .T. ) ;
#1839 = AXIS2_PLACEMENT_3D ( 'NONE', #7241, #6263, #1965 ) ;
#1840 = ADVANCED_FACE ( 'NONE', ( #6775 ), #2631, .F. ) ;
#1841 = CIRCLE ( 'NONE', #10903, 2.499806426129909553 ) ;
#1842 = EDGE_CURVE ( 'NONE', #9214, #4559, #6824, .T. ) ;
#1843 = ORIENTED_EDGE ( 'NONE', *, *, #2351, .F. ) ;
#1844 = EDGE_CURVE ( 'NONE', #7493, #5013, #2647, .T. ) ;
#1845 = EDGE_CURVE ( 'NONE', #667, #10599, #6093, .T. ) ;
#1846 = CARTESIAN_POINT ( 'NONE',  ( 82.54999999999999716, 99.82583987928822467, 0.000000000000000000 ) ) ;
#1847 = PLANE ( 'NONE',  #548 ) ;
#1848 = CIRCLE ( 'NONE', #9078, 1.150000000000001688 ) ;
#1849 = VERTEX_POINT ( 'NONE', #9569 ) ;
#1850 = LINE ( 'NONE', #4452, #7465 ) ;
#1851 = AXIS2_PLACEMENT_3D ( 'NONE', #7903, #8760, #7099 ) ;
#1852 = DIRECTION ( 'NONE',  ( 0.000000000000000000, 1.000000000000000000, -1.365923996832131116E-16 ) ) ;
#1853 = DIRECTION ( 'NONE',  ( 1.000000000000000000, -0.000000000000000000, 1.335278419062900361E-16 ) ) ;
#1854 = ORIENTED_EDGE ( 'NONE', *, *, #5526, .F. ) ;
#1855 = ORIENTED_EDGE ( 'NONE', *, *, #7535, .F. ) ;
#1856 = EDGE_CURVE ( 'NONE', #10472, #4927, #3332, .T. ) ;
#1857 = ADVANCED_FACE ( 'NONE', ( #8930 ), #9453, .T. ) ;
#1858 = EDGE_CURVE ( 'NONE', #7226, #6310, #7641, .T. ) ;
#1859 = FACE_OUTER_BOUND ( 'NONE', #9286, .T. ) ;
#1860 = CARTESIAN_POINT ( 'NONE',  ( -76.81501998216515403, 8.274999999999998579, 19.07115427298596089 ) ) ;
#1861 = EDGE_CURVE ( 'NONE', #10434, #450, #3552, .T. ) ;
#1862 = CARTESIAN_POINT ( 'NONE',  ( 50.48689872104515075, 74.78999999999417980, -22.77998592831961133 ) ) ;
#1863 = LINE ( 'NONE', #5265, #8786 ) ;
#1864 = DIRECTION ( 'NONE',  ( -1.000000000000000000, 0.000000000000000000, 0.000000000000000000 ) ) ;
#1865 = CARTESIAN_POINT ( 'NONE',  ( -73.96808532237744771, 8.274999999999998579, 17.06344096893413820 ) ) ;
#1866 = CARTESIAN_POINT ( 'NONE',  ( -79.61249999999999716, 8.274999999999998579, -3.564823903641046510 ) ) ;
#1867 = ORIENTED_EDGE ( 'NONE', *, *, #3994, .F. ) ;
#1868 = CARTESIAN_POINT ( 'NONE',  ( -6.268209422258877339, 119.8258398792882105, 36.86783398817240709 ) ) ;
#1869 = AXIS2_PLACEMENT_3D ( 'NONE', #2778, #7616, #9525 ) ;
#1870 = ORIENTED_EDGE ( 'NONE', *, *, #5661, .F. ) ;
#1871 = ORIENTED_EDGE ( 'NONE', *, *, #6413, .F. ) ;
#1872 = DIRECTION ( 'NONE',  ( 0.000000000000000000, 0.000000000000000000, -1.000000000000000000 ) ) ;
#1873 = ORIENTED_EDGE ( 'NONE', *, *, #6618, .F. ) ;
#1874 = VECTOR ( 'NONE', #7830, 1000.000000000000000 ) ;
#1875 = CARTESIAN_POINT ( 'NONE',  ( 72.76808532237741645, 5.099999999999999645, 18.26344096711973819 ) ) ;
#1876 = CARTESIAN_POINT ( 'NONE',  ( 0.000000000000000000, -27.00000000000000355, 19.39999999999997371 ) ) ;
#1877 = FACE_OUTER_BOUND ( 'NONE', #2912, .T. ) ;
#1878 = CARTESIAN_POINT ( 'NONE',  ( 50.48689872104514365, 95.20641123616282187, -26.28622525258461451 ) ) ;
#1879 = CARTESIAN_POINT ( 'NONE',  ( -8.300429496984964572, 96.12583987928823603, 17.53350972839287181 ) ) ;
#1880 = CARTESIAN_POINT ( 'NONE',  ( 37.40689872104517377, 103.4999999999999858, 22.30467496797187010 ) ) ;
#1881 = CARTESIAN_POINT ( 'NONE',  ( -81.51446609406725941, -27.00000000000000355, -10.25769145387463332 ) ) ;
#1882 = ORIENTED_EDGE ( 'NONE', *, *, #5324, .F. ) ;
#1883 = CYLINDRICAL_SURFACE ( 'NONE', #7028, 10.94291382678908064 ) ;
#1884 = ORIENTED_EDGE ( 'NONE', *, *, #7473, .F. ) ;
#1885 = CIRCLE ( 'NONE', #1533, 1.149999999999998135 ) ;
#1886 = ORIENTED_EDGE ( 'NONE', *, *, #7168, .T. ) ;
#1887 = EDGE_CURVE ( 'NONE', #5091, #8921, #2701, .T. ) ;
#1888 = DIRECTION ( 'NONE',  ( 0.000000000000000000, 1.000000000000000000, -0.000000000000000000 ) ) ;
#1889 = DIRECTION ( 'NONE',  ( -6.982552095378596374E-32, 1.000000000000000000, 5.229285515060565227E-16 ) ) ;
#1890 = CARTESIAN_POINT ( 'NONE',  ( 67.12499999999998579, 104.8258398792882247, 40.40000000000004832 ) ) ;
#1891 = CARTESIAN_POINT ( 'NONE',  ( -0.1327752523027176945, 96.12583987928823603, 8.433509402387802112 ) ) ;
#1892 = VECTOR ( 'NONE', #11179, 1000.000000000000000 ) ;
#1893 = LINE ( 'NONE', #10560, #2037 ) ;
#1894 = DIRECTION ( 'NONE',  ( -1.000000000000000000, 0.000000000000000000, 1.091641407263116552E-13 ) ) ;
#1895 = VERTEX_POINT ( 'NONE', #8719 ) ;
#1896 = ADVANCED_FACE ( 'NONE', ( #7858 ), #3437, .F. ) ;
#1897 = PLANE ( 'NONE',  #376 ) ;
#1898 = FACE_OUTER_BOUND ( 'NONE', #3256, .T. ) ;
#1899 = ORIENTED_EDGE ( 'NONE', *, *, #300, .T. ) ;
#1900 = ORIENTED_EDGE ( 'NONE', *, *, #820, .F. ) ;
#1901 = TOROIDAL_SURFACE ( 'NONE', #8249, 26.00000000000000355, 1.000000000000000000 ) ;
#1902 = ORIENTED_EDGE ( 'NONE', *, *, #331, .F. ) ;
#1903 = FACE_OUTER_BOUND ( 'NONE', #10578, .T. ) ;
#1904 = CARTESIAN_POINT ( 'NONE',  ( -5.461913016040050195, 96.12583987928823603, 21.29350972844586920 ) ) ;
#1905 = DIRECTION ( 'NONE',  ( 0.000000000000000000, -1.000000000000000000, -7.709882115452476934E-17 ) ) ;
#1906 = VERTEX_POINT ( 'NONE', #11102 ) ;
#1907 = VECTOR ( 'NONE', #7696, 1000.000000000000000 ) ;
#1908 = EDGE_CURVE ( 'NONE', #3941, #2356, #87, .T. ) ;
#1909 = DIRECTION ( 'NONE',  ( -1.190923780745271205E-16, -0.4522489799946727840, 0.8918917311500192957 ) ) ;
#1910 = DIRECTION ( 'NONE',  ( 0.000000000000000000, 1.000000000000000000, 7.709882115452476934E-17 ) ) ;
#1911 = LINE ( 'NONE', #5945, #3945 ) ;
#1912 = FACE_OUTER_BOUND ( 'NONE', #9575, .T. ) ;
#1913 = EDGE_LOOP ( 'NONE', ( #3943, #8331, #5245, #7727, #2127, #9371, #6681, #5391, #4020, #10196, #7534, #1117 ) ) ;
#1914 = ORIENTED_EDGE ( 'NONE', *, *, #11208, .T. ) ;
#1915 = EDGE_CURVE ( 'NONE', #8911, #5422, #6996, .T. ) ;
#1916 = ORIENTED_EDGE ( 'NONE', *, *, #2808, .T. ) ;
#1917 = AXIS2_PLACEMENT_3D ( 'NONE', #8427, #2673, #8639 ) ;
#1918 = CARTESIAN_POINT ( 'NONE',  ( 6.616791707254730426, 79.82583987928821045, -1.926688377379035311 ) ) ;
#1919 = CARTESIAN_POINT ( 'NONE',  ( 4.999570503068142102, 119.8301161607049750, 31.89999999999999147 ) ) ;
#1920 = CARTESIAN_POINT ( 'NONE',  ( -5.461913016203100213, 96.12583987928823603, 17.99110605185478562 ) ) ;
#1921 = DIRECTION ( 'NONE',  ( 0.000000000000000000, -0.8191520442889942411, 0.5735764363510426067 ) ) ;
#1922 = EDGE_CURVE ( 'NONE', #4608, #10685, #2451, .T. ) ;
#1923 = EDGE_CURVE ( 'NONE', #1612, #8656, #5459, .T. ) ;
#1924 = CARTESIAN_POINT ( 'NONE',  ( -77.61249999996866222, 82.35514882866895903, -37.08269145387477295 ) ) ;
#1925 = LINE ( 'NONE', #8680, #2644 ) ;
#1926 = EDGE_CURVE ( 'NONE', #4868, #2571, #1154, .T. ) ;
#1927 = AXIS2_PLACEMENT_3D ( 'NONE', #3166, #486, #4978 ) ;
#1928 = VERTEX_POINT ( 'NONE', #6580 ) ;
#1929 = VERTEX_POINT ( 'NONE', #9885 ) ;
#1930 = EDGE_CURVE ( 'NONE', #1188, #6768, #10676, .T. ) ;
#1931 = ADVANCED_FACE ( 'NONE', ( #9940 ), #2917, .F. ) ;
#1932 = ORIENTED_EDGE ( 'NONE', *, *, #1014, .T. ) ;
#1933 = CYLINDRICAL_SURFACE ( 'NONE', #9671, 1.000000000000000888 ) ;
#1934 = CIRCLE ( 'NONE', #7543, 2.499806426103014179 ) ;
#1935 = PLANE ( 'NONE',  #6490 ) ;
#1936 = CARTESIAN_POINT ( 'NONE',  ( -69.20000000000000284, 6.349999999999999645, -6.985329661611390684 ) ) ;
#1937 = CARTESIAN_POINT ( 'NONE',  ( -50.48689872104515075, 75.48946397805705999, -8.504985928319609201 ) ) ;
#1938 = DIRECTION ( 'NONE',  ( -1.000000000000000000, -0.000000000000000000, 1.335278419062900361E-16 ) ) ;
#1939 = CARTESIAN_POINT ( 'NONE',  ( -74.43749999996865085, 82.35514882866895903, -40.25769145387477010 ) ) ;
#1940 = EDGE_CURVE ( 'NONE', #7831, #480, #2819, .T. ) ;
#1941 = EDGE_CURVE ( 'NONE', #1306, #4606, #9097, .T. ) ;
#1942 = ORIENTED_EDGE ( 'NONE', *, *, #361, .F. ) ;
#1943 = CARTESIAN_POINT ( 'NONE',  ( 77.61250000000001137, 90.00000000000000000, -29.66122071973759944 ) ) ;
#1944 = ORIENTED_EDGE ( 'NONE', *, *, #3848, .F. ) ;
#1945 = ORIENTED_EDGE ( 'NONE', *, *, #3782, .F. ) ;
#1946 = DIRECTION ( 'NONE',  ( 1.000000000000000000, 0.000000000000000000, 0.000000000000000000 ) ) ;
#1947 = CARTESIAN_POINT ( 'NONE',  ( -50.48689872104515075, 94.56476577691782381, -21.83805926787198715 ) ) ;
#1948 = DIRECTION ( 'NONE',  ( -0.000000000000000000, -1.000000000000000000, -0.000000000000000000 ) ) ;
#1949 = DIRECTION ( 'NONE',  ( 0.000000000000000000, 1.000000000000000000, 0.000000000000000000 ) ) ;
#1950 = CARTESIAN_POINT ( 'NONE',  ( 77.61250000000001137, 69.46500000000000341, 22.30467496797186655 ) ) ;
#1951 = ORIENTED_EDGE ( 'NONE', *, *, #11015, .F. ) ;
#1952 = CARTESIAN_POINT ( 'NONE',  ( 11.25500000000000433, -27.00000000000000355, 19.39999999999997371 ) ) ;
#1953 = ORIENTED_EDGE ( 'NONE', *, *, #4055, .T. ) ;
#1954 = LINE ( 'NONE', #4605, #4324 ) ;
#1955 = ORIENTED_EDGE ( 'NONE', *, *, #1303, .T. ) ;
#1956 = ORIENTED_EDGE ( 'NONE', *, *, #10636, .T. ) ;
#1957 = EDGE_LOOP ( 'NONE', ( #4818, #10758, #7740, #6876, #5870, #9959, #4532, #9547 ) ) ;
#1958 = CIRCLE ( 'NONE', #1419, 5.700207538209725477 ) ;
#1959 = DIRECTION ( 'NONE',  ( 1.000000000000000000, 0.000000000000000000, -0.000000000000000000 ) ) ;
#1960 = VECTOR ( 'NONE', #3885, 1000.000000000000000 ) ;
#1961 = CARTESIAN_POINT ( 'NONE',  ( 9.877394556154502681, 90.00000000000000000, 19.06835594837479420 ) ) ;
#1962 = DIRECTION ( 'NONE',  ( 1.000000000000000000, -0.000000000000000000, 0.000000000000000000 ) ) ;
#1963 = LINE ( 'NONE', #8995, #3464 ) ;
#1964 = ORIENTED_EDGE ( 'NONE', *, *, #7270, .T. ) ;
#1965 = DIRECTION ( 'NONE',  ( 0.000000000000000000, 0.000000000000000000, -1.000000000000000000 ) ) ;
#1966 = CARTESIAN_POINT ( 'NONE',  ( 32.54999999999999716, 92.00000000000000000, 33.89999999999999147 ) ) ;
#1967 = CARTESIAN_POINT ( 'NONE',  ( -46.58189872104513540, 97.50000000000000000, -26.48622071973760228 ) ) ;
#1968 = AXIS2_PLACEMENT_3D ( 'NONE', #3947, #10879, #8395 ) ;
#1969 = VERTEX_POINT ( 'NONE', #3139 ) ;
#1970 = CIRCLE ( 'NONE', #2161, 1.000000000000000888 ) ;
#1971 = ORIENTED_EDGE ( 'NONE', *, *, #5525, .T. ) ;
#1972 = AXIS2_PLACEMENT_3D ( 'NONE', #3841, #8913, #7317 ) ;
#1973 = VERTEX_POINT ( 'NONE', #10738 ) ;
#1974 = EDGE_CURVE ( 'NONE', #4203, #2234, #3923, .T. ) ;
#1975 = PLANE ( 'NONE',  #2771 ) ;
#1976 = DIRECTION ( 'NONE',  ( 0.000000000000000000, 0.000000000000000000, 1.000000000000000000 ) ) ;
#1977 = VECTOR ( 'NONE', #1220, 1000.000000000000000 ) ;
#1978 = FACE_OUTER_BOUND ( 'NONE', #4162, .T. ) ;
#1979 = CIRCLE ( 'NONE', #9768, 4.999999999999999112 ) ;
#1980 = LINE ( 'NONE', #906, #5095 ) ;
#1981 = CARTESIAN_POINT ( 'NONE',  ( -53.05138322153545261, 8.274999999999998579, 15.82115058466707858 ) ) ;
#1982 = ORIENTED_EDGE ( 'NONE', *, *, #355, .F. ) ;
#1983 = VERTEX_POINT ( 'NONE', #2971 ) ;
#1984 = VECTOR ( 'NONE', #8454, 1000.000000000000000 ) ;
#1985 = ORIENTED_EDGE ( 'NONE', *, *, #9797, .F. ) ;
#1986 = B_SPLINE_CURVE_WITH_KNOTS ( 'NONE', 3,
 ( #10267, #4144, #2501, #9425, #2291, #5002, #8582, #2449, #5114, #8477 ),
 .UNSPECIFIED., .F., .F.,
 ( 4, 2, 2, 2, 4 ),
 ( 0.000000000000000000, 0.002500326895772228726, 0.005000653791544455717, 0.007500980687316683576, 0.01000130758308890970 ),
 .UNSPECIFIED. ) ;
#1987 = VECTOR ( 'NONE', #6180, 999.9999999999998863 ) ;
#1988 = EDGE_CURVE ( 'NONE', #9651, #8886, #349, .T. ) ;
#1989 = LINE ( 'NONE', #332, #6665 ) ;
#1990 = VERTEX_POINT ( 'NONE', #1209 ) ;
#1991 = EDGE_CURVE ( 'NONE', #11130, #8681, #9703, .T. ) ;
#1992 = CARTESIAN_POINT ( 'NONE',  ( 11.25500000000000433, -24.89937738537090794, 16.39999999999999858 ) ) ;
#1993 = LINE ( 'NONE', #6403, #5768 ) ;
#1994 = CARTESIAN_POINT ( 'NONE',  ( -43.40689872104513825, 97.50000000000000000, -29.66122071973760299 ) ) ;
#1995 = ADVANCED_FACE ( 'NONE', ( #8197 ), #462, .F. ) ;
#1996 = ADVANCED_FACE ( 'NONE', ( #1384 ), #7391, .F. ) ;
#1997 = FACE_OUTER_BOUND ( 'NONE', #1084, .T. ) ;
#1998 = COLOUR_RGB ( '',0.7921568627450980005, 0.8196078431372548767, 0.9333333333333333481 ) ;
#1999 = DIRECTION ( 'NONE',  ( 0.000000000000000000, 0.000000000000000000, 1.000000000000000000 ) ) ;
#2000 = ORIENTED_EDGE ( 'NONE', *, *, #7900, .T. ) ;
#2001 = DIRECTION ( 'NONE',  ( 6.544275553939909236E-12, 0.000000000000000000, 1.000000000000000000 ) ) ;
#2002 = ORIENTED_EDGE ( 'NONE', *, *, #10447, .T. ) ;
#2003 = VERTEX_POINT ( 'NONE', #10851 ) ;
#2004 = EDGE_CURVE ( 'NONE', #10480, #7178, #6419, .T. ) ;
#2005 = EDGE_CURVE ( 'NONE', #2694, #10760, #2119, .T. ) ;
#2006 = EDGE_CURVE ( 'NONE', #2416, #8564, #6524, .T. ) ;
#2007 = DIRECTION ( 'NONE',  ( 0.000000000000000000, -0.000000000000000000, -1.000000000000000000 ) ) ;
#2008 = LINE ( 'NONE', #6416, #715 ) ;
#2009 = DIRECTION ( 'NONE',  ( 8.405686134351577711E-17, -0.000000000000000000, 1.000000000000000000 ) ) ;
#2010 = ADVANCED_FACE ( 'NONE', ( #2232 ), #9206, .F. ) ;
#2011 = DIRECTION ( 'NONE',  ( 1.000000000000000000, -0.000000000000000000, -1.335278419062900115E-16 ) ) ;
#2012 = FACE_OUTER_BOUND ( 'NONE', #624, .T. ) ;
#2013 = ORIENTED_EDGE ( 'NONE', *, *, #2748, .F. ) ;
#2014 = CARTESIAN_POINT ( 'NONE',  ( -5.461913016203100213, 96.12583987928823603, 17.99110605185478562 ) ) ;
#2015 = CIRCLE ( 'NONE', #3454, 1.149999999999994804 ) ;
#2016 = VERTEX_POINT ( 'NONE', #7220 ) ;
#2017 = EDGE_LOOP ( 'NONE', ( #5024, #2297, #7171, #11024, #3460 ) ) ;
#2018 = VECTOR ( 'NONE', #3871, 1000.000000000000000 ) ;
#2019 = ORIENTED_EDGE ( 'NONE', *, *, #5078, .T. ) ;
#2020 = AXIS2_PLACEMENT_3D ( 'NONE', #6377, #473, #9048 ) ;
#2021 = DIRECTION ( 'NONE',  ( 0.000000000000000000, 0.000000000000000000, -1.000000000000000000 ) ) ;
#2022 = CARTESIAN_POINT ( 'NONE',  ( 42.54999999999999716, 93.00000000000000000, 33.89999999999999147 ) ) ;
#2023 = CARTESIAN_POINT ( 'NONE',  ( -82.54999999999999716, 104.8258398792882105, 46.90000000000009095 ) ) ;
#2024 = DIRECTION ( 'NONE',  ( 0.8191520442889926867, 7.834618184293497677E-17, 0.5735764363510449382 ) ) ;
#2025 = ORIENTED_EDGE ( 'NONE', *, *, #1930, .T. ) ;
#2026 = FACE_OUTER_BOUND ( 'NONE', #5476, .T. ) ;
#2027 = FACE_OUTER_BOUND ( 'NONE', #7374, .T. ) ;
#2028 = DIRECTION ( 'NONE',  ( -1.000000000000000000, 0.000000000000000000, 1.335278419062900361E-16 ) ) ;
#2029 = VECTOR ( 'NONE', #7931, 1000.000000000000000 ) ;
#2030 = CIRCLE ( 'NONE', #3471, 24.20000000000000639 ) ;
#2031 = ORIENTED_EDGE ( 'NONE', *, *, #5326, .T. ) ;
#2032 = ORIENTED_EDGE ( 'NONE', *, *, #1447, .T. ) ;
#2033 = EDGE_LOOP ( 'NONE', ( #7669, #6795, #8460, #7211 ) ) ;
#2034 = ADVANCED_FACE ( 'NONE', ( #295 ), #3749, .T. ) ;
#2035 = DIRECTION ( 'NONE',  ( 0.000000000000000000, -1.000000000000000000, 0.000000000000000000 ) ) ;
#2036 = AXIS2_PLACEMENT_3D ( 'NONE', #7802, #4288, #3610 ) ;
#2038 = CARTESIAN_POINT ( 'NONE',  ( -10.93820217684514340, 109.8653741200301539, 36.89999999999999147 ) ) ;
#2037 = VECTOR ( 'NONE', #9719, 1000.000000000000000 ) ;
#2039 = DIRECTION ( 'NONE',  ( 0.5773502691896204020, -0.5773502691896285066, 0.5773502691896285066 ) ) ;
#2040 = DIRECTION ( 'NONE',  ( 9.337945923828023487E-13, 1.000000000000000000, -8.562237602503630569E-26 ) ) ;
#2041 = CARTESIAN_POINT ( 'NONE',  ( -5.000429496931849016, 109.8258398792882247, 36.89999999999999147 ) ) ;
#2042 = ADVANCED_FACE ( 'NONE', ( #5512 ), #8979, .F. ) ;
#2043 = ORIENTED_EDGE ( 'NONE', *, *, #4428, .T. ) ;
#2044 = ORIENTED_EDGE ( 'NONE', *, *, #754, .F. ) ;
#2045 = ORIENTED_EDGE ( 'NONE', *, *, #181, .T. ) ;
#2046 = DIRECTION ( 'NONE',  ( 1.000000000000000000, 0.000000000000000000, -0.000000000000000000 ) ) ;
#2047 = ORIENTED_EDGE ( 'NONE', *, *, #10030, .F. ) ;
#2048 = DIRECTION ( 'NONE',  ( 0.000000000000000000, 1.000000000000000000, 0.000000000000000000 ) ) ;
#2049 = CARTESIAN_POINT ( 'NONE',  ( 81.55000000000001137, 61.63999999999999346, 5.399999999999991473 ) ) ;
#2050 = CARTESIAN_POINT ( 'NONE',  ( -72.76808532237741645, 8.274999999999998579, 18.26344096711973819 ) ) ;
#2051 = CARTESIAN_POINT ( 'NONE',  ( 50.48689872104515075, 95.28999999999417980, -0.6299859283196093118 ) ) ;
#2052 = VECTOR ( 'NONE', #9934, 1000.000000000000114 ) ;
#2053 = DIRECTION ( 'NONE',  ( -1.335278419062900361E-16, 0.000000000000000000, -1.000000000000000000 ) ) ;
#2054 = LINE ( 'NONE', #2109, #3005 ) ;
#2055 = ORIENTED_EDGE ( 'NONE', *, *, #8857, .F. ) ;
#2056 = EDGE_CURVE ( 'NONE', #2234, #4126, #11022, .T. ) ;
#2057 = ORIENTED_EDGE ( 'NONE', *, *, #2321, .T. ) ;
#2058 = ORIENTED_EDGE ( 'NONE', *, *, #10860, .T. ) ;
#2059 = VECTOR ( 'NONE', #796, 1000.000000000000000 ) ;
#2060 = ADVANCED_FACE ( 'NONE', ( #6694 ), #9370, .F. ) ;
#2061 = CARTESIAN_POINT ( 'NONE',  ( -50.48689872104514365, 74.67980196068272392, -26.29001273249923898 ) ) ;
#2062 = FACE_OUTER_BOUND ( 'NONE', #7288, .T. ) ;
#2063 = DIRECTION ( 'NONE',  ( 0.000000000000000000, 0.000000000000000000, -1.000000000000000000 ) ) ;
#2064 = DIRECTION ( 'NONE',  ( 0.000000000000000000, 0.000000000000000000, -1.000000000000000000 ) ) ;
#2065 = ORIENTED_EDGE ( 'NONE', *, *, #3035, .T. ) ;
#2066 = VECTOR ( 'NONE', #8815, 1000.000000000000000 ) ;
#2067 = CARTESIAN_POINT ( 'NONE',  ( -77.54999999999999716, 109.8258398792882247, 46.90000000000009095 ) ) ;
#2068 = VECTOR ( 'NONE', #3946, 1000.000000000000000 ) ;
#2069 = ORIENTED_EDGE ( 'NONE', *, *, #3320, .F. ) ;
#2070 = EDGE_CURVE ( 'NONE', #2898, #8536, #578, .T. ) ;
#2071 = DIRECTION ( 'NONE',  ( 0.000000000000000000, 1.000000000000000000, 0.000000000000000000 ) ) ;
#2072 = VERTEX_POINT ( 'NONE', #7725 ) ;
#2073 = EDGE_CURVE ( 'NONE', #9564, #1488, #1608, .T. ) ;
#2074 = ORIENTED_EDGE ( 'NONE', *, *, #5237, .F. ) ;
#2075 = VECTOR ( 'NONE', #5164, 1000.000000000000000 ) ;
#2076 = VERTEX_POINT ( 'NONE', #6801 ) ;
#2077 = DIRECTION ( 'NONE',  ( 0.000000000000000000, -1.000000000000000000, 0.000000000000000000 ) ) ;
#2078 = DIRECTION ( 'NONE',  ( 0.000000000000000000, 1.000000000000000000, 0.000000000000000000 ) ) ;
#2079 = LINE ( 'NONE', #7350, #9596 ) ;
#2080 = DIRECTION ( 'NONE',  ( -0.000000000000000000, -0.5735764363510444941, 0.8191520442889929088 ) ) ;
#2081 = EDGE_LOOP ( 'NONE', ( #10919, #3058, #1573, #9753 ) ) ;
#2082 = CARTESIAN_POINT ( 'NONE',  ( -77.61249999996866222, 66.63999999999998636, 5.399999999999995026 ) ) ;
#2083 = DIRECTION ( 'NONE',  ( 0.000000000000000000, 0.000000000000000000, 1.000000000000000000 ) ) ;
#2084 = CARTESIAN_POINT ( 'NONE',  ( 50.02648654977334530, 5.099999999999999645, 20.18114647173673148 ) ) ;
#2085 = ORIENTED_EDGE ( 'NONE', *, *, #8305, .T. ) ;
#2086 = DIRECTION ( 'NONE',  ( -1.000000000000000000, 0.000000000000000000, 1.335278419062900361E-16 ) ) ;
#2087 = EDGE_CURVE ( 'NONE', #2506, #8726, #7560, .T. ) ;
#2088 = CIRCLE ( 'NONE', #811, 1.149999999999999689 ) ;
#2089 = ORIENTED_EDGE ( 'NONE', *, *, #4686, .F. ) ;
#2090 = VERTEX_POINT ( 'NONE', #2564 ) ;
#2091 = CARTESIAN_POINT ( 'NONE',  ( 33.75500000000002387, -27.00000000000000355, 21.38115427306259875 ) ) ;
#2092 = CARTESIAN_POINT ( 'NONE',  ( 10.60957050301874460, 99.82583987928819624, 17.30072581676351362 ) ) ;
#2093 = VECTOR ( 'NONE', #5028, 1000.000000000000000 ) ;
#2094 = DIRECTION ( 'NONE',  ( -1.000000000000000000, 0.000000000000000000, -1.784236281127497767E-14 ) ) ;
#2095 = DIRECTION ( 'NONE',  ( 1.000000000000000000, -0.000000000000000000, -0.000000000000000000 ) ) ;
#2096 = DIRECTION ( 'NONE',  ( 0.000000000000000000, 1.000000000000000000, 0.000000000000000000 ) ) ;
#2097 = CARTESIAN_POINT ( 'NONE',  ( -54.81500000380517434, 8.274999999999998579, 19.62115427306273219 ) ) ;
#2098 = ORIENTED_EDGE ( 'NONE', *, *, #6618, .T. ) ;
#2099 = DIRECTION ( 'NONE',  ( -1.000000000000000000, 0.000000000000000000, 0.000000000000000000 ) ) ;
#2100 = EDGE_LOOP ( 'NONE', ( #934, #9674, #2610, #249, #5121, #277, #6968, #5916, #2322, #2895, #3154, #6453, #491, #9894, #10431, #1956, #9209, #414, #8649, #5379 ) ) ;
#2101 = AXIS2_PLACEMENT_3D ( 'NONE', #3529, #5168, #8860 ) ;
#2102 = ORIENTED_EDGE ( 'NONE', *, *, #6347, .F. ) ;
#2103 = ORIENTED_EDGE ( 'NONE', *, *, #3731, .F. ) ;
#2104 = CARTESIAN_POINT ( 'NONE',  ( -77.54999999999999716, 104.8258398792882105, 25.39999999999999858 ) ) ;
#2105 = CARTESIAN_POINT ( 'NONE',  ( -43.40689872104513825, 90.00000000000000000, 22.30467496797187010 ) ) ;
#2106 = LINE ( 'NONE', #10720, #10771 ) ;
#2107 = VECTOR ( 'NONE', #10592, 1000.000000000000000 ) ;
#2108 = DIRECTION ( 'NONE',  ( 1.000000000000000000, 0.000000000000000000, -0.000000000000000000 ) ) ;
#2109 = CARTESIAN_POINT ( 'NONE',  ( -50.48689872104515075, 75.48946397805705999, -21.83805926787198715 ) ) ;
#2110 = EDGE_LOOP ( 'NONE', ( #1049, #2981, #5570, #5673 ) ) ;
#2111 = ORIENTED_EDGE ( 'NONE', *, *, #6562, .T. ) ;
#2112 = EDGE_LOOP ( 'NONE', ( #10355, #2278, #5894, #7318 ) ) ;
#2113 = VECTOR ( 'NONE', #8492, 1000.000000000000000 ) ;
#2114 = LINE ( 'NONE', #7980, #4032 ) ;
#2115 = EDGE_CURVE ( 'NONE', #8215, #1345, #5006, .T. ) ;
#2116 = CARTESIAN_POINT ( 'NONE',  ( 32.81141477699463849, 97.50000000000000000, 22.30467496797187010 ) ) ;
#2117 = CARTESIAN_POINT ( 'NONE',  ( 74.43750000000000000, 82.35514882866895903, -40.25769145387477010 ) ) ;
#2118 = FACE_BOUND ( 'NONE', #4495, .T. ) ;
#2119 = LINE ( 'NONE', #9032, #1001 ) ;
#2120 = DIRECTION ( 'NONE',  ( 1.000000000000000000, -0.000000000000000000, 0.000000000000000000 ) ) ;
#2121 = ORIENTED_EDGE ( 'NONE', *, *, #7270, .F. ) ;
#2122 = FACE_BOUND ( 'NONE', #4576, .T. ) ;
#2123 = ORIENTED_EDGE ( 'NONE', *, *, #2006, .F. ) ;
#2124 = LINE ( 'NONE', #1108, #7224 ) ;
#2125 = ORIENTED_EDGE ( 'NONE', *, *, #2966, .F. ) ;
#2126 = EDGE_CURVE ( 'NONE', #10900, #10472, #3252, .T. ) ;
#2127 = ORIENTED_EDGE ( 'NONE', *, *, #1659, .T. ) ;
#2128 = EDGE_CURVE ( 'NONE', #5855, #4177, #4259, .T. ) ;
#2129 = PLANE ( 'NONE',  #8734 ) ;
#2130 = CARTESIAN_POINT ( 'NONE',  ( 4.999570503068141214, 124.8258398792882247, 11.89999999999998614 ) ) ;
#2131 = CARTESIAN_POINT ( 'NONE',  ( -82.54999999999999716, 89.17499999999996874, -40.25769145387477010 ) ) ;
#2132 = FACE_OUTER_BOUND ( 'NONE', #8199, .T. ) ;
#2133 = EDGE_CURVE ( 'NONE', #1758, #7518, #7667, .T. ) ;
#2134 = ORIENTED_EDGE ( 'NONE', *, *, #2381, .T. ) ;
#2135 = EDGE_CURVE ( 'NONE', #7130, #1306, #10103, .T. ) ;
#2136 = DIRECTION ( 'NONE',  ( -0.000000000000000000, -1.000000000000000000, -0.000000000000000000 ) ) ;
#2137 = PLANE ( 'NONE',  #1024 ) ;
#2138 = EDGE_LOOP ( 'NONE', ( #6831, #3790, #2652, #11098, #5425, #11027, #8262, #1106, #2391, #7404, #10460 ) ) ;
#2139 = DIRECTION ( 'NONE',  ( 0.000000000000000000, 0.000000000000000000, -1.000000000000000000 ) ) ;
#2140 = VERTEX_POINT ( 'NONE', #5850 ) ;
#2141 = EDGE_LOOP ( 'NONE', ( #9677, #10094, #10237, #5136 ) ) ;
#2142 = ORIENTED_EDGE ( 'NONE', *, *, #1724, .F. ) ;
#2143 = FACE_OUTER_BOUND ( 'NONE', #8189, .T. ) ;
#2144 = DIRECTION ( 'NONE',  ( -1.593062912007103154E-16, -1.000000000000000000, 1.365923996832131116E-16 ) ) ;
#2145 = EDGE_CURVE ( 'NONE', #1626, #7130, #9317, .T. ) ;
#2146 = EDGE_CURVE ( 'NONE', #1256, #420, #3407, .T. ) ;
#2147 = EDGE_CURVE ( 'NONE', #3461, #450, #6859, .T. ) ;
#2148 = DIRECTION ( 'NONE',  ( -0.000000000000000000, -1.000000000000000000, -0.000000000000000000 ) ) ;
#2149 = CARTESIAN_POINT ( 'NONE',  ( 41.54999999999999716, 92.00000000000000000, 22.30467496797187010 ) ) ;
#2150 = DIRECTION ( 'NONE',  ( 0.000000000000000000, 0.000000000000000000, -1.000000000000000000 ) ) ;
#2151 = DIRECTION ( 'NONE',  ( 0.000000000000000000, -5.229285515060565227E-16, 1.000000000000000000 ) ) ;
#2152 = PLANE ( 'NONE',  #9716 ) ;
#2153 = VECTOR ( 'NONE', #2468, 1000.000000000000000 ) ;
#2154 = VECTOR ( 'NONE', #1683, 1000.000000000000000 ) ;
#2155 = ORIENTED_EDGE ( 'NONE', *, *, #9069, .T. ) ;
#2156 = ORIENTED_EDGE ( 'NONE', *, *, #8093, .F. ) ;
#2157 = EDGE_LOOP ( 'NONE', ( #1955, #10378, #5074, #10682 ) ) ;
#2158 = CARTESIAN_POINT ( 'NONE',  ( 50.48689872104515075, 94.56476577691782381, -8.504985928319962696 ) ) ;
#2159 = ORIENTED_EDGE ( 'NONE', *, *, #5571, .F. ) ;
#2160 = PLANE ( 'NONE',  #5139 ) ;
#2161 = AXIS2_PLACEMENT_3D ( 'NONE', #10098, #4197, #630 ) ;
#2162 = VECTOR ( 'NONE', #7994, 1000.000000000000000 ) ;
#2163 = DIRECTION ( 'NONE',  ( 2.244742081187875711E-15, 1.000000000000000000, 0.000000000000000000 ) ) ;
#2164 = CARTESIAN_POINT ( 'NONE',  ( 41.54999999999999716, 96.82583987928822467, 22.30467496797187010 ) ) ;
#2165 = FACE_BOUND ( 'NONE', #1443, .T. ) ;
#2166 = CARTESIAN_POINT ( 'NONE',  ( 81.55000000000001137, 58.93999999999998352, -5.257691453874764775 ) ) ;
#2167 = ORIENTED_EDGE ( 'NONE', *, *, #4675, .F. ) ;
#2168 = AXIS2_PLACEMENT_3D ( 'NONE', #10581, #6265, #2822 ) ;
#2170 = ORIENTED_EDGE ( 'NONE', *, *, #9765, .T. ) ;
#2169 = CARTESIAN_POINT ( 'NONE',  ( -43.40689872104514535, 95.28999999999417980, 0.5200140716803907104 ) ) ;
#2171 = AXIS2_PLACEMENT_3D ( 'NONE', #6240, #7158, #9715 ) ;
#2172 = ORIENTED_EDGE ( 'NONE', *, *, #9612, .T. ) ;
#2173 = EDGE_CURVE ( 'NONE', #1565, #3422, #6010, .T. ) ;
#2174 = CARTESIAN_POINT ( 'NONE',  ( -11.25499999999998302, 6.349999999999999645, 7.542308546125213731 ) ) ;
#2175 = CARTESIAN_POINT ( 'NONE',  ( -5.363415486274369925, 124.8258398792918058, -15.16703784695309487 ) ) ;
#2176 = VECTOR ( 'NONE', #61, 1000.000000000000000 ) ;
#2177 = CYLINDRICAL_SURFACE ( 'NONE', #7784, 10.94291382678908064 ) ;
#2178 = CARTESIAN_POINT ( 'NONE',  ( 14.47287525203407554, 90.00000000000000000, 14.47287525275975106 ) ) ;
#2179 = VECTOR ( 'NONE', #5385, 1000.000000000000000 ) ;
#2180 = CARTESIAN_POINT ( 'NONE',  ( -8.300429496927835160, 96.12583987928823603, 1.150873398797555902 ) ) ;
#2181 = FACE_OUTER_BOUND ( 'NONE', #7566, .T. ) ;
#2182 = VERTEX_POINT ( 'NONE', #2347 ) ;
#2183 = CARTESIAN_POINT ( 'NONE',  ( 69.20000000000597140, 6.350000000000280309, -6.985329661611390684 ) ) ;
#2184 = ORIENTED_EDGE ( 'NONE', *, *, #2387, .F. ) ;
#2185 = EDGE_CURVE ( 'NONE', #1213, #8921, #3305, .T. ) ;
#2186 = CARTESIAN_POINT ( 'NONE',  ( -13.75499999999998479, -27.00000000000000355, 7.542308546125213731 ) ) ;
#2187 = ORIENTED_EDGE ( 'NONE', *, *, #3041, .F. ) ;
#2188 = VERTEX_POINT ( 'NONE', #6748 ) ;
#2189 = CARTESIAN_POINT ( 'NONE',  ( 79.61249999999999716, 8.274999999999998579, 22.62763407003639315 ) ) ;
#2190 = DIRECTION ( 'NONE',  ( 0.000000000000000000, 1.000000000000000000, 0.000000000000000000 ) ) ;
#2191 = FACE_BOUND ( 'NONE', #4732, .T. ) ;
#2192 = ORIENTED_EDGE ( 'NONE', *, *, #2087, .F. ) ;
#2193 = DIRECTION ( 'NONE',  ( 0.7071067811865489050, -0.7071067811865462405, -6.319127579352777226E-12 ) ) ;
#2194 = CARTESIAN_POINT ( 'NONE',  ( -33.75499999999998835, 6.349999999999999645, -3.957691453874785825 ) ) ;
#2195 = ORIENTED_EDGE ( 'NONE', *, *, #2406, .F. ) ;
#2196 = CARTESIAN_POINT ( 'NONE',  ( -82.54999999999999716, 53.93999999999999062, -0.2576914538747649974 ) ) ;
#2197 = ADVANCED_FACE ( 'NONE', ( #8363 ), #7503, .F. ) ;
#2198 = VECTOR ( 'NONE', #4159, 1000.000000000000000 ) ;
#2199 = ORIENTED_EDGE ( 'NONE', *, *, #10846, .T. ) ;
#2200 = LINE ( 'NONE', #1300, #7942 ) ;
#2201 = ADVANCED_FACE ( 'NONE', ( #1500 ), #4945, .F. ) ;
#2202 = CARTESIAN_POINT ( 'NONE',  ( 43.40689872104513825, 90.00000000000000000, 22.30467496797187010 ) ) ;
#2203 = CARTESIAN_POINT ( 'NONE',  ( -79.37499999999997158, -27.00000000000000355, 21.38115427306259875 ) ) ;
#2204 = CYLINDRICAL_SURFACE ( 'NONE', #9079, 1.000000000000000888 ) ;
#2205 = LINE ( 'NONE', #4065, #1555 ) ;
#2206 = CARTESIAN_POINT ( 'NONE',  ( 82.54999999999999716, 53.23979246179025893, -0.2576914538747649974 ) ) ;
#2207 = CIRCLE ( 'NONE', #1112, 1.000000000000000888 ) ;
#2208 = CARTESIAN_POINT ( 'NONE',  ( -79.37499999999997158, 10.00000000000000000, 21.38115427306261296 ) ) ;
#2209 = DIRECTION ( 'NONE',  ( 1.000000000000000000, -0.000000000000000000, -1.335278419062900115E-16 ) ) ;
#2210 = VERTEX_POINT ( 'NONE', #6069 ) ;
#2211 = EDGE_CURVE ( 'NONE', #9561, #10002, #7778, .T. ) ;
#2212 = EDGE_LOOP ( 'NONE', ( #65, #979, #1414, #944 ) ) ;
#2213 = EDGE_LOOP ( 'NONE', ( #9865, #2235, #9348, #8295, #3839 ) ) ;
#2214 = VECTOR ( 'NONE', #10137, 1000.000000000000000 ) ;
#2215 = EDGE_CURVE ( 'NONE', #4997, #3202, #7024, .T. ) ;
#2216 = CARTESIAN_POINT ( 'NONE',  ( -77.54999999999999716, 104.8258398792882105, 46.90000000000009095 ) ) ;
#2217 = EDGE_LOOP ( 'NONE', ( #9989, #2199, #6510, #10584 ) ) ;
#2218 = DIRECTION ( 'NONE',  ( -0.000000000000000000, -1.000000000000000000, -0.000000000000000000 ) ) ;
#2219 = CARTESIAN_POINT ( 'NONE',  ( 42.54999999999999716, 96.82583987928822467, 33.89999999999999147 ) ) ;
#2220 = DIRECTION ( 'NONE',  ( 1.000000000000000000, -0.000000000000000000, -0.000000000000000000 ) ) ;
#2221 = DIRECTION ( 'NONE',  ( 0.000000000000000000, 0.000000000000000000, -1.000000000000000000 ) ) ;
#2222 = FACE_OUTER_BOUND ( 'NONE', #9117, .T. ) ;
#2223 = CARTESIAN_POINT ( 'NONE',  ( -50.02648496882963514, 8.274999999999998579, -6.985329661611394236 ) ) ;
#2224 = ORIENTED_EDGE ( 'NONE', *, *, #1302, .F. ) ;
#2225 = ORIENTED_EDGE ( 'NONE', *, *, #9562, .F. ) ;
#2226 = ORIENTED_EDGE ( 'NONE', *, *, #8521, .T. ) ;
#2227 = CARTESIAN_POINT ( 'NONE',  ( -0.0004294969318431102927, 99.82583987928822467, 32.63350972845099562 ) ) ;
#2228 = VECTOR ( 'NONE', #5112, 1000.000000000000000 ) ;
#2229 = LINE ( 'NONE', #401, #2052 ) ;
#2230 = DIRECTION ( 'NONE',  ( 1.593062912007103154E-16, 1.000000000000000000, -3.027827436209276608E-64 ) ) ;
#2231 = DIRECTION ( 'NONE',  ( 0.000000000000000000, 0.000000000000000000, 1.000000000000000000 ) ) ;
#2232 = FACE_OUTER_BOUND ( 'NONE', #9403, .T. ) ;
#2233 = CARTESIAN_POINT ( 'NONE',  ( -5.000429496931850792, 119.8258398792882105, 11.89999999999998614 ) ) ;
#2234 = VERTEX_POINT ( 'NONE', #6915 ) ;
#2235 = ORIENTED_EDGE ( 'NONE', *, *, #9548, .F. ) ;
#2236 = VECTOR ( 'NONE', #10960, 1000.000000000000000 ) ;
#2237 = AXIS2_PLACEMENT_3D ( 'NONE', #9095, #9205, #5682 ) ;
#2238 = DIRECTION ( 'NONE',  ( -1.000000000000000000, 0.000000000000000000, -0.000000000000000000 ) ) ;
#2239 = ORIENTED_EDGE ( 'NONE', *, *, #9413, .T. ) ;
#2240 = VERTEX_POINT ( 'NONE', #10387 ) ;
#2241 = CARTESIAN_POINT ( 'NONE',  ( -50.02648318102892233, 8.274999999999998579, 18.52763407003732254 ) ) ;
#2242 = AXIS2_PLACEMENT_3D ( 'NONE', #9880, #3803, #5454 ) ;
#2243 = EDGE_CURVE ( 'NONE', #1268, #2615, #10493, .T. ) ;
#2244 = CARTESIAN_POINT ( 'NONE',  ( -43.40689872104513825, 97.50000000000000000, 22.30467496797187010 ) ) ;
#2245 = CARTESIAN_POINT ( 'NONE',  ( -6.268209422258882668, 119.8258398792882105, 36.86783398817240709 ) ) ;
#2246 = DIRECTION ( 'NONE',  ( 0.000000000000000000, 1.000000000000000000, 0.000000000000000000 ) ) ;
#2247 = DIRECTION ( 'NONE',  ( 1.000000000000000000, 0.000000000000000000, 0.000000000000000000 ) ) ;
#2248 = VERTEX_POINT ( 'NONE', #921 ) ;
#2249 = LINE ( 'NONE', #8494, #3758 ) ;
#2250 = ORIENTED_EDGE ( 'NONE', *, *, #11223, .F. ) ;
#2251 = VERTEX_POINT ( 'NONE', #1939 ) ;
#2252 = AXIS2_PLACEMENT_3D ( 'NONE', #8645, #4322, #7787 ) ;
#2253 = AXIS2_PLACEMENT_3D ( 'NONE', #9522, #4350, #3830 ) ;
#2254 = EDGE_LOOP ( 'NONE', ( #368, #2172, #3557, #7172 ) ) ;
#2255 = DIRECTION ( 'NONE',  ( -4.937420151055313657E-11, 0.000000000000000000, -1.000000000000000000 ) ) ;
#2256 = CARTESIAN_POINT ( 'NONE',  ( 5.830801778275840341, 119.8258398792882105, -20.02612620517534836 ) ) ;
#2257 = ADVANCED_FACE ( 'NONE', ( #1766 ), #8692, .T. ) ;
#2258 = DIRECTION ( 'NONE',  ( -0.000000000000000000, 7.709882115452476934E-17, -1.000000000000000000 ) ) ;
#2259 = FACE_OUTER_BOUND ( 'NONE', #5548, .T. ) ;
#2260 = CARTESIAN_POINT ( 'NONE',  ( -54.81499993151516748, 8.274999999999998579, 15.82115373010225312 ) ) ;
#2261 = AXIS2_PLACEMENT_3D ( 'NONE', #10602, #4584, #8071 ) ;
#2262 = DIRECTION ( 'NONE',  ( 0.000000000000000000, 0.000000000000000000, 1.000000000000000000 ) ) ;
#2263 = CARTESIAN_POINT ( 'NONE',  ( 79.61249999999999716, 21.27499999999999503, -2.456465450814841895E-32 ) ) ;
#2264 = CARTESIAN_POINT ( 'NONE',  ( -23.07862738128373081, 99.82583987928822467, 15.71614540591370890 ) ) ;
#2265 = ADVANCED_FACE ( 'NONE', ( #978 ), #2792, .T. ) ;
#2266 = ORIENTED_EDGE ( 'NONE', *, *, #6685, .F. ) ;
#2267 = LINE ( 'NONE', #9184, #4492 ) ;
#2268 = ORIENTED_EDGE ( 'NONE', *, *, #7213, .T. ) ;
#2269 = ORIENTED_EDGE ( 'NONE', *, *, #3023, .T. ) ;
#2270 = VECTOR ( 'NONE', #9803, 999.9999999999998863 ) ;
#2271 = ORIENTED_EDGE ( 'NONE', *, *, #10800, .T. ) ;
#2272 = EDGE_CURVE ( 'NONE', #4386, #943, #3690, .T. ) ;
#2273 = DIRECTION ( 'NONE',  ( -1.000000000000000000, 0.000000000000000000, 9.645899640478401470E-17 ) ) ;
#2274 = EDGE_CURVE ( 'NONE', #10434, #8989, #3358, .T. ) ;
#2275 = DIRECTION ( 'NONE',  ( -1.000000000000000000, 0.000000000000000000, 9.169294481193143764E-14 ) ) ;
#2276 = LINE ( 'NONE', #5726, #2715 ) ;
#2277 = DIRECTION ( 'NONE',  ( 0.000000000000000000, 0.000000000000000000, 1.000000000000000000 ) ) ;
#2278 = ORIENTED_EDGE ( 'NONE', *, *, #7346, .T. ) ;
#2279 = EDGE_CURVE ( 'NONE', #10761, #7053, #703, .T. ) ;
#2280 = VECTOR ( 'NONE', #4286, 999.9999999999998863 ) ;
#2281 = ADVANCED_FACE ( 'NONE', ( #9710 ), #6234, .F. ) ;
#2282 = EDGE_LOOP ( 'NONE', ( #2712, #3553, #10453, #4780 ) ) ;
#2283 = ORIENTED_EDGE ( 'NONE', *, *, #9215, .T. ) ;
#2284 = PLANE ( 'NONE',  #10380 ) ;
#2285 = AXIS2_PLACEMENT_3D ( 'NONE', #4081, #1648, #4133 ) ;
#2286 = CARTESIAN_POINT ( 'NONE',  ( -28.20042949702224533, 99.82583987928822467, 18.68350972833517432 ) ) ;
#2287 = DIRECTION ( 'NONE',  ( -1.593062912007103154E-16, 1.000000000000000000, 1.351732578683223029E-15 ) ) ;
#2288 = ADVANCED_FACE ( 'NONE', ( #63 ), #5386, .F. ) ;
#2289 = ADVANCED_FACE ( 'NONE', ( #8017 ), #2850, .F. ) ;
#2290 = DIRECTION ( 'NONE',  ( 0.000000000000000000, -0.7660444431189783465, -0.6427876096865389188 ) ) ;
#2291 = CARTESIAN_POINT ( 'NONE',  ( 0.8326817686334886393, 119.8799373710760534, 36.89999999999998437 ) ) ;
#2292 = LINE ( 'NONE', #1381, #6330 ) ;
#2293 = FACE_OUTER_BOUND ( 'NONE', #5213, .T. ) ;
#2294 = DIRECTION ( 'NONE',  ( 0.000000000000000000, 1.000000000000000000, -0.000000000000000000 ) ) ;
#2295 = CARTESIAN_POINT ( 'NONE',  ( -44.06500000000043826, 5.099999999999999645, 8.821154273062886020 ) ) ;
#2296 = CARTESIAN_POINT ( 'NONE',  ( 5.041933606692420078, 124.8258398792882247, -15.23534267996139135 ) ) ;
#2297 = ORIENTED_EDGE ( 'NONE', *, *, #3653, .T. ) ;
#2298 = CIRCLE ( 'NONE', #5356, 1.000000000000000888 ) ;
#2299 = ORIENTED_EDGE ( 'NONE', *, *, #10150, .T. ) ;
#2300 = ORIENTED_EDGE ( 'NONE', *, *, #823, .F. ) ;
#2301 = AXIS2_PLACEMENT_3D ( 'NONE', #9516, #4345, #1852 ) ;
#2302 = DIRECTION ( 'NONE',  ( 0.000000000000000000, 0.000000000000000000, -1.000000000000000000 ) ) ;
#2303 = LINE ( 'NONE', #10179, #1296 ) ;
#2304 = ORIENTED_EDGE ( 'NONE', *, *, #4208, .F. ) ;
#2305 = CARTESIAN_POINT ( 'NONE',  ( 43.40689872104513825, 97.50000000000000000, -29.66122071973760299 ) ) ;
#2306 = CARTESIAN_POINT ( 'NONE',  ( -50.48689872104515075, 74.97269081489451992, 3.358530552390480040 ) ) ;
#2307 = ORIENTED_EDGE ( 'NONE', *, *, #8152, .T. ) ;
#2308 = CARTESIAN_POINT ( 'NONE',  ( -77.61249999996866222, 66.63999999999998636, -0.2576914538747684946 ) ) ;
#2309 = ORIENTED_EDGE ( 'NONE', *, *, #10071, .T. ) ;
#2310 = EDGE_LOOP ( 'NONE', ( #3764, #8417, #4302, #4739 ) ) ;
#2311 = DIRECTION ( 'NONE',  ( 0.000000000000000000, 0.000000000000000000, 1.000000000000000000 ) ) ;
#2312 = DIRECTION ( 'NONE',  ( 0.000000000000000000, -0.000000000000000000, -1.000000000000000000 ) ) ;
#2313 = DIRECTION ( 'NONE',  ( 2.787090821298670553E-12, 0.000000000000000000, -1.000000000000000000 ) ) ;
#2314 = DIRECTION ( 'NONE',  ( 1.000000000000000000, 0.000000000000000000, -0.000000000000000000 ) ) ;
#2315 = LINE ( 'NONE', #11047, #10018 ) ;
#2316 = DIRECTION ( 'NONE',  ( 0.000000000000000000, 0.000000000000000000, -1.000000000000000000 ) ) ;
#2317 = CARTESIAN_POINT ( 'NONE',  ( 50.48689872104515075, 75.48946397805705999, -21.83805926787198715 ) ) ;
#2318 = LINE ( 'NONE', #9399, #10670 ) ;
#2319 = ORIENTED_EDGE ( 'NONE', *, *, #6806, .F. ) ;
#2320 = ORIENTED_EDGE ( 'NONE', *, *, #9055, .T. ) ;
#2321 = EDGE_CURVE ( 'NONE', #1703, #5360, #7948, .T. ) ;
#2322 = ORIENTED_EDGE ( 'NONE', *, *, #1783, .T. ) ;
#2323 = CARTESIAN_POINT ( 'NONE',  ( 50.48689872104515075, 73.67999999411362921, 3.358530552390479595 ) ) ;
#2324 = CARTESIAN_POINT ( 'NONE',  ( 5.362556492410906372, 124.8258398792917774, -15.16703784695386759 ) ) ;
#2325 = AXIS2_PLACEMENT_3D ( 'NONE', #8049, #266, #3718 ) ;
#2326 = CARTESIAN_POINT ( 'NONE',  ( -11.25499999999998302, -27.00000000000000355, 13.89999999999999680 ) ) ;
#2327 = CARTESIAN_POINT ( 'NONE',  ( 33.75500000000002387, 10.00000000000000000, 21.38115427306259875 ) ) ;
#2328 = CARTESIAN_POINT ( 'NONE',  ( 69.20000000007698304, 82.35514882866922903, -40.25769145387477010 ) ) ;
#2329 = DIRECTION ( 'NONE',  ( -0.000000000000000000, -1.000000000000000000, -0.000000000000000000 ) ) ;
#2330 = ORIENTED_EDGE ( 'NONE', *, *, #1459, .T. ) ;
#2331 = ORIENTED_EDGE ( 'NONE', *, *, #10382, .F. ) ;
#2332 = ORIENTED_EDGE ( 'NONE', *, *, #5389, .T. ) ;
#2333 = EDGE_CURVE ( 'NONE', #3447, #7577, #6791, .T. ) ;
#2334 = CARTESIAN_POINT ( 'NONE',  ( 50.48689872104515075, 95.63999999999417412, -7.959769997217391868 ) ) ;
#2336 = ADVANCED_FACE ( 'NONE', ( #5223 ), #1822, .F. ) ;
#2335 = AXIS2_PLACEMENT_3D ( 'NONE', #5991, #1696, #5153 ) ;
#2337 = VECTOR ( 'NONE', #3846, 1000.000000000000000 ) ;
#2338 = AXIS2_PLACEMENT_3D ( 'NONE', #3174, #552, #9354 ) ;
#2339 = EDGE_CURVE ( 'NONE', #7493, #5150, #7325, .T. ) ;
#2340 = PLANE ( 'NONE',  #8498 ) ;
#2341 = ADVANCED_FACE ( 'NONE', ( #3852 ), #4815, .T. ) ;
#2342 = DIRECTION ( 'NONE',  ( -1.000000000000000000, 0.000000000000000000, 1.335278419062900361E-16 ) ) ;
#2343 = DIRECTION ( 'NONE',  ( 0.000000000000000000, 0.7660444431189796788, 0.6427876096865373645 ) ) ;
#2344 = CARTESIAN_POINT ( 'NONE',  ( 82.54999999999999716, 90.00000000000000000, 25.39999999999999147 ) ) ;
#2345 = CARTESIAN_POINT ( 'NONE',  ( 77.61249999999999716, 8.274999999999998579, -5.564823903641046954 ) ) ;
#2346 = AXIS2_PLACEMENT_3D ( 'NONE', #8098, #257, #7292 ) ;
#2347 = CARTESIAN_POINT ( 'NONE',  ( 46.58189872104514251, 72.67997248461419701, -24.29018084517760911 ) ) ;
#2348 = FACE_OUTER_BOUND ( 'NONE', #6352, .T. ) ;
#2349 = ORIENTED_EDGE ( 'NONE', *, *, #1444, .F. ) ;
#2350 = EDGE_LOOP ( 'NONE', ( #7101, #7605, #1886, #3801 ) ) ;
#2351 = EDGE_CURVE ( 'NONE', #2076, #7647, #8291, .T. ) ;
#2352 = ADVANCED_FACE ( 'NONE', ( #5558 ), #4642, .F. ) ;
#2353 = ORIENTED_EDGE ( 'NONE', *, *, #10010, .T. ) ;
#2354 = AXIS2_PLACEMENT_3D ( 'NONE', #8615, #6888, #7805 ) ;
#2355 = VECTOR ( 'NONE', #8673, 1000.000000000000000 ) ;
#2356 = VERTEX_POINT ( 'NONE', #7380 ) ;
#2357 = VECTOR ( 'NONE', #9192, 1000.000000000000000 ) ;
#2358 = EDGE_CURVE ( 'NONE', #450, #9533, #11144, .T. ) ;
#2359 = DIRECTION ( 'NONE',  ( -0.000000000000000000, -0.000000000000000000, -1.000000000000000000 ) ) ;
#2360 = LINE ( 'NONE', #8435, #4015 ) ;
#2361 = CARTESIAN_POINT ( 'NONE',  ( 72.76808532600743717, 5.099999999999999645, -0.6211324209942660213 ) ) ;
#2362 = ORIENTED_EDGE ( 'NONE', *, *, #9338, .F. ) ;
#2363 = DIRECTION ( 'NONE',  ( 0.000000000000000000, -0.000000000000000000, 1.000000000000000000 ) ) ;
#2364 = PLANE ( 'NONE',  #4823 ) ;
#2365 = AXIS2_PLACEMENT_3D ( 'NONE', #632, #7388, #688 ) ;
#2366 = EDGE_LOOP ( 'NONE', ( #8064, #1834, #1124, #4896 ) ) ;
#2368 = DIRECTION ( 'NONE',  ( 1.000000000000000000, -0.000000000000000000, -0.000000000000000000 ) ) ;
#2367 = AXIS2_PLACEMENT_3D ( 'NONE', #10988, #6716, #8608 ) ;
#2369 = EDGE_CURVE ( 'NONE', #3771, #3701, #11153, .T. ) ;
#2370 = VERTEX_POINT ( 'NONE', #10660 ) ;
#2371 = VERTEX_POINT ( 'NONE', #9928 ) ;
#2372 = DIRECTION ( 'NONE',  ( 0.000000000000000000, 0.5735764363510428288, 0.8191520442889941300 ) ) ;
#2373 = PLANE ( 'NONE',  #7785 ) ;
#2374 = CARTESIAN_POINT ( 'NONE',  ( 5.042655011336153237, 124.8258398792882247, 32.10220843882515140 ) ) ;
#2375 = CARTESIAN_POINT ( 'NONE',  ( -33.11070517773367072, 96.12583987928823603, -1.926765952349186017 ) ) ;
#2376 = FACE_OUTER_BOUND ( 'NONE', #223, .T. ) ;
#2377 = CARTESIAN_POINT ( 'NONE',  ( -5.000429496931850792, 124.8258398792882247, 4.963509728450992142 ) ) ;
#2378 = DIRECTION ( 'NONE',  ( 0.000000000000000000, 1.000000000000000000, 0.000000000000000000 ) ) ;
#2379 = VERTEX_POINT ( 'NONE', #3799 ) ;
#2380 = ORIENTED_EDGE ( 'NONE', *, *, #3164, .T. ) ;
#2381 = EDGE_CURVE ( 'NONE', #3682, #5561, #1255, .T. ) ;
#2382 = EDGE_LOOP ( 'NONE', ( #3959, #1816, #4899, #8241, #4792, #1007, #3649, #3600 ) ) ;
#2383 = VECTOR ( 'NONE', #5319, 1000.000000000000000 ) ;
#2385 = LINE ( 'NONE', #6786, #6323 ) ;
#2384 = CIRCLE ( 'NONE', #10169, 12.50000000000000355 ) ;
#2386 = FACE_OUTER_BOUND ( 'NONE', #2212, .T. ) ;
#2387 = EDGE_CURVE ( 'NONE', #5285, #6768, #6251, .T. ) ;
#2388 = CARTESIAN_POINT ( 'NONE',  ( 46.58189872104514251, 80.55480016497972429, -15.60897897643324050 ) ) ;
#2389 = DIRECTION ( 'NONE',  ( -0.000000000000000000, -1.000000000000000000, -0.000000000000000000 ) ) ;
#2390 = ORIENTED_EDGE ( 'NONE', *, *, #8641, .T. ) ;
#2391 = ORIENTED_EDGE ( 'NONE', *, *, #8988, .T. ) ;
#2392 = ORIENTED_EDGE ( 'NONE', *, *, #5029, .F. ) ;
#2393 = DIRECTION ( 'NONE',  ( 0.000000000000000000, 1.000000000000000000, 0.000000000000000000 ) ) ;
#2394 = CIRCLE ( 'NONE', #9446, 2.499801894116557843 ) ;
#2395 = PRODUCT_DEFINITION_CONTEXT ( 'detailed design', #687, 'design' ) ;
#2396 = ORIENTED_EDGE ( 'NONE', *, *, #5990, .T. ) ;
#2397 = LINE ( 'NONE', #11067, #3134 ) ;
#2398 = DIRECTION ( 'NONE',  ( 1.000000000000000000, -0.000000000000000000, 1.335278419062900115E-16 ) ) ;
#2399 = FACE_OUTER_BOUND ( 'NONE', #4804, .T. ) ;
#2400 = FACE_OUTER_BOUND ( 'NONE', #7185, .T. ) ;
#2401 = EDGE_CURVE ( 'NONE', #4457, #370, #1377, .T. ) ;
#2402 = DIRECTION ( 'NONE',  ( 1.000000000000000000, 0.000000000000000000, 0.000000000000000000 ) ) ;
#2403 = DIRECTION ( 'NONE',  ( 1.000000000000000000, 0.000000000000000000, 1.335278419062900361E-16 ) ) ;
#2404 = FACE_BOUND ( 'NONE', #1744, .T. ) ;
#2405 = VERTEX_POINT ( 'NONE', #2166 ) ;
#2406 = EDGE_CURVE ( 'NONE', #6425, #10444, #2054, .T. ) ;
#2407 = CARTESIAN_POINT ( 'NONE',  ( -31.40689872104514180, 97.49999999999997158, -29.66122071973760299 ) ) ;
#2408 = ORIENTED_EDGE ( 'NONE', *, *, #8655, .T. ) ;
#2409 = VERTEX_POINT ( 'NONE', #10896 ) ;
#2410 = FACE_OUTER_BOUND ( 'NONE', #1203, .T. ) ;
#2411 = EDGE_CURVE ( 'NONE', #11149, #4128, #4264, .T. ) ;
#2412 = CARTESIAN_POINT ( 'NONE',  ( -11.25499999999998302, -27.00000000000000355, 13.89999999999999680 ) ) ;
#2413 = EDGE_CURVE ( 'NONE', #7303, #6749, #10724, .T. ) ;
#2414 = LINE ( 'NONE', #1571, #5086 ) ;
#2415 = CARTESIAN_POINT ( 'NONE',  ( -46.58189872104514251, 86.19928456797940441, 13.55926821917161540 ) ) ;
#2416 = VERTEX_POINT ( 'NONE', #8184 ) ;
#2417 = DIRECTION ( 'NONE',  ( 2.244742081187875711E-15, 1.000000000000000000, -0.000000000000000000 ) ) ;
#2418 = DIRECTION ( 'NONE',  ( -0.000000000000000000, -1.000000000000000000, -0.000000000000000000 ) ) ;
#2419 = EDGE_CURVE ( 'NONE', #4834, #4606, #2908, .T. ) ;
#2420 = EDGE_LOOP ( 'NONE', ( #9070, #9808, #3026, #889 ) ) ;
#2421 = ORIENTED_EDGE ( 'NONE', *, *, #9210, .F. ) ;
#2422 = VECTOR ( 'NONE', #8558, 1000.000000000000000 ) ;
#2423 = DIRECTION ( 'NONE',  ( -0.000000000000000000, 0.000000000000000000, 1.000000000000000000 ) ) ;
#2424 = LINE ( 'NONE', #5650, #10114 ) ;
#2425 = EDGE_CURVE ( 'NONE', #7522, #5210, #10062, .T. ) ;
#2426 = CARTESIAN_POINT ( 'NONE',  ( -5.000429496931849904, 119.8301161607049750, 36.89999999999999147 ) ) ;
#2427 = DIRECTION ( 'NONE',  ( -1.291517902910694707E-16, 0.5283341024775852768, -0.8490365576105686207 ) ) ;
#2428 = DIRECTION ( 'NONE',  ( -0.000000000000000000, -9.870233350266327087E-07, -0.9999999999995128341 ) ) ;
#2429 = CARTESIAN_POINT ( 'NONE',  ( -50.48689872104515075, 73.67999999411362921, 3.358530552390479595 ) ) ;
#2430 = LINE ( 'NONE', #7532, #1984 ) ;
#2431 = AXIS2_PLACEMENT_3D ( 'NONE', #8487, #9434, #10177 ) ;
#2432 = AXIS2_PLACEMENT_3D ( 'NONE', #10823, #5649, #2311 ) ;
#2433 = EDGE_LOOP ( 'NONE', ( #9675, #5589, #6846, #1971 ) ) ;
#2434 = EDGE_LOOP ( 'NONE', ( #2760, #1330, #2911, #5962 ) ) ;
#2435 = ORIENTED_EDGE ( 'NONE', *, *, #8901, .T. ) ;
#2436 = LINE ( 'NONE', #1594, #428 ) ;
#2437 = VECTOR ( 'NONE', #1139, 1000.000000000000000 ) ;
#2438 = DIRECTION ( 'NONE',  ( 3.225253814698723087E-30, -2.200494895530833667E-16, 1.000000000000000000 ) ) ;
#2439 = CARTESIAN_POINT ( 'NONE',  ( 50.02648654977334530, 6.349999999999999645, 21.38115427306259875 ) ) ;
#2440 = CARTESIAN_POINT ( 'NONE',  ( 46.58189872104513540, 72.64000000000000057, -26.48622071973760228 ) ) ;
#2441 = CARTESIAN_POINT ( 'NONE',  ( 46.58189872104514251, 75.48946397805705999, -8.504985928319609201 ) ) ;
#2442 = ORIENTED_EDGE ( 'NONE', *, *, #7814, .T. ) ;
#2443 = ORIENTED_EDGE ( 'NONE', *, *, #2485, .T. ) ;
#2444 = ORIENTED_EDGE ( 'NONE', *, *, #6559, .T. ) ;
#2445 = AXIS2_PLACEMENT_3D ( 'NONE', #7929, #157, #3620 ) ;
#2446 = LINE ( 'NONE', #5898, #4767 ) ;
#2447 = CYLINDRICAL_SURFACE ( 'NONE', #8317, 5.000000000000000000 ) ;
#2448 = CARTESIAN_POINT ( 'NONE',  ( 72.76808532237744487, 8.274999999999998579, 17.06344096711973890 ) ) ;
#2449 = CARTESIAN_POINT ( 'NONE',  ( -3.333863074174842733, 119.8513719020314028, 36.89999999999999147 ) ) ;
#2450 = DIRECTION ( 'NONE',  ( 0.000000000000000000, -1.000000000000000000, 1.365923996832131116E-16 ) ) ;
#2451 = CIRCLE ( 'NONE', #10787, 1.149999999999998135 ) ;
#2452 = CARTESIAN_POINT ( 'NONE',  ( -0.0004294969318460739593, 99.82583987928822467, 8.433509728450992782 ) ) ;
#2453 = CARTESIAN_POINT ( 'NONE',  ( -33.75499999999998124, 10.00000000000000000, -3.738845726937389813 ) ) ;
#2454 = ORIENTED_EDGE ( 'NONE', *, *, #6370, .F. ) ;
#2455 = VERTEX_POINT ( 'NONE', #396 ) ;
#2456 = CIRCLE ( 'NONE', #7167, 2.499999999999995115 ) ;
#2457 = ADVANCED_FACE ( 'NONE', ( #287, #5501, #8971, #3178 ), #5727, .T. ) ;
#2458 = ORIENTED_EDGE ( 'NONE', *, *, #7758, .T. ) ;
#2459 = CARTESIAN_POINT ( 'NONE',  ( -61.59000000000065711, 5.099999999999999645, 18.12419718570802019 ) ) ;
#2460 = DIRECTION ( 'NONE',  ( 0.000000000000000000, 0.000000000000000000, 1.000000000000000000 ) ) ;
#2461 = DIRECTION ( 'NONE',  ( 0.000000000000000000, -1.000000000000000000, 0.000000000000000000 ) ) ;
#2462 = DIRECTION ( 'NONE',  ( 6.544275553939909236E-12, 0.000000000000000000, 1.000000000000000000 ) ) ;
#2463 = ORIENTED_EDGE ( 'NONE', *, *, #10226, .T. ) ;
#2464 = AXIS2_PLACEMENT_3D ( 'NONE', #5157, #8844, #4520 ) ;
#2465 = LINE ( 'NONE', #5915, #6351 ) ;
#2466 = CARTESIAN_POINT ( 'NONE',  ( -30.03273860033339560, 96.12583987928823603, -4.426490271135110177 ) ) ;
#2467 = ORIENTED_EDGE ( 'NONE', *, *, #7748, .F. ) ;
#2468 = DIRECTION ( 'NONE',  ( -0.000000000000000000, -0.000000000000000000, -1.000000000000000000 ) ) ;
#2469 = ORIENTED_EDGE ( 'NONE', *, *, #5263, .F. ) ;
#2470 = EDGE_CURVE ( 'NONE', #5423, #9223, #7602, .T. ) ;
#2471 = EDGE_CURVE ( 'NONE', #1679, #7795, #2456, .T. ) ;
#2472 = AXIS2_PLACEMENT_3D ( 'NONE', #7355, #1910, #8833 ) ;
#2473 = ORIENTED_EDGE ( 'NONE', *, *, #9599, .F. ) ;
#2474 = CARTESIAN_POINT ( 'NONE',  ( -46.58189872104514251, 97.50000000000000000, 19.12967496797186939 ) ) ;
#2475 = EDGE_CURVE ( 'NONE', #3294, #4045, #5944, .T. ) ;
#2476 = ADVANCED_FACE ( 'NONE', ( #10206 ), #9304, .F. ) ;
#2477 = DIRECTION ( 'NONE',  ( -0.000000000000000000, 7.709882115452476934E-17, -1.000000000000000000 ) ) ;
#2478 = LINE ( 'NONE', #10936, #6520 ) ;
#2479 = DIRECTION ( 'NONE',  ( 1.000000000000000000, 0.000000000000000000, -8.863495325085417182E-17 ) ) ;
#2480 = FACE_OUTER_BOUND ( 'NONE', #9073, .T. ) ;
#2481 = FACE_OUTER_BOUND ( 'NONE', #2579, .T. ) ;
#2482 = DIRECTION ( 'NONE',  ( -0.7071067811865524577, 0.000000000000000000, 0.7071067811865425767 ) ) ;
#2483 = VERTEX_POINT ( 'NONE', #10148 ) ;
#2484 = ORIENTED_EDGE ( 'NONE', *, *, #9210, .T. ) ;
#2485 = EDGE_CURVE ( 'NONE', #5077, #3744, #9166, .T. ) ;
#2486 = EDGE_CURVE ( 'NONE', #8911, #2455, #5779, .T. ) ;
#2487 = EDGE_CURVE ( 'NONE', #5135, #6817, #6067, .T. ) ;
#2488 = CARTESIAN_POINT ( 'NONE',  ( 50.48689872104515075, 97.40000406513270548, -24.18005742219565946 ) ) ;
#2489 = CARTESIAN_POINT ( 'NONE',  ( 46.58189872104514251, 97.50000000000000000, 19.12967496797186939 ) ) ;
#2490 = DIRECTION ( 'NONE',  ( 0.000000000000000000, 0.000000000000000000, 1.000000000000000000 ) ) ;
#2491 = DIRECTION ( 'NONE',  ( 0.000000000000000000, 0.000000000000000000, 1.000000000000000000 ) ) ;
#2492 = CARTESIAN_POINT ( 'NONE',  ( 173.3018692371333032, 0.000000000000000000, -40.25769145387477721 ) ) ;
#2493 = ORIENTED_EDGE ( 'NONE', *, *, #9395, .F. ) ;
#2494 = EDGE_LOOP ( 'NONE', ( #768, #8684, #8640, #1690 ) ) ;
#2495 = VERTEX_POINT ( 'NONE', #5893 ) ;
#2496 = PLANE ( 'NONE',  #7670 ) ;
#2497 = VECTOR ( 'NONE', #3210, 1000.000000000000000 ) ;
#2498 = AXIS2_PLACEMENT_3D ( 'NONE', #3466, #2616, #6061 ) ;
#2499 = CARTESIAN_POINT ( 'NONE',  ( 29.99957050306814210, 109.8258398792882247, 11.89999999999998437 ) ) ;
#2500 = DIRECTION ( 'NONE',  ( -0.000000000000000000, 1.000000000000000000, -0.000000000000000000 ) ) ;
#2501 = CARTESIAN_POINT ( 'NONE',  ( 3.332821469654274171, 119.8513748760235558, 36.89999999999999147 ) ) ;
#2502 = CARTESIAN_POINT ( 'NONE',  ( -50.48689872104515075, 95.28999999999417980, -25.07998592831960849 ) ) ;
#2503 = CARTESIAN_POINT ( 'NONE',  ( 0.000000000000000000, -27.00000000000000355, -3.738845726937389813 ) ) ;
#2504 = ORIENTED_EDGE ( 'NONE', *, *, #2279, .T. ) ;
#2505 = DIRECTION ( 'NONE',  ( -1.593062912007103154E-16, -1.000000000000000000, -3.379057172586915751E-16 ) ) ;
#2506 = VERTEX_POINT ( 'NONE', #10037 ) ;
#2507 = AXIS2_PLACEMENT_3D ( 'NONE', #10404, #1676, #7738 ) ;
#2508 = CIRCLE ( 'NONE', #7401, 11.39100661779977841 ) ;
#2509 = ORIENTED_EDGE ( 'NONE', *, *, #9351, .T. ) ;
#2510 = ADVANCED_FACE ( 'NONE', ( #3127 ), #8519, .T. ) ;
#2511 = ORIENTED_EDGE ( 'NONE', *, *, #4075, .T. ) ;
#2512 = CIRCLE ( 'NONE', #342, 20.00000000000000000 ) ;
#2513 = DIRECTION ( 'NONE',  ( 0.000000000000000000, 0.000000000000000000, 1.000000000000000000 ) ) ;
#2514 = CYLINDRICAL_SURFACE ( 'NONE', #1804, 1.149999999999999689 ) ;
#2515 = VECTOR ( 'NONE', #2857, 1000.000000000000000 ) ;
#2516 = DIRECTION ( 'NONE',  ( -0.000000000000000000, 0.000000000000000000, -1.000000000000000000 ) ) ;
#2517 = EDGE_CURVE ( 'NONE', #10405, #1675, #790, .T. ) ;
#2518 = DIRECTION ( 'NONE',  ( 1.000000000000000000, -0.000000000000000000, -1.335278419062900115E-16 ) ) ;
#2519 = ORIENTED_EDGE ( 'NONE', *, *, #125, .T. ) ;
#2520 = DIRECTION ( 'NONE',  ( -0.000000000000000000, -1.000000000000000000, -0.000000000000000000 ) ) ;
#2521 = AXIS2_PLACEMENT_3D ( 'NONE', #1891, #1263, #7279 ) ;
#2522 = VERTEX_POINT ( 'NONE', #2441 ) ;
#2523 = AXIS2_PLACEMENT_3D ( 'NONE', #2452, #1498, #5904 ) ;
#2524 = EDGE_LOOP ( 'NONE', ( #6015, #4883, #123, #2349, #8228, #2721, #5674, #11061 ) ) ;
#2525 = ORIENTED_EDGE ( 'NONE', *, *, #4404, .F. ) ;
#2526 = CARTESIAN_POINT ( 'NONE',  ( 24.99957050306814210, 124.8258398792882247, 11.89999999999998437 ) ) ;
#2527 = DIRECTION ( 'NONE',  ( -1.000000000000000000, 0.000000000000000000, 0.000000000000000000 ) ) ;
#2528 = VECTOR ( 'NONE', #5280, 1000.000000000000000 ) ;
#2529 = CIRCLE ( 'NONE', #2335, 5.499999999999971578 ) ;
#2530 = DIRECTION ( 'NONE',  ( -1.000000000000000000, 0.000000000000000000, -0.000000000000000000 ) ) ;
#2531 = DIRECTION ( 'NONE',  ( -1.000000000000000000, -2.206006732456125847E-15, 0.000000000000000000 ) ) ;
#2532 = DIRECTION ( 'NONE',  ( 0.000000000000000000, -1.000000000000000000, 0.000000000000000000 ) ) ;
#2533 = EDGE_CURVE ( 'NONE', #10172, #1449, #8414, .T. ) ;
#2534 = CARTESIAN_POINT ( 'NONE',  ( -41.55000000000002558, 98.32583987928822467, 22.30467496797187010 ) ) ;
#2535 = CARTESIAN_POINT ( 'NONE',  ( -79.61249999999999716, -3.186125824014206308E-16, -3.564823903641045622 ) ) ;
#2536 = LINE ( 'NONE', #3282, #8155 ) ;
#2537 = VERTEX_POINT ( 'NONE', #9360 ) ;
#2538 = ORIENTED_EDGE ( 'NONE', *, *, #7277, .T. ) ;
#2539 = ADVANCED_FACE ( 'NONE', ( #1598 ), #2640, .F. ) ;
#2540 = CARTESIAN_POINT ( 'NONE',  ( -43.40689872104514535, 95.28999999999417980, -0.6299859283196082016 ) ) ;
#2541 = ORIENTED_EDGE ( 'NONE', *, *, #890, .F. ) ;
#2542 = DIRECTION ( 'NONE',  ( 0.9999628129921691588, -0.008623956910148137742, -8.405373552035476396E-17 ) ) ;
#2543 = FACE_OUTER_BOUND ( 'NONE', #5838, .T. ) ;
#2544 = CARTESIAN_POINT ( 'NONE',  ( -73.96808532237744771, 8.274999999999998579, 0.5788675790057360437 ) ) ;
#2545 = AXIS2_PLACEMENT_3D ( 'NONE', #419, #4614, #5638 ) ;
#2546 = CARTESIAN_POINT ( 'NONE',  ( -13.75499999999998479, 4.249377385370907589, 13.89999999999999680 ) ) ;
#2547 = EDGE_CURVE ( 'NONE', #3447, #3915, #11114, .T. ) ;
#2548 = FACE_OUTER_BOUND ( 'NONE', #11150, .T. ) ;
#2549 = EDGE_LOOP ( 'NONE', ( #1519, #638 ) ) ;
#2550 = DIRECTION ( 'NONE',  ( 0.7071067811865426878, -0.000000000000000000, -0.7071067811865524577 ) ) ;
#2551 = VERTEX_POINT ( 'NONE', #3234 ) ;
#2552 = ORIENTED_EDGE ( 'NONE', *, *, #300, .F. ) ;
#2553 = ADVANCED_FACE ( 'NONE', ( #6789 ), #5101, .F. ) ;
#2554 = DIRECTION ( 'NONE',  ( -1.000000000000000000, 0.000000000000000000, 1.335278419062900361E-16 ) ) ;
#2555 = AXIS2_PLACEMENT_3D ( 'NONE', #7791, #1778, #298 ) ;
#2556 = VECTOR ( 'NONE', #8702, 1000.000000000000000 ) ;
#2557 = DIRECTION ( 'NONE',  ( 1.000000000000000000, 0.000000000000000000, -1.335278419062900361E-16 ) ) ;
#2558 = PLANE ( 'NONE',  #2498 ) ;
#2559 = DIRECTION ( 'NONE',  ( -0.000000000000000000, -1.000000000000000000, -0.000000000000000000 ) ) ;
#2560 = DIRECTION ( 'NONE',  ( -0.000000000000000000, -0.000000000000000000, -1.000000000000000000 ) ) ;
#2561 = DIRECTION ( 'NONE',  ( 0.000000000000000000, 0.000000000000000000, 1.000000000000000000 ) ) ;
#2562 = LINE ( 'NONE', #2244, #1257 ) ;
#2563 = CARTESIAN_POINT ( 'NONE',  ( 69.19999999999558327, -4.758722840904693996, -40.25769145387477721 ) ) ;
#2564 = CARTESIAN_POINT ( 'NONE',  ( -73.96808532237744771, 5.099999999999999645, 17.06344096893413820 ) ) ;
#2565 = AXIS2_PLACEMENT_3D ( 'NONE', #2719, #4411, #3622 ) ;
#2566 = CIRCLE ( 'NONE', #7281, 25.00000000000000000 ) ;
#2567 = ORIENTED_EDGE ( 'NONE', *, *, #9883, .F. ) ;
#2568 = EDGE_LOOP ( 'NONE', ( #4926, #3327, #9721, #10709 ) ) ;
#2569 = VERTEX_POINT ( 'NONE', #7708 ) ;
#2570 = VECTOR ( 'NONE', #7123, 1000.000000000000000 ) ;
#2571 = VERTEX_POINT ( 'NONE', #6570 ) ;
#2572 = CARTESIAN_POINT ( 'NONE',  ( -50.48689872104515075, 94.56476577691782381, -8.504985928319962696 ) ) ;
#2573 = FACE_OUTER_BOUND ( 'NONE', #5390, .T. ) ;
#2574 = CARTESIAN_POINT ( 'NONE',  ( 76.81501998216512561, 8.274999999999998579, -2.578845727014059008 ) ) ;
#2575 = EDGE_LOOP ( 'NONE', ( #1316, #5587, #1009, #2239 ) ) ;
#2576 = FACE_OUTER_BOUND ( 'NONE', #1504, .T. ) ;
#2577 = ORIENTED_EDGE ( 'NONE', *, *, #374, .T. ) ;
#2578 = DIRECTION ( 'NONE',  ( 0.000000000000000000, 0.000000000000000000, -1.000000000000000000 ) ) ;
#2579 = EDGE_LOOP ( 'NONE', ( #6617, #1736, #6327, #3399 ) ) ;
#2580 = VERTEX_POINT ( 'NONE', #9193 ) ;
#2581 = ORIENTED_EDGE ( 'NONE', *, *, #6214, .T. ) ;
#2582 = FACE_OUTER_BOUND ( 'NONE', #5176, .T. ) ;
#2583 = AXIS2_PLACEMENT_3D ( 'NONE', #5080, #3329, #1789 ) ;
#2585 = LINE ( 'NONE', #6033, #893 ) ;
#2584 = AXIS2_PLACEMENT_3D ( 'NONE', #4354, #3621, #5206 ) ;
#2586 = PLANE ( 'NONE',  #9748 ) ;
#2587 = DIRECTION ( 'NONE',  ( -1.593062912007103154E-16, -1.000000000000000000, -7.965314560035515770E-17 ) ) ;
#2588 = DIRECTION ( 'NONE',  ( 0.000000000000000000, 0.000000000000000000, -1.000000000000000000 ) ) ;
#2589 = ORIENTED_EDGE ( 'NONE', *, *, #10915, .F. ) ;
#2590 = CARTESIAN_POINT ( 'NONE',  ( 8.384417448447280208, 90.00000000000000000, 20.56133305600576122 ) ) ;
#2591 = CARTESIAN_POINT ( 'NONE',  ( -42.55000000000002558, 92.50000000000000000, 22.30467496797187010 ) ) ;
#2592 = DIRECTION ( 'NONE',  ( 1.000000000000000000, 0.000000000000000000, 1.335278419062900361E-16 ) ) ;
#2593 = EDGE_LOOP ( 'NONE', ( #4360, #5050, #3347, #3573 ) ) ;
#2594 = VERTEX_POINT ( 'NONE', #1423 ) ;
#2595 = VECTOR ( 'NONE', #3297, 1000.000000000000000 ) ;
#2596 = ADVANCED_FACE ( 'NONE', ( #4879 ), #561, .T. ) ;
#2597 = DIRECTION ( 'NONE',  ( 9.441838556761622021E-17, 0.7071072074758634196, 0.7071063548969745982 ) ) ;
#2598 = FACE_OUTER_BOUND ( 'NONE', #6737, .T. ) ;
#2599 = DIRECTION ( 'NONE',  ( 1.000000000000000000, 0.000000000000000000, 1.335278419062900361E-16 ) ) ;
#2600 = CARTESIAN_POINT ( 'NONE',  ( -8.300429496984971678, 99.82583987928822467, 15.71614540591397358 ) ) ;
#2601 = DIRECTION ( 'NONE',  ( -0.000000000000000000, -1.000000000000000000, -0.000000000000000000 ) ) ;
#2602 = CIRCLE ( 'NONE', #7497, 1.150000000000001688 ) ;
#2603 = ADVANCED_FACE ( 'NONE', ( #9697 ), #161, .F. ) ;
#2604 = LINE ( 'NONE', #7873, #2029 ) ;
#2605 = CIRCLE ( 'NONE', #6940, 2.499801894095356136 ) ;
#2606 = CARTESIAN_POINT ( 'NONE',  ( 43.40689872104513825, 90.00000000000000000, -29.66122071973760299 ) ) ;
#2607 = ORIENTED_EDGE ( 'NONE', *, *, #1459, .F. ) ;
#2608 = CARTESIAN_POINT ( 'NONE',  ( -1.719188405068635017, 124.2291253805701530, -20.03649027155043782 ) ) ;
#2609 = ORIENTED_EDGE ( 'NONE', *, *, #738, .T. ) ;
#2610 = ORIENTED_EDGE ( 'NONE', *, *, #665, .T. ) ;
#2611 = CARTESIAN_POINT ( 'NONE',  ( 52.36501998304115091, 8.274999999999998579, 19.07115427297831900 ) ) ;
#2612 = EDGE_CURVE ( 'NONE', #6296, #2580, #7234, .T. ) ;
#2613 = VECTOR ( 'NONE', #497, 1000.000000000000227 ) ;
#2614 = EDGE_CURVE ( 'NONE', #3056, #1990, #6844, .T. ) ;
#2615 = VERTEX_POINT ( 'NONE', #2606 ) ;
#2616 = DIRECTION ( 'NONE',  ( -0.9999999999979246601, 0.000000000000000000, -2.037326371931608774E-06 ) ) ;
#2617 = CARTESIAN_POINT ( 'NONE',  ( 30.99957050306814210, 110.8258398792882247, 4.963509728450988590 ) ) ;
#2618 = CARTESIAN_POINT ( 'NONE',  ( -4.247708971010254686, 124.4792710389978652, -20.03649027154900253 ) ) ;
#2619 = DIRECTION ( 'NONE',  ( 0.000000000000000000, -0.000000000000000000, 1.000000000000000000 ) ) ;
#2620 = ADVANCED_FACE ( 'NONE', ( #1811 ), #1018, .T. ) ;
#2621 = PRESENTATION_STYLE_ASSIGNMENT (( #11124 ) ) ;
#2622 = ADVANCED_FACE ( 'NONE', ( #6959 ), #5724, .T. ) ;
#2623 = LINE ( 'NONE', #6976, #3428 ) ;
#2624 = DIRECTION ( 'NONE',  ( 1.000000000000000000, -0.000000000000000000, -0.000000000000000000 ) ) ;
#2625 = AXIS2_PLACEMENT_3D ( 'NONE', #10703, #2150, #9744 ) ;
#2626 = ORIENTED_EDGE ( 'NONE', *, *, #7729, .F. ) ;
#2627 = ORIENTED_EDGE ( 'NONE', *, *, #8858, .T. ) ;
#2628 = ORIENTED_EDGE ( 'NONE', *, *, #683, .T. ) ;
#2629 = EDGE_CURVE ( 'NONE', #2784, #3223, #7932, .T. ) ;
#2630 = EDGE_CURVE ( 'NONE', #8443, #9026, #7536, .T. ) ;
#2631 = CONICAL_SURFACE ( 'NONE', #10236, 5.499999999999973355, 0.9599310885968850293 ) ;
#2632 = EDGE_LOOP ( 'NONE', ( #5817, #6725, #7747, #1964 ) ) ;
#2633 = DIRECTION ( 'NONE',  ( 0.000000000000000000, 0.000000000000000000, -1.000000000000000000 ) ) ;
#2634 = CARTESIAN_POINT ( 'NONE',  ( -50.48689872104515075, 95.63999999999417412, -2.374168628343574117 ) ) ;
#2635 = DIRECTION ( 'NONE',  ( -7.054731250932863595E-17, 0.8490365576105686207, 0.5283341024775853878 ) ) ;
#2636 = VERTEX_POINT ( 'NONE', #10538 ) ;
#2637 = DIRECTION ( 'NONE',  ( 0.000000000000000000, 1.000000000000000000, 0.000000000000000000 ) ) ;
#2638 = ORIENTED_EDGE ( 'NONE', *, *, #4852, .F. ) ;
#2639 = CARTESIAN_POINT ( 'NONE',  ( 13.75500000000000433, -24.89937738537090794, 7.542308546125213731 ) ) ;
#2640 = CONICAL_SURFACE ( 'NONE', #8081, 5.700207538209718372, 0.6108652381980274049 ) ;
#2641 = ORIENTED_EDGE ( 'NONE', *, *, #9449, .T. ) ;
#2642 = ORIENTED_EDGE ( 'NONE', *, *, #10788, .F. ) ;
#2643 = DIRECTION ( 'NONE',  ( 0.000000000000000000, 0.000000000000000000, 1.000000000000000000 ) ) ;
#2644 = VECTOR ( 'NONE', #5374, 1000.000000000000000 ) ;
#2645 = CARTESIAN_POINT ( 'NONE',  ( 43.40689872104514535, 95.63999999999417412, -2.374168628343573229 ) ) ;
#2646 = CARTESIAN_POINT ( 'NONE',  ( 76.81501998216515403, 8.274999999999998579, 19.07115427298596089 ) ) ;
#2647 = LINE ( 'NONE', #5251, #6056 ) ;
#2648 = VERTEX_POINT ( 'NONE', #2546 ) ;
#2649 = LINE ( 'NONE', #4398, #574 ) ;
#2650 = DIRECTION ( 'NONE',  ( 1.000000000000000000, 0.000000000000000000, -1.066750355020279212E-16 ) ) ;
#2651 = CARTESIAN_POINT ( 'NONE',  ( 73.96808532237744771, 5.099999999999999645, 17.06344096893413820 ) ) ;
#2652 = ORIENTED_EDGE ( 'NONE', *, *, #9277, .F. ) ;
#2653 = EDGE_LOOP ( 'NONE', ( #707, #5466, #7714, #1360 ) ) ;
#2654 = VECTOR ( 'NONE', #2247, 1000.000000000000000 ) ;
#2655 = ORIENTED_EDGE ( 'NONE', *, *, #8297, .T. ) ;
#2656 = CARTESIAN_POINT ( 'NONE',  ( 0.000000000000000000, 90.00000000000000000, 0.000000000000000000 ) ) ;
#2657 = DIRECTION ( 'NONE',  ( 1.000000000000000000, 0.000000000000000000, 9.169294481193143764E-14 ) ) ;
#2658 = DIRECTION ( 'NONE',  ( 0.000000000000000000, 0.5735764363510428288, -0.8191520442889941300 ) ) ;
#2659 = LINE ( 'NONE', #9315, #3144 ) ;
#2660 = DIRECTION ( 'NONE',  ( -1.000000000000000000, 0.000000000000000000, 1.335278419062900361E-16 ) ) ;
#2661 = DIRECTION ( 'NONE',  ( 0.000000000000000000, -1.000000000000000000, 0.000000000000000000 ) ) ;
#2662 =( BOUNDED_SURFACE ( )  B_SPLINE_SURFACE ( 3, 2, ( 
 ( #702, #4108, #7569 ),
 ( #9378, #8377, #7459 ),
 ( #4904, #11033, #3315 ),
 ( #6594, #6761, #2245 ) ),
 .UNSPECIFIED., .F., .F., .F. ) 
 B_SPLINE_SURFACE_WITH_KNOTS ( ( 4, 4 ),
 ( 3, 3 ),
 ( 0.01213006595044237301, 0.01313628089671389776 ),
 ( 0.000000000000000000, 1.000000000000000000 ),
 .UNSPECIFIED. ) 
 GEOMETRIC_REPRESENTATION_ITEM ( )  RATIONAL_B_SPLINE_SURFACE ( (
 ( 1.000000000000000000, 0.7212633665191349186, 1.000000000000000000),
 ( 1.000000000000000000, 0.7164963675770881224, 1.000000000000000000),
 ( 1.000000000000000000, 0.7117770367767228823, 1.000000000000000000),
 ( 1.000000000000000000, 0.7071067811865465735, 1.000000000000000000) ) ) 
 REPRESENTATION_ITEM ( '' )  SURFACE ( )  );
#2663 = ORIENTED_EDGE ( 'NONE', *, *, #9839, .F. ) ;
#2664 = DIRECTION ( 'NONE',  ( 1.000000000000000000, 0.000000000000000000, -1.091641407263116552E-13 ) ) ;
#2665 = EDGE_CURVE ( 'NONE', #10170, #4694, #9892, .T. ) ;
#2666 = ORIENTED_EDGE ( 'NONE', *, *, #10516, .F. ) ;
#2667 = VERTEX_POINT ( 'NONE', #1866 ) ;
#2668 = CARTESIAN_POINT ( 'NONE',  ( 6.039365524032788812, 90.00000000000000000, -6.039365523745035880 ) ) ;
#2669 = VERTEX_POINT ( 'NONE', #6223 ) ;
#2670 = CARTESIAN_POINT ( 'NONE',  ( 69.20000000000479190, 5.099999999999999645, -3.738845726937403580 ) ) ;
#2671 = FACE_OUTER_BOUND ( 'NONE', #9921, .T. ) ;
#2672 = LINE ( 'NONE', #6121, #3618 ) ;
#2673 = DIRECTION ( 'NONE',  ( -8.863495325085417182E-17, 0.000000000000000000, 1.000000000000000000 ) ) ;
#2674 = EDGE_CURVE ( 'NONE', #4085, #7050, #1925, .T. ) ;
#2675 = EDGE_CURVE ( 'NONE', #4927, #6765, #6051, .T. ) ;
#2676 = VERTEX_POINT ( 'NONE', #1756 ) ;
#2677 = ORIENTED_EDGE ( 'NONE', *, *, #5465, .F. ) ;
#2678 = ADVANCED_FACE ( 'NONE', ( #8739 ), #8624, .F. ) ;
#2679 = CARTESIAN_POINT ( 'NONE',  ( 0.000000000000000000, 124.8258398792882247, 0.000000000000000000 ) ) ;
#2680 = EDGE_CURVE ( 'NONE', #1928, #4137, #907, .T. ) ;
#2681 = CARTESIAN_POINT ( 'NONE',  ( 72.76808532237744487, 5.099999999999999645, 17.06344096711973890 ) ) ;
#2682 = CARTESIAN_POINT ( 'NONE',  ( -51.69999999999999574, -6.870915176914293987, 63.21800789427800282 ) ) ;
#2683 = DIRECTION ( 'NONE',  ( 0.000000000000000000, 0.000000000000000000, 1.000000000000000000 ) ) ;
#2684 = VECTOR ( 'NONE', #9282, 999.9999999999998863 ) ;
#2685 = ORIENTED_EDGE ( 'NONE', *, *, #8926, .T. ) ;
#2686 = VECTOR ( 'NONE', #4807, 1000.000000000000000 ) ;
#2687 = DIRECTION ( 'NONE',  ( 0.000000000000000000, 0.000000000000000000, -1.000000000000000000 ) ) ;
#2688 = PLANE ( 'NONE',  #3944 ) ;
#2689 = EDGE_CURVE ( 'NONE', #3869, #55, #7822, .T. ) ;
#2690 = ORIENTED_EDGE ( 'NONE', *, *, #5247, .T. ) ;
#2691 = CARTESIAN_POINT ( 'NONE',  ( -50.48689872104515075, 95.63999999999417412, -7.959769997217391868 ) ) ;
#2692 = ORIENTED_EDGE ( 'NONE', *, *, #3448, .F. ) ;
#2693 = EDGE_CURVE ( 'NONE', #7426, #103, #4299, .T. ) ;
#2694 = VERTEX_POINT ( 'NONE', #11231 ) ;
#2695 = CIRCLE ( 'NONE', #10115, 1.149999999999998135 ) ;
#2696 = ORIENTED_EDGE ( 'NONE', *, *, #2321, .F. ) ;
#2697 = AXIS2_PLACEMENT_3D ( 'NONE', #9704, #224, #2900 ) ;
#2698 = PLANE ( 'NONE',  #6741 ) ;
#2699 = LINE ( 'NONE', #3492, #1437 ) ;
#2700 = FACE_OUTER_BOUND ( 'NONE', #9542, .T. ) ;
#2701 = LINE ( 'NONE', #8610, #2280 ) ;
#2702 = EDGE_LOOP ( 'NONE', ( #9405, #9500, #8567, #5647, #137 ) ) ;
#2703 = CARTESIAN_POINT ( 'NONE',  ( 50.48689872104515075, 74.78999999999417980, -0.6299859283196093118 ) ) ;
#2704 = DIRECTION ( 'NONE',  ( 0.000000000000000000, -0.000000000000000000, -1.000000000000000000 ) ) ;
#2705 = VECTOR ( 'NONE', #6556, 1000.000000000000000 ) ;
#2706 = EDGE_CURVE ( 'NONE', #7299, #8129, #3455, .T. ) ;
#2707 = CARTESIAN_POINT ( 'NONE',  ( 43.40689872104514535, 95.28999999999417980, -22.77998592831961133 ) ) ;
#2708 = CIRCLE ( 'NONE', #4150, 1.149999999999999023 ) ;
#2709 = VERTEX_POINT ( 'NONE', #1297 ) ;
#2710 = ORIENTED_EDGE ( 'NONE', *, *, #355, .T. ) ;
#2711 = DIRECTION ( 'NONE',  ( 0.9987562846726890653, 0.000000000000000000, -0.04985863843715404586 ) ) ;
#2712 = ORIENTED_EDGE ( 'NONE', *, *, #10409, .F. ) ;
#2713 = VECTOR ( 'NONE', #3417, 1000.000000000000114 ) ;
#2714 = PLANE ( 'NONE',  #9855 ) ;
#2715 = VECTOR ( 'NONE', #3066, 1000.000000000000000 ) ;
#2716 = LINE ( 'NONE', #6163, #9216 ) ;
#2717 = DIRECTION ( 'NONE',  ( 0.000000000000000000, 0.000000000000000000, 1.000000000000000000 ) ) ;
#2718 = DIRECTION ( 'NONE',  ( 0.000000000000000000, 0.000000000000000000, -1.000000000000000000 ) ) ;
#2719 = CARTESIAN_POINT ( 'NONE',  ( 69.50000000000001421, -4.758722840904973772, 143.6261611216363576 ) ) ;
#2720 = EDGE_CURVE ( 'NONE', #3869, #234, #9125, .T. ) ;
#2721 = ORIENTED_EDGE ( 'NONE', *, *, #8399, .F. ) ;
#2722 = LINE ( 'NONE', #162, #981 ) ;
#2723 = CIRCLE ( 'NONE', #10317, 24.20000000000000639 ) ;
#2724 = ORIENTED_EDGE ( 'NONE', *, *, #10372, .T. ) ;
#2725 = EDGE_LOOP ( 'NONE', ( #1780, #10496, #8242, #949, #8605, #2511, #3581, #412, #8975, #2813, #464, #10208 ) ) ;
#2726 = CARTESIAN_POINT ( 'NONE',  ( 50.48689872104515075, 74.43999999999417128, -7.959769997217391868 ) ) ;
#2727 = ORIENTED_EDGE ( 'NONE', *, *, #8246, .F. ) ;
#2728 = DIRECTION ( 'NONE',  ( -0.000000000000000000, -1.000000000000000000, -0.000000000000000000 ) ) ;
#2729 = CARTESIAN_POINT ( 'NONE',  ( -33.11062444888669631, 97.50000000000000000, 21.29350972850267709 ) ) ;
#2730 = DIRECTION ( 'NONE',  ( -1.000000000000000000, 0.000000000000000000, 1.335278419062900361E-16 ) ) ;
#2731 = DIRECTION ( 'NONE',  ( 0.000000000000000000, -0.000000000000000000, 1.000000000000000000 ) ) ;
#2732 = CARTESIAN_POINT ( 'NONE',  ( -51.69999999999999574, 109.8258398792882247, 63.21800789427800282 ) ) ;
#2733 = ORIENTED_EDGE ( 'NONE', *, *, #8041, .F. ) ;
#2734 = CARTESIAN_POINT ( 'NONE',  ( -77.61249999996866222, 82.35514882866895903, -40.25769145387477010 ) ) ;
#2735 = VECTOR ( 'NONE', #3995, 1000.000000000000000 ) ;
#2736 = ORIENTED_EDGE ( 'NONE', *, *, #2680, .T. ) ;
#2737 = VERTEX_POINT ( 'NONE', #9862 ) ;
#2738 = AXIS2_PLACEMENT_3D ( 'NONE', #3897, #4744, #3833 ) ;
#2739 = LINE ( 'NONE', #180, #7966 ) ;
#2740 = ADVANCED_FACE ( 'NONE', ( #10643 ), #3051, .F. ) ;
#2741 = VECTOR ( 'NONE', #5183, 1000.000000000000000 ) ;
#2742 = DIRECTION ( 'NONE',  ( -1.000000000000000000, -1.593062912007103154E-16, -1.228232725407420948E-32 ) ) ;
#2743 = AXIS2_PLACEMENT_3D ( 'NONE', #8738, #6958, #4519 ) ;
#2744 = CARTESIAN_POINT ( 'NONE',  ( 4.999570503068137661, 110.8258398792882247, 4.963509728450993919 ) ) ;
#2745 = CARTESIAN_POINT ( 'NONE',  ( -82.61250000000001137, 18.27499999999995239, 19.62763407003635763 ) ) ;
#2746 = AXIS2_PLACEMENT_3D ( 'NONE', #9499, #2635, #1727 ) ;
#2747 = CARTESIAN_POINT ( 'NONE',  ( -76.81501998216512561, 8.274999999999998579, -1.428845727014055988 ) ) ;
#2748 = EDGE_CURVE ( 'NONE', #8535, #8121, #9012, .T. ) ;
#2749 = CARTESIAN_POINT ( 'NONE',  ( -81.84979246179028678, 66.63999999999998636, 10.39999999999999325 ) ) ;
#2750 = CARTESIAN_POINT ( 'NONE',  ( -20.50068315390130635, 96.12583987928823603, 21.29350972844751055 ) ) ;
#2751 = VERTEX_POINT ( 'NONE', #8115 ) ;
#2752 = VERTEX_POINT ( 'NONE', #7368 ) ;
#2753 = CIRCLE ( 'NONE', #942, 2.499806426103014179 ) ;
#2754 = ORIENTED_EDGE ( 'NONE', *, *, #1658, .F. ) ;
#2755 = EDGE_CURVE ( 'NONE', #531, #1728, #3678, .T. ) ;
#2756 = ADVANCED_FACE ( 'NONE', ( #6336, #3900, #1130 ), #3728, .F. ) ;
#2757 = CARTESIAN_POINT ( 'NONE',  ( -50.48689872104515075, 78.54000537782802382, -2.374168628343575449 ) ) ;
#2758 = DIRECTION ( 'NONE',  ( 0.000000000000000000, 1.000000000000000000, 0.000000000000000000 ) ) ;
#2759 = AXIS2_PLACEMENT_3D ( 'NONE', #9279, #6538, #4847 ) ;
#2760 = ORIENTED_EDGE ( 'NONE', *, *, #9449, .F. ) ;
#2761 = EDGE_CURVE ( 'NONE', #8117, #1928, #7195, .T. ) ;
#2762 = DIRECTION ( 'NONE',  ( 0.000000000000000000, 1.000000000000000000, 0.000000000000000000 ) ) ;
#2763 = CIRCLE ( 'NONE', #8746, 1.149999999999994804 ) ;
#2764 = DIRECTION ( 'NONE',  ( -0.000000000000000000, -1.000000000000000000, 0.000000000000000000 ) ) ;
#2765 = DIRECTION ( 'NONE',  ( 0.000000000000000000, 1.000000000000000000, 0.000000000000000000 ) ) ;
#2766 = FACE_OUTER_BOUND ( 'NONE', #6455, .T. ) ;
#2767 = VERTEX_POINT ( 'NONE', #9918 ) ;
#2768 = VERTEX_POINT ( 'NONE', #7311 ) ;
#2769 = CARTESIAN_POINT ( 'NONE',  ( -29.00040951394596078, 96.12583987928823603, 18.68350972841953350 ) ) ;
#2770 = EDGE_LOOP ( 'NONE', ( #11212, #4293, #7839, #134 ) ) ;
#2771 = AXIS2_PLACEMENT_3D ( 'NONE', #1233, #2830, #2996 ) ;
#2772 = PLANE ( 'NONE',  #3298 ) ;
#2773 = LINE ( 'NONE', #1126, #69 ) ;
#2774 = EDGE_CURVE ( 'NONE', #1050, #10329, #3012, .T. ) ;
#2775 = EDGE_CURVE ( 'NONE', #4326, #5303, #2949, .T. ) ;
#2776 = DIRECTION ( 'NONE',  ( -0.000000000000000000, 1.000000000000000000, -0.000000000000000000 ) ) ;
#2777 = CARTESIAN_POINT ( 'NONE',  ( -8.300429496927989703, 99.82583987928822467, -1.816490271607134721 ) ) ;
#2778 = CARTESIAN_POINT ( 'NONE',  ( 82.54999999999999716, 61.63999999999999346, 5.399999999999991473 ) ) ;
#2779 = DIRECTION ( 'NONE',  ( 0.000000000000000000, 0.000000000000000000, -1.000000000000000000 ) ) ;
#2780 = DIRECTION ( 'NONE',  ( 0.000000000000000000, 1.000000000000000000, 0.000000000000000000 ) ) ;
#2781 = CIRCLE ( 'NONE', #7662, 5.499999999999971578 ) ;
#2782 = DIRECTION ( 'NONE',  ( 0.000000000000000000, -1.000000000000000000, 0.000000000000000000 ) ) ;
#2783 = ORIENTED_EDGE ( 'NONE', *, *, #9149, .F. ) ;
#2784 = VERTEX_POINT ( 'NONE', #9068 ) ;
#2785 = ORIENTED_EDGE ( 'NONE', *, *, #8783, .T. ) ;
#2786 = CARTESIAN_POINT ( 'NONE',  ( 50.48689872104515075, 75.48946397805705999, -8.504985928319609201 ) ) ;
#2787 = VECTOR ( 'NONE', #5763, 1000.000000000000000 ) ;
#2788 = DIRECTION ( 'NONE',  ( -1.000000000000000000, 0.000000000000000000, 8.936595925086526584E-12 ) ) ;
#2789 = DIRECTION ( 'NONE',  ( -0.000000000000000000, 1.000000000000000000, -0.000000000000000000 ) ) ;
#2790 = CYLINDRICAL_SURFACE ( 'NONE', #916, 2.499806426103014179 ) ;
#2791 = DIRECTION ( 'NONE',  ( 0.000000000000000000, 0.000000000000000000, 1.000000000000000000 ) ) ;
#2792 = PLANE ( 'NONE',  #2101 ) ;
#2793 = VERTEX_POINT ( 'NONE', #8959 ) ;
#2794 = CARTESIAN_POINT ( 'NONE',  ( -77.61249999996866222, 90.00000000000000000, -37.08269145387477295 ) ) ;
#2795 = ORIENTED_EDGE ( 'NONE', *, *, #7110, .T. ) ;
#2796 = AXIS2_PLACEMENT_3D ( 'NONE', #10275, #11189, #3416 ) ;
#2797 = ORIENTED_EDGE ( 'NONE', *, *, #7315, .F. ) ;
#2798 = AXIS2_PLACEMENT_3D ( 'NONE', #7705, #4238, #97 ) ;
#2799 = FACE_OUTER_BOUND ( 'NONE', #9332, .T. ) ;
#2800 = CARTESIAN_POINT ( 'NONE',  ( 81.55000000000001137, 66.63999999999998636, -5.257691453874765664 ) ) ;
#2801 = DIRECTION ( 'NONE',  ( 0.000000000000000000, 0.7071072074758637527, 0.7071063548969742651 ) ) ;
#2802 = AXIS2_PLACEMENT_3D ( 'NONE', #6513, #9986, #2221 ) ;
#2803 = LINE ( 'NONE', #3700, #6527 ) ;
#2804 = ORIENTED_EDGE ( 'NONE', *, *, #1887, .T. ) ;
#2805 = FACE_OUTER_BOUND ( 'NONE', #9145, .T. ) ;
#2806 = CARTESIAN_POINT ( 'NONE',  ( 8.109768608907268472, 79.82583987928821045, 17.30073093263340667 ) ) ;
#2807 = ORIENTED_EDGE ( 'NONE', *, *, #7277, .F. ) ;
#2808 = EDGE_CURVE ( 'NONE', #7898, #7875, #4632, .T. ) ;
#2809 = CARTESIAN_POINT ( 'NONE',  ( -50.02648654977334530, 8.274999999999998579, 24.62763407003638960 ) ) ;
#2810 = CARTESIAN_POINT ( 'NONE',  ( 72.76808532600743717, 8.274999999999998579, -0.6211324209942660213 ) ) ;
#2811 = ORIENTED_EDGE ( 'NONE', *, *, #7202, .F. ) ;
#2812 = ORIENTED_EDGE ( 'NONE', *, *, #1856, .T. ) ;
#2813 = ORIENTED_EDGE ( 'NONE', *, *, #9687, .T. ) ;
#2814 = CYLINDRICAL_SURFACE ( 'NONE', #11085, 1.149999999999998135 ) ;
#2815 = DIRECTION ( 'NONE',  ( 0.000000000000000000, 0.000000000000000000, 1.000000000000000000 ) ) ;
#2816 = LINE ( 'NONE', #6857, #4873 ) ;
#2817 = CARTESIAN_POINT ( 'NONE',  ( 46.58189872104514251, 97.40000406513269127, 5.861874929533527451E-15 ) ) ;
#2818 = ORIENTED_EDGE ( 'NONE', *, *, #9213, .F. ) ;
#2819 = CIRCLE ( 'NONE', #10596, 5.000000000000000888 ) ;
#2820 = CARTESIAN_POINT ( 'NONE',  ( -50.48689872104515075, 95.28999999999417980, -23.92998592831960991 ) ) ;
#2821 = DIRECTION ( 'NONE',  ( 1.244710735207247931E-32, 1.000000000000000000, 8.182657905550979512E-17 ) ) ;
#2822 = DIRECTION ( 'NONE',  ( 0.000000000000000000, 0.000000000000000000, -1.000000000000000000 ) ) ;
#2823 = EDGE_CURVE ( 'NONE', #10599, #5423, #4683, .T. ) ;
#2824 = EDGE_CURVE ( 'NONE', #8095, #913, #1356, .T. ) ;
#2825 = ORIENTED_EDGE ( 'NONE', *, *, #2630, .F. ) ;
#2826 = VERTEX_POINT ( 'NONE', #1981 ) ;
#2827 = ORIENTED_EDGE ( 'NONE', *, *, #11000, .T. ) ;
#2828 = EDGE_CURVE ( 'NONE', #8005, #7850, #648, .T. ) ;
#2829 = ADVANCED_FACE ( 'NONE', ( #3002 ), #2152, .T. ) ;
#2830 = DIRECTION ( 'NONE',  ( 1.335278419062900361E-16, 0.000000000000000000, -1.000000000000000000 ) ) ;
#2831 = DIRECTION ( 'NONE',  ( 1.000000000000000000, 0.000000000000000000, 0.000000000000000000 ) ) ;
#2832 = CARTESIAN_POINT ( 'NONE',  ( -46.58189872104514251, 91.54000537782400215, -2.374168628343573229 ) ) ;
#2833 = CARTESIAN_POINT ( 'NONE',  ( 43.40689872104514535, 95.28999999999417980, 0.5200140716803907104 ) ) ;
#2834 = DIRECTION ( 'NONE',  ( 9.823181259100085567E-11, 0.000000000000000000, 1.000000000000000000 ) ) ;
#2835 = AXIS2_PLACEMENT_3D ( 'NONE', #5305, #6827, #6886 ) ;
#2836 = CARTESIAN_POINT ( 'NONE',  ( 50.48689872104515075, 95.10731456396575823, 3.358535111626433700 ) ) ;
#2837 = ADVANCED_FACE ( 'NONE', ( #6277 ), #437, .F. ) ;
#2838 = EDGE_CURVE ( 'NONE', #3926, #10805, #10804, .T. ) ;
#2839 = ORIENTED_EDGE ( 'NONE', *, *, #4806, .F. ) ;
#2840 = EDGE_CURVE ( 'NONE', #10302, #4317, #4172, .T. ) ;
#2841 = ORIENTED_EDGE ( 'NONE', *, *, #884, .T. ) ;
#2842 = ORIENTED_EDGE ( 'NONE', *, *, #1575, .T. ) ;
#2843 = EDGE_CURVE ( 'NONE', #1640, #3625, #10939, .T. ) ;
#2844 = EDGE_LOOP ( 'NONE', ( #7656, #9876, #409, #10995, #9823, #2942 ) ) ;
#2845 = VECTOR ( 'NONE', #7406, 1000.000000000000000 ) ;
#2846 = CYLINDRICAL_SURFACE ( 'NONE', #6304, 0.7999999999998392841 ) ;
#2847 = CARTESIAN_POINT ( 'NONE',  ( -50.48689872104515075, 95.28999999999417980, -22.77998592831961133 ) ) ;
#2848 = PLANE ( 'NONE',  #6411 ) ;
#2849 = PLANE ( 'NONE',  #523 ) ;
#2850 = CYLINDRICAL_SURFACE ( 'NONE', #3543, 1.149999999999999467 ) ;
#2851 = ORIENTED_EDGE ( 'NONE', *, *, #9062, .F. ) ;
#2852 = DIRECTION ( 'NONE',  ( 0.8191520442889943521, -0.5735764363510422736, 0.000000000000000000 ) ) ;
#2854 = ORIENTED_EDGE ( 'NONE', *, *, #9898, .T. ) ;
#2853 = PLANE ( 'NONE',  #9401 ) ;
#2855 = LINE ( 'NONE', #8357, #2236 ) ;
#2856 = CARTESIAN_POINT ( 'NONE',  ( 33.54999999999999716, 93.00000000000000000, 10.19715292348722890 ) ) ;
#2857 = DIRECTION ( 'NONE',  ( 1.000000000000000000, 0.000000000000000000, 1.335278419062900361E-16 ) ) ;
#2858 = CARTESIAN_POINT ( 'NONE',  ( -29.00040951394596078, 96.12583987928823603, 18.68350972841953350 ) ) ;
#2859 = FACE_OUTER_BOUND ( 'NONE', #1065, .T. ) ;
#2860 = CARTESIAN_POINT ( 'NONE',  ( -52.36501998304115091, 5.099999999999999645, 19.07115427297831900 ) ) ;
#2861 = DIRECTION ( 'NONE',  ( 1.228232725407420948E-32, 0.000000000000000000, 1.000000000000000000 ) ) ;
#2862 = VERTEX_POINT ( 'NONE', #7645 ) ;
#2863 = LINE ( 'NONE', #1158, #204 ) ;
#2864 = FACE_OUTER_BOUND ( 'NONE', #5037, .T. ) ;
#2865 = VERTEX_POINT ( 'NONE', #664 ) ;
#2866 = EDGE_CURVE ( 'NONE', #682, #3156, #9345, .T. ) ;
#2867 = EDGE_LOOP ( 'NONE', ( #10997, #697, #3906, #9610 ) ) ;
#2868 = VERTEX_POINT ( 'NONE', #1531 ) ;
#2869 = ORIENTED_EDGE ( 'NONE', *, *, #10597, .F. ) ;
#2870 = VECTOR ( 'NONE', #10759, 1000.000000000000000 ) ;
#2871 = DIRECTION ( 'NONE',  ( 0.000000000000000000, -0.000000000000000000, -1.000000000000000000 ) ) ;
#2872 = VECTOR ( 'NONE', #680, 1000.000000000000000 ) ;
#2873 = EDGE_CURVE ( 'NONE', #4447, #6383, #5829, .T. ) ;
#2874 = CARTESIAN_POINT ( 'NONE',  ( 30.99957050306814210, 110.8258398792882247, 11.89999999999998437 ) ) ;
#2875 = CARTESIAN_POINT ( 'NONE',  ( 82.54999999999999716, 61.63999999999999346, 5.399999999999991473 ) ) ;
#2876 = PLANE ( 'NONE',  #2545 ) ;
#2877 = ORIENTED_EDGE ( 'NONE', *, *, #226, .T. ) ;
#2878 = CARTESIAN_POINT ( 'NONE',  ( 42.54999999999999716, 93.00000000000000000, 33.89999999999999147 ) ) ;
#2879 = CARTESIAN_POINT ( 'NONE',  ( 79.61249999999999716, 8.274999999999998579, -3.564823903641045622 ) ) ;
#2880 = LINE ( 'NONE', #5102, #5394 ) ;
#2881 = DIRECTION ( 'NONE',  ( 0.9999640498417923240, -0.008479329218857906483, -5.782203707977998222E-17 ) ) ;
#2882 = AXIS2_PLACEMENT_3D ( 'NONE', #1807, #9581, #8735 ) ;
#2883 = ORIENTED_EDGE ( 'NONE', *, *, #6077, .F. ) ;
#2884 = ORIENTED_EDGE ( 'NONE', *, *, #374, .F. ) ;
#2885 = AXIS2_PLACEMENT_3D ( 'NONE', #10874, #8161, #6444 ) ;
#2886 = DIRECTION ( 'NONE',  ( 1.000000000000000000, -1.593062912007103154E-16, -1.228232725407420948E-32 ) ) ;
#2887 = ADVANCED_FACE ( 'NONE', ( #11104 ), #9239, .T. ) ;
#2888 = LINE ( 'NONE', #8222, #334 ) ;
#2889 = CIRCLE ( 'NONE', #7595, 24.20000000000000639 ) ;
#2890 = DIRECTION ( 'NONE',  ( 0.7071067812042748368, -6.572825407948979783E-15, -0.7071067811688201976 ) ) ;
#2891 = VECTOR ( 'NONE', #6479, 1000.000000000000000 ) ;
#2892 = DIRECTION ( 'NONE',  ( 0.000000000000000000, -1.000000000000000000, 0.000000000000000000 ) ) ;
#2893 = DIRECTION ( 'NONE',  ( -1.000000000000000000, -0.000000000000000000, -0.000000000000000000 ) ) ;
#2894 = EDGE_CURVE ( 'NONE', #10170, #10180, #6661, .T. ) ;
#2895 = ORIENTED_EDGE ( 'NONE', *, *, #11015, .T. ) ;
#2896 = ORIENTED_EDGE ( 'NONE', *, *, #5125, .T. ) ;
#2897 = VECTOR ( 'NONE', #7751, 1000.000000000000000 ) ;
#2898 = VERTEX_POINT ( 'NONE', #5031 ) ;
#2899 = AXIS2_PLACEMENT_3D ( 'NONE', #5044, #11170, #3233 ) ;
#2900 = DIRECTION ( 'NONE',  ( 0.000000000000000000, 0.000000000000000000, -1.000000000000000000 ) ) ;
#2901 = ORIENTED_EDGE ( 'NONE', *, *, #4968, .T. ) ;
#2902 = FACE_OUTER_BOUND ( 'NONE', #3295, .T. ) ;
#2903 = DIRECTION ( 'NONE',  ( 0.000000000000000000, 0.000000000000000000, 1.000000000000000000 ) ) ;
#2904 = EDGE_CURVE ( 'NONE', #3956, #6989, #3910, .T. ) ;
#2905 = DIRECTION ( 'NONE',  ( 0.000000000000000000, -0.000000000000000000, -1.000000000000000000 ) ) ;
#2906 = FACE_BOUND ( 'NONE', #10321, .T. ) ;
#2907 = VECTOR ( 'NONE', #3020, 1000.000000000000000 ) ;
#2908 = LINE ( 'NONE', #449, #10241 ) ;
#2909 = CIRCLE ( 'NONE', #5225, 1.149999999999999023 ) ;
#2910 = EDGE_CURVE ( 'NONE', #8087, #10594, #2298, .T. ) ;
#2911 = ORIENTED_EDGE ( 'NONE', *, *, #1027, .T. ) ;
#2912 = EDGE_LOOP ( 'NONE', ( #10457, #3339, #1854, #5619 ) ) ;
#2913 = EDGE_CURVE ( 'NONE', #10760, #9607, #607, .T. ) ;
#2914 = DIRECTION ( 'NONE',  ( 0.000000000000000000, 0.000000000000000000, -1.000000000000000000 ) ) ;
#2915 = PLANE ( 'NONE',  #5964 ) ;
#2916 = CYLINDRICAL_SURFACE ( 'NONE', #10357, 2.499801894095357913 ) ;
#2917 = CYLINDRICAL_SURFACE ( 'NONE', #4256, 11.39100661779977841 ) ;
#2918 = PLANE ( 'NONE',  #6889 ) ;
#2919 = ORIENTED_EDGE ( 'NONE', *, *, #6727, .F. ) ;
#2920 = DIRECTION ( 'NONE',  ( -1.066750355020279212E-16, 0.000000000000000000, -1.000000000000000000 ) ) ;
#2921 = VECTOR ( 'NONE', #9290, 1000.000000000000000 ) ;
#2922 = ORIENTED_EDGE ( 'NONE', *, *, #8868, .F. ) ;
#2923 = VERTEX_POINT ( 'NONE', #7480 ) ;
#2924 = AXIS2_PLACEMENT_3D ( 'NONE', #8704, #1729, #3594 ) ;
#2925 = CIRCLE ( 'NONE', #1489, 1.149999999999998135 ) ;
#2926 = EDGE_LOOP ( 'NONE', ( #5704, #2581, #6920, #3089 ) ) ;
#2927 = VECTOR ( 'NONE', #7402, 1000.000000000000000 ) ;
#2928 = CARTESIAN_POINT ( 'NONE',  ( -76.81501998216512561, 8.274999999999998579, -1.428845727014055988 ) ) ;
#2929 = DIRECTION ( 'NONE',  ( 0.000000000000000000, 1.000000000000000000, -0.000000000000000000 ) ) ;
#2930 = DIRECTION ( 'NONE',  ( 0.000000000000000000, 1.000000000000000000, 0.000000000000000000 ) ) ;
#2931 = EDGE_LOOP ( 'NONE', ( #8510, #7166, #4100, #2642 ) ) ;
#2932 = LINE ( 'NONE', #9791, #11082 ) ;
#2933 = CARTESIAN_POINT ( 'NONE',  ( -29.00042949692799965, 96.12583987928823603, -1.816490271664826572 ) ) ;
#2934 = CARTESIAN_POINT ( 'NONE',  ( -50.48689872104515075, 75.48946397805705999, -8.504985928319609201 ) ) ;
#2935 = ORIENTED_EDGE ( 'NONE', *, *, #10717, .T. ) ;
#2936 = LINE ( 'NONE', #5534, #2870 ) ;
#2937 = VECTOR ( 'NONE', #7310, 1000.000000000000000 ) ;
#2938 = AXIS2_PLACEMENT_3D ( 'NONE', #4784, #4843, #9326 ) ;
#2939 = ORIENTED_EDGE ( 'NONE', *, *, #2952, .F. ) ;
#2940 = ORIENTED_EDGE ( 'NONE', *, *, #8446, .F. ) ;
#2941 = ADVANCED_FACE ( 'NONE', ( #2481 ), #8279, .T. ) ;
#2942 = ORIENTED_EDGE ( 'NONE', *, *, #10747, .T. ) ;
#2943 = LINE ( 'NONE', #7304, #3063 ) ;
#2944 = CARTESIAN_POINT ( 'NONE',  ( -50.48689872104515075, 78.54000537782802382, -2.374168628343575449 ) ) ;
#2945 = AXIS2_PLACEMENT_3D ( 'NONE', #2820, #7179, #3883 ) ;
#2946 = DIRECTION ( 'NONE',  ( 0.000000000000000000, -1.000000000000000000, 1.365923996832131116E-16 ) ) ;
#2947 = LINE ( 'NONE', #1920, #3531 ) ;
#2948 = CARTESIAN_POINT ( 'NONE',  ( -33.11062307129483884, 96.12583987928823603, 18.79375140158797919 ) ) ;
#2949 = LINE ( 'NONE', #2041, #10978 ) ;
#2950 = ORIENTED_EDGE ( 'NONE', *, *, #1793, .T. ) ;
#2951 = ORIENTED_EDGE ( 'NONE', *, *, #457, .T. ) ;
#2952 = EDGE_CURVE ( 'NONE', #1516, #8911, #6622, .T. ) ;
#2953 = ORIENTED_EDGE ( 'NONE', *, *, #5078, .F. ) ;
#2954 = VERTEX_POINT ( 'NONE', #2317 ) ;
#2955 = CARTESIAN_POINT ( 'NONE',  ( 53.40689872104514535, 74.43999999999417128, -2.374168628343576337 ) ) ;
#2956 = DIRECTION ( 'NONE',  ( -1.000000000000000000, 0.000000000000000000, 0.000000000000000000 ) ) ;
#2957 = DIRECTION ( 'NONE',  ( -1.000000000000000000, 0.000000000000000000, 0.000000000000000000 ) ) ;
#2958 = AXIS2_PLACEMENT_3D ( 'NONE', #3077, #9997, #1382 ) ;
#2959 = DIRECTION ( 'NONE',  ( 1.228232725407420811E-32, 0.000000000000000000, -1.000000000000000000 ) ) ;
#2960 = ORIENTED_EDGE ( 'NONE', *, *, #8168, .T. ) ;
#2962 = ORIENTED_EDGE ( 'NONE', *, *, #6474, .F. ) ;
#2961 = CARTESIAN_POINT ( 'NONE',  ( 37.40689872104517377, 103.4999999999999858, -29.66122071973760299 ) ) ;
#2963 = ADVANCED_FACE ( 'NONE', ( #4124 ), #7586, .T. ) ;
#2964 = PLANE ( 'NONE',  #4042 ) ;
#2965 = AXIS2_PLACEMENT_3D ( 'NONE', #4303, #6172, #9652 ) ;
#2966 = EDGE_CURVE ( 'NONE', #10434, #9561, #11050, .T. ) ;
#2967 = LINE ( 'NONE', #3861, #5660 ) ;
#2968 = EDGE_CURVE ( 'NONE', #9622, #4713, #10025, .T. ) ;
#2969 = PLANE ( 'NONE',  #9781 ) ;
#2970 = DIRECTION ( 'NONE',  ( 0.000000000000000000, 1.000000000000000000, 0.000000000000000000 ) ) ;
#2971 = CARTESIAN_POINT ( 'NONE',  ( -50.48689872104515075, 74.43999999999417128, -7.959769997217391868 ) ) ;
#2972 = PLANE ( 'NONE',  #1480 ) ;
#2973 = ORIENTED_EDGE ( 'NONE', *, *, #5308, .T. ) ;
#2974 = VECTOR ( 'NONE', #867, 1000.000000000000000 ) ;
#2975 = CARTESIAN_POINT ( 'NONE',  ( 11.25500000000000433, -27.00000000000000355, 2.042308546125238600 ) ) ;
#2976 = VECTOR ( 'NONE', #2144, 1000.000000000000000 ) ;
#2977 = CARTESIAN_POINT ( 'NONE',  ( 61.59000000000065711, 8.274999999999998579, 18.12419718570802019 ) ) ;
#2978 = EDGE_CURVE ( 'NONE', #1426, #11078, #9181, .T. ) ;
#2979 = ADVANCED_FACE ( 'NONE', ( #4863 ), #8341, .T. ) ;
#2980 = DIRECTION ( 'NONE',  ( 1.000000000000000000, -9.344377123928392131E-13, -0.000000000000000000 ) ) ;
#2981 = ORIENTED_EDGE ( 'NONE', *, *, #6562, .F. ) ;
#2982 = AXIS2_PLACEMENT_3D ( 'NONE', #9367, #2398, #5846 ) ;
#2983 = ORIENTED_EDGE ( 'NONE', *, *, #6821, .F. ) ;
#2984 = DIRECTION ( 'NONE',  ( 0.8191520442889930198, 0.5735764363510444941, 0.000000000000000000 ) ) ;
#2985 = CARTESIAN_POINT ( 'NONE',  ( -53.05138322153545261, 5.099999999999999645, 15.82115058466708035 ) ) ;
#2986 = CARTESIAN_POINT ( 'NONE',  ( 50.48689872104515075, 97.40000406513269127, 2.358535216981981542 ) ) ;
#2987 = CARTESIAN_POINT ( 'NONE',  ( -44.06500000000043826, 8.274999999999998579, 8.821154273062886020 ) ) ;
#2988 = VERTEX_POINT ( 'NONE', #2429 ) ;
#2989 = LINE ( 'NONE', #6378, #3831 ) ;
#2990 = CARTESIAN_POINT ( 'NONE',  ( -77.61249999996866222, 6.349999999999999645, 25.39999999999999858 ) ) ;
#2991 = ORIENTED_EDGE ( 'NONE', *, *, #10284, .T. ) ;
#2992 = DIRECTION ( 'NONE',  ( -0.9999999999984094945, 0.000000000000000000, 1.783514045278184224E-06 ) ) ;
#2993 = AXIS2_PLACEMENT_3D ( 'NONE', #2327, #8464, #1596 ) ;
#2994 = ORIENTED_EDGE ( 'NONE', *, *, #5670, .T. ) ;
#2995 = ORIENTED_EDGE ( 'NONE', *, *, #3424, .T. ) ;
#2996 = DIRECTION ( 'NONE',  ( -1.000000000000000000, 0.000000000000000000, -1.335278419062900361E-16 ) ) ;
#2997 = VECTOR ( 'NONE', #8302, 1000.000000000000000 ) ;
#2998 = CARTESIAN_POINT ( 'NONE',  ( -11.25499999999998302, 6.349999999999999645, 19.39999999999997371 ) ) ;
#2999 = PLANE ( 'NONE',  #3976 ) ;
#3000 = DIRECTION ( 'NONE',  ( 0.000000000000000000, 1.000000000000000000, 0.000000000000000000 ) ) ;
#3001 = CARTESIAN_POINT ( 'NONE',  ( -0.0004294969318460739593, 124.8258398792882247, 8.433509728450992782 ) ) ;
#3002 = FACE_OUTER_BOUND ( 'NONE', #7691, .T. ) ;
#3003 = ORIENTED_EDGE ( 'NONE', *, *, #1511, .F. ) ;
#3004 = ORIENTED_EDGE ( 'NONE', *, *, #9262, .T. ) ;
#3005 = VECTOR ( 'NONE', #7210, 1000.000000000000000 ) ;
#3006 = ORIENTED_EDGE ( 'NONE', *, *, #5047, .F. ) ;
#3007 = FACE_OUTER_BOUND ( 'NONE', #2100, .T. ) ;
#3008 = ORIENTED_EDGE ( 'NONE', *, *, #9839, .T. ) ;
#3009 = CARTESIAN_POINT ( 'NONE',  ( 50.02648654977334530, 8.274999999999998579, 20.18114647173673148 ) ) ;
#3010 = LINE ( 'NONE', #4756, #5400 ) ;
#3011 = DIRECTION ( 'NONE',  ( -1.000000000000000000, 0.000000000000000000, 0.000000000000000000 ) ) ;
#3012 = CIRCLE ( 'NONE', #291, 2.499806426129909553 ) ;
#3013 = EDGE_CURVE ( 'NONE', #5299, #3496, #5882, .T. ) ;
#3014 = LINE ( 'NONE', #1484, #7051 ) ;
#3015 = CARTESIAN_POINT ( 'NONE',  ( 9.738646706371746120, 109.9867785292118469, 36.89999999999998437 ) ) ;
#3016 = ORIENTED_EDGE ( 'NONE', *, *, #873, .F. ) ;
#3017 = ORIENTED_EDGE ( 'NONE', *, *, #3927, .F. ) ;
#3018 = EDGE_LOOP ( 'NONE', ( #1283, #2331 ) ) ;
#3019 = CIRCLE ( 'NONE', #4633, 0.7999999999998941291 ) ;
#3020 = DIRECTION ( 'NONE',  ( -0.000000000000000000, -1.000000000000000000, -0.000000000000000000 ) ) ;
#3021 = PLANE ( 'NONE',  #2237 ) ;
#3022 = ADVANCED_FACE ( 'NONE', ( #8614 ), #778, .T. ) ;
#3023 = EDGE_CURVE ( 'NONE', #5353, #351, #4230, .T. ) ;
#3024 = CARTESIAN_POINT ( 'NONE',  ( -79.37499999999997158, -27.00000000000000355, 0.000000000000000000 ) ) ;
#3025 = LINE ( 'NONE', #8931, #8190 ) ;
#3026 = ORIENTED_EDGE ( 'NONE', *, *, #7675, .F. ) ;
#3027 = LINE ( 'NONE', #10617, #4540 ) ;
#3028 = VERTEX_POINT ( 'NONE', #951 ) ;
#3029 = ADVANCED_FACE ( 'NONE', ( #6210 ), #6157, .T. ) ;
#3030 = ORIENTED_EDGE ( 'NONE', *, *, #9292, .F. ) ;
#3031 = ORIENTED_EDGE ( 'NONE', *, *, #2358, .T. ) ;
#3032 = DIRECTION ( 'NONE',  ( 0.000000000000000000, 0.000000000000000000, -1.000000000000000000 ) ) ;
#3033 = DIRECTION ( 'NONE',  ( 0.000000000000000000, 0.000000000000000000, -1.000000000000000000 ) ) ;
#3034 = LINE ( 'NONE', #6480, #1832 ) ;
#3035 = EDGE_CURVE ( 'NONE', #7452, #2751, #3611, .T. ) ;
#3036 = ORIENTED_EDGE ( 'NONE', *, *, #8025, .T. ) ;
#3037 = DIRECTION ( 'NONE',  ( 0.7071067811688201976, -1.587272347582956835E-15, 0.7071067812042748368 ) ) ;
#3038 = DIRECTION ( 'NONE',  ( 0.000000000000000000, 0.000000000000000000, 1.000000000000000000 ) ) ;
#3039 = ORIENTED_EDGE ( 'NONE', *, *, #5659, .T. ) ;
#3040 = DIRECTION ( 'NONE',  ( 1.000000000000000000, 0.000000000000000000, 0.000000000000000000 ) ) ;
#3041 = EDGE_CURVE ( 'NONE', #8629, #2370, #6268, .T. ) ;
#3042 = ORIENTED_EDGE ( 'NONE', *, *, #10699, .F. ) ;
#3043 = ORIENTED_EDGE ( 'NONE', *, *, #8455, .F. ) ;
#3044 = EDGE_LOOP ( 'NONE', ( #9729, #2851 ) ) ;
#3045 = VECTOR ( 'NONE', #10870, 1000.000000000000000 ) ;
#3046 = LINE ( 'NONE', #1351, #3337 ) ;
#3047 = CARTESIAN_POINT ( 'NONE',  ( -12.14185792547474030, 109.8258398792882247, 36.89999999999997726 ) ) ;
#3048 = CARTESIAN_POINT ( 'NONE',  ( 54.81499993151516748, 8.274999999999998579, 15.82115373010225312 ) ) ;
#3049 = DIRECTION ( 'NONE',  ( 0.000000000000000000, 0.000000000000000000, 1.000000000000000000 ) ) ;
#3050 = CARTESIAN_POINT ( 'NONE',  ( -12.14185792547474030, 109.8258398792882247, 36.89999999999997726 ) ) ;
#3051 = CYLINDRICAL_SURFACE ( 'NONE', #7899, 1.149999999999998135 ) ;
#3053 = CIRCLE ( 'NONE', #9583, 5.499999999999973355 ) ;
#3052 = DIRECTION ( 'NONE',  ( 0.000000000000000000, 0.000000000000000000, -1.000000000000000000 ) ) ;
#3054 = VECTOR ( 'NONE', #7564, 1000.000000000000000 ) ;
#3055 = VERTEX_POINT ( 'NONE', #8561 ) ;
#3056 = VERTEX_POINT ( 'NONE', #10358 ) ;
#3057 = DIRECTION ( 'NONE',  ( -1.000000000000000000, 0.000000000000000000, 0.000000000000000000 ) ) ;
#3058 = ORIENTED_EDGE ( 'NONE', *, *, #5231, .T. ) ;
#3059 = EDGE_LOOP ( 'NONE', ( #502, #10041, #7066, #269 ) ) ;
#3060 = VECTOR ( 'NONE', #10575, 999.9999999999998863 ) ;
#3061 = CARTESIAN_POINT ( 'NONE',  ( 80.04999999999999716, -27.00000000000000355, -10.25769145387463688 ) ) ;
#3062 = VECTOR ( 'NONE', #6140, 999.9999999999998863 ) ;
#3063 = VECTOR ( 'NONE', #9175, 1000.000000000000000 ) ;
#3064 = DIRECTION ( 'NONE',  ( 0.000000000000000000, 0.000000000000000000, -1.000000000000000000 ) ) ;
#3065 = FACE_OUTER_BOUND ( 'NONE', #7672, .T. ) ;
#3066 = DIRECTION ( 'NONE',  ( -0.000000000000000000, -1.000000000000000000, -0.000000000000000000 ) ) ;
#3067 = CARTESIAN_POINT ( 'NONE',  ( 4.999570503068142990, 110.8258398792882247, 36.89999999999999147 ) ) ;
#3068 = ORIENTED_EDGE ( 'NONE', *, *, #7035, .F. ) ;
#3069 = VECTOR ( 'NONE', #7922, 1000.000000000000000 ) ;
#3070 = ORIENTED_EDGE ( 'NONE', *, *, #4563, .T. ) ;
#3071 = ORIENTED_EDGE ( 'NONE', *, *, #8470, .T. ) ;
#3072 = AXIS2_PLACEMENT_3D ( 'NONE', #6948, #8264, #10063 ) ;
#3073 = ORIENTED_EDGE ( 'NONE', *, *, #1095, .F. ) ;
#3074 = DIRECTION ( 'NONE',  ( 0.000000000000000000, -0.000000000000000000, 1.000000000000000000 ) ) ;
#3075 = DIRECTION ( 'NONE',  ( 0.000000000000000000, -0.000000000000000000, 1.000000000000000000 ) ) ;
#3076 = DIRECTION ( 'NONE',  ( 0.000000000000000000, 0.000000000000000000, 1.000000000000000000 ) ) ;
#3077 = CARTESIAN_POINT ( 'NONE',  ( -5.000429496931850792, 110.8258398792882247, 11.89999999999998614 ) ) ;
#3078 = VECTOR ( 'NONE', #2957, 1000.000000000000000 ) ;
#3079 = CARTESIAN_POINT ( 'NONE',  ( 82.54999999999999716, 53.23979246179025893, -0.2576914538747649974 ) ) ;
#3080 = ORIENTED_EDGE ( 'NONE', *, *, #6006, .T. ) ;
#3081 = EDGE_LOOP ( 'NONE', ( #6591, #136, #4587, #138 ) ) ;
#3082 = VERTEX_POINT ( 'NONE', #3555 ) ;
#3083 = ADVANCED_FACE ( 'NONE', ( #5145 ), #6038, .F. ) ;
#3084 = ORIENTED_EDGE ( 'NONE', *, *, #2873, .F. ) ;
#3085 = DIRECTION ( 'NONE',  ( -0.000000000000000000, -1.000000000000000000, -0.000000000000000000 ) ) ;
#3086 = EDGE_CURVE ( 'NONE', #5561, #3202, #5982, .T. ) ;
#3087 = VECTOR ( 'NONE', #4798, 999.9999999999998863 ) ;
#3088 = CARTESIAN_POINT ( 'NONE',  ( 81.55000000000001137, 66.63999999999998636, -0.2576914538747651640 ) ) ;
#3089 = ORIENTED_EDGE ( 'NONE', *, *, #1362, .F. ) ;
#3090 = CARTESIAN_POINT ( 'NONE',  ( -13.75499999999998479, -24.89937738537090794, 13.89999999999999680 ) ) ;
#3091 = DIRECTION ( 'NONE',  ( 0.000000000000000000, 0.000000000000000000, -1.000000000000000000 ) ) ;
#3092 = ORIENTED_EDGE ( 'NONE', *, *, #884, .F. ) ;
#3093 = CARTESIAN_POINT ( 'NONE',  ( 6.013794443329789630, 124.8258398792882247, 31.87426719053791757 ) ) ;
#3094 = AXIS2_PLACEMENT_3D ( 'NONE', #7630, #7461, #3207 ) ;
#3095 = ORIENTED_EDGE ( 'NONE', *, *, #2145, .F. ) ;
#3096 = ORIENTED_EDGE ( 'NONE', *, *, #5812, .T. ) ;
#3097 = ADVANCED_FACE ( 'NONE', ( #9632 ), #4453, .F. ) ;
#3098 = VECTOR ( 'NONE', #9941, 1000.000000000000000 ) ;
#3099 = ORIENTED_EDGE ( 'NONE', *, *, #191, .T. ) ;
#3100 = EDGE_CURVE ( 'NONE', #6341, #1301, #36, .T. ) ;
#3101 = CARTESIAN_POINT ( 'NONE',  ( 82.54999999999999716, 58.93999999999998352, -0.2576914538747649974 ) ) ;
#3102 = CARTESIAN_POINT ( 'NONE',  ( -42.53471734642673141, 97.50000000000000000, 22.30467496797187010 ) ) ;
#3103 = ADVANCED_FACE ( 'NONE', ( #1687 ), #3380, .T. ) ;
#3104 = EDGE_CURVE ( 'NONE', #8681, #2752, #7861, .T. ) ;
#3105 = PLANE ( 'NONE',  #1968 ) ;
#3106 = CIRCLE ( 'NONE', #2924, 2.500000000000002220 ) ;
#3107 = CARTESIAN_POINT ( 'NONE',  ( -33.11067117007558380, 96.12583987928823603, 18.79370330280937651 ) ) ;
#3108 = DIRECTION ( 'NONE',  ( 0.000000000000000000, 0.5735764363510426067, 0.8191520442889942411 ) ) ;
#3109 = CIRCLE ( 'NONE', #7080, 1.200000000000003064 ) ;
#3110 = FACE_BOUND ( 'NONE', #1957, .T. ) ;
#3111 = VECTOR ( 'NONE', #10166, 1000.000000000000000 ) ;
#3112 = CARTESIAN_POINT ( 'NONE',  ( -67.12500000000000000, 104.8258398792882247, 37.90000000000004121 ) ) ;
#3113 = CARTESIAN_POINT ( 'NONE',  ( 6.616786595505097068, 79.82583987928821045, 21.29350972844455114 ) ) ;
#3114 = ORIENTED_EDGE ( 'NONE', *, *, #9197, .T. ) ;
#3115 = ORIENTED_EDGE ( 'NONE', *, *, #8399, .T. ) ;
#3116 = ORIENTED_EDGE ( 'NONE', *, *, #10140, .T. ) ;
#3117 = EDGE_CURVE ( 'NONE', #2667, #682, #6946, .T. ) ;
#3118 = EDGE_CURVE ( 'NONE', #5103, #769, #7920, .T. ) ;
#3119 = EDGE_CURVE ( 'NONE', #549, #7790, #892, .T. ) ;
#3120 = VECTOR ( 'NONE', #9180, 1000.000000000000000 ) ;
#3121 = EDGE_LOOP ( 'NONE', ( #722, #7837, #4705, #8355 ) ) ;
#3122 = DIRECTION ( 'NONE',  ( -0.000000000000000000, 0.5735764363510444941, -0.8191520442889929088 ) ) ;
#3123 = CARTESIAN_POINT ( 'NONE',  ( -73.96808532237744771, 8.274999999999998579, 17.06344096893413820 ) ) ;
#3124 = CARTESIAN_POINT ( 'NONE',  ( -33.11062444888668921, 96.12583987928823603, 21.29350972844888545 ) ) ;
#3125 = DIRECTION ( 'NONE',  ( -1.000000000000000000, 0.000000000000000000, 1.091641407263116552E-13 ) ) ;
#3126 = DIRECTION ( 'NONE',  ( 0.000000000000000000, 0.000000000000000000, 1.000000000000000000 ) ) ;
#3127 = FACE_OUTER_BOUND ( 'NONE', #4550, .T. ) ;
#3128 = VERTEX_POINT ( 'NONE', #7803 ) ;
#3129 = VECTOR ( 'NONE', #5397, 1000.000000000000000 ) ;
#3130 = EDGE_LOOP ( 'NONE', ( #10831, #696, #956, #925 ) ) ;
#3131 = ORIENTED_EDGE ( 'NONE', *, *, #10933, .F. ) ;
#3132 = FACE_OUTER_BOUND ( 'NONE', #9072, .T. ) ;
#3133 = ADVANCED_FACE ( 'NONE', ( #3498 ), #10416, .F. ) ;
#3134 = VECTOR ( 'NONE', #11121, 1000.000000000000000 ) ;
#3135 = LINE ( 'NONE', #11013, #9028 ) ;
#3136 = LINE ( 'NONE', #5736, #6769 ) ;
#3137 = DIRECTION ( 'NONE',  ( 0.000000000000000000, 1.000000000000000000, 0.000000000000000000 ) ) ;
#3138 = LINE ( 'NONE', #2178, #1143 ) ;
#3139 = CARTESIAN_POINT ( 'NONE',  ( -77.61249999999999716, 8.274999999999998579, -5.564823903641046954 ) ) ;
#3140 = PLANE ( 'NONE',  #5458 ) ;
#3141 = ORIENTED_EDGE ( 'NONE', *, *, #6837, .T. ) ;
#3142 = CARTESIAN_POINT ( 'NONE',  ( 77.61249999999999716, 9.393818159531832634, -32.75769145387477010 ) ) ;
#3143 = ORIENTED_EDGE ( 'NONE', *, *, #1098, .F. ) ;
#3144 = VECTOR ( 'NONE', #2601, 1000.000000000000000 ) ;
#3145 = DIRECTION ( 'NONE',  ( 0.000000000000000000, 0.000000000000000000, 1.000000000000000000 ) ) ;
#3146 = ORIENTED_EDGE ( 'NONE', *, *, #4283, .T. ) ;
#3147 = ORIENTED_EDGE ( 'NONE', *, *, #1783, .F. ) ;
#3148 = DIRECTION ( 'NONE',  ( -2.806772131380966290E-20, -0.9999999829769944393, -0.0001845156108989498935 ) ) ;
#3149 = AXIS2_PLACEMENT_3D ( 'NONE', #4827, #4771, #3075 ) ;
#3150 = FACE_OUTER_BOUND ( 'NONE', #10487, .T. ) ;
#3151 = EDGE_CURVE ( 'NONE', #3886, #4085, #10630, .T. ) ;
#3152 = CARTESIAN_POINT ( 'NONE',  ( 46.58189872104514251, 72.64000000000000057, 3.358530552390479595 ) ) ;
#3153 = CYLINDRICAL_SURFACE ( 'NONE', #10986, 1.150000000000003020 ) ;
#3154 = ORIENTED_EDGE ( 'NONE', *, *, #5451, .T. ) ;
#3155 = FACE_OUTER_BOUND ( 'NONE', #9165, .T. ) ;
#3156 = VERTEX_POINT ( 'NONE', #4731 ) ;
#3157 = ORIENTED_EDGE ( 'NONE', *, *, #1792, .T. ) ;
#3158 = AXIS2_PLACEMENT_3D ( 'NONE', #9707, #7021, #10489 ) ;
#3159 = VERTEX_POINT ( 'NONE', #1119 ) ;
#3160 = DIRECTION ( 'NONE',  ( 1.000000000000000000, -0.000000000000000000, 1.335278419062900115E-16 ) ) ;
#3161 = CARTESIAN_POINT ( 'NONE',  ( 5.040980328120962639, 124.6316574458437287, 36.89999999999999147 ) ) ;
#3162 = DIRECTION ( 'NONE',  ( 0.000000000000000000, -0.000000000000000000, 1.000000000000000000 ) ) ;
#3163 = VECTOR ( 'NONE', #10424, 1000.000000000000000 ) ;
#3164 = EDGE_CURVE ( 'NONE', #7985, #2865, #3767, .T. ) ;
#3165 = CARTESIAN_POINT ( 'NONE',  ( 33.75500000000002387, 10.00000000000000000, 21.38115427306259875 ) ) ;
#3166 = CARTESIAN_POINT ( 'NONE',  ( 82.54999999999999716, 58.93999999999998352, 5.399999999999993250 ) ) ;
#3167 = ADVANCED_FACE ( 'NONE', ( #2027 ), #10756, .T. ) ;
#3168 = DIRECTION ( 'NONE',  ( 1.000000000000000000, 0.000000000000000000, 0.000000000000000000 ) ) ;
#3169 = ORIENTED_EDGE ( 'NONE', *, *, #6966, .T. ) ;
#3170 = ORIENTED_EDGE ( 'NONE', *, *, #391, .T. ) ;
#3171 = EDGE_CURVE ( 'NONE', #7226, #4333, #3019, .T. ) ;
#3172 = EDGE_CURVE ( 'NONE', #8496, #4260, #9792, .T. ) ;
#3173 = VECTOR ( 'NONE', #10269, 1000.000000000000000 ) ;
#3174 = CARTESIAN_POINT ( 'NONE',  ( 43.40689872104514535, 74.78999999999417980, -23.92998592831960991 ) ) ;
#3175 = CARTESIAN_POINT ( 'NONE',  ( -50.48689872104515075, 72.67999878751419374, 2.358530551520389817 ) ) ;
#3176 = CARTESIAN_POINT ( 'NONE',  ( -50.48689872104515075, 95.10731456396575823, 3.358535111626433700 ) ) ;
#3177 = CARTESIAN_POINT ( 'NONE',  ( 43.40689872104514535, 74.78999999999417980, 1.670014071680389289 ) ) ;
#3178 = FACE_OUTER_BOUND ( 'NONE', #6829, .T. ) ;
#3179 = EDGE_CURVE ( 'NONE', #4765, #10821, #1934, .T. ) ;
#3180 = EDGE_CURVE ( 'NONE', #3757, #9115, #8103, .T. ) ;
#3181 = ADVANCED_FACE ( 'NONE', ( #5582 ), #8894, .T. ) ;
#3182 = ORIENTED_EDGE ( 'NONE', *, *, #4539, .F. ) ;
#3183 = AXIS2_PLACEMENT_3D ( 'NONE', #9486, #6977, #860 ) ;
#3184 = LINE ( 'NONE', #10261, #2872 ) ;
#3185 = ORIENTED_EDGE ( 'NONE', *, *, #8799, .F. ) ;
#3186 = EDGE_LOOP ( 'NONE', ( #3889, #6598, #6175, #3042 ) ) ;
#3187 = EDGE_CURVE ( 'NONE', #850, #7327, #8154, .T. ) ;
#3188 = CARTESIAN_POINT ( 'NONE',  ( -46.58189872104514251, 71.48073409388391042, 1.159267303877013378 ) ) ;
#3189 = AXIS2_PLACEMENT_3D ( 'NONE', #5321, #964, #5268 ) ;
#3190 = CARTESIAN_POINT ( 'NONE',  ( 4.999570503068142990, 119.8301161607049750, 36.89999999999999147 ) ) ;
#3191 = DIRECTION ( 'NONE',  ( -1.335278419062900361E-16, 0.000000000000000000, -1.000000000000000000 ) ) ;
#3192 = LINE ( 'NONE', #7614, #5871 ) ;
#3193 = DIRECTION ( 'NONE',  ( 0.000000000000000000, 1.000000000000000000, 0.000000000000000000 ) ) ;
#3194 = DIRECTION ( 'NONE',  ( 0.000000000000000000, 0.000000000000000000, 1.000000000000000000 ) ) ;
#3195 = EDGE_CURVE ( 'NONE', #8997, #3744, #9737, .T. ) ;
#3196 = CARTESIAN_POINT ( 'NONE',  ( 0.000000000000000000, 6.349999999999999645, 0.000000000000000000 ) ) ;
#3197 = DIRECTION ( 'NONE',  ( 0.000000000000000000, 1.000000000000000000, 0.000000000000000000 ) ) ;
#3198 = DIRECTION ( 'NONE',  ( 0.000000000000000000, 0.000000000000000000, 1.000000000000000000 ) ) ;
#3199 = CARTESIAN_POINT ( 'NONE',  ( -82.54999999999999716, 72.64000000000000057, -26.48622071973760228 ) ) ;
#3200 = ORIENTED_EDGE ( 'NONE', *, *, #5189, .T. ) ;
#3201 = DIRECTION ( 'NONE',  ( -0.000000000000000000, 0.000000000000000000, 1.000000000000000000 ) ) ;
#3202 = VERTEX_POINT ( 'NONE', #10692 ) ;
#3203 = ORIENTED_EDGE ( 'NONE', *, *, #202, .F. ) ;
#3204 = CARTESIAN_POINT ( 'NONE',  ( 52.36501998304115091, 5.099999999999999645, 17.92115427297832397 ) ) ;
#3205 = LINE ( 'NONE', #4957, #7636 ) ;
#3206 = ADVANCED_FACE ( 'NONE', ( #6379 ), #367, .T. ) ;
#3207 = DIRECTION ( 'NONE',  ( 0.000000000000000000, 1.000000000000000000, 0.000000000000000000 ) ) ;
#3208 = CARTESIAN_POINT ( 'NONE',  ( 6.616786591357574743, 97.50000000000000000, -4.426490271496838602 ) ) ;
#3209 = VERTEX_POINT ( 'NONE', #2990 ) ;
#3210 = DIRECTION ( 'NONE',  ( 1.000000000000000000, 0.000000000000000000, -0.000000000000000000 ) ) ;
#3211 = VERTEX_POINT ( 'NONE', #3823 ) ;
#3212 = ORIENTED_EDGE ( 'NONE', *, *, #5108, .T. ) ;
#3213 = EDGE_LOOP ( 'NONE', ( #4616, #6699, #303, #7025 ) ) ;
#3214 = DIRECTION ( 'NONE',  ( -1.593062912007103154E-16, -1.000000000000000000, 3.027827436209276608E-64 ) ) ;
#3215 = LINE ( 'NONE', #9121, #11236 ) ;
#3216 = CARTESIAN_POINT ( 'NONE',  ( -4.239627261859427954, 124.8258398792643789, 32.27349241371940991 ) ) ;
#3217 = LINE ( 'NONE', #6501, #4596 ) ;
#3218 = FACE_OUTER_BOUND ( 'NONE', #4623, .T. ) ;
#3219 = DIRECTION ( 'NONE',  ( -0.000000000000000000, -1.000000000000000000, -0.000000000000000000 ) ) ;
#3220 = DIRECTION ( 'NONE',  ( 0.000000000000000000, 0.000000000000000000, 1.000000000000000000 ) ) ;
#3221 = ORIENTED_EDGE ( 'NONE', *, *, #10556, .T. ) ;
#3222 = DIRECTION ( 'NONE',  ( 8.405686134351577711E-17, -0.000000000000000000, 1.000000000000000000 ) ) ;
#3223 = VERTEX_POINT ( 'NONE', #7297 ) ;
#3224 = ADVANCED_FACE ( 'NONE', ( #6438 ), #4507, .T. ) ;
#3225 = DIRECTION ( 'NONE',  ( 0.000000000000000000, 0.000000000000000000, -1.000000000000000000 ) ) ;
#3226 = DIRECTION ( 'NONE',  ( 0.000000000000000000, 0.000000000000000000, -1.000000000000000000 ) ) ;
#3227 = PLANE ( 'NONE',  #5419 ) ;
#3228 = AXIS2_PLACEMENT_3D ( 'NONE', #6195, #1270, #7970 ) ;
#3229 = CARTESIAN_POINT ( 'NONE',  ( -79.37499999999997158, -27.00000000000000355, -3.738845726937389813 ) ) ;
#3230 = CARTESIAN_POINT ( 'NONE',  ( -5.997602265674948363, 124.8258398792882247, -15.01161596500278073 ) ) ;
#3231 = VECTOR ( 'NONE', #1551, 1000.000000000000000 ) ;
#3232 = ADVANCED_FACE ( 'NONE', ( #3717 ), #2137, .T. ) ;
#3233 = DIRECTION ( 'NONE',  ( 0.000000000000000000, -1.000000000000000000, 0.000000000000000000 ) ) ;
#3234 = CARTESIAN_POINT ( 'NONE',  ( 43.40689872104514535, 74.78999999999417980, -22.77998592831961133 ) ) ;
#3235 = ORIENTED_EDGE ( 'NONE', *, *, #9006, .F. ) ;
#3236 = DIRECTION ( 'NONE',  ( 0.000000000000000000, 0.000000000000000000, -1.000000000000000000 ) ) ;
#3237 = VERTEX_POINT ( 'NONE', #7987 ) ;
#3238 = ORIENTED_EDGE ( 'NONE', *, *, #3514, .F. ) ;
#3239 = PLANE ( 'NONE',  #1149 ) ;
#3240 = AXIS2_PLACEMENT_3D ( 'NONE', #9232, #5708, #7581 ) ;
#3241 = VECTOR ( 'NONE', #8350, 1000.000000000000000 ) ;
#3242 = VECTOR ( 'NONE', #9103, 1000.000000000000000 ) ;
#3243 = ADVANCED_FACE ( 'NONE', ( #3884 ), #9683, .F. ) ;
#3244 = ORIENTED_EDGE ( 'NONE', *, *, #2381, .F. ) ;
#3245 = CARTESIAN_POINT ( 'NONE',  ( 5.422430816540726894, 119.8271986689142636, 36.89999999999999147 ) ) ;
#3246 = CARTESIAN_POINT ( 'NONE',  ( -1.667096163598520198, 119.8722550523063290, -20.03649027154899542 ) ) ;
#3247 = DIRECTION ( 'NONE',  ( 0.000000000000000000, 0.000000000000000000, 1.000000000000000000 ) ) ;
#3248 = PLANE ( 'NONE',  #4215 ) ;
#3249 = EDGE_CURVE ( 'NONE', #3211, #424, #203, .T. ) ;
#3250 = CYLINDRICAL_SURFACE ( 'NONE', #7233, 1.149999999999998135 ) ;
#3251 = AXIS2_PLACEMENT_3D ( 'NONE', #5141, #6880, #10351 ) ;
#3252 = LINE ( 'NONE', #9428, #6964 ) ;
#3253 = FACE_BOUND ( 'NONE', #734, .T. ) ;
#3254 = VECTOR ( 'NONE', #2418, 1000.000000000000000 ) ;
#3255 =( NAMED_UNIT ( * ) PLANE_ANGLE_UNIT ( ) SI_UNIT ( $, .RADIAN. ) );
#3256 = EDGE_LOOP ( 'NONE', ( #7737, #10714, #78, #9950, #4947, #212, #4655, #6491, #8965, #6832, #4320, #7603, #9491, #5048, #6929, #9750, #4343, #6452, #6518, #9241 ) ) ;
#3257 = CARTESIAN_POINT ( 'NONE',  ( -25.00042949693185079, 124.8258398792882247, 11.89999999999998614 ) ) ;
#3258 = ORIENTED_EDGE ( 'NONE', *, *, #5997, .F. ) ;
#3259 = AXIS2_PLACEMENT_3D ( 'NONE', #952, #7989, #9634 ) ;
#3260 = EDGE_CURVE ( 'NONE', #6285, #4656, #7631, .T. ) ;
#3261 = VECTOR ( 'NONE', #2438, 1000.000000000000000 ) ;
#3262 = EDGE_CURVE ( 'NONE', #4809, #3741, #9168, .T. ) ;
#3263 = ORIENTED_EDGE ( 'NONE', *, *, #1940, .F. ) ;
#3264 = AXIS2_PLACEMENT_3D ( 'NONE', #560, #8126, #2053 ) ;
#3265 = FACE_OUTER_BOUND ( 'NONE', #6904, .T. ) ;
#3266 = FACE_OUTER_BOUND ( 'NONE', #6728, .T. ) ;
#3267 = LINE ( 'NONE', #6706, #5820 ) ;
#3268 = ORIENTED_EDGE ( 'NONE', *, *, #1590, .T. ) ;
#3269 = LINE ( 'NONE', #650, #4173 ) ;
#3270 = FACE_OUTER_BOUND ( 'NONE', #4188, .T. ) ;
#3271 = AXIS2_PLACEMENT_3D ( 'NONE', #9483, #11180, #4309 ) ;
#3272 = EDGE_LOOP ( 'NONE', ( #3394, #5996, #10056, #492 ) ) ;
#3273 = FACE_OUTER_BOUND ( 'NONE', #8439, .T. ) ;
#3274 = ORIENTED_EDGE ( 'NONE', *, *, #10045, .T. ) ;
#3275 = CARTESIAN_POINT ( 'NONE',  ( 50.48689872104515075, 78.54000537782802382, -2.374168628343575449 ) ) ;
#3276 = DIRECTION ( 'NONE',  ( -0.5735764363510573727, 0.8191520442889839160, 0.000000000000000000 ) ) ;
#3277 = CARTESIAN_POINT ( 'NONE',  ( -5.041839321984669553, 124.6316574458437287, 36.89999999999999147 ) ) ;
#3278 = DIRECTION ( 'NONE',  ( -0.000000000000000000, 0.000000000000000000, -1.000000000000000000 ) ) ;
#3279 = LINE ( 'NONE', #9454, #788 ) ;
#3280 = CARTESIAN_POINT ( 'NONE',  ( 50.48689872104515075, 95.28999999999417980, -25.07998592831960849 ) ) ;
#3281 = DIRECTION ( 'NONE',  ( 1.490776387223533517E-14, -0.000000000000000000, 1.000000000000000000 ) ) ;
#3282 = CARTESIAN_POINT ( 'NONE',  ( -50.02648654977334530, 8.274999999999998579, 20.18114647173673148 ) ) ;
#3283 = CIRCLE ( 'NONE', #5438, 1.150000000000001688 ) ;
#3284 = ORIENTED_EDGE ( 'NONE', *, *, #8733, .T. ) ;
#3285 = ORIENTED_EDGE ( 'NONE', *, *, #3424, .F. ) ;
#3286 = ORIENTED_EDGE ( 'NONE', *, *, #8174, .T. ) ;
#3287 = DIRECTION ( 'NONE',  ( 0.000000000000000000, 1.000000000000000000, -0.000000000000000000 ) ) ;
#3288 = FACE_OUTER_BOUND ( 'NONE', #7812, .T. ) ;
#3289 = CARTESIAN_POINT ( 'NONE',  ( 23.90689872104513469, 90.00000000000000000, -29.66122071973760299 ) ) ;
#3290 = CARTESIAN_POINT ( 'NONE',  ( -67.12500000000000000, 99.82583987928822467, 37.90000000000004121 ) ) ;
#3291 = CARTESIAN_POINT ( 'NONE',  ( 33.75500000000002387, -27.00000000000000355, 0.000000000000000000 ) ) ;
#3292 = ORIENTED_EDGE ( 'NONE', *, *, #4703, .T. ) ;
#3293 = EDGE_CURVE ( 'NONE', #8418, #2251, #8438, .T. ) ;
#3294 = VERTEX_POINT ( 'NONE', #9280 ) ;
#3295 = EDGE_LOOP ( 'NONE', ( #9024, #7897, #1914, #644 ) ) ;
#3296 = VECTOR ( 'NONE', #6319, 1000.000000000000000 ) ;
#3297 = DIRECTION ( 'NONE',  ( 0.000000000000000000, 1.000000000000000000, 0.000000000000000000 ) ) ;
#3298 = AXIS2_PLACEMENT_3D ( 'NONE', #4294, #2597, #6044 ) ;
#3299 = ORIENTED_EDGE ( 'NONE', *, *, #6913, .T. ) ;
#3300 = CARTESIAN_POINT ( 'NONE',  ( 61.59000000000155950, 8.274999999999998579, 19.62115427306273219 ) ) ;
#3301 = LINE ( 'NONE', #6742, #7222 ) ;
#3302 = FILL_AREA_STYLE ('',( #4255 ) ) ;
#3303 = LINE ( 'NONE', #3564, #4761 ) ;
#3304 = CARTESIAN_POINT ( 'NONE',  ( -42.55000000000002558, 98.32583987928822467, 33.89999999999999147 ) ) ;
#3305 = LINE ( 'NONE', #1438, #1564 ) ;
#3306 = ADVANCED_FACE ( 'NONE', ( #1341 ), #2364, .F. ) ;
#3307 = VERTEX_POINT ( 'NONE', #4908 ) ;
#3308 = ORIENTED_EDGE ( 'NONE', *, *, #7470, .T. ) ;
#3309 = EDGE_CURVE ( 'NONE', #7455, #8087, #1456, .T. ) ;
#3310 = CONICAL_SURFACE ( 'NONE', #7657, 5.499999999999975131, 0.9599310885968853624 ) ;
#3311 = EDGE_CURVE ( 'NONE', #990, #6187, #4848, .T. ) ;
#3312 = ORIENTED_EDGE ( 'NONE', *, *, #6340, .T. ) ;
#3313 = CARTESIAN_POINT ( 'NONE',  ( -35.61042949717771222, 96.12583987928823603, -1.926685223531119817 ) ) ;
#3314 = DIRECTION ( 'NONE',  ( 2.244742081187875711E-15, 1.000000000000000000, -0.000000000000000000 ) ) ;
#3315 = CARTESIAN_POINT ( 'NONE',  ( -5.845584768814623189, 119.8258398791754615, 36.88929340078460228 ) ) ;
#3316 = ORIENTED_EDGE ( 'NONE', *, *, #3179, .T. ) ;
#3317 = AXIS2_PLACEMENT_3D ( 'NONE', #7742, #7854, #6879 ) ;
#3318 = CARTESIAN_POINT ( 'NONE',  ( 6.267350428395202400, 119.8258398792882105, 36.86783398817240709 ) ) ;
#3319 = ADVANCED_FACE ( 'NONE', ( #4788 ), #9222, .F. ) ;
#3320 = EDGE_CURVE ( 'NONE', #5490, #8101, #529, .T. ) ;
#3321 = ORIENTED_EDGE ( 'NONE', *, *, #5115, .F. ) ;
#3322 = CARTESIAN_POINT ( 'NONE',  ( -77.61249999999999716, 8.274999999999998579, 24.62763407003640381 ) ) ;
#3323 = EDGE_CURVE ( 'NONE', #10754, #1626, #8322, .T. ) ;
#3324 = VERTEX_POINT ( 'NONE', #8382 ) ;
#3325 = EDGE_LOOP ( 'NONE', ( #5160, #4445, #3370, #1110, #807, #8728, #4685 ) ) ;
#3326 = VECTOR ( 'NONE', #2554, 1000.000000000000000 ) ;
#3327 = ORIENTED_EDGE ( 'NONE', *, *, #10318, .F. ) ;
#3328 = VECTOR ( 'NONE', #9705, 1000.000000000000000 ) ;
#3329 = DIRECTION ( 'NONE',  ( 0.000000000000000000, 7.965314560035515770E-17, -1.000000000000000000 ) ) ;
#3330 = DIRECTION ( 'NONE',  ( 0.000000000000000000, 0.000000000000000000, 1.000000000000000000 ) ) ;
#3331 = DIRECTION ( 'NONE',  ( -1.000000000000000000, -0.000000000000000000, -0.000000000000000000 ) ) ;
#3332 = LINE ( 'NONE', #10464, #5520 ) ;
#3333 = DIRECTION ( 'NONE',  ( -0.000000000000000000, -1.000000000000000000, -0.000000000000000000 ) ) ;
#3334 = DIRECTION ( 'NONE',  ( 0.000000000000000000, 1.000000000000000000, 0.000000000000000000 ) ) ;
#3335 = CARTESIAN_POINT ( 'NONE',  ( 61.59000000000155950, 8.274999999999998579, 19.62115427306273219 ) ) ;
#3336 = CIRCLE ( 'NONE', #9676, 2.500000000000000444 ) ;
#3337 = VECTOR ( 'NONE', #6550, 999.9999999999998863 ) ;
#3338 = ORIENTED_EDGE ( 'NONE', *, *, #9914, .F. ) ;
#3339 = ORIENTED_EDGE ( 'NONE', *, *, #4262, .F. ) ;
#3340 = CIRCLE ( 'NONE', #6583, 5.000000000000000000 ) ;
#3341 = CARTESIAN_POINT ( 'NONE',  ( 5.846297168027121849, 124.7612853542318589, -20.02535266397525149 ) ) ;
#3342 = CARTESIAN_POINT ( 'NONE',  ( -82.54999999999999716, 67.63999999999998636, 5.399999999999991473 ) ) ;
#3343 = CARTESIAN_POINT ( 'NONE',  ( -0.1327752523027176945, 99.82583987928822467, 8.433509402387802112 ) ) ;
#3344 = CARTESIAN_POINT ( 'NONE',  ( -50.48689872104515075, 74.78999999999417980, -0.6299859283196093118 ) ) ;
#3345 = EDGE_CURVE ( 'NONE', #8215, #8320, #9112, .T. ) ;
#3346 = ORIENTED_EDGE ( 'NONE', *, *, #9749, .F. ) ;
#3347 = ORIENTED_EDGE ( 'NONE', *, *, #8709, .T. ) ;
#3348 = ORIENTED_EDGE ( 'NONE', *, *, #7561, .F. ) ;
#3349 = DIRECTION ( 'NONE',  ( 0.000000000000000000, 0.8918917311500192957, 0.4522489799946727840 ) ) ;
#3350 = LINE ( 'NONE', #9310, #7040 ) ;
#3351 = LINE ( 'NONE', #4252, #7106 ) ;
#3352 = ADVANCED_FACE ( 'NONE', ( #3270 ), #3153, .F. ) ;
#3353 = FACE_OUTER_BOUND ( 'NONE', #4749, .T. ) ;
#3354 = DIRECTION ( 'NONE',  ( 1.000000000000000000, 0.000000000000000000, 1.335278419062900115E-16 ) ) ;
#3355 = DIRECTION ( 'NONE',  ( 2.453477175991254114E-15, 0.7071063548969744872, -0.7071072074758635306 ) ) ;
#3356 = ORIENTED_EDGE ( 'NONE', *, *, #1734, .T. ) ;
#3357 = ORIENTED_EDGE ( 'NONE', *, *, #11147, .F. ) ;
#3358 = CIRCLE ( 'NONE', #3183, 26.00000000000000355 ) ;
#3359 = ORIENTED_EDGE ( 'NONE', *, *, #6549, .T. ) ;
#3360 = EDGE_CURVE ( 'NONE', #6765, #5258, #11035, .T. ) ;
#3361 = DIRECTION ( 'NONE',  ( -0.8481145238789871144, 0.000000000000000000, 0.5298129428255965445 ) ) ;
#3362 = DIRECTION ( 'NONE',  ( 2.787090821298670553E-12, 0.000000000000000000, -1.000000000000000000 ) ) ;
#3363 = LINE ( 'NONE', #2634, #4153 ) ;
#3364 = LINE ( 'NONE', #8761, #8368 ) ;
#3365 = EDGE_CURVE ( 'NONE', #8443, #7455, #7573, .T. ) ;
#3366 = DIRECTION ( 'NONE',  ( 0.000000000000000000, 0.000000000000000000, -1.000000000000000000 ) ) ;
#3367 = ORIENTED_EDGE ( 'NONE', *, *, #6012, .F. ) ;
#3368 = FACE_OUTER_BOUND ( 'NONE', #4604, .T. ) ;
#3369 = ORIENTED_EDGE ( 'NONE', *, *, #2274, .F. ) ;
#3370 = ORIENTED_EDGE ( 'NONE', *, *, #6727, .T. ) ;
#3371 = VECTOR ( 'NONE', #1398, 1000.000000000000000 ) ;
#3372 = VERTEX_POINT ( 'NONE', #9331 ) ;
#3373 = CARTESIAN_POINT ( 'NONE',  ( 77.61250000000001137, 82.35514882866895903, -32.75769145387477010 ) ) ;
#3374 = EDGE_CURVE ( 'NONE', #3558, #1348, #706, .T. ) ;
#3375 = DIRECTION ( 'NONE',  ( 1.000000000000000000, -0.000000000000000000, -0.000000000000000000 ) ) ;
#3376 = LINE ( 'NONE', #4169, #739 ) ;
#3377 = CARTESIAN_POINT ( 'NONE',  ( -25.00042949693185079, 119.8258398792882105, 0.000000000000000000 ) ) ;
#3378 = EDGE_CURVE ( 'NONE', #7831, #2371, #657, .T. ) ;
#3379 = DIRECTION ( 'NONE',  ( -0.000000000000000000, -1.000000000000000000, -0.000000000000000000 ) ) ;
#3380 = PLANE ( 'NONE',  #8465 ) ;
#3381 = CARTESIAN_POINT ( 'NONE',  ( 46.58189872104514251, 72.64000000000000057, 3.358535111626396397 ) ) ;
#3382 = ORIENTED_EDGE ( 'NONE', *, *, #2470, .F. ) ;
#3383 = ORIENTED_EDGE ( 'NONE', *, *, #7390, .T. ) ;
#3384 = ORIENTED_EDGE ( 'NONE', *, *, #5452, .T. ) ;
#3385 = DIRECTION ( 'NONE',  ( 2.244742081187875711E-15, 1.000000000000000000, -0.000000000000000000 ) ) ;
#3386 = EDGE_CURVE ( 'NONE', #2371, #4326, #5547, .T. ) ;
#3387 = LINE ( 'NONE', #5938, #7139 ) ;
#3388 = EDGE_CURVE ( 'NONE', #7081, #5786, #4111, .T. ) ;
#3389 = CARTESIAN_POINT ( 'NONE',  ( -52.36501998304115091, 8.274999999999998579, 17.92115427297832397 ) ) ;
#3390 = CARTESIAN_POINT ( 'NONE',  ( 69.19999999999558327, -4.758722840904693996, -40.25769145387477721 ) ) ;
#3391 = CARTESIAN_POINT ( 'NONE',  ( -82.54999999999999716, 104.8258398792882105, 36.89999999999999147 ) ) ;
#3392 = DIRECTION ( 'NONE',  ( -0.000000000000000000, -1.000000000000000000, -0.000000000000000000 ) ) ;
#3393 = CARTESIAN_POINT ( 'NONE',  ( 77.61250000000001137, 53.93999999999999062, -0.2576914538747649974 ) ) ;
#3394 = ORIENTED_EDGE ( 'NONE', *, *, #326, .T. ) ;
#3395 = CARTESIAN_POINT ( 'NONE',  ( 13.75500000000000256, -24.89937738537090794, -2.100877762788717116E-15 ) ) ;
#3396 = ORIENTED_EDGE ( 'NONE', *, *, #2004, .F. ) ;
#3397 = ORIENTED_EDGE ( 'NONE', *, *, #4277, .T. ) ;
#3398 = DIRECTION ( 'NONE',  ( 0.000000000000000000, 0.000000000000000000, -1.000000000000000000 ) ) ;
#3399 = ORIENTED_EDGE ( 'NONE', *, *, #5815, .T. ) ;
#3400 = VECTOR ( 'NONE', #9794, 1000.000000000000000 ) ;
#3401 = DIRECTION ( 'NONE',  ( 1.335278419062900361E-16, -0.000000000000000000, 1.000000000000000000 ) ) ;
#3402 = VECTOR ( 'NONE', #9052, 1000.000000000000000 ) ;
#3403 = LINE ( 'NONE', #1, #7019 ) ;
#3404 = FACE_OUTER_BOUND ( 'NONE', #5406, .T. ) ;
#3405 = SURFACE_SIDE_STYLE ('',( #7665 ) ) ;
#3406 = CARTESIAN_POINT ( 'NONE',  ( 0.000000000000000000, 109.8258398792882247, -22.92957932766295670 ) ) ;
#3407 = LINE ( 'NONE', #8481, #5530 ) ;
#3408 = AXIS2_PLACEMENT_3D ( 'NONE', #4282, #773, #7856 ) ;
#3409 = VERTEX_POINT ( 'NONE', #4160 ) ;
#3410 = AXIS2_PLACEMENT_3D ( 'NONE', #3101, #538, #4794 ) ;
#3411 = EDGE_CURVE ( 'NONE', #5716, #10480, #1958, .T. ) ;
#3412 = VERTEX_POINT ( 'NONE', #1779 ) ;
#3413 = ORIENTED_EDGE ( 'NONE', *, *, #6483, .T. ) ;
#3414 = ORIENTED_EDGE ( 'NONE', *, *, #6189, .T. ) ;
#3415 = VECTOR ( 'NONE', #9679, 1000.000000000000000 ) ;
#3416 = DIRECTION ( 'NONE',  ( -1.000000000000000000, 0.000000000000000000, 1.335278419062900361E-16 ) ) ;
#3417 = DIRECTION ( 'NONE',  ( 0.5773502691896204020, 0.5773502691896285066, -0.5773502691896285066 ) ) ;
#3418 = CIRCLE ( 'NONE', #9408, 24.20000000000000639 ) ;
#3419 = CARTESIAN_POINT ( 'NONE',  ( -67.12500000000000000, 104.8258398792882247, 40.40000000000004832 ) ) ;
#3420 = VERTEX_POINT ( 'NONE', #3482 ) ;
#3421 = DIRECTION ( 'NONE',  ( 0.000000000000000000, 5.729626054870175484E-16, -1.000000000000000000 ) ) ;
#3422 = VERTEX_POINT ( 'NONE', #2466 ) ;
#3423 = DIRECTION ( 'NONE',  ( -1.000000000000000000, -0.000000000000000000, -0.000000000000000000 ) ) ;
#3424 = EDGE_CURVE ( 'NONE', #9513, #8997, #5239, .T. ) ;
#3425 = CONICAL_SURFACE ( 'NONE', #2354, 5.499999999999975131, 0.9599310885968853624 ) ;
#3426 = VECTOR ( 'NONE', #5939, 1000.000000000000000 ) ;
#3427 = ORIENTED_EDGE ( 'NONE', *, *, #5499, .F. ) ;
#3428 = VECTOR ( 'NONE', #10492, 999.9999999999998863 ) ;
#3429 = EDGE_LOOP ( 'NONE', ( #4070, #4750, #10414, #6862 ) ) ;
#3430 = ORIENTED_EDGE ( 'NONE', *, *, #8442, .T. ) ;
#3431 = ADVANCED_FACE ( 'NONE', ( #6812 ), #2688, .F. ) ;
#3432 = DIRECTION ( 'NONE',  ( 1.783514045278184436E-06, -0.000000000000000000, 0.9999999999984096055 ) ) ;
#3433 = CARTESIAN_POINT ( 'NONE',  ( -79.37499999999997158, 5.099999999999999645, 21.38115427306261296 ) ) ;
#3434 = VECTOR ( 'NONE', #7445, 1000.000000000000000 ) ;
#3435 = VECTOR ( 'NONE', #5542, 1000.000000000000114 ) ;
#3436 = FACE_BOUND ( 'NONE', #1666, .T. ) ;
#3437 = PLANE ( 'NONE',  #272 ) ;
#3438 = ORIENTED_EDGE ( 'NONE', *, *, #10556, .F. ) ;
#3439 = LINE ( 'NONE', #6885, #9820 ) ;
#3440 = DIRECTION ( 'NONE',  ( 0.7071067811865489050, -0.7071067811865462405, 0.000000000000000000 ) ) ;
#3441 = CYLINDRICAL_SURFACE ( 'NONE', #10132, 5.000000000000000000 ) ;
#3442 = EDGE_CURVE ( 'NONE', #8770, #9607, #9441, .T. ) ;
#3443 = ADVANCED_FACE ( 'NONE', ( #8651 ), #818, .F. ) ;
#3444 = ORIENTED_EDGE ( 'NONE', *, *, #10245, .T. ) ;
#3445 = ADVANCED_FACE ( 'NONE', ( #9502 ), #936, .F. ) ;
#3446 = ORIENTED_EDGE ( 'NONE', *, *, #9225, .T. ) ;
#3447 = VERTEX_POINT ( 'NONE', #7044 ) ;
#3448 = EDGE_CURVE ( 'NONE', #5463, #4373, #353, .T. ) ;
#3449 = ADVANCED_FACE ( 'NONE', ( #2864 ), #9724, .T. ) ;
#3450 = LINE ( 'NONE', #7005, #10572 ) ;
#3451 = CARTESIAN_POINT ( 'NONE',  ( 50.48689872104515075, 72.67997248461419701, -24.29018084517760911 ) ) ;
#3452 = CARTESIAN_POINT ( 'NONE',  ( -35.61042949693185733, 97.50000000000000000, -1.926685223531127367 ) ) ;
#3453 = FACE_OUTER_BOUND ( 'NONE', #6991, .T. ) ;
#3454 = AXIS2_PLACEMENT_3D ( 'NONE', #5250, #8718, #3551 ) ;
#3455 = LINE ( 'NONE', #10370, #1020 ) ;
#3456 = ORIENTED_EDGE ( 'NONE', *, *, #7328, .T. ) ;
#3457 = CARTESIAN_POINT ( 'NONE',  ( -76.81501998216512561, 5.099999999999999645, -1.428845727014055988 ) ) ;
#3458 = EDGE_CURVE ( 'NONE', #2240, #4999, #3808, .T. ) ;
#3459 = EDGE_CURVE ( 'NONE', #897, #1640, #8983, .T. ) ;
#3460 = ORIENTED_EDGE ( 'NONE', *, *, #519, .T. ) ;
#3461 = VERTEX_POINT ( 'NONE', #9889 ) ;
#3462 = LINE ( 'NONE', #1655, #2059 ) ;
#3463 = VECTOR ( 'NONE', #5293, 1000.000000000000227 ) ;
#3464 = VECTOR ( 'NONE', #5913, 1000.000000000000000 ) ;
#3465 = DIRECTION ( 'NONE',  ( 1.000000000000000000, -0.000000000000000000, 0.000000000000000000 ) ) ;
#3466 = CARTESIAN_POINT ( 'NONE',  ( -50.02648654977334530, 8.274999999999998579, 20.18114647173673148 ) ) ;
#3467 = FACE_OUTER_BOUND ( 'NONE', #2653, .T. ) ;
#3468 = LINE ( 'NONE', #60, #2075 ) ;
#3469 = LINE ( 'NONE', #4199, #5790 ) ;
#3470 = LINE ( 'NONE', #6914, #11048 ) ;
#3471 = AXIS2_PLACEMENT_3D ( 'NONE', #1509, #11031, #11088 ) ;
#3472 = VERTEX_POINT ( 'NONE', #3595 ) ;
#3473 = EDGE_LOOP ( 'NONE', ( #4672, #9272, #6384, #7437 ) ) ;
#3474 = ORIENTED_EDGE ( 'NONE', *, *, #341, .F. ) ;
#3475 = AXIS2_PLACEMENT_3D ( 'NONE', #2948, #2096, #5545 ) ;
#3476 = ORIENTED_EDGE ( 'NONE', *, *, #8050, .F. ) ;
#3477 = FACE_BOUND ( 'NONE', #7779, .T. ) ;
#3478 = LINE ( 'NONE', #984, #9406 ) ;
#3479 = DIRECTION ( 'NONE',  ( 0.000000000000000000, 0.000000000000000000, 1.000000000000000000 ) ) ;
#3480 = VERTEX_POINT ( 'NONE', #5568 ) ;
#3481 = LINE ( 'NONE', #2749, #5445 ) ;
#3482 = CARTESIAN_POINT ( 'NONE',  ( -42.55000000000002558, 97.32583987928822467, 33.89999999999999147 ) ) ;
#3483 = ORIENTED_EDGE ( 'NONE', *, *, #3571, .T. ) ;
#3484 = CARTESIAN_POINT ( 'NONE',  ( -77.61249999996866222, 58.93999999999998352, 10.39999999999999680 ) ) ;
#3485 = ORIENTED_EDGE ( 'NONE', *, *, #2471, .T. ) ;
#3486 = EDGE_LOOP ( 'NONE', ( #2396, #1900, #8781, #8940 ) ) ;
#3487 = VERTEX_POINT ( 'NONE', #9038 ) ;
#3488 = CARTESIAN_POINT ( 'NONE',  ( 46.58189872104514251, 71.48073409388391042, 1.159267303877013378 ) ) ;
#3489 = CIRCLE ( 'NONE', #772, 2.499999999999995115 ) ;
#3490 = EDGE_CURVE ( 'NONE', #7660, #10888, #11192, .T. ) ;
#3492 = CARTESIAN_POINT ( 'NONE',  ( 50.02648654977334530, 6.349999999999999645, 0.000000000000000000 ) ) ;
#3491 = CIRCLE ( 'NONE', #9664, 1.150000000000001688 ) ;
#3493 = CARTESIAN_POINT ( 'NONE',  ( -35.61042949681640124, 97.50000000000000000, 15.71614540591393094 ) ) ;
#3494 = CARTESIAN_POINT ( 'NONE',  ( -74.43749999996865085, 82.35514882866895903, -32.75769145387477010 ) ) ;
#3495 = CARTESIAN_POINT ( 'NONE',  ( -11.25499999999998302, 6.350000000000001421, 7.542308546125213731 ) ) ;
#3496 = VERTEX_POINT ( 'NONE', #4715 ) ;
#3497 = LINE ( 'NONE', #10579, #5468 ) ;
#3498 = FACE_OUTER_BOUND ( 'NONE', #4089, .T. ) ;
#3499 = CARTESIAN_POINT ( 'NONE',  ( 50.02648654977334530, 8.274999999999998579, 24.62763407003638960 ) ) ;
#3500 = EDGE_LOOP ( 'NONE', ( #4274, #5489, #211, #7002 ) ) ;
#3501 = AXIS2_PLACEMENT_3D ( 'NONE', #10154, #2393, #4885 ) ;
#3502 = CARTESIAN_POINT ( 'NONE',  ( 82.54999999999999716, 58.93999999999998352, 11.10020753820971251 ) ) ;
#3503 = AXIS2_PLACEMENT_3D ( 'NONE', #9189, #3226, #9355 ) ;
#3504 = ADVANCED_FACE ( 'NONE', ( #133, #7104, #5402, #1898 ), #9779, .T. ) ;
#3505 = CARTESIAN_POINT ( 'NONE',  ( 77.61249999999999716, 6.349999999999997868, -24.58269145387476939 ) ) ;
#3506 = EDGE_CURVE ( 'NONE', #3941, #10263, #5462, .T. ) ;
#3507 = LINE ( 'NONE', #1645, #5701 ) ;
#3508 = DIRECTION ( 'NONE',  ( -0.000000000000000000, 1.000000000000000000, -0.000000000000000000 ) ) ;
#3509 = AXIS2_PLACEMENT_3D ( 'NONE', #2681, #127, #10499 ) ;
#3510 = CARTESIAN_POINT ( 'NONE',  ( 0.000000000000000000, 124.8258398792882247, 0.000000000000000000 ) ) ;
#3511 = VECTOR ( 'NONE', #673, 1000.000000000000000 ) ;
#3512 = CARTESIAN_POINT ( 'NONE',  ( 80.47893218813453586, 109.8258398792882247, -22.92957932766295670 ) ) ;
#3513 = ORIENTED_EDGE ( 'NONE', *, *, #4869, .F. ) ;
#3514 = EDGE_CURVE ( 'NONE', #2826, #10495, #5420, .T. ) ;
#3515 = DIRECTION ( 'NONE',  ( 6.084628000214241995E-16, 0.000000000000000000, 1.000000000000000000 ) ) ;
#3516 = EDGE_CURVE ( 'NONE', #4606, #4377, #9907, .T. ) ;
#3517 = EDGE_LOOP ( 'NONE', ( #88, #7937, #1944, #2103, #8312, #1535 ) ) ;
#3518 = ORIENTED_EDGE ( 'NONE', *, *, #3914, .F. ) ;
#3519 = DIRECTION ( 'NONE',  ( -9.441838556761602300E-17, -0.7071072074758651960, -0.7071063548969729329 ) ) ;
#3520 = AXIS2_PLACEMENT_3D ( 'NONE', #5440, #4758, #2905 ) ;
#3521 = ORIENTED_EDGE ( 'NONE', *, *, #5797, .F. ) ;
#3522 = CARTESIAN_POINT ( 'NONE',  ( -69.20000000000000284, 6.349999999999997868, -24.58269145387476229 ) ) ;
#3523 = CARTESIAN_POINT ( 'NONE',  ( 6.616786591357574743, 79.82583987928821045, -4.426490271496838602 ) ) ;
#3524 = EDGE_CURVE ( 'NONE', #10917, #8748, #2936, .T. ) ;
#3525 = EDGE_CURVE ( 'NONE', #7153, #2865, #3769, .T. ) ;
#3526 = LINE ( 'NONE', #3630, #6040 ) ;
#3527 = CARTESIAN_POINT ( 'NONE',  ( 81.55000000000001137, 61.63999999999999346, -5.257691453874764775 ) ) ;
#3528 = DIRECTION ( 'NONE',  ( 0.000000000000000000, 1.000000000000000000, 0.000000000000000000 ) ) ;
#3529 = CARTESIAN_POINT ( 'NONE',  ( 50.02648654977334530, 8.274999999999998579, 24.62763407003638960 ) ) ;
#3530 = EDGE_LOOP ( 'NONE', ( #7469, #912, #2123, #1838, #4418, #5864 ) ) ;
#3531 = VECTOR ( 'NONE', #7136, 1000.000000000000000 ) ;
#3532 = EDGE_CURVE ( 'NONE', #3409, #6765, #1284, .T. ) ;
#3533 = PLANE ( 'NONE',  #1054 ) ;
#3534 = AXIS2_PLACEMENT_3D ( 'NONE', #1685, #1743, #5143 ) ;
#3535 = EDGE_CURVE ( 'NONE', #8054, #3461, #7246, .T. ) ;
#3536 = FACE_OUTER_BOUND ( 'NONE', #6309, .T. ) ;
#3537 = DIRECTION ( 'NONE',  ( -0.000000000000000000, -1.000000000000000000, -0.000000000000000000 ) ) ;
#3538 = DIRECTION ( 'NONE',  ( 1.000000000000000000, -0.000000000000000000, -0.000000000000000000 ) ) ;
#3539 = ORIENTED_EDGE ( 'NONE', *, *, #6700, .F. ) ;
#3540 = LINE ( 'NONE', #6811, #3463 ) ;
#3541 = ORIENTED_EDGE ( 'NONE', *, *, #7610, .T. ) ;
#3542 = CARTESIAN_POINT ( 'NONE',  ( 6.616786591357596947, 90.00000000000000000, -4.426490271496838602 ) ) ;
#3543 = AXIS2_PLACEMENT_3D ( 'NONE', #4478, #10550, #9541 ) ;
#3544 = VERTEX_POINT ( 'NONE', #8949 ) ;
#3545 = EDGE_LOOP ( 'NONE', ( #2677, #1159, #1464, #9187 ) ) ;
#3546 = CARTESIAN_POINT ( 'NONE',  ( -82.55000000000002558, 109.8258398792882247, -22.92957932766295670 ) ) ;
#3547 = EDGE_CURVE ( 'NONE', #8823, #10405, #4621, .T. ) ;
#3548 = AXIS2_PLACEMENT_3D ( 'NONE', #9647, #848, #7874 ) ;
#3549 = FACE_OUTER_BOUND ( 'NONE', #7767, .T. ) ;
#3550 = DIRECTION ( 'NONE',  ( 0.000000000000000000, 0.000000000000000000, 1.000000000000000000 ) ) ;
#3551 = DIRECTION ( 'NONE',  ( 0.000000000000000000, 0.000000000000000000, 1.000000000000000000 ) ) ;
#3552 = LINE ( 'NONE', #8556, #11146 ) ;
#3553 = ORIENTED_EDGE ( 'NONE', *, *, #6247, .T. ) ;
#3554 = CARTESIAN_POINT ( 'NONE',  ( -5.461913016039824598, 99.82583987928822467, -1.124087247170217685 ) ) ;
#3555 = CARTESIAN_POINT ( 'NONE',  ( 77.61250000000001137, 82.35514882866895903, -40.25769145387477010 ) ) ;
#3556 = DIRECTION ( 'NONE',  ( 0.000000000000000000, -0.000000000000000000, -1.000000000000000000 ) ) ;
#3557 = ORIENTED_EDGE ( 'NONE', *, *, #513, .T. ) ;
#3558 = VERTEX_POINT ( 'NONE', #5585 ) ;
#3559 = AXIS2_PLACEMENT_3D ( 'NONE', #91, #6999, #2704 ) ;
#3560 = CARTESIAN_POINT ( 'NONE',  ( -31.40689872104514180, 97.50000000000000000, -29.66122071973760299 ) ) ;
#3561 = DIRECTION ( 'NONE',  ( 1.000000000000000000, 0.000000000000000000, -8.936595925086526584E-12 ) ) ;
#3562 = DIRECTION ( 'NONE',  ( 6.025932307130935509E-13, 0.000000000000000000, 1.000000000000000000 ) ) ;
#3563 = CARTESIAN_POINT ( 'NONE',  ( 50.02648318102892233, 5.099999999999999645, 18.52763407003732254 ) ) ;
#3564 = CARTESIAN_POINT ( 'NONE',  ( 77.61250000000001137, 66.63999999999998636, -32.75769145387477010 ) ) ;
#3565 = CARTESIAN_POINT ( 'NONE',  ( 79.37500000000002842, -27.00000000000000355, -3.738845726937403580 ) ) ;
#3566 = CARTESIAN_POINT ( 'NONE',  ( -5.000429496931850792, 119.8258398792882105, 11.89999999999998614 ) ) ;
#3567 = VERTEX_POINT ( 'NONE', #3093 ) ;
#3568 = CARTESIAN_POINT ( 'NONE',  ( 8.109768608907312881, 99.82583987928821045, 17.30073093263340667 ) ) ;
#3569 = ORIENTED_EDGE ( 'NONE', *, *, #3931, .F. ) ;
#3570 = ORIENTED_EDGE ( 'NONE', *, *, #8938, .T. ) ;
#3571 = EDGE_CURVE ( 'NONE', #7715, #2182, #5644, .T. ) ;
#3572 = DIRECTION ( 'NONE',  ( -1.228232725407420948E-32, 0.000000000000000000, -1.000000000000000000 ) ) ;
#3573 = ORIENTED_EDGE ( 'NONE', *, *, #3151, .T. ) ;
#3574 = EDGE_CURVE ( 'NONE', #6557, #7452, #1052, .T. ) ;
#3575 = CARTESIAN_POINT ( 'NONE',  ( 50.02648496882963514, 8.274999999999998579, -6.985329661611394236 ) ) ;
#3576 = PLANE ( 'NONE',  #11217 ) ;
#3577 = FACE_OUTER_BOUND ( 'NONE', #9616, .T. ) ;
#3578 = DIRECTION ( 'NONE',  ( 1.000000000000000000, 0.000000000000000000, 1.600125454749515275E-16 ) ) ;
#3579 = FACE_OUTER_BOUND ( 'NONE', #6318, .T. ) ;
#3580 = DIRECTION ( 'NONE',  ( -0.000000000000000000, -0.000000000000000000, 1.000000000000000000 ) ) ;
#3581 = ORIENTED_EDGE ( 'NONE', *, *, #3927, .T. ) ;
#3582 = DIRECTION ( 'NONE',  ( 0.000000000000000000, 0.000000000000000000, 1.000000000000000000 ) ) ;
#3583 = ORIENTED_EDGE ( 'NONE', *, *, #5719, .T. ) ;
#3584 = EDGE_CURVE ( 'NONE', #4457, #5751, #8268, .T. ) ;
#3585 = ORIENTED_EDGE ( 'NONE', *, *, #9351, .F. ) ;
#3586 = EDGE_CURVE ( 'NONE', #992, #1689, #1120, .T. ) ;
#3587 = EDGE_CURVE ( 'NONE', #4694, #10170, #6298, .T. ) ;
#3588 = DIRECTION ( 'NONE',  ( 1.000000000000000000, -0.000000000000000000, 1.335278419062900115E-16 ) ) ;
#3589 = PLANE ( 'NONE',  #8512 ) ;
#3590 = DIRECTION ( 'NONE',  ( -1.000000000000000000, 0.000000000000000000, 1.335278419062900361E-16 ) ) ;
#3591 = AXIS2_PLACEMENT_3D ( 'NONE', #8440, #10927, #1462 ) ;
#3592 = ORIENTED_EDGE ( 'NONE', *, *, #10774, .T. ) ;
#3593 = VECTOR ( 'NONE', #5955, 1000.000000000000000 ) ;
#3594 = DIRECTION ( 'NONE',  ( -1.000000000000000000, 0.000000000000000000, 0.000000000000000000 ) ) ;
#3595 = CARTESIAN_POINT ( 'NONE',  ( -46.58189872104514251, 94.56476577691782381, -8.504985928319962696 ) ) ;
#3596 = EDGE_LOOP ( 'NONE', ( #5339, #6408 ) ) ;
#3597 = CARTESIAN_POINT ( 'NONE',  ( 79.37500000000000000, 90.00000000000000000, 25.39999999999999147 ) ) ;
#3598 = EDGE_CURVE ( 'NONE', #10444, #2409, #9002, .T. ) ;
#3599 = VERTEX_POINT ( 'NONE', #7300 ) ;
#3600 = ORIENTED_EDGE ( 'NONE', *, *, #9765, .F. ) ;
#3601 = VECTOR ( 'NONE', #3761, 1000.000000000000227 ) ;
#3602 = AXIS2_PLACEMENT_3D ( 'NONE', #5381, #5331, #5220 ) ;
#3603 = ORIENTED_EDGE ( 'NONE', *, *, #738, .F. ) ;
#3604 = AXIS2_PLACEMENT_3D ( 'NONE', #6753, #6642, #5630 ) ;
#3605 = CARTESIAN_POINT ( 'NONE',  ( -50.48689872104515075, 73.67999999411362921, 3.358530552390479595 ) ) ;
#3606 = CARTESIAN_POINT ( 'NONE',  ( -2.418940361024042315E-29, 9.589183959643058414E-16, -3.957691453874787602 ) ) ;
#3607 = CARTESIAN_POINT ( 'NONE',  ( -82.54999999999999716, 52.93999999999998352, -0.2576914538747649974 ) ) ;
#3608 = DIRECTION ( 'NONE',  ( 0.000000000000000000, 0.000000000000000000, -1.000000000000000000 ) ) ;
#3609 = ORIENTED_EDGE ( 'NONE', *, *, #5453, .T. ) ;
#3610 = DIRECTION ( 'NONE',  ( -0.8481145238789871144, 0.000000000000000000, -0.5298129428255965445 ) ) ;
#3611 = LINE ( 'NONE', #2591, #8632 ) ;
#3612 = AXIS2_PLACEMENT_3D ( 'NONE', #779, #10940, #3220 ) ;
#3613 = CARTESIAN_POINT ( 'NONE',  ( -50.48689872104515075, 95.28999999999417980, 1.670014071680389733 ) ) ;
#3614 = LINE ( 'NONE', #8834, #4881 ) ;
#3615 = VECTOR ( 'NONE', #3385, 1000.000000000000000 ) ;
#3616 = VERTEX_POINT ( 'NONE', #8214 ) ;
#3617 = ORIENTED_EDGE ( 'NONE', *, *, #9899, .T. ) ;
#3618 = VECTOR ( 'NONE', #8016, 1000.000000000000000 ) ;
#3619 = PLANE ( 'NONE',  #9782 ) ;
#3620 = DIRECTION ( 'NONE',  ( 0.000000000000000000, 0.000000000000000000, -1.000000000000000000 ) ) ;
#3621 = DIRECTION ( 'NONE',  ( -9.645899640478401470E-17, 0.000000000000000000, 1.000000000000000000 ) ) ;
#3622 = DIRECTION ( 'NONE',  ( -1.000000000000000000, -1.753511094850201891E-16, 0.000000000000000000 ) ) ;
#3623 = CARTESIAN_POINT ( 'NONE',  ( -29.00040951398291256, 96.12583987928823603, 18.68351409631356930 ) ) ;
#3624 = CARTESIAN_POINT ( 'NONE',  ( 76.81501998216515403, 5.099999999999999645, 19.07115427298596089 ) ) ;
#3625 = VERTEX_POINT ( 'NONE', #10818 ) ;
#3626 = ORIENTED_EDGE ( 'NONE', *, *, #11208, .F. ) ;
#3627 = ORIENTED_EDGE ( 'NONE', *, *, #3360, .T. ) ;
#3629 = CARTESIAN_POINT ( 'NONE',  ( 76.81501998216515403, 5.099999999999999645, 19.07115427298596089 ) ) ;
#3628 = VECTOR ( 'NONE', #4921, 1000.000000000000000 ) ;
#3630 = CARTESIAN_POINT ( 'NONE',  ( 69.20000000001763851, 18.85000000000027853, -37.08269145387476584 ) ) ;
#3631 = LINE ( 'NONE', #5599, #3990 ) ;
#3632 = EDGE_CURVE ( 'NONE', #5092, #468, #4564, .T. ) ;
#3633 = DIRECTION ( 'NONE',  ( -0.000000000000000000, -1.000000000000000000, -0.000000000000000000 ) ) ;
#3634 = CARTESIAN_POINT ( 'NONE',  ( -50.02648654977334530, 8.274999999999998579, 20.18114647173673148 ) ) ;
#3635 = DIRECTION ( 'NONE',  ( 0.5735764363510429398, -0.8191520442889941300, -8.760552383784105463E-17 ) ) ;
#3636 = EDGE_LOOP ( 'NONE', ( #6963, #5065, #8826, #6669 ) ) ;
#3637 = DIRECTION ( 'NONE',  ( 0.000000000000000000, 1.000000000000000000, 0.000000000000000000 ) ) ;
#3638 = AXIS2_PLACEMENT_3D ( 'NONE', #5697, #2246, #2363 ) ;
#3639 = ORIENTED_EDGE ( 'NONE', *, *, #1280, .T. ) ;
#3640 = DIRECTION ( 'NONE',  ( 2.244742081187875711E-15, 1.000000000000000000, -0.000000000000000000 ) ) ;
#3641 = CIRCLE ( 'NONE', #6887, 1.149999999999998135 ) ;
#3642 = CARTESIAN_POINT ( 'NONE',  ( -76.81501998216515403, 5.099999999999999645, 17.92115427298595876 ) ) ;
#3643 = AXIS2_PLACEMENT_3D ( 'NONE', #1355, #4800, #6554 ) ;
#3644 = CARTESIAN_POINT ( 'NONE',  ( 82.54999999999999716, 53.23979246179026603, 5.399999999999993250 ) ) ;
#3645 = LINE ( 'NONE', #7280, #3129 ) ;
#3646 = EDGE_CURVE ( 'NONE', #3496, #5800, #478, .T. ) ;
#3647 = VECTOR ( 'NONE', #3590, 1000.000000000000000 ) ;
#3648 = DIRECTION ( 'NONE',  ( -1.000000000000000000, 1.593062912007103154E-16, 1.228232725407420948E-32 ) ) ;
#3649 = ORIENTED_EDGE ( 'NONE', *, *, #7658, .T. ) ;
#3650 = PLANE ( 'NONE',  #9802 ) ;
#3651 = DIRECTION ( 'NONE',  ( -1.000000000000000000, 0.000000000000000000, 0.000000000000000000 ) ) ;
#3652 = ORIENTED_EDGE ( 'NONE', *, *, #3490, .T. ) ;
#3653 = EDGE_CURVE ( 'NONE', #10302, #8087, #10644, .T. ) ;
#3654 = EDGE_CURVE ( 'NONE', #10153, #365, #6830, .T. ) ;
#3655 = CARTESIAN_POINT ( 'NONE',  ( 77.61249999999999716, -4.758722840905002194, -40.25769145387477721 ) ) ;
#3656 = ORIENTED_EDGE ( 'NONE', *, *, #10040, .T. ) ;
#3657 = AXIS2_PLACEMENT_3D ( 'NONE', #9293, #4123, #11049 ) ;
#3658 = TOROIDAL_SURFACE ( 'NONE', #10346, 20.00000000000000000, 5.000000000000000000 ) ;
#3659 = ORIENTED_EDGE ( 'NONE', *, *, #4337, .F. ) ;
#3660 = ORIENTED_EDGE ( 'NONE', *, *, #10791, .F. ) ;
#3661 = DIRECTION ( 'NONE',  ( 0.000000000000000000, 0.000000000000000000, -1.000000000000000000 ) ) ;
#3662 = CARTESIAN_POINT ( 'NONE',  ( -31.00042949693185435, 110.8258398792882247, 36.89999999999998437 ) ) ;
#3663 = CARTESIAN_POINT ( 'NONE',  ( -43.40689872104513825, 90.00000000000000000, -29.66122071973760299 ) ) ;
#3664 = EDGE_CURVE ( 'NONE', #9874, #7660, #11037, .T. ) ;
#3665 = DIRECTION ( 'NONE',  ( 1.000000000000000000, -0.000000000000000000, -0.000000000000000000 ) ) ;
#3666 = FACE_BOUND ( 'NONE', #9931, .T. ) ;
#3667 = EDGE_CURVE ( 'NONE', #2669, #9460, #11094, .T. ) ;
#3668 = CARTESIAN_POINT ( 'NONE',  ( -82.54999999999999716, 58.93999999999998352, 11.39999999999999147 ) ) ;
#3669 = CARTESIAN_POINT ( 'NONE',  ( 43.40689872104514535, 69.46500000000000341, -5.796029510066058939E-15 ) ) ;
#3670 = CARTESIAN_POINT ( 'NONE',  ( 77.61250000000001137, 90.00000000000000000, 25.39999999999999147 ) ) ;
#3671 = ORIENTED_EDGE ( 'NONE', *, *, #9200, .T. ) ;
#3672 = VERTEX_POINT ( 'NONE', #533 ) ;
#3673 = DIRECTION ( 'NONE',  ( 0.000000000000000000, 1.000000000000000000, 0.000000000000000000 ) ) ;
#3674 = ORIENTED_EDGE ( 'NONE', *, *, #7458, .T. ) ;
#3675 = FACE_OUTER_BOUND ( 'NONE', #9535, .T. ) ;
#3676 = CARTESIAN_POINT ( 'NONE',  ( -23.07862717547882170, 96.12583987928823603, 1.150873398797776170 ) ) ;
#3677 = CARTESIAN_POINT ( 'NONE',  ( -61.81289880791658931, 5.099999999999999645, 18.26344096711873277 ) ) ;
#3678 = LINE ( 'NONE', #10707, #7173 ) ;
#3679 = AXIS2_PLACEMENT_3D ( 'NONE', #10135, #6825, #6777 ) ;
#3680 = ORIENTED_EDGE ( 'NONE', *, *, #9463, .T. ) ;
#3681 = ORIENTED_EDGE ( 'NONE', *, *, #4332, .F. ) ;
#3682 = VERTEX_POINT ( 'NONE', #3322 ) ;
#3683 = ORIENTED_EDGE ( 'NONE', *, *, #7748, .T. ) ;
#3684 = CARTESIAN_POINT ( 'NONE',  ( 53.05138322153545261, 5.099999999999999645, 15.82115058466707858 ) ) ;
#3685 = AXIS2_PLACEMENT_3D ( 'NONE', #105, #1077, #7935 ) ;
#3686 = CARTESIAN_POINT ( 'NONE',  ( 73.96808532237744771, 8.274999999999998579, 17.06344096893413820 ) ) ;
#3687 = CYLINDRICAL_SURFACE ( 'NONE', #2261, 12.50000000000000000 ) ;
#3688 = EDGE_CURVE ( 'NONE', #8217, #8511, #7395, .T. ) ;
#3689 = CARTESIAN_POINT ( 'NONE',  ( -31.00042949693185435, 110.8258398792882247, 11.89999999999998614 ) ) ;
#3690 = LINE ( 'NONE', #6181, #3904 ) ;
#3691 = ORIENTED_EDGE ( 'NONE', *, *, #189, .F. ) ;
#3692 = CARTESIAN_POINT ( 'NONE',  ( -31.00042949693185435, 109.8258398792882247, 0.000000000000000000 ) ) ;
#3693 = VECTOR ( 'NONE', #7150, 1000.000000000000000 ) ;
#3694 = ORIENTED_EDGE ( 'NONE', *, *, #8790, .F. ) ;
#3695 = VECTOR ( 'NONE', #4626, 1000.000000000000000 ) ;
#3696 = LINE ( 'NONE', #10609, #2515 ) ;
#3697 = EDGE_CURVE ( 'NONE', #10917, #7518, #6651, .T. ) ;
#3698 = CARTESIAN_POINT ( 'NONE',  ( -77.61249999996866222, 89.99999999999998579, -29.66122071973759944 ) ) ;
#3699 = PLANE ( 'NONE',  #1631 ) ;
#3700 = CARTESIAN_POINT ( 'NONE',  ( 51.69999999999999574, 10.00808511372027354, 6.954673577913517590 ) ) ;
#3701 = VERTEX_POINT ( 'NONE', #5917 ) ;
#3702 = CARTESIAN_POINT ( 'NONE',  ( 79.61249999999999716, 21.27499999999999503, 22.62763407003640026 ) ) ;
#3703 = VERTEX_POINT ( 'NONE', #1574 ) ;
#3704 = EDGE_LOOP ( 'NONE', ( #1327, #10853, #10141, #4376 ) ) ;
#3705 = VECTOR ( 'NONE', #4517, 1000.000000000000114 ) ;
#3706 = EDGE_CURVE ( 'NONE', #2737, #11188, #767, .T. ) ;
#3707 = VERTEX_POINT ( 'NONE', #4910 ) ;
#3708 = VERTEX_POINT ( 'NONE', #5022 ) ;
#3709 = CARTESIAN_POINT ( 'NONE',  ( -29.00040951398291256, 99.82583987928822467, 17.88353407934097916 ) ) ;
#3710 = EDGE_CURVE ( 'NONE', #8094, #1673, #6599, .T. ) ;
#3711 = LINE ( 'NONE', #7175, #3778 ) ;
#3712 = DIRECTION ( 'NONE',  ( -0.000000000000000000, 1.000000000000000000, -0.000000000000000000 ) ) ;
#3713 = CARTESIAN_POINT ( 'NONE',  ( -52.36501998304115091, 5.099999999999999645, 17.92115427297832397 ) ) ;
#3714 = ORIENTED_EDGE ( 'NONE', *, *, #5253, .T. ) ;
#3715 = AXIS2_PLACEMENT_3D ( 'NONE', #10051, #7337, #5564 ) ;
#3716 = FACE_OUTER_BOUND ( 'NONE', #8986, .T. ) ;
#3717 = FACE_OUTER_BOUND ( 'NONE', #7381, .T. ) ;
#3718 = DIRECTION ( 'NONE',  ( 0.000000000000000000, 0.000000000000000000, 1.000000000000000000 ) ) ;
#3719 = ORIENTED_EDGE ( 'NONE', *, *, #8530, .T. ) ;
#3720 = EDGE_LOOP ( 'NONE', ( #8348, #8670, #6128, #3169, #824, #3080 ) ) ;
#3721 = AXIS2_PLACEMENT_3D ( 'NONE', #6122, #7152, #1714 ) ;
#3722 = FACE_OUTER_BOUND ( 'NONE', #7359, .T. ) ;
#3723 = FACE_OUTER_BOUND ( 'NONE', #6254, .T. ) ;
#3724 = ADVANCED_FACE ( 'NONE', ( #10067 ), #4304, .F. ) ;
#3725 = CARTESIAN_POINT ( 'NONE',  ( 50.48689872104515075, 95.28999999999417980, -25.07998592831960849 ) ) ;
#3726 = DIRECTION ( 'NONE',  ( 1.000000000000000000, 1.753511094850201891E-16, 1.351936382943306622E-32 ) ) ;
#3727 = DIRECTION ( 'NONE',  ( 0.000000000000000000, 0.000000000000000000, -1.000000000000000000 ) ) ;
#3728 = PLANE ( 'NONE',  #4813 ) ;
#3729 = ORIENTED_EDGE ( 'NONE', *, *, #8109, .F. ) ;
#3730 = ORIENTED_EDGE ( 'NONE', *, *, #3849, .T. ) ;
#3731 = EDGE_CURVE ( 'NONE', #10690, #1667, #2249, .T. ) ;
#3732 = ORIENTED_EDGE ( 'NONE', *, *, #4615, .T. ) ;
#3733 = ADVANCED_FACE ( 'NONE', ( #4217 ), #8384, .F. ) ;
#3734 = FACE_BOUND ( 'NONE', #10176, .T. ) ;
#3735 = ORIENTED_EDGE ( 'NONE', *, *, #2146, .F. ) ;
#3736 = CARTESIAN_POINT ( 'NONE',  ( 54.81500000380517434, 8.274999999999998579, 19.62115427306273219 ) ) ;
#3737 = CARTESIAN_POINT ( 'NONE',  ( 53.40689872104514535, 74.43999999999417128, -7.959769997217391868 ) ) ;
#3738 = LINE ( 'NONE', #7323, #805 ) ;
#3739 = CARTESIAN_POINT ( 'NONE',  ( -54.81500000380517434, 5.099999999999999645, 19.62115427306273219 ) ) ;
#3740 = DIRECTION ( 'NONE',  ( 0.000000000000000000, 0.000000000000000000, -1.000000000000000000 ) ) ;
#3741 = VERTEX_POINT ( 'NONE', #2308 ) ;
#3742 = DIRECTION ( 'NONE',  ( 0.000000000000000000, 0.000000000000000000, 1.000000000000000000 ) ) ;
#3743 = ORIENTED_EDGE ( 'NONE', *, *, #5556, .F. ) ;
#3744 = VERTEX_POINT ( 'NONE', #4850 ) ;
#3745 =( BOUNDED_SURFACE ( )  B_SPLINE_SURFACE ( 3, 2, ( 
 ( #1212, #4602, #9888 ),
 ( #4652, #10564, #1269 ),
 ( #187, #7340, #1104 ),
 ( #5515, #8982, #10678 ) ),
 .UNSPECIFIED., .F., .F., .F. ) 
 B_SPLINE_SURFACE_WITH_KNOTS ( ( 4, 4 ),
 ( 3, 3 ),
 ( 0.01213006595044236781, 0.01313628089671391511 ),
 ( 0.000000000000000000, 1.000000000000000000 ),
 .UNSPECIFIED. ) 
 GEOMETRIC_REPRESENTATION_ITEM ( )  RATIONAL_B_SPLINE_SURFACE ( (
 ( 1.000000000000000000, 0.7212633665191349186, 1.000000000000000000),
 ( 1.000000000000000000, 0.7164963675770872342, 1.000000000000000000),
 ( 1.000000000000000000, 0.7117770367767244366, 1.000000000000000000),
 ( 1.000000000000000000, 0.7071067811865460184, 1.000000000000000000) ) ) 
 REPRESENTATION_ITEM ( '' )  SURFACE ( )  );
#3746 = CARTESIAN_POINT ( 'NONE',  ( -50.48689872104515075, 95.28999999999417980, 0.5200140716803901553 ) ) ;
#3747 = LINE ( 'NONE', #6243, #11055 ) ;
#3748 = LINE ( 'NONE', #129, #6908 ) ;
#3749 = PLANE ( 'NONE',  #1372 ) ;
#3750 = DIRECTION ( 'NONE',  ( -1.000000000000000000, 0.000000000000000000, -6.025932307130935509E-13 ) ) ;
#3751 = ORIENTED_EDGE ( 'NONE', *, *, #6088, .F. ) ;
#3752 = EDGE_CURVE ( 'NONE', #7563, #9561, #9170, .T. ) ;
#3753 = CARTESIAN_POINT ( 'NONE',  ( 10.60957050304422999, 99.82583987928821045, -0.4337073862334295815 ) ) ;
#3754 = ORIENTED_EDGE ( 'NONE', *, *, #7197, .F. ) ;
#3755 = ORIENTED_EDGE ( 'NONE', *, *, #2487, .F. ) ;
#3756 = ORIENTED_EDGE ( 'NONE', *, *, #9871, .T. ) ;
#3757 = VERTEX_POINT ( 'NONE', #4163 ) ;
#3758 = VECTOR ( 'NONE', #2368, 1000.000000000000000 ) ;
#3759 = DIRECTION ( 'NONE',  ( 1.000000000000000000, 0.000000000000000000, 0.000000000000000000 ) ) ;
#3760 = VECTOR ( 'NONE', #8416, 1000.000000000000000 ) ;
#3761 = DIRECTION ( 'NONE',  ( -0.9999999999984094945, 0.000000000000000000, 1.783514045278184224E-06 ) ) ;
#3762 = CARTESIAN_POINT ( 'NONE',  ( 29.99957050306814210, 124.8258398792882247, 4.963509728450988590 ) ) ;
#3763 = CARTESIAN_POINT ( 'NONE',  ( 11.25500000000000433, 4.249377385370907589, 13.89999999999999680 ) ) ;
#3764 = ORIENTED_EDGE ( 'NONE', *, *, #2828, .T. ) ;
#3765 = EDGE_CURVE ( 'NONE', #4045, #10263, #7633, .T. ) ;
#3766 = DIRECTION ( 'NONE',  ( 1.000000000000000000, -0.000000000000000000, -0.000000000000000000 ) ) ;
#3767 = LINE ( 'NONE', #5362, #6451 ) ;
#3768 = ORIENTED_EDGE ( 'NONE', *, *, #5029, .T. ) ;
#3769 = LINE ( 'NONE', #8896, #4482 ) ;
#3770 = VECTOR ( 'NONE', #2599, 1000.000000000000000 ) ;
#3771 = VERTEX_POINT ( 'NONE', #4963 ) ;
#3772 = AXIS2_PLACEMENT_3D ( 'NONE', #6457, #8288, #2903 ) ;
#3773 = ORIENTED_EDGE ( 'NONE', *, *, #10010, .F. ) ;
#3774 = AXIS2_PLACEMENT_3D ( 'NONE', #2769, #3673, #4738 ) ;
#3775 = ORIENTED_EDGE ( 'NONE', *, *, #6006, .F. ) ;
#3776 = PLANE ( 'NONE',  #5496 ) ;
#3777 = DIRECTION ( 'NONE',  ( 0.000000000000000000, 0.000000000000000000, -1.000000000000000000 ) ) ;
#3778 = VECTOR ( 'NONE', #7117, 1000.000000000000000 ) ;
#3779 = CARTESIAN_POINT ( 'NONE',  ( 80.80077463454701103, 20.08672536545297049, -2.376549269094019756 ) ) ;
#3780 = EDGE_CURVE ( 'NONE', #2923, #7647, #592, .T. ) ;
#3781 = AXIS2_PLACEMENT_3D ( 'NONE', #3406, #10326, #2402 ) ;
#3782 = EDGE_CURVE ( 'NONE', #1067, #6738, #5814, .T. ) ;
#3783 = DIRECTION ( 'NONE',  ( 0.000000000000000000, 1.000000000000000000, 0.000000000000000000 ) ) ;
#3784 = DIRECTION ( 'NONE',  ( 1.902368341696336056E-08, 0.000000000000000000, 0.9999999999999998890 ) ) ;
#3785 = VERTEX_POINT ( 'NONE', #9224 ) ;
#3786 = ORIENTED_EDGE ( 'NONE', *, *, #9413, .F. ) ;
#3787 = ADVANCED_FACE ( 'NONE', ( #4054 ), #7464, .F. ) ;
#3788 = ADVANCED_FACE ( 'NONE', ( #3155 ), #7519, .T. ) ;
#3789 = AXIS2_PLACEMENT_3D ( 'NONE', #4290, #7065, #10525 ) ;
#3790 = ORIENTED_EDGE ( 'NONE', *, *, #1444, .T. ) ;
#3791 = AXIS2_PLACEMENT_3D ( 'NONE', #859, #4095, #8638 ) ;
#3792 = FACE_BOUND ( 'NONE', #5603, .T. ) ;
#3793 = ORIENTED_EDGE ( 'NONE', *, *, #1245, .T. ) ;
#3794 = CARTESIAN_POINT ( 'NONE',  ( -50.02648654977334530, 5.099999999999999645, 20.18114647173673148 ) ) ;
#3795 = DIRECTION ( 'NONE',  ( 0.000000000000000000, 0.000000000000000000, 1.000000000000000000 ) ) ;
#3796 = DIRECTION ( 'NONE',  ( 0.000000000000000000, -1.000000000000000000, 0.000000000000000000 ) ) ;
#3797 = DIRECTION ( 'NONE',  ( 0.000000000000000000, 1.000000000000000000, 0.000000000000000000 ) ) ;
#3798 = VECTOR ( 'NONE', #4889, 1000.000000000000000 ) ;
#3799 = CARTESIAN_POINT ( 'NONE',  ( -61.59000000000155950, 5.099999999999999645, 19.62115427306273219 ) ) ;
#3800 = ADVANCED_FACE ( 'NONE', ( #3273, #7793, #10283 ), #822, .T. ) ;
#3801 = ORIENTED_EDGE ( 'NONE', *, *, #8446, .T. ) ;
#3802 = DIRECTION ( 'NONE',  ( 0.000000000000000000, 0.000000000000000000, 1.000000000000000000 ) ) ;
#3803 = DIRECTION ( 'NONE',  ( -7.054719541367230563E-17, -0.8490371033064915141, 0.5283332255394527222 ) ) ;
#3804 = DIRECTION ( 'NONE',  ( -0.000000000000000000, -0.000000000000000000, 1.000000000000000000 ) ) ;
#3805 = CARTESIAN_POINT ( 'NONE',  ( 74.43750000000000000, 89.99999999999998579, -37.08269145387477295 ) ) ;
#3806 = DIRECTION ( 'NONE',  ( -0.000000000000000000, -1.000000000000000000, -0.000000000000000000 ) ) ;
#3807 = DIRECTION ( 'NONE',  ( -0.000000000000000000, 1.000000000000000000, -0.000000000000000000 ) ) ;
#3808 = LINE ( 'NONE', #2750, #7753 ) ;
#3809 = CIRCLE ( 'NONE', #9625, 11.39100661779977841 ) ;
#3810 = ORIENTED_EDGE ( 'NONE', *, *, #7868, .F. ) ;
#3811 = ORIENTED_EDGE ( 'NONE', *, *, #3172, .T. ) ;
#3812 = ORIENTED_EDGE ( 'NONE', *, *, #595, .T. ) ;
#3813 = CIRCLE ( 'NONE', #7271, 25.00000000000000000 ) ;
#3814 = AXIS2_PLACEMENT_3D ( 'NONE', #10537, #8791, #2779 ) ;
#3815 = ORIENTED_EDGE ( 'NONE', *, *, #4334, .T. ) ;
#3816 = VECTOR ( 'NONE', #1894, 1000.000000000000000 ) ;
#3817 = DIRECTION ( 'NONE',  ( -0.000000000000000000, -1.000000000000000000, -0.000000000000000000 ) ) ;
#3818 = LINE ( 'NONE', #5473, #8686 ) ;
#3819 = CARTESIAN_POINT ( 'NONE',  ( -29.00040951398291256, 96.12583987928823603, 17.88353407934097916 ) ) ;
#3820 = FACE_OUTER_BOUND ( 'NONE', #5906, .T. ) ;
#3821 = EDGE_LOOP ( 'NONE', ( #3115, #9681, #7552, #4936, #4937, #3970, #6339, #4098, #9147, #5675, #93 ) ) ;
#3822 = CARTESIAN_POINT ( 'NONE',  ( 67.12499999999998579, 104.8258398792882247, 37.90000000000004832 ) ) ;
#3823 = CARTESIAN_POINT ( 'NONE',  ( 43.40689872104513825, 69.46500000000000341, -29.66122071973760299 ) ) ;
#3824 = EDGE_LOOP ( 'NONE', ( #6441, #7411 ) ) ;
#3825 = DIRECTION ( 'NONE',  ( -0.000000000000000000, -0.000000000000000000, -1.000000000000000000 ) ) ;
#3826 = AXIS2_PLACEMENT_3D ( 'NONE', #7986, #8776, #5304 ) ;
#3827 = AXIS2_PLACEMENT_3D ( 'NONE', #7392, #9157, #1385 ) ;
#3828 = ORIENTED_EDGE ( 'NONE', *, *, #7190, .T. ) ;
#3829 = EDGE_CURVE ( 'NONE', #1928, #769, #1837, .T. ) ;
#3830 = DIRECTION ( 'NONE',  ( 0.000000000000000000, -0.000000000000000000, 1.000000000000000000 ) ) ;
#3831 = VECTOR ( 'NONE', #7405, 999.9999999999998863 ) ;
#3832 = CARTESIAN_POINT ( 'NONE',  ( 77.61250000000001137, 61.63999999999999346, -5.257691453874766552 ) ) ;
#3833 = DIRECTION ( 'NONE',  ( 0.000000000000000000, 0.000000000000000000, 1.000000000000000000 ) ) ;
#3834 = CARTESIAN_POINT ( 'NONE',  ( 81.55000000000001137, 66.63999999999998636, 5.399999999999991473 ) ) ;
#3835 = DIRECTION ( 'NONE',  ( -0.000000000000000000, 1.000000000000000000, 1.057756829634520258E-16 ) ) ;
#3836 = CARTESIAN_POINT ( 'NONE',  ( 69.20000000007698304, 82.35514882866922903, -37.08269145387477295 ) ) ;
#3837 = ORIENTED_EDGE ( 'NONE', *, *, #2748, .T. ) ;
#3838 = EDGE_LOOP ( 'NONE', ( #2142, #3585, #9494, #10872 ) ) ;
#3839 = ORIENTED_EDGE ( 'NONE', *, *, #4552, .F. ) ;
#3840 = EDGE_CURVE ( 'NONE', #3237, #2784, #6934, .T. ) ;
#3841 = CARTESIAN_POINT ( 'NONE',  ( 50.48689872104515075, 0.000000000000000000, -9.453771206965333315E-16 ) ) ;
#3842 = ORIENTED_EDGE ( 'NONE', *, *, #6628, .T. ) ;
#3843 = DIRECTION ( 'NONE',  ( 0.000000000000000000, 0.000000000000000000, -1.000000000000000000 ) ) ;
#3844 = EDGE_CURVE ( 'NONE', #1653, #4177, #7941, .T. ) ;
#3845 = CARTESIAN_POINT ( 'NONE',  ( -5.461913016040045754, 96.12583987928823603, -4.426490271496838602 ) ) ;
#3846 = DIRECTION ( 'NONE',  ( 0.000000000000000000, 1.000000000000000000, 0.000000000000000000 ) ) ;
#3847 = DIRECTION ( 'NONE',  ( -1.000000000000000000, 0.000000000000000000, 0.000000000000000000 ) ) ;
#3848 = EDGE_CURVE ( 'NONE', #1667, #5346, #7933, .T. ) ;
#3849 = EDGE_CURVE ( 'NONE', #9362, #7398, #5134, .T. ) ;
#3850 = CARTESIAN_POINT ( 'NONE',  ( 43.40689872104513825, 97.50000000000000000, 22.30467496797187010 ) ) ;
#3851 = AXIS2_PLACEMENT_3D ( 'NONE', #1556, #8737, #100 ) ;
#3852 = FACE_OUTER_BOUND ( 'NONE', #6072, .T. ) ;
#3853 = ORIENTED_EDGE ( 'NONE', *, *, #9284, .F. ) ;
#3854 = ORIENTED_EDGE ( 'NONE', *, *, #11199, .F. ) ;
#3855 = ORIENTED_EDGE ( 'NONE', *, *, #9969, .F. ) ;
#3856 = AXIS2_PLACEMENT_3D ( 'NONE', #7584, #10991, #8451 ) ;
#3857 = VECTOR ( 'NONE', #9755, 1000.000000000000000 ) ;
#3858 = EDGE_CURVE ( 'NONE', #6475, #6572, #7047, .T. ) ;
#3859 = EDGE_CURVE ( 'NONE', #7426, #8054, #7909, .T. ) ;
#3860 = EDGE_CURVE ( 'NONE', #8611, #3211, #6875, .T. ) ;
#3861 = CARTESIAN_POINT ( 'NONE',  ( -77.61249999996864801, -4.758722840905003082, -32.75769145387477721 ) ) ;
#3862 = FACE_OUTER_BOUND ( 'NONE', #10942, .T. ) ;
#3863 = PLANE ( 'NONE',  #2242 ) ;
#3864 = CARTESIAN_POINT ( 'NONE',  ( -5.000429496931850792, 109.8258398792882247, 11.89999999999998614 ) ) ;
#3865 = DIRECTION ( 'NONE',  ( -1.218707698843631781E-16, 0.000000000000000000, -1.000000000000000000 ) ) ;
#3866 = EDGE_CURVE ( 'NONE', #11010, #2615, #8707, .T. ) ;
#3867 = DIRECTION ( 'NONE',  ( 0.05071119701308116762, 0.000000000000000000, -0.9987133595268966602 ) ) ;
#3868 = DIRECTION ( 'NONE',  ( -6.025932307130935509E-13, 0.000000000000000000, 1.000000000000000000 ) ) ;
#3869 = VERTEX_POINT ( 'NONE', #5186 ) ;
#3870 = CIRCLE ( 'NONE', #8587, 2.499801894116292722 ) ;
#3871 = DIRECTION ( 'NONE',  ( -1.218707698843631781E-16, 0.000000000000000000, -1.000000000000000000 ) ) ;
#3872 = CIRCLE ( 'NONE', #5320, 1.000000000000000888 ) ;
#3873 = ORIENTED_EDGE ( 'NONE', *, *, #8378, .T. ) ;
#3874 = VERTEX_POINT ( 'NONE', #3484 ) ;
#3875 = EDGE_CURVE ( 'NONE', #7109, #5852, #22, .T. ) ;
#3876 = AXIS2_PLACEMENT_3D ( 'NONE', #7833, #10658, #3796 ) ;
#3877 = ORIENTED_EDGE ( 'NONE', *, *, #3829, .T. ) ;
#3878 = CARTESIAN_POINT ( 'NONE',  ( 72.76808532600743717, 5.099999999999999645, -0.6211324209942632457 ) ) ;
#3879 = LINE ( 'NONE', #1114, #8327 ) ;
#3880 = FACE_OUTER_BOUND ( 'NONE', #8052, .T. ) ;
#3881 = CARTESIAN_POINT ( 'NONE',  ( -81.84979246179028678, 66.63999999999998636, 10.39999999999999325 ) ) ;
#3882 = ORIENTED_EDGE ( 'NONE', *, *, #11147, .T. ) ;
#3883 = DIRECTION ( 'NONE',  ( 0.000000000000000000, 0.000000000000000000, -1.000000000000000000 ) ) ;
#3884 = FACE_OUTER_BOUND ( 'NONE', #6030, .T. ) ;
#3885 = DIRECTION ( 'NONE',  ( 1.228232725407420811E-32, 0.000000000000000000, -1.000000000000000000 ) ) ;
#3886 = VERTEX_POINT ( 'NONE', #1781 ) ;
#3887 = DIRECTION ( 'NONE',  ( -1.000000000000000000, 0.000000000000000000, 0.000000000000000000 ) ) ;
#3888 = VECTOR ( 'NONE', #845, 1000.000000000000000 ) ;
#3889 = ORIENTED_EDGE ( 'NONE', *, *, #5313, .T. ) ;
#3890 = ORIENTED_EDGE ( 'NONE', *, *, #849, .T. ) ;
#3891 = ORIENTED_EDGE ( 'NONE', *, *, #10298, .F. ) ;
#3892 = ADVANCED_FACE ( 'NONE', ( #3368 ), #79, .F. ) ;
#3893 = CARTESIAN_POINT ( 'NONE',  ( -50.48689872104515075, 94.56476577691782381, -21.83805926787198715 ) ) ;
#3894 = DIRECTION ( 'NONE',  ( 0.000000000000000000, 1.000000000000000000, 0.000000000000000000 ) ) ;
#3895 = VECTOR ( 'NONE', #1583, 1000.000000000000000 ) ;
#3896 = CARTESIAN_POINT ( 'NONE',  ( -8.300429496984971678, 96.12583987928823603, 15.71614540591397358 ) ) ;
#3897 = CARTESIAN_POINT ( 'NONE',  ( -29.00042949698513439, 96.12583987928823603, 18.68350972833517432 ) ) ;
#3898 = CARTESIAN_POINT ( 'NONE',  ( -31.40689872104236002, 97.49999999999720046, 21.29350972844870427 ) ) ;
#3899 = CARTESIAN_POINT ( 'NONE',  ( -52.36501998304115091, 8.274999999999998579, 19.07115427297831900 ) ) ;
#3900 = FACE_BOUND ( 'NONE', #4880, .T. ) ;
#3901 = PRODUCT_RELATED_PRODUCT_CATEGORY ( 'part', '', ( #5200 ) ) ;
#3902 = ORIENTED_EDGE ( 'NONE', *, *, #1141, .T. ) ;
#3903 = VERTEX_POINT ( 'NONE', #11197 ) ;
#3904 = VECTOR ( 'NONE', #8753, 1000.000000000000000 ) ;
#3905 = ORIENTED_EDGE ( 'NONE', *, *, #4136, .F. ) ;
#3906 = ORIENTED_EDGE ( 'NONE', *, *, #3752, .T. ) ;
#3907 = CYLINDRICAL_SURFACE ( 'NONE', #8227, 1.149999999999999467 ) ;
#3908 = DIRECTION ( 'NONE',  ( 1.521157000052819462E-16, -9.870233350266327087E-07, -0.9999999999995128341 ) ) ;
#3909 = LINE ( 'NONE', #7266, #3693 ) ;
#3910 = CIRCLE ( 'NONE', #9536, 1.149999999999999689 ) ;
#3911 = PLANE ( 'NONE',  #3264 ) ;
#3912 = CARTESIAN_POINT ( 'NONE',  ( 9.142053049491922323, 110.0692595692233340, 36.89999999999998437 ) ) ;
#3913 = VERTEX_POINT ( 'NONE', #3542 ) ;
#3914 = EDGE_CURVE ( 'NONE', #1758, #3903, #10454, .T. ) ;
#3915 = VERTEX_POINT ( 'NONE', #876 ) ;
#3916 = ORIENTED_EDGE ( 'NONE', *, *, #1099, .T. ) ;
#3917 = ORIENTED_EDGE ( 'NONE', *, *, #1734, .F. ) ;
#3918 = VECTOR ( 'NONE', #836, 1000.000000000000000 ) ;
#3919 = EDGE_CURVE ( 'NONE', #7204, #9593, #4671, .T. ) ;
#3920 = LINE ( 'NONE', #10733, #5218 ) ;
#3921 = DIRECTION ( 'NONE',  ( -6.982552095378596374E-32, -1.000000000000000000, -5.229285515060565227E-16 ) ) ;
#3922 = CARTESIAN_POINT ( 'NONE',  ( -77.61249999996866222, 90.00000000000000000, -29.66122071973759944 ) ) ;
#3923 = LINE ( 'NONE', #6468, #7881 ) ;
#3924 = FACE_BOUND ( 'NONE', #2549, .T. ) ;
#3925 = ADVANCED_FACE ( 'NONE', ( #1731 ), #6798, .T. ) ;
#3926 = VERTEX_POINT ( 'NONE', #8581 ) ;
#3927 = EDGE_CURVE ( 'NONE', #2862, #9550, #5113, .T. ) ;
#3928 = CYLINDRICAL_SURFACE ( 'NONE', #6567, 2.499801894116557843 ) ;
#3929 = VERTEX_POINT ( 'NONE', #7721 ) ;
#3930 = ORIENTED_EDGE ( 'NONE', *, *, #3752, .F. ) ;
#3931 = EDGE_CURVE ( 'NONE', #4260, #8535, #1970, .T. ) ;
#3932 = EDGE_CURVE ( 'NONE', #7260, #908, #3053, .T. ) ;
#3933 = VERTEX_POINT ( 'NONE', #7555 ) ;
#3934 = PLANE ( 'NONE',  #2020 ) ;
#3935 = ORIENTED_EDGE ( 'NONE', *, *, #7062, .T. ) ;
#3936 = DIRECTION ( 'NONE',  ( 0.000000000000000000, 1.000000000000000000, 0.000000000000000000 ) ) ;
#3937 = DIRECTION ( 'NONE',  ( -0.000000000000000000, -1.000000000000000000, -0.000000000000000000 ) ) ;
#3938 = EDGE_CURVE ( 'NONE', #4317, #10153, #4726, .T. ) ;
#3939 = VERTEX_POINT ( 'NONE', #7664 ) ;
#3940 = EDGE_CURVE ( 'NONE', #3055, #861, #5001, .T. ) ;
#3941 = VERTEX_POINT ( 'NONE', #686 ) ;
#3942 = ORIENTED_EDGE ( 'NONE', *, *, #4684, .T. ) ;
#3943 = ORIENTED_EDGE ( 'NONE', *, *, #7528, .T. ) ;
#3944 = AXIS2_PLACEMENT_3D ( 'NONE', #10281, #765, #4441 ) ;
#3945 = VECTOR ( 'NONE', #265, 1000.000000000000000 ) ;
#3946 = DIRECTION ( 'NONE',  ( -1.000000000000000000, 0.000000000000000000, 1.335278419062900361E-16 ) ) ;
#3947 = CARTESIAN_POINT ( 'NONE',  ( -72.76808532600743717, 8.274999999999998579, -0.6211324209942632457 ) ) ;
#3948 = DIRECTION ( 'NONE',  ( 0.000000000000000000, -7.709882115452476934E-17, 1.000000000000000000 ) ) ;
#3949 = CARTESIAN_POINT ( 'NONE',  ( 11.25500000000000433, 4.249377385370907589, 16.39999999999999858 ) ) ;
#3950 = LINE ( 'NONE', #5486, #6894 ) ;
#3951 = DIRECTION ( 'NONE',  ( 1.000000000000000000, 0.000000000000000000, -1.490776387223533517E-14 ) ) ;
#3952 = CIRCLE ( 'NONE', #6839, 5.499999999999973355 ) ;
#3954 = AXIS2_PLACEMENT_3D ( 'NONE', #3575, #9706, #10544 ) ;
#3953 = FACE_OUTER_BOUND ( 'NONE', #7487, .T. ) ;
#3955 = CIRCLE ( 'NONE', #10288, 1.000000000000000888 ) ;
#3956 = VERTEX_POINT ( 'NONE', #11122 ) ;
#3957 = ORIENTED_EDGE ( 'NONE', *, *, #2115, .F. ) ;
#3958 = CARTESIAN_POINT ( 'NONE',  ( -8.300429496927835160, 99.82583987928822467, 1.150873398797555902 ) ) ;
#3959 = ORIENTED_EDGE ( 'NONE', *, *, #151, .F. ) ;
#3960 = ORIENTED_EDGE ( 'NONE', *, *, #4043, .F. ) ;
#3961 = VECTOR ( 'NONE', #7425, 1000.000000000000000 ) ;
#3962 = DIRECTION ( 'NONE',  ( 0.000000000000000000, 0.000000000000000000, -1.000000000000000000 ) ) ;
#3963 = AXIS2_PLACEMENT_3D ( 'NONE', #3737, #3401, #2557 ) ;
#3964 = CARTESIAN_POINT ( 'NONE',  ( -5.000429496931849016, 119.8301161607049750, 36.89999999999999147 ) ) ;
#3965 = CARTESIAN_POINT ( 'NONE',  ( 72.76808532600743717, 8.274999999999998579, -0.6211324209942632457 ) ) ;
#3966 = PLANE ( 'NONE',  #9418 ) ;
#3967 = CARTESIAN_POINT ( 'NONE',  ( 67.12499999999998579, 99.82583987928822467, 40.40000000000004832 ) ) ;
#3968 = ORIENTED_EDGE ( 'NONE', *, *, #10649, .F. ) ;
#3969 = VECTOR ( 'NONE', #9295, 999.9999999999998863 ) ;
#3970 = ORIENTED_EDGE ( 'NONE', *, *, #8529, .T. ) ;
#3971 = VECTOR ( 'NONE', #7489, 1000.000000000000000 ) ;
#3972 = ORIENTED_EDGE ( 'NONE', *, *, #9827, .F. ) ;
#3973 = VECTOR ( 'NONE', #8918, 1000.000000000000000 ) ;
#3974 = CARTESIAN_POINT ( 'NONE',  ( -54.81500000380517434, 5.099999999999999645, 19.62115427306273219 ) ) ;
#3975 = ADVANCED_FACE ( 'NONE', ( #5734 ), #4091, .F. ) ;
#3976 = AXIS2_PLACEMENT_3D ( 'NONE', #4679, #377, #3948 ) ;
#3977 = AXIS2_PLACEMENT_3D ( 'NONE', #1919, #2542, #4296 ) ;
#3978 = DIRECTION ( 'NONE',  ( -0.5735764363510426067, 0.8191520442889942411, 8.760552383784100532E-17 ) ) ;
#3979 = DIRECTION ( 'NONE',  ( 0.000000000000000000, 0.000000000000000000, 1.000000000000000000 ) ) ;
#3980 = CARTESIAN_POINT ( 'NONE',  ( 82.55000000000002558, 66.63999999999998636, -5.257691453874765664 ) ) ;
#3981 = PLANE ( 'NONE',  #10533 ) ;
#3982 = CARTESIAN_POINT ( 'NONE',  ( -31.40689872104514180, 97.50000000000000000, -29.66122071973760299 ) ) ;
#3983 = ORIENTED_EDGE ( 'NONE', *, *, #5046, .F. ) ;
#3984 = DIRECTION ( 'NONE',  ( -1.527355698137925406E-16, 0.000000000000000000, -1.000000000000000000 ) ) ;
#3985 = ORIENTED_EDGE ( 'NONE', *, *, #9626, .F. ) ;
#3986 = VERTEX_POINT ( 'NONE', #11014 ) ;
#3987 = ADVANCED_FACE ( 'NONE', ( #3353 ), #7499, .F. ) ;
#3988 = ADVANCED_FACE ( 'NONE', ( #5791 ), #2447, .F. ) ;
#3989 = CARTESIAN_POINT ( 'NONE',  ( 4.999570503068141214, 119.8258398792882105, 11.89999999999998614 ) ) ;
#3990 = VECTOR ( 'NONE', #6500, 1000.000000000000114 ) ;
#3991 = DIRECTION ( 'NONE',  ( 0.000000000000000000, 0.000000000000000000, -1.000000000000000000 ) ) ;
#3992 = EDGE_CURVE ( 'NONE', #1131, #10328, #4142, .T. ) ;
#3993 = ORIENTED_EDGE ( 'NONE', *, *, #10717, .F. ) ;
#3994 = EDGE_CURVE ( 'NONE', #3874, #3926, #3301, .T. ) ;
#3995 = DIRECTION ( 'NONE',  ( 0.000000000000000000, 0.000000000000000000, 1.000000000000000000 ) ) ;
#3996 = CARTESIAN_POINT ( 'NONE',  ( 50.48689872104515075, 95.63999999999417412, -2.374168628343574117 ) ) ;
#3997 = CARTESIAN_POINT ( 'NONE',  ( 24.99957050306814210, 119.8258398792882105, 4.963509728450989478 ) ) ;
#3998 = ORIENTED_EDGE ( 'NONE', *, *, #6633, .F. ) ;
#3999 = CARTESIAN_POINT ( 'NONE',  ( 11.25500000000000433, -27.00000000000000355, 19.39999999999997371 ) ) ;
#4000 = CIRCLE ( 'NONE', #5274, 1.000000000000000888 ) ;
#4001 = EDGE_LOOP ( 'NONE', ( #3775, #2159, #2797, #7302 ) ) ;
#4002 = VERTEX_POINT ( 'NONE', #2670 ) ;
#4003 = CIRCLE ( 'NONE', #9267, 10.94291382678908064 ) ;
#4004 = VERTEX_POINT ( 'NONE', #1875 ) ;
#4005 = CARTESIAN_POINT ( 'NONE',  ( 77.61250000000001137, 58.93999999999998352, -5.257691453874765664 ) ) ;
#4006 = CARTESIAN_POINT ( 'NONE',  ( -34.87827715511264870, 97.50000000000000000, 20.56135746866040037 ) ) ;
#4007 = EDGE_CURVE ( 'NONE', #426, #581, #1710, .T. ) ;
#4008 = DIRECTION ( 'NONE',  ( -0.000000000000000000, -0.000000000000000000, -1.000000000000000000 ) ) ;
#4009 = DIRECTION ( 'NONE',  ( 0.000000000000000000, 1.000000000000000000, 0.000000000000000000 ) ) ;
#4010 = DIRECTION ( 'NONE',  ( 1.000000000000000000, 0.000000000000000000, 0.000000000000000000 ) ) ;
#4011 = VECTOR ( 'NONE', #6624, 1000.000000000000000 ) ;
#4012 = DIRECTION ( 'NONE',  ( 0.8191520442889939080, 0.5735764363510430508, 0.000000000000000000 ) ) ;
#4013 = EDGE_CURVE ( 'NONE', #2709, #4004, #8749, .T. ) ;
#4014 = CARTESIAN_POINT ( 'NONE',  ( -42.55000000000002558, 97.32583987928822467, 22.30467496797187010 ) ) ;
#4015 = VECTOR ( 'NONE', #586, 1000.000000000000000 ) ;
#4016 = DIRECTION ( 'NONE',  ( 0.000000000000000000, 0.000000000000000000, 1.000000000000000000 ) ) ;
#4017 = LINE ( 'NONE', #7481, #7243 ) ;
#4018 = ORIENTED_EDGE ( 'NONE', *, *, #7378, .F. ) ;
#4019 = DIRECTION ( 'NONE',  ( -0.000000000000000000, -0.000000000000000000, 1.000000000000000000 ) ) ;
#4020 = ORIENTED_EDGE ( 'NONE', *, *, #534, .T. ) ;
#4021 = VERTEX_POINT ( 'NONE', #5278 ) ;
#4022 = VERTEX_POINT ( 'NONE', #7020 ) ;
#4023 = CARTESIAN_POINT ( 'NONE',  ( 11.25500000000000433, -27.00000000000000355, 7.542308546125213731 ) ) ;
#4024 = DIRECTION ( 'NONE',  ( 0.000000000000000000, -0.5283332255394525001, -0.8490371033064915141 ) ) ;
#4025 = LINE ( 'NONE', #6406, #9608 ) ;
#4026 = CARTESIAN_POINT ( 'NONE',  ( -67.12500000000000000, 104.8258398792882247, 40.40000000000004832 ) ) ;
#4027 = ORIENTED_EDGE ( 'NONE', *, *, #10071, .F. ) ;
#4028 = ORIENTED_EDGE ( 'NONE', *, *, #3858, .T. ) ;
#4029 = VERTEX_POINT ( 'NONE', #1818 ) ;
#4030 = DIRECTION ( 'NONE',  ( 0.000000000000000000, -7.709882115452476934E-17, 1.000000000000000000 ) ) ;
#4031 = ADVANCED_FACE ( 'NONE', ( #3467 ), #6230, .T. ) ;
#4032 = VECTOR ( 'NONE', #6463, 1000.000000000000000 ) ;
#4033 = DIRECTION ( 'NONE',  ( -0.000000000000000000, 7.709882115452476934E-17, -1.000000000000000000 ) ) ;
#4034 = VECTOR ( 'NONE', #6219, 999.9999999999998863 ) ;
#4035 = DIRECTION ( 'NONE',  ( 0.000000000000000000, 0.000000000000000000, -1.000000000000000000 ) ) ;
#4036 = DIRECTION ( 'NONE',  ( -0.000000000000000000, -0.000000000000000000, -1.000000000000000000 ) ) ;
#4037 = DIRECTION ( 'NONE',  ( 0.000000000000000000, 0.000000000000000000, 1.000000000000000000 ) ) ;
#4038 = DIRECTION ( 'NONE',  ( -1.000000000000000000, -0.000000000000000000, -0.000000000000000000 ) ) ;
#4039 = DIRECTION ( 'NONE',  ( 1.000000000000000000, 0.000000000000000000, 0.000000000000000000 ) ) ;
#4040 = CARTESIAN_POINT ( 'NONE',  ( -29.00042949692799965, 96.12583987928823603, -2.616490271664665634 ) ) ;
#4041 = ORIENTED_EDGE ( 'NONE', *, *, #3388, .F. ) ;
#4042 = AXIS2_PLACEMENT_3D ( 'NONE', #290, #235, #9877 ) ;
#4043 = EDGE_CURVE ( 'NONE', #1849, #10540, #1064, .T. ) ;
#4044 = AXIS2_PLACEMENT_3D ( 'NONE', #4463, #3508, #8011 ) ;
#4045 = VERTEX_POINT ( 'NONE', #6177 ) ;
#4046 = ORIENTED_EDGE ( 'NONE', *, *, #3667, .F. ) ;
#4047 = DIRECTION ( 'NONE',  ( 0.000000000000000000, -0.000000000000000000, -1.000000000000000000 ) ) ;
#4048 = LINE ( 'NONE', #8488, #759 ) ;
#4049 = CIRCLE ( 'NONE', #2431, 0.7999999999998392841 ) ;
#4050 = CARTESIAN_POINT ( 'NONE',  ( -74.43749999996865085, 82.35514882866895903, -40.25769145387477010 ) ) ;
#4051 = DIRECTION ( 'NONE',  ( -1.000000000000000000, 0.000000000000000000, 1.335278419062900361E-16 ) ) ;
#4052 = DIRECTION ( 'NONE',  ( 0.000000000000000000, 1.000000000000000000, 0.000000000000000000 ) ) ;
#4053 = ORIENTED_EDGE ( 'NONE', *, *, #4319, .F. ) ;
#4054 = FACE_OUTER_BOUND ( 'NONE', #4300, .T. ) ;
#4055 = EDGE_CURVE ( 'NONE', #3128, #10225, #9479, .T. ) ;
#4056 = ORIENTED_EDGE ( 'NONE', *, *, #9899, .F. ) ;
#4057 = EDGE_LOOP ( 'NONE', ( #2983, #10017, #781, #175 ) ) ;
#4058 = CIRCLE ( 'NONE', #74, 1.149999999999999467 ) ;
#4059 = ORIENTED_EDGE ( 'NONE', *, *, #10397, .T. ) ;
#4060 = DIRECTION ( 'NONE',  ( 1.000000000000000000, 0.000000000000000000, 1.335278419062900361E-16 ) ) ;
#4061 = ADVANCED_FACE ( 'NONE', ( #6969 ), #4423, .T. ) ;
#4062 = CARTESIAN_POINT ( 'NONE',  ( 50.48689872104515075, 78.54000537782802382, -2.374168628343575449 ) ) ;
#4063 = CARTESIAN_POINT ( 'NONE',  ( -77.61249999996864801, -4.758722840905002194, -40.25769145387477721 ) ) ;
#4064 = CARTESIAN_POINT ( 'NONE',  ( -35.61042949693185733, 97.50000000000000000, -1.926685223531127367 ) ) ;
#4065 = CARTESIAN_POINT ( 'NONE',  ( -72.76808532237741645, 8.274999999999998579, 18.26344096711973819 ) ) ;
#4066 = DIRECTION ( 'NONE',  ( 0.000000000000000000, 0.000000000000000000, 1.000000000000000000 ) ) ;
#4067 = DIRECTION ( 'NONE',  ( 0.000000000000000000, 0.000000000000000000, -1.000000000000000000 ) ) ;
#4068 = DIRECTION ( 'NONE',  ( -0.000000000000000000, -1.000000000000000000, -0.000000000000000000 ) ) ;
#4069 = LINE ( 'NONE', #10994, #8870 ) ;
#4070 = ORIENTED_EDGE ( 'NONE', *, *, #9120, .T. ) ;
#4071 = ADVANCED_FACE ( 'NONE', ( #10488 ), #917, .T. ) ;
#4072 = EDGE_LOOP ( 'NONE', ( #3321, #6279, #3812, #4479 ) ) ;
#4073 = LINE ( 'NONE', #10082, #324 ) ;
#4074 = AXIS2_PLACEMENT_3D ( 'NONE', #605, #5878, #10022 ) ;
#4075 = EDGE_CURVE ( 'NONE', #4786, #2862, #9654, .T. ) ;
#4076 = DIRECTION ( 'NONE',  ( 0.000000000000000000, 0.000000000000000000, 1.000000000000000000 ) ) ;
#4077 = CARTESIAN_POINT ( 'NONE',  ( 77.61249999999999716, -4.758722840905003082, -32.75769145387477721 ) ) ;
#4078 = DIRECTION ( 'NONE',  ( 0.000000000000000000, -1.000000000000000000, 0.000000000000000000 ) ) ;
#4079 = CARTESIAN_POINT ( 'NONE',  ( -76.81501998216512561, 8.274999999999998579, -0.2788457270140529132 ) ) ;
#4080 = CARTESIAN_POINT ( 'NONE',  ( 50.48689872104515075, 91.54000537782400215, -2.374168628343573673 ) ) ;
#4081 = CARTESIAN_POINT ( 'NONE',  ( -43.40689872104514535, 95.28999999999417980, -23.92998592831960991 ) ) ;
#4082 = ORIENTED_EDGE ( 'NONE', *, *, #8238, .T. ) ;
#4083 = AXIS2_PLACEMENT_3D ( 'NONE', #4026, #102, #8792 ) ;
#4084 = LINE ( 'NONE', #7550, #7579 ) ;
#4085 = VERTEX_POINT ( 'NONE', #7885 ) ;
#4086 = EDGE_CURVE ( 'NONE', #9533, #9129, #856, .T. ) ;
#4087 = ORIENTED_EDGE ( 'NONE', *, *, #10568, .F. ) ;
#4088 = LINE ( 'NONE', #5788, #5488 ) ;
#4089 = EDGE_LOOP ( 'NONE', ( #2353, #8171, #8520, #7739 ) ) ;
#4090 = VECTOR ( 'NONE', #3784, 999.9999999999998863 ) ;
#4091 = CYLINDRICAL_SURFACE ( 'NONE', #7031, 1.150000000000001688 ) ;
#4092 = CARTESIAN_POINT ( 'NONE',  ( 4.999570503068137661, 119.8258398792882105, 4.963509728450993919 ) ) ;
#4093 = FACE_OUTER_BOUND ( 'NONE', #10230, .T. ) ;
#4094 = LINE ( 'NONE', #1324, #1693 ) ;
#4095 = DIRECTION ( 'NONE',  ( -0.000000000000000000, 1.000000000000000000, -0.000000000000000000 ) ) ;
#4096 = DIRECTION ( 'NONE',  ( 0.000000000000000000, -1.000000000000000000, 0.000000000000000000 ) ) ;
#4097 = PLANE ( 'NONE',  #3827 ) ;
#4098 = ORIENTED_EDGE ( 'NONE', *, *, #7013, .T. ) ;
#4099 = SHAPE_DEFINITION_REPRESENTATION ( #8747, #4181 ) ;
#4100 = ORIENTED_EDGE ( 'NONE', *, *, #2425, .T. ) ;
#4101 = CARTESIAN_POINT ( 'NONE',  ( 4.999570503068137661, 110.8258398792882247, -20.03649027154900608 ) ) ;
#4102 = AXIS2_PLACEMENT_3D ( 'NONE', #1060, #9050, #264 ) ;
#4103 = PLANE ( 'NONE',  #882 ) ;
#4104 = VERTEX_POINT ( 'NONE', #8855 ) ;
#4105 = ORIENTED_EDGE ( 'NONE', *, *, #2968, .F. ) ;
#4106 = CARTESIAN_POINT ( 'NONE',  ( 29.99957050306813855, 124.8258398792882247, -20.03649027154900608 ) ) ;
#4107 = CARTESIAN_POINT ( 'NONE',  ( 32.54999999999999716, 96.82583987928822467, 33.89999999999999147 ) ) ;
#4108 = CARTESIAN_POINT ( 'NONE',  ( -5.041839321984658007, 124.6316574458437287, 36.89999999999999147 ) ) ;
#4109 = ORIENTED_EDGE ( 'NONE', *, *, #250, .T. ) ;
#4110 = CARTESIAN_POINT ( 'NONE',  ( 50.48689872104514365, 95.20641123616282187, -26.28622525258461451 ) ) ;
#4111 = LINE ( 'NONE', #2306, #2113 ) ;
#4112 = ORIENTED_EDGE ( 'NONE', *, *, #3041, .T. ) ;
#4113 = DIRECTION ( 'NONE',  ( 1.000000000000000000, 0.000000000000000000, -1.521157000053560499E-16 ) ) ;
#4114 = EDGE_LOOP ( 'NONE', ( #474, #2102, #7360, #9220 ) ) ;
#4115 = ORIENTED_EDGE ( 'NONE', *, *, #4460, .F. ) ;
#4116 = EDGE_LOOP ( 'NONE', ( #10058, #4578, #6364, #7143 ) ) ;
#4117 = DIRECTION ( 'NONE',  ( 0.000000000000000000, 0.000000000000000000, -1.000000000000000000 ) ) ;
#4118 = ADVANCED_FACE ( 'NONE', ( #4472 ), #7944, .F. ) ;
#4119 = CARTESIAN_POINT ( 'NONE',  ( -82.55000000000002558, 99.82583987928822467, 33.89999999999999147 ) ) ;
#4120 = DIRECTION ( 'NONE',  ( 1.000000000000000000, 0.000000000000000000, 0.000000000000000000 ) ) ;
#4121 = CYLINDRICAL_SURFACE ( 'NONE', #4607, 2.499724320747617856 ) ;
#4122 = PLANE ( 'NONE',  #3856 ) ;
#4123 = DIRECTION ( 'NONE',  ( 1.000000000000000000, 0.000000000000000000, 1.335278419062900361E-16 ) ) ;
#4124 = FACE_OUTER_BOUND ( 'NONE', #3530, .T. ) ;
#4125 = FACE_OUTER_BOUND ( 'NONE', #9039, .T. ) ;
#4126 = VERTEX_POINT ( 'NONE', #113 ) ;
#4127 = ORIENTED_EDGE ( 'NONE', *, *, #9624, .F. ) ;
#4128 = VERTEX_POINT ( 'NONE', #168 ) ;
#4129 = ADVANCED_FACE ( 'NONE', ( #10381 ), #1935, .F. ) ;
#4130 = CARTESIAN_POINT ( 'NONE',  ( 5.830508394542632367, 119.8258398791773658, -20.02614085110419140 ) ) ;
#4131 = CIRCLE ( 'NONE', #10656, 25.00000000000000000 ) ;
#4132 = PLANE ( 'NONE',  #8371 ) ;
#4133 = DIRECTION ( 'NONE',  ( 0.000000000000000000, 0.000000000000000000, -1.000000000000000000 ) ) ;
#4134 = ORIENTED_EDGE ( 'NONE', *, *, #8461, .T. ) ;
#4135 = EDGE_CURVE ( 'NONE', #3703, #5431, #227, .T. ) ;
#4136 = EDGE_CURVE ( 'NONE', #2865, #9518, #4306, .T. ) ;
#4137 = VERTEX_POINT ( 'NONE', #6910 ) ;
#4138 = ORIENTED_EDGE ( 'NONE', *, *, #4627, .F. ) ;
#4139 = CARTESIAN_POINT ( 'NONE',  ( -81.84979246179028678, 66.63999999999998636, -5.257691453874765664 ) ) ;
#4140 = VECTOR ( 'NONE', #1365, 1000.000000000000000 ) ;
#4141 = CIRCLE ( 'NONE', #2338, 1.149999999999998135 ) ;
#4142 = LINE ( 'NONE', #7613, #8508 ) ;
#4143 = EDGE_CURVE ( 'NONE', #7460, #6771, #10655, .T. ) ;
#4144 = CARTESIAN_POINT ( 'NONE',  ( 4.166152324341721780, 119.8373037904529355, 36.89999999999999147 ) ) ;
#4145 = CARTESIAN_POINT ( 'NONE',  ( 50.48689872104515075, 97.40000406513270548, -24.18005742219565946 ) ) ;
#4146 = DIRECTION ( 'NONE',  ( -1.000000000000000000, -0.000000000000000000, 1.335278419062900115E-16 ) ) ;
#4147 = FACE_OUTER_BOUND ( 'NONE', #3720, .T. ) ;
#4148 = AXIS2_PLACEMENT_3D ( 'NONE', #2874, #6315, #8207 ) ;
#4149 = CARTESIAN_POINT ( 'NONE',  ( -52.36501998304115091, 8.274999999999998579, 19.07115427297831900 ) ) ;
#4150 = AXIS2_PLACEMENT_3D ( 'NONE', #1038, #7959, #8021 ) ;
#4151 = EDGE_LOOP ( 'NONE', ( #10871, #2002, #3730, #4152 ) ) ;
#4152 = ORIENTED_EDGE ( 'NONE', *, *, #7197, .T. ) ;
#4153 = VECTOR ( 'NONE', #11136, 1000.000000000000000 ) ;
#4154 = EDGE_LOOP ( 'NONE', ( #11172, #7533, #1641, #7164 ) ) ;
#4155 = VECTOR ( 'NONE', #2791, 1000.000000000000000 ) ;
#4156 = DIRECTION ( 'NONE',  ( 1.000000000000000000, 0.000000000000000000, 0.000000000000000000 ) ) ;
#4157 = CARTESIAN_POINT ( 'NONE',  ( 46.58189872104513540, 97.40000406513269127, 2.358535216981981986 ) ) ;
#4158 = CARTESIAN_POINT ( 'NONE',  ( 69.20000000000479190, 5.100000000000000533, -0.6211324209939360630 ) ) ;
#4159 = DIRECTION ( 'NONE',  ( 5.103282850429250674E-32, 1.000000000000000000, 3.354869254291018419E-16 ) ) ;
#4160 = CARTESIAN_POINT ( 'NONE',  ( -50.48689872104515075, 97.40000406513269127, 2.358535216981981542 ) ) ;
#4161 = AXIS2_PLACEMENT_3D ( 'NONE', #1496, #3978, #8361 ) ;
#4162 = EDGE_LOOP ( 'NONE', ( #5133, #9350, #8617, #4846 ) ) ;
#4163 = CARTESIAN_POINT ( 'NONE',  ( 46.58189872104514251, 94.56476577691782381, -21.83805926787198715 ) ) ;
#4164 = ORIENTED_EDGE ( 'NONE', *, *, #601, .F. ) ;
#4165 = ORIENTED_EDGE ( 'NONE', *, *, #5950, .T. ) ;
#4166 = PLANE ( 'NONE',  #3317 ) ;
#4167 = EDGE_CURVE ( 'NONE', #5745, #8881, #7953, .T. ) ;
#4168 = CARTESIAN_POINT ( 'NONE',  ( -8.300429496984971678, 96.12583987928823603, 15.71614540591397358 ) ) ;
#4169 = CARTESIAN_POINT ( 'NONE',  ( 50.48689872104515075, 94.56476577691782381, -8.504985928319962696 ) ) ;
#4170 = CARTESIAN_POINT ( 'NONE',  ( 50.48689872104515075, 75.48946397805705999, -8.504985928319609201 ) ) ;
#4171 = CARTESIAN_POINT ( 'NONE',  ( -11.25499999999998302, -27.00000000000000355, 7.542308546125213731 ) ) ;
#4172 = LINE ( 'NONE', #9397, #8096 ) ;
#4173 = VECTOR ( 'NONE', #9221, 1000.000000000000000 ) ;
#4174 = LINE ( 'NONE', #10195, #6858 ) ;
#4175 = CIRCLE ( 'NONE', #5629, 1.149999999999998135 ) ;
#4176 = VERTEX_POINT ( 'NONE', #7376 ) ;
#4177 = VERTEX_POINT ( 'NONE', #1194 ) ;
#4178 = EDGE_CURVE ( 'NONE', #8406, #3056, #3010, .T. ) ;
#4179 = DIRECTION ( 'NONE',  ( 0.000000000000000000, 0.000000000000000000, -1.000000000000000000 ) ) ;
#4180 = VECTOR ( 'NONE', #5207, 1000.000000000000227 ) ;
#4181 = ADVANCED_BREP_SHAPE_REPRESENTATION ( 'Chassis', ( #5983, #6531 ), #4912 ) ;
#4183 = DIRECTION ( 'NONE',  ( -1.000000000000000000, 0.000000000000000000, 1.335278419062900361E-16 ) ) ;
#4182 = CIRCLE ( 'NONE', #7450, 2.500000000000000444 ) ;
#4184 = LINE ( 'NONE', #6732, #627 ) ;
#4185 = LINE ( 'NONE', #5993, #5275 ) ;
#4186 = DIRECTION ( 'NONE',  ( 0.000000000000000000, 0.000000000000000000, -1.000000000000000000 ) ) ;
#4187 = CARTESIAN_POINT ( 'NONE',  ( -5.000429496931850792, 124.8258398792882247, 4.963509728450992142 ) ) ;
#4188 = EDGE_LOOP ( 'NONE', ( #7549, #2785, #4301, #3539 ) ) ;
#4189 = ORIENTED_EDGE ( 'NONE', *, *, #9797, .T. ) ;
#4190 = ORIENTED_EDGE ( 'NONE', *, *, #328, .F. ) ;
#4191 = AXIS2_PLACEMENT_3D ( 'NONE', #9049, #3936, #10755 ) ;
#4192 = EDGE_CURVE ( 'NONE', #4222, #5549, #1993, .T. ) ;
#4193 = CARTESIAN_POINT ( 'NONE',  ( -43.40689872104513825, 97.50000000000000000, -29.66122071973760299 ) ) ;
#4194 = AXIS2_PLACEMENT_3D ( 'NONE', #10059, #1335, #472 ) ;
#4195 = DIRECTION ( 'NONE',  ( -0.000000000000000000, 0.000000000000000000, 1.000000000000000000 ) ) ;
#4196 = EDGE_CURVE ( 'NONE', #4128, #7660, #5554, .T. ) ;
#4197 = DIRECTION ( 'NONE',  ( 0.000000000000000000, 0.000000000000000000, 1.000000000000000000 ) ) ;
#4198 = LINE ( 'NONE', #11123, #8132 ) ;
#4199 = CARTESIAN_POINT ( 'NONE',  ( 79.61249999999999716, 23.27499999999999858, 22.62763407003640026 ) ) ;
#4200 = CARTESIAN_POINT ( 'NONE',  ( 5.042655011336155901, 124.8258398792882247, 32.10220843882515140 ) ) ;
#4201 = CARTESIAN_POINT ( 'NONE',  ( 50.02648318102892233, 8.274999999999998579, 18.52763407003732254 ) ) ;
#4202 = ORIENTED_EDGE ( 'NONE', *, *, #7515, .T. ) ;
#4203 = VERTEX_POINT ( 'NONE', #284 ) ;
#4204 = EDGE_LOOP ( 'NONE', ( #6867, #10930 ) ) ;
#4205 = EDGE_CURVE ( 'NONE', #11039, #3028, #8916, .T. ) ;
#4206 = DIRECTION ( 'NONE',  ( 1.000000000000000000, 0.000000000000000000, 1.600125454749515028E-16 ) ) ;
#4207 = ORIENTED_EDGE ( 'NONE', *, *, #866, .F. ) ;
#4208 = EDGE_CURVE ( 'NONE', #7178, #2405, #1250, .T. ) ;
#4209 = CARTESIAN_POINT ( 'NONE',  ( 81.55000000000001137, 53.93999999999999062, 5.399999999999993250 ) ) ;
#4210 = DIRECTION ( 'NONE',  ( 1.000000000000000000, -0.000000000000000000, 0.000000000000000000 ) ) ;
#4211 = CARTESIAN_POINT ( 'NONE',  ( -50.48689872104515075, 95.10731456396575823, 3.358535111626433700 ) ) ;
#4212 = VERTEX_POINT ( 'NONE', #3736 ) ;
#4213 = CIRCLE ( 'NONE', #10555, 1.000000000000000888 ) ;
#4214 = CARTESIAN_POINT ( 'NONE',  ( 50.48689872104515075, 74.43999999999417128, -7.959769997217391868 ) ) ;
#4215 = AXIS2_PLACEMENT_3D ( 'NONE', #7930, #158, #10477 ) ;
#4216 = ORIENTED_EDGE ( 'NONE', *, *, #2978, .F. ) ;
#4217 = FACE_OUTER_BOUND ( 'NONE', #8286, .T. ) ;
#4218 = ADVANCED_FACE ( 'NONE', ( #7207 ), #2846, .F. ) ;
#4219 = ADVANCED_FACE ( 'NONE', ( #10782, #4696, #8236 ), #9924, .F. ) ;
#4220 = EDGE_LOOP ( 'NONE', ( #3993, #4841, #7574, #9554 ) ) ;
#4221 = CIRCLE ( 'NONE', #5131, 11.39100661779977841 ) ;
#4222 = VERTEX_POINT ( 'NONE', #2105 ) ;
#4223 = AXIS2_PLACEMENT_3D ( 'NONE', #10654, #10718, #6400 ) ;
#4224 = DIRECTION ( 'NONE',  ( 0.000000000000000000, 0.000000000000000000, 1.000000000000000000 ) ) ;
#4225 = LINE ( 'NONE', #9510, #7250 ) ;
#4226 = CARTESIAN_POINT ( 'NONE',  ( 0.8552467405649410992, 124.1930822837735064, 36.89999999999998437 ) ) ;
#4227 = DIRECTION ( 'NONE',  ( -1.184914904054006793E-16, -0.4610163555042787742, -0.8873916384311678618 ) ) ;
#4228 = CARTESIAN_POINT ( 'NONE',  ( 11.25500000000000433, 6.349999999999999645, 7.542308546125213731 ) ) ;
#4229 = DIRECTION ( 'NONE',  ( -1.000000000000000000, 0.000000000000000000, 0.000000000000000000 ) ) ;
#4230 = LINE ( 'NONE', #10522, #4272 ) ;
#4231 = CARTESIAN_POINT ( 'NONE',  ( 43.40689872104513825, 97.50000000000000000, -29.66122071973760299 ) ) ;
#4232 = CIRCLE ( 'NONE', #2252, 25.00000000000000000 ) ;
#4233 = VECTOR ( 'NONE', #785, 1000.000000000000000 ) ;
#4234 = EDGE_LOOP ( 'NONE', ( #9653, #302, #2250, #6160 ) ) ;
#4235 = CARTESIAN_POINT ( 'NONE',  ( 50.48689872104515075, 75.48946397805705999, -8.504985928319609201 ) ) ;
#4236 = EDGE_LOOP ( 'NONE', ( #7339, #6944, #875, #3258 ) ) ;
#4237 = ORIENTED_EDGE ( 'NONE', *, *, #10731, .T. ) ;
#4238 = DIRECTION ( 'NONE',  ( 0.000000000000000000, 0.8191520442889942411, 0.5735764363510426067 ) ) ;
#4239 = VECTOR ( 'NONE', #3011, 1000.000000000000000 ) ;
#4240 = LINE ( 'NONE', #960, #8674 ) ;
#4241 = DIRECTION ( 'NONE',  ( -0.000000000000000000, -1.000000000000000000, -0.000000000000000000 ) ) ;
#4242 = EDGE_CURVE ( 'NONE', #5271, #11183, #9020, .T. ) ;
#4243 = LINE ( 'NONE', #3391, #1829 ) ;
#4244 = DIRECTION ( 'NONE',  ( 0.000000000000000000, 0.000000000000000000, -1.000000000000000000 ) ) ;
#4245 = LINE ( 'NONE', #6845, #11194 ) ;
#4246 = ORIENTED_EDGE ( 'NONE', *, *, #7827, .F. ) ;
#4247 = DIRECTION ( 'NONE',  ( 0.000000000000000000, 1.000000000000000000, 0.000000000000000000 ) ) ;
#4248 = ORIENTED_EDGE ( 'NONE', *, *, #7330, .T. ) ;
#4249 = VERTEX_POINT ( 'NONE', #446 ) ;
#4250 = VECTOR ( 'NONE', #2658, 999.9999999999998863 ) ;
#4251 = LINE ( 'NONE', #854, #9843 ) ;
#4252 = CARTESIAN_POINT ( 'NONE',  ( -69.20000000000000284, -4.758722840904999529, -3.957691453874784493 ) ) ;
#4253 = CARTESIAN_POINT ( 'NONE',  ( -82.54999999999999716, 109.8258398792882247, 46.90000000000009095 ) ) ;
#4254 = CARTESIAN_POINT ( 'NONE',  ( 6.616786595505119273, 90.00000000000000000, 21.29350972844455114 ) ) ;
#4255 = FILL_AREA_STYLE_COLOUR ( '', #1998 ) ;
#4256 = AXIS2_PLACEMENT_3D ( 'NONE', #407, #10910, #5624 ) ;
#4257 = EDGE_CURVE ( 'NONE', #2669, #3324, #392, .T. ) ;
#4258 = LINE ( 'NONE', #5005, #6133 ) ;
#4259 = LINE ( 'NONE', #10164, #1722 ) ;
#4260 = VERTEX_POINT ( 'NONE', #8069 ) ;
#4261 = ORIENTED_EDGE ( 'NONE', *, *, #9127, .T. ) ;
#4262 = EDGE_CURVE ( 'NONE', #1673, #1969, #9985, .T. ) ;
#4263 = ORIENTED_EDGE ( 'NONE', *, *, #1053, .F. ) ;
#4264 = CIRCLE ( 'NONE', #4444, 2.499801894116557843 ) ;
#4265 = ORIENTED_EDGE ( 'NONE', *, *, #11054, .T. ) ;
#4266 = DIRECTION ( 'NONE',  ( 0.05071119701308238886, 0.000000000000000000, 0.9987133595268966602 ) ) ;
#4267 = PLANE ( 'NONE',  #6499 ) ;
#4268 = EDGE_CURVE ( 'NONE', #2506, #2571, #1430, .T. ) ;
#4269 = FACE_OUTER_BOUND ( 'NONE', #9334, .T. ) ;
#4270 = EDGE_CURVE ( 'NONE', #7790, #1048, #5612, .T. ) ;
#4271 = ORIENTED_EDGE ( 'NONE', *, *, #4334, .F. ) ;
#4272 = VECTOR ( 'NONE', #3440, 999.9999999999998863 ) ;
#4273 = DIRECTION ( 'NONE',  ( 1.000000000000000000, 0.000000000000000000, 0.000000000000000000 ) ) ;
#4274 = ORIENTED_EDGE ( 'NONE', *, *, #3013, .F. ) ;
#4275 = DIRECTION ( 'NONE',  ( 1.000000000000000000, 0.000000000000000000, 0.000000000000000000 ) ) ;
#4276 = EDGE_CURVE ( 'NONE', #3986, #10985, #6343, .T. ) ;
#4277 = EDGE_CURVE ( 'NONE', #6572, #8951, #1252, .T. ) ;
#4278 = ORIENTED_EDGE ( 'NONE', *, *, #1991, .F. ) ;
#4279 = ORIENTED_EDGE ( 'NONE', *, *, #3547, .T. ) ;
#4280 = AXIS2_PLACEMENT_3D ( 'NONE', #6709, #10925, #10980 ) ;
#4281 = FACE_OUTER_BOUND ( 'NONE', #5529, .T. ) ;
#4282 = CARTESIAN_POINT ( 'NONE',  ( -81.84979246179028678, 53.93999999999999062, -5.257691453874763887 ) ) ;
#4283 = EDGE_CURVE ( 'NONE', #2551, #10149, #2695, .T. ) ;
#4284 = FACE_OUTER_BOUND ( 'NONE', #8063, .T. ) ;
#4285 = LINE ( 'NONE', #3494, #1647 ) ;
#4286 = DIRECTION ( 'NONE',  ( -0.7071067811865489050, 0.7071067811865462405, 0.000000000000000000 ) ) ;
#4287 = ORIENTED_EDGE ( 'NONE', *, *, #10746, .T. ) ;
#4288 = DIRECTION ( 'NONE',  ( 0.5298129428255966555, 0.000000000000000000, -0.8481145238789872254 ) ) ;
#4289 = DIRECTION ( 'NONE',  ( 0.000000000000000000, 0.000000000000000000, 1.000000000000000000 ) ) ;
#4290 = CARTESIAN_POINT ( 'NONE',  ( 50.02648654977334530, 8.274999999999998579, 20.18114647173673148 ) ) ;
#4291 = ORIENTED_EDGE ( 'NONE', *, *, #3311, .F. ) ;
#4292 = EDGE_LOOP ( 'NONE', ( #8974, #1147, #9777, #1701 ) ) ;
#4293 = ORIENTED_EDGE ( 'NONE', *, *, #4178, .F. ) ;
#4294 = CARTESIAN_POINT ( 'NONE',  ( 50.48689872104515075, 72.67997248461419701, -24.29018084517760911 ) ) ;
#4295 = CARTESIAN_POINT ( 'NONE',  ( -82.54999999999999716, 90.00000000000000000, 25.39999999999999147 ) ) ;
#4296 = DIRECTION ( 'NONE',  ( 0.008623956910148130803, 0.9999628129921692699, 0.000000000000000000 ) ) ;
#4297 = DIRECTION ( 'NONE',  ( -1.000000000000000000, 0.000000000000000000, 0.000000000000000000 ) ) ;
#4298 = DIRECTION ( 'NONE',  ( 0.000000000000000000, 0.000000000000000000, -1.000000000000000000 ) ) ;
#4299 = LINE ( 'NONE', #6106, #4625 ) ;
#4300 = EDGE_LOOP ( 'NONE', ( #1942, #477, #148, #3004 ) ) ;
#4301 = ORIENTED_EDGE ( 'NONE', *, *, #1458, .T. ) ;
#4302 = ORIENTED_EDGE ( 'NONE', *, *, #6386, .F. ) ;
#4303 = CARTESIAN_POINT ( 'NONE',  ( 0.000000000000000000, 18.84999999999999787, -24.58269145387476584 ) ) ;
#4304 = CONICAL_SURFACE ( 'NONE', #7018, 5.999999999999998224, 0.9599310885968821427 ) ;
#4305 = VECTOR ( 'NONE', #1195, 1000.000000000000000 ) ;
#4306 = LINE ( 'NONE', #6004, #1615 ) ;
#4307 = LINE ( 'NONE', #59, #9219 ) ;
#4308 = LINE ( 'NONE', #7774, #251 ) ;
#4309 = DIRECTION ( 'NONE',  ( 0.000000000000000000, 0.000000000000000000, -1.000000000000000000 ) ) ;
#4310 = DIRECTION ( 'NONE',  ( 0.000000000000000000, 0.000000000000000000, -1.000000000000000000 ) ) ;
#4311 = CARTESIAN_POINT ( 'NONE',  ( -82.54999999999999716, -24.50000000000000355, -13.82806147072993674 ) ) ;
#4312 = VERTEX_POINT ( 'NONE', #6512 ) ;
#4313 = VECTOR ( 'NONE', #10534, 1000.000000000000000 ) ;
#4314 = EDGE_LOOP ( 'NONE', ( #9519, #6435, #5839, #1600, #3891, #5648 ) ) ;
#4315 = VECTOR ( 'NONE', #8688, 1000.000000000000000 ) ;
#4316 = VECTOR ( 'NONE', #1946, 1000.000000000000000 ) ;
#4317 = VERTEX_POINT ( 'NONE', #494 ) ;
#4318 = ORIENTED_EDGE ( 'NONE', *, *, #10455, .T. ) ;
#4319 = EDGE_CURVE ( 'NONE', #8129, #8144, #10600, .T. ) ;
#4320 = ORIENTED_EDGE ( 'NONE', *, *, #9040, .F. ) ;
#4321 = TOROIDAL_SURFACE ( 'NONE', #1070, 20.00000000000000000, 5.000000000000000000 ) ;
#4322 = DIRECTION ( 'NONE',  ( 0.000000000000000000, -1.000000000000000000, 0.000000000000000000 ) ) ;
#4323 = DIRECTION ( 'NONE',  ( 0.000000000000000000, 1.000000000000000000, -1.365923996832131116E-16 ) ) ;
#4324 = VECTOR ( 'NONE', #9727, 1000.000000000000000 ) ;
#4325 = LINE ( 'NONE', #10401, #4915 ) ;
#4326 = VERTEX_POINT ( 'NONE', #3964 ) ;
#4327 = ORIENTED_EDGE ( 'NONE', *, *, #3532, .F. ) ;
#4328 = CARTESIAN_POINT ( 'NONE',  ( -52.55000000000002558, 99.82583987928822467, -224.5766598799627900 ) ) ;
#4329 = AXIS2_PLACEMENT_3D ( 'NONE', #5388, #6184, #3582 ) ;
#4330 = ORIENTED_EDGE ( 'NONE', *, *, #1709, .F. ) ;
#4331 = AXIS2_PLACEMENT_3D ( 'NONE', #3689, #9540, #7209 ) ;
#4332 = EDGE_CURVE ( 'NONE', #1512, #10761, #6564, .T. ) ;
#4333 = VERTEX_POINT ( 'NONE', #10949 ) ;
#4334 = EDGE_CURVE ( 'NONE', #6475, #2898, #5040, .T. ) ;
#4335 = VERTEX_POINT ( 'NONE', #9248 ) ;
#4336 = DIRECTION ( 'NONE',  ( -1.000000000000000000, 0.000000000000000000, 3.042040291059723567E-16 ) ) ;
#4337 = EDGE_CURVE ( 'NONE', #3223, #5626, #11056, .T. ) ;
#4338 = ADVANCED_FACE ( 'NONE', ( #3288 ), #1076, .T. ) ;
#4339 = DIRECTION ( 'NONE',  ( 0.000000000000000000, -0.000000000000000000, -1.000000000000000000 ) ) ;
#4340 = VECTOR ( 'NONE', #2312, 1000.000000000000000 ) ;
#4341 = DIRECTION ( 'NONE',  ( -1.000000000000000000, 0.000000000000000000, 1.335278419062900361E-16 ) ) ;
#4342 = DIRECTION ( 'NONE',  ( -1.053532600013481320E-16, 0.7213349599943349455, 0.6925863668092024916 ) ) ;
#4343 = ORIENTED_EDGE ( 'NONE', *, *, #5947, .F. ) ;
#4344 = CARTESIAN_POINT ( 'NONE',  ( 4.999570503068141214, 109.8258398792882247, 11.89999999999998614 ) ) ;
#4345 = DIRECTION ( 'NONE',  ( 0.000000000000000000, -1.365923996832131116E-16, -1.000000000000000000 ) ) ;
#4346 = CARTESIAN_POINT ( 'NONE',  ( 77.61249999999999716, 23.27499999999999858, -5.564823903641046954 ) ) ;
#4347 = ORIENTED_EDGE ( 'NONE', *, *, #8730, .F. ) ;
#4348 = ORIENTED_EDGE ( 'NONE', *, *, #10140, .F. ) ;
#4349 = ADVANCED_FACE ( 'NONE', ( #5890 ), #1644, .T. ) ;
#4350 = DIRECTION ( 'NONE',  ( 0.000000000000000000, 1.000000000000000000, 0.000000000000000000 ) ) ;
#4351 = EDGE_CURVE ( 'NONE', #2569, #10599, #10201, .T. ) ;
#4352 = CARTESIAN_POINT ( 'NONE',  ( 82.55000000000002558, 58.93999999999998352, 5.399999999999993250 ) ) ;
#4353 = DIRECTION ( 'NONE',  ( -0.000000000000000000, -1.000000000000000000, -0.000000000000000000 ) ) ;
#4354 = CARTESIAN_POINT ( 'NONE',  ( 2.554834269181485580E-15, 72.64000000000000057, -26.48622071973760583 ) ) ;
#4355 = DIRECTION ( 'NONE',  ( 0.000000000000000000, 0.000000000000000000, -1.000000000000000000 ) ) ;
#4356 = CARTESIAN_POINT ( 'NONE',  ( 82.54999999999999716, 107.7547720674227634, -24.66741156474240526 ) ) ;
#4357 = ORIENTED_EDGE ( 'NONE', *, *, #4628, .T. ) ;
#4358 = CARTESIAN_POINT ( 'NONE',  ( -6.268209422258877339, 119.8258398792882105, 36.86783398817240709 ) ) ;
#4359 = CARTESIAN_POINT ( 'NONE',  ( -0.8563802780641620593, 124.1956673215572948, -20.03649027154900253 ) ) ;
#4360 = ORIENTED_EDGE ( 'NONE', *, *, #2674, .T. ) ;
#4361 = ORIENTED_EDGE ( 'NONE', *, *, #2070, .F. ) ;
#4362 = FACE_OUTER_BOUND ( 'NONE', #8141, .T. ) ;
#4363 = EDGE_CURVE ( 'NONE', #3082, #10262, #2385, .T. ) ;
#4364 = VECTOR ( 'NONE', #2892, 1000.000000000000000 ) ;
#4365 = ORIENTED_EDGE ( 'NONE', *, *, #8976, .T. ) ;
#4366 = VECTOR ( 'NONE', #6536, 1000.000000000000000 ) ;
#4367 = CARTESIAN_POINT ( 'NONE',  ( 0.000000000000000000, 9.393818159531837964, -32.75769145387477721 ) ) ;
#4368 = DIRECTION ( 'NONE',  ( 0.000000000000000000, 0.000000000000000000, -1.000000000000000000 ) ) ;
#4369 = DIRECTION ( 'NONE',  ( -0.000000000000000000, 1.000000000000000000, 0.000000000000000000 ) ) ;
#4370 = CARTESIAN_POINT ( 'NONE',  ( -8.300429496927989703, 96.12583987928823603, -1.816490271607134721 ) ) ;
#4371 = DIRECTION ( 'NONE',  ( -0.000000000000000000, -1.000000000000000000, -0.000000000000000000 ) ) ;
#4372 = VECTOR ( 'NONE', #5084, 1000.000000000000000 ) ;
#4373 = VERTEX_POINT ( 'NONE', #558 ) ;
#4374 = VECTOR ( 'NONE', #5796, 1000.000000000000000 ) ;
#4375 = ORIENTED_EDGE ( 'NONE', *, *, #2243, .F. ) ;
#4376 = ORIENTED_EDGE ( 'NONE', *, *, #1842, .F. ) ;
#4377 = VERTEX_POINT ( 'NONE', #1481 ) ;
#4378 = EDGE_CURVE ( 'NONE', #8320, #2669, #5834, .T. ) ;
#4379 = CARTESIAN_POINT ( 'NONE',  ( -76.81501998216515403, 8.274999999999998579, 20.22115427298596302 ) ) ;
#4380 = PLANE ( 'NONE',  #10027 ) ;
#4381 = DIRECTION ( 'NONE',  ( 0.000000000000000000, -0.000000000000000000, -1.000000000000000000 ) ) ;
#4382 = DIRECTION ( 'NONE',  ( -1.000000000000000000, 0.000000000000000000, 0.000000000000000000 ) ) ;
#4383 = ORIENTED_EDGE ( 'NONE', *, *, #6619, .T. ) ;
#4384 = EDGE_CURVE ( 'NONE', #943, #5285, #5722, .T. ) ;
#4385 = LINE ( 'NONE', #989, #8006 ) ;
#4386 = VERTEX_POINT ( 'NONE', #4077 ) ;
#4387 = CARTESIAN_POINT ( 'NONE',  ( 0.000000000000000000, 72.64000000000000057, 19.12967496797186939 ) ) ;
#4388 = ORIENTED_EDGE ( 'NONE', *, *, #10765, .F. ) ;
#4389 = ORIENTED_EDGE ( 'NONE', *, *, #1590, .F. ) ;
#4390 = ORIENTED_EDGE ( 'NONE', *, *, #4419, .T. ) ;
#4391 = DIRECTION ( 'NONE',  ( -0.000000000000000000, -0.000000000000000000, -1.000000000000000000 ) ) ;
#4393 = LINE ( 'NONE', #2645, #8145 ) ;
#4392 = AXIS2_PLACEMENT_3D ( 'NONE', #1072, #1864, #6692 ) ;
#4394 = CARTESIAN_POINT ( 'NONE',  ( -81.84979246179028678, 53.93999999999999062, -0.2576914538747649974 ) ) ;
#4395 = CARTESIAN_POINT ( 'NONE',  ( 82.54999999999999716, 104.8258398792882105, 36.89999999999998437 ) ) ;
#4396 = ORIENTED_EDGE ( 'NONE', *, *, #10904, .T. ) ;
#4397 = ADVANCED_FACE ( 'NONE', ( #7540 ), #3227, .F. ) ;
#4398 = CARTESIAN_POINT ( 'NONE',  ( 6.616786591357574743, 79.82583987928821045, -4.426490271496838602 ) ) ;
#4399 = CARTESIAN_POINT ( 'NONE',  ( -52.36501998304115091, 8.274999999999998579, 20.22115427297831403 ) ) ;
#4400 = CARTESIAN_POINT ( 'NONE',  ( 50.48689872104515075, 74.78999999999417980, -0.6299859283196093118 ) ) ;
#4401 = ORIENTED_EDGE ( 'NONE', *, *, #3411, .T. ) ;
#4402 = ORIENTED_EDGE ( 'NONE', *, *, #3117, .T. ) ;
#4403 = VECTOR ( 'NONE', #4998, 1000.000000000000227 ) ;
#4404 = EDGE_CURVE ( 'NONE', #4104, #10066, #674, .T. ) ;
#4405 = PLANE ( 'NONE',  #2798 ) ;
#4406 = FACE_OUTER_BOUND ( 'NONE', #6517, .T. ) ;
#4407 = CARTESIAN_POINT ( 'NONE',  ( -16.75499999999995637, -27.00000000000000355, 13.89999999999999680 ) ) ;
#4408 = PLANE ( 'NONE',  #6016 ) ;
#4409 = VECTOR ( 'NONE', #6902, 1000.000000000000000 ) ;
#4410 = EDGE_CURVE ( 'NONE', #4126, #2248, #7651, .T. ) ;
#4411 = DIRECTION ( 'NONE',  ( -1.753511094850201891E-16, 1.000000000000000000, 0.000000000000000000 ) ) ;
#4412 = VECTOR ( 'NONE', #6656, 1000.000000000000000 ) ;
#4413 = CARTESIAN_POINT ( 'NONE',  ( 77.54999999999999716, 109.8258398792882247, -22.92957932766295670 ) ) ;
#4414 = ADVANCED_FACE ( 'NONE', ( #9409 ), #4874, .F. ) ;
#4415 = ORIENTED_EDGE ( 'NONE', *, *, #10516, .T. ) ;
#4416 = DIRECTION ( 'NONE',  ( -1.000000000000000000, 0.000000000000000000, 0.000000000000000000 ) ) ;
#4417 = ORIENTED_EDGE ( 'NONE', *, *, #4534, .T. ) ;
#4418 = ORIENTED_EDGE ( 'NONE', *, *, #1988, .T. ) ;
#4419 = EDGE_CURVE ( 'NONE', #769, #11184, #10671, .T. ) ;
#4420 = CARTESIAN_POINT ( 'NONE',  ( -23.90689872104513469, 90.00000000000000000, -4.426490271224061246 ) ) ;
#4421 = AXIS2_PLACEMENT_3D ( 'NONE', #4, #2789, #6971 ) ;
#4422 = ORIENTED_EDGE ( 'NONE', *, *, #7199, .F. ) ;
#4423 = PLANE ( 'NONE',  #3602 ) ;
#4424 = FACE_OUTER_BOUND ( 'NONE', #4314, .T. ) ;
#4425 = DIRECTION ( 'NONE',  ( -1.228232725407420948E-32, 0.000000000000000000, -1.000000000000000000 ) ) ;
#4426 = DIRECTION ( 'NONE',  ( 0.000000000000000000, 0.000000000000000000, 1.000000000000000000 ) ) ;
#4427 = CARTESIAN_POINT ( 'NONE',  ( -80.04999999999999716, -27.00000000000000355, -10.25769145387463688 ) ) ;
#4428 = EDGE_CURVE ( 'NONE', #6076, #9513, #1751, .T. ) ;
#4429 = ADVANCED_FACE ( 'NONE', ( #4406 ), #7759, .F. ) ;
#4430 = VERTEX_POINT ( 'NONE', #844 ) ;
#4431 = AXIS2_PLACEMENT_3D ( 'NONE', #7599, #10202, #2490 ) ;
#4432 = ORIENTED_EDGE ( 'NONE', *, *, #7189, .T. ) ;
#4433 = ORIENTED_EDGE ( 'NONE', *, *, #4939, .F. ) ;
#4434 = FACE_OUTER_BOUND ( 'NONE', #6337, .T. ) ;
#4435 = CARTESIAN_POINT ( 'NONE',  ( -23.90689872104513469, 90.00000000000000000, -29.66122071973760299 ) ) ;
#4436 = CARTESIAN_POINT ( 'NONE',  ( -74.43749999996866507, -4.758722840905003082, -32.75769145387477721 ) ) ;
#4437 = LINE ( 'NONE', #294, #7650 ) ;
#4438 = CARTESIAN_POINT ( 'NONE',  ( -13.75499999999998479, -27.00000000000000355, 13.89999999999999680 ) ) ;
#4439 = ORIENTED_EDGE ( 'NONE', *, *, #10546, .T. ) ;
#4440 = DIRECTION ( 'NONE',  ( 1.335278396332448753E-16, -0.0001845156108989499206, 0.9999999829769945503 ) ) ;
#4441 = DIRECTION ( 'NONE',  ( -1.000000000000000000, 0.000000000000000000, -0.000000000000000000 ) ) ;
#4442 = ORIENTED_EDGE ( 'NONE', *, *, #1720, .T. ) ;
#4443 = CARTESIAN_POINT ( 'NONE',  ( 2.629020911857209811E-15, 69.46500000000000341, -29.66122071973760654 ) ) ;
#4444 = AXIS2_PLACEMENT_3D ( 'NONE', #1312, #4700, #8240 ) ;
#4445 = ORIENTED_EDGE ( 'NONE', *, *, #331, .T. ) ;
#4446 = ORIENTED_EDGE ( 'NONE', *, *, #4703, .F. ) ;
#4447 = VERTEX_POINT ( 'NONE', #3389 ) ;
#4448 = VECTOR ( 'NONE', #8453, 1000.000000000000000 ) ;
#4449 = DIRECTION ( 'NONE',  ( 0.000000000000000000, 0.000000000000000000, 1.000000000000000000 ) ) ;
#4450 = FACE_OUTER_BOUND ( 'NONE', #9109, .T. ) ;
#4451 = VERTEX_POINT ( 'NONE', #6838 ) ;
#4452 = CARTESIAN_POINT ( 'NONE',  ( -33.11067117007558380, 96.12583987928823603, 21.29350972891239024 ) ) ;
#4453 = PLANE ( 'NONE',  #2301 ) ;
#4454 = DIRECTION ( 'NONE',  ( 1.000000000000000000, 0.000000000000000000, 0.000000000000000000 ) ) ;
#4455 = CARTESIAN_POINT ( 'NONE',  ( -33.75499999999998835, 6.349999999999999645, -3.957691453874785825 ) ) ;
#4456 = EDGE_LOOP ( 'NONE', ( #9319, #8370, #7591, #3285 ) ) ;
#4457 = VERTEX_POINT ( 'NONE', #3505 ) ;
#4458 = ORIENTED_EDGE ( 'NONE', *, *, #8032, .T. ) ;
#4459 = CARTESIAN_POINT ( 'NONE',  ( -50.48689872104515075, 74.43999999999417128, -2.374168628343575893 ) ) ;
#4460 = EDGE_CURVE ( 'NONE', #9214, #2405, #6217, .T. ) ;
#4461 = PLANE ( 'NONE',  #6662 ) ;
#4462 = FACE_OUTER_BOUND ( 'NONE', #8712, .T. ) ;
#4463 = CARTESIAN_POINT ( 'NONE',  ( 11.25500000000000433, 6.350000000000001421, 7.542308546125213731 ) ) ;
#4464 = DIRECTION ( 'NONE',  ( -1.000000000000000000, -0.000000000000000000, 1.335278419062900115E-16 ) ) ;
#4465 = ORIENTED_EDGE ( 'NONE', *, *, #4674, .F. ) ;
#4466 = CARTESIAN_POINT ( 'NONE',  ( -5.000429496931850792, 119.8299752807307357, -20.03649027154900253 ) ) ;
#4467 = ORIENTED_EDGE ( 'NONE', *, *, #9074, .F. ) ;
#4468 = ORIENTED_EDGE ( 'NONE', *, *, #9691, .T. ) ;
#4469 = ADVANCED_FACE ( 'NONE', ( #903 ), #7818, .F. ) ;
#4470 = ADVANCED_FACE ( 'NONE', ( #6955 ), #3619, .T. ) ;
#4471 = ORIENTED_EDGE ( 'NONE', *, *, #5376, .F. ) ;
#4472 = FACE_OUTER_BOUND ( 'NONE', #2844, .T. ) ;
#4473 = PLANE ( 'NONE',  #618 ) ;
#4474 = EDGE_CURVE ( 'NONE', #7715, #992, #7006, .T. ) ;
#4475 = CARTESIAN_POINT ( 'NONE',  ( 43.40689872104514535, 95.28999999999417980, -23.92998592831960991 ) ) ;
#4476 = EDGE_CURVE ( 'NONE', #1449, #504, #4240, .T. ) ;
#4477 = CARTESIAN_POINT ( 'NONE',  ( -82.55000000000002558, 90.00000000000000000, 33.89999999999999147 ) ) ;
#4478 = CARTESIAN_POINT ( 'NONE',  ( -50.48689872104515075, 95.28999999999417980, 0.5200140716803901553 ) ) ;
#4479 = ORIENTED_EDGE ( 'NONE', *, *, #1858, .F. ) ;
#4480 = LINE ( 'NONE', #5656, #11215 ) ;
#4481 = ORIENTED_EDGE ( 'NONE', *, *, #1182, .T. ) ;
#4482 = VECTOR ( 'NONE', #2028, 1000.000000000000000 ) ;
#4483 = DIRECTION ( 'NONE',  ( 0.000000000000000000, 1.000000000000000000, 0.000000000000000000 ) ) ;
#4484 = ADVANCED_FACE ( 'NONE', ( #5370 ), #6302, .F. ) ;
#4485 = EDGE_CURVE ( 'NONE', #9442, #9661, #8347, .T. ) ;
#4486 = EDGE_CURVE ( 'NONE', #10807, #9299, #2716, .T. ) ;
#4487 = DIRECTION ( 'NONE',  ( 0.000000000000000000, 0.000000000000000000, -1.000000000000000000 ) ) ;
#4488 = DIRECTION ( 'NONE',  ( 0.000000000000000000, 0.000000000000000000, -1.000000000000000000 ) ) ;
#4489 = FACE_OUTER_BOUND ( 'NONE', #9834, .T. ) ;
#4490 = VECTOR ( 'NONE', #7848, 1000.000000000000000 ) ;
#4491 = VERTEX_POINT ( 'NONE', #1862 ) ;
#4492 = VECTOR ( 'NONE', #4019, 1000.000000000000000 ) ;
#4493 = PLANE ( 'NONE',  #7079 ) ;
#4494 = ORIENTED_EDGE ( 'NONE', *, *, #8515, .F. ) ;
#4495 = EDGE_LOOP ( 'NONE', ( #10028, #4969, #6472, #4666, #6087, #9826, #4330, #8 ) ) ;
#4496 = ORIENTED_EDGE ( 'NONE', *, *, #10089, .T. ) ;
#4497 = VECTOR ( 'NONE', #362, 1000.000000000000000 ) ;
#4498 = EDGE_LOOP ( 'NONE', ( #10789, #6601, #10392, #9725 ) ) ;
#4499 = CIRCLE ( 'NONE', #7771, 0.7999999999998392841 ) ;
#4500 = CARTESIAN_POINT ( 'NONE',  ( 50.02648654977334530, 6.349999999999999645, 24.62763407003638960 ) ) ;
#4501 = CARTESIAN_POINT ( 'NONE',  ( 1.666237182621877366, 119.8722550517800443, -20.03649027154900253 ) ) ;
#4502 = FACE_OUTER_BOUND ( 'NONE', #2033, .T. ) ;
#4503 = FACE_OUTER_BOUND ( 'NONE', #834, .T. ) ;
#4504 = FACE_OUTER_BOUND ( 'NONE', #7284, .T. ) ;
#4505 = ORIENTED_EDGE ( 'NONE', *, *, #6605, .T. ) ;
#4506 = PLANE ( 'NONE',  #3826 ) ;
#4507 = PLANE ( 'NONE',  #9722 ) ;
#4508 = VECTOR ( 'NONE', #1948, 1000.000000000000000 ) ;
#4509 = DIRECTION ( 'NONE',  ( 0.000000000000000000, 0.000000000000000000, 1.000000000000000000 ) ) ;
#4510 = VECTOR ( 'NONE', #6259, 1000.000000000000000 ) ;
#4511 = ORIENTED_EDGE ( 'NONE', *, *, #5018, .F. ) ;
#4512 = VERTEX_POINT ( 'NONE', #8787 ) ;
#4513 = ADVANCED_FACE ( 'NONE', ( #1013 ), #4461, .F. ) ;
#4514 = CARTESIAN_POINT ( 'NONE',  ( -50.02648318102892233, 5.099999999999999645, 18.52763407003732254 ) ) ;
#4515 = AXIS2_PLACEMENT_3D ( 'NONE', #3850, #7324, #10784 ) ;
#4516 = DIRECTION ( 'NONE',  ( -0.000000000000000000, 0.000000000000000000, 1.000000000000000000 ) ) ;
#4517 = DIRECTION ( 'NONE',  ( 0.8191520442889839160, 0.5735764363510573727, 0.000000000000000000 ) ) ;
#4518 = FACE_OUTER_BOUND ( 'NONE', #3545, .T. ) ;
#4519 = DIRECTION ( 'NONE',  ( 0.000000000000000000, 0.000000000000000000, 1.000000000000000000 ) ) ;
#4520 = DIRECTION ( 'NONE',  ( 0.000000000000000000, 0.9999999829769944393, 0.0001845156108989498935 ) ) ;
#4521 = EDGE_CURVE ( 'NONE', #9320, #10780, #7069, .T. ) ;
#4522 = VERTEX_POINT ( 'NONE', #9693 ) ;
#4523 = ORIENTED_EDGE ( 'NONE', *, *, #2401, .T. ) ;
#4524 = ORIENTED_EDGE ( 'NONE', *, *, #1160, .F. ) ;
#4525 = DIRECTION ( 'NONE',  ( 0.000000000000000000, 0.000000000000000000, -1.000000000000000000 ) ) ;
#4527 = DIRECTION ( 'NONE',  ( -0.000000000000000000, -1.000000000000000000, -0.000000000000000000 ) ) ;
#4526 = VECTOR ( 'NONE', #11101, 1000.000000000000000 ) ;
#4528 = CARTESIAN_POINT ( 'NONE',  ( -5.042792600556147420, 124.8258398792882247, -15.23534267996138425 ) ) ;
#4529 = CARTESIAN_POINT ( 'NONE',  ( 0.000000000000000000, -27.00000000000000355, 25.39999999999999858 ) ) ;
#4530 = CARTESIAN_POINT ( 'NONE',  ( -43.40689872104513825, 90.00000000000000000, 22.30467496797187010 ) ) ;
#4531 = DIRECTION ( 'NONE',  ( 1.000000000000000000, 0.000000000000000000, -9.184139537363837425E-14 ) ) ;
#4532 = ORIENTED_EDGE ( 'NONE', *, *, #11145, .T. ) ;
#4533 = CARTESIAN_POINT ( 'NONE',  ( -82.54999999999999716, 67.63999999999998636, -0.2576914538747651640 ) ) ;
#4534 = EDGE_CURVE ( 'NONE', #9751, #9129, #7430, .T. ) ;
#4535 = ORIENTED_EDGE ( 'NONE', *, *, #8139, .F. ) ;
#4536 = ORIENTED_EDGE ( 'NONE', *, *, #10084, .F. ) ;
#4537 = AXIS2_PLACEMENT_3D ( 'NONE', #408, #9720, #9776 ) ;
#4538 = CARTESIAN_POINT ( 'NONE',  ( 43.40689872104513825, 97.50000000000000000, 22.30467496797187010 ) ) ;
#4539 = EDGE_CURVE ( 'NONE', #6738, #1402, #2529, .T. ) ;
#4540 = VECTOR ( 'NONE', #9778, 1000.000000000000000 ) ;
#4541 = CARTESIAN_POINT ( 'NONE',  ( -79.61249999999999716, 21.27499999999999503, -3.564823903641045622 ) ) ;
#4542 = CIRCLE ( 'NONE', #7635, 1.149999999999998801 ) ;
#4543 = LINE ( 'NONE', #9830, #10858 ) ;
#4544 = CARTESIAN_POINT ( 'NONE',  ( -32.55000000000002558, 97.50000000000000000, 22.30467496797187010 ) ) ;
#4545 = AXIS2_PLACEMENT_3D ( 'NONE', #516, #8365, #6581 ) ;
#4546 = FACE_OUTER_BOUND ( 'NONE', #2310, .T. ) ;
#4547 = LINE ( 'NONE', #9835, #10898 ) ;
#4548 = ORIENTED_EDGE ( 'NONE', *, *, #10788, .T. ) ;
#4549 = EDGE_CURVE ( 'NONE', #7990, #8656, #8620, .T. ) ;
#4550 = EDGE_LOOP ( 'NONE', ( #444, #2125, #384, #5432, #5896, #10, #8485, #5963, #4981, #6992, #11185, #7741, #5946, #4357, #10996, #6933, #11083, #120 ) ) ;
#4551 = VECTOR ( 'NONE', #1472, 1000.000000000000000 ) ;
#4552 = EDGE_CURVE ( 'NONE', #8121, #10567, #4864, .T. ) ;
#4553 = ORIENTED_EDGE ( 'NONE', *, *, #4951, .F. ) ;
#4554 = ORIENTED_EDGE ( 'NONE', *, *, #4821, .F. ) ;
#4555 = FACE_OUTER_BOUND ( 'NONE', #988, .T. ) ;
#4556 = CARTESIAN_POINT ( 'NONE',  ( -76.81501998216512561, 5.099999999999999645, -1.428845727014055988 ) ) ;
#4557 = CARTESIAN_POINT ( 'NONE',  ( 46.58189872104514251, 69.76620664861324883, -5.531647977673591399 ) ) ;
#4558 = FACE_OUTER_BOUND ( 'NONE', #6951, .T. ) ;
#4559 = VERTEX_POINT ( 'NONE', #3832 ) ;
#4560 = DIRECTION ( 'NONE',  ( 1.000000000000000000, -0.000000000000000000, -1.335278419062900115E-16 ) ) ;
#4561 = DIRECTION ( 'NONE',  ( 1.521157000053560499E-16, -0.000000000000000000, 1.000000000000000000 ) ) ;
#4562 = DIRECTION ( 'NONE',  ( 1.000000000000000000, -1.593062912007103154E-16, -1.228232725407420948E-32 ) ) ;
#4563 = EDGE_CURVE ( 'NONE', #10761, #7768, #2888, .T. ) ;
#4564 = LINE ( 'NONE', #6488, #5573 ) ;
#4565 = ORIENTED_EDGE ( 'NONE', *, *, #10174, .F. ) ;
#4566 = VERTEX_POINT ( 'NONE', #8056 ) ;
#4567 = DIRECTION ( 'NONE',  ( 0.7071067811865426878, -0.000000000000000000, 0.7071067811865524577 ) ) ;
#4568 = CYLINDRICAL_SURFACE ( 'NONE', #5398, 1.150000000000003020 ) ;
#4569 = CARTESIAN_POINT ( 'NONE',  ( 173.3018692371333032, -4.758722840904956009, -40.25769145387477721 ) ) ;
#4570 = CYLINDRICAL_SURFACE ( 'NONE', #3475, 2.499806426156745420 ) ;
#4571 = DIRECTION ( 'NONE',  ( 0.000000000000000000, 1.000000000000000000, 1.593062912007103154E-16 ) ) ;
#4572 = VECTOR ( 'NONE', #9208, 1000.000000000000000 ) ;
#4573 = VECTOR ( 'NONE', #9155, 1000.000000000000000 ) ;
#4574 = ORIENTED_EDGE ( 'NONE', *, *, #9202, .T. ) ;
#4575 = ORIENTED_EDGE ( 'NONE', *, *, #10365, .T. ) ;
#4576 = EDGE_LOOP ( 'NONE', ( #7451, #2167 ) ) ;
#4577 = DIRECTION ( 'NONE',  ( -0.000000000000000000, 1.000000000000000000, 0.000000000000000000 ) ) ;
#4578 = ORIENTED_EDGE ( 'NONE', *, *, #2824, .F. ) ;
#4579 = LINE ( 'NONE', #7319, #10715 ) ;
#4580 = FACE_OUTER_BOUND ( 'NONE', #10344, .T. ) ;
#4581 = CIRCLE ( 'NONE', #10570, 1.000000000000000888 ) ;
#4582 = CARTESIAN_POINT ( 'NONE',  ( 86.70416666666663730, 14.18333333333326607, 15.53596740336966953 ) ) ;
#4583 = PLANE ( 'NONE',  #3963 ) ;
#4584 = DIRECTION ( 'NONE',  ( -1.000000000000000000, 0.000000000000000000, 0.000000000000000000 ) ) ;
#4585 = DIRECTION ( 'NONE',  ( 0.000000000000000000, 1.000000000000000000, 0.000000000000000000 ) ) ;
#4586 = DIRECTION ( 'NONE',  ( -0.000000000000000000, -1.000000000000000000, -0.000000000000000000 ) ) ;
#4587 = ORIENTED_EDGE ( 'NONE', *, *, #8637, .T. ) ;
#4588 = CARTESIAN_POINT ( 'NONE',  ( 77.61249999999999716, 6.349999999999999645, -6.985329661611388907 ) ) ;
#4589 = EDGE_LOOP ( 'NONE', ( #3003, #758, #1735, #10776 ) ) ;
#4590 = AXIS2_PLACEMENT_3D ( 'NONE', #559, #11002, #10951 ) ;
#4591 = ORIENTED_EDGE ( 'NONE', *, *, #958, .T. ) ;
#4592 = DIRECTION ( 'NONE',  ( 0.000000000000000000, 0.000000000000000000, -1.000000000000000000 ) ) ;
#4593 = ADVANCED_FACE ( 'NONE', ( #273 ), #4677, .F. ) ;
#4594 = PLANE ( 'NONE',  #797 ) ;
#4595 = DIRECTION ( 'NONE',  ( -9.441849941063534967E-17, 0.7071063548969742651, -0.7071072074758637527 ) ) ;
#4596 = VECTOR ( 'NONE', #11046, 1000.000000000000114 ) ;
#4597 = DIRECTION ( 'NONE',  ( 0.000000000000000000, 0.000000000000000000, 1.000000000000000000 ) ) ;
#4598 = DIRECTION ( 'NONE',  ( 1.000000000000000000, 0.000000000000000000, 0.000000000000000000 ) ) ;
#4599 = LINE ( 'NONE', #1950, #557 ) ;
#4600 = ORIENTED_EDGE ( 'NONE', *, *, #9548, .T. ) ;
#4601 = ADVANCED_FACE ( 'NONE', ( #3675 ), #6390, .F. ) ;
#4602 = CARTESIAN_POINT ( 'NONE',  ( 5.040980328120962639, 124.6316574458437287, 36.89999999999999147 ) ) ;
#4603 = DIRECTION ( 'NONE',  ( 0.000000000000000000, -1.000000000000000000, 0.000000000000000000 ) ) ;
#4604 = EDGE_LOOP ( 'NONE', ( #8172, #3221, #1202, #7756 ) ) ;
#4605 = CARTESIAN_POINT ( 'NONE',  ( -43.40689872104513825, 72.64000000000000057, -29.66122071973760299 ) ) ;
#4606 = VERTEX_POINT ( 'NONE', #2203 ) ;
#4607 = AXIS2_PLACEMENT_3D ( 'NONE', #2375, #717, #5825 ) ;
#4608 = VERTEX_POINT ( 'NONE', #3725 ) ;
#4609 = ORIENTED_EDGE ( 'NONE', *, *, #11062, .T. ) ;
#4610 = ADVANCED_FACE ( 'NONE', ( #216 ), #4568, .F. ) ;
#4611 = FACE_OUTER_BOUND ( 'NONE', #1678, .T. ) ;
#4612 = CARTESIAN_POINT ( 'NONE',  ( -81.84979246179028678, 61.63999999999999346, 10.39999999999999325 ) ) ;
#4613 = DIRECTION ( 'NONE',  ( 1.000000000000000000, -0.000000000000000000, -0.000000000000000000 ) ) ;
#4614 = DIRECTION ( 'NONE',  ( 0.000000000000000000, 1.000000000000000000, 0.000000000000000000 ) ) ;
#4615 = EDGE_CURVE ( 'NONE', #4753, #4335, #7996, .T. ) ;
#4616 = ORIENTED_EDGE ( 'NONE', *, *, #10254, .T. ) ;
#4617 = AXIS2_PLACEMENT_3D ( 'NONE', #9023, #6515, #3740 ) ;
#4618 = EDGE_CURVE ( 'NONE', #8243, #4736, #7364, .T. ) ;
#4619 = CARTESIAN_POINT ( 'NONE',  ( -35.61042949709576533, 96.12583987928823603, -1.926685223531122260 ) ) ;
#4620 = CARTESIAN_POINT ( 'NONE',  ( -33.11067117007558380, 96.12583987928823603, 18.79370330280937651 ) ) ;
#4621 = LINE ( 'NONE', #2196, #495 ) ;
#4622 = EDGE_LOOP ( 'NONE', ( #3444, #5934, #106, #4190 ) ) ;
#4623 = EDGE_LOOP ( 'NONE', ( #6877, #10186, #6519, #877 ) ) ;
#4624 = ORIENTED_EDGE ( 'NONE', *, *, #1383, .T. ) ;
#4625 = VECTOR ( 'NONE', #7765, 1000.000000000000000 ) ;
#4626 = DIRECTION ( 'NONE',  ( 0.000000000000000000, -1.000000000000000000, 0.000000000000000000 ) ) ;
#4627 = EDGE_CURVE ( 'NONE', #5012, #1703, #7192, .T. ) ;
#4628 = EDGE_CURVE ( 'NONE', #103, #6296, #7135, .T. ) ;
#4629 = DIRECTION ( 'NONE',  ( 1.000000000000000000, 0.000000000000000000, 0.000000000000000000 ) ) ;
#4630 = CARTESIAN_POINT ( 'NONE',  ( -81.84979246179028678, 58.93999999999998352, -0.2576914538747649974 ) ) ;
#4631 = CYLINDRICAL_SURFACE ( 'NONE', #9992, 0.7999800169725922450 ) ;
#4632 = LINE ( 'NONE', #322, #4090 ) ;
#4633 = AXIS2_PLACEMENT_3D ( 'NONE', #2933, #9000, #3038 ) ;
#4634 = VERTEX_POINT ( 'NONE', #6272 ) ;
#4635 = ORIENTED_EDGE ( 'NONE', *, *, #3119, .F. ) ;
#4636 = ORIENTED_EDGE ( 'NONE', *, *, #7265, .T. ) ;
#4637 = CARTESIAN_POINT ( 'NONE',  ( 50.48689872104515075, 95.10731456396575823, 3.358535111626433700 ) ) ;
#4638 = ORIENTED_EDGE ( 'NONE', *, *, #9749, .T. ) ;
#4639 = DIRECTION ( 'NONE',  ( 0.000000000000000000, 0.000000000000000000, 1.000000000000000000 ) ) ;
#4640 = FACE_OUTER_BOUND ( 'NONE', #1044, .T. ) ;
#4641 = DIRECTION ( 'NONE',  ( 0.000000000000000000, -1.000000000000000000, 0.000000000000000000 ) ) ;
#4642 = PLANE ( 'NONE',  #829 ) ;
#4643 = ORIENTED_EDGE ( 'NONE', *, *, #1915, .F. ) ;
#4644 = ORIENTED_EDGE ( 'NONE', *, *, #3688, .F. ) ;
#4645 = EDGE_LOOP ( 'NONE', ( #4279, #5035, #7894, #3694 ) ) ;
#4646 = CARTESIAN_POINT ( 'NONE',  ( 0.000000000000000000, -27.00000000000000355, 0.000000000000000000 ) ) ;
#4647 = CARTESIAN_POINT ( 'NONE',  ( -72.76808532237744487, 8.274999999999998579, 17.06344096711973890 ) ) ;
#4648 = LINE ( 'NONE', #2745, #8386 ) ;
#4649 = DIRECTION ( 'NONE',  ( 1.000000000000000000, -0.000000000000000000, 0.000000000000000000 ) ) ;
#4650 = DIRECTION ( 'NONE',  ( 0.000000000000000000, -0.000000000000000000, 1.000000000000000000 ) ) ;
#4651 = ORIENTED_EDGE ( 'NONE', *, *, #4911, .F. ) ;
#4652 = CARTESIAN_POINT ( 'NONE',  ( 5.422131209727258039, 119.8272007361573088, 36.89999999999999147 ) ) ;
#4653 = ORIENTED_EDGE ( 'NONE', *, *, #4852, .T. ) ;
#4654 = EDGE_CURVE ( 'NONE', #5303, #10434, #9330, .T. ) ;
#4655 = ORIENTED_EDGE ( 'NONE', *, *, #11068, .F. ) ;
#4656 = VERTEX_POINT ( 'NONE', #10589 ) ;
#4657 = AXIS2_PLACEMENT_3D ( 'NONE', #10632, #2881, #6324 ) ;
#4658 = CARTESIAN_POINT ( 'NONE',  ( 0.000000000000000000, -27.00000000000000355, 5.042308546125213731 ) ) ;
#4659 = CIRCLE ( 'NONE', #9381, 20.00000000000000000 ) ;
#4660 = DIRECTION ( 'NONE',  ( 0.000000000000000000, 0.000000000000000000, -1.000000000000000000 ) ) ;
#4661 = CARTESIAN_POINT ( 'NONE',  ( 52.36501998304115091, 5.099999999999999645, 20.22115427297831403 ) ) ;
#4662 = DIRECTION ( 'NONE',  ( 0.000000000000000000, 1.000000000000000000, 0.000000000000000000 ) ) ;
#4663 = ORIENTED_EDGE ( 'NONE', *, *, #1782, .T. ) ;
#4664 = CARTESIAN_POINT ( 'NONE',  ( 8.384417448465013578, 79.82583987928821045, 20.56133305602351413 ) ) ;
#4665 = CARTESIAN_POINT ( 'NONE',  ( -80.04999999999999716, -24.50000000000000355, 0.000000000000000000 ) ) ;
#4666 = ORIENTED_EDGE ( 'NONE', *, *, #9969, .T. ) ;
#4667 = CARTESIAN_POINT ( 'NONE',  ( -46.58189872104514251, 75.48946397805705999, -7.085838131530381798E-15 ) ) ;
#4668 = EDGE_CURVE ( 'NONE', #7326, #6489, #9743, .T. ) ;
#4669 = ADVANCED_FACE ( 'NONE', ( #7307 ), #9970, .T. ) ;
#4670 = EDGE_LOOP ( 'NONE', ( #2950, #3182, #1401, #1242 ) ) ;
#4671 = CIRCLE ( 'NONE', #9942, 1.149999999999994804 ) ;
#4672 = ORIENTED_EDGE ( 'NONE', *, *, #8152, .F. ) ;
#4673 = AXIS2_PLACEMENT_3D ( 'NONE', #6507, #3222, #5090 ) ;
#4674 = EDGE_CURVE ( 'NONE', #794, #10807, #9913, .T. ) ;
#4675 = EDGE_CURVE ( 'NONE', #10583, #3915, #1785, .T. ) ;
#4676 = LINE ( 'NONE', #5595, #8595 ) ;
#4677 = PLANE ( 'NONE',  #10320 ) ;
#4678 = VECTOR ( 'NONE', #1411, 1000.000000000000000 ) ;
#4679 = CARTESIAN_POINT ( 'NONE',  ( 69.50000000000001421, 82.35514882866895903, -30.25769145387476655 ) ) ;
#4680 = CARTESIAN_POINT ( 'NONE',  ( 61.81289880791658931, 8.274999999999998579, 18.26344096711873277 ) ) ;
#4681 = VECTOR ( 'NONE', #9780, 1000.000000000000000 ) ;
#4682 = CARTESIAN_POINT ( 'NONE',  ( -50.48689872104515075, 95.28999999999417980, -23.92998592831960991 ) ) ;
#4683 = LINE ( 'NONE', #6393, #8459 ) ;
#4684 = EDGE_CURVE ( 'NONE', #6573, #9930, #879, .T. ) ;
#4685 = ORIENTED_EDGE ( 'NONE', *, *, #6746, .T. ) ;
#4686 = EDGE_CURVE ( 'NONE', #3156, #9230, #3215, .T. ) ;
#4687 = ORIENTED_EDGE ( 'NONE', *, *, #4257, .F. ) ;
#4688 = AXIS2_PLACEMENT_3D ( 'NONE', #11161, #2482, #2378 ) ;
#4689 = ORIENTED_EDGE ( 'NONE', *, *, #3654, .T. ) ;
#4690 = AXIS2_PLACEMENT_3D ( 'NONE', #4023, #2776, #6102 ) ;
#4691 = AXIS2_PLACEMENT_3D ( 'NONE', #4878, #1199, #8352 ) ;
#4692 = ADVANCED_FACE ( 'NONE', ( #11043 ), #483, .T. ) ;
#4693 = FACE_BOUND ( 'NONE', #3596, .T. ) ;
#4694 = VERTEX_POINT ( 'NONE', #10935 ) ;
#4695 = CARTESIAN_POINT ( 'NONE',  ( -35.61042949679625735, 96.12583987928823603, 15.71614540591397713 ) ) ;
#4696 = FACE_OUTER_BOUND ( 'NONE', #1913, .T. ) ;
#4697 = CARTESIAN_POINT ( 'NONE',  ( -81.84979246179028678, 61.63999999999999346, -0.2576914538747651640 ) ) ;
#4698 = FACE_OUTER_BOUND ( 'NONE', #10013, .T. ) ;
#4699 = AXIS2_PLACEMENT_3D ( 'NONE', #6466, #3137, #3076 ) ;
#4700 = DIRECTION ( 'NONE',  ( 2.244742081187875711E-15, 1.000000000000000000, 0.000000000000000000 ) ) ;
#4701 = EDGE_LOOP ( 'NONE', ( #6813, #862, #8493, #7186 ) ) ;
#4702 = ADVANCED_FACE ( 'NONE', ( #8448 ), #2373, .F. ) ;
#4703 = EDGE_CURVE ( 'NONE', #4021, #3409, #6773, .T. ) ;
#4704 = ORIENTED_EDGE ( 'NONE', *, *, #9824, .T. ) ;
#4705 = ORIENTED_EDGE ( 'NONE', *, *, #6275, .T. ) ;
#4706 = CARTESIAN_POINT ( 'NONE',  ( 41.54999999999999716, 96.82583987928822467, 33.89999999999999147 ) ) ;
#4707 = LINE ( 'NONE', #5507, #5137 ) ;
#4708 = DIRECTION ( 'NONE',  ( -0.8191520442889839160, 0.5735764363510573727, 0.000000000000000000 ) ) ;
#4709 = DIRECTION ( 'NONE',  ( 0.000000000000000000, 1.000000000000000000, 0.000000000000000000 ) ) ;
#4710 = DIRECTION ( 'NONE',  ( 0.000000000000000000, 1.000000000000000000, 0.000000000000000000 ) ) ;
#4711 = AXIS2_PLACEMENT_3D ( 'NONE', #8153, #366, #8211 ) ;
#4712 = DIRECTION ( 'NONE',  ( -1.000000000000000000, 0.000000000000000000, 0.000000000000000000 ) ) ;
#4713 = VERTEX_POINT ( 'NONE', #7417 ) ;
#4714 = DIRECTION ( 'NONE',  ( 0.000000000000000000, 0.000000000000000000, 1.000000000000000000 ) ) ;
#4715 = CARTESIAN_POINT ( 'NONE',  ( 11.25500000000000433, -24.89937738537090794, 16.39999999999999858 ) ) ;
#4716 = CIRCLE ( 'NONE', #11065, 2.500000000000000444 ) ;
#4717 = ORIENTED_EDGE ( 'NONE', *, *, #2720, .T. ) ;
#4718 = ORIENTED_EDGE ( 'NONE', *, *, #4319, .T. ) ;
#4719 = CIRCLE ( 'NONE', #10702, 1.000000000000000888 ) ;
#4720 = CIRCLE ( 'NONE', #9445, 5.700207538209718372 ) ;
#4721 = ORIENTED_EDGE ( 'NONE', *, *, #7814, .F. ) ;
#4722 = CIRCLE ( 'NONE', #7082, 5.499999999999975131 ) ;
#4723 = CARTESIAN_POINT ( 'NONE',  ( 77.61250000000001137, 90.00000000000000000, 25.39999999999999147 ) ) ;
#4724 = EDGE_CURVE ( 'NONE', #1895, #6487, #2424, .T. ) ;
#4725 = DIRECTION ( 'NONE',  ( 0.9987562846726888433, -1.386602171492393136E-16, 0.04985863843715563487 ) ) ;
#4726 = B_SPLINE_CURVE_WITH_KNOTS ( 'NONE', 3,
 ( #5956, #4941, #9312, #3246, #11178, #572, #9424, #8527, #6854 ),
 .UNSPECIFIED., .F., .F.,
 ( 4, 2, 1, 2, 4 ),
 ( 0.000000000000000000, 0.002499999999999996149, 0.004999999999999992298, 0.007499999999999988447, 0.009999999999999986330 ),
 .UNSPECIFIED. ) ;
#4727 = CARTESIAN_POINT ( 'NONE',  ( -30.00042949693185079, 110.8258398792882247, 11.89999999999998614 ) ) ;
#4728 = CARTESIAN_POINT ( 'NONE',  ( -50.48689872104515075, 72.67999878751419374, 2.358530551520389817 ) ) ;
#4729 = EDGE_LOOP ( 'NONE', ( #736, #8604 ) ) ;
#4730 = LINE ( 'NONE', #9736, #10004 ) ;
#4731 = CARTESIAN_POINT ( 'NONE',  ( -79.61249999999999716, 21.27499999999999503, 22.62763407003640026 ) ) ;
#4732 = EDGE_LOOP ( 'NONE', ( #4278, #922 ) ) ;
#4733 = CARTESIAN_POINT ( 'NONE',  ( -67.12500000000000000, 104.8258398792882247, 40.40000000000004832 ) ) ;
#4734 = AXIS2_PLACEMENT_3D ( 'NONE', #5641, #4560, #1340 ) ;
#4735 = AXIS2_PLACEMENT_3D ( 'NONE', #10145, #4987, #9188 ) ;
#4736 = VERTEX_POINT ( 'NONE', #5026 ) ;
#4737 = ORIENTED_EDGE ( 'NONE', *, *, #9914, .T. ) ;
#4738 = DIRECTION ( 'NONE',  ( 0.000000000000000000, 0.000000000000000000, 1.000000000000000000 ) ) ;
#4739 = ORIENTED_EDGE ( 'NONE', *, *, #7184, .T. ) ;
#4740 = CARTESIAN_POINT ( 'NONE',  ( 76.81501998216512561, 8.274999999999998579, -0.2788457270140529132 ) ) ;
#4741 = VECTOR ( 'NONE', #10866, 1000.000000000000000 ) ;
#4742 = ADVANCED_FACE ( 'NONE', ( #10131 ), #8334, .T. ) ;
#4743 = DIRECTION ( 'NONE',  ( 0.000000000000000000, -0.000000000000000000, 1.000000000000000000 ) ) ;
#4744 = DIRECTION ( 'NONE',  ( 0.000000000000000000, 1.000000000000000000, 0.000000000000000000 ) ) ;
#4745 = LINE ( 'NONE', #4569, #6237 ) ;
#4746 = CARTESIAN_POINT ( 'NONE',  ( 69.20000000000776197, 8.275000000003331024, -0.6211324209939360630 ) ) ;
#4747 = DIRECTION ( 'NONE',  ( -0.000000000000000000, 0.000000000000000000, 1.000000000000000000 ) ) ;
#4748 = EDGE_CURVE ( 'NONE', #3915, #10583, #2909, .T. ) ;
#4749 = EDGE_LOOP ( 'NONE', ( #7632, #9131, #5536, #3617 ) ) ;
#4750 = ORIENTED_EDGE ( 'NONE', *, *, #1167, .F. ) ;
#4751 = VECTOR ( 'NONE', #5426, 1000.000000000000000 ) ;
#4752 = ORIENTED_EDGE ( 'NONE', *, *, #6356, .T. ) ;
#4753 = VERTEX_POINT ( 'NONE', #4168 ) ;
#4754 = DIRECTION ( 'NONE',  ( -1.218707698843631781E-16, 0.000000000000000000, -1.000000000000000000 ) ) ;
#4755 = ADVANCED_FACE ( 'NONE', ( #5823 ), #4797, .F. ) ;
#4756 = CARTESIAN_POINT ( 'NONE',  ( 61.59000000000155950, 8.274999999999998579, 19.62115427306273219 ) ) ;
#4757 = ADVANCED_FACE ( 'NONE', ( #7639 ), #9289, .F. ) ;
#4758 = DIRECTION ( 'NONE',  ( 0.000000000000000000, -1.000000000000000000, 0.000000000000000000 ) ) ;
#4759 = AXIS2_PLACEMENT_3D ( 'NONE', #9565, #6772, #2643 ) ;
#4760 = CYLINDRICAL_SURFACE ( 'NONE', #4691, 1.150000000000001688 ) ;
#4761 = VECTOR ( 'NONE', #6745, 1000.000000000000000 ) ;
#4762 = CARTESIAN_POINT ( 'NONE',  ( -50.02648654977334530, 8.274999999999998579, 20.18114647173673148 ) ) ;
#4763 = VERTEX_POINT ( 'NONE', #1525 ) ;
#4764 = EDGE_CURVE ( 'NONE', #4997, #2076, #4973, .T. ) ;
#4765 = VERTEX_POINT ( 'NONE', #8275 ) ;
#4766 = VERTEX_POINT ( 'NONE', #4063 ) ;
#4767 = VECTOR ( 'NONE', #1428, 1000.000000000000000 ) ;
#4768 = CARTESIAN_POINT ( 'NONE',  ( -82.54999999999999716, 61.63999999999999346, -6.257691453874767440 ) ) ;
#4769 = ADVANCED_FACE ( 'NONE', ( #659 ), #3105, .F. ) ;
#4770 = EDGE_CURVE ( 'NONE', #943, #8202, #6551, .T. ) ;
#4771 = DIRECTION ( 'NONE',  ( 0.000000000000000000, 1.000000000000000000, 0.000000000000000000 ) ) ;
#4772 = CARTESIAN_POINT ( 'NONE',  ( -79.37499999999997158, 5.099999999999999645, -3.738845726937389813 ) ) ;
#4773 = DIRECTION ( 'NONE',  ( 0.000000000000000000, 0.000000000000000000, 1.000000000000000000 ) ) ;
#4774 = DIRECTION ( 'NONE',  ( 0.000000000000000000, -0.000000000000000000, 1.000000000000000000 ) ) ;
#4775 = CARTESIAN_POINT ( 'NONE',  ( -54.81500000380517434, 8.274999999999998579, 19.62115427306273219 ) ) ;
#4776 = ORIENTED_EDGE ( 'NONE', *, *, #4075, .F. ) ;
#4777 = AXIS2_PLACEMENT_3D ( 'NONE', #6756, #2460, #4156 ) ;
#4778 = VECTOR ( 'NONE', #7927, 1000.000000000000000 ) ;
#4779 = LINE ( 'NONE', #5742, #4572 ) ;
#4780 = ORIENTED_EDGE ( 'NONE', *, *, #9288, .F. ) ;
#4781 = ORIENTED_EDGE ( 'NONE', *, *, #1629, .F. ) ;
#4782 = AXIS2_PLACEMENT_3D ( 'NONE', #10783, #394, #9925 ) ;
#4783 = EDGE_LOOP ( 'NONE', ( #1133, #3092, #7463, #8003, #10890 ) ) ;
#4784 = CARTESIAN_POINT ( 'NONE',  ( 0.000000000000000000, 72.64000000000000057, 22.30467496797187010 ) ) ;
#4785 = DIRECTION ( 'NONE',  ( 0.000000000000000000, 0.000000000000000000, -1.000000000000000000 ) ) ;
#4786 = VERTEX_POINT ( 'NONE', #4119 ) ;
#4787 = DIRECTION ( 'NONE',  ( 0.7071067812042748368, 0.000000000000000000, -0.7071067811688201976 ) ) ;
#4788 = FACE_OUTER_BOUND ( 'NONE', #5122, .T. ) ;
#4789 = ORIENTED_EDGE ( 'NONE', *, *, #1197, .F. ) ;
#4790 = DIRECTION ( 'NONE',  ( -0.5735764363510443831, 0.000000000000000000, 0.8191520442889929088 ) ) ;
#4791 = VECTOR ( 'NONE', #1293, 999.9999999999998863 ) ;
#4792 = ORIENTED_EDGE ( 'NONE', *, *, #6355, .T. ) ;
#4793 = ORIENTED_EDGE ( 'NONE', *, *, #2272, .T. ) ;
#4794 = DIRECTION ( 'NONE',  ( 0.000000000000000000, 0.000000000000000000, -1.000000000000000000 ) ) ;
#4795 = CARTESIAN_POINT ( 'NONE',  ( 51.69999999999999574, 109.8258398792882247, 46.90000000000009095 ) ) ;
#4796 = VECTOR ( 'NONE', #8135, 1000.000000000000000 ) ;
#4797 = PLANE ( 'NONE',  #11029 ) ;
#4798 = DIRECTION ( 'NONE',  ( 2.281766556891204709E-15, 0.7213349599943349455, 0.6925863668092024916 ) ) ;
#4799 = CARTESIAN_POINT ( 'NONE',  ( 32.54999999999999716, 97.82583987928822467, 22.30467496797187010 ) ) ;
#4800 = DIRECTION ( 'NONE',  ( 0.000000000000000000, -1.000000000000000000, 0.000000000000000000 ) ) ;
#4801 = DIRECTION ( 'NONE',  ( -1.000000000000000000, 0.000000000000000000, 0.000000000000000000 ) ) ;
#4802 = DIRECTION ( 'NONE',  ( -0.000000000000000000, -0.000000000000000000, -1.000000000000000000 ) ) ;
#4803 = ORIENTED_EDGE ( 'NONE', *, *, #253, .F. ) ;
#4804 = EDGE_LOOP ( 'NONE', ( #6239, #399, #6537, #9087 ) ) ;
#4805 = AXIS2_PLACEMENT_3D ( 'NONE', #3634, #7089, #1999 ) ;
#4806 = EDGE_CURVE ( 'NONE', #420, #8811, #1406, .T. ) ;
#4807 = DIRECTION ( 'NONE',  ( 0.000000000000000000, -1.000000000000000000, -0.000000000000000000 ) ) ;
#4808 = VERTEX_POINT ( 'NONE', #5760 ) ;
#4809 = VERTEX_POINT ( 'NONE', #1468 ) ;
#4810 = LINE ( 'NONE', #5774, #1347 ) ;
#4811 = DIRECTION ( 'NONE',  ( 0.5773502691896204020, -0.5773502691896285066, -0.5773502691896285066 ) ) ;
#4812 = LINE ( 'NONE', #8410, #8603 ) ;
#4813 = AXIS2_PLACEMENT_3D ( 'NONE', #6450, #6504, #7140 ) ;
#4814 = LINE ( 'NONE', #10837, #7977 ) ;
#4815 = PLANE ( 'NONE',  #8805 ) ;
#4816 = ORIENTED_EDGE ( 'NONE', *, *, #9673, .F. ) ;
#4818 = ORIENTED_EDGE ( 'NONE', *, *, #8375, .T. ) ;
#4817 = CARTESIAN_POINT ( 'NONE',  ( -77.61249999996864801, 6.349999999999999645, -24.58269145387476584 ) ) ;
#4819 = EDGE_LOOP ( 'NONE', ( #222, #9228, #7521, #3751 ) ) ;
#4820 = ADVANCED_FACE ( 'NONE', ( #7525 ), #9754, .F. ) ;
#4821 = EDGE_CURVE ( 'NONE', #10377, #8418, #4225, .T. ) ;
#4822 = CARTESIAN_POINT ( 'NONE',  ( -73.96808532237744771, 5.099999999999999645, 17.06344096893413820 ) ) ;
#4823 = AXIS2_PLACEMENT_3D ( 'NONE', #7517, #5642, #10867 ) ;
#4824 = ADVANCED_FACE ( 'NONE', ( #1740, #831 ), #1630, .F. ) ;
#4825 = FACE_OUTER_BOUND ( 'NONE', #7142, .T. ) ;
#4826 = EDGE_CURVE ( 'NONE', #11188, #5103, #3952, .T. ) ;
#4827 = CARTESIAN_POINT ( 'NONE',  ( 0.000000000000000000, 97.50000000000000000, 0.000000000000000000 ) ) ;
#4828 = CARTESIAN_POINT ( 'NONE',  ( 76.81501998216512561, 5.099999999999999645, -1.428845727014055988 ) ) ;
#4829 = CARTESIAN_POINT ( 'NONE',  ( -82.54999999999999716, 61.63999999999999346, 5.399999999999991473 ) ) ;
#4830 = CARTESIAN_POINT ( 'NONE',  ( 82.55000000000002558, 61.63999999999999346, 10.39999999999999325 ) ) ;
#4831 = DIRECTION ( 'NONE',  ( 0.000000000000000000, -1.000000000000000000, 0.000000000000000000 ) ) ;
#4832 = ORIENTED_EDGE ( 'NONE', *, *, #4905, .T. ) ;
#4833 = DIRECTION ( 'NONE',  ( -1.000000000000000000, 0.000000000000000000, 0.000000000000000000 ) ) ;
#4834 = VERTEX_POINT ( 'NONE', #3433 ) ;
#4835 = ADVANCED_FACE ( 'NONE', ( #6091 ), #6149, .F. ) ;
#4836 = EDGE_CURVE ( 'NONE', #1345, #3028, #4393, .T. ) ;
#4837 = CARTESIAN_POINT ( 'NONE',  ( 51.69999999999999574, 109.8258398792882247, 46.90000000000009095 ) ) ;
#4838 = ORIENTED_EDGE ( 'NONE', *, *, #3249, .T. ) ;
#4839 = ADVANCED_FACE ( 'NONE', ( #85 ), #1791, .T. ) ;
#4840 = LINE ( 'NONE', #10918, #6502 ) ;
#4841 = ORIENTED_EDGE ( 'NONE', *, *, #7035, .T. ) ;
#4842 = EDGE_CURVE ( 'NONE', #351, #7303, #886, .T. ) ;
#4843 = DIRECTION ( 'NONE',  ( 0.000000000000000000, 0.000000000000000000, -1.000000000000000000 ) ) ;
#4844 = LINE ( 'NONE', #10975, #5053 ) ;
#4845 = DIRECTION ( 'NONE',  ( 1.000000000000000000, 0.000000000000000000, 0.000000000000000000 ) ) ;
#4846 = ORIENTED_EDGE ( 'NONE', *, *, #1974, .T. ) ;
#4847 = DIRECTION ( 'NONE',  ( 0.000000000000000000, -1.000000000000000000, 1.365923996832131116E-16 ) ) ;
#4848 = LINE ( 'NONE', #10065, #1393 ) ;
#4849 = ORIENTED_EDGE ( 'NONE', *, *, #10597, .T. ) ;
#4850 = CARTESIAN_POINT ( 'NONE',  ( 41.54999999999999716, 92.00000000000000000, 33.89999999999999147 ) ) ;
#4851 = ORIENTED_EDGE ( 'NONE', *, *, #2978, .T. ) ;
#4852 = EDGE_CURVE ( 'NONE', #7495, #838, #6312, .T. ) ;
#4853 = ORIENTED_EDGE ( 'NONE', *, *, #662, .F. ) ;
#4854 = EDGE_LOOP ( 'NONE', ( #8151, #9763, #6041, #2484 ) ) ;
#4855 = VECTOR ( 'NONE', #9333, 1000.000000000000000 ) ;
#4856 = CIRCLE ( 'NONE', #8847, 4.999999999999997335 ) ;
#4857 = DIRECTION ( 'NONE',  ( -0.000000000000000000, -1.000000000000000000, -0.000000000000000000 ) ) ;
#4858 = DIRECTION ( 'NONE',  ( 0.000000000000000000, -5.229285515060565227E-16, 1.000000000000000000 ) ) ;
#4859 = CARTESIAN_POINT ( 'NONE',  ( 3.332714472755211155, 119.8513766280759825, 36.89999999999999147 ) ) ;
#4860 = CARTESIAN_POINT ( 'NONE',  ( -81.84979246179028678, 53.93999999999999062, 5.399999999999993250 ) ) ;
#4861 = CARTESIAN_POINT ( 'NONE',  ( -29.00040951394596078, 96.12583987928823603, 18.68350972841953350 ) ) ;
#4862 = DIRECTION ( 'NONE',  ( 0.000000000000000000, 0.000000000000000000, -1.000000000000000000 ) ) ;
#4863 = FACE_OUTER_BOUND ( 'NONE', #6070, .T. ) ;
#4864 = CIRCLE ( 'NONE', #8884, 1.000000000000000888 ) ;
#4865 = PLANE ( 'NONE',  #5242 ) ;
#4866 = VECTOR ( 'NONE', #1232, 1000.000000000000000 ) ;
#4867 = ORIENTED_EDGE ( 'NONE', *, *, #2486, .T. ) ;
#4868 = VERTEX_POINT ( 'NONE', #8717 ) ;
#4869 = EDGE_CURVE ( 'NONE', #9, #9545, #7744, .T. ) ;
#4870 = EDGE_LOOP ( 'NONE', ( #5349, #2962, #5832, #4265 ) ) ;
#4871 = VECTOR ( 'NONE', #2852, 1000.000000000000114 ) ;
#4872 = CARTESIAN_POINT ( 'NONE',  ( -0.0004294969318460739593, 99.82583987928822467, 8.433509728450992782 ) ) ;
#4873 = VECTOR ( 'NONE', #6747, 1000.000000000000000 ) ;
#4874 = CYLINDRICAL_SURFACE ( 'NONE', #5785, 24.20000000000000284 ) ;
#4875 = CYLINDRICAL_SURFACE ( 'NONE', #10646, 2.500000000000000444 ) ;
#4876 = PLANE ( 'NONE',  #4590 ) ;
#4877 = ADVANCED_FACE ( 'NONE', ( #3549 ), #4321, .T. ) ;
#4878 = CARTESIAN_POINT ( 'NONE',  ( -8.300429496984964572, 96.12583987928823603, 18.68350972839287394 ) ) ;
#4879 = FACE_OUTER_BOUND ( 'NONE', #7923, .T. ) ;
#4880 = EDGE_LOOP ( 'NONE', ( #2783, #5327, #2577, #2541 ) ) ;
#4881 = VECTOR ( 'NONE', #1853, 1000.000000000000000 ) ;
#4882 = ORIENTED_EDGE ( 'NONE', *, *, #11125, .T. ) ;
#4883 = ORIENTED_EDGE ( 'NONE', *, *, #4351, .T. ) ;
#4884 = AXIS2_PLACEMENT_3D ( 'NONE', #6068, #4585, #7892 ) ;
#4885 = DIRECTION ( 'NONE',  ( 0.000000000000000000, -0.000000000000000000, 1.000000000000000000 ) ) ;
#4886 = VECTOR ( 'NONE', #5562, 1000.000000000000000 ) ;
#4887 = VECTOR ( 'NONE', #2094, 1000.000000000000000 ) ;
#4888 = CARTESIAN_POINT ( 'NONE',  ( -16.75499999999995637, -27.00000000000000355, 7.542308546125214619 ) ) ;
#4889 = DIRECTION ( 'NONE',  ( 1.593062912007103154E-16, -1.000000000000000000, 1.365923996832131116E-16 ) ) ;
#4890 = CYLINDRICAL_SURFACE ( 'NONE', #5668, 5.000000000000000888 ) ;
#4891 = EDGE_CURVE ( 'NONE', #7060, #1256, #2699, .T. ) ;
#4892 = DIRECTION ( 'NONE',  ( 1.000000000000000000, 0.000000000000000000, 0.000000000000000000 ) ) ;
#4893 = DIRECTION ( 'NONE',  ( -0.000000000000000000, -1.000000000000000000, -0.000000000000000000 ) ) ;
#4894 = ORIENTED_EDGE ( 'NONE', *, *, #402, .T. ) ;
#4895 = CARTESIAN_POINT ( 'NONE',  ( -74.43749999996866507, -4.758722840905002194, -40.25769145387477721 ) ) ;
#4896 = ORIENTED_EDGE ( 'NONE', *, *, #6966, .F. ) ;
#4897 = EDGE_CURVE ( 'NONE', #10888, #9462, #9627, .T. ) ;
#4898 = CARTESIAN_POINT ( 'NONE',  ( -50.48689872104515075, 95.63999999999417412, -2.374168628343574117 ) ) ;
#4899 = ORIENTED_EDGE ( 'NONE', *, *, #9186, .T. ) ;
#4900 = ORIENTED_EDGE ( 'NONE', *, *, #4842, .T. ) ;
#4901 = CARTESIAN_POINT ( 'NONE',  ( 82.55000000000002558, 53.93999999999999062, -5.257691453874763887 ) ) ;
#4902 = CARTESIAN_POINT ( 'NONE',  ( -11.25499999999998302, -27.00000000000000355, 2.042308546125238600 ) ) ;
#4903 = VECTOR ( 'NONE', #6823, 1000.000000000000000 ) ;
#4904 = CARTESIAN_POINT ( 'NONE',  ( -5.693303077000391177, 124.8258398792882247, 31.95671644729826255 ) ) ;
#4905 = EDGE_CURVE ( 'NONE', #167, #7327, #10665, .T. ) ;
#4906 = ORIENTED_EDGE ( 'NONE', *, *, #9352, .T. ) ;
#4907 = DIRECTION ( 'NONE',  ( -1.075621078440237758E-16, 0.7071063548969729329, -0.7071072074758651960 ) ) ;
#4908 = CARTESIAN_POINT ( 'NONE',  ( -33.55000000000002558, 91.50000000000000000, 22.30467496797187010 ) ) ;
#4909 = ORIENTED_EDGE ( 'NONE', *, *, #10254, .F. ) ;
#4910 = CARTESIAN_POINT ( 'NONE',  ( 42.28858522300535583, 97.50000000000000000, 22.30467496797187010 ) ) ;
#4911 = EDGE_CURVE ( 'NONE', #3708, #923, #6129, .T. ) ;
#4912 =( GEOMETRIC_REPRESENTATION_CONTEXT ( 3 ) GLOBAL_UNCERTAINTY_ASSIGNED_CONTEXT ( ( #7717 ) ) GLOBAL_UNIT_ASSIGNED_CONTEXT ( ( #5798, #3255, #639 ) ) REPRESENTATION_CONTEXT ( 'NONE', 'WORKASPACE' ) );
#4913 = ORIENTED_EDGE ( 'NONE', *, *, #9484, .T. ) ;
#4914 = ORIENTED_EDGE ( 'NONE', *, *, #7102, .T. ) ;
#4915 = VECTOR ( 'NONE', #4382, 1000.000000000000000 ) ;
#4916 = ORIENTED_EDGE ( 'NONE', *, *, #3587, .F. ) ;
#4917 = LINE ( 'NONE', #1404, #9944 ) ;
#4918 = DIRECTION ( 'NONE',  ( -1.000000000000000000, 0.000000000000000000, 0.000000000000000000 ) ) ;
#4919 = EDGE_CURVE ( 'NONE', #5884, #2862, #7057, .T. ) ;
#4920 = CARTESIAN_POINT ( 'NONE',  ( 74.43750000000001421, -4.758722840905003082, -32.75769145387477721 ) ) ;
#4921 = DIRECTION ( 'NONE',  ( -6.697463681984793185E-14, 0.000000000000000000, -1.000000000000000000 ) ) ;
#4922 = CARTESIAN_POINT ( 'NONE',  ( 67.12499999999998579, 104.8258398792882247, 42.90000000000004121 ) ) ;
#4923 = CARTESIAN_POINT ( 'NONE',  ( -2.629020911857209811E-15, 69.46500000000000341, -29.66122071973760654 ) ) ;
#4924 = AXIS2_PLACEMENT_3D ( 'NONE', #2233, #5684, #579 ) ;
#4925 = CARTESIAN_POINT ( 'NONE',  ( 53.40689872104514535, 95.63999999999417412, -7.959769997217391868 ) ) ;
#4926 = ORIENTED_EDGE ( 'NONE', *, *, #7896, .F. ) ;
#4927 = VERTEX_POINT ( 'NONE', #5977 ) ;
#4928 = AXIS2_PLACEMENT_3D ( 'NONE', #4171, #3379, #7643 ) ;
#4929 = AXIS2_PLACEMENT_3D ( 'NONE', #6637, #10849, #3979 ) ;
#4930 = CARTESIAN_POINT ( 'NONE',  ( 5.415018576108158399, 119.8271570027549444, -20.03649027154900963 ) ) ;
#4931 = DIRECTION ( 'NONE',  ( 0.000000000000000000, 0.000000000000000000, -1.000000000000000000 ) ) ;
#4932 = LINE ( 'NONE', #1597, #9811 ) ;
#4933 = DIRECTION ( 'NONE',  ( 0.000000000000000000, 7.709882115452476934E-17, -1.000000000000000000 ) ) ;
#4934 = VERTEX_POINT ( 'NONE', #1682 ) ;
#4935 = CARTESIAN_POINT ( 'NONE',  ( 77.61250000000001137, 82.35514882866895903, -32.75769145387477010 ) ) ;
#4936 = ORIENTED_EDGE ( 'NONE', *, *, #5018, .T. ) ;
#4937 = ORIENTED_EDGE ( 'NONE', *, *, #3848, .T. ) ;
#4938 = LINE ( 'NONE', #4193, #972 ) ;
#4939 = EDGE_CURVE ( 'NONE', #10180, #2003, #7951, .T. ) ;
#4940 = DIRECTION ( 'NONE',  ( -0.000000000000000000, -1.000000000000000000, -0.000000000000000000 ) ) ;
#4941 = CARTESIAN_POINT ( 'NONE',  ( -4.167096163598520420, 119.8370416424499609, -20.03649027154900608 ) ) ;
#4942 = DIRECTION ( 'NONE',  ( 0.000000000000000000, 0.000000000000000000, 1.000000000000000000 ) ) ;
#4943 = CARTESIAN_POINT ( 'NONE',  ( -74.43749999996865085, 82.35514882866895903, -32.75769145387477010 ) ) ;
#4944 = CARTESIAN_POINT ( 'NONE',  ( 11.25500000000000433, -27.00000000000000355, 13.89999999999999680 ) ) ;
#4945 = PLANE ( 'NONE',  #1917 ) ;
#4946 = CARTESIAN_POINT ( 'NONE',  ( -33.11067117007558380, 97.50000000000000000, 18.79370330280937651 ) ) ;
#4947 = ORIENTED_EDGE ( 'NONE', *, *, #756, .T. ) ;
#4948 = ORIENTED_EDGE ( 'NONE', *, *, #5770, .F. ) ;
#4949 = VECTOR ( 'NONE', #9534, 1000.000000000000000 ) ;
#4950 = ORIENTED_EDGE ( 'NONE', *, *, #47, .F. ) ;
#4951 = EDGE_CURVE ( 'NONE', #804, #9909, #2585, .T. ) ;
#4952 = ORIENTED_EDGE ( 'NONE', *, *, #5918, .F. ) ;
#4953 = CARTESIAN_POINT ( 'NONE',  ( -74.43749999996865085, -4.758722840905002194, -40.25769145387477721 ) ) ;
#4954 = DIRECTION ( 'NONE',  ( -6.544275553939909236E-12, 0.000000000000000000, -1.000000000000000000 ) ) ;
#4955 = AXIS2_PLACEMENT_3D ( 'NONE', #4901, #585, #4047 ) ;
#4956 = VECTOR ( 'NONE', #3122, 1000.000000000000000 ) ;
#4957 = CARTESIAN_POINT ( 'NONE',  ( -8.300429496927835160, 99.82583987928822467, 1.150873398797555902 ) ) ;
#4958 = ORIENTED_EDGE ( 'NONE', *, *, #1230, .T. ) ;
#4959 = CARTESIAN_POINT ( 'NONE',  ( -67.12500000000000000, 104.8258398792882247, 40.40000000000004832 ) ) ;
#4960 = CARTESIAN_POINT ( 'NONE',  ( -5.000429496931848128, 119.8301161607049750, 31.89999999999999147 ) ) ;
#4961 = APPLICATION_CONTEXT ( 'automotive_design' ) ;
#4962 = EDGE_LOOP ( 'NONE', ( #5914, #6098, #10869, #712 ) ) ;
#4963 = CARTESIAN_POINT ( 'NONE',  ( -43.40689872104514535, 74.78999999999417980, -22.77998592831961133 ) ) ;
#4964 = ORIENTED_EDGE ( 'NONE', *, *, #4615, .F. ) ;
#4965 = VERTEX_POINT ( 'NONE', #1961 ) ;
#4966 = EDGE_CURVE ( 'NONE', #8087, #9508, #3818, .T. ) ;
#4967 = AXIS2_PLACEMENT_3D ( 'NONE', #2164, #6290, #9081 ) ;
#4968 = EDGE_CURVE ( 'NONE', #8629, #8217, #3879, .T. ) ;
#4969 = ORIENTED_EDGE ( 'NONE', *, *, #1161, .T. ) ;
#4970 = CARTESIAN_POINT ( 'NONE',  ( -30.00042949693185079, 110.8258398792882247, 4.963509728450992142 ) ) ;
#4971 = EDGE_CURVE ( 'NONE', #3785, #1396, #9031, .T. ) ;
#4972 = EDGE_CURVE ( 'NONE', #3202, #8328, #6432, .T. ) ;
#4973 = LINE ( 'NONE', #10242, #1248 ) ;
#4974 = CARTESIAN_POINT ( 'NONE',  ( -4.248283027339765816, 124.4763563714720078, 36.89999999999998437 ) ) ;
#4975 = LINE ( 'NONE', #10881, #9161 ) ;
#4976 = CIRCLE ( 'NONE', #10406, 1.000000000000000888 ) ;
#4977 = CARTESIAN_POINT ( 'NONE',  ( 76.81501998216515403, 5.099999999999999645, 17.92115427298595876 ) ) ;
#4978 = DIRECTION ( 'NONE',  ( 0.000000000000000000, 0.000000000000000000, 1.000000000000000000 ) ) ;
#4979 = DIRECTION ( 'NONE',  ( -1.000000000000000000, 0.000000000000000000, 1.527355698137925406E-16 ) ) ;
#4980 = ORIENTED_EDGE ( 'NONE', *, *, #4167, .F. ) ;
#4981 = ORIENTED_EDGE ( 'NONE', *, *, #10730, .T. ) ;
#4982 = ORIENTED_EDGE ( 'NONE', *, *, #1793, .F. ) ;
#4983 = EDGE_CURVE ( 'NONE', #7850, #7718, #5412, .T. ) ;
#4984 = ADVANCED_FACE ( 'NONE', ( #4502 ), #8889, .F. ) ;
#4985 = VECTOR ( 'NONE', #9629, 1000.000000000000000 ) ;
#4986 = DIRECTION ( 'NONE',  ( 1.000000000000000000, 0.000000000000000000, 0.000000000000000000 ) ) ;
#4987 = DIRECTION ( 'NONE',  ( 0.000000000000000000, -1.365923996832131116E-16, -1.000000000000000000 ) ) ;
#4988 = PLANE ( 'NONE',  #10212 ) ;
#4989 = CARTESIAN_POINT ( 'NONE',  ( 5.444453811382221176, 124.6975286209352021, -20.03580878106256336 ) ) ;
#4990 = CARTESIAN_POINT ( 'NONE',  ( -25.00042949693185079, 124.8258398792882247, 4.963509728450992142 ) ) ;
#4991 = CARTESIAN_POINT ( 'NONE',  ( -6.246895457860698997, 119.8258398792882105, -20.00539738836623016 ) ) ;
#4992 = CARTESIAN_POINT ( 'NONE',  ( -67.12500000000000000, 104.8258398792882247, 37.90000000000004121 ) ) ;
#4993 = CARTESIAN_POINT ( 'NONE',  ( -81.84979246179028678, 53.93999999999999062, -5.257691453874763887 ) ) ;
#4994 = ORIENTED_EDGE ( 'NONE', *, *, #4196, .T. ) ;
#4995 = VECTOR ( 'NONE', #174, 1000.000000000000000 ) ;
#4996 = EDGE_LOOP ( 'NONE', ( #4496, #7077, #2362, #6147, #6736, #3095 ) ) ;
#4997 = VERTEX_POINT ( 'NONE', #8828 ) ;
#4998 = DIRECTION ( 'NONE',  ( 0.000000000000000000, 0.5735764363510428288, -0.8191520442889941300 ) ) ;
#4999 = VERTEX_POINT ( 'NONE', #1904 ) ;
#5000 = AXIS2_PLACEMENT_3D ( 'NONE', #3623, #2780, #5208 ) ;
#5001 = LINE ( 'NONE', #8476, #699 ) ;
#5002 = CARTESIAN_POINT ( 'NONE',  ( -0.8339960378707379496, 119.8799349733040032, 36.89999999999998437 ) ) ;
#5003 = CARTESIAN_POINT ( 'NONE',  ( 31.40689872104514180, 97.50000000000000000, 22.30467496797187010 ) ) ;
#5004 = LINE ( 'NONE', #7820, #8220 ) ;
#5005 = CARTESIAN_POINT ( 'NONE',  ( -82.54999999999999716, 109.8258398792882247, -22.92957932766295670 ) ) ;
#5006 = LINE ( 'NONE', #802, #6604 ) ;
#5007 = CARTESIAN_POINT ( 'NONE',  ( 77.61250000000001137, 69.46500000000000341, 22.30467496797186655 ) ) ;
#5008 = EDGE_LOOP ( 'NONE', ( #2019, #2454, #9307, #3357 ) ) ;
#5009 = APPLICATION_PROTOCOL_DEFINITION ( 'draft international standard', 'automotive_design', 1998, #687 ) ;
#5010 = ORIENTED_EDGE ( 'NONE', *, *, #1234, .T. ) ;
#5011 = VECTOR ( 'NONE', #10122, 1000.000000000000000 ) ;
#5012 = VERTEX_POINT ( 'NONE', #6375 ) ;
#5013 = VERTEX_POINT ( 'NONE', #3663 ) ;
#5014 = DIRECTION ( 'NONE',  ( 1.218707698843631781E-16, 0.000000000000000000, 1.000000000000000000 ) ) ;
#5015 = LINE ( 'NONE', #5912, #7644 ) ;
#5016 = PLANE ( 'NONE',  #9636 ) ;
#5017 = EDGE_LOOP ( 'NONE', ( #1503, #9089 ) ) ;
#5018 = EDGE_CURVE ( 'NONE', #4808, #1667, #5358, .T. ) ;
#5019 = CYLINDRICAL_SURFACE ( 'NONE', #10523, 2.500000000000009326 ) ;
#5020 = CARTESIAN_POINT ( 'NONE',  ( -77.61249999996864801, 66.63999999999998636, -0.2576914538747651640 ) ) ;
#5021 = VERTEX_POINT ( 'NONE', #7982 ) ;
#5022 = CARTESIAN_POINT ( 'NONE',  ( -13.75499999999998479, -24.89937738537090794, 7.542308546125213731 ) ) ;
#5023 = ORIENTED_EDGE ( 'NONE', *, *, #109, .T. ) ;
#5024 = ORIENTED_EDGE ( 'NONE', *, *, #2840, .F. ) ;
#5025 = DIRECTION ( 'NONE',  ( 1.000000000000000000, -1.593062912007103154E-16, -1.228232725407420811E-32 ) ) ;
#5026 = CARTESIAN_POINT ( 'NONE',  ( -11.25499999999998302, 4.249377385370907589, 16.39999999999999858 ) ) ;
#5027 = CARTESIAN_POINT ( 'NONE',  ( -5.461913016039824598, 99.82583987928822467, -1.124087247170217685 ) ) ;
#5028 = DIRECTION ( 'NONE',  ( 0.000000000000000000, -1.000000000000000000, 0.000000000000000000 ) ) ;
#5029 = EDGE_CURVE ( 'NONE', #3209, #4451, #9844, .T. ) ;
#5030 = CYLINDRICAL_SURFACE ( 'NONE', #7278, 1.000000000000000888 ) ;
#5031 = CARTESIAN_POINT ( 'NONE',  ( -50.48689872104515075, 72.67997248461419701, -24.29018084517760911 ) ) ;
#5032 = ADVANCED_FACE ( 'NONE', ( #5524 ), #197, .T. ) ;
#5033 = CARTESIAN_POINT ( 'NONE',  ( 50.48689872104515075, 72.67999878751419374, 2.358530551520389817 ) ) ;
#5034 = ORIENTED_EDGE ( 'NONE', *, *, #3992, .T. ) ;
#5035 = ORIENTED_EDGE ( 'NONE', *, *, #2517, .T. ) ;
#5036 = EDGE_CURVE ( 'NONE', #9223, #1131, #1276, .T. ) ;
#5037 = EDGE_LOOP ( 'NONE', ( #4704, #333, #9962, #7938, #9324, #6997 ) ) ;
#5038 = DIRECTION ( 'NONE',  ( 0.000000000000000000, 1.000000000000000000, 0.000000000000000000 ) ) ;
#5039 = FACE_OUTER_BOUND ( 'NONE', #9563, .T. ) ;
#5040 = LINE ( 'NONE', #3175, #6680 ) ;
#5041 = AXIS2_PLACEMENT_3D ( 'NONE', #4328, #6814, #6027 ) ;
#5042 = FACE_OUTER_BOUND ( 'NONE', #111, .T. ) ;
#5043 = VECTOR ( 'NONE', #6258, 1000.000000000000000 ) ;
#5044 = CARTESIAN_POINT ( 'NONE',  ( -77.61249999996864801, 58.93999999999998352, -0.2576914538747649974 ) ) ;
#5045 = DIRECTION ( 'NONE',  ( 0.000000000000000000, -1.000000000000000000, 0.000000000000000000 ) ) ;
#5046 = EDGE_CURVE ( 'NONE', #3480, #3128, #9897, .T. ) ;
#5047 = EDGE_CURVE ( 'NONE', #3567, #8284, #2512, .T. ) ;
#5048 = ORIENTED_EDGE ( 'NONE', *, *, #5357, .F. ) ;
#5049 = ORIENTED_EDGE ( 'NONE', *, *, #10987, .F. ) ;
#5050 = ORIENTED_EDGE ( 'NONE', *, *, #5930, .T. ) ;
#5051 = EDGE_CURVE ( 'NONE', #10981, #420, #3711, .T. ) ;
#5052 = FACE_OUTER_BOUND ( 'NONE', #3059, .T. ) ;
#5053 = VECTOR ( 'NONE', #2505, 1000.000000000000000 ) ;
#5054 = VECTOR ( 'NONE', #58, 1000.000000000000000 ) ;
#5055 = AXIS2_PLACEMENT_3D ( 'NONE', #8390, #6494, #5539 ) ;
#5056 = EDGE_LOOP ( 'NONE', ( #5522, #9328, #6440, #3073 ) ) ;
#5057 = CARTESIAN_POINT ( 'NONE',  ( 6.267350428395202400, 119.8258398792882105, 36.86783398817240709 ) ) ;
#5058 = DIRECTION ( 'NONE',  ( 0.000000000000000000, 0.000000000000000000, -1.000000000000000000 ) ) ;
#5059 = CYLINDRICAL_SURFACE ( 'NONE', #5615, 2.500000000000000444 ) ;
#5060 = LINE ( 'NONE', #3304, #7597 ) ;
#5061 = CIRCLE ( 'NONE', #4329, 24.20000000000000639 ) ;
#5062 = CARTESIAN_POINT ( 'NONE',  ( 46.58189872104514251, 72.64000000000000057, 19.12967496797186939 ) ) ;
#5063 = VERTEX_POINT ( 'NONE', #9046 ) ;
#5064 = VECTOR ( 'NONE', #8042, 1000.000000000000114 ) ;
#5065 = ORIENTED_EDGE ( 'NONE', *, *, #11221, .F. ) ;
#5066 = ORIENTED_EDGE ( 'NONE', *, *, #8938, .F. ) ;
#5067 = ORIENTED_EDGE ( 'NONE', *, *, #7570, .T. ) ;
#5068 = AXIS2_PLACEMENT_3D ( 'NONE', #7559, #745, #7776 ) ;
#5069 = DIRECTION ( 'NONE',  ( 0.000000000000000000, 1.000000000000000000, 0.000000000000000000 ) ) ;
#5070 = CARTESIAN_POINT ( 'NONE',  ( 50.48689872104515075, 74.78999999999417980, -25.07998592831960849 ) ) ;
#5071 = CARTESIAN_POINT ( 'NONE',  ( 46.58189872104514251, 72.64000000000000057, -7.085838131530381798E-15 ) ) ;
#5072 = EDGE_CURVE ( 'NONE', #5965, #164, #698, .T. ) ;
#5073 = CARTESIAN_POINT ( 'NONE',  ( 13.75500000000000433, -27.00000000000000355, 13.89999999999999680 ) ) ;
#5074 = ORIENTED_EDGE ( 'NONE', *, *, #3632, .T. ) ;
#5075 = CARTESIAN_POINT ( 'NONE',  ( 16.75499999999998124, 6.349999999999999645, 13.89999999999999680 ) ) ;
#5076 = ORIENTED_EDGE ( 'NONE', *, *, #7112, .F. ) ;
#5077 = VERTEX_POINT ( 'NONE', #2022 ) ;
#5078 = EDGE_CURVE ( 'NONE', #1973, #9013, #9595, .T. ) ;
#5079 = VECTOR ( 'NONE', #4120, 1000.000000000000000 ) ;
#5080 = CARTESIAN_POINT ( 'NONE',  ( 0.000000000000000000, 2.628410600250725178E-15, -32.75769145387477721 ) ) ;
#5081 = DIRECTION ( 'NONE',  ( -1.000000000000000000, -1.593062912007103154E-16, -1.228232725407420811E-32 ) ) ;
#5082 = CARTESIAN_POINT ( 'NONE',  ( -5.043514005199860151, 124.8258398792882247, 32.10220843882515140 ) ) ;
#5083 = FACE_BOUND ( 'NONE', #6136, .T. ) ;
#5084 = DIRECTION ( 'NONE',  ( -0.000000000000000000, -1.000000000000000000, -0.000000000000000000 ) ) ;
#5085 = CARTESIAN_POINT ( 'NONE',  ( 50.48689872104515075, 74.97269081489451992, 3.358530552390480040 ) ) ;
#5086 = VECTOR ( 'NONE', #4907, 1000.000000000000000 ) ;
#5087 = CARTESIAN_POINT ( 'NONE',  ( 11.25500000000000433, 4.249377385370907589, 16.39999999999999858 ) ) ;
#5088 = VECTOR ( 'NONE', #7967, 1000.000000000000000 ) ;
#5089 = ORIENTED_EDGE ( 'NONE', *, *, #1733, .F. ) ;
#5090 = DIRECTION ( 'NONE',  ( 1.000000000000000000, 0.000000000000000000, 0.000000000000000000 ) ) ;
#5091 = VERTEX_POINT ( 'NONE', #418 ) ;
#5092 = VERTEX_POINT ( 'NONE', #4612 ) ;
#5093 = EDGE_CURVE ( 'NONE', #7990, #7081, #10515, .T. ) ;
#5094 = PRODUCT_DEFINITION_FORMATION_WITH_SPECIFIED_SOURCE ( 'ANY', '', #5200, .NOT_KNOWN. ) ;
#5095 = VECTOR ( 'NONE', #5429, 1000.000000000000000 ) ;
#5097 = CARTESIAN_POINT ( 'NONE',  ( -0.0004294969318460739593, 109.8258398792882247, 8.433509728450992782 ) ) ;
#5096 = AXIS2_PLACEMENT_3D ( 'NONE', #1043, #9553, #3479 ) ;
#5098 = DIRECTION ( 'NONE',  ( 0.000000000000000000, 0.000000000000000000, 1.000000000000000000 ) ) ;
#5099 = EDGE_CURVE ( 'NONE', #5353, #8535, #2562, .T. ) ;
#5100 = DIRECTION ( 'NONE',  ( -9.343313978921664063E-13, -1.000000000000000000, -7.965314560035518236E-17 ) ) ;
#5101 = CYLINDRICAL_SURFACE ( 'NONE', #10421, 1.000000000000000888 ) ;
#5102 = CARTESIAN_POINT ( 'NONE',  ( 76.81501998216512561, 8.274999999999998579, -0.2788457270140529132 ) ) ;
#5103 = VERTEX_POINT ( 'NONE', #9275 ) ;
#5104 = EDGE_LOOP ( 'NONE', ( #2825, #5436, #3263, #6707 ) ) ;
#5105 = EDGE_LOOP ( 'NONE', ( #6123, #9183, #10209, #2922, #4849, #3382 ) ) ;
#5106 = CYLINDRICAL_SURFACE ( 'NONE', #237, 1.149999999999994804 ) ;
#5107 = CIRCLE ( 'NONE', #568, 25.00000000000000000 ) ;
#5108 = EDGE_CURVE ( 'NONE', #10029, #8611, #4844, .T. ) ;
#5109 = EDGE_CURVE ( 'NONE', #4386, #10262, #9429, .T. ) ;
#5110 = VERTEX_POINT ( 'NONE', #5337 ) ;
#5111 = ADVANCED_FACE ( 'NONE', ( #3953 ), #1883, .F. ) ;
#5112 = DIRECTION ( 'NONE',  ( 1.000000000000000000, 0.000000000000000000, 1.335278419062900361E-16 ) ) ;
#5113 = LINE ( 'NONE', #4253, #1786 ) ;
#5114 = CARTESIAN_POINT ( 'NONE',  ( -4.167128250779221332, 119.8373027819939125, 36.89999999999998437 ) ) ;
#5115 = EDGE_CURVE ( 'NONE', #4333, #7226, #9766, .T. ) ;
#5116 = DIRECTION ( 'NONE',  ( 0.000000000000000000, 1.000000000000000000, -0.000000000000000000 ) ) ;
#5117 = ADVANCED_FACE ( 'NONE', ( #7091 ), #7212, .F. ) ;
#5118 = FACE_OUTER_BOUND ( 'NONE', #8259, .T. ) ;
#5119 = DIRECTION ( 'NONE',  ( 0.000000000000000000, 0.000000000000000000, -1.000000000000000000 ) ) ;
#5120 = ORIENTED_EDGE ( 'NONE', *, *, #2665, .T. ) ;
#5121 = ORIENTED_EDGE ( 'NONE', *, *, #3345, .T. ) ;
#5122 = EDGE_LOOP ( 'NONE', ( #2896, #3609, #10740, #2525 ) ) ;
#5123 = VECTOR ( 'NONE', #4195, 1000.000000000000000 ) ;
#5124 = EDGE_CURVE ( 'NONE', #2371, #2767, #2889, .T. ) ;
#5125 = EDGE_CURVE ( 'NONE', #4104, #10693, #10296, .T. ) ;
#5126 = ORIENTED_EDGE ( 'NONE', *, *, #7734, .F. ) ;
#5127 = CARTESIAN_POINT ( 'NONE',  ( 50.48689872104515075, 78.54000537782802382, -2.374168628343575449 ) ) ;
#5128 = DIRECTION ( 'NONE',  ( 0.000000000000000000, 1.000000000000000000, -0.000000000000000000 ) ) ;
#5129 = CARTESIAN_POINT ( 'NONE',  ( -20.50068315390130635, 96.12583987928823603, 21.29350972844751055 ) ) ;
#5130 = EDGE_LOOP ( 'NONE', ( #10530, #1000, #1415, #1093 ) ) ;
#5131 = AXIS2_PLACEMENT_3D ( 'NONE', #9236, #1471, #4066 ) ;
#5132 = CARTESIAN_POINT ( 'NONE',  ( -23.07862738128467228, 99.82583987928822467, 15.71614540591370890 ) ) ;
#5133 = ORIENTED_EDGE ( 'NONE', *, *, #2056, .T. ) ;
#5134 = LINE ( 'NONE', #6086, #6664 ) ;
#5135 = VERTEX_POINT ( 'NONE', #7154 ) ;
#5136 = ORIENTED_EDGE ( 'NONE', *, *, #5844, .T. ) ;
#5137 = VECTOR ( 'NONE', #8193, 1000.000000000000000 ) ;
#5138 = ORIENTED_EDGE ( 'NONE', *, *, #4192, .T. ) ;
#5139 = AXIS2_PLACEMENT_3D ( 'NONE', #4695, #6456, #9815 ) ;
#5140 = CARTESIAN_POINT ( 'NONE',  ( 50.48689872104515075, 95.63999999999417412, -2.374168628343574117 ) ) ;
#5141 = CARTESIAN_POINT ( 'NONE',  ( -67.12500000000000000, 99.82583987928822467, 40.40000000000004832 ) ) ;
#5142 = CARTESIAN_POINT ( 'NONE',  ( -46.58189872104514251, 72.64000000000000057, -7.085838131530381798E-15 ) ) ;
#5143 = DIRECTION ( 'NONE',  ( -1.000000000000000000, 0.000000000000000000, 0.000000000000000000 ) ) ;
#5144 = CARTESIAN_POINT ( 'NONE',  ( -77.61249999996866222, 69.46499999999998920, 22.30467496797187010 ) ) ;
#5145 = FACE_OUTER_BOUND ( 'NONE', #7624, .T. ) ;
#5146 = DIRECTION ( 'NONE',  ( 0.000000000000000000, -1.000000000000000000, 0.000000000000000000 ) ) ;
#5147 = AXIS2_PLACEMENT_3D ( 'NONE', #10384, #170, #8750 ) ;
#5148 = AXIS2_PLACEMENT_3D ( 'NONE', #1918, #7995, #318 ) ;
#5149 = ORIENTED_EDGE ( 'NONE', *, *, #2838, .T. ) ;
#5150 = VERTEX_POINT ( 'NONE', #2794 ) ;
#5151 = LINE ( 'NONE', #843, #798 ) ;
#5152 = AXIS2_PLACEMENT_3D ( 'NONE', #5835, #7652, #9302 ) ;
#5153 = DIRECTION ( 'NONE',  ( 0.000000000000000000, 0.000000000000000000, -1.000000000000000000 ) ) ;
#5154 = DIRECTION ( 'NONE',  ( -1.000000000000000000, -0.000000000000000000, -0.000000000000000000 ) ) ;
#5155 = CARTESIAN_POINT ( 'NONE',  ( -5.461913016039825486, 99.82583987928823888, -4.426490271388896502 ) ) ;
#5156 = DIRECTION ( 'NONE',  ( 0.000000000000000000, 0.000000000000000000, 1.000000000000000000 ) ) ;
#5157 = CARTESIAN_POINT ( 'NONE',  ( -50.48689872104514365, 74.67980196068272392, -26.29001273249923898 ) ) ;
#5158 = ORIENTED_EDGE ( 'NONE', *, *, #9827, .T. ) ;
#5159 = EDGE_CURVE ( 'NONE', #982, #5745, #8922, .T. ) ;
#5160 = ORIENTED_EDGE ( 'NONE', *, *, #3458, .T. ) ;
#5161 = ORIENTED_EDGE ( 'NONE', *, *, #9589, .T. ) ;
#5162 = VECTOR ( 'NONE', #2890, 1000.000000000000000 ) ;
#5163 = DIRECTION ( 'NONE',  ( 1.000000000000000000, -0.000000000000000000, -0.000000000000000000 ) ) ;
#5164 = DIRECTION ( 'NONE',  ( -1.000000000000000000, 0.000000000000000000, 1.335278419062900361E-16 ) ) ;
#5165 = DIRECTION ( 'NONE',  ( 0.000000000000000000, 1.000000000000000000, 0.000000000000000000 ) ) ;
#5166 = VECTOR ( 'NONE', #6638, 1000.000000000000000 ) ;
#5167 = DIRECTION ( 'NONE',  ( 0.000000000000000000, 1.000000000000000000, 7.965314560035515770E-17 ) ) ;
#5168 = DIRECTION ( 'NONE',  ( -1.066750355020279212E-16, 0.000000000000000000, 1.000000000000000000 ) ) ;
#5169 = EDGE_CURVE ( 'NONE', #2140, #3672, #514, .T. ) ;
#5170 = EDGE_CURVE ( 'NONE', #8989, #10594, #10551, .T. ) ;
#5171 = VERTEX_POINT ( 'NONE', #4588 ) ;
#5172 = ORIENTED_EDGE ( 'NONE', *, *, #5670, .F. ) ;
#5173 = EDGE_CURVE ( 'NONE', #2483, #10029, #10606, .T. ) ;
#5174 = VECTOR ( 'NONE', #7545, 1000.000000000000000 ) ;
#5175 = EDGE_CURVE ( 'NONE', #10817, #488, #8280, .T. ) ;
#5176 = EDGE_LOOP ( 'NONE', ( #6054, #5516, #3238, #7701 ) ) ;
#5177 = DIRECTION ( 'NONE',  ( 1.000000000000000000, 0.000000000000000000, 1.335278419062900361E-16 ) ) ;
#5178 = DIRECTION ( 'NONE',  ( 1.000000000000000000, 0.000000000000000000, 1.335278419062900115E-16 ) ) ;
#5179 = DIRECTION ( 'NONE',  ( -0.7071067811865524577, 0.000000000000000000, 0.7071067811865425767 ) ) ;
#5180 = LINE ( 'NONE', #2574, #2556 ) ;
#5181 = ORIENTED_EDGE ( 'NONE', *, *, #1550, .T. ) ;
#5182 = VECTOR ( 'NONE', #4068, 1000.000000000000000 ) ;
#5183 = DIRECTION ( 'NONE',  ( -0.000000000000000000, -1.000000000000000000, -0.000000000000000000 ) ) ;
#5184 = ADVANCED_FACE ( 'NONE', ( #1092 ), #10026, .F. ) ;
#5185 = ORIENTED_EDGE ( 'NONE', *, *, #3514, .T. ) ;
#5186 = CARTESIAN_POINT ( 'NONE',  ( -54.81500000380517434, 8.274999999999998579, 19.62115427306273219 ) ) ;
#5187 = EDGE_CURVE ( 'NONE', #504, #9528, #4480, .T. ) ;
#5188 = ORIENTED_EDGE ( 'NONE', *, *, #3840, .T. ) ;
#5189 = EDGE_CURVE ( 'NONE', #4766, #8418, #8810, .T. ) ;
#5190 = ORIENTED_EDGE ( 'NONE', *, *, #1350, .F. ) ;
#5191 = ORIENTED_EDGE ( 'NONE', *, *, #3195, .F. ) ;
#5192 = PLANE ( 'NONE',  #4759 ) ;
#5193 = DIRECTION ( 'NONE',  ( 1.593062912007103154E-16, -1.000000000000000000, 0.000000000000000000 ) ) ;
#5194 = FACE_OUTER_BOUND ( 'NONE', #7371, .T. ) ;
#5195 = CARTESIAN_POINT ( 'NONE',  ( -46.58189872104514251, 72.64000000000000057, -2.374168628343575449 ) ) ;
#5196 = ORIENTED_EDGE ( 'NONE', *, *, #9102, .T. ) ;
#5197 = CARTESIAN_POINT ( 'NONE',  ( -69.20000000000000284, -4.758722840904999529, -3.738845726937389813 ) ) ;
#5198 = CARTESIAN_POINT ( 'NONE',  ( -76.81501998216515403, 8.274999999999998579, 20.22115427298596302 ) ) ;
#5199 = FACE_OUTER_BOUND ( 'NONE', #10055, .T. ) ;
#5200 = PRODUCT ( 'Chassis', 'Chassis', '', ( #1502 ) ) ;
#5201 = ORIENTED_EDGE ( 'NONE', *, *, #4486, .T. ) ;
#5202 = ORIENTED_EDGE ( 'NONE', *, *, #7076, .T. ) ;
#5203 = ORIENTED_EDGE ( 'NONE', *, *, #124, .F. ) ;
#5204 = CARTESIAN_POINT ( 'NONE',  ( 32.54999999999999716, 92.00000000000000000, 22.30467496797187010 ) ) ;
#5205 = CARTESIAN_POINT ( 'NONE',  ( 76.81501998216512561, 5.099999999999999645, -1.428845727014055988 ) ) ;
#5206 = DIRECTION ( 'NONE',  ( 1.000000000000000000, 0.000000000000000000, 9.645899640478401470E-17 ) ) ;
#5207 = DIRECTION ( 'NONE',  ( 0.000000000000000000, 0.9999999829769944393, 0.0001845156108989498935 ) ) ;
#5208 = DIRECTION ( 'NONE',  ( 0.000000000000000000, 0.000000000000000000, 1.000000000000000000 ) ) ;
#5209 = EDGE_CURVE ( 'NONE', #11078, #1363, #7950, .T. ) ;
#5210 = VERTEX_POINT ( 'NONE', #9764 ) ;
#5211 = DIRECTION ( 'NONE',  ( 0.000000000000000000, 1.000000000000000000, 0.000000000000000000 ) ) ;
#5212 = CARTESIAN_POINT ( 'NONE',  ( -1.667096150710902336, 119.8722550520622292, -20.03649027154900253 ) ) ;
#5213 = EDGE_LOOP ( 'NONE', ( #752, #5196, #261, #5592 ) ) ;
#5214 = ORIENTED_EDGE ( 'NONE', *, *, #7709, .T. ) ;
#5215 = CARTESIAN_POINT ( 'NONE',  ( -8.300429496984964572, 99.82583987928822467, 19.83350972839287607 ) ) ;
#5216 = ORIENTED_EDGE ( 'NONE', *, *, #10214, .F. ) ;
#5217 = VECTOR ( 'NONE', #2417, 1000.000000000000000 ) ;
#5218 = VECTOR ( 'NONE', #8192, 1000.000000000000000 ) ;
#5219 = EDGE_CURVE ( 'NONE', #365, #6573, #5061, .T. ) ;
#5220 = DIRECTION ( 'NONE',  ( -0.9999999999984094945, 0.000000000000000000, -1.783514045278184224E-06 ) ) ;
#5221 = DIRECTION ( 'NONE',  ( 0.000000000000000000, 0.000000000000000000, -1.000000000000000000 ) ) ;
#5222 = CARTESIAN_POINT ( 'NONE',  ( -81.84979246179028678, 58.93999999999998352, 10.39999999999999503 ) ) ;
#5223 = FACE_OUTER_BOUND ( 'NONE', #10855, .T. ) ;
#5224 = ORIENTED_EDGE ( 'NONE', *, *, #1080, .T. ) ;
#5225 = AXIS2_PLACEMENT_3D ( 'NONE', #1581, #3160, #1352 ) ;
#5226 = ORIENTED_EDGE ( 'NONE', *, *, #2873, .T. ) ;
#5227 = VECTOR ( 'NONE', #135, 1000.000000000000000 ) ;
#5228 = VECTOR ( 'NONE', #281, 1000.000000000000000 ) ;
#5229 = ORIENTED_EDGE ( 'NONE', *, *, #7961, .F. ) ;
#5230 = ORIENTED_EDGE ( 'NONE', *, *, #4968, .F. ) ;
#5231 = EDGE_CURVE ( 'NONE', #4736, #5299, #7026, .T. ) ;
#5232 = LINE ( 'NONE', #5342, #5685 ) ;
#5233 = LINE ( 'NONE', #7843, #2713 ) ;
#5234 = CIRCLE ( 'NONE', #344, 1.149999999999999467 ) ;
#5235 = CARTESIAN_POINT ( 'NONE',  ( 82.54999999999999716, 53.93999999999999062, 5.399999999999993250 ) ) ;
#5236 = ORIENTED_EDGE ( 'NONE', *, *, #3584, .F. ) ;
#5237 = EDGE_CURVE ( 'NONE', #9592, #4809, #8862, .T. ) ;
#5238 = DIRECTION ( 'NONE',  ( 0.000000000000000000, 0.000000000000000000, 1.000000000000000000 ) ) ;
#5239 = LINE ( 'NONE', #8543, #9747 ) ;
#5240 = ORIENTED_EDGE ( 'NONE', *, *, #2612, .F. ) ;
#5241 = DIRECTION ( 'NONE',  ( 0.000000000000000000, 1.000000000000000000, 0.000000000000000000 ) ) ;
#5242 = AXIS2_PLACEMENT_3D ( 'NONE', #10297, #4979, #8562 ) ;
#5243 = ORIENTED_EDGE ( 'NONE', *, *, #260, .T. ) ;
#5244 = CIRCLE ( 'NONE', #2523, 24.20000000000000639 ) ;
#5245 = ORIENTED_EDGE ( 'NONE', *, *, #7794, .T. ) ;
#5246 = DIRECTION ( 'NONE',  ( 0.000000000000000000, 0.000000000000000000, -1.000000000000000000 ) ) ;
#5247 = EDGE_CURVE ( 'NONE', #9, #94, #2318, .T. ) ;
#5248 = CARTESIAN_POINT ( 'NONE',  ( -23.90689872104513469, 90.00000000000000000, 21.29350972844879308 ) ) ;
#5249 = AXIS2_PLACEMENT_3D ( 'NONE', #8532, #4369, #8583 ) ;
#5250 = CARTESIAN_POINT ( 'NONE',  ( 52.36501998304115091, 8.274999999999998579, 19.07115427297831900 ) ) ;
#5251 = CARTESIAN_POINT ( 'NONE',  ( -2.629020911857209811E-15, 90.00000000000000000, -29.66122071973760654 ) ) ;
#5252 = ORIENTED_EDGE ( 'NONE', *, *, #9151, .T. ) ;
#5253 = EDGE_CURVE ( 'NONE', #3209, #5842, #4069, .T. ) ;
#5254 = DIRECTION ( 'NONE',  ( 1.000000000000000000, 0.000000000000000000, 0.000000000000000000 ) ) ;
#5255 = CARTESIAN_POINT ( 'NONE',  ( -29.00042949698513439, 96.12583987928823603, 18.68350972833517432 ) ) ;
#5256 = DIRECTION ( 'NONE',  ( -1.000000000000000000, 0.000000000000000000, 1.335278419062900361E-16 ) ) ;
#5257 = B_SPLINE_CURVE_WITH_KNOTS ( 'NONE', 3,
 ( #7877, #7012, #5270, #4466 ),
 .UNSPECIFIED., .F., .F.,
 ( 4, 4 ),
 ( 0.000000000000000000, 0.001246860561844825681 ),
 .UNSPECIFIED. ) ;
#5258 = VERTEX_POINT ( 'NONE', #1638 ) ;
#5259 = ORIENTED_EDGE ( 'NONE', *, *, #8455, .T. ) ;
#5260 = EDGE_LOOP ( 'NONE', ( #4348, #7438, #6696, #10571 ) ) ;
#5261 = EDGE_CURVE ( 'NONE', #4934, #11010, #11051, .T. ) ;
#5262 = FACE_OUTER_BOUND ( 'NONE', #1226, .T. ) ;
#5263 = EDGE_CURVE ( 'NONE', #2076, #6313, #2536, .T. ) ;
#5264 = CARTESIAN_POINT ( 'NONE',  ( 61.59000000000155950, 8.274999999999998579, 19.62115427306273219 ) ) ;
#5265 = CARTESIAN_POINT ( 'NONE',  ( -79.37499999999997158, 10.00000000000000000, -3.738845726937389813 ) ) ;
#5266 = DIRECTION ( 'NONE',  ( -0.7071067811865426878, 0.000000000000000000, 0.7071067811865524577 ) ) ;
#5267 = CARTESIAN_POINT ( 'NONE',  ( 24.99957050306814210, 119.8258398792882105, 11.89999999999998437 ) ) ;
#5268 = DIRECTION ( 'NONE',  ( -1.000000000000000000, 0.000000000000000000, 0.000000000000000000 ) ) ;
#5269 = EDGE_LOOP ( 'NONE', ( #10334, #1614, #3890, #1211 ) ) ;
#5270 = CARTESIAN_POINT ( 'NONE',  ( -5.416171902663871940, 119.8271550059586588, -20.03649027154900963 ) ) ;
#5271 = VERTEX_POINT ( 'NONE', #5929 ) ;
#5272 = ORIENTED_EDGE ( 'NONE', *, *, #11017, .T. ) ;
#5273 = DIRECTION ( 'NONE',  ( 1.000000000000000000, -0.000000000000000000, -1.335278419062900115E-16 ) ) ;
#5274 = AXIS2_PLACEMENT_3D ( 'NONE', #6023, #9501, #4273 ) ;
#5275 = VECTOR ( 'NONE', #2491, 1000.000000000000000 ) ;
#5276 = ORIENTED_EDGE ( 'NONE', *, *, #8246, .T. ) ;
#5277 = VECTOR ( 'NONE', #5528, 1000.000000000000114 ) ;
#5278 = CARTESIAN_POINT ( 'NONE',  ( -50.48689872104515075, 97.40000406513270548, -24.18005742219565946 ) ) ;
#5279 = DIRECTION ( 'NONE',  ( 1.000000000000000000, 0.000000000000000000, 0.000000000000000000 ) ) ;
#5280 = DIRECTION ( 'NONE',  ( 0.000000000000000000, 1.000000000000000000, 0.000000000000000000 ) ) ;
#5281 = CARTESIAN_POINT ( 'NONE',  ( -32.55000000000002558, 98.32583987928822467, 33.89999999999999147 ) ) ;
#5282 = CARTESIAN_POINT ( 'NONE',  ( -50.48689872104515075, 75.48946397805705999, -21.83805926787198715 ) ) ;
#5283 = ORIENTED_EDGE ( 'NONE', *, *, #202, .T. ) ;
#5284 = AXIS2_PLACEMENT_3D ( 'NONE', #4658, #5636, #1959 ) ;
#5285 = VERTEX_POINT ( 'NONE', #9346 ) ;
#5286 = ORIENTED_EDGE ( 'NONE', *, *, #8967, .T. ) ;
#5287 = CIRCLE ( 'NONE', #4711, 5.000000000000000000 ) ;
#5288 = AXIS2_PLACEMENT_3D ( 'NONE', #8134, #2009, #348 ) ;
#5289 = DIRECTION ( 'NONE',  ( -0.7071067811865524577, 0.7071067811865425767, 0.000000000000000000 ) ) ;
#5290 = CARTESIAN_POINT ( 'NONE',  ( 6.616786963295012924, 79.82583987928821045, 18.79370979928978969 ) ) ;
#5291 = FACE_OUTER_BOUND ( 'NONE', #1111, .T. ) ;
#5292 = ORIENTED_EDGE ( 'NONE', *, *, #1167, .T. ) ;
#5293 = DIRECTION ( 'NONE',  ( 0.000000000000000000, 0.9999999829769944393, 0.0001845156108989498935 ) ) ;
#5294 = EDGE_LOOP ( 'NONE', ( #5856, #4056, #9278, #1229 ) ) ;
#5295 = DIRECTION ( 'NONE',  ( -1.000000000000000000, -0.000000000000000000, 1.335278419062900115E-16 ) ) ;
#5296 = ADVANCED_FACE ( 'NONE', ( #608 ), #7700, .T. ) ;
#5297 = ORIENTED_EDGE ( 'NONE', *, *, #6340, .F. ) ;
#5298 = EDGE_LOOP ( 'NONE', ( #4853, #9919, #4575, #8642 ) ) ;
#5299 = VERTEX_POINT ( 'NONE', #5087 ) ;
#5300 = LINE ( 'NONE', #8827, #6203 ) ;
#5301 = CARTESIAN_POINT ( 'NONE',  ( 33.54999999999999716, 96.82583987928822467, 22.30467496797187010 ) ) ;
#5302 = CARTESIAN_POINT ( 'NONE',  ( -0.1327752523027176945, 96.12583987928823603, 8.433509402387802112 ) ) ;
#5303 = VERTEX_POINT ( 'NONE', #8507 ) ;
#5304 = DIRECTION ( 'NONE',  ( 0.000000000000000000, -0.7213349599943349455, -0.6925863668092024916 ) ) ;
#5305 = CARTESIAN_POINT ( 'NONE',  ( -50.48689872104514365, 95.20641123616282187, -26.28622525258461451 ) ) ;
#5306 = DIRECTION ( 'NONE',  ( -0.000000000000000000, 1.000000000000000000, -0.000000000000000000 ) ) ;
#5307 = LINE ( 'NONE', #4400, #7604 ) ;
#5308 = EDGE_CURVE ( 'NONE', #10900, #4021, #4174, .T. ) ;
#5309 = ORIENTED_EDGE ( 'NONE', *, *, #2866, .F. ) ;
#5310 = ORIENTED_EDGE ( 'NONE', *, *, #459, .T. ) ;
#5311 = VECTOR ( 'NONE', #7506, 1000.000000000000000 ) ;
#5312 = ADVANCED_FACE ( 'NONE', ( #1532 ), #4865, .F. ) ;
#5313 = EDGE_CURVE ( 'NONE', #5566, #1318, #11044, .T. ) ;
#5314 = CARTESIAN_POINT ( 'NONE',  ( -8.300429496984964572, 99.82583987928822467, 17.53350972839287181 ) ) ;
#5315 = DIRECTION ( 'NONE',  ( -0.000000000000000000, 0.8191520442889929088, 0.5735764363510444941 ) ) ;
#5316 = CYLINDRICAL_SURFACE ( 'NONE', #9154, 2.499999999999995115 ) ;
#5317 = LINE ( 'NONE', #10162, #10744 ) ;
#5318 = VECTOR ( 'NONE', #4416, 1000.000000000000000 ) ;
#5319 = DIRECTION ( 'NONE',  ( -0.000000000000000000, -1.000000000000000000, -0.000000000000000000 ) ) ;
#5320 = AXIS2_PLACEMENT_3D ( 'NONE', #945, #5873, #9450 ) ;
#5321 = CARTESIAN_POINT ( 'NONE',  ( -25.00042949693185079, 119.8258398792882105, 11.89999999999998614 ) ) ;
#5322 = ORIENTED_EDGE ( 'NONE', *, *, #10372, .F. ) ;
#5323 = CARTESIAN_POINT ( 'NONE',  ( -5.423289810404422262, 119.8271986689142636, 36.89999999999999147 ) ) ;
#5324 = EDGE_CURVE ( 'NONE', #7718, #55, #6663, .T. ) ;
#5325 = ORIENTED_EDGE ( 'NONE', *, *, #9149, .T. ) ;
#5326 = EDGE_CURVE ( 'NONE', #5842, #5549, #2430, .T. ) ;
#5327 = ORIENTED_EDGE ( 'NONE', *, *, #7868, .T. ) ;
#5328 = CARTESIAN_POINT ( 'NONE',  ( -1.117740380136122116E-15, 6.349999999999999645, -6.985329661611402230 ) ) ;
#5329 = CIRCLE ( 'NONE', #2982, 1.149999999999998135 ) ;
#5330 = ORIENTED_EDGE ( 'NONE', *, *, #6205, .T. ) ;
#5331 = DIRECTION ( 'NONE',  ( 1.783514045278184436E-06, 0.000000000000000000, -0.9999999999984096055 ) ) ;
#5332 = FACE_OUTER_BOUND ( 'NONE', #10842, .T. ) ;
#5333 = CARTESIAN_POINT ( 'NONE',  ( 50.48689872104515075, 74.78999999999417980, 0.5200140716803901553 ) ) ;
#5334 = LINE ( 'NONE', #3739, #6861 ) ;
#5335 = CARTESIAN_POINT ( 'NONE',  ( 43.40689872104513825, 90.00000000000000000, -29.66122071973760299 ) ) ;
#5336 = ORIENTED_EDGE ( 'NONE', *, *, #855, .F. ) ;
#5337 = CARTESIAN_POINT ( 'NONE',  ( -29.00042949692799965, 99.82583987928822467, -2.616490271664665634 ) ) ;
#5338 = AXIS2_PLACEMENT_3D ( 'NONE', #9249, #8517, #730 ) ;
#5339 = ORIENTED_EDGE ( 'NONE', *, *, #5125, .F. ) ;
#5340 = ORIENTED_EDGE ( 'NONE', *, *, #8111, .F. ) ;
#5341 = CARTESIAN_POINT ( 'NONE',  ( -29.00042949692799965, 99.82583987928822467, -1.816490271664826572 ) ) ;
#5342 = CARTESIAN_POINT ( 'NONE',  ( 50.48689872104515075, 95.10731456396575823, 3.358535111626433700 ) ) ;
#5343 = CARTESIAN_POINT ( 'NONE',  ( 82.54999999999999716, 58.93999999999998352, -5.957898992084490253 ) ) ;
#5344 = DIRECTION ( 'NONE',  ( -1.000000000000000000, 0.000000000000000000, 1.335278419062900361E-16 ) ) ;
#5345 = LINE ( 'NONE', #8596, #9994 ) ;
#5346 = VERTEX_POINT ( 'NONE', #7646 ) ;
#5347 = CARTESIAN_POINT ( 'NONE',  ( 51.69999999999999574, -6.870915176914293987, 63.21800789427800282 ) ) ;
#5348 = CARTESIAN_POINT ( 'NONE',  ( 44.06500000000043826, 8.274999999999998579, 8.821154273062886020 ) ) ;
#5349 = ORIENTED_EDGE ( 'NONE', *, *, #7397, .F. ) ;
#5350 = EDGE_CURVE ( 'NONE', #1048, #6740, #666, .T. ) ;
#5351 = VECTOR ( 'NONE', #4038, 1000.000000000000000 ) ;
#5352 = ORIENTED_EDGE ( 'NONE', *, *, #596, .T. ) ;
#5353 = VERTEX_POINT ( 'NONE', #5767 ) ;
#5354 = ORIENTED_EDGE ( 'NONE', *, *, #7887, .F. ) ;
#5355 = DIRECTION ( 'NONE',  ( 1.000000000000000000, 0.000000000000000000, -0.000000000000000000 ) ) ;
#5356 = AXIS2_PLACEMENT_3D ( 'NONE', #6780, #10077, #10884 ) ;
#5357 = EDGE_CURVE ( 'NONE', #8406, #897, #11105, .T. ) ;
#5358 = LINE ( 'NONE', #8039, #3415 ) ;
#5359 = CYLINDRICAL_SURFACE ( 'NONE', #8713, 1.149999999999999467 ) ;
#5360 = VERTEX_POINT ( 'NONE', #6781 ) ;
#5361 = PLANE ( 'NONE',  #2036 ) ;
#5362 = CARTESIAN_POINT ( 'NONE',  ( 46.58189872104514251, 72.64000000000000057, -2.374168628343575449 ) ) ;
#5363 = CARTESIAN_POINT ( 'NONE',  ( 4.999570503068137661, 119.8299752807307357, -20.03649027154900253 ) ) ;
#5364 = CARTESIAN_POINT ( 'NONE',  ( 81.55000000000001137, 58.93999999999998352, 10.39999999999999503 ) ) ;
#5365 = ORIENTED_EDGE ( 'NONE', *, *, #6481, .F. ) ;
#5366 = ORIENTED_EDGE ( 'NONE', *, *, #8757, .T. ) ;
#5367 = AXIS2_PLACEMENT_3D ( 'NONE', #11160, #1003, #9457 ) ;
#5368 = CARTESIAN_POINT ( 'NONE',  ( -50.48689872104515075, 74.78999999999417980, -25.07998592831960849 ) ) ;
#5369 = ADVANCED_FACE ( 'NONE', ( #4125 ), #10248, .T. ) ;
#5370 = FACE_OUTER_BOUND ( 'NONE', #453, .T. ) ;
#5371 = LINE ( 'NONE', #6218, #5162 ) ;
#5372 = CARTESIAN_POINT ( 'NONE',  ( -8.300429496927989703, 96.12583987928823603, -0.6664902716071350319 ) ) ;
#5373 = DIRECTION ( 'NONE',  ( 1.527355698137925406E-16, 0.000000000000000000, 1.000000000000000000 ) ) ;
#5374 = DIRECTION ( 'NONE',  ( 0.000000000000000000, 0.000000000000000000, 1.000000000000000000 ) ) ;
#5375 = DIRECTION ( 'NONE',  ( -0.000000000000000000, -1.000000000000000000, -0.000000000000000000 ) ) ;
#5376 = EDGE_CURVE ( 'NONE', #9518, #8144, #6612, .T. ) ;
#5377 = ORIENTED_EDGE ( 'NONE', *, *, #9572, .F. ) ;
#5378 = VERTEX_POINT ( 'NONE', #9458 ) ;
#5379 = ORIENTED_EDGE ( 'NONE', *, *, #10420, .T. ) ;
#5380 = LINE ( 'NONE', #3845, #5678 ) ;
#5381 = CARTESIAN_POINT ( 'NONE',  ( 53.05138322153545261, 8.274999999999998579, 15.82115058466708035 ) ) ;
#5382 = EDGE_CURVE ( 'NONE', #9321, #2495, #4017, .T. ) ;
#5383 = CARTESIAN_POINT ( 'NONE',  ( 50.48689872104515075, 72.67999878751419374, 2.358530551520389817 ) ) ;
#5384 = LINE ( 'NONE', #4064, #2921 ) ;
#5385 = DIRECTION ( 'NONE',  ( 0.000000000000000000, -1.000000000000000000, 0.000000000000000000 ) ) ;
#5386 = PLANE ( 'NONE',  #7353 ) ;
#5387 = ORIENTED_EDGE ( 'NONE', *, *, #313, .F. ) ;
#5388 = CARTESIAN_POINT ( 'NONE',  ( -0.0004294969318460739593, 124.8258398792882247, 8.433509728450992782 ) ) ;
#5389 = EDGE_CURVE ( 'NONE', #9015, #10126, #10078, .T. ) ;
#5390 = EDGE_LOOP ( 'NONE', ( #4471, #6874, #10622, #4718 ) ) ;
#5391 = ORIENTED_EDGE ( 'NONE', *, *, #3448, .T. ) ;
#5392 = AXIS2_PLACEMENT_3D ( 'NONE', #4733, #9960, #8157 ) ;
#5393 = LINE ( 'NONE', #8867, #10486 ) ;
#5394 = VECTOR ( 'NONE', #8778, 1000.000000000000000 ) ;
#5395 = CARTESIAN_POINT ( 'NONE',  ( 8.109768608907291565, 90.00000000000000000, 17.30073093263340667 ) ) ;
#5396 = CARTESIAN_POINT ( 'NONE',  ( -50.48689872104515075, 72.67997248461419701, -24.29018084517760911 ) ) ;
#5397 = DIRECTION ( 'NONE',  ( -0.000000000000000000, -1.000000000000000000, -0.000000000000000000 ) ) ;
#5398 = AXIS2_PLACEMENT_3D ( 'NONE', #319, #2148, #5597 ) ;
#5399 = CARTESIAN_POINT ( 'NONE',  ( -50.48689872104515075, 75.48946397805705999, -8.504985928319609201 ) ) ;
#5400 = VECTOR ( 'NONE', #9758, 1000.000000000000000 ) ;
#5401 = CARTESIAN_POINT ( 'NONE',  ( -33.11060426392916156, 96.12583987928823603, -4.426490271141811483 ) ) ;
#5402 = FACE_BOUND ( 'NONE', #5533, .T. ) ;
#5403 = ORIENTED_EDGE ( 'NONE', *, *, #10904, .F. ) ;
#5404 = CARTESIAN_POINT ( 'NONE',  ( 50.48689872104515075, 74.97269081489451992, 3.358530552390480040 ) ) ;
#5405 = DIRECTION ( 'NONE',  ( -0.000000000000000000, -1.000000000000000000, -0.000000000000000000 ) ) ;
#5406 = EDGE_LOOP ( 'NONE', ( #1333, #1621, #10371, #10897 ) ) ;
#5407 = ORIENTED_EDGE ( 'NONE', *, *, #8553, .F. ) ;
#5408 = AXIS2_PLACEMENT_3D ( 'NONE', #3606, #9451, #946 ) ;
#5409 = VERTEX_POINT ( 'NONE', #2707 ) ;
#5410 = VECTOR ( 'NONE', #1056, 1000.000000000000000 ) ;
#5411 = CARTESIAN_POINT ( 'NONE',  ( 13.75500000000000433, 4.249377385370907589, 7.542308546125214619 ) ) ;
#5412 = LINE ( 'NONE', #2985, #3601 ) ;
#5413 = CARTESIAN_POINT ( 'NONE',  ( 82.54999999999999716, 99.82583987928822467, 33.89999999999999147 ) ) ;
#5414 = LINE ( 'NONE', #10689, #10886 ) ;
#5415 = ORIENTED_EDGE ( 'NONE', *, *, #10375, .T. ) ;
#5416 = CARTESIAN_POINT ( 'NONE',  ( -33.11067117007558380, 96.12583987928823603, 21.29350972891239024 ) ) ;
#5417 = DIRECTION ( 'NONE',  ( -0.7071067811865462405, -0.7071067811865489050, -0.000000000000000000 ) ) ;
#5418 = VECTOR ( 'NONE', #1747, 1000.000000000000000 ) ;
#5420 = LINE ( 'NONE', #1343, #10278 ) ;
#5419 = AXIS2_PLACEMENT_3D ( 'NONE', #3123, #9190, #9301 ) ;
#5421 = CIRCLE ( 'NONE', #7780, 2.499806426183644348 ) ;
#5422 = VERTEX_POINT ( 'NONE', #5364 ) ;
#5423 = VERTEX_POINT ( 'NONE', #7126 ) ;
#5424 = ADVANCED_FACE ( 'NONE', ( #9574 ), #3425, .F. ) ;
#5425 = ORIENTED_EDGE ( 'NONE', *, *, #10389, .T. ) ;
#5426 = DIRECTION ( 'NONE',  ( 0.8191520442889939080, -0.5735764363510430508, 0.000000000000000000 ) ) ;
#5427 = DIRECTION ( 'NONE',  ( 1.000000000000000000, 0.000000000000000000, -6.697463681984793185E-14 ) ) ;
#5428 = DIRECTION ( 'NONE',  ( -1.000000000000000000, -0.000000000000000000, -0.000000000000000000 ) ) ;
#5429 = DIRECTION ( 'NONE',  ( 0.000000000000000000, 1.000000000000000000, 0.000000000000000000 ) ) ;
#5430 = DIRECTION ( 'NONE',  ( 1.000000000000000000, 0.000000000000000000, -3.042040291059723567E-16 ) ) ;
#5431 = VERTEX_POINT ( 'NONE', #2651 ) ;
#5432 = ORIENTED_EDGE ( 'NONE', *, *, #5170, .T. ) ;
#5433 = ADVANCED_FACE ( 'NONE', ( #37 ), #10359, .F. ) ;
#5434 = VERTEX_POINT ( 'NONE', #3499 ) ;
#5435 = DIRECTION ( 'NONE',  ( 0.000000000000000000, 1.000000000000000000, 0.000000000000000000 ) ) ;
#5436 = ORIENTED_EDGE ( 'NONE', *, *, #6952, .F. ) ;
#5437 = ADVANCED_FACE ( 'NONE', ( #1912 ), #6947, .F. ) ;
#5439 = CARTESIAN_POINT ( 'NONE',  ( 9.877393833881008334, 99.82583987928819624, -2.201337213713970620 ) ) ;
#5438 = AXIS2_PLACEMENT_3D ( 'NONE', #2646, #6092, #8609 ) ;
#5440 = CARTESIAN_POINT ( 'NONE',  ( 0.000000000000000000, 6.349999999999999645, 0.000000000000000000 ) ) ;
#5441 = LINE ( 'NONE', #1142, #6682 ) ;
#5442 = CARTESIAN_POINT ( 'NONE',  ( 12.14099893161103161, 109.8258398792882247, 36.89999999999997726 ) ) ;
#5443 = EDGE_LOOP ( 'NONE', ( #10142, #6701, #3652, #10553 ) ) ;
#5444 = CARTESIAN_POINT ( 'NONE',  ( 77.61249999999999716, -4.758722840905003082, -32.75769145387477721 ) ) ;
#5445 = VECTOR ( 'NONE', #7043, 1000.000000000000000 ) ;
#5446 = EDGE_LOOP ( 'NONE', ( #5188, #642, #10396, #3810 ) ) ;
#5447 = EDGE_CURVE ( 'NONE', #10775, #6557, #8667, .T. ) ;
#5448 = EDGE_CURVE ( 'NONE', #6489, #8767, #6158, .T. ) ;
#5449 = FACE_OUTER_BOUND ( 'NONE', #7108, .T. ) ;
#5450 = VECTOR ( 'NONE', #1155, 1000.000000000000000 ) ;
#5451 = EDGE_CURVE ( 'NONE', #6870, #11039, #8723, .T. ) ;
#5452 = EDGE_CURVE ( 'NONE', #5800, #11006, #9949, .T. ) ;
#5453 = EDGE_CURVE ( 'NONE', #10693, #7382, #5307, .T. ) ;
#5454 = DIRECTION ( 'NONE',  ( 0.000000000000000000, -0.5283332255394526111, -0.8490371033064914030 ) ) ;
#5455 = CIRCLE ( 'NONE', #3814, 2.500000000000009326 ) ;
#5456 = FACE_OUTER_BOUND ( 'NONE', #2632, .T. ) ;
#5457 = DIRECTION ( 'NONE',  ( 2.244742081187875711E-15, 1.000000000000000000, -0.000000000000000000 ) ) ;
#5458 = AXIS2_PLACEMENT_3D ( 'NONE', #692, #5741, #463 ) ;
#5459 = LINE ( 'NONE', #5195, #8257 ) ;
#5460 = CARTESIAN_POINT ( 'NONE',  ( 74.43750000000001421, 18.85000000000000497, -37.08269145387476584 ) ) ;
#5461 = ORIENTED_EDGE ( 'NONE', *, *, #457, .F. ) ;
#5462 = LINE ( 'NONE', #1046, #9932 ) ;
#5463 = VERTEX_POINT ( 'NONE', #1688 ) ;
#5464 = EDGE_CURVE ( 'NONE', #7518, #9579, #3614, .T. ) ;
#5465 = EDGE_CURVE ( 'NONE', #5431, #4656, #8779, .T. ) ;
#5466 = ORIENTED_EDGE ( 'NONE', *, *, #8093, .T. ) ;
#5467 = EDGE_CURVE ( 'NONE', #4312, #504, #1005, .T. ) ;
#5468 = VECTOR ( 'NONE', #5981, 1000.000000000000000 ) ;
#5469 = CONICAL_SURFACE ( 'NONE', #577, 5.999999999999998224, 0.9599310885968821427 ) ;
#5470 = ORIENTED_EDGE ( 'NONE', *, *, #226, .F. ) ;
#5471 = ORIENTED_EDGE ( 'NONE', *, *, #5781, .T. ) ;
#5472 = CARTESIAN_POINT ( 'NONE',  ( -33.75499999999998124, -27.00000000000000355, -3.738845726937389813 ) ) ;
#5473 = CARTESIAN_POINT ( 'NONE',  ( -30.00042949693185079, 110.8258398792882247, 36.89999999999998437 ) ) ;
#5474 = CARTESIAN_POINT ( 'NONE',  ( -43.40689872104513825, 95.63999999999417412, -7.959769997217391868 ) ) ;
#5475 = DIRECTION ( 'NONE',  ( 0.000000000000000000, 1.000000000000000000, -1.365923996832131116E-16 ) ) ;
#5476 = EDGE_LOOP ( 'NONE', ( #8768, #11036, #6545, #8433 ) ) ;
#5477 = DIRECTION ( 'NONE',  ( -0.000000000000000000, -1.000000000000000000, 1.365923996832131116E-16 ) ) ;
#5478 = DIRECTION ( 'NONE',  ( 0.000000000000000000, 1.000000000000000000, 0.000000000000000000 ) ) ;
#5479 = DIRECTION ( 'NONE',  ( 1.000000000000000000, 0.000000000000000000, 0.000000000000000000 ) ) ;
#5480 = DIRECTION ( 'NONE',  ( 1.000000000000000000, 0.000000000000000000, 1.335278419062900361E-16 ) ) ;
#5481 = ORIENTED_EDGE ( 'NONE', *, *, #1160, .T. ) ;
#5482 = AXIS2_PLACEMENT_3D ( 'NONE', #509, #3074, #5355 ) ;
#5483 = DIRECTION ( 'NONE',  ( 0.000000000000000000, -0.000000000000000000, -1.000000000000000000 ) ) ;
#5484 = CARTESIAN_POINT ( 'NONE',  ( -6.180133445397158809, 110.5899002689743327, 36.89999999999998437 ) ) ;
#5485 = CARTESIAN_POINT ( 'NONE',  ( 0.000000000000000000, 9.393818159531837964, -32.75769145387477721 ) ) ;
#5486 = CARTESIAN_POINT ( 'NONE',  ( -50.48689872104515075, 78.54000537782802382, -2.374168628343575449 ) ) ;
#5487 = DIRECTION ( 'NONE',  ( 0.000000000000000000, -1.000000000000000000, 0.000000000000000000 ) ) ;
#5488 = VECTOR ( 'NONE', #6739, 1000.000000000000000 ) ;
#5489 = ORIENTED_EDGE ( 'NONE', *, *, #6409, .T. ) ;
#5490 = VERTEX_POINT ( 'NONE', #4455 ) ;
#5491 = ORIENTED_EDGE ( 'NONE', *, *, #8324, .T. ) ;
#5492 = CARTESIAN_POINT ( 'NONE',  ( -30.00042949693185079, 110.8258398792882247, -20.03649027154900253 ) ) ;
#5493 = ORIENTED_EDGE ( 'NONE', *, *, #11000, .F. ) ;
#5494 = CARTESIAN_POINT ( 'NONE',  ( 50.48689872104515075, 72.67997248461419701, -24.29018084517760911 ) ) ;
#5495 = AXIS2_PLACEMENT_3D ( 'NONE', #2572, #10558, #1772 ) ;
#5496 = AXIS2_PLACEMENT_3D ( 'NONE', #7249, #9857, #6331 ) ;
#5497 = DIRECTION ( 'NONE',  ( -1.000000000000000000, 0.000000000000000000, 0.000000000000000000 ) ) ;
#5498 = DIRECTION ( 'NONE',  ( -1.000000000000000000, 0.000000000000000000, 1.335278419062900361E-16 ) ) ;
#5499 = EDGE_CURVE ( 'NONE', #2495, #7109, #894, .T. ) ;
#5500 = CARTESIAN_POINT ( 'NONE',  ( -33.55000000000002558, 97.32583987928822467, 33.89999999999999147 ) ) ;
#5501 = FACE_BOUND ( 'NONE', #4701, .T. ) ;
#5502 = VERTEX_POINT ( 'NONE', #4346 ) ;
#5503 = ORIENTED_EDGE ( 'NONE', *, *, #820, .T. ) ;
#5504 = AXIS2_PLACEMENT_3D ( 'NONE', #4092, #6743, #10099 ) ;
#5505 = EDGE_LOOP ( 'NONE', ( #505, #7811, #1427, #826, #9977, #3983, #5821, #3200, #4554, #1769, #7772, #3603, #7144, #246, #9903, #8269, #7826, #3244, #7838, #8782 ) ) ;
#5506 = DIRECTION ( 'NONE',  ( 0.000000000000000000, -5.229285515060565227E-16, 1.000000000000000000 ) ) ;
#5507 = CARTESIAN_POINT ( 'NONE',  ( -69.20000000000000284, 82.35514882866895903, -40.25769145387477010 ) ) ;
#5508 = CARTESIAN_POINT ( 'NONE',  ( -2.554834269181485580E-15, 72.64000000000000057, -26.48622071973760583 ) ) ;
#5509 = VECTOR ( 'NONE', #2427, 1000.000000000000114 ) ;
#5510 = ADVANCED_FACE ( 'NONE', ( #5199 ), #92, .F. ) ;
#5511 = ADVANCED_FACE ( 'NONE', ( #2766 ), #145, .T. ) ;
#5512 = FACE_OUTER_BOUND ( 'NONE', #6641, .T. ) ;
#5513 = CARTESIAN_POINT ( 'NONE',  ( -43.40689872104514535, 95.28999999999417980, -22.77998592831961133 ) ) ;
#5514 = ORIENTED_EDGE ( 'NONE', *, *, #2614, .T. ) ;
#5515 = CARTESIAN_POINT ( 'NONE',  ( 6.267350428395200623, 119.8258398792882105, 36.86783398817240709 ) ) ;
#5516 = ORIENTED_EDGE ( 'NONE', *, *, #271, .F. ) ;
#5517 = EDGE_CURVE ( 'NONE', #7577, #10583, #6211, .T. ) ;
#5518 = ADVANCED_FACE ( 'NONE', ( #11216 ), #3441, .F. ) ;
#5519 = VERTEX_POINT ( 'NONE', #9377 ) ;
#5520 = VECTOR ( 'NONE', #4342, 999.9999999999998863 ) ;
#5521 = ORIENTED_EDGE ( 'NONE', *, *, #540, .F. ) ;
#5522 = ORIENTED_EDGE ( 'NONE', *, *, #3262, .F. ) ;
#5523 = CYLINDRICAL_SURFACE ( 'NONE', #9642, 1.000000000000000888 ) ;
#5524 = FACE_OUTER_BOUND ( 'NONE', #2366, .T. ) ;
#5525 = EDGE_CURVE ( 'NONE', #8511, #7093, #6678, .T. ) ;
#5526 = EDGE_CURVE ( 'NONE', #682, #1673, #5233, .T. ) ;
#5527 = DIRECTION ( 'NONE',  ( 1.000000000000000000, 0.000000000000000000, 1.335278419062900361E-16 ) ) ;
#5528 = DIRECTION ( 'NONE',  ( 0.8191520442889839160, 0.5735764363510573727, 0.000000000000000000 ) ) ;
#5529 = EDGE_LOOP ( 'NONE', ( #9638, #107, #7905, #5330, #5190, #9688, #10745, #4511, #8205, #1145, #5799, #10684 ) ) ;
#5530 = VECTOR ( 'NONE', #10219, 1000.000000000000000 ) ;
#5531 = LINE ( 'NONE', #4619, #1495 ) ;
#5532 = DIRECTION ( 'NONE',  ( 0.000000000000000000, -1.000000000000000000, 0.000000000000000000 ) ) ;
#5533 = EDGE_LOOP ( 'NONE', ( #9662, #3312 ) ) ;
#5534 = CARTESIAN_POINT ( 'NONE',  ( -53.40689872104514535, 74.43999999999417128, -7.959769997217391868 ) ) ;
#5535 = ADVANCED_FACE ( 'NONE', ( #1773 ), #2514, .F. ) ;
#5536 = ORIENTED_EDGE ( 'NONE', *, *, #8876, .F. ) ;
#5537 = VERTEX_POINT ( 'NONE', #4436 ) ;
#5538 = VECTOR ( 'NONE', #10479, 1000.000000000000000 ) ;
#5539 = DIRECTION ( 'NONE',  ( 0.000000000000000000, 0.000000000000000000, 1.000000000000000000 ) ) ;
#5540 = CARTESIAN_POINT ( 'NONE',  ( -46.58189872104514251, 74.67980196068272392, -26.29001273249923898 ) ) ;
#5541 = EDGE_CURVE ( 'NONE', #9015, #1758, #3363, .T. ) ;
#5542 = DIRECTION ( 'NONE',  ( -0.8481145238789871144, 0.000000000000000000, 0.5298129428255965445 ) ) ;
#5543 = ADVANCED_FACE ( 'NONE', ( #1617 ), #5605, .F. ) ;
#5544 = CARTESIAN_POINT ( 'NONE',  ( -5.461913016039825486, 96.12583987928823603, -4.426490271388896502 ) ) ;
#5545 = DIRECTION ( 'NONE',  ( 0.000000000000000000, 0.000000000000000000, 1.000000000000000000 ) ) ;
#5546 = DIRECTION ( 'NONE',  ( 0.000000000000000000, 0.000000000000000000, -1.000000000000000000 ) ) ;
#5547 = CIRCLE ( 'NONE', #6987, 5.000000000000000888 ) ;
#5548 = EDGE_LOOP ( 'NONE', ( #3569, #8307, #3855, #3338, #9159 ) ) ;
#5549 = VERTEX_POINT ( 'NONE', #1671 ) ;
#5550 = ORIENTED_EDGE ( 'NONE', *, *, #6733, .F. ) ;
#5551 = PLANE ( 'NONE',  #9036 ) ;
#5552 = ORIENTED_EDGE ( 'NONE', *, *, #3535, .T. ) ;
#5553 = DIRECTION ( 'NONE',  ( 0.000000000000000000, -1.718887816461048307E-15, 1.000000000000000000 ) ) ;
#5554 = LINE ( 'NONE', #5439, #4140 ) ;
#5555 = LINE ( 'NONE', #7208, #8780 ) ;
#5556 = EDGE_CURVE ( 'NONE', #926, #10149, #8759, .T. ) ;
#5557 = LINE ( 'NONE', #9022, #1265 ) ;
#5558 = FACE_OUTER_BOUND ( 'NONE', #1609, .T. ) ;
#5559 = ORIENTED_EDGE ( 'NONE', *, *, #1234, .F. ) ;
#5560 = ORIENTED_EDGE ( 'NONE', *, *, #3571, .F. ) ;
#5561 = VERTEX_POINT ( 'NONE', #8701 ) ;
#5562 = DIRECTION ( 'NONE',  ( -1.593062912007103154E-16, 1.000000000000000000, 7.965314560035515770E-17 ) ) ;
#5563 = FACE_OUTER_BOUND ( 'NONE', #6482, .T. ) ;
#5564 = DIRECTION ( 'NONE',  ( -1.000000000000000000, 0.000000000000000000, 0.000000000000000000 ) ) ;
#5565 = FACE_OUTER_BOUND ( 'NONE', #11080, .T. ) ;
#5566 = VERTEX_POINT ( 'NONE', #931 ) ;
#5567 = CARTESIAN_POINT ( 'NONE',  ( 29.99957050306813855, 110.8258398792882247, -20.03649027154900608 ) ) ;
#5568 = CARTESIAN_POINT ( 'NONE',  ( -77.61249999996864801, -4.758722840905003082, -32.75769145387477721 ) ) ;
#5569 = ORIENTED_EDGE ( 'NONE', *, *, #3262, .T. ) ;
#5570 = ORIENTED_EDGE ( 'NONE', *, *, #3442, .F. ) ;
#5571 = EDGE_CURVE ( 'NONE', #10786, #3544, #6809, .T. ) ;
#5572 = ORIENTED_EDGE ( 'NONE', *, *, #8654, .F. ) ;
#5573 = VECTOR ( 'NONE', #4790, 1000.000000000000227 ) ;
#5574 = DIRECTION ( 'NONE',  ( -1.000000000000000000, 0.000000000000000000, 1.335278419062900361E-16 ) ) ;
#5575 = AXIS2_PLACEMENT_3D ( 'NONE', #10543, #9598, #6853 ) ;
#5576 = ADVANCED_FACE ( 'NONE', ( #8539 ), #6868, .F. ) ;
#5577 = DIRECTION ( 'NONE',  ( -0.000000000000000000, 1.000000000000000000, -0.000000000000000000 ) ) ;
#5578 = DIRECTION ( 'NONE',  ( 0.000000000000000000, 0.000000000000000000, -1.000000000000000000 ) ) ;
#5579 = LINE ( 'NONE', #8891, #6705 ) ;
#5580 = ORIENTED_EDGE ( 'NONE', *, *, #8394, .T. ) ;
#5581 = CARTESIAN_POINT ( 'NONE',  ( -61.81289880791658931, 8.274999999999998579, 18.26344096711873277 ) ) ;
#5582 = FACE_OUTER_BOUND ( 'NONE', #7111, .T. ) ;
#5583 = LINE ( 'NONE', #423, #1960 ) ;
#5584 = EDGE_LOOP ( 'NONE', ( #7621, #3656, #8354, #5292 ) ) ;
#5585 = CARTESIAN_POINT ( 'NONE',  ( -33.11060426392916156, 97.50000000000000000, -4.426490271141811483 ) ) ;
#5586 = AXIS2_PLACEMENT_3D ( 'NONE', #4556, #2078, #2815 ) ;
#5587 = ORIENTED_EDGE ( 'NONE', *, *, #3866, .F. ) ;
#5588 = AXIS2_PLACEMENT_3D ( 'NONE', #1494, #5901, #1553 ) ;
#5589 = ORIENTED_EDGE ( 'NONE', *, *, #8926, .F. ) ;
#5590 = AXIS2_PLACEMENT_3D ( 'NONE', #2216, #7486, #4986 ) ;
#5591 = EDGE_CURVE ( 'NONE', #1679, #7522, #3478, .T. ) ;
#5592 = ORIENTED_EDGE ( 'NONE', *, *, #3938, .T. ) ;
#5593 = ADVANCED_FACE ( 'NONE', ( #2573 ), #6020, .F. ) ;
#5594 = DIRECTION ( 'NONE',  ( 0.000000000000000000, -0.000000000000000000, 1.000000000000000000 ) ) ;
#5595 = CARTESIAN_POINT ( 'NONE',  ( 77.61249999999999716, 6.349999999999983658, 25.39999999999999858 ) ) ;
#5596 = ADVANCED_FACE ( 'NONE', ( #6984 ), #9497, .F. ) ;
#5597 = DIRECTION ( 'NONE',  ( 0.000000000000000000, 0.000000000000000000, -1.000000000000000000 ) ) ;
#5598 = VECTOR ( 'NONE', #4381, 1000.000000000000000 ) ;
#5599 = CARTESIAN_POINT ( 'NONE',  ( -46.58189872104514251, 75.82810341039572677, 1.983876593815330880 ) ) ;
#5600 = FACE_OUTER_BOUND ( 'NONE', #1317, .T. ) ;
#5601 = LINE ( 'NONE', #6503, #9266 ) ;
#5602 = CARTESIAN_POINT ( 'NONE',  ( 0.000000000000000000, 72.64000000000000057, 22.30467496797187010 ) ) ;
#5603 = EDGE_LOOP ( 'NONE', ( #6395, #9194 ) ) ;
#5604 = EDGE_LOOP ( 'NONE', ( #4524, #9041, #6085, #553, #3068, #10511, #10667, #3626, #4964, #5172 ) ) ;
#5605 = TOROIDAL_SURFACE ( 'NONE', #6321, 26.00000000000000355, 1.000000000000000000 ) ;
#5606 = VERTEX_POINT ( 'NONE', #16 ) ;
#5607 = ADVANCED_FACE ( 'NONE', ( #6080 ), #3589, .T. ) ;
#5608 = AXIS2_PLACEMENT_3D ( 'NONE', #4370, #3528, #4426 ) ;
#5609 = DIRECTION ( 'NONE',  ( 0.000000000000000000, 1.000000000000000000, 0.000000000000000000 ) ) ;
#5610 = ORIENTED_EDGE ( 'NONE', *, *, #5175, .F. ) ;
#5611 = FACE_OUTER_BOUND ( 'NONE', #9836, .T. ) ;
#5612 = LINE ( 'NONE', #7264, #880 ) ;
#5613 = CARTESIAN_POINT ( 'NONE',  ( 77.61250000000001137, 58.93999999999998352, 10.39999999999999503 ) ) ;
#5614 = DIRECTION ( 'NONE',  ( 0.000000000000000000, -0.000000000000000000, -1.000000000000000000 ) ) ;
#5615 = AXIS2_PLACEMENT_3D ( 'NONE', #10440, #5116, #2561 ) ;
#5616 = CARTESIAN_POINT ( 'NONE',  ( 77.61249999999999716, 18.84999999999999787, -24.58269145387476584 ) ) ;
#5617 = ORIENTED_EDGE ( 'NONE', *, *, #9968, .F. ) ;
#5618 = ORIENTED_EDGE ( 'NONE', *, *, #10928, .T. ) ;
#5619 = ORIENTED_EDGE ( 'NONE', *, *, #3117, .F. ) ;
#5620 = DIRECTION ( 'NONE',  ( -0.000000000000000000, -0.000000000000000000, -1.000000000000000000 ) ) ;
#5621 = CARTESIAN_POINT ( 'NONE',  ( 10.60957050304420690, 90.00000000000000000, -0.4337073862334295815 ) ) ;
#5622 = DIRECTION ( 'NONE',  ( 0.000000000000000000, 5.229285515060565227E-16, -1.000000000000000000 ) ) ;
#5623 = CARTESIAN_POINT ( 'NONE',  ( -30.00042949693185079, 119.8258398792882105, 4.963509728450992142 ) ) ;
#5624 = DIRECTION ( 'NONE',  ( 0.000000000000000000, 0.000000000000000000, -1.000000000000000000 ) ) ;
#5625 = CARTESIAN_POINT ( 'NONE',  ( 30.99957050306813855, 109.8258398792882247, 4.963509728450988590 ) ) ;
#5626 = VERTEX_POINT ( 'NONE', #7038 ) ;
#5627 = DIRECTION ( 'NONE',  ( 0.000000000000000000, 0.000000000000000000, -1.000000000000000000 ) ) ;
#5628 = CARTESIAN_POINT ( 'NONE',  ( -23.90689872104513469, 90.00000000000000000, 22.30467496797187010 ) ) ;
#5629 = AXIS2_PLACEMENT_3D ( 'NONE', #4475, #10547, #8223 ) ;
#5630 = DIRECTION ( 'NONE',  ( 1.000000000000000000, 0.000000000000000000, 0.000000000000000000 ) ) ;
#5631 = ORIENTED_EDGE ( 'NONE', *, *, #5072, .F. ) ;
#5632 = VECTOR ( 'NONE', #528, 1000.000000000000000 ) ;
#5633 = AXIS2_PLACEMENT_3D ( 'NONE', #3899, #9067, #7194 ) ;
#5634 = VERTEX_POINT ( 'NONE', #8593 ) ;
#5635 = AXIS2_PLACEMENT_3D ( 'NONE', #3881, #2024, #5475 ) ;
#5636 = DIRECTION ( 'NONE',  ( 0.000000000000000000, 0.000000000000000000, 1.000000000000000000 ) ) ;
#5637 = DIRECTION ( 'NONE',  ( 1.521157000052819462E-16, 9.870233350266327087E-07, 0.9999999999995128341 ) ) ;
#5638 = DIRECTION ( 'NONE',  ( 0.000000000000000000, -0.000000000000000000, 1.000000000000000000 ) ) ;
#5639 = ORIENTED_EDGE ( 'NONE', *, *, #4277, .F. ) ;
#5640 = ADVANCED_FACE ( 'NONE', ( #814 ), #4267, .F. ) ;
#5641 = CARTESIAN_POINT ( 'NONE',  ( 50.48689872104515075, 74.78999999999417980, 0.5200140716803901553 ) ) ;
#5642 = DIRECTION ( 'NONE',  ( 0.000000000000000000, -1.000000000000000000, 0.000000000000000000 ) ) ;
#5643 = ORIENTED_EDGE ( 'NONE', *, *, #4143, .T. ) ;
#5644 = LINE ( 'NONE', #9738, #9576 ) ;
#5645 = AXIS2_PLACEMENT_3D ( 'NONE', #3001, #9861, #2262 ) ;
#5646 = VECTOR ( 'NONE', #10920, 1000.000000000000000 ) ;
#5647 = ORIENTED_EDGE ( 'NONE', *, *, #10806, .F. ) ;
#5648 = ORIENTED_EDGE ( 'NONE', *, *, #6982, .F. ) ;
#5649 = DIRECTION ( 'NONE',  ( -0.000000000000000000, -1.000000000000000000, -0.000000000000000000 ) ) ;
#5650 = CARTESIAN_POINT ( 'NONE',  ( -35.61042949676936331, 96.12583987928823603, 18.79369299900851686 ) ) ;
#5651 = LINE ( 'NONE', #1878, #3087 ) ;
#5652 = CARTESIAN_POINT ( 'NONE',  ( -82.55000000000002558, 99.82583987928822467, 33.89999999999999147 ) ) ;
#5653 = EDGE_CURVE ( 'NONE', #2140, #7204, #8816, .T. ) ;
#5654 = FACE_OUTER_BOUND ( 'NONE', #8092, .T. ) ;
#5655 = CARTESIAN_POINT ( 'NONE',  ( -44.06500000000043826, 5.099999999999999645, 8.821154273062886020 ) ) ;
#5656 = CARTESIAN_POINT ( 'NONE',  ( -69.20000000000000284, 8.274999999999998579, -0.6211324209939360630 ) ) ;
#5657 = ORIENTED_EDGE ( 'NONE', *, *, #10500, .F. ) ;
#5658 = VERTEX_POINT ( 'NONE', #10673 ) ;
#5659 = EDGE_CURVE ( 'NONE', #5561, #3209, #4543, .T. ) ;
#5660 = VECTOR ( 'NONE', #9879, 1000.000000000000000 ) ;
#5661 = EDGE_CURVE ( 'NONE', #3028, #2768, #405, .T. ) ;
#5662 = ORIENTED_EDGE ( 'NONE', *, *, #7781, .F. ) ;
#5663 = DIRECTION ( 'NONE',  ( -1.000000000000000000, 0.000000000000000000, 1.600125454749515275E-16 ) ) ;
#5664 = DIRECTION ( 'NONE',  ( 0.000000000000000000, 1.000000000000000000, 0.000000000000000000 ) ) ;
#5665 = LINE ( 'NONE', #4529, #2437 ) ;
#5666 = AXIS2_PLACEMENT_3D ( 'NONE', #1375, #8020, #3802 ) ;
#5667 = FACE_OUTER_BOUND ( 'NONE', #2434, .T. ) ;
#5668 = AXIS2_PLACEMENT_3D ( 'NONE', #8196, #3865, #7336 ) ;
#5669 = DIRECTION ( 'NONE',  ( 1.000000000000000000, 0.000000000000000000, -1.600125454749515028E-16 ) ) ;
#5670 = EDGE_CURVE ( 'NONE', #11219, #4753, #1081, .T. ) ;
#5671 = ADVANCED_FACE ( 'NONE', ( #2859 ), #8928, .T. ) ;
#5672 = ADVANCED_FACE ( 'NONE', ( #2062 ), #8133, .T. ) ;
#5673 = ORIENTED_EDGE ( 'NONE', *, *, #8375, .F. ) ;
#5674 = ORIENTED_EDGE ( 'NONE', *, *, #10089, .F. ) ;
#5675 = ORIENTED_EDGE ( 'NONE', *, *, #5467, .F. ) ;
#5676 = PLANE ( 'NONE',  #5666 ) ;
#5677 = AXIS2_PLACEMENT_3D ( 'NONE', #3395, #6847, #6640 ) ;
#5678 = VECTOR ( 'NONE', #2048, 1000.000000000000000 ) ;
#5679 = FACE_OUTER_BOUND ( 'NONE', #8866, .T. ) ;
#5680 = CARTESIAN_POINT ( 'NONE',  ( 50.48689872104515075, 95.28999999999417980, -23.92998592831960991 ) ) ;
#5681 = CARTESIAN_POINT ( 'NONE',  ( -82.54999999999999716, 52.93999999999998352, 25.39999999999999858 ) ) ;
#5682 = DIRECTION ( 'NONE',  ( 1.000000000000000000, 0.000000000000000000, -5.782411586589358625E-17 ) ) ;
#5683 = CARTESIAN_POINT ( 'NONE',  ( 82.55000000000002558, 61.63999999999999346, -0.2576914538747651640 ) ) ;
#5684 = DIRECTION ( 'NONE',  ( 0.000000000000000000, -1.000000000000000000, 0.000000000000000000 ) ) ;
#5685 = VECTOR ( 'NONE', #6242, 1000.000000000000000 ) ;
#5686 = CIRCLE ( 'NONE', #6197, 1.150000000000001688 ) ;
#5687 = DIRECTION ( 'NONE',  ( 0.000000000000000000, 0.000000000000000000, 1.000000000000000000 ) ) ;
#5688 = EDGE_LOOP ( 'NONE', ( #5521, #3960 ) ) ;
#5689 = CARTESIAN_POINT ( 'NONE',  ( -76.81501998216515403, 8.274999999999998579, 17.92115427298595876 ) ) ;
#5690 = ORIENTED_EDGE ( 'NONE', *, *, #5099, .T. ) ;
#5691 = VECTOR ( 'NONE', #5498, 1000.000000000000000 ) ;
#5692 = ORIENTED_EDGE ( 'NONE', *, *, #4205, .F. ) ;
#5693 = LINE ( 'NONE', #10178, #9814 ) ;
#5694 = DIRECTION ( 'NONE',  ( -0.000000000000000000, 1.000000000000000000, -0.000000000000000000 ) ) ;
#5695 = ADVANCED_FACE ( 'NONE', ( #1041 ), #2915, .F. ) ;
#5696 = ORIENTED_EDGE ( 'NONE', *, *, #8745, .F. ) ;
#5697 = CARTESIAN_POINT ( 'NONE',  ( 82.55000000000002558, 66.63999999999998636, -5.257691453874765664 ) ) ;
#5698 = CARTESIAN_POINT ( 'NONE',  ( -33.75499999999998124, -4.758722840904921370, -3.957691453874788490 ) ) ;
#5699 = ORIENTED_EDGE ( 'NONE', *, *, #10865, .T. ) ;
#5700 = CARTESIAN_POINT ( 'NONE',  ( -77.61249999999999716, 23.27499999999999858, -5.564823903641046954 ) ) ;
#5701 = VECTOR ( 'NONE', #10311, 1000.000000000000000 ) ;
#5702 = EDGE_LOOP ( 'NONE', ( #7128, #10282, #3639, #4109 ) ) ;
#5703 = ORIENTED_EDGE ( 'NONE', *, *, #9964, .F. ) ;
#5704 = ORIENTED_EDGE ( 'NONE', *, *, #10722, .F. ) ;
#5705 = ADVANCED_FACE ( 'NONE', ( #7219 ), #3699, .F. ) ;
#5706 = CARTESIAN_POINT ( 'NONE',  ( 5.415312908800172131, 119.8271550059586588, -20.03649027154900608 ) ) ;
#5707 = AXIS2_PLACEMENT_3D ( 'NONE', #5905, #4096, #5119 ) ;
#5708 = DIRECTION ( 'NONE',  ( 1.000000000000000000, 0.000000000000000000, -4.937420151055313657E-11 ) ) ;
#5709 = FACE_OUTER_BOUND ( 'NONE', #2217, .T. ) ;
#5710 = DIRECTION ( 'NONE',  ( 1.902368341696335725E-08, 0.000000000000000000, -0.9999999999999997780 ) ) ;
#5711 = DIRECTION ( 'NONE',  ( 0.000000000000000000, 1.000000000000000000, 0.000000000000000000 ) ) ;
#5712 = FACE_OUTER_BOUND ( 'NONE', #9306, .T. ) ;
#5713 = CARTESIAN_POINT ( 'NONE',  ( -82.54999999999999716, 0.000000000000000000, -40.25769145387477721 ) ) ;
#5714 = CARTESIAN_POINT ( 'NONE',  ( -0.1327752523027176945, 96.12583987928823603, 8.433509402387802112 ) ) ;
#5715 = VERTEX_POINT ( 'NONE', #8977 ) ;
#5716 = VERTEX_POINT ( 'NONE', #5343 ) ;
#5717 = VECTOR ( 'NONE', #1544, 1000.000000000000000 ) ;
#5718 = ORIENTED_EDGE ( 'NONE', *, *, #10232, .F. ) ;
#5719 = EDGE_CURVE ( 'NONE', #1516, #612, #8195, .T. ) ;
#5720 = ORIENTED_EDGE ( 'NONE', *, *, #10272, .T. ) ;
#5721 = CARTESIAN_POINT ( 'NONE',  ( 42.54999999999999716, 97.82583987928822467, 22.30467496797187010 ) ) ;
#5722 = LINE ( 'NONE', #619, #10308 ) ;
#5723 = DIRECTION ( 'NONE',  ( -6.246347130343909381E-16, 1.000000000000000000, 1.951983478232471681E-16 ) ) ;
#5724 = TOROIDAL_SURFACE ( 'NONE', #104, 20.00000000000000000, 5.000000000000000000 ) ;
#5725 = EDGE_CURVE ( 'NONE', #5634, #865, #9063, .T. ) ;
#5726 = CARTESIAN_POINT ( 'NONE',  ( -43.40689872104513825, 97.50000000000000000, 22.30467496797187010 ) ) ;
#5727 = PLANE ( 'NONE',  #6616 ) ;
#5728 = ORIENTED_EDGE ( 'NONE', *, *, #9151, .F. ) ;
#5729 = ORIENTED_EDGE ( 'NONE', *, *, #2894, .T. ) ;
#5730 = ORIENTED_EDGE ( 'NONE', *, *, #3858, .F. ) ;
#5731 = CARTESIAN_POINT ( 'NONE',  ( -77.61249999999999716, 8.274999999999998579, 24.62763407003640381 ) ) ;
#5732 = EDGE_CURVE ( 'NONE', #9299, #2868, #10680, .T. ) ;
#5733 = CARTESIAN_POINT ( 'NONE',  ( -77.61249999996866222, 82.35514882866895903, -40.25769145387477010 ) ) ;
#5734 = FACE_OUTER_BOUND ( 'NONE', #1271, .T. ) ;
#5735 = CARTESIAN_POINT ( 'NONE',  ( 77.61250000000001137, 66.63999999999998636, 5.399999999999995026 ) ) ;
#5736 = CARTESIAN_POINT ( 'NONE',  ( -43.40689872104514535, 72.64000000000000057, 22.30467496797187010 ) ) ;
#5737 = LINE ( 'NONE', #10161, #173 ) ;
#5738 = FACE_BOUND ( 'NONE', #327, .T. ) ;
#5739 = ADVANCED_FACE ( 'NONE', ( #5456 ), #2969, .F. ) ;
#5740 = DIRECTION ( 'NONE',  ( -1.000000000000000000, 0.000000000000000000, 0.000000000000000000 ) ) ;
#5741 = DIRECTION ( 'NONE',  ( -9.441838556761602300E-17, 0.7071072074758651960, 0.7071063548969729329 ) ) ;
#5742 = CARTESIAN_POINT ( 'NONE',  ( 77.61249999999999716, 8.274999999999998579, 24.62763407003640381 ) ) ;
#5743 = ORIENTED_EDGE ( 'NONE', *, *, #8470, .F. ) ;
#5744 = ORIENTED_EDGE ( 'NONE', *, *, #5382, .T. ) ;
#5745 = VERTEX_POINT ( 'NONE', #9666 ) ;
#5746 = FACE_OUTER_BOUND ( 'NONE', #522, .T. ) ;
#5747 = FACE_OUTER_BOUND ( 'NONE', #4292, .T. ) ;
#5748 = CARTESIAN_POINT ( 'NONE',  ( -77.61249999996866222, 58.93999999999998352, -5.257691453874765664 ) ) ;
#5749 = LINE ( 'NONE', #4110, #7070 ) ;
#5750 = DIRECTION ( 'NONE',  ( 1.000000000000000000, 0.000000000000000000, -8.936595925086526584E-12 ) ) ;
#5751 = VERTEX_POINT ( 'NONE', #10611 ) ;
#5752 = CARTESIAN_POINT ( 'NONE',  ( -81.84979246179028678, 66.63999999999998636, -5.257691453874765664 ) ) ;
#5753 = EDGE_LOOP ( 'NONE', ( #11237, #2330 ) ) ;
#5754 = ORIENTED_EDGE ( 'NONE', *, *, #5517, .T. ) ;
#5755 = ORIENTED_EDGE ( 'NONE', *, *, #10045, .F. ) ;
#5756 = VECTOR ( 'NONE', #9114, 1000.000000000000000 ) ;
#5757 = CYLINDRICAL_SURFACE ( 'NONE', #2885, 1.149999999999999467 ) ;
#5758 = AXIS2_PLACEMENT_3D ( 'NONE', #9537, #11177, #1817 ) ;
#5759 = CARTESIAN_POINT ( 'NONE',  ( -8.300429496984964572, 96.12583987928823603, 19.83350972839287607 ) ) ;
#5760 = CARTESIAN_POINT ( 'NONE',  ( -69.20000000000000284, 82.35514882866895903, -37.08269145387477295 ) ) ;
#5761 = DIRECTION ( 'NONE',  ( -1.000000000000000000, 0.000000000000000000, 1.335278419062900361E-16 ) ) ;
#5762 = DIRECTION ( 'NONE',  ( 1.000000000000000000, 0.000000000000000000, 0.000000000000000000 ) ) ;
#5763 = DIRECTION ( 'NONE',  ( 0.000000000000000000, 1.000000000000000000, 0.000000000000000000 ) ) ;
#5764 = CARTESIAN_POINT ( 'NONE',  ( 50.02648654977334530, 8.274999999999998579, 20.18114647173673148 ) ) ;
#5765 = CARTESIAN_POINT ( 'NONE',  ( -51.69999999999999574, 109.8258398792882247, 36.89999999999998437 ) ) ;
#5766 = AXIS2_PLACEMENT_3D ( 'NONE', #8903, #8840, #1069 ) ;
#5768 = VECTOR ( 'NONE', #5497, 1000.000000000000000 ) ;
#5767 = CARTESIAN_POINT ( 'NONE',  ( -31.40689872104514180, 97.50000000000000000, 22.30467496797187010 ) ) ;
#5769 = CIRCLE ( 'NONE', #4673, 5.000000000000004441 ) ;
#5770 = EDGE_CURVE ( 'NONE', #11107, #1849, #2008, .T. ) ;
#5771 = ORIENTED_EDGE ( 'NONE', *, *, #2128, .F. ) ;
#5772 = ORIENTED_EDGE ( 'NONE', *, *, #6767, .F. ) ;
#5773 = VECTOR ( 'NONE', #2527, 1000.000000000000000 ) ;
#5774 = CARTESIAN_POINT ( 'NONE',  ( 82.54999999999999716, 99.82583987928822467, 33.89999999999999147 ) ) ;
#5775 = VECTOR ( 'NONE', #9427, 1000.000000000000000 ) ;
#5776 = CARTESIAN_POINT ( 'NONE',  ( 61.81289880791658931, 8.274999999999998579, 18.26344096711873277 ) ) ;
#5777 = CYLINDRICAL_SURFACE ( 'NONE', #5338, 1.149999999999994804 ) ;
#5778 = DIRECTION ( 'NONE',  ( -1.000000000000000000, -2.206006732456125847E-15, 0.000000000000000000 ) ) ;
#5779 = LINE ( 'NONE', #6625, #5717 ) ;
#5780 = ORIENTED_EDGE ( 'NONE', *, *, #6214, .F. ) ;
#5781 = EDGE_CURVE ( 'NONE', #8202, #7993, #9773, .T. ) ;
#5782 = VECTOR ( 'NONE', #8402, 1000.000000000000000 ) ;
#5783 = LINE ( 'NONE', #4935, #3760 ) ;
#5784 = EDGE_LOOP ( 'NONE', ( #1386, #6506, #1547, #1260 ) ) ;
#5785 = AXIS2_PLACEMENT_3D ( 'NONE', #5097, #8569, #7433 ) ;
#5786 = VERTEX_POINT ( 'NONE', #8083 ) ;
#5787 = VECTOR ( 'NONE', #1557, 1000.000000000000000 ) ;
#5788 = CARTESIAN_POINT ( 'NONE',  ( -50.48689872104515075, 74.43999999999417128, -7.959769997217391868 ) ) ;
#5789 = CARTESIAN_POINT ( 'NONE',  ( -82.54999999999999716, 6.349999999999999645, 25.39999999999999858 ) ) ;
#5791 = FACE_OUTER_BOUND ( 'NONE', #8294, .T. ) ;
#5790 = VECTOR ( 'NONE', #5165, 1000.000000000000000 ) ;
#5792 = CARTESIAN_POINT ( 'NONE',  ( 69.20000000007698304, 82.35514882866922903, -40.25769145387477010 ) ) ;
#5793 = DIRECTION ( 'NONE',  ( 0.000000000000000000, 1.000000000000000000, 0.000000000000000000 ) ) ;
#5794 = LINE ( 'NONE', #9882, #4573 ) ;
#5795 = DIRECTION ( 'NONE',  ( 0.000000000000000000, -1.000000000000000000, 0.000000000000000000 ) ) ;
#5796 = DIRECTION ( 'NONE',  ( 2.244742081187875711E-15, 1.000000000000000000, -0.000000000000000000 ) ) ;
#5797 = EDGE_CURVE ( 'NONE', #1545, #8835, #3747, .T. ) ;
#5798 =( LENGTH_UNIT ( ) NAMED_UNIT ( * ) SI_UNIT ( .MILLI., .METRE. ) );
#5799 = ORIENTED_EDGE ( 'NONE', *, *, #6774, .T. ) ;
#5800 = VERTEX_POINT ( 'NONE', #7964 ) ;
#5801 = EDGE_CURVE ( 'NONE', #10029, #2615, #7098, .T. ) ;
#5802 = EDGE_CURVE ( 'NONE', #6026, #10032, #2292, .T. ) ;
#5803 = ORIENTED_EDGE ( 'NONE', *, *, #1593, .T. ) ;
#5804 = FACE_OUTER_BOUND ( 'NONE', #3838, .T. ) ;
#5805 = CARTESIAN_POINT ( 'NONE',  ( -33.75499999999998124, 10.00000000000000000, 21.38115427306259875 ) ) ;
#5806 = DIRECTION ( 'NONE',  ( -1.000000000000000000, -0.000000000000000000, -0.000000000000000000 ) ) ;
#5807 = LINE ( 'NONE', #9276, #10893 ) ;
#5808 = ORIENTED_EDGE ( 'NONE', *, *, #8763, .F. ) ;
#5809 = CARTESIAN_POINT ( 'NONE',  ( -8.300429496984964572, 99.82583987928822467, 18.68350972839287394 ) ) ;
#5810 = DIRECTION ( 'NONE',  ( -1.075621078440237758E-16, -0.7071063548969729329, 0.7071072074758651960 ) ) ;
#5811 = EDGE_CURVE ( 'NONE', #424, #9321, #5737, .T. ) ;
#5812 = EDGE_CURVE ( 'NONE', #1569, #8586, #9204, .T. ) ;
#5813 = ORIENTED_EDGE ( 'NONE', *, *, #9482, .T. ) ;
#5814 = LINE ( 'NONE', #5075, #6113 ) ;
#5815 = EDGE_CURVE ( 'NONE', #5271, #5502, #10848, .T. ) ;
#5816 = VECTOR ( 'NONE', #8879, 1000.000000000000000 ) ;
#5817 = ORIENTED_EDGE ( 'NONE', *, *, #8297, .F. ) ;
#5818 = ORIENTED_EDGE ( 'NONE', *, *, #1313, .T. ) ;
#5819 = AXIS2_PLACEMENT_3D ( 'NONE', #6335, #6392, #8958 ) ;
#5820 = VECTOR ( 'NONE', #8540, 999.9999999999998863 ) ;
#5821 = ORIENTED_EDGE ( 'NONE', *, *, #8393, .T. ) ;
#5822 = CARTESIAN_POINT ( 'NONE',  ( 46.58189872104514251, 96.40000537621601495, 3.358535111626435921 ) ) ;
#5823 = FACE_OUTER_BOUND ( 'NONE', #7883, .T. ) ;
#5824 = CARTESIAN_POINT ( 'NONE',  ( 4.247458218168167932, 124.4763630614729237, 36.89999999999998437 ) ) ;
#5825 = DIRECTION ( 'NONE',  ( 0.000000000000000000, 0.000000000000000000, 1.000000000000000000 ) ) ;
#5826 = CIRCLE ( 'NONE', #5645, 24.20000000000000639 ) ;
#5827 = FACE_OUTER_BOUND ( 'NONE', #9160, .T. ) ;
#5828 = VECTOR ( 'NONE', #5553, 1000.000000000000000 ) ;
#5829 = LINE ( 'NONE', #10993, #8814 ) ;
#5830 = DIRECTION ( 'NONE',  ( -1.593062912007103154E-16, 1.000000000000000000, -8.295151110468892070E-17 ) ) ;
#5831 = EDGE_LOOP ( 'NONE', ( #6099, #8550, #4465, #3446 ) ) ;
#5832 = ORIENTED_EDGE ( 'NONE', *, *, #5947, .T. ) ;
#5833 = ORIENTED_EDGE ( 'NONE', *, *, #7134, .F. ) ;
#5834 = LINE ( 'NONE', #10255, #3971 ) ;
#5835 = CARTESIAN_POINT ( 'NONE',  ( -77.61249999996864801, 58.93999999999998352, 5.399999999999993250 ) ) ;
#5836 = DIRECTION ( 'NONE',  ( 6.879417016859792209E-17, -0.8918917311500192957, -0.4522489799946727840 ) ) ;
#5837 = DIRECTION ( 'NONE',  ( 0.000000000000000000, 1.000000000000000000, 7.709882115452476934E-17 ) ) ;
#5838 = EDGE_LOOP ( 'NONE', ( #3905, #7726, #8231, #5310 ) ) ;
#5839 = ORIENTED_EDGE ( 'NONE', *, *, #2823, .T. ) ;
#5840 = ORIENTED_EDGE ( 'NONE', *, *, #2215, .T. ) ;
#5841 = LINE ( 'NONE', #4822, #5853 ) ;
#5842 = VERTEX_POINT ( 'NONE', #9937 ) ;
#5843 = LINE ( 'NONE', #9311, #9933 ) ;
#5844 = EDGE_CURVE ( 'NONE', #9689, #1424, #1272, .T. ) ;
#5845 = DIRECTION ( 'NONE',  ( 0.000000000000000000, 0.000000000000000000, -1.000000000000000000 ) ) ;
#5846 = DIRECTION ( 'NONE',  ( 0.000000000000000000, 0.000000000000000000, -1.000000000000000000 ) ) ;
#5847 = CARTESIAN_POINT ( 'NONE',  ( -29.00040951398291256, 96.12583987928823603, 18.68351409631356930 ) ) ;
#5848 = CYLINDRICAL_SURFACE ( 'NONE', #3851, 1.000000000000000888 ) ;
#5849 = CARTESIAN_POINT ( 'NONE',  ( -50.48689872104515075, 95.28999999999417980, 0.5200140716803901553 ) ) ;
#5850 = CARTESIAN_POINT ( 'NONE',  ( 52.36501998304115091, 8.274999999999998579, 17.92115427297832397 ) ) ;
#5851 = DIRECTION ( 'NONE',  ( 0.000000000000000000, 0.000000000000000000, 1.000000000000000000 ) ) ;
#5852 = VERTEX_POINT ( 'NONE', #2344 ) ;
#5853 = VECTOR ( 'NONE', #628, 1000.000000000000000 ) ;
#5854 = DIRECTION ( 'NONE',  ( -0.7071067811865462405, -0.7071067811865489050, -0.000000000000000000 ) ) ;
#5855 = VERTEX_POINT ( 'NONE', #10100 ) ;
#5856 = ORIENTED_EDGE ( 'NONE', *, *, #3180, .F. ) ;
#5857 = ADVANCED_FACE ( 'NONE', ( #2399 ), #7501, .F. ) ;
#5858 = ADVANCED_FACE ( 'NONE', ( #10963 ), #9153, .F. ) ;
#5859 = PLANE ( 'NONE',  #1491 ) ;
#5860 = AXIS2_PLACEMENT_3D ( 'NONE', #8795, #9649, #9591 ) ;
#5861 = CIRCLE ( 'NONE', #2432, 1.150000000000001688 ) ;
#5862 = DIRECTION ( 'NONE',  ( 9.462128050782626284E-16, 0.000000000000000000, -1.000000000000000000 ) ) ;
#5863 = EDGE_CURVE ( 'NONE', #3294, #6546, #8248, .T. ) ;
#5864 = ORIENTED_EDGE ( 'NONE', *, *, #7227, .F. ) ;
#5865 = ADVANCED_FACE ( 'NONE', ( #7557 ), #2177, .F. ) ;
#5866 = CARTESIAN_POINT ( 'NONE',  ( 6.616786591357619152, 99.82583987928821045, -4.426490271496838602 ) ) ;
#5867 = CARTESIAN_POINT ( 'NONE',  ( -30.00042949693185079, 124.8258398792882247, 4.963509728450992142 ) ) ;
#5868 = ORIENTED_EDGE ( 'NONE', *, *, #7610, .F. ) ;
#5869 = DIRECTION ( 'NONE',  ( 0.000000000000000000, 1.000000000000000000, 0.000000000000000000 ) ) ;
#5870 = ORIENTED_EDGE ( 'NONE', *, *, #4539, .T. ) ;
#5871 = VECTOR ( 'NONE', #2343, 1000.000000000000114 ) ;
#5872 = ORIENTED_EDGE ( 'NONE', *, *, #2866, .T. ) ;
#5873 = DIRECTION ( 'NONE',  ( 0.000000000000000000, 0.000000000000000000, 1.000000000000000000 ) ) ;
#5874 = ADVANCED_FACE ( 'NONE', ( #511 ), #6636, .T. ) ;
#5875 = ADVANCED_FACE ( 'NONE', ( #4093 ), #9260, .T. ) ;
#5876 = CARTESIAN_POINT ( 'NONE',  ( -50.48689872104515075, 97.40000406513270548, -24.18005742219565946 ) ) ;
#5877 = CARTESIAN_POINT ( 'NONE',  ( 4.238803242514923575, 124.8258398792633699, 32.27348496173113546 ) ) ;
#5878 = DIRECTION ( 'NONE',  ( -0.000000000000000000, -1.000000000000000000, 0.000000000000000000 ) ) ;
#5879 = AXIS2_PLACEMENT_3D ( 'NONE', #7071, #10535, #7706 ) ;
#5880 = EDGE_CURVE ( 'NONE', #2767, #9751, #2723, .T. ) ;
#5881 = CYLINDRICAL_SURFACE ( 'NONE', #10175, 1.149999999999998135 ) ;
#5882 = LINE ( 'NONE', #143, #7719 ) ;
#5883 = CARTESIAN_POINT ( 'NONE',  ( -54.81499993151516748, 5.099999999999999645, 15.82115373010225312 ) ) ;
#5884 = VERTEX_POINT ( 'NONE', #8424 ) ;
#5885 = ORIENTED_EDGE ( 'NONE', *, *, #8868, .T. ) ;
#5886 = VERTEX_POINT ( 'NONE', #5003 ) ;
#5887 = VECTOR ( 'NONE', #3108, 1000.000000000000114 ) ;
#5888 = EDGE_CURVE ( 'NONE', #1318, #1396, #8478, .T. ) ;
#5889 = DIRECTION ( 'NONE',  ( 0.000000000000000000, -1.000000000000000000, -0.000000000000000000 ) ) ;
#5890 = FACE_OUTER_BOUND ( 'NONE', #4589, .T. ) ;
#5891 = DIRECTION ( 'NONE',  ( -1.000000000000000000, 0.000000000000000000, 0.000000000000000000 ) ) ;
#5892 = CARTESIAN_POINT ( 'NONE',  ( 43.40689872104514535, 74.78999999999417980, -25.07998592831960849 ) ) ;
#5893 = CARTESIAN_POINT ( 'NONE',  ( 77.61250000000001137, 90.00000000000000000, 22.30467496797187010 ) ) ;
#5894 = ORIENTED_EDGE ( 'NONE', *, *, #11066, .F. ) ;
#5895 = VECTOR ( 'NONE', #11075, 1000.000000000000000 ) ;
#5896 = ORIENTED_EDGE ( 'NONE', *, *, #1733, .T. ) ;
#5897 = EDGE_LOOP ( 'NONE', ( #4216, #6372, #3732, #2435, #2519, #9532 ) ) ;
#5898 = CARTESIAN_POINT ( 'NONE',  ( -82.54999999999999716, 6.349999999999999645, 25.39999999999999858 ) ) ;
#5899 = ORIENTED_EDGE ( 'NONE', *, *, #5219, .F. ) ;
#5900 = EDGE_CURVE ( 'NONE', #7852, #278, #7049, .T. ) ;
#5901 = DIRECTION ( 'NONE',  ( 0.000000000000000000, 0.000000000000000000, -1.000000000000000000 ) ) ;
#5902 = PLANE ( 'NONE',  #9686 ) ;
#5903 = PLANE ( 'NONE',  #9244 ) ;
#5904 = DIRECTION ( 'NONE',  ( 0.000000000000000000, 0.000000000000000000, 1.000000000000000000 ) ) ;
#5905 = CARTESIAN_POINT ( 'NONE',  ( 11.25500000000000433, -27.00000000000000355, 7.542308546125213731 ) ) ;
#5906 = EDGE_LOOP ( 'NONE', ( #10539, #5387, #8315, #131 ) ) ;
#5907 = VECTOR ( 'NONE', #7242, 1000.000000000000000 ) ;
#5908 = EDGE_CURVE ( 'NONE', #2826, #7850, #6578, .T. ) ;
#5909 = ORIENTED_EDGE ( 'NONE', *, *, #4410, .F. ) ;
#5910 = VERTEX_POINT ( 'NONE', #4772 ) ;
#5911 = CARTESIAN_POINT ( 'NONE',  ( 82.54999999999999716, 53.23979246179026603, 25.39999999999999858 ) ) ;
#5912 = CARTESIAN_POINT ( 'NONE',  ( 46.58189872104513540, 72.64485098712441413, -26.29038821272766668 ) ) ;
#5913 = DIRECTION ( 'NONE',  ( 0.000000000000000000, 1.000000000000000000, -1.057759604486138843E-16 ) ) ;
#5914 = ORIENTED_EDGE ( 'NONE', *, *, #8174, .F. ) ;
#5915 = CARTESIAN_POINT ( 'NONE',  ( -46.58189872104514251, 94.56476577691782381, -7.085838131530381798E-15 ) ) ;
#5916 = ORIENTED_EDGE ( 'NONE', *, *, #8876, .T. ) ;
#5917 = CARTESIAN_POINT ( 'NONE',  ( -43.40689872104514535, 74.78999999999417980, -25.07998592831960849 ) ) ;
#5918 = EDGE_CURVE ( 'NONE', #1906, #5716, #6522, .T. ) ;
#5919 = ORIENTED_EDGE ( 'NONE', *, *, #9759, .F. ) ;
#5920 = ORIENTED_EDGE ( 'NONE', *, *, #5464, .T. ) ;
#5921 = ADVANCED_FACE ( 'NONE', ( #9368 ), #5903, .F. ) ;
#5922 = FACE_OUTER_BOUND ( 'NONE', #8292, .T. ) ;
#5923 = CARTESIAN_POINT ( 'NONE',  ( 96.69213562373100501, 99.82583987928822467, 46.90000000000009095 ) ) ;
#5924 = CARTESIAN_POINT ( 'NONE',  ( 1.665852457062824810, 119.8727449721907021, 36.89999999999999147 ) ) ;
#5925 = DIRECTION ( 'NONE',  ( 0.000000000000000000, 1.000000000000000000, 0.000000000000000000 ) ) ;
#5926 = CARTESIAN_POINT ( 'NONE',  ( -50.48689872104515075, 91.54000537782400215, -2.374168628343573673 ) ) ;
#5927 = CARTESIAN_POINT ( 'NONE',  ( -31.00042949693185435, 109.8258398792882247, 4.963509728450992142 ) ) ;
#5928 = CARTESIAN_POINT ( 'NONE',  ( -11.25499999999998302, 4.249377385370907589, 5.042308546125213731 ) ) ;
#5929 = CARTESIAN_POINT ( 'NONE',  ( 77.61249999999999716, 23.27499999999999858, 24.62763407003640381 ) ) ;
#5930 = EDGE_CURVE ( 'NONE', #7050, #11183, #3469, .T. ) ;
#5931 = ORIENTED_EDGE ( 'NONE', *, *, #4826, .T. ) ;
#5933 = ADVANCED_FACE ( 'NONE', ( #6118 ), #5059, .F. ) ;
#5932 = VECTOR ( 'NONE', #2139, 1000.000000000000000 ) ;
#5934 = ORIENTED_EDGE ( 'NONE', *, *, #1764, .F. ) ;
#5935 = CIRCLE ( 'NONE', #1611, 1.000000000000000888 ) ;
#5936 = ADVANCED_FACE ( 'NONE', ( #7723 ), #6856, .F. ) ;
#5937 = ADVANCED_FACE ( 'NONE', ( #6744 ), #10325, .F. ) ;
#5938 = CARTESIAN_POINT ( 'NONE',  ( -3.955775492216536751E-11, 90.00000000000000000, -4.426490271437707236 ) ) ;
#5939 = DIRECTION ( 'NONE',  ( -1.521157000053560499E-16, 0.000000000000000000, -1.000000000000000000 ) ) ;
#5940 = VECTOR ( 'NONE', #8653, 1000.000000000000000 ) ;
#5941 = FACE_BOUND ( 'NONE', #1650, .T. ) ;
#5942 = VECTOR ( 'NONE', #8332, 1000.000000000000227 ) ;
#5943 = CARTESIAN_POINT ( 'NONE',  ( -5.997602265674932376, 124.8258398792882247, -15.01161596500278428 ) ) ;
#5944 = LINE ( 'NONE', #733, #7711 ) ;
#5945 = CARTESIAN_POINT ( 'NONE',  ( 82.54999999999999716, -24.50000000000000355, -10.25769145387463688 ) ) ;
#5946 = ORIENTED_EDGE ( 'NONE', *, *, #2693, .T. ) ;
#5947 = EDGE_CURVE ( 'NONE', #329, #6094, #6912, .T. ) ;
#5948 = EDGE_CURVE ( 'NONE', #167, #1906, #6008, .T. ) ;
#5949 = ORIENTED_EDGE ( 'NONE', *, *, #7453, .F. ) ;
#5950 = EDGE_CURVE ( 'NONE', #8921, #1348, #7834, .T. ) ;
#5951 = ORIENTED_EDGE ( 'NONE', *, *, #1095, .T. ) ;
#5952 = DIRECTION ( 'NONE',  ( -1.000000000000000000, -1.593062912007103154E-16, -1.228232725407420811E-32 ) ) ;
#5953 = AXIS2_PLACEMENT_3D ( 'NONE', #10664, #2209, #3052 ) ;
#5954 = VECTOR ( 'NONE', #6433, 1000.000000000000000 ) ;
#5955 = DIRECTION ( 'NONE',  ( 0.000000000000000000, -1.000000000000000000, 0.000000000000000000 ) ) ;
#5956 = CARTESIAN_POINT ( 'NONE',  ( -5.000429496931850792, 119.8299752807307357, -20.03649027154900253 ) ) ;
#5957 = DIRECTION ( 'NONE',  ( 0.000000000000000000, 0.000000000000000000, -1.000000000000000000 ) ) ;
#5958 = VECTOR ( 'NONE', #9881, 1000.000000000000000 ) ;
#5959 = CARTESIAN_POINT ( 'NONE',  ( -50.48689872104515075, 72.67997248461419701, -24.29018084517760911 ) ) ;
#5960 = AXIS2_PLACEMENT_3D ( 'NONE', #9603, #10549, #9709 ) ;
#5961 = EDGE_CURVE ( 'NONE', #5886, #4934, #6799, .T. ) ;
#5962 = ORIENTED_EDGE ( 'NONE', *, *, #10915, .T. ) ;
#5963 = ORIENTED_EDGE ( 'NONE', *, *, #6370, .T. ) ;
#5964 = AXIS2_PLACEMENT_3D ( 'NONE', #5508, #10795, #241 ) ;
#5965 = VERTEX_POINT ( 'NONE', #7775 ) ;
#5966 = DIRECTION ( 'NONE',  ( -1.000000000000000000, 0.000000000000000000, 9.732078352470914792E-11 ) ) ;
#5967 = LINE ( 'NONE', #6081, #9090 ) ;
#5968 = CARTESIAN_POINT ( 'NONE',  ( 50.48689872104514365, 74.67980196068272392, -26.29001273249923898 ) ) ;
#5969 = ORIENTED_EDGE ( 'NONE', *, *, #5930, .F. ) ;
#5970 = CARTESIAN_POINT ( 'NONE',  ( 52.36501998304115091, 5.099999999999999645, 19.07115427297831900 ) ) ;
#5971 = EDGE_LOOP ( 'NONE', ( #10839, #5949, #4248, #5214 ) ) ;
#5972 = ORIENTED_EDGE ( 'NONE', *, *, #3180, .T. ) ;
#5973 = ORIENTED_EDGE ( 'NONE', *, *, #9560, .T. ) ;
#5974 = AXIS2_PLACEMENT_3D ( 'NONE', #171, #7022, #6552 ) ;
#5975 = LINE ( 'NONE', #1051, #8405 ) ;
#5976 = EDGE_CURVE ( 'NONE', #861, #1969, #8636, .T. ) ;
#5977 = CARTESIAN_POINT ( 'NONE',  ( -46.58189872104513540, 97.40000406513270548, -24.18005742219565946 ) ) ;
#5978 = CARTESIAN_POINT ( 'NONE',  ( -77.61249999996864801, 18.84999999999998010, -37.08269145387476584 ) ) ;
#5979 = CARTESIAN_POINT ( 'NONE',  ( 77.61250000000001137, 82.35514882866895903, -5.257691453874769216 ) ) ;
#5980 = FACE_OUTER_BOUND ( 'NONE', #3486, .T. ) ;
#5981 = DIRECTION ( 'NONE',  ( -1.000000000000000000, 0.000000000000000000, 0.000000000000000000 ) ) ;
#5982 = LINE ( 'NONE', #9573, #10808 ) ;
#5983 = MANIFOLD_SOLID_BREP ( 'Cut-Extrude20', #1336 ) ;
#5984 = DIRECTION ( 'NONE',  ( -2.281766556891204709E-15, 0.7213349599943349455, 0.6925863668092024916 ) ) ;
#5985 = AXIS2_PLACEMENT_3D ( 'NONE', #2747, #6135, #2683 ) ;
#5986 = ORIENTED_EDGE ( 'NONE', *, *, #2333, .F. ) ;
#5987 = ORIENTED_EDGE ( 'NONE', *, *, #2904, .F. ) ;
#5988 = DIRECTION ( 'NONE',  ( 1.000000000000000000, -0.000000000000000000, -1.092289335615960627E-13 ) ) ;
#5989 = AXIS2_PLACEMENT_3D ( 'NONE', #3510, #11230, #10591 ) ;
#5990 = EDGE_CURVE ( 'NONE', #2784, #8270, #5, .T. ) ;
#5991 = CARTESIAN_POINT ( 'NONE',  ( 11.25500000000000433, 6.349999999999999645, 13.89999999999999680 ) ) ;
#5992 = CARTESIAN_POINT ( 'NONE',  ( 69.20000000000479190, 5.099999999999999645, 8.821154273062886020 ) ) ;
#5993 = CARTESIAN_POINT ( 'NONE',  ( -43.40689872104514535, 95.63999999999417412, -7.959769997217390092 ) ) ;
#5994 = DIRECTION ( 'NONE',  ( 0.000000000000000000, 0.000000000000000000, -1.000000000000000000 ) ) ;
#5995 = PLANE ( 'NONE',  #11026 ) ;
#5996 = ORIENTED_EDGE ( 'NONE', *, *, #5452, .F. ) ;
#5997 = EDGE_CURVE ( 'NONE', #965, #5715, #8751, .T. ) ;
#5998 = CARTESIAN_POINT ( 'NONE',  ( 96.69213562373100501, 109.8258398792882247, 46.90000000000009095 ) ) ;
#5999 = ADVANCED_FACE ( 'NONE', ( #8276 ), #2999, .F. ) ;
#6000 = EDGE_LOOP ( 'NONE', ( #3998, #10635, #8346, #9947 ) ) ;
#6001 = VERTEX_POINT ( 'NONE', #1937 ) ;
#6002 = CONICAL_SURFACE ( 'NONE', #32, 5.700207538209718372, 0.6108652381980274049 ) ;
#6003 = LINE ( 'NONE', #1760, #10750 ) ;
#6004 = CARTESIAN_POINT ( 'NONE',  ( 46.58189872104514251, 87.32932506185393606, -9.140776605289593348 ) ) ;
#6005 = ADVANCED_FACE ( 'NONE', ( #7365 ), #2790, .T. ) ;
#6006 = EDGE_CURVE ( 'NONE', #3544, #5519, #8537, .T. ) ;
#6007 = CARTESIAN_POINT ( 'NONE',  ( -8.300429496984964572, 96.12583987928823603, 19.83350972839287607 ) ) ;
#6008 = LINE ( 'NONE', #3527, #10497 ) ;
#6009 = FACE_OUTER_BOUND ( 'NONE', #8445, .T. ) ;
#6010 = LINE ( 'NONE', #7619, #5895 ) ;
#6011 = ORIENTED_EDGE ( 'NONE', *, *, #7825, .F. ) ;
#6012 = EDGE_CURVE ( 'NONE', #3409, #7326, #7420, .T. ) ;
#6013 = EDGE_LOOP ( 'NONE', ( #7090, #6784, #6213, #8004 ) ) ;
#6014 = ORIENTED_EDGE ( 'NONE', *, *, #1523, .F. ) ;
#6015 = ORIENTED_EDGE ( 'NONE', *, *, #9476, .F. ) ;
#6016 = AXIS2_PLACEMENT_3D ( 'NONE', #8677, #1921, #7872 ) ;
#6017 = ORIENTED_EDGE ( 'NONE', *, *, #3525, .T. ) ;
#6018 = LINE ( 'NONE', #2459, #10279 ) ;
#6019 = CARTESIAN_POINT ( 'NONE',  ( 77.61250000000001137, 89.99999999999998579, 22.30467496797187010 ) ) ;
#6020 = PLANE ( 'NONE',  #7036 ) ;
#6021 = LINE ( 'NONE', #7844, #5088 ) ;
#6022 = VECTOR ( 'NONE', #3572, 1000.000000000000000 ) ;
#6023 = CARTESIAN_POINT ( 'NONE',  ( -41.55000000000002558, 97.32583987928822467, 22.30467496797187010 ) ) ;
#6024 = CIRCLE ( 'NONE', #6389, 5.999999999999998224 ) ;
#6025 = DIRECTION ( 'NONE',  ( 0.000000000000000000, -0.5735764363510429398, 0.8191520442889939080 ) ) ;
#6026 = VERTEX_POINT ( 'NONE', #9009 ) ;
#6027 = DIRECTION ( 'NONE',  ( 0.000000000000000000, 0.000000000000000000, 1.000000000000000000 ) ) ;
#6028 = ORIENTED_EDGE ( 'NONE', *, *, #3706, .T. ) ;
#6029 = VECTOR ( 'NONE', #1380, 1000.000000000000000 ) ;
#6030 = EDGE_LOOP ( 'NONE', ( #8078, #6614, #7004, #1836 ) ) ;
#6031 = CARTESIAN_POINT ( 'NONE',  ( -53.05138322153545261, 8.274999999999998579, 15.82115058466708035 ) ) ;
#6032 = ADVANCED_FACE ( 'NONE', ( #10490 ), #9971, .F. ) ;
#6033 = CARTESIAN_POINT ( 'NONE',  ( 10.60957050306694072, 90.00000000000000000, 2.956983656701899430E-11 ) ) ;
#6034 = PLANE ( 'NONE',  #7627 ) ;
#6035 = CARTESIAN_POINT ( 'NONE',  ( 50.48689872104515075, 95.28999999999417980, -23.92998592831960991 ) ) ;
#6036 = ORIENTED_EDGE ( 'NONE', *, *, #5046, .T. ) ;
#6037 = LINE ( 'NONE', #7749, #2570 ) ;
#6038 = CYLINDRICAL_SURFACE ( 'NONE', #5367, 1.200000000000003064 ) ;
#6039 = DIRECTION ( 'NONE',  ( 0.000000000000000000, 0.000000000000000000, -1.000000000000000000 ) ) ;
#6040 = VECTOR ( 'NONE', #1711, 1000.000000000000000 ) ;
#6041 = ORIENTED_EDGE ( 'NONE', *, *, #10568, .T. ) ;
#6042 = EDGE_CURVE ( 'NONE', #564, #5658, #1353, .T. ) ;
#6043 = ORIENTED_EDGE ( 'NONE', *, *, #6278, .F. ) ;
#6044 = DIRECTION ( 'NONE',  ( 0.000000000000000000, -0.7071063548969745982, 0.7071072074758634196 ) ) ;
#6045 = PLANE ( 'NONE',  #2253 ) ;
#6046 = AXIS2_PLACEMENT_3D ( 'NONE', #544, #6608, #4010 ) ;
#6047 = DIRECTION ( 'NONE',  ( -2.453477175991254114E-15, 0.7071063548969744872, -0.7071072074758635306 ) ) ;
#6048 = CARTESIAN_POINT ( 'NONE',  ( -43.40689872104514535, 74.43999999999417128, -2.374168628343575005 ) ) ;
#6049 = CARTESIAN_POINT ( 'NONE',  ( 43.40689872104514535, 74.78999999999417980, 0.5200140716803901553 ) ) ;
#6050 = CARTESIAN_POINT ( 'NONE',  ( 42.54999999999999716, 93.00000000000000000, 22.30467496797187010 ) ) ;
#6051 = LINE ( 'NONE', #1075, #7361 ) ;
#6052 = EDGE_LOOP ( 'NONE', ( #2538, #5699 ) ) ;
#6053 = CARTESIAN_POINT ( 'NONE',  ( -5.845883349804445572, 119.8258398792882105, 36.88927823987856414 ) ) ;
#6054 = ORIENTED_EDGE ( 'NONE', *, *, #4983, .T. ) ;
#6055 = ORIENTED_EDGE ( 'NONE', *, *, #1529, .F. ) ;
#6056 = VECTOR ( 'NONE', #2479, 1000.000000000000000 ) ;
#6057 = ADVANCED_FACE ( 'NONE', ( #1029 ), #10880, .T. ) ;
#6058 = CARTESIAN_POINT ( 'NONE',  ( 50.48689872104515075, 97.40000406513269127, 2.358535216981981542 ) ) ;
#6059 = CARTESIAN_POINT ( 'NONE',  ( 77.61249999999999716, 8.274999999999998579, -5.564823903641046954 ) ) ;
#6060 = EDGE_LOOP ( 'NONE', ( #6283, #4041, #7394, #10710 ) ) ;
#6061 = DIRECTION ( 'NONE',  ( -2.037326371931608774E-06, 0.000000000000000000, 0.9999999999979246601 ) ) ;
#6062 = ADVANCED_FACE ( 'NONE', ( #2259 ), #2204, .F. ) ;
#6063 = DIRECTION ( 'NONE',  ( 0.000000000000000000, 0.000000000000000000, 1.000000000000000000 ) ) ;
#6064 = CARTESIAN_POINT ( 'NONE',  ( -4.167094634567128253, 119.8370416568084380, -20.03649027154900253 ) ) ;
#6065 = DIRECTION ( 'NONE',  ( 0.000000000000000000, -1.000000000000000000, 0.000000000000000000 ) ) ;
#6066 =( NAMED_UNIT ( * ) PLANE_ANGLE_UNIT ( ) SI_UNIT ( $, .RADIAN. ) );
#6067 = CIRCLE ( 'NONE', #2285, 1.149999999999998135 ) ;
#6068 = CARTESIAN_POINT ( 'NONE',  ( -76.81501998216515403, 5.099999999999999645, 19.07115427298596089 ) ) ;
#6069 = CARTESIAN_POINT ( 'NONE',  ( -5.461913016040057300, 99.82583987928823888, 21.29350972844586920 ) ) ;
#6070 = EDGE_LOOP ( 'NONE', ( #8924, #6643, #4046, #7908, #1390 ) ) ;
#6071 = ORIENTED_EDGE ( 'NONE', *, *, #3195, .T. ) ;
#6072 = EDGE_LOOP ( 'NONE', ( #4087, #2609, #8727, #1288 ) ) ;
#6073 = ADVANCED_FACE ( 'NONE', ( #5709 ), #9178, .F. ) ;
#6074 = AXIS2_PLACEMENT_3D ( 'NONE', #11171, #3392, #5994 ) ;
#6075 = DIRECTION ( 'NONE',  ( 0.000000000000000000, 0.000000000000000000, 1.000000000000000000 ) ) ;
#6076 = VERTEX_POINT ( 'NONE', #2149 ) ;
#6077 = EDGE_CURVE ( 'NONE', #5409, #9389, #4175, .T. ) ;
#6078 = DIRECTION ( 'NONE',  ( -0.000000000000000000, 1.000000000000000000, -0.000000000000000000 ) ) ;
#6079 = LINE ( 'NONE', #1725, #1157 ) ;
#6080 = FACE_OUTER_BOUND ( 'NONE', #10912, .T. ) ;
#6081 = CARTESIAN_POINT ( 'NONE',  ( -33.11062444888668921, 99.82583987928829572, 21.29350972844888545 ) ) ;
#6082 = ORIENTED_EDGE ( 'NONE', *, *, #7276, .T. ) ;
#6083 = VECTOR ( 'NONE', #6539, 1000.000000000000000 ) ;
#6084 = CARTESIAN_POINT ( 'NONE',  ( 81.51446609406725941, -27.00000000000000355, -10.25769145387463332 ) ) ;
#6085 = ORIENTED_EDGE ( 'NONE', *, *, #6746, .F. ) ;
#6086 = CARTESIAN_POINT ( 'NONE',  ( 32.54999999999999716, 97.82583987928822467, 22.30467496797187010 ) ) ;
#6087 = ORIENTED_EDGE ( 'NONE', *, *, #9891, .F. ) ;
#6088 = EDGE_CURVE ( 'NONE', #11184, #7260, #9915, .T. ) ;
#6089 = VERTEX_POINT ( 'NONE', #10825 ) ;
#6090 = DIRECTION ( 'NONE',  ( 0.8481145238789871144, 0.000000000000000000, 0.5298129428255965445 ) ) ;
#6091 = FACE_OUTER_BOUND ( 'NONE', #340, .T. ) ;
#6092 = DIRECTION ( 'NONE',  ( -0.000000000000000000, -1.000000000000000000, -0.000000000000000000 ) ) ;
#6093 = LINE ( 'NONE', #11211, #451 ) ;
#6094 = VERTEX_POINT ( 'NONE', #3048 ) ;
#6095 = LINE ( 'NONE', #8721, #9093 ) ;
#6096 = CARTESIAN_POINT ( 'NONE',  ( 4.999570503068141214, 124.8258398792882247, 11.89999999999998614 ) ) ;
#6097 = DIRECTION ( 'NONE',  ( 0.000000000000000000, 0.000000000000000000, 1.000000000000000000 ) ) ;
#6098 = ORIENTED_EDGE ( 'NONE', *, *, #8173, .F. ) ;
#6099 = ORIENTED_EDGE ( 'NONE', *, *, #8654, .T. ) ;
#6100 = ORIENTED_EDGE ( 'NONE', *, *, #1922, .T. ) ;
#6101 = CARTESIAN_POINT ( 'NONE',  ( -53.05138322153545261, 5.099999999999999645, 15.82115058466707858 ) ) ;
#6102 = DIRECTION ( 'NONE',  ( 0.000000000000000000, 0.000000000000000000, -1.000000000000000000 ) ) ;
#6103 = DIRECTION ( 'NONE',  ( -0.000000000000000000, -1.000000000000000000, -0.000000000000000000 ) ) ;
#6104 = LINE ( 'NONE', #9695, #4034 ) ;
#6105 = CARTESIAN_POINT ( 'NONE',  ( 79.37500000000002842, 10.00000000000000000, -3.738845726937403580 ) ) ;
#6106 = CARTESIAN_POINT ( 'NONE',  ( 77.54999999999999716, 109.8258398792882247, 36.89999999999999147 ) ) ;
#6107 = ORIENTED_EDGE ( 'NONE', *, *, #9624, .T. ) ;
#6108 = CARTESIAN_POINT ( 'NONE',  ( 43.40689872104513825, 97.50000000000000000, 22.30467496797187010 ) ) ;
#6109 = ORIENTED_EDGE ( 'NONE', *, *, #5308, .F. ) ;
#6110 = ORIENTED_EDGE ( 'NONE', *, *, #1941, .F. ) ;
#6111 = CYLINDRICAL_SURFACE ( 'NONE', #2965, 12.50000000000000000 ) ;
#6112 = ORIENTED_EDGE ( 'NONE', *, *, #6543, .F. ) ;
#6113 = VECTOR ( 'NONE', #11143, 1000.000000000000000 ) ;
#6114 = CIRCLE ( 'NONE', #6299, 5.000000000000000888 ) ;
#6115 = DIRECTION ( 'NONE',  ( 0.000000000000000000, 9.857861061534082485E-17, 1.000000000000000000 ) ) ;
#6116 = CARTESIAN_POINT ( 'NONE',  ( 4.999570503068142990, 124.8258398792882247, 36.89999999999999147 ) ) ;
#6117 = DIRECTION ( 'NONE',  ( -1.000000000000000000, 0.000000000000000000, 0.000000000000000000 ) ) ;
#6118 = FACE_OUTER_BOUND ( 'NONE', #3500, .T. ) ;
#6119 = LINE ( 'NONE', #1879, #9044 ) ;
#6120 = EDGE_CURVE ( 'NONE', #8656, #5786, #3631, .T. ) ;
#6121 = CARTESIAN_POINT ( 'NONE',  ( 50.48689872104515075, 94.56476577691782381, -21.83805926787198715 ) ) ;
#6122 = CARTESIAN_POINT ( 'NONE',  ( -50.48689872104515075, 74.78999999999417980, 0.5200140716803901553 ) ) ;
#6123 = ORIENTED_EDGE ( 'NONE', *, *, #2823, .F. ) ;
#6124 = AXIS2_PLACEMENT_3D ( 'NONE', #6606, #11100, #3330 ) ;
#6125 = EDGE_LOOP ( 'NONE', ( #4914, #6442, #9887, #3030 ) ) ;
#6126 = VECTOR ( 'NONE', #5163, 1000.000000000000000 ) ;
#6127 = AXIS2_PLACEMENT_3D ( 'NONE', #8311, #2238, #3201 ) ;
#6128 = ORIENTED_EDGE ( 'NONE', *, *, #939, .F. ) ;
#6129 = CIRCLE ( 'NONE', #8863, 2.500000000000000444 ) ;
#6130 = CARTESIAN_POINT ( 'NONE',  ( 77.61249999999999716, 8.274999999999998579, -6.985329661611388907 ) ) ;
#6131 = ADVANCED_FACE ( 'NONE', ( #8804 ), #6232, .T. ) ;
#6132 = DIRECTION ( 'NONE',  ( -1.000000000000000000, 0.000000000000000000, -0.000000000000000000 ) ) ;
#6133 = VECTOR ( 'NONE', #11074, 1000.000000000000114 ) ;
#6134 = EDGE_CURVE ( 'NONE', #5063, #7879, #5651, .T. ) ;
#6135 = DIRECTION ( 'NONE',  ( 0.000000000000000000, 1.000000000000000000, 0.000000000000000000 ) ) ;
#6136 = EDGE_LOOP ( 'NONE', ( #940, #6326, #10926, #6962, #3397, #3383, #8743, #2812, #8525, #3627, #8430, #4261 ) ) ;
#6137 = PLANE ( 'NONE',  #1479 ) ;
#6138 = DIRECTION ( 'NONE',  ( 0.000000000000000000, 0.000000000000000000, 1.000000000000000000 ) ) ;
#6139 = ORIENTED_EDGE ( 'NONE', *, *, #4136, .T. ) ;
#6140 = DIRECTION ( 'NONE',  ( 0.000000000000000000, -0.8918917311500192957, -0.4522489799946727840 ) ) ;
#6141 = EDGE_CURVE ( 'NONE', #8564, #10427, #5384, .T. ) ;
#6142 = EDGE_CURVE ( 'NONE', #424, #6935, #7526, .T. ) ;
#6143 = VECTOR ( 'NONE', #4509, 1000.000000000000000 ) ;
#6144 = ORIENTED_EDGE ( 'NONE', *, *, #8293, .F. ) ;
#6145 = CARTESIAN_POINT ( 'NONE',  ( 43.40689872104514535, 95.63999999999417412, -7.959769997217390092 ) ) ;
#6146 = VECTOR ( 'NONE', #2731, 1000.000000000000000 ) ;
#6147 = ORIENTED_EDGE ( 'NONE', *, *, #1425, .T. ) ;
#6148 = PLANE ( 'NONE',  #1331 ) ;
#6149 = PLANE ( 'NONE',  #3408 ) ;
#6150 = VECTOR ( 'NONE', #4708, 1000.000000000000114 ) ;
#6151 = ADVANCED_FACE ( 'NONE', ( #604 ), #6921, .T. ) ;
#6152 = EDGE_CURVE ( 'NONE', #693, #9115, #3376, .T. ) ;
#6153 = CARTESIAN_POINT ( 'NONE',  ( -50.02648318102892233, 8.274999999999998579, 18.52763407003732254 ) ) ;
#6154 = CARTESIAN_POINT ( 'NONE',  ( 82.54999999999999716, 58.93999999999998352, 11.10020753820971251 ) ) ;
#6155 = ORIENTED_EDGE ( 'NONE', *, *, #3164, .F. ) ;
#6156 = CARTESIAN_POINT ( 'NONE',  ( -76.81501998216512561, 8.274999999999998579, -2.578845727014059008 ) ) ;
#6157 = CYLINDRICAL_SURFACE ( 'NONE', #1749, 25.00000000000000000 ) ;
#6158 = LINE ( 'NONE', #10417, #7962 ) ;
#6159 = VERTEX_POINT ( 'NONE', #6717 ) ;
#6160 = ORIENTED_EDGE ( 'NONE', *, *, #8591, .T. ) ;
#6161 = ORIENTED_EDGE ( 'NONE', *, *, #8637, .F. ) ;
#6162 = CARTESIAN_POINT ( 'NONE',  ( 54.81500000380517434, 5.099999999999999645, 19.62115427306273219 ) ) ;
#6163 = CARTESIAN_POINT ( 'NONE',  ( -61.81289880791658931, 8.274999999999998579, 18.26344096711873277 ) ) ;
#6164 = FACE_OUTER_BOUND ( 'NONE', #896, .T. ) ;
#6165 = CARTESIAN_POINT ( 'NONE',  ( 50.48689872104515075, 95.28999999999417980, -0.6299859283196093118 ) ) ;
#6166 = CARTESIAN_POINT ( 'NONE',  ( -50.48689872104514365, 74.67980196068272392, -26.29001273249923898 ) ) ;
#6167 = VECTOR ( 'NONE', #2313, 1000.000000000000000 ) ;
#6168 = DIRECTION ( 'NONE',  ( 1.521157000053560499E-16, 0.000000000000000000, -1.000000000000000000 ) ) ;
#6169 = CARTESIAN_POINT ( 'NONE',  ( -69.20000000000000284, 5.100000000000000533, -0.6211324209939360630 ) ) ;
#6170 = ORIENTED_EDGE ( 'NONE', *, *, #741, .F. ) ;
#6171 = ORIENTED_EDGE ( 'NONE', *, *, #6247, .F. ) ;
#6172 = DIRECTION ( 'NONE',  ( -1.000000000000000000, 0.000000000000000000, 0.000000000000000000 ) ) ;
#6173 = CIRCLE ( 'NONE', #8546, 0.7999800169725922450 ) ;
#6174 = AXIS2_PLACEMENT_3D ( 'NONE', #5267, #4355, #8843 ) ;
#6175 = ORIENTED_EDGE ( 'NONE', *, *, #4971, .F. ) ;
#6176 = AXIS2_PLACEMENT_3D ( 'NONE', #9098, #3750, #3868 ) ;
#6177 = CARTESIAN_POINT ( 'NONE',  ( -81.84979246179028678, 61.63999999999999346, -5.257691453874764775 ) ) ;
#6178 = CYLINDRICAL_SURFACE ( 'NONE', #5147, 5.000000000000004441 ) ;
#6179 = DIRECTION ( 'NONE',  ( 0.000000000000000000, 0.000000000000000000, 1.000000000000000000 ) ) ;
#6180 = DIRECTION ( 'NONE',  ( -0.5735764363510457153, 0.000000000000000000, 0.8191520442889921316 ) ) ;
#6181 = CARTESIAN_POINT ( 'NONE',  ( 77.61249999999999716, -4.758722840905003082, -32.75769145387477721 ) ) ;
#6182 = AXIS2_PLACEMENT_3D ( 'NONE', #8046, #1281, #5477 ) ;
#6183 = EDGE_LOOP ( 'NONE', ( #7198, #10271, #1342, #5969 ) ) ;
#6184 = DIRECTION ( 'NONE',  ( 0.000000000000000000, 1.000000000000000000, 0.000000000000000000 ) ) ;
#6185 = AXIS2_PLACEMENT_3D ( 'NONE', #10749, #2984, #6431 ) ;
#6186 = ORIENTED_EDGE ( 'NONE', *, *, #7342, .T. ) ;
#6187 = VERTEX_POINT ( 'NONE', #10190 ) ;
#6188 = DIRECTION ( 'NONE',  ( -9.337945923828023487E-13, -1.000000000000000000, 0.000000000000000000 ) ) ;
#6189 = EDGE_CURVE ( 'NONE', #8018, #11149, #8337, .T. ) ;
#6190 = FACE_OUTER_BOUND ( 'NONE', #3121, .T. ) ;
#6191 = DIRECTION ( 'NONE',  ( -0.000000000000000000, -1.000000000000000000, -0.000000000000000000 ) ) ;
#6192 = CARTESIAN_POINT ( 'NONE',  ( 46.58189872104513540, 72.67999878751419374, 2.358530551520390262 ) ) ;
#6193 = ORIENTED_EDGE ( 'NONE', *, *, #5187, .T. ) ;
#6194 = CYLINDRICAL_SURFACE ( 'NONE', #9085, 1.000000000000000888 ) ;
#6195 = CARTESIAN_POINT ( 'NONE',  ( 6.616791707254775723, 99.82583987928821045, -1.926688377379035311 ) ) ;
#6196 = ORIENTED_EDGE ( 'NONE', *, *, #6906, .T. ) ;
#6197 = AXIS2_PLACEMENT_3D ( 'NONE', #1860, #1695, #10364 ) ;
#6198 = ORIENTED_EDGE ( 'NONE', *, *, #5812, .F. ) ;
#6199 = EDGE_CURVE ( 'NONE', #10748, #9462, #1582, .T. ) ;
#6200 = EDGE_LOOP ( 'NONE', ( #1344, #11220 ) ) ;
#6201 = EDGE_CURVE ( 'NONE', #9141, #8643, #2478, .T. ) ;
#6202 = ORIENTED_EDGE ( 'NONE', *, *, #245, .T. ) ;
#6203 = VECTOR ( 'NONE', #7913, 1000.000000000000000 ) ;
#6204 = CARTESIAN_POINT ( 'NONE',  ( 1.717994992794269704, 124.8258398793072530, -15.72034833802699794 ) ) ;
#6205 = EDGE_CURVE ( 'NONE', #5150, #10377, #7640, .T. ) ;
#6206 = DIRECTION ( 'NONE',  ( 0.000000000000000000, 0.000000000000000000, -1.000000000000000000 ) ) ;
#6207 = CARTESIAN_POINT ( 'NONE',  ( 82.54999999999999716, 53.23979246179026603, 25.39999999999999858 ) ) ;
#6208 = ORIENTED_EDGE ( 'NONE', *, *, #10636, .F. ) ;
#6209 = DIRECTION ( 'NONE',  ( -1.000000000000000000, 0.000000000000000000, -0.000000000000000000 ) ) ;
#6210 = FACE_OUTER_BOUND ( 'NONE', #9821, .T. ) ;
#6211 = LINE ( 'NONE', #9685, #2897 ) ;
#6212 = ORIENTED_EDGE ( 'NONE', *, *, #3844, .F. ) ;
#6213 = ORIENTED_EDGE ( 'NONE', *, *, #1446, .F. ) ;
#6214 = EDGE_CURVE ( 'NONE', #1675, #7976, #10513, .T. ) ;
#6215 = DIRECTION ( 'NONE',  ( 0.000000000000000000, -1.000000000000000000, 0.000000000000000000 ) ) ;
#6216 = EDGE_CURVE ( 'NONE', #6001, #2409, #1632, .T. ) ;
#6217 = LINE ( 'NONE', #9465, #2355 ) ;
#6218 = CARTESIAN_POINT ( 'NONE',  ( 8.384417448465057987, 99.82583987928821045, 20.56133305602351413 ) ) ;
#6219 = DIRECTION ( 'NONE',  ( -1.902368341696336056E-08, 0.000000000000000000, 0.9999999999999998890 ) ) ;
#6220 = AXIS2_PLACEMENT_3D ( 'NONE', #1566, #10116, #4266 ) ;
#6221 = CARTESIAN_POINT ( 'NONE',  ( -33.75499999999998124, -27.00000000000000355, 0.000000000000000000 ) ) ;
#6222 = CIRCLE ( 'NONE', #8953, 24.20000000000000639 ) ;
#6223 = CARTESIAN_POINT ( 'NONE',  ( 46.58189872104514251, 95.63999999999417412, -7.959769997217391868 ) ) ;
#6224 = ORIENTED_EDGE ( 'NONE', *, *, #8258, .T. ) ;
#6225 = ORIENTED_EDGE ( 'NONE', *, *, #126, .F. ) ;
#6226 = EDGE_CURVE ( 'NONE', #8564, #7578, #10292, .T. ) ;
#6227 = CIRCLE ( 'NONE', #4967, 1.000000000000000888 ) ;
#6228 = ORIENTED_EDGE ( 'NONE', *, *, #9825, .F. ) ;
#6229 = FACE_OUTER_BOUND ( 'NONE', #5008, .T. ) ;
#6230 = PLANE ( 'NONE',  #3954 ) ;
#6231 = PLANE ( 'NONE',  #3158 ) ;
#6232 = PLANE ( 'NONE',  #7074 ) ;
#6233 = CARTESIAN_POINT ( 'NONE',  ( -43.40689872104513825, 69.46500000000000341, -29.66122071973760299 ) ) ;
#6234 = CYLINDRICAL_SURFACE ( 'NONE', #458, 1.000000000000000888 ) ;
#6235 = ORIENTED_EDGE ( 'NONE', *, *, #440, .F. ) ;
#6236 = CARTESIAN_POINT ( 'NONE',  ( -16.75499999999995993, 6.349999999999999645, 7.542308546125213731 ) ) ;
#6237 = VECTOR ( 'NONE', #3726, 1000.000000000000000 ) ;
#6238 = ORIENTED_EDGE ( 'NONE', *, *, #1825, .F. ) ;
#6239 = ORIENTED_EDGE ( 'NONE', *, *, #6346, .F. ) ;
#6240 = CARTESIAN_POINT ( 'NONE',  ( 3.101698183575731183E-15, 109.8258398792882247, 36.89999999999999147 ) ) ;
#6241 = AXIS2_PLACEMENT_3D ( 'NONE', #3980, #10797, #4774 ) ;
#6242 = DIRECTION ( 'NONE',  ( -0.000000000000000000, -0.5283332255394525001, -0.8490371033064915141 ) ) ;
#6243 = CARTESIAN_POINT ( 'NONE',  ( 82.54999999999999716, 67.34020753820971095, 25.39999999999999858 ) ) ;
#6244 = DIRECTION ( 'NONE',  ( 0.000000000000000000, 0.000000000000000000, 1.000000000000000000 ) ) ;
#6245 = CARTESIAN_POINT ( 'NONE',  ( 54.81500000380517434, 8.274999999999998579, 19.62115427306273219 ) ) ;
#6246 = VERTEX_POINT ( 'NONE', #8396 ) ;
#6247 = EDGE_CURVE ( 'NONE', #8544, #6817, #8663, .T. ) ;
#6248 = FACE_BOUND ( 'NONE', #588, .T. ) ;
#6249 = CARTESIAN_POINT ( 'NONE',  ( 82.54999999999999716, 104.8258398792882105, 46.90000000000009095 ) ) ;
#6250 = ORIENTED_EDGE ( 'NONE', *, *, #10383, .F. ) ;
#6251 = CIRCLE ( 'NONE', #643, 12.50000000000000000 ) ;
#6252 = VERTEX_POINT ( 'NONE', #999 ) ;
#6253 = ORIENTED_EDGE ( 'NONE', *, *, #2339, .T. ) ;
#6254 = EDGE_LOOP ( 'NONE', ( #10285, #4609, #11042, #2960, #10969 ) ) ;
#6255 = VECTOR ( 'NONE', #1473, 1000.000000000000000 ) ;
#6256 = LINE ( 'NONE', #6374, #8915 ) ;
#6257 = DIRECTION ( 'NONE',  ( -2.787090821298670553E-12, 0.000000000000000000, 1.000000000000000000 ) ) ;
#6258 = DIRECTION ( 'NONE',  ( 1.000000000000000000, 0.000000000000000000, 0.000000000000000000 ) ) ;
#6259 = DIRECTION ( 'NONE',  ( 1.000000000000000000, -0.000000000000000000, -0.000000000000000000 ) ) ;
#6260 = PLANE ( 'NONE',  #10331 ) ;
#6261 = ORIENTED_EDGE ( 'NONE', *, *, #4384, .T. ) ;
#6262 = ADVANCED_FACE ( 'NONE', ( #4450 ), #6881, .F. ) ;
#6263 = DIRECTION ( 'NONE',  ( 1.000000000000000000, 0.000000000000000000, 1.335278419062900361E-16 ) ) ;
#6264 = CARTESIAN_POINT ( 'NONE',  ( 82.55000000000002558, 66.63999999999998636, -0.2576914538747651640 ) ) ;
#6265 = DIRECTION ( 'NONE',  ( 1.000000000000000000, 0.000000000000000000, 1.335278419062900361E-16 ) ) ;
#6266 = ORIENTED_EDGE ( 'NONE', *, *, #526, .T. ) ;
#6267 = ORIENTED_EDGE ( 'NONE', *, *, #8442, .F. ) ;
#6268 = CIRCLE ( 'NONE', #8820, 0.7999999999998425038 ) ;
#6269 = ADVANCED_FACE ( 'NONE', ( #4504 ), #1684, .F. ) ;
#6270 = ORIENTED_EDGE ( 'NONE', *, *, #7535, .T. ) ;
#6271 = DIRECTION ( 'NONE',  ( -1.593062912007103154E-16, -1.000000000000000000, 8.295151110468892070E-17 ) ) ;
#6272 = CARTESIAN_POINT ( 'NONE',  ( 82.55000000000002558, 97.50000000000000000, 19.12967496797186939 ) ) ;
#6273 = CARTESIAN_POINT ( 'NONE',  ( 43.40689872104514535, 95.28999999999417980, -0.6299859283196082016 ) ) ;
#6274 = ADVANCED_FACE ( 'NONE', ( #3666, #3436, #30 ), #6260, .F. ) ;
#6275 = EDGE_CURVE ( 'NONE', #3903, #792, #947, .T. ) ;
#6276 = CARTESIAN_POINT ( 'NONE',  ( -33.11067117007558380, 97.50000000000000000, 21.29350972893928429 ) ) ;
#6277 = FACE_OUTER_BOUND ( 'NONE', #80, .T. ) ;
#6278 = EDGE_CURVE ( 'NONE', #10225, #5537, #4285, .T. ) ;
#6279 = ORIENTED_EDGE ( 'NONE', *, *, #361, .T. ) ;
#6280 = ORIENTED_EDGE ( 'NONE', *, *, #2843, .T. ) ;
#6281 = ADVANCED_FACE ( 'NONE', ( #1057 ), #7917, .F. ) ;
#6282 = EDGE_CURVE ( 'NONE', #10405, #8586, #11210, .T. ) ;
#6283 = ORIENTED_EDGE ( 'NONE', *, *, #1432, .F. ) ;
#6284 = DIRECTION ( 'NONE',  ( -1.000000000000000000, 0.000000000000000000, 5.782411586589358625E-17 ) ) ;
#6285 = VERTEX_POINT ( 'NONE', #7059 ) ;
#6286 = FACE_OUTER_BOUND ( 'NONE', #723, .T. ) ;
#6287 = CARTESIAN_POINT ( 'NONE',  ( 50.48689872104515075, 96.40000537621601495, 3.358535111626435476 ) ) ;
#6288 = DIRECTION ( 'NONE',  ( -1.000000000000000000, 0.000000000000000000, 0.000000000000000000 ) ) ;
#6289 = DIRECTION ( 'NONE',  ( -1.000000000000000000, -0.000000000000000000, -0.000000000000000000 ) ) ;
#6290 = DIRECTION ( 'NONE',  ( 0.000000000000000000, -0.000000000000000000, 1.000000000000000000 ) ) ;
#6291 = CARTESIAN_POINT ( 'NONE',  ( -5.461913016203100213, 99.82583987928822467, 17.99110605185478562 ) ) ;
#6292 = CARTESIAN_POINT ( 'NONE',  ( 6.180036174145409511, 110.5897479252194842, 36.89999999999999858 ) ) ;
#6293 = EDGE_CURVE ( 'NONE', #8590, #11107, #3283, .T. ) ;
#6294 = ADVANCED_FACE ( 'NONE', ( #9568 ), #6034, .F. ) ;
#6295 = DIRECTION ( 'NONE',  ( -1.000000000000000000, 0.000000000000000000, 2.131755774931517135E-14 ) ) ;
#6296 = VERTEX_POINT ( 'NONE', #1742 ) ;
#6297 = ORIENTED_EDGE ( 'NONE', *, *, #2272, .F. ) ;
#6298 = CIRCLE ( 'NONE', #5392, 2.500000000000009326 ) ;
#6299 = AXIS2_PLACEMENT_3D ( 'NONE', #3997, #6380, #1173 ) ;
#6300 = DIRECTION ( 'NONE',  ( 0.000000000000000000, 0.000000000000000000, 1.000000000000000000 ) ) ;
#6301 = DIRECTION ( 'NONE',  ( 0.000000000000000000, 0.000000000000000000, 1.000000000000000000 ) ) ;
#6302 = TOROIDAL_SURFACE ( 'NONE', #2882, 26.00000000000000355, 1.000000000000000000 ) ;
#6303 = LINE ( 'NONE', #6245, #3098 ) ;
#6304 = AXIS2_PLACEMENT_3D ( 'NONE', #8124, #5664, #8181 ) ;
#6305 = ORIENTED_EDGE ( 'NONE', *, *, #10816, .T. ) ;
#6306 = VECTOR ( 'NONE', #5405, 1000.000000000000000 ) ;
#6307 = LINE ( 'NONE', #5567, #2018 ) ;
#6308 = DIRECTION ( 'NONE',  ( 0.9999999999999973355, 0.000000000000000000, 7.246021204162496233E-08 ) ) ;
#6309 = EDGE_LOOP ( 'NONE', ( #8575, #66, #8187, #5309 ) ) ;
#6310 = VERTEX_POINT ( 'NONE', #86 ) ;
#6311 = VERTEX_POINT ( 'NONE', #9628 ) ;
#6312 = CIRCLE ( 'NONE', #10474, 1.000000000000000888 ) ;
#6313 = VERTEX_POINT ( 'NONE', #6153 ) ;
#6314 = LINE ( 'NONE', #5411, #6895 ) ;
#6315 = DIRECTION ( 'NONE',  ( 0.000000000000000000, 0.000000000000000000, 1.000000000000000000 ) ) ;
#6316 = DIRECTION ( 'NONE',  ( 0.000000000000000000, 0.000000000000000000, 1.000000000000000000 ) ) ;
#6317 = DIRECTION ( 'NONE',  ( 0.000000000000000000, 0.000000000000000000, 1.000000000000000000 ) ) ;
#6318 = EDGE_LOOP ( 'NONE', ( #6516, #6560, #5662, #1247, #425, #297, #3942, #2268, #8706, #9025 ) ) ;
#6319 = DIRECTION ( 'NONE',  ( -0.000000000000000000, 0.000000000000000000, 1.000000000000000000 ) ) ;
#6320 = DIRECTION ( 'NONE',  ( -1.335278419062900361E-16, -1.677434638215118264E-15, 1.000000000000000000 ) ) ;
#6321 = AXIS2_PLACEMENT_3D ( 'NONE', #2744, #5128, #73 ) ;
#6322 = FACE_OUTER_BOUND ( 'NONE', #1759, .T. ) ;
#6324 = DIRECTION ( 'NONE',  ( -0.008479329218857856176, -0.9999640498417921020, 0.000000000000000000 ) ) ;
#6323 = VECTOR ( 'NONE', #1541, 1000.000000000000000 ) ;
#6325 = VECTOR ( 'NONE', #230, 1000.000000000000000 ) ;
#6326 = ORIENTED_EDGE ( 'NONE', *, *, #6120, .T. ) ;
#6327 = ORIENTED_EDGE ( 'NONE', *, *, #4242, .F. ) ;
#6328 = ORIENTED_EDGE ( 'NONE', *, *, #3688, .T. ) ;
#6329 = ADVANCED_FACE ( 'NONE', ( #5194 ), #5359, .F. ) ;
#6330 = VECTOR ( 'NONE', #2230, 1000.000000000000000 ) ;
#6331 = DIRECTION ( 'NONE',  ( 0.000000000000000000, 0.000000000000000000, 1.000000000000000000 ) ) ;
#6332 = VECTOR ( 'NONE', #1291, 1000.000000000000114 ) ;
#6333 = CARTESIAN_POINT ( 'NONE',  ( -7.360594334363413260, 110.3527707763611971, 36.89999999999998437 ) ) ;
#6334 = LINE ( 'NONE', #8841, #8612 ) ;
#6335 = CARTESIAN_POINT ( 'NONE',  ( 50.48689872104515075, 95.28999999999417980, 0.5200140716803901553 ) ) ;
#6336 = FACE_BOUND ( 'NONE', #10529, .T. ) ;
#6337 = EDGE_LOOP ( 'NONE', ( #1170, #9470, #3292, #535 ) ) ;
#6338 = ORIENTED_EDGE ( 'NONE', *, *, #8934, .T. ) ;
#6339 = ORIENTED_EDGE ( 'NONE', *, *, #3311, .T. ) ;
#6340 = EDGE_CURVE ( 'NONE', #3672, #2140, #2015, .T. ) ;
#6341 = VERTEX_POINT ( 'NONE', #6995 ) ;
#6342 = ADVANCED_FACE ( 'NONE', ( #2700 ), #1847, .F. ) ;
#6343 = LINE ( 'NONE', #10719, #2337 ) ;
#6344 = CARTESIAN_POINT ( 'NONE',  ( 2.554834269181485580E-15, 72.64000000000000057, -26.48622071973760583 ) ) ;
#6345 = LINE ( 'NONE', #8014, #7690 ) ;
#6346 = EDGE_CURVE ( 'NONE', #7170, #2793, #10577, .T. ) ;
#6347 = EDGE_CURVE ( 'NONE', #8035, #9661, #5579, .T. ) ;
#6348 = DIRECTION ( 'NONE',  ( 1.000000000000000000, 0.000000000000000000, -0.000000000000000000 ) ) ;
#6349 = DIRECTION ( 'NONE',  ( -8.863495325085417182E-17, 0.000000000000000000, -1.000000000000000000 ) ) ;
#6350 = ORIENTED_EDGE ( 'NONE', *, *, #10806, .T. ) ;
#6351 = VECTOR ( 'NONE', #9383, 1000.000000000000000 ) ;
#6352 = EDGE_LOOP ( 'NONE', ( #2795, #4624, #6398, #9104, #141, #10565, #3541, #8210, #8431, #1916, #4287, #5514, #1187, #8774, #9084, #343, #4082 ) ) ;
#6353 = ORIENTED_EDGE ( 'NONE', *, *, #540, .T. ) ;
#6354 = VECTOR ( 'NONE', #1210, 1000.000000000000000 ) ;
#6355 = EDGE_CURVE ( 'NONE', #164, #365, #9431, .T. ) ;
#6356 = EDGE_CURVE ( 'NONE', #3223, #8765, #5414, .T. ) ;
#6357 = LINE ( 'NONE', #9829, #10220 ) ;
#6358 = VECTOR ( 'NONE', #2040, 1000.000000000000000 ) ;
#6359 = DIRECTION ( 'NONE',  ( 1.000000000000000000, 0.000000000000000000, 0.000000000000000000 ) ) ;
#6360 = ADVANCED_FACE ( 'NONE', ( #4558, #2191, #1116, #1337 ), #2876, .T. ) ;
#6361 = AXIS2_PLACEMENT_3D ( 'NONE', #8482, #4893, #8303 ) ;
#6362 = CARTESIAN_POINT ( 'NONE',  ( -69.20000000000000284, 18.84999999999999787, -24.58269145387476584 ) ) ;
#6363 = LINE ( 'NONE', #9833, #381 ) ;
#6364 = ORIENTED_EDGE ( 'NONE', *, *, #6892, .T. ) ;
#6365 = FACE_BOUND ( 'NONE', #1228, .T. ) ;
#6366 = ORIENTED_EDGE ( 'NONE', *, *, #2910, .F. ) ;
#6367 = DIRECTION ( 'NONE',  ( -9.348077867343818070E-13, -1.000000000000000000, 0.000000000000000000 ) ) ;
#6368 = ORIENTED_EDGE ( 'NONE', *, *, #3323, .T. ) ;
#6369 = VECTOR ( 'NONE', #5254, 1000.000000000000000 ) ;
#6370 = EDGE_CURVE ( 'NONE', #6771, #9013, #7351, .T. ) ;
#6371 = AXIS2_PLACEMENT_3D ( 'NONE', #4943, #10796, #10050 ) ;
#6372 = ORIENTED_EDGE ( 'NONE', *, *, #10150, .F. ) ;
#6373 = ORIENTED_EDGE ( 'NONE', *, *, #3547, .F. ) ;
#6374 = CARTESIAN_POINT ( 'NONE',  ( 76.81501998216515403, 8.274999999999998579, 17.92115427298595876 ) ) ;
#6375 = CARTESIAN_POINT ( 'NONE',  ( 41.54999999999999716, 97.82583987928822467, 22.30467496797187010 ) ) ;
#6376 = DIRECTION ( 'NONE',  ( 0.000000000000000000, 1.000000000000000000, -0.000000000000000000 ) ) ;
#6377 = CARTESIAN_POINT ( 'NONE',  ( 50.48689872104515075, 74.97269081489451992, 3.358530552390480040 ) ) ;
#6378 = CARTESIAN_POINT ( 'NONE',  ( 50.48689872104515075, 95.63999999999417412, -7.959769997217391868 ) ) ;
#6379 = FACE_OUTER_BOUND ( 'NONE', #6782, .T. ) ;
#6380 = DIRECTION ( 'NONE',  ( -1.734723475976806848E-16, 0.000000000000000000, -1.000000000000000000 ) ) ;
#6381 = VERTEX_POINT ( 'NONE', #8150 ) ;
#6382 = CARTESIAN_POINT ( 'NONE',  ( 50.48689872104514365, 74.67980196068272392, -26.29001273249923898 ) ) ;
#6383 = VERTEX_POINT ( 'NONE', #3713 ) ;
#6384 = ORIENTED_EDGE ( 'NONE', *, *, #4043, .T. ) ;
#6385 = ORIENTED_EDGE ( 'NONE', *, *, #11156, .F. ) ;
#6386 = EDGE_CURVE ( 'NONE', #6313, #2826, #3809, .T. ) ;
#6387 = LINE ( 'NONE', #10766, #508 ) ;
#6388 = VECTOR ( 'NONE', #10408, 1000.000000000000000 ) ;
#6389 = AXIS2_PLACEMENT_3D ( 'NONE', #4829, #6523, #10909 ) ;
#6390 = PLANE ( 'NONE',  #6866 ) ;
#6391 = CARTESIAN_POINT ( 'NONE',  ( 82.54999999999999716, 53.23979246179026603, 5.399999999999993250 ) ) ;
#6392 = DIRECTION ( 'NONE',  ( 1.000000000000000000, -0.000000000000000000, -1.335278419062900115E-16 ) ) ;
#6393 = CARTESIAN_POINT ( 'NONE',  ( 33.75500000000002387, 10.00000000000000000, -3.738845726937403580 ) ) ;
#6394 = VECTOR ( 'NONE', #9256, 1000.000000000000000 ) ;
#6395 = ORIENTED_EDGE ( 'NONE', *, *, #10455, .F. ) ;
#6396 = ORIENTED_EDGE ( 'NONE', *, *, #2775, .T. ) ;
#6397 = ORIENTED_EDGE ( 'NONE', *, *, #3859, .T. ) ;
#6398 = ORIENTED_EDGE ( 'NONE', *, *, #6982, .T. ) ;
#6399 = LINE ( 'NONE', #10716, #5828 ) ;
#6400 = DIRECTION ( 'NONE',  ( -1.000000000000000000, 0.000000000000000000, 0.000000000000000000 ) ) ;
#6401 = AXIS2_PLACEMENT_3D ( 'NONE', #1100, #3588, #182 ) ;
#6402 = CIRCLE ( 'NONE', #8235, 2.499724320747617856 ) ;
#6403 = CARTESIAN_POINT ( 'NONE',  ( 0.000000000000000000, 90.00000000000000000, 22.30467496797187010 ) ) ;
#6404 = CARTESIAN_POINT ( 'NONE',  ( -32.56528265357331264, 97.50000000000000000, 22.30467496797187010 ) ) ;
#6405 = LINE ( 'NONE', #10835, #9860 ) ;
#6406 = CARTESIAN_POINT ( 'NONE',  ( 50.48689872104515075, 96.40000537621601495, 3.358535111626435476 ) ) ;
#6407 = DIRECTION ( 'NONE',  ( 0.000000000000000000, -1.000000000000000000, 0.000000000000000000 ) ) ;
#6408 = ORIENTED_EDGE ( 'NONE', *, *, #10846, .F. ) ;
#6409 = EDGE_CURVE ( 'NONE', #5299, #3929, #4716, .T. ) ;
#6410 = ORIENTED_EDGE ( 'NONE', *, *, #4178, .T. ) ;
#6411 = AXIS2_PLACEMENT_3D ( 'NONE', #8182, #1087, #9817 ) ;
#6412 = ORIENTED_EDGE ( 'NONE', *, *, #8309, .F. ) ;
#6413 = EDGE_CURVE ( 'NONE', #9593, #7204, #10337, .T. ) ;
#6414 = DIRECTION ( 'NONE',  ( -1.000000000000000000, 0.000000000000000000, -0.000000000000000000 ) ) ;
#6415 = DIRECTION ( 'NONE',  ( 0.000000000000000000, -0.000000000000000000, -1.000000000000000000 ) ) ;
#6416 = CARTESIAN_POINT ( 'NONE',  ( 76.81501998216515403, 8.274999999999998579, 20.22115427298596302 ) ) ;
#6417 = CIRCLE ( 'NONE', #4074, 26.00000000000000355 ) ;
#6418 = CARTESIAN_POINT ( 'NONE',  ( -42.55000000000002558, 92.50000000000000000, 33.89999999999999147 ) ) ;
#6419 = LINE ( 'NONE', #3079, #6600 ) ;
#6420 = LINE ( 'NONE', #9033, #6544 ) ;
#6421 = ORIENTED_EDGE ( 'NONE', *, *, #1197, .T. ) ;
#6422 = ADVANCED_FACE ( 'NONE', ( #2132 ), #3934, .F. ) ;
#6423 = FACE_OUTER_BOUND ( 'NONE', #10221, .T. ) ;
#6424 = DIRECTION ( 'NONE',  ( 0.8481145238789871144, 0.000000000000000000, 0.5298129428255965445 ) ) ;
#6425 = VERTEX_POINT ( 'NONE', #1169 ) ;
#6426 = EDGE_CURVE ( 'NONE', #3211, #2615, #364, .T. ) ;
#6427 = ORIENTED_EDGE ( 'NONE', *, *, #8923, .F. ) ;
#6428 = VECTOR ( 'NONE', #4649, 1000.000000000000000 ) ;
#6429 = EDGE_CURVE ( 'NONE', #9508, #8443, #9789, .T. ) ;
#6430 = ORIENTED_EDGE ( 'NONE', *, *, #5115, .T. ) ;
#6431 = DIRECTION ( 'NONE',  ( 0.000000000000000000, 0.000000000000000000, -1.000000000000000000 ) ) ;
#6432 = LINE ( 'NONE', #7237, #7770 ) ;
#6433 = DIRECTION ( 'NONE',  ( 1.593062912007103154E-16, 1.000000000000000000, -9.752486161499972110E-17 ) ) ;
#6434 = LINE ( 'NONE', #9901, #2927 ) ;
#6435 = ORIENTED_EDGE ( 'NONE', *, *, #1845, .T. ) ;
#6436 = VECTOR ( 'NONE', #2959, 1000.000000000000000 ) ;
#6437 = CARTESIAN_POINT ( 'NONE',  ( 11.25500000000000433, 4.249377385370907589, 5.042308546125213731 ) ) ;
#6438 = FACE_OUTER_BOUND ( 'NONE', #9488, .T. ) ;
#6439 = ADVANCED_FACE ( 'NONE', ( #3820 ), #10753, .F. ) ;
#6440 = ORIENTED_EDGE ( 'NONE', *, *, #2475, .F. ) ;
#6441 = ORIENTED_EDGE ( 'NONE', *, *, #6464, .T. ) ;
#6442 = ORIENTED_EDGE ( 'NONE', *, *, #1302, .T. ) ;
#6443 = VECTOR ( 'NONE', #8170, 1000.000000000000000 ) ;
#6444 = DIRECTION ( 'NONE',  ( 0.000000000000000000, 0.000000000000000000, 1.000000000000000000 ) ) ;
#6445 = CARTESIAN_POINT ( 'NONE',  ( 77.61250000000001137, 82.35514882866895903, 10.39999999999999325 ) ) ;
#6446 = CARTESIAN_POINT ( 'NONE',  ( -5.461913016039824598, 96.12583987928823603, -1.124087247170217685 ) ) ;
#6447 = CARTESIAN_POINT ( 'NONE',  ( -50.48689872104515075, 97.40000406513269127, 2.358535216981981542 ) ) ;
#6448 = CARTESIAN_POINT ( 'NONE',  ( -23.07862717547718034, 99.82583987928822467, 1.150873398797775282 ) ) ;
#6449 = LINE ( 'NONE', #8278, #6713 ) ;
#6450 = CARTESIAN_POINT ( 'NONE',  ( -82.54999999999999716, 6.349999999999999645, 25.39999999999999858 ) ) ;
#6451 = VECTOR ( 'NONE', #2821, 1000.000000000000000 ) ;
#6452 = ORIENTED_EDGE ( 'NONE', *, *, #8967, .F. ) ;
#6453 = ORIENTED_EDGE ( 'NONE', *, *, #8139, .T. ) ;
#6454 = EDGE_LOOP ( 'NONE', ( #1177, #11093, #6686, #7200 ) ) ;
#6455 = EDGE_LOOP ( 'NONE', ( #10123, #2940, #5366, #76, #7042, #5868, #2839, #3735 ) ) ;
#6456 = DIRECTION ( 'NONE',  ( -1.000000000000000000, 0.000000000000000000, 0.000000000000000000 ) ) ;
#6457 = CARTESIAN_POINT ( 'NONE',  ( 81.55000000000001137, 58.93999999999998352, -0.2576914538747649974 ) ) ;
#6458 = DIRECTION ( 'NONE',  ( -1.000000000000000000, -0.000000000000000000, -0.000000000000000000 ) ) ;
#6459 = DIRECTION ( 'NONE',  ( 1.000000000000000000, 0.000000000000000000, 0.000000000000000000 ) ) ;
#6460 = CARTESIAN_POINT ( 'NONE',  ( -2.629020911857209811E-15, 72.64000000000000057, -29.66122071973760654 ) ) ;
#6461 = ORIENTED_EDGE ( 'NONE', *, *, #245, .F. ) ;
#6462 = ORIENTED_EDGE ( 'NONE', *, *, #731, .F. ) ;
#6463 = DIRECTION ( 'NONE',  ( 0.000000000000000000, 1.000000000000000000, 0.000000000000000000 ) ) ;
#6464 = EDGE_CURVE ( 'NONE', #8933, #8143, #9436, .T. ) ;
#6465 = FACE_BOUND ( 'NONE', #3213, .T. ) ;
#6466 = CARTESIAN_POINT ( 'NONE',  ( -8.300429496984964572, 99.82583987928822467, 18.68350972839287394 ) ) ;
#6467 = FACE_OUTER_BOUND ( 'NONE', #4622, .T. ) ;
#6468 = CARTESIAN_POINT ( 'NONE',  ( 0.000000000000000000, 72.64000000000000057, 19.12967496797186939 ) ) ;
#6469 = PLANE ( 'NONE',  #4537 ) ;
#6470 = EDGE_LOOP ( 'NONE', ( #8836, #2626, #3147, #3842 ) ) ;
#6471 = LINE ( 'NONE', #10741, #7804 ) ;
#6472 = ORIENTED_EDGE ( 'NONE', *, *, #9699, .F. ) ;
#6473 = EDGE_LOOP ( 'NONE', ( #5643, #1466, #456, #8079 ) ) ;
#6474 = EDGE_CURVE ( 'NONE', #329, #7648, #6434, .T. ) ;
#6475 = VERTEX_POINT ( 'NONE', #4728 ) ;
#6476 = EDGE_CURVE ( 'NONE', #4713, #7053, #3034, .T. ) ;
#6477 = VECTOR ( 'NONE', #6025, 1000.000000000000227 ) ;
#6478 = AXIS2_PLACEMENT_3D ( 'NONE', #7674, #10395, #6075 ) ;
#6479 = DIRECTION ( 'NONE',  ( -1.000000000000000000, 0.000000000000000000, 1.335278419062900361E-16 ) ) ;
#6480 = CARTESIAN_POINT ( 'NONE',  ( -82.54999999999999716, -27.00000000000000355, -10.25769145387463688 ) ) ;
#6481 = EDGE_CURVE ( 'NONE', #7327, #8835, #9954, .T. ) ;
#6482 = EDGE_LOOP ( 'NONE', ( #8694, #2567, #1656, #7978 ) ) ;
#6483 = EDGE_CURVE ( 'NONE', #315, #9015, #1963, .T. ) ;
#6484 = LINE ( 'NONE', #9956, #9283 ) ;
#6485 = CARTESIAN_POINT ( 'NONE',  ( 82.54999999999999716, 58.93999999999998352, -0.2576914538747649974 ) ) ;
#6486 = DIRECTION ( 'NONE',  ( 0.000000000000000000, 0.000000000000000000, 1.000000000000000000 ) ) ;
#6487 = VERTEX_POINT ( 'NONE', #1395 ) ;
#6488 = CARTESIAN_POINT ( 'NONE',  ( -81.84979246179028678, 61.63999999999999346, 10.39999999999999325 ) ) ;
#6489 = VERTEX_POINT ( 'NONE', #4211 ) ;
#6490 = AXIS2_PLACEMENT_3D ( 'NONE', #1086, #7773, #8012 ) ;
#6491 = ORIENTED_EDGE ( 'NONE', *, *, #1313, .F. ) ;
#6492 = VECTOR ( 'NONE', #6284, 1000.000000000000000 ) ;
#6493 = ORIENTED_EDGE ( 'NONE', *, *, #5467, .T. ) ;
#6494 = DIRECTION ( 'NONE',  ( 0.000000000000000000, 1.000000000000000000, 0.000000000000000000 ) ) ;
#6495 = DIRECTION ( 'NONE',  ( 0.000000000000000000, 0.000000000000000000, -1.000000000000000000 ) ) ;
#6496 = EDGE_CURVE ( 'NONE', #7578, #1363, #2303, .T. ) ;
#6497 = EDGE_CURVE ( 'NONE', #1487, #2737, #4722, .T. ) ;
#6498 = CARTESIAN_POINT ( 'NONE',  ( -50.48689872104515075, 96.40000537621601495, 3.358535111626435476 ) ) ;
#6499 = AXIS2_PLACEMENT_3D ( 'NONE', #1726, #5179, #8646 ) ;
#6500 = DIRECTION ( 'NONE',  ( -1.291517902910694707E-16, -0.5283341024775852768, 0.8490365576105686207 ) ) ;
#6501 = CARTESIAN_POINT ( 'NONE',  ( 82.54999999999999716, 93.17499999999999716, -36.90129292916564907 ) ) ;
#6502 = VECTOR ( 'NONE', #10683, 1000.000000000000000 ) ;
#6503 = CARTESIAN_POINT ( 'NONE',  ( -61.59000000000155950, 8.274999999999998579, 19.62115427306273219 ) ) ;
#6504 = DIRECTION ( 'NONE',  ( 1.000000000000000000, -0.000000000000000000, 0.000000000000000000 ) ) ;
#6505 = DIRECTION ( 'NONE',  ( -0.000000000000000000, -1.000000000000000000, -0.000000000000000000 ) ) ;
#6506 = ORIENTED_EDGE ( 'NONE', *, *, #11155, .F. ) ;
#6507 = CARTESIAN_POINT ( 'NONE',  ( 77.54999999999999716, 104.8258398792882105, 36.89999999999998437 ) ) ;
#6508 = ORIENTED_EDGE ( 'NONE', *, *, #3586, .T. ) ;
#6509 = STYLED_ITEM ( 'NONE', ( #2621 ), #5983 ) ;
#6510 = ORIENTED_EDGE ( 'NONE', *, *, #4404, .T. ) ;
#6511 = CARTESIAN_POINT ( 'NONE',  ( -33.75499999999998124, 10.00000000000000000, -3.738845726937389813 ) ) ;
#6512 = CARTESIAN_POINT ( 'NONE',  ( -69.20000000000000284, 5.099999999999999645, -3.738845726937389813 ) ) ;
#6513 = CARTESIAN_POINT ( 'NONE',  ( -52.36501998304115091, 8.274999999999998579, 19.07115427297831900 ) ) ;
#6514 = CARTESIAN_POINT ( 'NONE',  ( -42.55000000000002558, 91.50000000000000000, 22.30467496797187010 ) ) ;
#6515 = DIRECTION ( 'NONE',  ( 1.000000000000000000, -0.000000000000000000, 1.335278419062900115E-16 ) ) ;
#6516 = ORIENTED_EDGE ( 'NONE', *, *, #5124, .T. ) ;
#6517 = EDGE_LOOP ( 'NONE', ( #10512, #6754, #7634, #2504, #9415, #5340 ) ) ;
#6518 = ORIENTED_EDGE ( 'NONE', *, *, #7684, .F. ) ;
#6519 = ORIENTED_EDGE ( 'NONE', *, *, #7961, .T. ) ;
#6520 = VECTOR ( 'NONE', #2530, 1000.000000000000000 ) ;
#6521 = DIRECTION ( 'NONE',  ( 2.498538852137597279E-15, -1.000000000000000000, -1.951983478232497813E-16 ) ) ;
#6522 = LINE ( 'NONE', #9996, #10143 ) ;
#6523 = DIRECTION ( 'NONE',  ( 1.000000000000000000, -0.000000000000000000, 0.000000000000000000 ) ) ;
#6524 = LINE ( 'NONE', #1266, #7347 ) ;
#6525 = PLANE ( 'NONE',  #9096 ) ;
#6526 = LINE ( 'NONE', #3199, #10563 ) ;
#6527 = VECTOR ( 'NONE', #7163, 999.9999999999998863 ) ;
#6528 = VERTEX_POINT ( 'NONE', #2361 ) ;
#6529 = EDGE_CURVE ( 'NONE', #2248, #3487, #5807, .T. ) ;
#6530 = ORIENTED_EDGE ( 'NONE', *, *, #1412, .F. ) ;
#6531 = AXIS2_PLACEMENT_3D ( 'NONE', #1560, #3198, #1328 ) ;
#6532 = AXIS2_PLACEMENT_3D ( 'NONE', #3343, #732, #8412 ) ;
#6533 = ORIENTED_EDGE ( 'NONE', *, *, #5189, .F. ) ;
#6534 = VECTOR ( 'NONE', #9274, 1000.000000000000000 ) ;
#6535 = DIRECTION ( 'NONE',  ( -1.000000000000000000, -0.000000000000000000, -0.000000000000000000 ) ) ;
#6536 = DIRECTION ( 'NONE',  ( 0.000000000000000000, -1.000000000000000000, -8.182657905550978279E-17 ) ) ;
#6537 = ORIENTED_EDGE ( 'NONE', *, *, #10420, .F. ) ;
#6538 = DIRECTION ( 'NONE',  ( -0.5735764363510581498, -1.118899434348419235E-16, -0.8191520442889834719 ) ) ;
#6539 = DIRECTION ( 'NONE',  ( -0.000000000000000000, -0.000000000000000000, -1.000000000000000000 ) ) ;
#6540 = ORIENTED_EDGE ( 'NONE', *, *, #11016, .T. ) ;
#6541 = DIRECTION ( 'NONE',  ( 0.000000000000000000, 0.000000000000000000, 1.000000000000000000 ) ) ;
#6542 = AXIS2_PLACEMENT_3D ( 'NONE', #1686, #34, #6209 ) ;
#6543 = EDGE_CURVE ( 'NONE', #9651, #3933, #4003, .T. ) ;
#6544 = VECTOR ( 'NONE', #4712, 1000.000000000000000 ) ;
#6545 = ORIENTED_EDGE ( 'NONE', *, *, #8380, .F. ) ;
#6546 = VERTEX_POINT ( 'NONE', #5748 ) ;
#6547 = ORIENTED_EDGE ( 'NONE', *, *, #8457, .F. ) ;
#6548 = DIRECTION ( 'NONE',  ( 1.000000000000000000, 0.000000000000000000, 0.000000000000000000 ) ) ;
#6549 = EDGE_CURVE ( 'NONE', #7578, #1536, #3205, .T. ) ;
#6550 = DIRECTION ( 'NONE',  ( 0.7071067811865489050, -0.7071067811865462405, -6.319127579352777226E-12 ) ) ;
#6551 = LINE ( 'NONE', #4920, #9246 ) ;
#6552 = DIRECTION ( 'NONE',  ( 1.000000000000000000, 0.000000000000000000, -9.169294481193143764E-14 ) ) ;
#6553 = PLANE ( 'NONE',  #9866 ) ;
#6554 = DIRECTION ( 'NONE',  ( 0.000000000000000000, -0.000000000000000000, -1.000000000000000000 ) ) ;
#6555 = DIRECTION ( 'NONE',  ( -0.7071067811865524577, -0.7071067811865425767, 0.000000000000000000 ) ) ;
#6556 = DIRECTION ( 'NONE',  ( 1.228232725407420948E-32, 0.000000000000000000, 1.000000000000000000 ) ) ;
#6557 = VERTEX_POINT ( 'NONE', #10921 ) ;
#6558 =( BOUNDED_SURFACE ( )  B_SPLINE_SURFACE ( 3, 2, ( 
 ( #9439, #1552, #8633 ),
 ( #9935, #1379, #2175 ),
 ( #571, #7542, #621 ),
 ( #4991, #11003, #3230 ) ),
 .UNSPECIFIED., .F., .F., .F. ) 
 B_SPLINE_SURFACE_WITH_KNOTS ( ( 4, 4 ),
 ( 3, 3 ),
 ( 0.01214628849625268119, 0.01313556158062854570 ),
 ( 0.000000000000000000, 1.000000000000000000 ),
 .UNSPECIFIED. ) 
 GEOMETRIC_REPRESENTATION_ITEM ( )  RATIONAL_B_SPLINE_SURFACE ( (
 ( 1.000000000000000000, 0.7210306795423045978, 1.000000000000000000),
 ( 1.000000000000000000, 0.7163428999798906460, 1.000000000000000000),
 ( 1.000000000000000000, 0.7117011534221893143, 1.000000000000000000),
 ( 1.000000000000000000, 0.7071067811865463515, 1.000000000000000000) ) ) 
 REPRESENTATION_ITEM ( '' )  SURFACE ( )  );
#6559 = EDGE_CURVE ( 'NONE', #10302, #8035, #2207, .T. ) ;
#6560 = ORIENTED_EDGE ( 'NONE', *, *, #151, .T. ) ;
#6561 = ORIENTED_EDGE ( 'NONE', *, *, #1991, .T. ) ;
#6562 = EDGE_CURVE ( 'NONE', #9607, #488, #4182, .T. ) ;
#6563 = ORIENTED_EDGE ( 'NONE', *, *, #4628, .F. ) ;
#6564 = LINE ( 'NONE', #10087, #8871 ) ;
#6565 = CARTESIAN_POINT ( 'NONE',  ( -82.55000000000002558, 97.50000000000000000, -26.48622071973760228 ) ) ;
#6566 = PLANE ( 'NONE',  #2993 ) ;
#6567 = AXIS2_PLACEMENT_3D ( 'NONE', #10000, #10913, #4833 ) ;
#6568 = FACE_BOUND ( 'NONE', #8547, .T. ) ;
#6569 = VECTOR ( 'NONE', #3194, 1000.000000000000000 ) ;
#6570 = CARTESIAN_POINT ( 'NONE',  ( 81.55000000000001137, 61.63999999999999346, 10.39999999999999325 ) ) ;
#6571 = ORIENTED_EDGE ( 'NONE', *, *, #569, .T. ) ;
#6572 = VERTEX_POINT ( 'NONE', #7681 ) ;
#6573 = VERTEX_POINT ( 'NONE', #8436 ) ;
#6574 = CARTESIAN_POINT ( 'NONE',  ( 81.55000000000001137, 61.63999999999999346, -5.257691453874764775 ) ) ;
#6575 = VECTOR ( 'NONE', #10794, 1000.000000000000000 ) ;
#6576 = LINE ( 'NONE', #2499, #3593 ) ;
#6577 = CARTESIAN_POINT ( 'NONE',  ( 61.59000000000065711, 8.274999999999998579, 18.12419718570802019 ) ) ;
#6578 = LINE ( 'NONE', #9094, #8699 ) ;
#6579 = DIRECTION ( 'NONE',  ( 0.000000000000000000, 1.000000000000000000, 0.000000000000000000 ) ) ;
#6580 = CARTESIAN_POINT ( 'NONE',  ( 13.75500000000000433, -24.89937738537090794, 7.542308546125213731 ) ) ;
#6581 = DIRECTION ( 'NONE',  ( 0.000000000000000000, 0.000000000000000000, 1.000000000000000000 ) ) ;
#6582 = EDGE_LOOP ( 'NONE', ( #3099, #438, #6883, #4263 ) ) ;
#6583 = AXIS2_PLACEMENT_3D ( 'NONE', #4697, #6458, #9870 ) ;
#6584 = AXIS2_PLACEMENT_3D ( 'NONE', #8839, #2035, #5483 ) ;
#6585 = CARTESIAN_POINT ( 'NONE',  ( 69.20000000000776197, 8.275000000000277467, -0.6211324209935975560 ) ) ;
#6586 = FACE_OUTER_BOUND ( 'NONE', #7912, .T. ) ;
#6587 = ORIENTED_EDGE ( 'NONE', *, *, #8711, .F. ) ;
#6588 = FACE_OUTER_BOUND ( 'NONE', #2702, .T. ) ;
#6589 = ORIENTED_EDGE ( 'NONE', *, *, #1724, .T. ) ;
#6590 = AXIS2_PLACEMENT_3D ( 'NONE', #7762, #8676, #8570 ) ;
#6591 = ORIENTED_EDGE ( 'NONE', *, *, #2005, .T. ) ;
#6592 = CARTESIAN_POINT ( 'NONE',  ( 50.48689872104515075, 91.54000537782400215, -2.374168628343573673 ) ) ;
#6593 = ADVANCED_FACE ( 'NONE', ( #647 ), #5016, .T. ) ;
#6594 = CARTESIAN_POINT ( 'NONE',  ( -6.014653437193468122, 124.8258398792882247, 31.87426719053792468 ) ) ;
#6595 = ORIENTED_EDGE ( 'NONE', *, *, #5725, .F. ) ;
#6596 = CARTESIAN_POINT ( 'NONE',  ( -46.58189872104514251, 74.43999999999417128, -7.959769997217391868 ) ) ;
#6597 = DIRECTION ( 'NONE',  ( -0.008623956910147957330, 0.9999628129921692699, 0.000000000000000000 ) ) ;
#6598 = ORIENTED_EDGE ( 'NONE', *, *, #5888, .T. ) ;
#6599 = LINE ( 'NONE', #5700, #8669 ) ;
#6600 = VECTOR ( 'NONE', #9999, 1000.000000000000114 ) ;
#6601 = ORIENTED_EDGE ( 'NONE', *, *, #741, .T. ) ;
#6602 = CARTESIAN_POINT ( 'NONE',  ( -11.25499999999998302, -27.00000000000000355, 2.042308546125238600 ) ) ;
#6603 = CARTESIAN_POINT ( 'NONE',  ( 51.69999999999999574, 99.82583987928822467, 63.21800789427800282 ) ) ;
#6604 = VECTOR ( 'NONE', #636, 1000.000000000000000 ) ;
#6605 = EDGE_CURVE ( 'NONE', #10126, #6311, #11089, .T. ) ;
#6606 = CARTESIAN_POINT ( 'NONE',  ( -8.300429496984964572, 96.12583987928823603, 18.68350972839287394 ) ) ;
#6607 = CARTESIAN_POINT ( 'NONE',  ( 3.407974705332431409, 124.8258398792693953, 32.40734978640096386 ) ) ;
#6608 = DIRECTION ( 'NONE',  ( 0.000000000000000000, -0.000000000000000000, 1.000000000000000000 ) ) ;
#6609 = CARTESIAN_POINT ( 'NONE',  ( -5.461913016040046642, 96.12583987928823603, 21.29351081815998370 ) ) ;
#6610 = FACE_OUTER_BOUND ( 'NONE', #7828, .T. ) ;
#6611 = CARTESIAN_POINT ( 'NONE',  ( -8.300429496927835160, 96.12583987928823603, 1.150873398797555902 ) ) ;
#6612 = LINE ( 'NONE', #3381, #709 ) ;
#6613 = ADVANCED_FACE ( 'NONE', ( #3150 ), #2662, .T. ) ;
#6614 = ORIENTED_EDGE ( 'NONE', *, *, #4821, .T. ) ;
#6615 = ORIENTED_EDGE ( 'NONE', *, *, #9250, .T. ) ;
#6616 = AXIS2_PLACEMENT_3D ( 'NONE', #2492, #4933, #5837 ) ;
#6617 = ORIENTED_EDGE ( 'NONE', *, *, #1529, .T. ) ;
#6618 = EDGE_CURVE ( 'NONE', #2251, #629, #9164, .T. ) ;
#6619 = EDGE_CURVE ( 'NONE', #4566, #2648, #3267, .T. ) ;
#6620 = CARTESIAN_POINT ( 'NONE',  ( 5.041933606692419190, 124.8258398792882247, -15.23534267996139135 ) ) ;
#6621 = DIRECTION ( 'NONE',  ( 2.244742081187875711E-15, 1.000000000000000000, -0.000000000000000000 ) ) ;
#6622 = CIRCLE ( 'NONE', #1927, 5.700207538209718372 ) ;
#6623 = CARTESIAN_POINT ( 'NONE',  ( 33.75500000000002387, 6.349999999999999645, 21.38115427306259875 ) ) ;
#6624 = DIRECTION ( 'NONE',  ( 0.000000000000000000, 1.000000000000000000, -1.057759604486138843E-16 ) ) ;
#6625 = CARTESIAN_POINT ( 'NONE',  ( 82.54999999999999716, 6.349999999999997868, 11.10020753820972317 ) ) ;
#6626 = VERTEX_POINT ( 'NONE', #4158 ) ;
#6627 = ADVANCED_FACE ( 'NONE', ( #7513, #10976 ), #6646, .T. ) ;
#6628 = EDGE_CURVE ( 'NONE', #2954, #1929, #6985, .T. ) ;
#6629 = ORIENTED_EDGE ( 'NONE', *, *, #9549, .T. ) ;
#6630 = EDGE_LOOP ( 'NONE', ( #6161, #2111, #3235, #1258 ) ) ;
#6631 = DIRECTION ( 'NONE',  ( 0.000000000000000000, 0.000000000000000000, -1.000000000000000000 ) ) ;
#6632 = LINE ( 'NONE', #6797, #8310 ) ;
#6633 = EDGE_CURVE ( 'NONE', #10981, #1131, #3364, .T. ) ;
#6634 = EDGE_CURVE ( 'NONE', #982, #7303, #9437, .T. ) ;
#6635 = EDGE_CURVE ( 'NONE', #1318, #5566, #10527, .T. ) ;
#6636 = PLANE ( 'NONE',  #2365 ) ;
#6637 = CARTESIAN_POINT ( 'NONE',  ( -52.36501998304115091, 8.274999999999998579, 19.07115427297831900 ) ) ;
#6638 = DIRECTION ( 'NONE',  ( -0.000000000000000000, -1.000000000000000000, -0.000000000000000000 ) ) ;
#6639 = FACE_OUTER_BOUND ( 'NONE', #4236, .T. ) ;
#6640 = DIRECTION ( 'NONE',  ( 1.527355698137925406E-16, 0.000000000000000000, 1.000000000000000000 ) ) ;
#6641 = EDGE_LOOP ( 'NONE', ( #8486, #9923, #8524, #7314 ) ) ;
#6642 = DIRECTION ( 'NONE',  ( 0.000000000000000000, -0.000000000000000000, 1.000000000000000000 ) ) ;
#6643 = ORIENTED_EDGE ( 'NONE', *, *, #9482, .F. ) ;
#6644 = VERTEX_POINT ( 'NONE', #10450 ) ;
#6645 = DIRECTION ( 'NONE',  ( 1.000000000000000000, -0.000000000000000000, -1.490776387223533517E-14 ) ) ;
#6646 = PLANE ( 'NONE',  #8549 ) ;
#6647 = ORIENTED_EDGE ( 'NONE', *, *, #6201, .F. ) ;
#6648 = CARTESIAN_POINT ( 'NONE',  ( 23.90689872104513469, 90.00000000000000000, 22.30467496797187010 ) ) ;
#6649 = DIRECTION ( 'NONE',  ( -0.000000000000000000, -1.000000000000000000, -0.000000000000000000 ) ) ;
#6650 = EDGE_LOOP ( 'NONE', ( #4396, #8914, #654, #2044 ) ) ;
#6651 = LINE ( 'NONE', #7687, #4855 ) ;
#6652 = ORIENTED_EDGE ( 'NONE', *, *, #1792, .F. ) ;
#6653 = ORIENTED_EDGE ( 'NONE', *, *, #6189, .F. ) ;
#6654 = AXIS2_PLACEMENT_3D ( 'NONE', #1227, #3825, #8105 ) ;
#6655 = AXIS2_PLACEMENT_3D ( 'NONE', #2856, #4592, #3057 ) ;
#6656 = DIRECTION ( 'NONE',  ( 0.000000000000000000, 1.000000000000000000, 1.057756829634520258E-16 ) ) ;
#6657 = CARTESIAN_POINT ( 'NONE',  ( 82.55000000000002558, 66.63999999999998636, 10.39999999999999325 ) ) ;
#6658 = CARTESIAN_POINT ( 'NONE',  ( -0.8568190375390745128, 124.1931008956756699, 36.89999999999999147 ) ) ;
#6659 = CARTESIAN_POINT ( 'NONE',  ( -8.300429496927989703, 99.82583987928822467, -2.966490271607134854 ) ) ;
#6660 = LINE ( 'NONE', #719, #4551 ) ;
#6661 = LINE ( 'NONE', #3112, #9174 ) ;
#6662 = AXIS2_PLACEMENT_3D ( 'NONE', #7928, #154, #11167 ) ;
#6664 = VECTOR ( 'NONE', #5241, 1000.000000000000000 ) ;
#6663 = LINE ( 'NONE', #5883, #3969 ) ;
#6665 = VECTOR ( 'NONE', #10713, 1000.000000000000114 ) ;
#6666 = VERTEX_POINT ( 'NONE', #8818 ) ;
#6667 = ORIENTED_EDGE ( 'NONE', *, *, #2475, .T. ) ;
#6668 = EDGE_CURVE ( 'NONE', #7081, #2988, #9615, .T. ) ;
#6669 = ORIENTED_EDGE ( 'NONE', *, *, #2486, .F. ) ;
#6670 = FACE_OUTER_BOUND ( 'NONE', #3704, .T. ) ;
#6671 = AXIS2_PLACEMENT_3D ( 'NONE', #8942, #4725, #10624 ) ;
#6672 = CIRCLE ( 'NONE', #8865, 1.150000000000001688 ) ;
#6673 = CARTESIAN_POINT ( 'NONE',  ( 6.246036463997030275, 124.8258398792882105, -20.00539738836623727 ) ) ;
#6674 = DIRECTION ( 'NONE',  ( 1.000000000000000000, -0.000000000000000000, 0.000000000000000000 ) ) ;
#6675 = LINE ( 'NONE', #2544, #10309 ) ;
#6676 = DIRECTION ( 'NONE',  ( 1.000000000000000000, 0.000000000000000000, 1.335278419062900361E-16 ) ) ;
#6677 = ORIENTED_EDGE ( 'NONE', *, *, #10168, .T. ) ;
#6678 = CIRCLE ( 'NONE', #11224, 0.7999800169725922450 ) ;
#6679 = ORIENTED_EDGE ( 'NONE', *, *, #10284, .F. ) ;
#6680 = VECTOR ( 'NONE', #10034, 1000.000000000000114 ) ;
#6681 = ORIENTED_EDGE ( 'NONE', *, *, #1825, .T. ) ;
#6682 = VECTOR ( 'NONE', #9658, 1000.000000000000000 ) ;
#6683 = EDGE_CURVE ( 'NONE', #1689, #2182, #5345, .T. ) ;
#6684 = LINE ( 'NONE', #10210, #6394 ) ;
#6685 = EDGE_CURVE ( 'NONE', #9196, #1449, #932, .T. ) ;
#6686 = ORIENTED_EDGE ( 'NONE', *, *, #5719, .F. ) ;
#6687 = EDGE_CURVE ( 'NONE', #965, #612, #7904, .T. ) ;
#6688 = DIRECTION ( 'NONE',  ( 0.000000000000000000, 0.000000000000000000, -1.000000000000000000 ) ) ;
#6689 = EDGE_CURVE ( 'NONE', #1402, #8243, #4325, .T. ) ;
#6690 = CARTESIAN_POINT ( 'NONE',  ( 82.55000000000002558, 58.93999999999998352, 5.399999999999993250 ) ) ;
#6691 = DIRECTION ( 'NONE',  ( -1.000000000000000000, 0.000000000000000000, -8.863495325085417182E-17 ) ) ;
#6692 = DIRECTION ( 'NONE',  ( 0.000000000000000000, 0.000000000000000000, 1.000000000000000000 ) ) ;
#6693 = CARTESIAN_POINT ( 'NONE',  ( 76.81501998216512561, 5.099999999999999645, -2.578845727014059008 ) ) ;
#6694 = FACE_OUTER_BOUND ( 'NONE', #270, .T. ) ;
#6695 = LINE ( 'NONE', #7504, #4374 ) ;
#6696 = ORIENTED_EDGE ( 'NONE', *, *, #3914, .T. ) ;
#6697 = ADVANCED_FACE ( 'NONE', ( #5291 ), #6928, .T. ) ;
#6698 = LINE ( 'NONE', #2186, #3054 ) ;
#6699 = ORIENTED_EDGE ( 'NONE', *, *, #2135, .T. ) ;
#6700 = EDGE_CURVE ( 'NONE', #8933, #9689, #5180, .T. ) ;
#6701 = ORIENTED_EDGE ( 'NONE', *, *, #3664, .T. ) ;
#6702 = ADVANCED_FACE ( 'NONE', ( #4489 ), #130, .T. ) ;
#6703 = FACE_OUTER_BOUND ( 'NONE', #4645, .T. ) ;
#6704 = CARTESIAN_POINT ( 'NONE',  ( -82.54999999999999716, 61.63999999999999346, 5.399999999999991473 ) ) ;
#6705 = VECTOR ( 'NONE', #306, 1000.000000000000000 ) ;
#6706 = CARTESIAN_POINT ( 'NONE',  ( -16.75499999999995637, 6.349999999999999645, 13.89999999999999680 ) ) ;
#6707 = ORIENTED_EDGE ( 'NONE', *, *, #9726, .F. ) ;
#6708 = CARTESIAN_POINT ( 'NONE',  ( 80.04999999999999716, -27.00000000000000355, 25.39999999999999858 ) ) ;
#6709 = CARTESIAN_POINT ( 'NONE',  ( 50.48689872104515075, 74.78999999999417980, 0.5200140716803901553 ) ) ;
#6710 = EDGE_LOOP ( 'NONE', ( #4433, #7011 ) ) ;
#6711 = DIRECTION ( 'NONE',  ( -1.000000000000000000, -0.000000000000000000, 1.335278419062900361E-16 ) ) ;
#6712 = ORIENTED_EDGE ( 'NONE', *, *, #7600, .T. ) ;
#6713 = VECTOR ( 'NONE', #7367, 1000.000000000000000 ) ;
#6714 = AXIS2_PLACEMENT_3D ( 'NONE', #8209, #8261, #6317 ) ;
#6715 = LINE ( 'NONE', #2202, #1534 ) ;
#6716 = DIRECTION ( 'NONE',  ( -1.000000000000000000, -0.000000000000000000, -0.000000000000000000 ) ) ;
#6717 = CARTESIAN_POINT ( 'NONE',  ( 82.54999999999999716, 99.82583987928822467, -31.32057563943574507 ) ) ;
#6718 = FACE_OUTER_BOUND ( 'NONE', #9448, .T. ) ;
#6719 = VECTOR ( 'NONE', #2136, 1000.000000000000000 ) ;
#6720 = CARTESIAN_POINT ( 'NONE',  ( 53.05138322153545261, 8.274999999999998579, 15.82115058466707858 ) ) ;
#6721 = LINE ( 'NONE', #10193, #214 ) ;
#6722 = VECTOR ( 'NONE', #8037, 1000.000000000000000 ) ;
#6723 = CARTESIAN_POINT ( 'NONE',  ( -23.07862738128373081, 99.82583987928822467, 15.71614540591370890 ) ) ;
#6724 = DIRECTION ( 'NONE',  ( 0.000000000000000000, -0.000000000000000000, 1.000000000000000000 ) ) ;
#6725 = ORIENTED_EDGE ( 'NONE', *, *, #5350, .F. ) ;
#6726 = ORIENTED_EDGE ( 'NONE', *, *, #806, .F. ) ;
#6727 = EDGE_CURVE ( 'NONE', #2210, #5745, #5967, .T. ) ;
#6728 = EDGE_LOOP ( 'NONE', ( #6571, #9171, #1654, #3006 ) ) ;
#6729 = CIRCLE ( 'NONE', #1851, 20.00000000000000000 ) ;
#6730 = DIRECTION ( 'NONE',  ( 0.000000000000000000, -0.000000000000000000, -1.000000000000000000 ) ) ;
#6731 = CARTESIAN_POINT ( 'NONE',  ( 6.246036463997028498, 119.8258398792882105, -20.00539738836622661 ) ) ;
#6732 = CARTESIAN_POINT ( 'NONE',  ( 173.3018692371333032, 82.35514882866895903, -37.08269145387477295 ) ) ;
#6733 = EDGE_CURVE ( 'NONE', #2648, #11006, #987, .T. ) ;
#6734 = CARTESIAN_POINT ( 'NONE',  ( -46.58189872104514251, 80.55480016497972429, -15.60897897643324050 ) ) ;
#6735 = DIRECTION ( 'NONE',  ( 1.000000000000000000, 0.000000000000000000, 0.000000000000000000 ) ) ;
#6736 = ORIENTED_EDGE ( 'NONE', *, *, #2135, .F. ) ;
#6737 = EDGE_LOOP ( 'NONE', ( #6112, #1091, #4388, #8962, #7127, #8742, #6803 ) ) ;
#6738 = VERTEX_POINT ( 'NONE', #933 ) ;
#6739 = DIRECTION ( 'NONE',  ( 1.000000000000000000, 0.000000000000000000, 1.335278419062900361E-16 ) ) ;
#6740 = VERTEX_POINT ( 'NONE', #6192 ) ;
#6741 = AXIS2_PLACEMENT_3D ( 'NONE', #8298, #10732, #9148 ) ;
#6742 = CARTESIAN_POINT ( 'NONE',  ( -77.61249999996866222, 82.35514882866895903, 10.39999999999999325 ) ) ;
#6743 = DIRECTION ( 'NONE',  ( 0.000000000000000000, -1.000000000000000000, 0.000000000000000000 ) ) ;
#6744 = FACE_OUTER_BOUND ( 'NONE', #5056, .T. ) ;
#6745 = DIRECTION ( 'NONE',  ( 1.228232725407420948E-32, 0.000000000000000000, 1.000000000000000000 ) ) ;
#6746 = EDGE_CURVE ( 'NONE', #6749, #2240, #6021, .T. ) ;
#6747 = DIRECTION ( 'NONE',  ( 1.000000000000000000, -0.000000000000000000, 1.335278419062900361E-16 ) ) ;
#6748 = CARTESIAN_POINT ( 'NONE',  ( -29.00040951398291256, 96.12583987928823603, 17.88352971145881298 ) ) ;
#6749 = VERTEX_POINT ( 'NONE', #6810 ) ;
#6750 = ORIENTED_EDGE ( 'NONE', *, *, #8996, .F. ) ;
#6751 = VECTOR ( 'NONE', #8306, 1000.000000000000000 ) ;
#6752 = ADVANCED_FACE ( 'NONE', ( #869 ), #1672, .T. ) ;
#6753 = CARTESIAN_POINT ( 'NONE',  ( 41.54999999999999716, 93.00000000000000000, 22.30467496797187010 ) ) ;
#6754 = ORIENTED_EDGE ( 'NONE', *, *, #11139, .T. ) ;
#6755 = ORIENTED_EDGE ( 'NONE', *, *, #5464, .F. ) ;
#6756 = CARTESIAN_POINT ( 'NONE',  ( 77.54999999999999716, 104.8258398792882105, 46.90000000000009095 ) ) ;
#6757 = DIRECTION ( 'NONE',  ( 1.527355698137925406E-16, 0.000000000000000000, 1.000000000000000000 ) ) ;
#6758 = CIRCLE ( 'NONE', #3685, 2.499806426156745420 ) ;
#6759 = ADVANCED_FACE ( 'NONE', ( #4269 ), #7732, .F. ) ;
#6760 = AXIS2_PLACEMENT_3D ( 'NONE', #2656, #9580, #8785 ) ;
#6761 = CARTESIAN_POINT ( 'NONE',  ( -6.268209422258880004, 124.8258398792882105, 36.86783398817242130 ) ) ;
#6762 = EDGE_CURVE ( 'NONE', #5519, #397, #8198, .T. ) ;
#6763 = VERTEX_POINT ( 'NONE', #10798 ) ;
#6764 = DIRECTION ( 'NONE',  ( 1.000000000000000000, 0.000000000000000000, 0.000000000000000000 ) ) ;
#6765 = VERTEX_POINT ( 'NONE', #296 ) ;
#6766 = DIRECTION ( 'NONE',  ( -1.000000000000000000, -0.000000000000000000, -0.000000000000000000 ) ) ;
#6767 = EDGE_CURVE ( 'NONE', #3461, #6644, #2803, .T. ) ;
#6768 = VERTEX_POINT ( 'NONE', #5460 ) ;
#6769 = VECTOR ( 'NONE', #573, 1000.000000000000000 ) ;
#6770 = EDGE_LOOP ( 'NONE', ( #10360, #5023, #5569, #6587 ) ) ;
#6771 = VERTEX_POINT ( 'NONE', #5625 ) ;
#6772 = DIRECTION ( 'NONE',  ( 0.000000000000000000, 1.000000000000000000, -0.000000000000000000 ) ) ;
#6773 = LINE ( 'NONE', #5876, #10681 ) ;
#6774 = EDGE_CURVE ( 'NONE', #489, #6768, #10561, .T. ) ;
#6775 = FACE_OUTER_BOUND ( 'NONE', #2110, .T. ) ;
#6776 = ADVANCED_FACE ( 'NONE', ( #8086 ), #185, .F. ) ;
#6777 = DIRECTION ( 'NONE',  ( 0.000000000000000000, -0.000000000000000000, -1.000000000000000000 ) ) ;
#6778 = CIRCLE ( 'NONE', #1716, 1.149999999999999467 ) ;
#6779 = FACE_BOUND ( 'NONE', #1132, .T. ) ;
#6780 = CARTESIAN_POINT ( 'NONE',  ( -31.00042949693185435, 110.8258398792882247, 4.963509728450992142 ) ) ;
#6781 = CARTESIAN_POINT ( 'NONE',  ( 33.54999999999999716, 97.82583987928822467, 33.89999999999999147 ) ) ;
#6782 = EDGE_LOOP ( 'NONE', ( #3930, #5617, #5772, #1079, #10728, #8831 ) ) ;
#6783 = EDGE_LOOP ( 'NONE', ( #3070, #9659, #4958, #439 ) ) ;
#6784 = ORIENTED_EDGE ( 'NONE', *, *, #7332, .F. ) ;
#6785 = VECTOR ( 'NONE', #8277, 1000.000000000000000 ) ;
#6786 = CARTESIAN_POINT ( 'NONE',  ( 77.61250000000001137, 82.35514882866895903, -40.25769145387477010 ) ) ;
#6787 = CARTESIAN_POINT ( 'NONE',  ( -35.61042949681640124, 99.82583987928830993, 15.71614540591381726 ) ) ;
#6788 = DIRECTION ( 'NONE',  ( 0.000000000000000000, 0.000000000000000000, -1.000000000000000000 ) ) ;
#6789 = FACE_OUTER_BOUND ( 'NONE', #4962, .T. ) ;
#6790 = DIRECTION ( 'NONE',  ( 0.000000000000000000, 0.000000000000000000, -1.000000000000000000 ) ) ;
#6791 = CIRCLE ( 'NONE', #3721, 1.149999999999999467 ) ;
#6792 = ORIENTED_EDGE ( 'NONE', *, *, #8040, .F. ) ;
#6793 = ORIENTED_EDGE ( 'NONE', *, *, #3866, .T. ) ;
#6794 = CARTESIAN_POINT ( 'NONE',  ( 5.996743271811252107, 124.8258398792882247, -15.01161596500278783 ) ) ;
#6795 = ORIENTED_EDGE ( 'NONE', *, *, #6635, .T. ) ;
#6796 = AXIS2_PLACEMENT_3D ( 'NONE', #2263, #6555, #9294 ) ;
#6797 = CARTESIAN_POINT ( 'NONE',  ( 46.58189872104514251, 72.64000000000000057, -7.085838131530381798E-15 ) ) ;
#6798 = PLANE ( 'NONE',  #5588 ) ;
#6799 = LINE ( 'NONE', #1712, #9958 ) ;
#6800 = DIRECTION ( 'NONE',  ( 0.000000000000000000, 1.000000000000000000, 0.000000000000000000 ) ) ;
#6801 = CARTESIAN_POINT ( 'NONE',  ( -50.02648654977334530, 8.274999999999998579, 20.18114647173673148 ) ) ;
#6802 = EDGE_LOOP ( 'NONE', ( #4383, #7240, #5610, #10003 ) ) ;
#6803 = ORIENTED_EDGE ( 'NONE', *, *, #7330, .F. ) ;
#6804 = VECTOR ( 'NONE', #1172, 1000.000000000000000 ) ;
#6805 = EDGE_LOOP ( 'NONE', ( #1953, #7510, #6338, #6036 ) ) ;
#6806 = EDGE_CURVE ( 'NONE', #4212, #7875, #6303, .T. ) ;
#6807 = ORIENTED_EDGE ( 'NONE', *, *, #11187, .T. ) ;
#6808 = PLANE ( 'NONE',  #2796 ) ;
#6809 = LINE ( 'NONE', #6927, #5598 ) ;
#6810 = CARTESIAN_POINT ( 'NONE',  ( -30.03273860033338494, 96.12583987928823603, 21.29350972844855505 ) ) ;
#6811 = CARTESIAN_POINT ( 'NONE',  ( 50.48689872104514365, 74.67980196068272392, -26.29001273249923898 ) ) ;
#6812 = FACE_OUTER_BOUND ( 'NONE', #10127, .T. ) ;
#6813 = ORIENTED_EDGE ( 'NONE', *, *, #4363, .F. ) ;
#6814 = DIRECTION ( 'NONE',  ( 0.000000000000000000, 1.000000000000000000, -0.000000000000000000 ) ) ;
#6815 = ORIENTED_EDGE ( 'NONE', *, *, #4476, .F. ) ;
#6816 = EDGE_CURVE ( 'NONE', #5092, #3926, #3025, .T. ) ;
#6817 = VERTEX_POINT ( 'NONE', #5513 ) ;
#6818 = ORIENTED_EDGE ( 'NONE', *, *, #2689, .F. ) ;
#6819 = CARTESIAN_POINT ( 'NONE',  ( -28.27338749131105899, 99.82583987928822467, 19.01729097703719518 ) ) ;
#6820 = ADVANCED_FACE ( 'NONE', ( #2012 ), #6469, .T. ) ;
#6821 = EDGE_CURVE ( 'NONE', #7156, #10444, #10613, .T. ) ;
#6822 = DIRECTION ( 'NONE',  ( -0.000000000000000000, -1.000000000000000000, -8.182657905550978279E-17 ) ) ;
#6823 = DIRECTION ( 'NONE',  ( 1.000000000000000000, 0.000000000000000000, 1.335278419062900361E-16 ) ) ;
#6824 = LINE ( 'NONE', #5979, #8973 ) ;
#6825 = DIRECTION ( 'NONE',  ( 0.000000000000000000, -1.000000000000000000, 0.000000000000000000 ) ) ;
#6826 = FACE_BOUND ( 'NONE', #8387, .T. ) ;
#6827 = DIRECTION ( 'NONE',  ( 9.631830049960361025E-17, 0.6925863668092024916, -0.7213349599943349455 ) ) ;
#6828 = DIRECTION ( 'NONE',  ( -6.025932307130935509E-13, 0.000000000000000000, -1.000000000000000000 ) ) ;
#6829 = EDGE_LOOP ( 'NONE', ( #8937, #8415, #4105, #10108 ) ) ;
#6830 = CIRCLE ( 'NONE', #4657, 5.000000000000000000 ) ;
#6831 = ORIENTED_EDGE ( 'NONE', *, *, #10112, .T. ) ;
#6832 = ORIENTED_EDGE ( 'NONE', *, *, #6835, .F. ) ;
#6833 = EDGE_CURVE ( 'NONE', #8611, #6935, #4599, .T. ) ;
#6834 = ADVANCED_FACE ( 'NONE', ( #2181 ), #2918, .T. ) ;
#6835 = EDGE_CURVE ( 'NONE', #3703, #6285, #6363, .T. ) ;
#6836 = CARTESIAN_POINT ( 'NONE',  ( 46.58189872104513540, 96.59681315178001171, -24.95123739735932489 ) ) ;
#6837 = EDGE_CURVE ( 'NONE', #8748, #9579, #8980, .T. ) ;
#6838 = CARTESIAN_POINT ( 'NONE',  ( 77.61249999999999716, 6.349999999999999645, 25.39999999999999858 ) ) ;
#6839 = AXIS2_PLACEMENT_3D ( 'NONE', #8660, #10411, #29 ) ;
#6840 = VECTOR ( 'NONE', #7148, 1000.000000000000000 ) ;
#6841 = CARTESIAN_POINT ( 'NONE',  ( 0.000000000000000000, 99.82583987928822467, 0.000000000000000000 ) ) ;
#6842 = CONICAL_SURFACE ( 'NONE', #3410, 5.700207538209721925, 0.6108652381980297363 ) ;
#6843 = DIRECTION ( 'NONE',  ( 1.527355698137925406E-16, 0.000000000000000000, 1.000000000000000000 ) ) ;
#6844 = LINE ( 'NONE', #10426, #5538 ) ;
#6845 = CARTESIAN_POINT ( 'NONE',  ( -77.61249999996866222, 53.93999999999999062, -32.75769145387477010 ) ) ;
#6846 = ORIENTED_EDGE ( 'NONE', *, *, #9243, .T. ) ;
#6847 = DIRECTION ( 'NONE',  ( 0.5735764363510429398, 0.8191520442889941300, -8.760552383784105463E-17 ) ) ;
#6848 = ORIENTED_EDGE ( 'NONE', *, *, #898, .F. ) ;
#6849 = EDGE_LOOP ( 'NONE', ( #7971, #5552, #9076, #10080 ) ) ;
#6850 = DIRECTION ( 'NONE',  ( -0.000000000000000000, -1.000000000000000000, -0.000000000000000000 ) ) ;
#6851 = AXIS2_PLACEMENT_3D ( 'NONE', #10752, #2929, #10688 ) ;
#6852 = CARTESIAN_POINT ( 'NONE',  ( 43.40689872104514535, 95.28999999999417980, -25.07998592831960849 ) ) ;
#6853 = DIRECTION ( 'NONE',  ( 0.000000000000000000, 9.870233350266327087E-07, 0.9999999999995128341 ) ) ;
#6854 = CARTESIAN_POINT ( 'NONE',  ( 4.999570503068137661, 119.8299752807307357, -20.03649027154900608 ) ) ;
#6855 = CARTESIAN_POINT ( 'NONE',  ( -77.61250000000002558, 8.274999999999998579, -5.564823903641046954 ) ) ;
#6856 = PLANE ( 'NONE',  #5249 ) ;
#6857 = CARTESIAN_POINT ( 'NONE',  ( -53.40689872104514535, 74.43999999999417128, -2.374168628343576337 ) ) ;
#6858 = VECTOR ( 'NONE', #5984, 999.9999999999998863 ) ;
#6859 = LINE ( 'NONE', #10327, #5351 ) ;
#6860 = ORIENTED_EDGE ( 'NONE', *, *, #10227, .T. ) ;
#6861 = VECTOR ( 'NONE', #8806, 1000.000000000000000 ) ;
#6862 = ORIENTED_EDGE ( 'NONE', *, *, #10227, .F. ) ;
#6863 = ORIENTED_EDGE ( 'NONE', *, *, #5732, .T. ) ;
#6864 = ADVANCED_FACE ( 'NONE', ( #5565 ), #2972, .F. ) ;
#6865 = CARTESIAN_POINT ( 'NONE',  ( 77.61250000000001137, 69.46500000000000341, -29.66122071973760654 ) ) ;
#6866 = AXIS2_PLACEMENT_3D ( 'NONE', #8112, #4516, #2831 ) ;
#6867 = ORIENTED_EDGE ( 'NONE', *, *, #9262, .F. ) ;
#6868 = PLANE ( 'NONE',  #1448 ) ;
#6869 = DIRECTION ( 'NONE',  ( -0.000000000000000000, -1.000000000000000000, -0.000000000000000000 ) ) ;
#6870 = VERTEX_POINT ( 'NONE', #1103 ) ;
#6871 = EDGE_CURVE ( 'NONE', #10690, #10225, #2384, .T. ) ;
#6872 = CARTESIAN_POINT ( 'NONE',  ( -33.55000000000002558, 91.50000000000000000, 33.89999999999999147 ) ) ;
#6873 = DIRECTION ( 'NONE',  ( 0.000000000000000000, 0.000000000000000000, 1.000000000000000000 ) ) ;
#6874 = ORIENTED_EDGE ( 'NONE', *, *, #459, .F. ) ;
#6875 = LINE ( 'NONE', #4443, #5227 ) ;
#6876 = ORIENTED_EDGE ( 'NONE', *, *, #3782, .T. ) ;
#6877 = ORIENTED_EDGE ( 'NONE', *, *, #9560, .F. ) ;
#6878 = ORIENTED_EDGE ( 'NONE', *, *, #416, .F. ) ;
#6879 = DIRECTION ( 'NONE',  ( 0.000000000000000000, -1.000000000000000000, 8.295151110468893303E-17 ) ) ;
#6880 = DIRECTION ( 'NONE',  ( 0.000000000000000000, -1.000000000000000000, 0.000000000000000000 ) ) ;
#6881 = CYLINDRICAL_SURFACE ( 'NONE', #8358, 1.200000000000003730 ) ;
#6882 = DIRECTION ( 'NONE',  ( 0.000000000000000000, 0.8873916384311677508, -0.4610163555042787187 ) ) ;
#6883 = ORIENTED_EDGE ( 'NONE', *, *, #9062, .T. ) ;
#6884 = ADVANCED_FACE ( 'NONE', ( #4546 ), #8026, .F. ) ;
#6885 = CARTESIAN_POINT ( 'NONE',  ( 77.61249999999999716, 6.349999999999997868, -24.58269145387476939 ) ) ;
#6886 = DIRECTION ( 'NONE',  ( 0.000000000000000000, 0.7213349599943349455, 0.6925863668092024916 ) ) ;
#6887 = AXIS2_PLACEMENT_3D ( 'NONE', #935, #2518, #8598 ) ;
#6888 = DIRECTION ( 'NONE',  ( -0.000000000000000000, -1.000000000000000000, -0.000000000000000000 ) ) ;
#6889 = AXIS2_PLACEMENT_3D ( 'NONE', #5399, #1326, #1267 ) ;
#6890 = EDGE_LOOP ( 'NONE', ( #4982, #388, #282, #1771 ) ) ;
#6891 = ORIENTED_EDGE ( 'NONE', *, *, #10409, .T. ) ;
#6892 = EDGE_CURVE ( 'NONE', #8095, #4808, #6420, .T. ) ;
#6893 = FACE_BOUND ( 'NONE', #9195, .T. ) ;
#6894 = VECTOR ( 'NONE', #3835, 1000.000000000000000 ) ;
#6896 = CARTESIAN_POINT ( 'NONE',  ( 82.54999999999999716, 0.000000000000000000, -40.25769145387477721 ) ) ;
#6895 = VECTOR ( 'NONE', #8206, 1000.000000000000000 ) ;
#6897 = FACE_OUTER_BOUND ( 'NONE', #2931, .T. ) ;
#6898 = CARTESIAN_POINT ( 'NONE',  ( -33.11070517773367072, 97.50000000000000000, -1.926765952349186017 ) ) ;
#6899 = CARTESIAN_POINT ( 'NONE',  ( -54.81500000380517434, 8.274999999999998579, 19.62115427306273219 ) ) ;
#6900 = ADVANCED_FACE ( 'NONE', ( #3253, #10966, #10852, #2348 ), #1501, .F. ) ;
#6901 = ORIENTED_EDGE ( 'NONE', *, *, #7133, .F. ) ;
#6902 = DIRECTION ( 'NONE',  ( -1.000000000000000000, 0.000000000000000000, 1.335278419062900361E-16 ) ) ;
#6903 = ORIENTED_EDGE ( 'NONE', *, *, #9288, .T. ) ;
#6904 = EDGE_LOOP ( 'NONE', ( #9099, #6196, #3414, #2224 ) ) ;
#6905 = CIRCLE ( 'NONE', #2945, 1.149999999999998135 ) ;
#6906 = EDGE_CURVE ( 'NONE', #9909, #8018, #6695, .T. ) ;
#6907 = DIRECTION ( 'NONE',  ( 0.000000000000000000, 1.000000000000000000, 0.000000000000000000 ) ) ;
#6908 = VECTOR ( 'NONE', #986, 1000.000000000000000 ) ;
#6909 = ORIENTED_EDGE ( 'NONE', *, *, #8025, .F. ) ;
#6910 = CARTESIAN_POINT ( 'NONE',  ( 13.75500000000000433, -24.89937738537090794, 13.89999999999999680 ) ) ;
#6911 = CARTESIAN_POINT ( 'NONE',  ( 16.75499999999998124, 6.349999999999999645, 7.542308546125213731 ) ) ;
#6912 = LINE ( 'NONE', #858, #8162 ) ;
#6913 = EDGE_CURVE ( 'NONE', #10329, #8076, #1841, .T. ) ;
#6914 = CARTESIAN_POINT ( 'NONE',  ( 46.58189872104514251, 72.67999645958946076, -3.947744601910656847E-08 ) ) ;
#6915 = CARTESIAN_POINT ( 'NONE',  ( 46.58189872104514251, 72.64000000000000057, 19.12967496797186939 ) ) ;
#6916 = EDGE_CURVE ( 'NONE', #4137, #3496, #8010, .T. ) ;
#6917 = EDGE_LOOP ( 'NONE', ( #10470, #6014 ) ) ;
#6918 = ORIENTED_EDGE ( 'NONE', *, *, #2517, .F. ) ;
#6919 = ORIENTED_EDGE ( 'NONE', *, *, #10096, .T. ) ;
#6920 = ORIENTED_EDGE ( 'NONE', *, *, #7870, .F. ) ;
#6921 =( BOUNDED_SURFACE ( )  B_SPLINE_SURFACE ( 3, 2, ( 
 ( #2374, #3161, #660 ),
 ( #5877, #5824, #8555 ),
 ( #6607, #716, #4859 ),
 ( #543, #7695, #5924 ),
 ( #10074, #4226, #10243 ),
 ( #11157, #6658, #7582 ),
 ( #10989, #11045, #1526 ),
 ( #7476, #9393, #8502 ),
 ( #3216, #4974, #8449 ),
 ( #5082, #3277, #2426 ) ),
 .UNSPECIFIED., .F., .F., .F. ) 
 B_SPLINE_SURFACE_WITH_KNOTS ( ( 4, 2, 2, 2, 4 ),
 ( 3, 3 ),
 ( 0.01464556878727203693, 0.01717358519510748388, 0.01970160160294293084, 0.02222961801077837779, 0.02475763441861382474 ),
 ( 0.000000000000000000, 1.000000000000000000 ),
 .UNSPECIFIED. ) 
 GEOMETRIC_REPRESENTATION_ITEM ( )  RATIONAL_B_SPLINE_SURFACE ( (
 ( 1.000000000000000000, 0.7212633665191349186, 1.000000000000000000),
 ( 1.000000000000000000, 0.7331392860086075602, 1.000000000000000000),
 ( 1.000000000000000000, 0.7421395897541807063, 1.000000000000000000),
 ( 1.000000000000000000, 0.7541715567376763296, 1.000000000000000000),
 ( 1.000000000000000000, 0.7572002645548556732, 1.000000000000000000),
 ( 1.000000000000000000, 0.7571985898842825691, 1.000000000000000000),
 ( 1.000000000000000000, 0.7541679509104834978, 1.000000000000000000),
 ( 1.000000000000000000, 0.7421360381326342903, 1.000000000000000000),
 ( 1.000000000000000000, 0.7331392538659102787, 1.000000000000000000),
 ( 1.000000000000000000, 0.7212633665191349186, 1.000000000000000000) ) ) 
 REPRESENTATION_ITEM ( '' )  SURFACE ( )  );
#6922 = VECTOR ( 'NONE', #7443, 999.9999999999998863 ) ;
#6923 = LINE ( 'NONE', #927, #149 ) ;
#6924 = CIRCLE ( 'NONE', #1869, 5.700207538209718372 ) ;
#6925 = ORIENTED_EDGE ( 'NONE', *, *, #3524, .F. ) ;
#6926 = DIRECTION ( 'NONE',  ( 0.000000000000000000, -1.000000000000000000, 0.000000000000000000 ) ) ;
#6927 = CARTESIAN_POINT ( 'NONE',  ( -82.54999999999999716, 104.8258398792882105, -22.92957932766295670 ) ) ;
#6928 = PLANE ( 'NONE',  #7274 ) ;
#6929 = ORIENTED_EDGE ( 'NONE', *, *, #9250, .F. ) ;
#6930 = DIRECTION ( 'NONE',  ( 0.000000000000000000, 0.000000000000000000, 1.000000000000000000 ) ) ;
#6931 = CARTESIAN_POINT ( 'NONE',  ( 82.54999999999999716, -25.96446609406726935, -11.73658713754635841 ) ) ;
#6932 = VECTOR ( 'NONE', #5889, 1000.000000000000000 ) ;
#6933 = ORIENTED_EDGE ( 'NONE', *, *, #6762, .T. ) ;
#6934 = LINE ( 'NONE', #4387, #1610 ) ;
#6935 = VERTEX_POINT ( 'NONE', #5007 ) ;
#6936 = LINE ( 'NONE', #6145, #1625 ) ;
#6937 = ORIENTED_EDGE ( 'NONE', *, *, #4724, .F. ) ;
#6938 = CIRCLE ( 'NONE', #6401, 1.149999999999998135 ) ;
#6939 = ADVANCED_FACE ( 'NONE', ( #3924, #2404, #7562, #7448 ), #6525, .F. ) ;
#6940 = AXIS2_PLACEMENT_3D ( 'NONE', #8333, #1522, #6495 ) ;
#6941 = CARTESIAN_POINT ( 'NONE',  ( -74.43749999996865085, 82.35514882866895903, -32.75769145387477010 ) ) ;
#6942 = DIRECTION ( 'NONE',  ( 0.000000000000000000, 0.000000000000000000, -1.000000000000000000 ) ) ;
#6943 = DIRECTION ( 'NONE',  ( 1.000000000000000000, -0.000000000000000000, 1.521157000053560499E-16 ) ) ;
#6944 = ORIENTED_EDGE ( 'NONE', *, *, #10437, .T. ) ;
#6945 = LINE ( 'NONE', #6156, #386 ) ;
#6946 = LINE ( 'NONE', #2535, #10257 ) ;
#6947 = PLANE ( 'NONE',  #8691 ) ;
#6948 = CARTESIAN_POINT ( 'NONE',  ( 0.000000000000000000, -27.00000000000000355, 16.39999999999999858 ) ) ;
#6949 = CONICAL_SURFACE ( 'NONE', #4421, 5.499999999999975131, 0.9599310885968853624 ) ;
#6950 = ORIENTED_EDGE ( 'NONE', *, *, #3574, .F. ) ;
#6951 = EDGE_LOOP ( 'NONE', ( #2877, #10068, #9058, #1359, #9911, #10465, #5185, #10562, #4717, #8045, #8473, #5201, #6863, #6202, #4636, #4059, #10315, #10841, #8255, #6712 ) ) ;
#6952 = EDGE_CURVE ( 'NONE', #480, #8443, #1664, .T. ) ;
#6953 = CARTESIAN_POINT ( 'NONE',  ( -82.54999999999999716, 58.93999999999998352, 10.39999999999999503 ) ) ;
#6954 = AXIS2_PLACEMENT_3D ( 'NONE', #9584, #5154, #9524 ) ;
#6955 = FACE_OUTER_BOUND ( 'NONE', #2770, .T. ) ;
#6956 = DIRECTION ( 'NONE',  ( 0.000000000000000000, 0.000000000000000000, -1.000000000000000000 ) ) ;
#6957 = CARTESIAN_POINT ( 'NONE',  ( -35.61042949691171344, 99.82583987928830993, 1.150873398797557901 ) ) ;
#6958 = DIRECTION ( 'NONE',  ( 0.000000000000000000, 1.000000000000000000, -0.000000000000000000 ) ) ;
#6959 = FACE_OUTER_BOUND ( 'NONE', #5104, .T. ) ;
#6960 = ORIENTED_EDGE ( 'NONE', *, *, #11199, .T. ) ;
#6961 = LINE ( 'NONE', #6108, #5318 ) ;
#6962 = ORIENTED_EDGE ( 'NONE', *, *, #47, .T. ) ;
#6963 = ORIENTED_EDGE ( 'NONE', *, *, #1915, .T. ) ;
#6964 = VECTOR ( 'NONE', #2403, 1000.000000000000000 ) ;
#6965 = FACE_OUTER_BOUND ( 'NONE', #1217, .T. ) ;
#6966 = EDGE_CURVE ( 'NONE', #6159, #8245, #10052, .T. ) ;
#6967 = ADVANCED_FACE ( 'NONE', ( #6639 ), #3981, .F. ) ;
#6968 = ORIENTED_EDGE ( 'NONE', *, *, #7876, .T. ) ;
#6969 = FACE_OUTER_BOUND ( 'NONE', #4870, .T. ) ;
#6970 = CARTESIAN_POINT ( 'NONE',  ( -3.408521261516510137, 124.8258398792690969, -15.54036673684846370 ) ) ;
#6971 = DIRECTION ( 'NONE',  ( 0.000000000000000000, 0.000000000000000000, 1.000000000000000000 ) ) ;
#6972 = EDGE_CURVE ( 'NONE', #5013, #5091, #9318, .T. ) ;
#6973 = DIRECTION ( 'NONE',  ( -0.000000000000000000, -0.000000000000000000, -1.000000000000000000 ) ) ;
#6974 = VECTOR ( 'NONE', #4371, 1000.000000000000000 ) ;
#6975 = ADVANCED_FACE ( 'NONE', ( #8428 ), #4097, .F. ) ;
#6976 = CARTESIAN_POINT ( 'NONE',  ( 50.48689872104515075, 78.54000537782802382, -2.374168628343575449 ) ) ;
#6977 = DIRECTION ( 'NONE',  ( -0.000000000000000000, -1.000000000000000000, 0.000000000000000000 ) ) ;
#6978 = ORIENTED_EDGE ( 'NONE', *, *, #3100, .F. ) ;
#6979 = ORIENTED_EDGE ( 'NONE', *, *, #10987, .T. ) ;
#6980 = AXIS2_PLACEMENT_3D ( 'NONE', #5655, #8002, #219 ) ;
#6981 = ADVANCED_FACE ( 'NONE', ( #1559 ), #3140, .T. ) ;
#6982 = EDGE_CURVE ( 'NONE', #4002, #3372, #1193, .T. ) ;
#6983 = DIRECTION ( 'NONE',  ( 1.593062912007103154E-16, 1.000000000000000000, 1.689528586293457875E-16 ) ) ;
#6984 = FACE_OUTER_BOUND ( 'NONE', #2867, .T. ) ;
#6985 = LINE ( 'NONE', #10277, #3647 ) ;
#6986 = EDGE_LOOP ( 'NONE', ( #9287, #8887, #4548, #5580 ) ) ;
#6987 = AXIS2_PLACEMENT_3D ( 'NONE', #4960, #651, #6597 ) ;
#6988 = CARTESIAN_POINT ( 'NONE',  ( -41.55000000000002558, 92.50000000000000000, 10.19715292348722890 ) ) ;
#6989 = VERTEX_POINT ( 'NONE', #7261 ) ;
#6990 = CARTESIAN_POINT ( 'NONE',  ( 43.40689872104513825, 97.50000000000000000, -29.66122071973760299 ) ) ;
#6991 = EDGE_LOOP ( 'NONE', ( #7483, #330, #5657, #1403 ) ) ;
#6992 = ORIENTED_EDGE ( 'NONE', *, *, #2147, .F. ) ;
#6993 = FACE_OUTER_BOUND ( 'NONE', #6805, .T. ) ;
#6994 = CARTESIAN_POINT ( 'NONE',  ( -5.000429496931850792, 119.8258398792882105, 4.963509728450992142 ) ) ;
#6995 = CARTESIAN_POINT ( 'NONE',  ( -52.36501998304115091, 8.274999999999998579, 20.22115427297831403 ) ) ;
#6996 = LINE ( 'NONE', #6154, #4985 ) ;
#6997 = ORIENTED_EDGE ( 'NONE', *, *, #5261, .T. ) ;
#6998 = CARTESIAN_POINT ( 'NONE',  ( -33.75499999999999545, -4.758722840904992424, -3.957691453874784493 ) ) ;
#6999 = DIRECTION ( 'NONE',  ( 0.000000000000000000, -1.000000000000000000, 0.000000000000000000 ) ) ;
#7000 = CARTESIAN_POINT ( 'NONE',  ( 50.48689872104515075, 74.43999999999417128, -2.374168628343575893 ) ) ;
#7001 = ORIENTED_EDGE ( 'NONE', *, *, #2775, .F. ) ;
#7002 = ORIENTED_EDGE ( 'NONE', *, *, #6916, .T. ) ;
#7003 = CARTESIAN_POINT ( 'NONE',  ( -5.997602265674932376, 119.8258398792882105, -15.01161596500278428 ) ) ;
#7004 = ORIENTED_EDGE ( 'NONE', *, *, #3293, .T. ) ;
#7005 = CARTESIAN_POINT ( 'NONE',  ( -20.50068315390130635, 96.12583987928823603, 21.29350972844751055 ) ) ;
#7006 = LINE ( 'NONE', #3451, #11201 ) ;
#7007 = PLANE ( 'NONE',  #10587 ) ;
#7008 = CARTESIAN_POINT ( 'NONE',  ( -79.37500000000000000, 90.00000000000000000, 25.39999999999999147 ) ) ;
#7009 = CARTESIAN_POINT ( 'NONE',  ( 29.99957050306814210, 119.8258398792882105, 4.963509728450988590 ) ) ;
#7010 = DIRECTION ( 'NONE',  ( 0.000000000000000000, 0.000000000000000000, -1.000000000000000000 ) ) ;
#7011 = ORIENTED_EDGE ( 'NONE', *, *, #10375, .F. ) ;
#7012 = CARTESIAN_POINT ( 'NONE',  ( -5.831660772139526827, 119.8258398792882105, -20.02612620517535191 ) ) ;
#7013 = EDGE_CURVE ( 'NONE', #6187, #9528, #6399, .T. ) ;
#7014 = ORIENTED_EDGE ( 'NONE', *, *, #10645, .T. ) ;
#7015 = VERTEX_POINT ( 'NONE', #1136 ) ;
#7016 = DIRECTION ( 'NONE',  ( 1.000000000000000000, 0.000000000000000000, 1.335278419062900361E-16 ) ) ;
#7017 = ORIENTED_EDGE ( 'NONE', *, *, #7062, .F. ) ;
#7018 = AXIS2_PLACEMENT_3D ( 'NONE', #10014, #6766, #10235 ) ;
#7019 = VECTOR ( 'NONE', #1025, 1000.000000000000000 ) ;
#7020 = CARTESIAN_POINT ( 'NONE',  ( 11.25500000000000433, 6.349999999999999645, 2.042308546125239932 ) ) ;
#7021 = DIRECTION ( 'NONE',  ( 0.000000000000000000, 1.000000000000000000, -0.000000000000000000 ) ) ;
#7022 = DIRECTION ( 'NONE',  ( 9.169294481193143764E-14, -0.000000000000000000, 1.000000000000000000 ) ) ;
#7023 = LINE ( 'NONE', #10604, #6146 ) ;
#7024 = LINE ( 'NONE', #9605, #6974 ) ;
#7025 = ORIENTED_EDGE ( 'NONE', *, *, #3516, .T. ) ;
#7026 = LINE ( 'NONE', #9660, #7777 ) ;
#7027 = ADVANCED_FACE ( 'NONE', ( #9982 ), #9018, .F. ) ;
#7029 = EDGE_CURVE ( 'NONE', #2676, #3487, #4579, .T. ) ;
#7028 = AXIS2_PLACEMENT_3D ( 'NONE', #5714, #7895, #9182 ) ;
#7030 = ORIENTED_EDGE ( 'NONE', *, *, #9898, .F. ) ;
#7031 = AXIS2_PLACEMENT_3D ( 'NONE', #9203, #1434, #4035 ) ;
#7032 = CIRCLE ( 'NONE', #8138, 1.200000000000003730 ) ;
#7033 = ORIENTED_EDGE ( 'NONE', *, *, #3524, .T. ) ;
#7034 = ADVANCED_FACE ( 'NONE', ( #6670 ), #554, .F. ) ;
#7035 = EDGE_CURVE ( 'NONE', #10821, #1304, #2753, .T. ) ;
#7036 = AXIS2_PLACEMENT_3D ( 'NONE', #7731, #7788, #9614 ) ;
#7037 = CARTESIAN_POINT ( 'NONE',  ( -50.48689872104515075, 74.78999999999417980, -23.92998592831960991 ) ) ;
#7038 = CARTESIAN_POINT ( 'NONE',  ( -82.54999999999999716, 72.64000000000000057, -26.48622071973760228 ) ) ;
#7039 = DIRECTION ( 'NONE',  ( 0.000000000000000000, 0.000000000000000000, 1.000000000000000000 ) ) ;
#7040 = VECTOR ( 'NONE', #3465, 1000.000000000000000 ) ;
#7041 = CARTESIAN_POINT ( 'NONE',  ( -50.48689872104515075, 74.97269081489451992, 3.358530552390480040 ) ) ;
#7042 = ORIENTED_EDGE ( 'NONE', *, *, #2073, .T. ) ;
#7043 = DIRECTION ( 'NONE',  ( 0.000000000000000000, 1.000000000000000000, -1.365923996832131116E-16 ) ) ;
#7044 = CARTESIAN_POINT ( 'NONE',  ( -50.48689872104515075, 74.78999999999417980, -0.6299859283196093118 ) ) ;
#7045 = ADVANCED_FACE ( 'NONE', ( #1859 ), #2772, .F. ) ;
#7046 = VERTEX_POINT ( 'NONE', #196 ) ;
#7047 = LINE ( 'NONE', #991, #4490 ) ;
#7048 = ADVANCED_FACE ( 'NONE', ( #7114 ), #5523, .F. ) ;
#7049 = CIRCLE ( 'NONE', #4699, 1.150000000000001688 ) ;
#7050 = VERTEX_POINT ( 'NONE', #2189 ) ;
#7051 = VECTOR ( 'NONE', #6843, 1000.000000000000000 ) ;
#7052 = ADVANCED_FACE ( 'NONE', ( #10573 ), #2814, .F. ) ;
#7053 = VERTEX_POINT ( 'NONE', #1275 ) ;
#7054 = ORIENTED_EDGE ( 'NONE', *, *, #3654, .F. ) ;
#7055 = CARTESIAN_POINT ( 'NONE',  ( -23.07862738128373081, 96.12583987928823603, 15.71614540591370890 ) ) ;
#7056 = CARTESIAN_POINT ( 'NONE',  ( 0.8588234648531480886, 124.8258398792884947, -15.76649027099538358 ) ) ;
#7057 = LINE ( 'NONE', #5923, #5773 ) ;
#7058 = AXIS2_PLACEMENT_3D ( 'NONE', #4828, #1435, #11019 ) ;
#7059 = CARTESIAN_POINT ( 'NONE',  ( 73.96808532237744771, 8.274999999999998579, 0.5788675790057360437 ) ) ;
#7060 = VERTEX_POINT ( 'NONE', #4500 ) ;
#7061 = LINE ( 'NONE', #5144, #8385 ) ;
#7062 = EDGE_CURVE ( 'NONE', #9840, #4522, #256, .T. ) ;
#7063 = DIRECTION ( 'NONE',  ( -0.7071067811865524577, 0.000000000000000000, -0.7071067811865425767 ) ) ;
#7064 = DIRECTION ( 'NONE',  ( 0.000000000000000000, 0.000000000000000000, -1.000000000000000000 ) ) ;
#7065 = DIRECTION ( 'NONE',  ( -1.000000000000000000, 0.000000000000000000, -0.000000000000000000 ) ) ;
#7066 = ORIENTED_EDGE ( 'NONE', *, *, #10876, .F. ) ;
#7067 = ORIENTED_EDGE ( 'NONE', *, *, #1314, .T. ) ;
#7068 = CARTESIAN_POINT ( 'NONE',  ( 4.999570503068137661, 124.8258398792882247, 4.963509728450993919 ) ) ;
#7069 = LINE ( 'NONE', #6896, #4313 ) ;
#7070 = VECTOR ( 'NONE', #4051, 1000.000000000000000 ) ;
#7071 = CARTESIAN_POINT ( 'NONE',  ( 50.48689872104515075, 95.10731456396575823, 3.358535111626433700 ) ) ;
#7072 = FACE_OUTER_BOUND ( 'NONE', #5446, .T. ) ;
#7073 = CARTESIAN_POINT ( 'NONE',  ( 50.48689872104515075, 97.40000406513270548, -24.18005742219565946 ) ) ;
#7074 = AXIS2_PLACEMENT_3D ( 'NONE', #7946, #9656, #9708 ) ;
#7075 = CARTESIAN_POINT ( 'NONE',  ( -46.58189872104514251, 72.64000000000000057, -7.085838131530381798E-15 ) ) ;
#7076 = EDGE_CURVE ( 'NONE', #8590, #10540, #6256, .T. ) ;
#7077 = ORIENTED_EDGE ( 'NONE', *, *, #117, .T. ) ;
#7078 = EDGE_LOOP ( 'NONE', ( #8130, #11204, #6950, #7357 ) ) ;
#7079 = AXIS2_PLACEMENT_3D ( 'NONE', #8200, #2920, #9945 ) ;
#7080 = AXIS2_PLACEMENT_3D ( 'NONE', #10258, #9468, #5156 ) ;
#7081 = VERTEX_POINT ( 'NONE', #7981 ) ;
#7082 = AXIS2_PLACEMENT_3D ( 'NONE', #2412, #1619, #5862 ) ;
#7083 = PLANE ( 'NONE',  #5575 ) ;
#7084 = EDGE_CURVE ( 'NONE', #6089, #10899, #2566, .T. ) ;
#7085 = DIRECTION ( 'NONE',  ( 0.000000000000000000, 0.000000000000000000, 1.000000000000000000 ) ) ;
#7086 = CARTESIAN_POINT ( 'NONE',  ( -33.55000000000002558, 98.32583987928822467, 33.89999999999999147 ) ) ;
#7087 = CARTESIAN_POINT ( 'NONE',  ( 50.02648496882963514, 8.274999999999998579, -6.985329661611394236 ) ) ;
#7088 = CARTESIAN_POINT ( 'NONE',  ( -43.40689872104513825, 97.50000000000000000, 22.30467496797187010 ) ) ;
#7089 = DIRECTION ( 'NONE',  ( -1.000000000000000000, 0.000000000000000000, 0.000000000000000000 ) ) ;
#7090 = ORIENTED_EDGE ( 'NONE', *, *, #2630, .T. ) ;
#7091 = FACE_OUTER_BOUND ( 'NONE', #9895, .T. ) ;
#7092 = CONICAL_SURFACE ( 'NONE', #1307, 5.999999999999998224, 0.9599310885968821427 ) ;
#7093 = VERTEX_POINT ( 'NONE', #3709 ) ;
#7094 = ORIENTED_EDGE ( 'NONE', *, *, #53, .T. ) ;
#7095 = ADVANCED_FACE ( 'NONE', ( #9106 ), #9842, .T. ) ;
#7096 = AXIS2_PLACEMENT_3D ( 'NONE', #524, #9218, #1452 ) ;
#7097 = CARTESIAN_POINT ( 'NONE',  ( -35.61042949717771222, 96.12583987928823603, -1.926685223531119817 ) ) ;
#7098 = LINE ( 'NONE', #8873, #11234 ) ;
#7099 = DIRECTION ( 'NONE',  ( -1.778091562876227272E-15, 0.000000000000000000, -1.000000000000000000 ) ) ;
#7100 = CARTESIAN_POINT ( 'NONE',  ( -77.54999999999999716, 109.8258398792882247, 36.89999999999999858 ) ) ;
#7101 = ORIENTED_EDGE ( 'NONE', *, *, #10645, .F. ) ;
#7102 = EDGE_CURVE ( 'NONE', #2072, #804, #2394, .T. ) ;
#7103 = DIRECTION ( 'NONE',  ( 1.000000000000000000, -0.000000000000000000, 1.335278419062900361E-16 ) ) ;
#7104 = FACE_BOUND ( 'NONE', #3824, .T. ) ;
#7105 = ORIENTED_EDGE ( 'NONE', *, *, #3118, .F. ) ;
#7106 = VECTOR ( 'NONE', #1492, 1000.000000000000000 ) ;
#7107 = CARTESIAN_POINT ( 'NONE',  ( 32.54999999999999716, 93.00000000000000000, 22.30467496797187010 ) ) ;
#7108 = EDGE_LOOP ( 'NONE', ( #3043, #2225, #7810, #4776 ) ) ;
#7109 = VERTEX_POINT ( 'NONE', #4723 ) ;
#7110 = EDGE_CURVE ( 'NONE', #6528, #6626, #8992, .T. ) ;
#7111 = EDGE_LOOP ( 'NONE', ( #10459, #9609, #10633, #3681 ) ) ;
#7112 = EDGE_CURVE ( 'NONE', #3929, #8117, #6314, .T. ) ;
#7113 = ADVANCED_FACE ( 'NONE', ( #4611 ), #1218, .F. ) ;
#7114 = FACE_OUTER_BOUND ( 'NONE', #7352, .T. ) ;
#7115 = VECTOR ( 'NONE', #10902, 1000.000000000000000 ) ;
#7117 = DIRECTION ( 'NONE',  ( -1.000000000000000000, 0.000000000000000000, 0.000000000000000000 ) ) ;
#7116 = VECTOR ( 'NONE', #10536, 1000.000000000000000 ) ;
#7118 = LINE ( 'NONE', #3819, #7413 ) ;
#7119 = DIRECTION ( 'NONE',  ( 0.000000000000000000, 7.709882115452476934E-17, -1.000000000000000000 ) ) ;
#7120 = ADVANCED_FACE ( 'NONE', ( #7291 ), #1113, .F. ) ;
#7121 = ORIENTED_EDGE ( 'NONE', *, *, #10816, .F. ) ;
#7122 = ADVANCED_FACE ( 'NONE', ( #4555 ), #2129, .T. ) ;
#7123 = DIRECTION ( 'NONE',  ( 1.000000000000000000, -0.000000000000000000, -0.000000000000000000 ) ) ;
#7124 = DIRECTION ( 'NONE',  ( 1.335278419062900361E-16, 0.000000000000000000, 1.000000000000000000 ) ) ;
#7125 = CARTESIAN_POINT ( 'NONE',  ( 77.61250000000001137, 58.93999999999998352, -0.2576914538747649974 ) ) ;
#7126 = CARTESIAN_POINT ( 'NONE',  ( 33.75500000000002387, -27.00000000000000355, -3.738845726937403580 ) ) ;
#7127 = ORIENTED_EDGE ( 'NONE', *, *, #7808, .F. ) ;
#7128 = ORIENTED_EDGE ( 'NONE', *, *, #9127, .F. ) ;
#7129 = AXIS2_PLACEMENT_3D ( 'NONE', #11233, #9698, #2664 ) ;
#7130 = VERTEX_POINT ( 'NONE', #5472 ) ;
#7131 = FACE_OUTER_BOUND ( 'NONE', #4204, .T. ) ;
#7132 = ADVANCED_FACE ( 'NONE', ( #8941 ), #7092, .F. ) ;
#7133 = EDGE_CURVE ( 'NONE', #7015, #1689, #5015, .T. ) ;
#7134 = EDGE_CURVE ( 'NONE', #6487, #8565, #10006, .T. ) ;
#7135 = LINE ( 'NONE', #375, #1461 ) ;
#7136 = DIRECTION ( 'NONE',  ( 0.000000000000000000, 1.000000000000000000, 0.000000000000000000 ) ) ;
#7137 = VECTOR ( 'NONE', #2007, 1000.000000000000000 ) ;
#7138 = DIRECTION ( 'NONE',  ( -1.000000000000000000, 0.000000000000000000, 0.000000000000000000 ) ) ;
#7139 = VECTOR ( 'NONE', #3561, 1000.000000000000000 ) ;
#7140 = DIRECTION ( 'NONE',  ( 0.000000000000000000, 0.000000000000000000, -1.000000000000000000 ) ) ;
#7141 = CARTESIAN_POINT ( 'NONE',  ( 12.14099893161103161, 109.8258398792882247, 36.89999999999997726 ) ) ;
#7142 = EDGE_LOOP ( 'NONE', ( #8388, #4442, #10983, #11196, #1486, #2320, #5126, #4574, #1475, #4415, #9946, #3008 ) ) ;
#7143 = ORIENTED_EDGE ( 'NONE', *, *, #819, .F. ) ;
#7144 = ORIENTED_EDGE ( 'NONE', *, *, #8838, .F. ) ;
#7145 = LINE ( 'NONE', #5492, #6492 ) ;
#7146 = ORIENTED_EDGE ( 'NONE', *, *, #3931, .T. ) ;
#7147 = LINE ( 'NONE', #5721, #6932 ) ;
#7148 = DIRECTION ( 'NONE',  ( -1.000000000000000000, -0.000000000000000000, 1.335278419062900361E-16 ) ) ;
#7149 = CARTESIAN_POINT ( 'NONE',  ( -43.40689872104513825, 97.50000000000000000, 22.30467496797187010 ) ) ;
#7150 = DIRECTION ( 'NONE',  ( 1.000000000000000000, 0.000000000000000000, 1.335278419062900361E-16 ) ) ;
#7151 = CARTESIAN_POINT ( 'NONE',  ( 10.60957050301872329, 90.00000000000000000, 17.30072581676351362 ) ) ;
#7152 = DIRECTION ( 'NONE',  ( 1.000000000000000000, 0.000000000000000000, 1.335278419062900115E-16 ) ) ;
#7153 = VERTEX_POINT ( 'NONE', #6592 ) ;
#7154 = CARTESIAN_POINT ( 'NONE',  ( -43.40689872104514535, 95.28999999999417980, -25.07998592831960849 ) ) ;
#7155 = CIRCLE ( 'NONE', #7509, 1.150000000000001688 ) ;
#7156 = VERTEX_POINT ( 'NONE', #10861 ) ;
#7157 = ORIENTED_EDGE ( 'NONE', *, *, #6088, .T. ) ;
#7158 = DIRECTION ( 'NONE',  ( 8.405686134351577711E-17, -0.000000000000000000, 1.000000000000000000 ) ) ;
#7159 = AXIS2_PLACEMENT_3D ( 'NONE', #3377, #10293, #9512 ) ;
#7160 = LINE ( 'NONE', #6019, #8234 ) ;
#7161 = DIRECTION ( 'NONE',  ( 0.000000000000000000, 0.000000000000000000, 1.000000000000000000 ) ) ;
#7162 = LINE ( 'NONE', #10736, #9456 ) ;
#7163 = DIRECTION ( 'NONE',  ( 0.000000000000000000, -0.9578262852411809636, -0.2873478854995805132 ) ) ;
#7164 = ORIENTED_EDGE ( 'NONE', *, *, #8990, .T. ) ;
#7165 = CARTESIAN_POINT ( 'NONE',  ( -43.40689872104514535, 72.64000000000000057, -5.796029510066058939E-15 ) ) ;
#7166 = ORIENTED_EDGE ( 'NONE', *, *, #5591, .T. ) ;
#7167 = AXIS2_PLACEMENT_3D ( 'NONE', #7492, #5045, #9252 ) ;
#7168 = EDGE_CURVE ( 'NONE', #10032, #5434, #2360, .T. ) ;
#7169 = LINE ( 'NONE', #3655, #4681 ) ;
#7170 = VERTEX_POINT ( 'NONE', #4157 ) ;
#7171 = ORIENTED_EDGE ( 'NONE', *, *, #3309, .F. ) ;
#7172 = ORIENTED_EDGE ( 'NONE', *, *, #4276, .F. ) ;
#7173 = VECTOR ( 'NONE', #4571, 1000.000000000000000 ) ;
#7174 = CARTESIAN_POINT ( 'NONE',  ( 67.12499999999998579, 104.8258398792882247, 40.40000000000004832 ) ) ;
#7175 = CARTESIAN_POINT ( 'NONE',  ( 33.75500000000002387, 5.099999999999999645, 21.38115427306259875 ) ) ;
#7176 = LINE ( 'NONE', #9845, #9229 ) ;
#7177 = CARTESIAN_POINT ( 'NONE',  ( -0.0004294969318460739593, 124.8258398792882247, 8.433509728450992782 ) ) ;
#7178 = VERTEX_POINT ( 'NONE', #1567 ) ;
#7179 = DIRECTION ( 'NONE',  ( 1.000000000000000000, 0.000000000000000000, 1.335278419062900115E-16 ) ) ;
#7180 = DIRECTION ( 'NONE',  ( -1.317950958372553779E-22, -0.9999999999995129452, 9.870233350266329205E-07 ) ) ;
#7181 = CARTESIAN_POINT ( 'NONE',  ( -46.58189872104514251, 95.10731456396575823, 3.358535111626434144 ) ) ;
#7182 = CARTESIAN_POINT ( 'NONE',  ( 51.69999999999999574, 109.8258398792882247, 63.21800789427800282 ) ) ;
#7183 = EDGE_CURVE ( 'NONE', #3913, #9874, #8374, .T. ) ;
#7184 = EDGE_CURVE ( 'NONE', #6313, #8005, #7400, .T. ) ;
#7185 = EDGE_LOOP ( 'NONE', ( #1339, #6726, #8356, #4138, #11132 ) ) ;
#7186 = ORIENTED_EDGE ( 'NONE', *, *, #9353, .F. ) ;
#7187 = VECTOR ( 'NONE', #1799, 1000.000000000000000 ) ;
#7188 = ORIENTED_EDGE ( 'NONE', *, *, #3586, .F. ) ;
#7189 = EDGE_CURVE ( 'NONE', #3599, #4377, #646, .T. ) ;
#7190 = EDGE_CURVE ( 'NONE', #10743, #8881, #4048, .T. ) ;
#7191 = DIRECTION ( 'NONE',  ( 0.000000000000000000, 0.000000000000000000, -1.000000000000000000 ) ) ;
#7192 = LINE ( 'NONE', #9065, #10653 ) ;
#7193 = PLANE ( 'NONE',  #2625 ) ;
#7194 = DIRECTION ( 'NONE',  ( 0.000000000000000000, 0.000000000000000000, 1.000000000000000000 ) ) ;
#7195 = LINE ( 'NONE', #9974, #2107 ) ;
#7196 = ADVANCED_FACE ( 'NONE', ( #3266 ), #3658, .T. ) ;
#7197 = EDGE_CURVE ( 'NONE', #7398, #4176, #10973, .T. ) ;
#7198 = ORIENTED_EDGE ( 'NONE', *, *, #398, .F. ) ;
#7199 = EDGE_CURVE ( 'NONE', #792, #6425, #7626, .T. ) ;
#7200 = ORIENTED_EDGE ( 'NONE', *, *, #542, .F. ) ;
#7201 = ORIENTED_EDGE ( 'NONE', *, *, #4192, .F. ) ;
#7202 = EDGE_CURVE ( 'NONE', #7455, #11053, #5107, .T. ) ;
#7203 = FACE_OUTER_BOUND ( 'NONE', #5294, .T. ) ;
#7204 = VERTEX_POINT ( 'NONE', #3204 ) ;
#7205 = CARTESIAN_POINT ( 'NONE',  ( 67.12499999999998579, 104.8258398792882247, 40.40000000000004832 ) ) ;
#7206 = DIRECTION ( 'NONE',  ( -2.037326371931608774E-06, 0.000000000000000000, -0.9999999999979246601 ) ) ;
#7207 = FACE_OUTER_BOUND ( 'NONE', #4072, .T. ) ;
#7208 = CARTESIAN_POINT ( 'NONE',  ( -13.75499999999998479, -24.89937738537090794, 7.542308546125212843 ) ) ;
#7209 = DIRECTION ( 'NONE',  ( -1.000000000000000000, 0.000000000000000000, 0.000000000000000000 ) ) ;
#7210 = DIRECTION ( 'NONE',  ( 1.000000000000000000, 0.000000000000000000, 1.335278419062900361E-16 ) ) ;
#7211 = ORIENTED_EDGE ( 'NONE', *, *, #469, .F. ) ;
#7212 = PLANE ( 'NONE',  #8506 ) ;
#7213 = EDGE_CURVE ( 'NONE', #9930, #10042, #2030, .T. ) ;
#7214 = ORIENTED_EDGE ( 'NONE', *, *, #7734, .T. ) ;
#7215 = ORIENTED_EDGE ( 'NONE', *, *, #10774, .F. ) ;
#7216 = VECTOR ( 'NONE', #6424, 1000.000000000000114 ) ;
#7217 = AXIS2_PLACEMENT_3D ( 'NONE', #9772, #6078, #928 ) ;
#7218 = DIRECTION ( 'NONE',  ( 1.000000000000000000, -0.000000000000000000, -1.335278419062900115E-16 ) ) ;
#7219 = FACE_OUTER_BOUND ( 'NONE', #2593, .T. ) ;
#7220 = CARTESIAN_POINT ( 'NONE',  ( -43.40689872104513825, 97.50000000000000000, 22.30467496797187010 ) ) ;
#7221 = DIRECTION ( 'NONE',  ( -0.000000000000000000, 0.000000000000000000, 1.000000000000000000 ) ) ;
#7222 = VECTOR ( 'NONE', #10215, 1000.000000000000000 ) ;
#7223 = ORIENTED_EDGE ( 'NONE', *, *, #11017, .F. ) ;
#7224 = VECTOR ( 'NONE', #7228, 1000.000000000000114 ) ;
#7225 = CARTESIAN_POINT ( 'NONE',  ( 42.54999999999999716, 97.82583987928822467, 33.89999999999999147 ) ) ;
#7226 = VERTEX_POINT ( 'NONE', #7457 ) ;
#7227 = EDGE_CURVE ( 'NONE', #1536, #8886, #5693, .T. ) ;
#7228 = DIRECTION ( 'NONE',  ( 0.000000000000000000, -0.7071072074758638637, -0.7071063548969741541 ) ) ;
#7229 = ORIENTED_EDGE ( 'NONE', *, *, #1314, .F. ) ;
#7230 = EDGE_LOOP ( 'NONE', ( #82, #4816, #358, #4687 ) ) ;
#7231 = VECTOR ( 'NONE', #11154, 1000.000000000000000 ) ;
#7232 = ORIENTED_EDGE ( 'NONE', *, *, #10878, .F. ) ;
#7233 = AXIS2_PLACEMENT_3D ( 'NONE', #690, #8584, #4310 ) ;
#7234 =( BOUNDED_CURVE ( )  B_SPLINE_CURVE ( 3, ( #4413, #3512, #4356, #10314 ),
 .UNSPECIFIED., .F., .F. ) 
 B_SPLINE_CURVE_WITH_KNOTS ( ( 4, 4 ),
 ( 0.000000000000000000, 1.570796326794897002 ),
 .UNSPECIFIED. ) 
 CURVE ( )  GEOMETRIC_REPRESENTATION_ITEM ( )  RATIONAL_B_SPLINE_CURVE ( ( 1.000000000000000000, 0.8047378541243649375, 0.8047378541243649375, 1.000000000000000000 ) ) 
 REPRESENTATION_ITEM ( '' )  );
#7235 = DIRECTION ( 'NONE',  ( 0.000000000000000000, 0.000000000000000000, 1.000000000000000000 ) ) ;
#7236 = ADVANCED_FACE ( 'NONE', ( #2410 ), #5859, .T. ) ;
#7237 = CARTESIAN_POINT ( 'NONE',  ( -50.02648654977334530, 6.349999999999999645, 0.000000000000000000 ) ) ;
#7238 = CARTESIAN_POINT ( 'NONE',  ( 33.54999999999999716, 92.00000000000000000, 22.30467496797187010 ) ) ;
#7239 = DIRECTION ( 'NONE',  ( -0.000000000000000000, -1.000000000000000000, -0.000000000000000000 ) ) ;
#7240 = ORIENTED_EDGE ( 'NONE', *, *, #10040, .F. ) ;
#7241 = CARTESIAN_POINT ( 'NONE',  ( -50.48689872104515075, 74.78999999999417980, 0.5200140716803901553 ) ) ;
#7242 = DIRECTION ( 'NONE',  ( 1.000000000000000000, -0.000000000000000000, -0.000000000000000000 ) ) ;
#7243 = VECTOR ( 'NONE', #3168, 1000.000000000000000 ) ;
#7244 = ORIENTED_EDGE ( 'NONE', *, *, #10882, .F. ) ;
#7246 = LINE ( 'NONE', #7182, #5932 ) ;
#7245 = AXIS2_PLACEMENT_3D ( 'NONE', #42, #5315, #11228 ) ;
#7247 = CIRCLE ( 'NONE', #10675, 4.999999999999997335 ) ;
#7248 = ORIENTED_EDGE ( 'NONE', *, *, #3919, .F. ) ;
#7249 = CARTESIAN_POINT ( 'NONE',  ( 0.000000000000000000, 99.82583987928822467, 0.000000000000000000 ) ) ;
#7250 = VECTOR ( 'NONE', #2477, 1000.000000000000000 ) ;
#7251 = ADVANCED_FACE ( 'NONE', ( #5747 ), #8260, .F. ) ;
#7252 = CARTESIAN_POINT ( 'NONE',  ( -9.142903585136082256, 110.0692607697454690, 36.89999999999999147 ) ) ;
#7253 = CARTESIAN_POINT ( 'NONE',  ( 77.61250000000001137, 82.35514882866895903, -37.08269145387477295 ) ) ;
#7254 = DIRECTION ( 'NONE',  ( 0.000000000000000000, 0.000000000000000000, -1.000000000000000000 ) ) ;
#7255 = DIRECTION ( 'NONE',  ( 1.000000000000000000, 0.000000000000000000, 1.335278419062900361E-16 ) ) ;
#7256 = EDGE_CURVE ( 'NONE', #9661, #6771, #9273, .T. ) ;
#7257 = ORIENTED_EDGE ( 'NONE', *, *, #4086, .T. ) ;
#7258 = EDGE_LOOP ( 'NONE', ( #9795, #10092 ) ) ;
#7259 = ORIENTED_EDGE ( 'NONE', *, *, #6633, .T. ) ;
#7260 = VERTEX_POINT ( 'NONE', #4902 ) ;
#7261 = CARTESIAN_POINT ( 'NONE',  ( -8.300429496927989703, 96.12583987928823603, -0.6664902716071350319 ) ) ;
#7262 = CARTESIAN_POINT ( 'NONE',  ( 8.384416722923363707, 99.82583987928821045, -3.694314324706627684 ) ) ;
#7264 = CARTESIAN_POINT ( 'NONE',  ( 50.48689872104515075, 73.67999999411362921, 3.358530552390479595 ) ) ;
#7263 = VECTOR ( 'NONE', #116, 1000.000000000000000 ) ;
#7265 = EDGE_CURVE ( 'NONE', #2537, #10172, #35, .T. ) ;
#7266 = CARTESIAN_POINT ( 'NONE',  ( -50.48689872104515075, 72.67997248461419701, -24.29018084517760911 ) ) ;
#7267 = DIRECTION ( 'NONE',  ( -1.000000000000000000, 0.000000000000000000, 0.000000000000000000 ) ) ;
#7268 = CARTESIAN_POINT ( 'NONE',  ( 11.53797703293656163, 109.8258398792882531, 36.89999999999999858 ) ) ;
#7269 = ORIENTED_EDGE ( 'NONE', *, *, #3938, .F. ) ;
#7270 = EDGE_CURVE ( 'NONE', #7790, #2636, #4437, .T. ) ;
#7271 = AXIS2_PLACEMENT_3D ( 'NONE', #7735, #1835, #1045 ) ;
#7272 = ORIENTED_EDGE ( 'NONE', *, *, #8857, .T. ) ;
#7273 = ORIENTED_EDGE ( 'NONE', *, *, #4966, .T. ) ;
#7274 = AXIS2_PLACEMENT_3D ( 'NONE', #10504, #10338, #2516 ) ;
#7275 = LINE ( 'NONE', #4768, #6922 ) ;
#7276 = EDGE_CURVE ( 'NONE', #3156, #8094, #4648, .T. ) ;
#7277 = EDGE_CURVE ( 'NONE', #6383, #1301, #2763, .T. ) ;
#7278 = AXIS2_PLACEMENT_3D ( 'NONE', #11103, #8504, #4229 ) ;
#7279 = DIRECTION ( 'NONE',  ( 0.000000000000000000, 0.000000000000000000, 1.000000000000000000 ) ) ;
#7280 = CARTESIAN_POINT ( 'NONE',  ( -61.81289880791658931, 8.274999999999998579, 18.26344096711873277 ) ) ;
#7281 = AXIS2_PLACEMENT_3D ( 'NONE', #360, #9730, #2021 ) ;
#7282 = DIRECTION ( 'NONE',  ( 0.000000000000000000, 0.000000000000000000, 1.000000000000000000 ) ) ;
#7283 = DIRECTION ( 'NONE',  ( 0.000000000000000000, 0.000000000000000000, -1.000000000000000000 ) ) ;
#7284 = EDGE_LOOP ( 'NONE', ( #10541, #2000, #1109, #1392 ) ) ;
#7285 = LINE ( 'NONE', #7225, #1827 ) ;
#7286 = CARTESIAN_POINT ( 'NONE',  ( 0.000000000000000000, 97.50000000000000000, 0.000000000000000000 ) ) ;
#7287 = ORIENTED_EDGE ( 'NONE', *, *, #6529, .T. ) ;
#7288 = EDGE_LOOP ( 'NONE', ( #7786, #10016, #8343, #9783 ) ) ;
#7289 = VECTOR ( 'NONE', #2970, 1000.000000000000000 ) ;
#7290 = ORIENTED_EDGE ( 'NONE', *, *, #9338, .T. ) ;
#7291 = FACE_OUTER_BOUND ( 'NONE', #7571, .T. ) ;
#7292 = DIRECTION ( 'NONE',  ( 1.000000000000000000, 0.000000000000000000, 0.000000000000000000 ) ) ;
#7293 = CARTESIAN_POINT ( 'NONE',  ( 81.55000000000001137, 58.93999999999998352, 5.399999999999993250 ) ) ;
#7294 = CARTESIAN_POINT ( 'NONE',  ( -30.00042949693185079, 124.8258398792882247, 11.89999999999998614 ) ) ;
#7295 = ORIENTED_EDGE ( 'NONE', *, *, #8809, .T. ) ;
#7296 = DIRECTION ( 'NONE',  ( 1.000000000000000000, 0.000000000000000000, 9.184139537363837425E-14 ) ) ;
#7297 = CARTESIAN_POINT ( 'NONE',  ( -46.58189872104513540, 72.64000000000000057, -26.48622071973760228 ) ) ;
#7298 = CARTESIAN_POINT ( 'NONE',  ( -77.61249999996866222, 53.93999999999999062, -0.2576914538747684946 ) ) ;
#7299 = VERTEX_POINT ( 'NONE', #9774 ) ;
#7300 = CARTESIAN_POINT ( 'NONE',  ( -33.75499999999998124, 6.349999999999999645, 21.38115427306259875 ) ) ;
#7301 = ORIENTED_EDGE ( 'NONE', *, *, #519, .F. ) ;
#7302 = ORIENTED_EDGE ( 'NONE', *, *, #6762, .F. ) ;
#7303 = VERTEX_POINT ( 'NONE', #8874 ) ;
#7304 = CARTESIAN_POINT ( 'NONE',  ( -43.40689872104514535, 69.46500000000000341, -5.796029510066058939E-15 ) ) ;
#7305 = VECTOR ( 'NONE', #4336, 1000.000000000000000 ) ;
#7306 = CARTESIAN_POINT ( 'NONE',  ( -50.02648654977334530, 5.099999999999999645, 20.18114647173673148 ) ) ;
#7307 = FACE_OUTER_BOUND ( 'NONE', #5971, .T. ) ;
#7308 = DIRECTION ( 'NONE',  ( 0.000000000000000000, 0.000000000000000000, 1.000000000000000000 ) ) ;
#7309 = DIRECTION ( 'NONE',  ( 0.000000000000000000, 1.000000000000000000, 0.000000000000000000 ) ) ;
#7310 = DIRECTION ( 'NONE',  ( -0.000000000000000000, -1.000000000000000000, -0.000000000000000000 ) ) ;
#7311 = CARTESIAN_POINT ( 'NONE',  ( 43.40689872104514535, 74.43999999999417128, -7.959769997217390092 ) ) ;
#7312 = VECTOR ( 'NONE', #6907, 1000.000000000000000 ) ;
#7313 = ORIENTED_EDGE ( 'NONE', *, *, #5093, .T. ) ;
#7314 = ORIENTED_EDGE ( 'NONE', *, *, #8515, .T. ) ;
#7315 = EDGE_CURVE ( 'NONE', #397, #10786, #8022, .T. ) ;
#7316 = ORIENTED_EDGE ( 'NONE', *, *, #3932, .T. ) ;
#7317 = DIRECTION ( 'NONE',  ( 0.000000000000000000, 0.000000000000000000, -1.000000000000000000 ) ) ;
#7318 = ORIENTED_EDGE ( 'NONE', *, *, #5047, .T. ) ;
#7319 = CARTESIAN_POINT ( 'NONE',  ( 82.54999999999999716, 72.64000000000000057, -26.48622071973760228 ) ) ;
#7320 = CIRCLE ( 'NONE', #4777, 5.000000000000004441 ) ;
#7321 = VECTOR ( 'NONE', #41, 1000.000000000000000 ) ;
#7322 = CARTESIAN_POINT ( 'NONE',  ( 46.58189872104514251, 72.64000000000000057, -7.959769997217390092 ) ) ;
#7323 = CARTESIAN_POINT ( 'NONE',  ( -5.461913016040046642, 96.12583987928823603, 21.29351081815998370 ) ) ;
#7324 = DIRECTION ( 'NONE',  ( 0.000000000000000000, -0.000000000000000000, 1.000000000000000000 ) ) ;
#7325 = LINE ( 'NONE', #8919, #6436 ) ;
#7326 = VERTEX_POINT ( 'NONE', #8817 ) ;
#7327 = VERTEX_POINT ( 'NONE', #8084 ) ;
#7328 = EDGE_CURVE ( 'NONE', #10807, #5378, #3645, .T. ) ;
#7329 = ORIENTED_EDGE ( 'NONE', *, *, #7528, .F. ) ;
#7330 = EDGE_CURVE ( 'NONE', #3933, #1565, #1042, .T. ) ;
#7331 = PLANE ( 'NONE',  #5482 ) ;
#7332 = EDGE_CURVE ( 'NONE', #1243, #9026, #7162, .T. ) ;
#7333 = DIRECTION ( 'NONE',  ( 0.000000000000000000, 0.000000000000000000, -1.000000000000000000 ) ) ;
#7334 = DIRECTION ( 'NONE',  ( 0.000000000000000000, 0.000000000000000000, -1.000000000000000000 ) ) ;
#7335 = VECTOR ( 'NONE', #2039, 1000.000000000000114 ) ;
#7336 = DIRECTION ( 'NONE',  ( -1.000000000000000000, 0.000000000000000000, 1.218707698843631042E-16 ) ) ;
#7337 = DIRECTION ( 'NONE',  ( 0.000000000000000000, 0.000000000000000000, -1.000000000000000000 ) ) ;
#7338 = CARTESIAN_POINT ( 'NONE',  ( -46.58189872104514251, 72.64000000000000057, -21.83805926787198715 ) ) ;
#7339 = ORIENTED_EDGE ( 'NONE', *, *, #6687, .T. ) ;
#7340 = CARTESIAN_POINT ( 'NONE',  ( 5.860810986618680829, 124.7602261446220240, 36.88847664948200133 ) ) ;
#7341 = ORIENTED_EDGE ( 'NONE', *, *, #5918, .T. ) ;
#7342 = EDGE_CURVE ( 'NONE', #426, #4260, #10674, .T. ) ;
#7343 = ADVANCED_FACE ( 'NONE', ( #1831 ), #2916, .F. ) ;
#7344 = CARTESIAN_POINT ( 'NONE',  ( -31.00042949693185435, 109.8258398792882247, 11.89999999999998614 ) ) ;
#7345 = ORIENTED_EDGE ( 'NONE', *, *, #3506, .F. ) ;
#7346 = EDGE_CURVE ( 'NONE', #864, #164, #6729, .T. ) ;
#7347 = VECTOR ( 'NONE', #4710, 1000.000000000000000 ) ;
#7348 = EDGE_LOOP ( 'NONE', ( #10922, #10621, #7232, #7301 ) ) ;
#7349 = CARTESIAN_POINT ( 'NONE',  ( 50.48689872104515075, 74.78999999999417980, -23.92998592831960991 ) ) ;
#7350 = CARTESIAN_POINT ( 'NONE',  ( -50.48689872104515075, 74.78999999999417980, -22.77998592831961133 ) ) ;
#7351 = LINE ( 'NONE', #259, #1105 ) ;
#7352 = EDGE_LOOP ( 'NONE', ( #9955, #1639, #3972, #10418 ) ) ;
#7353 = AXIS2_PLACEMENT_3D ( 'NONE', #119, #1031, #4531 ) ;
#7354 = CARTESIAN_POINT ( 'NONE',  ( -77.61249999996864801, 58.93999999999998352, -5.257691453874764775 ) ) ;
#7355 = CARTESIAN_POINT ( 'NONE',  ( -74.43749999996865085, 82.35514882866895903, -32.75769145387477010 ) ) ;
#7356 = CARTESIAN_POINT ( 'NONE',  ( 76.81501998216512561, 8.274999999999998579, -1.428845727014055988 ) ) ;
#7357 = ORIENTED_EDGE ( 'NONE', *, *, #5447, .F. ) ;
#7358 = ORIENTED_EDGE ( 'NONE', *, *, #1861, .T. ) ;
#7359 = EDGE_LOOP ( 'NONE', ( #7728, #6919, #9255, #5720 ) ) ;
#7360 = ORIENTED_EDGE ( 'NONE', *, *, #6559, .F. ) ;
#7361 = VECTOR ( 'NONE', #9527, 1000.000000000000000 ) ;
#7362 = LINE ( 'NONE', #7471, #9757 ) ;
#7363 = CYLINDRICAL_SURFACE ( 'NONE', #10763, 2.500000000000000444 ) ;
#7364 = LINE ( 'NONE', #2998, #6332 ) ;
#7365 = FACE_OUTER_BOUND ( 'NONE', #4220, .T. ) ;
#7366 = CARTESIAN_POINT ( 'NONE',  ( 50.48689872104515075, 94.56476577691782381, -21.83805926787198715 ) ) ;
#7367 = DIRECTION ( 'NONE',  ( 1.000000000000000000, 0.000000000000000000, 9.169294481193143764E-14 ) ) ;
#7368 = CARTESIAN_POINT ( 'NONE',  ( -76.81501998216515403, 5.099999999999999645, 20.22115427298596302 ) ) ;
#7369 = VECTOR ( 'NONE', #4561, 1000.000000000000000 ) ;
#7370 = ORIENTED_EDGE ( 'NONE', *, *, #5541, .T. ) ;
#7371 = EDGE_LOOP ( 'NONE', ( #4318, #3916, #9242, #5771 ) ) ;
#7372 = ADVANCED_FACE ( 'NONE', ( #8929 ), #5469, .F. ) ;
#7373 = ORIENTED_EDGE ( 'NONE', *, *, #1523, .T. ) ;
#7374 = EDGE_LOOP ( 'NONE', ( #10239, #307, #881, #9850 ) ) ;
#7375 = CARTESIAN_POINT ( 'NONE',  ( -50.02648496882963514, 8.274999999999998579, -6.985329661611394236 ) ) ;
#7376 = CARTESIAN_POINT ( 'NONE',  ( 32.54999999999999716, 96.82583987928822467, 33.89999999999999147 ) ) ;
#7377 = DIRECTION ( 'NONE',  ( 1.000000000000000000, 0.000000000000000000, 0.000000000000000000 ) ) ;
#7378 = EDGE_CURVE ( 'NONE', #370, #4386, #3748, .T. ) ;
#7379 = LINE ( 'NONE', #339, #2357 ) ;
#7380 = CARTESIAN_POINT ( 'NONE',  ( -82.54999999999999716, 61.63999999999999346, -6.257691453874767440 ) ) ;
#7381 = EDGE_LOOP ( 'NONE', ( #5639, #5730, #3815, #3902 ) ) ;
#7382 = VERTEX_POINT ( 'NONE', #10502 ) ;
#7383 = EDGE_LOOP ( 'NONE', ( #10388, #2991, #48, #9254 ) ) ;
#7384 = ORIENTED_EDGE ( 'NONE', *, *, #10226, .F. ) ;
#7385 = DIRECTION ( 'NONE',  ( -2.131755774931517135E-14, 0.000000000000000000, -1.000000000000000000 ) ) ;
#7386 = CARTESIAN_POINT ( 'NONE',  ( -77.61249999996866222, 66.63999999999998636, -32.75769145387477010 ) ) ;
#7387 = PLANE ( 'NONE',  #3149 ) ;
#7388 = DIRECTION ( 'NONE',  ( -1.184914904054006793E-16, 0.4610163555042787742, 0.8873916384311678618 ) ) ;
#7389 = CARTESIAN_POINT ( 'NONE',  ( 33.54999999999999716, 97.82583987928822467, 22.30467496797187010 ) ) ;
#7390 = EDGE_CURVE ( 'NONE', #8951, #8009, #1893, .T. ) ;
#7391 = PLANE ( 'NONE',  #6241 ) ;
#7392 = CARTESIAN_POINT ( 'NONE',  ( 33.75500000000002387, 10.00000000000000000, -3.738845726937403580 ) ) ;
#7393 = LINE ( 'NONE', #8741, #10932 ) ;
#7394 = ORIENTED_EDGE ( 'NONE', *, *, #6668, .T. ) ;
#7395 = CIRCLE ( 'NONE', #10109, 0.7999999999998425038 ) ;
#7396 = VECTOR ( 'NONE', #791, 1000.000000000000000 ) ;
#7397 = EDGE_CURVE ( 'NONE', #7648, #7898, #8362, .T. ) ;
#7398 = VERTEX_POINT ( 'NONE', #576 ) ;
#7399 = ORIENTED_EDGE ( 'NONE', *, *, #9404, .F. ) ;
#7400 = LINE ( 'NONE', #2241, #1668 ) ;
#7401 = AXIS2_PLACEMENT_3D ( 'NONE', #8159, #8329, #655 ) ;
#7402 = DIRECTION ( 'NONE',  ( -0.000000000000000000, -1.000000000000000000, -0.000000000000000000 ) ) ;
#7403 = EDGE_CURVE ( 'NONE', #4447, #6341, #8204, .T. ) ;
#7404 = ORIENTED_EDGE ( 'NONE', *, *, #967, .T. ) ;
#7405 = DIRECTION ( 'NONE',  ( -0.000000000000000000, -0.8918917311500192957, -0.4522489799946727840 ) ) ;
#7406 = DIRECTION ( 'NONE',  ( 3.225253814698723087E-30, -2.200494895530833667E-16, 1.000000000000000000 ) ) ;
#7407 = ORIENTED_EDGE ( 'NONE', *, *, #7808, .T. ) ;
#7408 = CARTESIAN_POINT ( 'NONE',  ( -11.25499999999998302, -24.89937738537090794, 16.39999999999999858 ) ) ;
#7409 = ADVANCED_FACE ( 'NONE', ( #9938 ), #7446, .F. ) ;
#7410 = AXIS2_PLACEMENT_3D ( 'NONE', #2928, #9787, #10751 ) ;
#7411 = ORIENTED_EDGE ( 'NONE', *, *, #8849, .T. ) ;
#7412 = ORIENTED_EDGE ( 'NONE', *, *, #1593, .F. ) ;
#7413 = VECTOR ( 'NONE', #2190, 1000.000000000000000 ) ;
#7414 = EDGE_LOOP ( 'NONE', ( #6792, #2089, #6082, #3691 ) ) ;
#7415 = DIRECTION ( 'NONE',  ( 0.000000000000000000, 0.000000000000000000, 1.000000000000000000 ) ) ;
#7416 = LINE ( 'NONE', #10188, #7853 ) ;
#7417 = CARTESIAN_POINT ( 'NONE',  ( -82.54999999999999716, -5.993773853708698418, -40.25769145387477721 ) ) ;
#7418 = AXIS2_PLACEMENT_3D ( 'NONE', #2682, #6132, #7902 ) ;
#7419 = ADVANCED_FACE ( 'NONE', ( #5738, #2118, #8425 ), #634, .T. ) ;
#7420 = LINE ( 'NONE', #6447, #8345 ) ;
#7421 = CARTESIAN_POINT ( 'NONE',  ( -42.55000000000002558, 91.50000000000000000, 33.89999999999999147 ) ) ;
#7422 = VECTOR ( 'NONE', #10218, 1000.000000000000000 ) ;
#7423 = LINE ( 'NONE', #4746, #6358 ) ;
#7424 = DIRECTION ( 'NONE',  ( -1.000000000000000000, -0.000000000000000000, -0.000000000000000000 ) ) ;
#7425 = DIRECTION ( 'NONE',  ( 2.244742081187875711E-15, 1.000000000000000000, -0.000000000000000000 ) ) ;
#7426 = VERTEX_POINT ( 'NONE', #11020 ) ;
#7427 = ORIENTED_EDGE ( 'NONE', *, *, #9699, .T. ) ;
#7428 =( GEOMETRIC_REPRESENTATION_CONTEXT ( 3 ) GLOBAL_UNCERTAINTY_ASSIGNED_CONTEXT ( ( #570 ) ) GLOBAL_UNIT_ASSIGNED_CONTEXT ( ( #10385, #6066, #1763 ) ) REPRESENTATION_CONTEXT ( 'NONE', 'WORKASPACE' ) );
#7429 = ORIENTED_EDGE ( 'NONE', *, *, #3829, .F. ) ;
#7430 = CIRCLE ( 'NONE', #3977, 5.000000000000000888 ) ;
#7431 = ORIENTED_EDGE ( 'NONE', *, *, #8032, .F. ) ;
#7432 = DIRECTION ( 'NONE',  ( -0.5735764363510443831, -0.8191520442889929088, 0.000000000000000000 ) ) ;
#7433 = DIRECTION ( 'NONE',  ( 0.000000000000000000, 0.000000000000000000, -1.000000000000000000 ) ) ;
#7434 = LINE ( 'NONE', #9357, #8065 ) ;
#7435 = CARTESIAN_POINT ( 'NONE',  ( 77.61250000000001137, 90.00000000000000000, -29.66122071973759944 ) ) ;
#7436 = DIRECTION ( 'NONE',  ( 0.000000000000000000, 1.000000000000000000, 0.000000000000000000 ) ) ;
#7437 = ORIENTED_EDGE ( 'NONE', *, *, #7076, .F. ) ;
#7438 = ORIENTED_EDGE ( 'NONE', *, *, #2133, .F. ) ;
#7439 = EDGE_LOOP ( 'NONE', ( #3036, #9929, #2469, #640 ) ) ;
#7440 = LINE ( 'NONE', #3188, #782 ) ;
#7441 = ADVANCED_FACE ( 'NONE', ( #5563 ), #10101, .F. ) ;
#7442 = AXIS2_PLACEMENT_3D ( 'NONE', #833, #7857, #3608 ) ;
#7443 = DIRECTION ( 'NONE',  ( 0.5735764363510438280, 0.000000000000000000, 0.8191520442889934639 ) ) ;
#7444 = LINE ( 'NONE', #9259, #1707 ) ;
#7445 = DIRECTION ( 'NONE',  ( 0.000000000000000000, 0.000000000000000000, -1.000000000000000000 ) ) ;
#7446 = PLANE ( 'NONE',  #6371 ) ;
#7447 = DIRECTION ( 'NONE',  ( 0.000000000000000000, 1.000000000000000000, 0.000000000000000000 ) ) ;
#7448 = FACE_OUTER_BOUND ( 'NONE', #8878, .T. ) ;
#7449 = ORIENTED_EDGE ( 'NONE', *, *, #3780, .T. ) ;
#7450 = AXIS2_PLACEMENT_3D ( 'NONE', #10060, #5694, #10229 ) ;
#7451 = ORIENTED_EDGE ( 'NONE', *, *, #4748, .F. ) ;
#7452 = VERTEX_POINT ( 'NONE', #6418 ) ;
#7453 = EDGE_CURVE ( 'NONE', #3933, #10748, #4094, .T. ) ;
#7454 = CIRCLE ( 'NONE', #8007, 1.149999999999999467 ) ;
#7455 = VERTEX_POINT ( 'NONE', #5623 ) ;
#7456 = VECTOR ( 'NONE', #8178, 1000.000000000000000 ) ;
#7457 = CARTESIAN_POINT ( 'NONE',  ( -29.00042949692799965, 96.12583987928823603, -1.016490271664932443 ) ) ;
#7458 = EDGE_CURVE ( 'NONE', #2594, #468, #6024, .T. ) ;
#7459 = CARTESIAN_POINT ( 'NONE',  ( -5.422990203590941860, 119.8272007361573515, 36.89999999999999147 ) ) ;
#7460 = VERTEX_POINT ( 'NONE', #9030 ) ;
#7461 = DIRECTION ( 'NONE',  ( 1.000000000000000000, -1.593062912007103154E-16, -1.228232725407420948E-32 ) ) ;
#7462 = CARTESIAN_POINT ( 'NONE',  ( -30.00042949693185079, 119.8258398792882105, 36.89999999999998437 ) ) ;
#7463 = ORIENTED_EDGE ( 'NONE', *, *, #4534, .F. ) ;
#7464 = CYLINDRICAL_SURFACE ( 'NONE', #3591, 0.7999999999998392841 ) ;
#7465 = VECTOR ( 'NONE', #2762, 1000.000000000000000 ) ;
#7466 = ORIENTED_EDGE ( 'NONE', *, *, #3388, .T. ) ;
#7467 = ORIENTED_EDGE ( 'NONE', *, *, #10878, .T. ) ;
#7468 = EDGE_CURVE ( 'NONE', #4965, #10743, #3138, .T. ) ;
#7469 = ORIENTED_EDGE ( 'NONE', *, *, #6549, .F. ) ;
#7470 = EDGE_CURVE ( 'NONE', #9592, #2594, #1264, .T. ) ;
#7471 = CARTESIAN_POINT ( 'NONE',  ( -61.59000000000155950, 5.099999999999999645, 19.62115427306273219 ) ) ;
#7472 = DIRECTION ( 'NONE',  ( 0.000000000000000000, 0.000000000000000000, 1.000000000000000000 ) ) ;
#7473 = EDGE_CURVE ( 'NONE', #1983, #9144, #5794, .T. ) ;
#7474 = ADVANCED_FACE ( 'NONE', ( #6467 ), #4890, .T. ) ;
#7475 = CARTESIAN_POINT ( 'NONE',  ( 50.02648654977334530, 5.099999999999999645, 20.18114647173673148 ) ) ;
#7476 = CARTESIAN_POINT ( 'NONE',  ( -3.409160943879172567, 124.8258398792691395, 32.40729707381932911 ) ) ;
#7477 = PLANE ( 'NONE',  #10959 ) ;
#7478 = DIRECTION ( 'NONE',  ( -1.218707698843631781E-16, 0.000000000000000000, -1.000000000000000000 ) ) ;
#7479 = FACE_BOUND ( 'NONE', #8909, .T. ) ;
#7480 = CARTESIAN_POINT ( 'NONE',  ( -50.02648654977334530, 5.099999999999999645, 21.38115427306260230 ) ) ;
#7481 = CARTESIAN_POINT ( 'NONE',  ( -0.000000000000000000, 90.00000000000000000, 22.30467496797187010 ) ) ;
#7482 = VERTEX_POINT ( 'NONE', #2345 ) ;
#7483 = ORIENTED_EDGE ( 'NONE', *, *, #7332, .T. ) ;
#7484 = ADVANCED_FACE ( 'NONE', ( #2293 ), #3021, .F. ) ;
#7485 = EDGE_CURVE ( 'NONE', #8051, #7622, #3491, .T. ) ;
#7486 = DIRECTION ( 'NONE',  ( 0.000000000000000000, 0.000000000000000000, 1.000000000000000000 ) ) ;
#7487 = EDGE_LOOP ( 'NONE', ( #1576, #10250, #10129, #10864 ) ) ;
#7488 = DIRECTION ( 'NONE',  ( 0.000000000000000000, 1.000000000000000000, 0.000000000000000000 ) ) ;
#7489 = DIRECTION ( 'NONE',  ( -1.000000000000000000, 0.000000000000000000, 1.335278419062900361E-16 ) ) ;
#7490 = AXIS2_PLACEMENT_3D ( 'NONE', #6058, #3519, #8630 ) ;
#7491 = DIRECTION ( 'NONE',  ( 6.879417016859792209E-17, 0.8918917311500192957, 0.4522489799946727840 ) ) ;
#7492 = CARTESIAN_POINT ( 'NONE',  ( 67.12499999999998579, 104.8258398792882247, 40.40000000000004832 ) ) ;
#7493 = VERTEX_POINT ( 'NONE', #3922 ) ;
#7494 = ORIENTED_EDGE ( 'NONE', *, *, #2894, .F. ) ;
#7495 = VERTEX_POINT ( 'NONE', #7389 ) ;
#7496 = DIRECTION ( 'NONE',  ( 1.593062912007103154E-16, -1.000000000000000000, 0.000000000000000000 ) ) ;
#7497 = AXIS2_PLACEMENT_3D ( 'NONE', #3624, #5375, #8846 ) ;
#7498 = DIRECTION ( 'NONE',  ( -0.8191520442889832498, 0.000000000000000000, -0.5735764363510583719 ) ) ;
#7499 = PLANE ( 'NONE',  #335 ) ;
#7500 = FACE_OUTER_BOUND ( 'NONE', #7968, .T. ) ;
#7501 = PLANE ( 'NONE',  #1457 ) ;
#7502 = CARTESIAN_POINT ( 'NONE',  ( 0.000000000000000000, 0.000000000000000000, 33.89999999999999147 ) ) ;
#7503 = PLANE ( 'NONE',  #9878 ) ;
#7504 = CARTESIAN_POINT ( 'NONE',  ( 10.60957050301870019, 79.82583987928819624, 17.30072581676351362 ) ) ;
#7505 = VECTOR ( 'NONE', #6621, 1000.000000000000000 ) ;
#7506 = DIRECTION ( 'NONE',  ( 0.000000000000000000, 1.000000000000000000, 0.000000000000000000 ) ) ;
#7507 = ORIENTED_EDGE ( 'NONE', *, *, #5900, .T. ) ;
#7508 = ORIENTED_EDGE ( 'NONE', *, *, #3360, .F. ) ;
#7509 = AXIS2_PLACEMENT_3D ( 'NONE', #217, #3000, #9859 ) ;
#7510 = ORIENTED_EDGE ( 'NONE', *, *, #6278, .T. ) ;
#7511 = DIRECTION ( 'NONE',  ( 0.000000000000000000, -1.000000000000000000, 0.000000000000000000 ) ) ;
#7512 = CARTESIAN_POINT ( 'NONE',  ( -50.48689872104515075, 75.48946397805705999, -21.83805926787198715 ) ) ;
#7513 = FACE_BOUND ( 'NONE', #1602, .T. ) ;
#7514 = ORIENTED_EDGE ( 'NONE', *, *, #4972, .F. ) ;
#7515 = EDGE_CURVE ( 'NONE', #9508, #5303, #10199, .T. ) ;
#7516 = CARTESIAN_POINT ( 'NONE',  ( 33.54999999999999716, 96.82583987928822467, 33.89999999999999147 ) ) ;
#7517 = CARTESIAN_POINT ( 'NONE',  ( -53.40689872104514535, 74.43999999999417128, -2.374168628343576337 ) ) ;
#7518 = VERTEX_POINT ( 'NONE', #8301 ) ;
#7519 = PLANE ( 'NONE',  #8497 ) ;
#7520 = AXIS2_PLACEMENT_3D ( 'NONE', #1325, #515, #7282 ) ;
#7521 = ORIENTED_EDGE ( 'NONE', *, *, #9071, .F. ) ;
#7522 = VERTEX_POINT ( 'NONE', #512 ) ;
#7523 = CARTESIAN_POINT ( 'NONE',  ( 77.61249999999999716, 6.349999999999983658, -6.985329661611388907 ) ) ;
#7524 = VECTOR ( 'NONE', #2389, 1000.000000000000000 ) ;
#7525 = FACE_OUTER_BOUND ( 'NONE', #751, .T. ) ;
#7526 = LINE ( 'NONE', #10133, #5079 ) ;
#7527 = DIRECTION ( 'NONE',  ( -0.000000000000000000, -1.000000000000000000, -0.000000000000000000 ) ) ;
#7528 = EDGE_CURVE ( 'NONE', #5852, #865, #2659, .T. ) ;
#7529 = DIRECTION ( 'NONE',  ( 1.000000000000000000, -0.000000000000000000, -0.000000000000000000 ) ) ;
#7530 = DIRECTION ( 'NONE',  ( -0.000000000000000000, 1.000000000000000000, -0.000000000000000000 ) ) ;
#7531 = ADVANCED_FACE ( 'NONE', ( #689 ), #9585, .T. ) ;
#7532 = CARTESIAN_POINT ( 'NONE',  ( -77.61249999996866222, 90.00000000000000000, 22.30467496797187010 ) ) ;
#7533 = ORIENTED_EDGE ( 'NONE', *, *, #3260, .F. ) ;
#7534 = ORIENTED_EDGE ( 'NONE', *, *, #8521, .F. ) ;
#7535 = EDGE_CURVE ( 'NONE', #5842, #7934, #10217, .T. ) ;
#7536 = CIRCLE ( 'NONE', #3189, 5.000000000000000888 ) ;
#7537 = EDGE_CURVE ( 'NONE', #7382, #10066, #9478, .T. ) ;
#7538 = ORIENTED_EDGE ( 'NONE', *, *, #10183, .F. ) ;
#7539 = LINE ( 'NONE', #10891, #4956 ) ;
#7540 = FACE_OUTER_BOUND ( 'NONE', #9740, .T. ) ;
#7541 = CARTESIAN_POINT ( 'NONE',  ( 43.40689872104514535, 95.63999999999417412, -2.374168628343573229 ) ) ;
#7542 = CARTESIAN_POINT ( 'NONE',  ( -5.847156161891129855, 124.7612853542315463, -20.02535266397707403 ) ) ;
#7543 = AXIS2_PLACEMENT_3D ( 'NONE', #4620, #5478, #2083 ) ;
#7544 = DIRECTION ( 'NONE',  ( 1.000000000000000000, -0.000000000000000000, -1.335278419062900115E-16 ) ) ;
#7545 = DIRECTION ( 'NONE',  ( -0.000000000000000000, 0.000000000000000000, 1.000000000000000000 ) ) ;
#7546 = EDGE_CURVE ( 'NONE', #2455, #1545, #6924, .T. ) ;
#7547 = EDGE_CURVE ( 'NONE', #10495, #3869, #6104, .T. ) ;
#7548 = ADVANCED_FACE ( 'NONE', ( #7072 ), #3248, .T. ) ;
#7549 = ORIENTED_EDGE ( 'NONE', *, *, #8849, .F. ) ;
#7550 = CARTESIAN_POINT ( 'NONE',  ( 33.75500000000002387, 6.349999999999999645, 0.000000000000000000 ) ) ;
#7551 = ORIENTED_EDGE ( 'NONE', *, *, #1658, .T. ) ;
#7552 = ORIENTED_EDGE ( 'NONE', *, *, #819, .T. ) ;
#7553 = ADVANCED_FACE ( 'NONE', ( #7999 ), #4408, .F. ) ;
#7554 = ORIENTED_EDGE ( 'NONE', *, *, #10367, .T. ) ;
#7555 = CARTESIAN_POINT ( 'NONE',  ( -5.461913016039824598, 96.12583987928823603, -1.124087247170217685 ) ) ;
#7556 = DIRECTION ( 'NONE',  ( 0.9999999999999998890, 0.000000000000000000, -1.902368341696336056E-08 ) ) ;
#7557 = FACE_OUTER_BOUND ( 'NONE', #1358, .T. ) ;
#7558 = DIRECTION ( 'NONE',  ( -0.7071067812042748368, 0.000000000000000000, 0.7071067811688201976 ) ) ;
#7559 = CARTESIAN_POINT ( 'NONE',  ( -11.25499999999998302, 4.249377385370907589, 13.89999999999999680 ) ) ;
#7560 = LINE ( 'NONE', #8585, #279 ) ;
#7561 = EDGE_CURVE ( 'NONE', #6989, #10569, #1809, .T. ) ;
#7562 = FACE_BOUND ( 'NONE', #6052, .T. ) ;
#7563 = VERTEX_POINT ( 'NONE', #905 ) ;
#7564 = DIRECTION ( 'NONE',  ( 0.000000000000000000, 1.000000000000000000, -0.000000000000000000 ) ) ;
#7565 = ORIENTED_EDGE ( 'NONE', *, *, #10232, .T. ) ;
#7566 = EDGE_LOOP ( 'NONE', ( #190, #2195, #7295, #10187 ) ) ;
#7567 = DIRECTION ( 'NONE',  ( -1.000000000000000000, 0.000000000000000000, 1.218707698843631781E-16 ) ) ;
#7568 = CARTESIAN_POINT ( 'NONE',  ( -5.000429496931850792, 119.8258398792882105, 4.963509728450992142 ) ) ;
#7569 = CARTESIAN_POINT ( 'NONE',  ( -5.000429496931845463, 119.8301161607049750, 36.89999999999999147 ) ) ;
#7570 = EDGE_CURVE ( 'NONE', #10663, #1569, #9837, .T. ) ;
#7571 = EDGE_LOOP ( 'NONE', ( #10929, #8800, #8898, #10954 ) ) ;
#7572 = DIRECTION ( 'NONE',  ( 0.000000000000000000, 0.000000000000000000, 1.000000000000000000 ) ) ;
#7573 = LINE ( 'NONE', #7462, #6083 ) ;
#7574 = ORIENTED_EDGE ( 'NONE', *, *, #8566, .T. ) ;
#7575 = DIRECTION ( 'NONE',  ( -1.521157000053560499E-16, 0.000000000000000000, -1.000000000000000000 ) ) ;
#7576 = EDGE_LOOP ( 'NONE', ( #5066, #6238, #5240, #6563 ) ) ;
#7577 = VERTEX_POINT ( 'NONE', #44 ) ;
#7578 = VERTEX_POINT ( 'NONE', #6957 ) ;
#7579 = VECTOR ( 'NONE', #3236, 1000.000000000000000 ) ;
#7580 = CARTESIAN_POINT ( 'NONE',  ( -11.25499999999998302, -27.00000000000000355, 13.89999999999999680 ) ) ;
#7581 = DIRECTION ( 'NONE',  ( -4.937420151055313657E-11, 0.000000000000000000, -1.000000000000000000 ) ) ;
#7582 = CARTESIAN_POINT ( 'NONE',  ( -0.8340933905311623819, 119.8799343483581055, 36.89999999999999147 ) ) ;
#7583 = LINE ( 'NONE', #5652, #2093 ) ;
#7584 = CARTESIAN_POINT ( 'NONE',  ( -46.58189872104514251, 72.64000000000000057, -7.085838131530381798E-15 ) ) ;
#7585 = CARTESIAN_POINT ( 'NONE',  ( 43.40689872104513825, 97.50000000000000000, 22.30467496797187010 ) ) ;
#7586 = PLANE ( 'NONE',  #8272 ) ;
#7587 = AXIS2_PLACEMENT_3D ( 'NONE', #4352, #786, #98 ) ;
#7589 = VECTOR ( 'NONE', #9869, 1000.000000000000000 ) ;
#7588 = DIRECTION ( 'NONE',  ( -1.000000000000000000, 0.000000000000000000, 0.000000000000000000 ) ) ;
#7590 = VECTOR ( 'NONE', #641, 1000.000000000000000 ) ;
#7591 = ORIENTED_EDGE ( 'NONE', *, *, #1080, .F. ) ;
#7592 = ORIENTED_EDGE ( 'NONE', *, *, #4764, .F. ) ;
#7593 = VERTEX_POINT ( 'NONE', #6165 ) ;
#7594 = ADVANCED_FACE ( 'NONE', ( #4518 ), #9645, .T. ) ;
#7595 = AXIS2_PLACEMENT_3D ( 'NONE', #487, #3637, #9712 ) ;
#7596 = CARTESIAN_POINT ( 'NONE',  ( -81.84979246179028678, 53.93999999999999062, 5.399999999999993250 ) ) ;
#7597 = VECTOR ( 'NONE', #1713, 1000.000000000000000 ) ;
#7598 = DIRECTION ( 'NONE',  ( 0.000000000000000000, 0.000000000000000000, -1.000000000000000000 ) ) ;
#7599 = CARTESIAN_POINT ( 'NONE',  ( 50.48689872104515075, 74.78999999999417980, -23.92998592831960991 ) ) ;
#7600 = EDGE_CURVE ( 'NONE', #1969, #2667, #5317, .T. ) ;
#7601 = DIRECTION ( 'NONE',  ( -1.000000000000000000, 9.344377123928392131E-13, 0.000000000000000000 ) ) ;
#7602 = LINE ( 'NONE', #3291, #5174 ) ;
#7603 = ORIENTED_EDGE ( 'NONE', *, *, #10877, .F. ) ;
#7604 = VECTOR ( 'NONE', #5256, 1000.000000000000000 ) ;
#7605 = ORIENTED_EDGE ( 'NONE', *, *, #5802, .T. ) ;
#7606 = ORIENTED_EDGE ( 'NONE', *, *, #2470, .T. ) ;
#7607 = CIRCLE ( 'NONE', #718, 1.000000000000000888 ) ;
#7608 = DIRECTION ( 'NONE',  ( -1.190923780745271205E-16, 0.4522489799946727840, -0.8918917311500192957 ) ) ;
#7609 = ADVANCED_FACE ( 'NONE', ( #2400 ), #5848, .F. ) ;
#7610 = EDGE_CURVE ( 'NONE', #8811, #1488, #5004, .T. ) ;
#7611 = CARTESIAN_POINT ( 'NONE',  ( -50.48689872104515075, 94.56476577691782381, -8.504985928319962696 ) ) ;
#7613 = CARTESIAN_POINT ( 'NONE',  ( 79.37500000000002842, -27.00000000000000355, 0.000000000000000000 ) ) ;
#7612 = AXIS2_PLACEMENT_3D ( 'NONE', #5847, #3193, #9314 ) ;
#7614 = CARTESIAN_POINT ( 'NONE',  ( 82.54999999999999716, 109.8258398792882247, -22.92957932766295670 ) ) ;
#7615 = CARTESIAN_POINT ( 'NONE',  ( -76.81501998216512561, 8.274999999999998579, -0.2788457270140529132 ) ) ;
#7616 = DIRECTION ( 'NONE',  ( -1.000000000000000000, 0.000000000000000000, 0.000000000000000000 ) ) ;
#7617 = EDGE_CURVE ( 'NONE', #850, #8726, #3303, .T. ) ;
#7618 = LINE ( 'NONE', #9107, #7422 ) ;
#7619 = CARTESIAN_POINT ( 'NONE',  ( -5.461913016040045754, 96.12583987928823603, -4.426490271496838602 ) ) ;
#7620 = ORIENTED_EDGE ( 'NONE', *, *, #10383, .T. ) ;
#7621 = ORIENTED_EDGE ( 'NONE', *, *, #9006, .T. ) ;
#7622 = VERTEX_POINT ( 'NONE', #8789 ) ;
#7623 = ADVANCED_FACE ( 'NONE', ( #1016 ), #7671, .F. ) ;
#7624 = EDGE_LOOP ( 'NONE', ( #2463, #5322, #8796, #3356 ) ) ;
#7625 = LINE ( 'NONE', #5911, #10941 ) ;
#7626 = LINE ( 'NONE', #7512, #9998 ) ;
#7627 = AXIS2_PLACEMENT_3D ( 'NONE', #6207, #1794, #9511 ) ;
#7628 = CARTESIAN_POINT ( 'NONE',  ( -0.1327752523027176945, 96.12583987928823603, 8.433509402387802112 ) ) ;
#7629 = ORIENTED_EDGE ( 'NONE', *, *, #2145, .T. ) ;
#7630 = CARTESIAN_POINT ( 'NONE',  ( 77.61250000000001137, 58.93999999999998352, 5.399999999999993250 ) ) ;
#7631 = LINE ( 'NONE', #590, #9896 ) ;
#7632 = ORIENTED_EDGE ( 'NONE', *, *, #8324, .F. ) ;
#7633 = LINE ( 'NONE', #5752, #11025 ) ;
#7634 = ORIENTED_EDGE ( 'NONE', *, *, #4563, .F. ) ;
#7635 = AXIS2_PLACEMENT_3D ( 'NONE', #2833, #4464, #4298 ) ;
#7636 = VECTOR ( 'NONE', #9327, 1000.000000000000000 ) ;
#7637 = ORIENTED_EDGE ( 'NONE', *, *, #8380, .T. ) ;
#7638 = CARTESIAN_POINT ( 'NONE',  ( 72.76808532237744487, 5.099999999999999645, 0.5788675790057377091 ) ) ;
#7639 = FACE_OUTER_BOUND ( 'NONE', #1787, .T. ) ;
#7640 = LINE ( 'NONE', #5978, #4526 ) ;
#7641 = LINE ( 'NONE', #1633, #9875 ) ;
#7642 = CARTESIAN_POINT ( 'NONE',  ( 72.76808532600743717, 8.274999999999998579, -0.6211324209942660213 ) ) ;
#7643 = DIRECTION ( 'NONE',  ( 0.000000000000000000, 0.000000000000000000, -1.000000000000000000 ) ) ;
#7644 = VECTOR ( 'NONE', #3148, 1000.000000000000114 ) ;
#7645 = CARTESIAN_POINT ( 'NONE',  ( -82.54999999999999716, 99.82583987928822467, 46.90000000000009095 ) ) ;
#7646 = CARTESIAN_POINT ( 'NONE',  ( -69.20000000000000284, 6.349999999999997868, -24.58269145387476229 ) ) ;
#7647 = VERTEX_POINT ( 'NONE', #3794 ) ;
#7648 = VERTEX_POINT ( 'NONE', #3684 ) ;
#7649 = VECTOR ( 'NONE', #705, 1000.000000000000114 ) ;
#7650 = VECTOR ( 'NONE', #5344, 1000.000000000000000 ) ;
#7651 = LINE ( 'NONE', #2489, #3426 ) ;
#7652 = DIRECTION ( 'NONE',  ( -1.000000000000000000, -1.593062912007103154E-16, -1.228232725407420948E-32 ) ) ;
#7653 = CARTESIAN_POINT ( 'NONE',  ( -74.43749999996866507, 9.393818159531857503, -32.75769145387477721 ) ) ;
#7654 = DIRECTION ( 'NONE',  ( -1.000000000000000000, 0.000000000000000000, 0.000000000000000000 ) ) ;
#7655 = CARTESIAN_POINT ( 'NONE',  ( -43.40689872104514535, 74.43999999999417128, -7.959769997217390092 ) ) ;
#7656 = ORIENTED_EDGE ( 'NONE', *, *, #4897, .T. ) ;
#7657 = AXIS2_PLACEMENT_3D ( 'NONE', #7580, #4857, #4117 ) ;
#7658 = EDGE_CURVE ( 'NONE', #6573, #4763, #445, .T. ) ;
#7659 = ORIENTED_EDGE ( 'NONE', *, *, #9617, .F. ) ;
#7660 = VERTEX_POINT ( 'NONE', #7262 ) ;
#7661 = DIRECTION ( 'NONE',  ( -0.000000000000000000, -0.000000000000000000, -1.000000000000000000 ) ) ;
#7662 = AXIS2_PLACEMENT_3D ( 'NONE', #2174, #195, #3661 ) ;
#7663 = CARTESIAN_POINT ( 'NONE',  ( 50.02648654977334530, 8.274999999999998579, 24.62763407003638960 ) ) ;
#7664 = CARTESIAN_POINT ( 'NONE',  ( -77.54999999999999716, 109.8258398792882247, 46.90000000000009095 ) ) ;
#7665 = SURFACE_STYLE_FILL_AREA ( #3302 ) ;
#7666 = CARTESIAN_POINT ( 'NONE',  ( 32.54999999999999716, 93.00000000000000000, 33.89999999999999147 ) ) ;
#7667 = LINE ( 'NONE', #11127, #3173 ) ;
#7668 = ADVANCED_FACE ( 'NONE', ( #4580 ), #8966, .T. ) ;
#7669 = ORIENTED_EDGE ( 'NONE', *, *, #5888, .F. ) ;
#7670 = AXIS2_PLACEMENT_3D ( 'NONE', #9420, #5952, #7496 ) ;
#7671 = CONICAL_SURFACE ( 'NONE', #4044, 5.499999999999975131, 0.9599310885968853624 ) ;
#7672 = EDGE_LOOP ( 'NONE', ( #10595, #10015, #2807, #3084 ) ) ;
#7673 = ADVANCED_FACE ( 'NONE', ( #6286 ), #9868, .T. ) ;
#7674 = CARTESIAN_POINT ( 'NONE',  ( 50.48689872104515075, 95.28999999999417980, -23.92998592831960991 ) ) ;
#7675 = EDGE_CURVE ( 'NONE', #3496, #11188, #9019, .T. ) ;
#7676 = ORIENTED_EDGE ( 'NONE', *, *, #262, .T. ) ;
#7677 = PLANE ( 'NONE',  #7679 ) ;
#7678 = DIRECTION ( 'NONE',  ( 0.000000000000000000, 0.000000000000000000, 1.000000000000000000 ) ) ;
#7679 = AXIS2_PLACEMENT_3D ( 'NONE', #5127, #1508, #8592 ) ;
#7680 = VECTOR ( 'NONE', #9464, 999.9999999999998863 ) ;
#7681 = CARTESIAN_POINT ( 'NONE',  ( -46.58189872104514251, 72.67999878751419374, 2.358530551520390262 ) ) ;
#7682 = ORIENTED_EDGE ( 'NONE', *, *, #4686, .T. ) ;
#7683 = CARTESIAN_POINT ( 'NONE',  ( -29.00040951398291256, 99.82583987928822467, 18.68351409631356930 ) ) ;
#7684 = EDGE_CURVE ( 'NONE', #10627, #9564, #283, .T. ) ;
#7685 = ADVANCED_FACE ( 'NONE', ( #2902 ), #2160, .T. ) ;
#7686 = ORIENTED_EDGE ( 'NONE', *, *, #2693, .F. ) ;
#7687 = CARTESIAN_POINT ( 'NONE',  ( -46.58189872104514251, 72.64000000000000057, -7.959769997217390092 ) ) ;
#7688 = ADVANCED_FACE ( 'NONE', ( #5611 ), #3907, .F. ) ;
#7689 = ORIENTED_EDGE ( 'NONE', *, *, #9134, .T. ) ;
#7690 = VECTOR ( 'NONE', #7377, 1000.000000000000000 ) ;
#7691 = EDGE_LOOP ( 'NONE', ( #5138, #9347, #6647, #8029 ) ) ;
#7692 = ORIENTED_EDGE ( 'NONE', *, *, #7914, .T. ) ;
#7693 = LINE ( 'NONE', #3546, #413 ) ;
#7694 = DIRECTION ( 'NONE',  ( 0.000000000000000000, -1.000000000000000000, 0.000000000000000000 ) ) ;
#7695 = CARTESIAN_POINT ( 'NONE',  ( 1.718132580106379148, 124.2264818462169984, 36.89999999999999147 ) ) ;
#7696 = DIRECTION ( 'NONE',  ( 0.000000000000000000, 1.000000000000000000, -1.365923996832131116E-16 ) ) ;
#7697 = CIRCLE ( 'NONE', #6590, 1.149999999999998135 ) ;
#7698 = DIRECTION ( 'NONE',  ( 1.000000000000000000, 0.000000000000000000, 1.335278419062900361E-16 ) ) ;
#7699 = DIRECTION ( 'NONE',  ( 0.000000000000000000, 1.000000000000000000, 0.000000000000000000 ) ) ;
#7700 = PLANE ( 'NONE',  #1623 ) ;
#7701 = ORIENTED_EDGE ( 'NONE', *, *, #5908, .T. ) ;
#7702 = EDGE_LOOP ( 'NONE', ( #5336, #10430, #5272, #5230 ) ) ;
#7703 = ORIENTED_EDGE ( 'NONE', *, *, #7342, .F. ) ;
#7704 = AXIS2_PLACEMENT_3D ( 'NONE', #4149, #8534, #746 ) ;
#7705 = CARTESIAN_POINT ( 'NONE',  ( 0.000000000000000000, 6.349999999999999645, 2.042308546125238600 ) ) ;
#7706 = DIRECTION ( 'NONE',  ( 0.000000000000000000, 0.5283332255394526111, 0.8490371033064914030 ) ) ;
#7707 = CARTESIAN_POINT ( 'NONE',  ( 43.40689872104514535, 95.28999999999417980, -23.92998592831960991 ) ) ;
#7708 = CARTESIAN_POINT ( 'NONE',  ( 33.75500000000002387, -4.758722840904979989, -3.957691453874784493 ) ) ;
#7709 = EDGE_CURVE ( 'NONE', #1565, #9462, #5380, .T. ) ;
#7710 = ORIENTED_EDGE ( 'NONE', *, *, #8185, .T. ) ;
#7711 = VECTOR ( 'NONE', #7654, 1000.000000000000000 ) ;
#7712 = LINE ( 'NONE', #4895, #6751 ) ;
#7713 = CARTESIAN_POINT ( 'NONE',  ( -3.333762823851150969, 119.8510169632661899, -20.03649027154900253 ) ) ;
#7714 = ORIENTED_EDGE ( 'NONE', *, *, #8591, .F. ) ;
#7715 = VERTEX_POINT ( 'NONE', #5494 ) ;
#7716 = LINE ( 'NONE', #10322, #3326 ) ;
#7717 = UNCERTAINTY_MEASURE_WITH_UNIT (LENGTH_MEASURE( 1.000000000000000082E-05 ), #5798, 'distance_accuracy_value', 'NONE');
#7718 = VERTEX_POINT ( 'NONE', #9077 ) ;
#7719 = VECTOR ( 'NONE', #2764, 1000.000000000000000 ) ;
#7720 = ADVANCED_FACE ( 'NONE', ( #6229 ), #1933, .F. ) ;
#7721 = CARTESIAN_POINT ( 'NONE',  ( 13.75500000000000433, 4.249377385370907589, 13.89999999999999680 ) ) ;
#7722 = DIRECTION ( 'NONE',  ( -1.000000000000000000, 0.000000000000000000, -0.000000000000000000 ) ) ;
#7723 = FACE_OUTER_BOUND ( 'NONE', #852, .T. ) ;
#7724 = LINE ( 'NONE', #9485, #5775 ) ;
#7725 = CARTESIAN_POINT ( 'NONE',  ( 9.877393833880985241, 90.00000000000000000, -2.201337213713970620 ) ) ;
#7726 = ORIENTED_EDGE ( 'NONE', *, *, #3525, .F. ) ;
#7727 = ORIENTED_EDGE ( 'NONE', *, *, #4521, .T. ) ;
#7728 = ORIENTED_EDGE ( 'NONE', *, *, #1099, .F. ) ;
#7729 = EDGE_CURVE ( 'NONE', #8945, #2522, #10542, .T. ) ;
#7730 = FACE_OUTER_BOUND ( 'NONE', #357, .T. ) ;
#7731 = CARTESIAN_POINT ( 'NONE',  ( 50.48689872104515075, 96.40000537621601495, 3.358535111626435476 ) ) ;
#7732 = CYLINDRICAL_SURFACE ( 'NONE', #8001, 2.500000000000009326 ) ;
#7733 = ORIENTED_EDGE ( 'NONE', *, *, #9557, .F. ) ;
#7734 = EDGE_CURVE ( 'NONE', #6246, #10348, #7147, .T. ) ;
#7735 = CARTESIAN_POINT ( 'NONE',  ( 4.999570503068137661, 110.8258398792882247, 4.963509728450993919 ) ) ;
#7736 = CARTESIAN_POINT ( 'NONE',  ( -76.81501998216512561, 8.274999999999998579, -1.428845727014055988 ) ) ;
#7737 = ORIENTED_EDGE ( 'NONE', *, *, #7168, .F. ) ;
#7738 = DIRECTION ( 'NONE',  ( 0.000000000000000000, 0.000000000000000000, 1.000000000000000000 ) ) ;
#7739 = ORIENTED_EDGE ( 'NONE', *, *, #8173, .T. ) ;
#7740 = ORIENTED_EDGE ( 'NONE', *, *, #317, .T. ) ;
#7741 = ORIENTED_EDGE ( 'NONE', *, *, #3859, .F. ) ;
#7742 = CARTESIAN_POINT ( 'NONE',  ( 173.3018692371333032, 90.00000000000000000, -37.08269145387477295 ) ) ;
#7743 = ADVANCED_FACE ( 'NONE', ( #9300 ), #1364, .F. ) ;
#7744 = LINE ( 'NONE', #1846, #1800 ) ;
#7745 = CARTESIAN_POINT ( 'NONE',  ( -50.48689872104515075, 94.56476577691782381, -8.504985928319962696 ) ) ;
#7746 = CYLINDRICAL_SURFACE ( 'NONE', #7159, 5.000000000000000888 ) ;
#7747 = ORIENTED_EDGE ( 'NONE', *, *, #4270, .F. ) ;
#7748 = EDGE_CURVE ( 'NONE', #1675, #1569, #1417, .T. ) ;
#7749 = CARTESIAN_POINT ( 'NONE',  ( -77.61249999996864801, 53.93999999999999062, 5.399999999999993250 ) ) ;
#7750 = DIRECTION ( 'NONE',  ( -0.000000000000000000, -1.000000000000000000, -3.354869254291017926E-16 ) ) ;
#7751 = DIRECTION ( 'NONE',  ( 1.000000000000000000, 0.000000000000000000, 1.335278419062900361E-16 ) ) ;
#7752 = ORIENTED_EDGE ( 'NONE', *, *, #8733, .F. ) ;
#7753 = VECTOR ( 'NONE', #6308, 1000.000000000000114 ) ;
#7754 = VERTEX_POINT ( 'NONE', #2219 ) ;
#7755 = CONICAL_SURFACE ( 'NONE', #7217, 5.499999999999975131, 0.9599310885968850293 ) ;
#7756 = ORIENTED_EDGE ( 'NONE', *, *, #262, .F. ) ;
#7757 = FACE_BOUND ( 'NONE', #4729, .T. ) ;
#7758 = EDGE_CURVE ( 'NONE', #3420, #7452, #617, .T. ) ;
#7759 = PLANE ( 'NONE',  #7245 ) ;
#7760 = AXIS2_PLACEMENT_3D ( 'NONE', #6446, #5427, #8955 ) ;
#7761 = AXIS2_PLACEMENT_3D ( 'NONE', #2049, #2220, #3795 ) ;
#7762 = CARTESIAN_POINT ( 'NONE',  ( -50.48689872104515075, 74.78999999999417980, -23.92998592831960991 ) ) ;
#7763 = AXIS2_PLACEMENT_3D ( 'NONE', #2158, #5609, #9075 ) ;
#7764 = CARTESIAN_POINT ( 'NONE',  ( -5.000429496931850792, 110.8258398792882247, -20.03649027154900253 ) ) ;
#7765 = DIRECTION ( 'NONE',  ( 0.000000000000000000, -0.000000000000000000, -1.000000000000000000 ) ) ;
#7766 = ORIENTED_EDGE ( 'NONE', *, *, #890, .T. ) ;
#7767 = EDGE_LOOP ( 'NONE', ( #7979, #5696, #6427, #2811 ) ) ;
#7768 = VERTEX_POINT ( 'NONE', #3061 ) ;
#7769 = DIRECTION ( 'NONE',  ( 0.7071067811697020478, 0.000000000000000000, 0.7071067812033930977 ) ) ;
#7770 = VECTOR ( 'NONE', #6206, 1000.000000000000000 ) ;
#7771 = AXIS2_PLACEMENT_3D ( 'NONE', #5341, #1888, #10554 ) ;
#7772 = ORIENTED_EDGE ( 'NONE', *, *, #2339, .F. ) ;
#7773 = DIRECTION ( 'NONE',  ( -0.5735764363510426067, -0.8191520442889942411, 8.760552383784100532E-17 ) ) ;
#7774 = CARTESIAN_POINT ( 'NONE',  ( -79.37500000000001421, 5.099999999999993427, -127.1386775125482842 ) ) ;
#7775 = CARTESIAN_POINT ( 'NONE',  ( 6.246036463997028498, 119.8258398792882105, -20.00539738836623016 ) ) ;
#7776 = DIRECTION ( 'NONE',  ( 0.000000000000000000, 0.000000000000000000, -1.000000000000000000 ) ) ;
#7777 = VECTOR ( 'NONE', #176, 1000.000000000000000 ) ;
#7778 = LINE ( 'NONE', #2732, #1739 ) ;
#7779 = EDGE_LOOP ( 'NONE', ( #9158, #6028, #5931, #1803, #4390, #7157, #7316, #6860 ) ) ;
#7780 = AXIS2_PLACEMENT_3D ( 'NONE', #9411, #11004, #622 ) ;
#7781 = EDGE_CURVE ( 'NONE', #11078, #11, #6222, .T. ) ;
#7782 = ORIENTED_EDGE ( 'NONE', *, *, #1588, .T. ) ;
#7783 = ORIENTED_EDGE ( 'NONE', *, *, #4363, .T. ) ;
#7784 = AXIS2_PLACEMENT_3D ( 'NONE', #8300, #5793, #3247 ) ;
#7785 = AXIS2_PLACEMENT_3D ( 'NONE', #6657, #8501, #10020 ) ;
#7786 = ORIENTED_EDGE ( 'NONE', *, *, #7390, .F. ) ;
#7787 = DIRECTION ( 'NONE',  ( 0.000000000000000000, 0.000000000000000000, -1.000000000000000000 ) ) ;
#7788 = DIRECTION ( 'NONE',  ( -1.335278419062900361E-16, 1.677434638215118264E-15, -1.000000000000000000 ) ) ;
#7789 = DIRECTION ( 'NONE',  ( 0.000000000000000000, 0.000000000000000000, -1.000000000000000000 ) ) ;
#7790 = VERTEX_POINT ( 'NONE', #2323 ) ;
#7791 = CARTESIAN_POINT ( 'NONE',  ( -11.25499999999998302, 6.349999999999999645, 13.89999999999999680 ) ) ;
#7792 = EDGE_LOOP ( 'NONE', ( #9910, #2319, #6615, #6410 ) ) ;
#7793 = FACE_BOUND ( 'NONE', #6917, .T. ) ;
#7794 = EDGE_CURVE ( 'NONE', #10958, #9320, #7539, .T. ) ;
#7795 = VERTEX_POINT ( 'NONE', #8462 ) ;
#7796 = ORIENTED_EDGE ( 'NONE', *, *, #2680, .F. ) ;
#7797 = LINE ( 'NONE', #3488, #6388 ) ;
#7798 = CARTESIAN_POINT ( 'NONE',  ( 3.407662280439247127, 124.8258398792691963, -15.54036673479086872 ) ) ;
#7799 = CARTESIAN_POINT ( 'NONE',  ( 81.55000000000001137, 61.63999999999999346, -0.2576914538747651640 ) ) ;
#7800 = CARTESIAN_POINT ( 'NONE',  ( -72.76808532237744487, 8.274999999999998579, 0.5788675790057377091 ) ) ;
#7801 = EDGE_LOOP ( 'NONE', ( #10273, #3917, #10977, #3456 ) ) ;
#7802 = CARTESIAN_POINT ( 'NONE',  ( 61.59000000000065711, 8.274999999999998579, 18.12419718570802019 ) ) ;
#7803 = CARTESIAN_POINT ( 'NONE',  ( -77.61249999996866222, 9.393818159531837964, -32.75769145387477721 ) ) ;
#7804 = VECTOR ( 'NONE', #9037, 1000.000000000000000 ) ;
#7805 = DIRECTION ( 'NONE',  ( 0.000000000000000000, 0.000000000000000000, -1.000000000000000000 ) ) ;
#7806 = VECTOR ( 'NONE', #5100, 1000.000000000000000 ) ;
#7807 = ADVANCED_FACE ( 'NONE', ( #1539 ), #4988, .F. ) ;
#7808 = EDGE_CURVE ( 'NONE', #3422, #9172, #2436, .T. ) ;
#7809 = VECTOR ( 'NONE', #2930, 1000.000000000000000 ) ;
#7810 = ORIENTED_EDGE ( 'NONE', *, *, #4919, .T. ) ;
#7811 = ORIENTED_EDGE ( 'NONE', *, *, #5976, .F. ) ;
#7812 = EDGE_LOOP ( 'NONE', ( #4689, #9767, #5631, #10648 ) ) ;
#7813 = ADVANCED_FACE ( 'NONE', ( #5039 ), #555, .F. ) ;
#7814 = EDGE_CURVE ( 'NONE', #3744, #6076, #10998, .T. ) ;
#7815 = CARTESIAN_POINT ( 'NONE',  ( 43.40689872104513825, 97.50000000000000000, -29.66122071973760299 ) ) ;
#7816 = VECTOR ( 'NONE', #2151, 1000.000000000000000 ) ;
#7818 = CYLINDRICAL_SURFACE ( 'NONE', #7587, 5.000000000000000000 ) ;
#7817 = VECTOR ( 'NONE', #4039, 1000.000000000000000 ) ;
#7819 = CARTESIAN_POINT ( 'NONE',  ( 67.12499999999998579, 104.8258398792882247, 40.40000000000004832 ) ) ;
#7820 = CARTESIAN_POINT ( 'NONE',  ( 50.02648654977334530, 5.099999999999999645, 20.18114647173673148 ) ) ;
#7821 = LINE ( 'NONE', #6221, #9635 ) ;
#7822 = LINE ( 'NONE', #6899, #9529 ) ;
#7823 = EDGE_LOOP ( 'NONE', ( #4207, #9546, #9035, #2047 ) ) ;
#7824 = CARTESIAN_POINT ( 'NONE',  ( -5.000429496931849016, 119.8301161607049750, 36.89999999999999147 ) ) ;
#7825 = EDGE_CURVE ( 'NONE', #6187, #861, #10947, .T. ) ;
#7826 = ORIENTED_EDGE ( 'NONE', *, *, #5659, .F. ) ;
#7827 = EDGE_CURVE ( 'NONE', #9545, #6644, #4810, .T. ) ;
#7828 = EDGE_LOOP ( 'NONE', ( #8116, #5718, #5365, #9637 ) ) ;
#7829 = VECTOR ( 'NONE', #1059, 1000.000000000000000 ) ;
#7830 = DIRECTION ( 'NONE',  ( -1.000000000000000000, 0.000000000000000000, 1.600125454749515028E-16 ) ) ;
#7831 = VERTEX_POINT ( 'NONE', #1478 ) ;
#7832 = DIRECTION ( 'NONE',  ( 0.000000000000000000, 1.000000000000000000, 0.000000000000000000 ) ) ;
#7833 = CARTESIAN_POINT ( 'NONE',  ( -77.61249999996864801, 61.63999999999999346, -0.2576914538747651640 ) ) ;
#7834 = LINE ( 'NONE', #11072, #2176 ) ;
#7835 = CARTESIAN_POINT ( 'NONE',  ( 32.54999999999999716, 97.82583987928822467, 33.89999999999999147 ) ) ;
#7836 = DIRECTION ( 'NONE',  ( 0.000000000000000000, 0.000000000000000000, 1.000000000000000000 ) ) ;
#7837 = ORIENTED_EDGE ( 'NONE', *, *, #8407, .F. ) ;
#7838 = ORIENTED_EDGE ( 'NONE', *, *, #189, .T. ) ;
#7839 = ORIENTED_EDGE ( 'NONE', *, *, #5357, .T. ) ;
#7840 = AXIS2_PLACEMENT_3D ( 'NONE', #3373, #5025, #8552 ) ;
#7841 = CARTESIAN_POINT ( 'NONE',  ( -28.27338749131105899, 96.12583987928823603, 19.01729097703719518 ) ) ;
#7842 = CARTESIAN_POINT ( 'NONE',  ( -77.61250000000002558, 23.27499999999999858, -5.564823903641046954 ) ) ;
#7843 = CARTESIAN_POINT ( 'NONE',  ( -77.61250000000002558, 23.27499999999999858, -5.564823903641046954 ) ) ;
#7844 = CARTESIAN_POINT ( 'NONE',  ( -20.50068315390130635, 96.12583987928823603, 21.29350972844751055 ) ) ;
#7845 = ORIENTED_EDGE ( 'NONE', *, *, #7084, .T. ) ;
#7846 = DIRECTION ( 'NONE',  ( 0.000000000000000000, 1.000000000000000000, 0.000000000000000000 ) ) ;
#7847 = ORIENTED_EDGE ( 'NONE', *, *, #1053, .T. ) ;
#7848 = DIRECTION ( 'NONE',  ( 1.000000000000000000, 0.000000000000000000, 1.335278419062900361E-16 ) ) ;
#7849 = ORIENTED_EDGE ( 'NONE', *, *, #2533, .F. ) ;
#7850 = VERTEX_POINT ( 'NONE', #6101 ) ;
#7851 = AXIS2_PLACEMENT_3D ( 'NONE', #8434, #813, #3362 ) ;
#7852 = VERTEX_POINT ( 'NONE', #5314 ) ;
#7853 = VECTOR ( 'NONE', #4918, 1000.000000000000000 ) ;
#7854 = DIRECTION ( 'NONE',  ( 0.000000000000000000, 8.295151110468893303E-17, 1.000000000000000000 ) ) ;
#7855 = ADVANCED_FACE ( 'NONE', ( #11166 ), #2714, .F. ) ;
#7856 = DIRECTION ( 'NONE',  ( 0.000000000000000000, 0.000000000000000000, 1.000000000000000000 ) ) ;
#7857 = DIRECTION ( 'NONE',  ( -0.000000000000000000, -1.000000000000000000, -0.000000000000000000 ) ) ;
#7858 = FACE_OUTER_BOUND ( 'NONE', #1768, .T. ) ;
#7859 = ORIENTED_EDGE ( 'NONE', *, *, #7346, .F. ) ;
#7860 = DIRECTION ( 'NONE',  ( 2.244742081187875711E-15, 1.000000000000000000, -0.000000000000000000 ) ) ;
#7861 = LINE ( 'NONE', #5198, #3918 ) ;
#7862 = CARTESIAN_POINT ( 'NONE',  ( 73.96808532237744771, 5.099999999999999645, 17.06344096893413820 ) ) ;
#7863 = VECTOR ( 'NONE', #5279, 1000.000000000000000 ) ;
#7864 = EDGE_LOOP ( 'NONE', ( #10607, #7911, #9963, #3116, #1285, #10652 ) ) ;
#7865 = ORIENTED_EDGE ( 'NONE', *, *, #2358, .F. ) ;
#7866 = CARTESIAN_POINT ( 'NONE',  ( -82.55000000000002558, 72.64000000000000057, 19.12967496797186939 ) ) ;
#7867 = CIRCLE ( 'NONE', #5152, 4.999999999999997335 ) ;
#7868 = EDGE_CURVE ( 'NONE', #3237, #5626, #8731, .T. ) ;
#7869 = DIRECTION ( 'NONE',  ( -1.000000000000000000, 0.000000000000000000, 0.000000000000000000 ) ) ;
#7870 = EDGE_CURVE ( 'NONE', #3874, #7976, #8672, .T. ) ;
#7871 = DIRECTION ( 'NONE',  ( 1.000000000000000000, 0.000000000000000000, 1.335278419062900115E-16 ) ) ;
#7872 = DIRECTION ( 'NONE',  ( 1.000000000000000000, 0.000000000000000000, -0.000000000000000000 ) ) ;
#7873 = CARTESIAN_POINT ( 'NONE',  ( 74.43750000000000000, 82.35514882866895903, -32.75769145387477010 ) ) ;
#7874 = DIRECTION ( 'NONE',  ( 0.000000000000000000, 0.000000000000000000, -1.000000000000000000 ) ) ;
#7875 = VERTEX_POINT ( 'NONE', #6162 ) ;
#7876 = EDGE_CURVE ( 'NONE', #693, #1624, #10253, .T. ) ;
#7877 = CARTESIAN_POINT ( 'NONE',  ( -6.246895457860702550, 119.8258398792882105, -20.00539738836623016 ) ) ;
#7878 = ADVANCED_FACE ( 'NONE', ( #11225 ), #10422, .T. ) ;
#7879 = VERTEX_POINT ( 'NONE', #2488 ) ;
#7880 = ORIENTED_EDGE ( 'NONE', *, *, #10443, .F. ) ;
#7881 = VECTOR ( 'NONE', #5740, 1000.000000000000000 ) ;
#7882 = LINE ( 'NONE', #11238, #6022 ) ;
#7883 = EDGE_LOOP ( 'NONE', ( #9004, #3521, #8160, #6170 ) ) ;
#7884 = FACE_OUTER_BOUND ( 'NONE', #7439, .T. ) ;
#7885 = CARTESIAN_POINT ( 'NONE',  ( 79.61249999999999716, 8.274999999999998579, -3.564823903641046510 ) ) ;
#7886 = ADVANCED_FACE ( 'NONE', ( #5262 ), #4405, .T. ) ;
#7887 = EDGE_CURVE ( 'NONE', #210, #3913, #3387, .T. ) ;
#7888 = EDGE_CURVE ( 'NONE', #1304, #6749, #3450, .T. ) ;
#7889 = DIRECTION ( 'NONE',  ( -0.000000000000000000, -1.000000000000000000, -0.000000000000000000 ) ) ;
#7890 = CARTESIAN_POINT ( 'NONE',  ( 0.000000000000000000, -27.00000000000000355, 2.042308546125238600 ) ) ;
#7891 = AXIS2_PLACEMENT_3D ( 'NONE', #5282, #10442, #1090 ) ;
#7892 = DIRECTION ( 'NONE',  ( 0.000000000000000000, 0.000000000000000000, 1.000000000000000000 ) ) ;
#7893 = CARTESIAN_POINT ( 'NONE',  ( -82.54999999999999716, -25.96446609406726935, -11.73658713754635841 ) ) ;
#7894 = ORIENTED_EDGE ( 'NONE', *, *, #10722, .T. ) ;
#7895 = DIRECTION ( 'NONE',  ( 0.000000000000000000, 1.000000000000000000, 0.000000000000000000 ) ) ;
#7896 = EDGE_CURVE ( 'NONE', #2793, #7015, #9639, .T. ) ;
#7897 = ORIENTED_EDGE ( 'NONE', *, *, #8901, .F. ) ;
#7898 = VERTEX_POINT ( 'NONE', #900 ) ;
#7899 = AXIS2_PLACEMENT_3D ( 'NONE', #1186, #7255, #5546 ) ;
#7900 = EDGE_CURVE ( 'NONE', #8681, #11130, #5686, .T. ) ;
#7901 = LINE ( 'NONE', #3698, #2066 ) ;
#7902 = DIRECTION ( 'NONE',  ( -0.000000000000000000, 0.000000000000000000, 1.000000000000000000 ) ) ;
#7903 = CARTESIAN_POINT ( 'NONE',  ( 4.999570503068137661, 124.8258398792882247, 4.963509728450993919 ) ) ;
#7904 = LINE ( 'NONE', #5235, #11077 ) ;
#7905 = ORIENTED_EDGE ( 'NONE', *, *, #10649, .T. ) ;
#7906 = AXIS2_PLACEMENT_3D ( 'NONE', #4665, #309, #9905 ) ;
#7907 = CARTESIAN_POINT ( 'NONE',  ( 50.48689872104515075, 74.43999999999417128, -2.374168628343575893 ) ) ;
#7908 = ORIENTED_EDGE ( 'NONE', *, *, #4378, .F. ) ;
#7909 = LINE ( 'NONE', #8601, #5940 ) ;
#7910 = ORIENTED_EDGE ( 'NONE', *, *, #5541, .F. ) ;
#7911 = ORIENTED_EDGE ( 'NONE', *, *, #8309, .T. ) ;
#7912 = EDGE_LOOP ( 'NONE', ( #8597, #1704, #10238, #178 ) ) ;
#7913 = DIRECTION ( 'NONE',  ( -0.000000000000000000, 0.000000000000000000, -1.000000000000000000 ) ) ;
#7914 = EDGE_CURVE ( 'NONE', #4203, #2676, #5151, .T. ) ;
#7915 = CARTESIAN_POINT ( 'NONE',  ( -0.8337628151951937960, 119.8794169293981469, -20.03649027154900253 ) ) ;
#7916 = CARTESIAN_POINT ( 'NONE',  ( -11.25499999999998302, -24.89937738537090794, 7.542308546125213731 ) ) ;
#7917 = PLANE ( 'NONE',  #8180 ) ;
#7918 = ORIENTED_EDGE ( 'NONE', *, *, #10508, .F. ) ;
#7919 = PLANE ( 'NONE',  #941 ) ;
#7920 = LINE ( 'NONE', #10295, #1578 ) ;
#7921 = DIRECTION ( 'NONE',  ( 0.000000000000000000, 0.000000000000000000, -1.000000000000000000 ) ) ;
#7922 = DIRECTION ( 'NONE',  ( 0.000000000000000000, -0.000000000000000000, 1.000000000000000000 ) ) ;
#7923 = EDGE_LOOP ( 'NONE', ( #5120, #1148 ) ) ;
#7924 = ORIENTED_EDGE ( 'NONE', *, *, #11139, .F. ) ;
#7925 = PRODUCT_DEFINITION ( 'UNKNOWN', '', #5094, #2395 ) ;
#7926 = ORIENTED_EDGE ( 'NONE', *, *, #3646, .F. ) ;
#7927 = DIRECTION ( 'NONE',  ( 2.037326371931608774E-06, 0.000000000000000000, -0.9999999999979246601 ) ) ;
#7928 = CARTESIAN_POINT ( 'NONE',  ( -74.43749999996866507, -4.758722840905003082, -32.75769145387477721 ) ) ;
#7929 = CARTESIAN_POINT ( 'NONE',  ( 82.55000000000002558, 58.93999999999998352, -0.2576914538747649974 ) ) ;
#7930 = CARTESIAN_POINT ( 'NONE',  ( -79.37500000000000000, 72.64000000000000057, 22.30467496797187010 ) ) ;
#7931 = DIRECTION ( 'NONE',  ( -0.000000000000000000, 7.709882115452476934E-17, -1.000000000000000000 ) ) ;
#7932 = LINE ( 'NONE', #7075, #1570 ) ;
#7933 = CIRCLE ( 'NONE', #8845, 12.50000000000000000 ) ;
#7934 = VERTEX_POINT ( 'NONE', #4295 ) ;
#7935 = DIRECTION ( 'NONE',  ( 0.000000000000000000, 0.000000000000000000, 1.000000000000000000 ) ) ;
#7936 = VECTOR ( 'NONE', #403, 1000.000000000000000 ) ;
#7937 = ORIENTED_EDGE ( 'NONE', *, *, #9966, .F. ) ;
#7938 = ORIENTED_EDGE ( 'NONE', *, *, #1152, .T. ) ;
#7939 = ADVANCED_FACE ( 'NONE', ( #7757, #6893, #2598 ), #6045, .F. ) ;
#7940 = ORIENTED_EDGE ( 'NONE', *, *, #731, .T. ) ;
#7941 = CIRCLE ( 'NONE', #1603, 1.149999999999998801 ) ;
#7942 = VECTOR ( 'NONE', #2099, 1000.000000000000000 ) ;
#7943 = ADVANCED_FACE ( 'NONE', ( #9800 ), #373, .T. ) ;
#7944 = PLANE ( 'NONE',  #10286 ) ;
#7945 = CARTESIAN_POINT ( 'NONE',  ( 0.000000000000000000, 97.50000000000000000, 0.000000000000000000 ) ) ;
#7946 = CARTESIAN_POINT ( 'NONE',  ( 96.69213562373100501, 109.8258398792882247, 46.90000000000009095 ) ) ;
#7947 = CARTESIAN_POINT ( 'NONE',  ( 53.40689872104514535, 74.43999999999417128, -7.959769997217391868 ) ) ;
#7948 = LINE ( 'NONE', #231, #4995 ) ;
#7949 = EDGE_LOOP ( 'NONE', ( #7094, #7926, #8444, #9799 ) ) ;
#7950 = LINE ( 'NONE', #2264, #9233 ) ;
#7951 = CIRCLE ( 'NONE', #3251, 2.500000000000009326 ) ;
#7952 = ORIENTED_EDGE ( 'NONE', *, *, #3104, .T. ) ;
#7953 = CIRCLE ( 'NONE', #9400, 2.499801894095357913 ) ;
#7954 = AXIS2_PLACEMENT_3D ( 'NONE', #10698, #9912, #430 ) ;
#7955 = ADVANCED_FACE ( 'NONE', ( #10531 ), #1975, .F. ) ;
#7956 = ORIENTED_EDGE ( 'NONE', *, *, #534, .F. ) ;
#7957 = LINE ( 'NONE', #179, #2686 ) ;
#7958 = EDGE_CURVE ( 'NONE', #7109, #4451, #4676, .T. ) ;
#7959 = DIRECTION ( 'NONE',  ( -1.000000000000000000, -0.000000000000000000, 1.335278419062900115E-16 ) ) ;
#7960 = EDGE_CURVE ( 'NONE', #8328, #2923, #9692, .T. ) ;
#7961 = EDGE_CURVE ( 'NONE', #193, #3701, #9741, .T. ) ;
#7962 = VECTOR ( 'NONE', #2592, 1000.000000000000000 ) ;
#7963 = CARTESIAN_POINT ( 'NONE',  ( 16.75499999999997769, -27.00000000000000355, 7.542308546125212843 ) ) ;
#7964 = CARTESIAN_POINT ( 'NONE',  ( -11.25499999999998302, -24.89937738537090794, 16.39999999999999858 ) ) ;
#7965 = DIRECTION ( 'NONE',  ( 0.5773502691896204020, 0.5773502691896285066, 0.5773502691896285066 ) ) ;
#7966 = VECTOR ( 'NONE', #3640, 1000.000000000000000 ) ;
#7967 = DIRECTION ( 'NONE',  ( 1.000000000000000000, -0.000000000000000000, -1.092289335615960627E-13 ) ) ;
#7968 = EDGE_LOOP ( 'NONE', ( #7467, #8325, #5899, #7054, #7269 ) ) ;
#7969 = DIRECTION ( 'NONE',  ( 0.000000000000000000, 1.000000000000000000, 0.000000000000000000 ) ) ;
#7970 = DIRECTION ( 'NONE',  ( -1.000000000000000000, 0.000000000000000000, 0.000000000000000000 ) ) ;
#7971 = ORIENTED_EDGE ( 'NONE', *, *, #8998, .T. ) ;
#7972 = MECHANICAL_DESIGN_GEOMETRIC_PRESENTATION_REPRESENTATION (  '', ( #6509 ), #7428 ) ;
#7973 = ADVANCED_FACE ( 'NONE', ( #1181 ), #8110, .F. ) ;
#7974 = ADVANCED_FACE ( 'NONE', ( #3723 ), #10700, .T. ) ;
#7975 = LINE ( 'NONE', #2810, #6306 ) ;
#7976 = VERTEX_POINT ( 'NONE', #1011 ) ;
#7977 = VECTOR ( 'NONE', #7267, 1000.000000000000000 ) ;
#7978 = ORIENTED_EDGE ( 'NONE', *, *, #11079, .T. ) ;
#7979 = ORIENTED_EDGE ( 'NONE', *, *, #1446, .T. ) ;
#7980 = CARTESIAN_POINT ( 'NONE',  ( 46.58189872104514251, 72.64000000000000057, -21.83805926787198715 ) ) ;
#7981 = CARTESIAN_POINT ( 'NONE',  ( -50.48689872104515075, 74.97269081489451992, 3.358530552390480040 ) ) ;
#7982 = CARTESIAN_POINT ( 'NONE',  ( 69.20000000000597140, 6.350000000000280309, -6.985329661611390684 ) ) ;
#7983 = DIRECTION ( 'NONE',  ( 0.000000000000000000, 1.000000000000000000, -1.365923996832131116E-16 ) ) ;
#7984 = CARTESIAN_POINT ( 'NONE',  ( -50.48689872104515075, 95.28999999999417980, -22.77998592831961133 ) ) ;
#7985 = VERTEX_POINT ( 'NONE', #213 ) ;
#7986 = CARTESIAN_POINT ( 'NONE',  ( 50.48689872104514365, 95.20641123616282187, -26.28622525258461451 ) ) ;
#7987 = CARTESIAN_POINT ( 'NONE',  ( -82.54999999999999716, 72.64000000000000057, 19.12967496797186939 ) ) ;
#7988 = LINE ( 'NONE', #8048, #7396 ) ;
#7989 = DIRECTION ( 'NONE',  ( -0.000000000000000000, -1.000000000000000000, -0.000000000000000000 ) ) ;
#7990 = VERTEX_POINT ( 'NONE', #2944 ) ;
#7991 = ORIENTED_EDGE ( 'NONE', *, *, #6906, .F. ) ;
#7992 = VECTOR ( 'NONE', #8944, 1000.000000000000000 ) ;
#7993 = VERTEX_POINT ( 'NONE', #1068 ) ;
#7994 = DIRECTION ( 'NONE',  ( 0.000000000000000000, 1.000000000000000000, 0.000000000000000000 ) ) ;
#7995 = DIRECTION ( 'NONE',  ( 2.244742081187875711E-15, 1.000000000000000000, -0.000000000000000000 ) ) ;
#7996 = LINE ( 'NONE', #3896, #4887 ) ;
#7997 = CIRCLE ( 'NONE', #3094, 4.999999999999997335 ) ;
#7998 = DIRECTION ( 'NONE',  ( 0.000000000000000000, 1.000000000000000000, -0.000000000000000000 ) ) ;
#7999 = FACE_OUTER_BOUND ( 'NONE', #6890, .T. ) ;
#8000 = DIRECTION ( 'NONE',  ( 0.000000000000000000, 0.000000000000000000, -1.000000000000000000 ) ) ;
#8001 = AXIS2_PLACEMENT_3D ( 'NONE', #3419, #6869, #7789 ) ;
#8002 = DIRECTION ( 'NONE',  ( -0.000000000000000000, -1.000000000000000000, -0.000000000000000000 ) ) ;
#8003 = ORIENTED_EDGE ( 'NONE', *, *, #5880, .F. ) ;
#8004 = ORIENTED_EDGE ( 'NONE', *, *, #3365, .F. ) ;
#8005 = VERTEX_POINT ( 'NONE', #4514 ) ;
#8006 = VECTOR ( 'NONE', #3421, 1000.000000000000000 ) ;
#8007 = AXIS2_PLACEMENT_3D ( 'NONE', #10147, #7544, #1646 ) ;
#8008 = DIRECTION ( 'NONE',  ( -0.000000000000000000, 0.8191520442889941300, -0.5735764363510429398 ) ) ;
#8009 = VERTEX_POINT ( 'NONE', #5540 ) ;
#8010 = CIRCLE ( 'NONE', #6361, 2.500000000000000444 ) ;
#8011 = DIRECTION ( 'NONE',  ( 0.000000000000000000, 0.000000000000000000, 1.000000000000000000 ) ) ;
#8012 = DIRECTION ( 'NONE',  ( 1.527355698137925406E-16, 0.000000000000000000, 1.000000000000000000 ) ) ;
#8013 = CARTESIAN_POINT ( 'NONE',  ( -5.000429496931850792, 119.8299752807307357, -20.03649027154900253 ) ) ;
#8014 = CARTESIAN_POINT ( 'NONE',  ( -82.55000000000002558, 97.50000000000000000, -26.48622071973760228 ) ) ;
#8015 = ADVANCED_FACE ( 'NONE', ( #7131 ), #3776, .F. ) ;
#8016 = DIRECTION ( 'NONE',  ( -1.000000000000000000, 0.000000000000000000, 1.335278419062900361E-16 ) ) ;
#8017 = FACE_OUTER_BOUND ( 'NONE', #7823, .T. ) ;
#8018 = VERTEX_POINT ( 'NONE', #2092 ) ;
#8019 = CARTESIAN_POINT ( 'NONE',  ( -29.00042949692799965, 96.12583987928823603, -1.816490271664826572 ) ) ;
#8020 = DIRECTION ( 'NONE',  ( 0.000000000000000000, 1.000000000000000000, -0.000000000000000000 ) ) ;
#8021 = DIRECTION ( 'NONE',  ( 0.000000000000000000, 0.000000000000000000, -1.000000000000000000 ) ) ;
#8022 = CIRCLE ( 'NONE', #5288, 5.000000000000004441 ) ;
#8023 = LINE ( 'NONE', #4435, #8952 ) ;
#8024 = CARTESIAN_POINT ( 'NONE',  ( 43.40689872104514535, 74.43999999999417128, -2.374168628343575005 ) ) ;
#8025 = EDGE_CURVE ( 'NONE', #7647, #8005, #10586, .T. ) ;
#8026 = CYLINDRICAL_SURFACE ( 'NONE', #215, 11.39100661779977841 ) ;
#8027 = ORIENTED_EDGE ( 'NONE', *, *, #4836, .F. ) ;
#8028 = DIRECTION ( 'NONE',  ( 0.000000000000000000, -1.000000000000000000, 1.365923996832131116E-16 ) ) ;
#8029 = ORIENTED_EDGE ( 'NONE', *, *, #898, .T. ) ;
#8030 = EDGE_CURVE ( 'NONE', #4137, #5103, #10767, .T. ) ;
#8031 = VECTOR ( 'NONE', #4940, 1000.000000000000000 ) ;
#8032 = EDGE_CURVE ( 'NONE', #4868, #6252, #153, .T. ) ;
#8033 = CARTESIAN_POINT ( 'NONE',  ( -8.300429496984964572, 96.12583987928823603, 18.68350972839287394 ) ) ;
#8034 = EDGE_LOOP ( 'NONE', ( #2013, #2390, #9105, #1179 ) ) ;
#8035 = VERTEX_POINT ( 'NONE', #8902 ) ;
#8036 = EDGE_LOOP ( 'NONE', ( #1520, #7782, #10822, #3660 ) ) ;
#8037 = DIRECTION ( 'NONE',  ( -1.000000000000000000, 0.000000000000000000, 9.169294481193143764E-14 ) ) ;
#8038 = VECTOR ( 'NONE', #1549, 1000.000000000000000 ) ;
#8039 = CARTESIAN_POINT ( 'NONE',  ( -69.20000000000000284, 82.35514882866895903, -37.08269145387477295 ) ) ;
#8040 = EDGE_CURVE ( 'NONE', #9230, #3682, #2773, .T. ) ;
#8041 = EDGE_CURVE ( 'NONE', #8726, #4868, #610, .T. ) ;
#8042 = DIRECTION ( 'NONE',  ( -7.012782563145142988E-17, 0.8873916384311677508, -0.4610163555042787187 ) ) ;
#8043 = DIRECTION ( 'NONE',  ( 0.000000000000000000, 1.000000000000000000, 0.000000000000000000 ) ) ;
#8044 = ADVANCED_FACE ( 'NONE', ( #482 ), #3310, .F. ) ;
#8045 = ORIENTED_EDGE ( 'NONE', *, *, #9759, .T. ) ;
#8046 = CARTESIAN_POINT ( 'NONE',  ( -81.84979246179028678, 66.63999999999998636, -5.257691453874765664 ) ) ;
#8047 = DIRECTION ( 'NONE',  ( 1.000000000000000000, 0.000000000000000000, 0.000000000000000000 ) ) ;
#8048 = CARTESIAN_POINT ( 'NONE',  ( 50.02648654977334530, 8.274999999999998579, 20.18114647173673148 ) ) ;
#8049 = CARTESIAN_POINT ( 'NONE',  ( -5.000429496931850792, 110.8258398792882247, 4.963509728450992142 ) ) ;
#8050 = EDGE_CURVE ( 'NONE', #6644, #94, #9119, .T. ) ;
#8051 = VERTEX_POINT ( 'NONE', #5759 ) ;
#8052 = EDGE_LOOP ( 'NONE', ( #2192, #10812, #1563, #2733 ) ) ;
#8053 = AXIS2_PLACEMENT_3D ( 'NONE', #5680, #7218, #7333 ) ;
#8054 = VERTEX_POINT ( 'NONE', #4795 ) ;
#8055 = CARTESIAN_POINT ( 'NONE',  ( 13.75500000000000433, -24.89937738537090794, 13.89999999999999680 ) ) ;
#8056 = CARTESIAN_POINT ( 'NONE',  ( -16.75499999999995637, 6.349999999999999645, 13.89999999999999680 ) ) ;
#8057 = DIRECTION ( 'NONE',  ( -0.000000000000000000, -0.8873916384311678618, 0.4610163555042787187 ) ) ;
#8058 = AXIS2_PLACEMENT_3D ( 'NONE', #8856, #2560, #9602 ) ;
#8059 = LINE ( 'NONE', #1129, #748 ) ;
#8060 = VECTOR ( 'NONE', #9407, 1000.000000000000000 ) ;
#8061 = DIRECTION ( 'NONE',  ( -1.000000000000000000, -1.593062912007103154E-16, -1.228232725407420948E-32 ) ) ;
#8062 = ORIENTED_EDGE ( 'NONE', *, *, #6429, .F. ) ;
#8063 = EDGE_LOOP ( 'NONE', ( #5920, #9943, #8456, #7370, #354 ) ) ;
#8064 = ORIENTED_EDGE ( 'NONE', *, *, #1659, .F. ) ;
#8065 = VECTOR ( 'NONE', #3125, 1000.000000000000000 ) ;
#8066 = DIRECTION ( 'NONE',  ( 0.000000000000000000, 0.000000000000000000, 1.000000000000000000 ) ) ;
#8067 = ORIENTED_EDGE ( 'NONE', *, *, #6913, .F. ) ;
#8068 = DIRECTION ( 'NONE',  ( 0.000000000000000000, -0.5735764363510428288, 0.8191520442889941300 ) ) ;
#8069 = CARTESIAN_POINT ( 'NONE',  ( -32.55000000000002558, 97.32583987928822467, 22.30467496797187010 ) ) ;
#8070 = FACE_OUTER_BOUND ( 'NONE', #7230, .T. ) ;
#8071 = DIRECTION ( 'NONE',  ( 0.000000000000000000, 0.000000000000000000, 1.000000000000000000 ) ) ;
#8072 = EDGE_CURVE ( 'NONE', #10743, #982, #2605, .T. ) ;
#8073 = DIRECTION ( 'NONE',  ( 0.000000000000000000, 1.000000000000000000, 0.000000000000000000 ) ) ;
#8074 = CARTESIAN_POINT ( 'NONE',  ( 43.40689872104513825, 97.50000000000000000, -29.66122071973760299 ) ) ;
#8075 = DIRECTION ( 'NONE',  ( 0.000000000000000000, 0.000000000000000000, -1.000000000000000000 ) ) ;
#8076 = VERTEX_POINT ( 'NONE', #4006 ) ;
#8077 = DIRECTION ( 'NONE',  ( 0.000000000000000000, 0.000000000000000000, -1.000000000000000000 ) ) ;
#8078 = ORIENTED_EDGE ( 'NONE', *, *, #1350, .T. ) ;
#8079 = ORIENTED_EDGE ( 'NONE', *, *, #11062, .F. ) ;
#8080 = EDGE_CURVE ( 'NONE', #4512, #7985, #8391, .T. ) ;
#8081 = AXIS2_PLACEMENT_3D ( 'NONE', #8353, #11005, #4186 ) ;
#8082 = CARTESIAN_POINT ( 'NONE',  ( 24.99957050306814210, 124.8258398792882247, 4.963509728450989478 ) ) ;
#8083 = CARTESIAN_POINT ( 'NONE',  ( -46.58189872104514251, 74.97269081489451992, 3.358530552390480484 ) ) ;
#8084 = CARTESIAN_POINT ( 'NONE',  ( 81.55000000000001137, 66.63999999999998636, -0.2576914538747651640 ) ) ;
#8085 = DIRECTION ( 'NONE',  ( 0.000000000000000000, 0.000000000000000000, -1.000000000000000000 ) ) ;
#8086 = FACE_OUTER_BOUND ( 'NONE', #8756, .T. ) ;
#8087 = VERTEX_POINT ( 'NONE', #4970 ) ;
#8088 = LINE ( 'NONE', #2183, #8364 ) ;
#8089 = ORIENTED_EDGE ( 'NONE', *, *, #4770, .F. ) ;
#8090 = AXIS2_PLACEMENT_3D ( 'NONE', #8467, #2329, #677 ) ;
#8091 = CARTESIAN_POINT ( 'NONE',  ( 33.54999999999999716, 92.00000000000000000, 33.89999999999999147 ) ) ;
#8092 = EDGE_LOOP ( 'NONE', ( #8369, #7014, #1591, #2058, #5885, #2069, #3430, #11163, #7514, #9363, #3039, #3768 ) ) ;
#8093 = EDGE_CURVE ( 'NONE', #5658, #5171, #8447, .T. ) ;
#8094 = VERTEX_POINT ( 'NONE', #1405 ) ;
#8095 = VERTEX_POINT ( 'NONE', #8274 ) ;
#8096 = VECTOR ( 'NONE', #7530, 1000.000000000000000 ) ;
#8097 = EDGE_CURVE ( 'NONE', #9172, #656, #6402, .T. ) ;
#8098 = CARTESIAN_POINT ( 'NONE',  ( 0.000000000000000000, 93.17499999999999716, -36.90129292916564907 ) ) ;
#8099 = CYLINDRICAL_SURFACE ( 'NONE', #9951, 5.000000000000000000 ) ;
#8100 = CARTESIAN_POINT ( 'NONE',  ( 43.40689872104513825, 72.64000000000000057, -29.66122071973760299 ) ) ;
#8101 = VERTEX_POINT ( 'NONE', #658 ) ;
#8102 = CARTESIAN_POINT ( 'NONE',  ( -82.54999999999999716, 104.8258398792882105, 36.89999999999999858 ) ) ;
#8103 = LINE ( 'NONE', #1225, #7369 ) ;
#8104 = LINE ( 'NONE', #2934, #3402 ) ;
#8105 = DIRECTION ( 'NONE',  ( 1.000000000000000000, 0.000000000000000000, 0.000000000000000000 ) ) ;
#8106 = EDGE_LOOP ( 'NONE', ( #4906, #7030, #6225, #288, #6848, #2421 ) ) ;
#8107 = ORIENTED_EDGE ( 'NONE', *, *, #3411, .F. ) ;
#8108 = ORIENTED_EDGE ( 'NONE', *, *, #2369, .T. ) ;
#8109 = EDGE_CURVE ( 'NONE', #9321, #10914, #6715, .T. ) ;
#8110 = CYLINDRICAL_SURFACE ( 'NONE', #5148, 2.499801894121581824 ) ;
#8111 = EDGE_CURVE ( 'NONE', #9320, #4713, #7416, .T. ) ;
#8112 = CARTESIAN_POINT ( 'NONE',  ( 0.000000000000000000, 72.64000000000000057, 19.12967496797186939 ) ) ;
#8113 = DIRECTION ( 'NONE',  ( 1.000000000000000000, 0.000000000000000000, 9.184139537363837425E-14 ) ) ;
#8114 = CARTESIAN_POINT ( 'NONE',  ( -35.61042949709576533, 97.50000000000000000, -1.926685223531122260 ) ) ;
#8115 = CARTESIAN_POINT ( 'NONE',  ( -42.55000000000002558, 92.50000000000000000, 22.30467496797187010 ) ) ;
#8116 = ORIENTED_EDGE ( 'NONE', *, *, #5948, .T. ) ;
#8117 = VERTEX_POINT ( 'NONE', #10875 ) ;
#8118 = EDGE_LOOP ( 'NONE', ( #7067, #795, #10083, #5803 ) ) ;
#8119 = ADVANCED_FACE ( 'NONE', ( #1467 ), #7363, .F. ) ;
#8120 = FACE_OUTER_BOUND ( 'NONE', #4819, .T. ) ;
#8121 = VERTEX_POINT ( 'NONE', #3102 ) ;
#8122 = CARTESIAN_POINT ( 'NONE',  ( 33.75500000000002387, 5.099999999999999645, -3.738845726937403580 ) ) ;
#8123 = DIRECTION ( 'NONE',  ( 1.000000000000000000, 0.000000000000000000, 0.000000000000000000 ) ) ;
#8124 = CARTESIAN_POINT ( 'NONE',  ( -29.00042949692799965, 96.12583987928823603, -1.816490271664826572 ) ) ;
#8125 = LINE ( 'NONE', #1310, #985 ) ;
#8126 = DIRECTION ( 'NONE',  ( 1.000000000000000000, 0.000000000000000000, -1.335278419062900361E-16 ) ) ;
#8127 = CARTESIAN_POINT ( 'NONE',  ( 7.359748786905746520, 110.3527683476242345, 36.89999999999999858 ) ) ;
#8128 = ORIENTED_EDGE ( 'NONE', *, *, #6483, .F. ) ;
#8129 = VERTEX_POINT ( 'NONE', #600 ) ;
#8130 = ORIENTED_EDGE ( 'NONE', *, *, #9200, .F. ) ;
#8131 = VECTOR ( 'NONE', #10506, 1000.000000000000000 ) ;
#8132 = VECTOR ( 'NONE', #2290, 1000.000000000000114 ) ;
#8133 = PLANE ( 'NONE',  #910 ) ;
#8134 = CARTESIAN_POINT ( 'NONE',  ( -77.54999999999999716, 104.8258398792882105, 36.89999999999999858 ) ) ;
#8135 = DIRECTION ( 'NONE',  ( 1.593062912007103154E-16, -1.000000000000000000, 8.295151110468893303E-17 ) ) ;
#8136 = CARTESIAN_POINT ( 'NONE',  ( -74.43749999996866507, 18.84999999999999787, -24.58269145387476584 ) ) ;
#8137 = AXIS2_PLACEMENT_3D ( 'NONE', #1137, #8968, #4639 ) ;
#8138 = AXIS2_PLACEMENT_3D ( 'NONE', #10779, #4577, #8066 ) ;
#8139 = EDGE_CURVE ( 'NONE', #11039, #4512, #10072, .T. ) ;
#8140 = LINE ( 'NONE', #2067, #5816 ) ;
#8141 = EDGE_LOOP ( 'NONE', ( #5297, #9702, #11059, #10647 ) ) ;
#8142 = CARTESIAN_POINT ( 'NONE',  ( 69.20000000001763851, 18.85000000000027853, -24.58269145387476584 ) ) ;
#8143 = VERTEX_POINT ( 'NONE', #4740 ) ;
#8144 = VERTEX_POINT ( 'NONE', #5822 ) ;
#8145 = VECTOR ( 'NONE', #6822, 1000.000000000000000 ) ;
#8146 = ORIENTED_EDGE ( 'NONE', *, *, #4939, .T. ) ;
#8147 = AXIS2_PLACEMENT_3D ( 'NONE', #4861, #5711, #6930 ) ;
#8148 = CARTESIAN_POINT ( 'NONE',  ( -82.54999999999999716, 6.349999999999999645, 25.39999999999999858 ) ) ;
#8149 = CARTESIAN_POINT ( 'NONE',  ( 4.999570503068142990, 110.8258398792882247, 36.89999999999999147 ) ) ;
#8150 = CARTESIAN_POINT ( 'NONE',  ( -46.58189872104514251, 73.67999999411362921, 3.358530552390480040 ) ) ;
#8151 = ORIENTED_EDGE ( 'NONE', *, *, #6201, .T. ) ;
#8152 = EDGE_CURVE ( 'NONE', #11107, #8590, #5861, .T. ) ;
#8153 = CARTESIAN_POINT ( 'NONE',  ( -5.000429496931850792, 119.8299752807307357, -15.03649027154900963 ) ) ;
#8154 = LINE ( 'NONE', #6264, #5907 ) ;
#8155 = VECTOR ( 'NONE', #547, 1000.000000000000000 ) ;
#8156 = ORIENTED_EDGE ( 'NONE', *, *, #2146, .T. ) ;
#8157 = DIRECTION ( 'NONE',  ( 0.000000000000000000, 0.000000000000000000, -1.000000000000000000 ) ) ;
#8158 = CIRCLE ( 'NONE', #5608, 1.149999999999999689 ) ;
#8159 = CARTESIAN_POINT ( 'NONE',  ( 44.06500000000043826, 8.274999999999998579, 8.821154273062886020 ) ) ;
#8160 = ORIENTED_EDGE ( 'NONE', *, *, #1651, .F. ) ;
#8161 = DIRECTION ( 'NONE',  ( -1.000000000000000000, 0.000000000000000000, 1.335278419062900361E-16 ) ) ;
#8162 = VECTOR ( 'NONE', #800, 1000.000000000000227 ) ;
#8163 = DIRECTION ( 'NONE',  ( 1.000000000000000000, 0.000000000000000000, 1.335278419062900361E-16 ) ) ;
#8164 = CARTESIAN_POINT ( 'NONE',  ( 82.55000000000002558, 66.63999999999998636, 10.39999999999999325 ) ) ;
#8165 = CARTESIAN_POINT ( 'NONE',  ( -77.54999999999999716, 109.8258398792882247, -22.92957932766295670 ) ) ;
#8166 = LINE ( 'NONE', #3834, #3705 ) ;
#8167 = EDGE_CURVE ( 'NONE', #3422, #210, #3046, .T. ) ;
#8168 = EDGE_CURVE ( 'NONE', #10153, #5965, #744, .T. ) ;
#8169 = CARTESIAN_POINT ( 'NONE',  ( -81.84979246179028678, 53.93999999999999062, -0.2576914538747649974 ) ) ;
#8170 = DIRECTION ( 'NONE',  ( -1.000000000000000000, 0.000000000000000000, 0.000000000000000000 ) ) ;
#8171 = ORIENTED_EDGE ( 'NONE', *, *, #5447, .T. ) ;
#8172 = ORIENTED_EDGE ( 'NONE', *, *, #823, .T. ) ;
#8173 = EDGE_CURVE ( 'NONE', #11090, #3307, #9231, .T. ) ;
#8174 = EDGE_CURVE ( 'NONE', #3307, #426, #3872, .T. ) ;
#8175 = ORIENTED_EDGE ( 'NONE', *, *, #10102, .T. ) ;
#8176 = PLANE ( 'NONE',  #1972 ) ;
#8177 = ORIENTED_EDGE ( 'NONE', *, *, #9056, .F. ) ;
#8178 = DIRECTION ( 'NONE',  ( 1.000000000000000000, -0.000000000000000000, 0.000000000000000000 ) ) ;
#8179 = CARTESIAN_POINT ( 'NONE',  ( -50.48689872104515075, 74.78999999999417980, 0.5200140716803901553 ) ) ;
#8181 = DIRECTION ( 'NONE',  ( 0.000000000000000000, 0.000000000000000000, 1.000000000000000000 ) ) ;
#8180 = AXIS2_PLACEMENT_3D ( 'NONE', #5142, #6943, #140 ) ;
#8182 = CARTESIAN_POINT ( 'NONE',  ( -30.00042949693185079, 124.8258398792882247, 36.89999999999998437 ) ) ;
#8183 = DIRECTION ( 'NONE',  ( 0.000000000000000000, 0.000000000000000000, 1.000000000000000000 ) ) ;
#8184 = CARTESIAN_POINT ( 'NONE',  ( -35.61042949679625735, 96.12583987928823603, 1.150873398797557678 ) ) ;
#8185 = EDGE_CURVE ( 'NONE', #8586, #3941, #9678, .T. ) ;
#8186 = ADVANCED_FACE ( 'NONE', ( #6993 ), #8606, .T. ) ;
#8187 = ORIENTED_EDGE ( 'NONE', *, *, #7276, .F. ) ;
#8188 = VECTOR ( 'NONE', #436, 1000.000000000000000 ) ;
#8189 = EDGE_LOOP ( 'NONE', ( #3016, #2304, #3396, #8107 ) ) ;
#8190 = VECTOR ( 'NONE', #2120, 1000.000000000000000 ) ;
#8191 = CARTESIAN_POINT ( 'NONE',  ( -82.54999999999999716, 66.63999999999998636, 5.399999999999991473 ) ) ;
#8192 = DIRECTION ( 'NONE',  ( 0.000000000000000000, 0.000000000000000000, -1.000000000000000000 ) ) ;
#8193 = DIRECTION ( 'NONE',  ( 0.000000000000000000, 0.000000000000000000, 1.000000000000000000 ) ) ;
#8194 = VECTOR ( 'NONE', #2193, 999.9999999999998863 ) ;
#8195 = LINE ( 'NONE', #3644, #6150 ) ;
#8196 = CARTESIAN_POINT ( 'NONE',  ( 24.99957050306814210, 119.8258398792882105, -3.046716903987330677E-15 ) ) ;
#8197 = FACE_OUTER_BOUND ( 'NONE', #1273, .T. ) ;
#8198 = LINE ( 'NONE', #7100, #17 ) ;
#8199 = EDGE_LOOP ( 'NONE', ( #10830, #2121, #4635, #2509 ) ) ;
#8200 = CARTESIAN_POINT ( 'NONE',  ( -50.02648654977334530, 8.274999999999998579, 24.62763407003638960 ) ) ;
#8201 = PLANE ( 'NONE',  #5677 ) ;
#8202 = VERTEX_POINT ( 'NONE', #10349 ) ;
#8203 = ORIENTED_EDGE ( 'NONE', *, *, #8934, .F. ) ;
#8204 = CIRCLE ( 'NONE', #4929, 1.149999999999994804 ) ;
#8205 = ORIENTED_EDGE ( 'NONE', *, *, #6892, .F. ) ;
#8206 = DIRECTION ( 'NONE',  ( -1.527355698137925406E-16, 0.000000000000000000, -1.000000000000000000 ) ) ;
#8207 = DIRECTION ( 'NONE',  ( 1.000000000000000000, 0.000000000000000000, 0.000000000000000000 ) ) ;
#8208 = LINE ( 'NONE', #3762, #10854 ) ;
#8209 = CARTESIAN_POINT ( 'NONE',  ( 52.36501998304115091, 5.099999999999999645, 19.07115427297831900 ) ) ;
#8210 = ORIENTED_EDGE ( 'NONE', *, *, #341, .T. ) ;
#8211 = DIRECTION ( 'NONE',  ( -0.008479329218857335759, 0.9999640498417921020, 0.000000000000000000 ) ) ;
#8212 = CARTESIAN_POINT ( 'NONE',  ( -50.48689872104515075, 72.67999878751419374, 2.358530551520389817 ) ) ;
#8213 = ORIENTED_EDGE ( 'NONE', *, *, #6293, .F. ) ;
#8214 = CARTESIAN_POINT ( 'NONE',  ( -31.40689872104514180, 97.49999999999998579, 21.29350893818081403 ) ) ;
#8215 = VERTEX_POINT ( 'NONE', #5140 ) ;
#8216 = ORIENTED_EDGE ( 'NONE', *, *, #5376, .T. ) ;
#8217 = VERTEX_POINT ( 'NONE', #6819 ) ;
#8218 = LINE ( 'NONE', #3893, #159 ) ;
#8219 = EDGE_CURVE ( 'NONE', #1990, #3625, #9337, .T. ) ;
#8220 = VECTOR ( 'NONE', #11073, 1000.000000000000000 ) ;
#8221 = DIRECTION ( 'NONE',  ( -1.000000000000000000, 0.000000000000000000, 0.000000000000000000 ) ) ;
#8222 = CARTESIAN_POINT ( 'NONE',  ( 0.000000000000000000, -27.00000000000000355, -10.25769145387463688 ) ) ;
#8223 = DIRECTION ( 'NONE',  ( 0.000000000000000000, 0.000000000000000000, -1.000000000000000000 ) ) ;
#8224 = LINE ( 'NONE', #3779, #7335 ) ;
#8225 = LINE ( 'NONE', #1295, #4364 ) ;
#8226 = DIRECTION ( 'NONE',  ( 1.000000000000000000, 0.000000000000000000, 0.000000000000000000 ) ) ;
#8227 = AXIS2_PLACEMENT_3D ( 'NONE', #8179, #390, #4525 ) ;
#8228 = ORIENTED_EDGE ( 'NONE', *, *, #1588, .F. ) ;
#8229 = ORIENTED_EDGE ( 'NONE', *, *, #7378, .T. ) ;
#8230 = ADVANCED_FACE ( 'NONE', ( #2582 ), #828, .F. ) ;
#8231 = ORIENTED_EDGE ( 'NONE', *, *, #665, .F. ) ;
#8232 = ADVANCED_FACE ( 'NONE', ( #4281 ), #4166, .T. ) ;
#8233 = DIRECTION ( 'NONE',  ( -1.000000000000000000, 0.000000000000000000, 0.000000000000000000 ) ) ;
#8234 = VECTOR ( 'NONE', #6983, 1000.000000000000000 ) ;
#8235 = AXIS2_PLACEMENT_3D ( 'NONE', #431, #3894, #7472 ) ;
#8236 = FACE_BOUND ( 'NONE', #1592, .T. ) ;
#8237 = CARTESIAN_POINT ( 'NONE',  ( 79.37500000000002842, -27.00000000000000355, 21.38115427306259875 ) ) ;
#8238 = EDGE_CURVE ( 'NONE', #4656, #6528, #8935, .T. ) ;
#8239 = LINE ( 'NONE', #9872, #1450 ) ;
#8240 = DIRECTION ( 'NONE',  ( -1.000000000000000000, 0.000000000000000000, 0.000000000000000000 ) ) ;
#8241 = ORIENTED_EDGE ( 'NONE', *, *, #11066, .T. ) ;
#8242 = ORIENTED_EDGE ( 'NONE', *, *, #163, .F. ) ;
#8243 = VERTEX_POINT ( 'NONE', #11099 ) ;
#8244 = AXIS2_PLACEMENT_3D ( 'NONE', #2858, #1262, #6300 ) ;
#8245 = VERTEX_POINT ( 'NONE', #713 ) ;
#8246 = EDGE_CURVE ( 'NONE', #9813, #1426, #10009, .T. ) ;
#8247 = CARTESIAN_POINT ( 'NONE',  ( 54.81499993151516748, 8.274999999999998579, 15.82115373010225312 ) ) ;
#8248 = LINE ( 'NONE', #1554, #3798 ) ;
#8249 = AXIS2_PLACEMENT_3D ( 'NONE', #378, #7998, #434 ) ;
#8250 = CARTESIAN_POINT ( 'NONE',  ( -8.300429496927989703, 96.12583987928823603, -1.816490271607134721 ) ) ;
#8251 = ADVANCED_FACE ( 'NONE', ( #5922 ), #5192, .F. ) ;
#8252 = DIRECTION ( 'NONE',  ( 0.9987133595268967712, -0.000000000000000000, 0.05071119701308110517 ) ) ;
#8253 = CARTESIAN_POINT ( 'NONE',  ( -52.55000000000002558, 99.82583987928822467, -31.32057563943574507 ) ) ;
#8254 = ORIENTED_EDGE ( 'NONE', *, *, #6683, .F. ) ;
#8255 = ORIENTED_EDGE ( 'NONE', *, *, #5976, .T. ) ;
#8256 = ORIENTED_EDGE ( 'NONE', *, *, #1842, .T. ) ;
#8257 = VECTOR ( 'NONE', #11158, 1000.000000000000000 ) ;
#8258 = EDGE_CURVE ( 'NONE', #9101, #2251, #10240, .T. ) ;
#8259 = EDGE_LOOP ( 'NONE', ( #6171, #7215, #6903, #1823 ) ) ;
#8260 = PLANE ( 'NONE',  #2938 ) ;
#8261 = DIRECTION ( 'NONE',  ( -0.000000000000000000, -1.000000000000000000, -0.000000000000000000 ) ) ;
#8262 = ORIENTED_EDGE ( 'NONE', *, *, #10943, .T. ) ;
#8263 = VECTOR ( 'NONE', #2624, 1000.000000000000000 ) ;
#8264 = DIRECTION ( 'NONE',  ( 0.000000000000000000, 0.000000000000000000, 1.000000000000000000 ) ) ;
#8265 = DIRECTION ( 'NONE',  ( -1.000000000000000000, 0.000000000000000000, 0.000000000000000000 ) ) ;
#8266 = CARTESIAN_POINT ( 'NONE',  ( 76.81501998216512561, 8.274999999999998579, -1.428845727014055988 ) ) ;
#8267 = ORIENTED_EDGE ( 'NONE', *, *, #124, .T. ) ;
#8268 = LINE ( 'NONE', #369, #3400 ) ;
#8269 = ORIENTED_EDGE ( 'NONE', *, *, #5253, .F. ) ;
#8270 = VERTEX_POINT ( 'NONE', #2474 ) ;
#8271 = VERTEX_POINT ( 'NONE', #9391 ) ;
#8272 = AXIS2_PLACEMENT_3D ( 'NONE', #6611, #3281, #3951 ) ;
#8273 = CARTESIAN_POINT ( 'NONE',  ( -33.11060426392916156, 96.12583987928823603, -4.426490271141811483 ) ) ;
#8274 = CARTESIAN_POINT ( 'NONE',  ( 69.20000000007698304, 82.35514882866895903, -37.08269145387477295 ) ) ;
#8275 = CARTESIAN_POINT ( 'NONE',  ( -34.87827715505559212, 96.12583987928823603, 20.56135746860334734 ) ) ;
#8276 = FACE_OUTER_BOUND ( 'NONE', #4116, .T. ) ;
#8277 = DIRECTION ( 'NONE',  ( 1.000000000000000000, 0.000000000000000000, 0.000000000000000000 ) ) ;
#8278 = CARTESIAN_POINT ( 'NONE',  ( -72.76808532600743717, 8.274999999999998579, -0.6211324209942632457 ) ) ;
#8279 = PLANE ( 'NONE',  #6796 ) ;
#8280 = LINE ( 'NONE', #6236, #4871 ) ;
#8281 = VECTOR ( 'NONE', #7124, 1000.000000000000000 ) ;
#8282 = ADVANCED_FACE ( 'NONE', ( #8499, #1628 ), #771, .F. ) ;
#8283 = ORIENTED_EDGE ( 'NONE', *, *, #7896, .T. ) ;
#8284 = VERTEX_POINT ( 'NONE', #2526 ) ;
#8285 = CARTESIAN_POINT ( 'NONE',  ( 8.384417448465057987, 99.82583987928821045, 20.56133305602351413 ) ) ;
#8286 = EDGE_LOOP ( 'NONE', ( #4505, #4127, #7620, #1797, #8344, #83, #3413, #2332 ) ) ;
#8287 = ORIENTED_EDGE ( 'NONE', *, *, #8990, .F. ) ;
#8288 = DIRECTION ( 'NONE',  ( 1.000000000000000000, -0.000000000000000000, -0.000000000000000000 ) ) ;
#8289 = LINE ( 'NONE', #3176, #9498 ) ;
#8290 = LINE ( 'NONE', #6514, #3078 ) ;
#8291 = LINE ( 'NONE', #4762, #9521 ) ;
#8292 = EDGE_LOOP ( 'NONE', ( #9735, #3359, #10857, #11193 ) ) ;
#8293 = EDGE_CURVE ( 'NONE', #3599, #8328, #883, .T. ) ;
#8294 = EDGE_LOOP ( 'NONE', ( #3143, #1036, #9507, #5049 ) ) ;
#8295 = ORIENTED_EDGE ( 'NONE', *, *, #9640, .F. ) ;
#8296 = LINE ( 'NONE', #5731, #7312 ) ;
#8297 = EDGE_CURVE ( 'NONE', #6740, #2636, #7797, .T. ) ;
#8298 = CARTESIAN_POINT ( 'NONE',  ( -33.11060426392916156, 96.12583987928823603, -4.426490271141811483 ) ) ;
#8299 = CARTESIAN_POINT ( 'NONE',  ( 77.61250000000001137, 66.63999999999998636, -0.2576914538747684946 ) ) ;
#8300 = CARTESIAN_POINT ( 'NONE',  ( -0.1327752523027176945, 96.12583987928823603, 8.433509402387802112 ) ) ;
#8301 = CARTESIAN_POINT ( 'NONE',  ( -46.58189872104514251, 95.63999999999417412, -7.959769997217391868 ) ) ;
#8302 = DIRECTION ( 'NONE',  ( 0.000000000000000000, 0.000000000000000000, 1.000000000000000000 ) ) ;
#8303 = DIRECTION ( 'NONE',  ( 0.000000000000000000, 0.000000000000000000, -1.000000000000000000 ) ) ;
#8304 = EDGE_CURVE ( 'NONE', #6296, #5519, #7693, .T. ) ;
#8305 = EDGE_CURVE ( 'NONE', #8101, #2569, #5975, .T. ) ;
#8306 = DIRECTION ( 'NONE',  ( -1.000000000000000000, 0.000000000000000000, 0.000000000000000000 ) ) ;
#8307 = ORIENTED_EDGE ( 'NONE', *, *, #3172, .F. ) ;
#8309 = EDGE_CURVE ( 'NONE', #2409, #10917, #2229, .T. ) ;
#8308 = AXIS2_PLACEMENT_3D ( 'NONE', #7736, #8705, #10341 ) ;
#8310 = VECTOR ( 'NONE', #10265, 1000.000000000000000 ) ;
#8311 = CARTESIAN_POINT ( 'NONE',  ( 32.54999999999999716, 97.82583987928822467, 10.19715292348722890 ) ) ;
#8312 = ORIENTED_EDGE ( 'NONE', *, *, #6871, .T. ) ;
#8313 = ADVANCED_FACE ( 'NONE', ( #5679 ), #2698, .T. ) ;
#8314 = EDGE_CURVE ( 'NONE', #5360, #7495, #5300, .T. ) ;
#8315 = ORIENTED_EDGE ( 'NONE', *, *, #3632, .F. ) ;
#8316 = AXIS2_PLACEMENT_3D ( 'NONE', #1127, #1183, #9008 ) ;
#8317 = AXIS2_PLACEMENT_3D ( 'NONE', #6690, #10159, #5845 ) ;
#8318 = DIRECTION ( 'NONE',  ( 0.000000000000000000, 0.000000000000000000, -1.000000000000000000 ) ) ;
#8319 = DIRECTION ( 'NONE',  ( 0.000000000000000000, 0.000000000000000000, 1.000000000000000000 ) ) ;
#8320 = VERTEX_POINT ( 'NONE', #9091 ) ;
#8321 = DIRECTION ( 'NONE',  ( 0.000000000000000000, 1.000000000000000000, -0.000000000000000000 ) ) ;
#8322 = LINE ( 'NONE', #5698, #2845 ) ;
#8323 = ADVANCED_FACE ( 'NONE', ( #1378 ), #6148, .T. ) ;
#8324 = EDGE_CURVE ( 'NONE', #1929, #3757, #2114, .T. ) ;
#8325 = ORIENTED_EDGE ( 'NONE', *, *, #4684, .F. ) ;
#8326 = CARTESIAN_POINT ( 'NONE',  ( -29.00042949698513439, 99.82583987928822467, 18.68350972833517432 ) ) ;
#8327 = VECTOR ( 'NONE', #9732, 1000.000000000000000 ) ;
#8328 = VERTEX_POINT ( 'NONE', #10793 ) ;
#8329 = DIRECTION ( 'NONE',  ( -0.000000000000000000, 1.000000000000000000, 0.000000000000000000 ) ) ;
#8330 = ORIENTED_EDGE ( 'NONE', *, *, #4627, .T. ) ;
#8331 = ORIENTED_EDGE ( 'NONE', *, *, #8763, .T. ) ;
#8332 = DIRECTION ( 'NONE',  ( 0.000000000000000000, -0.5735764363510428288, -0.8191520442889941300 ) ) ;
#8333 = CARTESIAN_POINT ( 'NONE',  ( 6.616786963295035129, 90.00000000000000000, 18.79370979928978969 ) ) ;
#8334 = PLANE ( 'NONE',  #3240 ) ;
#8335 = VECTOR ( 'NONE', #6828, 1000.000000000000000 ) ;
#8336 = VECTOR ( 'NONE', #2273, 1000.000000000000000 ) ;
#8337 = LINE ( 'NONE', #9342, #6167 ) ;
#8338 = FACE_OUTER_BOUND ( 'NONE', #9386, .T. ) ;
#8339 = CIRCLE ( 'NONE', #4331, 1.000000000000000888 ) ;
#8340 = PLANE ( 'NONE',  #10907 ) ;
#8341 = PLANE ( 'NONE',  #1389 ) ;
#8342 = DIRECTION ( 'NONE',  ( 2.551641442053238672E-31, 1.000000000000000000, 1.677434638215118264E-15 ) ) ;
#8343 = ORIENTED_EDGE ( 'NONE', *, *, #2070, .T. ) ;
#8344 = ORIENTED_EDGE ( 'NONE', *, *, #1923, .F. ) ;
#8345 = VECTOR ( 'NONE', #10021, 1000.000000000000000 ) ;
#8346 = ORIENTED_EDGE ( 'NONE', *, *, #10298, .T. ) ;
#8347 = CIRCLE ( 'NONE', #1429, 1.000000000000000888 ) ;
#8348 = ORIENTED_EDGE ( 'NONE', *, *, #8304, .F. ) ;
#8349 = DIRECTION ( 'NONE',  ( 0.000000000000000000, -1.000000000000000000, 0.000000000000000000 ) ) ;
#8350 = DIRECTION ( 'NONE',  ( -1.000000000000000000, 0.000000000000000000, 1.335278419062900361E-16 ) ) ;
#8351 = CARTESIAN_POINT ( 'NONE',  ( 10.60957050304418559, 79.82583987928821045, -0.4337073862334295815 ) ) ;
#8352 = DIRECTION ( 'NONE',  ( 0.000000000000000000, 0.000000000000000000, 1.000000000000000000 ) ) ;
#8353 = CARTESIAN_POINT ( 'NONE',  ( 82.54999999999999716, 58.93999999999998352, 5.399999999999993250 ) ) ;
#8354 = ORIENTED_EDGE ( 'NONE', *, *, #6733, .T. ) ;
#8355 = ORIENTED_EDGE ( 'NONE', *, *, #9199, .T. ) ;
#8356 = ORIENTED_EDGE ( 'NONE', *, *, #8378, .F. ) ;
#8357 = CARTESIAN_POINT ( 'NONE',  ( -46.58189872104514251, 97.50000000000000000, 19.12967496797186939 ) ) ;
#8358 = AXIS2_PLACEMENT_3D ( 'NONE', #7800, #8773, #200 ) ;
#8359 = ADVANCED_FACE ( 'NONE', ( #1903 ), #8772, .T. ) ;
#8360 = FACE_OUTER_BOUND ( 'NONE', #1078, .T. ) ;
#8361 = DIRECTION ( 'NONE',  ( -1.527355698137925406E-16, 0.000000000000000000, -1.000000000000000000 ) ) ;
#8362 = LINE ( 'NONE', #9261, #9822 ) ;
#8363 = FACE_OUTER_BOUND ( 'NONE', #4234, .T. ) ;
#8364 = VECTOR ( 'NONE', #5627, 1000.000000000000000 ) ;
#8365 = DIRECTION ( 'NONE',  ( 0.000000000000000000, 1.000000000000000000, 0.000000000000000000 ) ) ;
#8366 = APPLICATION_PROTOCOL_DEFINITION ( 'draft international standard', 'automotive_design', 1998, #4961 ) ;
#8367 = CARTESIAN_POINT ( 'NONE',  ( 50.02648654977334530, 5.099999999999999645, 21.38115427306259875 ) ) ;
#8368 = VECTOR ( 'NONE', #18, 1000.000000000000000 ) ;
#8369 = ORIENTED_EDGE ( 'NONE', *, *, #312, .T. ) ;
#8370 = ORIENTED_EDGE ( 'NONE', *, *, #10447, .F. ) ;
#8371 = AXIS2_PLACEMENT_3D ( 'NONE', #8571, #7601, #11057 ) ;
#8372 = ORIENTED_EDGE ( 'NONE', *, *, #6668, .F. ) ;
#8373 = ADVANCED_FACE ( 'NONE', ( #4825 ), #7331, .F. ) ;
#8374 = CIRCLE ( 'NONE', #4194, 2.499801894121581824 ) ;
#8375 = EDGE_CURVE ( 'NONE', #10817, #8770, #2781, .T. ) ;
#8376 = DIRECTION ( 'NONE',  ( 0.000000000000000000, -1.000000000000000000, 0.000000000000000000 ) ) ;
#8377 = CARTESIAN_POINT ( 'NONE',  ( -5.452947808417635045, 124.6954348578367444, 36.89929541667876833 ) ) ;
#8378 = EDGE_CURVE ( 'NONE', #1703, #7754, #4213, .T. ) ;
#8379 = ORIENTED_EDGE ( 'NONE', *, *, #9691, .F. ) ;
#8380 = EDGE_CURVE ( 'NONE', #2356, #4045, #7275, .T. ) ;
#8381 = FACE_OUTER_BOUND ( 'NONE', #915, .T. ) ;
#8382 = CARTESIAN_POINT ( 'NONE',  ( 46.58189872104514251, 74.43999999999417128, -7.959769997217391868 ) ) ;
#8383 = EDGE_LOOP ( 'NONE', ( #6107, #10972, #6925, #5203, #9558 ) ) ;
#8384 = PLANE ( 'NONE',  #1776 ) ;
#8385 = VECTOR ( 'NONE', #8832, 1000.000000000000000 ) ;
#8386 = VECTOR ( 'NONE', #7965, 1000.000000000000114 ) ;
#8387 = EDGE_LOOP ( 'NONE', ( #2032, #7940 ) ) ;
#8388 = ORIENTED_EDGE ( 'NONE', *, *, #1152, .F. ) ;
#8389 = ORIENTED_EDGE ( 'NONE', *, *, #9353, .T. ) ;
#8390 = CARTESIAN_POINT ( 'NONE',  ( -0.0004294969318460739593, 124.8258398792882247, 8.433509728450992782 ) ) ;
#8391 = LINE ( 'NONE', #3275, #2068 ) ;
#8392 = EDGE_CURVE ( 'NONE', #10805, #562, #10845, .T. ) ;
#8393 = EDGE_CURVE ( 'NONE', #3480, #4766, #2967, .T. ) ;
#8394 = EDGE_CURVE ( 'NONE', #5210, #7522, #3489, .T. ) ;
#8395 = DIRECTION ( 'NONE',  ( -1.000000000000000000, 0.000000000000000000, -9.169294481193143764E-14 ) ) ;
#8396 = CARTESIAN_POINT ( 'NONE',  ( 42.54999999999999716, 96.82583987928822467, 22.30467496797187010 ) ) ;
#8397 = CARTESIAN_POINT ( 'NONE',  ( -69.20000000000000284, 18.84999999999999787, -37.08269145387476584 ) ) ;
#8398 = CARTESIAN_POINT ( 'NONE',  ( -82.54999999999999716, 6.349999999999997868, 11.40000000000000036 ) ) ;
#8399 = EDGE_CURVE ( 'NONE', #10708, #531, #3351, .T. ) ;
#8400 = CYLINDRICAL_SURFACE ( 'NONE', #3657, 1.149999999999999467 ) ;
#8401 = DIRECTION ( 'NONE',  ( 0.000000000000000000, -1.000000000000000000, 0.000000000000000000 ) ) ;
#8402 = DIRECTION ( 'NONE',  ( 1.000000000000000000, -0.000000000000000000, -0.000000000000000000 ) ) ;
#8403 = ORIENTED_EDGE ( 'NONE', *, *, #1629, .T. ) ;
#8404 = ORIENTED_EDGE ( 'NONE', *, *, #11084, .T. ) ;
#8405 = VECTOR ( 'NONE', #6521, 1000.000000000000000 ) ;
#8406 = VERTEX_POINT ( 'NONE', #3300 ) ;
#8407 = EDGE_CURVE ( 'NONE', #3903, #3472, #685, .T. ) ;
#8408 = DIRECTION ( 'NONE',  ( -1.000000000000000000, 0.000000000000000000, -9.184139537363837425E-14 ) ) ;
#8409 = LINE ( 'NONE', #3124, #2154 ) ;
#8410 = CARTESIAN_POINT ( 'NONE',  ( -33.75499999999998124, -4.758722840904921370, -3.957691453874788490 ) ) ;
#8411 = VECTOR ( 'NONE', #7016, 1000.000000000000000 ) ;
#8412 = DIRECTION ( 'NONE',  ( 0.000000000000000000, 0.000000000000000000, 1.000000000000000000 ) ) ;
#8413 = VECTOR ( 'NONE', #7432, 1000.000000000000227 ) ;
#8414 = LINE ( 'NONE', #623, #7524 ) ;
#8415 = ORIENTED_EDGE ( 'NONE', *, *, #8111, .T. ) ;
#8416 = DIRECTION ( 'NONE',  ( -0.000000000000000000, 7.709882115452476934E-17, -1.000000000000000000 ) ) ;
#8417 = ORIENTED_EDGE ( 'NONE', *, *, #5908, .F. ) ;
#8418 = VERTEX_POINT ( 'NONE', #5733 ) ;
#8419 = CARTESIAN_POINT ( 'NONE',  ( 77.61250000000001137, 82.35514882866895903, -32.75769145387477010 ) ) ;
#8420 = CIRCLE ( 'NONE', #609, 2.499999999999995115 ) ;
#8421 = VECTOR ( 'NONE', #3214, 1000.000000000000000 ) ;
#8422 = EDGE_CURVE ( 'NONE', #10899, #9129, #1826, .T. ) ;
#8423 = CARTESIAN_POINT ( 'NONE',  ( 74.43750000000001421, -4.758722840905003082, -32.75769145387477721 ) ) ;
#8424 = CARTESIAN_POINT ( 'NONE',  ( -51.69999999999999574, 99.82583987928822467, 46.90000000000009095 ) ) ;
#8425 = FACE_OUTER_BOUND ( 'NONE', #10234, .T. ) ;
#8426 = DIRECTION ( 'NONE',  ( -0.000000000000000000, -1.000000000000000000, -0.000000000000000000 ) ) ;
#8427 = CARTESIAN_POINT ( 'NONE',  ( 2.629020911857209811E-15, 72.64000000000000057, -29.66122071973760654 ) ) ;
#8428 = FACE_OUTER_BOUND ( 'NONE', #5105, .T. ) ;
#8429 = CIRCLE ( 'NONE', #3876, 4.999999999999997335 ) ;
#8430 = ORIENTED_EDGE ( 'NONE', *, *, #9340, .T. ) ;
#8431 = ORIENTED_EDGE ( 'NONE', *, *, #7397, .T. ) ;
#8432 = VECTOR ( 'NONE', #2275, 1000.000000000000000 ) ;
#8433 = ORIENTED_EDGE ( 'NONE', *, *, #1908, .F. ) ;
#8434 = CARTESIAN_POINT ( 'NONE',  ( 10.60957050301870019, 79.82583987928819624, 17.30072581676351362 ) ) ;
#8435 = CARTESIAN_POINT ( 'NONE',  ( 50.02648654977334530, 8.274999999999998579, 24.62763407003638960 ) ) ;
#8436 = CARTESIAN_POINT ( 'NONE',  ( -0.0004294969318460739593, 124.8258398792882247, -15.76649027154901006 ) ) ;
#8437 = PLANE ( 'NONE',  #2759 ) ;
#8438 = LINE ( 'NONE', #10182, #5011 ) ;
#8439 = EDGE_LOOP ( 'NONE', ( #9162, #2170, #9700, #8797, #6677, #415, #9863, #10342, #994, #9361, #6653, #5461, #4781, #4980, #2919, #5252, #5276, #4851 ) ) ;
#8440 = CARTESIAN_POINT ( 'NONE',  ( -29.00042949692799965, 96.12583987928823603, -1.816490271664826572 ) ) ;
#8441 = VECTOR ( 'NONE', #31, 1000.000000000000000 ) ;
#8442 = EDGE_CURVE ( 'NONE', #5490, #3599, #8526, .T. ) ;
#8443 = VERTEX_POINT ( 'NONE', #9423 ) ;
#8444 = ORIENTED_EDGE ( 'NONE', *, *, #7675, .T. ) ;
#8445 = EDGE_LOOP ( 'NONE', ( #593, #8229, #4793, #6261 ) ) ;
#8446 = EDGE_CURVE ( 'NONE', #5434, #7060, #1433, .T. ) ;
#8447 = LINE ( 'NONE', #7523, #8421 ) ;
#8448 = FACE_OUTER_BOUND ( 'NONE', #1244, .T. ) ;
#8449 = CARTESIAN_POINT ( 'NONE',  ( -4.167147581484299756, 119.8373026166564017, 36.89999999999999147 ) ) ;
#8450 = DIRECTION ( 'NONE',  ( 1.218707698843631781E-16, -0.000000000000000000, 1.000000000000000000 ) ) ;
#8451 = DIRECTION ( 'NONE',  ( 1.521157000053560499E-16, 0.000000000000000000, -1.000000000000000000 ) ) ;
#8452 = LINE ( 'NONE', #3280, #2214 ) ;
#8453 = DIRECTION ( 'NONE',  ( 0.000000000000000000, 0.000000000000000000, 1.000000000000000000 ) ) ;
#8454 = DIRECTION ( 'NONE',  ( 1.228232725407420811E-32, 0.000000000000000000, -1.000000000000000000 ) ) ;
#8455 = EDGE_CURVE ( 'NONE', #7563, #4786, #2397, .T. ) ;
#8456 = ORIENTED_EDGE ( 'NONE', *, *, #5389, .F. ) ;
#8457 = EDGE_CURVE ( 'NONE', #2234, #10200, #6632, .T. ) ;
#8458 = ORIENTED_EDGE ( 'NONE', *, *, #11202, .F. ) ;
#8459 = VECTOR ( 'NONE', #382, 1000.000000000000000 ) ;
#8460 = ORIENTED_EDGE ( 'NONE', *, *, #10699, .T. ) ;
#8461 = EDGE_CURVE ( 'NONE', #5537, #629, #3135, .T. ) ;
#8462 = CARTESIAN_POINT ( 'NONE',  ( 67.12499999999998579, 104.8258398792882247, 37.90000000000004832 ) ) ;
#8463 = CARTESIAN_POINT ( 'NONE',  ( 5.996743271811252107, 124.8258398792882247, -15.01161596500278428 ) ) ;
#8464 = DIRECTION ( 'NONE',  ( 0.000000000000000000, 0.000000000000000000, 1.000000000000000000 ) ) ;
#8465 = AXIS2_PLACEMENT_3D ( 'NONE', #1746, #7063, #8722 ) ;
#8466 = CARTESIAN_POINT ( 'NONE',  ( -72.76808532600743717, 8.274999999999998579, -0.6211324209942660213 ) ) ;
#8467 = CARTESIAN_POINT ( 'NONE',  ( 72.76808532237744487, 8.274999999999998579, 0.5788675790057377091 ) ) ;
#8468 = ORIENTED_EDGE ( 'NONE', *, *, #10382, .T. ) ;
#8469 = EDGE_CURVE ( 'NONE', #2455, #2571, #5843, .T. ) ;
#8470 = EDGE_CURVE ( 'NONE', #6089, #1973, #6576, .T. ) ;
#8471 = ORIENTED_EDGE ( 'NONE', *, *, #3374, .T. ) ;
#8472 = EDGE_CURVE ( 'NONE', #4021, #4927, #1657, .T. ) ;
#8473 = ORIENTED_EDGE ( 'NONE', *, *, #4674, .T. ) ;
#8474 = DIRECTION ( 'NONE',  ( 1.075619781533889645E-16, -0.7071072074758637527, -0.7071063548969742651 ) ) ;
#8475 = DIRECTION ( 'NONE',  ( 0.000000000000000000, -1.000000000000000000, 0.000000000000000000 ) ) ;
#8476 = CARTESIAN_POINT ( 'NONE',  ( -77.61249999996864801, 8.274999999999987921, -6.985329661611388907 ) ) ;
#8477 = CARTESIAN_POINT ( 'NONE',  ( -5.000429496931849016, 119.8301161607049750, 36.89999999999999147 ) ) ;
#8478 = LINE ( 'NONE', #7615, #2907 ) ;
#8479 = CARTESIAN_POINT ( 'NONE',  ( -82.54999999999999716, 58.93999999999998352, 5.399999999999993250 ) ) ;
#8480 = LINE ( 'NONE', #6, #5787 ) ;
#8481 = CARTESIAN_POINT ( 'NONE',  ( 50.02648654977334530, 10.00000000000000000, 21.38115427306259875 ) ) ;
#8482 = CARTESIAN_POINT ( 'NONE',  ( 11.25500000000000433, -24.89937738537090794, 13.89999999999999680 ) ) ;
#8483 = EDGE_LOOP ( 'NONE', ( #3212, #8825, #9116, #8910 ) ) ;
#8484 = PLANE ( 'NONE',  #6127 ) ;
#8485 = ORIENTED_EDGE ( 'NONE', *, *, #7256, .T. ) ;
#8486 = ORIENTED_EDGE ( 'NONE', *, *, #2761, .F. ) ;
#8487 = CARTESIAN_POINT ( 'NONE',  ( -29.00042949692799965, 99.82583987928822467, -1.816490271664826572 ) ) ;
#8488 = CARTESIAN_POINT ( 'NONE',  ( 8.384417448465013578, 79.82583987928821045, 20.56133305602351413 ) ) ;
#8489 = DIRECTION ( 'NONE',  ( 0.000000000000000000, 0.000000000000000000, 1.000000000000000000 ) ) ;
#8490 = ORIENTED_EDGE ( 'NONE', *, *, #873, .T. ) ;
#8491 = FACE_OUTER_BOUND ( 'NONE', #6770, .T. ) ;
#8492 = DIRECTION ( 'NONE',  ( 1.000000000000000000, 0.000000000000000000, 1.335278419062900361E-16 ) ) ;
#8493 = ORIENTED_EDGE ( 'NONE', *, *, #5781, .F. ) ;
#8494 = CARTESIAN_POINT ( 'NONE',  ( 173.3018692371333032, 18.85000000000000497, -37.08269145387476584 ) ) ;
#8495 = ORIENTED_EDGE ( 'NONE', *, *, #5036, .F. ) ;
#8496 = VERTEX_POINT ( 'NONE', #9258 ) ;
#8497 = AXIS2_PLACEMENT_3D ( 'NONE', #10982, #4113, #7575 ) ;
#8498 = AXIS2_PLACEMENT_3D ( 'NONE', #5789, #10905, #10047 ) ;
#8499 = FACE_BOUND ( 'NONE', #10407, .T. ) ;
#8500 = ADVANCED_FACE ( 'NONE', ( #799 ), #2340, .F. ) ;
#8501 = DIRECTION ( 'NONE',  ( -0.000000000000000000, 1.365923996832131116E-16, 1.000000000000000000 ) ) ;
#8502 = CARTESIAN_POINT ( 'NONE',  ( -3.333901773146324743, 119.8513712720014013, 36.89999999999999147 ) ) ;
#8503 = LINE ( 'NONE', #4170, #8798 ) ;
#8504 = DIRECTION ( 'NONE',  ( 0.000000000000000000, 0.000000000000000000, -1.000000000000000000 ) ) ;
#8505 = CARTESIAN_POINT ( 'NONE',  ( 61.81289880791658931, 8.274999999999998579, 18.26344096711873277 ) ) ;
#8506 = AXIS2_PLACEMENT_3D ( 'NONE', #289, #9975, #2001 ) ;
#8508 = VECTOR ( 'NONE', #11069, 1000.000000000000000 ) ;
#8507 = CARTESIAN_POINT ( 'NONE',  ( -5.000429496931849016, 110.8258398792882247, 36.89999999999999147 ) ) ;
#8509 = EDGE_LOOP ( 'NONE', ( #3683, #10598, #6228, #5780 ) ) ;
#8510 = ORIENTED_EDGE ( 'NONE', *, *, #2471, .F. ) ;
#8511 = VERTEX_POINT ( 'NONE', #2286 ) ;
#8512 = AXIS2_PLACEMENT_3D ( 'NONE', #10399, #5966, #9435 ) ;
#8513 = CARTESIAN_POINT ( 'NONE',  ( 50.48689872104515075, 75.48946397805705999, -8.504985928319609201 ) ) ;
#8514 = CIRCLE ( 'NONE', #1802, 1.149999999999998801 ) ;
#8515 = EDGE_CURVE ( 'NONE', #2694, #1928, #10471, .T. ) ;
#8516 = CARTESIAN_POINT ( 'NONE',  ( 5.680751744443683471, 124.8258398792882247, -15.09244537956796073 ) ) ;
#8517 = DIRECTION ( 'NONE',  ( -0.000000000000000000, -1.000000000000000000, -0.000000000000000000 ) ) ;
#8518 = DIRECTION ( 'NONE',  ( -0.000000000000000000, -1.000000000000000000, -0.000000000000000000 ) ) ;
#8519 = PLANE ( 'NONE',  #1189 ) ;
#8520 = ORIENTED_EDGE ( 'NONE', *, *, #1709, .T. ) ;
#8521 = EDGE_CURVE ( 'NONE', #4522, #9545, #3403, .T. ) ;
#8522 = ADVANCED_FACE ( 'NONE', ( #10436 ), #7083, .F. ) ;
#8523 = VECTOR ( 'NONE', #10216, 1000.000000000000000 ) ;
#8524 = ORIENTED_EDGE ( 'NONE', *, *, #2005, .F. ) ;
#8525 = ORIENTED_EDGE ( 'NONE', *, *, #2675, .T. ) ;
#8526 = LINE ( 'NONE', #9201, #5123 ) ;
#8527 = CARTESIAN_POINT ( 'NONE',  ( 4.166237169734801959, 119.8370416424499609, -20.03649027154900963 ) ) ;
#8528 = ADVANCED_FACE ( 'NONE', ( #7884 ), #2558, .F. ) ;
#8529 = EDGE_CURVE ( 'NONE', #5346, #990, #57, .T. ) ;
#8530 = EDGE_CURVE ( 'NONE', #10200, #2676, #1366, .T. ) ;
#8531 = DIRECTION ( 'NONE',  ( 0.8191520442889822506, 0.000000000000000000, -0.5735764363510597041 ) ) ;
#8532 = CARTESIAN_POINT ( 'NONE',  ( 32.54999999999999716, 97.82583987928822467, 10.19715292348722890 ) ) ;
#8533 = CARTESIAN_POINT ( 'NONE',  ( 0.000000000000000000, 2.628410600250725178E-15, -32.75769145387477721 ) ) ;
#8534 = DIRECTION ( 'NONE',  ( -0.000000000000000000, -1.000000000000000000, -0.000000000000000000 ) ) ;
#8535 = VERTEX_POINT ( 'NONE', #6404 ) ;
#8536 = VERTEX_POINT ( 'NONE', #496 ) ;
#8537 =( BOUNDED_CURVE ( )  B_SPLINE_CURVE ( 3, ( #9066, #1292, #10769, #8165 ),
 .UNSPECIFIED., .F., .T. ) 
 B_SPLINE_CURVE_WITH_KNOTS ( ( 4, 4 ),
 ( 1.570796326794896336, 3.141592653589793116 ),
 .UNSPECIFIED. ) 
 CURVE ( )  GEOMETRIC_REPRESENTATION_ITEM ( )  RATIONAL_B_SPLINE_CURVE ( ( 1.000000000000000000, 0.8047378541243649375, 0.8047378541243649375, 1.000000000000000000 ) ) 
 REPRESENTATION_ITEM ( '' )  );
#8538 = EDGE_LOOP ( 'NONE', ( #2710, #5690, #3837, #8850, #10120, #8574, #4165, #10552, #1274, #8819, #6530, #5833, #4027, #8067, #1023, #7229 ) ) ;
#8539 = FACE_OUTER_BOUND ( 'NONE', #3636, .T. ) ;
#8540 = DIRECTION ( 'NONE',  ( 0.8191520442889941300, -0.5735764363510428288, 0.000000000000000000 ) ) ;
#8541 = EDGE_LOOP ( 'NONE', ( #3583, #7659, #4643, #2939 ) ) ;
#8542 = LINE ( 'NONE', #4214, #5632 ) ;
#8543 = CARTESIAN_POINT ( 'NONE',  ( 33.54999999999999716, 92.00000000000000000, 33.89999999999999147 ) ) ;
#8544 = VERTEX_POINT ( 'NONE', #2847 ) ;
#8545 = CARTESIAN_POINT ( 'NONE',  ( -53.40689872104514535, 95.63999999999417412, -2.374168628343574561 ) ) ;
#8546 = AXIS2_PLACEMENT_3D ( 'NONE', #7683, #817, #8764 ) ;
#8547 = EDGE_LOOP ( 'NONE', ( #3853, #9473 ) ) ;
#8548 = CIRCLE ( 'NONE', #930, 2.499724320665662525 ) ;
#8549 = AXIS2_PLACEMENT_3D ( 'NONE', #5071, #762, #10119 ) ;
#8550 = ORIENTED_EDGE ( 'NONE', *, *, #7328, .F. ) ;
#8551 = ORIENTED_EDGE ( 'NONE', *, *, #2215, .F. ) ;
#8552 = DIRECTION ( 'NONE',  ( 1.593062912007103154E-16, 1.000000000000000000, 0.000000000000000000 ) ) ;
#8553 = EDGE_CURVE ( 'NONE', #8121, #2016, #1309, .T. ) ;
#8554 = DIRECTION ( 'NONE',  ( 0.000000000000000000, 0.000000000000000000, -1.000000000000000000 ) ) ;
#8555 = CARTESIAN_POINT ( 'NONE',  ( 4.166322077441870775, 119.8373023278301019, 36.89999999999999147 ) ) ;
#8556 = CARTESIAN_POINT ( 'NONE',  ( 51.69999999999999574, 109.8258398792883668, 36.89999999999998437 ) ) ;
#8557 = AXIS2_PLACEMENT_3D ( 'NONE', #4344, #9571, #9515 ) ;
#8558 = DIRECTION ( 'NONE',  ( 0.000000000000000000, -1.000000000000000000, 1.365923996832131116E-16 ) ) ;
#8559 = PLANE ( 'NONE',  #8732 ) ;
#8560 = AXIS2_PLACEMENT_3D ( 'NONE', #9786, #10809, #3032 ) ;
#8561 = CARTESIAN_POINT ( 'NONE',  ( -77.61249999996864801, 6.349999999999999645, -6.985329661611389795 ) ) ;
#8562 = DIRECTION ( 'NONE',  ( 1.527355698137925406E-16, 0.000000000000000000, 1.000000000000000000 ) ) ;
#8563 = FACE_OUTER_BOUND ( 'NONE', #2081, .T. ) ;
#8564 = VERTEX_POINT ( 'NONE', #1482 ) ;
#8565 = VERTEX_POINT ( 'NONE', #3493 ) ;
#8566 = EDGE_CURVE ( 'NONE', #1304, #1050, #8409, .T. ) ;
#8567 = ORIENTED_EDGE ( 'NONE', *, *, #8167, .F. ) ;
#8568 = AXIS2_PLACEMENT_3D ( 'NONE', #8978, #1208, #4597 ) ;
#8569 = DIRECTION ( 'NONE',  ( -0.000000000000000000, -1.000000000000000000, -0.000000000000000000 ) ) ;
#8570 = DIRECTION ( 'NONE',  ( 0.000000000000000000, 0.000000000000000000, -1.000000000000000000 ) ) ;
#8571 = CARTESIAN_POINT ( 'NONE',  ( 69.20000000001763851, 18.85000000000027853, -24.58269145387476584 ) ) ;
#8572 = CARTESIAN_POINT ( 'NONE',  ( -33.55000000000002558, 92.50000000000000000, 10.19715292348722890 ) ) ;
#8573 = VERTEX_POINT ( 'NONE', #6565 ) ;
#8574 = ORIENTED_EDGE ( 'NONE', *, *, #2185, .T. ) ;
#8575 = ORIENTED_EDGE ( 'NONE', *, *, #5526, .T. ) ;
#8576 = ADVANCED_FACE ( 'NONE', ( #832 ), #4875, .F. ) ;
#8577 = DIRECTION ( 'NONE',  ( 0.000000000000000000, 0.000000000000000000, 1.000000000000000000 ) ) ;
#8578 = AXIS2_PLACEMENT_3D ( 'NONE', #54, #5273, #3398 ) ;
#8579 = CARTESIAN_POINT ( 'NONE',  ( -50.48689872104515075, 97.40000406513270548, -24.18005742219565946 ) ) ;
#8580 = ADVANCED_FACE ( 'NONE', ( #4284 ), #2586, .F. ) ;
#8581 = CARTESIAN_POINT ( 'NONE',  ( -77.61249999996866222, 61.63999999999999346, 10.39999999999999680 ) ) ;
#8582 = CARTESIAN_POINT ( 'NONE',  ( -1.667297232263681206, 119.8727384756515448, 36.89999999999999147 ) ) ;
#8583 = DIRECTION ( 'NONE',  ( 0.000000000000000000, -0.000000000000000000, 1.000000000000000000 ) ) ;
#8584 = DIRECTION ( 'NONE',  ( 1.000000000000000000, 0.000000000000000000, 1.335278419062900361E-16 ) ) ;
#8585 = CARTESIAN_POINT ( 'NONE',  ( 77.61250000000001137, 66.63999999999998636, 5.399999999999991473 ) ) ;
#8586 = VERTEX_POINT ( 'NONE', #3607 ) ;
#8587 = AXIS2_PLACEMENT_3D ( 'NONE', #5395, #6926, #9665 ) ;
#8588 = ORIENTED_EDGE ( 'NONE', *, *, #7515, .F. ) ;
#8589 = EDGE_CURVE ( 'NONE', #10605, #10967, #198, .T. ) ;
#8590 = VERTEX_POINT ( 'NONE', #11186 ) ;
#8591 = EDGE_CURVE ( 'NONE', #5021, #5171, #6923, .T. ) ;
#8592 = DIRECTION ( 'NONE',  ( 0.000000000000000000, 0.5283341024775853878, -0.8490365576105686207 ) ) ;
#8593 = CARTESIAN_POINT ( 'NONE',  ( 80.04999999999999716, -27.00000000000000355, 25.39999999999999858 ) ) ;
#8594 = AXIS2_PLACEMENT_3D ( 'NONE', #6855, #10324, #6065 ) ;
#8595 = VECTOR ( 'NONE', #6271, 1000.000000000000000 ) ;
#8596 = CARTESIAN_POINT ( 'NONE',  ( 46.58189872104514251, 60.51489584382510856, -12.12508953659851763 ) ) ;
#8597 = ORIENTED_EDGE ( 'NONE', *, *, #8469, .T. ) ;
#8598 = DIRECTION ( 'NONE',  ( 0.000000000000000000, 0.000000000000000000, -1.000000000000000000 ) ) ;
#8599 = CARTESIAN_POINT ( 'NONE',  ( -11.25499999999998302, 6.349999999999999645, 2.042308546125241708 ) ) ;
#8600 = ORIENTED_EDGE ( 'NONE', *, *, #9884, .T. ) ;
#8601 = CARTESIAN_POINT ( 'NONE',  ( 96.69213562373100501, 109.8258398792882247, 46.90000000000009095 ) ) ;
#8602 = ORIENTED_EDGE ( 'NONE', *, *, #5108, .F. ) ;
#8603 = VECTOR ( 'NONE', #5723, 1000.000000000000000 ) ;
#8604 = ORIENTED_EDGE ( 'NONE', *, *, #2904, .T. ) ;
#8605 = ORIENTED_EDGE ( 'NONE', *, *, #1782, .F. ) ;
#8606 = PLANE ( 'NONE',  #2583 ) ;
#8607 = CARTESIAN_POINT ( 'NONE',  ( 1.718329437453149922, 124.2291253821537396, -20.03649027154325069 ) ) ;
#8608 = DIRECTION ( 'NONE',  ( 0.000000000000000000, 0.000000000000000000, 1.000000000000000000 ) ) ;
#8609 = DIRECTION ( 'NONE',  ( 0.000000000000000000, 0.000000000000000000, 1.000000000000000000 ) ) ;
#8610 = CARTESIAN_POINT ( 'NONE',  ( -37.40689872104517377, 103.4999999999999858, -29.66122071973760299 ) ) ;
#8611 = VERTEX_POINT ( 'NONE', #6865 ) ;
#8612 = VECTOR ( 'NONE', #1071, 1000.000000000000000 ) ;
#8613 = FACE_OUTER_BOUND ( 'NONE', #8625, .T. ) ;
#8614 = FACE_OUTER_BOUND ( 'NONE', #8848, .T. ) ;
#8615 = CARTESIAN_POINT ( 'NONE',  ( 11.25500000000000433, -27.00000000000000355, 7.542308546125213731 ) ) ;
#8616 = ORIENTED_EDGE ( 'NONE', *, *, #678, .F. ) ;
#8617 = ORIENTED_EDGE ( 'NONE', *, *, #9134, .F. ) ;
#8618 = ORIENTED_EDGE ( 'NONE', *, *, #125, .F. ) ;
#8619 = VECTOR ( 'NONE', #7447, 1000.000000000000000 ) ;
#8620 = LINE ( 'NONE', #10366, #3770 ) ;
#8621 = LINE ( 'NONE', #5992, #1361 ) ;
#8622 = ADVANCED_FACE ( 'NONE', ( #10223 ), #10446, .F. ) ;
#8623 = CARTESIAN_POINT ( 'NONE',  ( -16.75499999999995637, -27.00000000000000355, 13.89999999999999680 ) ) ;
#8624 = CYLINDRICAL_SURFACE ( 'NONE', #6074, 1.150000000000001688 ) ;
#8625 = EDGE_LOOP ( 'NONE', ( #8740, #10614, #1750, #6280 ) ) ;
#8626 = VECTOR ( 'NONE', #2277, 1000.000000000000000 ) ;
#8627 = DIRECTION ( 'NONE',  ( 2.244742081187875711E-15, 1.000000000000000000, 0.000000000000000000 ) ) ;
#8628 = EDGE_LOOP ( 'NONE', ( #2458, #2065, #6807, #10637 ) ) ;
#8629 = VERTEX_POINT ( 'NONE', #7841 ) ;
#8630 = DIRECTION ( 'NONE',  ( 0.000000000000000000, 0.7071063548969729329, -0.7071072074758651960 ) ) ;
#8631 = LINE ( 'NONE', #6059, #3254 ) ;
#8632 = VECTOR ( 'NONE', #10467, 1000.000000000000000 ) ;
#8633 = CARTESIAN_POINT ( 'NONE',  ( -5.042792600556147420, 124.8258398792882247, -15.23534267996138425 ) ) ;
#8634 = CARTESIAN_POINT ( 'NONE',  ( 72.76808532237741645, 8.274999999999998579, 18.26344096711973819 ) ) ;
#8635 = CARTESIAN_POINT ( 'NONE',  ( -82.54999999999999716, -24.50000000000000000, 25.39999999999999858 ) ) ;
#8636 = LINE ( 'NONE', #742, #8523 ) ;
#8637 = EDGE_CURVE ( 'NONE', #9607, #923, #1770, .T. ) ;
#8638 = DIRECTION ( 'NONE',  ( 0.000000000000000000, 0.000000000000000000, -1.000000000000000000 ) ) ;
#8639 = DIRECTION ( 'NONE',  ( 1.000000000000000000, 0.000000000000000000, 8.863495325085417182E-17 ) ) ;
#8640 = ORIENTED_EDGE ( 'NONE', *, *, #8392, .F. ) ;
#8641 = EDGE_CURVE ( 'NONE', #8535, #10967, #5935, .T. ) ;
#8642 = ORIENTED_EDGE ( 'NONE', *, *, #2126, .T. ) ;
#8643 = VERTEX_POINT ( 'NONE', #70 ) ;
#8644 = ORIENTED_EDGE ( 'NONE', *, *, #1926, .T. ) ;
#8645 = CARTESIAN_POINT ( 'NONE',  ( 4.999570503068137661, 119.8258398792882105, 4.963509728450993919 ) ) ;
#8646 = DIRECTION ( 'NONE',  ( 0.000000000000000000, 1.000000000000000000, 0.000000000000000000 ) ) ;
#8647 = ADVANCED_FACE ( 'NONE', ( #753 ), #3533, .F. ) ;
#8648 = DIRECTION ( 'NONE',  ( -0.000000000000000000, -1.000000000000000000, -0.000000000000000000 ) ) ;
#8649 = ORIENTED_EDGE ( 'NONE', *, *, #6134, .T. ) ;
#8650 = DIRECTION ( 'NONE',  ( 0.000000000000000000, 0.000000000000000000, 1.000000000000000000 ) ) ;
#8651 = FACE_OUTER_BOUND ( 'NONE', #3186, .T. ) ;
#8652 = ORIENTED_EDGE ( 'NONE', *, *, #11081, .F. ) ;
#8653 = DIRECTION ( 'NONE',  ( -1.000000000000000000, 0.000000000000000000, 0.000000000000000000 ) ) ;
#8654 = EDGE_CURVE ( 'NONE', #7046, #5378, #6018, .T. ) ;
#8655 = EDGE_CURVE ( 'NONE', #7326, #5258, #9495, .T. ) ;
#8656 = VERTEX_POINT ( 'NONE', #584 ) ;
#8657 = ORIENTED_EDGE ( 'NONE', *, *, #8422, .F. ) ;
#8658 = ORIENTED_EDGE ( 'NONE', *, *, #1720, .F. ) ;
#8659 = DIRECTION ( 'NONE',  ( -0.000000000000000000, 7.709882115452476934E-17, -1.000000000000000000 ) ) ;
#8660 = CARTESIAN_POINT ( 'NONE',  ( 11.25500000000000433, -27.00000000000000355, 13.89999999999999680 ) ) ;
#8661 = ADVANCED_FACE ( 'NONE', ( #10557 ), #7755, .F. ) ;
#8662 = DIRECTION ( 'NONE',  ( 0.000000000000000000, 1.000000000000000000, -0.000000000000000000 ) ) ;
#8663 = LINE ( 'NONE', #7984, #371 ) ;
#8664 = ORIENTED_EDGE ( 'NONE', *, *, #4675, .T. ) ;
#8665 = FACE_OUTER_BOUND ( 'NONE', #4996, .T. ) ;
#8666 = DIRECTION ( 'NONE',  ( -1.527355698137925406E-16, 0.000000000000000000, -1.000000000000000000 ) ) ;
#8667 = LINE ( 'NONE', #10468, #6143 ) ;
#8668 = ORIENTED_EDGE ( 'NONE', *, *, #4972, .T. ) ;
#8669 = VECTOR ( 'NONE', #9385, 1000.000000000000000 ) ;
#8670 = ORIENTED_EDGE ( 'NONE', *, *, #2612, .T. ) ;
#8671 = AXIS2_PLACEMENT_3D ( 'NONE', #9414, #5479, #7064 ) ;
#8672 = LINE ( 'NONE', #6953, #4233 ) ;
#8673 = DIRECTION ( 'NONE',  ( 1.000000000000000000, -0.000000000000000000, -0.000000000000000000 ) ) ;
#8674 = VECTOR ( 'NONE', #2657, 1000.000000000000000 ) ;
#8675 = VECTOR ( 'NONE', #3908, 1000.000000000000114 ) ;
#8676 = DIRECTION ( 'NONE',  ( 1.000000000000000000, 0.000000000000000000, 1.335278419062900115E-16 ) ) ;
#8677 = CARTESIAN_POINT ( 'NONE',  ( 0.000000000000000000, 4.249377385370907589, 16.39999999999999858 ) ) ;
#8678 = CIRCLE ( 'NONE', #1066, 5.000000000000000000 ) ;
#8679 = LINE ( 'NONE', #9587, #10526 ) ;
#8680 = CARTESIAN_POINT ( 'NONE',  ( 79.61249999999999716, 8.274999999999998579, -5.564823903641046954 ) ) ;
#8681 = VERTEX_POINT ( 'NONE', #4379 ) ;
#8682 = LINE ( 'NONE', #909, #10211 ) ;
#8683 = ORIENTED_EDGE ( 'NONE', *, *, #5451, .F. ) ;
#8684 = ORIENTED_EDGE ( 'NONE', *, *, #1391, .T. ) ;
#8685 = PLANE ( 'NONE',  #7490 ) ;
#8686 = VECTOR ( 'NONE', #10687, 1000.000000000000000 ) ;
#8687 = VECTOR ( 'NONE', #6800, 1000.000000000000000 ) ;
#8688 = DIRECTION ( 'NONE',  ( -0.000000000000000000, 0.000000000000000000, 1.000000000000000000 ) ) ;
#8689 = PLANE ( 'NONE',  #8594 ) ;
#8690 = LINE ( 'NONE', #1880, #10136 ) ;
#8691 = AXIS2_PLACEMENT_3D ( 'NONE', #837, #1062, #9517 ) ;
#8692 = PLANE ( 'NONE',  #7891 ) ;
#8693 = CIRCLE ( 'NONE', #3791, 20.00000000000000000 ) ;
#8694 = ORIENTED_EDGE ( 'NONE', *, *, #10350, .F. ) ;
#8695 = EDGE_LOOP ( 'NONE', ( #3743, #4882, #7847, #3146 ) ) ;
#8696 = ORIENTED_EDGE ( 'NONE', *, *, #10289, .F. ) ;
#8698 = ADVANCED_FACE ( 'NONE', ( #4434 ), #71, .T. ) ;
#8697 = DIRECTION ( 'NONE',  ( -0.000000000000000000, -1.000000000000000000, 0.000000000000000000 ) ) ;
#8699 = VECTOR ( 'NONE', #1323, 1000.000000000000000 ) ;
#8700 = CARTESIAN_POINT ( 'NONE',  ( 69.19999999999558327, -4.758722840904693996, -3.738845726937403580 ) ) ;
#8701 = CARTESIAN_POINT ( 'NONE',  ( -77.61249999996864801, 6.349999999999999645, 24.62763407003638960 ) ) ;
#8702 = DIRECTION ( 'NONE',  ( -0.000000000000000000, -1.000000000000000000, -0.000000000000000000 ) ) ;
#8703 = ORIENTED_EDGE ( 'NONE', *, *, #10272, .F. ) ;
#8704 = CARTESIAN_POINT ( 'NONE',  ( -80.04999999999999716, -24.50000000000000355, 25.39999999999999858 ) ) ;
#8705 = DIRECTION ( 'NONE',  ( -0.000000000000000000, -1.000000000000000000, -0.000000000000000000 ) ) ;
#8706 = ORIENTED_EDGE ( 'NONE', *, *, #10500, .T. ) ;
#8707 = LINE ( 'NONE', #6990, #8853 ) ;
#8708 = ORIENTED_EDGE ( 'NONE', *, *, #9908, .T. ) ;
#8709 = EDGE_CURVE ( 'NONE', #11183, #3886, #3920, .T. ) ;
#8710 = ORIENTED_EDGE ( 'NONE', *, *, #6426, .F. ) ;
#8711 = EDGE_CURVE ( 'NONE', #10805, #3741, #1205, .T. ) ;
#8712 = EDGE_LOOP ( 'NONE', ( #3476, #4246, #3513, #2690 ) ) ;
#8713 = AXIS2_PLACEMENT_3D ( 'NONE', #8830, #4341, #10518 ) ;
#8714 = DIRECTION ( 'NONE',  ( 0.9999999999984094945, 0.000000000000000000, -1.783514045278184224E-06 ) ) ;
#8715 = ADVANCED_FACE ( 'NONE', ( #3862 ), #1321, .F. ) ;
#8716 = EDGE_CURVE ( 'NONE', #8245, #9622, #4198, .T. ) ;
#8717 = CARTESIAN_POINT ( 'NONE',  ( 77.61250000000001137, 61.63999999999999346, 10.39999999999999680 ) ) ;
#8718 = DIRECTION ( 'NONE',  ( -0.000000000000000000, -1.000000000000000000, -0.000000000000000000 ) ) ;
#8719 = CARTESIAN_POINT ( 'NONE',  ( -35.61042949676936331, 96.12583987928823603, 18.79369299900851686 ) ) ;
#8720 = ORIENTED_EDGE ( 'NONE', *, *, #9891, .T. ) ;
#8721 = CARTESIAN_POINT ( 'NONE',  ( -11.25499999999998302, 6.350000000000001421, 16.39999999999999858 ) ) ;
#8722 = DIRECTION ( 'NONE',  ( 0.000000000000000000, -1.000000000000000000, -0.000000000000000000 ) ) ;
#8723 = LINE ( 'NONE', #7000, #9771 ) ;
#8724 = AXIS2_PLACEMENT_3D ( 'NONE', #7707, #10204, #9359 ) ;
#8725 = VECTOR ( 'NONE', #1278, 1000.000000000000000 ) ;
#8726 = VERTEX_POINT ( 'NONE', #5735 ) ;
#8727 = ORIENTED_EDGE ( 'NONE', *, *, #1844, .T. ) ;
#8728 = ORIENTED_EDGE ( 'NONE', *, *, #2413, .T. ) ;
#8729 = ADVANCED_FACE ( 'NONE', ( #7500 ), #1138, .T. ) ;
#8730 = EDGE_CURVE ( 'NONE', #7178, #5715, #8895, .T. ) ;
#8731 = LINE ( 'NONE', #959, #7321 ) ;
#8732 = AXIS2_PLACEMENT_3D ( 'NONE', #9396, #10938, #4067 ) ;
#8733 = EDGE_CURVE ( 'NONE', #5715, #9214, #4856, .T. ) ;
#8735 = DIRECTION ( 'NONE',  ( 0.000000000000000000, 0.000000000000000000, 1.000000000000000000 ) ) ;
#8734 = AXIS2_PLACEMENT_3D ( 'NONE', #7174, #10623, #2871 ) ;
#8736 = LINE ( 'NONE', #6048, #3888 ) ;
#8737 = DIRECTION ( 'NONE',  ( 0.000000000000000000, 0.000000000000000000, -1.000000000000000000 ) ) ;
#8738 = CARTESIAN_POINT ( 'NONE',  ( -0.0004294969318460739593, 99.82583987928822467, 8.433509728450992782 ) ) ;
#8739 = FACE_OUTER_BOUND ( 'NONE', #10106, .T. ) ;
#8740 = ORIENTED_EDGE ( 'NONE', *, *, #8219, .F. ) ;
#8741 = CARTESIAN_POINT ( 'NONE',  ( -82.55000000000002558, 90.00000000000000000, 25.39999999999999147 ) ) ;
#8742 = ORIENTED_EDGE ( 'NONE', *, *, #2173, .F. ) ;
#8743 = ORIENTED_EDGE ( 'NONE', *, *, #662, .T. ) ;
#8744 = DIRECTION ( 'NONE',  ( -1.000000000000000000, 0.000000000000000000, 1.335278419062900361E-16 ) ) ;
#8745 = EDGE_CURVE ( 'NONE', #10042, #1243, #4659, .T. ) ;
#8746 = AXIS2_PLACEMENT_3D ( 'NONE', #2860, #1949, #6244 ) ;
#8747 = PRODUCT_DEFINITION_SHAPE ( 'NONE', 'NONE',  #7925 ) ;
#8748 = VERTEX_POINT ( 'NONE', #7655 ) ;
#8749 = LINE ( 'NONE', #8634, #9034 ) ;
#8750 = DIRECTION ( 'NONE',  ( 1.000000000000000000, 0.000000000000000000, 0.000000000000000000 ) ) ;
#8751 = LINE ( 'NONE', #976, #8883 ) ;
#8752 = CARTESIAN_POINT ( 'NONE',  ( 8.384416722923340615, 90.00000000000000000, -3.694314324706627684 ) ) ;
#8753 = DIRECTION ( 'NONE',  ( -1.000000000000000000, 0.000000000000000000, 0.000000000000000000 ) ) ;
#8754 = ORIENTED_EDGE ( 'NONE', *, *, #9215, .F. ) ;
#8755 = ORIENTED_EDGE ( 'NONE', *, *, #1844, .F. ) ;
#8756 = EDGE_LOOP ( 'NONE', ( #2283, #429, #5919, #10802 ) ) ;
#8757 = EDGE_CURVE ( 'NONE', #5434, #10627, #7988, .T. ) ;
#8758 = CARTESIAN_POINT ( 'NONE',  ( -77.61249999996864801, 18.84999999999999787, -24.58269145387476584 ) ) ;
#8759 = LINE ( 'NONE', #5070, #10485 ) ;
#8760 = DIRECTION ( 'NONE',  ( -0.000000000000000000, 1.000000000000000000, -0.000000000000000000 ) ) ;
#8761 = CARTESIAN_POINT ( 'NONE',  ( 79.37500000000002842, 10.00000000000000000, 21.38115427306259875 ) ) ;
#8762 = AXIS2_PLACEMENT_3D ( 'NONE', #4228, #2532, #1528 ) ;
#8763 = EDGE_CURVE ( 'NONE', #865, #10958, #1911, .T. ) ;
#8764 = DIRECTION ( 'NONE',  ( 0.000000000000000000, 0.000000000000000000, 1.000000000000000000 ) ) ;
#8765 = VERTEX_POINT ( 'NONE', #1967 ) ;
#8766 = DIRECTION ( 'NONE',  ( 0.000000000000000000, 0.000000000000000000, -1.000000000000000000 ) ) ;
#8767 = VERTEX_POINT ( 'NONE', #7181 ) ;
#8768 = ORIENTED_EDGE ( 'NONE', *, *, #3506, .T. ) ;
#8769 = AXIS2_PLACEMENT_3D ( 'NONE', #3457, #5211, #966 ) ;
#8770 = VERTEX_POINT ( 'NONE', #10524 ) ;
#8771 = VECTOR ( 'NONE', #4391, 1000.000000000000000 ) ;
#8772 = PLANE ( 'NONE',  #10373 ) ;
#8773 = DIRECTION ( 'NONE',  ( -0.000000000000000000, -1.000000000000000000, -0.000000000000000000 ) ) ;
#8774 = ORIENTED_EDGE ( 'NONE', *, *, #1511, .T. ) ;
#8775 = ADVANCED_FACE ( 'NONE', ( #6322 ), #10631, .F. ) ;
#8776 = DIRECTION ( 'NONE',  ( 9.631830049960361025E-17, -0.6925863668092024916, 0.7213349599943349455 ) ) ;
#8777 = DIRECTION ( 'NONE',  ( 0.000000000000000000, 1.000000000000000000, 0.000000000000000000 ) ) ;
#8778 = DIRECTION ( 'NONE',  ( -0.000000000000000000, -1.000000000000000000, -0.000000000000000000 ) ) ;
#8779 = LINE ( 'NONE', #7862, #9051 ) ;
#8780 = VECTOR ( 'NONE', #9021, 1000.000000000000000 ) ;
#8781 = ORIENTED_EDGE ( 'NONE', *, *, #6356, .F. ) ;
#8782 = ORIENTED_EDGE ( 'NONE', *, *, #3710, .T. ) ;
#8783 = EDGE_CURVE ( 'NONE', #8143, #1424, #2880, .T. ) ;
#8784 = ORIENTED_EDGE ( 'NONE', *, *, #2056, .F. ) ;
#8785 = DIRECTION ( 'NONE',  ( 0.000000000000000000, -0.000000000000000000, -1.000000000000000000 ) ) ;
#8786 = VECTOR ( 'NONE', #6103, 1000.000000000000000 ) ;
#8787 = CARTESIAN_POINT ( 'NONE',  ( 50.48689872104515075, 78.54000537782802382, -2.374168628343575449 ) ) ;
#8788 = DIRECTION ( 'NONE',  ( 0.000000000000000000, 0.000000000000000000, -1.000000000000000000 ) ) ;
#8789 = CARTESIAN_POINT ( 'NONE',  ( -8.300429496984964572, 96.12583987928823603, 17.53350972839287181 ) ) ;
#8790 = EDGE_CURVE ( 'NONE', #8823, #6666, #4245, .T. ) ;
#8791 = DIRECTION ( 'NONE',  ( 0.000000000000000000, -1.000000000000000000, 0.000000000000000000 ) ) ;
#8792 = DIRECTION ( 'NONE',  ( 0.000000000000000000, -0.000000000000000000, -1.000000000000000000 ) ) ;
#8793 = ADVANCED_FACE ( 'NONE', ( #2548 ), #5995, .F. ) ;
#8794 = ORIENTED_EDGE ( 'NONE', *, *, #8996, .T. ) ;
#8795 = CARTESIAN_POINT ( 'NONE',  ( -29.00040951398291256, 99.82583987928822467, 18.68351409631356930 ) ) ;
#8796 = ORIENTED_EDGE ( 'NONE', *, *, #5732, .F. ) ;
#8797 = ORIENTED_EDGE ( 'NONE', *, *, #7227, .T. ) ;
#8798 = VECTOR ( 'NONE', #3049, 1000.000000000000000 ) ;
#8799 = EDGE_CURVE ( 'NONE', #5606, #3412, #144, .T. ) ;
#8800 = ORIENTED_EDGE ( 'NONE', *, *, #109, .F. ) ;
#8801 = CARTESIAN_POINT ( 'NONE',  ( -82.55000000000002558, 99.82583987928822467, 0.000000000000000000 ) ) ;
#8802 = CARTESIAN_POINT ( 'NONE',  ( -4.238959508018475653, 124.8258398792646631, -15.40658961121715009 ) ) ;
#8803 = CARTESIAN_POINT ( 'NONE',  ( -67.12500000000000000, 104.8258398792882247, 42.90000000000005542 ) ) ;
#8804 = FACE_OUTER_BOUND ( 'NONE', #9505, .T. ) ;
#8805 = AXIS2_PLACEMENT_3D ( 'NONE', #6460, #6349, #10838 ) ;
#8806 = DIRECTION ( 'NONE',  ( -1.000000000000000000, 0.000000000000000000, 0.000000000000000000 ) ) ;
#8807 = CARTESIAN_POINT ( 'NONE',  ( -30.00042949693185079, 110.8258398792882247, -21.03649027154900253 ) ) ;
#8808 = EDGE_CURVE ( 'NONE', #864, #10363, #6114, .T. ) ;
#8809 = EDGE_CURVE ( 'NONE', #6425, #6001, #8104, .T. ) ;
#8810 = LINE ( 'NONE', #2734, #9398 ) ;
#8811 = VERTEX_POINT ( 'NONE', #2084 ) ;
#8812 = EDGE_LOOP ( 'NONE', ( #3170, #9807, #8203, #4134 ) ) ;
#8813 = PLANE ( 'NONE',  #2171 ) ;
#8814 = VECTOR ( 'NONE', #3219, 1000.000000000000000 ) ;
#8815 = DIRECTION ( 'NONE',  ( -1.593062912007103154E-16, 1.000000000000000000, -3.027827436209276608E-64 ) ) ;
#8816 = LINE ( 'NONE', #9718, #4508 ) ;
#8817 = CARTESIAN_POINT ( 'NONE',  ( -50.48689872104515075, 96.40000537621601495, 3.358535111626435476 ) ) ;
#8818 = CARTESIAN_POINT ( 'NONE',  ( -77.61249999996866222, 53.93999999999999062, 5.399999999999995026 ) ) ;
#8819 = ORIENTED_EDGE ( 'NONE', *, *, #6141, .F. ) ;
#8820 = AXIS2_PLACEMENT_3D ( 'NONE', #5255, #7699, #11214 ) ;
#8821 = CARTESIAN_POINT ( 'NONE',  ( -6.246895457860702550, 119.8258398792882105, -20.00539738836623016 ) ) ;
#8822 = DIRECTION ( 'NONE',  ( 0.000000000000000000, 1.000000000000000000, 0.000000000000000000 ) ) ;
#8823 = VERTEX_POINT ( 'NONE', #7298 ) ;
#8824 = ORIENTED_EDGE ( 'NONE', *, *, #2689, .T. ) ;
#8825 = ORIENTED_EDGE ( 'NONE', *, *, #3860, .T. ) ;
#8826 = ORIENTED_EDGE ( 'NONE', *, *, #8469, .F. ) ;
#8827 = CARTESIAN_POINT ( 'NONE',  ( 33.54999999999999716, 97.82583987928822467, 22.30467496797187010 ) ) ;
#8828 = CARTESIAN_POINT ( 'NONE',  ( -50.02648654977334530, 8.274999999999998579, 24.62763407003638960 ) ) ;
#8829 = CARTESIAN_POINT ( 'NONE',  ( 46.58189872104514251, 95.10731456396575823, 3.358535111626434144 ) ) ;
#8830 = CARTESIAN_POINT ( 'NONE',  ( 50.48689872104515075, 95.28999999999417980, 0.5200140716803901553 ) ) ;
#8831 = ORIENTED_EDGE ( 'NONE', *, *, #2966, .T. ) ;
#8832 = DIRECTION ( 'NONE',  ( 1.593062912007103154E-16, -1.000000000000000000, 3.027827436209276608E-64 ) ) ;
#8833 = DIRECTION ( 'NONE',  ( 0.000000000000000000, -7.709882115452476934E-17, 1.000000000000000000 ) ) ;
#8834 = CARTESIAN_POINT ( 'NONE',  ( -53.40689872104514535, 95.63999999999417412, -7.959769997217391868 ) ) ;
#8835 = VERTEX_POINT ( 'NONE', #10757 ) ;
#8836 = ORIENTED_EDGE ( 'NONE', *, *, #10367, .F. ) ;
#8837 = ORIENTED_EDGE ( 'NONE', *, *, #2425, .F. ) ;
#8838 = EDGE_CURVE ( 'NONE', #8643, #8271, #5583, .T. ) ;
#8839 = CARTESIAN_POINT ( 'NONE',  ( 0.000000000000000000, 69.46500000000000341, 0.000000000000000000 ) ) ;
#8840 = DIRECTION ( 'NONE',  ( 1.000000000000000000, -0.000000000000000000, 1.335278419062900115E-16 ) ) ;
#8841 = CARTESIAN_POINT ( 'NONE',  ( 82.54999999999999716, 90.00000000000000000, -40.25769145387477010 ) ) ;
#8842 = DIRECTION ( 'NONE',  ( 0.000000000000000000, 1.000000000000000000, 0.000000000000000000 ) ) ;
#8843 = DIRECTION ( 'NONE',  ( -1.000000000000000000, 0.000000000000000000, 0.000000000000000000 ) ) ;
#8844 = DIRECTION ( 'NONE',  ( 1.335278396332448753E-16, 0.0001845156108989499206, -0.9999999829769945503 ) ) ;
#8845 = AXIS2_PLACEMENT_3D ( 'NONE', #9620, #3423, #2578 ) ;
#8846 = DIRECTION ( 'NONE',  ( 0.000000000000000000, 0.000000000000000000, 1.000000000000000000 ) ) ;
#8847 = AXIS2_PLACEMENT_3D ( 'NONE', #7125, #4562, #2765 ) ;
#8848 = EDGE_LOOP ( 'NONE', ( #10093, #8864, #2973, #11232 ) ) ;
#8849 = EDGE_CURVE ( 'NONE', #8143, #8933, #1421, .T. ) ;
#8850 = ORIENTED_EDGE ( 'NONE', *, *, #8553, .T. ) ;
#8851 = AXIS2_PLACEMENT_3D ( 'NONE', #9392, #5081, #5193 ) ;
#8852 = CARTESIAN_POINT ( 'NONE',  ( 30.99957050306813855, 110.8258398792882247, -20.03649027154900608 ) ) ;
#8853 = VECTOR ( 'NONE', #2520, 1000.000000000000000 ) ;
#8854 = VECTOR ( 'NONE', #2372, 1000.000000000000227 ) ;
#8855 = CARTESIAN_POINT ( 'NONE',  ( 50.48689872104515075, 74.78999999999417980, 1.670014071680389733 ) ) ;
#8856 = CARTESIAN_POINT ( 'NONE',  ( 33.54999999999999716, 93.00000000000000000, 33.89999999999999147 ) ) ;
#8857 = EDGE_CURVE ( 'NONE', #10200, #2248, #3184, .T. ) ;
#8858 = EDGE_CURVE ( 'NONE', #1577, #3082, #5783, .T. ) ;
#8859 = CARTESIAN_POINT ( 'NONE',  ( -43.40689872104513825, 97.50000000000000000, -29.66122071973760299 ) ) ;
#8860 = DIRECTION ( 'NONE',  ( 1.000000000000000000, 0.000000000000000000, 1.066750355020279212E-16 ) ) ;
#8861 = ORIENTED_EDGE ( 'NONE', *, *, #11187, .F. ) ;
#8862 = LINE ( 'NONE', #4533, #9604 ) ;
#8863 = AXIS2_PLACEMENT_3D ( 'NONE', #7916, #139, #11209 ) ;
#8864 = ORIENTED_EDGE ( 'NONE', *, *, #2126, .F. ) ;
#8865 = AXIS2_PLACEMENT_3D ( 'NONE', #8033, #247, #9421 ) ;
#8866 = EDGE_LOOP ( 'NONE', ( #8471, #6350, #7407, #1715 ) ) ;
#8867 = CARTESIAN_POINT ( 'NONE',  ( 69.20000000000936780, 9.999999999966901143, -3.738845726937403580 ) ) ;
#8868 = EDGE_CURVE ( 'NONE', #9459, #8101, #4084, .T. ) ;
#8869 = ADVANCED_FACE ( 'NONE', ( #10151 ), #1037, .F. ) ;
#8870 = VECTOR ( 'NONE', #5830, 1000.000000000000000 ) ;
#8871 = VECTOR ( 'NONE', #7598, 1000.000000000000000 ) ;
#8872 = DIRECTION ( 'NONE',  ( -1.228232725407420948E-32, 0.000000000000000000, -1.000000000000000000 ) ) ;
#8873 = CARTESIAN_POINT ( 'NONE',  ( 2.629020911857209811E-15, 90.00000000000000000, -29.66122071973760654 ) ) ;
#8874 = CARTESIAN_POINT ( 'NONE',  ( -23.90689872104513469, 90.00000000000000000, 21.29350972844788004 ) ) ;
#8875 = VECTOR ( 'NONE', #1821, 1000.000000000000000 ) ;
#8876 = EDGE_CURVE ( 'NONE', #1624, #2954, #7957, .T. ) ;
#8877 = CARTESIAN_POINT ( 'NONE',  ( -43.40689872104514535, 74.43999999999417128, -7.959769997217390092 ) ) ;
#8878 = EDGE_LOOP ( 'NONE', ( #7290, #6493, #6815, #2266, #9402, #7384, #8696, #5572, #8754, #1985, #1882, #518, #1589, #6909, #359, #5283, #10790 ) ) ;
#8879 = DIRECTION ( 'NONE',  ( -0.000000000000000000, -0.000000000000000000, 1.000000000000000000 ) ) ;
#8880 = DIRECTION ( 'NONE',  ( 0.000000000000000000, 0.000000000000000000, 1.000000000000000000 ) ) ;
#8881 = VERTEX_POINT ( 'NONE', #8285 ) ;
#8882 = DIRECTION ( 'NONE',  ( -1.000000000000000000, 0.000000000000000000, 1.335278419062900361E-16 ) ) ;
#8883 = VECTOR ( 'NONE', #4425, 1000.000000000000000 ) ;
#8884 = AXIS2_PLACEMENT_3D ( 'NONE', #432, #1976, #1235 ) ;
#8885 = ORIENTED_EDGE ( 'NONE', *, *, #1524, .F. ) ;
#8886 = VERTEX_POINT ( 'NONE', #3958 ) ;
#8887 = ORIENTED_EDGE ( 'NONE', *, *, #683, .F. ) ;
#8888 = DIRECTION ( 'NONE',  ( 0.000000000000000000, 0.000000000000000000, 1.000000000000000000 ) ) ;
#8889 = CYLINDRICAL_SURFACE ( 'NONE', #7410, 1.150000000000003020 ) ;
#8890 = CARTESIAN_POINT ( 'NONE',  ( -51.69999999999999574, 99.82583987928822467, 63.21800789427800282 ) ) ;
#8891 = CARTESIAN_POINT ( 'NONE',  ( -1.216416450873793024E-15, 109.8258398792882247, -21.03649027154900608 ) ) ;
#8892 = VERTEX_POINT ( 'NONE', #2540 ) ;
#8893 = LINE ( 'NONE', #7354, #9641 ) ;
#8894 = CYLINDRICAL_SURFACE ( 'NONE', #7906, 2.500000000000002220 ) ;
#8895 = LINE ( 'NONE', #3393, #9578 ) ;
#8896 = CARTESIAN_POINT ( 'NONE',  ( 50.48689872104515075, 91.54000537782400215, -2.374168628343573673 ) ) ;
#8897 = EDGE_LOOP ( 'NONE', ( #188, #4913, #2951, #7991 ) ) ;
#8898 = ORIENTED_EDGE ( 'NONE', *, *, #1303, .F. ) ;
#8899 = VERTEX_POINT ( 'NONE', #9461 ) ;
#8900 =( BOUNDED_CURVE ( )  B_SPLINE_CURVE ( 3, ( #20, #6931, #6084, #9555 ),
 .UNSPECIFIED., .F., .T. ) 
 B_SPLINE_CURVE_WITH_KNOTS ( ( 4, 4 ),
 ( 1.570796326794896558, 3.141592653589793116 ),
 .UNSPECIFIED. ) 
 CURVE ( )  GEOMETRIC_REPRESENTATION_ITEM ( )  RATIONAL_B_SPLINE_CURVE ( ( 1.000000000000000000, 0.8047378541243649375, 0.8047378541243649375, 1.000000000000000000 ) ) 
 REPRESENTATION_ITEM ( '' )  );
#8901 = EDGE_CURVE ( 'NONE', #4335, #8565, #4073, .T. ) ;
#8902 = CARTESIAN_POINT ( 'NONE',  ( -5.000429496931850792, 109.8258398792882247, -21.03649027154900963 ) ) ;
#8903 = CARTESIAN_POINT ( 'NONE',  ( -43.40689872104514535, 74.78999999999417980, 0.5200140716803901553 ) ) ;
#8904 = CARTESIAN_POINT ( 'NONE',  ( 13.75500000000000433, 4.249377385370907589, 13.89999999999999680 ) ) ;
#8905 = LINE ( 'NONE', #6166, #4180 ) ;
#8906 = VECTOR ( 'NONE', #10739, 1000.000000000000000 ) ;
#8907 = CARTESIAN_POINT ( 'NONE',  ( -77.61249999996864801, 61.63999999999999346, 5.399999999999991473 ) ) ;
#8908 = EDGE_CURVE ( 'NONE', #9533, #1973, #4131, .T. ) ;
#8909 = EDGE_LOOP ( 'NONE', ( #4468, #441 ) ) ;
#8910 = ORIENTED_EDGE ( 'NONE', *, *, #5801, .F. ) ;
#8911 = VERTEX_POINT ( 'NONE', #3502 ) ;
#8912 = VECTOR ( 'NONE', #2660, 1000.000000000000000 ) ;
#8913 = DIRECTION ( 'NONE',  ( -1.000000000000000000, 0.000000000000000000, 0.000000000000000000 ) ) ;
#8914 = ORIENTED_EDGE ( 'NONE', *, *, #317, .F. ) ;
#8915 = VECTOR ( 'NONE', #3817, 1000.000000000000000 ) ;
#8916 = LINE ( 'NONE', #2955, #6840 ) ;
#8917 = FACE_OUTER_BOUND ( 'NONE', #3517, .T. ) ;
#8918 = DIRECTION ( 'NONE',  ( -0.000000000000000000, 1.000000000000000000, -0.000000000000000000 ) ) ;
#8919 = CARTESIAN_POINT ( 'NONE',  ( -77.61249999996866222, 90.00000000000000000, -37.08269145387477295 ) ) ;
#8920 = CONICAL_SURFACE ( 'NONE', #4928, 5.499999999999973355, 0.9599310885968850293 ) ;
#8921 = VERTEX_POINT ( 'NONE', #3560 ) ;
#8922 = LINE ( 'NONE', #3113, #3961 ) ;
#8923 = EDGE_CURVE ( 'NONE', #11053, #10042, #8678, .T. ) ;
#8924 = ORIENTED_EDGE ( 'NONE', *, *, #2115, .T. ) ;
#8925 = FACE_OUTER_BOUND ( 'NONE', #8628, .T. ) ;
#8926 = EDGE_CURVE ( 'NONE', #2370, #2188, #11205, .T. ) ;
#8927 = DIRECTION ( 'NONE',  ( 0.000000000000000000, -1.000000000000000000, 0.000000000000000000 ) ) ;
#8928 = CYLINDRICAL_SURFACE ( 'NONE', #725, 25.00000000000000000 ) ;
#8929 = FACE_OUTER_BOUND ( 'NONE', #52, .T. ) ;
#8930 = FACE_OUTER_BOUND ( 'NONE', #4001, .T. ) ;
#8931 = CARTESIAN_POINT ( 'NONE',  ( -77.61249999996864801, 61.63999999999999346, 10.39999999999999325 ) ) ;
#8932 = ORIENTED_EDGE ( 'NONE', *, *, #10956, .T. ) ;
#8933 = VERTEX_POINT ( 'NONE', #1178 ) ;
#8934 = EDGE_CURVE ( 'NONE', #5537, #3480, #2200, .T. ) ;
#8935 = CIRCLE ( 'NONE', #49, 1.200000000000003730 ) ;
#8936 = DIRECTION ( 'NONE',  ( 2.551641442053238672E-31, -1.000000000000000000, -1.677434638215118264E-15 ) ) ;
#8937 = ORIENTED_EDGE ( 'NONE', *, *, #4521, .F. ) ;
#8938 = EDGE_CURVE ( 'NONE', #5463, #103, #5769, .T. ) ;
#8939 = ORIENTED_EDGE ( 'NONE', *, *, #3442, .T. ) ;
#8940 = ORIENTED_EDGE ( 'NONE', *, *, #2629, .F. ) ;
#8941 = FACE_OUTER_BOUND ( 'NONE', #2157, .T. ) ;
#8942 = CARTESIAN_POINT ( 'NONE',  ( 5.996743271811250331, 119.8258398792882105, -15.01161596500278073 ) ) ;
#8943 = CARTESIAN_POINT ( 'NONE',  ( -69.20000000000000284, 8.274999999999996803, -0.6211324209939358409 ) ) ;
#8944 = DIRECTION ( 'NONE',  ( -1.521157000053560499E-16, 5.229285515060565227E-16, -1.000000000000000000 ) ) ;
#8945 = VERTEX_POINT ( 'NONE', #4235 ) ;
#8946 = CYLINDRICAL_SURFACE ( 'NONE', #1839, 1.149999999999999467 ) ;
#8947 = EDGE_CURVE ( 'NONE', #7053, #968, #2267, .T. ) ;
#8948 = CARTESIAN_POINT ( 'NONE',  ( -32.55000000000002558, 97.32583987928822467, 22.30467496797187010 ) ) ;
#8949 = CARTESIAN_POINT ( 'NONE',  ( -82.54999999999999716, 104.8258398792882105, -27.12507748354934023 ) ) ;
#8950 = ORIENTED_EDGE ( 'NONE', *, *, #4668, .F. ) ;
#8951 = VERTEX_POINT ( 'NONE', #10634 ) ;
#8952 = VECTOR ( 'NONE', #2633, 1000.000000000000000 ) ;
#8953 = AXIS2_PLACEMENT_3D ( 'NONE', #4872, #3287, #4076 ) ;
#8954 = CARTESIAN_POINT ( 'NONE',  ( -50.02648654977334530, 10.00000000000000000, 21.38115427306260230 ) ) ;
#8955 = DIRECTION ( 'NONE',  ( -6.697463681984793185E-14, 0.000000000000000000, -1.000000000000000000 ) ) ;
#8956 = CARTESIAN_POINT ( 'NONE',  ( 82.54999999999999716, 67.34020753820971095, 5.399999999999991473 ) ) ;
#8957 = AXIS2_PLACEMENT_3D ( 'NONE', #9655, #5221, #7722 ) ;
#8958 = DIRECTION ( 'NONE',  ( 0.000000000000000000, 0.000000000000000000, -1.000000000000000000 ) ) ;
#8959 = CARTESIAN_POINT ( 'NONE',  ( 46.58189872104513540, 97.40000406513270548, -24.18005742219565946 ) ) ;
#8960 = ORIENTED_EDGE ( 'NONE', *, *, #5801, .T. ) ;
#8961 = ORIENTED_EDGE ( 'NONE', *, *, #8185, .F. ) ;
#8962 = ORIENTED_EDGE ( 'NONE', *, *, #8097, .F. ) ;
#8963 = VECTOR ( 'NONE', #5762, 1000.000000000000000 ) ;
#8964 = LINE ( 'NONE', #9752, #5228 ) ;
#8965 = ORIENTED_EDGE ( 'NONE', *, *, #9142, .F. ) ;
#8966 = CYLINDRICAL_SURFACE ( 'NONE', #4223, 5.000000000000004441 ) ;
#8967 = EDGE_CURVE ( 'NONE', #9564, #329, #2508, .T. ) ;
#8968 = DIRECTION ( 'NONE',  ( -1.000000000000000000, 0.000000000000000000, 0.000000000000000000 ) ) ;
#8969 = DIRECTION ( 'NONE',  ( 1.000000000000000000, 0.000000000000000000, 0.000000000000000000 ) ) ;
#8970 = CARTESIAN_POINT ( 'NONE',  ( 0.000000000000000000, 97.50000000000000000, 0.000000000000000000 ) ) ;
#8971 = FACE_BOUND ( 'NONE', #10651, .T. ) ;
#8972 = ORIENTED_EDGE ( 'NONE', *, *, #9395, .T. ) ;
#8973 = VECTOR ( 'NONE', #10413, 1000.000000000000000 ) ;
#8974 = ORIENTED_EDGE ( 'NONE', *, *, #743, .T. ) ;
#8975 = ORIENTED_EDGE ( 'NONE', *, *, #5571, .T. ) ;
#8976 = EDGE_CURVE ( 'NONE', #4765, #8076, #10456, .T. ) ;
#8977 = CARTESIAN_POINT ( 'NONE',  ( 77.61250000000001137, 53.93999999999999062, -0.2576914538747684946 ) ) ;
#8978 = CARTESIAN_POINT ( 'NONE',  ( -72.76808532237744487, 8.274999999999998579, 0.5788675790057377091 ) ) ;
#8979 = CYLINDRICAL_SURFACE ( 'NONE', #5707, 2.500000000000000444 ) ;
#8980 = LINE ( 'NONE', #8877, #6354 ) ;
#8981 = ORIENTED_EDGE ( 'NONE', *, *, #8908, .T. ) ;
#8982 = CARTESIAN_POINT ( 'NONE',  ( 6.267350428395205064, 124.8258398792882389, 36.86783398817242130 ) ) ;
#8983 = LINE ( 'NONE', #2977, #7216 ) ;
#8984 = ORIENTED_EDGE ( 'NONE', *, *, #9968, .T. ) ;
#8985 = VECTOR ( 'NONE', #1700, 1000.000000000000000 ) ;
#8986 = EDGE_LOOP ( 'NONE', ( #954, #5986, #10249, #11164 ) ) ;
#8987 = ORIENTED_EDGE ( 'NONE', *, *, #5948, .F. ) ;
#8988 = EDGE_CURVE ( 'NONE', #5751, #489, #11032, .T. ) ;
#8989 = VERTEX_POINT ( 'NONE', #7344 ) ;
#8990 = EDGE_CURVE ( 'NONE', #314, #6528, #7975, .T. ) ;
#8991 = VECTOR ( 'NONE', #5750, 1000.000000000000000 ) ;
#8992 = LINE ( 'NONE', #3878, #6722 ) ;
#8993 = CARTESIAN_POINT ( 'NONE',  ( 0.000000000000000000, -27.00000000000000355, 21.38115427306259875 ) ) ;
#8994 = CARTESIAN_POINT ( 'NONE',  ( 50.02648318102892233, 8.274999999999998579, 18.52763407003732254 ) ) ;
#8995 = CARTESIAN_POINT ( 'NONE',  ( -50.48689872104515075, 91.54000537782400215, -2.374168628343573673 ) ) ;
#8996 = EDGE_CURVE ( 'NONE', #2988, #6475, #2124, .T. ) ;
#8997 = VERTEX_POINT ( 'NONE', #8091 ) ;
#8998 = EDGE_CURVE ( 'NONE', #94, #8054, #356, .T. ) ;
#8999 = LINE ( 'NONE', #3822, #6719 ) ;
#9000 = DIRECTION ( 'NONE',  ( 0.000000000000000000, 1.000000000000000000, 0.000000000000000000 ) ) ;
#9001 = EDGE_LOOP ( 'NONE', ( #871, #2493, #10330, #6878, #1561, #9847, #863, #3427, #565, #9059, #8602, #10873, #2473, #2627, #7783, #1465, #4018, #10469, #1439, #2156 ) ) ;
#9002 = LINE ( 'NONE', #4667, #5756 ) ;
#9003 = ORIENTED_EDGE ( 'NONE', *, *, #6685, .T. ) ;
#9004 = ORIENTED_EDGE ( 'NONE', *, *, #6481, .T. ) ;
#9005 = LINE ( 'NONE', #9061, #4866 ) ;
#9006 = EDGE_CURVE ( 'NONE', #3708, #488, #6698, .T. ) ;
#9007 = ADVANCED_FACE ( 'NONE', ( #10916 ), #8484, .F. ) ;
#9008 = DIRECTION ( 'NONE',  ( 0.000000000000000000, 0.000000000000000000, 1.000000000000000000 ) ) ;
#9009 = CARTESIAN_POINT ( 'NONE',  ( 77.61249999999999716, 6.349999999999999645, 24.62763407003640381 ) ) ;
#9010 = CARTESIAN_POINT ( 'NONE',  ( -82.54999999999999716, 52.93999999999998352, 5.399999999999993250 ) ) ;
#9011 = LINE ( 'NONE', #1238, #3120 ) ;
#9012 = LINE ( 'NONE', #10828, #1198 ) ;
#9013 = VERTEX_POINT ( 'NONE', #1332 ) ;
#9014 = ORIENTED_EDGE ( 'NONE', *, *, #8457, .T. ) ;
#9015 = VERTEX_POINT ( 'NONE', #4898 ) ;
#9016 = CARTESIAN_POINT ( 'NONE',  ( 82.55000000000002558, 72.64000000000000057, 19.12967496797186939 ) ) ;
#9017 = ORIENTED_EDGE ( 'NONE', *, *, #6012, .T. ) ;
#9018 = CYLINDRICAL_SURFACE ( 'NONE', #25, 2.499999999999995115 ) ;
#9019 = LINE ( 'NONE', #1992, #9128 ) ;
#9020 = LINE ( 'NONE', #4582, #10475 ) ;
#9021 = DIRECTION ( 'NONE',  ( -1.527355698137925406E-16, 0.000000000000000000, -1.000000000000000000 ) ) ;
#9022 = CARTESIAN_POINT ( 'NONE',  ( 173.3018692371333032, 82.35514882866895903, -37.08269145387477295 ) ) ;
#9023 = CARTESIAN_POINT ( 'NONE',  ( -43.40689872104514535, 74.78999999999417980, -23.92998592831960991 ) ) ;
#9024 = ORIENTED_EDGE ( 'NONE', *, *, #7134, .T. ) ;
#9025 = ORIENTED_EDGE ( 'NONE', *, *, #3378, .T. ) ;
#9026 = VERTEX_POINT ( 'NONE', #3257 ) ;
#9027 = VECTOR ( 'NONE', #2086, 1000.000000000000000 ) ;
#9028 = VECTOR ( 'NONE', #4033, 1000.000000000000000 ) ;
#9029 = DIRECTION ( 'NONE',  ( -1.228232725407420811E-32, 0.000000000000000000, 1.000000000000000000 ) ) ;
#9030 = CARTESIAN_POINT ( 'NONE',  ( 29.99957050306814210, 110.8258398792882247, 4.963509728450988590 ) ) ;
#9031 = CIRCLE ( 'NONE', #5586, 1.150000000000003020 ) ;
#9032 = CARTESIAN_POINT ( 'NONE',  ( 11.25500000000000433, 6.350000000000001421, 5.042308546125213731 ) ) ;
#9033 = CARTESIAN_POINT ( 'NONE',  ( 173.3018692371333032, 82.35514882866895903, -37.08269145387477295 ) ) ;
#9034 = VECTOR ( 'NONE', #4527, 1000.000000000000000 ) ;
#9035 = ORIENTED_EDGE ( 'NONE', *, *, #9074, .T. ) ;
#9036 = AXIS2_PLACEMENT_3D ( 'NONE', #1083, #8008, #2046 ) ;
#9037 = DIRECTION ( 'NONE',  ( 1.000000000000000000, 0.000000000000000000, -0.000000000000000000 ) ) ;
#9038 = CARTESIAN_POINT ( 'NONE',  ( 82.54999999999999716, 97.50000000000000000, -26.48622071973760228 ) ) ;
#9039 = EDGE_LOOP ( 'NONE', ( #9472, #248, #6055, #8972 ) ) ;
#9040 = EDGE_CURVE ( 'NONE', #2709, #3703, #1431, .T. ) ;
#9041 = ORIENTED_EDGE ( 'NONE', *, *, #3458, .F. ) ;
#9042 = VECTOR ( 'NONE', #6942, 1000.000000000000000 ) ;
#9043 = EDGE_LOOP ( 'NONE', ( #8490, #4952, #8987, #7733 ) ) ;
#9044 = VECTOR ( 'NONE', #8073, 1000.000000000000000 ) ;
#9045 = DIRECTION ( 'NONE',  ( 1.000000000000000000, 0.000000000000000000, 0.000000000000000000 ) ) ;
#9046 = CARTESIAN_POINT ( 'NONE',  ( 50.48689872104514365, 95.20641123616282187, -26.28622525258461451 ) ) ;
#9047 = CARTESIAN_POINT ( 'NONE',  ( 82.55000000000002558, 61.63999999999999346, 5.399999999999991473 ) ) ;
#9048 = DIRECTION ( 'NONE',  ( 0.000000000000000000, 1.000000000000000000, 3.354869254291018419E-16 ) ) ;
#9049 = CARTESIAN_POINT ( 'NONE',  ( -52.36501998304115091, 5.099999999999999645, 19.07115427297831900 ) ) ;
#9050 = DIRECTION ( 'NONE',  ( 8.051187124969273527E-17, -0.2873478854995805132, 0.9578262852411809636 ) ) ;
#9051 = VECTOR ( 'NONE', #6039, 1000.000000000000000 ) ;
#9052 = DIRECTION ( 'NONE',  ( -0.000000000000000000, -0.000000000000000000, 1.000000000000000000 ) ) ;
#9053 = ORIENTED_EDGE ( 'NONE', *, *, #7958, .T. ) ;
#9054 = CIRCLE ( 'NONE', #4884, 1.150000000000001688 ) ;
#9055 = EDGE_CURVE ( 'NONE', #6076, #10348, #1251, .T. ) ;
#9056 = EDGE_CURVE ( 'NONE', #11130, #749, #1562, .T. ) ;
#9057 = ORIENTED_EDGE ( 'NONE', *, *, #10389, .F. ) ;
#9058 = ORIENTED_EDGE ( 'NONE', *, *, #9374, .T. ) ;
#9059 = ORIENTED_EDGE ( 'NONE', *, *, #6833, .F. ) ;
#9060 = ADVANCED_FACE ( 'NONE', ( #6588 ), #4103, .T. ) ;
#9061 = CARTESIAN_POINT ( 'NONE',  ( -61.59000000000065711, 8.274999999999998579, 18.12419718570802019 ) ) ;
#9062 = EDGE_CURVE ( 'NONE', #10149, #2551, #4141, .T. ) ;
#9063 = CIRCLE ( 'NONE', #530, 2.500000000000002220 ) ;
#9064 = DIRECTION ( 'NONE',  ( 0.000000000000000000, 1.000000000000000000, -0.000000000000000000 ) ) ;
#9065 = CARTESIAN_POINT ( 'NONE',  ( 41.54999999999999716, 97.82583987928822467, 33.89999999999999147 ) ) ;
#9066 = CARTESIAN_POINT ( 'NONE',  ( -82.54999999999999716, 104.8258398792882105, -27.12507748354934023 ) ) ;
#9067 = DIRECTION ( 'NONE',  ( 0.000000000000000000, 1.000000000000000000, 0.000000000000000000 ) ) ;
#9068 = CARTESIAN_POINT ( 'NONE',  ( -46.58189872104514251, 72.64000000000000057, 19.12967496797186939 ) ) ;
#9069 = EDGE_CURVE ( 'NONE', #3939, #9550, #1788, .T. ) ;
#9070 = ORIENTED_EDGE ( 'NONE', *, *, #8030, .T. ) ;
#9071 = EDGE_CURVE ( 'NONE', #7260, #923, #10085, .T. ) ;
#9072 = EDGE_LOOP ( 'NONE', ( #2025, #2184, #1748, #10270, #5471, #6679 ) ) ;
#9073 = EDGE_LOOP ( 'NONE', ( #1035, #4651, #11028, #9373 ) ) ;
#9074 = EDGE_CURVE ( 'NONE', #3412, #8892, #336, .T. ) ;
#9075 = DIRECTION ( 'NONE',  ( 0.000000000000000000, -0.000000000000000000, 1.000000000000000000 ) ) ;
#9076 = ORIENTED_EDGE ( 'NONE', *, *, #6767, .T. ) ;
#9077 = CARTESIAN_POINT ( 'NONE',  ( -54.81499993151516748, 5.099999999999999645, 15.82115373010225312 ) ) ;
#9078 = AXIS2_PLACEMENT_3D ( 'NONE', #5809, #589, #7572 ) ;
#9080 = DIRECTION ( 'NONE',  ( -0.000000000000000000, -0.7071072074758638637, -0.7071063548969741541 ) ) ;
#9079 = AXIS2_PLACEMENT_3D ( 'NONE', #1407, #433, #9122 ) ;
#9081 = DIRECTION ( 'NONE',  ( 1.000000000000000000, 0.000000000000000000, 0.000000000000000000 ) ) ;
#9082 = FACE_BOUND ( 'NONE', #3044, .T. ) ;
#9083 = DIRECTION ( 'NONE',  ( 1.000000000000000000, -1.593062912007103154E-16, -1.228232725407420948E-32 ) ) ;
#9084 = ORIENTED_EDGE ( 'NONE', *, *, #755, .T. ) ;
#9085 = AXIS2_PLACEMENT_3D ( 'NONE', #6988, #3366, #10340 ) ;
#9086 = ADVANCED_FACE ( 'NONE', ( #8120 ), #5551, .F. ) ;
#9087 = ORIENTED_EDGE ( 'NONE', *, *, #10318, .T. ) ;
#9088 = VECTOR ( 'NONE', #5836, 999.9999999999998863 ) ;
#9089 = ORIENTED_EDGE ( 'NONE', *, *, #6635, .F. ) ;
#9090 = VECTOR ( 'NONE', #11191, 1000.000000000000000 ) ;
#9091 = CARTESIAN_POINT ( 'NONE',  ( 50.48689872104515075, 95.63999999999417412, -7.959769997217391868 ) ) ;
#9092 = FACE_OUTER_BOUND ( 'NONE', #8538, .T. ) ;
#9093 = VECTOR ( 'NONE', #1002, 1000.000000000000000 ) ;
#9094 = CARTESIAN_POINT ( 'NONE',  ( -53.05138322153545261, 8.274999999999998579, 15.82115058466707858 ) ) ;
#9095 = CARTESIAN_POINT ( 'NONE',  ( -30.00042949693185079, 124.8258398792882247, -20.03649027154900253 ) ) ;
#9096 = AXIS2_PLACEMENT_3D ( 'NONE', #2295, #3197, #9265 ) ;
#9097 = LINE ( 'NONE', #3024, #2997 ) ;
#9098 = CARTESIAN_POINT ( 'NONE',  ( -61.59000000000155950, 8.274999999999998579, 19.62115427306273219 ) ) ;
#9099 = ORIENTED_EDGE ( 'NONE', *, *, #4951, .T. ) ;
#9100 = FACE_OUTER_BOUND ( 'NONE', #8106, .T. ) ;
#9101 = VERTEX_POINT ( 'NONE', #443 ) ;
#9102 = EDGE_CURVE ( 'NONE', #9442, #10302, #7145, .T. ) ;
#9103 = DIRECTION ( 'NONE',  ( 0.000000000000000000, 1.000000000000000000, 0.000000000000000000 ) ) ;
#9104 = ORIENTED_EDGE ( 'NONE', *, *, #9742, .F. ) ;
#9105 = ORIENTED_EDGE ( 'NONE', *, *, #8589, .F. ) ;
#9106 = FACE_OUTER_BOUND ( 'NONE', #3081, .T. ) ;
#9107 = CARTESIAN_POINT ( 'NONE',  ( -61.59000000000155950, 8.274999999999998579, 19.62115427306273219 ) ) ;
#9108 = DIRECTION ( 'NONE',  ( -0.000000000000000000, 1.000000000000000000, -0.000000000000000000 ) ) ;
#9109 = EDGE_LOOP ( 'NONE', ( #9003, #7849, #1163, #1460 ) ) ;
#9110 = VECTOR ( 'NONE', #2423, 1000.000000000000000 ) ;
#9111 = CARTESIAN_POINT ( 'NONE',  ( -31.40689872093238577, 97.49999999988722266, -4.426490271157039302 ) ) ;
#9112 = LINE ( 'NONE', #3996, #10615 ) ;
#9113 = VERTEX_POINT ( 'NONE', #4637 ) ;
#9114 = DIRECTION ( 'NONE',  ( -1.521157000053560499E-16, 0.000000000000000000, 1.000000000000000000 ) ) ;
#9115 = VERTEX_POINT ( 'NONE', #9812 ) ;
#9116 = ORIENTED_EDGE ( 'NONE', *, *, #6426, .T. ) ;
#9117 = EDGE_LOOP ( 'NONE', ( #10679, #735, #7956, #5352, #6397 ) ) ;
#9118 = AXIS2_PLACEMENT_3D ( 'NONE', #6049, #4146, #962 ) ;
#9119 = LINE ( 'NONE', #6603, #9110 ) ;
#9120 = EDGE_CURVE ( 'NONE', #908, #3708, #8964, .T. ) ;
#9121 = CARTESIAN_POINT ( 'NONE',  ( -79.61249999999999716, -3.186125824014206308E-16, 22.62763407003640026 ) ) ;
#9122 = DIRECTION ( 'NONE',  ( -1.000000000000000000, 0.000000000000000000, 0.000000000000000000 ) ) ;
#9123 = CARTESIAN_POINT ( 'NONE',  ( 46.58189872104513540, 74.67980196068272392, -26.29001273249923898 ) ) ;
#9124 = PLANE ( 'NONE',  #3643 ) ;
#9125 = LINE ( 'NONE', #2097, #6443 ) ;
#9126 = DIRECTION ( 'NONE',  ( 0.000000000000000000, 1.000000000000000000, 0.000000000000000000 ) ) ;
#9127 = EDGE_CURVE ( 'NONE', #8767, #1612, #1989, .T. ) ;
#9128 = VECTOR ( 'NONE', #8068, 1000.000000000000227 ) ;
#9129 = VERTEX_POINT ( 'NONE', #1191 ) ;
#9130 = EDGE_LOOP ( 'NONE', ( #9057, #9920, #8287, #5818 ) ) ;
#9131 = ORIENTED_EDGE ( 'NONE', *, *, #6628, .F. ) ;
#9132 = ORIENTED_EDGE ( 'NONE', *, *, #2413, .F. ) ;
#9133 = CIRCLE ( 'NONE', #427, 12.50000000000000000 ) ;
#9134 = EDGE_CURVE ( 'NONE', #4203, #4634, #387, .T. ) ;
#9135 = AXIS2_PLACEMENT_3D ( 'NONE', #6511, #728, #3962 ) ;
#9136 = CARTESIAN_POINT ( 'NONE',  ( 43.40689872104514535, 74.78999999999417980, -23.92998592831960991 ) ) ;
#9137 = ADVANCED_FACE ( 'NONE', ( #3007, #3792, #3734, #1246, #4693 ), #8176, .F. ) ;
#9138 = CARTESIAN_POINT ( 'NONE',  ( -52.36501998304115091, 5.099999999999999645, 20.22115427297831403 ) ) ;
#9139 = PLANE ( 'NONE',  #9961 ) ;
#9140 = DIRECTION ( 'NONE',  ( 1.593062912007103154E-16, -1.000000000000000000, -7.209240419643855628E-15 ) ) ;
#9141 = VERTEX_POINT ( 'NONE', #1134 ) ;
#9142 = EDGE_CURVE ( 'NONE', #6285, #314, #7032, .T. ) ;
#9143 = ADVANCED_FACE ( 'NONE', ( #7203 ), #9922, .F. ) ;
#9144 = VERTEX_POINT ( 'NONE', #4459 ) ;
#9145 = EDGE_LOOP ( 'NONE', ( #2134, #1125, #8551, #1627 ) ) ;
#9146 = CIRCLE ( 'NONE', #8058, 1.000000000000000888 ) ;
#9147 = ORIENTED_EDGE ( 'NONE', *, *, #5187, .F. ) ;
#9148 = DIRECTION ( 'NONE',  ( -1.000000000000000000, 0.000000000000000000, 8.936770724137066152E-12 ) ) ;
#9149 = EDGE_CURVE ( 'NONE', #3237, #4029, #1180, .T. ) ;
#9150 = ADVANCED_FACE ( 'NONE', ( #3722 ), #5757, .F. ) ;
#9151 = EDGE_CURVE ( 'NONE', #2210, #9813, #4917, .T. ) ;
#9152 = FACE_OUTER_BOUND ( 'NONE', #5702, .T. ) ;
#9153 = CYLINDRICAL_SURFACE ( 'NONE', #7612, 0.7999800169725922450 ) ;
#9154 = AXIS2_PLACEMENT_3D ( 'NONE', #7819, #4241, #99 ) ;
#9155 = DIRECTION ( 'NONE',  ( -0.000000000000000000, -0.000000000000000000, 1.000000000000000000 ) ) ;
#9156 = CARTESIAN_POINT ( 'NONE',  ( -6.014653437193471675, 119.8258398792882105, 31.87426719053791757 ) ) ;
#9157 = DIRECTION ( 'NONE',  ( -1.000000000000000000, 0.000000000000000000, 0.000000000000000000 ) ) ;
#9158 = ORIENTED_EDGE ( 'NONE', *, *, #6497, .T. ) ;
#9159 = ORIENTED_EDGE ( 'NONE', *, *, #8641, .F. ) ;
#9160 = EDGE_LOOP ( 'NONE', ( #3367, #4446, #6109, #1216, #4361, #4271, #6750, #8372, #726, #6250, #1884, #1201, #766, #4422, #1813, #3518, #7910, #8128, #1063, #8950 ) ) ;
#9161 = VECTOR ( 'NONE', #8450, 1000.000000000000000 ) ;
#9162 = ORIENTED_EDGE ( 'NONE', *, *, #7781, .T. ) ;
#9163 = CARTESIAN_POINT ( 'NONE',  ( 13.75500000000000256, -27.00000000000000355, -2.100877762788717116E-15 ) ) ;
#9164 = LINE ( 'NONE', #4050, #10706 ) ;
#9165 = EDGE_LOOP ( 'NONE', ( #5972, #8175, #551, #9739, #7554, #5491 ) ) ;
#9166 = CIRCLE ( 'NONE', #10971, 1.000000000000000888 ) ;
#9167 = CARTESIAN_POINT ( 'NONE',  ( 82.54999999999999716, -24.50000000000000355, -13.82806147072993674 ) ) ;
#9168 = LINE ( 'NONE', #5020, #3371 ) ;
#9169 = ORIENTED_EDGE ( 'NONE', *, *, #10765, .T. ) ;
#9170 = LINE ( 'NONE', #708, #2684 ) ;
#9171 = ORIENTED_EDGE ( 'NONE', *, *, #7084, .F. ) ;
#9172 = VERTEX_POINT ( 'NONE', #8273 ) ;
#9173 = EDGE_LOOP ( 'NONE', ( #4439, #6224, #2098, #9433, #6043, #808 ) ) ;
#9174 = VECTOR ( 'NONE', #10247, 1000.000000000000000 ) ;
#9175 = DIRECTION ( 'NONE',  ( -1.335278419062900361E-16, 0.000000000000000000, 1.000000000000000000 ) ) ;
#9176 = CARTESIAN_POINT ( 'NONE',  ( 6.246036463997028498, 119.8258398792882105, -20.00539738836623016 ) ) ;
#9177 = DIRECTION ( 'NONE',  ( 0.000000000000000000, 0.000000000000000000, -1.000000000000000000 ) ) ;
#9178 = CYLINDRICAL_SURFACE ( 'NONE', #9984, 1.149999999999999467 ) ;
#9179 = DIRECTION ( 'NONE',  ( 0.000000000000000000, 0.000000000000000000, -1.000000000000000000 ) ) ;
#9180 = DIRECTION ( 'NONE',  ( -1.000000000000000000, 0.000000000000000000, 0.000000000000000000 ) ) ;
#9181 = LINE ( 'NONE', #6723, #840 ) ;
#9182 = DIRECTION ( 'NONE',  ( 0.000000000000000000, 0.000000000000000000, 1.000000000000000000 ) ) ;
#9183 = ORIENTED_EDGE ( 'NONE', *, *, #4351, .F. ) ;
#9184 = CARTESIAN_POINT ( 'NONE',  ( -82.54999999999999716, -24.50000000000000355, 25.39999999999999858 ) ) ;
#9185 = ORIENTED_EDGE ( 'NONE', *, *, #7729, .T. ) ;
#9186 = EDGE_CURVE ( 'NONE', #9751, #3567, #9390, .T. ) ;
#9187 = ORIENTED_EDGE ( 'NONE', *, *, #3260, .T. ) ;
#9188 = DIRECTION ( 'NONE',  ( 0.000000000000000000, 1.000000000000000000, -1.365923996832131116E-16 ) ) ;
#9189 = CARTESIAN_POINT ( 'NONE',  ( -41.55000000000002558, 97.32583987928822467, 10.19715292348722890 ) ) ;
#9190 = DIRECTION ( 'NONE',  ( -1.000000000000000000, 0.000000000000000000, 0.000000000000000000 ) ) ;
#9191 = FACE_OUTER_BOUND ( 'NONE', #1454, .T. ) ;
#9192 = DIRECTION ( 'NONE',  ( -1.000000000000000000, 0.000000000000000000, 0.000000000000000000 ) ) ;
#9193 = CARTESIAN_POINT ( 'NONE',  ( 82.54999999999999716, 104.8258398792882105, -27.12507748354934023 ) ) ;
#9194 = ORIENTED_EDGE ( 'NONE', *, *, #10096, .F. ) ;
#9195 = EDGE_LOOP ( 'NONE', ( #580, #6430 ) ) ;
#9196 = VERTEX_POINT ( 'NONE', #597 ) ;
#9197 = EDGE_CURVE ( 'NONE', #2694, #11184, #1289, .T. ) ;
#9198 = LINE ( 'NONE', #4139, #9669 ) ;
#9199 = EDGE_CURVE ( 'NONE', #792, #7156, #8218, .T. ) ;
#9200 = EDGE_CURVE ( 'NONE', #2751, #10775, #1618, .T. ) ;
#9201 = CARTESIAN_POINT ( 'NONE',  ( -33.75499999999998124, 6.349999999999999645, 0.000000000000000000 ) ) ;
#9202 = EDGE_CURVE ( 'NONE', #6246, #3707, #3955, .T. ) ;
#9203 = CARTESIAN_POINT ( 'NONE',  ( 76.81501998216515403, 8.274999999999998579, 19.07115427298596089 ) ) ;
#9204 = LINE ( 'NONE', #5681, #3434 ) ;
#9205 = DIRECTION ( 'NONE',  ( 5.782411586589358625E-17, -0.000000000000000000, 1.000000000000000000 ) ) ;
#9206 = CYLINDRICAL_SURFACE ( 'NONE', #89, 5.000000000000000000 ) ;
#9207 = CARTESIAN_POINT ( 'NONE',  ( 82.55000000000002558, 53.93999999999999062, -5.257691453874763887 ) ) ;
#9208 = DIRECTION ( 'NONE',  ( 0.000000000000000000, 1.000000000000000000, 0.000000000000000000 ) ) ;
#9209 = ORIENTED_EDGE ( 'NONE', *, *, #4474, .T. ) ;
#9210 = EDGE_CURVE ( 'NONE', #9864, #9141, #2943, .T. ) ;
#9211 = ADVANCED_FACE ( 'NONE', ( #2143 ), #6842, .F. ) ;
#9212 = ORIENTED_EDGE ( 'NONE', *, *, #6282, .T. ) ;
#9213 = EDGE_CURVE ( 'NONE', #1268, #10914, #6387, .T. ) ;
#9214 = VERTEX_POINT ( 'NONE', #4005 ) ;
#9215 = EDGE_CURVE ( 'NONE', #2379, #7046, #7362, .T. ) ;
#9216 = VECTOR ( 'NONE', #9643, 1000.000000000000000 ) ;
#9217 = PLANE ( 'NONE',  #4955 ) ;
#9218 = DIRECTION ( 'NONE',  ( -0.000000000000000000, -1.000000000000000000, 0.000000000000000000 ) ) ;
#9219 = VECTOR ( 'NONE', #4483, 1000.000000000000000 ) ;
#9220 = ORIENTED_EDGE ( 'NONE', *, *, #9102, .F. ) ;
#9221 = DIRECTION ( 'NONE',  ( 1.000000000000000000, 0.000000000000000000, 1.335278419062900361E-16 ) ) ;
#9222 = CYLINDRICAL_SURFACE ( 'NONE', #4280, 1.149999999999999467 ) ;
#9223 = VERTEX_POINT ( 'NONE', #2091 ) ;
#9224 = CARTESIAN_POINT ( 'NONE',  ( -76.81501998216512561, 5.099999999999999645, -2.578845727014059008 ) ) ;
#9225 = EDGE_CURVE ( 'NONE', #794, #7046, #9005, .T. ) ;
#9226 = AXIS2_PLACEMENT_3D ( 'NONE', #10885, #10494, #1357 ) ;
#9227 = ORIENTED_EDGE ( 'NONE', *, *, #7133, .T. ) ;
#9228 = ORIENTED_EDGE ( 'NONE', *, *, #1215, .F. ) ;
#9229 = VECTOR ( 'NONE', #7983, 1000.000000000000000 ) ;
#9230 = VERTEX_POINT ( 'NONE', #9967 ) ;
#9231 = LINE ( 'NONE', #10130, #8771 ) ;
#9232 = CARTESIAN_POINT ( 'NONE',  ( -5.461913016040046642, 96.12583987928823603, 21.29351081815998370 ) ) ;
#9233 = VECTOR ( 'NONE', #6295, 1000.000000000000000 ) ;
#9234 = CARTESIAN_POINT ( 'NONE',  ( -81.84979246179028678, 58.93999999999998352, 5.399999999999993250 ) ) ;
#9235 = DIRECTION ( 'NONE',  ( 1.000000000000000000, 0.000000000000000000, 0.000000000000000000 ) ) ;
#9236 = CARTESIAN_POINT ( 'NONE',  ( 44.06500000000043826, 5.099999999999999645, 8.821154273062886020 ) ) ;
#9237 = CIRCLE ( 'NONE', #5068, 2.500000000000000444 ) ;
#9238 = FACE_OUTER_BOUND ( 'NONE', #9853, .T. ) ;
#9239 = CYLINDRICAL_SURFACE ( 'NONE', #10251, 25.00000000000000000 ) ;
#9240 = CARTESIAN_POINT ( 'NONE',  ( -53.40689872104514535, 95.63999999999417412, -2.374168628343574561 ) ) ;
#9241 = ORIENTED_EDGE ( 'NONE', *, *, #8757, .F. ) ;
#9242 = ORIENTED_EDGE ( 'NONE', *, *, #3844, .T. ) ;
#9243 = EDGE_CURVE ( 'NONE', #2370, #8511, #4307, .T. ) ;
#9244 = AXIS2_PLACEMENT_3D ( 'NONE', #9426, #1660, #1606 ) ;
#9245 = EDGE_LOOP ( 'NONE', ( #9285, #3828, #8403, #10111 ) ) ;
#9246 = VECTOR ( 'NONE', #2258, 1000.000000000000000 ) ;
#9247 = DIRECTION ( 'NONE',  ( -1.000000000000000000, 0.000000000000000000, 0.000000000000000000 ) ) ;
#9248 = CARTESIAN_POINT ( 'NONE',  ( -35.61042949679625735, 96.12583987928823603, 15.71614540591397713 ) ) ;
#9249 = CARTESIAN_POINT ( 'NONE',  ( 52.36501998304115091, 8.274999999999998579, 19.07115427297831900 ) ) ;
#9250 = EDGE_CURVE ( 'NONE', #4212, #8406, #1097, .T. ) ;
#9251 = LINE ( 'NONE', #6734, #9088 ) ;
#9252 = DIRECTION ( 'NONE',  ( 0.000000000000000000, 0.000000000000000000, -1.000000000000000000 ) ) ;
#9253 = EDGE_LOOP ( 'NONE', ( #6421, #5503, #68, #7766 ) ) ;
#9254 = ORIENTED_EDGE ( 'NONE', *, *, #8858, .F. ) ;
#9255 = ORIENTED_EDGE ( 'NONE', *, *, #2128, .T. ) ;
#9256 = DIRECTION ( 'NONE',  ( 0.000000000000000000, 1.000000000000000000, 0.000000000000000000 ) ) ;
#9257 = VECTOR ( 'NONE', #4009, 1000.000000000000000 ) ;
#9258 = CARTESIAN_POINT ( 'NONE',  ( -32.55000000000002558, 97.32583987928822467, 33.89999999999999147 ) ) ;
#9259 = CARTESIAN_POINT ( 'NONE',  ( -82.55000000000002558, 97.50000000000000000, 19.12967496797186939 ) ) ;
#9260 = PLANE ( 'NONE',  #4161 ) ;
#9261 = CARTESIAN_POINT ( 'NONE',  ( 53.05138322153545261, 5.099999999999999645, 15.82115058466708035 ) ) ;
#9262 = EDGE_CURVE ( 'NONE', #6310, #5110, #4499, .T. ) ;
#9263 = DIRECTION ( 'NONE',  ( 0.000000000000000000, -0.000000000000000000, -1.000000000000000000 ) ) ;
#9264 = CIRCLE ( 'NONE', #2555, 5.499999999999973355 ) ;
#9265 = DIRECTION ( 'NONE',  ( 0.000000000000000000, -0.000000000000000000, 1.000000000000000000 ) ) ;
#9266 = VECTOR ( 'NONE', #321, 1000.000000000000000 ) ;
#9267 = AXIS2_PLACEMENT_3D ( 'NONE', #7628, #1510, #8319 ) ;
#9268 = ORIENTED_EDGE ( 'NONE', *, *, #6216, .F. ) ;
#9269 = ADVANCED_FACE ( 'NONE', ( #2799 ), #8813, .T. ) ;
#9270 = EDGE_LOOP ( 'NONE', ( #10319, #6193, #10695, #1477 ) ) ;
#9271 = VECTOR ( 'NONE', #3333, 1000.000000000000000 ) ;
#9272 = ORIENTED_EDGE ( 'NONE', *, *, #5770, .T. ) ;
#9273 = CIRCLE ( 'NONE', #7096, 26.00000000000000355 ) ;
#9274 = DIRECTION ( 'NONE',  ( 0.000000000000000000, 0.000000000000000000, 1.000000000000000000 ) ) ;
#9275 = CARTESIAN_POINT ( 'NONE',  ( 16.75499999999997769, -27.00000000000000355, 13.89999999999999680 ) ) ;
#9276 = CARTESIAN_POINT ( 'NONE',  ( 46.58189872104513540, 97.50000000000000000, -26.48622071973760228 ) ) ;
#9277 = EDGE_CURVE ( 'NONE', #4002, #667, #5393, .T. ) ;
#9278 = ORIENTED_EDGE ( 'NONE', *, *, #7876, .F. ) ;
#9279 = CARTESIAN_POINT ( 'NONE',  ( 82.54999999999999716, 6.349999999999995204, -5.957898992084480483 ) ) ;
#9280 = CARTESIAN_POINT ( 'NONE',  ( -77.61249999996866222, 61.63999999999999346, -5.257691453874766552 ) ) ;
#9281 = VERTEX_POINT ( 'NONE', #4538 ) ;
#9282 = DIRECTION ( 'NONE',  ( 0.000000000000000000, 0.9578262852411809636, 0.2873478854995805132 ) ) ;
#9283 = VECTOR ( 'NONE', #308, 1000.000000000000000 ) ;
#9284 = EDGE_CURVE ( 'NONE', #10066, #7382, #2708, .T. ) ;
#9285 = ORIENTED_EDGE ( 'NONE', *, *, #7468, .T. ) ;
#9286 = EDGE_LOOP ( 'NONE', ( #8254, #7188, #536, #3483 ) ) ;
#9287 = ORIENTED_EDGE ( 'NONE', *, *, #5591, .F. ) ;
#9288 = EDGE_CURVE ( 'NONE', #9650, #5135, #3696, .T. ) ;
#9289 = CYLINDRICAL_SURFACE ( 'NONE', #6124, 1.150000000000001688 ) ;
#9290 = DIRECTION ( 'NONE',  ( -6.544275553939909236E-12, 0.000000000000000000, -1.000000000000000000 ) ) ;
#9291 = CARTESIAN_POINT ( 'NONE',  ( -77.61249999996864801, 23.27499999999999858, -5.564823903641046954 ) ) ;
#9292 = EDGE_CURVE ( 'NONE', #2072, #4128, #2739, .T. ) ;
#9293 = CARTESIAN_POINT ( 'NONE',  ( -50.48689872104515075, 95.28999999999417980, 0.5200140716803901553 ) ) ;
#9294 = DIRECTION ( 'NONE',  ( -0.000000000000000000, 0.000000000000000000, 1.000000000000000000 ) ) ;
#9295 = DIRECTION ( 'NONE',  ( -1.902368341696336056E-08, 0.000000000000000000, 0.9999999999999998890 ) ) ;
#9296 = ORIENTED_EDGE ( 'NONE', *, *, #6833, .T. ) ;
#9297 = EDGE_LOOP ( 'NONE', ( #3346, #5560, #6208, #10970 ) ) ;
#9298 = AXIS2_PLACEMENT_3D ( 'NONE', #8479, #1753, #2718 ) ;
#9299 = VERTEX_POINT ( 'NONE', #2050 ) ;
#9300 = FACE_OUTER_BOUND ( 'NONE', #2213, .T. ) ;
#9301 = DIRECTION ( 'NONE',  ( 0.000000000000000000, 0.000000000000000000, 1.000000000000000000 ) ) ;
#9302 = DIRECTION ( 'NONE',  ( 0.000000000000000000, -1.000000000000000000, 0.000000000000000000 ) ) ;
#9303 = DIRECTION ( 'NONE',  ( 0.000000000000000000, 1.000000000000000000, 0.000000000000000000 ) ) ;
#9304 = CYLINDRICAL_SURFACE ( 'NONE', #8090, 1.200000000000003730 ) ;
#9305 = EDGE_LOOP ( 'NONE', ( #225, #4053, #9621, #5161 ) ) ;
#9306 = EDGE_LOOP ( 'NONE', ( #2309, #6937, #6266, #4365 ) ) ;
#9307 = ORIENTED_EDGE ( 'NONE', *, *, #4143, .F. ) ;
#9308 = DIRECTION ( 'NONE',  ( 0.000000000000000000, 1.000000000000000000, 7.709882115452476934E-17 ) ) ;
#9309 = CIRCLE ( 'NONE', #3509, 1.200000000000003064 ) ;
#9310 = CARTESIAN_POINT ( 'NONE',  ( -79.37499999999997158, 5.099999999999999645, -3.738845726937389813 ) ) ;
#9311 = CARTESIAN_POINT ( 'NONE',  ( 82.54999999999999716, 61.63999999999999346, 11.10020753820971606 ) ) ;
#9312 = CARTESIAN_POINT ( 'NONE',  ( -3.333762830265185162, 119.8510169627761712, -20.03649027154900253 ) ) ;
#9313 = LINE ( 'NONE', #8803, #10400 ) ;
#9314 = DIRECTION ( 'NONE',  ( 0.000000000000000000, 0.000000000000000000, 1.000000000000000000 ) ) ;
#9315 = CARTESIAN_POINT ( 'NONE',  ( 82.54999999999999716, 6.349999999999999645, 25.39999999999999858 ) ) ;
#9316 = DIRECTION ( 'NONE',  ( 0.000000000000000000, 7.965314560035515770E-17, -1.000000000000000000 ) ) ;
#9317 = LINE ( 'NONE', #2453, #95 ) ;
#9318 = LINE ( 'NONE', #10911, #7817 ) ;
#9319 = ORIENTED_EDGE ( 'NONE', *, *, #1705, .F. ) ;
#9320 = VERTEX_POINT ( 'NONE', #228 ) ;
#9321 = VERTEX_POINT ( 'NONE', #10601 ) ;
#9322 = ADVANCED_FACE ( 'NONE', ( #974 ), #3576, .T. ) ;
#9323 = CIRCLE ( 'NONE', #6954, 5.000000000000000000 ) ;
#9324 = ORIENTED_EDGE ( 'NONE', *, *, #5961, .T. ) ;
#9325 = CARTESIAN_POINT ( 'NONE',  ( 69.20000000000776197, 8.275000000000281020, -6.985329661611392460 ) ) ;
#9326 = DIRECTION ( 'NONE',  ( -1.000000000000000000, 0.000000000000000000, -0.000000000000000000 ) ) ;
#9327 = DIRECTION ( 'NONE',  ( 1.000000000000000000, -0.000000000000000000, -1.490776387223533517E-14 ) ) ;
#9328 = ORIENTED_EDGE ( 'NONE', *, *, #1153, .T. ) ;
#9329 = CARTESIAN_POINT ( 'NONE',  ( 13.75500000000000433, 4.249377385370907589, 7.542308546125213731 ) ) ;
#9330 = B_SPLINE_CURVE_WITH_KNOTS ( 'NONE', 3,
 ( #10639, #5484, #6333, #7252, #10824, #2038, #9858, #3047 ),
 .UNSPECIFIED., .F., .F.,
 ( 4, 2, 2, 4 ),
 ( -3.162277660238026645E-05, 0.003577576601605669641, 0.005382176290709694833, 0.007186775979813720024 ),
 .UNSPECIFIED. ) ;
#9331 = CARTESIAN_POINT ( 'NONE',  ( 79.37500000000002842, 5.099999999999999645, -3.738845726937403580 ) ) ;
#9332 = EDGE_LOOP ( 'NONE', ( #13, #7358, #3031, #7257, #2841, #6396 ) ) ;
#9333 = DIRECTION ( 'NONE',  ( 0.000000000000000000, 1.000000000000000000, 0.000000000000000000 ) ) ;
#9334 = EDGE_LOOP ( 'NONE', ( #4916, #4591, #5415, #7494 ) ) ;
#9335 = ADVANCED_FACE ( 'NONE', ( #8070 ), #4583, .T. ) ;
#9336 = ORIENTED_EDGE ( 'NONE', *, *, #569, .F. ) ;
#9337 = LINE ( 'NONE', #9509, #1140 ) ;
#9338 = EDGE_CURVE ( 'NONE', #5910, #4312, #3350, .T. ) ;
#9339 = VECTOR ( 'NONE', #9140, 1000.000000000000000 ) ;
#9340 = EDGE_CURVE ( 'NONE', #5258, #8767, #10157, .T. ) ;
#9341 = DIRECTION ( 'NONE',  ( 0.000000000000000000, 1.000000000000000000, 0.000000000000000000 ) ) ;
#9342 = CARTESIAN_POINT ( 'NONE',  ( 10.60957050301874460, 99.82583987928819624, 17.30072581676351362 ) ) ;
#9343 = CARTESIAN_POINT ( 'NONE',  ( 68.03173908835242401, 8.274999999999998579, -15.14558481528877465 ) ) ;
#9344 = LINE ( 'NONE', #4923, #10711 ) ;
#9345 = LINE ( 'NONE', #1586, #4448 ) ;
#9346 = CARTESIAN_POINT ( 'NONE',  ( 74.43750000000000000, 9.393818159531837964, -32.75769145387477721 ) ) ;
#9347 = ORIENTED_EDGE ( 'NONE', *, *, #10661, .T. ) ;
#9348 = ORIENTED_EDGE ( 'NONE', *, *, #1161, .F. ) ;
#9349 = AXIS2_PLACEMENT_3D ( 'NONE', #2208, #9746, #5430 ) ;
#9350 = ORIENTED_EDGE ( 'NONE', *, *, #10731, .F. ) ;
#9351 = EDGE_CURVE ( 'NONE', #549, #1373, #301, .T. ) ;
#9352 = EDGE_CURVE ( 'NONE', #9864, #5013, #1954, .T. ) ;
#9353 = EDGE_CURVE ( 'NONE', #10262, #8202, #7169, .T. ) ;
#9354 = DIRECTION ( 'NONE',  ( 0.000000000000000000, 0.000000000000000000, -1.000000000000000000 ) ) ;
#9355 = DIRECTION ( 'NONE',  ( -1.000000000000000000, 0.000000000000000000, 0.000000000000000000 ) ) ;
#9356 = DIRECTION ( 'NONE',  ( -1.593062912007103154E-16, 1.000000000000000000, 7.965314560035515770E-17 ) ) ;
#9357 = CARTESIAN_POINT ( 'NONE',  ( -33.11062444888673184, 97.50000000000000000, 21.29350972844888545 ) ) ;
#9358 = AXIS2_PLACEMENT_3D ( 'NONE', #10814, #6320, #9849 ) ;
#9359 = DIRECTION ( 'NONE',  ( 0.000000000000000000, 0.000000000000000000, -1.000000000000000000 ) ) ;
#9360 = CARTESIAN_POINT ( 'NONE',  ( -73.96808532237744771, 8.274999999999998579, 0.5788675790057360437 ) ) ;
#9361 = ORIENTED_EDGE ( 'NONE', *, *, #2411, .F. ) ;
#9362 = VERTEX_POINT ( 'NONE', #7107 ) ;
#9363 = ORIENTED_EDGE ( 'NONE', *, *, #3086, .F. ) ;
#9364 = LINE ( 'NONE', #1601, #7115 ) ;
#9365 = ORIENTED_EDGE ( 'NONE', *, *, #9731, .T. ) ;
#9366 = DIRECTION ( 'NONE',  ( -0.000000000000000000, 1.000000000000000000, -0.000000000000000000 ) ) ;
#9367 = CARTESIAN_POINT ( 'NONE',  ( -43.40689872104514535, 74.78999999999417980, -23.92998592831960991 ) ) ;
#9368 = FACE_OUTER_BOUND ( 'NONE', #5831, .T. ) ;
#9369 = FACE_OUTER_BOUND ( 'NONE', #2420, .T. ) ;
#9370 = CYLINDRICAL_SURFACE ( 'NONE', #7704, 1.149999999999994804 ) ;
#9371 = ORIENTED_EDGE ( 'NONE', *, *, #939, .T. ) ;
#9372 = ORIENTED_EDGE ( 'NONE', *, *, #2952, .T. ) ;
#9373 = ORIENTED_EDGE ( 'NONE', *, *, #3932, .F. ) ;
#9374 = EDGE_CURVE ( 'NONE', #3682, #4997, #10566, .T. ) ;
#9375 = ORIENTED_EDGE ( 'NONE', *, *, #3765, .T. ) ;
#9376 = CARTESIAN_POINT ( 'NONE',  ( 50.48689872104515075, 74.97269081489451992, 3.358530552390480040 ) ) ;
#9377 = CARTESIAN_POINT ( 'NONE',  ( -77.54999999999999716, 109.8258398792882247, -22.92957932766295670 ) ) ;
#9378 = CARTESIAN_POINT ( 'NONE',  ( -5.369668500624158014, 124.8258398792918058, 32.03271477103213272 ) ) ;
#9379 = VECTOR ( 'NONE', #3040, 1000.000000000000000 ) ;
#9380 = EDGE_LOOP ( 'NONE', ( #8703, #6212 ) ) ;
#9381 = AXIS2_PLACEMENT_3D ( 'NONE', #4187, #5306, #6790 ) ;
#9382 = EDGE_CURVE ( 'NONE', #7622, #8051, #6672, .T. ) ;
#9383 = DIRECTION ( 'NONE',  ( 1.521157000053560499E-16, 0.000000000000000000, -1.000000000000000000 ) ) ;
#9384 = ORIENTED_EDGE ( 'NONE', *, *, #6972, .F. ) ;
#9385 = DIRECTION ( 'NONE',  ( 0.000000000000000000, -0.000000000000000000, -1.000000000000000000 ) ) ;
#9386 = EDGE_LOOP ( 'NONE', ( #10451, #1932, #9711, #6110 ) ) ;
#9387 = ORIENTED_EDGE ( 'NONE', *, *, #7029, .T. ) ;
#9388 = AXIS2_PLACEMENT_3D ( 'NONE', #2617, #6063, #9538 ) ;
#9389 = VERTEX_POINT ( 'NONE', #6852 ) ;
#9390 = CIRCLE ( 'NONE', #5055, 24.20000000000000639 ) ;
#9391 = CARTESIAN_POINT ( 'NONE',  ( -77.61249999996866222, 69.46500000000000341, -29.66122071973759944 ) ) ;
#9392 = CARTESIAN_POINT ( 'NONE',  ( -77.61249999996866222, 82.35514882866895903, -32.75769145387477010 ) ) ;
#9393 = CARTESIAN_POINT ( 'NONE',  ( -3.408890166425358359, 124.3668708375128062, 36.90000000000873825 ) ) ;
#9394 = CARTESIAN_POINT ( 'NONE',  ( 50.48689872104515075, 74.43999999999417128, -7.959769997217391868 ) ) ;
#9395 = EDGE_CURVE ( 'NONE', #5502, #7482, #8631, .T. ) ;
#9396 = CARTESIAN_POINT ( 'NONE',  ( -50.48689872104515075, 0.000000000000000000, -9.453771206965333315E-16 ) ) ;
#9397 = CARTESIAN_POINT ( 'NONE',  ( -5.000429496931850792, 124.8258398792882247, -20.03649027154900253 ) ) ;
#9398 = VECTOR ( 'NONE', #121, 1000.000000000000000 ) ;
#9400 = AXIS2_PLACEMENT_3D ( 'NONE', #1761, #2163, #9816 ) ;
#9399 = CARTESIAN_POINT ( 'NONE',  ( 96.69213562373100501, 99.82583987928822467, 46.90000000000009095 ) ) ;
#9401 = AXIS2_PLACEMENT_3D ( 'NONE', #10105, #3635, #3984 ) ;
#9402 = ORIENTED_EDGE ( 'NONE', *, *, #181, .F. ) ;
#9403 = EDGE_LOOP ( 'NONE', ( #626, #4832, #10197, #9978 ) ) ;
#9404 = EDGE_CURVE ( 'NONE', #8892, #3412, #8514, .T. ) ;
#9405 = ORIENTED_EDGE ( 'NONE', *, *, #1887, .F. ) ;
#9406 = VECTOR ( 'NONE', #3537, 1000.000000000000000 ) ;
#9407 = DIRECTION ( 'NONE',  ( 0.000000000000000000, 0.000000000000000000, -1.000000000000000000 ) ) ;
#9408 = AXIS2_PLACEMENT_3D ( 'NONE', #9733, #6376, #6316 ) ;
#9409 = FACE_OUTER_BOUND ( 'NONE', #2382, .T. ) ;
#9410 = LINE ( 'NONE', #9466, #993 ) ;
#9411 = CARTESIAN_POINT ( 'NONE',  ( -33.11062307129483884, 97.50000000000000000, 18.79375140158797919 ) ) ;
#9412 = CARTESIAN_POINT ( 'NONE',  ( 41.54999999999999716, 93.00000000000000000, 33.89999999999999147 ) ) ;
#9413 = EDGE_CURVE ( 'NONE', #4934, #1268, #452, .T. ) ;
#9414 = CARTESIAN_POINT ( 'NONE',  ( 82.55000000000002558, 58.93999999999998352, -0.2576914538747649974 ) ) ;
#9415 = ORIENTED_EDGE ( 'NONE', *, *, #6476, .F. ) ;
#9416 = VERTEX_POINT ( 'NONE', #4817 ) ;
#9417 = ORIENTED_EDGE ( 'NONE', *, *, #10350, .T. ) ;
#9418 = AXIS2_PLACEMENT_3D ( 'NONE', #10895, #3126, #2108 ) ;
#9419 = ADVANCED_FACE ( 'NONE', ( #503 ), #2853, .T. ) ;
#9420 = CARTESIAN_POINT ( 'NONE',  ( 74.43750000000000000, 82.35514882866895903, -32.75769145387477010 ) ) ;
#9421 = DIRECTION ( 'NONE',  ( 0.000000000000000000, 0.000000000000000000, 1.000000000000000000 ) ) ;
#9422 = ORIENTED_EDGE ( 'NONE', *, *, #4208, .T. ) ;
#9423 = CARTESIAN_POINT ( 'NONE',  ( -30.00042949693185079, 119.8258398792882105, 11.89999999999998614 ) ) ;
#9424 = CARTESIAN_POINT ( 'NONE',  ( 3.332903836401472031, 119.8510169627761712, -20.03649027154900253 ) ) ;
#9425 = CARTESIAN_POINT ( 'NONE',  ( 1.666073818051379218, 119.8727425147829280, 36.89999999999998437 ) ) ;
#9426 = CARTESIAN_POINT ( 'NONE',  ( -61.59000000000065711, 8.274999999999998579, 18.12419718570802019 ) ) ;
#9427 = DIRECTION ( 'NONE',  ( 0.000000000000000000, 0.000000000000000000, 1.000000000000000000 ) ) ;
#9428 = CARTESIAN_POINT ( 'NONE',  ( -50.48689872104514365, 95.20641123616282187, -26.28622525258461451 ) ) ;
#9429 = LINE ( 'NONE', #5444, #4678 ) ;
#9430 = ORIENTED_EDGE ( 'NONE', *, *, #9055, .F. ) ;
#9431 = CIRCLE ( 'NONE', #9798, 24.20000000000000639 ) ;
#9432 = ORIENTED_EDGE ( 'NONE', *, *, #4842, .F. ) ;
#9433 = ORIENTED_EDGE ( 'NONE', *, *, #8461, .F. ) ;
#9434 = DIRECTION ( 'NONE',  ( 0.000000000000000000, 1.000000000000000000, -0.000000000000000000 ) ) ;
#9435 = DIRECTION ( 'NONE',  ( 9.732078352470914792E-11, 0.000000000000000000, 1.000000000000000000 ) ) ;
#9436 = CIRCLE ( 'NONE', #750, 1.150000000000003020 ) ;
#9437 = LINE ( 'NONE', #9668, #3816 ) ;
#9438 = ORIENTED_EDGE ( 'NONE', *, *, #391, .F. ) ;
#9439 = CARTESIAN_POINT ( 'NONE',  ( -5.000429496931850792, 119.8299752807307357, -20.03649027154900963 ) ) ;
#9440 = DIRECTION ( 'NONE',  ( 1.000000000000000000, 0.000000000000000000, 0.000000000000000000 ) ) ;
#9441 = LINE ( 'NONE', #8599, #6477 ) ;
#9442 = VERTEX_POINT ( 'NONE', #4101 ) ;
#9443 = DIRECTION ( 'NONE',  ( -0.000000000000000000, -1.000000000000000000, -0.000000000000000000 ) ) ;
#9444 = ORIENTED_EDGE ( 'NONE', *, *, #2547, .F. ) ;
#9445 = AXIS2_PLACEMENT_3D ( 'NONE', #10369, #7138, #45 ) ;
#9446 = AXIS2_PLACEMENT_3D ( 'NONE', #1166, #2077, #417 ) ;
#9447 = ORIENTED_EDGE ( 'NONE', *, *, #7547, .F. ) ;
#9448 = EDGE_LOOP ( 'NONE', ( #9648, #6818, #9447, #10008 ) ) ;
#9449 = EDGE_CURVE ( 'NONE', #7622, #7852, #6119, .T. ) ;
#9450 = DIRECTION ( 'NONE',  ( 1.000000000000000000, 0.000000000000000000, 0.000000000000000000 ) ) ;
#9451 = DIRECTION ( 'NONE',  ( 0.000000000000000000, 1.951983478232497813E-16, -1.000000000000000000 ) ) ;
#9452 = CARTESIAN_POINT ( 'NONE',  ( -35.61042949679625735, 96.12583987928823603, 1.150873398797557678 ) ) ;
#9453 = CYLINDRICAL_SURFACE ( 'NONE', #3534, 5.000000000000004441 ) ;
#9454 = CARTESIAN_POINT ( 'NONE',  ( 24.99957050306814210, 124.8258398792882247, -3.046716903987330677E-15 ) ) ;
#9455 = DIRECTION ( 'NONE',  ( -0.000000000000000000, -1.000000000000000000, -0.000000000000000000 ) ) ;
#9456 = VECTOR ( 'NONE', #10612, 1000.000000000000000 ) ;
#9457 = DIRECTION ( 'NONE',  ( 0.000000000000000000, 0.000000000000000000, -1.000000000000000000 ) ) ;
#9458 = CARTESIAN_POINT ( 'NONE',  ( -61.81289880791658931, 5.099999999999999645, 18.26344096711873277 ) ) ;
#9459 = VERTEX_POINT ( 'NONE', #6623 ) ;
#9460 = VERTEX_POINT ( 'NONE', #10312 ) ;
#9461 = CARTESIAN_POINT ( 'NONE',  ( -72.76808532237741645, 5.099999999999999645, 18.26344096711973819 ) ) ;
#9462 = VERTEX_POINT ( 'NONE', #5155 ) ;
#9463 = EDGE_CURVE ( 'NONE', #2188, #3986, #1440, .T. ) ;
#9464 = DIRECTION ( 'NONE',  ( -1.053532600013481320E-16, -0.7213349599943349455, -0.6925863668092024916 ) ) ;
#9465 = CARTESIAN_POINT ( 'NONE',  ( 82.55000000000002558, 58.93999999999998352, -5.257691453874764775 ) ) ;
#9466 = CARTESIAN_POINT ( 'NONE',  ( 61.81289880791658931, 5.099999999999999645, 18.26344096711873277 ) ) ;
#9467 = ADVANCED_FACE ( 'NONE', ( #8563 ), #11162, .F. ) ;
#9468 = DIRECTION ( 'NONE',  ( -0.000000000000000000, -1.000000000000000000, -0.000000000000000000 ) ) ;
#9469 = CARTESIAN_POINT ( 'NONE',  ( 13.75500000000000256, -24.89937738537090794, -2.100877762788717116E-15 ) ) ;
#9470 = ORIENTED_EDGE ( 'NONE', *, *, #8472, .F. ) ;
#9471 = CARTESIAN_POINT ( 'NONE',  ( 43.40689872104514535, 69.46500000000000341, 22.30467496797187010 ) ) ;
#9472 = ORIENTED_EDGE ( 'NONE', *, *, #1774, .F. ) ;
#9473 = ORIENTED_EDGE ( 'NONE', *, *, #7537, .F. ) ;
#9474 = DIRECTION ( 'NONE',  ( -0.000000000000000000, -1.000000000000000000, -0.000000000000000000 ) ) ;
#9475 = ADVANCED_FACE ( 'NONE', ( #10231 ), #6558, .T. ) ;
#9476 = EDGE_CURVE ( 'NONE', #2569, #10754, #4840, .T. ) ;
#9477 = VECTOR ( 'NONE', #10054, 1000.000000000000000 ) ;
#9478 = CIRCLE ( 'NONE', #9118, 1.149999999999999023 ) ;
#9479 = LINE ( 'NONE', #4367, #6126 ) ;
#9480 = CARTESIAN_POINT ( 'NONE',  ( -3.408342398413210628, 124.3696453009095109, -20.03649027154754592 ) ) ;
#9481 = CYLINDRICAL_SURFACE ( 'NONE', #10948, 2.500000000000002220 ) ;
#9482 = EDGE_CURVE ( 'NONE', #9460, #1345, #6936, .T. ) ;
#9483 = CARTESIAN_POINT ( 'NONE',  ( 82.55000000000002558, 61.63999999999999346, -0.2576914538747651640 ) ) ;
#9484 = EDGE_CURVE ( 'NONE', #4965, #3159, #10079, .T. ) ;
#9485 = CARTESIAN_POINT ( 'NONE',  ( -42.55000000000002558, 97.32583987928822467, 33.89999999999999147 ) ) ;
#9486 = CARTESIAN_POINT ( 'NONE',  ( -5.000429496931850792, 109.8258398792882247, 11.89999999999998614 ) ) ;
#9487 = EDGE_LOOP ( 'NONE', ( #5550, #9365, #479, #3384 ) ) ;
#9488 = EDGE_LOOP ( 'NONE', ( #9132, #9432, #10764, #1982, #7412 ) ) ;
#9489 = CIRCLE ( 'NONE', #5860, 0.7999800169725922450 ) ;
#9490 = EDGE_LOOP ( 'NONE', ( #5987, #9417, #7373, #3348 ) ) ;
#9491 = ORIENTED_EDGE ( 'NONE', *, *, #3459, .F. ) ;
#9492 = CARTESIAN_POINT ( 'NONE',  ( -33.55000000000002558, 97.32583987928822467, 22.30467496797187010 ) ) ;
#9493 = ADVANCED_FACE ( 'NONE', ( #6586 ), #1259, .F. ) ;
#9494 = ORIENTED_EDGE ( 'NONE', *, *, #9893, .F. ) ;
#9495 = LINE ( 'NONE', #1669, #10110 ) ;
#9496 = CARTESIAN_POINT ( 'NONE',  ( 11.25500000000000433, 4.249377385370907589, 7.542308546125213731 ) ) ;
#9497 = PLANE ( 'NONE',  #7418 ) ;
#9498 = VECTOR ( 'NONE', #4024, 1000.000000000000000 ) ;
#9499 = CARTESIAN_POINT ( 'NONE',  ( -50.48689872104515075, 78.54000537782802382, -2.374168628343575449 ) ) ;
#9500 = ORIENTED_EDGE ( 'NONE', *, *, #704, .F. ) ;
#9501 = DIRECTION ( 'NONE',  ( 0.000000000000000000, -0.000000000000000000, 1.000000000000000000 ) ) ;
#9502 = FACE_OUTER_BOUND ( 'NONE', #8897, .T. ) ;
#9503 = ORIENTED_EDGE ( 'NONE', *, *, #6952, .T. ) ;
#9504 = CARTESIAN_POINT ( 'NONE',  ( 43.40689872104514535, 95.28999999999417980, 0.5200140716803907104 ) ) ;
#9505 = EDGE_LOOP ( 'NONE', ( #3985, #4894, #2155, #3017, #1279 ) ) ;
#9506 = AXIS2_PLACEMENT_3D ( 'NONE', #4630, #5428, #9179 ) ;
#9507 = ORIENTED_EDGE ( 'NONE', *, *, #6687, .F. ) ;
#9508 = VERTEX_POINT ( 'NONE', #4727 ) ;
#9509 = CARTESIAN_POINT ( 'NONE',  ( 61.59000000000065711, 5.099999999999999645, 18.12419718570802019 ) ) ;
#9510 = CARTESIAN_POINT ( 'NONE',  ( -77.61249999996866222, 82.35514882866895903, -32.75769145387477010 ) ) ;
#9511 = DIRECTION ( 'NONE',  ( 0.000000000000000000, 0.000000000000000000, 1.000000000000000000 ) ) ;
#9512 = DIRECTION ( 'NONE',  ( 1.000000000000000000, 0.000000000000000000, 0.000000000000000000 ) ) ;
#9513 = VERTEX_POINT ( 'NONE', #7238 ) ;
#9514 = VECTOR ( 'NONE', #10965, 1000.000000000000000 ) ;
#9515 = DIRECTION ( 'NONE',  ( 9.007218048341112698E-16, 0.000000000000000000, 1.000000000000000000 ) ) ;
#9516 = CARTESIAN_POINT ( 'NONE',  ( 82.55000000000002558, 66.63999999999998636, -5.257691453874765664 ) ) ;
#9517 = DIRECTION ( 'NONE',  ( 0.000000000000000000, 0.000000000000000000, -1.000000000000000000 ) ) ;
#9518 = VERTEX_POINT ( 'NONE', #8829 ) ;
#9519 = ORIENTED_EDGE ( 'NONE', *, *, #9277, .T. ) ;
#9520 = ORIENTED_EDGE ( 'NONE', *, *, #2485, .F. ) ;
#9521 = VECTOR ( 'NONE', #1200, 1000.000000000000000 ) ;
#9522 = CARTESIAN_POINT ( 'NONE',  ( -0.1327752523027176945, 96.12583987928823603, 8.433509402387802112 ) ) ;
#9523 = CARTESIAN_POINT ( 'NONE',  ( 4.999570503068137661, 110.8258398792882247, -21.03649027154900608 ) ) ;
#9524 = DIRECTION ( 'NONE',  ( 0.000000000000000000, 0.000000000000000000, -1.000000000000000000 ) ) ;
#9525 = DIRECTION ( 'NONE',  ( 0.000000000000000000, 0.000000000000000000, 1.000000000000000000 ) ) ;
#9526 = DIRECTION ( 'NONE',  ( -0.000000000000000000, -1.000000000000000000, -0.000000000000000000 ) ) ;
#9527 = DIRECTION ( 'NONE',  ( -1.521157000053560499E-16, -5.229285515060565227E-16, 1.000000000000000000 ) ) ;
#9528 = VERTEX_POINT ( 'NONE', #8943 ) ;
#9529 = VECTOR ( 'NONE', #46, 1000.000000000000000 ) ;
#9530 = LINE ( 'NONE', #2836, #4409 ) ;
#9531 = EDGE_CURVE ( 'NONE', #1536, #11078, #3418, .T. ) ;
#9532 = ORIENTED_EDGE ( 'NONE', *, *, #5209, .F. ) ;
#9533 = VERTEX_POINT ( 'NONE', #8149 ) ;
#9534 = DIRECTION ( 'NONE',  ( 0.000000000000000000, 0.000000000000000000, -1.000000000000000000 ) ) ;
#9535 = EDGE_LOOP ( 'NONE', ( #5325, #970, #1165, #672 ) ) ;
#9536 = AXIS2_PLACEMENT_3D ( 'NONE', #10138, #3334, #4016 ) ;
#9537 = CARTESIAN_POINT ( 'NONE',  ( 11.25500000000000433, -24.89937738537090794, 7.542308546125213731 ) ) ;
#9538 = DIRECTION ( 'NONE',  ( 1.000000000000000000, 0.000000000000000000, 0.000000000000000000 ) ) ;
#9539 = DIRECTION ( 'NONE',  ( 0.000000000000000000, 0.000000000000000000, -1.000000000000000000 ) ) ;
#9540 = DIRECTION ( 'NONE',  ( 0.000000000000000000, 0.000000000000000000, -1.000000000000000000 ) ) ;
#9541 = DIRECTION ( 'NONE',  ( 0.000000000000000000, 0.000000000000000000, -1.000000000000000000 ) ) ;
#9542 = EDGE_LOOP ( 'NONE', ( #8389, #8089, #6297, #1784 ) ) ;
#9543 = EDGE_CURVE ( 'NONE', #7993, #3082, #305, .T. ) ;
#9544 = ADVANCED_FACE ( 'NONE', ( #3880 ), #8099, .F. ) ;
#9545 = VERTEX_POINT ( 'NONE', #5413 ) ;
#9546 = ORIENTED_EDGE ( 'NONE', *, *, #8799, .T. ) ;
#9547 = ORIENTED_EDGE ( 'NONE', *, *, #9828, .T. ) ;
#9548 = EDGE_CURVE ( 'NONE', #4430, #10605, #1277, .T. ) ;
#9549 = EDGE_CURVE ( 'NONE', #7460, #10363, #8208, .T. ) ;
#9550 = VERTEX_POINT ( 'NONE', #2023 ) ;
#9551 = DIRECTION ( 'NONE',  ( 0.000000000000000000, 0.000000000000000000, -1.000000000000000000 ) ) ;
#9552 = DIRECTION ( 'NONE',  ( 0.000000000000000000, 0.000000000000000000, 1.000000000000000000 ) ) ;
#9553 = DIRECTION ( 'NONE',  ( -0.000000000000000000, -1.000000000000000000, -0.000000000000000000 ) ) ;
#9554 = ORIENTED_EDGE ( 'NONE', *, *, #2774, .T. ) ;
#9555 = CARTESIAN_POINT ( 'NONE',  ( 80.04999999999999716, -27.00000000000000355, -10.25769145387463688 ) ) ;
#9556 = ADVANCED_FACE ( 'NONE', ( #4503 ), #11041, .F. ) ;
#9557 = EDGE_CURVE ( 'NONE', #2405, #167, #7176, .T. ) ;
#9558 = ORIENTED_EDGE ( 'NONE', *, *, #7473, .T. ) ;
#9559 = DIRECTION ( 'NONE',  ( 1.000000000000000000, -0.000000000000000000, 0.000000000000000000 ) ) ;
#9560 = EDGE_CURVE ( 'NONE', #4249, #3771, #2079, .T. ) ;
#9561 = VERTEX_POINT ( 'NONE', #10810 ) ;
#9562 = EDGE_CURVE ( 'NONE', #5884, #7563, #199, .T. ) ;
#9563 = EDGE_LOOP ( 'NONE', ( #6368, #7629, #4909, #10402, #6267, #5559 ) ) ;
#9564 = VERTEX_POINT ( 'NONE', #8994 ) ;
#9565 = CARTESIAN_POINT ( 'NONE',  ( 0.000000000000000000, 99.82583987928822467, 0.000000000000000000 ) ) ;
#9566 = CARTESIAN_POINT ( 'NONE',  ( 4.238100518387083682, 124.8258398792646631, -15.40658961031556018 ) ) ;
#9567 = DIRECTION ( 'NONE',  ( 1.000000000000000000, 0.000000000000000000, 0.000000000000000000 ) ) ;
#9568 = FACE_OUTER_BOUND ( 'NONE', #6454, .T. ) ;
#9569 = CARTESIAN_POINT ( 'NONE',  ( 76.81501998216515403, 5.099999999999999645, 20.22115427298596302 ) ) ;
#9570 = ORIENTED_EDGE ( 'NONE', *, *, #490, .T. ) ;
#9571 = DIRECTION ( 'NONE',  ( -0.000000000000000000, -1.000000000000000000, 0.000000000000000000 ) ) ;
#9572 = EDGE_CURVE ( 'NONE', #3324, #2522, #1221, .T. ) ;
#9573 = CARTESIAN_POINT ( 'NONE',  ( 2.627153738752083401E-15, 6.349999999999999645, 24.62763407003638250 ) ) ;
#9574 = FACE_OUTER_BOUND ( 'NONE', #10482, .T. ) ;
#9575 = EDGE_LOOP ( 'NONE', ( #5872, #7682, #5470, #4402 ) ) ;
#9576 = VECTOR ( 'NONE', #311, 1000.000000000000000 ) ;
#9577 = ORIENTED_EDGE ( 'NONE', *, *, #455, .F. ) ;
#9578 = VECTOR ( 'NONE', #11115, 1000.000000000000000 ) ;
#9579 = VERTEX_POINT ( 'NONE', #5474 ) ;
#9580 = DIRECTION ( 'NONE',  ( 0.000000000000000000, -1.000000000000000000, 0.000000000000000000 ) ) ;
#9581 = DIRECTION ( 'NONE',  ( 0.000000000000000000, 1.000000000000000000, -0.000000000000000000 ) ) ;
#9582 = AXIS2_PLACEMENT_3D ( 'NONE', #541, #714, #10073 ) ;
#9583 = AXIS2_PLACEMENT_3D ( 'NONE', #10266, #2500, #5058 ) ;
#9584 = CARTESIAN_POINT ( 'NONE',  ( -81.84979246179028678, 61.63999999999999346, 5.399999999999991473 ) ) ;
#9585 = PLANE ( 'NONE',  #2584 ) ;
#9586 = VECTOR ( 'NONE', #2071, 1000.000000000000000 ) ;
#9587 = CARTESIAN_POINT ( 'NONE',  ( 46.58189872104514251, 75.48946397805705999, -7.085838131530381798E-15 ) ) ;
#9588 = DIRECTION ( 'NONE',  ( 0.000000000000000000, -0.7071063548969729329, 0.7071072074758651960 ) ) ;
#9589 = EDGE_CURVE ( 'NONE', #7299, #7170, #258, .T. ) ;
#9590 = ORIENTED_EDGE ( 'NONE', *, *, #542, .T. ) ;
#9591 = DIRECTION ( 'NONE',  ( 0.000000000000000000, 0.000000000000000000, 1.000000000000000000 ) ) ;
#9592 = VERTEX_POINT ( 'NONE', #1168 ) ;
#9593 = VERTEX_POINT ( 'NONE', #4661 ) ;
#9594 = CARTESIAN_POINT ( 'NONE',  ( -73.96808532237744771, 8.274999999999998579, 17.06344096893413820 ) ) ;
#9595 = CIRCLE ( 'NONE', #4148, 0.9999999999999974465 ) ;
#9596 = VECTOR ( 'NONE', #5527, 1000.000000000000000 ) ;
#9597 = ORIENTED_EDGE ( 'NONE', *, *, #3664, .F. ) ;
#9598 = DIRECTION ( 'NONE',  ( -1.317950958372553779E-22, 0.9999999999995129452, -9.870233350266329205E-07 ) ) ;
#9599 = EDGE_CURVE ( 'NONE', #1577, #2483, #9900, .T. ) ;
#9600 = CARTESIAN_POINT ( 'NONE',  ( -32.55000000000002558, 92.50000000000000000, 33.89999999999999147 ) ) ;
#9601 = CARTESIAN_POINT ( 'NONE',  ( -5.041172241961261236, 124.6347516102852637, -20.03649027154900608 ) ) ;
#9602 = DIRECTION ( 'NONE',  ( 1.000000000000000000, 0.000000000000000000, 0.000000000000000000 ) ) ;
#9603 = CARTESIAN_POINT ( 'NONE',  ( -0.0004294969318460739593, 109.8258398792882247, 8.433509728450992782 ) ) ;
#9604 = VECTOR ( 'NONE', #233, 1000.000000000000227 ) ;
#9605 = CARTESIAN_POINT ( 'NONE',  ( -50.02648654977334530, 8.274999999999998579, 24.62763407003638960 ) ) ;
#9606 = VECTOR ( 'NONE', #4183, 1000.000000000000000 ) ;
#9607 = VERTEX_POINT ( 'NONE', #363 ) ;
#9608 = VECTOR ( 'NONE', #500, 1000.000000000000000 ) ;
#9609 = ORIENTED_EDGE ( 'NONE', *, *, #8947, .F. ) ;
#9610 = ORIENTED_EDGE ( 'NONE', *, *, #2211, .T. ) ;
#9611 = VECTOR ( 'NONE', #4036, 1000.000000000000000 ) ;
#9612 = EDGE_CURVE ( 'NONE', #2188, #7093, #7118, .T. ) ;
#9613 = DIRECTION ( 'NONE',  ( -2.806772131380966290E-20, 0.9999999829769944393, 0.0001845156108989498935 ) ) ;
#9614 = DIRECTION ( 'NONE',  ( 0.000000000000000000, 1.000000000000000000, 1.677434638215118264E-15 ) ) ;
#9615 = LINE ( 'NONE', #7041, #9805 ) ;
#9616 = EDGE_LOOP ( 'NONE', ( #11198, #7287, #9570, #4237 ) ) ;
#9617 = EDGE_CURVE ( 'NONE', #5422, #612, #1979, .T. ) ;
#9618 = DIRECTION ( 'NONE',  ( -0.000000000000000000, -1.000000000000000000, -0.000000000000000000 ) ) ;
#9619 = EDGE_LOOP ( 'NONE', ( #6412, #9268, #2842, #8267 ) ) ;
#9620 = CARTESIAN_POINT ( 'NONE',  ( -69.20000000000000284, 18.84999999999999787, -24.58269145387476584 ) ) ;
#9621 = ORIENTED_EDGE ( 'NONE', *, *, #2706, .F. ) ;
#9622 = VERTEX_POINT ( 'NONE', #2131 ) ;
#9623 = ORIENTED_EDGE ( 'NONE', *, *, #4654, .F. ) ;
#9624 = EDGE_CURVE ( 'NONE', #9144, #6311, #2816, .T. ) ;
#9625 = AXIS2_PLACEMENT_3D ( 'NONE', #2987, #10862, #10626 ) ;
#9626 = EDGE_CURVE ( 'NONE', #10002, #5884, #1607, .T. ) ;
#9627 = LINE ( 'NONE', #998, #7231 ) ;
#9628 = CARTESIAN_POINT ( 'NONE',  ( -43.40689872104514535, 74.43999999999417128, -2.374168628343575005 ) ) ;
#9629 = DIRECTION ( 'NONE',  ( -0.8191520442889852482, 0.000000000000000000, -0.5735764363510553743 ) ) ;
#9630 = ADVANCED_FACE ( 'NONE', ( #5118 ), #3250, .F. ) ;
#9631 = CARTESIAN_POINT ( 'NONE',  ( -74.43749999996866507, 18.84999999999999787, -37.08269145387476584 ) ) ;
#9632 = FACE_OUTER_BOUND ( 'NONE', #9906, .T. ) ;
#9633 = VECTOR ( 'NONE', #7969, 1000.000000000000000 ) ;
#9634 = DIRECTION ( 'NONE',  ( 0.000000000000000000, 0.000000000000000000, -1.000000000000000000 ) ) ;
#9635 = VECTOR ( 'NONE', #8000, 1000.000000000000000 ) ;
#9636 = AXIS2_PLACEMENT_3D ( 'NONE', #11138, #587, #8489 ) ;
#9637 = ORIENTED_EDGE ( 'NONE', *, *, #4905, .F. ) ;
#9638 = ORIENTED_EDGE ( 'NONE', *, *, #10038, .F. ) ;
#9639 = LINE ( 'NONE', #6836, #7680 ) ;
#9640 = EDGE_CURVE ( 'NONE', #10567, #3420, #7724, .T. ) ;
#9641 = VECTOR ( 'NONE', #3766, 1000.000000000000000 ) ;
#9643 = DIRECTION ( 'NONE',  ( -1.000000000000000000, 0.000000000000000000, 9.184139537363837425E-14 ) ) ;
#9642 = AXIS2_PLACEMENT_3D ( 'NONE', #3662, #8888, #3759 ) ;
#9644 = CARTESIAN_POINT ( 'NONE',  ( 11.25500000000000433, 6.349999999999999645, 19.39999999999997371 ) ) ;
#9645 = PLANE ( 'NONE',  #4392 ) ;
#9646 = LINE ( 'NONE', #1865, #2383 ) ;
#9647 = CARTESIAN_POINT ( 'NONE',  ( -67.12500000000000000, 104.8258398792882247, 40.40000000000004832 ) ) ;
#9648 = ORIENTED_EDGE ( 'NONE', *, *, #5324, .T. ) ;
#9649 = DIRECTION ( 'NONE',  ( 0.000000000000000000, 1.000000000000000000, 0.000000000000000000 ) ) ;
#9650 = VERTEX_POINT ( 'NONE', #2502 ) ;
#9651 = VERTEX_POINT ( 'NONE', #801 ) ;
#9652 = DIRECTION ( 'NONE',  ( 0.000000000000000000, 0.000000000000000000, 1.000000000000000000 ) ) ;
#9653 = ORIENTED_EDGE ( 'NONE', *, *, #10737, .T. ) ;
#9654 = LINE ( 'NONE', #8801, #5054 ) ;
#9655 = CARTESIAN_POINT ( 'NONE',  ( 33.75500000000002387, 10.00000000000000000, -3.738845726937403580 ) ) ;
#9656 = DIRECTION ( 'NONE',  ( 0.000000000000000000, 0.000000000000000000, 1.000000000000000000 ) ) ;
#9657 = VECTOR ( 'NONE', #493, 1000.000000000000000 ) ;
#9658 = DIRECTION ( 'NONE',  ( -1.527355698137925406E-16, 0.000000000000000000, -1.000000000000000000 ) ) ;
#9659 = ORIENTED_EDGE ( 'NONE', *, *, #10882, .T. ) ;
#9660 = CARTESIAN_POINT ( 'NONE',  ( 0.000000000000000000, 4.249377385370907589, 16.39999999999999858 ) ) ;
#9661 = VERTEX_POINT ( 'NONE', #11181 ) ;
#9662 = ORIENTED_EDGE ( 'NONE', *, *, #5169, .T. ) ;
#9663 = AXIS2_PLACEMENT_3D ( 'NONE', #6031, #3432, #8714 ) ;
#9664 = AXIS2_PLACEMENT_3D ( 'NONE', #1436, #6579, #4773 ) ;
#9665 = DIRECTION ( 'NONE',  ( 0.000000000000000000, 0.000000000000000000, -1.000000000000000000 ) ) ;
#9666 = CARTESIAN_POINT ( 'NONE',  ( 6.616786963295058221, 99.82583987928822467, 21.29351169338514538 ) ) ;
#9667 = DIRECTION ( 'NONE',  ( -6.697463681984793185E-14, 0.000000000000000000, -1.000000000000000000 ) ) ;
#9668 = CARTESIAN_POINT ( 'NONE',  ( 2.324487692553086219E-12, 90.00000000000000000, 21.29350972844527234 ) ) ;
#9669 = VECTOR ( 'NONE', #6631, 1000.000000000000000 ) ;
#9670 = CARTESIAN_POINT ( 'NONE',  ( -76.81501998216515403, 8.274999999999998579, 17.92115427298595876 ) ) ;
#9671 = AXIS2_PLACEMENT_3D ( 'NONE', #8852, #4754, #8233 ) ;
#9672 = EDGE_LOOP ( 'NONE', ( #7508, #4327, #9017, #2408 ) ) ;
#9673 = EDGE_CURVE ( 'NONE', #2768, #9460, #10163, .T. ) ;
#9674 = ORIENTED_EDGE ( 'NONE', *, *, #9980, .T. ) ;
#9675 = ORIENTED_EDGE ( 'NONE', *, *, #9612, .F. ) ;
#9676 = AXIS2_PLACEMENT_3D ( 'NONE', #9496, #10448, #4487 ) ;
#9677 = ORIENTED_EDGE ( 'NONE', *, *, #8783, .F. ) ;
#9678 = CIRCLE ( 'NONE', #10923, 5.999999999999998224 ) ;
#9679 = DIRECTION ( 'NONE',  ( 0.000000000000000000, -1.000000000000000000, 1.092650601076099465E-16 ) ) ;
#9680 = CARTESIAN_POINT ( 'NONE',  ( 77.61249999999999716, -4.758722840905003082, -32.75769145387477721 ) ) ;
#9681 = ORIENTED_EDGE ( 'NONE', *, *, #2755, .T. ) ;
#9682 = DIRECTION ( 'NONE',  ( -1.000000000000000000, 0.000000000000000000, -1.066750355020279212E-16 ) ) ;
#9683 = PLANE ( 'NONE',  #2472 ) ;
#9684 = DIRECTION ( 'NONE',  ( 1.000000000000000000, 0.000000000000000000, 1.335278419062900361E-16 ) ) ;
#9685 = CARTESIAN_POINT ( 'NONE',  ( -50.48689872104515075, 74.78999999999417980, 1.670014071680389733 ) ) ;
#9686 = AXIS2_PLACEMENT_3D ( 'NONE', #10160, #7556, #11018 ) ;
#9687 = EDGE_CURVE ( 'NONE', #3544, #8245, #4258, .T. ) ;
#9688 = ORIENTED_EDGE ( 'NONE', *, *, #10546, .F. ) ;
#9689 = VERTEX_POINT ( 'NONE', #6693 ) ;
#9690 = ADVANCED_FACE ( 'NONE', ( #4147 ), #10386, .T. ) ;
#9691 = EDGE_CURVE ( 'NONE', #6763, #5606, #5234, .T. ) ;
#9692 = LINE ( 'NONE', #8954, #3695 ) ;
#9693 = CARTESIAN_POINT ( 'NONE',  ( 82.54999999999999716, 90.00000000000000000, 33.89999999999999147 ) ) ;
#9694 = LINE ( 'NONE', #5485, #1175 ) ;
#9695 = CARTESIAN_POINT ( 'NONE',  ( -54.81499993151516748, 8.274999999999998579, 15.82115373010225312 ) ) ;
#9696 = CARTESIAN_POINT ( 'NONE',  ( 77.61249999999999716, -4.758722840905002194, -40.25769145387477721 ) ) ;
#9697 = FACE_OUTER_BOUND ( 'NONE', #2433, .T. ) ;
#9698 = DIRECTION ( 'NONE',  ( 1.091641407263116552E-13, -2.450453404450669636E-28, 1.000000000000000000 ) ) ;
#9699 = EDGE_CURVE ( 'NONE', #980, #4430, #5060, .T. ) ;
#9700 = ORIENTED_EDGE ( 'NONE', *, *, #10301, .T. ) ;
#9701 = ADVANCED_FACE ( 'NONE', ( #6009 ), #11126, .T. ) ;
#9702 = ORIENTED_EDGE ( 'NONE', *, *, #11095, .T. ) ;
#9703 = CIRCLE ( 'NONE', #7520, 1.150000000000001688 ) ;
#9704 = CARTESIAN_POINT ( 'NONE',  ( -43.40689872104514535, 95.28999999999417980, 0.5200140716803907104 ) ) ;
#9705 = DIRECTION ( 'NONE',  ( -1.000000000000000000, 0.000000000000000000, 1.335278419062900361E-16 ) ) ;
#9706 = DIRECTION ( 'NONE',  ( 1.600125454749515028E-16, 0.000000000000000000, -1.000000000000000000 ) ) ;
#9707 = CARTESIAN_POINT ( 'NONE',  ( 0.000000000000000000, 99.82583987928822467, 0.000000000000000000 ) ) ;
#9708 = DIRECTION ( 'NONE',  ( 1.000000000000000000, 0.000000000000000000, -0.000000000000000000 ) ) ;
#9709 = DIRECTION ( 'NONE',  ( 0.000000000000000000, 0.000000000000000000, -1.000000000000000000 ) ) ;
#9710 = FACE_OUTER_BOUND ( 'NONE', #4114, .T. ) ;
#9711 = ORIENTED_EDGE ( 'NONE', *, *, #2419, .T. ) ;
#9712 = DIRECTION ( 'NONE',  ( 0.000000000000000000, 0.000000000000000000, 1.000000000000000000 ) ) ;
#9713 = VERTEX_POINT ( 'NONE', #2563 ) ;
#9714 = ORIENTED_EDGE ( 'NONE', *, *, #10061, .F. ) ;
#9715 = DIRECTION ( 'NONE',  ( 1.000000000000000000, 0.000000000000000000, -8.405686134351577711E-17 ) ) ;
#9716 = AXIS2_PLACEMENT_3D ( 'NONE', #5602, #4747, #8226 ) ;
#9717 = LINE ( 'NONE', #2800, #2974 ) ;
#9718 = CARTESIAN_POINT ( 'NONE',  ( 52.36501998304115091, 8.274999999999998579, 17.92115427297832397 ) ) ;
#9719 = DIRECTION ( 'NONE',  ( 1.075621078440235046E-16, 0.7071063548969745982, -0.7071072074758634196 ) ) ;
#9720 = DIRECTION ( 'NONE',  ( 0.7071067811865462405, -0.7071067811865489050, 0.000000000000000000 ) ) ;
#9721 = ORIENTED_EDGE ( 'NONE', *, *, #6134, .F. ) ;
#9722 = AXIS2_PLACEMENT_3D ( 'NONE', #1282, #5417, #10580 ) ;
#9723 = DIRECTION ( 'NONE',  ( 1.335278419062900361E-16, 0.000000000000000000, -1.000000000000000000 ) ) ;
#9724 = PLANE ( 'NONE',  #694 ) ;
#9725 = ORIENTED_EDGE ( 'NONE', *, *, #7617, .F. ) ;
#9726 = EDGE_CURVE ( 'NONE', #9026, #7831, #8693, .T. ) ;
#9727 = DIRECTION ( 'NONE',  ( 0.000000000000000000, 1.000000000000000000, 0.000000000000000000 ) ) ;
#9728 = ORIENTED_EDGE ( 'NONE', *, *, #3386, .F. ) ;
#9729 = ORIENTED_EDGE ( 'NONE', *, *, #4283, .F. ) ;
#9730 = DIRECTION ( 'NONE',  ( 0.000000000000000000, -1.000000000000000000, 0.000000000000000000 ) ) ;
#9731 = EDGE_CURVE ( 'NONE', #2648, #4736, #9237, .T. ) ;
#9732 = DIRECTION ( 'NONE',  ( 0.000000000000000000, 1.000000000000000000, 0.000000000000000000 ) ) ;
#9733 = CARTESIAN_POINT ( 'NONE',  ( -0.0004294969318460739593, 99.82583987928822467, 8.433509728450992782 ) ) ;
#9734 = DIRECTION ( 'NONE',  ( 1.218707698843631781E-16, -0.000000000000000000, 1.000000000000000000 ) ) ;
#9735 = ORIENTED_EDGE ( 'NONE', *, *, #6496, .F. ) ;
#9736 = CARTESIAN_POINT ( 'NONE',  ( 61.81289880791658931, 8.274999999999998579, 18.26344096711873277 ) ) ;
#9737 = LINE ( 'NONE', #1966, #1204 ) ;
#9738 = CARTESIAN_POINT ( 'NONE',  ( 50.48689872104515075, 72.67997248461419701, -24.29018084517760911 ) ) ;
#9739 = ORIENTED_EDGE ( 'NONE', *, *, #9572, .T. ) ;
#9740 = EDGE_LOOP ( 'NONE', ( #2045, #9714, #6461, #2724 ) ) ;
#9741 = LINE ( 'NONE', #5368, #1708 ) ;
#9742 = EDGE_CURVE ( 'NONE', #10981, #3372, #8480, .T. ) ;
#9743 = LINE ( 'NONE', #6498, #532 ) ;
#9744 = DIRECTION ( 'NONE',  ( -1.000000000000000000, 0.000000000000000000, -0.000000000000000000 ) ) ;
#9745 = DIRECTION ( 'NONE',  ( -0.000000000000000000, -1.000000000000000000, -0.000000000000000000 ) ) ;
#9746 = DIRECTION ( 'NONE',  ( 3.042040291059723567E-16, -0.000000000000000000, 1.000000000000000000 ) ) ;
#9747 = VECTOR ( 'NONE', #6873, 1000.000000000000000 ) ;
#9748 = AXIS2_PLACEMENT_3D ( 'NONE', #1741, #8662, #3550 ) ;
#9749 = EDGE_CURVE ( 'NONE', #2182, #6740, #3470, .T. ) ;
#9750 = ORIENTED_EDGE ( 'NONE', *, *, #849, .F. ) ;
#9751 = VERTEX_POINT ( 'NONE', #4200 ) ;
#9752 = CARTESIAN_POINT ( 'NONE',  ( -16.75499999999995637, -27.00000000000000355, 7.542308546125214619 ) ) ;
#9753 = ORIENTED_EDGE ( 'NONE', *, *, #3646, .T. ) ;
#9754 = CONICAL_SURFACE ( 'NONE', #2367, 5.999999999999998224, 0.9599310885968821427 ) ;
#9755 = DIRECTION ( 'NONE',  ( -0.000000000000000000, -1.000000000000000000, -0.000000000000000000 ) ) ;
#9756 = VECTOR ( 'NONE', #337, 1000.000000000000000 ) ;
#9757 = VECTOR ( 'NONE', #9856, 1000.000000000000000 ) ;
#9758 = DIRECTION ( 'NONE',  ( -0.000000000000000000, -1.000000000000000000, -0.000000000000000000 ) ) ;
#9759 = EDGE_CURVE ( 'NONE', #234, #794, #7618, .T. ) ;
#9760 = FACE_OUTER_BOUND ( 'NONE', #3130, .T. ) ;
#9761 = LINE ( 'NONE', #7835, #2179 ) ;
#9762 = CARTESIAN_POINT ( 'NONE',  ( -31.40689872104236002, 97.49999999999720046, 21.29350972844870427 ) ) ;
#9763 = ORIENTED_EDGE ( 'NONE', *, *, #8838, .T. ) ;
#9764 = CARTESIAN_POINT ( 'NONE',  ( 67.12499999999998579, 99.82583987928822467, 37.90000000000004832 ) ) ;
#9765 = EDGE_CURVE ( 'NONE', #11, #4763, #5244, .T. ) ;
#9766 = CIRCLE ( 'NONE', #11038, 0.7999999999998941291 ) ;
#9767 = ORIENTED_EDGE ( 'NONE', *, *, #6355, .F. ) ;
#9768 = AXIS2_PLACEMENT_3D ( 'NONE', #7293, #3665, #10576 ) ;
#9769 = ORIENTED_EDGE ( 'NONE', *, *, #5036, .T. ) ;
#9770 = ADVANCED_FACE ( 'NONE', ( #9369 ), #9775, .F. ) ;
#9771 = VECTOR ( 'NONE', #6097, 1000.000000000000000 ) ;
#9772 = CARTESIAN_POINT ( 'NONE',  ( 11.25500000000000433, 6.350000000000001421, 13.89999999999999680 ) ) ;
#9773 = LINE ( 'NONE', #2117, #4886 ) ;
#9774 = CARTESIAN_POINT ( 'NONE',  ( 50.48689872104515075, 97.40000406513269127, 2.358535216981981542 ) ) ;
#9775 = CONICAL_SURFACE ( 'NONE', #1806, 5.499999999999973355, 0.9599310885968850293 ) ;
#9776 = DIRECTION ( 'NONE',  ( 0.000000000000000000, 0.000000000000000000, 1.000000000000000000 ) ) ;
#9777 = ORIENTED_EDGE ( 'NONE', *, *, #5811, .F. ) ;
#9778 = DIRECTION ( 'NONE',  ( 0.000000000000000000, 1.000000000000000000, 0.000000000000000000 ) ) ;
#9779 = PLANE ( 'NONE',  #10834 ) ;
#9780 = DIRECTION ( 'NONE',  ( -1.000000000000000000, 0.000000000000000000, 0.000000000000000000 ) ) ;
#9781 = AXIS2_PLACEMENT_3D ( 'NONE', #293, #4595, #2801 ) ;
#9782 = AXIS2_PLACEMENT_3D ( 'NONE', #5264, #10423, #3562 ) ;
#9783 = ORIENTED_EDGE ( 'NONE', *, *, #809, .T. ) ;
#9784 = VERTEX_POINT ( 'NONE', #7666 ) ;
#9785 = ORIENTED_EDGE ( 'NONE', *, *, #596, .F. ) ;
#9786 = CARTESIAN_POINT ( 'NONE',  ( -32.55000000000002558, 98.32583987928822467, 10.19715292348722890 ) ) ;
#9787 = DIRECTION ( 'NONE',  ( -0.000000000000000000, -1.000000000000000000, -0.000000000000000000 ) ) ;
#9788 = CARTESIAN_POINT ( 'NONE',  ( -41.55000000000002558, 98.32583987928822467, 22.30467496797187010 ) ) ;
#9789 = LINE ( 'NONE', #7294, #8725 ) ;
#9790 = ORIENTED_EDGE ( 'NONE', *, *, #163, .T. ) ;
#9791 = CARTESIAN_POINT ( 'NONE',  ( 0.000000000000000000, 6.349999999999999645, 21.38115427306259875 ) ) ;
#9792 = LINE ( 'NONE', #8948, #6804 ) ;
#9793 = DIRECTION ( 'NONE',  ( -1.228232725407420948E-32, 0.000000000000000000, 1.000000000000000000 ) ) ;
#9794 = DIRECTION ( 'NONE',  ( -1.000000000000000000, 0.000000000000000000, 0.000000000000000000 ) ) ;
#9795 = ORIENTED_EDGE ( 'NONE', *, *, #957, .F. ) ;
#9796 = ORIENTED_EDGE ( 'NONE', *, *, #9673, .T. ) ;
#9797 = EDGE_CURVE ( 'NONE', #55, #2379, #5334, .T. ) ;
#9798 = AXIS2_PLACEMENT_3D ( 'NONE', #7177, #8043, #1222 ) ;
#9799 = ORIENTED_EDGE ( 'NONE', *, *, #3706, .F. ) ;
#9800 = FACE_OUTER_BOUND ( 'NONE', #4854, .T. ) ;
#9801 = DIRECTION ( 'NONE',  ( 0.000000000000000000, -1.000000000000000000, -1.677434638215118067E-15 ) ) ;
#9802 = AXIS2_PLACEMENT_3D ( 'NONE', #7165, #7103, #9723 ) ;
#9803 = DIRECTION ( 'NONE',  ( -0.7071067811865489050, 0.7071067811865462405, 7.719070416997786282E-14 ) ) ;
#9804 = LINE ( 'NONE', #9917, #7816 ) ;
#9805 = VECTOR ( 'NONE', #1775, 1000.000000000000000 ) ;
#9806 = DIRECTION ( 'NONE',  ( -0.000000000000000000, -1.000000000000000000, -0.000000000000000000 ) ) ;
#9807 = ORIENTED_EDGE ( 'NONE', *, *, #8393, .F. ) ;
#9808 = ORIENTED_EDGE ( 'NONE', *, *, #4826, .F. ) ;
#9809 = ADVANCED_FACE ( 'NONE', ( #3579 ), #62, .F. ) ;
#9810 = ORIENTED_EDGE ( 'NONE', *, *, #1027, .F. ) ;
#9811 = VECTOR ( 'NONE', #9303, 1000.000000000000000 ) ;
#9812 = CARTESIAN_POINT ( 'NONE',  ( 46.58189872104514251, 94.56476577691782381, -8.504985928319962696 ) ) ;
#9813 = VERTEX_POINT ( 'NONE', #6291 ) ;
#9814 = VECTOR ( 'NONE', #6645, 1000.000000000000000 ) ;
#9815 = DIRECTION ( 'NONE',  ( 0.000000000000000000, 0.000000000000000000, 1.000000000000000000 ) ) ;
#9816 = DIRECTION ( 'NONE',  ( -1.000000000000000000, 0.000000000000000000, 0.000000000000000000 ) ) ;
#9817 = DIRECTION ( 'NONE',  ( 0.000000000000000000, 0.000000000000000000, -1.000000000000000000 ) ) ;
#9818 = DIRECTION ( 'NONE',  ( 1.000000000000000000, -1.593062912007103154E-16, -1.228232725407420948E-32 ) ) ;
#9819 = DIRECTION ( 'NONE',  ( 1.000000000000000000, 1.593062912007103154E-16, 1.228232725407420948E-32 ) ) ;
#9820 = VECTOR ( 'NONE', #10356, 1000.000000000000000 ) ;
#9821 = EDGE_LOOP ( 'NONE', ( #821, #8981, #5743, #7845, #1665 ) ) ;
#9822 = VECTOR ( 'NONE', #1497, 1000.000000000000227 ) ;
#9823 = ORIENTED_EDGE ( 'NONE', *, *, #7887, .T. ) ;
#9824 = EDGE_CURVE ( 'NONE', #11010, #9281, #920, .T. ) ;
#9825 = EDGE_CURVE ( 'NONE', #7976, #10663, #1030, .T. ) ;
#9826 = ORIENTED_EDGE ( 'NONE', *, *, #602, .T. ) ;
#9827 = EDGE_CURVE ( 'NONE', #9508, #8989, #8339, .T. ) ;
#9828 = EDGE_CURVE ( 'NONE', #4566, #10817, #5441, .T. ) ;
#9829 = CARTESIAN_POINT ( 'NONE',  ( 81.55000000000001137, 58.93999999999998352, -5.257691453874764775 ) ) ;
#9830 = CARTESIAN_POINT ( 'NONE',  ( -77.61249999996864801, 6.349999999999999645, 25.39999999999999858 ) ) ;
#9831 = CARTESIAN_POINT ( 'NONE',  ( -5.461913016039824598, 96.12583987928823603, -1.124087247170217685 ) ) ;
#9832 = DIRECTION ( 'NONE',  ( 1.000000000000000000, 0.000000000000000000, 0.000000000000000000 ) ) ;
#9833 = CARTESIAN_POINT ( 'NONE',  ( 73.96808532237744771, 8.274999999999998579, 17.06344096893413820 ) ) ;
#9834 = EDGE_LOOP ( 'NONE', ( #11012, #11200, #7313, #7466 ) ) ;
#9835 = CARTESIAN_POINT ( 'NONE',  ( 81.55000000000001137, 66.63999999999998636, 10.39999999999999325 ) ) ;
#9836 = EDGE_LOOP ( 'NONE', ( #2607, #5754, #8664, #9444 ) ) ;
#9837 = CIRCLE ( 'NONE', #9298, 5.999999999999998224 ) ;
#9838 = EDGE_CURVE ( 'NONE', #4176, #9784, #9761, .T. ) ;
#9839 = EDGE_CURVE ( 'NONE', #10914, #5886, #8690, .T. ) ;
#9840 = VERTEX_POINT ( 'NONE', #4477 ) ;
#9841 = ORIENTED_EDGE ( 'NONE', *, *, #2761, .T. ) ;
#9842 = PLANE ( 'NONE',  #5284 ) ;
#9843 = VECTOR ( 'NONE', #8577, 1000.000000000000000 ) ;
#9844 = LINE ( 'NONE', #8148, #9939 ) ;
#9845 = CARTESIAN_POINT ( 'NONE',  ( 81.55000000000001137, 66.63999999999998636, -5.257691453874765664 ) ) ;
#9846 = DIRECTION ( 'NONE',  ( 0.000000000000000000, 0.000000000000000000, 1.000000000000000000 ) ) ;
#9847 = ORIENTED_EDGE ( 'NONE', *, *, #312, .F. ) ;
#9848 = CARTESIAN_POINT ( 'NONE',  ( -80.04999999999999716, -27.00000000000000355, -10.25769145387463688 ) ) ;
#9849 = DIRECTION ( 'NONE',  ( 0.000000000000000000, -1.000000000000000000, -1.677434638215118264E-15 ) ) ;
#9850 = ORIENTED_EDGE ( 'NONE', *, *, #5448, .T. ) ;
#9851 = CARTESIAN_POINT ( 'NONE',  ( -50.48689872104515075, 97.40000406513269127, 2.358535216981981542 ) ) ;
#9852 = ORIENTED_EDGE ( 'NONE', *, *, #3516, .F. ) ;
#9853 = EDGE_LOOP ( 'NONE', ( #3185, #8379, #10619, #878 ) ) ;
#9854 = VECTOR ( 'NONE', #8872, 1000.000000000000000 ) ;
#9855 = AXIS2_PLACEMENT_3D ( 'NONE', #7815, #11109, #1642 ) ;
#9856 = DIRECTION ( 'NONE',  ( 6.025932307130935509E-13, 0.000000000000000000, -1.000000000000000000 ) ) ;
#9857 = DIRECTION ( 'NONE',  ( 0.000000000000000000, 1.000000000000000000, -0.000000000000000000 ) ) ;
#9858 = CARTESIAN_POINT ( 'NONE',  ( -11.53883431464769238, 109.8258398792882389, 36.89999999999999147 ) ) ;
#9859 = DIRECTION ( 'NONE',  ( 0.000000000000000000, 0.000000000000000000, 1.000000000000000000 ) ) ;
#9860 = VECTOR ( 'NONE', #3847, 1000.000000000000000 ) ;
#9861 = DIRECTION ( 'NONE',  ( 0.000000000000000000, 1.000000000000000000, 0.000000000000000000 ) ) ;
#9862 = CARTESIAN_POINT ( 'NONE',  ( -11.25499999999998302, -27.00000000000000355, 19.39999999999997371 ) ) ;
#9863 = ORIENTED_EDGE ( 'NONE', *, *, #4897, .F. ) ;
#9864 = VERTEX_POINT ( 'NONE', #6233 ) ;
#9865 = ORIENTED_EDGE ( 'NONE', *, *, #11064, .F. ) ;
#9866 = AXIS2_PLACEMENT_3D ( 'NONE', #2260, #1470, #5710 ) ;
#9867 = ORIENTED_EDGE ( 'NONE', *, *, #8041, .T. ) ;
#9868 = CYLINDRICAL_SURFACE ( 'NONE', #599, 5.000000000000004441 ) ;
#9869 = DIRECTION ( 'NONE',  ( 0.000000000000000000, -1.000000000000000000, -0.000000000000000000 ) ) ;
#9870 = DIRECTION ( 'NONE',  ( 0.000000000000000000, 0.000000000000000000, -1.000000000000000000 ) ) ;
#9871 = EDGE_CURVE ( 'NONE', #3324, #2768, #1765, .T. ) ;
#9872 = CARTESIAN_POINT ( 'NONE',  ( -50.48689872104515075, 95.28999999999417980, -0.6299859283196093118 ) ) ;
#9873 = CARTESIAN_POINT ( 'NONE',  ( -77.61249999996864801, 6.349999999999983658, 24.62763407003638960 ) ) ;
#9874 = VERTEX_POINT ( 'NONE', #8752 ) ;
#9875 = VECTOR ( 'NONE', #5925, 1000.000000000000000 ) ;
#9876 = ORIENTED_EDGE ( 'NONE', *, *, #7709, .F. ) ;
#9877 = DIRECTION ( 'NONE',  ( -0.000000000000000000, 0.000000000000000000, 1.000000000000000000 ) ) ;
#9878 = AXIS2_PLACEMENT_3D ( 'NONE', #3196, #5795, #9263 ) ;
#9879 = DIRECTION ( 'NONE',  ( -0.000000000000000000, 7.709882115452476934E-17, -1.000000000000000000 ) ) ;
#9880 = CARTESIAN_POINT ( 'NONE',  ( -50.48689872104515075, 95.10731456396575823, 3.358535111626433700 ) ) ;
#9881 = DIRECTION ( 'NONE',  ( 0.000000000000000000, 0.000000000000000000, -1.000000000000000000 ) ) ;
#9882 = CARTESIAN_POINT ( 'NONE',  ( -50.48689872104515075, 74.43999999999417128, -2.374168628343575893 ) ) ;
#9883 = EDGE_CURVE ( 'NONE', #6989, #3956, #8158, .T. ) ;
#9884 = EDGE_CURVE ( 'NONE', #351, #4222, #172, .T. ) ;
#9885 = CARTESIAN_POINT ( 'NONE',  ( 46.58189872104514251, 75.48946397805705999, -21.83805926787198715 ) ) ;
#9886 = DIRECTION ( 'NONE',  ( 1.000000000000000000, 0.000000000000000000, -0.000000000000000000 ) ) ;
#9887 = ORIENTED_EDGE ( 'NONE', *, *, #2411, .T. ) ;
#9888 = CARTESIAN_POINT ( 'NONE',  ( 5.042655011336153237, 124.8258398792882247, 32.10220843882515140 ) ) ;
#9889 = CARTESIAN_POINT ( 'NONE',  ( 51.69999999999999574, 109.8258398792882247, 36.89999999999998437 ) ) ;
#9890 = ORIENTED_EDGE ( 'NONE', *, *, #9838, .F. ) ;
#9891 = EDGE_CURVE ( 'NONE', #581, #8496, #286, .T. ) ;
#9892 = CIRCLE ( 'NONE', #3548, 2.500000000000009326 ) ;
#9893 = EDGE_CURVE ( 'NONE', #4512, #549, #2623, .T. ) ;
#9894 = ORIENTED_EDGE ( 'NONE', *, *, #3119, .T. ) ;
#9895 = EDGE_LOOP ( 'NONE', ( #1058, #1717, #9981, #8618 ) ) ;
#9896 = VECTOR ( 'NONE', #6649, 1000.000000000000000 ) ;
#9897 = LINE ( 'NONE', #304, #1977 ) ;
#9898 = EDGE_CURVE ( 'NONE', #1213, #5013, #10441, .T. ) ;
#9899 = EDGE_CURVE ( 'NONE', #1624, #3757, #2672, .T. ) ;
#9900 = LINE ( 'NONE', #9953, #5954 ) ;
#9901 = CARTESIAN_POINT ( 'NONE',  ( 53.05138322153545261, 8.274999999999998579, 15.82115058466707858 ) ) ;
#9902 = EDGE_CURVE ( 'NONE', #2752, #749, #9054, .T. ) ;
#9903 = ORIENTED_EDGE ( 'NONE', *, *, #5326, .F. ) ;
#9904 = CARTESIAN_POINT ( 'NONE',  ( 82.54999999999999716, 89.17499999999999716, -40.25769145387477010 ) ) ;
#9905 = DIRECTION ( 'NONE',  ( 1.000000000000000000, 0.000000000000000000, 0.000000000000000000 ) ) ;
#9906 = EDGE_LOOP ( 'NONE', ( #6667, #9375, #2271, #11052 ) ) ;
#9907 = LINE ( 'NONE', #1174, #9379 ) ;
#9908 = EDGE_CURVE ( 'NONE', #10328, #5423, #118, .T. ) ;
#9909 = VERTEX_POINT ( 'NONE', #7151 ) ;
#9910 = ORIENTED_EDGE ( 'NONE', *, *, #10746, .F. ) ;
#9911 = ORIENTED_EDGE ( 'NONE', *, *, #5263, .T. ) ;
#9912 = DIRECTION ( 'NONE',  ( 0.000000000000000000, 0.000000000000000000, 1.000000000000000000 ) ) ;
#9913 = LINE ( 'NONE', #10701, #3435 ) ;
#9914 = EDGE_CURVE ( 'NONE', #10967, #980, #7023, .T. ) ;
#9915 = LINE ( 'NONE', #7890, #7263 ) ;
#9916 = LINE ( 'NONE', #1128, #11133 ) ;
#9917 = CARTESIAN_POINT ( 'NONE',  ( 50.48689872104515075, 97.40000406513270548, -24.18005742219565946 ) ) ;
#9918 = CARTESIAN_POINT ( 'NONE',  ( -0.0004294969318431102927, 124.8258398792882247, 32.63350972845099562 ) ) ;
#9919 = ORIENTED_EDGE ( 'NONE', *, *, #809, .F. ) ;
#9920 = ORIENTED_EDGE ( 'NONE', *, *, #7110, .F. ) ;
#9921 = EDGE_LOOP ( 'NONE', ( #7924, #5808, #6595, #7244 ) ) ;
#9922 = PLANE ( 'NONE',  #7763 ) ;
#9923 = ORIENTED_EDGE ( 'NONE', *, *, #754, .T. ) ;
#9924 = PLANE ( 'NONE',  #8137 ) ;
#9925 = DIRECTION ( 'NONE',  ( 1.000000000000000000, 0.000000000000000000, 0.000000000000000000 ) ) ;
#9926 = ADVANCED_FACE ( 'NONE', ( #1997 ), #2849, .F. ) ;
#9927 = CARTESIAN_POINT ( 'NONE',  ( -51.69999999999999574, 109.8258398792882247, 46.90000000000009095 ) ) ;
#9928 = CARTESIAN_POINT ( 'NONE',  ( -5.043514005199861039, 124.8258398792882247, 32.10220843882515140 ) ) ;
#9929 = ORIENTED_EDGE ( 'NONE', *, *, #7184, .F. ) ;
#9930 = VERTEX_POINT ( 'NONE', #10659 ) ;
#9931 = EDGE_LOOP ( 'NONE', ( #1162, #268 ) ) ;
#9932 = VECTOR ( 'NONE', #10694, 999.9999999999998863 ) ;
#9933 = VECTOR ( 'NONE', #7498, 1000.000000000000114 ) ;
#9934 = DIRECTION ( 'NONE',  ( -7.012782563145142988E-17, -0.8873916384311677508, 0.4610163555042787187 ) ) ;
#9935 = CARTESIAN_POINT ( 'NONE',  ( -5.415877569971860872, 119.8271570027550013, -20.03649027154900963 ) ) ;
#9936 = FACE_OUTER_BOUND ( 'NONE', #6783, .T. ) ;
#9937 = CARTESIAN_POINT ( 'NONE',  ( -77.61249999996866222, 90.00000000000000000, 25.39999999999999858 ) ) ;
#9938 = FACE_OUTER_BOUND ( 'NONE', #9173, .T. ) ;
#9939 = VECTOR ( 'NONE', #1055, 1000.000000000000000 ) ;
#9940 = FACE_OUTER_BOUND ( 'NONE', #10303, .T. ) ;
#9941 = DIRECTION ( 'NONE',  ( -0.000000000000000000, -1.000000000000000000, -0.000000000000000000 ) ) ;
#9942 = AXIS2_PLACEMENT_3D ( 'NONE', #5970, #9443, #10343 ) ;
#9943 = ORIENTED_EDGE ( 'NONE', *, *, #10183, .T. ) ;
#9944 = VECTOR ( 'NONE', #2255, 1000.000000000000000 ) ;
#9945 = DIRECTION ( 'NONE',  ( -1.000000000000000000, 0.000000000000000000, 1.066750355020279212E-16 ) ) ;
#9946 = ORIENTED_EDGE ( 'NONE', *, *, #8109, .T. ) ;
#9947 = ORIENTED_EDGE ( 'NONE', *, *, #3992, .F. ) ;
#9948 = ADVANCED_FACE ( 'NONE', ( #2165, #1369, #6568, #9082, #2906, #1311 ), #3911, .F. ) ;
#9949 = CIRCLE ( 'NONE', #3259, 2.500000000000000444 ) ;
#9950 = ORIENTED_EDGE ( 'NONE', *, *, #1774, .T. ) ;
#9951 = AXIS2_PLACEMENT_3D ( 'NONE', #9047, #1962, #5578 ) ;
#9952 = EDGE_CURVE ( 'NONE', #4559, #850, #7247, .T. ) ;
#9953 = CARTESIAN_POINT ( 'NONE',  ( 77.61250000000001137, 89.99999999999998579, -37.08269145387477295 ) ) ;
#9954 = LINE ( 'NONE', #3088, #5277 ) ;
#9955 = ORIENTED_EDGE ( 'NONE', *, *, #2910, .T. ) ;
#9956 = CARTESIAN_POINT ( 'NONE',  ( 69.50000000000001421, 82.35514882866895903, -40.25769145387477010 ) ) ;
#9957 = DIRECTION ( 'NONE',  ( -1.000000000000000000, 0.000000000000000000, 0.000000000000000000 ) ) ;
#9958 = VECTOR ( 'NONE', #6973, 1000.000000000000000 ) ;
#9959 = ORIENTED_EDGE ( 'NONE', *, *, #6689, .T. ) ;
#9960 = DIRECTION ( 'NONE',  ( 0.000000000000000000, -1.000000000000000000, 0.000000000000000000 ) ) ;
#9961 = AXIS2_PLACEMENT_3D ( 'NONE', #8970, #4641, #5614 ) ;
#9962 = ORIENTED_EDGE ( 'NONE', *, *, #10508, .T. ) ;
#9963 = ORIENTED_EDGE ( 'NONE', *, *, #3697, .T. ) ;
#9964 = EDGE_CURVE ( 'NONE', #2016, #4222, #2276, .T. ) ;
#9965 = ORIENTED_EDGE ( 'NONE', *, *, #793, .F. ) ;
#9966 = EDGE_CURVE ( 'NONE', #5346, #9416, #4814, .T. ) ;
#9967 = CARTESIAN_POINT ( 'NONE',  ( -79.61249999999999716, 8.274999999999998579, 22.62763407003639315 ) ) ;
#9968 = EDGE_CURVE ( 'NONE', #6644, #7563, #7379, .T. ) ;
#9969 = EDGE_CURVE ( 'NONE', #980, #8496, #7607, .T. ) ;
#9970 = PLANE ( 'NONE',  #7760 ) ;
#9971 = CYLINDRICAL_SURFACE ( 'NONE', #2738, 0.7999999999998425038 ) ;
#9972 = CARTESIAN_POINT ( 'NONE',  ( 46.58189872104514251, 75.82810341039572677, 1.983876593815330880 ) ) ;
#9973 = CARTESIAN_POINT ( 'NONE',  ( -46.58189872104513540, 95.20641123616282187, -26.28622525258461451 ) ) ;
#9974 = CARTESIAN_POINT ( 'NONE',  ( 13.75500000000000433, -27.00000000000000355, 7.542308546125213731 ) ) ;
#9975 = DIRECTION ( 'NONE',  ( -1.000000000000000000, 2.244742081187875711E-15, 6.544275553939909236E-12 ) ) ;
#9976 = AXIS2_PLACEMENT_3D ( 'NONE', #9234, #3331, #1469 ) ;
#9977 = ORIENTED_EDGE ( 'NONE', *, *, #727, .F. ) ;
#9978 = ORIENTED_EDGE ( 'NONE', *, *, #9952, .F. ) ;
#9979 = ADVANCED_FACE ( 'NONE', ( #448 ), #9139, .T. ) ;
#9980 = EDGE_CURVE ( 'NONE', #8129, #9113, #4025, .T. ) ;
#9981 = ORIENTED_EDGE ( 'NONE', *, *, #6496, .T. ) ;
#9982 = FACE_OUTER_BOUND ( 'NONE', #6986, .T. ) ;
#9983 = CARTESIAN_POINT ( 'NONE',  ( 41.54999999999999716, 92.00000000000000000, 22.30467496797186655 ) ) ;
#9985 = LINE ( 'NONE', #10657, #7589 ) ;
#9984 = AXIS2_PLACEMENT_3D ( 'NONE', #5333, #2730, #6179 ) ;
#9986 = DIRECTION ( 'NONE',  ( -0.000000000000000000, -1.000000000000000000, -0.000000000000000000 ) ) ;
#9987 = DIRECTION ( 'NONE',  ( 1.000000000000000000, 0.000000000000000000, 1.335278419062900361E-16 ) ) ;
#9988 = CARTESIAN_POINT ( 'NONE',  ( 74.43750000000001421, 18.84999999999999787, -24.58269145387476584 ) ) ;
#9989 = ORIENTED_EDGE ( 'NONE', *, *, #5453, .F. ) ;
#9990 = ORIENTED_EDGE ( 'NONE', *, *, #1098, .T. ) ;
#9991 = ORIENTED_EDGE ( 'NONE', *, *, #6429, .T. ) ;
#9992 = AXIS2_PLACEMENT_3D ( 'NONE', #380, #3783, #10705 ) ;
#9993 = CARTESIAN_POINT ( 'NONE',  ( 82.54999999999999716, 99.82583987928822467, 46.90000000000009095 ) ) ;
#9994 = VECTOR ( 'NONE', #1833, 1000.000000000000000 ) ;
#9995 = VECTOR ( 'NONE', #9682, 1000.000000000000000 ) ;
#9996 = CARTESIAN_POINT ( 'NONE',  ( 82.54999999999999716, 6.349999999999995204, -5.957898992084480483 ) ) ;
#9997 = DIRECTION ( 'NONE',  ( 0.000000000000000000, 1.000000000000000000, -0.000000000000000000 ) ) ;
#9998 = VECTOR ( 'NONE', #3085, 1000.000000000000000 ) ;
#9999 = DIRECTION ( 'NONE',  ( -0.8191520442889813625, 0.5735764363510610364, 0.000000000000000000 ) ) ;
#10000 = CARTESIAN_POINT ( 'NONE',  ( 8.109770573919261594, 79.82583987928821045, -0.4337067317761473251 ) ) ;
#10001 = B_SPLINE_CURVE_WITH_KNOTS ( 'NONE', 3,
 ( #7824, #5323, #6053, #1868 ),
 .UNSPECIFIED., .F., .F.,
 ( 4, 4 ),
 ( 0.000000000000000000, 0.001268195126138660887 ),
 .UNSPECIFIED. ) ;
#10002 = VERTEX_POINT ( 'NONE', #9927 ) ;
#10003 = ORIENTED_EDGE ( 'NONE', *, *, #9828, .F. ) ;
#10004 = VECTOR ( 'NONE', #7296, 1000.000000000000000 ) ;
#10005 = ORIENTED_EDGE ( 'NONE', *, *, #6529, .F. ) ;
#10006 = LINE ( 'NONE', #10117, #389 ) ;
#10007 = DIRECTION ( 'NONE',  ( 1.000000000000000000, 0.000000000000000000, -0.000000000000000000 ) ) ;
#10008 = ORIENTED_EDGE ( 'NONE', *, *, #271, .T. ) ;
#10009 = CIRCLE ( 'NONE', #10198, 10.94291382678908064 ) ;
#10010 = EDGE_CURVE ( 'NONE', #3307, #10775, #8290, .T. ) ;
#10011 = CARTESIAN_POINT ( 'NONE',  ( -50.48689872104514365, 95.20641123616282187, -26.28622525258461451 ) ) ;
#10012 = DIRECTION ( 'NONE',  ( -0.000000000000000000, -1.000000000000000000, 0.000000000000000000 ) ) ;
#10013 = EDGE_LOOP ( 'NONE', ( #6652, #4653, #7918, #4481 ) ) ;
#10014 = CARTESIAN_POINT ( 'NONE',  ( -82.54999999999999716, 58.93999999999998352, 5.399999999999993250 ) ) ;
#10015 = ORIENTED_EDGE ( 'NONE', *, *, #3100, .T. ) ;
#10016 = ORIENTED_EDGE ( 'NONE', *, *, #1141, .F. ) ;
#10017 = ORIENTED_EDGE ( 'NONE', *, *, #9199, .F. ) ;
#10018 = VECTOR ( 'NONE', #4012, 1000.000000000000000 ) ;
#10019 = CARTESIAN_POINT ( 'NONE',  ( 4.999570503068137661, 119.8299752807307357, -20.03649027154900608 ) ) ;
#10020 = DIRECTION ( 'NONE',  ( 0.000000000000000000, -1.000000000000000000, 1.365923996832131116E-16 ) ) ;
#10021 = DIRECTION ( 'NONE',  ( 0.000000000000000000, -0.7071063548969729329, 0.7071072074758651960 ) ) ;
#10022 = DIRECTION ( 'NONE',  ( 0.000000000000000000, 0.000000000000000000, 1.000000000000000000 ) ) ;
#10023 = ADVANCED_FACE ( 'NONE', ( #5667 ), #4760, .F. ) ;
#10024 = CARTESIAN_POINT ( 'NONE',  ( -54.81499993151516748, 8.274999999999998579, 15.82115373010225312 ) ) ;
#10025 = LINE ( 'NONE', #5713, #6255 ) ;
#10026 = CYLINDRICAL_SURFACE ( 'NONE', #10850, 1.150000000000001688 ) ;
#10027 = AXIS2_PLACEMENT_3D ( 'NONE', #7842, #5289, #72 ) ;
#10028 = ORIENTED_EDGE ( 'NONE', *, *, #7758, .F. ) ;
#10029 = VERTEX_POINT ( 'NONE', #7435 ) ;
#10030 = EDGE_CURVE ( 'NONE', #6763, #8892, #8239, .T. ) ;
#10031 = ADVANCED_FACE ( 'NONE', ( #2222 ), #3966, .T. ) ;
#10032 = VERTEX_POINT ( 'NONE', #10036 ) ;
#10033 = CIRCLE ( 'NONE', #1164, 5.999999999999998224 ) ;
#10034 = DIRECTION ( 'NONE',  ( 0.000000000000000000, -9.870233350266327087E-07, -0.9999999999995128341 ) ) ;
#10035 = LINE ( 'NONE', #1420, #4250 ) ;
#10036 = CARTESIAN_POINT ( 'NONE',  ( 77.61249999999999716, 8.274999999999998579, 24.62763407003640381 ) ) ;
#10037 = CARTESIAN_POINT ( 'NONE',  ( 81.55000000000001137, 66.63999999999998636, 5.399999999999991473 ) ) ;
#10038 = EDGE_CURVE ( 'NONE', #1577, #1188, #5557, .T. ) ;
#10039 = ADVANCED_FACE ( 'NONE', ( #4698 ), #395, .T. ) ;
#10040 = EDGE_CURVE ( 'NONE', #488, #2648, #3014, .T. ) ;
#10041 = ORIENTED_EDGE ( 'NONE', *, *, #6152, .F. ) ;
#10042 = VERTEX_POINT ( 'NONE', #5943 ) ;
#10043 = ORIENTED_EDGE ( 'NONE', *, *, #1764, .T. ) ;
#10044 = CIRCLE ( 'NONE', #9506, 5.000000000000000000 ) ;
#10045 = EDGE_CURVE ( 'NONE', #6546, #8823, #1635, .T. ) ;
#10046 = CARTESIAN_POINT ( 'NONE',  ( 51.69999999999999574, 99.82583987928822467, 46.90000000000009095 ) ) ;
#10047 = DIRECTION ( 'NONE',  ( -1.000000000000000000, 0.000000000000000000, -0.000000000000000000 ) ) ;
#10048 = DIRECTION ( 'NONE',  ( 0.000000000000000000, 1.000000000000000000, 0.000000000000000000 ) ) ;
#10049 = VECTOR ( 'NONE', #1184, 1000.000000000000000 ) ;
#10050 = DIRECTION ( 'NONE',  ( 1.593062912007103154E-16, 1.000000000000000000, 0.000000000000000000 ) ) ;
#10051 = CARTESIAN_POINT ( 'NONE',  ( 41.54999999999999716, 93.00000000000000000, 10.19715292348722890 ) ) ;
#10052 = LINE ( 'NONE', #8253, #3111 ) ;
#10053 = ORIENTED_EDGE ( 'NONE', *, *, #2913, .F. ) ;
#10054 = DIRECTION ( 'NONE',  ( -1.000000000000000000, 0.000000000000000000, 0.000000000000000000 ) ) ;
#10055 = EDGE_LOOP ( 'NONE', ( #2043, #2995, #6071, #2442 ) ) ;
#10056 = ORIENTED_EDGE ( 'NONE', *, *, #53, .F. ) ;
#10057 = VECTOR ( 'NONE', #3355, 1000.000000000000114 ) ;
#10058 = ORIENTED_EDGE ( 'NONE', *, *, #10791, .T. ) ;
#10059 = CARTESIAN_POINT ( 'NONE',  ( 6.616791707254753518, 90.00000000000000000, -1.926688377379035311 ) ) ;
#10060 = CARTESIAN_POINT ( 'NONE',  ( -11.25499999999998302, 4.249377385370907589, 7.542308546125213731 ) ) ;
#10061 = EDGE_CURVE ( 'NONE', #2537, #9196, #6675, .T. ) ;
#10062 = CIRCLE ( 'NONE', #1010, 2.499999999999995115 ) ;
#10063 = DIRECTION ( 'NONE',  ( 1.000000000000000000, 0.000000000000000000, -0.000000000000000000 ) ) ;
#10064 = CARTESIAN_POINT ( 'NONE',  ( 79.37500000000002842, 5.099999999999999645, 21.38115427306259875 ) ) ;
#10065 = CARTESIAN_POINT ( 'NONE',  ( -69.20000000000000284, 6.349999999999999645, -6.985329661611390684 ) ) ;
#10066 = VERTEX_POINT ( 'NONE', #3177 ) ;
#10067 = FACE_OUTER_BOUND ( 'NONE', #8509, .T. ) ;
#10068 = ORIENTED_EDGE ( 'NONE', *, *, #8040, .T. ) ;
#10069 = ORIENTED_EDGE ( 'NONE', *, *, #1362, .T. ) ;
#10070 = AXIS2_PLACEMENT_3D ( 'NONE', #8907, #8061, #276 ) ;
#10071 = EDGE_CURVE ( 'NONE', #8076, #6487, #5421, .T. ) ;
#10072 = LINE ( 'NONE', #4062, #4412 ) ;
#10073 = DIRECTION ( 'NONE',  ( 0.000000000000000000, -1.000000000000000000, -3.354869254291018419E-16 ) ) ;
#10074 = CARTESIAN_POINT ( 'NONE',  ( 0.8585786754341748761, 124.8258398792882531, 32.63352240641182789 ) ) ;
#10075 = LINE ( 'NONE', #7421, #8963 ) ;
#10076 = CARTESIAN_POINT ( 'NONE',  ( 82.54999999999999716, 61.63999999999999346, -0.2576914538747651640 ) ) ;
#10077 = DIRECTION ( 'NONE',  ( 0.000000000000000000, 0.000000000000000000, -1.000000000000000000 ) ) ;
#10078 = LINE ( 'NONE', #9240, #10306 ) ;
#10079 = LINE ( 'NONE', #1298, #3615 ) ;
#10080 = ORIENTED_EDGE ( 'NONE', *, *, #8050, .T. ) ;
#10081 = ORIENTED_EDGE ( 'NONE', *, *, #3697, .F. ) ;
#10082 = CARTESIAN_POINT ( 'NONE',  ( -35.61042949679625735, 96.12583987928823603, 15.71614540591397713 ) ) ;
#10083 = ORIENTED_EDGE ( 'NONE', *, *, #7888, .T. ) ;
#10084 = EDGE_CURVE ( 'NONE', #7153, #8215, #10313, .T. ) ;
#10085 = LINE ( 'NONE', #6602, #8854 ) ;
#10086 = DIRECTION ( 'NONE',  ( -1.000000000000000000, 0.000000000000000000, 1.611406140256719229E-11 ) ) ;
#10087 = CARTESIAN_POINT ( 'NONE',  ( -80.04999999999999716, -27.00000000000000355, -10.25769145387463688 ) ) ;
#10088 = CARTESIAN_POINT ( 'NONE',  ( -33.11062444888668921, 96.12583987928823603, 21.29350972844888545 ) ) ;
#10089 = EDGE_CURVE ( 'NONE', #1626, #10708, #10952, .T. ) ;
#10090 = LINE ( 'NONE', #2388, #1663 ) ;
#10091 = DIRECTION ( 'NONE',  ( -1.000000000000000000, 0.000000000000000000, 0.000000000000000000 ) ) ;
#10092 = ORIENTED_EDGE ( 'NONE', *, *, #2369, .F. ) ;
#10093 = ORIENTED_EDGE ( 'NONE', *, *, #1856, .F. ) ;
#10094 = ORIENTED_EDGE ( 'NONE', *, *, #6464, .F. ) ;
#10095 = CARTESIAN_POINT ( 'NONE',  ( 77.54999999999999716, 109.8258398792882247, 36.89999999999998437 ) ) ;
#10096 = EDGE_CURVE ( 'NONE', #7593, #5855, #7454, .T. ) ;
#10097 = CARTESIAN_POINT ( 'NONE',  ( 5.845024355940759975, 119.8258398792882105, 36.88927823987856414 ) ) ;
#10098 = CARTESIAN_POINT ( 'NONE',  ( -33.55000000000002558, 97.32583987928822467, 22.30467496797187010 ) ) ;
#10099 = DIRECTION ( 'NONE',  ( 0.000000000000000000, 0.000000000000000000, -1.000000000000000000 ) ) ;
#10100 = CARTESIAN_POINT ( 'NONE',  ( 50.48689872104515075, 95.28999999999417980, 1.670014071680389733 ) ) ;
#10101 = CYLINDRICAL_SURFACE ( 'NONE', #238, 1.149999999999999689 ) ;
#10102 = EDGE_CURVE ( 'NONE', #9115, #2669, #10090, .T. ) ;
#10103 = LINE ( 'NONE', #2503, #9514 ) ;
#10104 = DIRECTION ( 'NONE',  ( -0.000000000000000000, -1.000000000000000000, -0.000000000000000000 ) ) ;
#10105 = CARTESIAN_POINT ( 'NONE',  ( -16.75499999999995993, -27.00000000000000355, 2.559084472230088230E-15 ) ) ;
#10106 = EDGE_LOOP ( 'NONE', ( #6561, #7952, #8885, #8177 ) ) ;
#10107 = LINE ( 'NONE', #5998, #9477 ) ;
#10108 = ORIENTED_EDGE ( 'NONE', *, *, #1012, .T. ) ;
#10109 = AXIS2_PLACEMENT_3D ( 'NONE', #8326, #5869, #6541 ) ;
#10110 = VECTOR ( 'NONE', #5177, 1000.000000000000000 ) ;
#10111 = ORIENTED_EDGE ( 'NONE', *, *, #9484, .F. ) ;
#10112 = EDGE_CURVE ( 'NONE', #913, #9713, #789, .T. ) ;
#10113 = EDGE_LOOP ( 'NONE', ( #3755, #8616 ) ) ;
#10114 = VECTOR ( 'NONE', #9341, 1000.000000000000000 ) ;
#10115 = AXIS2_PLACEMENT_3D ( 'NONE', #9136, #10833, #3064 ) ;
#10116 = DIRECTION ( 'NONE',  ( 0.9987133595268967712, -1.380611894729055781E-16, -0.05071119701308240968 ) ) ;
#10117 = CARTESIAN_POINT ( 'NONE',  ( -35.61042949693185733, 97.50000000000000000, -1.926685223531127367 ) ) ;
#10118 = AXIS2_PLACEMENT_3D ( 'NONE', #10856, #10171, #3145 ) ;
#10119 = DIRECTION ( 'NONE',  ( -1.521157000053560499E-16, 0.000000000000000000, -1.000000000000000000 ) ) ;
#10120 = ORIENTED_EDGE ( 'NONE', *, *, #126, .T. ) ;
#10121 = CARTESIAN_POINT ( 'NONE',  ( -33.55000000000002558, 98.32583987928822467, 22.30467496797187010 ) ) ;
#10122 = DIRECTION ( 'NONE',  ( 1.000000000000000000, -0.000000000000000000, -0.000000000000000000 ) ) ;
#10123 = ORIENTED_EDGE ( 'NONE', *, *, #4891, .F. ) ;
#10124 = CARTESIAN_POINT ( 'NONE',  ( -50.02648654977334530, 5.099999999999999645, 20.18114647173673148 ) ) ;
#10125 = AXIS2_PLACEMENT_3D ( 'NONE', #7799, #3375, #4449 ) ;
#10126 = VERTEX_POINT ( 'NONE', #1699 ) ;
#10127 = EDGE_LOOP ( 'NONE', ( #10829, #2804, #1156, #2854 ) ) ;
#10128 = VECTOR ( 'NONE', #10620, 1000.000000000000000 ) ;
#10129 = ORIENTED_EDGE ( 'NONE', *, *, #6543, .T. ) ;
#10130 = CARTESIAN_POINT ( 'NONE',  ( -33.55000000000002558, 91.50000000000000000, 22.30467496797187010 ) ) ;
#10131 = FACE_OUTER_BOUND ( 'NONE', #38, .T. ) ;
#10132 = AXIS2_PLACEMENT_3D ( 'NONE', #128, #4210, #10449 ) ;
#10133 = CARTESIAN_POINT ( 'NONE',  ( 0.000000000000000000, 69.46500000000000341, 22.30467496797187010 ) ) ;
#10134 = LINE ( 'NONE', #9972, #5509 ) ;
#10135 = CARTESIAN_POINT ( 'NONE',  ( 79.37500000000000000, 72.64000000000000057, 22.30467496797187010 ) ) ;
#10136 = VECTOR ( 'NONE', #977, 999.9999999999998863 ) ;
#10137 = DIRECTION ( 'NONE',  ( -1.000000000000000000, 0.000000000000000000, 1.335278419062900361E-16 ) ) ;
#10138 = CARTESIAN_POINT ( 'NONE',  ( -8.300429496927989703, 96.12583987928823603, -1.816490271607134721 ) ) ;
#10139 = DIRECTION ( 'NONE',  ( -1.000000000000000000, 0.000000000000000000, 1.335278419062900361E-16 ) ) ;
#10140 = EDGE_CURVE ( 'NONE', #7518, #3472, #9251, .T. ) ;
#10141 = ORIENTED_EDGE ( 'NONE', *, *, #1107, .T. ) ;
#10142 = ORIENTED_EDGE ( 'NONE', *, *, #7183, .T. ) ;
#10143 = VECTOR ( 'NONE', #2450, 1000.000000000000000 ) ;
#10144 = ORIENTED_EDGE ( 'NONE', *, *, #8988, .F. ) ;
#10145 = CARTESIAN_POINT ( 'NONE',  ( 82.55000000000002558, 66.63999999999998636, -5.257691453874765664 ) ) ;
#10146 = LINE ( 'NONE', #3965, #8432 ) ;
#10147 = CARTESIAN_POINT ( 'NONE',  ( 50.48689872104515075, 95.28999999999417980, 0.5200140716803901553 ) ) ;
#10148 = CARTESIAN_POINT ( 'NONE',  ( 77.61250000000001137, 90.00000000000000000, -37.08269145387477295 ) ) ;
#10149 = VERTEX_POINT ( 'NONE', #5892 ) ;
#10150 = EDGE_CURVE ( 'NONE', #4753, #1426, #4932, .T. ) ;
#10151 = FACE_OUTER_BOUND ( 'NONE', #4456, .T. ) ;
#10152 = ORIENTED_EDGE ( 'NONE', *, *, #958, .F. ) ;
#10153 = VERTEX_POINT ( 'NONE', #11113 ) ;
#10154 = CARTESIAN_POINT ( 'NONE',  ( 53.40689872104514535, 74.43999999999417128, -2.374168628343576337 ) ) ;
#10155 = ORIENTED_EDGE ( 'NONE', *, *, #1940, .T. ) ;
#10156 = VECTOR ( 'NONE', #3578, 1000.000000000000000 ) ;
#10157 = LINE ( 'NONE', #3, #517 ) ;
#10158 = CARTESIAN_POINT ( 'NONE',  ( 67.12499999999998579, 99.82583987928822467, 40.40000000000004832 ) ) ;
#10159 = DIRECTION ( 'NONE',  ( 1.000000000000000000, 0.000000000000000000, 0.000000000000000000 ) ) ;
#10160 = CARTESIAN_POINT ( 'NONE',  ( 54.81499993151516748, 8.274999999999998579, 15.82115373010225312 ) ) ;
#10161 = CARTESIAN_POINT ( 'NONE',  ( 43.40689872104514535, 72.64000000000000057, 22.30467496797187010 ) ) ;
#10162 = CARTESIAN_POINT ( 'NONE',  ( -68.03173908835242401, 8.274999999999998579, -15.14558481528877465 ) ) ;
#10163 = LINE ( 'NONE', #10268, #8687 ) ;
#10164 = CARTESIAN_POINT ( 'NONE',  ( 50.48689872104515075, 95.28999999999417980, 1.670014071680389733 ) ) ;
#10165 = AXIS2_PLACEMENT_3D ( 'NONE', #10403, #7846, #5238 ) ;
#10166 = DIRECTION ( 'NONE',  ( -1.000000000000000000, 0.000000000000000000, 0.000000000000000000 ) ) ;
#10167 = CIRCLE ( 'NONE', #6532, 10.94291382678908064 ) ;
#10168 = EDGE_CURVE ( 'NONE', #8886, #10748, #10167, .T. ) ;
#10169 = AXIS2_PLACEMENT_3D ( 'NONE', #8136, #3648, #350 ) ;
#10170 = VERTEX_POINT ( 'NONE', #4992 ) ;
#10171 = DIRECTION ( 'NONE',  ( -0.000000000000000000, 1.000000000000000000, 0.000000000000000000 ) ) ;
#10172 = VERTEX_POINT ( 'NONE', #8466 ) ;
#10173 = ADVANCED_FACE ( 'NONE', ( #676 ), #4132, .T. ) ;
#10174 = EDGE_CURVE ( 'NONE', #9550, #10786, #4243, .T. ) ;
#10175 = AXIS2_PLACEMENT_3D ( 'NONE', #1409, #7698, #4862 ) ;
#10176 = EDGE_LOOP ( 'NONE', ( #2300, #816 ) ) ;
#10177 = DIRECTION ( 'NONE',  ( 0.000000000000000000, 0.000000000000000000, 1.000000000000000000 ) ) ;
#10178 = CARTESIAN_POINT ( 'NONE',  ( -8.300429496927835160, 99.82583987928822467, 1.150873398797555902 ) ) ;
#10179 = CARTESIAN_POINT ( 'NONE',  ( -35.61042949693185733, 99.82583987928830993, -1.926685223531127367 ) ) ;
#10180 = VERTEX_POINT ( 'NONE', #3290 ) ;
#10181 = PLANE ( 'NONE',  #3638 ) ;
#10182 = CARTESIAN_POINT ( 'NONE',  ( -74.43749999996865085, 82.35514882866895903, -40.25769145387477010 ) ) ;
#10183 = EDGE_CURVE ( 'NONE', #9579, #10126, #4185, .T. ) ;
#10184 = ORIENTED_EDGE ( 'NONE', *, *, #704, .T. ) ;
#10185 = CARTESIAN_POINT ( 'NONE',  ( 8.384416722923319298, 79.82583987928821045, -3.694314324706627684 ) ) ;
#10186 = ORIENTED_EDGE ( 'NONE', *, *, #1447, .F. ) ;
#10187 = ORIENTED_EDGE ( 'NONE', *, *, #6216, .T. ) ;
#10188 = CARTESIAN_POINT ( 'NONE',  ( 173.3018692371333032, -5.993773853708700194, -40.25769145387477721 ) ) ;
#10189 = DIRECTION ( 'NONE',  ( 0.000000000000000000, -1.000000000000000000, 0.000000000000000000 ) ) ;
#10190 = CARTESIAN_POINT ( 'NONE',  ( -69.20000000000000284, 8.275000000000003908, -6.985329661611390684 ) ) ;
#10191 = CARTESIAN_POINT ( 'NONE',  ( 41.54999999999999716, 97.82583987928822467, 33.89999999999999147 ) ) ;
#10192 = LINE ( 'NONE', #6609, #2787 ) ;
#10193 = CARTESIAN_POINT ( 'NONE',  ( 50.48689872104515075, 72.67999878751419374, 2.358530551520389817 ) ) ;
#10194 = DIRECTION ( 'NONE',  ( 0.000000000000000000, -0.000000000000000000, -1.000000000000000000 ) ) ;
#10195 = CARTESIAN_POINT ( 'NONE',  ( -50.48689872104514365, 95.20641123616282187, -26.28622525258461451 ) ) ;
#10196 = ORIENTED_EDGE ( 'NONE', *, *, #4869, .T. ) ;
#10197 = ORIENTED_EDGE ( 'NONE', *, *, #3187, .F. ) ;
#10198 = AXIS2_PLACEMENT_3D ( 'NONE', #11206, #10290, #1738 ) ;
#10199 = CIRCLE ( 'NONE', #2958, 25.00000000000000000 ) ;
#10200 = VERTEX_POINT ( 'NONE', #2440 ) ;
#10201 = LINE ( 'NONE', #11001, #3261 ) ;
#10202 = DIRECTION ( 'NONE',  ( -1.000000000000000000, 0.000000000000000000, 1.335278419062900361E-16 ) ) ;
#10203 = VECTOR ( 'NONE', #5687, 1000.000000000000000 ) ;
#10204 = DIRECTION ( 'NONE',  ( -1.000000000000000000, -0.000000000000000000, 1.335278419062900115E-16 ) ) ;
#10205 = VECTOR ( 'NONE', #7206, 1000.000000000000000 ) ;
#10206 = FACE_OUTER_BOUND ( 'NONE', #4154, .T. ) ;
#10207 = ORIENTED_EDGE ( 'NONE', *, *, #8030, .F. ) ;
#10208 = ORIENTED_EDGE ( 'NONE', *, *, #2968, .T. ) ;
#10209 = ORIENTED_EDGE ( 'NONE', *, *, #8305, .F. ) ;
#10210 = CARTESIAN_POINT ( 'NONE',  ( -35.61042949679625735, 96.12583987928823603, 15.71614540591397713 ) ) ;
#10211 = VECTOR ( 'NONE', #3515, 1000.000000000000000 ) ;
#10212 = AXIS2_PLACEMENT_3D ( 'NONE', #8513, #8349, #6730 ) ;
#10213 = ORIENTED_EDGE ( 'NONE', *, *, #6605, .F. ) ;
#10214 = EDGE_CURVE ( 'NONE', #9389, #5409, #379, .T. ) ;
#10215 = DIRECTION ( 'NONE',  ( -1.593062912007103154E-16, 1.000000000000000000, -1.365923996832131116E-16 ) ) ;
#10216 = DIRECTION ( 'NONE',  ( -1.228232725407420811E-32, 0.000000000000000000, 1.000000000000000000 ) ) ;
#10217 = LINE ( 'NONE', #7008, #7116 ) ;
#10218 = DIRECTION ( 'NONE',  ( 6.025932307130935509E-13, 0.000000000000000000, -1.000000000000000000 ) ) ;
#10219 = DIRECTION ( 'NONE',  ( 0.000000000000000000, -1.000000000000000000, 0.000000000000000000 ) ) ;
#10220 = VECTOR ( 'NONE', #8531, 1000.000000000000114 ) ;
#10221 = EDGE_LOOP ( 'NONE', ( #4417, #8657, #9336, #1537 ) ) ;
#10222 = ORIENTED_EDGE ( 'NONE', *, *, #10946, .F. ) ;
#10223 = FACE_OUTER_BOUND ( 'NONE', #1413, .T. ) ;
#10224 = CIRCLE ( 'NONE', #442, 1.150000000000003020 ) ;
#10225 = VERTEX_POINT ( 'NONE', #7653 ) ;
#10226 = EDGE_CURVE ( 'NONE', #8899, #2090, #3109, .T. ) ;
#10227 = EDGE_CURVE ( 'NONE', #908, #1487, #847, .T. ) ;
#10228 = DIRECTION ( 'NONE',  ( 0.000000000000000000, 0.000000000000000000, 1.000000000000000000 ) ) ;
#10229 = DIRECTION ( 'NONE',  ( 0.000000000000000000, 0.000000000000000000, -1.000000000000000000 ) ) ;
#10230 = EDGE_LOOP ( 'NONE', ( #5181, #1945, #5403, #5076 ) ) ;
#10231 = FACE_OUTER_BOUND ( 'NONE', #7348, .T. ) ;
#10232 = EDGE_CURVE ( 'NONE', #8835, #1906, #4720, .T. ) ;
#10233 = DIRECTION ( 'NONE',  ( -0.000000000000000000, -1.000000000000000000, -0.000000000000000000 ) ) ;
#10234 = EDGE_LOOP ( 'NONE', ( #3935, #2226, #11106, #8984, #5259, #4663 ) ) ;
#10235 = DIRECTION ( 'NONE',  ( 0.000000000000000000, 0.000000000000000000, 1.000000000000000000 ) ) ;
#10236 = AXIS2_PLACEMENT_3D ( 'NONE', #3495, #888, #10244 ) ;
#10237 = ORIENTED_EDGE ( 'NONE', *, *, #6700, .T. ) ;
#10238 = ORIENTED_EDGE ( 'NONE', *, *, #1651, .T. ) ;
#10239 = ORIENTED_EDGE ( 'NONE', *, *, #9340, .F. ) ;
#10240 = LINE ( 'NONE', #6941, #1681 ) ;
#10241 = VECTOR ( 'NONE', #4586, 1000.000000000000000 ) ;
#10242 = CARTESIAN_POINT ( 'NONE',  ( -50.02648654977334530, 8.274999999999998579, 20.18114647173673148 ) ) ;
#10243 = CARTESIAN_POINT ( 'NONE',  ( 0.8325418644314438454, 119.8799379955917317, 36.89999999999999147 ) ) ;
#10244 = DIRECTION ( 'NONE',  ( 0.000000000000000000, 0.000000000000000000, 1.000000000000000000 ) ) ;
#10245 = EDGE_CURVE ( 'NONE', #8284, #6089, #208, .T. ) ;
#10246 = DIRECTION ( 'NONE',  ( -0.000000000000000000, 1.000000000000000000, 0.000000000000000000 ) ) ;
#10247 = DIRECTION ( 'NONE',  ( -0.000000000000000000, -1.000000000000000000, -0.000000000000000000 ) ) ;
#10248 = PLANE ( 'NONE',  #4688 ) ;
#10249 = ORIENTED_EDGE ( 'NONE', *, *, #2547, .T. ) ;
#10250 = ORIENTED_EDGE ( 'NONE', *, *, #1988, .F. ) ;
#10251 = AXIS2_PLACEMENT_3D ( 'NONE', #2377, #720, #546 ) ;
#10252 = EDGE_LOOP ( 'NONE', ( #3756, #1870, #5692, #8683, #186 ) ) ;
#10253 = LINE ( 'NONE', #10307, #8060 ) ;
#10254 = EDGE_CURVE ( 'NONE', #4377, #7130, #7821, .T. ) ;
#10255 = CARTESIAN_POINT ( 'NONE',  ( 50.48689872104515075, 95.63999999999417412, -7.959769997217391868 ) ) ;
#10256 = CARTESIAN_POINT ( 'NONE',  ( -31.40689872104514180, 97.50000000000000000, -4.426490271149424061 ) ) ;
#10257 = VECTOR ( 'NONE', #8777, 1000.000000000000000 ) ;
#10258 = CARTESIAN_POINT ( 'NONE',  ( -72.76808532237744487, 5.099999999999999645, 17.06344096711973890 ) ) ;
#10259 = DIRECTION ( 'NONE',  ( 0.000000000000000000, 1.000000000000000000, -0.000000000000000000 ) ) ;
#10260 = ORIENTED_EDGE ( 'NONE', *, *, #513, .F. ) ;
#10261 = CARTESIAN_POINT ( 'NONE',  ( 46.58189872104513540, 72.64000000000000057, -26.48622071973760228 ) ) ;
#10262 = VERTEX_POINT ( 'NONE', #9696 ) ;
#10263 = VERTEX_POINT ( 'NONE', #1017 ) ;
#10264 = PLANE ( 'NONE',  #3501 ) ;
#10265 = DIRECTION ( 'NONE',  ( -1.521157000053560499E-16, 0.000000000000000000, -1.000000000000000000 ) ) ;
#10266 = CARTESIAN_POINT ( 'NONE',  ( -11.25499999999998302, -27.00000000000000355, 7.542308546125213731 ) ) ;
#10267 = CARTESIAN_POINT ( 'NONE',  ( 4.999570503068142990, 119.8301161607049750, 36.89999999999999147 ) ) ;
#10268 = CARTESIAN_POINT ( 'NONE',  ( 43.40689872104514535, 74.43999999999417128, -7.959769997217390092 ) ) ;
#10269 = DIRECTION ( 'NONE',  ( 1.000000000000000000, 0.000000000000000000, 1.335278419062900361E-16 ) ) ;
#10270 = ORIENTED_EDGE ( 'NONE', *, *, #4770, .T. ) ;
#10271 = ORIENTED_EDGE ( 'NONE', *, *, #416, .T. ) ;
#10272 = EDGE_CURVE ( 'NONE', #4177, #1653, #4542, .T. ) ;
#10273 = ORIENTED_EDGE ( 'NONE', *, *, #10289, .T. ) ;
#10274 = ORIENTED_EDGE ( 'NONE', *, *, #8394, .F. ) ;
#10275 = CARTESIAN_POINT ( 'NONE',  ( 53.40689872104514535, 95.63999999999417412, -2.374168628343574561 ) ) ;
#10276 = DIRECTION ( 'NONE',  ( -0.5735764363510577057, 1.118899434348419481E-16, 0.8191520442889836939 ) ) ;
#10277 = CARTESIAN_POINT ( 'NONE',  ( 50.48689872104515075, 75.48946397805705999, -21.83805926787198715 ) ) ;
#10278 = VECTOR ( 'NONE', #2992, 1000.000000000000227 ) ;
#10279 = VECTOR ( 'NONE', #3361, 1000.000000000000114 ) ;
#10280 = FACE_OUTER_BOUND ( 'NONE', #7078, .T. ) ;
#10281 = CARTESIAN_POINT ( 'NONE',  ( -43.40689872104513825, 97.50000000000000000, -29.66122071973760299 ) ) ;
#10282 = ORIENTED_EDGE ( 'NONE', *, *, #5448, .F. ) ;
#10283 = FACE_BOUND ( 'NONE', #10777, .T. ) ;
#10284 = EDGE_CURVE ( 'NONE', #1188, #7993, #2604, .T. ) ;
#10285 = ORIENTED_EDGE ( 'NONE', *, *, #9549, .F. ) ;
#10286 = AXIS2_PLACEMENT_3D ( 'NONE', #3523, #10323, #2788 ) ;
#10287 = ORIENTED_EDGE ( 'NONE', *, *, #9040, .T. ) ;
#10288 = AXIS2_PLACEMENT_3D ( 'NONE', #372, #5594, #6548 ) ;
#10289 = EDGE_CURVE ( 'NONE', #5378, #8899, #10478, .T. ) ;
#10290 = DIRECTION ( 'NONE',  ( -0.000000000000000000, -1.000000000000000000, -0.000000000000000000 ) ) ;
#10291 = DIRECTION ( 'NONE',  ( 0.000000000000000000, -0.000000000000000000, 1.000000000000000000 ) ) ;
#10292 = LINE ( 'NONE', #9452, #9257 ) ;
#10293 = DIRECTION ( 'NONE',  ( 0.000000000000000000, 0.000000000000000000, 1.000000000000000000 ) ) ;
#10294 = CARTESIAN_POINT ( 'NONE',  ( 33.75500000000002387, -4.758722840904771267, -3.738845726937403580 ) ) ;
#10295 = CARTESIAN_POINT ( 'NONE',  ( 16.75499999999997769, -27.00000000000000355, -2.559084472230090991E-15 ) ) ;
#10296 = CIRCLE ( 'NONE', #5953, 1.149999999999999467 ) ;
#10297 = CARTESIAN_POINT ( 'NONE',  ( -13.75499999999998657, -27.00000000000000355, 2.100877762788714355E-15 ) ) ;
#10298 = EDGE_CURVE ( 'NONE', #3372, #10328, #160, .T. ) ;
#10299 = ADVANCED_FACE ( 'NONE', ( #3453 ), #218, .F. ) ;
#10300 = ORIENTED_EDGE ( 'NONE', *, *, #10730, .F. ) ;
#10301 = EDGE_CURVE ( 'NONE', #4763, #1536, #1121, .T. ) ;
#10302 = VERTEX_POINT ( 'NONE', #7764 ) ;
#10303 = EDGE_LOOP ( 'NONE', ( #3474, #1757, #5286, #10887 ) ) ;
#10304 = EDGE_CURVE ( 'NONE', #10427, #3558, #8548, .T. ) ;
#10305 = ADVANCED_FACE ( 'NONE', ( #10425 ), #1755, .T. ) ;
#10306 = VECTOR ( 'NONE', #1474, 1000.000000000000000 ) ;
#10307 = CARTESIAN_POINT ( 'NONE',  ( 50.48689872104515075, 94.56476577691782381, -8.504985928319962696 ) ) ;
#10308 = VECTOR ( 'NONE', #9356, 1000.000000000000000 ) ;
#10309 = VECTOR ( 'NONE', #8518, 1000.000000000000000 ) ;
#10310 = DIRECTION ( 'NONE',  ( 1.000000000000000000, 0.000000000000000000, -0.000000000000000000 ) ) ;
#10311 = DIRECTION ( 'NONE',  ( 5.103282850429250674E-32, -1.000000000000000000, -3.354869254291018419E-16 ) ) ;
#10312 = CARTESIAN_POINT ( 'NONE',  ( 43.40689872104514535, 95.63999999999417412, -7.959769997217390092 ) ) ;
#10313 = LINE ( 'NONE', #4080, #4011 ) ;
#10314 = CARTESIAN_POINT ( 'NONE',  ( 82.54999999999999716, 104.8258398792882105, -27.12507748354934023 ) ) ;
#10315 = ORIENTED_EDGE ( 'NONE', *, *, #7013, .F. ) ;
#10316 = CARTESIAN_POINT ( 'NONE',  ( -77.54999999999999716, 109.8258398792882247, 36.89999999999999858 ) ) ;
#10317 = AXIS2_PLACEMENT_3D ( 'NONE', #10908, #575, #4942 ) ;
#10318 = EDGE_CURVE ( 'NONE', #7879, #2793, #101, .T. ) ;
#10319 = ORIENTED_EDGE ( 'NONE', *, *, #4476, .T. ) ;
#10320 = AXIS2_PLACEMENT_3D ( 'NONE', #8164, #10768, #2946 ) ;
#10321 = EDGE_LOOP ( 'NONE', ( #9796, #5813, #146, #839 ) ) ;
#10322 = CARTESIAN_POINT ( 'NONE',  ( 50.48689872104515075, 95.28999999999417980, -22.77998592831961133 ) ) ;
#10323 = DIRECTION ( 'NONE',  ( -8.936595925086526584E-12, 2.006035293561381843E-26, -1.000000000000000000 ) ) ;
#10324 = DIRECTION ( 'NONE',  ( -0.7071067811865524577, -0.000000000000000000, -0.7071067811865425767 ) ) ;
#10325 = CYLINDRICAL_SURFACE ( 'NONE', #3271, 5.000000000000000000 ) ;
#10326 = DIRECTION ( 'NONE',  ( 0.000000000000000000, 0.6427876096865373645, -0.7660444431189796788 ) ) ;
#10327 = CARTESIAN_POINT ( 'NONE',  ( -51.69999999999999574, 109.8258398792882247, 36.89999999999998437 ) ) ;
#10328 = VERTEX_POINT ( 'NONE', #3565 ) ;
#10329 = VERTEX_POINT ( 'NONE', #6276 ) ;
#10330 = ORIENTED_EDGE ( 'NONE', *, *, #5815, .F. ) ;
#10331 = AXIS2_PLACEMENT_3D ( 'NONE', #5302, #2758, #10352 ) ;
#10332 = ORIENTED_EDGE ( 'NONE', *, *, #5797, .T. ) ;
#10333 = CARTESIAN_POINT ( 'NONE',  ( -11.25499999999998302, -27.00000000000000355, 5.042308546125213731 ) ) ;
#10334 = ORIENTED_EDGE ( 'NONE', *, *, #2808, .F. ) ;
#10335 = CIRCLE ( 'NONE', #747, 24.20000000000000639 ) ;
#10336 = DIRECTION ( 'NONE',  ( 0.000000000000000000, 1.000000000000000000, 0.000000000000000000 ) ) ;
#10337 = CIRCLE ( 'NONE', #6714, 1.149999999999994804 ) ;
#10338 = DIRECTION ( 'NONE',  ( 0.000000000000000000, -1.000000000000000000, -0.000000000000000000 ) ) ;
#10339 = ORIENTED_EDGE ( 'NONE', *, *, #1908, .T. ) ;
#10340 = DIRECTION ( 'NONE',  ( -1.000000000000000000, 0.000000000000000000, 0.000000000000000000 ) ) ;
#10341 = DIRECTION ( 'NONE',  ( 0.000000000000000000, 0.000000000000000000, -1.000000000000000000 ) ) ;
#10342 = ORIENTED_EDGE ( 'NONE', *, *, #3490, .F. ) ;
#10343 = DIRECTION ( 'NONE',  ( 0.000000000000000000, 0.000000000000000000, 1.000000000000000000 ) ) ;
#10344 = EDGE_LOOP ( 'NONE', ( #3570, #7686, #9785, #2692 ) ) ;
#10345 = VECTOR ( 'NONE', #5778, 1000.000000000000000 ) ;
#10346 = AXIS2_PLACEMENT_3D ( 'NONE', #3989, #8376, #2302 ) ;
#10347 = ORIENTED_EDGE ( 'NONE', *, *, #7112, .T. ) ;
#10348 = VERTEX_POINT ( 'NONE', #6050 ) ;
#10349 = CARTESIAN_POINT ( 'NONE',  ( 74.43750000000001421, -4.758722840905002194, -40.25769145387477721 ) ) ;
#10350 = EDGE_CURVE ( 'NONE', #3956, #1718, #1980, .T. ) ;
#10351 = DIRECTION ( 'NONE',  ( 0.000000000000000000, 0.000000000000000000, -1.000000000000000000 ) ) ;
#10352 = DIRECTION ( 'NONE',  ( 0.000000000000000000, -0.000000000000000000, 1.000000000000000000 ) ) ;
#10353 = CARTESIAN_POINT ( 'NONE',  ( -82.54999999999999716, 6.349999999999995204, -6.257691453874760334 ) ) ;
#10354 = CIRCLE ( 'NONE', #8557, 26.00000000000000355 ) ;
#10355 = ORIENTED_EDGE ( 'NONE', *, *, #328, .T. ) ;
#10356 = DIRECTION ( 'NONE',  ( -2.798652010292312442E-32, -9.857861061534081252E-17, -1.000000000000000000 ) ) ;
#10357 = AXIS2_PLACEMENT_3D ( 'NONE', #5290, #5457, #1102 ) ;
#10358 = CARTESIAN_POINT ( 'NONE',  ( 61.59000000000155950, 5.099999999999999645, 19.62115427306273219 ) ) ;
#10359 = CYLINDRICAL_SURFACE ( 'NONE', #2168, 1.149999999999998135 ) ;
#10360 = ORIENTED_EDGE ( 'NONE', *, *, #8392, .T. ) ;
#10361 = ORIENTED_EDGE ( 'NONE', *, *, #7960, .T. ) ;
#10362 = DIRECTION ( 'NONE',  ( 0.000000000000000000, 1.000000000000000000, -0.000000000000000000 ) ) ;
#10363 = VERTEX_POINT ( 'NONE', #7009 ) ;
#10364 = DIRECTION ( 'NONE',  ( 0.000000000000000000, 0.000000000000000000, 1.000000000000000000 ) ) ;
#10365 = EDGE_CURVE ( 'NONE', #8536, #10900, #8905, .T. ) ;
#10366 = CARTESIAN_POINT ( 'NONE',  ( -50.48689872104515075, 78.54000537782802382, -2.374168628343575449 ) ) ;
#10367 = EDGE_CURVE ( 'NONE', #2522, #1929, #8679, .T. ) ;
#10368 = CARTESIAN_POINT ( 'NONE',  ( -72.76808532600743717, 5.099999999999999645, -0.6211324209942660213 ) ) ;
#10369 = CARTESIAN_POINT ( 'NONE',  ( 82.54999999999999716, 61.63999999999999346, -0.2576914538747651640 ) ) ;
#10370 = CARTESIAN_POINT ( 'NONE',  ( 50.48689872104515075, 97.40000406513269127, 2.358535216981981542 ) ) ;
#10371 = ORIENTED_EDGE ( 'NONE', *, *, #6619, .F. ) ;
#10372 = EDGE_CURVE ( 'NONE', #2868, #2090, #9646, .T. ) ;
#10373 = AXIS2_PLACEMENT_3D ( 'NONE', #3605, #996, #1261 ) ;
#10374 = CARTESIAN_POINT ( 'NONE',  ( 69.20000000001763851, 18.85000000000028209, -37.08269145387476584 ) ) ;
#10375 = EDGE_CURVE ( 'NONE', #2003, #10180, #5455, .T. ) ;
#10376 = CARTESIAN_POINT ( 'NONE',  ( -1.718853960308399431, 124.8258398793073383, -15.72034834013812876 ) ) ;
#10377 = VERTEX_POINT ( 'NONE', #1924 ) ;
#10378 = ORIENTED_EDGE ( 'NONE', *, *, #1391, .F. ) ;
#10379 = LINE ( 'NONE', #9594, #4949 ) ;
#10380 = AXIS2_PLACEMENT_3D ( 'NONE', #2334, #7608, #3349 ) ;
#10381 = FACE_OUTER_BOUND ( 'NONE', #6802, .T. ) ;
#10382 = EDGE_CURVE ( 'NONE', #6341, #4447, #566, .T. ) ;
#10383 = EDGE_CURVE ( 'NONE', #9144, #7990, #3950, .T. ) ;
#10384 = CARTESIAN_POINT ( 'NONE',  ( 77.54999999999999716, 104.8258398792882105, 0.000000000000000000 ) ) ;
#10385 =( LENGTH_UNIT ( ) NAMED_UNIT ( * ) SI_UNIT ( .MILLI., .METRE. ) );
#10386 = PLANE ( 'NONE',  #3781 ) ;
#10387 = CARTESIAN_POINT ( 'NONE',  ( -20.50068315390130635, 96.12583987928823603, 21.29350972844751055 ) ) ;
#10388 = ORIENTED_EDGE ( 'NONE', *, *, #10038, .T. ) ;
#10389 = EDGE_CURVE ( 'NONE', #6626, #400, #7423, .T. ) ;
#10390 = ORIENTED_EDGE ( 'NONE', *, *, #6683, .T. ) ;
#10391 = AXIS2_PLACEMENT_3D ( 'NONE', #3568, #8627, #10593 ) ;
#10392 = ORIENTED_EDGE ( 'NONE', *, *, #2087, .T. ) ;
#10393 = VECTOR ( 'NONE', #5663, 1000.000000000000000 ) ;
#10394 = EDGE_LOOP ( 'NONE', ( #7272, #5909, #8784, #9014 ) ) ;
#10395 = DIRECTION ( 'NONE',  ( -1.000000000000000000, 0.000000000000000000, 1.335278419062900361E-16 ) ) ;
#10396 = ORIENTED_EDGE ( 'NONE', *, *, #4337, .T. ) ;
#10397 = EDGE_CURVE ( 'NONE', #10172, #9528, #6449, .T. ) ;
#10398 = CARTESIAN_POINT ( 'NONE',  ( 50.48689872104515075, 94.56476577691782381, -8.504985928319962696 ) ) ;
#10399 = CARTESIAN_POINT ( 'NONE',  ( -35.61042949709576533, 96.12583987928823603, -1.926685223531122260 ) ) ;
#10400 = VECTOR ( 'NONE', #7889, 1000.000000000000000 ) ;
#10401 = CARTESIAN_POINT ( 'NONE',  ( 0.000000000000000000, 6.349999999999999645, 19.39999999999997371 ) ) ;
#10402 = ORIENTED_EDGE ( 'NONE', *, *, #7189, .F. ) ;
#10403 = CARTESIAN_POINT ( 'NONE',  ( -8.300429496927989703, 99.82583987928822467, -1.816490271607134721 ) ) ;
#10404 = CARTESIAN_POINT ( 'NONE',  ( 50.48689872104515075, 95.28999999999417980, -23.92998592831960991 ) ) ;
#10405 = VERTEX_POINT ( 'NONE', #8169 ) ;
#10406 = AXIS2_PLACEMENT_3D ( 'NONE', #10937, #3162, #9235 ) ;
#10407 = EDGE_LOOP ( 'NONE', ( #4458, #6979, #594, #3284, #8256, #1730, #1723, #9867 ) ) ;
#10408 = DIRECTION ( 'NONE',  ( 1.075619781533889645E-16, 0.7071072074758637527, 0.7071063548969742651 ) ) ;
#10409 = EDGE_CURVE ( 'NONE', #8544, #9650, #2925, .T. ) ;
#10410 = CARTESIAN_POINT ( 'NONE',  ( 3.332903842816064888, 119.8510169630564519, -20.03649027154900253 ) ) ;
#10411 = DIRECTION ( 'NONE',  ( -0.000000000000000000, 1.000000000000000000, -0.000000000000000000 ) ) ;
#10412 = DIRECTION ( 'NONE',  ( -0.5735764363510443831, -0.8191520442889929088, 0.000000000000000000 ) ) ;
#10413 = DIRECTION ( 'NONE',  ( 1.593062912007103154E-16, 1.000000000000000000, -1.365923996832131116E-16 ) ) ;
#10414 = ORIENTED_EDGE ( 'NONE', *, *, #326, .F. ) ;
#10415 = LINE ( 'NONE', #950, #6369 ) ;
#10416 = PLANE ( 'NONE',  #3559 ) ;
#10417 = CARTESIAN_POINT ( 'NONE',  ( -50.48689872104515075, 95.10731456396575823, 3.358535111626433700 ) ) ;
#10418 = ORIENTED_EDGE ( 'NONE', *, *, #4966, .F. ) ;
#10419 = ORIENTED_EDGE ( 'NONE', *, *, #2665, .F. ) ;
#10420 = EDGE_CURVE ( 'NONE', #7879, #7299, #9804, .T. ) ;
#10421 = AXIS2_PLACEMENT_3D ( 'NONE', #8572, #4244, #10091 ) ;
#10422 = PLANE ( 'NONE',  #6760 ) ;
#10423 = DIRECTION ( 'NONE',  ( -1.000000000000000000, 0.000000000000000000, 6.025932307130935509E-13 ) ) ;
#10424 = DIRECTION ( 'NONE',  ( 0.000000000000000000, 0.000000000000000000, 1.000000000000000000 ) ) ;
#10425 = FACE_OUTER_BOUND ( 'NONE', #2524, .T. ) ;
#10426 = CARTESIAN_POINT ( 'NONE',  ( 61.59000000000155950, 5.099999999999999645, 19.62115427306273219 ) ) ;
#10427 = VERTEX_POINT ( 'NONE', #8114 ) ;
#10428 = VECTOR ( 'NONE', #10773, 1000.000000000000000 ) ;
#10429 = PLANE ( 'NONE',  #7129 ) ;
#10430 = ORIENTED_EDGE ( 'NONE', *, *, #4276, .T. ) ;
#10431 = ORIENTED_EDGE ( 'NONE', *, *, #4270, .T. ) ;
#10432 = EDGE_CURVE ( 'NONE', #897, #1990, #10827, .T. ) ;
#10433 = LINE ( 'NONE', #2668, #1521 ) ;
#10434 = VERTEX_POINT ( 'NONE', #3050 ) ;
#10435 = AXIS2_PLACEMENT_3D ( 'NONE', #1572, #1515, #11092 ) ;
#10436 = FACE_OUTER_BOUND ( 'NONE', #9297, .T. ) ;
#10437 = EDGE_CURVE ( 'NONE', #612, #7178, #8059, .T. ) ;
#10438 = CARTESIAN_POINT ( 'NONE',  ( -33.11067117007558380, 96.12583987928823603, 18.79370330280937651 ) ) ;
#10439 = CARTESIAN_POINT ( 'NONE',  ( 77.61250000000001137, 53.93999999999999062, 5.399999999999995026 ) ) ;
#10440 = CARTESIAN_POINT ( 'NONE',  ( 11.25500000000000433, -27.00000000000000355, 13.89999999999999680 ) ) ;
#10441 = LINE ( 'NONE', #8859, #902 ) ;
#10442 = DIRECTION ( 'NONE',  ( -1.335278419062900361E-16, 0.000000000000000000, 1.000000000000000000 ) ) ;
#10443 = EDGE_CURVE ( 'NONE', #234, #2379, #5601, .T. ) ;
#10444 = VERTEX_POINT ( 'NONE', #275 ) ;
#10445 = EDGE_CURVE ( 'NONE', #10153, #9442, #8225, .T. ) ;
#10446 = CYLINDRICAL_SURFACE ( 'NONE', #6478, 1.149999999999998135 ) ;
#10447 = EDGE_CURVE ( 'NONE', #9784, #9362, #10772, .T. ) ;
#10448 = DIRECTION ( 'NONE',  ( -0.000000000000000000, 1.000000000000000000, -0.000000000000000000 ) ) ;
#10449 = DIRECTION ( 'NONE',  ( 0.000000000000000000, 0.000000000000000000, -1.000000000000000000 ) ) ;
#10450 = CARTESIAN_POINT ( 'NONE',  ( 51.69999999999999574, 99.82583987928822467, 33.89999999999999147 ) ) ;
#10451 = ORIENTED_EDGE ( 'NONE', *, *, #1425, .F. ) ;
#10452 = FACE_OUTER_BOUND ( 'NONE', #6849, .T. ) ;
#10453 = ORIENTED_EDGE ( 'NONE', *, *, #678, .T. ) ;
#10454 = LINE ( 'NONE', #2691, #3062 ) ;
#10455 = EDGE_CURVE ( 'NONE', #5855, #7593, #10704, .T. ) ;
#10456 = LINE ( 'NONE', #11148, #9586 ) ;
#10457 = ORIENTED_EDGE ( 'NONE', *, *, #7600, .F. ) ;
#10458 = ADVANCED_FACE ( 'NONE', ( #1185 ), #4631, .F. ) ;
#10459 = ORIENTED_EDGE ( 'NONE', *, *, #11084, .F. ) ;
#10460 = ORIENTED_EDGE ( 'NONE', *, *, #2824, .T. ) ;
#10461 = DIRECTION ( 'NONE',  ( -1.000000000000000000, 0.000000000000000000, 0.000000000000000000 ) ) ;
#10462 = DIRECTION ( 'NONE',  ( 0.000000000000000000, 0.000000000000000000, -1.000000000000000000 ) ) ;
#10463 = DIRECTION ( 'NONE',  ( 1.000000000000000000, 0.000000000000000000, 1.335278419062900361E-16 ) ) ;
#10464 = CARTESIAN_POINT ( 'NONE',  ( -46.58189872104513540, 96.59681315178001171, -24.95123739735932489 ) ) ;
#10465 = ORIENTED_EDGE ( 'NONE', *, *, #6386, .T. ) ;
#10466 = DIRECTION ( 'NONE',  ( 0.000000000000000000, -0.8918917311500192957, -0.4522489799946727840 ) ) ;
#10467 = DIRECTION ( 'NONE',  ( -0.000000000000000000, -0.000000000000000000, -1.000000000000000000 ) ) ;
#10468 = CARTESIAN_POINT ( 'NONE',  ( -41.55000000000002558, 91.50000000000000000, 33.89999999999999147 ) ) ;
#10469 = ORIENTED_EDGE ( 'NONE', *, *, #2401, .F. ) ;
#10470 = ORIENTED_EDGE ( 'NONE', *, *, #11079, .F. ) ;
#10471 = CIRCLE ( 'NONE', #5758, 2.500000000000000444 ) ;
#10472 = VERTEX_POINT ( 'NONE', #9973 ) ;
#10473 = DIRECTION ( 'NONE',  ( 0.000000000000000000, 0.000000000000000000, -1.000000000000000000 ) ) ;
#10474 = AXIS2_PLACEMENT_3D ( 'NONE', #5301, #10291, #9567 ) ;
#10475 = VECTOR ( 'NONE', #4811, 1000.000000000000114 ) ;
#10476 = DIRECTION ( 'NONE',  ( 0.000000000000000000, 1.000000000000000000, -0.000000000000000000 ) ) ;
#10477 = DIRECTION ( 'NONE',  ( 0.000000000000000000, -0.000000000000000000, 1.000000000000000000 ) ) ;
#10478 = LINE ( 'NONE', #3677, #10901 ) ;
#10479 = DIRECTION ( 'NONE',  ( -6.025932307130935509E-13, 0.000000000000000000, -1.000000000000000000 ) ) ;
#10480 = VERTEX_POINT ( 'NONE', #2206 ) ;
#10481 = CARTESIAN_POINT ( 'NONE',  ( -69.20000000000000284, -4.758722840904999529, -40.25769145387478432 ) ) ;
#10482 = EDGE_LOOP ( 'NONE', ( #3114, #550, #7429, #4494 ) ) ;
#10483 = ORIENTED_EDGE ( 'NONE', *, *, #6293, .T. ) ;
#10484 = LINE ( 'NONE', #2726, #56 ) ;
#10485 = VECTOR ( 'NONE', #868, 1000.000000000000000 ) ;
#10486 = VECTOR ( 'NONE', #6188, 1000.000000000000000 ) ;
#10487 = EDGE_LOOP ( 'NONE', ( #10155, #9577, #9728, #1814 ) ) ;
#10488 = FACE_OUTER_BOUND ( 'NONE', #1737, .T. ) ;
#10489 = DIRECTION ( 'NONE',  ( 0.000000000000000000, 0.000000000000000000, 1.000000000000000000 ) ) ;
#10490 = FACE_OUTER_BOUND ( 'NONE', #310, .T. ) ;
#10491 = ADVANCED_FACE ( 'NONE', ( #3110, #5654 ), #9124, .F. ) ;
#10492 = DIRECTION ( 'NONE',  ( 0.000000000000000000, -0.5283341024775852768, 0.8490365576105687317 ) ) ;
#10493 = LINE ( 'NONE', #5335, #8263 ) ;
#10494 = DIRECTION ( 'NONE',  ( -0.000000000000000000, -1.000000000000000000, -0.000000000000000000 ) ) ;
#10495 = VERTEX_POINT ( 'NONE', #10024 ) ;
#10496 = ORIENTED_EDGE ( 'NONE', *, *, #8947, .T. ) ;
#10497 = VECTOR ( 'NONE', #1820, 1000.000000000000227 ) ;
#10498 = CARTESIAN_POINT ( 'NONE',  ( -50.48689872104515075, 97.40000406513270548, -24.18005742219565946 ) ) ;
#10499 = DIRECTION ( 'NONE',  ( 0.000000000000000000, 0.000000000000000000, 1.000000000000000000 ) ) ;
#10500 = EDGE_CURVE ( 'NONE', #10042, #7831, #5826, .T. ) ;
#10501 = CARTESIAN_POINT ( 'NONE',  ( -29.00040951398291256, 99.82583987928822467, 18.68351409631356930 ) ) ;
#10502 = CARTESIAN_POINT ( 'NONE',  ( 43.40689872104514535, 74.78999999999417980, -0.6299859283196088677 ) ) ;
#10503 = ADVANCED_FACE ( 'NONE', ( #5712 ), #4570, .T. ) ;
#10504 = CARTESIAN_POINT ( 'NONE',  ( 0.000000000000000000, 69.46500000000000341, 0.000000000000000000 ) ) ;
#10505 = LINE ( 'NONE', #11141, #2741 ) ;
#10506 = DIRECTION ( 'NONE',  ( 0.000000000000000000, -0.000000000000000000, 1.000000000000000000 ) ) ;
#10507 = ORIENTED_EDGE ( 'NONE', *, *, #8314, .F. ) ;
#10508 = EDGE_CURVE ( 'NONE', #3707, #838, #9011, .T. ) ;
#10509 = ADVANCED_FACE ( 'NONE', ( #1585 ), #5030, .F. ) ;
#10510 = ORIENTED_EDGE ( 'NONE', *, *, #9884, .F. ) ;
#10511 = ORIENTED_EDGE ( 'NONE', *, *, #3179, .F. ) ;
#10512 = ORIENTED_EDGE ( 'NONE', *, *, #7794, .F. ) ;
#10513 = CIRCLE ( 'NONE', #9976, 5.000000000000000000 ) ;
#10514 = DIRECTION ( 'NONE',  ( -1.000000000000000000, 0.000000000000000000, 2.131755774931517135E-14 ) ) ;
#10515 = LINE ( 'NONE', #2757, #3060 ) ;
#10516 = EDGE_CURVE ( 'NONE', #9281, #9321, #10992, .T. ) ;
#10517 = CARTESIAN_POINT ( 'NONE',  ( -42.55000000000002558, 98.32583987928822467, 22.30467496797187010 ) ) ;
#10518 = DIRECTION ( 'NONE',  ( 0.000000000000000000, 0.000000000000000000, 1.000000000000000000 ) ) ;
#10519 = ADVANCED_FACE ( 'NONE', ( #3218 ), #5881, .F. ) ;
#10520 = EDGE_LOOP ( 'NONE', ( #7692, #221, #6547, #1599 ) ) ;
#10521 = FACE_OUTER_BOUND ( 'NONE', #2568, .T. ) ;
#10522 = CARTESIAN_POINT ( 'NONE',  ( -37.40689872104517377, 103.4999999999999858, 22.30467496797187010 ) ) ;
#10524 = CARTESIAN_POINT ( 'NONE',  ( -11.25499999999998302, 6.349999999999999645, 2.042308546125241708 ) ) ;
#10523 = AXIS2_PLACEMENT_3D ( 'NONE', #4959, #10233, #10979 ) ;
#10525 = DIRECTION ( 'NONE',  ( -0.000000000000000000, 0.000000000000000000, 1.000000000000000000 ) ) ;
#10526 = VECTOR ( 'NONE', #1810, 1000.000000000000000 ) ;
#10527 = CIRCLE ( 'NONE', #5985, 1.150000000000003020 ) ;
#10528 = ORIENTED_EDGE ( 'NONE', *, *, #3875, .T. ) ;
#10529 = EDGE_LOOP ( 'NONE', ( #3308, #3674, #668, #5067, #3096, #7710, #10339, #3793 ) ) ;
#10530 = ORIENTED_EDGE ( 'NONE', *, *, #8072, .T. ) ;
#10531 = FACE_OUTER_BOUND ( 'NONE', #1445, .T. ) ;
#10532 = AXIS2_PLACEMENT_3D ( 'NONE', #4664, #3037, #4787 ) ;
#10534 = DIRECTION ( 'NONE',  ( 0.000000000000000000, 1.000000000000000000, 7.709882115452476934E-17 ) ) ;
#10533 = AXIS2_PLACEMENT_3D ( 'NONE', #9207, #4831, #637 ) ;
#10535 = DIRECTION ( 'NONE',  ( -7.054719541367230563E-17, 0.8490371033064915141, -0.5283332255394527222 ) ) ;
#10536 = DIRECTION ( 'NONE',  ( -1.000000000000000000, 0.000000000000000000, 0.000000000000000000 ) ) ;
#10537 = CARTESIAN_POINT ( 'NONE',  ( -67.12500000000000000, 99.82583987928822467, 40.40000000000004832 ) ) ;
#10538 = CARTESIAN_POINT ( 'NONE',  ( 46.58189872104514251, 73.67999999411362921, 3.358530552390480040 ) ) ;
#10539 = ORIENTED_EDGE ( 'NONE', *, *, #9825, .T. ) ;
#10540 = VERTEX_POINT ( 'NONE', #4977 ) ;
#10541 = ORIENTED_EDGE ( 'NONE', *, *, #3104, .F. ) ;
#10542 = LINE ( 'NONE', #2786, #3328 ) ;
#10543 = CARTESIAN_POINT ( 'NONE',  ( 50.48689872104515075, 72.67999878751419374, 2.358530551520389817 ) ) ;
#10544 = DIRECTION ( 'NONE',  ( -1.000000000000000000, 0.000000000000000000, -1.600125454749515028E-16 ) ) ;
#10545 = DIRECTION ( 'NONE',  ( 0.000000000000000000, -1.000000000000000000, 0.000000000000000000 ) ) ;
#10546 = EDGE_CURVE ( 'NONE', #10690, #9101, #6660, .T. ) ;
#10547 = DIRECTION ( 'NONE',  ( -1.000000000000000000, -0.000000000000000000, 1.335278419062900115E-16 ) ) ;
#10548 = VECTOR ( 'NONE', #6414, 1000.000000000000000 ) ;
#10549 = DIRECTION ( 'NONE',  ( -0.000000000000000000, -1.000000000000000000, -0.000000000000000000 ) ) ;
#10550 = DIRECTION ( 'NONE',  ( 1.000000000000000000, 0.000000000000000000, 1.335278419062900361E-16 ) ) ;
#10551 = LINE ( 'NONE', #3692, #155 ) ;
#10552 = ORIENTED_EDGE ( 'NONE', *, *, #3374, .F. ) ;
#10553 = ORIENTED_EDGE ( 'NONE', *, *, #10747, .F. ) ;
#10554 = DIRECTION ( 'NONE',  ( 0.000000000000000000, 0.000000000000000000, 1.000000000000000000 ) ) ;
#10555 = AXIS2_PLACEMENT_3D ( 'NONE', #4706, #5620, #1320 ) ;
#10556 = EDGE_CURVE ( 'NONE', #4608, #9389, #8452, .T. ) ;
#10557 = FACE_OUTER_BOUND ( 'NONE', #4670, .T. ) ;
#10558 = DIRECTION ( 'NONE',  ( 0.000000000000000000, -1.000000000000000000, 0.000000000000000000 ) ) ;
#10559 = DIRECTION ( 'NONE',  ( 9.441838556761622021E-17, -0.7071072074758634196, -0.7071063548969745982 ) ) ;
#10560 = CARTESIAN_POINT ( 'NONE',  ( -46.58189872104514251, 60.51489584382510856, -12.12508953659851763 ) ) ;
#10561 = LINE ( 'NONE', #10677, #8906 ) ;
#10562 = ORIENTED_EDGE ( 'NONE', *, *, #7547, .T. ) ;
#10563 = VECTOR ( 'NONE', #4247, 1000.000000000000000 ) ;
#10564 = CARTESIAN_POINT ( 'NONE',  ( 5.452088814553350815, 124.6954348578410787, 36.89929541667874702 ) ) ;
#10565 = ORIENTED_EDGE ( 'NONE', *, *, #4806, .T. ) ;
#10566 = LINE ( 'NONE', #2809, #10128 ) ;
#10567 = VERTEX_POINT ( 'NONE', #4014 ) ;
#10568 = EDGE_CURVE ( 'NONE', #8271, #9864, #9344, .T. ) ;
#10569 = VERTEX_POINT ( 'NONE', #606 ) ;
#10570 = AXIS2_PLACEMENT_3D ( 'NONE', #1670, #2359, #760 ) ;
#10571 = ORIENTED_EDGE ( 'NONE', *, *, #8407, .T. ) ;
#10572 = VECTOR ( 'NONE', #5988, 1000.000000000000000 ) ;
#10573 = FACE_OUTER_BOUND ( 'NONE', #6582, .T. ) ;
#10574 = ADVANCED_FACE ( 'NONE', ( #2376 ), #8340, .F. ) ;
#10575 = DIRECTION ( 'NONE',  ( 0.000000000000000000, -0.5283341024775852768, 0.8490365576105687317 ) ) ;
#10576 = DIRECTION ( 'NONE',  ( 0.000000000000000000, 0.000000000000000000, 1.000000000000000000 ) ) ;
#10577 = LINE ( 'NONE', #2817, #7992 ) ;
#10578 = EDGE_LOOP ( 'NONE', ( #4950, #3131, #8794, #4028 ) ) ;
#10579 = CARTESIAN_POINT ( 'NONE',  ( 82.55000000000002558, 97.50000000000000000, 19.12967496797186939 ) ) ;
#10580 = DIRECTION ( 'NONE',  ( 0.000000000000000000, 0.000000000000000000, -1.000000000000000000 ) ) ;
#10581 = CARTESIAN_POINT ( 'NONE',  ( -50.48689872104515075, 95.28999999999417980, -23.92998592831960991 ) ) ;
#10582 = CIRCLE ( 'NONE', #4782, 1.000000000000000888 ) ;
#10583 = VERTEX_POINT ( 'NONE', #545 ) ;
#10584 = ORIENTED_EDGE ( 'NONE', *, *, #9284, .T. ) ;
#10585 = ADVANCED_FACE ( 'NONE', ( #2480 ), #8920, .F. ) ;
#10586 = LINE ( 'NONE', #7306, #4778 ) ;
#10587 = AXIS2_PLACEMENT_3D ( 'NONE', #6841, #10476, #2717 ) ;
#10588 = ADVANCED_FACE ( 'NONE', ( #1530, #6826, #6779, #7479, #5827 ), #8559, .F. ) ;
#10589 = CARTESIAN_POINT ( 'NONE',  ( 73.96808532237744771, 5.099999999999999645, 0.5788675790057360437 ) ) ;
#10590 = LINE ( 'NONE', #3676, #10049 ) ;
#10591 = DIRECTION ( 'NONE',  ( 0.000000000000000000, -0.000000000000000000, -1.000000000000000000 ) ) ;
#10592 = DIRECTION ( 'NONE',  ( -0.000000000000000000, -1.000000000000000000, -0.000000000000000000 ) ) ;
#10593 = DIRECTION ( 'NONE',  ( -1.000000000000000000, 0.000000000000000000, 0.000000000000000000 ) ) ;
#10594 = VERTEX_POINT ( 'NONE', #5927 ) ;
#10595 = ORIENTED_EDGE ( 'NONE', *, *, #7403, .T. ) ;
#10596 = AXIS2_PLACEMENT_3D ( 'NONE', #9156, #8252, #3867 ) ;
#10597 = EDGE_CURVE ( 'NONE', #9459, #9223, #1636, .T. ) ;
#10598 = ORIENTED_EDGE ( 'NONE', *, *, #7570, .F. ) ;
#10599 = VERTEX_POINT ( 'NONE', #10294 ) ;
#10600 = LINE ( 'NONE', #6287, #3241 ) ;
#10601 = CARTESIAN_POINT ( 'NONE',  ( 43.40689872104513825, 90.00000000000000000, 22.30467496797187010 ) ) ;
#10602 = CARTESIAN_POINT ( 'NONE',  ( 0.000000000000000000, 18.84999999999999787, -24.58269145387476584 ) ) ;
#10603 = VECTOR ( 'NONE', #1370, 999.9999999999998863 ) ;
#10604 = CARTESIAN_POINT ( 'NONE',  ( -33.55000000000002558, 98.32583987928822467, 33.89999999999999147 ) ) ;
#10605 = VERTEX_POINT ( 'NONE', #2534 ) ;
#10606 = LINE ( 'NONE', #1943, #2705 ) ;
#10607 = ORIENTED_EDGE ( 'NONE', *, *, #3598, .T. ) ;
#10608 = LINE ( 'NONE', #108, #8411 ) ;
#10609 = CARTESIAN_POINT ( 'NONE',  ( -50.48689872104515075, 95.28999999999417980, -25.07998592831960849 ) ) ;
#10610 = LINE ( 'NONE', #8247, #11129 ) ;
#10611 = CARTESIAN_POINT ( 'NONE',  ( 69.20000000000597140, 6.350000000000280309, -24.58269145387476584 ) ) ;
#10612 = DIRECTION ( 'NONE',  ( 0.000000000000000000, 0.000000000000000000, 1.000000000000000000 ) ) ;
#10613 = LINE ( 'NONE', #7338, #5450 ) ;
#10614 = ORIENTED_EDGE ( 'NONE', *, *, #10432, .F. ) ;
#10615 = VECTOR ( 'NONE', #476, 1000.000000000000000 ) ;
#10616 = ADVANCED_FACE ( 'NONE', ( #6610 ), #6002, .F. ) ;
#10617 = CARTESIAN_POINT ( 'NONE',  ( -42.55000000000002558, 98.32583987928822467, 22.30467496797187010 ) ) ;
#10618 = DIRECTION ( 'NONE',  ( 2.244742081187875711E-15, 1.000000000000000000, -0.000000000000000000 ) ) ;
#10619 = ORIENTED_EDGE ( 'NONE', *, *, #10030, .T. ) ;
#10620 = DIRECTION ( 'NONE',  ( 1.000000000000000000, -0.000000000000000000, -1.066750355020279335E-16 ) ) ;
#10621 = ORIENTED_EDGE ( 'NONE', *, *, #7213, .F. ) ;
#10622 = ORIENTED_EDGE ( 'NONE', *, *, #9980, .F. ) ;
#10623 = DIRECTION ( 'NONE',  ( 0.000000000000000000, -1.000000000000000000, 0.000000000000000000 ) ) ;
#10624 = DIRECTION ( 'NONE',  ( -0.04985863843715559324, 0.000000000000000000, 0.9987562846726888433 ) ) ;
#10625 = CARTESIAN_POINT ( 'NONE',  ( 77.61250000000001137, 82.35514882866895903, -40.25769145387477010 ) ) ;
#10626 = DIRECTION ( 'NONE',  ( 0.000000000000000000, 0.000000000000000000, 1.000000000000000000 ) ) ;
#10627 = VERTEX_POINT ( 'NONE', #5764 ) ;
#10628 = ADVANCED_FACE ( 'NONE', ( #9238 ), #8400, .F. ) ;
#10629 = LINE ( 'NONE', #2878, #3296 ) ;
#10630 = LINE ( 'NONE', #2879, #471 ) ;
#10631 = CYLINDRICAL_SURFACE ( 'NONE', #8671, 5.000000000000000000 ) ;
#10632 = CARTESIAN_POINT ( 'NONE',  ( 4.999570503068137661, 119.8299752807307357, -15.03649027154900431 ) ) ;
#10633 = ORIENTED_EDGE ( 'NONE', *, *, #2279, .F. ) ;
#10634 = CARTESIAN_POINT ( 'NONE',  ( -46.58189872104513540, 72.67997248461419701, -24.29018084517760911 ) ) ;
#10635 = ORIENTED_EDGE ( 'NONE', *, *, #9742, .T. ) ;
#10636 = EDGE_CURVE ( 'NONE', #1048, #7715, #6721, .T. ) ;
#10637 = ORIENTED_EDGE ( 'NONE', *, *, #9640, .T. ) ;
#10638 = CARTESIAN_POINT ( 'NONE',  ( 77.61250000000001137, 61.63999999999999346, 5.399999999999991473 ) ) ;
#10639 = CARTESIAN_POINT ( 'NONE',  ( -5.000429496931849016, 110.8258398792882247, 36.89999999999999147 ) ) ;
#10640 = LINE ( 'NONE', #3898, #2270 ) ;
#10641 = ADVANCED_FACE ( 'NONE', ( #90 ), #7919, .T. ) ;
#10642 = CARTESIAN_POINT ( 'NONE',  ( 61.59000000000065711, 8.274999999999998579, 18.12419718570802019 ) ) ;
#10643 = FACE_OUTER_BOUND ( 'NONE', #710, .T. ) ;
#10645 = EDGE_CURVE ( 'NONE', #6026, #7060, #142, .T. ) ;
#10644 = CIRCLE ( 'NONE', #2325, 25.00000000000000000 ) ;
#10646 = AXIS2_PLACEMENT_3D ( 'NONE', #2326, #4078, #10950 ) ;
#10647 = ORIENTED_EDGE ( 'NONE', *, *, #5653, .F. ) ;
#10648 = ORIENTED_EDGE ( 'NONE', *, *, #8168, .F. ) ;
#10649 = EDGE_CURVE ( 'NONE', #2483, #5150, #201, .T. ) ;
#10650 = ADVANCED_FACE ( 'NONE', ( #8613 ), #5361, .T. ) ;
#10651 = EDGE_LOOP ( 'NONE', ( #1873, #11142, #6533, #9438 ) ) ;
#10652 = ORIENTED_EDGE ( 'NONE', *, *, #6821, .T. ) ;
#10653 = VECTOR ( 'NONE', #4743, 1000.000000000000000 ) ;
#10654 = CARTESIAN_POINT ( 'NONE',  ( 77.54999999999999716, 104.8258398792882105, 25.39999999999999858 ) ) ;
#10655 = CIRCLE ( 'NONE', #9388, 0.9999999999999974465 ) ;
#10656 = AXIS2_PLACEMENT_3D ( 'NONE', #724, #10362, #841 ) ;
#10657 = CARTESIAN_POINT ( 'NONE',  ( -77.61249999999999716, 8.274999999999998579, -5.564823903641046954 ) ) ;
#10658 = DIRECTION ( 'NONE',  ( -1.000000000000000000, -1.593062912007103154E-16, -1.228232725407420948E-32 ) ) ;
#10659 = CARTESIAN_POINT ( 'NONE',  ( -5.042792600556134097, 124.8258398792882247, -15.23534267996138780 ) ) ;
#10660 = CARTESIAN_POINT ( 'NONE',  ( -28.20042949698529355, 96.12583987928823603, 18.68350972833517432 ) ) ;
#10661 = EDGE_CURVE ( 'NONE', #5549, #8643, #7061, .T. ) ;
#10662 = ADVANCED_FACE ( 'NONE', ( #10521 ), #4506, .F. ) ;
#10663 = VERTEX_POINT ( 'NONE', #3668 ) ;
#10664 = CARTESIAN_POINT ( 'NONE',  ( 50.48689872104515075, 74.78999999999417980, 0.5200140716803901553 ) ) ;
#10665 = CIRCLE ( 'NONE', #10125, 5.000000000000000000 ) ;
#10667 = ORIENTED_EDGE ( 'NONE', *, *, #526, .F. ) ;
#10666 = DIRECTION ( 'NONE',  ( 1.000000000000000000, -0.000000000000000000, 1.335278419062900115E-16 ) ) ;
#10668 = VECTOR ( 'NONE', #11021, 1000.000000000000000 ) ;
#10669 = ORIENTED_EDGE ( 'NONE', *, *, #5051, .F. ) ;
#10670 = VECTOR ( 'NONE', #7588, 1000.000000000000000 ) ;
#10671 = CIRCLE ( 'NONE', #4690, 5.499999999999975131 ) ;
#10672 = DIRECTION ( 'NONE',  ( 1.000000000000000000, 0.000000000000000000, 1.335278419062900115E-16 ) ) ;
#10673 = CARTESIAN_POINT ( 'NONE',  ( 77.61249999999999716, 8.274999999999998579, -6.985329661611388907 ) ) ;
#10674 = LINE ( 'NONE', #4544, #7289 ) ;
#10675 = AXIS2_PLACEMENT_3D ( 'NONE', #1422, #9818, #3797 ) ;
#10676 = LINE ( 'NONE', #3805, #4796 ) ;
#10677 = CARTESIAN_POINT ( 'NONE',  ( 173.3018692371333032, 18.85000000000000497, -37.08269145387476584 ) ) ;
#10678 = CARTESIAN_POINT ( 'NONE',  ( 6.013794443329792294, 124.8258398792882247, 31.87426719053791757 ) ) ;
#10679 = ORIENTED_EDGE ( 'NONE', *, *, #8998, .F. ) ;
#10680 = CIRCLE ( 'NONE', #1089, 1.200000000000003064 ) ;
#10681 = VECTOR ( 'NONE', #4858, 1000.000000000000000 ) ;
#10682 = ORIENTED_EDGE ( 'NONE', *, *, #7458, .F. ) ;
#10683 = DIRECTION ( 'NONE',  ( -1.000000000000000000, -2.209838822900391329E-15, 0.000000000000000000 ) ) ;
#10684 = ORIENTED_EDGE ( 'NONE', *, *, #1930, .F. ) ;
#10685 = VERTEX_POINT ( 'NONE', #835 ) ;
#10686 = CARTESIAN_POINT ( 'NONE',  ( -82.55000000000002558, 90.00000000000000000, 33.89999999999999147 ) ) ;
#10687 = DIRECTION ( 'NONE',  ( 0.000000000000000000, 0.000000000000000000, 1.000000000000000000 ) ) ;
#10688 = DIRECTION ( 'NONE',  ( 0.000000000000000000, 0.000000000000000000, 1.000000000000000000 ) ) ;
#10689 = CARTESIAN_POINT ( 'NONE',  ( -46.58189872104513540, 72.64000000000000057, -26.48622071973760228 ) ) ;
#10690 = VERTEX_POINT ( 'NONE', #9631 ) ;
#10691 = PLANE ( 'NONE',  #10532 ) ;
#10692 = CARTESIAN_POINT ( 'NONE',  ( -50.02648654977334530, 6.349999999999999645, 24.62763407003638960 ) ) ;
#10693 = VERTEX_POINT ( 'NONE', #2703 ) ;
#10694 = DIRECTION ( 'NONE',  ( 0.5735764363510453823, 0.000000000000000000, 0.8191520442889923537 ) ) ;
#10695 = ORIENTED_EDGE ( 'NONE', *, *, #10397, .F. ) ;
#10696 = ORIENTED_EDGE ( 'NONE', *, *, #455, .T. ) ;
#10697 = VECTOR ( 'NONE', #10412, 1000.000000000000227 ) ;
#10698 = CARTESIAN_POINT ( 'NONE',  ( -41.55000000000002558, 92.50000000000000000, 22.30467496797187010 ) ) ;
#10699 = EDGE_CURVE ( 'NONE', #5566, #3785, #6945, .T. ) ;
#10700 = CYLINDRICAL_SURFACE ( 'NONE', #254, 25.00000000000000000 ) ;
#10701 = CARTESIAN_POINT ( 'NONE',  ( -61.59000000000065711, 8.274999999999998579, 18.12419718570802019 ) ) ;
#10702 = AXIS2_PLACEMENT_3D ( 'NONE', #7516, #10924, #6764 ) ;
#10703 = CARTESIAN_POINT ( 'NONE',  ( 0.000000000000000000, 72.64000000000000057, 19.12967496797186939 ) ) ;
#10704 = CIRCLE ( 'NONE', #5819, 1.149999999999999467 ) ;
#10705 = DIRECTION ( 'NONE',  ( 0.000000000000000000, 0.000000000000000000, 1.000000000000000000 ) ) ;
#10706 = VECTOR ( 'NONE', #1453, 1000.000000000000000 ) ;
#10707 = CARTESIAN_POINT ( 'NONE',  ( -69.20000000000000284, -4.758722840904999529, -40.25769145387478432 ) ) ;
#10708 = VERTEX_POINT ( 'NONE', #5197 ) ;
#10709 = ORIENTED_EDGE ( 'NONE', *, *, #10946, .T. ) ;
#10710 = ORIENTED_EDGE ( 'NONE', *, *, #10933, .T. ) ;
#10711 = VECTOR ( 'NONE', #777, 1000.000000000000000 ) ;
#10712 = EDGE_CURVE ( 'NONE', #5800, #4736, #6095, .T. ) ;
#10713 = DIRECTION ( 'NONE',  ( 1.291518732999867493E-16, -0.5283332255394526111, -0.8490371033064914030 ) ) ;
#10714 = ORIENTED_EDGE ( 'NONE', *, *, #398, .T. ) ;
#10715 = VECTOR ( 'NONE', #5038, 1000.000000000000000 ) ;
#10716 = CARTESIAN_POINT ( 'NONE',  ( -69.20000000000000284, 8.275000000000003908, -6.985329661611390684 ) ) ;
#10717 = EDGE_CURVE ( 'NONE', #10821, #10329, #1850, .T. ) ;
#10718 = DIRECTION ( 'NONE',  ( 0.000000000000000000, 0.000000000000000000, -1.000000000000000000 ) ) ;
#10719 = CARTESIAN_POINT ( 'NONE',  ( -29.00040951398291256, 96.12583987928823603, 19.48349411328616299 ) ) ;
#10720 = CARTESIAN_POINT ( 'NONE',  ( 43.40689872104513825, 97.50000000000000000, 22.30467496797187010 ) ) ;
#10721 = ADVANCED_FACE ( 'NONE', ( #8665 ), #1798, .F. ) ;
#10722 = EDGE_CURVE ( 'NONE', #1675, #6666, #6037, .T. ) ;
#10723 = DIRECTION ( 'NONE',  ( -0.000000000000000000, -0.000000000000000000, -1.000000000000000000 ) ) ;
#10724 = LINE ( 'NONE', #9762, #10603 ) ;
#10725 = ORIENTED_EDGE ( 'NONE', *, *, #8072, .F. ) ;
#10726 = VECTOR ( 'NONE', #9667, 1000.000000000000000 ) ;
#10728 = ORIENTED_EDGE ( 'NONE', *, *, #1861, .F. ) ;
#10727 = DIRECTION ( 'NONE',  ( 0.000000000000000000, 0.000000000000000000, -1.000000000000000000 ) ) ;
#10729 = ORIENTED_EDGE ( 'NONE', *, *, #3940, .T. ) ;
#10730 = EDGE_CURVE ( 'NONE', #9013, #450, #10354, .T. ) ;
#10731 = EDGE_CURVE ( 'NONE', #4634, #4126, #3497, .T. ) ;
#10732 = DIRECTION ( 'NONE',  ( -8.936770724137066152E-12, 0.000000000000000000, -1.000000000000000000 ) ) ;
#10733 = CARTESIAN_POINT ( 'NONE',  ( 79.61249999999999716, 21.27499999999999503, -5.564823903641046954 ) ) ;
#10734 = CARTESIAN_POINT ( 'NONE',  ( -46.58189872104513540, 97.50000000000000000, -26.48622071973760228 ) ) ;
#10735 = CARTESIAN_POINT ( 'NONE',  ( 79.61249999999999716, -3.186125824014206308E-16, -2.456465450814841895E-32 ) ) ;
#10736 = CARTESIAN_POINT ( 'NONE',  ( -25.00042949693185079, 124.8258398792882247, 0.000000000000000000 ) ) ;
#10737 = EDGE_CURVE ( 'NONE', #5171, #4457, #3439, .T. ) ;
#10738 = CARTESIAN_POINT ( 'NONE',  ( 29.99957050306814210, 110.8258398792882247, 11.89999999999998437 ) ) ;
#10739 = DIRECTION ( 'NONE',  ( 1.000000000000000000, -0.000000000000000000, -0.000000000000000000 ) ) ;
#10740 = ORIENTED_EDGE ( 'NONE', *, *, #7537, .T. ) ;
#10741 = CARTESIAN_POINT ( 'NONE',  ( 11.25500000000000433, 6.349999999999999645, 2.042308546125238600 ) ) ;
#10742 = DIRECTION ( 'NONE',  ( 0.000000000000000000, -0.000000000000000000, -1.000000000000000000 ) ) ;
#10743 = VERTEX_POINT ( 'NONE', #2590 ) ;
#10744 = VECTOR ( 'NONE', #5266, 1000.000000000000000 ) ;
#10745 = ORIENTED_EDGE ( 'NONE', *, *, #3731, .T. ) ;
#10746 = EDGE_CURVE ( 'NONE', #7875, #3056, #10415, .T. ) ;
#10747 = EDGE_CURVE ( 'NONE', #3913, #10888, #2649, .T. ) ;
#10748 = VERTEX_POINT ( 'NONE', #3554 ) ;
#10749 = CARTESIAN_POINT ( 'NONE',  ( -81.84979246179028678, 66.63999999999998636, -5.257691453874765664 ) ) ;
#10750 = VECTOR ( 'NONE', #9474, 1000.000000000000000 ) ;
#10751 = DIRECTION ( 'NONE',  ( 0.000000000000000000, 0.000000000000000000, -1.000000000000000000 ) ) ;
#10752 = CARTESIAN_POINT ( 'NONE',  ( -5.000429496931850792, 110.8258398792882247, 11.89999999999998614 ) ) ;
#10753 = PLANE ( 'NONE',  #5635 ) ;
#10754 = VERTEX_POINT ( 'NONE', #6998 ) ;
#10755 = DIRECTION ( 'NONE',  ( 0.000000000000000000, 0.000000000000000000, 1.000000000000000000 ) ) ;
#10756 = PLANE ( 'NONE',  #9358 ) ;
#10757 = CARTESIAN_POINT ( 'NONE',  ( 82.54999999999999716, 67.34020753820971095, -0.2576914538747651640 ) ) ;
#10758 = ORIENTED_EDGE ( 'NONE', *, *, #11156, .T. ) ;
#10759 = DIRECTION ( 'NONE',  ( 1.000000000000000000, -0.000000000000000000, 1.335278419062900361E-16 ) ) ;
#10760 = VERTEX_POINT ( 'NONE', #6437 ) ;
#10761 = VERTEX_POINT ( 'NONE', #9848 ) ;
#10762 = CIRCLE ( 'NONE', #8769, 1.150000000000003020 ) ;
#10763 = AXIS2_PLACEMENT_3D ( 'NONE', #10934, #9064, #1290 ) ;
#10764 = ORIENTED_EDGE ( 'NONE', *, *, #3023, .F. ) ;
#10765 = EDGE_CURVE ( 'NONE', #656, #2416, #5531, .T. ) ;
#10766 = CARTESIAN_POINT ( 'NONE',  ( 23.90689872104513469, 90.00000000000000000, 22.30467496797187010 ) ) ;
#10767 = LINE ( 'NONE', #8055, #4751 ) ;
#10768 = DIRECTION ( 'NONE',  ( -0.000000000000000000, 1.365923996832131116E-16, 1.000000000000000000 ) ) ;
#10769 = CARTESIAN_POINT ( 'NONE',  ( -80.47893218813453586, 109.8258398792882247, -22.92957932766295670 ) ) ;
#10770 = DIRECTION ( 'NONE',  ( 0.000000000000000000, 0.000000000000000000, 1.000000000000000000 ) ) ;
#10771 = VECTOR ( 'NONE', #2956, 1000.000000000000000 ) ;
#10772 = LINE ( 'NONE', #485, #8188 ) ;
#10773 = DIRECTION ( 'NONE',  ( 0.000000000000000000, 0.000000000000000000, -1.000000000000000000 ) ) ;
#10774 = EDGE_CURVE ( 'NONE', #9650, #8544, #6905, .T. ) ;
#10775 = VERTEX_POINT ( 'NONE', #10813 ) ;
#10776 = ORIENTED_EDGE ( 'NONE', *, *, #4013, .T. ) ;
#10777 = EDGE_LOOP ( 'NONE', ( #2589, #11134 ) ) ;
#10778 = CIRCLE ( 'NONE', #1548, 5.000000000000000888 ) ;
#10779 = CARTESIAN_POINT ( 'NONE',  ( 72.76808532237744487, 8.274999999999998579, 0.5788675790057377091 ) ) ;
#10780 = VERTEX_POINT ( 'NONE', #9904 ) ;
#10781 = CARTESIAN_POINT ( 'NONE',  ( -0.0004294969318460739593, 109.8258398792882247, -15.76649027154901006 ) ) ;
#10782 = FACE_BOUND ( 'NONE', #11176, .T. ) ;
#10783 = CARTESIAN_POINT ( 'NONE',  ( -41.55000000000002558, 97.32583987928822467, 33.89999999999999147 ) ) ;
#10784 = DIRECTION ( 'NONE',  ( 1.000000000000000000, 0.000000000000000000, -0.000000000000000000 ) ) ;
#10785 = DIRECTION ( 'NONE',  ( 1.600125454749515028E-16, -0.000000000000000000, 1.000000000000000000 ) ) ;
#10786 = VERTEX_POINT ( 'NONE', #8102 ) ;
#10787 = AXIS2_PLACEMENT_3D ( 'NONE', #6035, #2011, #2588 ) ;
#10788 = EDGE_CURVE ( 'NONE', #7795, #5210, #8999, .T. ) ;
#10789 = ORIENTED_EDGE ( 'NONE', *, *, #3187, .T. ) ;
#10790 = ORIENTED_EDGE ( 'NONE', *, *, #1014, .F. ) ;
#10791 = EDGE_CURVE ( 'NONE', #1728, #913, #6484, .T. ) ;
#10792 = AXIS2_PLACEMENT_3D ( 'NONE', #5616, #9083, #7436 ) ;
#10793 = CARTESIAN_POINT ( 'NONE',  ( -50.02648654977334530, 6.349999999999999645, 21.38115427306260230 ) ) ;
#10794 = DIRECTION ( 'NONE',  ( -1.521157000053560499E-16, 0.000000000000000000, 1.000000000000000000 ) ) ;
#10795 = DIRECTION ( 'NONE',  ( -9.645899640478401470E-17, 0.000000000000000000, -1.000000000000000000 ) ) ;
#10796 = DIRECTION ( 'NONE',  ( 1.000000000000000000, -1.593062912007103154E-16, -1.228232725407420811E-32 ) ) ;
#10797 = DIRECTION ( 'NONE',  ( 0.000000000000000000, 1.000000000000000000, 0.000000000000000000 ) ) ;
#10798 = CARTESIAN_POINT ( 'NONE',  ( -50.48689872104515075, 95.28999999999417980, -0.6299859283196093118 ) ) ;
#10799 = ORIENTED_EDGE ( 'NONE', *, *, #9243, .F. ) ;
#10800 = EDGE_CURVE ( 'NONE', #10263, #6546, #8893, .T. ) ;
#10801 = LINE ( 'NONE', #5401, #9633 ) ;
#10802 = ORIENTED_EDGE ( 'NONE', *, *, #10443, .T. ) ;
#10803 = ADVANCED_FACE ( 'NONE', ( #3716 ), #8946, .F. ) ;
#10804 = CIRCLE ( 'NONE', #10070, 4.999999999999997335 ) ;
#10805 = VERTEX_POINT ( 'NONE', #2082 ) ;
#10806 = EDGE_CURVE ( 'NONE', #1348, #3422, #1224, .T. ) ;
#10807 = VERTEX_POINT ( 'NONE', #5581 ) ;
#10808 = VECTOR ( 'NONE', #2650, 1000.000000000000000 ) ;
#10809 = DIRECTION ( 'NONE',  ( 1.000000000000000000, 0.000000000000000000, 0.000000000000000000 ) ) ;
#10810 = CARTESIAN_POINT ( 'NONE',  ( -51.69999999999999574, 109.8258398792882247, 36.89999999999998437 ) ) ;
#10811 = CARTESIAN_POINT ( 'NONE',  ( 76.81501998216512561, 8.274999999999998579, -1.428845727014055988 ) ) ;
#10812 = ORIENTED_EDGE ( 'NONE', *, *, #4268, .T. ) ;
#10813 = CARTESIAN_POINT ( 'NONE',  ( -41.55000000000002558, 91.50000000000000000, 22.30467496797187010 ) ) ;
#10814 = CARTESIAN_POINT ( 'NONE',  ( -50.48689872104515075, 96.40000537621601495, 3.358535111626435476 ) ) ;
#10815 = DIRECTION ( 'NONE',  ( -0.000000000000000000, -1.000000000000000000, -0.000000000000000000 ) ) ;
#10816 = EDGE_CURVE ( 'NONE', #10348, #5077, #10629, .T. ) ;
#10817 = VERTEX_POINT ( 'NONE', #1171 ) ;
#10818 = CARTESIAN_POINT ( 'NONE',  ( 61.81289880791658931, 5.099999999999999645, 18.26344096711873277 ) ) ;
#10819 = ADVANCED_FACE ( 'NONE', ( #1118 ), #10691, .F. ) ;
#10820 = ORIENTED_EDGE ( 'NONE', *, *, #1376, .T. ) ;
#10821 = VERTEX_POINT ( 'NONE', #5416 ) ;
#10822 = ORIENTED_EDGE ( 'NONE', *, *, #10112, .F. ) ;
#10823 = CARTESIAN_POINT ( 'NONE',  ( 76.81501998216515403, 8.274999999999998579, 19.07115427298596089 ) ) ;
#10824 = CARTESIAN_POINT ( 'NONE',  ( -9.739498901003809550, 109.9867793455061786, 36.89999999999999147 ) ) ;
#10825 = CARTESIAN_POINT ( 'NONE',  ( 29.99957050306814210, 119.8258398792882105, 11.89999999999998437 ) ) ;
#10826 = CARTESIAN_POINT ( 'NONE',  ( -69.20000000000000284, 82.35514882866895903, -40.25769145387477010 ) ) ;
#10827 = LINE ( 'NONE', #10642, #2937 ) ;
#10828 = CARTESIAN_POINT ( 'NONE',  ( -43.40689872104513825, 97.50000000000000000, 22.30467496797187010 ) ) ;
#10829 = ORIENTED_EDGE ( 'NONE', *, *, #6972, .T. ) ;
#10830 = ORIENTED_EDGE ( 'NONE', *, *, #10928, .F. ) ;
#10831 = ORIENTED_EDGE ( 'NONE', *, *, #96, .T. ) ;
#10832 = CARTESIAN_POINT ( 'NONE',  ( -42.55000000000002558, 98.32583987928822467, 33.89999999999999147 ) ) ;
#10833 = DIRECTION ( 'NONE',  ( -1.000000000000000000, -0.000000000000000000, 1.335278419062900115E-16 ) ) ;
#10834 = AXIS2_PLACEMENT_3D ( 'NONE', #5348, #8822, #8880 ) ;
#10835 = CARTESIAN_POINT ( 'NONE',  ( 77.61250000000001137, 61.63999999999999346, -5.257691453874764775 ) ) ;
#10836 = VECTOR ( 'NONE', #6115, 1000.000000000000000 ) ;
#10837 = CARTESIAN_POINT ( 'NONE',  ( 0.000000000000000000, 6.349999999999999645, -24.58269145387476584 ) ) ;
#10838 = DIRECTION ( 'NONE',  ( -1.000000000000000000, 0.000000000000000000, 8.863495325085417182E-17 ) ) ;
#10839 = ORIENTED_EDGE ( 'NONE', *, *, #6199, .F. ) ;
#10841 = ORIENTED_EDGE ( 'NONE', *, *, #7825, .T. ) ;
#10840 = DIRECTION ( 'NONE',  ( -0.7071067811865489050, -0.7071067811865462405, 0.000000000000000000 ) ) ;
#10842 = EDGE_LOOP ( 'NONE', ( #4644, #7223, #10260, #784 ) ) ;
#10843 = VECTOR ( 'NONE', #2559, 1000.000000000000000 ) ;
#10844 = AXIS2_PLACEMENT_3D ( 'NONE', #8142, #2980, #6367 ) ;
#10845 = LINE ( 'NONE', #8191, #10548 ) ;
#10846 = EDGE_CURVE ( 'NONE', #10693, #4104, #757, .T. ) ;
#10847 = DIRECTION ( 'NONE',  ( 1.902368341696336056E-08, 0.000000000000000000, 0.9999999999999998890 ) ) ;
#10848 = LINE ( 'NONE', #460, #9611 ) ;
#10849 = DIRECTION ( 'NONE',  ( 0.000000000000000000, 1.000000000000000000, 0.000000000000000000 ) ) ;
#10850 = AXIS2_PLACEMENT_3D ( 'NONE', #1033, #6505, #8077 ) ;
#10851 = CARTESIAN_POINT ( 'NONE',  ( -67.12500000000000000, 99.82583987928822467, 42.90000000000005542 ) ) ;
#10852 = FACE_BOUND ( 'NONE', #10944, .T. ) ;
#10853 = ORIENTED_EDGE ( 'NONE', *, *, #9557, .T. ) ;
#10854 = VECTOR ( 'NONE', #3712, 1000.000000000000000 ) ;
#10855 = EDGE_LOOP ( 'NONE', ( #5840, #8668, #10361, #7449, #1843, #7592 ) ) ;
#10856 = CARTESIAN_POINT ( 'NONE',  ( 72.76808532237744487, 8.274999999999998579, 17.06344096711973890 ) ) ;
#10857 = ORIENTED_EDGE ( 'NONE', *, *, #9531, .T. ) ;
#10858 = VECTOR ( 'NONE', #9029, 1000.000000000000000 ) ;
#10859 = ORIENTED_EDGE ( 'NONE', *, *, #4552, .T. ) ;
#10860 = EDGE_CURVE ( 'NONE', #1256, #9459, #2932, .T. ) ;
#10861 = CARTESIAN_POINT ( 'NONE',  ( -46.58189872104514251, 94.56476577691782381, -21.83805926787198715 ) ) ;
#10862 = DIRECTION ( 'NONE',  ( -0.000000000000000000, -1.000000000000000000, -0.000000000000000000 ) ) ;
#10863 = ADVANCED_FACE ( 'NONE', ( #2026 ), #475, .F. ) ;
#10864 = ORIENTED_EDGE ( 'NONE', *, *, #7453, .T. ) ;
#10865 = EDGE_CURVE ( 'NONE', #1301, #6383, #1305, .T. ) ;
#10866 = DIRECTION ( 'NONE',  ( -9.299920141340600692E-13, -1.000000000000000000, 9.011550524554845174E-16 ) ) ;
#10867 = DIRECTION ( 'NONE',  ( 0.000000000000000000, 0.000000000000000000, -1.000000000000000000 ) ) ;
#10868 = PRESENTATION_LAYER_ASSIGNMENT (  '', '', ( #6509 ) ) ;
#10869 = ORIENTED_EDGE ( 'NONE', *, *, #602, .F. ) ;
#10870 = DIRECTION ( 'NONE',  ( -1.000000000000000000, 0.000000000000000000, 0.000000000000000000 ) ) ;
#10871 = ORIENTED_EDGE ( 'NONE', *, *, #9838, .T. ) ;
#10872 = ORIENTED_EDGE ( 'NONE', *, *, #8080, .T. ) ;
#10873 = ORIENTED_EDGE ( 'NONE', *, *, #5173, .F. ) ;
#10874 = CARTESIAN_POINT ( 'NONE',  ( 50.48689872104515075, 95.28999999999417980, 0.5200140716803901553 ) ) ;
#10875 = CARTESIAN_POINT ( 'NONE',  ( 13.75500000000000433, 4.249377385370907589, 7.542308546125213731 ) ) ;
#10876 = EDGE_CURVE ( 'NONE', #8320, #693, #2989, .T. ) ;
#10877 = EDGE_CURVE ( 'NONE', #1640, #2709, #4730, .T. ) ;
#10878 = EDGE_CURVE ( 'NONE', #4317, #9930, #5287, .T. ) ;
#10879 = DIRECTION ( 'NONE',  ( 9.169294481193143764E-14, 0.000000000000000000, -1.000000000000000000 ) ) ;
#10880 = PLANE ( 'NONE',  #5974 ) ;
#10881 = CARTESIAN_POINT ( 'NONE',  ( 29.99957050306813855, 119.8258398792882105, -20.03649027154900608 ) ) ;
#10882 = EDGE_CURVE ( 'NONE', #7768, #5634, #421, .T. ) ;
#10883 = DIRECTION ( 'NONE',  ( 1.000000000000000000, 0.000000000000000000, 1.335278419062900115E-16 ) ) ;
#10884 = DIRECTION ( 'NONE',  ( -1.000000000000000000, 0.000000000000000000, 0.000000000000000000 ) ) ;
#10885 = CARTESIAN_POINT ( 'NONE',  ( 52.36501998304115091, 8.274999999999998579, 19.07115427297831900 ) ) ;
#10886 = VECTOR ( 'NONE', #4662, 1000.000000000000000 ) ;
#10887 = ORIENTED_EDGE ( 'NONE', *, *, #6474, .T. ) ;
#10888 = VERTEX_POINT ( 'NONE', #5866 ) ;
#10889 = ORIENTED_EDGE ( 'NONE', *, *, #1153, .F. ) ;
#10890 = ORIENTED_EDGE ( 'NONE', *, *, #5124, .F. ) ;
#10891 = CARTESIAN_POINT ( 'NONE',  ( 82.54999999999999716, -27.00000000000000355, -10.25769145387463688 ) ) ;
#10892 = VECTOR ( 'NONE', #8321, 1000.000000000000000 ) ;
#10894 = DIRECTION ( 'NONE',  ( 9.184139537363837425E-14, 0.000000000000000000, -1.000000000000000000 ) ) ;
#10893 = VECTOR ( 'NONE', #4845, 1000.000000000000000 ) ;
#10895 = CARTESIAN_POINT ( 'NONE',  ( 96.69213562373100501, 109.8258398792882247, 46.90000000000009095 ) ) ;
#10896 = CARTESIAN_POINT ( 'NONE',  ( -46.58189872104514251, 75.48946397805705999, -8.504985928319609201 ) ) ;
#10897 = ORIENTED_EDGE ( 'NONE', *, *, #11145, .F. ) ;
#10898 = VECTOR ( 'NONE', #8028, 1000.000000000000000 ) ;
#10899 = VERTEX_POINT ( 'NONE', #3318 ) ;
#10900 = VERTEX_POINT ( 'NONE', #10011 ) ;
#10901 = VECTOR ( 'NONE', #1074, 1000.000000000000000 ) ;
#10902 = DIRECTION ( 'NONE',  ( -1.228232725407420811E-32, 0.000000000000000000, 1.000000000000000000 ) ) ;
#10903 = AXIS2_PLACEMENT_3D ( 'NONE', #4946, #10104, #5851 ) ;
#10904 = EDGE_CURVE ( 'NONE', #8117, #1067, #1620, .T. ) ;
#10905 = DIRECTION ( 'NONE',  ( 0.000000000000000000, 0.000000000000000000, -1.000000000000000000 ) ) ;
#10906 = DIRECTION ( 'NONE',  ( 0.000000000000000000, 0.000000000000000000, -1.000000000000000000 ) ) ;
#10907 = AXIS2_PLACEMENT_3D ( 'NONE', #11159, #10246, #663 ) ;
#10908 = CARTESIAN_POINT ( 'NONE',  ( -0.0004294969318460739593, 124.8258398792882247, 8.433509728450992782 ) ) ;
#10909 = DIRECTION ( 'NONE',  ( 0.000000000000000000, 0.000000000000000000, -1.000000000000000000 ) ) ;
#10910 = DIRECTION ( 'NONE',  ( -0.000000000000000000, -1.000000000000000000, -0.000000000000000000 ) ) ;
#10911 = CARTESIAN_POINT ( 'NONE',  ( -43.40689872104513825, 90.00000000000000000, -29.66122071973760299 ) ) ;
#10912 = EDGE_LOOP ( 'NONE', ( #1546, #4164, #9169, #11151 ) ) ;
#10913 = DIRECTION ( 'NONE',  ( 2.244742081187875711E-15, 1.000000000000000000, -0.000000000000000000 ) ) ;
#10914 = VERTEX_POINT ( 'NONE', #6648 ) ;
#10915 = EDGE_CURVE ( 'NONE', #278, #7852, #1848, .T. ) ;
#10916 = FACE_OUTER_BOUND ( 'NONE', #4151, .T. ) ;
#10917 = VERTEX_POINT ( 'NONE', #6596 ) ;
#10918 = CARTESIAN_POINT ( 'NONE',  ( 33.75500000000002387, -4.758722840904772156, -3.957691453874788490 ) ) ;
#10919 = ORIENTED_EDGE ( 'NONE', *, *, #10712, .T. ) ;
#10920 = DIRECTION ( 'NONE',  ( -0.000000000000000000, -1.000000000000000000, -0.000000000000000000 ) ) ;
#10921 = CARTESIAN_POINT ( 'NONE',  ( -41.55000000000002558, 91.50000000000000000, 33.89999999999999147 ) ) ;
#10922 = ORIENTED_EDGE ( 'NONE', *, *, #8923, .T. ) ;
#10923 = AXIS2_PLACEMENT_3D ( 'NONE', #11152, #1580, #5246 ) ;
#10924 = DIRECTION ( 'NONE',  ( -0.000000000000000000, -0.000000000000000000, -1.000000000000000000 ) ) ;
#10925 = DIRECTION ( 'NONE',  ( -1.000000000000000000, 0.000000000000000000, 1.335278419062900361E-16 ) ) ;
#10926 = ORIENTED_EDGE ( 'NONE', *, *, #1432, .T. ) ;
#10927 = DIRECTION ( 'NONE',  ( 0.000000000000000000, 1.000000000000000000, 0.000000000000000000 ) ) ;
#10928 = EDGE_CURVE ( 'NONE', #2636, #1373, #11034, .T. ) ;
#10929 = ORIENTED_EDGE ( 'NONE', *, *, #5237, .T. ) ;
#10930 = ORIENTED_EDGE ( 'NONE', *, *, #595, .F. ) ;
#10931 = EDGE_LOOP ( 'NONE', ( #454, #6540, #827, #1867 ) ) ;
#10932 = VECTOR ( 'NONE', #220, 1000.000000000000000 ) ;
#10933 = EDGE_CURVE ( 'NONE', #2988, #6381, #3269, .T. ) ;
#10934 = CARTESIAN_POINT ( 'NONE',  ( -11.25499999999998302, -27.00000000000000355, 7.542308546125213731 ) ) ;
#10935 = CARTESIAN_POINT ( 'NONE',  ( -67.12500000000000000, 104.8258398792882247, 42.90000000000005542 ) ) ;
#10936 = CARTESIAN_POINT ( 'NONE',  ( 0.000000000000000000, 69.46500000000000341, 22.30467496797187010 ) ) ;
#10937 = CARTESIAN_POINT ( 'NONE',  ( 33.54999999999999716, 96.82583987928822467, 22.30467496797187010 ) ) ;
#10938 = DIRECTION ( 'NONE',  ( 1.000000000000000000, 0.000000000000000000, 0.000000000000000000 ) ) ;
#10939 = LINE ( 'NONE', #8505, #5182 ) ;
#10940 = DIRECTION ( 'NONE',  ( 0.000000000000000000, 1.000000000000000000, 0.000000000000000000 ) ) ;
#10941 = VECTOR ( 'NONE', #2513, 1000.000000000000000 ) ;
#10942 = EDGE_LOOP ( 'NONE', ( #10984, #11023, #10287, #520 ) ) ;
#10943 = EDGE_CURVE ( 'NONE', #564, #5021, #11091, .T. ) ;
#10944 = EDGE_LOOP ( 'NONE', ( #1214, #583 ) ) ;
#10945 = ORIENTED_EDGE ( 'NONE', *, *, #7102, .F. ) ;
#10946 = EDGE_CURVE ( 'NONE', #5063, #7015, #5749, .T. ) ;
#10947 = LINE ( 'NONE', #7375, #10393 ) ;
#10948 = AXIS2_PLACEMENT_3D ( 'NONE', #918, #4368, #6117 ) ;
#10949 = CARTESIAN_POINT ( 'NONE',  ( -29.00042949692799965, 96.12583987928823603, -2.616490271664720257 ) ) ;
#10950 = DIRECTION ( 'NONE',  ( 0.000000000000000000, 0.000000000000000000, -1.000000000000000000 ) ) ;
#10951 = DIRECTION ( 'NONE',  ( -0.7071067811697020478, 0.000000000000000000, -0.7071067812033930977 ) ) ;
#10952 = LINE ( 'NONE', #1543, #10345 ) ;
#10953 = DIRECTION ( 'NONE',  ( -0.000000000000000000, -0.000000000000000000, -1.000000000000000000 ) ) ;
#10954 = ORIENTED_EDGE ( 'NONE', *, *, #7470, .F. ) ;
#10955 = ADVANCED_FACE ( 'NONE', ( #8491 ), #10181, .F. ) ;
#10956 = EDGE_CURVE ( 'NONE', #8144, #7170, #2414, .T. ) ;
#10957 = ORIENTED_EDGE ( 'NONE', *, *, #1230, .F. ) ;
#10958 = VERTEX_POINT ( 'NONE', #9167 ) ;
#10959 = AXIS2_PLACEMENT_3D ( 'NONE', #1408, #2314, #3278 ) ;
#10960 = DIRECTION ( 'NONE',  ( -1.000000000000000000, 0.000000000000000000, 0.000000000000000000 ) ) ;
#10961 = CARTESIAN_POINT ( 'NONE',  ( 50.48689872104515075, 75.48946397805705999, -21.83805926787198715 ) ) ;
#10962 = CARTESIAN_POINT ( 'NONE',  ( 50.48689872104515075, 74.78999999999417980, -25.07998592831960849 ) ) ;
#10963 = FACE_OUTER_BOUND ( 'NONE', #2254, .T. ) ;
#10964 = CARTESIAN_POINT ( 'NONE',  ( -82.54999999999999716, 67.63999999999998636, 25.39999999999999858 ) ) ;
#10965 = DIRECTION ( 'NONE',  ( -1.000000000000000000, 0.000000000000000000, 0.000000000000000000 ) ) ;
#10966 = FACE_BOUND ( 'NONE', #5688, .T. ) ;
#10967 = VERTEX_POINT ( 'NONE', #10121 ) ;
#10968 = LINE ( 'NONE', #3982, #10203 ) ;
#10969 = ORIENTED_EDGE ( 'NONE', *, *, #793, .T. ) ;
#10970 = ORIENTED_EDGE ( 'NONE', *, *, #5350, .T. ) ;
#10971 = AXIS2_PLACEMENT_3D ( 'NONE', #9412, #10953, #6735 ) ;
#10972 = ORIENTED_EDGE ( 'NONE', *, *, #1441, .T. ) ;
#10973 = LINE ( 'NONE', #4107, #6534 ) ;
#10974 = ADVANCED_FACE ( 'NONE', ( #1397 ), #8437, .F. ) ;
#10975 = CARTESIAN_POINT ( 'NONE',  ( 77.61250000000001137, 69.46499999999998920, -29.66122071973760654 ) ) ;
#10976 = FACE_OUTER_BOUND ( 'NONE', #10394, .T. ) ;
#10977 = ORIENTED_EDGE ( 'NONE', *, *, #4486, .F. ) ;
#10978 = VECTOR ( 'NONE', #5487, 1000.000000000000000 ) ;
#10979 = DIRECTION ( 'NONE',  ( 0.000000000000000000, 0.000000000000000000, -1.000000000000000000 ) ) ;
#10980 = DIRECTION ( 'NONE',  ( 0.000000000000000000, 0.000000000000000000, 1.000000000000000000 ) ) ;
#10981 = VERTEX_POINT ( 'NONE', #10064 ) ;
#10982 = CARTESIAN_POINT ( 'NONE',  ( 46.58189872104514251, 72.64000000000000057, -7.085838131530381798E-15 ) ) ;
#10983 = ORIENTED_EDGE ( 'NONE', *, *, #3849, .F. ) ;
#10984 = ORIENTED_EDGE ( 'NONE', *, *, #755, .F. ) ;
#10985 = VERTEX_POINT ( 'NONE', #1514 ) ;
#10986 = AXIS2_PLACEMENT_3D ( 'NONE', #8266, #3937, #3091 ) ;
#10987 = EDGE_CURVE ( 'NONE', #6252, #965, #7997, .T. ) ;
#10988 = CARTESIAN_POINT ( 'NONE',  ( -82.54999999999999716, 61.63999999999999346, -0.2576914538747651640 ) ) ;
#10989 = CARTESIAN_POINT ( 'NONE',  ( -1.719395645048214183, 124.8258398793072956, 32.58733106431238724 ) ) ;
#10990 = FACE_OUTER_BOUND ( 'NONE', #5784, .T. ) ;
#10991 = DIRECTION ( 'NONE',  ( 1.000000000000000000, -0.000000000000000000, 1.521157000053560499E-16 ) ) ;
#10992 = LINE ( 'NONE', #7585, #9271 ) ;
#10993 = CARTESIAN_POINT ( 'NONE',  ( -52.36501998304115091, 8.274999999999998579, 17.92115427297832397 ) ) ;
#10994 = CARTESIAN_POINT ( 'NONE',  ( -77.61249999996866222, 89.99999999999998579, 25.39999999999999147 ) ) ;
#10995 = ORIENTED_EDGE ( 'NONE', *, *, #8167, .T. ) ;
#10996 = ORIENTED_EDGE ( 'NONE', *, *, #8304, .T. ) ;
#10997 = ORIENTED_EDGE ( 'NONE', *, *, #9626, .T. ) ;
#10998 = LINE ( 'NONE', #9983, #9657 ) ;
#10999 = EDGE_CURVE ( 'NONE', #4137, #3929, #764, .T. ) ;
#11000 = EDGE_CURVE ( 'NONE', #4176, #5360, #4719, .T. ) ;
#11001 = CARTESIAN_POINT ( 'NONE',  ( 33.75500000000002387, -4.758722840904772156, -3.957691453874788490 ) ) ;
#11002 = DIRECTION ( 'NONE',  ( 0.7071067812033930977, -1.587272347660564182E-15, -0.7071067811697020478 ) ) ;
#11003 = CARTESIAN_POINT ( 'NONE',  ( -6.246895457860716760, 124.8258398792882105, -20.00539738836624082 ) ) ;
#11004 = DIRECTION ( 'NONE',  ( -0.000000000000000000, -1.000000000000000000, -0.000000000000000000 ) ) ;
#11005 = DIRECTION ( 'NONE',  ( 1.000000000000000000, -0.000000000000000000, -0.000000000000000000 ) ) ;
#11006 = VERTEX_POINT ( 'NONE', #3090 ) ;
#11007 = ADVANCED_FACE ( 'NONE', ( #8381 ), #5019, .F. ) ;
#11008 = EDGE_CURVE ( 'NONE', #3472, #7156, #2465, .T. ) ;
#11009 = ORIENTED_EDGE ( 'NONE', *, *, #8908, .F. ) ;
#11010 = VERTEX_POINT ( 'NONE', #2305 ) ;
#11011 = FACE_OUTER_BOUND ( 'NONE', #10252, .T. ) ;
#11012 = ORIENTED_EDGE ( 'NONE', *, *, #6120, .F. ) ;
#11013 = CARTESIAN_POINT ( 'NONE',  ( -74.43749999996866507, -4.758722840905003082, -32.75769145387477721 ) ) ;
#11014 = CARTESIAN_POINT ( 'NONE',  ( -29.00040951398291256, 96.12583987928823603, 19.48348974538025402 ) ) ;
#11015 = EDGE_CURVE ( 'NONE', #8945, #6870, #8542, .T. ) ;
#11016 = EDGE_CURVE ( 'NONE', #7976, #5092, #3481, .T. ) ;
#11017 = EDGE_CURVE ( 'NONE', #10985, #8217, #6173, .T. ) ;
#11018 = DIRECTION ( 'NONE',  ( -1.902368341696335725E-08, 0.000000000000000000, -0.9999999999999997780 ) ) ;
#11019 = DIRECTION ( 'NONE',  ( 0.000000000000000000, 0.000000000000000000, 1.000000000000000000 ) ) ;
#11020 = CARTESIAN_POINT ( 'NONE',  ( 77.54999999999999716, 109.8258398792882247, 46.90000000000009095 ) ) ;
#11021 = DIRECTION ( 'NONE',  ( 0.000000000000000000, -1.000000000000000000, 0.000000000000000000 ) ) ;
#11022 = LINE ( 'NONE', #5062, #633 ) ;
#11023 = ORIENTED_EDGE ( 'NONE', *, *, #4013, .F. ) ;
#11024 = ORIENTED_EDGE ( 'NONE', *, *, #7202, .T. ) ;
#11025 = VECTOR ( 'NONE', #1400, 1000.000000000000000 ) ;
#11026 = AXIS2_PLACEMENT_3D ( 'NONE', #1004, #4454, #7921 ) ;
#11027 = ORIENTED_EDGE ( 'NONE', *, *, #11068, .T. ) ;
#11028 = ORIENTED_EDGE ( 'NONE', *, *, #9120, .F. ) ;
#11029 = AXIS2_PLACEMENT_3D ( 'NONE', #603, #3276, #9177 ) ;
#11030 = AXIS2_PLACEMENT_3D ( 'NONE', #10438, #7832, #973 ) ;
#11031 = DIRECTION ( 'NONE',  ( 0.000000000000000000, 1.000000000000000000, 0.000000000000000000 ) ) ;
#11032 = CIRCLE ( 'NONE', #10844, 12.50000000000000000 ) ;
#11033 = CARTESIAN_POINT ( 'NONE',  ( -5.861669980483213749, 124.7602261446171497, 36.88847664948133342 ) ) ;
#11034 = LINE ( 'NONE', #3152, #2198 ) ;
#11035 = LINE ( 'NONE', #2415, #846 ) ;
#11036 = ORIENTED_EDGE ( 'NONE', *, *, #3765, .F. ) ;
#11037 = LINE ( 'NONE', #10185, #5217 ) ;
#11038 = AXIS2_PLACEMENT_3D ( 'NONE', #8019, #1146, #3742 ) ;
#11039 = VERTEX_POINT ( 'NONE', #7907 ) ;
#11040 = ORIENTED_EDGE ( 'NONE', *, *, #3309, .T. ) ;
#11041 = TOROIDAL_SURFACE ( 'NONE', #6851, 26.00000000000000355, 1.000000000000000000 ) ;
#11042 = ORIENTED_EDGE ( 'NONE', *, *, #10445, .F. ) ;
#11043 = FACE_OUTER_BOUND ( 'NONE', #6060, .T. ) ;
#11044 = CIRCLE ( 'NONE', #3612, 1.150000000000003020 ) ;
#11045 = CARTESIAN_POINT ( 'NONE',  ( -1.719666983742914601, 124.2265226045272613, 36.89999999999137970 ) ) ;
#11046 = DIRECTION ( 'NONE',  ( 0.000000000000000000, 0.7660444431189783465, 0.6427876096865389188 ) ) ;
#11047 = CARTESIAN_POINT ( 'NONE',  ( -16.75499999999995637, -27.00000000000000355, 13.89999999999999680 ) ) ;
#11048 = VECTOR ( 'NONE', #5637, 1000.000000000000114 ) ;
#11049 = DIRECTION ( 'NONE',  ( 0.000000000000000000, 0.000000000000000000, -1.000000000000000000 ) ) ;
#11050 = LINE ( 'NONE', #5765, #11165 ) ;
#11051 = LINE ( 'NONE', #4231, #5782 ) ;
#11052 = ORIENTED_EDGE ( 'NONE', *, *, #5863, .F. ) ;
#11053 = VERTEX_POINT ( 'NONE', #8821 ) ;
#11054 = EDGE_CURVE ( 'NONE', #6094, #7898, #11195, .T. ) ;
#11055 = VECTOR ( 'NONE', #4488, 1000.000000000000000 ) ;
#11056 = LINE ( 'NONE', #1595, #8336 ) ;
#11057 = DIRECTION ( 'NONE',  ( -9.344377123928392131E-13, -1.000000000000000000, 0.000000000000000000 ) ) ;
#11058 = DIRECTION ( 'NONE',  ( 0.000000000000000000, 0.000000000000000000, 1.000000000000000000 ) ) ;
#11059 = ORIENTED_EDGE ( 'NONE', *, *, #6413, .T. ) ;
#11060 = ORIENTED_EDGE ( 'NONE', *, *, #2720, .F. ) ;
#11061 = ORIENTED_EDGE ( 'NONE', *, *, #3323, .F. ) ;
#11062 = EDGE_CURVE ( 'NONE', #7460, #9442, #3813, .T. ) ;
#11063 = LINE ( 'NONE', #1490, #2595 ) ;
#11064 = EDGE_CURVE ( 'NONE', #10605, #8121, #4000, .T. ) ;
#11065 = AXIS2_PLACEMENT_3D ( 'NONE', #3763, #9108, #4785 ) ;
#11066 = EDGE_CURVE ( 'NONE', #3567, #164, #10335, .T. ) ;
#11067 = CARTESIAN_POINT ( 'NONE',  ( 82.54999999999999716, 99.82583987928822467, 33.89999999999999147 ) ) ;
#11068 = EDGE_CURVE ( 'NONE', #400, #564, #4385, .T. ) ;
#11069 = DIRECTION ( 'NONE',  ( 0.000000000000000000, 0.000000000000000000, -1.000000000000000000 ) ) ;
#11070 = DIRECTION ( 'NONE',  ( -0.000000000000000000, -1.000000000000000000, -0.000000000000000000 ) ) ;
#11071 = CARTESIAN_POINT ( 'NONE',  ( -11.25499999999998302, -24.89937738537090794, 5.042308546125213731 ) ) ;
#11072 = CARTESIAN_POINT ( 'NONE',  ( -31.40689872104514180, 97.50000000000000000, -29.66122071973760299 ) ) ;
#11073 = DIRECTION ( 'NONE',  ( -2.037326371931608774E-06, 0.000000000000000000, -0.9999999999979246601 ) ) ;
#11074 = DIRECTION ( 'NONE',  ( 0.000000000000000000, -0.7660444431189796788, -0.6427876096865373645 ) ) ;
#11075 = DIRECTION ( 'NONE',  ( -1.000000000000000000, 0.000000000000000000, 1.611406140256719229E-11 ) ) ;
#11076 = VECTOR ( 'NONE', #5373, 1000.000000000000000 ) ;
#11077 = VECTOR ( 'NONE', #3538, 1000.000000000000000 ) ;
#11078 = VERTEX_POINT ( 'NONE', #5132 ) ;
#11079 = EDGE_CURVE ( 'NONE', #10569, #1718, #556, .T. ) ;
#11080 = EDGE_LOOP ( 'NONE', ( #4189, #7880, #11060, #8824 ) ) ;
#11081 = EDGE_CURVE ( 'NONE', #992, #5063, #3540, .T. ) ;
#11082 = VECTOR ( 'NONE', #8265, 1000.000000000000000 ) ;
#11083 = ORIENTED_EDGE ( 'NONE', *, *, #11202, .T. ) ;
#11084 = EDGE_CURVE ( 'NONE', #968, #1512, #3106, .T. ) ;
#11085 = AXIS2_PLACEMENT_3D ( 'NONE', #7349, #5574, #7235 ) ;
#11086 = DIRECTION ( 'NONE',  ( 0.000000000000000000, -0.000000000000000000, -1.000000000000000000 ) ) ;
#11087 = CARTESIAN_POINT ( 'NONE',  ( -81.84979246179028678, 66.63999999999998636, 5.399999999999991473 ) ) ;
#11088 = DIRECTION ( 'NONE',  ( 0.000000000000000000, 0.000000000000000000, 1.000000000000000000 ) ) ;
#11089 = LINE ( 'NONE', #525, #4366 ) ;
#11090 = VERTEX_POINT ( 'NONE', #6872 ) ;
#11091 = LINE ( 'NONE', #1455, #4741 ) ;
#11092 = DIRECTION ( 'NONE',  ( 0.000000000000000000, 0.000000000000000000, 1.000000000000000000 ) ) ;
#11093 = ORIENTED_EDGE ( 'NONE', *, *, #10437, .F. ) ;
#11094 = LINE ( 'NONE', #1517, #1240 ) ;
#11095 = EDGE_CURVE ( 'NONE', #3672, #9593, #10505, .T. ) ;
#11096 = ORIENTED_EDGE ( 'NONE', *, *, #7029, .F. ) ;
#11097 = ORIENTED_EDGE ( 'NONE', *, *, #9213, .T. ) ;
#11098 = ORIENTED_EDGE ( 'NONE', *, *, #1383, .F. ) ;
#11099 = CARTESIAN_POINT ( 'NONE',  ( -11.25499999999998302, 6.349999999999999645, 19.39999999999997371 ) ) ;
#11100 = DIRECTION ( 'NONE',  ( 0.000000000000000000, 1.000000000000000000, 0.000000000000000000 ) ) ;
#11101 = DIRECTION ( 'NONE',  ( 1.593062912007103154E-16, -1.000000000000000000, 9.752486161499972110E-17 ) ) ;
#11102 = CARTESIAN_POINT ( 'NONE',  ( 82.54999999999999716, 61.63999999999999346, -5.957898992084487588 ) ) ;
#11103 = CARTESIAN_POINT ( 'NONE',  ( 33.54999999999999716, 96.82583987928822467, 10.19715292348722890 ) ) ;
#11104 = FACE_OUTER_BOUND ( 'NONE', #2017, .T. ) ;
#11105 = LINE ( 'NONE', #3335, #8335 ) ;
#11106 = ORIENTED_EDGE ( 'NONE', *, *, #7827, .T. ) ;
#11107 = VERTEX_POINT ( 'NONE', #77 ) ;
#11108 = ADVANCED_FACE ( 'NONE', ( #10280 ), #6194, .F. ) ;
#11109 = DIRECTION ( 'NONE',  ( 0.000000000000000000, 0.000000000000000000, -1.000000000000000000 ) ) ;
#11110 = CARTESIAN_POINT ( 'NONE',  ( 4.999570503068137661, 119.8299752807307357, -20.03649027154900963 ) ) ;
#11111 = CARTESIAN_POINT ( 'NONE',  ( -82.54999999999999716, 61.63999999999999346, -0.2576914538747651640 ) ) ;
#11112 = CIRCLE ( 'NONE', #8762, 5.499999999999973355 ) ;
#11113 = CARTESIAN_POINT ( 'NONE',  ( 4.999570503068137661, 119.8299752807307357, -20.03649027154900608 ) ) ;
#11114 = LINE ( 'NONE', #3344, #1732 ) ;
#11115 = DIRECTION ( 'NONE',  ( -1.000000000000000000, 0.000000000000000000, 0.000000000000000000 ) ) ;
#11116 = ORIENTED_EDGE ( 'NONE', *, *, #4205, .T. ) ;
#11117 = ORIENTED_EDGE ( 'NONE', *, *, #7960, .F. ) ;
#11118 = EDGE_LOOP ( 'NONE', ( #9387, #10005, #2055, #3719 ) ) ;
#11119 = CARTESIAN_POINT ( 'NONE',  ( -0.0004294969318431102927, 109.8258398792882247, 32.63350972845099562 ) ) ;
#11120 = CIRCLE ( 'NONE', #10391, 2.499801894116292722 ) ;
#11121 = DIRECTION ( 'NONE',  ( -1.000000000000000000, 0.000000000000000000, 0.000000000000000000 ) ) ;
#11122 = CARTESIAN_POINT ( 'NONE',  ( -8.300429496927989703, 96.12583987928823603, -2.966490271607134854 ) ) ;
#11123 = CARTESIAN_POINT ( 'NONE',  ( -82.54999999999999716, 93.17499999999999716, -36.90129292916564907 ) ) ;
#11124 = SURFACE_STYLE_USAGE ( .BOTH. , #3405 ) ;
#11125 = EDGE_CURVE ( 'NONE', #926, #4491, #3641, .T. ) ;
#11126 = PLANE ( 'NONE',  #1082 ) ;
#11127 = CARTESIAN_POINT ( 'NONE',  ( -50.48689872104515075, 95.63999999999417412, -7.959769997217391868 ) ) ;
#11128 = ORIENTED_EDGE ( 'NONE', *, *, #7914, .F. ) ;
#11129 = VECTOR ( 'NONE', #10847, 999.9999999999998863 ) ;
#11130 = VERTEX_POINT ( 'NONE', #9670 ) ;
#11131 = ADVANCED_FACE ( 'NONE', ( #10452 ), #1897, .F. ) ;
#11132 = ORIENTED_EDGE ( 'NONE', *, *, #1182, .F. ) ;
#11133 = VECTOR ( 'NONE', #8057, 1000.000000000000000 ) ;
#11134 = ORIENTED_EDGE ( 'NONE', *, *, #5900, .F. ) ;
#11135 = PLANE ( 'NONE',  #7851 ) ;
#11136 = DIRECTION ( 'NONE',  ( 0.000000000000000000, 0.000000000000000000, -1.000000000000000000 ) ) ;
#11137 = ADVANCED_FACE ( 'NONE', ( #2576 ), #6137, .F. ) ;
#11138 = CARTESIAN_POINT ( 'NONE',  ( 79.37500000000000000, 5.357829746269673579E-16, -127.1386775125482842 ) ) ;
#11139 = EDGE_CURVE ( 'NONE', #10958, #7768, #8900, .T. ) ;
#11140 = ORIENTED_EDGE ( 'NONE', *, *, #7183, .F. ) ;
#11141 = CARTESIAN_POINT ( 'NONE',  ( 52.36501998304115091, 8.274999999999998579, 20.22115427297831403 ) ) ;
#11142 = ORIENTED_EDGE ( 'NONE', *, *, #3293, .F. ) ;
#11143 = DIRECTION ( 'NONE',  ( 1.527355698137925406E-16, 0.000000000000000000, 1.000000000000000000 ) ) ;
#11144 = B_SPLINE_CURVE_WITH_KNOTS ( 'NONE', 3,
 ( #5442, #7268, #501, #3015, #3912, #8127, #6292, #3067 ),
 .UNSPECIFIED., .F., .F.,
 ( 4, 2, 2, 4 ),
 ( 3.469446951953614189E-17, 0.001805764900416965664, 0.003611529800833896634, 0.007223059601667752502 ),
 .UNSPECIFIED. ) ;
#11145 = EDGE_CURVE ( 'NONE', #8243, #4566, #9264, .T. ) ;
#11146 = VECTOR ( 'NONE', #1795, 1000.000000000000000 ) ;
#11147 = EDGE_CURVE ( 'NONE', #1973, #7460, #6307, .T. ) ;
#11148 = CARTESIAN_POINT ( 'NONE',  ( -34.87827715505559212, 96.12583987928823603, 20.56135746860334734 ) ) ;
#11149 = VERTEX_POINT ( 'NONE', #3753 ) ;
#11150 = EDGE_LOOP ( 'NONE', ( #7214, #6305, #6960, #995 ) ) ;
#11151 = ORIENTED_EDGE ( 'NONE', *, *, #2006, .T. ) ;
#11152 = CARTESIAN_POINT ( 'NONE',  ( -82.54999999999999716, 58.93999999999998352, -0.2576914538747649974 ) ) ;
#11153 = CIRCLE ( 'NONE', #4617, 1.149999999999998135 ) ;
#11154 = DIRECTION ( 'NONE',  ( -1.000000000000000000, 2.095952567089010174E-15, 8.936595925086526584E-12 ) ) ;
#11155 = EDGE_CURVE ( 'NONE', #9172, #3558, #10801, .T. ) ;
#11156 = EDGE_CURVE ( 'NONE', #8770, #4022, #6471, .T. ) ;
#11157 = CARTESIAN_POINT ( 'NONE',  ( -0.8601518485345447385, 124.8258398792881962, 32.63349704522102712 ) ) ;
#11158 = DIRECTION ( 'NONE',  ( 1.244710735207247931E-32, -1.000000000000000000, -8.182657905550979512E-17 ) ) ;
#11159 = CARTESIAN_POINT ( 'NONE',  ( -42.55000000000002558, 98.32583987928822467, 10.19715292348722890 ) ) ;
#11160 = CARTESIAN_POINT ( 'NONE',  ( -72.76808532237744487, 8.274999999999998579, 17.06344096711973890 ) ) ;
#11161 = CARTESIAN_POINT ( 'NONE',  ( 79.61249999999999716, -3.186125824014206308E-16, -3.564823903641045622 ) ) ;
#11162 = PLANE ( 'NONE',  #3072 ) ;
#11163 = ORIENTED_EDGE ( 'NONE', *, *, #8293, .T. ) ;
#11164 = ORIENTED_EDGE ( 'NONE', *, *, #4748, .T. ) ;
#11165 = VECTOR ( 'NONE', #7424, 1000.000000000000000 ) ;
#11166 = FACE_OUTER_BOUND ( 'NONE', #2575, .T. ) ;
#11167 = DIRECTION ( 'NONE',  ( 0.000000000000000000, 7.709882115452476934E-17, -1.000000000000000000 ) ) ;
#11168 = LINE ( 'NONE', #3452, #267 ) ;
#11169 = VECTOR ( 'NONE', #10012, 1000.000000000000000 ) ;
#11170 = DIRECTION ( 'NONE',  ( -1.000000000000000000, -1.593062912007103154E-16, -1.228232725407420948E-32 ) ) ;
#11171 = CARTESIAN_POINT ( 'NONE',  ( -76.81501998216515403, 8.274999999999998579, 19.07115427298596089 ) ) ;
#11172 = ORIENTED_EDGE ( 'NONE', *, *, #8238, .F. ) ;
#11173 = FACE_OUTER_BOUND ( 'NONE', #1123, .T. ) ;
#11174 = EDGE_LOOP ( 'NONE', ( #2638, #10507, #5493, #3754, #8658 ) ) ;
#11175 = ORIENTED_EDGE ( 'NONE', *, *, #2419, .F. ) ;
#11176 = EDGE_LOOP ( 'NONE', ( #4867, #23, #10332, #7565, #7341, #4401, #9590, #9372 ) ) ;
#11177 = DIRECTION ( 'NONE',  ( -0.000000000000000000, -1.000000000000000000, -0.000000000000000000 ) ) ;
#11178 = CARTESIAN_POINT ( 'NONE',  ( -0.0004294969318549642003, 119.8865788063280320, -20.03649027154899542 ) ) ;
#11179 = DIRECTION ( 'NONE',  ( 0.000000000000000000, 1.000000000000000000, 0.000000000000000000 ) ) ;
#11180 = DIRECTION ( 'NONE',  ( 1.000000000000000000, 0.000000000000000000, 0.000000000000000000 ) ) ;
#11181 = CARTESIAN_POINT ( 'NONE',  ( 4.999570503068137661, 109.8258398792882247, -21.03649027154900608 ) ) ;
#11182 = DIRECTION ( 'NONE',  ( -1.000000000000000000, 0.000000000000000000, 1.335278419062900361E-16 ) ) ;
#11183 = VERTEX_POINT ( 'NONE', #3702 ) ;
#11184 = VERTEX_POINT ( 'NONE', #2975 ) ;
#11185 = ORIENTED_EDGE ( 'NONE', *, *, #3535, .F. ) ;
#11187 = EDGE_CURVE ( 'NONE', #2751, #10567, #3027, .T. ) ;
#11186 = CARTESIAN_POINT ( 'NONE',  ( 76.81501998216515403, 8.274999999999998579, 17.92115427298595876 ) ) ;
#11188 = VERTEX_POINT ( 'NONE', #1952 ) ;
#11189 = DIRECTION ( 'NONE',  ( -1.335278419062900361E-16, 8.182657905550979512E-17, -1.000000000000000000 ) ) ;
#11190 = DIRECTION ( 'NONE',  ( 0.000000000000000000, 1.000000000000000000, 0.000000000000000000 ) ) ;
#11191 = DIRECTION ( 'NONE',  ( 1.000000000000000000, -2.095951501945184062E-15, -1.091641407263116678E-13 ) ) ;
#11192 = CIRCLE ( 'NONE', #3228, 2.499801894121581824 ) ;
#11193 = ORIENTED_EDGE ( 'NONE', *, *, #5209, .T. ) ;
#11194 = VECTOR ( 'NONE', #9793, 1000.000000000000000 ) ;
#11195 = LINE ( 'NONE', #132, #14 ) ;
#11196 = ORIENTED_EDGE ( 'NONE', *, *, #1705, .T. ) ;
#11197 = CARTESIAN_POINT ( 'NONE',  ( -50.48689872104515075, 94.56476577691782381, -8.504985928319962696 ) ) ;
#11198 = ORIENTED_EDGE ( 'NONE', *, *, #4410, .T. ) ;
#11199 = EDGE_CURVE ( 'NONE', #5077, #7754, #7285, .T. ) ;
#11200 = ORIENTED_EDGE ( 'NONE', *, *, #4549, .F. ) ;
#11202 = EDGE_CURVE ( 'NONE', #397, #3939, #8140, .T. ) ;
#11201 = VECTOR ( 'NONE', #6047, 1000.000000000000114 ) ;
#11203 = AXIS2_PLACEMENT_3D ( 'NONE', #3629, #2728, #7085 ) ;
#11204 = ORIENTED_EDGE ( 'NONE', *, *, #3035, .F. ) ;
#11205 = CIRCLE ( 'NONE', #3774, 0.7999800169607197420 ) ;
#11206 = CARTESIAN_POINT ( 'NONE',  ( -0.1327752523027176945, 99.82583987928822467, 8.433509402387802112 ) ) ;
#11207 = ADVANCED_FACE ( 'NONE', ( #6423 ), #3745, .T. ) ;
#11208 = EDGE_CURVE ( 'NONE', #4335, #1895, #2863, .T. ) ;
#11209 = DIRECTION ( 'NONE',  ( 0.000000000000000000, 0.000000000000000000, -1.000000000000000000 ) ) ;
#11210 = LINE ( 'NONE', #4394, #10697 ) ;
#11211 = CARTESIAN_POINT ( 'NONE',  ( 33.75500000000005230, -4.758722840904771267, -3.738845726937403580 ) ) ;
#11212 = ORIENTED_EDGE ( 'NONE', *, *, #2614, .F. ) ;
#11213 = CARTESIAN_POINT ( 'NONE',  ( -2.627153738752083401E-15, 6.349999999999999645, 24.62763407003638250 ) ) ;
#11214 = DIRECTION ( 'NONE',  ( 0.000000000000000000, 0.000000000000000000, 1.000000000000000000 ) ) ;
#11215 = VECTOR ( 'NONE', #9126, 1000.000000000000000 ) ;
#11216 = FACE_OUTER_BOUND ( 'NONE', #2494, .T. ) ;
#11217 = AXIS2_PLACEMENT_3D ( 'NONE', #1876, #169, #6288 ) ;
#11218 = EDGE_LOOP ( 'NONE', ( #10483, #2307 ) ) ;
#11219 = VERTEX_POINT ( 'NONE', #2014 ) ;
#11220 = ORIENTED_EDGE ( 'NONE', *, *, #11125, .F. ) ;
#11221 = EDGE_CURVE ( 'NONE', #2571, #5422, #4547, .T. ) ;
#11222 = ADVANCED_FACE ( 'NONE', ( #2805 ), #4493, .F. ) ;
#11223 = EDGE_CURVE ( 'NONE', #5021, #5751, #8088, .T. ) ;
#11224 = AXIS2_PLACEMENT_3D ( 'NONE', #10501, #10336, #9552 ) ;
#11225 = FACE_OUTER_BOUND ( 'NONE', #1019, .T. ) ;
#11226 = VECTOR ( 'NONE', #1938, 1000.000000000000000 ) ;
#11227 = ADVANCED_FACE ( 'NONE', ( #352, #6248, #2122, #410, #6365, #9100 ), #3650, .T. ) ;
#11228 = DIRECTION ( 'NONE',  ( 1.000000000000000000, 0.000000000000000000, 0.000000000000000000 ) ) ;
#11229 = LINE ( 'NONE', #3390, #3163 ) ;
#11230 = DIRECTION ( 'NONE',  ( 0.000000000000000000, -1.000000000000000000, 0.000000000000000000 ) ) ;
#11231 = CARTESIAN_POINT ( 'NONE',  ( 11.25500000000000433, -24.89937738537090794, 5.042308546125213731 ) ) ;
#11232 = ORIENTED_EDGE ( 'NONE', *, *, #8472, .T. ) ;
#11233 = CARTESIAN_POINT ( 'NONE',  ( -33.11062444888673184, 79.82583987928829572, 21.29350972844888545 ) ) ;
#11234 = VECTOR ( 'NONE', #6691, 1000.000000000000000 ) ;
#11235 = ORIENTED_EDGE ( 'NONE', *, *, #670, .F. ) ;
#11236 = VECTOR ( 'NONE', #10189, 1000.000000000000000 ) ;
#11237 = ORIENTED_EDGE ( 'NONE', *, *, #2333, .T. ) ;
#11238 = CARTESIAN_POINT ( 'NONE',  ( 77.61249999999999716, 6.349999999999999645, 24.62763407003640381 ) ) ;
ENDSEC;
END-ISO-10303-21;
