ISO-10303-21;
HEADER;
FILE_DESCRIPTION (( 'STEP AP214' ),
    '1' );
FILE_NAME ('Hip-pulley-housing-left.STEP',
    '2026-01-22T21:36:16',
    ( '' ),
    ( '' ),
    'SwSTEP 2.0',
    'SolidWorks 2025',
    '' );
FILE_SCHEMA (( 'AUTOMOTIVE_DESIGN' ));
ENDSEC;

DATA;
#1 = ORIENTED_EDGE ( 'NONE', *, *, #1912, .F. ) ;
#2 = VECTOR ( 'NONE', #1224, 1000.000000000000000 ) ;
#3 = CARTESIAN_POINT ( 'NONE',  ( -1.110223024625156540E-13, 6.349999999999999645, 1.387778780781445676E-13 ) ) ;
#4 = CARTESIAN_POINT ( 'NONE',  ( -9.350000000000024514, -78.47458735225720261, -24.55000000000000071 ) ) ;
#5 = VECTOR ( 'NONE', #2720, 1000.000000000000000 ) ;
#6 = VERTEX_POINT ( 'NONE', #1075 ) ;
#7 = DIRECTION ( 'NONE',  ( 0.000000000000000000, -1.000000000000000000, 0.000000000000000000 ) ) ;
#8 = EDGE_LOOP ( 'NONE', ( #3307, #2239 ) ) ;
#9 = DIRECTION ( 'NONE',  ( 1.000000000000000000, 0.000000000000000000, 0.000000000000000000 ) ) ;
#10 = ADVANCED_FACE ( 'NONE', ( #3140, #507, #1675, #2845 ), #2553, .F. ) ;
#11 = VECTOR ( 'NONE', #500, 1000.000000000000000 ) ;
#12 = ORIENTED_EDGE ( 'NONE', *, *, #2954, .F. ) ;
#13 = EDGE_CURVE ( 'NONE', #2415, #2349, #2294, .T. ) ;
#14 = EDGE_LOOP ( 'NONE', ( #3666, #1626 ) ) ;
#15 = DIRECTION ( 'NONE',  ( -0.000000000000000000, 1.000000000000000000, -0.000000000000000000 ) ) ;
#16 = ORIENTED_EDGE ( 'NONE', *, *, #1022, .T. ) ;
#17 = ORIENTED_EDGE ( 'NONE', *, *, #2800, .T. ) ;
#18 = FACE_OUTER_BOUND ( 'NONE', #1001, .T. ) ;
#19 = DIRECTION ( 'NONE',  ( 0.000000000000000000, 0.000000000000000000, 1.000000000000000000 ) ) ;
#20 = CARTESIAN_POINT ( 'NONE',  ( 27.45000000000000284, -24.11213394580208913, -24.55000000000000071 ) ) ;
#21 = EDGE_LOOP ( 'NONE', ( #1196, #17, #557, #3022 ) ) ;
#22 = DIRECTION ( 'NONE',  ( -1.000000000000000000, -7.779833121590977705E-17, 6.162975822039154730E-33 ) ) ;
#23 = CARTESIAN_POINT ( 'NONE',  ( 27.45000000000000284, -29.25000000000000000, -60.32163680906983672 ) ) ;
#24 = DIRECTION ( 'NONE',  ( -1.000000000000000000, -0.000000000000000000, -0.000000000000000000 ) ) ;
#25 = DIRECTION ( 'NONE',  ( -0.000000000000000000, 1.000000000000000000, -0.000000000000000000 ) ) ;
#26 = ORIENTED_EDGE ( 'NONE', *, *, #3564, .T. ) ;
#27 = AXIS2_PLACEMENT_3D ( 'NONE', #3557, #1038, #343 ) ;
#28 = ORIENTED_EDGE ( 'NONE', *, *, #1990, .F. ) ;
#29 = CARTESIAN_POINT ( 'NONE',  ( -13.35000000000002274, -24.33249999999996760, 24.33250000000003865 ) ) ;
#30 = ADVANCED_FACE ( 'NONE', ( #1008 ), #3356, .F. ) ;
#31 = ORIENTED_EDGE ( 'NONE', *, *, #1583, .F. ) ;
#32 = DIRECTION ( 'NONE',  ( -1.000000000000000000, 0.000000000000000000, -0.000000000000000000 ) ) ;
#33 = CARTESIAN_POINT ( 'NONE',  ( 4.949497572824959946, 0.000000000000000000, 4.950000000000527756 ) ) ;
#34 = CIRCLE ( 'NONE', #1758, 0.4999999999999995559 ) ;
#35 = ORIENTED_EDGE ( 'NONE', *, *, #2201, .F. ) ;
#36 = FACE_OUTER_BOUND ( 'NONE', #2213, .T. ) ;
#37 = CARTESIAN_POINT ( 'NONE',  ( -13.35000000000002274, 0.000000000000000000, -24.55000000000000071 ) ) ;
#38 = DIRECTION ( 'NONE',  ( 1.000000000000000000, 0.000000000000000000, 0.000000000000000000 ) ) ;
#39 = VECTOR ( 'NONE', #253, 1000.000000000000000 ) ;
#40 = ORIENTED_EDGE ( 'NONE', *, *, #93, .F. ) ;
#41 = LINE ( 'NONE', #2416, #2079 ) ;
#42 = VECTOR ( 'NONE', #3596, 1000.000000000000000 ) ;
#43 = ORIENTED_EDGE ( 'NONE', *, *, #2542, .F. ) ;
#44 = ORIENTED_EDGE ( 'NONE', *, *, #626, .T. ) ;
#45 = PLANE ( 'NONE',  #760 ) ;
#46 = ORIENTED_EDGE ( 'NONE', *, *, #3565, .T. ) ;
#47 = FACE_BOUND ( 'NONE', #1890, .T. ) ;
#48 = ORIENTED_EDGE ( 'NONE', *, *, #2897, .F. ) ;
#49 = EDGE_CURVE ( 'NONE', #2420, #765, #1117, .T. ) ;
#50 = CARTESIAN_POINT ( 'NONE',  ( -29.39999999999999503, -21.89698046350459748, -27.30000000000000426 ) ) ;
#51 = CARTESIAN_POINT ( 'NONE',  ( 27.44999999999999574, -4.500338972710011376, -24.55000000000000071 ) ) ;
#52 = EDGE_CURVE ( 'NONE', #269, #2605, #3738, .T. ) ;
#53 = VECTOR ( 'NONE', #1514, 1000.000000000000000 ) ;
#54 = ADVANCED_FACE ( 'NONE', ( #1770 ), #3455, .T. ) ;
#55 = CARTESIAN_POINT ( 'NONE',  ( -13.35000000000002274, -6.610000000000006537, 17.40000000000344116 ) ) ;
#56 = ORIENTED_EDGE ( 'NONE', *, *, #1607, .T. ) ;
#57 = CARTESIAN_POINT ( 'NONE',  ( 4.950000000000001066, 0.000000000000000000, -4.949497572824772540 ) ) ;
#58 = CARTESIAN_POINT ( 'NONE',  ( 4.950000000000001066, -29.25000000000000000, -4.949497572824772540 ) ) ;
#59 = ORIENTED_EDGE ( 'NONE', *, *, #910, .F. ) ;
#60 = ORIENTED_EDGE ( 'NONE', *, *, #237, .T. ) ;
#61 = CARTESIAN_POINT ( 'NONE',  ( -4.950000000000338574, 0.000000000000000000, 4.949497572825494629 ) ) ;
#62 = EDGE_CURVE ( 'NONE', #1929, #2570, #1174, .T. ) ;
#63 = CIRCLE ( 'NONE', #1413, 1.350000000000000089 ) ;
#64 = EDGE_LOOP ( 'NONE', ( #3619, #890, #1122, #2640 ) ) ;
#65 = VECTOR ( 'NONE', #690, 1000.000000000000000 ) ;
#66 = DIRECTION ( 'NONE',  ( 0.000000000000000000, 0.000000000000000000, -1.000000000000000000 ) ) ;
#67 = EDGE_LOOP ( 'NONE', ( #3308, #56, #870, #2290 ) ) ;
#68 = CARTESIAN_POINT ( 'NONE',  ( -29.39999999999999503, 0.000000000000000000, -27.30000000000000426 ) ) ;
#69 = LINE ( 'NONE', #152, #1076 ) ;
#70 = ADVANCED_FACE ( 'NONE', ( #281 ), #2341, .F. ) ;
#71 = VECTOR ( 'NONE', #376, 1000.000000000000000 ) ;
#72 = ORIENTED_EDGE ( 'NONE', *, *, #1418, .T. ) ;
#73 = CARTESIAN_POINT ( 'NONE',  ( 31.44999999999999929, -27.11000000000000654, -4.199999999998461853 ) ) ;
#74 = VECTOR ( 'NONE', #979, 1000.000000000000000 ) ;
#75 = DIRECTION ( 'NONE',  ( -7.779833121590977705E-17, 1.000000000000000000, 0.000000000000000000 ) ) ;
#76 = LINE ( 'NONE', #749, #1451 ) ;
#77 = ORIENTED_EDGE ( 'NONE', *, *, #3624, .T. ) ;
#78 = VERTEX_POINT ( 'NONE', #1713 ) ;
#79 = FACE_OUTER_BOUND ( 'NONE', #3148, .T. ) ;
#80 = CARTESIAN_POINT ( 'NONE',  ( 30.95000000000000639, -6.610000000000003872, 20.25000000000153477 ) ) ;
#81 = VECTOR ( 'NONE', #3449, 1000.000000000000000 ) ;
#82 = AXIS2_PLACEMENT_3D ( 'NONE', #61, #1233, #2624 ) ;
#83 = ORIENTED_EDGE ( 'NONE', *, *, #694, .T. ) ;
#84 = ORIENTED_EDGE ( 'NONE', *, *, #400, .T. ) ;
#85 = CARTESIAN_POINT ( 'NONE',  ( 0.000000000000000000, 0.000000000000000000, 28.05000000000000071 ) ) ;
#87 = ADVANCED_FACE ( 'NONE', ( #296 ), #2884, .T. ) ;
#86 = DIRECTION ( 'NONE',  ( -1.000000000000000000, 0.000000000000000000, 0.000000000000000000 ) ) ;
#88 = VERTEX_POINT ( 'NONE', #2022 ) ;
#89 = CARTESIAN_POINT ( 'NONE',  ( -9.350000000000024514, -4.500338972710011376, 22.86009492289630174 ) ) ;
#90 = CIRCLE ( 'NONE', #3528, 3.000000000000000000 ) ;
#91 = EDGE_LOOP ( 'NONE', ( #1960, #2722 ) ) ;
#92 = DIRECTION ( 'NONE',  ( 0.000000000000000000, 0.000000000000000000, 1.000000000000000000 ) ) ;
#93 = EDGE_CURVE ( 'NONE', #366, #1368, #1478, .T. ) ;
#94 = FACE_OUTER_BOUND ( 'NONE', #1911, .T. ) ;
#95 = ORIENTED_EDGE ( 'NONE', *, *, #3229, .F. ) ;
#96 = DIRECTION ( 'NONE',  ( -0.000000000000000000, 0.7071067811865484609, -0.7071067811865465735 ) ) ;
#97 = ORIENTED_EDGE ( 'NONE', *, *, #120, .F. ) ;
#98 = CARTESIAN_POINT ( 'NONE',  ( -9.350000000000024514, -16.85999999999956245, -12.49999999999865885 ) ) ;
#99 = CARTESIAN_POINT ( 'NONE',  ( 27.44999999999999929, -39.25000000000000000, -24.55000000000000071 ) ) ;
#100 = EDGE_CURVE ( 'NONE', #141, #3098, #1614, .T. ) ;
#101 = AXIS2_PLACEMENT_3D ( 'NONE', #2519, #3084, #449 ) ;
#102 = EDGE_CURVE ( 'NONE', #3098, #141, #748, .T. ) ;
#103 = DIRECTION ( 'NONE',  ( -0.000000000000000000, 1.000000000000000000, -0.000000000000000000 ) ) ;
#104 = EDGE_CURVE ( 'NONE', #1020, #1953, #2323, .T. ) ;
#105 = EDGE_LOOP ( 'NONE', ( #3304, #194, #362, #1867 ) ) ;
#106 = EDGE_LOOP ( 'NONE', ( #569, #2127 ) ) ;
#107 = DIRECTION ( 'NONE',  ( 1.000000000000000000, 9.745637505487680998E-17, 0.000000000000000000 ) ) ;
#108 = ORIENTED_EDGE ( 'NONE', *, *, #1769, .F. ) ;
#109 = LINE ( 'NONE', #1879, #3249 ) ;
#110 = CARTESIAN_POINT ( 'NONE',  ( 25.55000000000000426, -27.11000000000000654, -4.199999999998461853 ) ) ;
#111 = DIRECTION ( 'NONE',  ( 0.000000000000000000, -1.000000000000000000, 0.000000000000000000 ) ) ;
#112 = VERTEX_POINT ( 'NONE', #1190 ) ;
#113 = LINE ( 'NONE', #2830, #3190 ) ;
#114 = CIRCLE ( 'NONE', #1778, 0.5000000000000004441 ) ;
#115 = LINE ( 'NONE', #1597, #2937 ) ;
#116 = VECTOR ( 'NONE', #2945, 1000.000000000000000 ) ;
#117 = ORIENTED_EDGE ( 'NONE', *, *, #1875, .F. ) ;
#118 = DIRECTION ( 'NONE',  ( 0.000000000000000000, 0.7071067811865500152, 0.7071067811865451302 ) ) ;
#119 = ORIENTED_EDGE ( 'NONE', *, *, #732, .T. ) ;
#120 = EDGE_CURVE ( 'NONE', #3200, #1487, #3088, .T. ) ;
#121 = LINE ( 'NONE', #3059, #283 ) ;
#122 = CARTESIAN_POINT ( 'NONE',  ( -32.74999999999999289, -21.89698046350459748, 24.55000000000000071 ) ) ;
#123 = CARTESIAN_POINT ( 'NONE',  ( -13.35000000000002274, -27.11000000000001009, 17.40000000000344116 ) ) ;
#124 = EDGE_CURVE ( 'NONE', #1936, #1201, #2702, .T. ) ;
#125 = EDGE_CURVE ( 'NONE', #3329, #3082, #3276, .T. ) ;
#126 = ORIENTED_EDGE ( 'NONE', *, *, #3414, .F. ) ;
#127 = ORIENTED_EDGE ( 'NONE', *, *, #552, .F. ) ;
#128 = DIRECTION ( 'NONE',  ( 0.000000000000000000, 1.000000000000000000, 0.000000000000000000 ) ) ;
#129 = PLANE ( 'NONE',  #3212 ) ;
#130 = VECTOR ( 'NONE', #1475, 1000.000000000000000 ) ;
#131 = VERTEX_POINT ( 'NONE', #2411 ) ;
#132 = LINE ( 'NONE', #3352, #2447 ) ;
#133 = FACE_OUTER_BOUND ( 'NONE', #2191, .T. ) ;
#134 = LINE ( 'NONE', #3633, #398 ) ;
#135 = CARTESIAN_POINT ( 'NONE',  ( 31.44999999999999929, -51.92604593830444060, 1.040834085586084257E-14 ) ) ;
#136 = ORIENTED_EDGE ( 'NONE', *, *, #3628, .F. ) ;
#137 = LINE ( 'NONE', #688, #3002 ) ;
#138 = FACE_OUTER_BOUND ( 'NONE', #215, .T. ) ;
#139 = ORIENTED_EDGE ( 'NONE', *, *, #680, .T. ) ;
#140 = CARTESIAN_POINT ( 'NONE',  ( -9.350000000000024514, -78.47458735225720261, 24.55000000000000071 ) ) ;
#141 = VERTEX_POINT ( 'NONE', #3014 ) ;
#142 = CARTESIAN_POINT ( 'NONE',  ( 0.000000000000000000, 3.349999999999996980, -28.05000000000000071 ) ) ;
#143 = FACE_BOUND ( 'NONE', #2546, .T. ) ;
#144 = DIRECTION ( 'NONE',  ( -1.000000000000000000, -0.000000000000000000, -0.000000000000000000 ) ) ;
#145 = EDGE_LOOP ( 'NONE', ( #2580, #708 ) ) ;
#146 = EDGE_LOOP ( 'NONE', ( #1830, #3213, #1752, #2860 ) ) ;
#147 = DIRECTION ( 'NONE',  ( 0.000000000000000000, 0.7071067811865463515, 0.7071067811865487940 ) ) ;
#148 = CARTESIAN_POINT ( 'NONE',  ( -28.64999999999999503, -21.89698046350459748, -34.30073859982388029 ) ) ;
#149 = EDGE_CURVE ( 'NONE', #2688, #2223, #2685, .T. ) ;
#150 = ORIENTED_EDGE ( 'NONE', *, *, #3310, .F. ) ;
#151 = DIRECTION ( 'NONE',  ( -1.000000000000000000, -0.000000000000000000, -0.000000000000000000 ) ) ;
#152 = CARTESIAN_POINT ( 'NONE',  ( -0.000000000000000000, -21.89698046350459748, 24.55000000000000071 ) ) ;
#153 = ORIENTED_EDGE ( 'NONE', *, *, #734, .T. ) ;
#154 = DIRECTION ( 'NONE',  ( 0.000000000000000000, 0.000000000000000000, -1.000000000000000000 ) ) ;
#155 = EDGE_LOOP ( 'NONE', ( #1854, #441 ) ) ;
#156 = DIRECTION ( 'NONE',  ( 0.000000000000000000, 0.9063077870366509359, 0.4226182617406973874 ) ) ;
#157 = ORIENTED_EDGE ( 'NONE', *, *, #3310, .T. ) ;
#158 = DIRECTION ( 'NONE',  ( 1.000000000000000000, 9.745637505487680998E-17, -0.000000000000000000 ) ) ;
#159 = DIRECTION ( 'NONE',  ( 0.000000000000000000, 0.000000000000000000, -1.000000000000000000 ) ) ;
#160 = DIRECTION ( 'NONE',  ( 0.000000000000000000, 0.000000000000000000, -1.000000000000000000 ) ) ;
#161 = VERTEX_POINT ( 'NONE', #3574 ) ;
#162 = CIRCLE ( 'NONE', #598, 1.002293481871901371 ) ;
#163 = DIRECTION ( 'NONE',  ( -0.000000000000000000, 1.000000000000000000, 2.055359568692899499E-16 ) ) ;
#164 = DIRECTION ( 'NONE',  ( 0.000000000000000000, 0.000000000000000000, 1.000000000000000000 ) ) ;
#165 = AXIS2_PLACEMENT_3D ( 'NONE', #2477, #2462, #159 ) ;
#166 = ORIENTED_EDGE ( 'NONE', *, *, #2954, .T. ) ;
#167 = EDGE_CURVE ( 'NONE', #1953, #746, #1309, .T. ) ;
#168 = PLANE ( 'NONE',  #2823 ) ;
#169 = CARTESIAN_POINT ( 'NONE',  ( -4.949497572825296565, 0.000000000000000000, -3.524999999999799183 ) ) ;
#170 = CIRCLE ( 'NONE', #2318, 0.9000000000019031665 ) ;
#171 = EDGE_CURVE ( 'NONE', #2931, #2297, #2773, .T. ) ;
#172 = EDGE_CURVE ( 'NONE', #2502, #1621, #758, .T. ) ;
#173 = CYLINDRICAL_SURFACE ( 'NONE', #556, 0.9000000000014556356 ) ;
#174 = FACE_OUTER_BOUND ( 'NONE', #2794, .T. ) ;
#175 = VERTEX_POINT ( 'NONE', #2193 ) ;
#176 = CARTESIAN_POINT ( 'NONE',  ( 25.55000000000000426, -27.11000000000000654, -4.199999999998461853 ) ) ;
#177 = VECTOR ( 'NONE', #2003, 1000.000000000000000 ) ;
#178 = ORIENTED_EDGE ( 'NONE', *, *, #2135, .F. ) ;
#179 = PLANE ( 'NONE',  #101 ) ;
#180 = VECTOR ( 'NONE', #2508, 1000.000000000000000 ) ;
#181 = DIRECTION ( 'NONE',  ( -0.000000000000000000, 1.000000000000000000, -0.000000000000000000 ) ) ;
#182 = ORIENTED_EDGE ( 'NONE', *, *, #2343, .T. ) ;
#183 = VERTEX_POINT ( 'NONE', #917 ) ;
#184 = DIRECTION ( 'NONE',  ( 0.000000000000000000, -1.000000000000000000, 0.000000000000000000 ) ) ;
#185 = DIRECTION ( 'NONE',  ( 0.000000000000000000, 0.000000000000000000, -1.000000000000000000 ) ) ;
#186 = FACE_BOUND ( 'NONE', #1935, .T. ) ;
#187 = ORIENTED_EDGE ( 'NONE', *, *, #1484, .T. ) ;
#188 = DIRECTION ( 'NONE',  ( -0.000000000000000000, 0.7071067811865465735, 0.7071067811865484609 ) ) ;
#189 = CARTESIAN_POINT ( 'NONE',  ( -4.950000000000338574, -4.500338972710011376, 4.949497572825494629 ) ) ;
#190 = CARTESIAN_POINT ( 'NONE',  ( -28.64999999999999503, -21.89698046350459748, -34.30073859982388029 ) ) ;
#191 = LINE ( 'NONE', #1375, #2859 ) ;
#192 = AXIS2_PLACEMENT_3D ( 'NONE', #1729, #861, #2900 ) ;
#193 = FACE_OUTER_BOUND ( 'NONE', #3253, .T. ) ;
#194 = ORIENTED_EDGE ( 'NONE', *, *, #2029, .T. ) ;
#195 = CARTESIAN_POINT ( 'NONE',  ( -30.94999999999999929, 0.000000000000000000, -24.55000000000000071 ) ) ;
#196 = VECTOR ( 'NONE', #1647, 1000.000000000000000 ) ;
#197 = EDGE_CURVE ( 'NONE', #3388, #3128, #3369, .T. ) ;
#198 = ORIENTED_EDGE ( 'NONE', *, *, #2154, .F. ) ;
#199 = CARTESIAN_POINT ( 'NONE',  ( 27.44999999999999574, -37.61792319645750382, 28.05000000000000071 ) ) ;
#200 = ORIENTED_EDGE ( 'NONE', *, *, #2591, .T. ) ;
#201 = DIRECTION ( 'NONE',  ( 0.000000000000000000, 0.000000000000000000, 1.000000000000000000 ) ) ;
#202 = FACE_OUTER_BOUND ( 'NONE', #3706, .T. ) ;
#203 = VERTEX_POINT ( 'NONE', #2665 ) ;
#204 = EDGE_LOOP ( 'NONE', ( #1616, #182, #1520, #949 ) ) ;
#205 = LINE ( 'NONE', #3434, #3774 ) ;
#206 = DIRECTION ( 'NONE',  ( 1.000000000000000000, 0.000000000000000000, 0.000000000000000000 ) ) ;
#207 = VERTEX_POINT ( 'NONE', #1918 ) ;
#208 = DIRECTION ( 'NONE',  ( 0.000000000000000000, 0.000000000000000000, 1.000000000000000000 ) ) ;
#209 = DIRECTION ( 'NONE',  ( 0.000000000000000000, 0.000000000000000000, 1.000000000000000000 ) ) ;
#210 = LINE ( 'NONE', #2551, #3467 ) ;
#211 = CARTESIAN_POINT ( 'NONE',  ( 27.44999999999999929, -4.500338972710011376, 22.86009492289630174 ) ) ;
#212 = VECTOR ( 'NONE', #580, 1000.000000000000000 ) ;
#213 = DIRECTION ( 'NONE',  ( 0.000000000000000000, 0.000000000000000000, 1.000000000000000000 ) ) ;
#214 = CARTESIAN_POINT ( 'NONE',  ( -4.949497572825296565, -4.500338972710011376, -4.949999999999799449 ) ) ;
#215 = EDGE_LOOP ( 'NONE', ( #1527, #1645, #2953, #1612 ) ) ;
#216 = DIRECTION ( 'NONE',  ( 0.000000000000000000, 1.000000000000000000, 0.000000000000000000 ) ) ;
#217 = VECTOR ( 'NONE', #826, 1000.000000000000000 ) ;
#218 = LINE ( 'NONE', #535, #3411 ) ;
#219 = ORIENTED_EDGE ( 'NONE', *, *, #2569, .F. ) ;
#220 = EDGE_CURVE ( 'NONE', #2312, #3030, #2504, .T. ) ;
#221 = VERTEX_POINT ( 'NONE', #2978 ) ;
#222 = MECHANICAL_DESIGN_GEOMETRIC_PRESENTATION_REPRESENTATION (  '', ( #590 ), #1147 ) ;
#223 = LINE ( 'NONE', #3726, #1519 ) ;
#224 = ADVANCED_FACE ( 'NONE', ( #36 ), #3263, .F. ) ;
#225 = DIRECTION ( 'NONE',  ( 0.000000000000000000, -1.000000000000000000, 0.000000000000000000 ) ) ;
#226 = EDGE_CURVE ( 'NONE', #285, #3163, #1628, .T. ) ;
#227 = VECTOR ( 'NONE', #3221, 1000.000000000000000 ) ;
#228 = ORIENTED_EDGE ( 'NONE', *, *, #49, .F. ) ;
#229 = FACE_BOUND ( 'NONE', #609, .T. ) ;
#230 = CARTESIAN_POINT ( 'NONE',  ( 27.44999999999999929, -4.500338972710011376, -6.449999999999983302 ) ) ;
#231 = VECTOR ( 'NONE', #712, 1000.000000000000000 ) ;
#232 = DIRECTION ( 'NONE',  ( 0.000000000000000000, 0.000000000000000000, -1.000000000000000000 ) ) ;
#233 = FACE_OUTER_BOUND ( 'NONE', #627, .T. ) ;
#234 = ORIENTED_EDGE ( 'NONE', *, *, #220, .T. ) ;
#235 = CARTESIAN_POINT ( 'NONE',  ( 27.45000000000000284, -26.95767651737898163, 4.335076018827155764 ) ) ;
#236 = CARTESIAN_POINT ( 'NONE',  ( -28.64999999999999503, -24.11213394580203229, 24.55000000000000071 ) ) ;
#237 = EDGE_CURVE ( 'NONE', #1154, #3167, #935, .T. ) ;
#238 = LINE ( 'NONE', #1678, #1509 ) ;
#239 = FACE_OUTER_BOUND ( 'NONE', #1974, .T. ) ;
#240 = ORIENTED_EDGE ( 'NONE', *, *, #1542, .T. ) ;
#241 = FACE_OUTER_BOUND ( 'NONE', #1969, .T. ) ;
#242 = AXIS2_PLACEMENT_3D ( 'NONE', #2904, #811, #827 ) ;
#243 = CARTESIAN_POINT ( 'NONE',  ( -32.74999999999998579, -21.89698046350459748, -28.05000000000000426 ) ) ;
#244 = EDGE_CURVE ( 'NONE', #1482, #2349, #2541, .T. ) ;
#245 = ORIENTED_EDGE ( 'NONE', *, *, #2408, .F. ) ;
#246 = VERTEX_POINT ( 'NONE', #2839 ) ;
#247 = DIRECTION ( 'NONE',  ( 0.000000000000000000, 0.000000000000000000, 1.000000000000000000 ) ) ;
#248 = PLANE ( 'NONE',  #675 ) ;
#249 = CIRCLE ( 'NONE', #2443, 1.350000000000000089 ) ;
#250 = EDGE_CURVE ( 'NONE', #3080, #2475, #1067, .T. ) ;
#251 = ADVANCED_FACE ( 'NONE', ( #3466 ), #1350, .F. ) ;
#252 = ORIENTED_EDGE ( 'NONE', *, *, #2282, .F. ) ;
#253 = DIRECTION ( 'NONE',  ( -0.000000000000000000, 1.000000000000000000, -0.000000000000000000 ) ) ;
#254 = DIRECTION ( 'NONE',  ( 1.000000000000000000, 0.000000000000000000, 0.000000000000000000 ) ) ;
#255 = CARTESIAN_POINT ( 'NONE',  ( -13.35000000000002274, -27.11000000000000654, -4.199999999998461853 ) ) ;
#256 = LINE ( 'NONE', #3716, #1775 ) ;
#257 = DIRECTION ( 'NONE',  ( -1.000000000000000000, 0.000000000000000000, 0.000000000000000000 ) ) ;
#258 = EDGE_CURVE ( 'NONE', #661, #750, #205, .T. ) ;
#259 = VECTOR ( 'NONE', #1021, 1000.000000000000000 ) ;
#260 = DIRECTION ( 'NONE',  ( 0.000000000000000000, 0.000000000000000000, -1.000000000000000000 ) ) ;
#261 = DIRECTION ( 'NONE',  ( -0.000000000000000000, -0.000000000000000000, 1.000000000000000000 ) ) ;
#262 = AXIS2_PLACEMENT_3D ( 'NONE', #709, #156, #1301 ) ;
#263 = VERTEX_POINT ( 'NONE', #1106 ) ;
#264 = CARTESIAN_POINT ( 'NONE',  ( 31.44999999999999929, 3.349999999999996536, 28.05000000000000071 ) ) ;
#265 = ADVANCED_FACE ( 'NONE', ( #3764 ), #1064, .F. ) ;
#266 = EDGE_CURVE ( 'NONE', #3780, #1023, #841, .T. ) ;
#267 = DIRECTION ( 'NONE',  ( -1.000000000000000000, -7.779833121590977705E-17, 6.162975822039154730E-33 ) ) ;
#268 = ORIENTED_EDGE ( 'NONE', *, *, #2873, .F. ) ;
#269 = VERTEX_POINT ( 'NONE', #1705 ) ;
#270 = DIRECTION ( 'NONE',  ( -1.000000000000000000, -7.779833121590977705E-17, 6.162975822039154730E-33 ) ) ;
#271 = VECTOR ( 'NONE', #2926, 1000.000000000000000 ) ;
#272 = ORIENTED_EDGE ( 'NONE', *, *, #2137, .F. ) ;
#273 = EDGE_LOOP ( 'NONE', ( #1247, #1639, #3217, #1993 ) ) ;
#274 = AXIS2_PLACEMENT_3D ( 'NONE', #2199, #3377, #111 ) ;
#275 = FACE_OUTER_BOUND ( 'NONE', #1048, .T. ) ;
#276 = EDGE_CURVE ( 'NONE', #3616, #1238, #3649, .T. ) ;
#277 = CARTESIAN_POINT ( 'NONE',  ( 25.55000000000000426, -29.25000000000000000, 18.00000000000153477 ) ) ;
#278 = CARTESIAN_POINT ( 'NONE',  ( -32.74999999999998579, 6.349999999999999645, -28.05000000000000426 ) ) ;
#279 = DIRECTION ( 'NONE',  ( 0.000000000000000000, 0.000000000000000000, 1.000000000000000000 ) ) ;
#280 = VERTEX_POINT ( 'NONE', #2235 ) ;
#281 = FACE_OUTER_BOUND ( 'NONE', #1804, .T. ) ;
#282 = CARTESIAN_POINT ( 'NONE',  ( -9.350000000000024514, -78.47458735225720261, 24.55000000000000071 ) ) ;
#283 = VECTOR ( 'NONE', #3005, 1000.000000000000000 ) ;
#284 = CARTESIAN_POINT ( 'NONE',  ( -4.949497572825296565, 0.000000000000000000, -1.949999999999799005 ) ) ;
#285 = VERTEX_POINT ( 'NONE', #1976 ) ;
#286 = DIRECTION ( 'NONE',  ( 0.000000000000000000, -0.000000000000000000, 1.000000000000000000 ) ) ;
#287 = ORIENTED_EDGE ( 'NONE', *, *, #514, .T. ) ;
#288 = VERTEX_POINT ( 'NONE', #2876 ) ;
#289 = CARTESIAN_POINT ( 'NONE',  ( 27.44999999999999574, 5.886368448033520950E-15, -12.49999999999999112 ) ) ;
#290 = AXIS2_PLACEMENT_3D ( 'NONE', #2339, #576, #2423 ) ;
#291 = AXIS2_PLACEMENT_3D ( 'NONE', #2854, #2891, #1124 ) ;
#292 = CARTESIAN_POINT ( 'NONE',  ( 0.000000000000000000, 0.000000000000000000, 0.000000000000000000 ) ) ;
#293 = CARTESIAN_POINT ( 'NONE',  ( 27.45000000000000284, -51.92604593830444060, -7.100059492837026198 ) ) ;
#294 = EDGE_LOOP ( 'NONE', ( #411, #3551 ) ) ;
#295 = EDGE_CURVE ( 'NONE', #2464, #930, #2805, .T. ) ;
#296 = FACE_OUTER_BOUND ( 'NONE', #3290, .T. ) ;
#297 = AXIS2_PLACEMENT_3D ( 'NONE', #2353, #980, #3324 ) ;
#298 = CYLINDRICAL_SURFACE ( 'NONE', #1524, 1.425000000000000044 ) ;
#299 = EDGE_CURVE ( 'NONE', #2502, #2359, #223, .T. ) ;
#300 = ORIENTED_EDGE ( 'NONE', *, *, #1753, .T. ) ;
#301 = DIRECTION ( 'NONE',  ( 0.000000000000000000, 0.000000000000000000, 1.000000000000000000 ) ) ;
#302 = VECTOR ( 'NONE', #75, 1000.000000000000000 ) ;
#303 = EDGE_LOOP ( 'NONE', ( #907, #2112, #2765 ) ) ;
#304 = ORIENTED_EDGE ( 'NONE', *, *, #1447, .F. ) ;
#305 = DIRECTION ( 'NONE',  ( 0.000000000000000000, -1.000000000000000000, 0.000000000000000000 ) ) ;
#306 = VERTEX_POINT ( 'NONE', #1086 ) ;
#307 = CARTESIAN_POINT ( 'NONE',  ( -4.949497572825296565, -4.500338972710011376, -4.949999999999799449 ) ) ;
#308 = CARTESIAN_POINT ( 'NONE',  ( 27.45000000000000284, -51.92604593830444060, -12.49999999999999112 ) ) ;
#309 = CARTESIAN_POINT ( 'NONE',  ( -9.350000000000024514, -4.500338972710011376, -22.85972004506499999 ) ) ;
#310 = VECTOR ( 'NONE', #1257, 1000.000000000000000 ) ;
#311 = ORIENTED_EDGE ( 'NONE', *, *, #266, .F. ) ;
#312 = CARTESIAN_POINT ( 'NONE',  ( 30.95000000000000995, -27.11000000000000654, 20.25000000000153477 ) ) ;
#313 = PLANE ( 'NONE',  #3490 ) ;
#314 = DIRECTION ( 'NONE',  ( -0.000000000000000000, 1.000000000000000000, -0.000000000000000000 ) ) ;
#315 = DIRECTION ( 'NONE',  ( -0.000000000000000000, 1.000000000000000000, -0.000000000000000000 ) ) ;
#316 = ORIENTED_EDGE ( 'NONE', *, *, #93, .T. ) ;
#317 = CARTESIAN_POINT ( 'NONE',  ( 30.95000000000000639, -5.607800004312387898, -4.199999999998458300 ) ) ;
#318 = EDGE_CURVE ( 'NONE', #207, #2684, #660, .T. ) ;
#319 = DIRECTION ( 'NONE',  ( 3.840100063292027204E-17, -0.3940327209102227890, -0.9190964121636457929 ) ) ;
#320 = CIRCLE ( 'NONE', #2144, 0.9000000000019027224 ) ;
#321 = EDGE_LOOP ( 'NONE', ( #2898, #2100, #1195, #723, #1845, #3621 ) ) ;
#322 = ORIENTED_EDGE ( 'NONE', *, *, #2296, .F. ) ;
#323 = LINE ( 'NONE', #1489, #1457 ) ;
#324 = PLANE ( 'NONE',  #1950 ) ;
#325 = LINE ( 'NONE', #2098, #981 ) ;
#326 = VERTEX_POINT ( 'NONE', #3129 ) ;
#327 = CARTESIAN_POINT ( 'NONE',  ( 27.44999999999999929, 2.326828575125447664E-15, -6.449999999999986855 ) ) ;
#328 = DIRECTION ( 'NONE',  ( 9.745637505487680998E-17, -1.000000000000000000, 4.619769576502813752E-16 ) ) ;
#329 = DIRECTION ( 'NONE',  ( 0.000000000000000000, -1.000000000000000000, 0.000000000000000000 ) ) ;
#330 = DIRECTION ( 'NONE',  ( 0.000000000000000000, 0.000000000000000000, 1.000000000000000000 ) ) ;
#331 = EDGE_LOOP ( 'NONE', ( #970, #3626, #3464, #3285 ) ) ;
#332 = DIRECTION ( 'NONE',  ( 0.000000000000000000, 0.000000000000000000, -1.000000000000000000 ) ) ;
#333 = EDGE_LOOP ( 'NONE', ( #2503, #187, #84, #2161, #2345, #1334, #1794 ) ) ;
#334 = ORIENTED_EDGE ( 'NONE', *, *, #2903, .F. ) ;
#335 = DIRECTION ( 'NONE',  ( 1.000000000000000000, 0.000000000000000000, 0.000000000000000000 ) ) ;
#336 = ADVANCED_FACE ( 'NONE', ( #3183 ), #1410, .T. ) ;
#337 = ADVANCED_FACE ( 'NONE', ( #499, #1127 ), #2015, .T. ) ;
#338 = DIRECTION ( 'NONE',  ( 0.000000000000000000, 1.000000000000000000, 0.000000000000000000 ) ) ;
#339 = ADVANCED_FACE ( 'NONE', ( #2293 ), #1369, .T. ) ;
#340 = CARTESIAN_POINT ( 'NONE',  ( -13.35000000000002274, -27.11000000000001009, 16.50000000000153833 ) ) ;
#341 = AXIS2_PLACEMENT_3D ( 'NONE', #2980, #346, #3265 ) ;
#342 = VERTEX_POINT ( 'NONE', #3412 ) ;
#343 = DIRECTION ( 'NONE',  ( 0.000000000000000000, 0.000000000000000000, 1.000000000000000000 ) ) ;
#344 = CARTESIAN_POINT ( 'NONE',  ( 25.55000000000000071, -5.610253315091707549, 20.25000000000153477 ) ) ;
#345 = PRODUCT ( 'Hip-pulley-housing-left', 'Hip-pulley-housing-left', '', ( #2076 ) ) ;
#346 = DIRECTION ( 'NONE',  ( -0.000000000000000000, 1.000000000000000000, -0.000000000000000000 ) ) ;
#347 = VECTOR ( 'NONE', #1052, 1000.000000000000000 ) ;
#348 = ORIENTED_EDGE ( 'NONE', *, *, #2232, .F. ) ;
#349 = CARTESIAN_POINT ( 'NONE',  ( 30.95100000000001472, -16.85999999999956245, -19.59999999999865494 ) ) ;
#350 = EDGE_CURVE ( 'NONE', #761, #430, #170, .T. ) ;
#351 = VECTOR ( 'NONE', #301, 1000.000000000000000 ) ;
#352 = LINE ( 'NONE', #2362, #3043 ) ;
#353 = ORIENTED_EDGE ( 'NONE', *, *, #2494, .F. ) ;
#354 = ORIENTED_EDGE ( 'NONE', *, *, #295, .T. ) ;
#355 = CARTESIAN_POINT ( 'NONE',  ( 30.95000000000000995, -28.10953272676582770, -4.199999999998461853 ) ) ;
#356 = ORIENTED_EDGE ( 'NONE', *, *, #484, .T. ) ;
#357 = DIRECTION ( 'NONE',  ( 0.000000000000000000, 0.000000000000000000, -1.000000000000000000 ) ) ;
#358 = EDGE_CURVE ( 'NONE', #3208, #3602, #3501, .T. ) ;
#359 = VERTEX_POINT ( 'NONE', #2972 ) ;
#360 = LINE ( 'NONE', #2373, #1168 ) ;
#361 = VECTOR ( 'NONE', #2846, 1000.000000000000000 ) ;
#362 = ORIENTED_EDGE ( 'NONE', *, *, #3439, .T. ) ;
#363 = DIRECTION ( 'NONE',  ( 0.000000000000000000, 0.000000000000000000, 1.000000000000000000 ) ) ;
#364 = ADVANCED_FACE ( 'NONE', ( #3568 ), #2987, .F. ) ;
#365 = DIRECTION ( 'NONE',  ( -1.000000000000000000, -0.000000000000000000, -0.000000000000000000 ) ) ;
#366 = VERTEX_POINT ( 'NONE', #3552 ) ;
#367 = ORIENTED_EDGE ( 'NONE', *, *, #1119, .F. ) ;
#368 = CARTESIAN_POINT ( 'NONE',  ( 0.000000000000000000, 0.000000000000000000, 0.000000000000000000 ) ) ;
#369 = CIRCLE ( 'NONE', #1109, 0.5000000000000006661 ) ;
#370 = DIRECTION ( 'NONE',  ( -1.000000000000000000, 0.000000000000000000, 0.000000000000000000 ) ) ;
#371 = ORIENTED_EDGE ( 'NONE', *, *, #2351, .T. ) ;
#372 = EDGE_LOOP ( 'NONE', ( #401, #367, #2874, #453 ) ) ;
#373 = VECTOR ( 'NONE', #96, 1000.000000000000000 ) ;
#374 = LINE ( 'NONE', #3590, #2034 ) ;
#375 = EDGE_LOOP ( 'NONE', ( #1588, #2565, #1490, #1774 ) ) ;
#376 = DIRECTION ( 'NONE',  ( 0.000000000000000000, 0.000000000000000000, 1.000000000000000000 ) ) ;
#377 = PLANE ( 'NONE',  #1103 ) ;
#378 = EDGE_CURVE ( 'NONE', #326, #983, #3219, .T. ) ;
#379 = CARTESIAN_POINT ( 'NONE',  ( -4.949497572825296565, 6.349999999999999645, -4.949999999999799449 ) ) ;
#380 = EDGE_CURVE ( 'NONE', #2770, #2475, #1471, .T. ) ;
#381 = ADVANCED_FACE ( 'NONE', ( #2335 ), #929, .T. ) ;
#382 = ORIENTED_EDGE ( 'NONE', *, *, #3355, .F. ) ;
#383 = CARTESIAN_POINT ( 'NONE',  ( 27.44999999999998508, -20.61213394580202873, -28.05000000000000071 ) ) ;
#384 = VECTOR ( 'NONE', #3323, 1000.000000000000000 ) ;
#385 = EDGE_CURVE ( 'NONE', #1573, #1539, #451, .T. ) ;
#386 = CARTESIAN_POINT ( 'NONE',  ( -13.35000000000002274, 0.000000000000000000, 0.000000000000000000 ) ) ;
#387 = ORIENTED_EDGE ( 'NONE', *, *, #2409, .F. ) ;
#388 = CARTESIAN_POINT ( 'NONE',  ( -32.95003483321599447, -51.92604593830444060, -7.100059492837026198 ) ) ;
#389 = EDGE_LOOP ( 'NONE', ( #405, #2589, #60, #287, #2152, #1390, #2356, #2750, #1449, #3427, #2711, #2664 ) ) ;
#390 = DIRECTION ( 'NONE',  ( 0.000000000000000000, -1.000000000000000000, 4.619769576502813752E-16 ) ) ;
#391 = CARTESIAN_POINT ( 'NONE',  ( -29.39999999999999503, 0.000000000000000000, -27.30000000000000426 ) ) ;
#392 = VECTOR ( 'NONE', #390, 1000.000000000000000 ) ;
#393 = ORIENTED_EDGE ( 'NONE', *, *, #2092, .F. ) ;
#394 = VERTEX_POINT ( 'NONE', #643 ) ;
#395 = DIRECTION ( 'NONE',  ( 0.000000000000000000, 0.000000000000000000, -1.000000000000000000 ) ) ;
#396 = ORIENTED_EDGE ( 'NONE', *, *, #813, .T. ) ;
#397 = LINE ( 'NONE', #1590, #614 ) ;
#398 = VECTOR ( 'NONE', #1004, 1000.000000000000000 ) ;
#399 = DIRECTION ( 'NONE',  ( 0.000000000000000000, 0.000000000000000000, 1.000000000000000000 ) ) ;
#400 = EDGE_CURVE ( 'NONE', #2715, #840, #570, .T. ) ;
#401 = ORIENTED_EDGE ( 'NONE', *, *, #857, .F. ) ;
#402 = CARTESIAN_POINT ( 'NONE',  ( -6.500000000000024869, -8.720338972710010239, 19.50000000000153833 ) ) ;
#403 = EDGE_CURVE ( 'NONE', #88, #2695, #323, .T. ) ;
#404 = LINE ( 'NONE', #1864, #3542 ) ;
#405 = ORIENTED_EDGE ( 'NONE', *, *, #2208, .T. ) ;
#406 = CARTESIAN_POINT ( 'NONE',  ( 4.949497572824959946, 6.349999999999999645, 6.375000000000527578 ) ) ;
#407 = ORIENTED_EDGE ( 'NONE', *, *, #1220, .F. ) ;
#408 = CARTESIAN_POINT ( 'NONE',  ( -28.64999999999999503, -20.61213394580202873, -28.05000000000000071 ) ) ;
#409 = DIRECTION ( 'NONE',  ( 1.000000000000000000, 0.000000000000000000, 0.000000000000000000 ) ) ;
#410 = AXIS2_PLACEMENT_3D ( 'NONE', #1736, #2616, #769 ) ;
#411 = ORIENTED_EDGE ( 'NONE', *, *, #3248, .F. ) ;
#412 = FACE_OUTER_BOUND ( 'NONE', #2696, .T. ) ;
#413 = ORIENTED_EDGE ( 'NONE', *, *, #1009, .T. ) ;
#414 = EDGE_CURVE ( 'NONE', #3275, #2016, #1068, .T. ) ;
#415 = CARTESIAN_POINT ( 'NONE',  ( -31.99999999999997868, 0.000000000000000000, -27.30000000000000426 ) ) ;
#416 = DIRECTION ( 'NONE',  ( 0.000000000000000000, 0.000000000000000000, 1.000000000000000000 ) ) ;
#417 = CARTESIAN_POINT ( 'NONE',  ( -6.500000000000024869, -4.500338972710007823, -7.199999999998458300 ) ) ;
#418 = LINE ( 'NONE', #1594, #1096 ) ;
#419 = ORIENTED_EDGE ( 'NONE', *, *, #3755, .F. ) ;
#420 = DIRECTION ( 'NONE',  ( 0.000000000000000000, 0.000000000000000000, -1.000000000000000000 ) ) ;
#421 = VECTOR ( 'NONE', #2493, 1000.000000000000000 ) ;
#422 = VECTOR ( 'NONE', #1494, 1000.000000000000000 ) ;
#423 = EDGE_LOOP ( 'NONE', ( #2142, #2212, #1927, #2307, #3405, #1031, #1823, #3326, #2425, #3070 ) ) ;
#424 = LINE ( 'NONE', #2204, #1605 ) ;
#425 = ORIENTED_EDGE ( 'NONE', *, *, #220, .F. ) ;
#426 = ADVANCED_FACE ( 'NONE', ( #1167, #875 ), #3538, .T. ) ;
#427 = CARTESIAN_POINT ( 'NONE',  ( -32.74999999999998579, 6.349999999999999645, -25.04999999999997229 ) ) ;
#428 = CARTESIAN_POINT ( 'NONE',  ( 27.45000000000000284, -27.45767651737898518, 4.835076018827155764 ) ) ;
#429 = EDGE_CURVE ( 'NONE', #3048, #183, #2919, .T. ) ;
#430 = VERTEX_POINT ( 'NONE', #908 ) ;
#431 = ORIENTED_EDGE ( 'NONE', *, *, #3503, .T. ) ;
#432 = CARTESIAN_POINT ( 'NONE',  ( 25.55000000000000426, -29.25000000000000000, 22.50000000000153122 ) ) ;
#433 = AXIS2_PLACEMENT_3D ( 'NONE', #3028, #107, #128 ) ;
#434 = DIRECTION ( 'NONE',  ( 0.000000000000000000, -0.9190964121636461259, -0.3940327209102223449 ) ) ;
#435 = VECTOR ( 'NONE', #3784, 1000.000000000000000 ) ;
#436 = VECTOR ( 'NONE', #3362, 1000.000000000000000 ) ;
#437 = EDGE_LOOP ( 'NONE', ( #817, #387, #903, #1501, #855, #3147, #2610, #1019 ) ) ;
#438 = CARTESIAN_POINT ( 'NONE',  ( -4.950000000000338574, 6.349999999999999645, 3.524497572825494363 ) ) ;
#439 = PLANE ( 'NONE',  #3106 ) ;
#440 = DIRECTION ( 'NONE',  ( -0.000000000000000000, 1.000000000000000000, -0.000000000000000000 ) ) ;
#441 = ORIENTED_EDGE ( 'NONE', *, *, #3624, .F. ) ;
#442 = CARTESIAN_POINT ( 'NONE',  ( 27.45000000000000284, -26.95767651737898163, -1.037918005908522456 ) ) ;
#443 = DIRECTION ( 'NONE',  ( 0.000000000000000000, 0.000000000000000000, -1.000000000000000000 ) ) ;
#444 = DIRECTION ( 'NONE',  ( -0.000000000000000000, 1.000000000000000000, -0.000000000000000000 ) ) ;
#445 = VERTEX_POINT ( 'NONE', #891 ) ;
#446 = LINE ( 'NONE', #2025, #2896 ) ;
#447 = EDGE_LOOP ( 'NONE', ( #678, #2216, #3701, #219 ) ) ;
#448 = CARTESIAN_POINT ( 'NONE',  ( -1.110223024625156540E-13, -4.500338972710011376, -2.999999999999861888 ) ) ;
#449 = DIRECTION ( 'NONE',  ( 0.000000000000000000, 0.000000000000000000, -1.000000000000000000 ) ) ;
#450 = DIRECTION ( 'NONE',  ( 0.000000000000000000, 0.000000000000000000, 1.000000000000000000 ) ) ;
#451 = CIRCLE ( 'NONE', #1549, 3.000000000000000888 ) ;
#452 = ORIENTED_EDGE ( 'NONE', *, *, #2706, .T. ) ;
#453 = ORIENTED_EDGE ( 'NONE', *, *, #3584, .T. ) ;
#454 = DIRECTION ( 'NONE',  ( 1.000000000000000000, 0.000000000000000000, 0.000000000000000000 ) ) ;
#455 = CARTESIAN_POINT ( 'NONE',  ( 31.44999999999999929, -7.612199995687619847, -4.199999999998458300 ) ) ;
#456 = EDGE_CURVE ( 'NONE', #342, #2264, #1554, .T. ) ;
#457 = LINE ( 'NONE', #1371, #2529 ) ;
#458 = AXIS2_PLACEMENT_3D ( 'NONE', #312, #22, #3511 ) ;
#459 = ADVANCED_FACE ( 'NONE', ( #2936 ), #2048, .F. ) ;
#460 = VERTEX_POINT ( 'NONE', #2956 ) ;
#461 = ADVANCED_FACE ( 'NONE', ( #1796, #588 ), #3254, .T. ) ;
#462 = DIRECTION ( 'NONE',  ( 0.000000000000000000, 0.000000000000000000, 1.000000000000000000 ) ) ;
#463 = FACE_BOUND ( 'NONE', #3142, .T. ) ;
#464 = LINE ( 'NONE', #1113, #2545 ) ;
#465 = LINE ( 'NONE', #3314, #2045 ) ;
#466 = DIRECTION ( 'NONE',  ( -1.000000000000000000, -7.779833121590977705E-17, 6.162975822039154730E-33 ) ) ;
#467 = DIRECTION ( 'NONE',  ( 1.000000000000000000, 0.000000000000000000, 0.000000000000000000 ) ) ;
#468 = VECTOR ( 'NONE', #1541, 1000.000000000000000 ) ;
#469 = CARTESIAN_POINT ( 'NONE',  ( 31.44999999999999929, -51.92604593830444060, 7.100059492837046626 ) ) ;
#470 = ORIENTED_EDGE ( 'NONE', *, *, #1753, .F. ) ;
#471 = DIRECTION ( 'NONE',  ( 0.000000000000000000, 0.000000000000000000, 1.000000000000000000 ) ) ;
#472 = ORIENTED_EDGE ( 'NONE', *, *, #3564, .F. ) ;
#473 = CARTESIAN_POINT ( 'NONE',  ( 31.44999999999999929, -44.41604593830443548, -12.49999999999999112 ) ) ;
#474 = ADVANCED_FACE ( 'NONE', ( #628 ), #45, .F. ) ;
#475 = DIRECTION ( 'NONE',  ( 0.000000000000000000, 0.000000000000000000, 1.000000000000000000 ) ) ;
#476 = EDGE_LOOP ( 'NONE', ( #1165, #2291 ) ) ;
#477 = ORIENTED_EDGE ( 'NONE', *, *, #2950, .T. ) ;
#478 = VECTOR ( 'NONE', #2780, 1000.000000000000000 ) ;
#479 = DIRECTION ( 'NONE',  ( 0.000000000000000000, -1.000000000000000000, 0.000000000000000000 ) ) ;
#480 = CARTESIAN_POINT ( 'NONE',  ( -4.949497572825296565, 0.000000000000000000, -4.949999999999799449 ) ) ;
#481 = VECTOR ( 'NONE', #3214, 1000.000000000000000 ) ;
#482 = ORIENTED_EDGE ( 'NONE', *, *, #571, .F. ) ;
#483 = DIRECTION ( 'NONE',  ( -0.000000000000000000, 1.000000000000000000, -0.000000000000000000 ) ) ;
#484 = EDGE_CURVE ( 'NONE', #2736, #1317, #1870, .T. ) ;
#485 = LINE ( 'NONE', #559, #972 ) ;
#486 = VECTOR ( 'NONE', #3079, 1000.000000000000000 ) ;
#487 = DIRECTION ( 'NONE',  ( 0.000000000000000000, 1.000000000000000000, 0.000000000000000000 ) ) ;
#488 = LINE ( 'NONE', #2552, #2077 ) ;
#489 = ORIENTED_EDGE ( 'NONE', *, *, #1138, .T. ) ;
#490 = CARTESIAN_POINT ( 'NONE',  ( -32.95003483321599447, -51.92604593830444060, 12.50000000000001066 ) ) ;
#491 = VERTEX_POINT ( 'NONE', #2790 ) ;
#492 = DIRECTION ( 'NONE',  ( 0.000000000000000000, 0.000000000000000000, 1.000000000000000000 ) ) ;
#493 = VECTOR ( 'NONE', #975, 1000.000000000000000 ) ;
#494 = ORIENTED_EDGE ( 'NONE', *, *, #3609, .F. ) ;
#495 = FACE_BOUND ( 'NONE', #1684, .T. ) ;
#496 = AXIS2_PLACEMENT_3D ( 'NONE', #189, #1963, #3732 ) ;
#497 = ORIENTED_EDGE ( 'NONE', *, *, #2548, .T. ) ;
#498 = ORIENTED_EDGE ( 'NONE', *, *, #2259, .T. ) ;
#499 = FACE_BOUND ( 'NONE', #1231, .T. ) ;
#500 = DIRECTION ( 'NONE',  ( 0.000000000000000000, 1.000000000000000000, 0.000000000000000000 ) ) ;
#501 = DIRECTION ( 'NONE',  ( 0.000000000000000000, -1.000000000000000000, 0.000000000000000000 ) ) ;
#502 = EDGE_LOOP ( 'NONE', ( #773, #1036 ) ) ;
#503 = CARTESIAN_POINT ( 'NONE',  ( 27.45000000000000284, -26.95767651737898163, 4.835076018827155764 ) ) ;
#504 = CARTESIAN_POINT ( 'NONE',  ( -31.99999999999997868, 0.000000000000000000, 27.30000000000000071 ) ) ;
#505 = AXIS2_PLACEMENT_3D ( 'NONE', #2295, #2877, #2215 ) ;
#506 = FACE_OUTER_BOUND ( 'NONE', #2515, .T. ) ;
#507 = FACE_BOUND ( 'NONE', #887, .T. ) ;
#508 = DIRECTION ( 'NONE',  ( -0.000000000000000000, 1.000000000000000000, -0.000000000000000000 ) ) ;
#509 = ADVANCED_FACE ( 'NONE', ( #1622 ), #1016, .T. ) ;
#510 = DIRECTION ( 'NONE',  ( 1.000000000000000000, 0.000000000000000000, 0.000000000000000000 ) ) ;
#511 = LINE ( 'NONE', #1737, #1858 ) ;
#512 = EDGE_CURVE ( 'NONE', #1539, #1573, #1931, .T. ) ;
#513 = ORIENTED_EDGE ( 'NONE', *, *, #3609, .T. ) ;
#514 = EDGE_CURVE ( 'NONE', #3167, #653, #711, .T. ) ;
#515 = DIRECTION ( 'NONE',  ( -1.000000000000000000, -7.779833121590977705E-17, 6.162975822039154730E-33 ) ) ;
#516 = VECTOR ( 'NONE', #1223, 1000.000000000000000 ) ;
#517 = VERTEX_POINT ( 'NONE', #2712 ) ;
#518 = ORIENTED_EDGE ( 'NONE', *, *, #1111, .T. ) ;
#519 = CARTESIAN_POINT ( 'NONE',  ( 30.95000000000000639, -26.95767651737898163, -1.537918005908522900 ) ) ;
#520 = DIRECTION ( 'NONE',  ( -0.000000000000000000, 1.000000000000000000, 1.299418334065024133E-16 ) ) ;
#521 = VERTEX_POINT ( 'NONE', #995 ) ;
#522 = FACE_BOUND ( 'NONE', #3045, .T. ) ;
#523 = DIRECTION ( 'NONE',  ( 0.000000000000000000, 0.000000000000000000, -1.000000000000000000 ) ) ;
#524 = EDGE_CURVE ( 'NONE', #3660, #263, #121, .T. ) ;
#525 = DIRECTION ( 'NONE',  ( 0.000000000000000000, -1.000000000000000000, 0.000000000000000000 ) ) ;
#526 = DIRECTION ( 'NONE',  ( 0.000000000000000000, 0.000000000000000000, -1.000000000000000000 ) ) ;
#527 = CARTESIAN_POINT ( 'NONE',  ( -4.949497572825296565, -29.25000000000000000, -4.949999999999799449 ) ) ;
#528 = EDGE_CURVE ( 'NONE', #491, #3208, #886, .T. ) ;
#529 = FACE_OUTER_BOUND ( 'NONE', #3020, .T. ) ;
#530 = VERTEX_POINT ( 'NONE', #1913 ) ;
#531 = CARTESIAN_POINT ( 'NONE',  ( 27.44999999999999929, -9.500338972710009600, -24.55000000000000071 ) ) ;
#532 = ADVANCED_FACE ( 'NONE', ( #944, #2168 ), #1580, .T. ) ;
#533 = ADVANCED_FACE ( 'NONE', ( #79 ), #2461, .F. ) ;
#534 = AXIS2_PLACEMENT_3D ( 'NONE', #80, #2608, #3769 ) ;
#535 = CARTESIAN_POINT ( 'NONE',  ( -9.350000000000024514, -4.500338972710007823, -7.199999999998458300 ) ) ;
#536 = VERTEX_POINT ( 'NONE', #448 ) ;
#537 = EDGE_LOOP ( 'NONE', ( #3322, #2463, #3486, #3432 ) ) ;
#538 = AXIS2_PLACEMENT_3D ( 'NONE', #1895, #3064, #1606 ) ;
#539 = DIRECTION ( 'NONE',  ( -1.000000000000000000, -0.000000000000000000, -0.000000000000000000 ) ) ;
#540 = DIRECTION ( 'NONE',  ( 0.000000000000000000, 0.000000000000000000, -1.000000000000000000 ) ) ;
#541 = CIRCLE ( 'NONE', #410, 0.9997466849082959905 ) ;
#542 = ORIENTED_EDGE ( 'NONE', *, *, #1183, .F. ) ;
#543 = CARTESIAN_POINT ( 'NONE',  ( 27.44999999999999929, -6.260289708239329620, -1.037918005908522456 ) ) ;
#544 = VECTOR ( 'NONE', #2914, 1000.000000000000114 ) ;
#545 = CARTESIAN_POINT ( 'NONE',  ( 4.949497572824959946, 6.349999999999999645, 3.525000000000527933 ) ) ;
#546 = LINE ( 'NONE', #2285, #3597 ) ;
#547 = CARTESIAN_POINT ( 'NONE',  ( 0.000000000000000000, 0.000000000000000000, -28.05000000000000071 ) ) ;
#548 = CYLINDRICAL_SURFACE ( 'NONE', #581, 3.000000000000000000 ) ;
#549 = ORIENTED_EDGE ( 'NONE', *, *, #3223, .T. ) ;
#550 = CARTESIAN_POINT ( 'NONE',  ( 31.44999999999999929, 6.349999999999999645, 25.05000000000001492 ) ) ;
#551 = EDGE_CURVE ( 'NONE', #554, #3553, #3585, .T. ) ;
#552 = EDGE_CURVE ( 'NONE', #3602, #1936, #2441, .T. ) ;
#553 = VERTEX_POINT ( 'NONE', #427 ) ;
#554 = VERTEX_POINT ( 'NONE', #2110 ) ;
#555 = CARTESIAN_POINT ( 'NONE',  ( 25.55000000000000071, -6.610000000000003872, 20.25000000000153477 ) ) ;
#556 = AXIS2_PLACEMENT_3D ( 'NONE', #3357, #1886, #1359 ) ;
#557 = ORIENTED_EDGE ( 'NONE', *, *, #2278, .T. ) ;
#558 = FACE_OUTER_BOUND ( 'NONE', #3052, .T. ) ;
#559 = CARTESIAN_POINT ( 'NONE',  ( 0.000000000000000000, -24.11214999999999975, -24.55000000000000071 ) ) ;
#560 = CARTESIAN_POINT ( 'NONE',  ( -13.35000000000002274, -16.85999999999956245, -12.49999999999865885 ) ) ;
#561 = ORIENTED_EDGE ( 'NONE', *, *, #2815, .T. ) ;
#562 = DIRECTION ( 'NONE',  ( 0.000000000000000000, 0.000000000000000000, -1.000000000000000000 ) ) ;
#563 = VECTOR ( 'NONE', #1874, 1000.000000000000000 ) ;
#564 = FACE_BOUND ( 'NONE', #1722, .T. ) ;
#565 = AXIS2_PLACEMENT_3D ( 'NONE', #2146, #2186, #3321 ) ;
#566 = ORIENTED_EDGE ( 'NONE', *, *, #1470, .T. ) ;
#567 = CARTESIAN_POINT ( 'NONE',  ( -31.99999999999997868, -21.89698046350459748, 0.000000000000000000 ) ) ;
#568 = ORIENTED_EDGE ( 'NONE', *, *, #2990, .T. ) ;
#569 = ORIENTED_EDGE ( 'NONE', *, *, #3544, .F. ) ;
#570 = LINE ( 'NONE', #29, #2786 ) ;
#571 = EDGE_CURVE ( 'NONE', #2707, #1378, #2603, .T. ) ;
#572 = VECTOR ( 'NONE', #3594, 1000.000000000000000 ) ;
#573 = DIRECTION ( 'NONE',  ( -1.000000000000000000, 0.000000000000000000, 0.000000000000000000 ) ) ;
#574 = DIRECTION ( 'NONE',  ( -1.000000000000000000, 0.000000000000000000, 0.000000000000000000 ) ) ;
#575 = EDGE_CURVE ( 'NONE', #1851, #1154, #1540, .T. ) ;
#576 = DIRECTION ( 'NONE',  ( 1.000000000000000000, 0.000000000000000000, 0.000000000000000000 ) ) ;
#577 = EDGE_CURVE ( 'NONE', #1201, #2108, #3023, .T. ) ;
#578 = DIRECTION ( 'NONE',  ( -1.000000000000000000, -7.779833121590977705E-17, 6.162975822039154730E-33 ) ) ;
#579 = ORIENTED_EDGE ( 'NONE', *, *, #1222, .T. ) ;
#580 = DIRECTION ( 'NONE',  ( 1.000000000000000000, 0.000000000000000000, 0.000000000000000000 ) ) ;
#581 = AXIS2_PLACEMENT_3D ( 'NONE', #214, #1442, #1952 ) ;
#582 = CARTESIAN_POINT ( 'NONE',  ( -1.108569751446307578E-13, 6.349999999999999645, -1.349999999999861311 ) ) ;
#583 = AXIS2_PLACEMENT_3D ( 'NONE', #658, #3287, #1248 ) ;
#584 = EDGE_LOOP ( 'NONE', ( #2799, #2322, #31, #3710 ) ) ;
#585 = CARTESIAN_POINT ( 'NONE',  ( 0.000000000000000000, -21.89698046350459748, 0.000000000000000000 ) ) ;
#586 = ORIENTED_EDGE ( 'NONE', *, *, #3333, .T. ) ;
#587 = ORIENTED_EDGE ( 'NONE', *, *, #3471, .T. ) ;
#588 = FACE_OUTER_BOUND ( 'NONE', #874, .T. ) ;
#589 = AXIS2_PLACEMENT_3D ( 'NONE', #2649, #3526, #3206 ) ;
#590 = STYLED_ITEM ( 'NONE', ( #905 ), #1611 ) ;
#591 = ORIENTED_EDGE ( 'NONE', *, *, #429, .T. ) ;
#592 = CARTESIAN_POINT ( 'NONE',  ( 30.95000000000000639, -27.45767651737898518, 4.835076018827155764 ) ) ;
#593 = LINE ( 'NONE', #631, #130 ) ;
#594 = DIRECTION ( 'NONE',  ( 1.000000000000000000, -0.000000000000000000, 0.000000000000000000 ) ) ;
#595 = ORIENTED_EDGE ( 'NONE', *, *, #1116, .F. ) ;
#596 = EDGE_CURVE ( 'NONE', #2850, #2449, #1268, .T. ) ;
#597 = DIRECTION ( 'NONE',  ( 0.000000000000000000, 0.000000000000000000, -1.000000000000000000 ) ) ;
#598 = AXIS2_PLACEMENT_3D ( 'NONE', #3319, #1866, #1299 ) ;
#599 = CARTESIAN_POINT ( 'NONE',  ( -4.950000000000338574, -4.500338972710011376, 4.949497572825494629 ) ) ;
#600 = ORIENTED_EDGE ( 'NONE', *, *, #902, .T. ) ;
#601 = CARTESIAN_POINT ( 'NONE',  ( 31.44999999999999929, 6.349999999999999645, 25.05000000000001492 ) ) ;
#602 = VECTOR ( 'NONE', #2042, 1000.000000000000000 ) ;
#603 = DIRECTION ( 'NONE',  ( -0.000000000000000000, 1.000000000000000000, -0.000000000000000000 ) ) ;
#604 = EDGE_CURVE ( 'NONE', #2147, #2931, #2767, .T. ) ;
#605 = ORIENTED_EDGE ( 'NONE', *, *, #2207, .F. ) ;
#606 = ORIENTED_EDGE ( 'NONE', *, *, #528, .T. ) ;
#607 = DIRECTION ( 'NONE',  ( 0.000000000000000000, -1.000000000000000000, 0.000000000000000000 ) ) ;
#608 = VECTOR ( 'NONE', #2301, 1000.000000000000000 ) ;
#609 = EDGE_LOOP ( 'NONE', ( #2645, #1834 ) ) ;
#610 = AXIS2_PLACEMENT_3D ( 'NONE', #619, #24, #363 ) ;
#611 = FACE_OUTER_BOUND ( 'NONE', #2733, .T. ) ;
#612 = FACE_OUTER_BOUND ( 'NONE', #372, .T. ) ;
#613 = FACE_OUTER_BOUND ( 'NONE', #3689, .T. ) ;
#614 = VECTOR ( 'NONE', #3373, 1000.000000000000000 ) ;
#615 = ORIENTED_EDGE ( 'NONE', *, *, #552, .T. ) ;
#616 = DIRECTION ( 'NONE',  ( -1.000000000000000000, 0.000000000000000000, 0.000000000000000000 ) ) ;
#617 = CARTESIAN_POINT ( 'NONE',  ( 4.949497572824959946, -29.25000000000000000, 4.950000000000527756 ) ) ;
#618 = VERTEX_POINT ( 'NONE', #2476 ) ;
#619 = CARTESIAN_POINT ( 'NONE',  ( -6.500000000000024869, -6.610000000000006537, -4.199999999998458300 ) ) ;
#620 = AXIS2_PLACEMENT_3D ( 'NONE', #2465, #3309, #3650 ) ;
#621 = EDGE_CURVE ( 'NONE', #2108, #2931, #692, .T. ) ;
#622 = LINE ( 'NONE', #1777, #1382 ) ;
#623 = EDGE_CURVE ( 'NONE', #864, #3660, #457, .T. ) ;
#624 = AXIS2_PLACEMENT_3D ( 'NONE', #3440, #1150, #3488 ) ;
#625 = ORIENTED_EDGE ( 'NONE', *, *, #918, .F. ) ;
#626 = EDGE_CURVE ( 'NONE', #2073, #246, #2195, .T. ) ;
#627 = EDGE_LOOP ( 'NONE', ( #1688, #3089, #1266, #3252, #40, #1533, #3409, #1081, #1644, #3653, #3760, #1180 ) ) ;
#628 = FACE_OUTER_BOUND ( 'NONE', #1255, .T. ) ;
#629 = EDGE_LOOP ( 'NONE', ( #2172, #699, #1, #2692, #3492, #837 ) ) ;
#630 = DIRECTION ( 'NONE',  ( 0.000000000000000000, 0.7071067811865465735, -0.7071067811865484609 ) ) ;
#631 = CARTESIAN_POINT ( 'NONE',  ( -9.350000000000024514, -9.500338972710009600, -22.85972004506499999 ) ) ;
#632 = ORIENTED_EDGE ( 'NONE', *, *, #226, .F. ) ;
#633 = ADVANCED_FACE ( 'NONE', ( #3371, #740, #186, #2822 ), #2237, .T. ) ;
#634 = CARTESIAN_POINT ( 'NONE',  ( 0.000000000000000000, -24.11213394580208913, -24.54999999999997939 ) ) ;
#635 = CARTESIAN_POINT ( 'NONE',  ( 0.000000000000000000, 0.000000000000000000, 0.000000000000000000 ) ) ;
#636 = ORIENTED_EDGE ( 'NONE', *, *, #149, .T. ) ;
#637 = CARTESIAN_POINT ( 'NONE',  ( -13.35000000000002274, -27.11000000000001009, 16.50000000000153833 ) ) ;
#638 = ADVANCED_FACE ( 'NONE', ( #3608 ), #129, .T. ) ;
#639 = AXIS2_PLACEMENT_3D ( 'NONE', #2182, #3717, #814 ) ;
#640 = VERTEX_POINT ( 'NONE', #2099 ) ;
#641 = ADVANCED_FACE ( 'NONE', ( #2995 ), #2698, .F. ) ;
#642 = ADVANCED_FACE ( 'NONE', ( #1254 ), #681, .F. ) ;
#643 = CARTESIAN_POINT ( 'NONE',  ( 27.44999999999999929, -6.260289708239329620, 4.335076018827155764 ) ) ;
#644 = ORIENTED_EDGE ( 'NONE', *, *, #3358, .T. ) ;
#645 = VERTEX_POINT ( 'NONE', #1225 ) ;
#646 = CARTESIAN_POINT ( 'NONE',  ( -13.35000000000002274, -24.11213394580208913, 24.55000000000000071 ) ) ;
#647 = VECTOR ( 'NONE', #1296, 1000.000000000000000 ) ;
#648 = ORIENTED_EDGE ( 'NONE', *, *, #2662, .F. ) ;
#649 = DIRECTION ( 'NONE',  ( -1.000000000000000000, 0.000000000000000000, -0.000000000000000000 ) ) ;
#650 = FACE_OUTER_BOUND ( 'NONE', #3109, .T. ) ;
#651 = ADVANCED_FACE ( 'NONE', ( #868 ), #1497, .F. ) ;
#652 = AXIS2_PLACEMENT_3D ( 'NONE', #1393, #1997, #1710 ) ;
#653 = VERTEX_POINT ( 'NONE', #3634 ) ;
#654 = CARTESIAN_POINT ( 'NONE',  ( 31.44999999999999929, -6.610000000000003872, -4.199999999998458300 ) ) ;
#655 = VECTOR ( 'NONE', #1681, 1000.000000000000000 ) ;
#656 = ORIENTED_EDGE ( 'NONE', *, *, #276, .F. ) ;
#657 = ORIENTED_EDGE ( 'NONE', *, *, #3628, .T. ) ;
#658 = CARTESIAN_POINT ( 'NONE',  ( -29.39999999999999503, 0.000000000000000000, -27.30000000000000426 ) ) ;
#659 = ADVANCED_FACE ( 'NONE', ( #1635 ), #2488, .F. ) ;
#660 = CIRCLE ( 'NONE', #1821, 0.9997466849082959905 ) ;
#661 = VERTEX_POINT ( 'NONE', #3615 ) ;
#662 = EDGE_CURVE ( 'NONE', #2523, #1627, #1923, .T. ) ;
#663 = FACE_BOUND ( 'NONE', #8, .T. ) ;
#664 = AXIS2_PLACEMENT_3D ( 'NONE', #2596, #3718, #562 ) ;
#665 = ORIENTED_EDGE ( 'NONE', *, *, #830, .F. ) ;
#666 = DIRECTION ( 'NONE',  ( 1.000000000000000000, 0.000000000000000000, -0.000000000000000000 ) ) ;
#667 = VECTOR ( 'NONE', #718, 1000.000000000000000 ) ;
#668 = DIRECTION ( 'NONE',  ( 1.000000000000000000, 0.000000000000000000, -0.000000000000000000 ) ) ;
#669 = ORIENTED_EDGE ( 'NONE', *, *, #1418, .F. ) ;
#670 = CARTESIAN_POINT ( 'NONE',  ( -29.39999999999999503, 0.000000000000000000, -27.30000000000000426 ) ) ;
#671 = EDGE_LOOP ( 'NONE', ( #3271, #998 ) ) ;
#672 = DIRECTION ( 'NONE',  ( -0.000000000000000000, 1.000000000000000000, -0.000000000000000000 ) ) ;
#673 = ORIENTED_EDGE ( 'NONE', *, *, #524, .T. ) ;
#674 = CARTESIAN_POINT ( 'NONE',  ( -32.95003483321599447, -39.25000000000000000, 24.55000000000000071 ) ) ;
#675 = AXIS2_PLACEMENT_3D ( 'NONE', #1351, #520, #3130 ) ;
#676 = CARTESIAN_POINT ( 'NONE',  ( -28.64999999999999503, -38.41145406905854287, -28.05000000000000071 ) ) ;
#677 = VERTEX_POINT ( 'NONE', #2141 ) ;
#678 = ORIENTED_EDGE ( 'NONE', *, *, #1006, .T. ) ;
#679 = DIRECTION ( 'NONE',  ( 1.000000000000000000, 0.000000000000000000, 0.000000000000000000 ) ) ;
#680 = EDGE_CURVE ( 'NONE', #3102, #974, #465, .T. ) ;
#681 = CYLINDRICAL_SURFACE ( 'NONE', #3392, 3.000000000000001332 ) ;
#682 = VERTEX_POINT ( 'NONE', #952 ) ;
#683 = EDGE_CURVE ( 'NONE', #2957, #640, #3296, .T. ) ;
#684 = LINE ( 'NONE', #415, #3730 ) ;
#685 = DIRECTION ( 'NONE',  ( 0.000000000000000000, -1.000000000000000000, 0.000000000000000000 ) ) ;
#686 = DIRECTION ( 'NONE',  ( 0.000000000000000000, 0.000000000000000000, -1.000000000000000000 ) ) ;
#687 = EDGE_LOOP ( 'NONE', ( #3496, #805, #1609, #2992 ) ) ;
#688 = CARTESIAN_POINT ( 'NONE',  ( 0.000000000000000000, -24.11499999999999844, 24.55000000000000071 ) ) ;
#689 = ORIENTED_EDGE ( 'NONE', *, *, #1607, .F. ) ;
#690 = DIRECTION ( 'NONE',  ( -0.000000000000000000, -0.000000000000000000, -1.000000000000000000 ) ) ;
#691 = ORIENTED_EDGE ( 'NONE', *, *, #2662, .T. ) ;
#692 = LINE ( 'NONE', #3041, #2910 ) ;
#693 = DIRECTION ( 'NONE',  ( 0.000000000000000000, 0.000000000000000000, -1.000000000000000000 ) ) ;
#694 = EDGE_CURVE ( 'NONE', #1409, #2086, #3075, .T. ) ;
#695 = VERTEX_POINT ( 'NONE', #3017 ) ;
#696 = AXIS2_PLACEMENT_3D ( 'NONE', #828, #2632, #1734 ) ;
#697 = VERTEX_POINT ( 'NONE', #3051 ) ;
#698 = CARTESIAN_POINT ( 'NONE',  ( -9.350000000000024514, -16.85999999999956245, -12.49999999999865885 ) ) ;
#699 = ORIENTED_EDGE ( 'NONE', *, *, #1240, .T. ) ;
#700 = DIRECTION ( 'NONE',  ( 1.000000000000000000, 9.745637505487682231E-17, 0.000000000000000000 ) ) ;
#701 = DIRECTION ( 'NONE',  ( -0.000000000000000000, 1.000000000000000000, -0.000000000000000000 ) ) ;
#702 = DIRECTION ( 'NONE',  ( 0.000000000000000000, -1.000000000000000000, 0.000000000000000000 ) ) ;
#703 = EDGE_CURVE ( 'NONE', #653, #445, #2713, .T. ) ;
#704 = CIRCLE ( 'NONE', #2550, 1.002199995687616196 ) ;
#705 = EDGE_LOOP ( 'NONE', ( #689, #3662, #1331, #3583 ) ) ;
#706 = DIRECTION ( 'NONE',  ( 1.000000000000000000, 9.745637505487680998E-17, -0.000000000000000000 ) ) ;
#707 = DIRECTION ( 'NONE',  ( -1.000000000000000000, -7.779833121590977705E-17, 6.162975822039154730E-33 ) ) ;
#708 = ORIENTED_EDGE ( 'NONE', *, *, #3184, .F. ) ;
#709 = CARTESIAN_POINT ( 'NONE',  ( 0.000000000000000000, -37.61792319645750382, -28.05000000000000071 ) ) ;
#710 = ORIENTED_EDGE ( 'NONE', *, *, #1551, .T. ) ;
#711 = LINE ( 'NONE', #1893, #392 ) ;
#712 = DIRECTION ( 'NONE',  ( -0.000000000000000000, 1.000000000000000000, -0.000000000000000000 ) ) ;
#713 = DIRECTION ( 'NONE',  ( -1.000000000000000000, 0.000000000000000000, 0.000000000000000000 ) ) ;
#714 = ORIENTED_EDGE ( 'NONE', *, *, #2024, .F. ) ;
#715 = EDGE_LOOP ( 'NONE', ( #3115, #2334, #579, #3410 ) ) ;
#716 = LINE ( 'NONE', #967, #867 ) ;
#717 = ORIENTED_EDGE ( 'NONE', *, *, #2445, .T. ) ;
#718 = DIRECTION ( 'NONE',  ( 1.000000000000000000, 9.745637505487683463E-17, -0.000000000000000000 ) ) ;
#719 = PLANE ( 'NONE',  #2010 ) ;
#720 = CIRCLE ( 'NONE', #1400, 1.002293481871901371 ) ;
#721 = CARTESIAN_POINT ( 'NONE',  ( 0.000000000000000000, 0.000000000000000000, -24.55000000000000071 ) ) ;
#722 = CARTESIAN_POINT ( 'NONE',  ( -29.39999999999999503, -21.89698046350459748, -24.55000000000000071 ) ) ;
#723 = ORIENTED_EDGE ( 'NONE', *, *, #940, .F. ) ;
#724 = CARTESIAN_POINT ( 'NONE',  ( 4.949497572824959946, 0.000000000000000000, 3.525000000000527933 ) ) ;
#725 = AXIS2_PLACEMENT_3D ( 'NONE', #2023, #1077, #3193 ) ;
#726 = LINE ( 'NONE', #1907, #486 ) ;
#727 = VERTEX_POINT ( 'NONE', #2806 ) ;
#728 = CARTESIAN_POINT ( 'NONE',  ( -6.500000000000024869, -27.11000000000001009, 16.50000000000153833 ) ) ;
#729 = DIRECTION ( 'NONE',  ( 1.000000000000000000, 0.000000000000000000, 0.000000000000000000 ) ) ;
#730 = DIRECTION ( 'NONE',  ( -1.000000000000000000, -0.000000000000000000, -0.000000000000000000 ) ) ;
#731 = EDGE_CURVE ( 'NONE', #1807, #2421, #1922, .T. ) ;
#732 = EDGE_CURVE ( 'NONE', #3570, #2893, #1571, .T. ) ;
#733 = DIRECTION ( 'NONE',  ( 0.000000000000000000, 0.000000000000000000, 1.000000000000000000 ) ) ;
#734 = EDGE_CURVE ( 'NONE', #3320, #2570, #3563, .T. ) ;
#735 = ORIENTED_EDGE ( 'NONE', *, *, #1602, .F. ) ;
#736 = ORIENTED_EDGE ( 'NONE', *, *, #2351, .F. ) ;
#737 = CARTESIAN_POINT ( 'NONE',  ( 30.95000000000000284, -6.760289708239329620, 4.835076018827155764 ) ) ;
#738 = DIRECTION ( 'NONE',  ( -1.000000000000000000, -7.779833121590977705E-17, 6.162975822039154730E-33 ) ) ;
#739 = AXIS2_PLACEMENT_3D ( 'NONE', #698, #2753, #164 ) ;
#740 = FACE_BOUND ( 'NONE', #1453, .T. ) ;
#741 = CIRCLE ( 'NONE', #3554, 0.9995327267658220549 ) ;
#742 = ORIENTED_EDGE ( 'NONE', *, *, #3065, .F. ) ;
#743 = LINE ( 'NONE', #2218, #1592 ) ;
#744 = FACE_OUTER_BOUND ( 'NONE', #1192, .T. ) ;
#745 = DIRECTION ( 'NONE',  ( 1.000000000000000000, 0.000000000000000000, 0.000000000000000000 ) ) ;
#746 = VERTEX_POINT ( 'NONE', #722 ) ;
#747 = CARTESIAN_POINT ( 'NONE',  ( 25.55000000000000426, -27.11000000000000654, 20.25000000000153477 ) ) ;
#748 = CIRCLE ( 'NONE', #2771, 0.9000000000014556356 ) ;
#749 = CARTESIAN_POINT ( 'NONE',  ( 4.950000000000001066, -4.500338972710011376, -1.949497572824771208 ) ) ;
#750 = VERTEX_POINT ( 'NONE', #1882 ) ;
#751 = DIRECTION ( 'NONE',  ( 0.000000000000000000, 0.000000000000000000, -1.000000000000000000 ) ) ;
#752 = VECTOR ( 'NONE', #2452, 1000.000000000000000 ) ;
#753 = EDGE_LOOP ( 'NONE', ( #1511, #1779, #2531, #3346 ) ) ;
#754 = CARTESIAN_POINT ( 'NONE',  ( -29.39999999999999503, 0.000000000000000000, 27.30000000000000071 ) ) ;
#755 = EDGE_CURVE ( 'NONE', #2460, #1238, #418, .T. ) ;
#756 = ORIENTED_EDGE ( 'NONE', *, *, #3139, .F. ) ;
#757 = ORIENTED_EDGE ( 'NONE', *, *, #2969, .F. ) ;
#758 = LINE ( 'NONE', #2482, #3685 ) ;
#759 = CARTESIAN_POINT ( 'NONE',  ( -4.950000000000338574, -4.500338972710011376, 4.949497572825494629 ) ) ;
#760 = AXIS2_PLACEMENT_3D ( 'NONE', #1216, #2384, #1326 ) ;
#761 = VERTEX_POINT ( 'NONE', #1615 ) ;
#762 = PLANE ( 'NONE',  #898 ) ;
#763 = CARTESIAN_POINT ( 'NONE',  ( 31.44999999999999929, -28.11229348187190524, 20.25000000000153477 ) ) ;
#764 = DIRECTION ( 'NONE',  ( 0.000000000000000000, 0.000000000000000000, 1.000000000000000000 ) ) ;
#765 = VERTEX_POINT ( 'NONE', #2828 ) ;
#766 = VECTOR ( 'NONE', #3419, 1000.000000000000000 ) ;
#767 = CARTESIAN_POINT ( 'NONE',  ( 4.950000000000001066, 6.349999999999999645, -6.374497572824771474 ) ) ;
#768 = VECTOR ( 'NONE', #2600, 1000.000000000000000 ) ;
#769 = DIRECTION ( 'NONE',  ( 0.000000000000000000, -1.000000000000000000, 0.000000000000000000 ) ) ;
#770 = EDGE_CURVE ( 'NONE', #2016, #2684, #1692, .T. ) ;
#771 = ORIENTED_EDGE ( 'NONE', *, *, #2021, .F. ) ;
#772 = CARTESIAN_POINT ( 'NONE',  ( -31.99999999999997868, 0.000000000000000000, -27.30000000000000426 ) ) ;
#773 = ORIENTED_EDGE ( 'NONE', *, *, #2701, .T. ) ;
#774 = DIRECTION ( 'NONE',  ( 1.000000000000000000, 0.000000000000000000, 0.000000000000000000 ) ) ;
#775 = CARTESIAN_POINT ( 'NONE',  ( -6.500000000000024869, -6.610000000000006537, -4.199999999998458300 ) ) ;
#776 = ORIENTED_EDGE ( 'NONE', *, *, #2283, .F. ) ;
#777 = ORIENTED_EDGE ( 'NONE', *, *, #1795, .F. ) ;
#778 = AXIS2_PLACEMENT_3D ( 'NONE', #1304, #730, #1581 ) ;
#779 = DIRECTION ( 'NONE',  ( 0.000000000000000000, 0.000000000000000000, 1.000000000000000000 ) ) ;
#780 = CARTESIAN_POINT ( 'NONE',  ( 27.45000000000000284, -51.92604593830444060, 7.100059492837046626 ) ) ;
#781 = CARTESIAN_POINT ( 'NONE',  ( 0.000000000000000000, -4.500338972710011376, 0.000000000000000000 ) ) ;
#782 = ADVANCED_FACE ( 'NONE', ( #233 ), #1074, .T. ) ;
#783 = ORIENTED_EDGE ( 'NONE', *, *, #3261, .T. ) ;
#784 = CARTESIAN_POINT ( 'NONE',  ( -4.949497572825296565, -29.25000000000000000, -4.949999999999799449 ) ) ;
#785 = PLANE ( 'NONE',  #624 ) ;
#786 = EDGE_CURVE ( 'NONE', #285, #2313, #3673, .T. ) ;
#787 = AXIS2_PLACEMENT_3D ( 'NONE', #957, #3036, #1555 ) ;
#788 = LINE ( 'NONE', #2827, #766 ) ;
#789 = EDGE_CURVE ( 'NONE', #2957, #795, #1946, .T. ) ;
#790 = DIRECTION ( 'NONE',  ( 1.000000000000000000, -0.000000000000000000, -0.000000000000000000 ) ) ;
#791 = EDGE_CURVE ( 'NONE', #161, #682, #793, .T. ) ;
#792 = CARTESIAN_POINT ( 'NONE',  ( 25.55000000000000071, -4.500338972710011376, -6.449999999999987743 ) ) ;
#793 = CIRCLE ( 'NONE', #2571, 7.099999999999999645 ) ;
#794 = PLANE ( 'NONE',  #1270 ) ;
#795 = VERTEX_POINT ( 'NONE', #211 ) ;
#796 = FACE_BOUND ( 'NONE', #145, .T. ) ;
#797 = VECTOR ( 'NONE', #3251, 1000.000000000000000 ) ;
#798 = EDGE_LOOP ( 'NONE', ( #2272, #1307, #1177, #2935 ) ) ;
#799 = CYLINDRICAL_SURFACE ( 'NONE', #1815, 0.9000000000019027224 ) ;
#800 = VECTOR ( 'NONE', #151, 1000.000000000000000 ) ;
#801 = DIRECTION ( 'NONE',  ( -0.000000000000000000, 1.000000000000000000, -0.000000000000000000 ) ) ;
#802 = ORIENTED_EDGE ( 'NONE', *, *, #1006, .F. ) ;
#803 = DIRECTION ( 'NONE',  ( -1.000000000000000000, 0.000000000000000000, 0.000000000000000000 ) ) ;
#804 = CARTESIAN_POINT ( 'NONE',  ( 31.44999999999999929, -51.92604593830444060, -12.49999999999999112 ) ) ;
#805 = ORIENTED_EDGE ( 'NONE', *, *, #1528, .T. ) ;
#806 = FACE_BOUND ( 'NONE', #671, .T. ) ;
#807 = EDGE_CURVE ( 'NONE', #306, #2498, #488, .T. ) ;
#808 = CARTESIAN_POINT ( 'NONE',  ( 25.55000000000000071, -5.607800004312387898, -4.199999999998458300 ) ) ;
#809 = LINE ( 'NONE', #3095, #1503 ) ;
#810 = AXIS2_PLACEMENT_3D ( 'NONE', #3453, #3417, #523 ) ;
#811 = DIRECTION ( 'NONE',  ( 0.000000000000000000, -1.000000000000000000, 0.000000000000000000 ) ) ;
#812 = ADVANCED_FACE ( 'NONE', ( #3736 ), #1047, .F. ) ;
#813 = EDGE_CURVE ( 'NONE', #3030, #1148, #2594, .T. ) ;
#814 = DIRECTION ( 'NONE',  ( 0.000000000000000000, 0.000000000000000000, 1.000000000000000000 ) ) ;
#815 = FACE_OUTER_BOUND ( 'NONE', #2710, .T. ) ;
#816 = LINE ( 'NONE', #3143, #2704 ) ;
#817 = ORIENTED_EDGE ( 'NONE', *, *, #2095, .F. ) ;
#818 = DIRECTION ( 'NONE',  ( 0.000000000000000000, -1.000000000000000000, 0.000000000000000000 ) ) ;
#819 = VERTEX_POINT ( 'NONE', #2511 ) ;
#820 = ORIENTED_EDGE ( 'NONE', *, *, #2440, .T. ) ;
#821 = CARTESIAN_POINT ( 'NONE',  ( -6.500000000000024869, -4.500338972710007823, -7.199999999998458300 ) ) ;
#822 = CARTESIAN_POINT ( 'NONE',  ( -29.39999999999999503, 0.000000000000000000, -27.30000000000000426 ) ) ;
#823 = ORIENTED_EDGE ( 'NONE', *, *, #1184, .F. ) ;
#824 = DIRECTION ( 'NONE',  ( -1.000000000000000000, 0.000000000000000000, 0.000000000000000000 ) ) ;
#825 = FACE_OUTER_BOUND ( 'NONE', #629, .T. ) ;
#826 = DIRECTION ( 'NONE',  ( 0.000000000000000000, 0.000000000000000000, 1.000000000000000000 ) ) ;
#827 = DIRECTION ( 'NONE',  ( 0.000000000000000000, -0.000000000000000000, -1.000000000000000000 ) ) ;
#828 = CARTESIAN_POINT ( 'NONE',  ( 30.95000000000000284, -29.25000000000000000, -60.32163680906983672 ) ) ;
#829 = DIRECTION ( 'NONE',  ( 6.806842309370794645E-16, -1.000000000000000000, 0.000000000000000000 ) ) ;
#830 = EDGE_CURVE ( 'NONE', #1339, #2605, #256, .T. ) ;
#831 = DIRECTION ( 'NONE',  ( 0.000000000000000000, -1.000000000000000000, 0.000000000000000000 ) ) ;
#832 = ORIENTED_EDGE ( 'NONE', *, *, #3359, .F. ) ;
#833 = CARTESIAN_POINT ( 'NONE',  ( -6.500000000000024869, -6.610000000000006537, -4.199999999998458300 ) ) ;
#834 = AXIS2_PLACEMENT_3D ( 'NONE', #3085, #713, #450 ) ;
#835 = LINE ( 'NONE', #1426, #768 ) ;
#836 = EDGE_LOOP ( 'NONE', ( #1631, #2027, #1680, #873 ) ) ;
#837 = ORIENTED_EDGE ( 'NONE', *, *, #1416, .F. ) ;
#838 = DIRECTION ( 'NONE',  ( -1.000000000000000000, -0.000000000000000000, -0.000000000000000000 ) ) ;
#839 = VECTOR ( 'NONE', #2647, 1000.000000000000000 ) ;
#840 = VERTEX_POINT ( 'NONE', #3441 ) ;
#841 = CIRCLE ( 'NONE', #1510, 0.9000000000019027224 ) ;
#842 = FACE_OUTER_BOUND ( 'NONE', #1330, .T. ) ;
#843 = DIRECTION ( 'NONE',  ( 0.000000000000000000, 0.000000000000000000, -1.000000000000000000 ) ) ;
#844 = CIRCLE ( 'NONE', #1704, 0.9000000000019027224 ) ;
#845 = DIRECTION ( 'NONE',  ( -0.000000000000000000, -0.7071067811865459074, -0.7071067811865491270 ) ) ;
#846 = DIRECTION ( 'NONE',  ( 0.000000000000000000, -0.7071067811865491270, 0.7071067811865459074 ) ) ;
#847 = DIRECTION ( 'NONE',  ( 0.000000000000000000, 0.000000000000000000, -1.000000000000000000 ) ) ;
#848 = AXIS2_PLACEMENT_3D ( 'NONE', #2819, #2857, #2586 ) ;
#849 = DIRECTION ( 'NONE',  ( 7.779833121590977705E-17, -1.000000000000000000, 0.000000000000000000 ) ) ;
#850 = ORIENTED_EDGE ( 'NONE', *, *, #1470, .F. ) ;
#851 = PLANE ( 'NONE',  #1018 ) ;
#852 = EDGE_CURVE ( 'NONE', #2249, #2653, #1376, .T. ) ;
#853 = VERTEX_POINT ( 'NONE', #1093 ) ;
#854 = ADVANCED_FACE ( 'NONE', ( #193 ), #2530, .T. ) ;
#855 = ORIENTED_EDGE ( 'NONE', *, *, #2905, .F. ) ;
#856 = DIRECTION ( 'NONE',  ( 0.000000000000000000, -1.000000000000000000, -1.299418334065024133E-16 ) ) ;
#857 = EDGE_CURVE ( 'NONE', #3234, #203, #1732, .T. ) ;
#858 = VECTOR ( 'NONE', #3658, 1000.000000000000000 ) ;
#859 = ORIENTED_EDGE ( 'NONE', *, *, #3524, .F. ) ;
#860 = DIRECTION ( 'NONE',  ( 1.000000000000000000, 0.000000000000000000, -0.000000000000000000 ) ) ;
#861 = DIRECTION ( 'NONE',  ( 0.000000000000000000, -1.000000000000000000, 0.000000000000000000 ) ) ;
#862 = LINE ( 'NONE', #1456, #3338 ) ;
#863 = DIRECTION ( 'NONE',  ( 1.000000000000000000, -0.000000000000000000, -0.000000000000000000 ) ) ;
#864 = VERTEX_POINT ( 'NONE', #3473 ) ;
#865 = DIRECTION ( 'NONE',  ( -1.000000000000000000, 0.000000000000000000, 0.000000000000000000 ) ) ;
#866 = CARTESIAN_POINT ( 'NONE',  ( -1.106549084227714486E-13, 8.485281374238571317, 3.000000000000139444 ) ) ;
#867 = VECTOR ( 'NONE', #1565, 1000.000000000000000 ) ;
#868 = FACE_OUTER_BOUND ( 'NONE', #2136, .T. ) ;
#869 = AXIS2_PLACEMENT_3D ( 'NONE', #1995, #3165, #3112 ) ;
#870 = ORIENTED_EDGE ( 'NONE', *, *, #1256, .F. ) ;
#871 = CARTESIAN_POINT ( 'NONE',  ( 0.000000000000000000, -24.11213394580208913, -24.55000000000000071 ) ) ;
#872 = DIRECTION ( 'NONE',  ( 0.000000000000000000, 0.000000000000000000, 1.000000000000000000 ) ) ;
#873 = ORIENTED_EDGE ( 'NONE', *, *, #2591, .F. ) ;
#874 = EDGE_LOOP ( 'NONE', ( #1166, #1234 ) ) ;
#875 = FACE_BOUND ( 'NONE', #2176, .T. ) ;
#876 = ADVANCED_FACE ( 'NONE', ( #506 ), #2609, .F. ) ;
#877 = VECTOR ( 'NONE', #1939, 1000.000000000000000 ) ;
#878 = LINE ( 'NONE', #2442, #227 ) ;
#879 = CYLINDRICAL_SURFACE ( 'NONE', #1978, 7.099999999999999645 ) ;
#880 = FACE_OUTER_BOUND ( 'NONE', #21, .T. ) ;
#881 = VERTEX_POINT ( 'NONE', #1751 ) ;
#882 = CARTESIAN_POINT ( 'NONE',  ( -30.94999999999999929, 0.000000000000000000, 24.55000000000000071 ) ) ;
#883 = VECTOR ( 'NONE', #1226, 1000.000000000000114 ) ;
#884 = CARTESIAN_POINT ( 'NONE',  ( 4.950000000000001066, -4.500338972710011376, -7.949497572824773428 ) ) ;
#885 = CYLINDRICAL_SURFACE ( 'NONE', #1092, 1.425000000000000044 ) ;
#886 = CIRCLE ( 'NONE', #2918, 12.49999999999999645 ) ;
#887 = EDGE_LOOP ( 'NONE', ( #2131, #1358 ) ) ;
#888 = LINE ( 'NONE', #3480, #351 ) ;
#889 = ORIENTED_EDGE ( 'NONE', *, *, #3113, .F. ) ;
#890 = ORIENTED_EDGE ( 'NONE', *, *, #1245, .F. ) ;
#891 = CARTESIAN_POINT ( 'NONE',  ( 31.44999999999999929, -51.92604593830444060, -12.49999999999999112 ) ) ;
#892 = CIRCLE ( 'NONE', #2726, 0.9000000000014556356 ) ;
#893 = VERTEX_POINT ( 'NONE', #1153 ) ;
#894 = DIRECTION ( 'NONE',  ( -1.000000000000000000, -0.000000000000000000, -0.000000000000000000 ) ) ;
#895 = LINE ( 'NONE', #1152, #1198 ) ;
#896 = ORIENTED_EDGE ( 'NONE', *, *, #318, .T. ) ;
#897 = EDGE_CURVE ( 'NONE', #430, #761, #909, .T. ) ;
#898 = AXIS2_PLACEMENT_3D ( 'NONE', #2017, #3187, #1765 ) ;
#899 = DIRECTION ( 'NONE',  ( -0.000000000000000000, -0.7071067811865436870, -0.7071067811865513475 ) ) ;
#900 = EDGE_CURVE ( 'NONE', #1404, #3382, #2379, .T. ) ;
#901 = DIRECTION ( 'NONE',  ( 0.000000000000000000, 0.000000000000000000, -1.000000000000000000 ) ) ;
#902 = EDGE_CURVE ( 'NONE', #2837, #1929, #720, .T. ) ;
#903 = ORIENTED_EDGE ( 'NONE', *, *, #484, .F. ) ;
#904 = LINE ( 'NONE', #1553, #2991 ) ;
#905 = PRESENTATION_STYLE_ASSIGNMENT (( #2347 ) ) ;
#906 = ORIENTED_EDGE ( 'NONE', *, *, #2282, .T. ) ;
#907 = ORIENTED_EDGE ( 'NONE', *, *, #1725, .F. ) ;
#908 = CARTESIAN_POINT ( 'NONE',  ( -13.35000000000002274, -6.610000000000006537, -5.100000000000361133 ) ) ;
#909 = CIRCLE ( 'NONE', #2739, 0.9000000000019031665 ) ;
#910 = EDGE_CURVE ( 'NONE', #2297, #2145, #404, .T. ) ;
#911 = ORIENTED_EDGE ( 'NONE', *, *, #3536, .F. ) ;
#912 = DIRECTION ( 'NONE',  ( 0.000000000000000000, 0.000000000000000000, 1.000000000000000000 ) ) ;
#913 = DIRECTION ( 'NONE',  ( -0.000000000000000000, 1.000000000000000000, -0.000000000000000000 ) ) ;
#914 = AXIS2_PLACEMENT_3D ( 'NONE', #1191, #950, #1772 ) ;
#915 = ORIENTED_EDGE ( 'NONE', *, *, #2969, .T. ) ;
#916 = ADVANCED_FACE ( 'NONE', ( #1638 ), #1926, .F. ) ;
#917 = CARTESIAN_POINT ( 'NONE',  ( 25.55000000000000426, -28.10953272676582770, -4.199999999998461853 ) ) ;
#918 = EDGE_CURVE ( 'NONE', #2458, #175, #3581, .T. ) ;
#919 = FACE_OUTER_BOUND ( 'NONE', #2496, .T. ) ;
#920 = CYLINDRICAL_SURFACE ( 'NONE', #341, 1.425000000000000044 ) ;
#921 = EDGE_CURVE ( 'NONE', #3570, #727, #2735, .T. ) ;
#922 = ADVANCED_FACE ( 'NONE', ( #138 ), #3637, .F. ) ;
#923 = VERTEX_POINT ( 'NONE', #1319 ) ;
#924 = CARTESIAN_POINT ( 'NONE',  ( 25.55000000000000426, -29.25000000000000000, -1.691736863149747930E-31 ) ) ;
#925 = AXIS2_PLACEMENT_3D ( 'NONE', #1587, #1852, #1832 ) ;
#926 = CIRCLE ( 'NONE', #1731, 3.000000000000000444 ) ;
#927 = VERTEX_POINT ( 'NONE', #2725 ) ;
#928 = VERTEX_POINT ( 'NONE', #2434 ) ;
#929 = CYLINDRICAL_SURFACE ( 'NONE', #3216, 12.50000000000000000 ) ;
#930 = VERTEX_POINT ( 'NONE', #2738 ) ;
#931 = ORIENTED_EDGE ( 'NONE', *, *, #1530, .F. ) ;
#932 = DIRECTION ( 'NONE',  ( 0.000000000000000000, -0.000000000000000000, -1.000000000000000000 ) ) ;
#933 = EDGE_CURVE ( 'NONE', #1317, #2013, #115, .T. ) ;
#934 = ORIENTED_EDGE ( 'NONE', *, *, #1532, .T. ) ;
#935 = LINE ( 'NONE', #1208, #2853 ) ;
#936 = PLANE ( 'NONE',  #2752 ) ;
#937 = ADVANCED_FACE ( 'NONE', ( #1298 ), #3360, .F. ) ;
#938 = ORIENTED_EDGE ( 'NONE', *, *, #626, .F. ) ;
#939 = DIRECTION ( 'NONE',  ( 0.000000000000000000, 0.000000000000000000, 1.000000000000000000 ) ) ;
#940 = EDGE_CURVE ( 'NONE', #1261, #3724, #726, .T. ) ;
#941 = AXIS2_PLACEMENT_3D ( 'NONE', #98, #1603, #2148 ) ;
#942 = ORIENTED_EDGE ( 'NONE', *, *, #3269, .F. ) ;
#943 = ADVANCED_FACE ( 'NONE', ( #1050 ), #3698, .F. ) ;
#944 = FACE_BOUND ( 'NONE', #2226, .T. ) ;
#945 = EDGE_LOOP ( 'NONE', ( #2986, #2233, #1181, #3518 ) ) ;
#946 = ORIENTED_EDGE ( 'NONE', *, *, #791, .F. ) ;
#947 = CARTESIAN_POINT ( 'NONE',  ( 25.55000000000000071, -4.500338972710011376, -1.949999999999989075 ) ) ;
#948 = VECTOR ( 'NONE', #2478, 1000.000000000000000 ) ;
#949 = ORIENTED_EDGE ( 'NONE', *, *, #1220, .T. ) ;
#950 = DIRECTION ( 'NONE',  ( 1.000000000000000000, 9.745637505487680998E-17, -0.000000000000000000 ) ) ;
#951 = DIRECTION ( 'NONE',  ( 1.000000000000000000, -0.000000000000000000, 0.000000000000000000 ) ) ;
#952 = CARTESIAN_POINT ( 'NONE',  ( -13.35000000000002274, -16.85999999999956245, -19.59999999999865850 ) ) ;
#953 = AXIS2_PLACEMENT_3D ( 'NONE', #592, #3042, #860 ) ;
#954 = ORIENTED_EDGE ( 'NONE', *, *, #2343, .F. ) ;
#955 = CYLINDRICAL_SURFACE ( 'NONE', #610, 0.9000000000019031665 ) ;
#956 = VECTOR ( 'NONE', #286, 1000.000000000000000 ) ;
#957 = CARTESIAN_POINT ( 'NONE',  ( -4.950000000000338574, 0.000000000000000000, 4.949497572825494629 ) ) ;
#958 = FACE_OUTER_BOUND ( 'NONE', #447, .T. ) ;
#959 = ORIENTED_EDGE ( 'NONE', *, *, #3439, .F. ) ;
#960 = ORIENTED_EDGE ( 'NONE', *, *, #3584, .F. ) ;
#961 = ADVANCED_FACE ( 'NONE', ( #2225 ), #3476, .T. ) ;
#962 = CARTESIAN_POINT ( 'NONE',  ( 27.45000000000000284, -42.04685710750737826, -18.02622368288010790 ) ) ;
#963 = DIRECTION ( 'NONE',  ( 1.000000000000000000, -0.000000000000000000, -0.000000000000000000 ) ) ;
#964 = ADVANCED_FACE ( 'NONE', ( #3423 ), #794, .F. ) ;
#965 = ORIENTED_EDGE ( 'NONE', *, *, #789, .T. ) ;
#966 = VERTEX_POINT ( 'NONE', #3156 ) ;
#967 = CARTESIAN_POINT ( 'NONE',  ( -29.39999999999999503, 0.000000000000000000, 27.30000000000000071 ) ) ;
#968 = CARTESIAN_POINT ( 'NONE',  ( -31.99999999999997868, 0.000000000000000000, -27.30000000000000426 ) ) ;
#969 = CIRCLE ( 'NONE', #3728, 0.5000000000000004441 ) ;
#970 = ORIENTED_EDGE ( 'NONE', *, *, #1292, .F. ) ;
#971 = PLANE ( 'NONE',  #2266 ) ;
#972 = VECTOR ( 'NONE', #3169, 1000.000000000000000 ) ;
#973 = DIRECTION ( 'NONE',  ( 0.000000000000000000, 0.000000000000000000, -1.000000000000000000 ) ) ;
#974 = VERTEX_POINT ( 'NONE', #1381 ) ;
#975 = DIRECTION ( 'NONE',  ( 1.000000000000000000, 0.000000000000000000, 0.000000000000000000 ) ) ;
#976 = ORIENTED_EDGE ( 'NONE', *, *, #2280, .T. ) ;
#977 = LINE ( 'NONE', #140, #2520 ) ;
#978 = ORIENTED_EDGE ( 'NONE', *, *, #1618, .T. ) ;
#979 = DIRECTION ( 'NONE',  ( -0.000000000000000000, 1.000000000000000000, -0.000000000000000000 ) ) ;
#980 = DIRECTION ( 'NONE',  ( 0.000000000000000000, 0.000000000000000000, -1.000000000000000000 ) ) ;
#981 = VECTOR ( 'NONE', #3205, 1000.000000000000000 ) ;
#982 = EDGE_LOOP ( 'NONE', ( #3220, #198, #2669, #48 ) ) ;
#983 = VERTEX_POINT ( 'NONE', #236 ) ;
#984 = LINE ( 'NONE', #2134, #259 ) ;
#985 = EDGE_CURVE ( 'NONE', #3180, #460, #3424, .T. ) ;
#986 = ORIENTED_EDGE ( 'NONE', *, *, #524, .F. ) ;
#987 = ADVANCED_FACE ( 'NONE', ( #3194 ), #885, .F. ) ;
#988 = CARTESIAN_POINT ( 'NONE',  ( -9.350000000000024514, -9.500338972710009600, -22.85972004506499999 ) ) ;
#989 = DIRECTION ( 'NONE',  ( 1.000000000000000000, 0.000000000000000000, -2.282530889443168600E-15 ) ) ;
#990 = ORIENTED_EDGE ( 'NONE', *, *, #857, .T. ) ;
#991 = LINE ( 'NONE', #3077, #858 ) ;
#992 = ORIENTED_EDGE ( 'NONE', *, *, #921, .T. ) ;
#993 = FACE_OUTER_BOUND ( 'NONE', #3465, .T. ) ;
#994 = ORIENTED_EDGE ( 'NONE', *, *, #2556, .T. ) ;
#995 = CARTESIAN_POINT ( 'NONE',  ( 31.44999999999999929, -37.61792319645750382, 28.05000000000000071 ) ) ;
#996 = CARTESIAN_POINT ( 'NONE',  ( -1.108569751446307578E-13, -18.64999999999999858, -1.349999999999861311 ) ) ;
#997 = AXIS2_PLACEMENT_3D ( 'NONE', #3759, #1137, #3426 ) ;
#998 = ORIENTED_EDGE ( 'NONE', *, *, #1769, .T. ) ;
#999 = ORIENTED_EDGE ( 'NONE', *, *, #2376, .T. ) ;
#1000 = PLANE ( 'NONE',  #925 ) ;
#1001 = EDGE_LOOP ( 'NONE', ( #228, #353, #3505, #1343 ) ) ;
#1002 = CARTESIAN_POINT ( 'NONE',  ( 25.55000000000000426, -29.25000000000000000, -6.449999999999987743 ) ) ;
#1003 = AXIS2_PLACEMENT_3D ( 'NONE', #721, #1531, #1904 ) ;
#1004 = DIRECTION ( 'NONE',  ( 0.000000000000000000, 1.000000000000000000, 0.000000000000000000 ) ) ;
#1005 = DIRECTION ( 'NONE',  ( 1.000000000000000000, 0.000000000000000000, 0.000000000000000000 ) ) ;
#1006 = EDGE_CURVE ( 'NONE', #221, #2770, #2122, .T. ) ;
#1007 = VECTOR ( 'NONE', #1682, 1000.000000000000000 ) ;
#1008 = FACE_OUTER_BOUND ( 'NONE', #146, .T. ) ;
#1009 = EDGE_CURVE ( 'NONE', #3589, #2013, #2652, .T. ) ;
#1010 = LINE ( 'NONE', #3675, #1468 ) ;
#1011 = EDGE_CURVE ( 'NONE', #2006, #1042, #2965, .T. ) ;
#1012 = AXIS2_PLACEMENT_3D ( 'NONE', #1598, #1320, #3639 ) ;
#1013 = ORIENTED_EDGE ( 'NONE', *, *, #2371, .F. ) ;
#1014 = PLANE ( 'NONE',  #565 ) ;
#1015 = ORIENTED_EDGE ( 'NONE', *, *, #3677, .F. ) ;
#1016 = PLANE ( 'NONE',  #2055 ) ;
#1017 = LINE ( 'NONE', #473, #1321 ) ;
#1018 = AXIS2_PLACEMENT_3D ( 'NONE', #585, #3761, #1385 ) ;
#1019 = ORIENTED_EDGE ( 'NONE', *, *, #3714, .F. ) ;
#1020 = VERTEX_POINT ( 'NONE', #1756 ) ;
#1021 = DIRECTION ( 'NONE',  ( 0.000000000000000000, 0.000000000000000000, 1.000000000000000000 ) ) ;
#1022 = EDGE_CURVE ( 'NONE', #203, #2313, #2929, .T. ) ;
#1023 = VERTEX_POINT ( 'NONE', #1803 ) ;
#1024 = CARTESIAN_POINT ( 'NONE',  ( -1.110223024625156540E-13, 6.349999999999999645, 1.387778780781445676E-13 ) ) ;
#1025 = DIRECTION ( 'NONE',  ( -0.000000000000000000, 4.619769576502813752E-16, 1.000000000000000000 ) ) ;
#1026 = CARTESIAN_POINT ( 'NONE',  ( 30.95000000000000284, -6.260289708239329620, 4.835076018827155764 ) ) ;
#1027 = DIRECTION ( 'NONE',  ( 0.000000000000000000, -0.7071067811865513475, 0.7071067811865436870 ) ) ;
#1028 = VECTOR ( 'NONE', #2708, 1000.000000000000000 ) ;
#1029 = EDGE_CURVE ( 'NONE', #645, #2080, #3245, .T. ) ;
#1030 = CARTESIAN_POINT ( 'NONE',  ( -32.95003483321599447, -51.92604593830444060, 1.040834085586084257E-14 ) ) ;
#1031 = ORIENTED_EDGE ( 'NONE', *, *, #2618, .T. ) ;
#1032 = DIRECTION ( 'NONE',  ( 0.000000000000000000, 0.000000000000000000, -1.000000000000000000 ) ) ;
#1033 = ORIENTED_EDGE ( 'NONE', *, *, #571, .T. ) ;
#1034 = CARTESIAN_POINT ( 'NONE',  ( 27.44999999999999574, -4.500338972710011376, -22.85972004506499999 ) ) ;
#1035 = PLANE ( 'NONE',  #1078 ) ;
#1036 = ORIENTED_EDGE ( 'NONE', *, *, #1447, .T. ) ;
#1037 = ORIENTED_EDGE ( 'NONE', *, *, #2171, .F. ) ;
#1038 = DIRECTION ( 'NONE',  ( -0.000000000000000000, 1.000000000000000000, -0.000000000000000000 ) ) ;
#1039 = CARTESIAN_POINT ( 'NONE',  ( -28.64999999999999503, -21.89698046350459748, -28.05000000000000426 ) ) ;
#1040 = AXIS2_PLACEMENT_3D ( 'NONE', #3292, #738, #1919 ) ;
#1041 = AXIS2_PLACEMENT_3D ( 'NONE', #759, #225, #1392 ) ;
#1042 = VERTEX_POINT ( 'NONE', #2911 ) ;
#1043 = FACE_OUTER_BOUND ( 'NONE', #1543, .T. ) ;
#1044 = CARTESIAN_POINT ( 'NONE',  ( -4.949497572825296565, -4.500338972710011376, -7.949999999999799449 ) ) ;
#1045 = ADVANCED_FACE ( 'NONE', ( #3547 ), #920, .F. ) ;
#1046 = CARTESIAN_POINT ( 'NONE',  ( 4.949497572824959946, 0.000000000000000000, 7.950000000000529532 ) ) ;
#1047 = CYLINDRICAL_SURFACE ( 'NONE', #1272, 3.000000000000000000 ) ;
#1048 = EDGE_LOOP ( 'NONE', ( #371, #513, #77, #3315 ) ) ;
#1049 = DIRECTION ( 'NONE',  ( 1.000000000000000000, 9.745637505487680998E-17, -0.000000000000000000 ) ) ;
#1050 = FACE_OUTER_BOUND ( 'NONE', #1789, .T. ) ;
#1051 = VECTOR ( 'NONE', #3474, 1000.000000000000000 ) ;
#1052 = DIRECTION ( 'NONE',  ( -1.000000000000000000, -0.000000000000000000, -0.000000000000000000 ) ) ;
#1053 = VERTEX_POINT ( 'NONE', #1515 ) ;
#1054 = CARTESIAN_POINT ( 'NONE',  ( 25.55000000000000426, -29.25000000000000000, -1.691736863149747930E-31 ) ) ;
#1055 = AXIS2_PLACEMENT_3D ( 'NONE', #781, #501, #1274 ) ;
#1056 = ORIENTED_EDGE ( 'NONE', *, *, #528, .F. ) ;
#1057 = EDGE_CURVE ( 'NONE', #3393, #1500, #2687, .T. ) ;
#1058 = FACE_BOUND ( 'NONE', #1105, .T. ) ;
#1059 = ADVANCED_FACE ( 'NONE', ( #2326 ), #2414, .F. ) ;
#1060 = DIRECTION ( 'NONE',  ( 0.000000000000000000, -0.000000000000000000, 1.000000000000000000 ) ) ;
#1061 = ORIENTED_EDGE ( 'NONE', *, *, #3333, .F. ) ;
#1062 = ADVANCED_FACE ( 'NONE', ( #2451 ), #2140, .T. ) ;
#1063 = VECTOR ( 'NONE', #3159, 1000.000000000000000 ) ;
#1064 = PLANE ( 'NONE',  #3174 ) ;
#1065 = CARTESIAN_POINT ( 'NONE',  ( -31.99999999999997868, 0.000000000000000000, 27.30000000000000071 ) ) ;
#1066 = ADVANCED_FACE ( 'NONE', ( #650 ), #2781, .T. ) ;
#1067 = CIRCLE ( 'NONE', #2230, 1.424999999999999600 ) ;
#1068 = CIRCLE ( 'NONE', #3218, 0.9997466849082959905 ) ;
#1069 = AXIS2_PLACEMENT_3D ( 'NONE', #1984, #3153, #526 ) ;
#1070 = ORIENTED_EDGE ( 'NONE', *, *, #755, .T. ) ;
#1071 = LINE ( 'NONE', #1373, #1260 ) ;
#1072 = CARTESIAN_POINT ( 'NONE',  ( 25.55000000000000426, -29.25000000000000000, 18.00000000000153477 ) ) ;
#1073 = DIRECTION ( 'NONE',  ( 0.000000000000000000, 0.000000000000000000, 1.000000000000000000 ) ) ;
#1074 = PLANE ( 'NONE',  #242 ) ;
#1075 = CARTESIAN_POINT ( 'NONE',  ( -9.350000000000024514, -24.11213394580208913, -24.55000000000000071 ) ) ;
#1076 = VECTOR ( 'NONE', #951, 1000.000000000000000 ) ;
#1077 = DIRECTION ( 'NONE',  ( -0.000000000000000000, 1.000000000000000000, -0.000000000000000000 ) ) ;
#1078 = AXIS2_PLACEMENT_3D ( 'NONE', #2747, #1329, #1060 ) ;
#1079 = ORIENTED_EDGE ( 'NONE', *, *, #1245, .T. ) ;
#1080 = LINE ( 'NONE', #2833, #1932 ) ;
#1081 = ORIENTED_EDGE ( 'NONE', *, *, #2897, .T. ) ;
#1082 = CARTESIAN_POINT ( 'NONE',  ( 31.44999999999999929, -6.610000000000003872, 20.25000000000153477 ) ) ;
#1083 = EDGE_CURVE ( 'NONE', #394, #3007, #2705, .T. ) ;
#1084 = ORIENTED_EDGE ( 'NONE', *, *, #1420, .F. ) ;
#1085 = VERTEX_POINT ( 'NONE', #2430 ) ;
#1086 = CARTESIAN_POINT ( 'NONE',  ( -6.500000000000024869, -4.500338972710011376, 19.50000000000153833 ) ) ;
#1087 = LINE ( 'NONE', #1707, #3741 ) ;
#1088 = EDGE_CURVE ( 'NONE', #1300, #1924, #2303, .T. ) ;
#1089 = ORIENTED_EDGE ( 'NONE', *, *, #3211, .T. ) ;
#1090 = DIRECTION ( 'NONE',  ( 0.000000000000000000, -1.000000000000000000, 0.000000000000000000 ) ) ;
#1091 = CARTESIAN_POINT ( 'NONE',  ( 0.000000000000000000, 0.000000000000000000, -24.55000000000000071 ) ) ;
#1092 = AXIS2_PLACEMENT_3D ( 'NONE', #617, #314, #3495 ) ;
#1093 = CARTESIAN_POINT ( 'NONE',  ( -1.110223024625156540E-13, 0.000000000000000000, -2.999999999999861888 ) ) ;
#1094 = ORIENTED_EDGE ( 'NONE', *, *, #250, .T. ) ;
#1095 = CARTESIAN_POINT ( 'NONE',  ( -13.35000000000002274, -24.33107499999996648, -24.33107500000003043 ) ) ;
#1096 = VECTOR ( 'NONE', #440, 1000.000000000000000 ) ;
#1097 = DIRECTION ( 'NONE',  ( 6.891206367116250355E-17, -0.7071067811865436870, -0.7071067811865513475 ) ) ;
#1098 = AXIS2_PLACEMENT_3D ( 'NONE', #747, #466, #3636 ) ;
#1099 = ORIENTED_EDGE ( 'NONE', *, *, #2963, .T. ) ;
#1100 = VECTOR ( 'NONE', #38, 1000.000000000000000 ) ;
#1101 = DIRECTION ( 'NONE',  ( 1.000000000000000000, 9.745637505487680998E-17, 0.000000000000000000 ) ) ;
#1102 = EDGE_CURVE ( 'NONE', #183, #819, #3280, .T. ) ;
#1103 = AXIS2_PLACEMENT_3D ( 'NONE', #1818, #3228, #3529 ) ;
#1104 = ORIENTED_EDGE ( 'NONE', *, *, #124, .F. ) ;
#1105 = EDGE_LOOP ( 'NONE', ( #12, #3437, #2871, #1389, #714, #1477, #2273, #2598 ) ) ;
#1106 = CARTESIAN_POINT ( 'NONE',  ( -31.99999999999997868, -21.89698046350459748, 24.54999999999997584 ) ) ;
#1107 = LINE ( 'NONE', #2274, #1537 ) ;
#1108 = ORIENTED_EDGE ( 'NONE', *, *, #1338, .T. ) ;
#1109 = AXIS2_PLACEMENT_3D ( 'NONE', #3435, #2236, #1687 ) ;
#1110 = DIRECTION ( 'NONE',  ( -1.000000000000000000, -0.000000000000000000, 0.000000000000000000 ) ) ;
#1111 = EDGE_CURVE ( 'NONE', #3018, #661, #1316, .T. ) ;
#1112 = DIRECTION ( 'NONE',  ( -0.000000000000000000, 1.000000000000000000, -0.000000000000000000 ) ) ;
#1113 = CARTESIAN_POINT ( 'NONE',  ( 25.55000000000000071, 2.141661462521182009E-15, -6.449999999999986855 ) ) ;
#1114 = VECTOR ( 'NONE', #1620, 1000.000000000000000 ) ;
#1115 = DIRECTION ( 'NONE',  ( 0.000000000000000000, 0.000000000000000000, 1.000000000000000000 ) ) ;
#1116 = EDGE_CURVE ( 'NONE', #2047, #263, #69, .T. ) ;
#1117 = LINE ( 'NONE', #1398, #1556 ) ;
#1118 = DIRECTION ( 'NONE',  ( 1.000000000000000000, 9.745637505487680998E-17, -0.000000000000000000 ) ) ;
#1119 = EDGE_CURVE ( 'NONE', #840, #3234, #2179, .T. ) ;
#1120 = DIRECTION ( 'NONE',  ( 1.000000000000000000, 1.438880092385038863E-16, 0.000000000000000000 ) ) ;
#1121 = DIRECTION ( 'NONE',  ( 1.000000000000000000, 9.745637505487680998E-17, -0.000000000000000000 ) ) ;
#1122 = ORIENTED_EDGE ( 'NONE', *, *, #3520, .T. ) ;
#1123 = FACE_BOUND ( 'NONE', #3034, .T. ) ;
#1124 = DIRECTION ( 'NONE',  ( 0.000000000000000000, 0.000000000000000000, -1.000000000000000000 ) ) ;
#1125 = VERTEX_POINT ( 'NONE', #3331 ) ;
#1126 = ORIENTED_EDGE ( 'NONE', *, *, #3335, .T. ) ;
#1127 = FACE_OUTER_BOUND ( 'NONE', #91, .T. ) ;
#1128 = CYLINDRICAL_SURFACE ( 'NONE', #505, 3.000000000000001776 ) ;
#1129 = ORIENTED_EDGE ( 'NONE', *, *, #2950, .F. ) ;
#1130 = DIRECTION ( 'NONE',  ( 0.000000000000000000, 1.000000000000000000, 0.000000000000000000 ) ) ;
#1131 = CARTESIAN_POINT ( 'NONE',  ( 25.55000000000000071, -7.612199995687619847, -4.199999999998458300 ) ) ;
#1132 = LINE ( 'NONE', #3715, #217 ) ;
#1133 = DIRECTION ( 'NONE',  ( -9.745637505487680998E-17, 1.000000000000000000, 0.000000000000000000 ) ) ;
#1134 = FACE_OUTER_BOUND ( 'NONE', #836, .T. ) ;
#1135 = ADVANCED_FACE ( 'NONE', ( #2121 ), #439, .F. ) ;
#1136 = DIRECTION ( 'NONE',  ( 1.000000000000000000, 0.000000000000000000, 0.000000000000000000 ) ) ;
#1137 = DIRECTION ( 'NONE',  ( 0.000000000000000000, 1.000000000000000000, -0.000000000000000000 ) ) ;
#1138 = EDGE_CURVE ( 'NONE', #1621, #2080, #1837, .T. ) ;
#1139 = ORIENTED_EDGE ( 'NONE', *, *, #52, .T. ) ;
#1140 = EDGE_CURVE ( 'NONE', #2047, #366, #134, .T. ) ;
#1141 = LINE ( 'NONE', #871, #481 ) ;
#1142 = VECTOR ( 'NONE', #3375, 1000.000000000000000 ) ;
#1143 = CARTESIAN_POINT ( 'NONE',  ( -31.99999999999997868, 0.000000000000000000, -27.30000000000000426 ) ) ;
#1144 = ORIENTED_EDGE ( 'NONE', *, *, #694, .F. ) ;
#1145 = VERTEX_POINT ( 'NONE', #3454 ) ;
#1146 = DIRECTION ( 'NONE',  ( 0.000000000000000000, -0.000000000000000000, -1.000000000000000000 ) ) ;
#1147 =( GEOMETRIC_REPRESENTATION_CONTEXT ( 3 ) GLOBAL_UNCERTAINTY_ASSIGNED_CONTEXT ( ( #1567 ) ) GLOBAL_UNIT_ASSIGNED_CONTEXT ( ( #1792, #2673, #3678 ) ) REPRESENTATION_CONTEXT ( 'NONE', 'WORKASPACE' ) );
#1148 = VERTEX_POINT ( 'NONE', #2844 ) ;
#1149 = PLANE ( 'NONE',  #1880 ) ;
#1150 = DIRECTION ( 'NONE',  ( 0.000000000000000000, 0.000000000000000000, -1.000000000000000000 ) ) ;
#1151 = VECTOR ( 'NONE', #2028, 1000.000000000000000 ) ;
#1152 = CARTESIAN_POINT ( 'NONE',  ( -0.000000000000000000, -21.89698046350459748, 24.55000000000000071 ) ) ;
#1153 = CARTESIAN_POINT ( 'NONE',  ( -32.74999999999998579, 3.349999999999995204, 28.05000000000000071 ) ) ;
#1154 = VERTEX_POINT ( 'NONE', #2281 ) ;
#1155 = DIRECTION ( 'NONE',  ( 0.000000000000000000, 0.000000000000000000, 1.000000000000000000 ) ) ;
#1156 = CARTESIAN_POINT ( 'NONE',  ( 27.44999999999997087, 1.868478213922281057E-14, 28.05000000000000071 ) ) ;
#1157 = DIRECTION ( 'NONE',  ( -1.000000000000000000, 0.000000000000000000, 0.000000000000000000 ) ) ;
#1158 = AXIS2_PLACEMENT_3D ( 'NONE', #1391, #3687, #1146 ) ;
#1159 = CARTESIAN_POINT ( 'NONE',  ( 25.55000000000000071, 1.950397079272457286E-15, -1.691736863149747930E-31 ) ) ;
#1160 = ORIENTED_EDGE ( 'NONE', *, *, #1465, .T. ) ;
#1161 = DIRECTION ( 'NONE',  ( -0.000000000000000000, -0.000000000000000000, 1.000000000000000000 ) ) ;
#1162 = EDGE_CURVE ( 'NONE', #3515, #1125, #1940, .T. ) ;
#1163 = CARTESIAN_POINT ( 'NONE',  ( -1.110223024625156540E-13, -18.64999999999999858, 1.387778780781445676E-13 ) ) ;
#1164 = CIRCLE ( 'NONE', #2261, 1.002199995687616196 ) ;
#1165 = ORIENTED_EDGE ( 'NONE', *, *, #902, .F. ) ;
#1166 = ORIENTED_EDGE ( 'NONE', *, *, #1088, .F. ) ;
#1167 = FACE_OUTER_BOUND ( 'NONE', #106, .T. ) ;
#1168 = VECTOR ( 'NONE', #1529, 1000.000000000000000 ) ;
#1169 = VERTEX_POINT ( 'NONE', #3397 ) ;
#1170 = LINE ( 'NONE', #2975, #3233 ) ;
#1171 = DIRECTION ( 'NONE',  ( 0.000000000000000000, 0.000000000000000000, 1.000000000000000000 ) ) ;
#1172 = DIRECTION ( 'NONE',  ( 0.000000000000000000, 0.000000000000000000, 1.000000000000000000 ) ) ;
#1173 = ORIENTED_EDGE ( 'NONE', *, *, #2466, .T. ) ;
#1174 = LINE ( 'NONE', #2908, #2470 ) ;
#1175 = CARTESIAN_POINT ( 'NONE',  ( 0.000000000000000000, 0.000000000000000000, -24.55000000000000071 ) ) ;
#1176 = VECTOR ( 'NONE', #2354, 1000.000000000000000 ) ;
#1177 = ORIENTED_EDGE ( 'NONE', *, *, #3113, .T. ) ;
#1178 = FACE_BOUND ( 'NONE', #155, .T. ) ;
#1179 = SURFACE_SIDE_STYLE ('',( #3283 ) ) ;
#1180 = ORIENTED_EDGE ( 'NONE', *, *, #1677, .F. ) ;
#1181 = ORIENTED_EDGE ( 'NONE', *, *, #1294, .T. ) ;
#1182 = DIRECTION ( 'NONE',  ( 0.000000000000000000, 0.7071067811865485719, 0.7071067811865465735 ) ) ;
#1183 = EDGE_CURVE ( 'NONE', #1916, #893, #809, .T. ) ;
#1184 = EDGE_CURVE ( 'NONE', #1487, #1023, #788, .T. ) ;
#1185 = FACE_OUTER_BOUND ( 'NONE', #2424, .T. ) ;
#1186 = EDGE_CURVE ( 'NONE', #928, #366, #1132, .T. ) ;
#1187 = CARTESIAN_POINT ( 'NONE',  ( -9.350000000000024514, -9.500338972710009600, 24.55000000000000071 ) ) ;
#1188 = DIRECTION ( 'NONE',  ( -0.000000000000000000, 1.000000000000000000, -0.000000000000000000 ) ) ;
#1189 = ORIENTED_EDGE ( 'NONE', *, *, #2568, .T. ) ;
#1190 = CARTESIAN_POINT ( 'NONE',  ( 27.44999999999999574, -29.25000000000000000, -1.949999999999986411 ) ) ;
#1191 = CARTESIAN_POINT ( 'NONE',  ( 27.44999999999999929, -6.760289708239330508, -1.037918005908522900 ) ) ;
#1192 = EDGE_LOOP ( 'NONE', ( #1227, #1189, #2730, #431 ) ) ;
#1193 = CARTESIAN_POINT ( 'NONE',  ( -6.500000000000024869, -4.500338972710007823, -7.199999999998458300 ) ) ;
#1194 = EDGE_CURVE ( 'NONE', #2523, #530, #2881, .T. ) ;
#1195 = ORIENTED_EDGE ( 'NONE', *, *, #1530, .T. ) ;
#1196 = ORIENTED_EDGE ( 'NONE', *, *, #385, .T. ) ;
#1197 = DIRECTION ( 'NONE',  ( 0.000000000000000000, -0.000000000000000000, -1.000000000000000000 ) ) ;
#1198 = VECTOR ( 'NONE', #594, 1000.000000000000000 ) ;
#1199 = EDGE_CURVE ( 'NONE', #3602, #695, #210, .T. ) ;
#1200 = AXIS2_PLACEMENT_3D ( 'NONE', #2816, #181, #1347 ) ;
#1201 = VERTEX_POINT ( 'NONE', #1396 ) ;
#1202 = LINE ( 'NONE', #2368, #839 ) ;
#1203 = CARTESIAN_POINT ( 'NONE',  ( -32.74999999999998579, -16.85999999999956245, -24.55000000000000071 ) ) ;
#1204 = EDGE_CURVE ( 'NONE', #326, #1917, #191, .T. ) ;
#1205 = EDGE_CURVE ( 'NONE', #3208, #445, #3137, .T. ) ;
#1206 = AXIS2_PLACEMENT_3D ( 'NONE', #784, #2527, #208 ) ;
#1207 = ORIENTED_EDGE ( 'NONE', *, *, #403, .T. ) ;
#1208 = CARTESIAN_POINT ( 'NONE',  ( 31.44999999999999929, -39.25000000000000000, 24.55000000000000071 ) ) ;
#1209 = VECTOR ( 'NONE', #2433, 1000.000000000000000 ) ;
#1210 = DIRECTION ( 'NONE',  ( 0.000000000000000000, 0.000000000000000000, -1.000000000000000000 ) ) ;
#1211 = DIRECTION ( 'NONE',  ( 0.000000000000000000, -1.000000000000000000, 0.000000000000000000 ) ) ;
#1212 = ORIENTED_EDGE ( 'NONE', *, *, #933, .T. ) ;
#1213 = CARTESIAN_POINT ( 'NONE',  ( 0.000000000000000000, 3.349999999999996536, 28.05000000000000071 ) ) ;
#1214 = ORIENTED_EDGE ( 'NONE', *, *, #2222, .F. ) ;
#1215 = ORIENTED_EDGE ( 'NONE', *, *, #3135, .T. ) ;
#1216 = CARTESIAN_POINT ( 'NONE',  ( -9.350000000000024514, -9.500338972710009600, -22.85972004506499999 ) ) ;
#1217 = ORIENTED_EDGE ( 'NONE', *, *, #2721, .T. ) ;
#1218 = VECTOR ( 'NONE', #3558, 1000.000000000000000 ) ;
#1219 = PLANE ( 'NONE',  #1910 ) ;
#1220 = EDGE_CURVE ( 'NONE', #3082, #2983, #2419, .T. ) ;
#1221 = EDGE_LOOP ( 'NONE', ( #26, #1364, #452, #396, #2404, #139, #3500, #549, #1819, #2817, #3550, #2977, #3390, #1013, #942, #2968, #1302, #1980, #272, #1975, #1847, #3535, #669 ) ) ;
#1222 = EDGE_CURVE ( 'NONE', #1641, #1085, #1441, .T. ) ;
#1223 = DIRECTION ( 'NONE',  ( 1.000000000000000000, 9.745637505487683463E-17, -0.000000000000000000 ) ) ;
#1224 = DIRECTION ( 'NONE',  ( 1.916821520416359432E-16, 0.000000000000000000, 1.000000000000000000 ) ) ;
#1225 = CARTESIAN_POINT ( 'NONE',  ( -6.500000000000024869, -4.500338972710011376, -2.381743349404832344 ) ) ;
#1226 = DIRECTION ( 'NONE',  ( 0.000000000000000000, 0.7071067811865500152, 0.7071067811865451302 ) ) ;
#1227 = ORIENTED_EDGE ( 'NONE', *, *, #1833, .F. ) ;
#1228 = DIRECTION ( 'NONE',  ( 0.000000000000000000, -1.000000000000000000, 0.000000000000000000 ) ) ;
#1229 = AXIS2_PLACEMENT_3D ( 'NONE', #1690, #1112, #209 ) ;
#1230 = CIRCLE ( 'NONE', #3380, 7.100059492837034192 ) ;
#1231 = EDGE_LOOP ( 'NONE', ( #3425, #1579 ) ) ;
#1232 = ORIENTED_EDGE ( 'NONE', *, *, #1199, .T. ) ;
#1233 = DIRECTION ( 'NONE',  ( -0.000000000000000000, 1.000000000000000000, -0.000000000000000000 ) ) ;
#1234 = ORIENTED_EDGE ( 'NONE', *, *, #2278, .F. ) ;
#1235 = FACE_OUTER_BOUND ( 'NONE', #3647, .T. ) ;
#1236 = VECTOR ( 'NONE', #1512, 1000.000000000000000 ) ;
#1237 = VECTOR ( 'NONE', #686, 1000.000000000000000 ) ;
#1238 = VERTEX_POINT ( 'NONE', #545 ) ;
#1239 = CARTESIAN_POINT ( 'NONE',  ( -9.350000000000024514, -27.11000000000001009, 15.59999999999963372 ) ) ;
#1240 = EDGE_CURVE ( 'NONE', #2006, #966, #2510, .T. ) ;
#1241 = EDGE_LOOP ( 'NONE', ( #1089, #472, #3351, #1408, #252, #1443, #2065, #419, #2471, #960, #3003, #1325, #2855, #3104, #1108, #2675 ) ) ;
#1242 = DIRECTION ( 'NONE',  ( 0.000000000000000000, 0.000000000000000000, -1.000000000000000000 ) ) ;
#1243 = EDGE_CURVE ( 'NONE', #1971, #3340, #1964, .T. ) ;
#1244 = VECTOR ( 'NONE', #2693, 1000.000000000000000 ) ;
#1245 = EDGE_CURVE ( 'NONE', #3747, #1148, #464, .T. ) ;
#1246 = ORIENTED_EDGE ( 'NONE', *, *, #1795, .T. ) ;
#1247 = ORIENTED_EDGE ( 'NONE', *, *, #3062, .F. ) ;
#1248 = DIRECTION ( 'NONE',  ( 0.000000000000000000, 0.000000000000000000, -1.000000000000000000 ) ) ;
#1249 = LINE ( 'NONE', #1767, #1873 ) ;
#1250 = ORIENTED_EDGE ( 'NONE', *, *, #2952, .F. ) ;
#1251 = VECTOR ( 'NONE', #103, 1000.000000000000000 ) ;
#1252 = DIRECTION ( 'NONE',  ( 1.000000000000000000, 0.000000000000000000, 0.000000000000000000 ) ) ;
#1253 = CIRCLE ( 'NONE', #291, 3.000000000000000000 ) ;
#1254 = FACE_OUTER_BOUND ( 'NONE', #2518, .T. ) ;
#1255 = EDGE_LOOP ( 'NONE', ( #240, #3635, #2512, #83 ) ) ;
#1256 = EDGE_CURVE ( 'NONE', #1619, #927, #892, .T. ) ;
#1257 = DIRECTION ( 'NONE',  ( 1.000000000000000000, 0.000000000000000000, 0.000000000000000000 ) ) ;
#1258 = CARTESIAN_POINT ( 'NONE',  ( 27.44999999999999929, -6.260289708239329620, 4.835076018827155764 ) ) ;
#1259 = CARTESIAN_POINT ( 'NONE',  ( 0.000000000000000000, -20.61213394580206781, 28.05000000000000071 ) ) ;
#1260 = VECTOR ( 'NONE', #824, 1000.000000000000000 ) ;
#1261 = VERTEX_POINT ( 'NONE', #3754 ) ;
#1262 = DIRECTION ( 'NONE',  ( 0.000000000000000000, -0.7071067811865492381, 0.7071067811865457964 ) ) ;
#1263 = DIRECTION ( 'NONE',  ( 0.000000000000000000, 0.000000000000000000, 1.000000000000000000 ) ) ;
#1264 = ORIENTED_EDGE ( 'NONE', *, *, #2154, .T. ) ;
#1265 = LINE ( 'NONE', #1558, #2038 ) ;
#1266 = ORIENTED_EDGE ( 'NONE', *, *, #1243, .T. ) ;
#1267 = EDGE_CURVE ( 'NONE', #1125, #761, #1634, .T. ) ;
#1268 = LINE ( 'NONE', #3603, #74 ) ;
#1269 = PLANE ( 'NONE',  #953 ) ;
#1270 = AXIS2_PLACEMENT_3D ( 'NONE', #547, #1715, #2886 ) ;
#1271 = ORIENTED_EDGE ( 'NONE', *, *, #3223, .F. ) ;
#1272 = AXIS2_PLACEMENT_3D ( 'NONE', #1674, #2221, #1115 ) ;
#1273 = DIRECTION ( 'NONE',  ( 0.000000000000000000, 0.000000000000000000, 1.000000000000000000 ) ) ;
#1274 = DIRECTION ( 'NONE',  ( 0.000000000000000000, -0.000000000000000000, -1.000000000000000000 ) ) ;
#1275 = AXIS2_PLACEMENT_3D ( 'NONE', #2143, #3317, #420 ) ;
#1276 = ORIENTED_EDGE ( 'NONE', *, *, #3507, .T. ) ;
#1277 = CARTESIAN_POINT ( 'NONE',  ( -9.350000000000024514, -9.500338972710009600, -24.55000000000000071 ) ) ;
#1278 = VECTOR ( 'NONE', #2528, 1000.000000000000000 ) ;
#1279 = CARTESIAN_POINT ( 'NONE',  ( -4.950000000000338574, -29.25000000000000000, 3.524497572825494363 ) ) ;
#1280 = ORIENTED_EDGE ( 'NONE', *, *, #258, .F. ) ;
#1281 = LINE ( 'NONE', #1574, #2946 ) ;
#1282 = VERTEX_POINT ( 'NONE', #169 ) ;
#1283 = LINE ( 'NONE', #1054, #1114 ) ;
#1284 = ORIENTED_EDGE ( 'NONE', *, *, #2778, .F. ) ;
#1285 = CARTESIAN_POINT ( 'NONE',  ( 27.45000000000000284, -51.92604593830444060, 1.040834085586084257E-14 ) ) ;
#1286 = DIRECTION ( 'NONE',  ( 0.000000000000000000, 1.000000000000000000, -0.000000000000000000 ) ) ;
#1287 = VECTOR ( 'NONE', #913, 1000.000000000000000 ) ;
#1288 = VERTEX_POINT ( 'NONE', #1046 ) ;
#1289 = ORIENTED_EDGE ( 'NONE', *, *, #731, .F. ) ;
#1290 = DIRECTION ( 'NONE',  ( 1.000000000000000000, 0.000000000000000000, 0.000000000000000000 ) ) ;
#1291 = EDGE_CURVE ( 'NONE', #2147, #1500, #2219, .T. ) ;
#1292 = EDGE_CURVE ( 'NONE', #2151, #342, #3024, .T. ) ;
#1293 = VERTEX_POINT ( 'NONE', #1730 ) ;
#1294 = EDGE_CURVE ( 'NONE', #853, #536, #1249, .T. ) ;
#1295 = DIRECTION ( 'NONE',  ( -6.891206367116325544E-17, 0.7071067811865513475, -0.7071067811865436870 ) ) ;
#1296 = DIRECTION ( 'NONE',  ( 0.000000000000000000, 1.000000000000000000, -0.000000000000000000 ) ) ;
#1297 = DIRECTION ( 'NONE',  ( 1.000000000000000000, 0.000000000000000000, 0.000000000000000000 ) ) ;
#1298 = FACE_OUTER_BOUND ( 'NONE', #715, .T. ) ;
#1299 = DIRECTION ( 'NONE',  ( 0.000000000000000000, 0.000000000000000000, -1.000000000000000000 ) ) ;
#1300 = VERTEX_POINT ( 'NONE', #1750 ) ;
#1301 = DIRECTION ( 'NONE',  ( -1.000000000000000000, 0.000000000000000000, 0.000000000000000000 ) ) ;
#1302 = ORIENTED_EDGE ( 'NONE', *, *, #2967, .F. ) ;
#1303 = DIRECTION ( 'NONE',  ( 0.000000000000000000, -1.000000000000000000, 0.000000000000000000 ) ) ;
#1304 = CARTESIAN_POINT ( 'NONE',  ( -6.500000000000024869, -6.610000000000006537, 16.50000000000153833 ) ) ;
#1305 = EDGE_CURVE ( 'NONE', #1085, #1641, #3765, .T. ) ;
#1306 = CARTESIAN_POINT ( 'NONE',  ( 30.95000000000000639, -27.45767651737898518, 4.335076018827155764 ) ) ;
#1307 = ORIENTED_EDGE ( 'NONE', *, *, #1833, .T. ) ;
#1308 = VERTEX_POINT ( 'NONE', #309 ) ;
#1309 = LINE ( 'NONE', #50, #71 ) ;
#1310 = DIRECTION ( 'NONE',  ( 0.000000000000000000, 0.000000000000000000, 1.000000000000000000 ) ) ;
#1311 = ORIENTED_EDGE ( 'NONE', *, *, #403, .F. ) ;
#1312 = EDGE_CURVE ( 'NONE', #2249, #2736, #1476, .T. ) ;
#1313 = EDGE_CURVE ( 'NONE', #2006, #1971, #2714, .T. ) ;
#1314 = CYLINDRICAL_SURFACE ( 'NONE', #1658, 3.000000000000000444 ) ;
#1315 = AXIS2_PLACEMENT_3D ( 'NONE', #1881, #2487, #1550 ) ;
#1316 = LINE ( 'NONE', #3313, #2061 ) ;
#1317 = VERTEX_POINT ( 'NONE', #2056 ) ;
#1318 = DIRECTION ( 'NONE',  ( -1.000000000000000000, -7.779833121590977705E-17, 6.162975822039154730E-33 ) ) ;
#1319 = CARTESIAN_POINT ( 'NONE',  ( 31.44999999999999929, -5.607800004312387898, -4.199999999998458300 ) ) ;
#1320 = DIRECTION ( 'NONE',  ( 0.000000000000000000, 0.000000000000000000, -1.000000000000000000 ) ) ;
#1321 = VECTOR ( 'NONE', #2190, 1000.000000000000114 ) ;
#1322 = ORIENTED_EDGE ( 'NONE', *, *, #813, .F. ) ;
#1323 = CARTESIAN_POINT ( 'NONE',  ( -1.110223024625156540E-13, 0.000000000000000000, 1.387778780781445676E-13 ) ) ;
#1324 = AXIS2_PLACEMENT_3D ( 'NONE', #2566, #479, #3164 ) ;
#1325 = ORIENTED_EDGE ( 'NONE', *, *, #3226, .F. ) ;
#1326 = DIRECTION ( 'NONE',  ( -1.000000000000000000, 0.000000000000000000, -0.000000000000000000 ) ) ;
#1327 = DIRECTION ( 'NONE',  ( 0.000000000000000000, 0.000000000000000000, 1.000000000000000000 ) ) ;
#1328 = CIRCLE ( 'NONE', #2678, 1.425000000000000044 ) ;
#1329 = DIRECTION ( 'NONE',  ( 0.000000000000000000, 1.000000000000000000, 0.000000000000000000 ) ) ;
#1330 = EDGE_LOOP ( 'NONE', ( #3378, #3527, #1662, #1250 ) ) ;
#1331 = ORIENTED_EDGE ( 'NONE', *, *, #1582, .T. ) ;
#1332 = DIRECTION ( 'NONE',  ( -1.000000000000000000, -0.000000000000000000, -0.000000000000000000 ) ) ;
#1333 = CYLINDRICAL_SURFACE ( 'NONE', #1040, 1.002199995687616196 ) ;
#1334 = ORIENTED_EDGE ( 'NONE', *, *, #1677, .T. ) ;
#1335 = DIRECTION ( 'NONE',  ( 0.000000000000000000, -1.000000000000000000, -2.055359568692899253E-16 ) ) ;
#1336 = DIRECTION ( 'NONE',  ( 0.000000000000000000, 0.000000000000000000, -1.000000000000000000 ) ) ;
#1337 = DIRECTION ( 'NONE',  ( -1.000000000000000000, 0.000000000000000000, -2.282530889443168600E-15 ) ) ;
#1338 = EDGE_CURVE ( 'NONE', #6, #269, #2072, .T. ) ;
#1339 = VERTEX_POINT ( 'NONE', #20 ) ;
#1340 = EDGE_CURVE ( 'NONE', #682, #161, #3407, .T. ) ;
#1341 = DIRECTION ( 'NONE',  ( -0.000000000000000000, 1.000000000000000000, -0.000000000000000000 ) ) ;
#1342 = VECTOR ( 'NONE', #3773, 1000.000000000000114 ) ;
#1343 = ORIENTED_EDGE ( 'NONE', *, *, #2901, .F. ) ;
#1344 = DIRECTION ( 'NONE',  ( 1.000000000000000000, 0.000000000000000000, 0.000000000000000000 ) ) ;
#1345 = EDGE_LOOP ( 'NONE', ( #823, #568, #2754, #108 ) ) ;
#1346 = FACE_OUTER_BOUND ( 'NONE', #2813, .T. ) ;
#1347 = DIRECTION ( 'NONE',  ( 0.000000000000000000, 0.000000000000000000, -1.000000000000000000 ) ) ;
#1348 = ORIENTED_EDGE ( 'NONE', *, *, #2905, .T. ) ;
#1349 = ORIENTED_EDGE ( 'NONE', *, *, #3139, .T. ) ;
#1350 = CYLINDRICAL_SURFACE ( 'NONE', #2311, 0.9000000000014556356 ) ;
#1351 = CARTESIAN_POINT ( 'NONE',  ( -6.500000000000024869, -8.720338972710006686, -7.199999999998459188 ) ) ;
#1352 = CIRCLE ( 'NONE', #3144, 1.425000000000000044 ) ;
#1353 = AXIS2_PLACEMENT_3D ( 'NONE', #480, #2820, #185 ) ;
#1354 = ORIENTED_EDGE ( 'NONE', *, *, #2743, .T. ) ;
#1355 = DIRECTION ( 'NONE',  ( 1.000000000000000000, 0.000000000000000000, 0.000000000000000000 ) ) ;
#1356 = LINE ( 'NONE', #2862, #3445 ) ;
#1357 = CARTESIAN_POINT ( 'NONE',  ( 25.55000000000000071, -6.610000000000003872, -4.199999999998458300 ) ) ;
#1358 = ORIENTED_EDGE ( 'NONE', *, *, #100, .T. ) ;
#1359 = DIRECTION ( 'NONE',  ( 0.000000000000000000, 0.000000000000000000, 1.000000000000000000 ) ) ;
#1360 = EDGE_CURVE ( 'NONE', #3393, #2736, #2630, .T. ) ;
#1361 = ORIENTED_EDGE ( 'NONE', *, *, #197, .F. ) ;
#1362 = PLANE ( 'NONE',  #2209 ) ;
#1363 = VECTOR ( 'NONE', #2160, 1000.000000000000000 ) ;
#1364 = ORIENTED_EDGE ( 'NONE', *, *, #1542, .F. ) ;
#1365 = CYLINDRICAL_SURFACE ( 'NONE', #778, 0.9000000000019027224 ) ;
#1366 = EDGE_CURVE ( 'NONE', #2197, #3128, #34, .T. ) ;
#1367 = CARTESIAN_POINT ( 'NONE',  ( 25.55000000000000071, -6.610000000000003872, -4.199999999998458300 ) ) ;
#1368 = VERTEX_POINT ( 'NONE', #2355 ) ;
#1369 = PLANE ( 'NONE',  #2188 ) ;
#1370 = LINE ( 'NONE', #804, #11 ) ;
#1371 = CARTESIAN_POINT ( 'NONE',  ( -31.99999999999997868, -21.89698046350459748, 27.30000000000000071 ) ) ;
#1372 = ORIENTED_EDGE ( 'NONE', *, *, #2137, .T. ) ;
#1373 = CARTESIAN_POINT ( 'NONE',  ( -0.000000000000000000, -21.89698046350459748, -24.55000000000000071 ) ) ;
#1374 = FACE_OUTER_BOUND ( 'NONE', #1660, .T. ) ;
#1375 = CARTESIAN_POINT ( 'NONE',  ( -28.64999999999999503, -21.89698046350459748, -34.30073859982388029 ) ) ;
#1376 = LINE ( 'NONE', #3191, #608 ) ;
#1377 = ADVANCED_FACE ( 'NONE', ( #880 ), #1850, .F. ) ;
#1378 = VERTEX_POINT ( 'NONE', #2923 ) ;
#1379 = VECTOR ( 'NONE', #2130, 1000.000000000000000 ) ;
#1380 = DIRECTION ( 'NONE',  ( 0.000000000000000000, -1.000000000000000000, 0.000000000000000000 ) ) ;
#1381 = CARTESIAN_POINT ( 'NONE',  ( 27.44999999999999929, -4.500338972710011376, -1.949999999999993516 ) ) ;
#1382 = VECTOR ( 'NONE', #319, 1000.000000000000227 ) ;
#1383 = CARTESIAN_POINT ( 'NONE',  ( 25.55000000000000426, -29.25000000000000000, -6.449999999999987743 ) ) ;
#1384 = ORIENTED_EDGE ( 'NONE', *, *, #1708, .F. ) ;
#1385 = DIRECTION ( 'NONE',  ( 0.000000000000000000, -0.000000000000000000, 1.000000000000000000 ) ) ;
#1386 = VECTOR ( 'NONE', #1073, 1000.000000000000000 ) ;
#1387 = CARTESIAN_POINT ( 'NONE',  ( -6.500000000000024869, -4.500338972710007823, -7.199999999998458300 ) ) ;
#1388 = EDGE_CURVE ( 'NONE', #553, #2147, #2300, .T. ) ;
#1389 = ORIENTED_EDGE ( 'NONE', *, *, #985, .F. ) ;
#1390 = ORIENTED_EDGE ( 'NONE', *, *, #3414, .T. ) ;
#1391 = CARTESIAN_POINT ( 'NONE',  ( 0.000000000000000000, 0.000000000000000000, 0.000000000000000000 ) ) ;
#1392 = DIRECTION ( 'NONE',  ( 0.000000000000000000, 0.000000000000000000, -1.000000000000000000 ) ) ;
#1393 = CARTESIAN_POINT ( 'NONE',  ( -13.35000000000002274, 0.000000000000000000, 0.000000000000000000 ) ) ;
#1394 = CARTESIAN_POINT ( 'NONE',  ( -4.949497572825296565, 0.000000000000000000, -4.949999999999799449 ) ) ;
#1395 = ADVANCED_FACE ( 'NONE', ( #1435 ), #3189, .F. ) ;
#1396 = CARTESIAN_POINT ( 'NONE',  ( 31.44999999999999929, -39.25000000000000000, -24.55000000000000071 ) ) ;
#1397 = DIRECTION ( 'NONE',  ( 9.745637505487680998E-17, -1.000000000000000000, 0.000000000000000000 ) ) ;
#1398 = CARTESIAN_POINT ( 'NONE',  ( -9.350000000000028066, -29.25000000000000000, 19.41500000000001691 ) ) ;
#1399 = DIRECTION ( 'NONE',  ( 0.000000000000000000, -1.000000000000000000, 0.000000000000000000 ) ) ;
#1400 = AXIS2_PLACEMENT_3D ( 'NONE', #3318, #467, #3054 ) ;
#1401 = DIRECTION ( 'NONE',  ( 1.000000000000000000, 0.000000000000000000, 0.000000000000000000 ) ) ;
#1402 = CARTESIAN_POINT ( 'NONE',  ( -12.85000000000002096, -24.11214197290104622, -24.55000000000000071 ) ) ;
#1403 = VECTOR ( 'NONE', #2575, 1000.000000000000000 ) ;
#1404 = VERTEX_POINT ( 'NONE', #293 ) ;
#1405 = PLANE ( 'NONE',  #2014 ) ;
#1406 = CIRCLE ( 'NONE', #2327, 1.350000000000000089 ) ;
#1407 = CARTESIAN_POINT ( 'NONE',  ( 4.950000000000001066, -4.500338972710011376, -7.949497572824773428 ) ) ;
#1408 = ORIENTED_EDGE ( 'NONE', *, *, #3737, .F. ) ;
#1409 = VERTEX_POINT ( 'NONE', #2941 ) ;
#1410 = PLANE ( 'NONE',  #848 ) ;
#1411 = CARTESIAN_POINT ( 'NONE',  ( 27.44999999999999929, -6.760289708239327844, 4.835076018827155764 ) ) ;
#1412 = EDGE_LOOP ( 'NONE', ( #1246, #859, #1099, #673 ) ) ;
#1413 = AXIS2_PLACEMENT_3D ( 'NONE', #3, #2053, #2940 ) ;
#1414 = CYLINDRICAL_SURFACE ( 'NONE', #3347, 0.9995327267658220549 ) ;
#1415 = CARTESIAN_POINT ( 'NONE',  ( 4.950000000000001066, 6.349999999999999645, -3.524497572824773162 ) ) ;
#1416 = EDGE_CURVE ( 'NONE', #1042, #326, #895, .T. ) ;
#1417 = DIRECTION ( 'NONE',  ( 1.000000000000000000, -0.000000000000000000, -0.000000000000000000 ) ) ;
#1418 = EDGE_CURVE ( 'NONE', #2399, #2080, #2320, .T. ) ;
#1419 = DIRECTION ( 'NONE',  ( -1.000000000000000000, -7.779833121590977705E-17, 6.162975822039154730E-33 ) ) ;
#1420 = EDGE_CURVE ( 'NONE', #246, #1482, #862, .T. ) ;
#1421 = CARTESIAN_POINT ( 'NONE',  ( 0.000000000000000000, 3.349999999999996980, -28.05000000000000071 ) ) ;
#1422 = FACE_OUTER_BOUND ( 'NONE', #2167, .T. ) ;
#1423 = DIRECTION ( 'NONE',  ( -0.000000000000000000, -1.000000000000000000, -0.000000000000000000 ) ) ;
#1424 = ORIENTED_EDGE ( 'NONE', *, *, #124, .T. ) ;
#1425 = DIRECTION ( 'NONE',  ( 0.000000000000000000, 0.000000000000000000, 1.000000000000000000 ) ) ;
#1426 = CARTESIAN_POINT ( 'NONE',  ( -30.94999999999999929, 0.000000000000000000, -24.55000000000000071 ) ) ;
#1427 = AXIS2_PLACEMENT_3D ( 'NONE', #135, #1005, #1905 ) ;
#1428 = ORIENTED_EDGE ( 'NONE', *, *, #244, .F. ) ;
#1429 = ADVANCED_FACE ( 'NONE', ( #613 ), #1828, .F. ) ;
#1430 = ORIENTED_EDGE ( 'NONE', *, *, #662, .T. ) ;
#1431 = DIRECTION ( 'NONE',  ( 1.000000000000000000, -0.000000000000000000, -0.000000000000000000 ) ) ;
#1432 = ORIENTED_EDGE ( 'NONE', *, *, #512, .F. ) ;
#1433 = LINE ( 'NONE', #3522, #3118 ) ;
#1434 = PLANE ( 'NONE',  #1788 ) ;
#1435 = FACE_OUTER_BOUND ( 'NONE', #2526, .T. ) ;
#1436 = DIRECTION ( 'NONE',  ( 0.000000000000000000, -1.000000000000000000, 0.000000000000000000 ) ) ;
#1437 = ORIENTED_EDGE ( 'NONE', *, *, #3226, .T. ) ;
#1438 = EDGE_CURVE ( 'NONE', #1261, #645, #2613, .T. ) ;
#1439 = DIRECTION ( 'NONE',  ( -1.000000000000000000, 0.000000000000000000, 0.000000000000000000 ) ) ;
#1440 = CARTESIAN_POINT ( 'NONE',  ( -32.74999999999998579, 13.51999999999949509, 17.88000000000054257 ) ) ;
#1441 = CIRCLE ( 'NONE', #1633, 7.100059492837036856 ) ;
#1442 = DIRECTION ( 'NONE',  ( -0.000000000000000000, 1.000000000000000000, -0.000000000000000000 ) ) ;
#1443 = ORIENTED_EDGE ( 'NONE', *, *, #683, .F. ) ;
#1444 = CARTESIAN_POINT ( 'NONE',  ( -13.35000000000002274, -27.11000000000001009, 15.59999999999963372 ) ) ;
#1445 = AXIS2_PLACEMENT_3D ( 'NONE', #3614, #701, #973 ) ;
#1446 = CYLINDRICAL_SURFACE ( 'NONE', #2064, 1.350000000000000089 ) ;
#1447 = EDGE_CURVE ( 'NONE', #2688, #1145, #2668, .T. ) ;
#1448 = ORIENTED_EDGE ( 'NONE', *, *, #2800, .F. ) ;
#1449 = ORIENTED_EDGE ( 'NONE', *, *, #621, .T. ) ;
#1450 = DIRECTION ( 'NONE',  ( -1.000000000000000000, 0.000000000000000000, 0.000000000000000000 ) ) ;
#1451 = VECTOR ( 'NONE', #444, 1000.000000000000000 ) ;
#1452 = EDGE_CURVE ( 'NONE', #3553, #460, #2444, .T. ) ;
#1453 = EDGE_LOOP ( 'NONE', ( #2650, #2621 ) ) ;
#1454 = DIRECTION ( 'NONE',  ( 0.000000000000000000, 1.000000000000000000, 0.000000000000000000 ) ) ;
#1455 = DIRECTION ( 'NONE',  ( -1.000000000000000000, 0.000000000000000000, 0.000000000000000000 ) ) ;
#1456 = CARTESIAN_POINT ( 'NONE',  ( 27.45000000000000284, -27.45767651737898518, -1.537918005908522900 ) ) ;
#1457 = VECTOR ( 'NONE', #1450, 1000.000000000000000 ) ;
#1458 = ORIENTED_EDGE ( 'NONE', *, *, #3337, .F. ) ;
#1459 = DIRECTION ( 'NONE',  ( 1.000000000000000000, 0.000000000000000000, 0.000000000000000000 ) ) ;
#1460 = AXIS2_PLACEMENT_3D ( 'NONE', #3122, #1120, #1659 ) ;
#1461 = LINE ( 'NONE', #1156, #3546 ) ;
#1462 = ADVANCED_FACE ( 'NONE', ( #3325 ), #1035, .F. ) ;
#1463 = VERTEX_POINT ( 'NONE', #123 ) ;
#1464 = DIRECTION ( 'NONE',  ( 1.000000000000000000, 0.000000000000000000, 0.000000000000000000 ) ) ;
#1465 = EDGE_CURVE ( 'NONE', #359, #536, #2863, .T. ) ;
#1466 = ADVANCED_FACE ( 'NONE', ( #3645 ), #2769, .F. ) ;
#1467 = DIRECTION ( 'NONE',  ( -1.000000000000000000, -0.000000000000000000, -0.000000000000000000 ) ) ;
#1468 = VECTOR ( 'NONE', #1297, 1000.000000000000000 ) ;
#1469 = ORIENTED_EDGE ( 'NONE', *, *, #1267, .T. ) ;
#1470 = EDGE_CURVE ( 'NONE', #2415, #554, #2793, .T. ) ;
#1471 = LINE ( 'NONE', #2082, #2406 ) ;
#1472 = AXIS2_PLACEMENT_3D ( 'NONE', #1024, #2177, #2138 ) ;
#1473 = ORIENTED_EDGE ( 'NONE', *, *, #3683, .F. ) ;
#1474 = CARTESIAN_POINT ( 'NONE',  ( -31.99999999999997868, 0.000000000000000000, -27.30000000000000426 ) ) ;
#1475 = DIRECTION ( 'NONE',  ( -0.000000000000000000, 1.000000000000000000, -0.000000000000000000 ) ) ;
#1476 = LINE ( 'NONE', #2037, #2982 ) ;
#1477 = ORIENTED_EDGE ( 'NONE', *, *, #1366, .F. ) ;
#1478 = LINE ( 'NONE', #882, #1051 ) ;
#1479 = LINE ( 'NONE', #68, #422 ) ;
#1480 = AXIS2_PLACEMENT_3D ( 'NONE', #1784, #1171, #3572 ) ;
#1481 = DIRECTION ( 'NONE',  ( 0.000000000000000000, 0.000000000000000000, 1.000000000000000000 ) ) ;
#1482 = VERTEX_POINT ( 'NONE', #1933 ) ;
#1483 = DIRECTION ( 'NONE',  ( -0.000000000000000000, 1.000000000000000000, -0.000000000000000000 ) ) ;
#1484 = EDGE_CURVE ( 'NONE', #517, #2715, #3107, .T. ) ;
#1485 = ORIENTED_EDGE ( 'NONE', *, *, #2901, .T. ) ;
#1486 = EDGE_CURVE ( 'NONE', #2264, #342, #2672, .T. ) ;
#1487 = VERTEX_POINT ( 'NONE', #1721 ) ;
#1488 = ADVANCED_FACE ( 'NONE', ( #3723 ), #1741, .F. ) ;
#1489 = CARTESIAN_POINT ( 'NONE',  ( -0.000000000000000000, -21.89698046350459748, -24.55000000000000071 ) ) ;
#1490 = ORIENTED_EDGE ( 'NONE', *, *, #2374, .F. ) ;
#1491 = CARTESIAN_POINT ( 'NONE',  ( 27.44999999999999929, -39.25000000000000000, 24.55000000000000071 ) ) ;
#1492 = CARTESIAN_POINT ( 'NONE',  ( 27.44999999999999929, -9.500338972710009600, 22.86009492289630174 ) ) ;
#1493 = ORIENTED_EDGE ( 'NONE', *, *, #3459, .F. ) ;
#1494 = DIRECTION ( 'NONE',  ( -0.000000000000000000, -1.000000000000000000, -0.000000000000000000 ) ) ;
#1495 = CARTESIAN_POINT ( 'NONE',  ( 0.000000000000000000, -24.11213394580208913, 24.55000000000000071 ) ) ;
#1496 = ADVANCED_FACE ( 'NONE', ( #202 ), #1446, .F. ) ;
#1497 = CYLINDRICAL_SURFACE ( 'NONE', #2220, 0.9995327267658220549 ) ;
#1498 = ORIENTED_EDGE ( 'NONE', *, *, #3337, .T. ) ;
#1499 = DIRECTION ( 'NONE',  ( 4.118684382124149690E-17, -0.4226182617406973319, 0.9063077870366509359 ) ) ;
#1500 = VERTEX_POINT ( 'NONE', #243 ) ;
#1501 = ORIENTED_EDGE ( 'NONE', *, *, #1312, .F. ) ;
#1502 = DIRECTION ( 'NONE',  ( 0.000000000000000000, 0.000000000000000000, -1.000000000000000000 ) ) ;
#1503 = VECTOR ( 'NONE', #487, 1000.000000000000000 ) ;
#1504 = EDGE_CURVE ( 'NONE', #2983, #3082, #704, .T. ) ;
#1505 = ORIENTED_EDGE ( 'NONE', *, *, #1243, .F. ) ;
#1506 = LINE ( 'NONE', #3204, #2366 ) ;
#1507 = DIRECTION ( 'NONE',  ( 0.000000000000000000, 0.000000000000000000, 1.000000000000000000 ) ) ;
#1508 = APPLICATION_CONTEXT ( 'automotive_design' ) ;
#1509 = VECTOR ( 'NONE', #2578, 1000.000000000000000 ) ;
#1510 = AXIS2_PLACEMENT_3D ( 'NONE', #1724, #3485, #2524 ) ;
#1511 = ORIENTED_EDGE ( 'NONE', *, *, #596, .F. ) ;
#1512 = DIRECTION ( 'NONE',  ( -1.000000000000000000, -7.779833121590977705E-17, 6.162975822039154730E-33 ) ) ;
#1513 = CIRCLE ( 'NONE', #2367, 0.9000000000019027224 ) ;
#1514 = DIRECTION ( 'NONE',  ( 0.000000000000000000, 0.000000000000000000, -1.000000000000000000 ) ) ;
#1515 = CARTESIAN_POINT ( 'NONE',  ( 27.44999999999999574, -29.25000000000000000, 18.00000000000152767 ) ) ;
#1516 = APPLICATION_PROTOCOL_DEFINITION ( 'draft international standard', 'automotive_design', 1998, #1508 ) ;
#1517 = ORIENTED_EDGE ( 'NONE', *, *, #1256, .T. ) ;
#1518 = LINE ( 'NONE', #317, #1209 ) ;
#1519 = VECTOR ( 'NONE', #539, 1000.000000000000000 ) ;
#1520 = ORIENTED_EDGE ( 'NONE', *, *, #125, .T. ) ;
#1521 = ORIENTED_EDGE ( 'NONE', *, *, #2385, .T. ) ;
#1522 = CARTESIAN_POINT ( 'NONE',  ( -32.95003483321599447, -51.92604593830444060, 1.040834085586084257E-14 ) ) ;
#1523 = VERTEX_POINT ( 'NONE', #3704 ) ;
#1524 = AXIS2_PLACEMENT_3D ( 'NONE', #527, #508, #1714 ) ;
#1525 = LINE ( 'NONE', #2976, #2455 ) ;
#1526 = ADVANCED_FACE ( 'NONE', ( #2251 ), #1992, .F. ) ;
#1527 = ORIENTED_EDGE ( 'NONE', *, *, #414, .T. ) ;
#1528 = EDGE_CURVE ( 'NONE', #3515, #430, #1973, .T. ) ;
#1529 = DIRECTION ( 'NONE',  ( 1.000000000000000000, 0.000000000000000000, 0.000000000000000000 ) ) ;
#1530 = EDGE_CURVE ( 'NONE', #2449, #3724, #1253, .T. ) ;
#1531 = DIRECTION ( 'NONE',  ( 0.000000000000000000, 0.000000000000000000, -1.000000000000000000 ) ) ;
#1532 = EDGE_CURVE ( 'NONE', #2359, #2399, #218, .T. ) ;
#1533 = ORIENTED_EDGE ( 'NONE', *, *, #1186, .F. ) ;
#1534 = DIRECTION ( 'NONE',  ( -1.000000000000000000, 0.000000000000000000, 0.000000000000000000 ) ) ;
#1535 = CIRCLE ( 'NONE', #810, 0.9000000000019044988 ) ;
#1536 = CARTESIAN_POINT ( 'NONE',  ( -31.99999999999997868, 0.000000000000000000, -27.30000000000000426 ) ) ;
#1537 = VECTOR ( 'NONE', #1937, 1000.000000000000000 ) ;
#1538 = ORIENTED_EDGE ( 'NONE', *, *, #2208, .F. ) ;
#1539 = VERTEX_POINT ( 'NONE', #1407 ) ;
#1540 = LINE ( 'NONE', #674, #3097 ) ;
#1541 = DIRECTION ( 'NONE',  ( 1.000000000000000000, 0.000000000000000000, 0.000000000000000000 ) ) ;
#1542 = EDGE_CURVE ( 'NONE', #2086, #1308, #2582, .T. ) ;
#1543 = EDGE_LOOP ( 'NONE', ( #268, #43, #1951, #757, #911 ) ) ;
#1544 = ORIENTED_EDGE ( 'NONE', *, *, #852, .T. ) ;
#1545 = CARTESIAN_POINT ( 'NONE',  ( 31.44999999999999929, -6.260289708239329620, -1.037918005908522456 ) ) ;
#1546 = VECTOR ( 'NONE', #2729, 1000.000000000000114 ) ;
#1547 = ORIENTED_EDGE ( 'NONE', *, *, #3471, .F. ) ;
#1548 = CARTESIAN_POINT ( 'NONE',  ( 31.44999999999999929, -6.760289708239330508, -1.537918005908522900 ) ) ;
#1549 = AXIS2_PLACEMENT_3D ( 'NONE', #3201, #607, #2657 ) ;
#1550 = DIRECTION ( 'NONE',  ( 1.000000000000000000, 0.000000000000000000, -0.000000000000000000 ) ) ;
#1551 = EDGE_CURVE ( 'NONE', #78, #280, #835, .T. ) ;
#1552 = EDGE_LOOP ( 'NONE', ( #656, #2062 ) ) ;
#1553 = CARTESIAN_POINT ( 'NONE',  ( -32.74999999999998579, 6.349999999999999645, 28.05000000000000071 ) ) ;
#1554 = CIRCLE ( 'NONE', #82, 3.000000000000000000 ) ;
#1555 = DIRECTION ( 'NONE',  ( 0.000000000000000000, 0.000000000000000000, -1.000000000000000000 ) ) ;
#1556 = VECTOR ( 'NONE', #2944, 1000.000000000000000 ) ;
#1557 = VERTEX_POINT ( 'NONE', #1143 ) ;
#1558 = CARTESIAN_POINT ( 'NONE',  ( -28.64999999999999503, -24.11213394580208913, 24.55000000000000071 ) ) ;
#1559 = EDGE_LOOP ( 'NONE', ( #2985, #3521, #3235, #3517 ) ) ;
#1560 = CARTESIAN_POINT ( 'NONE',  ( 31.44999999999999929, -50.91721587395787196, 0.4704251847818120003 ) ) ;
#1561 = DIRECTION ( 'NONE',  ( 0.000000000000000000, 0.000000000000000000, 1.000000000000000000 ) ) ;
#1562 = ORIENTED_EDGE ( 'NONE', *, *, #3520, .F. ) ;
#1563 = ORIENTED_EDGE ( 'NONE', *, *, #1199, .F. ) ;
#1564 = VECTOR ( 'NONE', #1593, 1000.000000000000000 ) ;
#1565 = DIRECTION ( 'NONE',  ( -0.000000000000000000, -1.000000000000000000, -0.000000000000000000 ) ) ;
#1566 = VECTOR ( 'NONE', #475, 1000.000000000000000 ) ;
#1567 = UNCERTAINTY_MEASURE_WITH_UNIT (LENGTH_MEASURE( 1.000000000000000082E-05 ), #1792, 'distance_accuracy_value', 'NONE');
#1568 = EDGE_LOOP ( 'NONE', ( #1816, #2787, #3225, #3548, #3539, #710 ) ) ;
#1569 = DIRECTION ( 'NONE',  ( 0.000000000000000000, -2.055359568692899253E-16, 1.000000000000000000 ) ) ;
#1570 = DIRECTION ( 'NONE',  ( -1.000000000000000000, -9.745637505487682231E-17, 0.000000000000000000 ) ) ;
#1571 = LINE ( 'NONE', #1279, #752 ) ;
#1572 = AXIS2_PLACEMENT_3D ( 'NONE', #307, #2052, #693 ) ;
#1573 = VERTEX_POINT ( 'NONE', #3482 ) ;
#1574 = CARTESIAN_POINT ( 'NONE',  ( -28.64999999999999503, -24.11213394580208913, -24.54999999999997939 ) ) ;
#1575 = DIRECTION ( 'NONE',  ( 0.000000000000000000, -1.000000000000000000, 0.000000000000000000 ) ) ;
#1576 = DIRECTION ( 'NONE',  ( 0.000000000000000000, 0.000000000000000000, -1.000000000000000000 ) ) ;
#1577 = ORIENTED_EDGE ( 'NONE', *, *, #456, .T. ) ;
#1578 = DIRECTION ( 'NONE',  ( -1.000000000000000000, -7.779833121590977705E-17, 6.162975822039154730E-33 ) ) ;
#1579 = ORIENTED_EDGE ( 'NONE', *, *, #921, .F. ) ;
#1580 = PLANE ( 'NONE',  #2412 ) ;
#1581 = DIRECTION ( 'NONE',  ( 0.000000000000000000, 0.000000000000000000, 1.000000000000000000 ) ) ;
#1582 = EDGE_CURVE ( 'NONE', #3098, #1619, #3001, .T. ) ;
#1583 = EDGE_CURVE ( 'NONE', #1557, #1169, #3302, .T. ) ;
#1584 = ADVANCED_FACE ( 'NONE', ( #958 ), #2125, .F. ) ;
#1585 = ORIENTED_EDGE ( 'NONE', *, *, #149, .F. ) ;
#1586 = AXIS2_PLACEMENT_3D ( 'NONE', #3332, #3354, #702 ) ;
#1587 = CARTESIAN_POINT ( 'NONE',  ( 27.44999999999999929, 6.350000000000000533, -60.32163680906983672 ) ) ;
#1588 = ORIENTED_EDGE ( 'NONE', *, *, #2694, .F. ) ;
#1589 = AXIS2_PLACEMENT_3D ( 'NONE', #2667, #1211, #2375 ) ;
#1590 = CARTESIAN_POINT ( 'NONE',  ( 30.95000000000000284, -29.25000000000000000, 19.41500000000001691 ) ) ;
#1591 = CARTESIAN_POINT ( 'NONE',  ( -32.95003483321599447, 5.774711970628510682E-15, 12.49999999999998757 ) ) ;
#1592 = VECTOR ( 'NONE', #3395, 1000.000000000000000 ) ;
#1593 = DIRECTION ( 'NONE',  ( -1.000000000000000000, -0.000000000000000000, -0.000000000000000000 ) ) ;
#1594 = CARTESIAN_POINT ( 'NONE',  ( 4.949497572824959946, -29.25000000000000000, 3.525000000000527933 ) ) ;
#1595 = EDGE_LOOP ( 'NONE', ( #742, #1217, #2484, #1780 ) ) ;
#1596 = DIRECTION ( 'NONE',  ( 1.000000000000000000, 0.000000000000000000, 0.000000000000000000 ) ) ;
#1597 = CARTESIAN_POINT ( 'NONE',  ( -28.64999999999999503, -21.89698046350459748, -34.30073859982388029 ) ) ;
#1598 = CARTESIAN_POINT ( 'NONE',  ( -32.95003483321599447, 0.000000000000000000, -12.49999999999999112 ) ) ;
#1599 = ORIENTED_EDGE ( 'NONE', *, *, #2211, .T. ) ;
#1600 = CARTESIAN_POINT ( 'NONE',  ( 4.949497572824959946, 0.000000000000000000, 4.950000000000527756 ) ) ;
#1601 = CIRCLE ( 'NONE', #2517, 3.000000000000000444 ) ;
#1602 = EDGE_CURVE ( 'NONE', #1851, #3446, #622, .T. ) ;
#1603 = DIRECTION ( 'NONE',  ( 1.000000000000000000, -0.000000000000000000, -0.000000000000000000 ) ) ;
#1604 = DIRECTION ( 'NONE',  ( -1.636733330948934159E-16, 1.000000000000000000, 0.000000000000000000 ) ) ;
#1605 = VECTOR ( 'NONE', #2727, 1000.000000000000000 ) ;
#1606 = DIRECTION ( 'NONE',  ( 0.000000000000000000, 0.000000000000000000, -1.000000000000000000 ) ) ;
#1607 = EDGE_CURVE ( 'NONE', #141, #927, #352, .T. ) ;
#1608 = EDGE_CURVE ( 'NONE', #3724, #2449, #90, .T. ) ;
#1609 = ORIENTED_EDGE ( 'NONE', *, *, #350, .F. ) ;
#1610 = LINE ( 'NONE', #148, #2757 ) ;
#1611 = MANIFOLD_SOLID_BREP ( 'Cut-Extrude25', #3758 ) ;
#1612 = ORIENTED_EDGE ( 'NONE', *, *, #2395, .F. ) ;
#1613 = CARTESIAN_POINT ( 'NONE',  ( -4.950000000000338574, 6.349999999999999645, 6.374497572825494451 ) ) ;
#1614 = CIRCLE ( 'NONE', #1797, 0.9000000000014556356 ) ;
#1615 = CARTESIAN_POINT ( 'NONE',  ( -13.35000000000002274, -6.610000000000006537, -3.299999999996555466 ) ) ;
#1616 = ORIENTED_EDGE ( 'NONE', *, *, #2259, .F. ) ;
#1617 = PLANE ( 'NONE',  #2634 ) ;
#1618 = EDGE_CURVE ( 'NONE', #1573, #1300, #76, .T. ) ;
#1619 = VERTEX_POINT ( 'NONE', #3618 ) ;
#1620 = DIRECTION ( 'NONE',  ( 6.162975822039154730E-33, 6.006212831667855052E-49, 1.000000000000000000 ) ) ;
#1621 = VERTEX_POINT ( 'NONE', #2495 ) ;
#1622 = FACE_OUTER_BOUND ( 'NONE', #2961, .T. ) ;
#1623 = CARTESIAN_POINT ( 'NONE',  ( -29.39999999999999503, 0.000000000000000000, 24.54999999999999005 ) ) ;
#1624 = AXIS2_PLACEMENT_3D ( 'NONE', #1754, #2595, #2302 ) ;
#1625 = DIRECTION ( 'NONE',  ( 0.000000000000000000, 0.000000000000000000, 1.000000000000000000 ) ) ;
#1626 = ORIENTED_EDGE ( 'NONE', *, *, #1162, .F. ) ;
#1627 = VERTEX_POINT ( 'NONE', #3659 ) ;
#1628 = LINE ( 'NONE', #2391, #1863 ) ;
#1629 = FACE_OUTER_BOUND ( 'NONE', #2917, .T. ) ;
#1630 = ADVANCED_FACE ( 'NONE', ( #3339 ), #2785, .T. ) ;
#1631 = ORIENTED_EDGE ( 'NONE', *, *, #2971, .T. ) ;
#1632 = CARTESIAN_POINT ( 'NONE',  ( -4.949497572825296565, 6.349999999999999645, -4.949999999999799449 ) ) ;
#1633 = AXIS2_PLACEMENT_3D ( 'NONE', #1691, #3170, #1336 ) ;
#1634 = LINE ( 'NONE', #2804, #3037 ) ;
#1635 = FACE_OUTER_BOUND ( 'NONE', #204, .T. ) ;
#1636 = ORIENTED_EDGE ( 'NONE', *, *, #2305, .F. ) ;
#1637 = DIRECTION ( 'NONE',  ( 0.000000000000000000, -1.000000000000000000, 0.000000000000000000 ) ) ;
#1638 = FACE_OUTER_BOUND ( 'NONE', #1412, .T. ) ;
#1639 = ORIENTED_EDGE ( 'NONE', *, *, #985, .T. ) ;
#1640 = CYLINDRICAL_SURFACE ( 'NONE', #2394, 0.9000000000019027224 ) ;
#1641 = VERTEX_POINT ( 'NONE', #469 ) ;
#1642 = DIRECTION ( 'NONE',  ( -1.000000000000000000, -0.000000000000000000, -0.000000000000000000 ) ) ;
#1643 = AXIS2_PLACEMENT_3D ( 'NONE', #2851, #1101, #216 ) ;
#1644 = ORIENTED_EDGE ( 'NONE', *, *, #1583, .T. ) ;
#1645 = ORIENTED_EDGE ( 'NONE', *, *, #770, .T. ) ;
#1646 = CARTESIAN_POINT ( 'NONE',  ( -6.500000000000024869, -27.11000000000000654, -4.199999999998461853 ) ) ;
#1647 = DIRECTION ( 'NONE',  ( 0.000000000000000000, 0.000000000000000000, 1.000000000000000000 ) ) ;
#1648 = ORIENTED_EDGE ( 'NONE', *, *, #2706, .F. ) ;
#1649 = PLANE ( 'NONE',  #652 ) ;
#1650 = ADVANCED_FACE ( 'NONE', ( #174 ), #1889, .T. ) ;
#1651 = DIRECTION ( 'NONE',  ( 0.000000000000000000, -1.000000000000000000, 0.000000000000000000 ) ) ;
#1652 = LINE ( 'NONE', #3396, #3586 ) ;
#1653 = CARTESIAN_POINT ( 'NONE',  ( -6.500000000000024869, -6.610000000000006537, -4.199999999998458300 ) ) ;
#1654 = AXIS2_PLACEMENT_3D ( 'NONE', #2997, #2979, #2651 ) ;
#1655 = EDGE_CURVE ( 'NONE', #530, #1916, #2764, .T. ) ;
#1656 = ORIENTED_EDGE ( 'NONE', *, *, #623, .F. ) ;
#1657 = PLANE ( 'NONE',  #1275 ) ;
#1658 = AXIS2_PLACEMENT_3D ( 'NONE', #2450, #2158, #2468 ) ;
#1659 = DIRECTION ( 'NONE',  ( -1.438880092385038863E-16, 1.000000000000000000, 0.000000000000000000 ) ) ;
#1660 = EDGE_LOOP ( 'NONE', ( #2777, #1786, #1824, #1521 ) ) ;
#1661 = DIRECTION ( 'NONE',  ( -1.000000000000000000, -7.779833121590977705E-17, 6.162975822039154730E-33 ) ) ;
#1662 = ORIENTED_EDGE ( 'NONE', *, *, #3567, .T. ) ;
#1663 = LINE ( 'NONE', #2768, #2802 ) ;
#1664 = CARTESIAN_POINT ( 'NONE',  ( -4.949497572825296565, -4.500338972710011376, -4.949999999999799449 ) ) ;
#1665 = EDGE_LOOP ( 'NONE', ( #2533, #1726 ) ) ;
#1666 = ORIENTED_EDGE ( 'NONE', *, *, #1140, .T. ) ;
#1667 = CARTESIAN_POINT ( 'NONE',  ( 4.950000000000001066, 6.349999999999999645, -4.949497572824772540 ) ) ;
#1668 = DIRECTION ( 'NONE',  ( -0.000000000000000000, 1.000000000000000000, -0.000000000000000000 ) ) ;
#1669 = CIRCLE ( 'NONE', #2583, 3.000000000000001332 ) ;
#1670 = EDGE_CURVE ( 'NONE', #1929, #2837, #162, .T. ) ;
#1671 = ORIENTED_EDGE ( 'NONE', *, *, #731, .T. ) ;
#1672 = CARTESIAN_POINT ( 'NONE',  ( -4.949497572825296565, 6.349999999999999645, -3.524999999999799183 ) ) ;
#1673 = DIRECTION ( 'NONE',  ( 1.000000000000000000, 0.000000000000000000, 0.000000000000000000 ) ) ;
#1674 = CARTESIAN_POINT ( 'NONE',  ( -4.949497572825296565, -4.500338972710011376, -4.949999999999799449 ) ) ;
#1675 = FACE_BOUND ( 'NONE', #502, .T. ) ;
#1676 = CARTESIAN_POINT ( 'NONE',  ( 0.000000000000000000, 6.349999999999999645, -25.04999999999998650 ) ) ;
#1677 = EDGE_CURVE ( 'NONE', #966, #78, #1843, .T. ) ;
#1678 = CARTESIAN_POINT ( 'NONE',  ( -4.950000000000338574, -4.500338972710011376, 7.949497572825495517 ) ) ;
#1679 = FACE_OUTER_BOUND ( 'NONE', #753, .T. ) ;
#1680 = ORIENTED_EDGE ( 'NONE', *, *, #2831, .T. ) ;
#1681 = DIRECTION ( 'NONE',  ( 0.000000000000000000, -1.299418334065024380E-16, 1.000000000000000000 ) ) ;
#1682 = DIRECTION ( 'NONE',  ( -1.000000000000000000, -0.000000000000000000, -0.000000000000000000 ) ) ;
#1683 = EDGE_LOOP ( 'NONE', ( #2031, #46, #2480 ) ) ;
#1684 = EDGE_LOOP ( 'NONE', ( #3762, #3783 ) ) ;
#1685 = VECTOR ( 'NONE', #1423, 1000.000000000000000 ) ;
#1686 = DIRECTION ( 'NONE',  ( 0.000000000000000000, 1.299418334065024133E-16, -1.000000000000000000 ) ) ;
#1687 = DIRECTION ( 'NONE',  ( 0.000000000000000000, 0.000000000000000000, -1.000000000000000000 ) ) ;
#1688 = ORIENTED_EDGE ( 'NONE', *, *, #1240, .F. ) ;
#1689 = DIRECTION ( 'NONE',  ( 1.000000000000000000, -0.000000000000000000, -0.000000000000000000 ) ) ;
#1690 = CARTESIAN_POINT ( 'NONE',  ( 4.949497572824959946, -29.25000000000000000, 4.950000000000527756 ) ) ;
#1691 = CARTESIAN_POINT ( 'NONE',  ( 31.44999999999999929, -51.92604593830444060, 1.040834085586084257E-14 ) ) ;
#1692 = LINE ( 'NONE', #3398, #1898 ) ;
#1693 = AXIS2_PLACEMENT_3D ( 'NONE', #560, #963, #1172 ) ;
#1694 = CARTESIAN_POINT ( 'NONE',  ( 27.44999999999999929, -9.500338972710009600, -24.55000000000000071 ) ) ;
#1695 = AXIS2_PLACEMENT_3D ( 'NONE', #2501, #144, #1625 ) ;
#1696 = DIRECTION ( 'NONE',  ( -0.000000000000000000, 1.000000000000000000, -0.000000000000000000 ) ) ;
#1697 = EDGE_LOOP ( 'NONE', ( #1322, #425, #2906, #1079 ) ) ;
#1698 = DIRECTION ( 'NONE',  ( 0.000000000000000000, -0.9063077870366509359, 0.4226182617406973874 ) ) ;
#1699 = VECTOR ( 'NONE', #1130, 1000.000000000000000 ) ;
#1700 = DIRECTION ( 'NONE',  ( -0.000000000000000000, 1.000000000000000000, 2.055359568692899499E-16 ) ) ;
#1701 = ORIENTED_EDGE ( 'NONE', *, *, #1504, .T. ) ;
#1702 = ADVANCED_FACE ( 'NONE', ( #94 ), #2435, .F. ) ;
#1703 = VERTEX_POINT ( 'NONE', #2557 ) ;
#1704 = AXIS2_PLACEMENT_3D ( 'NONE', #637, #2689, #92 ) ;
#1705 = CARTESIAN_POINT ( 'NONE',  ( -9.350000000000024514, -9.500338972710009600, -24.55000000000000071 ) ) ;
#1706 = EDGE_CURVE ( 'NONE', #3250, #2264, #238, .T. ) ;
#1707 = CARTESIAN_POINT ( 'NONE',  ( -32.95003483321599447, -51.92604593830444060, 7.100059492837046626 ) ) ;
#1708 = EDGE_CURVE ( 'NONE', #3262, #131, #3175, .T. ) ;
#1709 = EDGE_LOOP ( 'NONE', ( #605, #2405, #2889, #1311 ) ) ;
#1710 = DIRECTION ( 'NONE',  ( 0.000000000000000000, 0.000000000000000000, 1.000000000000000000 ) ) ;
#1711 = FACE_OUTER_BOUND ( 'NONE', #105, .T. ) ;
#1712 = DIRECTION ( 'NONE',  ( -7.779833121590977705E-17, 1.000000000000000000, 2.965339275174029780E-17 ) ) ;
#1713 = CARTESIAN_POINT ( 'NONE',  ( -13.35000000000002096, 0.000000000000000000, -24.55000000000000071 ) ) ;
#1714 = DIRECTION ( 'NONE',  ( 0.000000000000000000, 0.000000000000000000, 1.000000000000000000 ) ) ;
#1715 = DIRECTION ( 'NONE',  ( 0.000000000000000000, 0.000000000000000000, 1.000000000000000000 ) ) ;
#1716 = EDGE_CURVE ( 'NONE', #2684, #207, #541, .T. ) ;
#1717 = CARTESIAN_POINT ( 'NONE',  ( -13.35000000000002274, -24.11213394580208913, -24.55000000000000071 ) ) ;
#1718 = CIRCLE ( 'NONE', #3299, 3.000000000000000000 ) ;
#1719 = EDGE_LOOP ( 'NONE', ( #304, #636, #2938, #1129 ) ) ;
#1720 = LINE ( 'NONE', #1991, #1151 ) ;
#1721 = CARTESIAN_POINT ( 'NONE',  ( -6.500000000000024869, -6.610000000000006537, 15.59999999999963372 ) ) ;
#1722 = EDGE_LOOP ( 'NONE', ( #2996, #3484 ) ) ;
#1723 = ORIENTED_EDGE ( 'NONE', *, *, #2171, .T. ) ;
#1724 = CARTESIAN_POINT ( 'NONE',  ( -13.35000000000002274, -6.610000000000006537, 16.50000000000153833 ) ) ;
#1725 = EDGE_CURVE ( 'NONE', #1917, #530, #1949, .T. ) ;
#1726 = ORIENTED_EDGE ( 'NONE', *, *, #2402, .F. ) ;
#1727 = VECTOR ( 'NONE', #1673, 1000.000000000000000 ) ;
#1728 = DIRECTION ( 'NONE',  ( 0.000000000000000000, 0.000000000000000000, 1.000000000000000000 ) ) ;
#1729 = CARTESIAN_POINT ( 'NONE',  ( 30.95000000000000284, -29.25000000000000000, -60.32163680906983672 ) ) ;
#1730 = CARTESIAN_POINT ( 'NONE',  ( 4.949497572824959946, 0.000000000000000000, 1.950000000000526423 ) ) ;
#1731 = AXIS2_PLACEMENT_3D ( 'NONE', #1323, #2497, #751 ) ;
#1732 = LINE ( 'NONE', #3138, #3722 ) ;
#1733 = EDGE_LOOP ( 'NONE', ( #1289, #2123 ) ) ;
#1734 = DIRECTION ( 'NONE',  ( 0.000000000000000000, -0.000000000000000000, -1.000000000000000000 ) ) ;
#1735 = CARTESIAN_POINT ( 'NONE',  ( -4.949497572825296565, -29.25000000000000000, -3.524999999999799183 ) ) ;
#1736 = CARTESIAN_POINT ( 'NONE',  ( 25.55000000000000071, -6.610000000000003872, 20.25000000000153477 ) ) ;
#1737 = CARTESIAN_POINT ( 'NONE',  ( 27.45000000000000284, -29.25000000000000000, -60.32163680906983672 ) ) ;
#1738 = DIRECTION ( 'NONE',  ( 7.779833121590977705E-17, -1.000000000000000000, 0.000000000000000000 ) ) ;
#1739 = EDGE_CURVE ( 'NONE', #1409, #2818, #1652, .T. ) ;
#1740 = ADVANCED_FACE ( 'NONE', ( #744 ), #3593, .F. ) ;
#1741 = PLANE ( 'NONE',  #3707 ) ;
#1742 = ORIENTED_EDGE ( 'NONE', *, *, #3544, .T. ) ;
#1743 = ORIENTED_EDGE ( 'NONE', *, *, #226, .T. ) ;
#1744 = CARTESIAN_POINT ( 'NONE',  ( 31.44999999999999929, -6.610000000000003872, 20.25000000000153477 ) ) ;
#1745 = ORIENTED_EDGE ( 'NONE', *, *, #2263, .T. ) ;
#1746 = CYLINDRICAL_SURFACE ( 'NONE', #2178, 1.350000000000000089 ) ;
#1747 = ADVANCED_FACE ( 'NONE', ( #3094 ), #719, .T. ) ;
#1748 = DIRECTION ( 'NONE',  ( 0.000000000000000000, 0.000000000000000000, 1.000000000000000000 ) ) ;
#1749 = AXIS2_PLACEMENT_3D ( 'NONE', #2350, #2067, #3519 ) ;
#1750 = CARTESIAN_POINT ( 'NONE',  ( 4.950000000000001066, 0.000000000000000000, -1.949497572824771208 ) ) ;
#1751 = CARTESIAN_POINT ( 'NONE',  ( 4.949497572824959946, -4.500338972710011376, 7.950000000000529532 ) ) ;
#1752 = ORIENTED_EDGE ( 'NONE', *, *, #171, .F. ) ;
#1753 = EDGE_CURVE ( 'NONE', #2108, #2653, #1903, .T. ) ;
#1754 = CARTESIAN_POINT ( 'NONE',  ( 30.95000000000000284, -29.25000000000000000, -60.32163680906983672 ) ) ;
#1755 = LINE ( 'NONE', #282, #1900 ) ;
#1756 = CARTESIAN_POINT ( 'NONE',  ( -31.99999999999997868, -21.89698046350459748, -27.30000000000000426 ) ) ;
#1757 = ADVANCED_FACE ( 'NONE', ( #133, #3374, #463 ), #2803, .F. ) ;
#1758 = AXIS2_PLACEMENT_3D ( 'NONE', #2902, #3306, #3509 ) ;
#1759 = LINE ( 'NONE', #2377, #883 ) ;
#1760 = VECTOR ( 'NONE', #1806, 1000.000000000000000 ) ;
#1761 = EDGE_LOOP ( 'NONE', ( #965, #756, #1384, #820 ) ) ;
#1762 = ORIENTED_EDGE ( 'NONE', *, *, #551, .F. ) ;
#1763 = CARTESIAN_POINT ( 'NONE',  ( 0.000000000000000000, 0.000000000000000000, 0.000000000000000000 ) ) ;
#1764 = VECTOR ( 'NONE', #2169, 1000.000000000000000 ) ;
#1765 = DIRECTION ( 'NONE',  ( 0.000000000000000000, -1.000000000000000000, 1.482669637587015198E-17 ) ) ;
#1766 = CARTESIAN_POINT ( 'NONE',  ( 30.95100000000001472, -16.85999999999956245, -12.49999999999865885 ) ) ;
#1767 = CARTESIAN_POINT ( 'NONE',  ( -1.110223024625156540E-13, 8.485281374238571317, -2.999999999999861888 ) ) ;
#1768 = EDGE_LOOP ( 'NONE', ( #2875, #2069, #3178, #2046 ) ) ;
#1769 = EDGE_CURVE ( 'NONE', #1023, #3780, #2427, .T. ) ;
#1770 = FACE_OUTER_BOUND ( 'NONE', #3460, .T. ) ;
#1771 = AXIS2_PLACEMENT_3D ( 'NONE', #2555, #1401, #260 ) ;
#1772 = DIRECTION ( 'NONE',  ( 0.000000000000000000, -1.000000000000000000, 0.000000000000000000 ) ) ;
#1773 = ADVANCED_FACE ( 'NONE', ( #1043 ), #2842, .F. ) ;
#1774 = ORIENTED_EDGE ( 'NONE', *, *, #3033, .T. ) ;
#1775 = VECTOR ( 'NONE', #1133, 1000.000000000000000 ) ;
#1776 = CARTESIAN_POINT ( 'NONE',  ( 27.45000000000000284, -29.25000000000000000, -6.449999999999983302 ) ) ;
#1777 = CARTESIAN_POINT ( 'NONE',  ( 27.45000000000000284, -42.04685710750737115, 18.02622368288013277 ) ) ;
#1778 = AXIS2_PLACEMENT_3D ( 'NONE', #442, #1049, #2737 ) ;
#1779 = ORIENTED_EDGE ( 'NONE', *, *, #1883, .T. ) ;
#1780 = ORIENTED_EDGE ( 'NONE', *, *, #514, .F. ) ;
#1781 = DIRECTION ( 'NONE',  ( -0.000000000000000000, -1.000000000000000000, -0.000000000000000000 ) ) ;
#1782 = CIRCLE ( 'NONE', #2576, 3.000000000000000000 ) ;
#1783 = CYLINDRICAL_SURFACE ( 'NONE', #2558, 0.5000000000000004441 ) ;
#1784 = CARTESIAN_POINT ( 'NONE',  ( 0.000000000000000000, 0.000000000000000000, 24.55000000000000071 ) ) ;
#1785 = ADVANCED_FACE ( 'NONE', ( #3416 ), #2217, .F. ) ;
#1786 = ORIENTED_EDGE ( 'NONE', *, *, #52, .F. ) ;
#1787 = CARTESIAN_POINT ( 'NONE',  ( -4.949497572825296565, -4.500338972710011376, -4.949999999999799449 ) ) ;
#1788 = AXIS2_PLACEMENT_3D ( 'NONE', #1091, #3151, #2592 ) ;
#1789 = EDGE_LOOP ( 'NONE', ( #3145, #3403, #1276, #2332 ) ) ;
#1790 = CARTESIAN_POINT ( 'NONE',  ( -9.350000000000024514, -8.720338972710006686, -7.199999999998459188 ) ) ;
#1791 = ADVANCED_FACE ( 'NONE', ( #558 ), #3134, .F. ) ;
#1792 =( LENGTH_UNIT ( ) NAMED_UNIT ( * ) SI_UNIT ( .MILLI., .METRE. ) );
#1793 = ORIENTED_EDGE ( 'NONE', *, *, #1111, .F. ) ;
#1794 = ORIENTED_EDGE ( 'NONE', *, *, #2671, .T. ) ;
#1795 = EDGE_CURVE ( 'NONE', #263, #1368, #3168, .T. ) ;
#1796 = FACE_BOUND ( 'NONE', #2057, .T. ) ;
#1797 = AXIS2_PLACEMENT_3D ( 'NONE', #3192, #1439, #2058 ) ;
#1798 = EDGE_CURVE ( 'NONE', #2013, #746, #1071, .T. ) ;
#1799 = LINE ( 'NONE', #1871, #3530 ) ;
#1800 = LINE ( 'NONE', #3555, #3498 ) ;
#1801 = VERTEX_POINT ( 'NONE', #2277 ) ;
#1802 = DIRECTION ( 'NONE',  ( 0.000000000000000000, -1.000000000000000000, 0.000000000000000000 ) ) ;
#1803 = CARTESIAN_POINT ( 'NONE',  ( -13.35000000000002274, -6.610000000000006537, 15.59999999999963372 ) ) ;
#1804 = EDGE_LOOP ( 'NONE', ( #3752, #1955, #1811, #153 ) ) ;
#1805 = LINE ( 'NONE', #349, #42 ) ;
#1806 = DIRECTION ( 'NONE',  ( 1.000000000000000000, 0.000000000000000000, 0.000000000000000000 ) ) ;
#1807 = VERTEX_POINT ( 'NONE', #1672 ) ;
#1808 = DIRECTION ( 'NONE',  ( 0.000000000000000000, 0.000000000000000000, -1.000000000000000000 ) ) ;
#1809 = AXIS2_PLACEMENT_3D ( 'NONE', #1026, #2998, #1570 ) ;
#1810 = EDGE_CURVE ( 'NONE', #2707, #161, #2899, .T. ) ;
#1811 = ORIENTED_EDGE ( 'NONE', *, *, #3748, .T. ) ;
#1812 = ADVANCED_FACE ( 'NONE', ( #275 ), #1414, .F. ) ;
#1813 = ADVANCED_FACE ( 'NONE', ( #3438, #806, #1981, #2861, #522, #229 ), #1649, .T. ) ;
#1814 = CARTESIAN_POINT ( 'NONE',  ( 31.44999999999999929, -50.91721587395786486, -0.4704251847817947918 ) ) ;
#1815 = AXIS2_PLACEMENT_3D ( 'NONE', #2745, #1642, #201 ) ;
#1816 = ORIENTED_EDGE ( 'NONE', *, *, #1862, .F. ) ;
#1817 = VECTOR ( 'NONE', #1425, 1000.000000000000000 ) ;
#1818 = CARTESIAN_POINT ( 'NONE',  ( 25.55000000000000071, 1.950397079272457286E-15, 22.50000000000153122 ) ) ;
#1819 = ORIENTED_EDGE ( 'NONE', *, *, #258, .T. ) ;
#1820 = DIRECTION ( 'NONE',  ( 0.000000000000000000, 0.000000000000000000, -1.000000000000000000 ) ) ;
#1821 = AXIS2_PLACEMENT_3D ( 'NONE', #555, #270, #184 ) ;
#1822 = DIRECTION ( 'NONE',  ( 0.000000000000000000, 0.000000000000000000, -1.000000000000000000 ) ) ;
#1823 = ORIENTED_EDGE ( 'NONE', *, *, #2296, .T. ) ;
#1824 = ORIENTED_EDGE ( 'NONE', *, *, #1338, .F. ) ;
#1825 = CARTESIAN_POINT ( 'NONE',  ( 27.45000000000000284, -27.45767651737898518, 4.835076018827155764 ) ) ;
#1826 = APPLICATION_CONTEXT ( 'automotive_design' ) ;
#1827 = VECTOR ( 'NONE', #2867, 1000.000000000000000 ) ;
#1828 = CYLINDRICAL_SURFACE ( 'NONE', #3638, 0.9000000000019031665 ) ;
#1829 = EDGE_LOOP ( 'NONE', ( #1517, #2740 ) ) ;
#1830 = ORIENTED_EDGE ( 'NONE', *, *, #1388, .F. ) ;
#1831 = VECTOR ( 'NONE', #257, 1000.000000000000000 ) ;
#1832 = DIRECTION ( 'NONE',  ( 9.745637505487680998E-17, -1.000000000000000000, 0.000000000000000000 ) ) ;
#1833 = EDGE_CURVE ( 'NONE', #3027, #1293, #3690, .T. ) ;
#1834 = ORIENTED_EDGE ( 'NONE', *, *, #3229, .T. ) ;
#1835 = CARTESIAN_POINT ( 'NONE',  ( 30.95000000000000639, -7.612199995687619847, -4.199999999998458300 ) ) ;
#1836 = FACE_OUTER_BOUND ( 'NONE', #2742, .T. ) ;
#1837 = LINE ( 'NONE', #417, #1564 ) ;
#1838 = CARTESIAN_POINT ( 'NONE',  ( 27.44999999999999929, -9.500338972710009600, -22.85972004506499999 ) ) ;
#1839 = VERTEX_POINT ( 'NONE', #3469 ) ;
#1840 = LINE ( 'NONE', #1213, #2119 ) ;
#1841 = VECTOR ( 'NONE', #2525, 1000.000000000000000 ) ;
#1842 = CARTESIAN_POINT ( 'NONE',  ( -31.99999999999997868, 0.000000000000000000, -27.30000000000000426 ) ) ;
#1843 = LINE ( 'NONE', #386, #3648 ) ;
#1844 = AXIS2_PLACEMENT_3D ( 'NONE', #1977, #1668, #2840 ) ;
#1845 = ORIENTED_EDGE ( 'NONE', *, *, #1438, .T. ) ;
#1846 = DIRECTION ( 'NONE',  ( -0.000000000000000000, -0.000000000000000000, -1.000000000000000000 ) ) ;
#1847 = ORIENTED_EDGE ( 'NONE', *, *, #1883, .F. ) ;
#1848 = DIRECTION ( 'NONE',  ( 1.000000000000000000, 0.000000000000000000, 0.000000000000000000 ) ) ;
#1849 = ADVANCED_FACE ( 'NONE', ( #842 ), #762, .T. ) ;
#1850 = CYLINDRICAL_SURFACE ( 'NONE', #589, 3.000000000000001332 ) ;
#1851 = VERTEX_POINT ( 'NONE', #1491 ) ;
#1852 = DIRECTION ( 'NONE',  ( -1.000000000000000000, -9.745637505487680998E-17, 0.000000000000000000 ) ) ;
#1853 = EDGE_CURVE ( 'NONE', #3311, #2458, #1799, .T. ) ;
#1854 = ORIENTED_EDGE ( 'NONE', *, *, #1102, .F. ) ;
#1855 = LINE ( 'NONE', #1943, #800 ) ;
#1856 = DIRECTION ( 'NONE',  ( 0.000000000000000000, 1.000000000000000000, -0.000000000000000000 ) ) ;
#1857 = ADVANCED_FACE ( 'NONE', ( #611 ), #1783, .F. ) ;
#1858 = VECTOR ( 'NONE', #2849, 1000.000000000000000 ) ;
#1859 = ORIENTED_EDGE ( 'NONE', *, *, #3481, .F. ) ;
#1860 = ADVANCED_FACE ( 'NONE', ( #2627 ), #1269, .F. ) ;
#1861 = CARTESIAN_POINT ( 'NONE',  ( -6.500000000000024869, -8.720338972710006686, -7.199999999998459188 ) ) ;
#1862 = EDGE_CURVE ( 'NONE', #746, #280, #1170, .T. ) ;
#1863 = VECTOR ( 'NONE', #3668, 1000.000000000000000 ) ;
#1864 = CARTESIAN_POINT ( 'NONE',  ( 31.44999999999999929, 6.349999999999999645, -25.05000000000000426 ) ) ;
#1865 = AXIS2_PLACEMENT_3D ( 'NONE', #1421, #846, #2962 ) ;
#1866 = DIRECTION ( 'NONE',  ( 1.000000000000000000, 0.000000000000000000, 0.000000000000000000 ) ) ;
#1867 = ORIENTED_EDGE ( 'NONE', *, *, #276, .T. ) ;
#1868 = LINE ( 'NONE', #3103, #436 ) ;
#1869 = ORIENTED_EDGE ( 'NONE', *, *, #807, .T. ) ;
#1870 = LINE ( 'NONE', #408, #3569 ) ;
#1871 = CARTESIAN_POINT ( 'NONE',  ( 25.55000000000000426, -29.25000000000000000, 22.50000000000153122 ) ) ;
#1872 = ORIENTED_EDGE ( 'NONE', *, *, #2395, .T. ) ;
#1873 = VECTOR ( 'NONE', #3006, 1000.000000000000000 ) ;
#1874 = DIRECTION ( 'NONE',  ( 0.000000000000000000, 0.000000000000000000, 1.000000000000000000 ) ) ;
#1875 = EDGE_CURVE ( 'NONE', #175, #795, #1433, .T. ) ;
#1876 = PRESENTATION_LAYER_ASSIGNMENT (  '', '', ( #590 ) ) ;
#1877 = UNCERTAINTY_MEASURE_WITH_UNIT (LENGTH_MEASURE( 1.000000000000000082E-05 ), #3514, 'distance_accuracy_value', 'NONE');
#1878 = ORIENTED_EDGE ( 'NONE', *, *, #3565, .F. ) ;
#1879 = CARTESIAN_POINT ( 'NONE',  ( 27.44999999999999929, -6.260289708239329620, 4.335076018827155764 ) ) ;
#1880 = AXIS2_PLACEMENT_3D ( 'NONE', #1474, #2317, #32 ) ;
#1881 = CARTESIAN_POINT ( 'NONE',  ( 0.000000000000000000, 0.000000000000000000, -24.55000000000000071 ) ) ;
#1882 = CARTESIAN_POINT ( 'NONE',  ( 25.55000000000000071, -4.500338972710011376, 22.50000000000153122 ) ) ;
#1883 = EDGE_CURVE ( 'NONE', #2850, #1261, #2486, .T. ) ;
#1884 = CIRCLE ( 'NONE', #3350, 3.000000000000000888 ) ;
#1885 = EDGE_LOOP ( 'NONE', ( #3058, #931 ) ) ;
#1886 = DIRECTION ( 'NONE',  ( -1.000000000000000000, -0.000000000000000000, -0.000000000000000000 ) ) ;
#1887 = ADVANCED_FACE ( 'NONE', ( #3506 ), #1149, .F. ) ;
#1888 = EDGE_CURVE ( 'NONE', #3102, #2253, #878, .T. ) ;
#1889 = PLANE ( 'NONE',  #1012 ) ;
#1890 = EDGE_LOOP ( 'NONE', ( #2894, #1859 ) ) ;
#1891 = CARTESIAN_POINT ( 'NONE',  ( -9.350000000000028066, -29.25000000000000000, -19.41215000000001822 ) ) ;
#1892 = VERTEX_POINT ( 'NONE', #3540 ) ;
#1893 = CARTESIAN_POINT ( 'NONE',  ( 31.44999999999999929, -44.41604593830443548, 12.50000000000000711 ) ) ;
#1894 = CARTESIAN_POINT ( 'NONE',  ( -6.933811056125259498, -4.500338972710011376, -7.199999999998458300 ) ) ;
#1895 = CARTESIAN_POINT ( 'NONE',  ( -1.110223024625156540E-13, -4.500338972710011376, 1.387778780781445676E-13 ) ) ;
#1896 = ORIENTED_EDGE ( 'NONE', *, *, #1465, .F. ) ;
#1897 = ORIENTED_EDGE ( 'NONE', *, *, #2915, .T. ) ;
#1898 = VECTOR ( 'NONE', #1419, 1000.000000000000000 ) ;
#1899 = CYLINDRICAL_SURFACE ( 'NONE', #433, 0.5000000000000004441 ) ;
#1900 = VECTOR ( 'NONE', #2245, 1000.000000000000000 ) ;
#1901 = ORIENTED_EDGE ( 'NONE', *, *, #2569, .T. ) ;
#1902 = CARTESIAN_POINT ( 'NONE',  ( -6.500000000000024869, -4.500338972710007823, -7.199999999998458300 ) ) ;
#1903 = LINE ( 'NONE', #3072, #478 ) ;
#1904 = DIRECTION ( 'NONE',  ( -1.000000000000000000, 0.000000000000000000, -0.000000000000000000 ) ) ;
#1905 = DIRECTION ( 'NONE',  ( 0.000000000000000000, 0.000000000000000000, -1.000000000000000000 ) ) ;
#1906 = CARTESIAN_POINT ( 'NONE',  ( -1.110223024625156540E-13, 0.000000000000000000, 1.387778780781445676E-13 ) ) ;
#1907 = CARTESIAN_POINT ( 'NONE',  ( -4.949497572825296565, -4.500338972710011376, -1.949999999999799005 ) ) ;
#1908 = ORIENTED_EDGE ( 'NONE', *, *, #1810, .F. ) ;
#1909 = DIRECTION ( 'NONE',  ( -1.000000000000000000, -0.000000000000000000, -0.000000000000000000 ) ) ;
#1910 = AXIS2_PLACEMENT_3D ( 'NONE', #292, #2387, #932 ) ;
#1911 = EDGE_LOOP ( 'NONE', ( #2636, #3681, #1636, #1061 ) ) ;
#1912 = EDGE_CURVE ( 'NONE', #3234, #966, #1202, .T. ) ;
#1913 = CARTESIAN_POINT ( 'NONE',  ( -28.64999999999999503, -21.89698046350459748, 28.05000000000000071 ) ) ;
#1914 = FACE_BOUND ( 'NONE', #2808, .T. ) ;
#1915 = CIRCLE ( 'NONE', #3676, 3.000000000000001332 ) ;
#1916 = VERTEX_POINT ( 'NONE', #3604 ) ;
#1917 = VERTEX_POINT ( 'NONE', #2959 ) ;
#1918 = CARTESIAN_POINT ( 'NONE',  ( 25.55000000000000071, -7.609746684908300196, 20.25000000000153477 ) ) ;
#1919 = DIRECTION ( 'NONE',  ( 0.000000000000000000, -1.000000000000000000, 0.000000000000000000 ) ) ;
#1920 = ORIENTED_EDGE ( 'NONE', *, *, #3575, .T. ) ;
#1921 = LINE ( 'NONE', #2198, #310 ) ;
#1922 = CIRCLE ( 'NONE', #3513, 1.425000000000000044 ) ;
#1923 = LINE ( 'NONE', #1259, #572 ) ;
#1924 = VERTEX_POINT ( 'NONE', #2084 ) ;
#1925 = LINE ( 'NONE', #195, #3244 ) ;
#1926 = PLANE ( 'NONE',  #3729 ) ;
#1927 = ORIENTED_EDGE ( 'NONE', *, *, #1140, .F. ) ;
#1928 = FACE_OUTER_BOUND ( 'NONE', #1719, .T. ) ;
#1929 = VERTEX_POINT ( 'NONE', #3259 ) ;
#1930 = DIRECTION ( 'NONE',  ( -1.000000000000000000, -0.000000000000000000, -0.000000000000000000 ) ) ;
#1931 = CIRCLE ( 'NONE', #2719, 3.000000000000000888 ) ;
#1932 = VECTOR ( 'NONE', #2559, 1000.000000000000000 ) ;
#1933 = CARTESIAN_POINT ( 'NONE',  ( 27.45000000000000284, -26.95767651737898163, -1.537918005908522900 ) ) ;
#1934 = ADVANCED_FACE ( 'NONE', ( #18 ), #324, .F. ) ;
#1935 = EDGE_LOOP ( 'NONE', ( #3448, #1432 ) ) ;
#1936 = VERTEX_POINT ( 'NONE', #99 ) ;
#1937 = DIRECTION ( 'NONE',  ( -7.779833121590977705E-17, 1.000000000000000000, 0.000000000000000000 ) ) ;
#1938 = EDGE_CURVE ( 'NONE', #881, #1288, #1506, .T. ) ;
#1939 = DIRECTION ( 'NONE',  ( -1.000000000000000000, -9.745637505487683463E-17, 0.000000000000000000 ) ) ;
#1940 = CIRCLE ( 'NONE', #3577, 0.9000000000019027224 ) ;
#1941 = ADVANCED_FACE ( 'NONE', ( #1185 ), #2070, .T. ) ;
#1942 = ORIENTED_EDGE ( 'NONE', *, *, #575, .T. ) ;
#1943 = CARTESIAN_POINT ( 'NONE',  ( -6.500000000000024869, -27.11000000000001009, 17.40000000000344116 ) ) ;
#1944 = DIRECTION ( 'NONE',  ( -1.000000000000000000, -0.000000000000000000, -0.000000000000000000 ) ) ;
#1945 = CARTESIAN_POINT ( 'NONE',  ( -32.95003483321599447, -51.92604593830444060, -12.49999999999999112 ) ) ;
#1946 = LINE ( 'NONE', #2883, #2436 ) ;
#1947 = ORIENTED_EDGE ( 'NONE', *, *, #1184, .T. ) ;
#1948 = CARTESIAN_POINT ( 'NONE',  ( 31.44999999999999929, -27.45767651737898518, -1.037918005908522456 ) ) ;
#1949 = LINE ( 'NONE', #190, #1386 ) ;
#1950 = AXIS2_PLACEMENT_3D ( 'NONE', #2035, #630, #573 ) ;
#1951 = ORIENTED_EDGE ( 'NONE', *, *, #3714, .T. ) ;
#1952 = DIRECTION ( 'NONE',  ( 0.000000000000000000, 0.000000000000000000, 1.000000000000000000 ) ) ;
#1953 = VERTEX_POINT ( 'NONE', #2149 ) ;
#1954 = CARTESIAN_POINT ( 'NONE',  ( 31.44999999999999929, -6.760289708239330508, -1.537918005908523567 ) ) ;
#1955 = ORIENTED_EDGE ( 'NONE', *, *, #1670, .T. ) ;
#1956 = EDGE_LOOP ( 'NONE', ( #990, #16, #136, #2437, #2479, #1878, #2040 ) ) ;
#1957 = AXIS2_PLACEMENT_3D ( 'NONE', #2577, #2810, #2868 ) ;
#1958 = DIRECTION ( 'NONE',  ( 0.000000000000000000, 1.000000000000000000, -0.000000000000000000 ) ) ;
#1959 = LINE ( 'NONE', #2567, #1841 ) ;
#1960 = ORIENTED_EDGE ( 'NONE', *, *, #1486, .F. ) ;
#1961 = DIRECTION ( 'NONE',  ( 0.000000000000000000, 0.000000000000000000, 1.000000000000000000 ) ) ;
#1962 = ADVANCED_FACE ( 'NONE', ( #2606 ), #1746, .F. ) ;
#1963 = DIRECTION ( 'NONE',  ( 0.000000000000000000, -1.000000000000000000, 0.000000000000000000 ) ) ;
#1964 = LINE ( 'NONE', #504, #2358 ) ;
#1965 = CIRCLE ( 'NONE', #3063, 3.000000000000001332 ) ;
#1966 = CARTESIAN_POINT ( 'NONE',  ( -13.35000000000002274, -16.85999999999956245, -12.49999999999865885 ) ) ;
#1967 = LINE ( 'NONE', #3494, #1403 ) ;
#1968 = AXIS2_PLACEMENT_3D ( 'NONE', #3277, #3015, #649 ) ;
#1969 = EDGE_LOOP ( 'NONE', ( #850, #3720, #1428, #3642 ) ) ;
#1970 = DIRECTION ( 'NONE',  ( -1.000000000000000000, -7.779833121590977705E-17, 6.162975822039154730E-33 ) ) ;
#1971 = VERTEX_POINT ( 'NONE', #754 ) ;
#1972 = CARTESIAN_POINT ( 'NONE',  ( -6.500000000000024869, -6.610000000000006537, 17.40000000000344116 ) ) ;
#1973 = LINE ( 'NONE', #3162, #1007 ) ;
#1974 = EDGE_LOOP ( 'NONE', ( #1280, #1793, #2824, #3125 ) ) ;
#1975 = ORIENTED_EDGE ( 'NONE', *, *, #1438, .F. ) ;
#1976 = CARTESIAN_POINT ( 'NONE',  ( 27.44999999999999929, -9.500338972710009600, 24.55000000000000071 ) ) ;
#1977 = CARTESIAN_POINT ( 'NONE',  ( -1.110223024625156540E-13, 0.000000000000000000, 1.387778780781445676E-13 ) ) ;
#1978 = AXIS2_PLACEMENT_3D ( 'NONE', #1766, #894, #19 ) ;
#1979 = CARTESIAN_POINT ( 'NONE',  ( 27.44999999999999929, -6.760289708239330508, -1.537918005908522900 ) ) ;
#1980 = ORIENTED_EDGE ( 'NONE', *, *, #3457, .F. ) ;
#1981 = FACE_OUTER_BOUND ( 'NONE', #333, .T. ) ;
#1982 = LINE ( 'NONE', #3136, #1278 ) ;
#1983 = CARTESIAN_POINT ( 'NONE',  ( -28.64999999999999503, -20.61213394580206781, 28.05000000000000071 ) ) ;
#1984 = CARTESIAN_POINT ( 'NONE',  ( 31.44999999999999929, -26.95767651737898163, -1.037918005908522456 ) ) ;
#1985 = DIRECTION ( 'NONE',  ( -1.000000000000000000, -0.000000000000000000, -0.000000000000000000 ) ) ;
#1986 = EDGE_CURVE ( 'NONE', #3200, #3780, #2836, .T. ) ;
#1987 = LINE ( 'NONE', #3177, #2782 ) ;
#1988 = ADVANCED_FACE ( 'NONE', ( #3105, #3365, #1058, #3344, #495, #1914, #143 ), #179, .T. ) ;
#1989 = ORIENTED_EDGE ( 'NONE', *, *, #1420, .T. ) ;
#1990 = EDGE_CURVE ( 'NONE', #695, #1201, #1017, .T. ) ;
#1991 = CARTESIAN_POINT ( 'NONE',  ( -31.99999999999997868, 0.000000000000000000, -24.55000000000000071 ) ) ;
#1992 = CYLINDRICAL_SURFACE ( 'NONE', #2361, 3.000000000000000888 ) ;
#1993 = ORIENTED_EDGE ( 'NONE', *, *, #2544, .F. ) ;
#1994 = DIRECTION ( 'NONE',  ( 0.000000000000000000, 0.000000000000000000, 1.000000000000000000 ) ) ;
#1995 = CARTESIAN_POINT ( 'NONE',  ( 4.950000000000001066, 0.000000000000000000, -4.949497572824772540 ) ) ;
#1996 = ORIENTED_EDGE ( 'NONE', *, *, #1986, .F. ) ;
#1997 = DIRECTION ( 'NONE',  ( -1.000000000000000000, 0.000000000000000000, 0.000000000000000000 ) ) ;
#1998 = LINE ( 'NONE', #503, #2699 ) ;
#1999 = ADVANCED_FACE ( 'NONE', ( #3702 ), #799, .F. ) ;
#2000 = DIRECTION ( 'NONE',  ( -1.000000000000000000, -7.779833121590977705E-17, 6.162975822039154730E-33 ) ) ;
#2001 = DIRECTION ( 'NONE',  ( 0.000000000000000000, -0.3940327209102227890, -0.9190964121636457929 ) ) ;
#2002 = AXIS2_PLACEMENT_3D ( 'NONE', #1664, #2150, #160 ) ;
#2003 = DIRECTION ( 'NONE',  ( -0.000000000000000000, -1.000000000000000000, -0.000000000000000000 ) ) ;
#2004 = EDGE_CURVE ( 'NONE', #3763, #521, #1663, .T. ) ;
#2005 = DIRECTION ( 'NONE',  ( 0.000000000000000000, -0.000000000000000000, -1.000000000000000000 ) ) ;
#2006 = VERTEX_POINT ( 'NONE', #1623 ) ;
#2007 = LINE ( 'NONE', #3497, #655 ) ;
#2008 = ADVANCED_FACE ( 'NONE', ( #1346 ), #1365, .F. ) ;
#2009 = EDGE_CURVE ( 'NONE', #881, #3027, #2620, .T. ) ;
#2010 = AXIS2_PLACEMENT_3D ( 'NONE', #1591, #1025, #2756 ) ;
#2011 = DIRECTION ( 'NONE',  ( 0.000000000000000000, 0.000000000000000000, 1.000000000000000000 ) ) ;
#2012 = ORIENTED_EDGE ( 'NONE', *, *, #1162, .T. ) ;
#2013 = VERTEX_POINT ( 'NONE', #2535 ) ;
#2014 = AXIS2_PLACEMENT_3D ( 'NONE', #2044, #1698, #1464 ) ;
#2015 = PLANE ( 'NONE',  #1158 ) ;
#2016 = VERTEX_POINT ( 'NONE', #3386 ) ;
#2017 = CARTESIAN_POINT ( 'NONE',  ( 25.55000000000000071, 1.921485021339510764E-15, -1.949999999999989519 ) ) ;
#2018 = CARTESIAN_POINT ( 'NONE',  ( 31.44999999999999929, -26.11046727323418537, -4.199999999998461853 ) ) ;
#2019 = CARTESIAN_POINT ( 'NONE',  ( -4.950000000000338574, -4.500338972710011376, 1.949497572825494185 ) ) ;
#2020 = DIRECTION ( 'NONE',  ( 1.000000000000000000, 0.000000000000000000, 0.000000000000000000 ) ) ;
#2021 = EDGE_CURVE ( 'NONE', #2016, #3275, #3418, .T. ) ;
#2022 = CARTESIAN_POINT ( 'NONE',  ( -31.99999999999997868, -21.89698046350459748, -24.55000000000000071 ) ) ;
#2023 = CARTESIAN_POINT ( 'NONE',  ( -4.950000000000338574, -4.500338972710011376, 4.949497572825494629 ) ) ;
#2024 = EDGE_CURVE ( 'NONE', #3128, #3180, #2791, .T. ) ;
#2025 = CARTESIAN_POINT ( 'NONE',  ( 27.45000000000000284, -20.61213394580206781, 28.05000000000000071 ) ) ;
#2026 = CIRCLE ( 'NONE', #664, 1.424999999999999600 ) ;
#2027 = ORIENTED_EDGE ( 'NONE', *, *, #2201, .T. ) ;
#2028 = DIRECTION ( 'NONE',  ( 0.000000000000000000, -1.000000000000000000, 0.000000000000000000 ) ) ;
#2029 = EDGE_CURVE ( 'NONE', #2460, #3646, #2623, .T. ) ;
#2030 = ORIENTED_EDGE ( 'NONE', *, *, #2724, .T. ) ;
#2031 = ORIENTED_EDGE ( 'NONE', *, *, #378, .T. ) ;
#2032 = DIRECTION ( 'NONE',  ( 0.000000000000000000, 0.000000000000000000, -1.000000000000000000 ) ) ;
#2033 = ORIENTED_EDGE ( 'NONE', *, *, #1810, .T. ) ;
#2034 = VECTOR ( 'NONE', #1290, 1000.000000000000000 ) ;
#2035 = CARTESIAN_POINT ( 'NONE',  ( 30.95000000000000284, -29.25000000000000000, 19.41500000000001691 ) ) ;
#2036 = DIRECTION ( 'NONE',  ( -1.000000000000000000, -9.745637505487683463E-17, 0.000000000000000000 ) ) ;
#2037 = CARTESIAN_POINT ( 'NONE',  ( -27.44999999999999929, -20.61213394580202873, -28.05000000000000071 ) ) ;
#2038 = VECTOR ( 'NONE', #118, 1000.000000000000114 ) ;
#2039 = DIRECTION ( 'NONE',  ( 1.000000000000000000, 9.745637505487680998E-17, -0.000000000000000000 ) ) ;
#2040 = ORIENTED_EDGE ( 'NONE', *, *, #2309, .T. ) ;
#2041 = LINE ( 'NONE', #1735, #361 ) ;
#2042 = DIRECTION ( 'NONE',  ( 0.000000000000000000, 1.000000000000000000, 0.000000000000000000 ) ) ;
#2043 = ORIENTED_EDGE ( 'NONE', *, *, #2990, .F. ) ;
#2044 = CARTESIAN_POINT ( 'NONE',  ( 30.94999999999999929, -39.25000000000000000, 24.54999999999997229 ) ) ;
#2045 = VECTOR ( 'NONE', #989, 1000.000000000000000 ) ;
#2046 = ORIENTED_EDGE ( 'NONE', *, *, #2408, .T. ) ;
#2047 = VERTEX_POINT ( 'NONE', #122 ) ;
#2048 = CYLINDRICAL_SURFACE ( 'NONE', #2536, 3.000000000000000444 ) ;
#2049 = EDGE_CURVE ( 'NONE', #1238, #3616, #1328, .T. ) ;
#2050 = CIRCLE ( 'NONE', #997, 1.424999999999999600 ) ;
#2051 = ORIENTED_EDGE ( 'NONE', *, *, #172, .F. ) ;
#2052 = DIRECTION ( 'NONE',  ( 0.000000000000000000, -1.000000000000000000, 0.000000000000000000 ) ) ;
#2053 = DIRECTION ( 'NONE',  ( 0.000000000000000000, 1.000000000000000000, 0.000000000000000000 ) ) ;
#2054 = EDGE_CURVE ( 'NONE', #3044, #3048, #2807, .T. ) ;
#2055 = AXIS2_PLACEMENT_3D ( 'NONE', #2499, #2189, #729 ) ;
#2056 = CARTESIAN_POINT ( 'NONE',  ( -28.64999999999999503, -21.89698046350459748, -26.76515348229744617 ) ) ;
#2057 = EDGE_LOOP ( 'NONE', ( #802, #1547 ) ) ;
#2058 = DIRECTION ( 'NONE',  ( 0.000000000000000000, 0.000000000000000000, 1.000000000000000000 ) ) ;
#2059 = DIRECTION ( 'NONE',  ( 0.000000000000000000, 0.000000000000000000, -1.000000000000000000 ) ) ;
#2060 = CARTESIAN_POINT ( 'NONE',  ( 4.950000000000001066, 0.000000000000000000, -4.949497572824772540 ) ) ;
#2061 = VECTOR ( 'NONE', #3050, 1000.000000000000000 ) ;
#2062 = ORIENTED_EDGE ( 'NONE', *, *, #2049, .F. ) ;
#2063 = CARTESIAN_POINT ( 'NONE',  ( -9.350000000000024514, -4.500338972710011376, 19.50000000000153833 ) ) ;
#2064 = AXIS2_PLACEMENT_3D ( 'NONE', #1163, #2331, #872 ) ;
#2065 = ORIENTED_EDGE ( 'NONE', *, *, #2440, .F. ) ;
#2066 = EDGE_LOOP ( 'NONE', ( #2974, #2540, #566, #3040 ) ) ;
#2067 = DIRECTION ( 'NONE',  ( 0.000000000000000000, -1.000000000000000000, 0.000000000000000000 ) ) ;
#2068 = VECTOR ( 'NONE', #1136, 1000.000000000000000 ) ;
#2069 = ORIENTED_EDGE ( 'NONE', *, *, #299, .F. ) ;
#2070 = PLANE ( 'NONE',  #297 ) ;
#2071 = FACE_OUTER_BOUND ( 'NONE', #2247, .T. ) ;
#2072 = LINE ( 'NONE', #4, #2111 ) ;
#2073 = VERTEX_POINT ( 'NONE', #1954 ) ;
#2074 = EDGE_CURVE ( 'NONE', #1703, #2644, #2500, .T. ) ;
#2075 = LINE ( 'NONE', #37, #3366 ) ;
#2076 = PRODUCT_CONTEXT ( 'NONE', #1826, 'mechanical' ) ;
#2077 = VECTOR ( 'NONE', #2574, 1000.000000000000000 ) ;
#2078 = DIRECTION ( 'NONE',  ( 0.000000000000000000, 0.000000000000000000, -1.000000000000000000 ) ) ;
#2079 = VECTOR ( 'NONE', #2966, 1000.000000000000000 ) ;
#2080 = VERTEX_POINT ( 'NONE', #1894 ) ;
#2081 = ORIENTED_EDGE ( 'NONE', *, *, #1291, .F. ) ;
#2082 = CARTESIAN_POINT ( 'NONE',  ( 4.950000000000001066, -29.25000000000000000, -6.374497572824771474 ) ) ;
#2083 = VECTOR ( 'NONE', #2734, 1000.000000000000000 ) ;
#2084 = CARTESIAN_POINT ( 'NONE',  ( 4.950000000000001066, 0.000000000000000000, -7.949497572824773428 ) ) ;
#2085 = DIRECTION ( 'NONE',  ( 0.000000000000000000, -1.000000000000000000, 0.000000000000000000 ) ) ;
#2086 = VERTEX_POINT ( 'NONE', #1034 ) ;
#2087 = PLANE ( 'NONE',  #1968 ) ;
#2088 = CIRCLE ( 'NONE', #869, 1.424999999999999156 ) ;
#2089 = DIRECTION ( 'NONE',  ( -1.000000000000000000, -7.779833121590977705E-17, 6.162975822039154730E-33 ) ) ;
#2090 = ORIENTED_EDGE ( 'NONE', *, *, #1862, .T. ) ;
#2091 = DIRECTION ( 'NONE',  ( 1.000000000000000000, 0.000000000000000000, 0.000000000000000000 ) ) ;
#2092 = EDGE_CURVE ( 'NONE', #677, #3388, #2206, .T. ) ;
#2093 = ADVANCED_FACE ( 'NONE', ( #3516 ), #1405, .T. ) ;
#2094 = ORIENTED_EDGE ( 'NONE', *, *, #1138, .F. ) ;
#2095 = EDGE_CURVE ( 'NONE', #3589, #2584, #1141, .T. ) ;
#2096 = EDGE_LOOP ( 'NONE', ( #1585, #2256, #477, #95 ) ) ;
#2097 = CARTESIAN_POINT ( 'NONE',  ( 30.95000000000000284, -6.760289708239329620, 4.335076018827155764 ) ) ;
#2098 = CARTESIAN_POINT ( 'NONE',  ( -6.500000000000024869, -8.720338972710006686, -7.199999999998459188 ) ) ;
#2099 = CARTESIAN_POINT ( 'NONE',  ( -9.350000000000024514, -4.500338972710016705, 19.50000000000153833 ) ) ;
#2100 = ORIENTED_EDGE ( 'NONE', *, *, #596, .T. ) ;
#2101 = PRODUCT_RELATED_PRODUCT_CATEGORY ( 'part', '', ( #345 ) ) ;
#2102 = AXIS2_PLACEMENT_3D ( 'NONE', #3124, #3779, #492 ) ;
#2103 = FACE_OUTER_BOUND ( 'NONE', #437, .T. ) ;
#2104 = DIRECTION ( 'NONE',  ( 0.000000000000000000, -1.000000000000000000, 0.000000000000000000 ) ) ;
#2105 = ORIENTED_EDGE ( 'NONE', *, *, #1204, .T. ) ;
#2106 = LINE ( 'NONE', #601, #2381 ) ;
#2107 = EDGE_LOOP ( 'NONE', ( #3640, #2252, #2081, #2386, #3561, #300, #3123, #2656 ) ) ;
#2108 = VERTEX_POINT ( 'NONE', #3745 ) ;
#2109 = ADVANCED_FACE ( 'NONE', ( #2346 ), #851, .F. ) ;
#2110 = CARTESIAN_POINT ( 'NONE',  ( 27.45000000000000284, -27.45767651737898518, -1.037918005908522456 ) ) ;
#2111 = VECTOR ( 'NONE', #1188, 1000.000000000000000 ) ;
#2112 = ORIENTED_EDGE ( 'NONE', *, *, #3778, .T. ) ;
#2113 = ORIENTED_EDGE ( 'NONE', *, *, #1853, .T. ) ;
#2114 = CARTESIAN_POINT ( 'NONE',  ( 31.44999999999999929, -7.609746684908299308, 20.25000000000153477 ) ) ;
#2115 = VECTOR ( 'NONE', #1930, 1000.000000000000000 ) ;
#2116 = DIRECTION ( 'NONE',  ( 0.000000000000000000, 0.000000000000000000, 1.000000000000000000 ) ) ;
#2117 = ORIENTED_EDGE ( 'NONE', *, *, #2222, .T. ) ;
#2118 = CARTESIAN_POINT ( 'NONE',  ( 31.44999999999999929, 3.350000000000010747, -28.05000000000000071 ) ) ;
#2119 = VECTOR ( 'NONE', #1534, 1000.000000000000000 ) ;
#2120 = LINE ( 'NONE', #51, #2 ) ;
#2121 = FACE_OUTER_BOUND ( 'NONE', #2328, .T. ) ;
#2122 = CIRCLE ( 'NONE', #2254, 1.424999999999999156 ) ;
#2123 = ORIENTED_EDGE ( 'NONE', *, *, #2831, .F. ) ;
#2124 = DIRECTION ( 'NONE',  ( 0.000000000000000000, 0.000000000000000000, -1.000000000000000000 ) ) ;
#2125 = CYLINDRICAL_SURFACE ( 'NONE', #3578, 1.424999999999999600 ) ;
#2126 = ORIENTED_EDGE ( 'NONE', *, *, #167, .F. ) ;
#2127 = ORIENTED_EDGE ( 'NONE', *, *, #3429, .F. ) ;
#2128 = DIRECTION ( 'NONE',  ( -3.840100063292022890E-17, 0.3940327209102223449, -0.9190964121636461259 ) ) ;
#2129 = VECTOR ( 'NONE', #328, 1000.000000000000000 ) ;
#2130 = DIRECTION ( 'NONE',  ( 0.000000000000000000, -1.000000000000000000, 1.228254098322536383E-16 ) ) ;
#2131 = ORIENTED_EDGE ( 'NONE', *, *, #102, .T. ) ;
#2132 = ORIENTED_EDGE ( 'NONE', *, *, #3185, .F. ) ;
#2133 = CIRCLE ( 'NONE', #496, 3.000000000000000000 ) ;
#2134 = CARTESIAN_POINT ( 'NONE',  ( -32.74999999999998579, -21.89698046350459748, -7.496118725401054839 ) ) ;
#2135 = EDGE_CURVE ( 'NONE', #131, #285, #2932, .T. ) ;
#2136 = EDGE_LOOP ( 'NONE', ( #494, #3270, #591, #3092 ) ) ;
#2137 = EDGE_CURVE ( 'NONE', #645, #930, #888, .T. ) ;
#2138 = DIRECTION ( 'NONE',  ( 0.000000000000000000, 0.000000000000000000, 1.000000000000000000 ) ) ;
#2139 = DIRECTION ( 'NONE',  ( -0.000000000000000000, 1.000000000000000000, -0.000000000000000000 ) ) ;
#2140 = PLANE ( 'NONE',  #1315 ) ;
#2141 = CARTESIAN_POINT ( 'NONE',  ( 27.45000000000000284, -26.95767651737898163, 4.835076018827155764 ) ) ;
#2142 = ORIENTED_EDGE ( 'NONE', *, *, #3181, .F. ) ;
#2143 = CARTESIAN_POINT ( 'NONE',  ( -28.64999999999999503, -21.89698046350459748, -34.30073859982388029 ) ) ;
#2144 = AXIS2_PLACEMENT_3D ( 'NONE', #340, #2921, #1507 ) ;
#2145 = VERTEX_POINT ( 'NONE', #550 ) ;
#2146 = CARTESIAN_POINT ( 'NONE',  ( 0.000000000000000000, -21.89698046350459748, 0.000000000000000000 ) ) ;
#2147 = VERTEX_POINT ( 'NONE', #3721 ) ;
#2148 = DIRECTION ( 'NONE',  ( 0.000000000000000000, 0.000000000000000000, 1.000000000000000000 ) ) ;
#2149 = CARTESIAN_POINT ( 'NONE',  ( -29.39999999999999503, -21.89698046350459748, -27.30000000000000426 ) ) ;
#2150 = DIRECTION ( 'NONE',  ( 0.000000000000000000, -1.000000000000000000, 0.000000000000000000 ) ) ;
#2151 = VERTEX_POINT ( 'NONE', #2872 ) ;
#2152 = ORIENTED_EDGE ( 'NONE', *, *, #703, .T. ) ;
#2153 = CARTESIAN_POINT ( 'NONE',  ( 0.000000000000000000, -20.61213394580206781, 28.05000000000000071 ) ) ;
#2154 = EDGE_CURVE ( 'NONE', #1020, #88, #2329, .T. ) ;
#2155 = EDGE_LOOP ( 'NONE', ( #832, #1896 ) ) ;
#2156 = EDGE_CURVE ( 'NONE', #1125, #3515, #1513, .T. ) ;
#2157 = ADVANCED_FACE ( 'NONE', ( #3146, #1178, #1123 ), #3781, .T. ) ;
#2158 = DIRECTION ( 'NONE',  ( -0.000000000000000000, -1.000000000000000000, -0.000000000000000000 ) ) ;
#2159 = CARTESIAN_POINT ( 'NONE',  ( -31.99999999999997868, 0.000000000000000000, 27.30000000000000071 ) ) ;
#2160 = DIRECTION ( 'NONE',  ( -0.000000000000000000, 1.000000000000000000, -0.000000000000000000 ) ) ;
#2161 = ORIENTED_EDGE ( 'NONE', *, *, #1119, .T. ) ;
#2162 = CARTESIAN_POINT ( 'NONE',  ( -28.64999999999999503, -21.89698046350459748, -34.30073859982388029 ) ) ;
#2163 = DIRECTION ( 'NONE',  ( -1.000000000000000000, 0.000000000000000000, 0.000000000000000000 ) ) ;
#2164 = DIRECTION ( 'NONE',  ( -2.889912165663168279E-33, 2.965339275174030396E-17, -1.000000000000000000 ) ) ;
#2165 = ORIENTED_EDGE ( 'NONE', *, *, #2004, .T. ) ;
#2166 = PLANE ( 'NONE',  #262 ) ;
#2167 = EDGE_LOOP ( 'NONE', ( #3605, #783, #2033, #2383 ) ) ;
#2168 = FACE_OUTER_BOUND ( 'NONE', #3215, .T. ) ;
#2169 = DIRECTION ( 'NONE',  ( -0.000000000000000000, -1.000000000000000000, -0.000000000000000000 ) ) ;
#2170 = DIRECTION ( 'NONE',  ( -1.000000000000000000, -0.000000000000000000, -0.000000000000000000 ) ) ;
#2171 = EDGE_CURVE ( 'NONE', #1621, #645, #2007, .T. ) ;
#2172 = ORIENTED_EDGE ( 'NONE', *, *, #1011, .F. ) ;
#2173 = AXIS2_PLACEMENT_3D ( 'NONE', #1357, #2000, #525 ) ;
#2174 = CARTESIAN_POINT ( 'NONE',  ( -4.950000000000338574, 6.349999999999999645, 4.949497572825494629 ) ) ;
#2175 = VECTOR ( 'NONE', #2289, 1000.000000000000000 ) ;
#2176 = EDGE_LOOP ( 'NONE', ( #3186, #1173 ) ) ;
#2177 = DIRECTION ( 'NONE',  ( 0.000000000000000000, 1.000000000000000000, 0.000000000000000000 ) ) ;
#2178 = AXIS2_PLACEMENT_3D ( 'NONE', #2920, #3644, #2814 ) ;
#2179 = LINE ( 'NONE', #3655, #647 ) ;
#2180 = ADVANCED_FACE ( 'NONE', ( #241 ), #2288, .F. ) ;
#2181 = VECTOR ( 'NONE', #1228, 1000.000000000000000 ) ;
#2182 = CARTESIAN_POINT ( 'NONE',  ( -9.350000000000024514, -78.47458735225720261, 0.000000000000000000 ) ) ;
#2183 = DIRECTION ( 'NONE',  ( -1.000000000000000000, -0.000000000000000000, -0.000000000000000000 ) ) ;
#2184 = CARTESIAN_POINT ( 'NONE',  ( -38.57093777197657403, -21.89698046350459748, 28.05000000000000071 ) ) ;
#2185 = ORIENTED_EDGE ( 'NONE', *, *, #1602, .T. ) ;
#2186 = DIRECTION ( 'NONE',  ( 0.000000000000000000, 1.000000000000000000, 0.000000000000000000 ) ) ;
#2187 = ORIENTED_EDGE ( 'NONE', *, *, #3269, .T. ) ;
#2188 = AXIS2_PLACEMENT_3D ( 'NONE', #2895, #803, #779 ) ;
#2189 = DIRECTION ( 'NONE',  ( 0.000000000000000000, 0.000000000000000000, -1.000000000000000000 ) ) ;
#2190 = DIRECTION ( 'NONE',  ( 0.000000000000000000, 0.3940327209102222339, -0.9190964121636460149 ) ) ;
#2191 = EDGE_LOOP ( 'NONE', ( #3038, #1723, #1372, #2601, #2187, #1869, #1215 ) ) ;
#2192 = ORIENTED_EDGE ( 'NONE', *, *, #770, .F. ) ;
#2193 = CARTESIAN_POINT ( 'NONE',  ( 27.44999999999999929, -4.500338972710011376, 22.50000000000153122 ) ) ;
#2194 = PLANE ( 'NONE',  #3198 ) ;
#2195 = LINE ( 'NONE', #1979, #877 ) ;
#2196 = VECTOR ( 'NONE', #3099, 1000.000000000000000 ) ;
#2197 = VERTEX_POINT ( 'NONE', #2270 ) ;
#2198 = CARTESIAN_POINT ( 'NONE',  ( 30.95000000000000284, -29.25000000000000000, -19.41215000000001822 ) ) ;
#2199 = CARTESIAN_POINT ( 'NONE',  ( 30.95000000000000639, -6.610000000000003872, -4.199999999998458300 ) ) ;
#2200 = CARTESIAN_POINT ( 'NONE',  ( 27.44999999999999929, -6.760289708239329620, 4.335076018827155764 ) ) ;
#2201 = EDGE_CURVE ( 'NONE', #1839, #2421, #3462, .T. ) ;
#2202 = DIRECTION ( 'NONE',  ( 1.000000000000000000, 0.000000000000000000, 0.000000000000000000 ) ) ;
#2203 = VERTEX_POINT ( 'NONE', #3179 ) ;
#2204 = CARTESIAN_POINT ( 'NONE',  ( 25.55000000000000426, -29.25000000000000000, -1.949999999999989075 ) ) ;
#2205 = ORIENTED_EDGE ( 'NONE', *, *, #3261, .F. ) ;
#2206 = LINE ( 'NONE', #428, #3120 ) ;
#2207 = EDGE_CURVE ( 'NONE', #697, #88, #1720, .T. ) ;
#2208 = EDGE_CURVE ( 'NONE', #3267, #521, #2890, .T. ) ;
#2209 = AXIS2_PLACEMENT_3D ( 'NONE', #1159, #1970, #849 ) ;
#2210 = DIRECTION ( 'NONE',  ( -1.000000000000000000, -9.745637505487682231E-17, 0.000000000000000000 ) ) ;
#2211 = EDGE_CURVE ( 'NONE', #2605, #1409, #3161, .T. ) ;
#2212 = ORIENTED_EDGE ( 'NONE', *, *, #1186, .T. ) ;
#2213 = EDGE_LOOP ( 'NONE', ( #2916, #587, #1901, #1094 ) ) ;
#2214 = CARTESIAN_POINT ( 'NONE',  ( -32.95003483321599447, -39.25000000000000000, -24.55000000000000071 ) ) ;
#2215 = DIRECTION ( 'NONE',  ( 0.000000000000000000, 0.000000000000000000, 1.000000000000000000 ) ) ;
#2216 = ORIENTED_EDGE ( 'NONE', *, *, #380, .T. ) ;
#2217 = CYLINDRICAL_SURFACE ( 'NONE', #1206, 1.425000000000000044 ) ;
#2218 = CARTESIAN_POINT ( 'NONE',  ( 27.44999999999999929, 2.106652133943776419E-15, -1.949999999999989519 ) ) ;
#2219 = LINE ( 'NONE', #278, #1379 ) ;
#2220 = AXIS2_PLACEMENT_3D ( 'NONE', #3279, #2089, #2758 ) ;
#2221 = DIRECTION ( 'NONE',  ( -0.000000000000000000, 1.000000000000000000, -0.000000000000000000 ) ) ;
#2222 = EDGE_CURVE ( 'NONE', #1851, #3763, #2599, .T. ) ;
#2223 = VERTEX_POINT ( 'NONE', #1444 ) ;
#2224 = CARTESIAN_POINT ( 'NONE',  ( -6.500000000000024869, -4.500338972710011376, 7.518057480633947520 ) ) ;
#2225 = FACE_OUTER_BOUND ( 'NONE', #303, .T. ) ;
#2226 = EDGE_LOOP ( 'NONE', ( #3479, #3231 ) ) ;
#2227 = LINE ( 'NONE', #3620, #3016 ) ;
#2228 = ORIENTED_EDGE ( 'NONE', *, *, #512, .T. ) ;
#2229 = DIRECTION ( 'NONE',  ( 0.000000000000000000, 0.000000000000000000, -1.000000000000000000 ) ) ;
#2230 = AXIS2_PLACEMENT_3D ( 'NONE', #1667, #1958, #1994 ) ;
#2231 = VECTOR ( 'NONE', #2128, 999.9999999999998863 ) ;
#2232 = EDGE_CURVE ( 'NONE', #2653, #1936, #2619, .T. ) ;
#2233 = ORIENTED_EDGE ( 'NONE', *, *, #3429, .T. ) ;
#2234 = ORIENTED_EDGE ( 'NONE', *, *, #2445, .F. ) ;
#2235 = CARTESIAN_POINT ( 'NONE',  ( -29.39999999999999503, 0.000000000000000000, -24.55000000000000071 ) ) ;
#2236 = DIRECTION ( 'NONE',  ( 1.000000000000000000, 0.000000000000000000, 0.000000000000000000 ) ) ;
#2237 = PLANE ( 'NONE',  #1055 ) ;
#2238 = VECTOR ( 'NONE', #845, 1000.000000000000000 ) ;
#2239 = ORIENTED_EDGE ( 'NONE', *, *, #3630, .T. ) ;
#2240 = DIRECTION ( 'NONE',  ( 0.000000000000000000, 0.000000000000000000, 1.000000000000000000 ) ) ;
#2241 = CARTESIAN_POINT ( 'NONE',  ( -32.95003483321599447, -44.41604593830443548, 12.50000000000000711 ) ) ;
#2242 = COLOUR_RGB ( '',0.7921568627450980005, 0.8196078431372548767, 0.9333333333333333481 ) ;
#2243 = DIRECTION ( 'NONE',  ( 0.000000000000000000, -0.9190964121636459039, 0.3940327209102228445 ) ) ;
#2244 = ORIENTED_EDGE ( 'NONE', *, *, #2049, .T. ) ;
#2245 = DIRECTION ( 'NONE',  ( -0.000000000000000000, 1.000000000000000000, -0.000000000000000000 ) ) ;
#2246 = AXIS2_PLACEMENT_3D ( 'NONE', #1082, #2250, #2229 ) ;
#2247 = EDGE_LOOP ( 'NONE', ( #1271, #2132, #2631, #518 ) ) ;
#2248 = DIRECTION ( 'NONE',  ( 0.000000000000000000, -1.000000000000000000, 0.000000000000000000 ) ) ;
#2249 = VERTEX_POINT ( 'NONE', #383 ) ;
#2250 = DIRECTION ( 'NONE',  ( 1.000000000000000000, 0.000000000000000000, 0.000000000000000000 ) ) ;
#2251 = FACE_OUTER_BOUND ( 'NONE', #3127, .T. ) ;
#2252 = ORIENTED_EDGE ( 'NONE', *, *, #1057, .T. ) ;
#2253 = VERTEX_POINT ( 'NONE', #3268 ) ;
#2254 = AXIS2_PLACEMENT_3D ( 'NONE', #2060, #2104, #901 ) ;
#2255 = LINE ( 'NONE', #3150, #3502 ) ;
#2256 = ORIENTED_EDGE ( 'NONE', *, *, #2701, .F. ) ;
#2257 = AXIS2_PLACEMENT_3D ( 'NONE', #2321, #578, #1436 ) ;
#2258 = DIRECTION ( 'NONE',  ( -0.000000000000000000, 0.000000000000000000, 1.000000000000000000 ) ) ;
#2259 = EDGE_CURVE ( 'NONE', #923, #2983, #1518, .T. ) ;
#2260 = ADVANCED_FACE ( 'NONE', ( #3298 ), #2398, .F. ) ;
#2261 = AXIS2_PLACEMENT_3D ( 'NONE', #654, #2670, #1820 ) ;
#2262 = CARTESIAN_POINT ( 'NONE',  ( -32.95003483321599447, -42.04685710750737115, 18.02622368288012922 ) ) ;
#2263 = EDGE_CURVE ( 'NONE', #3267, #893, #1840, .T. ) ;
#2264 = VERTEX_POINT ( 'NONE', #2984 ) ;
#2265 = CARTESIAN_POINT ( 'NONE',  ( 4.949497572824959946, -4.500338972710011376, 4.950000000000527756 ) ) ;
#2266 = AXIS2_PLACEMENT_3D ( 'NONE', #3312, #3330, #700 ) ;
#2267 = EDGE_CURVE ( 'NONE', #1463, #2223, #844, .T. ) ;
#2268 = CARTESIAN_POINT ( 'NONE',  ( 4.949497572824959946, 0.000000000000000000, 6.375000000000527578 ) ) ;
#2269 = EDGE_LOOP ( 'NONE', ( #497, #1070, #2244, #959 ) ) ;
#2270 = CARTESIAN_POINT ( 'NONE',  ( 31.44999999999999929, -6.260289708239329620, 4.335076018827155764 ) ) ;
#2271 = AXIS2_PLACEMENT_3D ( 'NONE', #3091, #1252, #395 ) ;
#2272 = ORIENTED_EDGE ( 'NONE', *, *, #2009, .T. ) ;
#2273 = ORIENTED_EDGE ( 'NONE', *, *, #3656, .F. ) ;
#2274 = CARTESIAN_POINT ( 'NONE',  ( 25.55000000000000071, 1.950397079272457286E-15, 22.50000000000153122 ) ) ;
#2275 = AXIS2_PLACEMENT_3D ( 'NONE', #3712, #2258, #254 ) ;
#2276 = EDGE_LOOP ( 'NONE', ( #1742, #3499, #1160, #2340 ) ) ;
#2277 = CARTESIAN_POINT ( 'NONE',  ( -1.106549084227714486E-13, 0.000000000000000000, 3.000000000000139444 ) ) ;
#2278 = EDGE_CURVE ( 'NONE', #1924, #1300, #1884, .T. ) ;
#2279 = DIRECTION ( 'NONE',  ( 0.000000000000000000, 0.000000000000000000, 1.000000000000000000 ) ) ;
#2280 = EDGE_CURVE ( 'NONE', #1378, #682, #1805, .T. ) ;
#2281 = CARTESIAN_POINT ( 'NONE',  ( 31.44999999999999929, -39.25000000000000000, 24.55000000000000071 ) ) ;
#2282 = EDGE_CURVE ( 'NONE', #640, #1892, #3019, .T. ) ;
#2283 = EDGE_CURVE ( 'NONE', #974, #618, #3232, .T. ) ;
#2284 = CARTESIAN_POINT ( 'NONE',  ( -9.350000000000024514, -9.500338972710009600, -24.55000000000000071 ) ) ;
#2285 = CARTESIAN_POINT ( 'NONE',  ( 0.000000000000000000, -24.11213394580208913, -24.55000000000000071 ) ) ;
#2286 = FACE_BOUND ( 'NONE', #1552, .T. ) ;
#2287 = ORIENTED_EDGE ( 'NONE', *, *, #897, .T. ) ;
#2288 = CYLINDRICAL_SURFACE ( 'NONE', #1643, 0.5000000000000004441 ) ;
#2289 = DIRECTION ( 'NONE',  ( -1.000000000000000000, -0.000000000000000000, -0.000000000000000000 ) ) ;
#2290 = ORIENTED_EDGE ( 'NONE', *, *, #1582, .F. ) ;
#2291 = ORIENTED_EDGE ( 'NONE', *, *, #1670, .F. ) ;
#2292 = PRODUCT_DEFINITION_FORMATION_WITH_SPECIFIED_SOURCE ( 'ANY', '', #345, .NOT_KNOWN. ) ;
#2293 = FACE_OUTER_BOUND ( 'NONE', #423, .T. ) ;
#2294 = CIRCLE ( 'NONE', #1069, 0.5000000000000004441 ) ;
#2295 = CARTESIAN_POINT ( 'NONE',  ( 4.949497572824959946, -4.500338972710011376, 4.950000000000527756 ) ) ;
#2296 = EDGE_CURVE ( 'NONE', #3297, #553, #904, .T. ) ;
#2297 = VERTEX_POINT ( 'NONE', #2654 ) ;
#2298 = DIRECTION ( 'NONE',  ( -1.000000000000000000, -7.779833121590977705E-17, 6.162975822039154730E-33 ) ) ;
#2299 = CARTESIAN_POINT ( 'NONE',  ( -4.950000000000338574, 0.000000000000000000, 4.949497572825494629 ) ) ;
#2300 = LINE ( 'NONE', #3472, #2238 ) ;
#2301 = DIRECTION ( 'NONE',  ( 6.806842309370794645E-16, -1.000000000000000000, 0.000000000000000000 ) ) ;
#2302 = DIRECTION ( 'NONE',  ( 0.000000000000000000, -0.000000000000000000, -1.000000000000000000 ) ) ;
#2303 = CIRCLE ( 'NONE', #1445, 3.000000000000000888 ) ;
#2304 = LINE ( 'NONE', #866, #177 ) ;
#2305 = EDGE_CURVE ( 'NONE', #2145, #3267, #2106, .T. ) ;
#2306 = FACE_BOUND ( 'NONE', #294, .T. ) ;
#2307 = ORIENTED_EDGE ( 'NONE', *, *, #3246, .T. ) ;
#2308 = CARTESIAN_POINT ( 'NONE',  ( -4.949497572825296565, -29.25000000000000000, -6.374999999999799272 ) ) ;
#2309 = EDGE_CURVE ( 'NONE', #983, #3234, #3282, .T. ) ;
#2310 = AXIS2_PLACEMENT_3D ( 'NONE', #2509, #1110, #1728 ) ;
#2311 = AXIS2_PLACEMENT_3D ( 'NONE', #1646, #838, #3708 ) ;
#2312 = VERTEX_POINT ( 'NONE', #1776 ) ;
#2313 = VERTEX_POINT ( 'NONE', #3549 ) ;
#2314 = AXIS2_PLACEMENT_3D ( 'NONE', #2637, #515, #1738 ) ;
#2315 = DIRECTION ( 'NONE',  ( 0.000000000000000000, 0.000000000000000000, 1.000000000000000000 ) ) ;
#2316 = ORIENTED_EDGE ( 'NONE', *, *, #2749, .F. ) ;
#2317 = DIRECTION ( 'NONE',  ( 0.000000000000000000, 0.000000000000000000, -1.000000000000000000 ) ) ;
#2318 = AXIS2_PLACEMENT_3D ( 'NONE', #3149, #1431, #2315 ) ;
#2319 = DIRECTION ( 'NONE',  ( 0.000000000000000000, 0.000000000000000000, -1.000000000000000000 ) ) ;
#2320 = LINE ( 'NONE', #3489, #468 ) ;
#2321 = CARTESIAN_POINT ( 'NONE',  ( 30.95000000000000995, -27.11000000000000654, 20.25000000000153477 ) ) ;
#2322 = ORIENTED_EDGE ( 'NONE', *, *, #2724, .F. ) ;
#2323 = LINE ( 'NONE', #3493, #271 ) ;
#2324 = CYLINDRICAL_SURFACE ( 'NONE', #3487, 7.099999999999999645 ) ;
#2325 = AXIS2_PLACEMENT_3D ( 'NONE', #2200, #706, #1637 ) ;
#2326 = FACE_OUTER_BOUND ( 'NONE', #537, .T. ) ;
#2327 = AXIS2_PLACEMENT_3D ( 'NONE', #2801, #2779, #2429 ) ;
#2328 = EDGE_LOOP ( 'NONE', ( #3087, #3771, #1505, #1126 ) ) ;
#2329 = LINE ( 'NONE', #567, #956 ) ;
#2330 = ADVANCED_FACE ( 'NONE', ( #2949 ), #955, .F. ) ;
#2331 = DIRECTION ( 'NONE',  ( -0.000000000000000000, 1.000000000000000000, -0.000000000000000000 ) ) ;
#2332 = ORIENTED_EDGE ( 'NONE', *, *, #1305, .T. ) ;
#2333 = EDGE_CURVE ( 'NONE', #930, #2464, #3580, .T. ) ;
#2334 = ORIENTED_EDGE ( 'NONE', *, *, #3387, .T. ) ;
#2335 = FACE_OUTER_BOUND ( 'NONE', #2432, .T. ) ;
#2336 = CIRCLE ( 'NONE', #2271, 1.002199995687616196 ) ;
#2337 = DIRECTION ( 'NONE',  ( 1.000000000000000000, 9.745637505487680998E-17, 0.000000000000000000 ) ) ;
#2338 = LINE ( 'NONE', #1814, #2834 ) ;
#2339 = CARTESIAN_POINT ( 'NONE',  ( 31.44999999999999929, -51.92604593830444060, 1.040834085586084257E-14 ) ) ;
#2340 = ORIENTED_EDGE ( 'NONE', *, *, #1294, .F. ) ;
#2341 = CYLINDRICAL_SURFACE ( 'NONE', #458, 1.002293481871904923 ) ;
#2342 = LINE ( 'NONE', #2392, #2129 ) ;
#2343 = EDGE_CURVE ( 'NONE', #923, #3329, #1164, .T. ) ;
#2344 =( NAMED_UNIT ( * ) SI_UNIT ( $, .STERADIAN. ) SOLID_ANGLE_UNIT ( ) );
#2345 = ORIENTED_EDGE ( 'NONE', *, *, #1912, .T. ) ;
#2346 = FACE_OUTER_BOUND ( 'NONE', #2970, .T. ) ;
#2347 = SURFACE_STYLE_USAGE ( .BOTH. , #1179 ) ;
#2348 = EDGE_LOOP ( 'NONE', ( #542, #2364, #2622, #1430, #3451, #2165, #1538, #1745 ) ) ;
#2349 = VERTEX_POINT ( 'NONE', #2360 ) ;
#2350 = CARTESIAN_POINT ( 'NONE',  ( 0.000000000000000000, 0.000000000000000000, 0.000000000000000000 ) ) ;
#2351 = EDGE_CURVE ( 'NONE', #3048, #3044, #2746, .T. ) ;
#2352 = EDGE_LOOP ( 'NONE', ( #482, #2205 ) ) ;
#2353 = CARTESIAN_POINT ( 'NONE',  ( 0.000000000000000000, 0.000000000000000000, 24.55000000000000071 ) ) ;
#2354 = DIRECTION ( 'NONE',  ( -7.779833121590977705E-17, 1.000000000000000000, 0.000000000000000000 ) ) ;
#2355 = CARTESIAN_POINT ( 'NONE',  ( -31.99999999999997868, 0.000000000000000000, 24.54999999999999005 ) ) ;
#2356 = ORIENTED_EDGE ( 'NONE', *, *, #1990, .T. ) ;
#2357 = LINE ( 'NONE', #23, #53 ) ;
#2358 = VECTOR ( 'NONE', #2864, 1000.000000000000000 ) ;
#2359 = VERTEX_POINT ( 'NONE', #1790 ) ;
#2360 = CARTESIAN_POINT ( 'NONE',  ( 31.44999999999999929, -26.95767651737898163, -1.537918005908522900 ) ) ;
#2361 = AXIS2_PLACEMENT_3D ( 'NONE', #3431, #801, #2011 ) ;
#2362 = CARTESIAN_POINT ( 'NONE',  ( -6.500000000000024869, -27.11000000000000654, -5.099999999999917044 ) ) ;
#2363 = ORIENTED_EDGE ( 'NONE', *, *, #2135, .T. ) ;
#2364 = ORIENTED_EDGE ( 'NONE', *, *, #1655, .F. ) ;
#2365 = CARTESIAN_POINT ( 'NONE',  ( -28.64999999999999503, -0.000000000000000000, 24.55000000000000071 ) ) ;
#2366 = VECTOR ( 'NONE', #2680, 1000.000000000000000 ) ;
#2367 = AXIS2_PLACEMENT_3D ( 'NONE', #833, #9, #2561 ) ;
#2368 = CARTESIAN_POINT ( 'NONE',  ( -13.35000000000002274, 0.000000000000000000, 24.55000000000000071 ) ) ;
#2369 = CARTESIAN_POINT ( 'NONE',  ( 31.44999999999999929, -44.41604593830443548, 12.50000000000000711 ) ) ;
#2370 = ORIENTED_EDGE ( 'NONE', *, *, #350, .T. ) ;
#2371 = EDGE_CURVE ( 'NONE', #306, #640, #41, .T. ) ;
#2372 = DIRECTION ( 'NONE',  ( 0.000000000000000000, -0.3940327209102227335, -0.9190964121636459039 ) ) ;
#2373 = CARTESIAN_POINT ( 'NONE',  ( 25.55000000000000071, -4.500338972710011376, 22.50000000000153122 ) ) ;
#2374 = EDGE_CURVE ( 'NONE', #3018, #3311, #2380, .T. ) ;
#2375 = DIRECTION ( 'NONE',  ( 0.000000000000000000, 0.000000000000000000, -1.000000000000000000 ) ) ;
#2376 = EDGE_CURVE ( 'NONE', #554, #1482, #114, .T. ) ;
#2377 = CARTESIAN_POINT ( 'NONE',  ( -28.64999999999999503, -24.11213394580208913, 24.55000000000000071 ) ) ;
#2378 = EDGE_LOOP ( 'NONE', ( #2856, #3556 ) ) ;
#2379 = CIRCLE ( 'NONE', #3430, 7.100059492837034192 ) ;
#2380 = LINE ( 'NONE', #924, #2196 ) ;
#2381 = VECTOR ( 'NONE', #1262, 1000.000000000000227 ) ;
#2382 = ORIENTED_EDGE ( 'NONE', *, *, #2694, .T. ) ;
#2383 = ORIENTED_EDGE ( 'NONE', *, *, #1340, .F. ) ;
#2384 = DIRECTION ( 'NONE',  ( 0.000000000000000000, 0.000000000000000000, -1.000000000000000000 ) ) ;
#2385 = EDGE_CURVE ( 'NONE', #6, #1339, #1010, .T. ) ;
#2386 = ORIENTED_EDGE ( 'NONE', *, *, #604, .T. ) ;
#2387 = DIRECTION ( 'NONE',  ( 0.000000000000000000, -1.000000000000000000, 0.000000000000000000 ) ) ;
#2388 = DIRECTION ( 'NONE',  ( 0.000000000000000000, 0.3940327209102222894, -0.9190964121636460149 ) ) ;
#2389 = CIRCLE ( 'NONE', #2958, 1.425000000000000044 ) ;
#2390 = ORIENTED_EDGE ( 'NONE', *, *, #1798, .T. ) ;
#2391 = CARTESIAN_POINT ( 'NONE',  ( -9.350000000000024514, -9.500338972710009600, 24.55000000000000071 ) ) ;
#2392 = CARTESIAN_POINT ( 'NONE',  ( 27.44999999999999574, 1.166108041866203242E-14, 12.49999999999998757 ) ) ;
#2393 = AXIS2_PLACEMENT_3D ( 'NONE', #2097, #2400, #3272 ) ;
#2394 = AXIS2_PLACEMENT_3D ( 'NONE', #728, #1909, #471 ) ;
#2395 = EDGE_CURVE ( 'NONE', #3275, #207, #113, .T. ) ;
#2396 =( NAMED_UNIT ( * ) PLANE_ANGLE_UNIT ( ) SI_UNIT ( $, .RADIAN. ) );
#2397 = ORIENTED_EDGE ( 'NONE', *, *, #2092, .T. ) ;
#2398 = PLANE ( 'NONE',  #3777 ) ;
#2399 = VERTEX_POINT ( 'NONE', #2783 ) ;
#2400 = DIRECTION ( 'NONE',  ( 1.000000000000000000, 9.745637505487680998E-17, 0.000000000000000000 ) ) ;
#2401 = AXIS2_PLACEMENT_3D ( 'NONE', #3242, #1459, #597 ) ;
#2402 = EDGE_CURVE ( 'NONE', #2570, #3320, #3131, .T. ) ;
#2403 = AXIS2_PLACEMENT_3D ( 'NONE', #968, #86, #2116 ) ;
#2404 = ORIENTED_EDGE ( 'NONE', *, *, #2660, .T. ) ;
#2405 = ORIENTED_EDGE ( 'NONE', *, *, #2418, .T. ) ;
#2406 = VECTOR ( 'NONE', #15, 1000.000000000000000 ) ;
#2407 = PLANE ( 'NONE',  #3074 ) ;
#2408 = EDGE_CURVE ( 'NONE', #2498, #1892, #2809, .T. ) ;
#2409 = EDGE_CURVE ( 'NONE', #1317, #3589, #1281, .T. ) ;
#2410 = ORIENTED_EDGE ( 'NONE', *, *, #1083, .F. ) ;
#2411 = CARTESIAN_POINT ( 'NONE',  ( 27.44999999999999929, -9.500338972710009600, 22.86009492289630174 ) ) ;
#2412 = AXIS2_PLACEMENT_3D ( 'NONE', #368, #3083, #3305 ) ;
#2413 = CARTESIAN_POINT ( 'NONE',  ( -32.74999999999999289, -21.89698046350459748, -24.55000000000000071 ) ) ;
#2414 = PLANE ( 'NONE',  #1809 ) ;
#2415 = VERTEX_POINT ( 'NONE', #1948 ) ;
#2416 = CARTESIAN_POINT ( 'NONE',  ( -6.500000000000024869, -4.500338972710011376, 19.50000000000153833 ) ) ;
#2417 = ADVANCED_FACE ( 'NONE', ( #3336 ), #1617, .F. ) ;
#2418 = EDGE_CURVE ( 'NONE', #697, #928, #1925, .T. ) ;
#2419 = CIRCLE ( 'NONE', #2173, 1.002199995687616196 ) ;
#2420 = VERTEX_POINT ( 'NONE', #2454 ) ;
#2421 = VERTEX_POINT ( 'NONE', #3617 ) ;
#2422 = CARTESIAN_POINT ( 'NONE',  ( 4.950000000000001066, -4.500338972710011376, -4.949497572824772540 ) ) ;
#2423 = DIRECTION ( 'NONE',  ( 0.000000000000000000, 0.000000000000000000, -1.000000000000000000 ) ) ;
#2424 = EDGE_LOOP ( 'NONE', ( #632, #2760, #3182, #2641 ) ) ;
#2425 = ORIENTED_EDGE ( 'NONE', *, *, #1291, .T. ) ;
#2426 = CARTESIAN_POINT ( 'NONE',  ( -32.74999999999998579, 6.349999999999999645, 25.05000000000001492 ) ) ;
#2427 = CIRCLE ( 'NONE', #3172, 0.9000000000019027224 ) ;
#2428 = ORIENTED_EDGE ( 'NONE', *, *, #807, .F. ) ;
#2429 = DIRECTION ( 'NONE',  ( 0.000000000000000000, 0.000000000000000000, -1.000000000000000000 ) ) ;
#2430 = CARTESIAN_POINT ( 'NONE',  ( 31.44999999999999929, -51.92604593830444060, -7.100059492837026198 ) ) ;
#2431 = AXIS2_PLACEMENT_3D ( 'NONE', #1030, #2202, #443 ) ;
#2432 = EDGE_LOOP ( 'NONE', ( #2832, #606, #3696, #3782 ) ) ;
#2433 = DIRECTION ( 'NONE',  ( -1.000000000000000000, -7.779833121590977705E-17, 6.162975822039154730E-33 ) ) ;
#2434 = CARTESIAN_POINT ( 'NONE',  ( -32.74999999999998579, 0.000000000000000000, -24.55000000000000071 ) ) ;
#2435 = PLANE ( 'NONE',  #3533 ) ;
#2436 = VECTOR ( 'NONE', #2020, 1000.000000000000000 ) ;
#2437 = ORIENTED_EDGE ( 'NONE', *, *, #662, .F. ) ;
#2438 = CARTESIAN_POINT ( 'NONE',  ( -4.950000000000338574, 0.000000000000000000, 3.524497572825494363 ) ) ;
#2439 = ORIENTED_EDGE ( 'NONE', *, *, #1116, .T. ) ;
#2440 = EDGE_CURVE ( 'NONE', #3262, #2957, #991, .T. ) ;
#2441 = LINE ( 'NONE', #962, #2231 ) ;
#2442 = CARTESIAN_POINT ( 'NONE',  ( 25.55000000000000071, 1.921485021339510764E-15, -1.949999999999989519 ) ) ;
#2443 = AXIS2_PLACEMENT_3D ( 'NONE', #1906, #1341, #3402 ) ;
#2444 = LINE ( 'NONE', #1306, #948 ) ;
#2445 = EDGE_CURVE ( 'NONE', #394, #3388, #3664, .T. ) ;
#2446 = ORIENTED_EDGE ( 'NONE', *, *, #577, .F. ) ;
#2447 = VECTOR ( 'NONE', #1295, 1000.000000000000114 ) ;
#2448 = DIRECTION ( 'NONE',  ( 1.000000000000000000, 0.000000000000000000, 0.000000000000000000 ) ) ;
#2449 = VERTEX_POINT ( 'NONE', #2472 ) ;
#2450 = CARTESIAN_POINT ( 'NONE',  ( -1.110223024625156540E-13, 8.485281374238571317, 1.387778780781445676E-13 ) ) ;
#2451 = FACE_OUTER_BOUND ( 'NONE', #1709, .T. ) ;
#2452 = DIRECTION ( 'NONE',  ( -0.000000000000000000, 1.000000000000000000, -0.000000000000000000 ) ) ;
#2453 = ORIENTED_EDGE ( 'NONE', *, *, #1292, .T. ) ;
#2454 = CARTESIAN_POINT ( 'NONE',  ( -9.350000000000024514, -24.11499999999999844, 24.55000000000000071 ) ) ;
#2455 = VECTOR ( 'NONE', #1748, 1000.000000000000000 ) ;
#2456 = ADVANCED_FACE ( 'NONE', ( #3379 ), #173, .F. ) ;
#2457 = CARTESIAN_POINT ( 'NONE',  ( 30.95000000000000639, -6.610000000000003872, 20.25000000000153477 ) ) ;
#2458 = VERTEX_POINT ( 'NONE', #2513 ) ;
#2459 = LINE ( 'NONE', #2788, #65 ) ;
#2460 = VERTEX_POINT ( 'NONE', #724 ) ;
#2461 = PLANE ( 'NONE',  #583 ) ;
#2462 = DIRECTION ( 'NONE',  ( 0.000000000000000000, -1.000000000000000000, 0.000000000000000000 ) ) ;
#2463 = ORIENTED_EDGE ( 'NONE', *, *, #3656, .T. ) ;
#2464 = VERTEX_POINT ( 'NONE', #2224 ) ;
#2465 = CARTESIAN_POINT ( 'NONE',  ( 0.000000000000000000, -9.500338972710009600, 0.000000000000000000 ) ) ;
#2466 = EDGE_CURVE ( 'NONE', #1703, #2789, #249, .T. ) ;
#2467 = EDGE_LOOP ( 'NONE', ( #35, #3543, #200, #1671 ) ) ;
#2468 = DIRECTION ( 'NONE',  ( 0.000000000000000000, 0.000000000000000000, -1.000000000000000000 ) ) ;
#2469 = DIRECTION ( 'NONE',  ( -1.000000000000000000, -7.779833121590977705E-17, 6.162975822039154730E-33 ) ) ;
#2470 = VECTOR ( 'NONE', #3756, 1000.000000000000000 ) ;
#2471 = ORIENTED_EDGE ( 'NONE', *, *, #2658, .F. ) ;
#2472 = CARTESIAN_POINT ( 'NONE',  ( -4.949497572825296565, 0.000000000000000000, -7.949999999999799449 ) ) ;
#2473 = ORIENTED_EDGE ( 'NONE', *, *, #167, .T. ) ;
#2474 = DIRECTION ( 'NONE',  ( 0.000000000000000000, 1.000000000000000000, -0.000000000000000000 ) ) ;
#2475 = VERTEX_POINT ( 'NONE', #767 ) ;
#2476 = CARTESIAN_POINT ( 'NONE',  ( 27.44999999999999929, -4.500338972710011376, 18.00000000000153477 ) ) ;
#2477 = CARTESIAN_POINT ( 'NONE',  ( 4.949497572824959946, 0.000000000000000000, 4.950000000000527756 ) ) ;
#2478 = DIRECTION ( 'NONE',  ( 1.000000000000000000, 9.745637505487682231E-17, -0.000000000000000000 ) ) ;
#2479 = ORIENTED_EDGE ( 'NONE', *, *, #3778, .F. ) ;
#2480 = ORIENTED_EDGE ( 'NONE', *, *, #1204, .F. ) ;
#2481 = VECTOR ( 'NONE', #3587, 1000.000000000000000 ) ;
#2482 = CARTESIAN_POINT ( 'NONE',  ( -6.500000000000024869, -4.500338972710007823, -7.199999999998458300 ) ) ;
#2483 = PLANE ( 'NONE',  #620 ) ;
#2484 = ORIENTED_EDGE ( 'NONE', *, *, #2489, .T. ) ;
#2485 = FACE_OUTER_BOUND ( 'NONE', #2066, .T. ) ;
#2486 = CIRCLE ( 'NONE', #1572, 3.000000000000000000 ) ;
#2487 = DIRECTION ( 'NONE',  ( 0.000000000000000000, 0.000000000000000000, 1.000000000000000000 ) ) ;
#2488 = CYLINDRICAL_SURFACE ( 'NONE', #274, 1.002199995687616196 ) ;
#2489 = EDGE_CURVE ( 'NONE', #491, #653, #3121, .T. ) ;
#2490 = VECTOR ( 'NONE', #939, 1000.000000000000000 ) ;
#2491 = ORIENTED_EDGE ( 'NONE', *, *, #1366, .T. ) ;
#2492 = ADVANCED_FACE ( 'NONE', ( #3053 ), #1657, .F. ) ;
#2493 = DIRECTION ( 'NONE',  ( -1.000000000000000000, -0.000000000000000000, -0.000000000000000000 ) ) ;
#2494 = EDGE_CURVE ( 'NONE', #840, #2420, #137, .T. ) ;
#2495 = CARTESIAN_POINT ( 'NONE',  ( -6.500000000000024869, -4.500338972710007823, -7.199999999998458300 ) ) ;
#2496 = EDGE_LOOP ( 'NONE', ( #1989, #3510, #166, #44 ) ) ;
#2497 = DIRECTION ( 'NONE',  ( -0.000000000000000000, 1.000000000000000000, -0.000000000000000000 ) ) ;
#2498 = VERTEX_POINT ( 'NONE', #2761 ) ;
#2499 = CARTESIAN_POINT ( 'NONE',  ( 0.000000000000000000, 0.000000000000000000, 24.55000000000000071 ) ) ;
#2500 = LINE ( 'NONE', #996, #231 ) ;
#2501 = CARTESIAN_POINT ( 'NONE',  ( -6.500000000000024869, -27.11000000000001009, 16.50000000000153833 ) ) ;
#2502 = VERTEX_POINT ( 'NONE', #1861 ) ;
#2503 = ORIENTED_EDGE ( 'NONE', *, *, #2542, .T. ) ;
#2504 = LINE ( 'NONE', #327, #3031 ) ;
#2505 = CARTESIAN_POINT ( 'NONE',  ( 31.44999999999999929, 3.349999999999996536, 28.05000000000000071 ) ) ;
#2506 = AXIS2_PLACEMENT_3D ( 'NONE', #73, #3532, #1242 ) ;
#2507 = ORIENTED_EDGE ( 'NONE', *, *, #1484, .F. ) ;
#2508 = DIRECTION ( 'NONE',  ( -0.000000000000000000, -0.000000000000000000, -1.000000000000000000 ) ) ;
#2509 = CARTESIAN_POINT ( 'NONE',  ( -6.500000000000024869, 0.000000000000000000, 0.000000000000000000 ) ) ;
#2510 = LINE ( 'NONE', #3734, #2796 ) ;
#2511 = CARTESIAN_POINT ( 'NONE',  ( 25.55000000000000426, -26.11046727323418537, -4.199999999998461853 ) ) ;
#2512 = ORIENTED_EDGE ( 'NONE', *, *, #1739, .F. ) ;
#2513 = CARTESIAN_POINT ( 'NONE',  ( 27.44999999999999574, -29.25000000000000000, 22.50000000000153122 ) ) ;
#2514 = EDGE_CURVE ( 'NONE', #2297, #553, #3035, .T. ) ;
#2515 = EDGE_LOOP ( 'NONE', ( #600, #3012, #3600, #2934 ) ) ;
#2516 = DIRECTION ( 'NONE',  ( 0.000000000000000000, 0.000000000000000000, -1.000000000000000000 ) ) ;
#2517 = AXIS2_PLACEMENT_3D ( 'NONE', #3413, #2587, #540 ) ;
#2518 = EDGE_LOOP ( 'NONE', ( #1448, #2228, #978, #3415 ) ) ;
#2519 = CARTESIAN_POINT ( 'NONE',  ( 31.44999999999999929, -51.92604593830444060, 1.040834085586084257E-14 ) ) ;
#2520 = VECTOR ( 'NONE', #3039, 1000.000000000000000 ) ;
#2521 = CARTESIAN_POINT ( 'NONE',  ( -13.35000000000002274, -29.25000000000000000, 0.000000000000000000 ) ) ;
#2522 = ORIENTED_EDGE ( 'NONE', *, *, #791, .T. ) ;
#2523 = VERTEX_POINT ( 'NONE', #3757 ) ;
#2524 = DIRECTION ( 'NONE',  ( 0.000000000000000000, 0.000000000000000000, 1.000000000000000000 ) ) ;
#2525 = DIRECTION ( 'NONE',  ( 1.000000000000000000, 9.745637505487682231E-17, -0.000000000000000000 ) ) ;
#2526 = EDGE_LOOP ( 'NONE', ( #2192, #2999, #1872, #896 ) ) ;
#2527 = DIRECTION ( 'NONE',  ( -0.000000000000000000, 1.000000000000000000, -0.000000000000000000 ) ) ;
#2528 = DIRECTION ( 'NONE',  ( -0.000000000000000000, 1.000000000000000000, -0.000000000000000000 ) ) ;
#2529 = VECTOR ( 'NONE', #3652, 1000.000000000000000 ) ;
#2530 = PLANE ( 'NONE',  #2942 ) ;
#2531 = ORIENTED_EDGE ( 'NONE', *, *, #940, .T. ) ;
#2532 = DIRECTION ( 'NONE',  ( 1.000000000000000000, 0.000000000000000000, 0.000000000000000000 ) ) ;
#2533 = ORIENTED_EDGE ( 'NONE', *, *, #734, .F. ) ;
#2534 = LINE ( 'NONE', #2579, #1063 ) ;
#2535 = CARTESIAN_POINT ( 'NONE',  ( -28.64999999999999503, -21.89698046350459748, -24.55000000000000426 ) ) ;
#2536 = AXIS2_PLACEMENT_3D ( 'NONE', #3236, #1781, #1502 ) ;
#2537 = DIRECTION ( 'NONE',  ( 0.000000000000000000, -1.000000000000000000, 0.000000000000000000 ) ) ;
#2538 = ORIENTED_EDGE ( 'NONE', *, *, #1029, .F. ) ;
#2539 = ADVANCED_FACE ( 'NONE', ( #1422 ), #2324, .F. ) ;
#2540 = ORIENTED_EDGE ( 'NONE', *, *, #3504, .T. ) ;
#2541 = LINE ( 'NONE', #519, #81 ) ;
#2542 = EDGE_CURVE ( 'NONE', #2584, #517, #2554, .T. ) ;
#2543 = CARTESIAN_POINT ( 'NONE',  ( -1.110223024625156540E-13, -18.64999999999999858, 1.350000000000138867 ) ) ;
#2544 = EDGE_CURVE ( 'NONE', #677, #3553, #969, .T. ) ;
#2545 = VECTOR ( 'NONE', #1712, 1000.000000000000000 ) ;
#2546 = EDGE_LOOP ( 'NONE', ( #2866, #771 ) ) ;
#2547 = CARTESIAN_POINT ( 'NONE',  ( 30.95100000000001472, -16.85999999999956245, -5.399999999998658318 ) ) ;
#2548 = EDGE_CURVE ( 'NONE', #3646, #2460, #2026, .T. ) ;
#2549 = PLANE ( 'NONE',  #2275 ) ;
#2550 = AXIS2_PLACEMENT_3D ( 'NONE', #1367, #267, #2537 ) ;
#2551 = CARTESIAN_POINT ( 'NONE',  ( -32.95003483321599447, -44.41604593830443548, -12.49999999999999112 ) ) ;
#2552 = CARTESIAN_POINT ( 'NONE',  ( -6.500000000000024869, -4.500338972710011376, 19.50000000000153833 ) ) ;
#2553 = PLANE ( 'NONE',  #639 ) ;
#2554 = LINE ( 'NONE', #1095, #1827 ) ;
#2555 = CARTESIAN_POINT ( 'NONE',  ( 31.44999999999999929, -26.95767651737898163, 4.335076018827155764 ) ) ;
#2556 = EDGE_CURVE ( 'NONE', #288, #6, #546, .T. ) ;
#2557 = CARTESIAN_POINT ( 'NONE',  ( -1.108569751446307578E-13, 0.000000000000000000, -1.349999999999861311 ) ) ;
#2558 = AXIS2_PLACEMENT_3D ( 'NONE', #2661, #2337, #1454 ) ;
#2559 = DIRECTION ( 'NONE',  ( 0.000000000000000000, 0.000000000000000000, -1.000000000000000000 ) ) ;
#2560 = ORIENTED_EDGE ( 'NONE', *, *, #237, .F. ) ;
#2561 = DIRECTION ( 'NONE',  ( 0.000000000000000000, 0.000000000000000000, -1.000000000000000000 ) ) ;
#2562 = DIRECTION ( 'NONE',  ( 0.000000000000000000, 1.299418334065024133E-16, -1.000000000000000000 ) ) ;
#2563 = ADVANCED_FACE ( 'NONE', ( #1134 ), #298, .F. ) ;
#2564 = ORIENTED_EDGE ( 'NONE', *, *, #1340, .T. ) ;
#2565 = ORIENTED_EDGE ( 'NONE', *, *, #1853, .F. ) ;
#2566 = CARTESIAN_POINT ( 'NONE',  ( -4.950000000000338574, -4.500338972710011376, 4.949497572825494629 ) ) ;
#2567 = CARTESIAN_POINT ( 'NONE',  ( 30.94999999999999929, -6.260289708239329620, -1.037918005908522900 ) ) ;
#2568 = EDGE_CURVE ( 'NONE', #3027, #881, #1965, .T. ) ;
#2569 = EDGE_CURVE ( 'NONE', #221, #3080, #1967, .T. ) ;
#2570 = VERTEX_POINT ( 'NONE', #3443 ) ;
#2571 = AXIS2_PLACEMENT_3D ( 'NONE', #1966, #790, #764 ) ;
#2572 = DIRECTION ( 'NONE',  ( 1.000000000000000000, 9.745637505487683463E-17, -0.000000000000000000 ) ) ;
#2573 = DIRECTION ( 'NONE',  ( 0.000000000000000000, 0.000000000000000000, 1.000000000000000000 ) ) ;
#2574 = DIRECTION ( 'NONE',  ( 0.000000000000000000, -1.000000000000000000, 0.000000000000000000 ) ) ;
#2575 = DIRECTION ( 'NONE',  ( -0.000000000000000000, 1.000000000000000000, -0.000000000000000000 ) ) ;
#2576 = AXIS2_PLACEMENT_3D ( 'NONE', #599, #7, #1210 ) ;
#2577 = CARTESIAN_POINT ( 'NONE',  ( -32.95003483321599447, -51.92604593830444060, 1.040834085586084257E-14 ) ) ;
#2578 = DIRECTION ( 'NONE',  ( -0.000000000000000000, 1.000000000000000000, -0.000000000000000000 ) ) ;
#2579 = CARTESIAN_POINT ( 'NONE',  ( -9.350000000000024514, -8.720338972710006686, -7.199999999998459188 ) ) ;
#2580 = ORIENTED_EDGE ( 'NONE', *, *, #2865, .F. ) ;
#2581 = CARTESIAN_POINT ( 'NONE',  ( 27.44999999999999929, -9.500338972710009600, 24.55000000000000071 ) ) ;
#2582 = LINE ( 'NONE', #3746, #2175 ) ;
#2583 = AXIS2_PLACEMENT_3D ( 'NONE', #33, #2628, #357 ) ;
#2584 = VERTEX_POINT ( 'NONE', #3173 ) ;
#2585 = ORIENTED_EDGE ( 'NONE', *, *, #786, .F. ) ;
#2586 = DIRECTION ( 'NONE',  ( -1.438880092385038863E-16, 1.000000000000000000, 0.000000000000000000 ) ) ;
#2587 = DIRECTION ( 'NONE',  ( 0.000000000000000000, -1.000000000000000000, 0.000000000000000000 ) ) ;
#2588 = VECTOR ( 'NONE', #1344, 1000.000000000000000 ) ;
#2589 = ORIENTED_EDGE ( 'NONE', *, *, #3101, .T. ) ;
#2590 = CARTESIAN_POINT ( 'NONE',  ( -13.35000000000002274, -6.610000000000006537, 16.50000000000153833 ) ) ;
#2591 = EDGE_CURVE ( 'NONE', #1282, #1807, #2041, .T. ) ;
#2592 = DIRECTION ( 'NONE',  ( 1.000000000000000000, 0.000000000000000000, -0.000000000000000000 ) ) ;
#2593 = DIRECTION ( 'NONE',  ( 0.000000000000000000, 0.000000000000000000, 1.000000000000000000 ) ) ;
#2594 = LINE ( 'NONE', #3693, #3239 ) ;
#2595 = DIRECTION ( 'NONE',  ( 0.000000000000000000, -1.000000000000000000, 0.000000000000000000 ) ) ;
#2596 = CARTESIAN_POINT ( 'NONE',  ( 4.949497572824959946, 0.000000000000000000, 4.950000000000527756 ) ) ;
#2597 = CARTESIAN_POINT ( 'NONE',  ( 30.95000000000000995, -28.11229348187190880, 20.25000000000153477 ) ) ;
#2598 = ORIENTED_EDGE ( 'NONE', *, *, #3349, .F. ) ;
#2599 = LINE ( 'NONE', #3197, #544 ) ;
#2600 = DIRECTION ( 'NONE',  ( -1.000000000000000000, -0.000000000000000000, -0.000000000000000000 ) ) ;
#2601 = ORIENTED_EDGE ( 'NONE', *, *, #2333, .T. ) ;
#2602 = ORIENTED_EDGE ( 'NONE', *, *, #2232, .T. ) ;
#2603 = CIRCLE ( 'NONE', #941, 7.099999999999999645 ) ;
#2604 = CARTESIAN_POINT ( 'NONE',  ( 4.949497572824959946, 6.349999999999999645, 4.950000000000527756 ) ) ;
#2605 = VERTEX_POINT ( 'NONE', #1694 ) ;
#2606 = FACE_OUTER_BOUND ( 'NONE', #1559, .T. ) ;
#2607 = PLANE ( 'NONE',  #192 ) ;
#2608 = DIRECTION ( 'NONE',  ( -1.000000000000000000, -7.779833121590977705E-17, 6.162975822039154730E-33 ) ) ;
#2609 = CYLINDRICAL_SURFACE ( 'NONE', #2257, 1.002293481871904923 ) ;
#2610 = ORIENTED_EDGE ( 'NONE', *, *, #2556, .F. ) ;
#2611 = EDGE_CURVE ( 'NONE', #1627, #3763, #1461, .T. ) ;
#2612 = CARTESIAN_POINT ( 'NONE',  ( -9.350000000000024514, -27.11000000000000654, -4.199999999998461853 ) ) ;
#2613 = CIRCLE ( 'NONE', #2002, 3.000000000000000000 ) ;
#2614 = DIRECTION ( 'NONE',  ( 0.000000000000000000, 0.000000000000000000, 1.000000000000000000 ) ) ;
#2615 = EDGE_CURVE ( 'NONE', #1801, #359, #2304, .T. ) ;
#2616 = DIRECTION ( 'NONE',  ( -1.000000000000000000, -7.779833121590977705E-17, 6.162975822039154730E-33 ) ) ;
#2617 = CARTESIAN_POINT ( 'NONE',  ( -13.18333333333335844, -24.11214598645052121, -24.55000401354948281 ) ) ;
#2618 = EDGE_CURVE ( 'NONE', #893, #3297, #2885, .T. ) ;
#2619 = LINE ( 'NONE', #2723, #3477 ) ;
#2620 = CIRCLE ( 'NONE', #2933, 3.000000000000001332 ) ;
#2621 = ORIENTED_EDGE ( 'NONE', *, *, #2568, .F. ) ;
#2622 = ORIENTED_EDGE ( 'NONE', *, *, #1194, .F. ) ;
#2623 = CIRCLE ( 'NONE', #165, 1.424999999999999600 ) ;
#2624 = DIRECTION ( 'NONE',  ( 0.000000000000000000, 0.000000000000000000, -1.000000000000000000 ) ) ;
#2625 = AXIS2_PLACEMENT_3D ( 'NONE', #2457, #707, #1575 ) ;
#2626 = ORIENTED_EDGE ( 'NONE', *, *, #3062, .T. ) ;
#2627 = FACE_OUTER_BOUND ( 'NONE', #2838, .T. ) ;
#2628 = DIRECTION ( 'NONE',  ( -0.000000000000000000, 1.000000000000000000, -0.000000000000000000 ) ) ;
#2629 = ADVANCED_FACE ( 'NONE', ( #815 ), #3475, .F. ) ;
#2630 = LINE ( 'NONE', #676, #2481 ) ;
#2631 = ORIENTED_EDGE ( 'NONE', *, *, #3033, .F. ) ;
#2632 = DIRECTION ( 'NONE',  ( 0.000000000000000000, -1.000000000000000000, 0.000000000000000000 ) ) ;
#2633 = CARTESIAN_POINT ( 'NONE',  ( -13.35000000000002274, -29.25000000000000355, 19.41500000000001691 ) ) ;
#2634 = AXIS2_PLACEMENT_3D ( 'NONE', #2162, #2532, #154 ) ;
#2635 = APPLICATION_PROTOCOL_DEFINITION ( 'draft international standard', 'automotive_design', 1998, #1826 ) ;
#2636 = ORIENTED_EDGE ( 'NONE', *, *, #2618, .F. ) ;
#2637 = CARTESIAN_POINT ( 'NONE',  ( 25.55000000000000071, 1.950397079272457286E-15, -1.691736863149747930E-31 ) ) ;
#2638 = ADVANCED_FACE ( 'NONE', ( #3141 ), #3154, .F. ) ;
#2639 = FILL_AREA_STYLE_COLOUR ( '', #2242 ) ;
#2640 = ORIENTED_EDGE ( 'NONE', *, *, #1888, .F. ) ;
#2641 = ORIENTED_EDGE ( 'NONE', *, *, #2658, .T. ) ;
#2642 = B_SPLINE_CURVE_WITH_KNOTS ( 'NONE', 3,
 ( #1717, #2617, #3444, #1402 ),
 .UNSPECIFIED., .F., .F.,
 ( 4, 4 ),
 ( 0.000000000000000000, 1.000000000000000000 ),
 .UNSPECIFIED. ) ;
#2643 = DIRECTION ( 'NONE',  ( -9.745637505487680998E-17, 1.000000000000000000, 0.000000000000000000 ) ) ;
#2644 = VERTEX_POINT ( 'NONE', #582 ) ;
#2645 = ORIENTED_EDGE ( 'NONE', *, *, #2267, .T. ) ;
#2646 = CIRCLE ( 'NONE', #1844, 3.000000000000000444 ) ;
#2647 = DIRECTION ( 'NONE',  ( 0.000000000000000000, 1.000000000000000000, -0.000000000000000000 ) ) ;
#2648 = DIRECTION ( 'NONE',  ( 0.000000000000000000, -0.4226182617406973319, -0.9063077870366509359 ) ) ;
#2649 = CARTESIAN_POINT ( 'NONE',  ( 4.950000000000001066, -4.500338972710011376, -4.949497572824772540 ) ) ;
#2650 = ORIENTED_EDGE ( 'NONE', *, *, #2009, .F. ) ;
#2651 = DIRECTION ( 'NONE',  ( 0.000000000000000000, 0.000000000000000000, 1.000000000000000000 ) ) ;
#2652 = LINE ( 'NONE', #3559, #602 ) ;
#2653 = VERTEX_POINT ( 'NONE', #2909 ) ;
#2654 = CARTESIAN_POINT ( 'NONE',  ( 31.44999999999999929, 6.349999999999999645, -25.05000000000000426 ) ) ;
#2655 = CARTESIAN_POINT ( 'NONE',  ( -4.949497572825296565, 0.000000000000000000, -4.949999999999799449 ) ) ;
#2656 = ORIENTED_EDGE ( 'NONE', *, *, #1312, .T. ) ;
#2657 = DIRECTION ( 'NONE',  ( 0.000000000000000000, 0.000000000000000000, -1.000000000000000000 ) ) ;
#2658 = EDGE_CURVE ( 'NONE', #203, #3163, #1755, .T. ) ;
#2659 = ORIENTED_EDGE ( 'NONE', *, *, #1706, .F. ) ;
#2660 = EDGE_CURVE ( 'NONE', #1148, #3102, #3422, .T. ) ;
#2661 = CARTESIAN_POINT ( 'NONE',  ( 30.95000000000000284, -6.760289708239330508, -1.037918005908522900 ) ) ;
#2662 = EDGE_CURVE ( 'NONE', #1042, #864, #3243, .T. ) ;
#2663 = CARTESIAN_POINT ( 'NONE',  ( 31.44999999999999929, -26.95767651737898163, 4.835076018827155764 ) ) ;
#2664 = ORIENTED_EDGE ( 'NONE', *, *, #2305, .T. ) ;
#2665 = CARTESIAN_POINT ( 'NONE',  ( -9.350000000000024514, -24.11213394580208913, 24.55000000000000071 ) ) ;
#2666 = CARTESIAN_POINT ( 'NONE',  ( 4.950000000000001066, 0.000000000000000000, -6.374497572824771474 ) ) ;
#2667 = CARTESIAN_POINT ( 'NONE',  ( -4.949497572825296565, -4.500338972710011376, -4.949999999999799449 ) ) ;
#2668 = CIRCLE ( 'NONE', #834, 0.9000000000019027224 ) ;
#2669 = ORIENTED_EDGE ( 'NONE', *, *, #3705, .F. ) ;
#2670 = DIRECTION ( 'NONE',  ( 1.000000000000000000, 0.000000000000000000, 0.000000000000000000 ) ) ;
#2671 = EDGE_CURVE ( 'NONE', #78, #2584, #2075, .T. ) ;
#2672 = CIRCLE ( 'NONE', #1200, 3.000000000000000000 ) ;
#2673 =( NAMED_UNIT ( * ) PLANE_ANGLE_UNIT ( ) SI_UNIT ( $, .RADIAN. ) );
#2674 = ORIENTED_EDGE ( 'NONE', *, *, #1205, .F. ) ;
#2675 = ORIENTED_EDGE ( 'NONE', *, *, #2815, .F. ) ;
#2676 = DIRECTION ( 'NONE',  ( 1.000000000000000000, 0.000000000000000000, 0.000000000000000000 ) ) ;
#2677 = AXIS2_PLACEMENT_3D ( 'NONE', #3116, #483, #1961 ) ;
#2678 = AXIS2_PLACEMENT_3D ( 'NONE', #3406, #1286, #1327 ) ;
#2679 = ORIENTED_EDGE ( 'NONE', *, *, #1011, .T. ) ;
#2680 = DIRECTION ( 'NONE',  ( -0.000000000000000000, 1.000000000000000000, -0.000000000000000000 ) ) ;
#2681 = CARTESIAN_POINT ( 'NONE',  ( -9.350000000000024514, -27.11000000000000654, -3.299999999997006217 ) ) ;
#2682 = ADVANCED_FACE ( 'NONE', ( #2103 ), #313, .T. ) ;
#2683 = EDGE_CURVE ( 'NONE', #2080, #2850, #1718, .T. ) ;
#2684 = VERTEX_POINT ( 'NONE', #344 ) ;
#2685 = LINE ( 'NONE', #2797, #3389 ) ;
#2686 = CARTESIAN_POINT ( 'NONE',  ( -29.39999999999999503, -21.89698046350459748, -27.30000000000000426 ) ) ;
#2687 = LINE ( 'NONE', #3776, #3224 ) ;
#2688 = VERTEX_POINT ( 'NONE', #1239 ) ;
#2689 = DIRECTION ( 'NONE',  ( 1.000000000000000000, -0.000000000000000000, -0.000000000000000000 ) ) ;
#2690 = CIRCLE ( 'NONE', #1654, 0.9000000000019027224 ) ;
#2691 = ORIENTED_EDGE ( 'NONE', *, *, #3349, .T. ) ;
#2692 = ORIENTED_EDGE ( 'NONE', *, *, #2309, .F. ) ;
#2693 = DIRECTION ( 'NONE',  ( -1.000000000000000000, -7.779833121590977705E-17, 6.162975822039154730E-33 ) ) ;
#2694 = EDGE_CURVE ( 'NONE', #2458, #1053, #2357, .T. ) ;
#2695 = VERTEX_POINT ( 'NONE', #2413 ) ;
#2696 = EDGE_LOOP ( 'NONE', ( #735, #2117, #3699, #657, #2585, #178, #1349, #117, #625, #2382, #2829, #776, #3196, #3066, #234, #1648, #1144, #2795, #665, #1348, #1544, #2602, #127, #3767, #1056, #2924 ) ) ;
#2697 = FACE_OUTER_BOUND ( 'NONE', #1956, .T. ) ;
#2698 = PLANE ( 'NONE',  #2403 ) ;
#2699 = VECTOR ( 'NONE', #2036, 1000.000000000000000 ) ;
#2700 = EDGE_LOOP ( 'NONE', ( #561, #1139, #1599, #2841 ) ) ;
#2701 = EDGE_CURVE ( 'NONE', #1145, #2688, #2690, .T. ) ;
#2702 = LINE ( 'NONE', #2214, #2907 ) ;
#2703 = CARTESIAN_POINT ( 'NONE',  ( -28.64999999999999503, -20.61213394580202873, -28.05000000000000071 ) ) ;
#2704 = VECTOR ( 'NONE', #261, 1000.000000000000000 ) ;
#2705 = LINE ( 'NONE', #1258, #3110 ) ;
#2706 = EDGE_CURVE ( 'NONE', #2086, #3030, #2120, .T. ) ;
#2707 = VERTEX_POINT ( 'NONE', #3294 ) ;
#2708 = DIRECTION ( 'NONE',  ( 0.000000000000000000, -1.299418334065024380E-16, 1.000000000000000000 ) ) ;
#2709 = CARTESIAN_POINT ( 'NONE',  ( -6.500000000000024869, -27.11000000000000654, -3.299999999997006217 ) ) ;
#2710 = EDGE_LOOP ( 'NONE', ( #906, #245, #2428, #3679 ) ) ;
#2711 = ORIENTED_EDGE ( 'NONE', *, *, #910, .T. ) ;
#2712 = CARTESIAN_POINT ( 'NONE',  ( -13.35000000000002274, -29.24999999999999289, -19.41215000000001822 ) ) ;
#2713 = CIRCLE ( 'NONE', #1427, 12.50000000000000000 ) ;
#2714 = LINE ( 'NONE', #391, #3166 ) ;
#2715 = VERTEX_POINT ( 'NONE', #2633 ) ;
#2716 = PLANE ( 'NONE',  #2892 ) ;
#2717 = CARTESIAN_POINT ( 'NONE',  ( -32.95003483321599447, -42.04685710750737826, -18.02622368288010435 ) ) ;
#2718 = EDGE_LOOP ( 'NONE', ( #1563, #615, #1424, #28 ) ) ;
#2719 = AXIS2_PLACEMENT_3D ( 'NONE', #2422, #1303, #3622 ) ;
#2720 = DIRECTION ( 'NONE',  ( -0.000000000000000000, 1.000000000000000000, -0.000000000000000000 ) ) ;
#2721 = EDGE_CURVE ( 'NONE', #3446, #491, #2342, .T. ) ;
#2722 = ORIENTED_EDGE ( 'NONE', *, *, #456, .F. ) ;
#2723 = CARTESIAN_POINT ( 'NONE',  ( 27.45000000000000284, -17.40422570142409597, -71.39841416718611811 ) ) ;
#2724 = EDGE_CURVE ( 'NONE', #1169, #1953, #1479, .T. ) ;
#2725 = CARTESIAN_POINT ( 'NONE',  ( -13.35000000000002274, -27.11000000000000654, -5.099999999999917044 ) ) ;
#2726 = AXIS2_PLACEMENT_3D ( 'NONE', #255, #1417, #2593 ) ;
#2727 = DIRECTION ( 'NONE',  ( 1.000000000000000000, 9.745637505487683463E-17, -0.000000000000000000 ) ) ;
#2728 = EDGE_LOOP ( 'NONE', ( #3361, #3284 ) ) ;
#2729 = DIRECTION ( 'NONE',  ( -0.000000000000000000, 0.4226182617406973319, -0.9063077870366509359 ) ) ;
#2730 = ORIENTED_EDGE ( 'NONE', *, *, #1938, .T. ) ;
#2731 = ORIENTED_EDGE ( 'NONE', *, *, #732, .F. ) ;
#2732 = FACE_OUTER_BOUND ( 'NONE', #2348, .T. ) ;
#2733 = EDGE_LOOP ( 'NONE', ( #938, #2691, #382, #1284 ) ) ;
#2734 = DIRECTION ( 'NONE',  ( -0.000000000000000000, -1.000000000000000000, -0.000000000000000000 ) ) ;
#2735 = CIRCLE ( 'NONE', #787, 1.425000000000000044 ) ;
#2736 = VERTEX_POINT ( 'NONE', #2703 ) ;
#2737 = DIRECTION ( 'NONE',  ( 0.000000000000000000, -1.000000000000000000, 0.000000000000000000 ) ) ;
#2738 = CARTESIAN_POINT ( 'NONE',  ( -6.500000000000024869, -4.500338972710011376, 2.380937665017040406 ) ) ;
#2739 = AXIS2_PLACEMENT_3D ( 'NONE', #3491, #863, #279 ) ;
#2740 = ORIENTED_EDGE ( 'NONE', *, *, #3735, .T. ) ;
#2741 = LINE ( 'NONE', #1891, #373 ) ;
#2742 = EDGE_LOOP ( 'NONE', ( #3421, #2316, #1493, #2113 ) ) ;
#2743 = EDGE_CURVE ( 'NONE', #3250, #2464, #1782, .T. ) ;
#2744 = DIRECTION ( 'NONE',  ( 0.000000000000000000, -0.7071067811865537900, 0.7071067811865412445 ) ) ;
#2745 = CARTESIAN_POINT ( 'NONE',  ( -6.500000000000024869, -6.610000000000006537, 16.50000000000153833 ) ) ;
#2746 = CIRCLE ( 'NONE', #2506, 0.9995327267658229431 ) ;
#2747 = CARTESIAN_POINT ( 'NONE',  ( 0.000000000000000000, -9.500338972710009600, 0.000000000000000000 ) ) ;
#2748 = VECTOR ( 'NONE', #329, 1000.000000000000000 ) ;
#2749 = EDGE_CURVE ( 'NONE', #750, #175, #360, .T. ) ;
#2750 = ORIENTED_EDGE ( 'NONE', *, *, #577, .T. ) ;
#2751 = ORIENTED_EDGE ( 'NONE', *, *, #120, .T. ) ;
#2752 = AXIS2_PLACEMENT_3D ( 'NONE', #1175, #3545, #666 ) ;
#2753 = DIRECTION ( 'NONE',  ( 1.000000000000000000, -0.000000000000000000, -0.000000000000000000 ) ) ;
#2754 = ORIENTED_EDGE ( 'NONE', *, *, #1986, .T. ) ;
#2755 = DIRECTION ( 'NONE',  ( -0.000000000000000000, -0.000000000000000000, -1.000000000000000000 ) ) ;
#2756 = DIRECTION ( 'NONE',  ( 0.000000000000000000, -1.000000000000000000, 4.619769576502813752E-16 ) ) ;
#2757 = VECTOR ( 'NONE', #1310, 1000.000000000000000 ) ;
#2758 = DIRECTION ( 'NONE',  ( 0.000000000000000000, -1.000000000000000000, 0.000000000000000000 ) ) ;
#2759 = VECTOR ( 'NONE', #2643, 1000.000000000000000 ) ;
#2760 = ORIENTED_EDGE ( 'NONE', *, *, #786, .T. ) ;
#2761 = CARTESIAN_POINT ( 'NONE',  ( -6.500000000000024869, -8.720338972710010239, 19.50000000000153833 ) ) ;
#2762 = CIRCLE ( 'NONE', #1353, 1.425000000000000044 ) ;
#2763 = DIRECTION ( 'NONE',  ( 0.000000000000000000, 0.000000000000000000, 1.000000000000000000 ) ) ;
#2764 = LINE ( 'NONE', #2184, #347 ) ;
#2765 = ORIENTED_EDGE ( 'NONE', *, *, #1194, .T. ) ;
#2766 = DIRECTION ( 'NONE',  ( 0.000000000000000000, 0.000000000000000000, 1.000000000000000000 ) ) ;
#2767 = LINE ( 'NONE', #142, #384 ) ;
#2768 = CARTESIAN_POINT ( 'NONE',  ( 31.44999999999999929, -37.61792319645750382, 28.05000000000000071 ) ) ;
#2769 = CYLINDRICAL_SURFACE ( 'NONE', #1695, 0.9000000000019027224 ) ;
#2770 = VERTEX_POINT ( 'NONE', #2666 ) ;
#2771 = AXIS2_PLACEMENT_3D ( 'NONE', #2612, #865, #1155 ) ;
#2772 = ORIENTED_EDGE ( 'NONE', *, *, #3065, .T. ) ;
#2773 = LINE ( 'NONE', #2118, #3209 ) ;
#2774 = FACE_OUTER_BOUND ( 'NONE', #273, .T. ) ;
#2775 = ADVANCED_FACE ( 'NONE', ( #3576 ), #936, .T. ) ;
#2776 = ADVANCED_FACE ( 'NONE', ( #919 ), #2087, .F. ) ;
#2777 = ORIENTED_EDGE ( 'NONE', *, *, #830, .T. ) ;
#2778 = EDGE_CURVE ( 'NONE', #246, #3007, #3436, .T. ) ;
#2779 = DIRECTION ( 'NONE',  ( -0.000000000000000000, 1.000000000000000000, -0.000000000000000000 ) ) ;
#2780 = DIRECTION ( 'NONE',  ( -1.000000000000000000, 0.000000000000000000, 0.000000000000000000 ) ) ;
#2781 = PLANE ( 'NONE',  #1003 ) ;
#2782 = VECTOR ( 'NONE', #1696, 1000.000000000000000 ) ;
#2783 = CARTESIAN_POINT ( 'NONE',  ( -9.350000000000024514, -4.500338972710011376, -7.199999999998457412 ) ) ;
#2784 = CARTESIAN_POINT ( 'NONE',  ( 27.44999999999999929, 2.135564191876723336E-15, 22.50000000000153122 ) ) ;
#2785 = PLANE ( 'NONE',  #3047 ) ;
#2786 = VECTOR ( 'NONE', #1182, 1000.000000000000000 ) ;
#2787 = ORIENTED_EDGE ( 'NONE', *, *, #1798, .F. ) ;
#2788 = CARTESIAN_POINT ( 'NONE',  ( 31.44999999999999929, -27.45767651737898518, -1.037918005908522456 ) ) ;
#2789 = VERTEX_POINT ( 'NONE', #3264 ) ;
#2790 = CARTESIAN_POINT ( 'NONE',  ( 27.45000000000000284, -51.92604593830444060, 12.50000000000001066 ) ) ;
#2791 = LINE ( 'NONE', #3060, #1764 ) ;
#2792 = ADVANCED_FACE ( 'NONE', ( #1836 ), #377, .F. ) ;
#2793 = LINE ( 'NONE', #3665, #3227 ) ;
#2794 = EDGE_LOOP ( 'NONE', ( #2674, #3372, #1232, #126 ) ) ;
#2795 = ORIENTED_EDGE ( 'NONE', *, *, #2211, .F. ) ;
#2796 = VECTOR ( 'NONE', #745, 1000.000000000000000 ) ;
#2797 = CARTESIAN_POINT ( 'NONE',  ( -6.500000000000024869, -27.11000000000001009, 15.59999999999963372 ) ) ;
#2798 = DIRECTION ( 'NONE',  ( 0.000000000000000000, 1.000000000000000000, -0.000000000000000000 ) ) ;
#2799 = ORIENTED_EDGE ( 'NONE', *, *, #104, .T. ) ;
#2800 = EDGE_CURVE ( 'NONE', #1539, #1924, #3512, .T. ) ;
#2801 = CARTESIAN_POINT ( 'NONE',  ( -1.110223024625156540E-13, 0.000000000000000000, 1.387778780781445676E-13 ) ) ;
#2802 = VECTOR ( 'NONE', #409, 1000.000000000000000 ) ;
#2803 = PLANE ( 'NONE',  #2310 ) ;
#2804 = CARTESIAN_POINT ( 'NONE',  ( -6.500000000000024869, -6.610000000000006537, -3.299999999996555466 ) ) ;
#2805 = CIRCLE ( 'NONE', #1324, 3.000000000000000000 ) ;
#2806 = CARTESIAN_POINT ( 'NONE',  ( -4.950000000000338574, 0.000000000000000000, 6.374497572825494451 ) ) ;
#2807 = CIRCLE ( 'NONE', #3651, 0.9995327267658229431 ) ;
#2808 = EDGE_LOOP ( 'NONE', ( #150, #954 ) ) ;
#2809 = LINE ( 'NONE', #402, #421 ) ;
#2810 = DIRECTION ( 'NONE',  ( 1.000000000000000000, 0.000000000000000000, 0.000000000000000000 ) ) ;
#2811 = ORIENTED_EDGE ( 'NONE', *, *, #2024, .T. ) ;
#2812 = FACE_OUTER_BOUND ( 'NONE', #3240, .T. ) ;
#2813 = EDGE_LOOP ( 'NONE', ( #2751, #1947, #311, #1996 ) ) ;
#2814 = DIRECTION ( 'NONE',  ( 0.000000000000000000, 0.000000000000000000, 1.000000000000000000 ) ) ;
#2815 = EDGE_CURVE ( 'NONE', #2818, #269, #3613, .T. ) ;
#2816 = CARTESIAN_POINT ( 'NONE',  ( -4.950000000000338574, 0.000000000000000000, 4.949497572825494629 ) ) ;
#2817 = ORIENTED_EDGE ( 'NONE', *, *, #2749, .T. ) ;
#2818 = VERTEX_POINT ( 'NONE', #988 ) ;
#2819 = CARTESIAN_POINT ( 'NONE',  ( -28.65000000000000213, -4.066673503662784162E-15, 0.000000000000000000 ) ) ;
#2820 = DIRECTION ( 'NONE',  ( 0.000000000000000000, -1.000000000000000000, 0.000000000000000000 ) ) ;
#2821 = AXIS2_PLACEMENT_3D ( 'NONE', #3697, #847, #3210 ) ;
#2822 = FACE_OUTER_BOUND ( 'NONE', #1221, .T. ) ;
#2823 = AXIS2_PLACEMENT_3D ( 'NONE', #1902, #1569, #1335 ) ;
#2824 = ORIENTED_EDGE ( 'NONE', *, *, #2374, .T. ) ;
#2825 = CARTESIAN_POINT ( 'NONE',  ( 4.949497572824959946, -4.500338972710011376, 1.950000000000526423 ) ) ;
#2826 = LINE ( 'NONE', #2241, #1727 ) ;
#2827 = CARTESIAN_POINT ( 'NONE',  ( -6.500000000000024869, -6.610000000000006537, 15.59999999999963372 ) ) ;
#2828 = CARTESIAN_POINT ( 'NONE',  ( -9.350000000000024514, -29.25000000000000000, 19.41500000000000270 ) ) ;
#2829 = ORIENTED_EDGE ( 'NONE', *, *, #3185, .T. ) ;
#2830 = CARTESIAN_POINT ( 'NONE',  ( 30.95000000000000639, -7.609746684908300196, 20.25000000000153477 ) ) ;
#2831 = EDGE_CURVE ( 'NONE', #2421, #1807, #3303, .T. ) ;
#2832 = ORIENTED_EDGE ( 'NONE', *, *, #2489, .F. ) ;
#2833 = CARTESIAN_POINT ( 'NONE',  ( -9.350000000000024514, -9.500338972710009600, 24.55000000000000071 ) ) ;
#2834 = VECTOR ( 'NONE', #2648, 1000.000000000000114 ) ;
#2835 = ADVANCED_FACE ( 'NONE', ( #3671 ), #1314, .F. ) ;
#2836 = LINE ( 'NONE', #1972, #2115 ) ;
#2837 = VERTEX_POINT ( 'NONE', #763 ) ;
#2838 = EDGE_LOOP ( 'NONE', ( #3537, #2811, #2626, #2397 ) ) ;
#2839 = CARTESIAN_POINT ( 'NONE',  ( 27.44999999999999929, -6.760289708239330508, -1.537918005908522900 ) ) ;
#2840 = DIRECTION ( 'NONE',  ( 0.000000000000000000, 0.000000000000000000, -1.000000000000000000 ) ) ;
#2841 = ORIENTED_EDGE ( 'NONE', *, *, #1739, .T. ) ;
#2842 = PLANE ( 'NONE',  #3772 ) ;
#2843 = FACE_OUTER_BOUND ( 'NONE', #1761, .T. ) ;
#2844 = CARTESIAN_POINT ( 'NONE',  ( 25.55000000000000071, -4.500338972710011376, -6.449999999999987743 ) ) ;
#2845 = FACE_OUTER_BOUND ( 'NONE', #1241, .T. ) ;
#2846 = DIRECTION ( 'NONE',  ( -0.000000000000000000, 1.000000000000000000, -0.000000000000000000 ) ) ;
#2847 = ADVANCED_FACE ( 'NONE', ( #2485 ), #971, .F. ) ;
#2848 = AXIS2_PLACEMENT_3D ( 'NONE', #635, #330, #2930 ) ;
#2849 = DIRECTION ( 'NONE',  ( 0.000000000000000000, 0.000000000000000000, -1.000000000000000000 ) ) ;
#2850 = VERTEX_POINT ( 'NONE', #1044 ) ;
#2851 = CARTESIAN_POINT ( 'NONE',  ( 30.95000000000000639, -26.95767651737898163, -1.037918005908522456 ) ) ;
#2852 = EDGE_CURVE ( 'NONE', #2197, #394, #109, .T. ) ;
#2853 = VECTOR ( 'NONE', #2372, 1000.000000000000227 ) ;
#2854 = CARTESIAN_POINT ( 'NONE',  ( -4.949497572825296565, 0.000000000000000000, -4.949999999999799449 ) ) ;
#2855 = ORIENTED_EDGE ( 'NONE', *, *, #3536, .T. ) ;
#2856 = ORIENTED_EDGE ( 'NONE', *, *, #250, .F. ) ;
#2857 = DIRECTION ( 'NONE',  ( 1.000000000000000000, 1.438880092385038863E-16, 0.000000000000000000 ) ) ;
#2858 = CARTESIAN_POINT ( 'NONE',  ( 27.45000000000000284, -44.41604593830443548, 12.50000000000000711 ) ) ;
#2859 = VECTOR ( 'NONE', #2573, 1000.000000000000000 ) ;
#2860 = ORIENTED_EDGE ( 'NONE', *, *, #604, .F. ) ;
#2861 = FACE_BOUND ( 'NONE', #3008, .T. ) ;
#2862 = CARTESIAN_POINT ( 'NONE',  ( -32.74999999999998579, -21.89698046350459748, -28.05000000000000071 ) ) ;
#2863 = CIRCLE ( 'NONE', #538, 3.000000000000000444 ) ;
#2864 = DIRECTION ( 'NONE',  ( -1.000000000000000000, -0.000000000000000000, -0.000000000000000000 ) ) ;
#2865 = EDGE_CURVE ( 'NONE', #2203, #2644, #3599, .T. ) ;
#2866 = ORIENTED_EDGE ( 'NONE', *, *, #414, .F. ) ;
#2867 = DIRECTION ( 'NONE',  ( 0.000000000000000000, -0.7071067811865484609, 0.7071067811865465735 ) ) ;
#2868 = DIRECTION ( 'NONE',  ( 0.000000000000000000, 0.000000000000000000, -1.000000000000000000 ) ) ;
#2869 = VECTOR ( 'NONE', #3447, 1000.000000000000000 ) ;
#2870 = PLANE ( 'NONE',  #3400 ) ;
#2871 = ORIENTED_EDGE ( 'NONE', *, *, #3504, .F. ) ;
#2872 = CARTESIAN_POINT ( 'NONE',  ( -4.950000000000338574, -4.500338972710011376, 1.949497572825494185 ) ) ;
#2873 = EDGE_CURVE ( 'NONE', #517, #1523, #1921, .T. ) ;
#2874 = ORIENTED_EDGE ( 'NONE', *, *, #2494, .T. ) ;
#2875 = ORIENTED_EDGE ( 'NONE', *, *, #3737, .T. ) ;
#2876 = CARTESIAN_POINT ( 'NONE',  ( -12.85000000000002096, -24.11214197290104622, -24.55000000000000071 ) ) ;
#2877 = DIRECTION ( 'NONE',  ( -0.000000000000000000, 1.000000000000000000, -0.000000000000000000 ) ) ;
#2878 = ORIENTED_EDGE ( 'NONE', *, *, #2074, .F. ) ;
#2879 = CARTESIAN_POINT ( 'NONE',  ( 30.95000000000000995, -27.11000000000000654, -4.199999999998461853 ) ) ;
#2880 = CYLINDRICAL_SURFACE ( 'NONE', #1229, 1.425000000000000044 ) ;
#2881 = LINE ( 'NONE', #1983, #1142 ) ;
#2882 = VECTOR ( 'NONE', #213, 1000.000000000000000 ) ;
#2883 = CARTESIAN_POINT ( 'NONE',  ( -9.350000000000024514, -4.500338972710011376, 22.86009492289630174 ) ) ;
#2884 = PLANE ( 'NONE',  #1624 ) ;
#2885 = LINE ( 'NONE', #1440, #1342 ) ;
#2886 = DIRECTION ( 'NONE',  ( 1.000000000000000000, 0.000000000000000000, -0.000000000000000000 ) ) ;
#2887 = CARTESIAN_POINT ( 'NONE',  ( -9.350000000000024514, -9.500338972710009600, 22.86009492289630174 ) ) ;
#2888 = FACE_BOUND ( 'NONE', #2378, .T. ) ;
#2889 = ORIENTED_EDGE ( 'NONE', *, *, #3181, .T. ) ;
#2890 = LINE ( 'NONE', #264, #3289 ) ;
#2891 = DIRECTION ( 'NONE',  ( -0.000000000000000000, 1.000000000000000000, -0.000000000000000000 ) ) ;
#2892 = AXIS2_PLACEMENT_3D ( 'NONE', #2153, #3328, #2448 ) ;
#2893 = VERTEX_POINT ( 'NONE', #438 ) ;
#2894 = ORIENTED_EDGE ( 'NONE', *, *, #2971, .F. ) ;
#2895 = CARTESIAN_POINT ( 'NONE',  ( -32.74999999999998579, -16.85999999999956245, -12.49999999999865885 ) ) ;
#2896 = VECTOR ( 'NONE', #1097, 1000.000000000000114 ) ;
#2897 = EDGE_CURVE ( 'NONE', #697, #1557, #684, .T. ) ;
#2898 = ORIENTED_EDGE ( 'NONE', *, *, #2683, .T. ) ;
#2899 = LINE ( 'NONE', #2547, #2988 ) ;
#2900 = DIRECTION ( 'NONE',  ( 0.000000000000000000, -0.000000000000000000, -1.000000000000000000 ) ) ;
#2901 = EDGE_CURVE ( 'NONE', #765, #2715, #397, .T. ) ;
#2902 = CARTESIAN_POINT ( 'NONE',  ( 31.44999999999999929, -6.760289708239329620, 4.335076018827155764 ) ) ;
#2903 = EDGE_CURVE ( 'NONE', #2789, #1703, #1406, .T. ) ;
#2904 = CARTESIAN_POINT ( 'NONE',  ( 0.000000000000000000, 0.000000000000000000, 0.000000000000000000 ) ) ;
#2905 = EDGE_CURVE ( 'NONE', #1339, #2249, #132, .T. ) ;
#2906 = ORIENTED_EDGE ( 'NONE', *, *, #2915, .F. ) ;
#2907 = VECTOR ( 'NONE', #454, 1000.000000000000000 ) ;
#2908 = CARTESIAN_POINT ( 'NONE',  ( 30.95000000000000995, -26.10770651812810073, 20.25000000000153477 ) ) ;
#2909 = CARTESIAN_POINT ( 'NONE',  ( 27.44999999999999574, -37.61792319645750382, -28.05000000000000071 ) ) ;
#2910 = VECTOR ( 'NONE', #3643, 1000.000000000000000 ) ;
#2911 = CARTESIAN_POINT ( 'NONE',  ( -29.39999999999999503, -21.89698046350459748, 24.55000000000000071 ) ) ;
#2912 = LINE ( 'NONE', #772, #1685 ) ;
#2913 = EDGE_LOOP ( 'NONE', ( #3256, #2491, #1361, #2234 ) ) ;
#2914 = DIRECTION ( 'NONE',  ( -4.118684382124149690E-17, 0.4226182617406973319, 0.9063077870366509359 ) ) ;
#2915 = EDGE_CURVE ( 'NONE', #3747, #2312, #3632, .T. ) ;
#2916 = ORIENTED_EDGE ( 'NONE', *, *, #380, .F. ) ;
#2917 = EDGE_LOOP ( 'NONE', ( #157, #498, #1701, #3342 ) ) ;
#2918 = AXIS2_PLACEMENT_3D ( 'NONE', #1285, #158, #3364 ) ;
#2919 = LINE ( 'NONE', #355, #1244 ) ;
#2920 = CARTESIAN_POINT ( 'NONE',  ( -1.110223024625156540E-13, -18.64999999999999858, 1.387778780781445676E-13 ) ) ;
#2921 = DIRECTION ( 'NONE',  ( 1.000000000000000000, -0.000000000000000000, -0.000000000000000000 ) ) ;
#2922 = ADVANCED_BREP_SHAPE_REPRESENTATION ( 'Hip-pulley-housing-left', ( #1611, #2848 ), #2973 ) ;
#2923 = CARTESIAN_POINT ( 'NONE',  ( -9.350000000000024514, -16.85999999999956245, -19.59999999999865850 ) ) ;
#2924 = ORIENTED_EDGE ( 'NONE', *, *, #2721, .F. ) ;
#2925 = ADVANCED_FACE ( 'NONE', ( #3093 ), #168, .F. ) ;
#2926 = DIRECTION ( 'NONE',  ( 1.000000000000000000, 0.000000000000000000, 0.000000000000000000 ) ) ;
#2927 = VECTOR ( 'NONE', #365, 1000.000000000000000 ) ;
#2928 = DIRECTION ( 'NONE',  ( 1.000000000000000000, 0.000000000000000000, 0.000000000000000000 ) ) ;
#2929 = LINE ( 'NONE', #1495, #1100 ) ;
#2930 = DIRECTION ( 'NONE',  ( 1.000000000000000000, 0.000000000000000000, 0.000000000000000000 ) ) ;
#2931 = VERTEX_POINT ( 'NONE', #3071 ) ;
#2932 = LINE ( 'NONE', #2581, #3176 ) ;
#2933 = AXIS2_PLACEMENT_3D ( 'NONE', #3682, #3428, #3663 ) ;
#2934 = ORIENTED_EDGE ( 'NONE', *, *, #3748, .F. ) ;
#2935 = ORIENTED_EDGE ( 'NONE', *, *, #1938, .F. ) ;
#2936 = FACE_OUTER_BOUND ( 'NONE', #945, .T. ) ;
#2937 = VECTOR ( 'NONE', #2763, 1000.000000000000000 ) ;
#2938 = ORIENTED_EDGE ( 'NONE', *, *, #2267, .F. ) ;
#2939 = DIRECTION ( 'NONE',  ( 1.000000000000000000, 9.745637505487683463E-17, -0.000000000000000000 ) ) ;
#2940 = DIRECTION ( 'NONE',  ( 0.000000000000000000, 0.000000000000000000, 1.000000000000000000 ) ) ;
#2941 = CARTESIAN_POINT ( 'NONE',  ( 27.44999999999999929, -9.500338972710009600, -22.85972004506499999 ) ) ;
#2942 = AXIS2_PLACEMENT_3D ( 'NONE', #2262, #2243, #2001 ) ;
#2943 = VERTEX_POINT ( 'NONE', #1613 ) ;
#2944 = DIRECTION ( 'NONE',  ( -0.000000000000000000, -0.7071067811865484609, -0.7071067811865465735 ) ) ;
#2945 = DIRECTION ( 'NONE',  ( -0.000000000000000000, 1.000000000000000000, -0.000000000000000000 ) ) ;
#2946 = VECTOR ( 'NONE', #1027, 1000.000000000000114 ) ;
#2947 = AXIS2_PLACEMENT_3D ( 'NONE', #1394, #1651, #2319 ) ;
#2948 = ORIENTED_EDGE ( 'NONE', *, *, #2054, .F. ) ;
#2949 = FACE_OUTER_BOUND ( 'NONE', #687, .T. ) ;
#2950 = EDGE_CURVE ( 'NONE', #1145, #1463, #1855, .T. ) ;
#2951 = DIRECTION ( 'NONE',  ( 0.000000000000000000, 0.000000000000000000, 1.000000000000000000 ) ) ;
#2952 = EDGE_CURVE ( 'NONE', #974, #112, #743, .T. ) ;
#2953 = ORIENTED_EDGE ( 'NONE', *, *, #1716, .T. ) ;
#2954 = EDGE_CURVE ( 'NONE', #2349, #2073, #3117, .T. ) ;
#2955 = ORIENTED_EDGE ( 'NONE', *, *, #3567, .F. ) ;
#2956 = CARTESIAN_POINT ( 'NONE',  ( 31.44999999999999929, -27.45767651737898518, 4.335076018827155764 ) ) ;
#2957 = VERTEX_POINT ( 'NONE', #89 ) ;
#2958 = AXIS2_PLACEMENT_3D ( 'NONE', #2174, #2798, #1273 ) ;
#2959 = CARTESIAN_POINT ( 'NONE',  ( -28.64999999999999503, -21.89698046350459748, 26.76515348229746394 ) ) ;
#2960 = CARTESIAN_POINT ( 'NONE',  ( 31.44999999999999929, -6.760289708239327844, 4.835076018827155764 ) ) ;
#2961 = EDGE_LOOP ( 'NONE', ( #777, #595, #1666, #316 ) ) ;
#2962 = DIRECTION ( 'NONE',  ( 1.000000000000000000, 0.000000000000000000, -0.000000000000000000 ) ) ;
#2963 = EDGE_CURVE ( 'NONE', #3340, #3660, #3592, .T. ) ;
#2964 = DIRECTION ( 'NONE',  ( 0.000000000000000000, -1.000000000000000000, 0.000000000000000000 ) ) ;
#2965 = LINE ( 'NONE', #3278, #2748 ) ;
#2966 = DIRECTION ( 'NONE',  ( -1.000000000000000000, -0.000000000000000000, -0.000000000000000000 ) ) ;
#2967 = EDGE_CURVE ( 'NONE', #2151, #3250, #2133, .T. ) ;
#2968 = ORIENTED_EDGE ( 'NONE', *, *, #2743, .F. ) ;
#2969 = EDGE_CURVE ( 'NONE', #3629, #288, #485, .T. ) ;
#2970 = EDGE_LOOP ( 'NONE', ( #3401, #1264, #1207, #3625, #3579, #1498, #1212, #2390, #2126 ) ) ;
#2971 = EDGE_CURVE ( 'NONE', #1282, #1839, #3132, .T. ) ;
#2972 = CARTESIAN_POINT ( 'NONE',  ( -1.106549084227714486E-13, -4.500338972710011376, 3.000000000000139444 ) ) ;
#2973 =( GEOMETRIC_REPRESENTATION_CONTEXT ( 3 ) GLOBAL_UNCERTAINTY_ASSIGNED_CONTEXT ( ( #1877 ) ) GLOBAL_UNIT_ASSIGNED_CONTEXT ( ( #3514, #2396, #2344 ) ) REPRESENTATION_CONTEXT ( 'NONE', 'WORKASPACE' ) );
#2974 = ORIENTED_EDGE ( 'NONE', *, *, #1452, .T. ) ;
#2975 = CARTESIAN_POINT ( 'NONE',  ( -29.39999999999999503, -0.000000000000000000, -24.55000000000000071 ) ) ;
#2976 = CARTESIAN_POINT ( 'NONE',  ( -9.350000000000024514, -29.25000000000000000, 0.000000000000000000 ) ) ;
#2977 = ORIENTED_EDGE ( 'NONE', *, *, #789, .F. ) ;
#2978 = CARTESIAN_POINT ( 'NONE',  ( 4.950000000000001066, 0.000000000000000000, -3.524497572824773162 ) ) ;
#2979 = DIRECTION ( 'NONE',  ( -1.000000000000000000, 0.000000000000000000, 0.000000000000000000 ) ) ;
#2980 = CARTESIAN_POINT ( 'NONE',  ( -4.950000000000338574, -29.25000000000000000, 4.949497572825494629 ) ) ;
#2981 = EDGE_CURVE ( 'NONE', #727, #2943, #1982, .T. ) ;
#2982 = VECTOR ( 'NONE', #370, 1000.000000000000000 ) ;
#2983 = VERTEX_POINT ( 'NONE', #808 ) ;
#2984 = CARTESIAN_POINT ( 'NONE',  ( -4.950000000000338574, 0.000000000000000000, 7.949497572825495517 ) ) ;
#2985 = ORIENTED_EDGE ( 'NONE', *, *, #2466, .F. ) ;
#2986 = ORIENTED_EDGE ( 'NONE', *, *, #2615, .F. ) ;
#2987 = CYLINDRICAL_SURFACE ( 'NONE', #2393, 0.5000000000000004441 ) ;
#2988 = VECTOR ( 'NONE', #3394, 1000.000000000000000 ) ;
#2989 = AXIS2_PLACEMENT_3D ( 'NONE', #2604, #3750, #3111 ) ;
#2990 = EDGE_CURVE ( 'NONE', #1487, #3200, #1535, .T. ) ;
#2991 = VECTOR ( 'NONE', #2078, 1000.000000000000000 ) ;
#2992 = ORIENTED_EDGE ( 'NONE', *, *, #1267, .F. ) ;
#2993 = CARTESIAN_POINT ( 'NONE',  ( 27.44999999999999929, 2.135564191876723336E-15, 18.00000000000153477 ) ) ;
#2994 = ADVANCED_FACE ( 'NONE', ( #1374 ), #1434, .T. ) ;
#2995 = FACE_OUTER_BOUND ( 'NONE', #982, .T. ) ;
#2996 = ORIENTED_EDGE ( 'NONE', *, *, #318, .F. ) ;
#2997 = CARTESIAN_POINT ( 'NONE',  ( -9.350000000000024514, -27.11000000000001009, 16.50000000000153833 ) ) ;
#2998 = DIRECTION ( 'NONE',  ( -9.745637505487682231E-17, 1.000000000000000000, 0.000000000000000000 ) ) ;
#2999 = ORIENTED_EDGE ( 'NONE', *, *, #2021, .T. ) ;
#3000 = CARTESIAN_POINT ( 'NONE',  ( 0.000000000000000000, -24.11213394580208913, 24.55000000000000071 ) ) ;
#3001 = LINE ( 'NONE', #2709, #2927 ) ;
#3002 = VECTOR ( 'NONE', #1596, 1000.000000000000000 ) ;
#3003 = ORIENTED_EDGE ( 'NONE', *, *, #49, .T. ) ;
#3004 = ORIENTED_EDGE ( 'NONE', *, *, #3335, .F. ) ;
#3005 = DIRECTION ( 'NONE',  ( -0.000000000000000000, -0.000000000000000000, -1.000000000000000000 ) ) ;
#3006 = DIRECTION ( 'NONE',  ( -0.000000000000000000, -1.000000000000000000, -0.000000000000000000 ) ) ;
#3007 = VERTEX_POINT ( 'NONE', #543 ) ;
#3008 = EDGE_LOOP ( 'NONE', ( #2522, #2564 ) ) ;
#3009 = DIRECTION ( 'NONE',  ( 0.000000000000000000, 0.000000000000000000, -1.000000000000000000 ) ) ;
#3010 = ADVANCED_FACE ( 'NONE', ( #1711 ), #2880, .F. ) ;
#3011 = CIRCLE ( 'NONE', #739, 7.099999999999999645 ) ;
#3012 = ORIENTED_EDGE ( 'NONE', *, *, #62, .T. ) ;
#3013 = ADVANCED_FACE ( 'NONE', ( #3188 ), #2607, .T. ) ;
#3014 = CARTESIAN_POINT ( 'NONE',  ( -9.350000000000024514, -27.11000000000000654, -5.099999999999917044 ) ) ;
#3015 = DIRECTION ( 'NONE',  ( 0.000000000000000000, 0.000000000000000000, -1.000000000000000000 ) ) ;
#3016 = VECTOR ( 'NONE', #1846, 1000.000000000000000 ) ;
#3017 = CARTESIAN_POINT ( 'NONE',  ( 31.44999999999999929, -44.41604593830443548, -12.49999999999999112 ) ) ;
#3018 = VERTEX_POINT ( 'NONE', #277 ) ;
#3019 = LINE ( 'NONE', #2063, #2181 ) ;
#3020 = EDGE_LOOP ( 'NONE', ( #586, #59, #3368, #322 ) ) ;
#3021 = CARTESIAN_POINT ( 'NONE',  ( 27.45000000000000284, -27.45767651737898518, 4.335076018827155764 ) ) ;
#3022 = ORIENTED_EDGE ( 'NONE', *, *, #1618, .F. ) ;
#3023 = LINE ( 'NONE', #1560, #1546 ) ;
#3024 = LINE ( 'NONE', #2019, #1251 ) ;
#3025 = EDGE_CURVE ( 'NONE', #1500, #2695, #1356, .T. ) ;
#3026 = ORIENTED_EDGE ( 'NONE', *, *, #1504, .F. ) ;
#3027 = VERTEX_POINT ( 'NONE', #3753 ) ;
#3028 = CARTESIAN_POINT ( 'NONE',  ( 30.95000000000000639, -26.95767651737898163, 4.335076018827155764 ) ) ;
#3029 = PRODUCT_DEFINITION_CONTEXT ( 'detailed design', #1508, 'design' ) ;
#3030 = VERTEX_POINT ( 'NONE', #230 ) ;
#3031 = VECTOR ( 'NONE', #3090, 1000.000000000000000 ) ;
#3032 = CARTESIAN_POINT ( 'NONE',  ( -31.99999999999997868, 0.000000000000000000, 27.30000000000000071 ) ) ;
#3033 = EDGE_CURVE ( 'NONE', #3018, #1053, #3691, .T. ) ;
#3034 = EDGE_LOOP ( 'NONE', ( #407, #3026 ) ) ;
#3035 = LINE ( 'NONE', #1676, #1831 ) ;
#3036 = DIRECTION ( 'NONE',  ( 0.000000000000000000, -1.000000000000000000, 0.000000000000000000 ) ) ;
#3037 = VECTOR ( 'NONE', #3672, 1000.000000000000000 ) ;
#3038 = ORIENTED_EDGE ( 'NONE', *, *, #172, .T. ) ;
#3039 = DIRECTION ( 'NONE',  ( -0.000000000000000000, 1.000000000000000000, -0.000000000000000000 ) ) ;
#3040 = ORIENTED_EDGE ( 'NONE', *, *, #551, .T. ) ;
#3041 = CARTESIAN_POINT ( 'NONE',  ( 31.44999999999999929, -39.25000000000000000, -28.05000000000000071 ) ) ;
#3042 = DIRECTION ( 'NONE',  ( 0.000000000000000000, -0.000000000000000000, 1.000000000000000000 ) ) ;
#3043 = VECTOR ( 'NONE', #1467, 1000.000000000000000 ) ;
#3044 = VERTEX_POINT ( 'NONE', #2018 ) ;
#3045 = EDGE_LOOP ( 'NONE', ( #2370, #2287 ) ) ;
#3046 = FACE_BOUND ( 'NONE', #3160, .T. ) ;
#3047 = AXIS2_PLACEMENT_3D ( 'NONE', #3100, #2164, #3381 ) ;
#3048 = VERTEX_POINT ( 'NONE', #3768 ) ;
#3049 = DIRECTION ( 'NONE',  ( 0.000000000000000000, 1.000000000000000000, -0.000000000000000000 ) ) ;
#3050 = DIRECTION ( 'NONE',  ( -7.779833121590977705E-17, 1.000000000000000000, 0.000000000000000000 ) ) ;
#3051 = CARTESIAN_POINT ( 'NONE',  ( -31.99999999999997868, 0.000000000000000000, -24.55000000000000071 ) ) ;
#3052 = EDGE_LOOP ( 'NONE', ( #2731, #992, #3591, #3273 ) ) ;
#3053 = FACE_OUTER_BOUND ( 'NONE', #1683, .T. ) ;
#3054 = DIRECTION ( 'NONE',  ( 0.000000000000000000, 0.000000000000000000, -1.000000000000000000 ) ) ;
#3055 = VECTOR ( 'NONE', #1397, 1000.000000000000000 ) ;
#3056 = EDGE_LOOP ( 'NONE', ( #3744, #3566, #2363, #1743 ) ) ;
#3057 = LINE ( 'NONE', #3661, #3258 ) ;
#3058 = ORIENTED_EDGE ( 'NONE', *, *, #1608, .F. ) ;
#3059 = CARTESIAN_POINT ( 'NONE',  ( -31.99999999999997868, -21.89698046350459748, -27.30000000000000426 ) ) ;
#3060 = CARTESIAN_POINT ( 'NONE',  ( 31.44999999999999929, -26.95767651737898163, 4.835076018827155764 ) ) ;
#3061 = ADVANCED_FACE ( 'NONE', ( #825 ), #785, .T. ) ;
#3062 = EDGE_CURVE ( 'NONE', #3180, #677, #1998, .T. ) ;
#3063 = AXIS2_PLACEMENT_3D ( 'NONE', #2265, #1399, #3456 ) ;
#3064 = DIRECTION ( 'NONE',  ( 0.000000000000000000, -1.000000000000000000, 0.000000000000000000 ) ) ;
#3065 = EDGE_CURVE ( 'NONE', #3446, #3167, #2826, .T. ) ;
#3066 = ORIENTED_EDGE ( 'NONE', *, *, #3677, .T. ) ;
#3067 = EDGE_LOOP ( 'NONE', ( #3595, #119, #1920, #3367 ) ) ;
#3068 = AXIS2_PLACEMENT_3D ( 'NONE', #1632, #3049, #462 ) ;
#3069 = FACE_OUTER_BOUND ( 'NONE', #3056, .T. ) ;
#3070 = ORIENTED_EDGE ( 'NONE', *, *, #3025, .T. ) ;
#3071 = CARTESIAN_POINT ( 'NONE',  ( 31.44999999999999929, 3.350000000000010747, -28.05000000000000071 ) ) ;
#3072 = CARTESIAN_POINT ( 'NONE',  ( 0.000000000000000000, -37.61792319645750382, -28.05000000000000071 ) ) ;
#3073 = DIRECTION ( 'NONE',  ( 0.000000000000000000, 0.000000000000000000, -1.000000000000000000 ) ) ;
#3074 = AXIS2_PLACEMENT_3D ( 'NONE', #3260, #66, #1455 ) ;
#3075 = LINE ( 'NONE', #1838, #1363 ) ;
#3076 = ADVANCED_FACE ( 'NONE', ( #2843 ), #2549, .F. ) ;
#3077 = CARTESIAN_POINT ( 'NONE',  ( -9.350000000000024514, -9.500338972710009600, 22.86009492289630174 ) ) ;
#3078 = AXIS2_PLACEMENT_3D ( 'NONE', #3601, #2474, #2766 ) ;
#3079 = DIRECTION ( 'NONE',  ( -0.000000000000000000, 1.000000000000000000, -0.000000000000000000 ) ) ;
#3080 = VERTEX_POINT ( 'NONE', #1415 ) ;
#3081 = DIRECTION ( 'NONE',  ( 0.000000000000000000, -1.000000000000000000, 0.000000000000000000 ) ) ;
#3082 = VERTEX_POINT ( 'NONE', #1131 ) ;
#3083 = DIRECTION ( 'NONE',  ( 0.000000000000000000, -1.000000000000000000, 0.000000000000000000 ) ) ;
#3084 = DIRECTION ( 'NONE',  ( 1.000000000000000000, 0.000000000000000000, 0.000000000000000000 ) ) ;
#3085 = CARTESIAN_POINT ( 'NONE',  ( -9.350000000000024514, -27.11000000000001009, 16.50000000000153833 ) ) ;
#3086 = EDGE_CURVE ( 'NONE', #727, #3570, #1352, .T. ) ;
#3087 = ORIENTED_EDGE ( 'NONE', *, *, #623, .T. ) ;
#3088 = CIRCLE ( 'NONE', #2401, 0.9000000000019044988 ) ;
#3089 = ORIENTED_EDGE ( 'NONE', *, *, #1313, .T. ) ;
#3090 = DIRECTION ( 'NONE',  ( -7.779833121590977705E-17, 1.000000000000000000, 2.965339275174029780E-17 ) ) ;
#3091 = CARTESIAN_POINT ( 'NONE',  ( 31.44999999999999929, -6.610000000000003872, -4.199999999998458300 ) ) ;
#3092 = ORIENTED_EDGE ( 'NONE', *, *, #1102, .T. ) ;
#3093 = FACE_OUTER_BOUND ( 'NONE', #3731, .T. ) ;
#3094 = FACE_OUTER_BOUND ( 'NONE', #1595, .T. ) ;
#3095 = CARTESIAN_POINT ( 'NONE',  ( -32.74999999999998579, -21.89698046350459748, 28.05000000000000071 ) ) ;
#3096 = CARTESIAN_POINT ( 'NONE',  ( -9.350000000000024514, -4.500338972710011376, 24.55000000000000071 ) ) ;
#3097 = VECTOR ( 'NONE', #1848, 1000.000000000000000 ) ;
#3098 = VERTEX_POINT ( 'NONE', #2681 ) ;
#3099 = DIRECTION ( 'NONE',  ( 6.162975822039154730E-33, 6.006212831667855052E-49, 1.000000000000000000 ) ) ;
#3100 = CARTESIAN_POINT ( 'NONE',  ( 25.55000000000000071, 2.141661462521182009E-15, -6.449999999999986855 ) ) ;
#3101 = EDGE_CURVE ( 'NONE', #521, #1154, #2338, .T. ) ;
#3102 = VERTEX_POINT ( 'NONE', #947 ) ;
#3103 = CARTESIAN_POINT ( 'NONE',  ( 30.95000000000000995, -26.11046727323418537, -4.199999999998461853 ) ) ;
#3104 = ORIENTED_EDGE ( 'NONE', *, *, #3683, .T. ) ;
#3105 = FACE_BOUND ( 'NONE', #3108, .T. ) ;
#3106 = AXIS2_PLACEMENT_3D ( 'NONE', #2159, #3295, #668 ) ;
#3107 = LINE ( 'NONE', #2521, #1566 ) ;
#3108 = EDGE_LOOP ( 'NONE', ( #736, #2948 ) ) ;
#3109 = EDGE_LOOP ( 'NONE', ( #1473, #915, #994 ) ) ;
#3110 = VECTOR ( 'NONE', #3073, 1000.000000000000000 ) ;
#3111 = DIRECTION ( 'NONE',  ( 0.000000000000000000, 0.000000000000000000, 1.000000000000000000 ) ) ;
#3112 = DIRECTION ( 'NONE',  ( 0.000000000000000000, 0.000000000000000000, -1.000000000000000000 ) ) ;
#3113 = EDGE_CURVE ( 'NONE', #1293, #1288, #1669, .T. ) ;
#3114 = ADVANCED_FACE ( 'NONE', ( #612 ), #3541, .T. ) ;
#3115 = ORIENTED_EDGE ( 'NONE', *, *, #3630, .F. ) ;
#3116 = CARTESIAN_POINT ( 'NONE',  ( -4.950000000000338574, -29.25000000000000000, 4.949497572825494629 ) ) ;
#3117 = LINE ( 'NONE', #1548, #5 ) ;
#3118 = VECTOR ( 'NONE', #912, 1000.000000000000000 ) ;
#3119 = DIRECTION ( 'NONE',  ( 1.000000000000000000, 0.000000000000000000, 0.000000000000000000 ) ) ;
#3120 = VECTOR ( 'NONE', #1604, 1000.000000000000000 ) ;
#3121 = LINE ( 'NONE', #490, #493 ) ;
#3122 = CARTESIAN_POINT ( 'NONE',  ( -28.65000000000000213, -4.066673503662784162E-15, 0.000000000000000000 ) ) ;
#3123 = ORIENTED_EDGE ( 'NONE', *, *, #852, .F. ) ;
#3124 = CARTESIAN_POINT ( 'NONE',  ( -13.35000000000002274, -27.11000000000000654, -4.199999999998461853 ) ) ;
#3125 = ORIENTED_EDGE ( 'NONE', *, *, #3459, .T. ) ;
#3126 = CARTESIAN_POINT ( 'NONE',  ( 31.44999999999999929, -27.11000000000000654, -4.199999999998461853 ) ) ;
#3127 = EDGE_LOOP ( 'NONE', ( #3686, #2453, #1577, #2659, #1354, #354 ) ) ;
#3128 = VERTEX_POINT ( 'NONE', #2960 ) ;
#3129 = CARTESIAN_POINT ( 'NONE',  ( -28.64999999999999503, -21.89698046350459748, 24.54999999999999005 ) ) ;
#3130 = DIRECTION ( 'NONE',  ( 0.000000000000000000, -1.299418334065024133E-16, 1.000000000000000000 ) ) ;
#3131 = CIRCLE ( 'NONE', #1098, 1.002293481871904923 ) ;
#3132 = CIRCLE ( 'NONE', #2947, 1.425000000000000044 ) ;
#3133 = ORIENTED_EDGE ( 'NONE', *, *, #1528, .F. ) ;
#3134 = CYLINDRICAL_SURFACE ( 'NONE', #2677, 1.425000000000000044 ) ;
#3135 = EDGE_CURVE ( 'NONE', #2498, #2502, #325, .T. ) ;
#3136 = CARTESIAN_POINT ( 'NONE',  ( -4.950000000000338574, -29.25000000000000000, 6.374497572825494451 ) ) ;
#3137 = LINE ( 'NONE', #1945, #3525 ) ;
#3138 = CARTESIAN_POINT ( 'NONE',  ( 0.000000000000000000, -24.11213394580208913, 24.55000000000000071 ) ) ;
#3139 = EDGE_CURVE ( 'NONE', #131, #795, #3508, .T. ) ;
#3140 = FACE_BOUND ( 'NONE', #2352, .T. ) ;
#3141 = FACE_OUTER_BOUND ( 'NONE', #331, .T. ) ;
#3142 = EDGE_LOOP ( 'NONE', ( #97, #2043 ) ) ;
#3143 = CARTESIAN_POINT ( 'NONE',  ( 31.44999999999999929, -6.260289708239329620, 4.335076018827155764 ) ) ;
#3144 = AXIS2_PLACEMENT_3D ( 'NONE', #2299, #3470, #843 ) ;
#3145 = ORIENTED_EDGE ( 'NONE', *, *, #3387, .F. ) ;
#3146 = FACE_OUTER_BOUND ( 'NONE', #64, .T. ) ;
#3147 = ORIENTED_EDGE ( 'NONE', *, *, #2385, .F. ) ;
#3148 = EDGE_LOOP ( 'NONE', ( #2090, #3281, #2030, #2473 ) ) ;
#3149 = CARTESIAN_POINT ( 'NONE',  ( -13.35000000000002274, -6.610000000000006537, -4.199999999998458300 ) ) ;
#3150 = CARTESIAN_POINT ( 'NONE',  ( 4.949497572824959946, -29.25000000000000000, 6.375000000000527578 ) ) ;
#3151 = DIRECTION ( 'NONE',  ( 0.000000000000000000, 0.000000000000000000, 1.000000000000000000 ) ) ;
#3152 = DIRECTION ( 'NONE',  ( 1.000000000000000000, 0.000000000000000000, 0.000000000000000000 ) ) ;
#3153 = DIRECTION ( 'NONE',  ( 1.000000000000000000, 0.000000000000000000, 0.000000000000000000 ) ) ;
#3154 = CYLINDRICAL_SURFACE ( 'NONE', #725, 3.000000000000000888 ) ;
#3155 = ADVANCED_FACE ( 'NONE', ( #1235 ), #879, .F. ) ;
#3156 = CARTESIAN_POINT ( 'NONE',  ( -13.35000000000002096, 0.000000000000000000, 24.55000000000000071 ) ) ;
#3157 = DIRECTION ( 'NONE',  ( 0.000000000000000000, -0.7071067811865459074, -0.7071067811865491270 ) ) ;
#3158 = CIRCLE ( 'NONE', #2102, 0.9000000000014556356 ) ;
#3159 = DIRECTION ( 'NONE',  ( -0.000000000000000000, 1.299418334065024380E-16, -1.000000000000000000 ) ) ;
#3160 = EDGE_LOOP ( 'NONE', ( #393, #3384, #1762, #999, #1084, #3674, #2410, #717 ) ) ;
#3161 = LINE ( 'NONE', #531, #1817 ) ;
#3162 = CARTESIAN_POINT ( 'NONE',  ( -6.500000000000024869, -6.610000000000006537, -5.100000000000361133 ) ) ;
#3163 = VERTEX_POINT ( 'NONE', #1187 ) ;
#3164 = DIRECTION ( 'NONE',  ( 0.000000000000000000, 0.000000000000000000, -1.000000000000000000 ) ) ;
#3165 = DIRECTION ( 'NONE',  ( 0.000000000000000000, -1.000000000000000000, 0.000000000000000000 ) ) ;
#3166 = VECTOR ( 'NONE', #1561, 1000.000000000000000 ) ;
#3167 = VERTEX_POINT ( 'NONE', #2369 ) ;
#3168 = LINE ( 'NONE', #3452, #1699 ) ;
#3169 = DIRECTION ( 'NONE',  ( -1.000000000000000000, 0.000000000000000000, 0.000000000000000000 ) ) ;
#3170 = DIRECTION ( 'NONE',  ( 1.000000000000000000, 0.000000000000000000, 0.000000000000000000 ) ) ;
#3171 = DIRECTION ( 'NONE',  ( 1.000000000000000000, 0.000000000000000000, 0.000000000000000000 ) ) ;
#3172 = AXIS2_PLACEMENT_3D ( 'NONE', #2590, #1689, #2240 ) ;
#3173 = CARTESIAN_POINT ( 'NONE',  ( -13.35000000000002274, -24.11213394580208913, -24.55000000000000071 ) ) ;
#3174 = AXIS2_PLACEMENT_3D ( 'NONE', #821, #856, #1686 ) ;
#3175 = LINE ( 'NONE', #2887, #2068 ) ;
#3176 = VECTOR ( 'NONE', #1161, 1000.000000000000000 ) ;
#3177 = CARTESIAN_POINT ( 'NONE',  ( -9.350000000000024514, -78.47458735225720261, -24.55000000000000071 ) ) ;
#3178 = ORIENTED_EDGE ( 'NONE', *, *, #3135, .F. ) ;
#3179 = CARTESIAN_POINT ( 'NONE',  ( -1.110223024625156540E-13, 6.349999999999999645, 1.350000000000138867 ) ) ;
#3180 = VERTEX_POINT ( 'NONE', #2663 ) ;
#3181 = EDGE_CURVE ( 'NONE', #928, #2695, #3237, .T. ) ;
#3182 = ORIENTED_EDGE ( 'NONE', *, *, #1022, .F. ) ;
#3183 = FACE_OUTER_BOUND ( 'NONE', #3363, .T. ) ;
#3184 = EDGE_CURVE ( 'NONE', #2644, #2203, #63, .T. ) ;
#3185 = EDGE_CURVE ( 'NONE', #1053, #618, #3222, .T. ) ;
#3186 = ORIENTED_EDGE ( 'NONE', *, *, #2903, .T. ) ;
#3187 = DIRECTION ( 'NONE',  ( -1.444956082831584140E-33, 1.482669637587015198E-17, 1.000000000000000000 ) ) ;
#3188 = FACE_OUTER_BOUND ( 'NONE', #375, .T. ) ;
#3189 = CYLINDRICAL_SURFACE ( 'NONE', #534, 0.9997466849082959905 ) ;
#3190 = VECTOR ( 'NONE', #1318, 1000.000000000000000 ) ;
#3191 = CARTESIAN_POINT ( 'NONE',  ( 27.44999999999997087, 1.868478213922281057E-14, -28.05000000000000071 ) ) ;
#3192 = CARTESIAN_POINT ( 'NONE',  ( -9.350000000000024514, -27.11000000000000654, -4.199999999998461853 ) ) ;
#3193 = DIRECTION ( 'NONE',  ( 0.000000000000000000, 0.000000000000000000, 1.000000000000000000 ) ) ;
#3194 = FACE_OUTER_BOUND ( 'NONE', #2269, .T. ) ;
#3195 = CARTESIAN_POINT ( 'NONE',  ( 27.45000000000000284, -51.92604593830444060, 1.040834085586084257E-14 ) ) ;
#3196 = ORIENTED_EDGE ( 'NONE', *, *, #2952, .T. ) ;
#3197 = CARTESIAN_POINT ( 'NONE',  ( 27.45000000000000639, -63.61328037885308362, -27.69722337876549290 ) ) ;
#3198 = AXIS2_PLACEMENT_3D ( 'NONE', #85, #3009, #679 ) ;
#3199 = EDGE_LOOP ( 'NONE', ( #2679, #691, #3004, #3611 ) ) ;
#3200 = VERTEX_POINT ( 'NONE', #3523 ) ;
#3201 = CARTESIAN_POINT ( 'NONE',  ( 4.950000000000001066, -4.500338972710011376, -4.949497572824772540 ) ) ;
#3202 = CIRCLE ( 'NONE', #1041, 3.000000000000000000 ) ;
#3203 = ADVANCED_FACE ( 'NONE', ( #2071 ), #2407, .T. ) ;
#3204 = CARTESIAN_POINT ( 'NONE',  ( 4.949497572824959946, -4.500338972710011376, 7.950000000000529532 ) ) ;
#3205 = DIRECTION ( 'NONE',  ( -0.000000000000000000, 1.299418334065024380E-16, -1.000000000000000000 ) ) ;
#3206 = DIRECTION ( 'NONE',  ( 0.000000000000000000, 0.000000000000000000, 1.000000000000000000 ) ) ;
#3207 = DIRECTION ( 'NONE',  ( 0.000000000000000000, -1.000000000000000000, 0.000000000000000000 ) ) ;
#3208 = VERTEX_POINT ( 'NONE', #308 ) ;
#3209 = VECTOR ( 'NONE', #147, 1000.000000000000000 ) ;
#3210 = DIRECTION ( 'NONE',  ( -1.000000000000000000, 0.000000000000000000, -0.000000000000000000 ) ) ;
#3211 = EDGE_CURVE ( 'NONE', #2818, #1308, #593, .T. ) ;
#3212 = AXIS2_PLACEMENT_3D ( 'NONE', #2717, #434, #2388 ) ;
#3213 = ORIENTED_EDGE ( 'NONE', *, *, #2514, .F. ) ;
#3214 = DIRECTION ( 'NONE',  ( 1.000000000000000000, 0.000000000000000000, 0.000000000000000000 ) ) ;
#3215 = EDGE_LOOP ( 'NONE', ( #3667, #889 ) ) ;
#3216 = AXIS2_PLACEMENT_3D ( 'NONE', #1522, #2676, #2032 ) ;
#3217 = ORIENTED_EDGE ( 'NONE', *, *, #1452, .F. ) ;
#3218 = AXIS2_PLACEMENT_3D ( 'NONE', #1744, #335, #1808 ) ;
#3219 = LINE ( 'NONE', #2365, #435 ) ;
#3220 = ORIENTED_EDGE ( 'NONE', *, *, #2207, .T. ) ;
#3221 = DIRECTION ( 'NONE',  ( 7.779833121590977705E-17, -1.000000000000000000, 1.482669637587014890E-17 ) ) ;
#3222 = LINE ( 'NONE', #2993, #1176 ) ;
#3223 = EDGE_CURVE ( 'NONE', #618, #661, #1800, .T. ) ;
#3224 = VECTOR ( 'NONE', #1157, 1000.000000000000000 ) ;
#3225 = ORIENTED_EDGE ( 'NONE', *, *, #1009, .F. ) ;
#3226 = EDGE_CURVE ( 'NONE', #1523, #765, #1525, .T. ) ;
#3227 = VECTOR ( 'NONE', #2210, 1000.000000000000000 ) ;
#3228 = DIRECTION ( 'NONE',  ( 0.000000000000000000, 0.000000000000000000, -1.000000000000000000 ) ) ;
#3229 = EDGE_CURVE ( 'NONE', #2223, #1463, #320, .T. ) ;
#3230 = ADVANCED_FACE ( 'NONE', ( #47, #3274 ), #1219, .T. ) ;
#3231 = ORIENTED_EDGE ( 'NONE', *, *, #2029, .F. ) ;
#3232 = LINE ( 'NONE', #3562, #2490 ) ;
#3233 = VECTOR ( 'NONE', #338, 1000.000000000000000 ) ;
#3234 = VERTEX_POINT ( 'NONE', #646 ) ;
#3235 = ORIENTED_EDGE ( 'NONE', *, *, #3184, .T. ) ;
#3236 = CARTESIAN_POINT ( 'NONE',  ( -1.110223024625156540E-13, 8.485281374238571317, 1.387778780781445676E-13 ) ) ;
#3237 = LINE ( 'NONE', #1203, #3376 ) ;
#3238 = DIRECTION ( 'NONE',  ( 1.636733330948934159E-16, -1.000000000000000000, -0.000000000000000000 ) ) ;
#3239 = VECTOR ( 'NONE', #1337, 1000.000000000000000 ) ;
#3240 = EDGE_LOOP ( 'NONE', ( #2439, #986, #1656, #648, #3483, #2105, #3684, #3588, #3433 ) ) ;
#3241 = ADVANCED_FACE ( 'NONE', ( #2697 ), #2716, .F. ) ;
#3242 = CARTESIAN_POINT ( 'NONE',  ( -6.500000000000024869, -6.610000000000006537, 16.50000000000153833 ) ) ;
#3243 = LINE ( 'NONE', #2686, #1218 ) ;
#3244 = VECTOR ( 'NONE', #2183, 1000.000000000000000 ) ;
#3245 = CIRCLE ( 'NONE', #1589, 3.000000000000000000 ) ;
#3246 = EDGE_CURVE ( 'NONE', #2047, #1916, #984, .T. ) ;
#3247 = CARTESIAN_POINT ( 'NONE',  ( 4.950000000000001066, -4.500338972710011376, -4.949497572824772540 ) ) ;
#3248 = EDGE_CURVE ( 'NONE', #2943, #2893, #2389, .T. ) ;
#3249 = VECTOR ( 'NONE', #3654, 1000.000000000000000 ) ;
#3250 = VERTEX_POINT ( 'NONE', #3627 ) ;
#3251 = DIRECTION ( 'NONE',  ( 1.000000000000000000, 0.000000000000000000, 0.000000000000000000 ) ) ;
#3252 = ORIENTED_EDGE ( 'NONE', *, *, #3524, .T. ) ;
#3253 = EDGE_LOOP ( 'NONE', ( #3442, #2185, #2772, #2560 ) ) ;
#3254 = PLANE ( 'NONE',  #3695 ) ;
#3255 = VECTOR ( 'NONE', #3727, 1000.000000000000000 ) ;
#3256 = ORIENTED_EDGE ( 'NONE', *, *, #2852, .F. ) ;
#3257 = ORIENTED_EDGE ( 'NONE', *, *, #2004, .F. ) ;
#3258 = VECTOR ( 'NONE', #1032, 1000.000000000000000 ) ;
#3259 = CARTESIAN_POINT ( 'NONE',  ( 31.44999999999999929, -26.10770651812810428, 20.25000000000153477 ) ) ;
#3260 = CARTESIAN_POINT ( 'NONE',  ( 25.55000000000000071, 1.950397079272457286E-15, 18.00000000000153477 ) ) ;
#3261 = EDGE_CURVE ( 'NONE', #1378, #2707, #3011, .T. ) ;
#3262 = VERTEX_POINT ( 'NONE', #3606 ) ;
#3263 = CYLINDRICAL_SURFACE ( 'NONE', #27, 1.424999999999999600 ) ;
#3264 = CARTESIAN_POINT ( 'NONE',  ( -1.110223024625156540E-13, 0.000000000000000000, 1.350000000000138867 ) ) ;
#3265 = DIRECTION ( 'NONE',  ( 0.000000000000000000, 0.000000000000000000, 1.000000000000000000 ) ) ;
#3266 = SHAPE_DEFINITION_REPRESENTATION ( #3740, #2922 ) ;
#3267 = VERTEX_POINT ( 'NONE', #2505 ) ;
#3268 = CARTESIAN_POINT ( 'NONE',  ( 25.55000000000000426, -29.25000000000000000, -1.949999999999989075 ) ) ;
#3269 = EDGE_CURVE ( 'NONE', #2464, #306, #3370, .T. ) ;
#3270 = ORIENTED_EDGE ( 'NONE', *, *, #2054, .T. ) ;
#3271 = ORIENTED_EDGE ( 'NONE', *, *, #266, .T. ) ;
#3272 = DIRECTION ( 'NONE',  ( 0.000000000000000000, 1.000000000000000000, 0.000000000000000000 ) ) ;
#3273 = ORIENTED_EDGE ( 'NONE', *, *, #3248, .T. ) ;
#3274 = FACE_OUTER_BOUND ( 'NONE', #1885, .T. ) ;
#3275 = VERTEX_POINT ( 'NONE', #2114 ) ;
#3276 = LINE ( 'NONE', #1835, #1236 ) ;
#3277 = CARTESIAN_POINT ( 'NONE',  ( 30.95000000000000639, -27.45767651737898518, -1.537918005908522900 ) ) ;
#3278 = CARTESIAN_POINT ( 'NONE',  ( -29.39999999999999503, -0.000000000000000000, 24.55000000000000071 ) ) ;
#3279 = CARTESIAN_POINT ( 'NONE',  ( 30.95000000000000995, -27.11000000000000654, -4.199999999998461853 ) ) ;
#3280 = CIRCLE ( 'NONE', #3703, 0.9995327267658220549 ) ;
#3281 = ORIENTED_EDGE ( 'NONE', *, *, #3461, .F. ) ;
#3282 = LINE ( 'NONE', #3000, #797 ) ;
#3283 = SURFACE_STYLE_FILL_AREA ( #3534 ) ;
#3284 = ORIENTED_EDGE ( 'NONE', *, *, #295, .F. ) ;
#3285 = ORIENTED_EDGE ( 'NONE', *, *, #1486, .T. ) ;
#3286 = ADVANCED_FACE ( 'NONE', ( #1629 ), #1333, .F. ) ;
#3287 = DIRECTION ( 'NONE',  ( 1.000000000000000000, 0.000000000000000000, 0.000000000000000000 ) ) ;
#3288 = ADVANCED_FACE ( 'NONE', ( #663, #3046, #412 ), #1000, .T. ) ;
#3289 = VECTOR ( 'NONE', #818, 1000.000000000000000 ) ;
#3290 = EDGE_LOOP ( 'NONE', ( #1437, #1485, #2507, #3573 ) ) ;
#3291 = ADVANCED_FACE ( 'NONE', ( #2732 ), #2194, .F. ) ;
#3292 = CARTESIAN_POINT ( 'NONE',  ( 30.95000000000000639, -6.610000000000003872, -4.199999999998458300 ) ) ;
#3293 = VERTEX_POINT ( 'NONE', #1545 ) ;
#3294 = CARTESIAN_POINT ( 'NONE',  ( -9.350000000000024514, -16.85999999999956245, -5.399999999998658318 ) ) ;
#3295 = DIRECTION ( 'NONE',  ( 0.000000000000000000, 0.000000000000000000, 1.000000000000000000 ) ) ;
#3296 = LINE ( 'NONE', #3096, #1237 ) ;
#3297 = VERTEX_POINT ( 'NONE', #2426 ) ;
#3298 = FACE_OUTER_BOUND ( 'NONE', #3199, .T. ) ;
#3299 = AXIS2_PLACEMENT_3D ( 'NONE', #1787, #2964, #2059 ) ;
#3300 = ADVANCED_FACE ( 'NONE', ( #2774 ), #1899, .F. ) ;
#3301 = DIRECTION ( 'NONE',  ( 0.000000000000000000, 0.000000000000000000, 1.000000000000000000 ) ) ;
#3302 = LINE ( 'NONE', #1536, #1760 ) ;
#3303 = CIRCLE ( 'NONE', #3068, 1.425000000000000044 ) ;
#3304 = ORIENTED_EDGE ( 'NONE', *, *, #755, .F. ) ;
#3305 = DIRECTION ( 'NONE',  ( 0.000000000000000000, -0.000000000000000000, -1.000000000000000000 ) ) ;
#3306 = DIRECTION ( 'NONE',  ( 1.000000000000000000, 0.000000000000000000, 0.000000000000000000 ) ) ;
#3307 = ORIENTED_EDGE ( 'NONE', *, *, #900, .T. ) ;
#3308 = ORIENTED_EDGE ( 'NONE', *, *, #100, .F. ) ;
#3309 = DIRECTION ( 'NONE',  ( 0.000000000000000000, -1.000000000000000000, 0.000000000000000000 ) ) ;
#3310 = EDGE_CURVE ( 'NONE', #3329, #923, #2336, .T. ) ;
#3311 = VERTEX_POINT ( 'NONE', #432 ) ;
#3312 = CARTESIAN_POINT ( 'NONE',  ( 30.95000000000000639, -27.45767651737898518, 4.835076018827155764 ) ) ;
#3313 = CARTESIAN_POINT ( 'NONE',  ( 25.55000000000000071, 1.950397079272457286E-15, 18.00000000000153477 ) ) ;
#3314 = CARTESIAN_POINT ( 'NONE',  ( 25.55000000000000071, -4.500338972710011376, -1.949999999999989075 ) ) ;
#3315 = ORIENTED_EDGE ( 'NONE', *, *, #429, .F. ) ;
#3316 = ADVANCED_FACE ( 'NONE', ( #3069 ), #2483, .T. ) ;
#3317 = DIRECTION ( 'NONE',  ( 1.000000000000000000, 0.000000000000000000, 0.000000000000000000 ) ) ;
#3318 = CARTESIAN_POINT ( 'NONE',  ( 31.44999999999999929, -27.11000000000000654, 20.25000000000153477 ) ) ;
#3319 = CARTESIAN_POINT ( 'NONE',  ( 31.44999999999999929, -27.11000000000000654, 20.25000000000153477 ) ) ;
#3320 = VERTEX_POINT ( 'NONE', #3348 ) ;
#3321 = DIRECTION ( 'NONE',  ( 0.000000000000000000, -0.000000000000000000, 1.000000000000000000 ) ) ;
#3322 = ORIENTED_EDGE ( 'NONE', *, *, #3355, .T. ) ;
#3323 = DIRECTION ( 'NONE',  ( 1.000000000000000000, 0.000000000000000000, 0.000000000000000000 ) ) ;
#3324 = DIRECTION ( 'NONE',  ( 1.000000000000000000, 0.000000000000000000, 0.000000000000000000 ) ) ;
#3325 = FACE_OUTER_BOUND ( 'NONE', #2700, .T. ) ;
#3326 = ORIENTED_EDGE ( 'NONE', *, *, #1388, .T. ) ;
#3327 = ORIENTED_EDGE ( 'NONE', *, *, #3101, .F. ) ;
#3328 = DIRECTION ( 'NONE',  ( 0.000000000000000000, 0.7071067811865513475, -0.7071067811865436870 ) ) ;
#3329 = VERTEX_POINT ( 'NONE', #455 ) ;
#3330 = DIRECTION ( 'NONE',  ( 9.745637505487682231E-17, -1.000000000000000000, 0.000000000000000000 ) ) ;
#3331 = CARTESIAN_POINT ( 'NONE',  ( -6.500000000000024869, -6.610000000000006537, -3.299999999996555466 ) ) ;
#3332 = CARTESIAN_POINT ( 'NONE',  ( 25.55000000000000426, -27.11000000000000654, 20.25000000000153477 ) ) ;
#3333 = EDGE_CURVE ( 'NONE', #3297, #2145, #374, .T. ) ;
#3334 = EDGE_LOOP ( 'NONE', ( #3327, #3257, #1214, #1942 ) ) ;
#3335 = EDGE_CURVE ( 'NONE', #1971, #864, #716, .T. ) ;
#3336 = FACE_OUTER_BOUND ( 'NONE', #3582, .T. ) ;
#3337 = EDGE_CURVE ( 'NONE', #3393, #1317, #1610, .T. ) ;
#3338 = VECTOR ( 'NONE', #3238, 1000.000000000000000 ) ;
#3339 = FACE_OUTER_BOUND ( 'NONE', #1697, .T. ) ;
#3340 = VERTEX_POINT ( 'NONE', #1065 ) ;
#3341 = LINE ( 'NONE', #388, #2588 ) ;
#3342 = ORIENTED_EDGE ( 'NONE', *, *, #125, .F. ) ;
#3343 = DIRECTION ( 'NONE',  ( -0.000000000000000000, -0.000000000000000000, 1.000000000000000000 ) ) ;
#3344 = FACE_OUTER_BOUND ( 'NONE', #389, .T. ) ;
#3345 = ORIENTED_EDGE ( 'NONE', *, *, #2865, .T. ) ;
#3346 = ORIENTED_EDGE ( 'NONE', *, *, #1608, .T. ) ;
#3347 = AXIS2_PLACEMENT_3D ( 'NONE', #2879, #2298, #1090 ) ;
#3348 = CARTESIAN_POINT ( 'NONE',  ( 25.55000000000000426, -28.11229348187190880, 20.25000000000153477 ) ) ;
#3349 = EDGE_CURVE ( 'NONE', #2073, #3293, #369, .T. ) ;
#3350 = AXIS2_PLACEMENT_3D ( 'NONE', #57, #1483, #2124 ) ;
#3351 = ORIENTED_EDGE ( 'NONE', *, *, #1532, .F. ) ;
#3352 = CARTESIAN_POINT ( 'NONE',  ( 27.45000000000000284, -24.11213394580208913, -24.54999999999997939 ) ) ;
#3353 = CARTESIAN_POINT ( 'NONE',  ( 4.949497572824959946, -4.500338972710011376, 4.950000000000527756 ) ) ;
#3354 = DIRECTION ( 'NONE',  ( -1.000000000000000000, -7.779833121590977705E-17, 6.162975822039154730E-33 ) ) ;
#3355 = EDGE_CURVE ( 'NONE', #3007, #3293, #1959, .T. ) ;
#3356 = PLANE ( 'NONE',  #1865 ) ;
#3357 = CARTESIAN_POINT ( 'NONE',  ( -6.500000000000024869, -27.11000000000000654, -4.199999999998461853 ) ) ;
#3358 = EDGE_CURVE ( 'NONE', #2789, #2203, #3688, .T. ) ;
#3359 = EDGE_CURVE ( 'NONE', #536, #359, #1601, .T. ) ;
#3360 = CYLINDRICAL_SURFACE ( 'NONE', #2431, 7.100059492837036856 ) ;
#3361 = ORIENTED_EDGE ( 'NONE', *, *, #2333, .F. ) ;
#3362 = DIRECTION ( 'NONE',  ( -1.000000000000000000, -7.779833121590977705E-17, 6.162975822039154730E-33 ) ) ;
#3363 = EDGE_LOOP ( 'NONE', ( #1458, #3468, #356 ) ) ;
#3364 = DIRECTION ( 'NONE',  ( 0.000000000000000000, -1.000000000000000000, 0.000000000000000000 ) ) ;
#3365 = FACE_BOUND ( 'NONE', #476, .T. ) ;
#3366 = VECTOR ( 'NONE', #1802, 1000.000000000000000 ) ;
#3367 = ORIENTED_EDGE ( 'NONE', *, *, #2981, .F. ) ;
#3368 = ORIENTED_EDGE ( 'NONE', *, *, #2514, .T. ) ;
#3369 = LINE ( 'NONE', #737, #516 ) ;
#3370 = LINE ( 'NONE', #3669, #563 ) ;
#3371 = FACE_BOUND ( 'NONE', #2155, .T. ) ;
#3372 = ORIENTED_EDGE ( 'NONE', *, *, #358, .T. ) ;
#3373 = DIRECTION ( 'NONE',  ( -1.000000000000000000, 0.000000000000000000, 0.000000000000000000 ) ) ;
#3374 = FACE_BOUND ( 'NONE', #14, .T. ) ;
#3375 = DIRECTION ( 'NONE',  ( 0.000000000000000000, -1.000000000000000000, 0.000000000000000000 ) ) ;
#3376 = VECTOR ( 'NONE', #2085, 1000.000000000000000 ) ;
#3377 = DIRECTION ( 'NONE',  ( -1.000000000000000000, -7.779833121590977705E-17, 6.162975822039154730E-33 ) ) ;
#3378 = ORIENTED_EDGE ( 'NONE', *, *, #680, .F. ) ;
#3379 = FACE_OUTER_BOUND ( 'NONE', #67, .T. ) ;
#3380 = AXIS2_PLACEMENT_3D ( 'NONE', #3195, #1121, #2248 ) ;
#3381 = DIRECTION ( 'NONE',  ( 0.000000000000000000, 1.000000000000000000, 2.965339275174030396E-17 ) ) ;
#3382 = VERTEX_POINT ( 'NONE', #780 ) ;
#3383 = CARTESIAN_POINT ( 'NONE',  ( -28.64999999999999147, -24.11213394580208202, -24.54999999999999716 ) ) ;
#3384 = ORIENTED_EDGE ( 'NONE', *, *, #2544, .T. ) ;
#3385 = ADVANCED_FACE ( 'NONE', ( #3709 ), #248, .F. ) ;
#3386 = CARTESIAN_POINT ( 'NONE',  ( 31.44999999999999929, -5.610253315091708437, 20.25000000000153477 ) ) ;
#3387 = EDGE_CURVE ( 'NONE', #3382, #1641, #1087, .T. ) ;
#3388 = VERTEX_POINT ( 'NONE', #1411 ) ;
#3389 = VECTOR ( 'NONE', #1332, 1000.000000000000000 ) ;
#3390 = ORIENTED_EDGE ( 'NONE', *, *, #683, .T. ) ;
#3391 = DIRECTION ( 'NONE',  ( -0.000000000000000000, 1.000000000000000000, -0.000000000000000000 ) ) ;
#3392 = AXIS2_PLACEMENT_3D ( 'NONE', #3247, #315, #1481 ) ;
#3393 = VERTEX_POINT ( 'NONE', #1039 ) ;
#3394 = DIRECTION ( 'NONE',  ( -1.000000000000000000, -0.000000000000000000, -0.000000000000000000 ) ) ;
#3395 = DIRECTION ( 'NONE',  ( 7.779833121590977705E-17, -1.000000000000000000, 1.482669637587014890E-17 ) ) ;
#3396 = CARTESIAN_POINT ( 'NONE',  ( -9.350000000000024514, -9.500338972710009600, -22.85972004506499999 ) ) ;
#3397 = CARTESIAN_POINT ( 'NONE',  ( -29.39999999999999503, 0.000000000000000000, -27.30000000000000426 ) ) ;
#3398 = CARTESIAN_POINT ( 'NONE',  ( 30.95000000000000639, -5.610253315091707549, 20.25000000000153477 ) ) ;
#3399 = VECTOR ( 'NONE', #3343, 1000.000000000000000 ) ;
#3400 = AXIS2_PLACEMENT_3D ( 'NONE', #3742, #831, #2005 ) ;
#3401 = ORIENTED_EDGE ( 'NONE', *, *, #104, .F. ) ;
#3402 = DIRECTION ( 'NONE',  ( 0.000000000000000000, 0.000000000000000000, -1.000000000000000000 ) ) ;
#3403 = ORIENTED_EDGE ( 'NONE', *, *, #900, .F. ) ;
#3404 = FACE_BOUND ( 'NONE', #1665, .T. ) ;
#3405 = ORIENTED_EDGE ( 'NONE', *, *, #1183, .T. ) ;
#3406 = CARTESIAN_POINT ( 'NONE',  ( 4.949497572824959946, 6.349999999999999645, 4.950000000000527756 ) ) ;
#3407 = CIRCLE ( 'NONE', #1693, 7.099999999999999645 ) ;
#3408 = ADVANCED_FACE ( 'NONE', ( #3751 ), #1128, .F. ) ;
#3409 = ORIENTED_EDGE ( 'NONE', *, *, #2418, .F. ) ;
#3410 = ORIENTED_EDGE ( 'NONE', *, *, #3507, .F. ) ;
#3411 = VECTOR ( 'NONE', #1700, 1000.000000000000000 ) ;
#3412 = CARTESIAN_POINT ( 'NONE',  ( -4.950000000000338574, 0.000000000000000000, 1.949497572825494185 ) ) ;
#3413 = CARTESIAN_POINT ( 'NONE',  ( -1.110223024625156540E-13, -4.500338972710011376, 1.387778780781445676E-13 ) ) ;
#3414 = EDGE_CURVE ( 'NONE', #445, #695, #1370, .T. ) ;
#3415 = ORIENTED_EDGE ( 'NONE', *, *, #1088, .T. ) ;
#3416 = FACE_OUTER_BOUND ( 'NONE', #2467, .T. ) ;
#3417 = DIRECTION ( 'NONE',  ( 1.000000000000000000, 0.000000000000000000, 0.000000000000000000 ) ) ;
#3418 = CIRCLE ( 'NONE', #2246, 0.9997466849082959905 ) ;
#3419 = DIRECTION ( 'NONE',  ( -1.000000000000000000, -0.000000000000000000, -0.000000000000000000 ) ) ;
#3420 = CARTESIAN_POINT ( 'NONE',  ( 27.44999999999999929, 6.350000000000000533, 24.55000000000000071 ) ) ;
#3421 = ORIENTED_EDGE ( 'NONE', *, *, #918, .T. ) ;
#3422 = LINE ( 'NONE', #792, #2882 ) ;
#3423 = FACE_OUTER_BOUND ( 'NONE', #2107, .T. ) ;
#3424 = CIRCLE ( 'NONE', #1771, 0.5000000000000000000 ) ;
#3425 = ORIENTED_EDGE ( 'NONE', *, *, #3086, .F. ) ;
#3426 = DIRECTION ( 'NONE',  ( 0.000000000000000000, 0.000000000000000000, 1.000000000000000000 ) ) ;
#3427 = ORIENTED_EDGE ( 'NONE', *, *, #171, .T. ) ;
#3428 = DIRECTION ( 'NONE',  ( 0.000000000000000000, -1.000000000000000000, 0.000000000000000000 ) ) ;
#3429 = EDGE_CURVE ( 'NONE', #1801, #853, #2646, .T. ) ;
#3430 = AXIS2_PLACEMENT_3D ( 'NONE', #3770, #2039, #3207 ) ;
#3431 = CARTESIAN_POINT ( 'NONE',  ( -4.950000000000338574, -4.500338972710011376, 4.949497572825494629 ) ) ;
#3432 = ORIENTED_EDGE ( 'NONE', *, *, #1083, .T. ) ;
#3433 = ORIENTED_EDGE ( 'NONE', *, *, #3246, .F. ) ;
#3434 = CARTESIAN_POINT ( 'NONE',  ( 25.55000000000000071, -4.500338972710011376, 18.00000000000153477 ) ) ;
#3435 = CARTESIAN_POINT ( 'NONE',  ( 31.44999999999999929, -6.760289708239330508, -1.037918005908522900 ) ) ;
#3436 = CIRCLE ( 'NONE', #914, 0.5000000000000004441 ) ;
#3437 = ORIENTED_EDGE ( 'NONE', *, *, #13, .F. ) ;
#3438 = FACE_BOUND ( 'NONE', #1829, .T. ) ;
#3439 = EDGE_CURVE ( 'NONE', #3646, #3616, #2255, .T. ) ;
#3440 = CARTESIAN_POINT ( 'NONE',  ( 0.000000000000000000, 0.000000000000000000, 24.55000000000000071 ) ) ;
#3441 = CARTESIAN_POINT ( 'NONE',  ( -13.35000000000002274, -24.11499999999999844, 24.55000000000000071 ) ) ;
#3442 = ORIENTED_EDGE ( 'NONE', *, *, #575, .F. ) ;
#3443 = CARTESIAN_POINT ( 'NONE',  ( 25.55000000000000426, -26.10770651812810073, 20.25000000000153477 ) ) ;
#3444 = CARTESIAN_POINT ( 'NONE',  ( -13.01666666666669236, -24.11214598645052121, -24.55000401354948281 ) ) ;
#3445 = VECTOR ( 'NONE', #2279, 1000.000000000000000 ) ;
#3446 = VERTEX_POINT ( 'NONE', #2858 ) ;
#3447 = DIRECTION ( 'NONE',  ( -0.000000000000000000, 1.000000000000000000, -0.000000000000000000 ) ) ;
#3448 = ORIENTED_EDGE ( 'NONE', *, *, #385, .F. ) ;
#3449 = DIRECTION ( 'NONE',  ( 1.000000000000000000, 9.745637505487683463E-17, -0.000000000000000000 ) ) ;
#3450 = LINE ( 'NONE', #822, #196 ) ;
#3451 = ORIENTED_EDGE ( 'NONE', *, *, #2611, .T. ) ;
#3452 = CARTESIAN_POINT ( 'NONE',  ( -31.99999999999997868, 0.000000000000000000, 24.55000000000000071 ) ) ;
#3453 = CARTESIAN_POINT ( 'NONE',  ( -6.500000000000024869, -6.610000000000006537, 16.50000000000153833 ) ) ;
#3454 = CARTESIAN_POINT ( 'NONE',  ( -9.350000000000024514, -27.11000000000001009, 17.40000000000344116 ) ) ;
#3455 = PLANE ( 'NONE',  #696 ) ;
#3456 = DIRECTION ( 'NONE',  ( 0.000000000000000000, 0.000000000000000000, -1.000000000000000000 ) ) ;
#3457 = EDGE_CURVE ( 'NONE', #930, #2151, #3202, .T. ) ;
#3458 = CARTESIAN_POINT ( 'NONE',  ( -9.350000000000024514, -24.11214999999999975, -24.55000000000000071 ) ) ;
#3459 = EDGE_CURVE ( 'NONE', #3311, #750, #1107, .T. ) ;
#3460 = EDGE_LOOP ( 'NONE', ( #1015, #2955, #1562, #1897 ) ) ;
#3461 = EDGE_CURVE ( 'NONE', #1169, #280, #3450, .T. ) ;
#3462 = LINE ( 'NONE', #2308, #2869 ) ;
#3463 = DIRECTION ( 'NONE',  ( 0.000000000000000000, -1.000000000000000000, -1.299418334065024133E-16 ) ) ;
#3464 = ORIENTED_EDGE ( 'NONE', *, *, #1706, .T. ) ;
#3465 = EDGE_LOOP ( 'NONE', ( #2446, #1104, #348, #470 ) ) ;
#3466 = FACE_OUTER_BOUND ( 'NONE', #705, .T. ) ;
#3467 = VECTOR ( 'NONE', #3152, 1000.000000000000000 ) ;
#3468 = ORIENTED_EDGE ( 'NONE', *, *, #1360, .T. ) ;
#3469 = CARTESIAN_POINT ( 'NONE',  ( -4.949497572825296565, 0.000000000000000000, -6.374999999999799272 ) ) ;
#3470 = DIRECTION ( 'NONE',  ( 0.000000000000000000, -1.000000000000000000, 0.000000000000000000 ) ) ;
#3471 = EDGE_CURVE ( 'NONE', #2770, #221, #2088, .T. ) ;
#3472 = CARTESIAN_POINT ( 'NONE',  ( -32.74999999999998579, 1.020000000000933271, -30.37999999999907530 ) ) ;
#3473 = CARTESIAN_POINT ( 'NONE',  ( -29.39999999999999503, -21.89698046350459748, 27.30000000000000071 ) ) ;
#3474 = DIRECTION ( 'NONE',  ( 1.000000000000000000, 0.000000000000000000, 0.000000000000000000 ) ) ;
#3475 = PLANE ( 'NONE',  #2821 ) ;
#3476 = PLANE ( 'NONE',  #1460 ) ;
#3477 = VECTOR ( 'NONE', #1499, 1000.000000000000114 ) ;
#3478 = LINE ( 'NONE', #2597, #3571 ) ;
#3479 = ORIENTED_EDGE ( 'NONE', *, *, #2548, .F. ) ;
#3480 = CARTESIAN_POINT ( 'NONE',  ( -6.500000000000024869, -4.500338972710011376, 0.000000000000000000 ) ) ;
#3481 = EDGE_CURVE ( 'NONE', #1839, #1282, #2762, .T. ) ;
#3482 = CARTESIAN_POINT ( 'NONE',  ( 4.950000000000001066, -4.500338972710011376, -1.949497572824771208 ) ) ;
#3483 = ORIENTED_EDGE ( 'NONE', *, *, #1416, .T. ) ;
#3484 = ORIENTED_EDGE ( 'NONE', *, *, #1716, .F. ) ;
#3485 = DIRECTION ( 'NONE',  ( 1.000000000000000000, -0.000000000000000000, -0.000000000000000000 ) ) ;
#3486 = ORIENTED_EDGE ( 'NONE', *, *, #2852, .T. ) ;
#3487 = AXIS2_PLACEMENT_3D ( 'NONE', #3739, #1985, #2614 ) ;
#3488 = DIRECTION ( 'NONE',  ( 1.000000000000000000, 0.000000000000000000, 0.000000000000000000 ) ) ;
#3489 = CARTESIAN_POINT ( 'NONE',  ( -6.500000000000024869, -4.500338972710011376, -7.199999999998458300 ) ) ;
#3490 = AXIS2_PLACEMENT_3D ( 'NONE', #634, #899, #616 ) ;
#3491 = CARTESIAN_POINT ( 'NONE',  ( -13.35000000000002274, -6.610000000000006537, -4.199999999998458300 ) ) ;
#3492 = ORIENTED_EDGE ( 'NONE', *, *, #378, .F. ) ;
#3493 = CARTESIAN_POINT ( 'NONE',  ( -31.99999999999997868, -21.89698046350459748, -27.30000000000000426 ) ) ;
#3494 = CARTESIAN_POINT ( 'NONE',  ( 4.950000000000001066, -29.25000000000000000, -3.524497572824773162 ) ) ;
#3495 = DIRECTION ( 'NONE',  ( 0.000000000000000000, 0.000000000000000000, 1.000000000000000000 ) ) ;
#3496 = ORIENTED_EDGE ( 'NONE', *, *, #2156, .T. ) ;
#3497 = CARTESIAN_POINT ( 'NONE',  ( -6.500000000000024869, -4.500338972710007823, -7.199999999998458300 ) ) ;
#3498 = VECTOR ( 'NONE', #574, 1000.000000000000000 ) ;
#3499 = ORIENTED_EDGE ( 'NONE', *, *, #2615, .T. ) ;
#3500 = ORIENTED_EDGE ( 'NONE', *, *, #2283, .T. ) ;
#3501 = LINE ( 'NONE', #289, #2759 ) ;
#3502 = VECTOR ( 'NONE', #3391, 1000.000000000000000 ) ;
#3503 = EDGE_CURVE ( 'NONE', #1288, #1293, #1915, .T. ) ;
#3504 = EDGE_CURVE ( 'NONE', #460, #2415, #2459, .T. ) ;
#3505 = ORIENTED_EDGE ( 'NONE', *, *, #400, .F. ) ;
#3506 = FACE_OUTER_BOUND ( 'NONE', #584, .T. ) ;
#3507 = EDGE_CURVE ( 'NONE', #1404, #1085, #3341, .T. ) ;
#3508 = LINE ( 'NONE', #1492, #1287 ) ;
#3509 = DIRECTION ( 'NONE',  ( 0.000000000000000000, 0.000000000000000000, -1.000000000000000000 ) ) ;
#3510 = ORIENTED_EDGE ( 'NONE', *, *, #244, .T. ) ;
#3511 = DIRECTION ( 'NONE',  ( 0.000000000000000000, -1.000000000000000000, 0.000000000000000000 ) ) ;
#3512 = LINE ( 'NONE', #884, #116 ) ;
#3513 = AXIS2_PLACEMENT_3D ( 'NONE', #379, #1856, #399 ) ;
#3514 =( LENGTH_UNIT ( ) NAMED_UNIT ( * ) SI_UNIT ( .MILLI., .METRE. ) );
#3515 = VERTEX_POINT ( 'NONE', #3680 ) ;
#3516 = FACE_OUTER_BOUND ( 'NONE', #3334, .T. ) ;
#3517 = ORIENTED_EDGE ( 'NONE', *, *, #3358, .F. ) ;
#3518 = ORIENTED_EDGE ( 'NONE', *, *, #3359, .T. ) ;
#3519 = DIRECTION ( 'NONE',  ( 0.000000000000000000, -0.000000000000000000, -1.000000000000000000 ) ) ;
#3520 = EDGE_CURVE ( 'NONE', #3747, #2253, #1283, .T. ) ;
#3521 = ORIENTED_EDGE ( 'NONE', *, *, #2074, .T. ) ;
#3522 = CARTESIAN_POINT ( 'NONE',  ( 27.44999999999999929, -4.500338972710011376, 22.50000000000153122 ) ) ;
#3523 = CARTESIAN_POINT ( 'NONE',  ( -6.500000000000024869, -6.610000000000006537, 17.40000000000344116 ) ) ;
#3524 = EDGE_CURVE ( 'NONE', #3340, #1368, #2227, .T. ) ;
#3525 = VECTOR ( 'NONE', #3692, 1000.000000000000000 ) ;
#3526 = DIRECTION ( 'NONE',  ( -0.000000000000000000, 1.000000000000000000, -0.000000000000000000 ) ) ;
#3527 = ORIENTED_EDGE ( 'NONE', *, *, #1888, .T. ) ;
#3528 = AXIS2_PLACEMENT_3D ( 'NONE', #2655, #25, #1822 ) ;
#3529 = DIRECTION ( 'NONE',  ( -1.000000000000000000, 0.000000000000000000, 0.000000000000000000 ) ) ;
#3530 = VECTOR ( 'NONE', #2939, 1000.000000000000000 ) ;
#3531 = ORIENTED_EDGE ( 'NONE', *, *, #299, .T. ) ;
#3532 = DIRECTION ( 'NONE',  ( 1.000000000000000000, 0.000000000000000000, 0.000000000000000000 ) ) ;
#3533 = AXIS2_PLACEMENT_3D ( 'NONE', #3598, #3157, #510 ) ;
#3534 = FILL_AREA_STYLE ('',( #2639 ) ) ;
#3535 = ORIENTED_EDGE ( 'NONE', *, *, #2683, .F. ) ;
#3536 = EDGE_CURVE ( 'NONE', #1523, #3629, #2741, .T. ) ;
#3537 = ORIENTED_EDGE ( 'NONE', *, *, #197, .T. ) ;
#3538 = PLANE ( 'NONE',  #1749 ) ;
#3539 = ORIENTED_EDGE ( 'NONE', *, *, #2671, .F. ) ;
#3540 = CARTESIAN_POINT ( 'NONE',  ( -9.350000000000024514, -8.720338972710004910, 19.50000000000153833 ) ) ;
#3541 = PLANE ( 'NONE',  #1480 ) ;
#3542 = VECTOR ( 'NONE', #1263, 1000.000000000000000 ) ;
#3543 = ORIENTED_EDGE ( 'NONE', *, *, #3481, .T. ) ;
#3544 = EDGE_CURVE ( 'NONE', #853, #1801, #926, .T. ) ;
#3545 = DIRECTION ( 'NONE',  ( 0.000000000000000000, 0.000000000000000000, 1.000000000000000000 ) ) ;
#3546 = VECTOR ( 'NONE', #829, 1000.000000000000000 ) ;
#3547 = FACE_OUTER_BOUND ( 'NONE', #3067, .T. ) ;
#3548 = ORIENTED_EDGE ( 'NONE', *, *, #2095, .T. ) ;
#3549 = CARTESIAN_POINT ( 'NONE',  ( 27.45000000000000284, -24.11213394580208913, 24.55000000000000071 ) ) ;
#3550 = ORIENTED_EDGE ( 'NONE', *, *, #1875, .T. ) ;
#3551 = ORIENTED_EDGE ( 'NONE', *, *, #3575, .F. ) ;
#3552 = CARTESIAN_POINT ( 'NONE',  ( -32.74999999999998579, 0.000000000000000000, 24.55000000000000071 ) ) ;
#3553 = VERTEX_POINT ( 'NONE', #3021 ) ;
#3554 = AXIS2_PLACEMENT_3D ( 'NONE', #176, #1578, #3081 ) ;
#3555 = CARTESIAN_POINT ( 'NONE',  ( 27.44999999999999929, -4.500338972710011376, 18.00000000000153477 ) ) ;
#3556 = ORIENTED_EDGE ( 'NONE', *, *, #3766, .F. ) ;
#3557 = CARTESIAN_POINT ( 'NONE',  ( 4.950000000000001066, -29.25000000000000000, -4.949497572824772540 ) ) ;
#3558 = DIRECTION ( 'NONE',  ( 0.000000000000000000, 0.000000000000000000, 1.000000000000000000 ) ) ;
#3559 = CARTESIAN_POINT ( 'NONE',  ( -28.64999999999999503, -0.000000000000000000, -24.55000000000000071 ) ) ;
#3560 = ADVANCED_FACE ( 'NONE', ( #993 ), #2166, .F. ) ;
#3561 = ORIENTED_EDGE ( 'NONE', *, *, #621, .F. ) ;
#3562 = CARTESIAN_POINT ( 'NONE',  ( 27.44999999999999929, -4.500338972710011376, -1.949999999999993516 ) ) ;
#3563 = CIRCLE ( 'NONE', #1586, 1.002293481871904923 ) ;
#3564 = EDGE_CURVE ( 'NONE', #2399, #1308, #3057, .T. ) ;
#3565 = EDGE_CURVE ( 'NONE', #983, #1917, #1265, .T. ) ;
#3566 = ORIENTED_EDGE ( 'NONE', *, *, #1708, .T. ) ;
#3567 = EDGE_CURVE ( 'NONE', #2253, #112, #424, .T. ) ;
#3568 = FACE_OUTER_BOUND ( 'NONE', #2913, .T. ) ;
#3569 = VECTOR ( 'NONE', #2744, 1000.000000000000114 ) ;
#3570 = VERTEX_POINT ( 'NONE', #2438 ) ;
#3571 = VECTOR ( 'NONE', #1661, 1000.000000000000000 ) ;
#3572 = DIRECTION ( 'NONE',  ( -1.000000000000000000, 0.000000000000000000, 0.000000000000000000 ) ) ;
#3573 = ORIENTED_EDGE ( 'NONE', *, *, #2873, .T. ) ;
#3574 = CARTESIAN_POINT ( 'NONE',  ( -13.35000000000002274, -16.85999999999956245, -5.399999999998658318 ) ) ;
#3575 = EDGE_CURVE ( 'NONE', #2893, #2943, #3743, .T. ) ;
#3576 = FACE_OUTER_BOUND ( 'NONE', #1568, .T. ) ;
#3577 = AXIS2_PLACEMENT_3D ( 'NONE', #1653, #3119, #232 ) ;
#3578 = AXIS2_PLACEMENT_3D ( 'NONE', #58, #603, #2951 ) ;
#3579 = ORIENTED_EDGE ( 'NONE', *, *, #1057, .F. ) ;
#3580 = LINE ( 'NONE', #1193, #1028 ) ;
#3581 = LINE ( 'NONE', #2784, #302 ) ;
#3582 = EDGE_LOOP ( 'NONE', ( #413, #3749, #3670 ) ) ;
#3583 = ORIENTED_EDGE ( 'NONE', *, *, #3735, .F. ) ;
#3584 = EDGE_CURVE ( 'NONE', #2420, #203, #977, .T. ) ;
#3585 = LINE ( 'NONE', #1825, #3399 ) ;
#3586 = VECTOR ( 'NONE', #1944, 1000.000000000000000 ) ;
#3587 = DIRECTION ( 'NONE',  ( 0.000000000000000000, 1.000000000000000000, 0.000000000000000000 ) ) ;
#3588 = ORIENTED_EDGE ( 'NONE', *, *, #1655, .T. ) ;
#3589 = VERTEX_POINT ( 'NONE', #3383 ) ;
#3590 = CARTESIAN_POINT ( 'NONE',  ( 0.000000000000000000, 6.349999999999999645, 25.05000000000001492 ) ) ;
#3591 = ORIENTED_EDGE ( 'NONE', *, *, #2981, .T. ) ;
#3592 = LINE ( 'NONE', #3032, #2083 ) ;
#3593 = CYLINDRICAL_SURFACE ( 'NONE', #3713, 3.000000000000001776 ) ;
#3594 = DIRECTION ( 'NONE',  ( 1.000000000000000000, 0.000000000000000000, 0.000000000000000000 ) ) ;
#3595 = ORIENTED_EDGE ( 'NONE', *, *, #3086, .T. ) ;
#3596 = DIRECTION ( 'NONE',  ( -1.000000000000000000, -0.000000000000000000, -0.000000000000000000 ) ) ;
#3597 = VECTOR ( 'NONE', #2928, 1000.000000000000000 ) ;
#3598 = CARTESIAN_POINT ( 'NONE',  ( 0.000000000000000000, 6.349999999999999645, 25.05000000000001492 ) ) ;
#3599 = CIRCLE ( 'NONE', #1472, 1.350000000000000089 ) ;
#3600 = ORIENTED_EDGE ( 'NONE', *, *, #2402, .T. ) ;
#3601 = CARTESIAN_POINT ( 'NONE',  ( -4.950000000000338574, 6.349999999999999645, 4.949497572825494629 ) ) ;
#3602 = VERTEX_POINT ( 'NONE', #3641 ) ;
#3603 = CARTESIAN_POINT ( 'NONE',  ( -4.949497572825296565, -4.500338972710011376, -7.949999999999799449 ) ) ;
#3604 = CARTESIAN_POINT ( 'NONE',  ( -32.74999999999998579, -21.89698046350459748, 28.05000000000000071 ) ) ;
#3605 = ORIENTED_EDGE ( 'NONE', *, *, #2280, .F. ) ;
#3606 = CARTESIAN_POINT ( 'NONE',  ( -9.350000000000024514, -9.500338972710009600, 22.86009492289630174 ) ) ;
#3607 = ADVANCED_FACE ( 'NONE', ( #2812 ), #1014, .F. ) ;
#3608 = FACE_OUTER_BOUND ( 'NONE', #2718, .T. ) ;
#3609 = EDGE_CURVE ( 'NONE', #3044, #819, #1868, .T. ) ;
#3610 = VECTOR ( 'NONE', #2572, 1000.000000000000000 ) ;
#3611 = ORIENTED_EDGE ( 'NONE', *, *, #1313, .F. ) ;
#3612 = ADVANCED_FACE ( 'NONE', ( #1928 ), #1640, .F. ) ;
#3613 = LINE ( 'NONE', #1277, #180 ) ;
#3614 = CARTESIAN_POINT ( 'NONE',  ( 4.950000000000001066, 0.000000000000000000, -4.949497572824772540 ) ) ;
#3615 = CARTESIAN_POINT ( 'NONE',  ( 25.55000000000000071, -4.500338972710011376, 18.00000000000153477 ) ) ;
#3616 = VERTEX_POINT ( 'NONE', #406 ) ;
#3617 = CARTESIAN_POINT ( 'NONE',  ( -4.949497572825296565, 6.349999999999999645, -6.374999999999799272 ) ) ;
#3618 = CARTESIAN_POINT ( 'NONE',  ( -13.35000000000002274, -27.11000000000000654, -3.299999999997006217 ) ) ;
#3619 = ORIENTED_EDGE ( 'NONE', *, *, #2660, .F. ) ;
#3620 = CARTESIAN_POINT ( 'NONE',  ( -31.99999999999997868, 0.000000000000000000, -27.30000000000000426 ) ) ;
#3621 = ORIENTED_EDGE ( 'NONE', *, *, #1029, .T. ) ;
#3622 = DIRECTION ( 'NONE',  ( 0.000000000000000000, 0.000000000000000000, -1.000000000000000000 ) ) ;
#3623 = DIRECTION ( 'NONE',  ( 0.000000000000000000, 0.000000000000000000, -1.000000000000000000 ) ) ;
#3624 = EDGE_CURVE ( 'NONE', #819, #183, #741, .T. ) ;
#3625 = ORIENTED_EDGE ( 'NONE', *, *, #3025, .F. ) ;
#3626 = ORIENTED_EDGE ( 'NONE', *, *, #2967, .T. ) ;
#3627 = CARTESIAN_POINT ( 'NONE',  ( -4.950000000000338574, -4.500338972710011376, 7.949497572825495517 ) ) ;
#3628 = EDGE_CURVE ( 'NONE', #1627, #2313, #446, .T. ) ;
#3629 = VERTEX_POINT ( 'NONE', #3458 ) ;
#3630 = EDGE_CURVE ( 'NONE', #3382, #1404, #1230, .T. ) ;
#3631 = ADVANCED_FACE ( 'NONE', ( #239, #564, #3404 ), #1362, .T. ) ;
#3632 = LINE ( 'NONE', #1002, #667 ) ;
#3633 = CARTESIAN_POINT ( 'NONE',  ( -32.74999999999998579, -16.85999999999956245, 24.55000000000000071 ) ) ;
#3634 = CARTESIAN_POINT ( 'NONE',  ( 31.44999999999999929, -51.92604593830444060, 12.50000000000001066 ) ) ;
#3635 = ORIENTED_EDGE ( 'NONE', *, *, #3211, .F. ) ;
#3636 = DIRECTION ( 'NONE',  ( 0.000000000000000000, -1.000000000000000000, 0.000000000000000000 ) ) ;
#3637 = CYLINDRICAL_SURFACE ( 'NONE', #2625, 0.9997466849082959905 ) ;
#3638 = AXIS2_PLACEMENT_3D ( 'NONE', #775, #2170, #733 ) ;
#3639 = DIRECTION ( 'NONE',  ( -1.000000000000000000, 0.000000000000000000, -0.000000000000000000 ) ) ;
#3640 = ORIENTED_EDGE ( 'NONE', *, *, #1360, .F. ) ;
#3641 = CARTESIAN_POINT ( 'NONE',  ( 27.44999999999999929, -44.41604593830443548, -12.49999999999999112 ) ) ;
#3642 = ORIENTED_EDGE ( 'NONE', *, *, #2376, .F. ) ;
#3643 = DIRECTION ( 'NONE',  ( 0.000000000000000000, 1.000000000000000000, 0.000000000000000000 ) ) ;
#3644 = DIRECTION ( 'NONE',  ( -0.000000000000000000, 1.000000000000000000, -0.000000000000000000 ) ) ;
#3645 = FACE_OUTER_BOUND ( 'NONE', #2096, .T. ) ;
#3646 = VERTEX_POINT ( 'NONE', #2268 ) ;
#3647 = EDGE_LOOP ( 'NONE', ( #1033, #976, #946, #1908 ) ) ;
#3648 = VECTOR ( 'NONE', #1576, 1000.000000000000000 ) ;
#3649 = CIRCLE ( 'NONE', #2989, 1.425000000000000044 ) ;
#3650 = DIRECTION ( 'NONE',  ( 0.000000000000000000, -0.000000000000000000, -1.000000000000000000 ) ) ;
#3651 = AXIS2_PLACEMENT_3D ( 'NONE', #3126, #774, #3623 ) ;
#3652 = DIRECTION ( 'NONE',  ( -1.000000000000000000, -0.000000000000000000, -0.000000000000000000 ) ) ;
#3653 = ORIENTED_EDGE ( 'NONE', *, *, #3461, .T. ) ;
#3654 = DIRECTION ( 'NONE',  ( -1.000000000000000000, -9.745637505487682231E-17, 0.000000000000000000 ) ) ;
#3655 = CARTESIAN_POINT ( 'NONE',  ( -13.35000000000002274, 0.000000000000000000, 24.55000000000000071 ) ) ;
#3656 = EDGE_CURVE ( 'NONE', #3293, #2197, #816, .T. ) ;
#3657 = ORIENTED_EDGE ( 'NONE', *, *, #897, .F. ) ;
#3658 = DIRECTION ( 'NONE',  ( -0.000000000000000000, 1.000000000000000000, -0.000000000000000000 ) ) ;
#3659 = CARTESIAN_POINT ( 'NONE',  ( 27.44999999999998508, -20.61213394580206781, 28.05000000000000071 ) ) ;
#3660 = VERTEX_POINT ( 'NONE', #3700 ) ;
#3661 = CARTESIAN_POINT ( 'NONE',  ( -9.350000000000024514, -4.500338972710011376, 24.55000000000000071 ) ) ;
#3662 = ORIENTED_EDGE ( 'NONE', *, *, #102, .F. ) ;
#3663 = DIRECTION ( 'NONE',  ( 0.000000000000000000, 0.000000000000000000, -1.000000000000000000 ) ) ;
#3664 = CIRCLE ( 'NONE', #2325, 0.5000000000000004441 ) ;
#3665 = CARTESIAN_POINT ( 'NONE',  ( 27.45000000000000284, -27.45767651737898518, -1.037918005908522456 ) ) ;
#3666 = ORIENTED_EDGE ( 'NONE', *, *, #2156, .F. ) ;
#3667 = ORIENTED_EDGE ( 'NONE', *, *, #3503, .F. ) ;
#3668 = DIRECTION ( 'NONE',  ( -1.000000000000000000, -0.000000000000000000, -0.000000000000000000 ) ) ;
#3669 = CARTESIAN_POINT ( 'NONE',  ( -6.500000000000024869, -4.500338972710011376, 0.000000000000000000 ) ) ;
#3670 = ORIENTED_EDGE ( 'NONE', *, *, #2409, .T. ) ;
#3671 = FACE_OUTER_BOUND ( 'NONE', #2276, .T. ) ;
#3672 = DIRECTION ( 'NONE',  ( -1.000000000000000000, -0.000000000000000000, -0.000000000000000000 ) ) ;
#3673 = LINE ( 'NONE', #3420, #3055 ) ;
#3674 = ORIENTED_EDGE ( 'NONE', *, *, #2778, .T. ) ;
#3675 = CARTESIAN_POINT ( 'NONE',  ( 0.000000000000000000, -24.11213394580208913, -24.55000000000000071 ) ) ;
#3676 = AXIS2_PLACEMENT_3D ( 'NONE', #1600, #672, #2516 ) ;
#3677 = EDGE_CURVE ( 'NONE', #112, #2312, #511, .T. ) ;
#3678 =( NAMED_UNIT ( * ) SI_UNIT ( $, .STERADIAN. ) SOLID_ANGLE_UNIT ( ) );
#3679 = ORIENTED_EDGE ( 'NONE', *, *, #2371, .T. ) ;
#3680 = CARTESIAN_POINT ( 'NONE',  ( -6.500000000000024869, -6.610000000000006537, -5.100000000000361133 ) ) ;
#3681 = ORIENTED_EDGE ( 'NONE', *, *, #2263, .F. ) ;
#3682 = CARTESIAN_POINT ( 'NONE',  ( 4.949497572824959946, -4.500338972710011376, 4.950000000000527756 ) ) ;
#3683 = EDGE_CURVE ( 'NONE', #3629, #6, #1987, .T. ) ;
#3684 = ORIENTED_EDGE ( 'NONE', *, *, #1725, .T. ) ;
#3685 = VECTOR ( 'NONE', #163, 1000.000000000000000 ) ;
#3686 = ORIENTED_EDGE ( 'NONE', *, *, #3457, .T. ) ;
#3687 = DIRECTION ( 'NONE',  ( 0.000000000000000000, -1.000000000000000000, 0.000000000000000000 ) ) ;
#3688 = LINE ( 'NONE', #2543, #3255 ) ;
#3689 = EDGE_LOOP ( 'NONE', ( #3133, #2012, #1469, #3657 ) ) ;
#3690 = LINE ( 'NONE', #2825, #39 ) ;
#3691 = LINE ( 'NONE', #1072, #3610 ) ;
#3692 = DIRECTION ( 'NONE',  ( 1.000000000000000000, 0.000000000000000000, 0.000000000000000000 ) ) ;
#3693 = CARTESIAN_POINT ( 'NONE',  ( 27.44999999999999929, -4.500338972710011376, -6.449999999999983302 ) ) ;
#3694 = PRODUCT_DEFINITION ( 'UNKNOWN', '', #2292, #3029 ) ;
#3695 = AXIS2_PLACEMENT_3D ( 'NONE', #1763, #305, #1197 ) ;
#3696 = ORIENTED_EDGE ( 'NONE', *, *, #1205, .T. ) ;
#3697 = CARTESIAN_POINT ( 'NONE',  ( -6.500000000000024869, -4.500338972710011376, 19.50000000000153833 ) ) ;
#3698 = CYLINDRICAL_SURFACE ( 'NONE', #1957, 7.100059492837036856 ) ;
#3699 = ORIENTED_EDGE ( 'NONE', *, *, #2611, .F. ) ;
#3700 = CARTESIAN_POINT ( 'NONE',  ( -31.99999999999997868, -21.89698046350459748, 27.30000000000000071 ) ) ;
#3701 = ORIENTED_EDGE ( 'NONE', *, *, #3766, .T. ) ;
#3702 = FACE_OUTER_BOUND ( 'NONE', #1345, .T. ) ;
#3703 = AXIS2_PLACEMENT_3D ( 'NONE', #110, #2469, #685 ) ;
#3704 = CARTESIAN_POINT ( 'NONE',  ( -9.350000000000024514, -29.25000000000000000, -19.41215000000001822 ) ) ;
#3705 = EDGE_CURVE ( 'NONE', #1557, #1020, #2912, .T. ) ;
#3706 = EDGE_LOOP ( 'NONE', ( #2878, #334, #644, #3345 ) ) ;
#3707 = AXIS2_PLACEMENT_3D ( 'NONE', #1387, #3463, #2562 ) ;
#3708 = DIRECTION ( 'NONE',  ( 0.000000000000000000, 0.000000000000000000, 1.000000000000000000 ) ) ;
#3709 = FACE_OUTER_BOUND ( 'NONE', #1768, .T. ) ;
#3710 = ORIENTED_EDGE ( 'NONE', *, *, #3705, .T. ) ;
#3711 = CARTESIAN_POINT ( 'NONE',  ( 30.95000000000000284, -29.25000000000000000, -19.41215000000001822 ) ) ;
#3712 = CARTESIAN_POINT ( 'NONE',  ( -9.350000000000024514, -9.500338972710009600, 22.86009492289630174 ) ) ;
#3713 = AXIS2_PLACEMENT_3D ( 'NONE', #3353, #2139, #416 ) ;
#3714 = EDGE_CURVE ( 'NONE', #2584, #288, #2642, .T. ) ;
#3715 = CARTESIAN_POINT ( 'NONE',  ( -32.74999999999998579, 0.000000000000000000, -12.49999999999865885 ) ) ;
#3716 = CARTESIAN_POINT ( 'NONE',  ( 27.44999999999999929, 6.350000000000000533, -24.55000000000000071 ) ) ;
#3717 = DIRECTION ( 'NONE',  ( -1.000000000000000000, 0.000000000000000000, 0.000000000000000000 ) ) ;
#3718 = DIRECTION ( 'NONE',  ( 0.000000000000000000, -1.000000000000000000, 0.000000000000000000 ) ) ;
#3719 = FACE_BOUND ( 'NONE', #1733, .T. ) ;
#3720 = ORIENTED_EDGE ( 'NONE', *, *, #13, .T. ) ;
#3721 = CARTESIAN_POINT ( 'NONE',  ( -32.74999999999998579, 3.349999999999996980, -28.05000000000000426 ) ) ;
#3722 = VECTOR ( 'NONE', #3171, 1000.000000000000000 ) ;
#3723 = FACE_OUTER_BOUND ( 'NONE', #3725, .T. ) ;
#3724 = VERTEX_POINT ( 'NONE', #284 ) ;
#3725 = EDGE_LOOP ( 'NONE', ( #489, #2538, #1037 ) ) ;
#3726 = CARTESIAN_POINT ( 'NONE',  ( -6.500000000000024869, -8.720338972710006686, -7.199999999998459188 ) ) ;
#3727 = DIRECTION ( 'NONE',  ( -0.000000000000000000, 1.000000000000000000, -0.000000000000000000 ) ) ;
#3728 = AXIS2_PLACEMENT_3D ( 'NONE', #235, #1118, #1380 ) ;
#3729 = AXIS2_PLACEMENT_3D ( 'NONE', #1842, #2163, #3301 ) ;
#3730 = VECTOR ( 'NONE', #2755, 1000.000000000000000 ) ;
#3731 = EDGE_LOOP ( 'NONE', ( #934, #72, #2094, #2051, #3531 ) ) ;
#3732 = DIRECTION ( 'NONE',  ( 0.000000000000000000, 0.000000000000000000, -1.000000000000000000 ) ) ;
#3733 = ADVANCED_FACE ( 'NONE', ( #1679 ), #548, .F. ) ;
#3734 = CARTESIAN_POINT ( 'NONE',  ( -30.94999999999999929, 0.000000000000000000, 24.55000000000000071 ) ) ;
#3735 = EDGE_CURVE ( 'NONE', #927, #1619, #3158, .T. ) ;
#3736 = FACE_OUTER_BOUND ( 'NONE', #321, .T. ) ;
#3737 = EDGE_CURVE ( 'NONE', #1892, #2359, #2534, .T. ) ;
#3738 = LINE ( 'NONE', #2284, #212 ) ;
#3739 = CARTESIAN_POINT ( 'NONE',  ( 30.95100000000001472, -16.85999999999956245, -12.49999999999865885 ) ) ;
#3740 = PRODUCT_DEFINITION_SHAPE ( 'NONE', 'NONE',  #3694 ) ;
#3741 = VECTOR ( 'NONE', #206, 1000.000000000000000 ) ;
#3742 = CARTESIAN_POINT ( 'NONE',  ( 0.000000000000000000, 6.349999999999999645, 0.000000000000000000 ) ) ;
#3743 = CIRCLE ( 'NONE', #3078, 1.425000000000000044 ) ;
#3744 = ORIENTED_EDGE ( 'NONE', *, *, #3755, .T. ) ;
#3745 = CARTESIAN_POINT ( 'NONE',  ( 31.44999999999999929, -37.61792319645750382, -28.05000000000000071 ) ) ;
#3746 = CARTESIAN_POINT ( 'NONE',  ( -9.350000000000024514, -4.500338972710011376, -22.85972004506499999 ) ) ;
#3747 = VERTEX_POINT ( 'NONE', #1383 ) ;
#3748 = EDGE_CURVE ( 'NONE', #2837, #3320, #3478, .T. ) ;
#3749 = ORIENTED_EDGE ( 'NONE', *, *, #933, .F. ) ;
#3750 = DIRECTION ( 'NONE',  ( 0.000000000000000000, 1.000000000000000000, -0.000000000000000000 ) ) ;
#3751 = FACE_OUTER_BOUND ( 'NONE', #798, .T. ) ;
#3752 = ORIENTED_EDGE ( 'NONE', *, *, #62, .F. ) ;
#3753 = CARTESIAN_POINT ( 'NONE',  ( 4.949497572824959946, -4.500338972710011376, 1.950000000000526423 ) ) ;
#3754 = CARTESIAN_POINT ( 'NONE',  ( -4.949497572825296565, -4.500338972710011376, -1.949999999999799005 ) ) ;
#3755 = EDGE_CURVE ( 'NONE', #3163, #3262, #1080, .T. ) ;
#3756 = DIRECTION ( 'NONE',  ( -1.000000000000000000, -7.779833121590977705E-17, 6.162975822039154730E-33 ) ) ;
#3757 = CARTESIAN_POINT ( 'NONE',  ( -28.64999999999999503, -20.61213394580206781, 28.05000000000000071 ) ) ;
#3758 = CLOSED_SHELL ( 'NONE', ( #2835, #812, #1377, #3408, #1526, #3612, #2456, #2008, #2330, #937, #3155, #1812, #3286, #922, #876, #987, #1584, #2563, #1045, #1962, #1496, #509, #1062, #2994, #3288, #10, #633, #336, #337, #532, #461, #3230, #265, #1488, #3775, #3291, #3061, #2775, #964, #3013, #782, #54, #1791, #1785, #224, #3010, #1849, #1630, #2157, #3203, #2792, #3631, #1860, #2847, #2776, #1059, #2180, #3300, #364, #1857, #70, #1395, #659, #651, #87, #2539, #943, #381, #1650, #638, #854, #1747, #1941, #1066, #2682, #1773, #3114, #3241, #1934, #1757, #2925, #2629, #3385, #1429, #1999, #251, #1466, #1813, #961, #339, #30, #1702, #1988, #2638, #1740, #642, #3733, #3076, #3316, #474, #1462, #3560, #2093, #3607, #2492, #2109, #2417, #1887, #533, #641, #916, #2260, #1135, #426, #459 ) ) ;
#3759 = CARTESIAN_POINT ( 'NONE',  ( 4.950000000000001066, 6.349999999999999645, -4.949497572824772540 ) ) ;
#3760 = ORIENTED_EDGE ( 'NONE', *, *, #1551, .F. ) ;
#3761 = DIRECTION ( 'NONE',  ( 0.000000000000000000, 1.000000000000000000, 0.000000000000000000 ) ) ;
#3762 = ORIENTED_EDGE ( 'NONE', *, *, #1305, .F. ) ;
#3763 = VERTEX_POINT ( 'NONE', #199 ) ;
#3764 = FACE_OUTER_BOUND ( 'NONE', #2728, .T. ) ;
#3765 = CIRCLE ( 'NONE', #290, 7.100059492837036856 ) ;
#3766 = EDGE_CURVE ( 'NONE', #2475, #3080, #2050, .T. ) ;
#3767 = ORIENTED_EDGE ( 'NONE', *, *, #358, .F. ) ;
#3768 = CARTESIAN_POINT ( 'NONE',  ( 31.44999999999999929, -28.10953272676582770, -4.199999999998461853 ) ) ;
#3769 = DIRECTION ( 'NONE',  ( 0.000000000000000000, -1.000000000000000000, 0.000000000000000000 ) ) ;
#3770 = CARTESIAN_POINT ( 'NONE',  ( 27.45000000000000284, -51.92604593830444060, 1.040834085586084257E-14 ) ) ;
#3771 = ORIENTED_EDGE ( 'NONE', *, *, #2963, .F. ) ;
#3772 = AXIS2_PLACEMENT_3D ( 'NONE', #3711, #188, #1355 ) ;
#3773 = DIRECTION ( 'NONE',  ( -0.000000000000000000, 0.7071067811865491270, -0.7071067811865459074 ) ) ;
#3774 = VECTOR ( 'NONE', #247, 1000.000000000000000 ) ;
#3775 = ADVANCED_FACE ( 'NONE', ( #796, #2306, #3719, #2888, #2286, #529 ), #2870, .F. ) ;
#3776 = CARTESIAN_POINT ( 'NONE',  ( 0.000000000000000000, -21.89698046350459748, -28.05000000000000071 ) ) ;
#3777 = AXIS2_PLACEMENT_3D ( 'NONE', #670, #2091, #332 ) ;
#3778 = EDGE_CURVE ( 'NONE', #1917, #2523, #1759, .T. ) ;
#3779 = DIRECTION ( 'NONE',  ( 1.000000000000000000, -0.000000000000000000, -0.000000000000000000 ) ) ;
#3780 = VERTEX_POINT ( 'NONE', #55 ) ;
#3781 = PLANE ( 'NONE',  #2314 ) ;
#3782 = ORIENTED_EDGE ( 'NONE', *, *, #703, .F. ) ;
#3783 = ORIENTED_EDGE ( 'NONE', *, *, #1222, .F. ) ;
#3784 = DIRECTION ( 'NONE',  ( 0.000000000000000000, -1.000000000000000000, 0.000000000000000000 ) ) ;
ENDSEC;
END-ISO-10303-21;
